"Path","SizeKB","Extension"
"data\minimapbackground.tga","256",".tga"
"data\terrain1.tga","48",".tga"
"dlc-frontend\textures\ui\screen shot a_01.ddt","190.7",".ddt"
"dlc-frontend\textures\ui\screen shot a_02.ddt","182.3",".ddt"
"dlc-frontend\textures\ui\screen shot a_03.ddt","179.6",".ddt"
"dlc-frontend\textures\ui\screen shot a_04.ddt","199.2",".ddt"
"dlc-frontend\textures\ui\screen shot a_05.ddt","194.5",".ddt"
"dlc-frontend\textures\ui\screen shot a_06.ddt","186.1",".ddt"
"dlc-frontend\textures\ui\screen shot a_07.ddt","182",".ddt"
"dlc-frontend\textures\ui\screen shot a_08.ddt","201",".ddt"
"dlc-frontend\textures\ui\screen shot a_09.ddt","194.7",".ddt"
"dlc-frontend\textures\ui\screen shot a_10.ddt","188.7",".ddt"
"dlc-frontend\textures\ui\screen shot a_11.ddt","189.9",".ddt"
"dlc-frontend\textures\ui\screen shot a_12.ddt","193.2",".ddt"
"dlc-frontend\textures\ui\ui background opaque 1.ddt","0.1",".ddt"
"dlc-frontend\textures\ui\ui background opaque 2.ddt","0.1",".ddt"
"dlc-frontend\textures\ui\ui background opaque 3.ddt","0.1",".ddt"
"dlc-frontend\textures\ui\ui border bottom left corner.ddt","9.4",".ddt"
"dlc-frontend\textures\ui\ui border bottom middle.ddt","2.6",".ddt"
"dlc-frontend\textures\ui\ui border bottom right corner.ddt","9.4",".ddt"
"dlc-frontend\textures\ui\ui border left middle.ddt","14.7",".ddt"
"dlc-frontend\textures\ui\ui border right middle.ddt","15.1",".ddt"
"dlc-frontend\textures\ui\ui border top left corner.ddt","9.5",".ddt"
"dlc-frontend\textures\ui\ui border top middle.ddt","2.6",".ddt"
"dlc-frontend\textures\ui\ui border top right corner.ddt","9.7",".ddt"
"dlc-frontend\textures\ui\ui button arrow down 32x64 clicked.ddt","1.3",".ddt"
"dlc-frontend\textures\ui\ui button arrow down 32x64 rollover.ddt","0.9",".ddt"
"dlc-frontend\textures\ui\ui button arrow down 32x64.ddt","1",".ddt"
"dlc-frontend\textures\ui\ui button arrow left 64x32 clicked.ddt","1",".ddt"
"dlc-frontend\textures\ui\ui button arrow left 64x32 rollover.ddt","0.9",".ddt"
"dlc-frontend\textures\ui\ui button arrow left 64x32.ddt","0.9",".ddt"
"dlc-frontend\textures\ui\ui button arrow right 64x32 clicked.ddt","1",".ddt"
"dlc-frontend\textures\ui\ui button arrow right 64x32 rollover.ddt","0.9",".ddt"
"dlc-frontend\textures\ui\ui button arrow right 64x32.ddt","0.8",".ddt"
"dlc-frontend\textures\ui\ui button arrow up 32x64 clicked.ddt","1.2",".ddt"
"dlc-frontend\textures\ui\ui button arrow up 32x64 rollover.ddt","0.9",".ddt"
"dlc-frontend\textures\ui\ui button arrow up 32x64.ddt","1",".ddt"
"dlc-frontend\textures\ui\ui button check box 32x32 clicked.ddt","0.4",".ddt"
"dlc-frontend\textures\ui\ui button check box 32x32 rollover.ddt","0.2",".ddt"
"dlc-frontend\textures\ui\ui button check box 32x32.ddt","0.4",".ddt"
"dlc-frontend\textures\ui\ui button long 128x32 clicked.ddt","2.7",".ddt"
"dlc-frontend\textures\ui\ui button long 128x32 rollover.ddt","1.9",".ddt"
"dlc-frontend\textures\ui\ui button long 128x32.ddt","2.6",".ddt"
"dlc-frontend\textures\ui\ui button long 160x32 clicked.ddt","2.9",".ddt"
"dlc-frontend\textures\ui\ui button long 160x32 rollover.ddt","2.2",".ddt"
"dlc-frontend\textures\ui\ui button long 160x32.ddt","3",".ddt"
"dlc-frontend\textures\ui\ui button long 192x32 clicked.ddt","2.9",".ddt"
"dlc-frontend\textures\ui\ui button long 192x32 rollover.ddt","2.3",".ddt"
"dlc-frontend\textures\ui\ui button long 192x32.ddt","3.3",".ddt"
"dlc-frontend\textures\ui\ui button long 224x32 clicked.ddt","2.9",".ddt"
"dlc-frontend\textures\ui\ui button long 224x32 rollover.ddt","2.3",".ddt"
"dlc-frontend\textures\ui\ui button long 224x32.ddt","3.4",".ddt"
"dlc-frontend\textures\ui\ui button long 96x32 clicked.ddt","2.1",".ddt"
"dlc-frontend\textures\ui\ui button long 96x32 rollover.ddt","1.7",".ddt"
"dlc-frontend\textures\ui\ui button long 96x32.ddt","2.2",".ddt"
"dlc-frontend\textures\ui\ui button radial 32x32 clicked.ddt","0.5",".ddt"
"dlc-frontend\textures\ui\ui button radial 32x32 rollover.ddt","0.6",".ddt"
"dlc-frontend\textures\ui\ui button radial 32x32.ddt","0.4",".ddt"
"dlc-frontend\textures\ui\ui button slider arrow down 32x32 clicked.ddt","0.7",".ddt"
"dlc-frontend\textures\ui\ui button slider arrow down 32x32 rollover.ddt","0.6",".ddt"
"dlc-frontend\textures\ui\ui button slider arrow down 32x32.ddt","0.7",".ddt"
"dlc-frontend\textures\ui\ui button slider arrow left 32x32 clicked.ddt","0.7",".ddt"
"dlc-frontend\textures\ui\ui button slider arrow left 32x32 rollover.ddt","0.7",".ddt"
"dlc-frontend\textures\ui\ui button slider arrow left 32x32.ddt","0.7",".ddt"
"dlc-frontend\textures\ui\ui button slider arrow right 32x32 clicked.ddt","0.7",".ddt"
"dlc-frontend\textures\ui\ui button slider arrow right 32x32 rollover.ddt","0.7",".ddt"
"dlc-frontend\textures\ui\ui button slider arrow right 32x32.ddt","0.7",".ddt"
"dlc-frontend\textures\ui\ui button slider arrow up 32x32 clicked.ddt","0.7",".ddt"
"dlc-frontend\textures\ui\ui button slider arrow up 32x32 rollover.ddt","0.6",".ddt"
"dlc-frontend\textures\ui\ui button slider arrow up 32x32.ddt","0.7",".ddt"
"dlc-frontend\textures\ui\ui god all random 256x256.ddt","133.3",".ddt"
"dlc-frontend\textures\ui\ui god all random 32x32.ddt","4",".ddt"
"dlc-frontend\textures\ui\ui god boarder highlight 128x128.ddt","22.4",".ddt"
"dlc-frontend\textures\ui\ui icon button clicked.ddt","1.3",".ddt"
"dlc-frontend\textures\ui\ui icon button foreground film.ddt","0.4",".ddt"
"dlc-frontend\textures\ui\ui icon button foreground history.ddt","1.4",".ddt"
"dlc-frontend\textures\ui\ui icon button foreground options.ddt","1.8",".ddt"
"dlc-frontend\textures\ui\ui icon button foreground steam.ddt","1",".ddt"
"dlc-frontend\textures\ui\ui icon button rollover.ddt","1",".ddt"
"dlc-frontend\textures\ui\ui icon button.ddt","0.8",".ddt"
"dlc-frontend\textures\ui\ui map boarder highlight 128x128.ddt","22.4",".ddt"
"dlc-frontend\textures\ui\ui map boarder template 128x128.ddt","19.7",".ddt"
"dlc-frontend\textures\ui\ui map size select giant clicked.ddt","10.4",".ddt"
"dlc-frontend\textures\ui\ui map size select giant.ddt","7.3",".ddt"
"dlc-frontend\textures\ui\ui map size select large clicked.ddt","17.7",".ddt"
"dlc-frontend\textures\ui\ui map size select large.ddt","15.9",".ddt"
"dlc-frontend\textures\ui\ui map size select normal clicked.ddt","5.1",".ddt"
"dlc-frontend\textures\ui\ui pregame button clicked.ddt","4.7",".ddt"
"dlc-frontend\textures\ui\ui pregame button glow.ddt","0.6",".ddt"
"dlc-frontend\textures\ui\ui pregame button rollover.ddt","2.4",".ddt"
"dlc-frontend\textures\ui\ui pregame button.ddt","3.5",".ddt"
"dlc-frontend\textures\ui\ui pregame left bottom.ddt","181.8",".ddt"
"dlc-frontend\textures\ui\ui pregame left middle.ddt","213",".ddt"
"dlc-frontend\textures\ui\ui pregame left top.ddt","223.7",".ddt"
"dlc-frontend\textures\ui\ui pregame right bottom.ddt","172.3",".ddt"
"dlc-frontend\textures\ui\ui pregame right middle.ddt","203.2",".ddt"
"dlc-frontend\textures\ui\ui pregame right top.ddt","248.8",".ddt"
"dlc-frontend\textures\ui\ui pregame transparency background.ddt","0.1",".ddt"
"dlc-frontend\textures\ui\ui scroll bottom tile 8x8.ddt","0.1",".ddt"
"dlc-frontend\textures\ui\ui scroll bottom tile.ddt","0.2",".ddt"
"dlc-frontend\textures\ui\ui scroll cap left 8x8.ddt","0.1",".ddt"
"dlc-frontend\textures\ui\ui scroll cap left.ddt","0.3",".ddt"
"dlc-frontend\textures\ui\ui scroll cap right 8x8.ddt","0.1",".ddt"
"dlc-frontend\textures\ui\ui scroll cap right.ddt","0.3",".ddt"
"dlc-frontend\textures\ui\ui scroll middle 128x16.ddt","4.8",".ddt"
"dlc-frontend\textures\ui\ui scroll middle 256x16.ddt","7",".ddt"
"dlc-frontend\textures\ui\ui scroll middle 64x16.ddt","0.3",".ddt"
"dlc-frontend\textures\ui\ui scroll middle tile 8x8.ddt","0",".ddt"
"dlc-frontend\textures\ui\ui scroll middle tile.ddt","0.8",".ddt"
"dlc-frontend\textures\ui\ui scroll top tile 8x8.ddt","0.1",".ddt"
"dlc-frontend\textures\ui\ui scroll top tile.ddt","0.2",".ddt"
"dlc-frontend\textures\ui\ui text box left.ddt","0.7",".ddt"
"dlc-frontend\textures\ui\ui text box middle.ddt","0.7",".ddt"
"dlc-frontend\textures\ui\ui text box right.ddt","0.7",".ddt"
"dlc-frontend\textures\ui\ui text chat box.ddt","0.9",".ddt"
"models\version1.0\gp x tartarian gate creature b.tga","48",".tga"
"models\version2.0\gp x tartarian gate creature b.tga","48",".tga"
"textures\agamemnon map.ddt","85.4",".ddt"
"textures\animal aurochs map.ddt","5.4",".ddt"
"textures\animal baboon corpse bodya.ddt","1.4",".ddt"
"textures\animal baboon corpse skeletona.ddt","1.4",".ddt"
"textures\animal baboon map.ddt","5.4",".ddt"
"textures\animal bear corpse bodya.ddt","1.4",".ddt"
"textures\animal bear corpse skeletona.ddt","1.4",".ddt"
"textures\animal bear map.ddt","5.4",".ddt"
"textures\animal bearlaser beam map.ddt","5.4",".ddt"
"textures\animal bearlaser cape map.ddt","1.4",".ddt"
"textures\animal bearlaser map.ddt","5.4",".ddt"
"textures\animal boar corpse bodya.ddt","1.4",".ddt"
"textures\animal boar corpse skeletona.ddt","1.4",".ddt"
"textures\animal boar map.ddt","5.4",".ddt"
"textures\animal camel map.ddt","5.4",".ddt"
"textures\animal caribou antlers map.ddt","1.4",".ddt"
"textures\animal caribou corpse bodya.ddt","1.4",".ddt"
"textures\animal caribou corpse skeletona.ddt","1.4",".ddt"
"textures\animal caribou map.ddt","5.4",".ddt"
"textures\animal chicken corpse bodya.ddt","1.4",".ddt"
"textures\animal chicken corpse skeletona.ddt","1.4",".ddt"
"textures\animal chicken map.ddt","5.4",".ddt"
"textures\animal chicken.ddt","1.4",".ddt"
"textures\animal cow a map.ddt","21.4",".ddt"
"textures\animal cow b map.ddt","21.4",".ddt"
"textures\animal cow c map.ddt","21.4",".ddt"
"textures\animal cow corpse bodya.ddt","1.4",".ddt"
"textures\animal cow corpse skeletona.ddt","1.4",".ddt"
"textures\animal cow map.ddt","5.4",".ddt"
"textures\animal crocodile corpse bodya.ddt","2.7",".ddt"
"textures\animal crocodile corpse skeletona.ddt","2.7",".ddt"
"textures\animal crocodile map.ddt","5.4",".ddt"
"textures\animal crowned crane corpse bodya.ddt","0.7",".ddt"
"textures\animal crowned crane corpse skeletona.ddt","0.7",".ddt"
"textures\animal crowned crane map.ddt","5.4",".ddt"
"textures\animal deer corpse bodya.ddt","1.4",".ddt"
"textures\animal deer corpse skeletona.ddt","1.4",".ddt"
"textures\animal deer map.ddt","5.4",".ddt"
"textures\animal dog a map.DDT","5.4",".DDT"
"textures\animal dog b map.DDT","5.4",".DDT"
"textures\animal dove.ddt","10.7",".ddt"
"textures\animal duck map.ddt","4",".ddt"
"textures\animal eagle map.ddt","4",".ddt"
"textures\animal elephant indian.DDT","10.8",".DDT"
"textures\animal elephant map.ddt","21.4",".ddt"
"textures\animal elk corpse bodya.ddt","1.4",".ddt"
"textures\animal elk corpse skeletona.ddt","1.4",".ddt"
"textures\animal elk map.ddt","5.4",".ddt"
"textures\animal fish anchovy.ddt","0.7",".ddt"
"textures\animal fish herring.ddt","0.7",".ddt"
"textures\animal fish mahi.ddt","0.7",".ddt"
"textures\animal fish perch.ddt","0.7",".ddt"
"textures\animal fish salmon.ddt","0.5",".ddt"
"textures\animal flying purple hippo.ddt","42.7",".ddt"
"textures\animal flying purple love.ddt","1.4",".ddt"
"textures\animal flying purple rainbow.ddt","1.4",".ddt"
"textures\animal gazelle corpse bodya.ddt","1.4",".ddt"
"textures\animal gazelle corpse skeletona.ddt","1.4",".ddt"
"textures\animal gazelle map.ddt","5.4",".ddt"
"textures\animal giraffe corpse bodya.ddt","5.4",".ddt"
"textures\animal giraffe corpse skeletona.ddt","5.4",".ddt"
"textures\animal giraffe map.ddt","21.4",".ddt"
"textures\animal goat corpse bodya.ddt","1.4",".ddt"
"textures\animal goat corpse skeletona.ddt","1.4",".ddt"
"textures\animal goat map.ddt","5.4",".ddt"
"textures\animal goatnubian map.ddt","5.4",".ddt"
"textures\animal hawk map.ddt","5.4",".ddt"
"textures\animal hawk.ddt","5.4",".ddt"
"textures\animal hippo corpse bodya.ddt","2.7",".ddt"
"textures\animal hippo corpse skeletona.ddt","2.7",".ddt"
"textures\animal hippo map.ddt","21.4",".ddt"
"textures\animal horse map.ddt","5.4",".ddt"
"textures\animal hyena corpse bodya.ddt","1.4",".ddt"
"textures\animal hyena corpse skeletona.ddt","1.4",".ddt"
"textures\animal hyena map.ddt","5.4",".ddt"
"textures\animal lion corpse bodya.ddt","1.4",".ddt"
"textures\animal lion corpse skeletona.ddt","1.4",".ddt"
"textures\animal lion map.ddt","5.4",".ddt"
"textures\animal lizard corpse bodya.ddt","2.7",".ddt"
"textures\animal lizard corpse skeletona.ddt","2.7",".ddt"
"textures\animal lizard map.ddt","5.4",".ddt"
"textures\animal monkey corpse bodya.ddt","1.4",".ddt"
"textures\animal monkey corpse skeletona.ddt","1.4",".ddt"
"textures\animal monkey map.ddt","5.4",".ddt"
"textures\animal musk ox.ddt","21.4",".ddt"
"textures\animal orca map.ddt","21.4",".ddt"
"textures\animal panda bear corpse bodya.ddt","0.7",".ddt"
"textures\animal panda bear corpse skeletona.ddt","1.4",".ddt"
"textures\animal panda bear icon.ddt","4",".ddt"
"textures\animal panda bear map.ddt","2.7",".ddt"
"textures\animal parrot map.DDT","3.4",".DDT"
"textures\animal pig map.ddt","5.4",".ddt"
"textures\animal polar bear map.ddt","5.4",".ddt"
"textures\animal prmonkey.ddt","21.4",".ddt"
"textures\animal ram map.ddt","5.4",".ddt"
"textures\animal rhino corpse bodya.ddt","5.4",".ddt"
"textures\animal rhino corpse skeletona.ddt","5.4",".ddt"
"textures\animal rhino map.ddt","21.4",".ddt"
"textures\animal rooster.ddt","1.4",".ddt"
"textures\animal sea gull.ddt","2.7",".ddt"
"textures\animal shark map.ddt","2.7",".ddt"
"textures\animal tiger corpse bodya.ddt","1.4",".ddt"
"textures\animal tiger corpse skeletona.ddt","1.4",".ddt"
"textures\animal tiger icon.ddt","4",".ddt"
"textures\animal tiger map.ddt","21.4",".ddt"
"textures\animal wallrus corpse bodya.ddt","1.4",".ddt"
"textures\animal wallrus corpse skeletona.ddt","1.4",".ddt"
"textures\animal walrus map.ddt","5.4",".ddt"
"textures\animal water buffalo corpse bodya.ddt","1.4",".ddt"
"textures\animal water buffalo corpse skeletona.ddt","1.4",".ddt"
"textures\animal waterbuffalo map.ddt","5.4",".ddt"
"textures\animal whale map.ddt","21.4",".ddt"
"textures\animal white tiger map.ddt","21.4",".ddt"
"textures\Animal William Walrus Map.ddt","85.4",".ddt"
"textures\animal wolf arctic map.ddt","85.4",".ddt"
"textures\animal wolf artic map.ddt","85.4",".ddt"
"textures\animal wolf corpse bodya.ddt","1.4",".ddt"
"textures\animal wolf corpse skeletona.ddt","1.4",".ddt"
"textures\animal wolf map.ddt","5.4",".ddt"
"textures\animal yak.ddt","21.4",".ddt"
"textures\animal zebra map.ddt","21.4",".ddt"
"textures\ankh.ddt","1.4",".ddt"
"textures\archer c chu ko nu icon.ddt","4",".ddt"
"textures\archer c crossbow.ddt","5.4",".ddt"
"textures\archer c crossbowman bowstring.ddt","0.3",".ddt"
"textures\archer c crossbowman bronze.ddt","5.4",".ddt"
"textures\archer c crossbowman copper.ddt","5.4",".ddt"
"textures\archer c crossbowman head bronze.ddt","1.4",".ddt"
"textures\archer c crossbowman head copper.ddt","1.4",".ddt"
"textures\archer c crossbowman head iron.ddt","1.4",".ddt"
"textures\archer c crossbowman head standard.ddt","1.4",".ddt"
"textures\archer c crossbowman iron.ddt","5.4",".ddt"
"textures\archer c crossbowman standard.ddt","5.4",".ddt"
"textures\archer c mounted archer bronze.ddt","5.4",".ddt"
"textures\archer c mounted archer copper.ddt","5.4",".ddt"
"textures\archer c mounted archer head bronze.ddt","1.4",".ddt"
"textures\archer c mounted archer head copper.ddt","1.4",".ddt"
"textures\archer c mounted archer head iron.ddt","1.4",".ddt"
"textures\archer c mounted archer head standard.ddt","1.4",".ddt"
"textures\archer c mounted archer horse bronze.ddt","21.4",".ddt"
"textures\archer c mounted archer horse copper.ddt","21.4",".ddt"
"textures\archer c mounted archer horse iron.ddt","21.4",".ddt"
"textures\archer c mounted archer horse standard.ddt","21.4",".ddt"
"textures\archer c mounted archer icon.ddt","4",".ddt"
"textures\archer c mounted archer iron.ddt","5.4",".ddt"
"textures\archer c mounted archer standard.ddt","5.4",".ddt"
"textures\archer e slinger bronze.ddt","5.4",".ddt"
"textures\archer e slinger copper.ddt","5.4",".ddt"
"textures\archer e slinger corpse bodya.ddt","1.4",".ddt"
"textures\archer e slinger corpse skeletona.ddt","1.4",".ddt"
"textures\archer e slinger head bronze.ddt","1.4",".ddt"
"textures\archer e slinger head copper.ddt","1.4",".ddt"
"textures\archer e slinger head iron.ddt","1.4",".ddt"
"textures\archer e slinger head standard.ddt","1.4",".ddt"
"textures\archer e slinger iron.ddt","5.4",".ddt"
"textures\archer e slinger map.ddt","5.4",".ddt"
"textures\archer e slinger standard.ddt","5.4",".ddt"
"textures\archer g crossbow.ddt","5.4",".ddt"
"textures\archer g crossbowman corpse bodya.ddt","1.4",".ddt"
"textures\archer g crossbowman corpse skeletona.ddt","1.4",".ddt"
"textures\archer g crossbowman head.ddt","1.4",".ddt"
"textures\archer g crossbowman.ddt","5.4",".ddt"
"textures\archer g peltast bronze.ddt","5.4",".ddt"
"textures\archer g peltast cape bronze.ddt","5.4",".ddt"
"textures\archer g peltast cape copper.ddt","5.4",".ddt"
"textures\archer g peltast cape iron.ddt","5.4",".ddt"
"textures\archer g peltast cape standard.ddt","5.4",".ddt"
"textures\archer g peltast cape.ddt","1.4",".ddt"
"textures\archer g peltast copper.ddt","5.4",".ddt"
"textures\archer g peltast corpse bodya.ddt","1.4",".ddt"
"textures\archer g peltast corpse skeletona.ddt","1.4",".ddt"
"textures\archer g peltast head bronze.ddt","1.4",".ddt"
"textures\archer g peltast head copper.ddt","1.4",".ddt"
"textures\archer g peltast head iron.ddt","1.4",".ddt"
"textures\archer g peltast head standard.ddt","1.4",".ddt"
"textures\archer g peltast iron.ddt","5.4",".ddt"
"textures\archer g peltast low bronze.ddt","1.4",".ddt"
"textures\archer g peltast low copper.ddt","1.4",".ddt"
"textures\archer g peltast low iron.ddt","1.4",".ddt"
"textures\archer g peltast low standard.ddt","1.4",".ddt"
"textures\archer g peltast standard.ddt","5.4",".ddt"
"textures\archer g toxotes bronze.ddt","5.4",".ddt"
"textures\archer g toxotes copper.ddt","5.4",".ddt"
"textures\archer g toxotes corpse bodya.ddt","1.4",".ddt"
"textures\archer g toxotes corpse skeletona.ddt","1.4",".ddt"
"textures\archer g toxotes head bronze.ddt","1.4",".ddt"
"textures\archer g toxotes head copper.ddt","1.4",".ddt"
"textures\archer g toxotes head iron.ddt","1.4",".ddt"
"textures\archer g toxotes head standard.ddt","1.4",".ddt"
"textures\archer g toxotes iron.ddt","5.4",".ddt"
"textures\archer g toxotes standard.ddt","5.4",".ddt"
"textures\archer n normal bronze.ddt","5.4",".ddt"
"textures\archer n normal copper.ddt","5.4",".ddt"
"textures\archer n normal head bronze.ddt","1.4",".ddt"
"textures\archer n normal head copper.ddt","1.4",".ddt"
"textures\archer n normal head iron.ddt","1.4",".ddt"
"textures\archer n normal head standard.ddt","1.4",".ddt"
"textures\archer n normal iron.ddt","5.4",".ddt"
"textures\archer n normal standard.ddt","5.4",".ddt"
"textures\archer n throwing axeman axe map.ddt","0.7",".ddt"
"textures\archer n throwing axeman bronze.ddt","5.4",".ddt"
"textures\archer n throwing axeman copper.ddt","5.4",".ddt"
"textures\archer n throwing axeman corpse bodya.ddt","1.4",".ddt"
"textures\archer n throwing axeman corpse skeletona.ddt","1.4",".ddt"
"textures\archer n throwing axeman head bronze.ddt","1.4",".ddt"
"textures\archer n throwing axeman head copper.ddt","1.4",".ddt"
"textures\archer n throwing axeman head iron.ddt","1.4",".ddt"
"textures\archer n throwing axeman head low bronze.ddt","0.4",".ddt"
"textures\archer n throwing axeman head low copper.ddt","0.4",".ddt"
"textures\archer n throwing axeman head low iron.ddt","0.4",".ddt"
"textures\archer n throwing axeman head low standard.ddt","0.4",".ddt"
"textures\archer n throwing axeman head standard.ddt","1.4",".ddt"
"textures\archer n throwing axeman iron.ddt","5.4",".ddt"
"textures\archer n throwing axeman low bronze.ddt","1.4",".ddt"
"textures\archer n throwing axeman low copper.ddt","1.4",".ddt"
"textures\archer n throwing axeman low iron.ddt","1.4",".ddt"
"textures\archer n throwing axeman low standard.ddt","1.4",".ddt"
"textures\archer n throwing axeman standard.ddt","5.4",".ddt"
"textures\archer x arcus corpse bodya.ddt","1.4",".ddt"
"textures\archer x arcus corpse skeletona.ddt","1.4",".ddt"
"textures\archer x bronze.ddt","5.4",".ddt"
"textures\archer x copper.ddt","5.4",".ddt"
"textures\archer x hero.ddt","5.4",".ddt"
"textures\archer x iron.ddt","5.4",".ddt"
"textures\archer x standard.ddt","5.4",".ddt"
"textures\arrow_down.ddt","1.4",".ddt"
"textures\arrow_up.ddt","1.4",".ddt"
"textures\ashbow.ddt","0.7",".ddt"
"textures\ashbowquiver.ddt","1.4",".ddt"
"textures\athenamap.ddt","85.4",".ddt"
"textures\attachment c halberd head bronze.ddt","1",".ddt"
"textures\attachment c halberd head copper.ddt","1",".ddt"
"textures\attachment c halberd head iron.ddt","1",".ddt"
"textures\attachment c halberd head standard.ddt","1",".ddt"
"textures\attachment g gargarensis trident.ddt","5.4",".ddt"
"textures\attachment g spear.ddt","21.4",".ddt"
"textures\attachment g spear_01.ddt","21.4",".ddt"
"textures\attachments a arrow map.ddt","1.4",".ddt"
"textures\attachments a arrow.ddt","0.7",".ddt"
"textures\attachments a axe map.ddt","1.4",".ddt"
"textures\attachments a blood spurt map.ddt","1.4",".ddt"
"textures\attachments a bow bronze.ddt","1.4",".ddt"
"textures\attachments a bow copper.ddt","1.4",".ddt"
"textures\attachments a bow iron.ddt","1.4",".ddt"
"textures\attachments a bow map.ddt","2.7",".ddt"
"textures\attachments a bow standard.ddt","1.4",".ddt"
"textures\attachments a club.ddt","0.7",".ddt"
"textures\attachments a footprint siege.ddt","0.7",".ddt"
"textures\attachments a footstep animal.ddt","1.4",".ddt"
"textures\attachments a footstep bare.ddt","1.4",".ddt"
"textures\attachments a footstep elephant.ddt","1.4",".ddt"
"textures\attachments a footstep horse.ddt","1.4",".ddt"
"textures\attachments a footstep portable ram.ddt","5.4",".ddt"
"textures\attachments a footstep prometheanbig.ddt","1.4",".ddt"
"textures\attachments a footstep scarab.ddt","1.4",".ddt"
"textures\attachments a hammer map.ddt","1.4",".ddt"
"textures\attachments a hoe map.ddt","1.4",".ddt"
"textures\attachments a picks map.ddt","0.4",".ddt"
"textures\attachments a quiver.ddt","0.7",".ddt"
"textures\attachments a resources map.ddt","10.7",".ddt"
"textures\attachments a seeds.ddt","1.4",".ddt"
"textures\attachments a shields map.ddt","21.4",".ddt"
"textures\attachments a shovel.ddt","0.8",".ddt"
"textures\attachments a skeleton.ddt","5.4",".ddt"
"textures\attachments a sling.ddt","2.7",".ddt"
"textures\attachments a spear bronze.ddt","2.8",".ddt"
"textures\attachments a spear copper.ddt","2.8",".ddt"
"textures\attachments a spear iron.ddt","2.8",".ddt"
"textures\attachments a spear standard.ddt","2.8",".ddt"
"textures\attachments a sword swoosh.ddt","5.4",".ddt"
"textures\attachments a trident map.ddt","1.4",".ddt"
"textures\attachments a wheel solid.ddt","5.4",".ddt"
"textures\attachments a wheel spoked.ddt","4",".ddt"
"textures\attachments c fire lance.ddt","8",".ddt"
"textures\attachments c flag naval.ddt","2.7",".ddt"
"textures\attachments c halberd bronze.ddt","2",".ddt"
"textures\attachments c halberd copper.ddt","2",".ddt"
"textures\attachments c halberd iron.ddt","2",".ddt"
"textures\attachments c halberd standard.ddt","2",".ddt"
"textures\attachments c sword jiaolong.ddt","0.5",".ddt"
"textures\attachments e axe bronze.ddt","1.4",".ddt"
"textures\attachments e axe copper.ddt","1.4",".ddt"
"textures\attachments e axe iron.ddt","1.4",".ddt"
"textures\attachments e axe standard.ddt","1.4",".ddt"
"textures\attachments e osiris weapons.ddt","5.4",".ddt"
"textures\attachments e shield bronze.ddt","10.7",".ddt"
"textures\attachments e shield copper.ddt","10.7",".ddt"
"textures\attachments e shield iron.ddt","10.7",".ddt"
"textures\attachments e sling stone map.ddt","0.3",".ddt"
"textures\attachments e sword bronze.ddt","0.7",".ddt"
"textures\attachments e sword copper.ddt","0.7",".ddt"
"textures\attachments e sword iron.ddt","0.7",".ddt"
"textures\attachments e sword standard.ddt","0.7",".ddt"
"textures\attachments g polyphemus club.ddt","1.4",".ddt"
"textures\attachments g shield bronze.ddt","10.7",".ddt"
"textures\attachments g shield copper.ddt","10.7",".ddt"
"textures\attachments g shield iron cine.ddt","1.4",".ddt"
"textures\attachments g shield iron.ddt","10.7",".ddt"
"textures\attachments g sword bronze.ddt","0.7",".ddt"
"textures\attachments g sword copper.ddt","0.7",".ddt"
"textures\attachments g sword iron.ddt","0.7",".ddt"
"textures\attachments g sword standard.ddt","0.7",".ddt"
"textures\attachments mu x automaton.ddt","5.4",".ddt"
"textures\attachments n axe bronze.ddt","1.4",".ddt"
"textures\attachments n axe copper.ddt","1.4",".ddt"
"textures\attachments n axe iron.ddt","1.4",".ddt"
"textures\attachments n axe standard.ddt","1.4",".ddt"
"textures\attachments n oxcart wheel.ddt","5.4",".ddt"
"textures\attachments n shield bronze.ddt","10.7",".ddt"
"textures\attachments n shield cinepirateship map.ddt","5.4",".ddt"
"textures\attachments n shield copper.ddt","10.7",".ddt"
"textures\attachments n shield iron.ddt","10.7",".ddt"
"textures\attachments n sword bronze.ddt","0.7",".ddt"
"textures\attachments n sword copper.ddt","0.7",".ddt"
"textures\attachments n sword iron.ddt","0.7",".ddt"
"textures\attachments n sword standard.ddt","0.7",".ddt"
"textures\attachments scenario e osiris weapons.ddt","5.4",".ddt"
"textures\attachments x double sword bronze.ddt","0.7",".ddt"
"textures\attachments x double sword copper.ddt","0.7",".ddt"
"textures\attachments x double sword iron.ddt","0.7",".ddt"
"textures\attachments x double sword standard.ddt","0.7",".ddt"
"textures\attachments x lance bronze.ddt","1.4",".ddt"
"textures\attachments x lance copper.ddt","1.4",".ddt"
"textures\attachments x lance iron.ddt","1.4",".ddt"
"textures\attachments x lance standard.ddt","1.4",".ddt"
"textures\attachments x mace bronze.ddt","1.4",".ddt"
"textures\attachments x mace copper.ddt","1.4",".ddt"
"textures\attachments x mace iron.ddt","1.4",".ddt"
"textures\attachments x mace standard.ddt","1.4",".ddt"
"textures\attachments x mace.ddt","1.4",".ddt"
"textures\attachments x shield champion.ddt","10.7",".ddt"
"textures\attachments x shield heavy.ddt","10.7",".ddt"
"textures\attachments x shield hero.ddt","10.7",".ddt"
"textures\attachments x shield medium.ddt","10.7",".ddt"
"textures\attachments x sword bronze.ddt","0.7",".ddt"
"textures\attachments x sword copper.ddt","0.7",".ddt"
"textures\attachments x sword iron.ddt","0.7",".ddt"
"textures\attachments x sword standard.ddt","0.7",".ddt"
"textures\bastardblade.ddt","0.7",".ddt"
"textures\bastardhilt.ddt","0.2",".ddt"
"textures\bella.ddt","21.4",".ddt"
"textures\bevel_round_in.ddt","1.4",".ddt"
"textures\bevel_round_out.ddt","1.4",".ddt"
"textures\bevel_square_in.ddt","1.4",".ddt"
"textures\bevel_square_out.ddt","1.4",".ddt"
"textures\blackcircle.ddt","0.4",".ddt"
"textures\blackedgecorner.ddt","0.4",".ddt"
"textures\blacklshape.ddt","0.4",".ddt"
"textures\blackonecorner.ddt","0.4",".ddt"
"textures\blackoneedge.ddt","0.4",".ddt"
"textures\blackround.ddt","5.4",".ddt"
"textures\blacktwocorners.ddt","0.4",".ddt"
"textures\blacktwoedges.ddt","0.4",".ddt"
"textures\blacktwooppositecorners.ddt","0.4",".ddt"
"textures\blackushape.ddt","0.4",".ddt"
"textures\blanktree.ddt","0.1",".ddt"
"textures\blendtwoedgesbhcity .ddt","1.4",".ddt"
"textures\blessed construction field.ddt","16",".ddt"
"textures\blessed construction sparkle.ddt","4",".ddt"
"textures\blood.ddt","5.4",".ddt"
"textures\blue.ddt","1.4",".ddt"
"textures\bluesparkle.ddt","21.4",".ddt"
"textures\boat c fire ship chinese icon.ddt","2",".ddt"
"textures\boat c fishing boat icon.ddt","2",".ddt"
"textures\boat c junk icon.ddt","2",".ddt"
"textures\boat c siege ship chinese icon.ddt","2",".ddt"
"textures\boat c transport icon.ddt","2",".ddt"
"textures\bottom tab in.ddt","2.7",".ddt"
"textures\bottom tab out.ddt","2.7",".ddt"
"textures\building attachments.ddt","85.4",".ddt"
"textures\building c accessories.ddt","64",".ddt"
"textures\building c armory age2 shadow.ddt","4",".ddt"
"textures\building c barracks age2 shadow.ddt","4",".ddt"
"textures\building c castle age3 shadow.ddt","4",".ddt"
"textures\building c dock age1 shadow.ddt","4",".ddt"
"textures\building c earthen wall.ddt","85.4",".ddt"
"textures\building c fortified wall.ddt","85.4",".ddt"
"textures\building c garden age1 decal.ddt","64",".ddt"
"textures\building c garden age1 shadow.ddt","4",".ddt"
"textures\building c garden age3 decal.ddt","64",".ddt"
"textures\building c great wall.ddt","85.4",".ddt"
"textures\building c guardtower shadow.ddt","4",".ddt"
"textures\building c housea age1 shadow.ddt","4",".ddt"
"textures\building c houseb age1 shadow.ddt","4",".ddt"
"textures\building c housec age1 shadow.ddt","4",".ddt"
"textures\building c market age3 shadow.ddt","4",".ddt"
"textures\building c props.ddt","85.4",".ddt"
"textures\building c roofage1.ddt","85.4",".ddt"
"textures\building c roofage2.ddt","85.4",".ddt"
"textures\building c roofage3.ddt","85.4",".ddt"
"textures\building c roofage4.ddt","85.4",".ddt"
"textures\building c settlement age1 shadow.ddt","4",".ddt"
"textures\building c special.ddt","85.4",".ddt"
"textures\building c stable age2 shadow.ddt","4",".ddt"
"textures\building c stone wall.ddt","85.4",".ddt"
"textures\building c storage pit age1 shadow.ddt","4",".ddt"
"textures\building c temple age1 shadow.ddt","4",".ddt"
"textures\building c titan gate decal.ddt","64",".ddt"
"textures\building c titan gate door map.ddt","16",".ddt"
"textures\building c titan gate map.ddt","85.4",".ddt"
"textures\building c titan gate rocks.ddt","21.4",".ddt"
"textures\building c tower age2.ddt","85.4",".ddt"
"textures\building c tower age3.ddt","85.4",".ddt"
"textures\building c tower age4.ddt","85.4",".ddt"
"textures\building c wallsage1.ddt","85.4",".ddt"
"textures\building c wallsage2.ddt","85.4",".ddt"
"textures\building c wallsage3.ddt","85.4",".ddt"
"textures\building c wallsage4.ddt","85.4",".ddt"
"textures\building c watchtower shadow.ddt","4",".ddt"
"textures\building c wonder city floor.ddt","85.4",".ddt"
"textures\building c wonder city roof.ddt","85.4",".ddt"
"textures\building c wonder city shadow.ddt","4",".ddt"
"textures\building c wonder city walls.ddt","85.4",".ddt"
"textures\building c wonder palace floor.ddt","85.4",".ddt"
"textures\building c wonder palace roof.ddt","85.4",".ddt"
"textures\building c wonder palace shadow.ddt","4",".ddt"
"textures\building c wonder palace walls.ddt","85.4",".ddt"
"textures\building c wonder temple shadow.ddt","4",".ddt"
"textures\building c wonder temple.ddt","85.4",".ddt"
"textures\building construction 3x3 shadow.ddt","5.4",".ddt"
"textures\building construction 5x2.ddt","2.7",".ddt"
"textures\building construction armory shadow.ddt","5.4",".ddt"
"textures\building construction connectorwalla shadow.ddt","5.4",".ddt"
"textures\building construction guild shadow.ddt","5.4",".ddt"
"textures\building construction large shadow.ddt","5.4",".ddt"
"textures\building construction longwalla shadow.ddt","5.4",".ddt"
"textures\building construction manor shadow.ddt","5.4",".ddt"
"textures\building construction medium shadow.ddt","5.4",".ddt"
"textures\building construction small shadow.ddt","5.4",".ddt"
"textures\building construction sp shadow.ddt","5.4",".ddt"
"textures\building construction specialist shadow.ddt","5.4",".ddt"
"textures\building construction xlarge shadow.ddt","5.4",".ddt"
"textures\building construction xsmall shadow.ddt","5.4",".ddt"
"textures\building construction.ddt","85.4",".ddt"
"textures\building destruction egypt.ddt","21.4",".ddt"
"textures\building destruction greek.ddt","21.4",".ddt"
"textures\building destruction norse.ddt","21.4",".ddt"
"textures\building e academy shadow.ddt","5.4",".ddt"
"textures\building e age1 accessories.ddt","85.4",".ddt"
"textures\building e age1.ddt","85.4",".ddt"
"textures\building e age2 accessories burnt.ddt","85.4",".ddt"
"textures\building e age2 accessories.ddt","85.4",".ddt"
"textures\building e age2 burnt.ddt","85.4",".ddt"
"textures\building e age2 wall.ddt","85.4",".ddt"
"textures\building e age2.ddt","85.4",".ddt"
"textures\building e age3 accessories.ddt","85.4",".ddt"
"textures\building e age3.ddt","85.4",".ddt"
"textures\building e age3a accessories.ddt","85.4",".ddt"
"textures\building e age4 accessories.ddt","85.4",".ddt"
"textures\building e age4.ddt","85.4",".ddt"
"textures\building e age4roof.ddt","85.4",".ddt"
"textures\building e archery range age2 shadow.ddt","5.4",".ddt"
"textures\building e archery range shadow age2.ddt","5.4",".ddt"
"textures\building e archery range shadow age3.ddt","5.4",".ddt"
"textures\building e archery range shadow.ddt","5.4",".ddt"
"textures\building e armory shadow age2.ddt","5.4",".ddt"
"textures\building e armory shadow age3.ddt","5.4",".ddt"
"textures\building e armory shadow.ddt","5.4",".ddt"
"textures\building e ballista tower shadow.ddt","1.4",".ddt"
"textures\building e barracks age1 shadow.ddt","5.4",".ddt"
"textures\building e barracks age2 shadow.ddt","5.4",".ddt"
"textures\building e barracks age3 shadow.ddt","5.4",".ddt"
"textures\building e barracks age4 shadow.ddt","5.4",".ddt"
"textures\building e barracks shadow age2.ddt","5.4",".ddt"
"textures\building e barracks shadow.ddt","5.4",".ddt"
"textures\building e charioteria age3 shadow.ddt","5.4",".ddt"
"textures\building e constructiontemple.ddt","5.4",".ddt"
"textures\building e dock age1 shadow.ddt","5.4",".ddt"
"textures\building e dock boat.ddt","85.4",".ddt"
"textures\building e fortress accessories.ddt","85.4",".ddt"
"textures\building e fortress accessories02.ddt","85.4",".ddt"
"textures\building e fortress age3.ddt","85.4",".ddt"
"textures\building e fortress shadow.ddt","5.4",".ddt"
"textures\building e fortress.ddt","85.4",".ddt"
"textures\building e gate shadow.ddt","1.4",".ddt"
"textures\building e granary shadow age2.ddt","1.4",".ddt"
"textures\building e granary shadow.ddt","5.4",".ddt"
"textures\building e guard tower shadow.ddt","1.4",".ddt"
"textures\building e house a shadow.ddt","1.4",".ddt"
"textures\building e house b shadow.ddt","1.4",".ddt"
"textures\building e housea shadow age1.ddt","1.4",".ddt"
"textures\building e housea shadow age2.ddt","1.4",".ddt"
"textures\building e housea shadow age3.ddt","1.4",".ddt"
"textures\building e housea shadow age4.ddt","1.4",".ddt"
"textures\building e houseb shadow age1.ddt","1.4",".ddt"
"textures\building e houseb shadow age2.ddt","1.4",".ddt"
"textures\building e houseb shadow age3.ddt","1.4",".ddt"
"textures\building e houseb shadow age4.ddt","1.4",".ddt"
"textures\building e housec shadow age1.ddt","1.4",".ddt"
"textures\building e housec shadow age2.ddt","1.4",".ddt"
"textures\building e housec shadow age3.ddt","1.4",".ddt"
"textures\building e housec shadow age4.ddt","1.4",".ddt"
"textures\building e isis wonder con2 shadow.ddt","21.4",".ddt"
"textures\building e isis wonder con3 shadow.ddt","21.4",".ddt"
"textures\building e isis wonder shadow.ddt","5.4",".ddt"
"textures\building e isis wonder01.ddt","85.4",".ddt"
"textures\building e isis wonder02.ddt","85.4",".ddt"
"textures\building e isis wonder03.ddt","85.4",".ddt"
"textures\building e lighthouse fence.ddt","1.4",".ddt"
"textures\building e lighthouse shadow.ddt","5.4",".ddt"
"textures\building e lighthouse.ddt","85.4",".ddt"
"textures\building e lumbercamp age1 shadow.ddt","1.4",".ddt"
"textures\building e lumbercamp age2 shadow.ddt","1.4",".ddt"
"textures\building e lumbercamp age3 shadow.ddt","1.4",".ddt"
"textures\building e lumbercamp shadow.ddt","1.4",".ddt"
"textures\building e market age2 shadow.ddt","5.4",".ddt"
"textures\building e market age3 shadow.ddt","5.4",".ddt"
"textures\building e market age4 shadow.ddt","5.4",".ddt"
"textures\building e market shadow age2.ddt","5.4",".ddt"
"textures\building e market shadow.ddt","5.4",".ddt"
"textures\building e mining camp shadow.ddt","1.4",".ddt"
"textures\building e misc b shadow.ddt","5.4",".ddt"
"textures\building e monument platforms.ddt","85.4",".ddt"
"textures\building e monument shadow.ddt","2.7",".ddt"
"textures\building e monument1 lp.ddt","10.7",".ddt"
"textures\building e monument1.ddt","21.4",".ddt"
"textures\building e monument2 lp.ddt","10.7",".ddt"
"textures\building e monument2.ddt","21.4",".ddt"
"textures\building e monument3 lp.ddt","10.7",".ddt"
"textures\building e monument3.ddt","21.4",".ddt"
"textures\building e monument4 lp.ddt","10.7",".ddt"
"textures\building e monument4.ddt","85.4",".ddt"
"textures\building e monument4dood.ddt","21.4",".ddt"
"textures\building e monument5 isis lp.ddt","21.4",".ddt"
"textures\building e monument5 isis.ddt","21.4",".ddt"
"textures\building e monument5 ra lp.ddt","21.4",".ddt"
"textures\building e monument5 ra.ddt","21.4",".ddt"
"textures\building e monument5 set lp.ddt","21.4",".ddt"
"textures\building e monument5 set.ddt","21.4",".ddt"
"textures\building e monument5.ddt","1.4",".ddt"
"textures\building e obelisk.ddt","42.7",".ddt"
"textures\building e osiris pyramid dead.ddt","341.4",".ddt"
"textures\building e osiris pyramid shadow.ddt","21.4",".ddt"
"textures\building e osiris pyramid.ddt","85.4",".ddt"
"textures\building e outpost.ddt","85.4",".ddt"
"textures\building e props.ddt","85.4",".ddt"
"textures\building e pyramid shadow.ddt","5.4",".ddt"
"textures\building e pyramid.ddt","85.4",".ddt"
"textures\building e ra wonder con2 shadow.ddt","21.4",".ddt"
"textures\building e ra wonder con3 shadow.ddt","21.4",".ddt"
"textures\building e ra wonder shadow.ddt","21.4",".ddt"
"textures\building e ra wonder01.ddt","85.4",".ddt"
"textures\building e ra wonder02.ddt","85.4",".ddt"
"textures\building e set wonder con2 shadow.ddt","21.4",".ddt"
"textures\building e set wonder con3 shadow.ddt","21.4",".ddt"
"textures\building e set wonder shadow.ddt","5.4",".ddt"
"textures\building e set wonder01.ddt","85.4",".ddt"
"textures\building e set wonder02.ddt","85.4",".ddt"
"textures\building e set wonder03.ddt","85.4",".ddt"
"textures\building e settlement age1 shadow.ddt","5.4",".ddt"
"textures\building e settlement age1.ddt","85.4",".ddt"
"textures\building e settlement age2 shadow.ddt","5.4",".ddt"
"textures\building e settlement age2.ddt","85.4",".ddt"
"textures\building e settlement age3 fortified shadow.ddt","5.4",".ddt"
"textures\building e settlement age3 shadow.ddt","5.4",".ddt"
"textures\building e settlement age3.ddt","85.4",".ddt"
"textures\building e settlement age4 shadow.ddt","5.4",".ddt"
"textures\building e settlement age4.ddt","85.4",".ddt"
"textures\building e settlement02 shadow.ddt","5.4",".ddt"
"textures\building e settlement03 shadow.ddt","5.4",".ddt"
"textures\building e shared01 2 map.ddt","85.4",".ddt"
"textures\building e shared01 3 map.ddt","85.4",".ddt"
"textures\building e shared02 2 map.ddt","85.4",".ddt"
"textures\building e shrine age1.ddt","5.4",".ddt"
"textures\building e shrine shadow age1.ddt","5.4",".ddt"
"textures\building e shrine shadow.ddt","5.4",".ddt"
"textures\building e shrine.ddt","85.4",".ddt"
"textures\building e shrine02.ddt","85.4",".ddt"
"textures\building e siege camp age2 shadow.ddt","5.4",".ddt"
"textures\building e siege camp age3 shadow.ddt","5.4",".ddt"
"textures\building e siegeconstruction.ddt","5.4",".ddt"
"textures\building e stable age2 shadow.ddt","5.4",".ddt"
"textures\building e stable shadow.ddt","5.4",".ddt"
"textures\building e statue c base.ddt","21.4",".ddt"
"textures\building e statue c.ddt","21.4",".ddt"
"textures\building e storehouse shadow.ddt","5.4",".ddt"
"textures\building e temple age1 shadow.ddt","5.4",".ddt"
"textures\building e temple age2 shadow.ddt","5.4",".ddt"
"textures\building e temple age3 shadow.ddt","5.4",".ddt"
"textures\building e temple b shadow.ddt","5.4",".ddt"
"textures\building e temple shadow age1.ddt","5.4",".ddt"
"textures\building e temple shadow.ddt","5.4",".ddt"
"textures\building e titan gate map.ddt","85.4",".ddt"
"textures\building e titan gate rocks.ddt","21.4",".ddt"
"textures\building e towncenter shadow age2.ddt","5.4",".ddt"
"textures\building e towncenter shadow.ddt","5.4",".ddt"
"textures\building e tradedock shadow age1.ddt","5.4",".ddt"
"textures\building e tradedock shadow age2.ddt","5.4",".ddt"
"textures\building e tradedock shadow age3.ddt","5.4",".ddt"
"textures\building e tradedock shadow.ddt","5.4",".ddt"
"textures\building e underground passage egyptian.ddt","85.4",".ddt"
"textures\building e wall4.ddt","85.4",".ddt"
"textures\building e wallconnector age2 shadow.ddt","1.4",".ddt"
"textures\building e wallconnector age3 shadow.ddt","1.4",".ddt"
"textures\building e walllong age2 shadow.ddt","1.4",".ddt"
"textures\building e walllong age3 shadow.ddt","1.4",".ddt"
"textures\building e walllong age4 shadow.ddt","1.4",".ddt"
"textures\building e wallshort age2 shadow.ddt","1.4",".ddt"
"textures\building e wallshort age3 shadow.ddt","1.4",".ddt"
"textures\building e wonder accessories.ddt","85.4",".ddt"
"textures\building e wonder shadow.ddt","5.4",".ddt"
"textures\building falling leaf.ddt","5.4",".ddt"
"textures\building g age0.ddt","85.4",".ddt"
"textures\building g archery range shadow.ddt","5.4",".ddt"
"textures\building g archery rangeage1 shadow.ddt","5.4",".ddt"
"textures\building g archery rangeage2 shadow.ddt","5.4",".ddt"
"textures\building g archery rangeage3 shadow.ddt","5.4",".ddt"
"textures\building g arconstruction shadow.ddt","5.4",".ddt"
"textures\building g armory destructed shadow.ddt","5.4",".ddt"
"textures\building g armory shadow.ddt","5.4",".ddt"
"textures\building g armoryage2 shadow.ddt","5.4",".ddt"
"textures\building g armoryage3 shadow.ddt","5.4",".ddt"
"textures\building g armoryconstruction shadow.ddt","5.4",".ddt"
"textures\building g barracks destructed shadow.ddt","5.4",".ddt"
"textures\building g barracks shadow.ddt","5.4",".ddt"
"textures\building g barracksage1 shadow.ddt","5.4",".ddt"
"textures\building g barracksage2 shadow.ddt","5.4",".ddt"
"textures\building g barracksage3 shadow.ddt","5.4",".ddt"
"textures\building g barracksconstruction shadow.ddt","5.4",".ddt"
"textures\building g colomnshadow.ddt","0.4",".ddt"
"textures\building g constructiontemple.ddt","5.4",".ddt"
"textures\building g destroyed.ddt","85.4",".ddt"
"textures\building g dockage1 shadow.ddt","5.4",".ddt"
"textures\building g fortifiedwall.ddt","85.4",".ddt"
"textures\building g fortress cinematic shadow.ddt","5.4",".ddt"
"textures\building g fortress destructed shadow.ddt","5.4",".ddt"
"textures\building g fortress shadow.ddt","5.4",".ddt"
"textures\building g fortress.ddt","85.4",".ddt"
"textures\building g fortressconstruction shadow.ddt","5.4",".ddt"
"textures\building g fortressroof.ddt","85.4",".ddt"
"textures\building g fortresswall destructed.ddt","85.4",".ddt"
"textures\building g fortresswall.ddt","85.4",".ddt"
"textures\building g fortresswall2 destructed.ddt","85.4",".ddt"
"textures\building g fortresswall2.ddt","85.4",".ddt"
"textures\building g gate open shadow.ddt","1.4",".ddt"
"textures\building g gate shadow.ddt","1.4",".ddt"
"textures\building g gateall.ddt","21.4",".ddt"
"textures\building g granary destroyed shadow.ddt","1.4",".ddt"
"textures\building g granaryconstruction shadow.ddt","5.4",".ddt"
"textures\building g hades temple shadow.ddt","5.4",".ddt"
"textures\building g hades wonder shadow.ddt","21.4",".ddt"
"textures\building g hades wonder.ddt","85.4",".ddt"
"textures\building g hades wonder01.ddt","85.4",".ddt"
"textures\building g hadeswonder 2 shadow.ddt","21.4",".ddt"
"textures\building g hadeswonder 3 shadow.ddt","21.4",".ddt"
"textures\building g house destructed shadow.ddt","5.4",".ddt"
"textures\building g housea age1 shadow.ddt","1.4",".ddt"
"textures\building g houseb age1 shadow.ddt","1.4",".ddt"
"textures\building g housec age1 shadow.ddt","1.4",".ddt"
"textures\building g market shadow.ddt","5.4",".ddt"
"textures\building g marketage2 shadow.ddt","5.4",".ddt"
"textures\building g marketage3 shadow.ddt","5.4",".ddt"
"textures\building g marketconstruction shadow.ddt","5.4",".ddt"
"textures\building g mineconstruction shadow.ddt","5.4",".ddt"
"textures\building g mining camp shadow.ddt","5.4",".ddt"
"textures\building g mining campage1 shadow.ddt","5.4",".ddt"
"textures\building g poswonder 1 shadow.ddt","21.4",".ddt"
"textures\building g poswonder 2 shadow.ddt","21.4",".ddt"
"textures\building g poswonder 3 shadow.ddt","21.4",".ddt"
"textures\building g roofage1.ddt","85.4",".ddt"
"textures\building g roofage2.ddt","85.4",".ddt"
"textures\building g roofage3.ddt","85.4",".ddt"
"textures\building g ruin a shadow.ddt","5.4",".ddt"
"textures\building g ruin c shadow.ddt","5.4",".ddt"
"textures\building g ruins.ddt","10.7",".ddt"
"textures\building g settlement02 shadow.ddt","5.4",".ddt"
"textures\building g settlement02.ddt","85.4",".ddt"
"textures\building g settlement03 shadow.ddt","5.4",".ddt"
"textures\building g settlementage1 shadow.ddt","5.4",".ddt"
"textures\building g settlementage1.ddt","85.4",".ddt"
"textures\building g settlementage2.ddt","85.4",".ddt"
"textures\building g settlementage3.ddt","85.4",".ddt"
"textures\building g settlementfence.ddt","21.4",".ddt"
"textures\building g settlementfortified shadow.ddt","5.4",".ddt"
"textures\building g shared01 2 map.ddt","85.4",".ddt"
"textures\building g shared05 2 map.ddt","85.4",".ddt"
"textures\building g shrine shadow.ddt","5.4",".ddt"
"textures\building g shrine.ddt","85.4",".ddt"
"textures\building g siegecamp shadow.ddt","5.4",".ddt"
"textures\building g siegecampconstruction shadow.ddt","5.4",".ddt"
"textures\building g stable destroyed shadow.ddt","5.4",".ddt"
"textures\building g stable shadow.ddt","5.4",".ddt"
"textures\building g stableage1 shadow.ddt","5.4",".ddt"
"textures\building g stableage2 shadow.ddt","5.4",".ddt"
"textures\building g stableage3 shadow.ddt","5.4",".ddt"
"textures\building g stableconstruction shadow.ddt","5.4",".ddt"
"textures\building g storehouse destructed shadow.ddt","5.4",".ddt"
"textures\building g storehouse shadow.ddt","5.4",".ddt"
"textures\building g storehouseage1 shadow.ddt","5.4",".ddt"
"textures\building g tcconstruction shadow.ddt","5.4",".ddt"
"textures\building g temple shadow.ddt","5.4",".ddt"
"textures\building g temple statues map.ddt","85.4",".ddt"
"textures\building g temple.ddt","85.4",".ddt"
"textures\building g templeage1 shadow.ddt","5.4",".ddt"
"textures\building g templeage1.ddt","85.4",".ddt"
"textures\building g templeage2.ddt","85.4",".ddt"
"textures\building g titan gate door map.ddt","21.4",".ddt"
"textures\building g titan gate map.ddt","85.4",".ddt"
"textures\building g titan gate rocks.ddt","21.4",".ddt"
"textures\building g towerbasearea.ddt","21.4",".ddt"
"textures\building g towerconstruction shadow.ddt","5.4",".ddt"
"textures\building g towers.ddt","85.4",".ddt"
"textures\building g towncenter shadow.ddt","5.4",".ddt"
"textures\building g tradedock shadow.ddt","5.4",".ddt"
"textures\building g underground passage greek b.ddt","85.4",".ddt"
"textures\building g underground passage greek.ddt","85.4",".ddt"
"textures\building g wall large shadow.ddt","5.4",".ddt"
"textures\building g wallbasearea 2 map.ddt","21.4",".ddt"
"textures\building g wallconnector shadow.ddt","1.4",".ddt"
"textures\building g wallsage1.ddt","85.4",".ddt"
"textures\building g wallsage2.ddt","85.4",".ddt"
"textures\building g wallsage3.ddt","85.4",".ddt"
"textures\building g watchtower shadow.ddt","1.4",".ddt"
"textures\building g wonder destructed.ddt","85.4",".ddt"
"textures\building g wonder.ddt","85.4",".ddt"
"textures\building g wondershadow.ddt","5.4",".ddt"
"textures\building g zeus 2 shadow.ddt","21.4",".ddt"
"textures\building g zeus 3 shadow.ddt","21.4",".ddt"
"textures\building g zeus wonder shadow.ddt","21.4",".ddt"
"textures\building g zues wonder.ddt","85.4",".ddt"
"textures\building g zues wonder01.ddt","85.4",".ddt"
"textures\building gate.ddt","5.4",".ddt"
"textures\building lion statue icon.ddt","1.4",".ddt"
"textures\building misc stairs.ddt","5.4",".ddt"
"textures\building n archery range shadow.ddt","5.4",".ddt"
"textures\building n archery rangeage1 shadow.ddt","5.4",".ddt"
"textures\building n archery rangeage3 shadow.ddt","5.4",".ddt"
"textures\building n armory destructed shadow.ddt","5.4",".ddt"
"textures\building n armory shadow.ddt","5.4",".ddt"
"textures\building n armoryage3 shadow.ddt","5.4",".ddt"
"textures\building n barracks shadow.ddt","5.4",".ddt"
"textures\building n barracksage1 shadow.ddt","5.4",".ddt"
"textures\building n barracksage3 shadow.ddt","5.4",".ddt"
"textures\building n barracksage4 shadow.ddt","5.4",".ddt"
"textures\building n barracksconstruction shadow.ddt","5.4",".ddt"
"textures\building n constructiontemple.ddt","5.4",".ddt"
"textures\building n destructed.ddt","85.4",".ddt"
"textures\building n dock shadow.ddt","5.4",".ddt"
"textures\building n dock.ddt","85.4",".ddt"
"textures\building n gateall.ddt","21.4",".ddt"
"textures\building n hillfort shadow.ddt","5.4",".ddt"
"textures\building n hillfort.ddt","85.4",".ddt"
"textures\building n house a shadow.ddt","1.4",".ddt"
"textures\building n house b shadow.ddt","1.4",".ddt"
"textures\building n house c shadow.ddt","1.4",".ddt"
"textures\building n house destructed shadow.ddt","5.4",".ddt"
"textures\building n loki 1 shadow.ddt","21.4",".ddt"
"textures\building n loki 2 shadow.ddt","21.4",".ddt"
"textures\building n loki 3 shadow.ddt","21.4",".ddt"
"textures\building n loki wonder shadow.ddt","21.4",".ddt"
"textures\building n loki wonder01.ddt","85.4",".ddt"
"textures\building n loki wonder02.ddt","85.4",".ddt"
"textures\building n longhouse destructed shadow.ddt","5.4",".ddt"
"textures\building n majortemple shadow.ddt","5.4",".ddt"
"textures\building n market shadow.ddt","5.4",".ddt"
"textures\building n marketage3 shadow.ddt","5.4",".ddt"
"textures\building n mining camp shadow.ddt","5.4",".ddt"
"textures\building n odin 2 shadow.ddt","21.4",".ddt"
"textures\building n odin wonder shadow.ddt","21.4",".ddt"
"textures\building n odin wonder.ddt","85.4",".ddt"
"textures\building n odin wonder01.ddt","85.4",".ddt"
"textures\building n ravens.ddt","85.4",".ddt"
"textures\building n settlement02 shadow.ddt","5.4",".ddt"
"textures\building n settlement03 fortified shadow.ddt","5.4",".ddt"
"textures\building n settlement03 shadow.ddt","5.4",".ddt"
"textures\building n settlementage1 shadow.ddt","5.4",".ddt"
"textures\building n settlementage1.ddt","85.4",".ddt"
"textures\building n settlementage2.ddt","85.4",".ddt"
"textures\building n settlementage3.ddt","85.4",".ddt"
"textures\building n settlementage4.ddt","85.4",".ddt"
"textures\building n shared01 1 map.ddt","85.4",".ddt"
"textures\building n shared01 2 map.ddt","85.4",".ddt"
"textures\building n shared01 3 map.ddt","85.4",".ddt"
"textures\building n shared02 2 map.ddt","85.4",".ddt"
"textures\building n shared03 2 map.ddt","85.4",".ddt"
"textures\building n shared04 2 map.ddt","85.4",".ddt"
"textures\building n shared06 2 map.ddt","85.4",".ddt"
"textures\building n shrine shadow.ddt","5.4",".ddt"
"textures\building n shrine.ddt","21.4",".ddt"
"textures\building n siege camp shadow.ddt","5.4",".ddt"
"textures\building n stable shadow.ddt","5.4",".ddt"
"textures\building n stableage1 shadow.ddt","5.4",".ddt"
"textures\building n stableage3 shadow.ddt","5.4",".ddt"
"textures\building n storehouse shadow.ddt","5.4",".ddt"
"textures\building n temple shadow.ddt","5.4",".ddt"
"textures\building n temple.ddt","85.4",".ddt"
"textures\building n templeage1 shadow.ddt","5.4",".ddt"
"textures\building n templeage1.ddt","85.4",".ddt"
"textures\building n templeage2.ddt","85.4",".ddt"
"textures\building n templeage3.ddt","85.4",".ddt"
"textures\building n thor 1 shadow.ddt","21.4",".ddt"
"textures\building n thor 2 shadow.ddt","21.4",".ddt"
"textures\building n thor 4 shadow.ddt","21.4",".ddt"
"textures\building n thorarmory shadow.ddt","5.4",".ddt"
"textures\building n thorarmory.ddt","85.4",".ddt"
"textures\building n thorarmory1.ddt","85.4",".ddt"
"textures\building n thorarmoryshadow.ddt","5.4",".ddt"
"textures\building n titan gate map.ddt","85.4",".ddt"
"textures\building n titan gate rocks.ddt","21.4",".ddt"
"textures\building n tower shadow.ddt","1.4",".ddt"
"textures\building n tower.ddt","42.7",".ddt"
"textures\building n towncenter shadow.ddt","5.4",".ddt"
"textures\building n towncenterage1 shadow.ddt","5.4",".ddt"
"textures\building n wallage4.ddt","85.4",".ddt"
"textures\building n wonder falling leaves.ddt","5.4",".ddt"
"textures\building n wonder.ddt","85.4",".ddt"
"textures\building n wonderbranch.ddt","21.4",".ddt"
"textures\building n wonderleaf.ddt","85.4",".ddt"
"textures\building n wonderrune.ddt","21.4",".ddt"
"textures\building n wondershadow.ddt","21.4",".ddt"
"textures\building outpost shadow.ddt","1.4",".ddt"
"textures\building pharoah statue icon.ddt","1.4",".ddt"
"textures\building pot.ddt","0.7",".ddt"
"textures\building props.ddt","85.4",".ddt"
"textures\building rubble10x10 shadow.ddt","5.4",".ddt"
"textures\building rubble12x12 shadow.ddt","5.4",".ddt"
"textures\building rubble4x4 shadow.ddt","5.4",".ddt"
"textures\building rubble8x8 shadow.ddt","5.4",".ddt"
"textures\building settlement shadow.ddt","5.4",".ddt"
"textures\building settlement.ddt","85.4",".ddt"
"textures\building sfx outpost glow.ddt","5.4",".ddt"
"textures\building town center icon 64.ddt","5.4",".ddt"
"textures\building town center icon.ddt","1.4",".ddt"
"textures\building towncenter icon.ddt","5.4",".ddt"
"textures\building vase.ddt","42.7",".ddt"
"textures\building vines01.ddt","5.4",".ddt"
"textures\building wall damage.ddt","85.4",".ddt"
"textures\building wall to gate icon 64.ddt","5.4",".ddt"
"textures\building wall to gate icon.ddt","1.4",".ddt"
"textures\building x armory age1 shadow.ddt","5.4",".ddt"
"textures\building x armory age2 shadow.ddt","5.4",".ddt"
"textures\building x barracks age2 shadow.ddt","5.4",".ddt"
"textures\building x bronze gate.ddt","21.4",".ddt"
"textures\building x construction palace shadow.ddt","5.4",".ddt"
"textures\building x construction temple.ddt","5.4",".ddt"
"textures\building x dock.ddt","85.4",".ddt"
"textures\building x gaia wonder con shadow.ddt","21.4",".ddt"
"textures\building x guard tower shadow.ddt","1.4",".ddt"
"textures\building x guild age2 shadow.ddt","5.4",".ddt"
"textures\building x guild age2.ddt","85.4",".ddt"
"textures\building x iron gate.ddt","21.4",".ddt"
"textures\building x kronos wonder con 3 shadow.ddt","21.4",".ddt"
"textures\building x kronos wonder con 4 shadow.ddt","21.4",".ddt"
"textures\building x manor a age2 shadow.ddt","5.4",".ddt"
"textures\building x manor b age2 shadow.ddt","5.4",".ddt"
"textures\building x manor c age2 shadow.ddt","5.4",".ddt"
"textures\building x market age2 shadow.ddt","5.4",".ddt"
"textures\building x mirror tower shadow.ddt","5.4",".ddt"
"textures\building x mirror tower.ddt","42.7",".ddt"
"textures\building x oranos wonder con 3 shadow.ddt","21.4",".ddt"
"textures\building x oranos wonder con 4 shadow.ddt","21.4",".ddt"
"textures\building x oreichalkos gate.ddt","42.7",".ddt"
"textures\building x palace age2 shadow.ddt","5.4",".ddt"
"textures\building x palace age2.ddt","85.4",".ddt"
"textures\building x palace age3.ddt","85.4",".ddt"
"textures\building x palace roof age3.ddt","21.4",".ddt"
"textures\building x palace roof.ddt","21.4",".ddt"
"textures\building x roof age0.ddt","85.4",".ddt"
"textures\building x roof age1.ddt","85.4",".ddt"
"textures\building x roof age2.ddt","85.4",".ddt"
"textures\building x roof age3.ddt","85.4",".ddt"
"textures\building x settlement age0 shadow.ddt","5.4",".ddt"
"textures\building x settlement age1 shadow.ddt","5.4",".ddt"
"textures\building x settlement age2 fortified shadow.ddt","5.4",".ddt"
"textures\building x settlement age2 shadow.ddt","5.4",".ddt"
"textures\building x shared age0.ddt","85.4",".ddt"
"textures\building x shared age3.ddt","85.4",".ddt"
"textures\building x sky temple roof.ddt","21.4",".ddt"
"textures\building x sky temple shadow.ddt","5.4",".ddt"
"textures\building x sky temple.ddt","85.4",".ddt"
"textures\building x specialist age2 shadow.ddt","5.4",".ddt"
"textures\building x statue stand in.ddt","85.4",".ddt"
"textures\building x stone wall.ddt","85.4",".ddt"
"textures\building x temple age0 shadow.ddt","5.4",".ddt"
"textures\building x temple age0.ddt","85.4",".ddt"
"textures\building x temple age1 shadow.ddt","5.4",".ddt"
"textures\building x temple age1.ddt","85.4",".ddt"
"textures\building x temple age2 shadow.ddt","5.4",".ddt"
"textures\building x temple age2.ddt","85.4",".ddt"
"textures\building x temple age3 shadow.ddt","5.4",".ddt"
"textures\building x temple age3.ddt","85.4",".ddt"
"textures\building x temple og1 25.ddt","85.4",".ddt"
"textures\building x temple og1 50.ddt","85.4",".ddt"
"textures\building x temple og1 75.ddt","85.4",".ddt"
"textures\building x temple og1.ddt","85.4",".ddt"
"textures\building x temple og2 25.ddt","85.4",".ddt"
"textures\building x temple og2 50.ddt","85.4",".ddt"
"textures\building x temple og2 75.ddt","85.4",".ddt"
"textures\building x temple og2.ddt","85.4",".ddt"
"textures\building x titangate.ddt","85.4",".ddt"
"textures\building x tower watch.ddt","85.4",".ddt"
"textures\building x tower watch2.ddt","85.4",".ddt"
"textures\building x tower watch3.ddt","85.4",".ddt"
"textures\building x tower watch4.ddt","85.4",".ddt"
"textures\building x towers.ddt","85.4",".ddt"
"textures\building x wall age2.ddt","85.4",".ddt"
"textures\building x wall age3.ddt","85.4",".ddt"
"textures\building x wall bronze.ddt","85.4",".ddt"
"textures\building x wall iron.ddt","85.4",".ddt"
"textures\building x wall oreichalkos damage.ddt","85.4",".ddt"
"textures\building x wall oreichalkos.ddt","85.4",".ddt"
"textures\building x wall stone.ddt","85.4",".ddt"
"textures\building x watch tower shadow.ddt","1.4",".ddt"
"textures\building x wonder gaia shadow.ddt","5.4",".ddt"
"textures\building x wonder kronos shadow.ddt","5.4",".ddt"
"textures\building x wonder oranos shadow.ddt","21.4",".ddt"
"textures\buildingestatue01.ddt","85.4",".ddt"
"textures\buildingshadow_decal.ddt","1.4",".ddt"
"textures\buildingshadow_decaltc.ddt","1.4",".ddt"
"textures\building_e_monumentbase_map.ddt","85.4",".ddt"
"textures\burst.ddt","21.4",".ddt"
"textures\bush01.ddt","5.4",".ddt"
"textures\butterfly.ddt","1.4",".ddt"
"textures\cavalry c cataphract bronze.ddt","5.4",".ddt"
"textures\cavalry c cataphract copper.ddt","5.4",".ddt"
"textures\cavalry c cataphract head bronze.ddt","1.4",".ddt"
"textures\cavalry c cataphract head copper.ddt","1.4",".ddt"
"textures\cavalry c cataphract head iron.ddt","1.4",".ddt"
"textures\cavalry c cataphract head standard.ddt","1.4",".ddt"
"textures\cavalry c cataphract horse bronze.ddt","21.4",".ddt"
"textures\cavalry c cataphract horse copper.ddt","21.4",".ddt"
"textures\cavalry c cataphract horse iron.ddt","21.4",".ddt"
"textures\cavalry c cataphract horse standard.ddt","21.4",".ddt"
"textures\cavalry c cataphract icon.ddt","4",".ddt"
"textures\cavalry c cataphract iron.ddt","5.4",".ddt"
"textures\cavalry c cataphract standard.ddt","5.4",".ddt"
"textures\cavalry c chariot bronze.ddt","21.4",".ddt"
"textures\cavalry c chariot copper.ddt","21.4",".ddt"
"textures\cavalry c chariot horse bronze.ddt","85.4",".ddt"
"textures\cavalry c chariot horse iron.ddt","85.4",".ddt"
"textures\cavalry c chariot horse standard.ddt","21.4",".ddt"
"textures\cavalry c chariot iron.ddt","21.4",".ddt"
"textures\cavalry c chariot standard.ddt","21.4",".ddt"
"textures\cavalry c charioteer bronze.ddt","85.4",".ddt"
"textures\cavalry c charioteer iron.ddt","85.4",".ddt"
"textures\cavalry c charioteer standard.ddt","85.4",".ddt"
"textures\cavalry c scout bronze.ddt","5.4",".ddt"
"textures\cavalry c scout copper.ddt","5.4",".ddt"
"textures\cavalry c scout head bronze.ddt","1.4",".ddt"
"textures\cavalry c scout head copper.ddt","1.4",".ddt"
"textures\cavalry c scout head iron.ddt","1.4",".ddt"
"textures\cavalry c scout head standard.ddt","1.4",".ddt"
"textures\cavalry c scout horse bronze.ddt","21.4",".ddt"
"textures\cavalry c scout horse copper.ddt","21.4",".ddt"
"textures\cavalry c scout horse iron.ddt","21.4",".ddt"
"textures\cavalry c scout horse standard.ddt","21.4",".ddt"
"textures\cavalry c scout icon.ddt","4",".ddt"
"textures\cavalry c scout iron.ddt","5.4",".ddt"
"textures\cavalry c scout standard.ddt","5.4",".ddt"
"textures\cavalry c war chariot icon.ddt","2",".ddt"
"textures\cavalry e camelry bronze.ddt","5.4",".ddt"
"textures\cavalry e camelry camel bronze.ddt","21.4",".ddt"
"textures\cavalry e camelry camel copper.ddt","21.4",".ddt"
"textures\cavalry e camelry camel iron.ddt","21.4",".ddt"
"textures\cavalry e camelry camel map.ddt","5.4",".ddt"
"textures\cavalry e camelry camel standard.ddt","21.4",".ddt"
"textures\cavalry e camelry copper.ddt","5.4",".ddt"
"textures\cavalry e camelry corpse bodya.ddt","5.4",".ddt"
"textures\cavalry e camelry head bronze.ddt","1.4",".ddt"
"textures\cavalry e camelry head copper.ddt","1.4",".ddt"
"textures\cavalry e camelry head iron.ddt","1.4",".ddt"
"textures\cavalry e camelry head standard.ddt","1.4",".ddt"
"textures\cavalry e camelry iron.ddt","5.4",".ddt"
"textures\cavalry e camelry map.ddt","5.4",".ddt"
"textures\cavalry e camelry skeletona.ddt","5.4",".ddt"
"textures\cavalry e camelry standard.ddt","5.4",".ddt"
"textures\cavalry e chariot archer bronze.ddt","85.4",".ddt"
"textures\cavalry e chariot archer copper.ddt","85.4",".ddt"
"textures\cavalry e chariot archer corpse bodya.ddt","10.7",".ddt"
"textures\cavalry e chariot archer iron.ddt","85.4",".ddt"
"textures\cavalry e chariot archer skeletona.ddt","10.7",".ddt"
"textures\cavalry e chariot chariot map.ddt","10",".ddt"
"textures\cavalry e chariot horse map.ddt","13.4",".ddt"
"textures\cavalry e chariot map.ddt","3.4",".ddt"
"textures\cavalry e mercenary corpse bodya.ddt","5.4",".ddt"
"textures\cavalry e mercenary horse iron.ddt","21.4",".ddt"
"textures\cavalry e mercenary horse standard.ddt","21.4",".ddt"
"textures\cavalry e mercenary skeletona.ddt","5.4",".ddt"
"textures\cavalry e war elephant basket bronze.ddt","5.4",".ddt"
"textures\cavalry e war elephant basket copper.ddt","5.4",".ddt"
"textures\cavalry e war elephant basket iron.ddt","5.4",".ddt"
"textures\cavalry e war elephant basket standard.ddt","5.4",".ddt"
"textures\cavalry e war elephant bronze.ddt","42.7",".ddt"
"textures\cavalry e war elephant copper.ddt","42.7",".ddt"
"textures\cavalry e war elephant corpse bodya.ddt","21.4",".ddt"
"textures\cavalry e war elephant head bronze.ddt","1.4",".ddt"
"textures\cavalry e war elephant head copper.ddt","1.4",".ddt"
"textures\cavalry e war elephant head iron.ddt","1.4",".ddt"
"textures\cavalry e war elephant head standard.ddt","1.4",".ddt"
"textures\cavalry e war elephant iron.ddt","42.7",".ddt"
"textures\cavalry e war elephant rider bronze.ddt","5.4",".ddt"
"textures\cavalry e war elephant rider copper.ddt","5.4",".ddt"
"textures\cavalry e war elephant rider iron.ddt","5.4",".ddt"
"textures\cavalry e war elephant rider standard.ddt","5.4",".ddt"
"textures\cavalry e war elephant skeletona.ddt","21.4",".ddt"
"textures\cavalry e war elephant tusks bronze.ddt","1.4",".ddt"
"textures\cavalry e war elephant tusks copper.ddt","1.4",".ddt"
"textures\cavalry e war elephant tusks iron.ddt","1.4",".ddt"
"textures\cavalry e war elephant tusks standard.ddt","1.4",".ddt"
"textures\cavalry g cataphract corpse bodya.ddt","5.4",".ddt"
"textures\cavalry g cataphract head iron.ddt","1.4",".ddt"
"textures\cavalry g cataphract horse iron.ddt","21.4",".ddt"
"textures\cavalry g cataphract iron.ddt","5.4",".ddt"
"textures\cavalry g cataphract skeletona.ddt","5.4",".ddt"
"textures\cavalry g hetairoi bronze.ddt","5.4",".ddt"
"textures\cavalry g hetairoi cape.ddt","1.4",".ddt"
"textures\cavalry g hetairoi copper.ddt","5.4",".ddt"
"textures\cavalry g hetairoi corpse bodya.ddt","5.4",".ddt"
"textures\cavalry g hetairoi head iron.ddt","1.4",".ddt"
"textures\cavalry g hetairoi horse iron.ddt","21.4",".ddt"
"textures\cavalry g hetairoi iron.ddt","5.4",".ddt"
"textures\cavalry g hetairoi skeletona.ddt","5.4",".ddt"
"textures\cavalry g hippikon bronze.ddt","5.4",".ddt"
"textures\cavalry g hippikon cape.ddt","1.4",".ddt"
"textures\cavalry g hippikon copper.ddt","5.4",".ddt"
"textures\cavalry g hippikon corpse bodya.ddt","5.4",".ddt"
"textures\cavalry g hippikon head bronze.ddt","1.4",".ddt"
"textures\cavalry g hippikon head copper.ddt","1.4",".ddt"
"textures\cavalry g hippikon head iron.ddt","1.4",".ddt"
"textures\cavalry g hippikon head standard.ddt","1.4",".ddt"
"textures\cavalry g hippikon horse bronze.ddt","21.4",".ddt"
"textures\cavalry g hippikon horse copper.ddt","21.4",".ddt"
"textures\cavalry g hippikon horse iron.ddt","21.4",".ddt"
"textures\cavalry g hippikon horse standard.ddt","21.4",".ddt"
"textures\cavalry g hippikon iron.ddt","5.4",".ddt"
"textures\cavalry g hippikon skeletona.ddt","5.4",".ddt"
"textures\cavalry g hippikon standard.ddt","5.4",".ddt"
"textures\cavalry g light cavalry spear map.ddt","1.5",".ddt"
"textures\cavalry g prodromos bronze.ddt","5.4",".ddt"
"textures\cavalry g prodromos copper.ddt","5.4",".ddt"
"textures\cavalry g prodromos corpse bodya.ddt","5.4",".ddt"
"textures\cavalry g prodromos head bronze.ddt","2.7",".ddt"
"textures\cavalry g prodromos head copper.ddt","2.7",".ddt"
"textures\cavalry g prodromos head iron.ddt","2.7",".ddt"
"textures\cavalry g prodromos head standard.ddt","1.4",".ddt"
"textures\cavalry g prodromos horse bronze.ddt","21.4",".ddt"
"textures\cavalry g prodromos horse copper.ddt","21.4",".ddt"
"textures\cavalry g prodromos horse iron.ddt","21.4",".ddt"
"textures\cavalry g prodromos horse standard.ddt","21.4",".ddt"
"textures\cavalry g prodromos iron.ddt","5.4",".ddt"
"textures\cavalry g prodromos skeletona.ddt","5.4",".ddt"
"textures\cavalry g prodromos standard.ddt","5.4",".ddt"
"textures\cavalry g scout corpse bodya.ddt","5.4",".ddt"
"textures\cavalry g scout horse.ddt","21.4",".ddt"
"textures\cavalry g scout skeletona.ddt","5.4",".ddt"
"textures\cavalry n jarl bronze.ddt","5.4",".ddt"
"textures\cavalry n jarl cape.ddt","1.4",".ddt"
"textures\cavalry n jarl copper.ddt","5.4",".ddt"
"textures\cavalry n jarl corpse bodya.ddt","5.4",".ddt"
"textures\cavalry n jarl head bronze.ddt","1.4",".ddt"
"textures\cavalry n jarl head copper.ddt","1.4",".ddt"
"textures\cavalry n jarl head iron.ddt","1.4",".ddt"
"textures\cavalry n jarl head standard.ddt","1.4",".ddt"
"textures\cavalry n jarl horse bronze.ddt","21.4",".ddt"
"textures\cavalry n jarl horse copper.ddt","21.4",".ddt"
"textures\cavalry n jarl horse iron.ddt","21.4",".ddt"
"textures\cavalry n jarl horse standard.ddt","21.4",".ddt"
"textures\cavalry n jarl iron.ddt","5.4",".ddt"
"textures\cavalry n jarl skeletona.ddt","5.4",".ddt"
"textures\cavalry n jarl standard.ddt","5.4",".ddt"
"textures\cavalry n raiding cavalry bronze.ddt","5.4",".ddt"
"textures\cavalry n raiding cavalry copper.ddt","5.4",".ddt"
"textures\cavalry n raiding cavalry corpse bodya.ddt","5.4",".ddt"
"textures\cavalry n raiding cavalry head bronze.ddt","1.4",".ddt"
"textures\cavalry n raiding cavalry head copper.ddt","1.4",".ddt"
"textures\cavalry n raiding cavalry head iron.ddt","1.4",".ddt"
"textures\cavalry n raiding cavalry head standard.ddt","1.4",".ddt"
"textures\cavalry n raiding cavalry horse bronze.ddt","21.4",".ddt"
"textures\cavalry n raiding cavalry horse copper.ddt","21.4",".ddt"
"textures\cavalry n raiding cavalry horse iron.ddt","21.4",".ddt"
"textures\cavalry n raiding cavalry horse standard.ddt","21.4",".ddt"
"textures\cavalry n raiding cavalry iron.ddt","5.4",".ddt"
"textures\cavalry n raiding cavalry skeletona.ddt","5.4",".ddt"
"textures\cavalry n raiding cavalry standard.ddt","5.4",".ddt"
"textures\cavalry x javelin bronze.ddt","5.4",".ddt"
"textures\cavalry x javelin copper.ddt","5.4",".ddt"
"textures\cavalry x javelin corpse bodya.ddt","5.4",".ddt"
"textures\cavalry x javelin corpse skeletona.ddt","5.4",".ddt"
"textures\cavalry x javelin hero.ddt","5.4",".ddt"
"textures\cavalry x javelin horse bronze.ddt","21.4",".ddt"
"textures\cavalry x javelin horse copper.ddt","21.4",".ddt"
"textures\cavalry x javelin horse hero.ddt","21.4",".ddt"
"textures\cavalry x javelin horse iron.ddt","21.4",".ddt"
"textures\cavalry x javelin horse standard.ddt","21.4",".ddt"
"textures\cavalry x javelin iron.ddt","5.4",".ddt"
"textures\cavalry x javelin standard.ddt","5.4",".ddt"
"textures\cavalry x lancer bronze.ddt","5.4",".ddt"
"textures\cavalry x lancer cape iron.ddt","2.7",".ddt"
"textures\cavalry x lancer copper.ddt","5.4",".ddt"
"textures\cavalry x lancer corpse bodya.ddt","5.4",".ddt"
"textures\cavalry x lancer corpse skeletona.ddt","5.4",".ddt"
"textures\cavalry x lancer hero.ddt","5.4",".ddt"
"textures\cavalry x lancer horse bronze.ddt","21.4",".ddt"
"textures\cavalry x lancer horse copper.ddt","21.4",".ddt"
"textures\cavalry x lancer horse hero.ddt","21.4",".ddt"
"textures\cavalry x lancer horse iron.ddt","21.4",".ddt"
"textures\cavalry x lancer horse standard.ddt","21.4",".ddt"
"textures\cavalry x lancer iron.ddt","5.4",".ddt"
"textures\cavalry x lancer standard.ddt","5.4",".ddt"
"textures\chat.ddt","0.4",".ddt"
"textures\chatlogo.ddt","0.4",".ddt"
"textures\cin villager x female_dead shadow.ddt","5.4",".ddt"
"textures\cin villager x male_dead shadow.ddt","5.4",".ddt"
"textures\cine a arkantos god helmet map.ddt","21.4",".ddt"
"textures\cine a arkantos god map.ddt","85.4",".ddt"
"textures\cine a arkantos god shoulder map.ddt","21.4",".ddt"
"textures\cine a arkantos helmet low.ddt","5.4",".ddt"
"textures\cine a arkantos helmet.ddt","85.4",".ddt"
"textures\cine a arkantos map.ddt","85.4",".ddt"
"textures\cine a arkantos shoulder map.ddt","21.4",".ddt"
"textures\cine a arkantosman map.ddt","85.4",".ddt"
"textures\cine a arkantosman mapblue.ddt","341.4",".ddt"
"textures\cine a arkantosman shoulder map.ddt","21.4",".ddt"
"textures\cine a brokk map.ddt","85.4",".ddt"
"textures\cine a eitri map.ddt","85.4",".ddt"
"textures\cine a jarl helmet map.ddt","21.4",".ddt"
"textures\cine a jarl horse map.ddt","85.4",".ddt"
"textures\cine a jarl map.ddt","85.4",".ddt"
"textures\cine a kemsyt head bag.ddt","21.4",".ddt"
"textures\cine a kemsyt scimitar.ddt","5.4",".ddt"
"textures\cine a kemsyt.ddt","85.4",".ddt"
"textures\cine a skult map.ddt","85.4",".ddt"
"textures\cine axeman map.ddt","21.4",".ddt"
"textures\cine bow map.ddt","5.4",".ddt"
"textures\cine c danzhu.ddt","85.4",".ddt"
"textures\cine c emperor head.ddt","85.4",".ddt"
"textures\cine c emperor.ddt","341.4",".ddt"
"textures\cine c jiaolong.ddt","85.4",".ddt"
"textures\cine c shun shoulder.ddt","21.4",".ddt"
"textures\cine c shun spear.ddt","42.7",".ddt"
"textures\cine c shun.ddt","341.4",".ddt"
"textures\cine c zhi.ddt","85.4",".ddt"
"textures\cine e axeman axe.ddt","21.4",".ddt"
"textures\cine e axeman groin.ddt","10.7",".ddt"
"textures\cine e axeman shield.ddt","21.4",".ddt"
"textures\cine e axeman.ddt","85.4",".ddt"
"textures\cine e infantry hairmap.ddt","1.4",".ddt"
"textures\cine e infantry map.ddt","85.4",".ddt"
"textures\cine e osiris map.ddt","85.4",".ddt"
"textures\cine e setna.ddt","85.4",".ddt"
"textures\cine g ajax lion head map.ddt","42.7",".ddt"
"textures\cine g ajax map.ddt","85.4",".ddt"
"textures\cine g ajax old lion head map.ddt","10.7",".ddt"
"textures\cine g ajax old map.ddt","85.4",".ddt"
"textures\cine g ajax old shield map.ddt","21.4",".ddt"
"textures\cine g ajax old spear map.ddt","10.7",".ddt"
"textures\cine g ajax shield map.ddt","21.4",".ddt"
"textures\cine g ajax.ddt","85.4",".ddt"
"textures\cine g amanra map.ddt","85.4",".ddt"
"textures\cine g amanra old map.ddt","85.4",".ddt"
"textures\cine g amanra shield map.ddt","21.4",".ddt"
"textures\cine g amanra shield old map.ddt","21.4",".ddt"
"textures\cine g amanra weapon map.ddt","10.7",".ddt"
"textures\cine g amanra weapon old map.ddt","10.7",".ddt"
"textures\cine g chiron map.ddt","85.4",".ddt"
"textures\cine g gargarensis map.ddt","85.4",".ddt"
"textures\cine g hoplite shield cine.ddt","10.7",".ddt"
"textures\cine g hoplite shield.ddt","10.7",".ddt"
"textures\cine g hoplite spear.ddt","2.8",".ddt"
"textures\cine g kastor map.ddt","85.4",".ddt"
"textures\cine g odysseus map.ddt","85.4",".ddt"
"textures\cine g odysseus quiver map.ddt","21.4",".ddt"
"textures\cine g old man map.ddt","85.4",".ddt"
"textures\cine g poseidon pirate trident shadow.ddt","1.4",".ddt"
"textures\cine g poseidon stone.ddt","85.4",".ddt"
"textures\cine g poseidon trident.ddt","5.4",".ddt"
"textures\cine low e axe iron.ddt","1.4",".ddt"
"textures\cine n hersir hammer.ddt","5.4",".ddt"
"textures\cine n hersir.ddt","85.4",".ddt"
"textures\cine n huskarl cape.ddt","21.4",".ddt"
"textures\cine n huskarl.ddt","85.4",".ddt"
"textures\cine n reginleif map.ddt","85.4",".ddt"
"textures\cine n reginleif weapons map.ddt","85.4",".ddt"
"textures\cine n ulfsark cape.ddt","21.4",".ddt"
"textures\cine n ulfsark.ddt","85.4",".ddt"
"textures\cine quiver map.ddt","21.4",".ddt"
"textures\cine spear map.ddt","42.7",".ddt"
"textures\cine x hp arcusmap.ddt","85.4",".ddt"
"textures\cine x hp arcusweaponsmap.ddt","21.4",".ddt"
"textures\cine x hp automatonmap.ddt","85.4",".ddt"
"textures\cine x hp autoweaponsmap.ddt","85.4",".ddt"
"textures\cine x hp fanaticmap.ddt","85.4",".ddt"
"textures\cine x hp fanaticweaponsmap.ddt","10.7",".ddt"
"textures\cine x hp melagiusmap.ddt","85.4",".ddt"
"textures\cine x kastor adult sword.ddt","10.7",".ddt"
"textures\cine x kastor adult.ddt","85.4",".ddt"
"textures\cine x krios.ddt","85.4",".ddt"
"textures\cine x kriosred.ddt","85.4",".ddt"
"textures\cine x mp melagius head.ddt","0.4",".ddt"
"textures\cine x trident soldier cape.ddt","42.7",".ddt"
"textures\cine x trident soldier helmet.ddt","21.4",".ddt"
"textures\cine x trident soldier shield.ddt","85.4",".ddt"
"textures\cine x trident soldier.ddt","85.4",".ddt"
"textures\cinematic naval g trireme b.ddt","21.4",".ddt"
"textures\cinematic naval g trireme.ddt","85.4",".ddt"
"textures\circles.ddt","5.4",".ddt"
"textures\closebutton.ddt","0.4",".ddt"
"textures\cloud.ddt","341.4",".ddt"
"textures\command attack move icon.ddt","1",".ddt"
"textures\command god no isis icon.ddt","1.4",".ddt"
"textures\curvedbow.ddt","0.7",".ddt"
"textures\curvedbowquiver.ddt","1.4",".ddt"
"textures\cyclops high.ddt","85.4",".ddt"
"textures\defaultskyboxbk.ddt","85.4",".ddt"
"textures\defaultskyboxdn.ddt","85.4",".ddt"
"textures\defaultskyboxft.ddt","85.4",".ddt"
"textures\defaultskyboxlf.ddt","85.4",".ddt"
"textures\defaultskyboxrt.ddt","85.4",".ddt"
"textures\defaultskyboxup.ddt","85.4",".ddt"
"textures\defaultskybox_bk.ddt","85.4",".ddt"
"textures\defaultskybox_dn.ddt","1.4",".ddt"
"textures\defaultskybox_fr.ddt","85.4",".ddt"
"textures\defaultskybox_lf.ddt","85.4",".ddt"
"textures\defaultskybox_rt.ddt","85.4",".ddt"
"textures\defaultskybox_up.ddt","85.4",".ddt"
"textures\defaultsub.ddt","0.4",".ddt"
"textures\dgl_buttons.ddt","21.4",".ddt"
"textures\dialog.ddt","21.4",".ddt"
"textures\dialog_inset.ddt","21.4",".ddt"
"textures\diplomacy.ddt","0.4",".ddt"
"textures\dock icon 32x32.ddt","1.4",".ddt"
"textures\earth.ddt","85.4",".ddt"
"textures\economic icon 32x32.ddt","1.4",".ddt"
"textures\erebusskybox_bk.ddt","85.4",".ddt"
"textures\erebusskybox_dn.ddt","85.4",".ddt"
"textures\erebusskybox_fr.ddt","85.4",".ddt"
"textures\erebusskybox_lf.ddt","85.4",".ddt"
"textures\erebusskybox_rt.ddt","85.4",".ddt"
"textures\erebusskybox_up.ddt","85.4",".ddt"
"textures\es_logo.ddt","21.4",".ddt"
"textures\fog01.ddt","5.4",".ddt"
"textures\fog02.ddt","21.4",".ddt"
"textures\fog03.ddt","5.4",".ddt"
"textures\fog04.ddt","21.4",".ddt"
"textures\fog05.ddt","5.4",".ddt"
"textures\fog06.ddt","5.4",".ddt"
"textures\fog07.ddt","21.4",".ddt"
"textures\fog08.ddt","21.4",".ddt"
"textures\fogcircle.ddt","0.4",".ddt"
"textures\fogedgecorner.ddt","0.4",".ddt"
"textures\fogedgecorner4.ddt","0",".ddt"
"textures\fogedgecorner8.ddt","0.1",".ddt"
"textures\fogedgetwocorners.ddt","0.4",".ddt"
"textures\fogedgetwocorners4.ddt","0",".ddt"
"textures\fogedgetwocorners8.ddt","0.1",".ddt"
"textures\fogfourcorners.ddt","0.4",".ddt"
"textures\fogfourcorners4.ddt","0",".ddt"
"textures\fogfourcorners8.ddt","0.1",".ddt"
"textures\foglshape.ddt","0.4",".ddt"
"textures\foglshape4.ddt","0",".ddt"
"textures\foglshape8.ddt","0.1",".ddt"
"textures\foglshapecorner.ddt","0.4",".ddt"
"textures\foglshapecorner4.ddt","0",".ddt"
"textures\foglshapecorner8.ddt","0.1",".ddt"
"textures\fogonecorner.ddt","0.4",".ddt"
"textures\fogonecorner4.ddt","0",".ddt"
"textures\fogonecorner8.ddt","0.1",".ddt"
"textures\fogoneedge.ddt","0.4",".ddt"
"textures\fogoneedge4.ddt","0",".ddt"
"textures\fogoneedge8.ddt","0.1",".ddt"
"textures\fogthreecorners.ddt","0.4",".ddt"
"textures\fogthreecorners4.ddt","0",".ddt"
"textures\fogthreecorners8.ddt","0.1",".ddt"
"textures\fogtwocorners.ddt","0.4",".ddt"
"textures\fogtwocorners4.ddt","0",".ddt"
"textures\fogtwocorners8.ddt","0.1",".ddt"
"textures\fogtwoedges.ddt","0.4",".ddt"
"textures\fogtwoedges4.ddt","0",".ddt"
"textures\fogtwoedges8.ddt","0.1",".ddt"
"textures\fogtwooppositecorners.ddt","0.4",".ddt"
"textures\fogtwooppositecorners4.ddt","0",".ddt"
"textures\fogtwooppositecorners8.ddt","0.1",".ddt"
"textures\fogushape.ddt","0.4",".ddt"
"textures\fogushape4.ddt","0",".ddt"
"textures\fogushape8.ddt","0.1",".ddt"
"textures\forkboy map.ddt","21.4",".ddt"
"textures\g hypaspist highmodelmap.ddt","85.4",".ddt"
"textures\g hypaspist map 256.ddt","85.4",".ddt"
"textures\gaia pool ground.ddt","85.4",".ddt"
"textures\gaia wonder map1.ddt","85.4",".ddt"
"textures\gaia wonder map2.ddt","85.4",".ddt"
"textures\gaia wonder statue.ddt","21.4",".ddt"
"textures\gaiacreepflowersa.ddt","21.4",".ddt"
"textures\gaiacreepflowersaop.ddt","1.4",".ddt"
"textures\gaiaflowers map.ddt","5.4",".ddt"
"textures\general body.ddt","5.4",".ddt"
"textures\general head.ddt","1.4",".ddt"
"textures\general shield.ddt","10.7",".ddt"
"textures\general sword.ddt","0.7",".ddt"
"textures\generate_favor.ddt","1",".ddt"
"textures\generate_food.ddt","1",".ddt"
"textures\generate_gold.ddt","1",".ddt"
"textures\generate_wood.ddt","1",".ddt"
"textures\gine g kamos map.ddt","85.4",".ddt"
"textures\gine g kamos map2.ddt","85.4",".ddt"
"textures\god major hades icon 128.ddt","21.4",".ddt"
"textures\god major loki icon 128.ddt","21.4",".ddt"
"textures\god major ra icon 128.ddt","21.4",".ddt"
"textures\god minor portrait atlantis atlas.ddt","85.4",".ddt"
"textures\god minor portrait atlantis hekate.ddt","85.4",".ddt"
"textures\god minor portrait atlantis helios.ddt","85.4",".ddt"
"textures\god minor portrait atlantis hyperion.ddt","85.4",".ddt"
"textures\god minor portrait atlantis leto.ddt","85.4",".ddt"
"textures\god minor portrait atlantis okeanus.ddt","85.4",".ddt"
"textures\god minor portrait atlantis prometheus.ddt","85.4",".ddt"
"textures\god minor portrait atlantis rheia.ddt","85.4",".ddt"
"textures\god minor portrait atlantis theia.ddt","85.4",".ddt"
"textures\god minor portrait chinese aokuang.ddt","175.1",".ddt"
"textures\god minor portrait chinese change.ddt","123.6",".ddt"
"textures\god minor portrait chinese chongli.ddt","166.9",".ddt"
"textures\god minor portrait chinese dabogong.ddt","164.2",".ddt"
"textures\god minor portrait chinese hebo.ddt","174.1",".ddt"
"textures\god minor portrait chinese huangdi.ddt","139.2",".ddt"
"textures\god minor portrait chinese sunwukong.ddt","166.5",".ddt"
"textures\god minor portrait chinese xiwangmu.ddt","153.6",".ddt"
"textures\god minor portrait chinese zhongkui.ddt","156.1",".ddt"
"textures\god minor portrait egypt anubis.ddt","85.4",".ddt"
"textures\god minor portrait egypt bast.ddt","85.4",".ddt"
"textures\god minor portrait egypt hathor.ddt","85.4",".ddt"
"textures\god minor portrait egypt horus.ddt","85.4",".ddt"
"textures\god minor portrait egypt nephthys.ddt","85.4",".ddt"
"textures\god minor portrait egypt osiris.ddt","85.4",".ddt"
"textures\god minor portrait egypt ptah.ddt","85.4",".ddt"
"textures\god minor portrait egypt sekhmet.ddt","85.4",".ddt"
"textures\god minor portrait egypt thoth.ddt","85.4",".ddt"
"textures\god minor portrait greek aphrodite.ddt","85.4",".ddt"
"textures\god minor portrait greek apollo.ddt","85.4",".ddt"
"textures\god minor portrait greek ares.ddt","85.4",".ddt"
"textures\god minor portrait greek artemis.ddt","85.4",".ddt"
"textures\god minor portrait greek athena.ddt","85.4",".ddt"
"textures\god minor portrait greek dionysus.ddt","85.4",".ddt"
"textures\god minor portrait greek hephaestus.ddt","85.4",".ddt"
"textures\god minor portrait greek hera.ddt","85.4",".ddt"
"textures\god minor portrait greek hermes.ddt","85.4",".ddt"
"textures\god minor portrait norse baldr.ddt","85.4",".ddt"
"textures\god minor portrait norse bragi.ddt","85.4",".ddt"
"textures\god minor portrait norse forseti.ddt","85.4",".ddt"
"textures\god minor portrait norse freyja.ddt","85.4",".ddt"
"textures\god minor portrait norse heimdall.ddt","85.4",".ddt"
"textures\god minor portrait norse hel.ddt","85.4",".ddt"
"textures\god minor portrait norse njord.ddt","85.4",".ddt"
"textures\god minor portrait norse skadi.ddt","85.4",".ddt"
"textures\god minor portrait norse tyr.ddt","85.4",".ddt"
"textures\god n frost haze map.ddt","1.4",".ddt"
"textures\god n frost ice map.ddt","1.4",".ddt"
"textures\god n frost particle map.ddt","1.4",".ddt"
"textures\god n frost shocksmall map.ddt","21.4",".ddt"
"textures\god n frost shockwave map.ddt","21.4",".ddt"
"textures\god n ice block map.ddt","21.4",".ddt"
"textures\god n ice sheet map.ddt","21.4",".ddt"
"textures\god n shadow ice map.ddt","5.4",".ddt"
"textures\god power call to arms icon.ddt","4",".ddt"
"textures\god power examination icon.ddt","2",".ddt"
"textures\god power firestorm icon.ddt","1.4",".ddt"
"textures\god power flood icon.ddt","4",".ddt"
"textures\god power inferno icon.ddt","4",".ddt"
"textures\god power journey icon.ddt","16",".ddt"
"textures\god power recreation icon.ddt","4",".ddt"
"textures\god power uproot icon.ddt","2",".ddt"
"textures\gold icon 32x32.ddt","1.4",".ddt"
"textures\gp x hesperides tree decal.ddt","85.4",".ddt"
"textures\gp x hesperides tree shadow.ddt","64",".ddt"
"textures\gp x hesperides tree.ddt","85.4",".ddt"
"textures\gp x tartarian gate crack a.ddt","5.4",".ddt"
"textures\gp x tartarian gate crack b.ddt","5.4",".ddt"
"textures\gp x tartarian gate creature a.ddt","21.4",".ddt"
"textures\gp x tartarian gate creature b.ddt","21.4",".ddt"
"textures\gp x tartarian gate creature corpse bodya.ddt","5.4",".ddt"
"textures\gp x tartarian gate creature corpse skeletona.ddt","5.4",".ddt"
"textures\gp x tartarian gate creature.ddt","21.4",".ddt"
"textures\gp x tartarian gate ground.ddt","85.4",".ddt"
"textures\gp x tartarian gate hole.ddt","10.7",".ddt"
"textures\gp x tartarian gate lavapool.ddt","21.4",".ddt"
"textures\gp x tartarian gate shimmer.ddt","5.4",".ddt"
"textures\gp x tartarian gate.ddt","21.4",".ddt"
"textures\greek button background.ddt","21.4",".ddt"
"textures\greekheromap.ddt","85.4",".ddt"
"textures\greektree01.ddt","2.7",".ddt"
"textures\grid1.ddt","21.4",".ddt"
"textures\hades2.ddt","85.4",".ddt"
"textures\hammer.ddt","1.4",".ddt"
"textures\hero c general cape.ddt","21.4",".ddt"
"textures\hero c general flag alpha.ddt","1.4",".ddt"
"textures\hero c general flag.ddt","10.7",".ddt"
"textures\hero c general head.ddt","1.4",".ddt"
"textures\hero c general horse.ddt","21.4",".ddt"
"textures\hero c general icon.ddt","4",".ddt"
"textures\hero c general.ddt","21.4",".ddt"
"textures\hero c immortal icon.ddt","2",".ddt"
"textures\hero c immortal.ddt","5.4",".ddt"
"textures\hero c monk head.ddt","1.4",".ddt"
"textures\hero c monk icon.ddt","4",".ddt"
"textures\hero c monk weapon.ddt","2.8",".ddt"
"textures\hero c monk.ddt","5.4",".ddt"
"textures\hero g achilles cape.ddt","2.7",".ddt"
"textures\hero g achilles corpse bodya.ddt","1.4",".ddt"
"textures\hero g achilles corpse skeletona.ddt","1.4",".ddt"
"textures\hero g achilles.ddt","21.4",".ddt"
"textures\hero g achillies corpse bodya.ddt","1.4",".ddt"
"textures\hero g achillies corpse skeletona.ddt","1.4",".ddt"
"textures\hero g ajax corpse bodya.ddt","1.4",".ddt"
"textures\hero g ajax corpse skeletona.ddt","1.4",".ddt"
"textures\hero g ajax shield.ddt","5.4",".ddt"
"textures\hero g ajax spear.ddt","2.8",".ddt"
"textures\hero g ajax.ddt","5.4",".ddt"
"textures\hero g atalanta corpse bodya.ddt","1.4",".ddt"
"textures\hero g atalanta corpse skeletona.ddt","1.4",".ddt"
"textures\hero g atalanta head standard.ddt","1.4",".ddt"
"textures\hero g atalanta shield.ddt","2.7",".ddt"
"textures\hero g atalanta.ddt","5.4",".ddt"
"textures\hero g athena head low map.ddt","1.4",".ddt"
"textures\hero g athena low map.ddt","5.4",".ddt"
"textures\hero g belerophon corpse bodya.ddt","5.4",".ddt"
"textures\hero g belerophon corpse skeletona.ddt","5.4",".ddt"
"textures\hero g belerophon head.ddt","2.7",".ddt"
"textures\hero g belerophon shield.ddt","2.7",".ddt"
"textures\hero g belerophon.ddt","5.4",".ddt"
"textures\hero g bellerophon shield.ddt","2.7",".ddt"
"textures\hero g chiron corpse bodya.ddt","5.4",".ddt"
"textures\hero g chiron corpse skeletona.ddt","5.4",".ddt"
"textures\hero g chiron shield.ddt","2.7",".ddt"
"textures\hero g chiron.ddt","85.4",".ddt"
"textures\hero g heracles club.ddt","0.7",".ddt"
"textures\hero g heracles head.ddt","2.7",".ddt"
"textures\hero g heracles shield.ddt","2.7",".ddt"
"textures\hero g heracles.ddt","5.4",".ddt"
"textures\hero g hercules corpse bodya.ddt","1.4",".ddt"
"textures\hero g hercules corpse skeletona.ddt","1.4",".ddt"
"textures\hero g hercules head.ddt","2.7",".ddt"
"textures\hero g hercules.ddt","5.4",".ddt"
"textures\hero g hippolyta corpse bodya.ddt","1.4",".ddt"
"textures\hero g hippolyta corpse skeletona.ddt","1.4",".ddt"
"textures\hero g hippolyta head standard.ddt","1.4",".ddt"
"textures\hero g hippolyta.ddt","5.4",".ddt"
"textures\hero g jason corpse bodya.ddt","1.4",".ddt"
"textures\hero g jason corpse skeletona.ddt","1.4",".ddt"
"textures\hero g jason head standard.ddt","1.4",".ddt"
"textures\hero g jason shield.ddt","2.7",".ddt"
"textures\hero g jason standard.ddt","5.4",".ddt"
"textures\hero g melagius corpse bodya.ddt","1.4",".ddt"
"textures\hero g melagius corpse skeletona.ddt","1.4",".ddt"
"textures\hero g perseus corpse bodya.ddt","1.4",".ddt"
"textures\hero g perseus corpse skeletona.ddt","1.4",".ddt"
"textures\hero g perseus head standard.ddt","2.7",".ddt"
"textures\hero g perseus standard.ddt","5.4",".ddt"
"textures\hero g physician head.ddt","1.4",".ddt"
"textures\hero g physician.ddt","5.4",".ddt"
"textures\hero g polyphemus corpse bodya.ddt","5.4",".ddt"
"textures\hero g polyphemus corpse skeletona.ddt","5.4",".ddt"
"textures\hero g polyphemus shield.ddt","2.7",".ddt"
"textures\hero g theseus corpse bodya.ddt","1.4",".ddt"
"textures\hero g theseus corpse skeletona.ddt","1.4",".ddt"
"textures\hero g theseus head standard.ddt","1.4",".ddt"
"textures\hero g theseus shield.ddt","2.7",".ddt"
"textures\hero g theseus.ddt","5.4",".ddt"
"textures\hero n hero hammer low.ddt","0.4",".ddt"
"textures\hero n hero hammer.ddt","1.4",".ddt"
"textures\hero n hero head low.ddt","1.4",".ddt"
"textures\hero n hero head.ddt","5.4",".ddt"
"textures\hero n hero low.ddt","5.4",".ddt"
"textures\hero n hero.ddt","21.4",".ddt"
"textures\hero n hersir corpse bodya.ddt","1.4",".ddt"
"textures\hero n hersir corpse skeletona.ddt","1.4",".ddt"
"textures\hero n hersir head.ddt","5.4",".ddt"
"textures\hero n hersir.ddt","21.4",".ddt"
"textures\hero n ragnorok axe.ddt","1.4",".ddt"
"textures\hero n ragnorok dwarf corpse bodya.ddt","1.4",".ddt"
"textures\hero n ragnorok dwarf corpse skeletona.ddt","1.4",".ddt"
"textures\hero n ragnorok female corpse bodya.ddt","1.4",".ddt"
"textures\hero n ragnorok female corpse skeletona.ddt","1.4",".ddt"
"textures\hero n ragnorok female head.ddt","1.4",".ddt"
"textures\hero n ragnorok female.ddt","5.4",".ddt"
"textures\hero n ragnorok male corpse bodya.ddt","1.4",".ddt"
"textures\hero n ragnorok male corpse skeletona.ddt","1.4",".ddt"
"textures\hero n ragnorok male head.ddt","1.4",".ddt"
"textures\hero n ragnorok male.ddt","5.4",".ddt"
"textures\hero x ajax shield.ddt","5.4",".ddt"
"textures\hero x ajax spear.ddt","2.8",".ddt"
"textures\hero x ajax.ddt","5.4",".ddt"
"textures\hero x kastor.ddt","5.4",".ddt"
"textures\hoplitemap cine.ddt","85.4",".ddt"
"textures\hoplitemap.ddt","85.4",".ddt"
"textures\house icon 32x32.ddt","1.4",".ddt"
"textures\icetitan.ddt","85.4",".ddt"
"textures\icon object stat attack pierce.ddt","0.4",".ddt"
"textures\icon resource population.ddt","0.7",".ddt"
"textures\igc stone prop.ddt","21.4",".ddt"
"textures\improvement acupuncture icon.ddt","3.5",".ddt"
"textures\improvement aokuang icon.ddt","4",".ddt"
"textures\improvement bone oracle script icon.ddt","2",".ddt"
"textures\improvement burials icon.ddt","4",".ddt"
"textures\improvement celestial palace icon.ddt","4",".ddt"
"textures\improvement champion barracks icon.ddt","4",".ddt"
"textures\improvement change icon.ddt","4",".ddt"
"textures\improvement chongli icon.ddt","4",".ddt"
"textures\improvement dabogong icon.ddt","4",".ddt"
"textures\improvement dragon scales icon.ddt","2",".ddt"
"textures\improvement east sea icon.ddt","4",".ddt"
"textures\improvement elixir of immortality icon.ddt","4",".ddt"
"textures\improvement golden banded staff icon.ddt","4",".ddt"
"textures\improvement golden peaches icon.ddt","4",".ddt"
"textures\improvement heavenly fire icon.ddt","4",".ddt"
"textures\improvement heavy barracks icon.ddt","4",".ddt"
"textures\improvement hebo icon.ddt","4",".ddt"
"textures\improvement house altars icon.ddt","4",".ddt"
"textures\improvement houyis bow icon.ddt","4",".ddt"
"textures\improvement huangdi icon.ddt","4",".ddt"
"textures\improvement jade rabbit icon.ddt","2",".ddt"
"textures\improvement landlord spirit icon.ddt","4",".ddt"
"textures\improvement life drain icon.ddt","4",".ddt"
"textures\improvement lord of the river icon.ddt","64",".ddt"
"textures\improvement medium barracks icon.ddt","4",".ddt"
"textures\improvement nezhas defeat icon.ddt","4",".ddt"
"textures\improvement oracle bone script icon.ddt","2",".ddt"
"textures\improvement paper talisman icon.ddt","4",".ddt"
"textures\improvement pillar of the ocean icon.ddt","4",".ddt"
"textures\improvement stone armor icon.ddt","4",".ddt"
"textures\improvement sunwukong icon.ddt","4",".ddt"
"textures\improvement tiger spirit icon.ddt","4",".ddt"
"textures\improvement wheelbarrow icon.ddt","4",".ddt"
"textures\improvement xiwangmu icon.ddt","4",".ddt"
"textures\improvement zhongkui icon.ddt","4",".ddt"
"textures\infantry c halberdier bronze.ddt","5.4",".ddt"
"textures\infantry c halberdier copper.ddt","5.4",".ddt"
"textures\infantry c halberdier head bronze.ddt","1.4",".ddt"
"textures\infantry c halberdier head copper.ddt","1.4",".ddt"
"textures\infantry c halberdier head iron.ddt","1.4",".ddt"
"textures\infantry c halberdier head standard.ddt","1.4",".ddt"
"textures\infantry c halberdier icon.ddt","4",".ddt"
"textures\infantry c halberdier iron.ddt","5.4",".ddt"
"textures\infantry c halberdier standard.ddt","5.4",".ddt"
"textures\infantry e axeman axe map.ddt","1.4",".ddt"
"textures\infantry e axeman bronze.ddt","5.4",".ddt"
"textures\infantry e axeman copper.ddt","5.4",".ddt"
"textures\infantry e axeman corpse bodya.ddt","1.4",".ddt"
"textures\infantry e axeman corpse skeletona.ddt","1.4",".ddt"
"textures\infantry e axeman head bronze.ddt","1.4",".ddt"
"textures\infantry e axeman head copper.ddt","1.4",".ddt"
"textures\infantry e axeman head iron.ddt","1.4",".ddt"
"textures\infantry e axeman head standard.ddt","1.4",".ddt"
"textures\infantry e axeman iron.ddt","5.4",".ddt"
"textures\infantry e axeman map.ddt","5.4",".ddt"
"textures\infantry e axeman standard.ddt","5.4",".ddt"
"textures\infantry e chariot archer iron map.ddt","5.4",".ddt"
"textures\infantry e khopesh bronze.ddt","5.4",".ddt"
"textures\infantry e khopesh copper.ddt","5.4",".ddt"
"textures\infantry e khopesh head bronze.ddt","2.7",".ddt"
"textures\infantry e khopesh head copper.ddt","2.7",".ddt"
"textures\infantry e khopesh head iron.ddt","2.7",".ddt"
"textures\infantry e khopesh head standard.ddt","2.7",".ddt"
"textures\infantry e khopesh iron.ddt","5.4",".ddt"
"textures\infantry e khopesh standard.ddt","5.4",".ddt"
"textures\infantry e mercenary corpse bodya.ddt","1.4",".ddt"
"textures\infantry e mercenary corpse skeletona.ddt","1.4",".ddt"
"textures\infantry e mercenary head.ddt","1.4",".ddt"
"textures\infantry e mercenary.ddt","5.4",".ddt"
"textures\infantry e spearman bronze.ddt","5.4",".ddt"
"textures\infantry e spearman copper.ddt","5.4",".ddt"
"textures\infantry e spearman corpse bodya.ddt","1.4",".ddt"
"textures\infantry e spearman corpse skeletona.ddt","1.4",".ddt"
"textures\infantry e spearman head bronze.ddt","2.7",".ddt"
"textures\infantry e spearman head copper.ddt","2.7",".ddt"
"textures\infantry e spearman head iron.ddt","2.7",".ddt"
"textures\infantry e spearman head standard.ddt","1.4",".ddt"
"textures\infantry e spearman iron.ddt","5.4",".ddt"
"textures\infantry e spearman map.ddt","5.4",".ddt"
"textures\infantry e spearman shield map.ddt","1.4",".ddt"
"textures\infantry e spearman standard.ddt","5.4",".ddt"
"textures\infantry g hoplite bronze.ddt","5.4",".ddt"
"textures\infantry g hoplite copper.ddt","5.4",".ddt"
"textures\infantry g hoplite corpse bodya.ddt","1.4",".ddt"
"textures\infantry g hoplite corpse skeletona.ddt","1.4",".ddt"
"textures\infantry g hoplite head bronze.ddt","1.4",".ddt"
"textures\infantry g hoplite head copper.ddt","1.4",".ddt"
"textures\infantry g hoplite head iron cine.ddt","1.4",".ddt"
"textures\infantry g hoplite head iron.ddt","1.4",".ddt"
"textures\infantry g hoplite head standard.ddt","1.4",".ddt"
"textures\infantry g hoplite iron cine.ddt","5.4",".ddt"
"textures\infantry g hoplite iron.ddt","5.4",".ddt"
"textures\infantry g hoplite map_01.ddt","5.4",".ddt"
"textures\infantry g hoplite map_02.ddt","5.4",".ddt"
"textures\infantry g hoplite map_03.ddt","5.4",".ddt"
"textures\infantry g hoplite map_04.ddt","5.4",".ddt"
"textures\infantry g hoplite standard.ddt","5.4",".ddt"
"textures\infantry g hypaspist bronze.ddt","5.4",".ddt"
"textures\infantry g hypaspist cape.ddt","1.4",".ddt"
"textures\infantry g hypaspist copper.ddt","5.4",".ddt"
"textures\infantry g hypaspist corpse bodya.ddt","1.4",".ddt"
"textures\infantry g hypaspist corpse skeletona.ddt","1.4",".ddt"
"textures\infantry g hypaspist head bronze.ddt","1.4",".ddt"
"textures\infantry g hypaspist head copper.ddt","1.4",".ddt"
"textures\infantry g hypaspist head iron.ddt","1.4",".ddt"
"textures\infantry g hypaspist head standard.ddt","1.4",".ddt"
"textures\infantry g hypaspist iron.ddt","5.4",".ddt"
"textures\infantry g hypaspist map.ddt","5.4",".ddt"
"textures\infantry g hypaspist standard.ddt","5.4",".ddt"
"textures\infantry g militia corpse bodya.ddt","1.4",".ddt"
"textures\infantry g militia corpse skeletona.ddt","1.4",".ddt"
"textures\infantry g militia head.ddt","2.7",".ddt"
"textures\infantry g militia.ddt","5.4",".ddt"
"textures\infantry g myrmidon corpse bodya.ddt","1.4",".ddt"
"textures\infantry g myrmidon corpse skeletona.ddt","1.4",".ddt"
"textures\infantry g myrmidon head iron.ddt","2.7",".ddt"
"textures\infantry g myrmidon iron.ddt","5.4",".ddt"
"textures\infantry n bondi bronze.ddt","5.4",".ddt"
"textures\infantry n bondi copper.ddt","5.4",".ddt"
"textures\infantry n bondi head bronze.ddt","1.4",".ddt"
"textures\infantry n bondi head copper.ddt","1.4",".ddt"
"textures\infantry n bondi head iron.ddt","1.4",".ddt"
"textures\infantry n bondi head standard.ddt","1.4",".ddt"
"textures\infantry n bondi iron.ddt","5.4",".ddt"
"textures\infantry n bondi standard.ddt","5.4",".ddt"
"textures\infantry n huskarl bronze.ddt","5.4",".ddt"
"textures\infantry n huskarl cape.ddt","1.4",".ddt"
"textures\infantry n huskarl copper.ddt","5.4",".ddt"
"textures\infantry n huskarl corpse bodya.ddt","1.4",".ddt"
"textures\infantry n huskarl corpse skeletona.ddt","1.4",".ddt"
"textures\infantry n huskarl head bronze.ddt","1.4",".ddt"
"textures\infantry n huskarl head copper.ddt","1.4",".ddt"
"textures\infantry n huskarl head iron.ddt","1.4",".ddt"
"textures\infantry n huskarl head standard.ddt","1.4",".ddt"
"textures\infantry n huskarl iron.ddt","5.4",".ddt"
"textures\infantry n huskarl standard.ddt","5.4",".ddt"
"textures\infantry n ulfsark bronze.ddt","5.4",".ddt"
"textures\infantry n ulfsark cape bronze.ddt","1.4",".ddt"
"textures\infantry n ulfsark cape copper.ddt","1.4",".ddt"
"textures\infantry n ulfsark cape iron.ddt","1.4",".ddt"
"textures\infantry n ulfsark cape standard.ddt","1.4",".ddt"
"textures\infantry n ulfsark copper.ddt","5.4",".ddt"
"textures\infantry n ulfsark corpse bodya.ddt","1.4",".ddt"
"textures\infantry n ulfsark corpse skeletona.ddt","1.4",".ddt"
"textures\infantry n ulfsark head bronze.ddt","2.7",".ddt"
"textures\infantry n ulfsark head copper.ddt","2.7",".ddt"
"textures\infantry n ulfsark head iron.ddt","2.7",".ddt"
"textures\infantry n ulfsark head scout.ddt","2.7",".ddt"
"textures\infantry n ulfsark head standard.ddt","2.7",".ddt"
"textures\infantry n ulfsark iron.ddt","5.4",".ddt"
"textures\infantry n ulfsark map.ddt","5.4",".ddt"
"textures\infantry n ulfsark scout.ddt","5.4",".ddt"
"textures\infantry n ulfsark standard.ddt","5.4",".ddt"
"textures\infantry x 2 sword fighter corpse bodya.ddt","1.4",".ddt"
"textures\infantry x 2 sword fighter corpse skeletona.ddt","1.4",".ddt"
"textures\infantry x 2 sword fighter hero.ddt","5.4",".ddt"
"textures\infantry x 2 sword fighter iron.ddt","5.4",".ddt"
"textures\infantry x maceman bronze.ddt","5.4",".ddt"
"textures\infantry x maceman copper.ddt","5.4",".ddt"
"textures\infantry x maceman corpse bodya.ddt","1.4",".ddt"
"textures\infantry x maceman corpse skeletona.ddt","1.4",".ddt"
"textures\infantry x maceman hero.ddt","5.4",".ddt"
"textures\infantry x maceman iron.ddt","5.4",".ddt"
"textures\infantry x maceman standard.ddt","5.4",".ddt"
"textures\infantry x swordsman bronze.ddt","5.4",".ddt"
"textures\infantry x swordsman copper.ddt","5.4",".ddt"
"textures\infantry x swordsman hero.ddt","5.4",".ddt"
"textures\infantry x swordsman iron.ddt","5.4",".ddt"
"textures\infantry x swordsman standard.ddt","5.4",".ddt"
"textures\infantry x swordsmen corpse bodya.ddt","1.4",".ddt"
"textures\infantry x swordsmen corpse skeletona.ddt","1.4",".ddt"
"textures\infantry x trident soldier cape iron.ddt","2.7",".ddt"
"textures\infantry x trident soldier corpse bodya.ddt","1.4",".ddt"
"textures\infantry x trident soldier corpse skeletona.ddt","1.4",".ddt"
"textures\infantry x trident soldier head hero.ddt","1.4",".ddt"
"textures\infantry x trident soldier head iron.ddt","1.4",".ddt"
"textures\infantry x trident soldier hero.ddt","5.4",".ddt"
"textures\infantry x trident soldier iron.ddt","5.4",".ddt"
"textures\infantry x trident soldier shield hero.ddt","2.7",".ddt"
"textures\infantry x trident soldier shield iron.ddt","2.7",".ddt"
"textures\infantry x trident soldier trident iron.ddt","0.7",".ddt"
"textures\jceblend.ddt","10.8",".ddt"
"textures\jceblendcircle.ddt","1.4",".ddt"
"textures\jceblendcircle2.ddt","1.4",".ddt"
"textures\jceblendcircle3.ddt","1.4",".ddt"
"textures\jceblendcorner.ddt","1.4",".ddt"
"textures\jceblendcorner2.ddt","1.4",".ddt"
"textures\jceblendedge.ddt","1.4",".ddt"
"textures\jceblendedge2.ddt","1.4",".ddt"
"textures\jceblendedge3.ddt","1.4",".ddt"
"textures\jceblendedge4.ddt","1.4",".ddt"
"textures\jceblendedge5.ddt","1.4",".ddt"
"textures\jceblendedgecorner.ddt","1.4",".ddt"
"textures\jceblendedgetwocorners.ddt","1.4",".ddt"
"textures\jceblendfourcorners.ddt","1.4",".ddt"
"textures\jceblendlshape.ddt","1.4",".ddt"
"textures\jceblendlshape2.ddt","1.4",".ddt"
"textures\jceblendlshapecorner.ddt","1.4",".ddt"
"textures\jceblendthreecorners.ddt","1.4",".ddt"
"textures\jceblendtwocorners.ddt","1.4",".ddt"
"textures\jceblendtwoedges.ddt","1.4",".ddt"
"textures\jceblendtwooppositecorners.ddt","1.4",".ddt"
"textures\jceblendushape.ddt","1.4",".ddt"
"textures\jcedirt.ddt","85.4",".ddt"
"textures\kronos wonder map1.ddt","85.4",".ddt"
"textures\kronos wonder map2.ddt","85.4",".ddt"
"textures\ladder.ddt","21.4",".ddt"
"textures\lava crack.ddt","85.4",".ddt"
"textures\lava.ddt","85.4",".ddt"
"textures\light.ddt","5.4",".ddt"
"textures\lightning.ddt","1.4",".ddt"
"textures\lionheadmap.ddt","42.7",".ddt"
"textures\loading_background.ddt","10.8",".ddt"
"textures\loading_filler.ddt","10.8",".ddt"
"textures\low infantry g normal head bronze.ddt","0.7",".ddt"
"textures\low infantry g normal head copper.ddt","0.7",".ddt"
"textures\low infantry g normal head iron.ddt","0.7",".ddt"
"textures\low infantry g normal head standard.ddt","0.7",".ddt"
"textures\lp cavalry x.ddt","21.4",".ddt"
"textures\lp cine x krios.ddt","21.4",".ddt"
"textures\lp cine x kriosred.ddt","21.4",".ddt"
"textures\lp e cavalry.ddt","21.4",".ddt"
"textures\lp e chariot archer.ddt","21.4",".ddt"
"textures\lp e infantry.ddt","10.7",".ddt"
"textures\lp e mercenaries.ddt","10.7",".ddt"
"textures\lp e villager.ddt","5.4",".ddt"
"textures\lp g cataphract horse iron.ddt","21.4",".ddt"
"textures\lp g cavalry.ddt","21.4",".ddt"
"textures\lp g crossbowman.ddt","2.7",".ddt"
"textures\lp g hetairoi horse iron.ddt","21.4",".ddt"
"textures\lp g hetairoi.ddt","10.7",".ddt"
"textures\lp g infantry.ddt","10.7",".ddt"
"textures\lp g militia.ddt","2.7",".ddt"
"textures\lp g myrmidon.ddt","2.7",".ddt"
"textures\lp g villager.ddt","5.4",".ddt"
"textures\lp infantry archery x.ddt","10.7",".ddt"
"textures\lp mu x argus map.ddt","21.4",".ddt"
"textures\lp mu x stymphalian bird map.ddt","21.4",".ddt"
"textures\lp n cavalry.ddt","21.4",".ddt"
"textures\lp n dwarf.ddt","5.4",".ddt"
"textures\lp n infantry.ddt","10.7",".ddt"
"textures\lp n ragnorok.ddt","5.4",".ddt"
"textures\lp n villager.ddt","5.4",".ddt"
"textures\lp villager trade x.ddt","10.7",".ddt"
"textures\medusa stone.ddt","21.4",".ddt"
"textures\menuicon.ddt","0.7",".ddt"
"textures\meteor_shadow.ddt","5.4",".ddt"
"textures\military icon 32x32.ddt","1.4",".ddt"
"textures\minicamp_arrow1.ddt","24.7",".ddt"
"textures\minicamp_arrow2.ddt","14.3",".ddt"
"textures\minicamp_arrow3a.ddt","6.6",".ddt"
"textures\minicamp_arrow3b.ddt","7",".ddt"
"textures\minicamp_BattleBoar.ddt","7.9",".ddt"
"textures\minicamp_Brokk.ddt","7.4",".ddt"
"textures\minicamp_Cave.ddt","14.4",".ddt"
"textures\minicamp_Eitri.ddt","6.8",".ddt"
"textures\minimap_border.ddt","21.4",".ddt"
"textures\minimap_border_c.ddt","4.6",".ddt"
"textures\minimap_border_e.ddt","21.4",".ddt"
"textures\minimap_border_g.ddt","21.4",".ddt"
"textures\minimap_border_n.ddt","21.4",".ddt"
"textures\minimap_border_x.ddt","21.4",".ddt"
"textures\mining_shadow.ddt","5.4",".ddt"
"textures\mini_lightning.ddt","0.1",".ddt"
"textures\minotaur ring.ddt","0.4",".ddt"
"textures\mu x argus map.ddt","85.4",".ddt"
"textures\mu x atlantean flying medic corpse bodya.ddt","1.4",".ddt"
"textures\mu x atlantean flying medic corpse skeletona.ddt","1.4",".ddt"
"textures\mu x atlantean flying medic map.ddt","21.4",".ddt"
"textures\mu x atlantean hundred giant corpse bodya.ddt","5.4",".ddt"
"textures\mu x atlantean hundred giant corpse skeletona.ddt","5.4",".ddt"
"textures\mu x atlantean hundred giant map.ddt","21.4",".ddt"
"textures\mu x atlantean lampedes corpse bodya.ddt","0.7",".ddt"
"textures\mu x atlantean lampedes corpse skeletona.ddt","0.7",".ddt"
"textures\mu x atlantean lampedes map.ddt","21.4",".ddt"
"textures\mu x atlantean manowar map.ddt","21.4",".ddt"
"textures\mu x atlantean satyr corpse bodya.ddt","1.4",".ddt"
"textures\mu x atlantean satyr corpse skeletona.ddt","1.4",".ddt"
"textures\mu x atlantean satyr head map.ddt","5.4",".ddt"
"textures\mu x atlantean satyr map.ddt","21.4",".ddt"
"textures\mu x automation corpse bodya.ddt","1.4",".ddt"
"textures\mu x automation corpse skeletona.ddt","1.4",".ddt"
"textures\mu x automation map.ddt","5.4",".ddt"
"textures\mu x behemoth corpse bodya.ddt","2.7",".ddt"
"textures\mu x behemoth corpse skeletona.ddt","2.7",".ddt"
"textures\mu x behemoth map.ddt","85.4",".ddt"
"textures\mu x dryad hair.ddt","2.7",".ddt"
"textures\mu x dryad.ddt","21.4",".ddt"
"textures\mu x nereid rider map.ddt","21.4",".ddt"
"textures\mu x nereid shark map.ddt","10.7",".ddt"
"textures\mu x oracle.ddt","5.4",".ddt"
"textures\mu x promethean map.ddt","5.4",".ddt"
"textures\mu x servant of oceanus map.ddt","21.4",".ddt"
"textures\mu x stymphalian bird map.ddt","85.4",".ddt"
"textures\mu x stymphatian bird projectile.ddt","0.7",".ddt"
"textures\n titan gate ice.ddt","21.4",".ddt"
"textures\naval c all.ddt","85.4",".ddt"
"textures\naval e all.ddt","85.4",".ddt"
"textures\naval e pirate ship.ddt","85.4",".ddt"
"textures\naval g all wrecked.ddt","85.4",".ddt"
"textures\naval g all.ddt","85.4",".ddt"
"textures\naval g giant turtle.ddt","85.4",".ddt"
"textures\naval g war trireme oar splash map.ddt","10.7",".ddt"
"textures\naval n all.ddt","85.4",".ddt"
"textures\naval n kraken map.ddt","85.4",".ddt"
"textures\naval n kraken upgrade.ddt","10.7",".ddt"
"textures\naval n kraken.ddt","10.7",".ddt"
"textures\naval n utility map.ddt","85.4",".ddt"
"textures\naval x all.ddt","85.4",".ddt"
"textures\nightskybox_bk.ddt","85.4",".ddt"
"textures\nightskybox_dn.ddt","85.4",".ddt"
"textures\nightskybox_fr.ddt","85.4",".ddt"
"textures\nightskybox_lf.ddt","85.4",".ddt"
"textures\nightskybox_rt.ddt","85.4",".ddt"
"textures\nightskybox_up.ddt","85.4",".ddt"
"textures\noise.ddt","42.7",".ddt"
"textures\normal animal wolf map.ddt","5.4",".ddt"
"textures\norseheromap.ddt","85.4",".ddt"
"textures\norseheromap256.ddt","85.4",".ddt"
"textures\oranos wonder map.ddt","85.4",".ddt"
"textures\oranos wonder map1.ddt","85.4",".ddt"
"textures\oranos wonder map3.ddt","21.4",".ddt"
"textures\oring1.ddt","5.4",".ddt"
"textures\palaceshadow.ddt","5.4",".ddt"
"textures\palmshadow.ddt","0.4",".ddt"
"textures\palmshadow_blue.ddt","0.4",".ddt"
"textures\pickhead.ddt","0.2",".ddt"
"textures\pineshadow.ddt","1.4",".ddt"
"textures\pinetreeshadow.ddt","5.4",".ddt"
"textures\pinetreeshadow2.ddt","5.4",".ddt"
"textures\plasmafield.ddt","21.4",".ddt"
"textures\platform map.ddt","5.4",".ddt"
"textures\player color texture.ddt","0.1",".ddt"
"textures\projectile a ballista arrow iron.ddt","1.4",".ddt"
"textures\projectile a ballista arrow.ddt","1.4",".ddt"
"textures\projectile a siege rock map.ddt","5.4",".ddt"
"textures\quiverfletching.ddt","1.4",".ddt"
"textures\recognizer-tile.ddt","21.4",".ddt"
"textures\red.ddt","1.4",".ddt"
"textures\redround.ddt","5.4",".ddt"
"textures\relic icon 16x16.ddt","0.4",".ddt"
"textures\resizecursor.ddt","0.4",".ddt"
"textures\ruin01.ddt","85.4",".ddt"
"textures\scale_both cursor.ddt","1.4",".ddt"
"textures\scale_horiz cursor.ddt","1.4",".ddt"
"textures\scale_vert cursor.ddt","1.4",".ddt"
"textures\scenario a dwarven building a shadow.ddt","5.4",".ddt"
"textures\scenario a dwarven building b shadow.ddt","5.4",".ddt"
"textures\scenario a dwarven building c shadow.ddt","5.4",".ddt"
"textures\scenario a dwarven forge belt.ddt","1.4",".ddt"
"textures\scenario a dwarven forge shared a.ddt","85.4",".ddt"
"textures\scenario a dwarven forge shared b.ddt","85.4",".ddt"
"textures\scenario a gate ram decal.ddt","10.7",".ddt"
"textures\scenario a gate ram shadow.ddt","10.7",".ddt"
"textures\scenario a gate ram wall.ddt","10.7",".ddt"
"textures\scenario a gate ram.ddt","85.4",".ddt"
"textures\scenario a gate ram100.ddt","85.4",".ddt"
"textures\scenario a gate ram20.ddt","85.4",".ddt"
"textures\scenario a gate ram40.ddt","85.4",".ddt"
"textures\scenario a gate ram60.ddt","85.4",".ddt"
"textures\scenario a gate ram80.ddt","85.4",".ddt"
"textures\scenario a pit attachments.ddt","42.7",".ddt"
"textures\scenario a pit cliff.ddt","85.4",".ddt"
"textures\scenario a pit edge.ddt","10.7",".ddt"
"textures\scenario a pit tile cracky edge.ddt","2.8",".ddt"
"textures\scenario a pit.ddt","85.4",".ddt"
"textures\scenario a tartarus door cliff.ddt","85.4",".ddt"
"textures\scenario a tartarus door cracked a.ddt","85.4",".ddt"
"textures\scenario a tartarus door cracked b.ddt","85.4",".ddt"
"textures\scenario a tartarus door.ddt","85.4",".ddt"
"textures\scenario b amanra map.ddt","5.4",".ddt"
"textures\scenario b amanra swordshield map.ddt","21.4",".ddt"
"textures\scenario c danzhu head.ddt","1.4",".ddt"
"textures\scenario c danzhu.ddt","21.4",".ddt"
"textures\scenario c gargarensis map.ddt","21.4",".ddt"
"textures\scenario c jiaolong head.ddt","5.4",".ddt"
"textures\scenario c jiaolong.ddt","85.4",".ddt"
"textures\scenario c kamos blade.ddt","0.7",".ddt"
"textures\scenario c kamos corpse bodya.ddt","1.4",".ddt"
"textures\scenario c kamos corpse skeletona.ddt","1.4",".ddt"
"textures\scenario c kamos.ddt","21.4",".ddt"
"textures\scenario c kamos2.ddt","21.4",".ddt"
"textures\scenario c shun head.ddt","1.4",".ddt"
"textures\scenario c shun.ddt","21.4",".ddt"
"textures\scenario c zhi head.ddt","5.4",".ddt"
"textures\scenario c zhi.ddt","21.4",".ddt"
"textures\scenario e great box camel.ddt","85.4",".ddt"
"textures\scenario e great box cart.ddt","21.4",".ddt"
"textures\scenario e great box map.ddt","85.4",".ddt"
"textures\scenario e great box.ddt","85.4",".ddt"
"textures\scenario e guardian.ddt","21.4",".ddt"
"textures\scenario e jail gates.ddt","42.7",".ddt"
"textures\scenario e kemsyt.ddt","21.4",".ddt"
"textures\scenario e osiris.ddt","85.4",".ddt"
"textures\scenario e setna map.ddt","5.4",".ddt"
"textures\scenario e setna staff map.ddt","0.4",".ddt"
"textures\scenario e sword bearers corpse bodya.ddt","2.7",".ddt"
"textures\scenario e sword bearers corpse skeletona.ddt","2.7",".ddt"
"textures\scenario g arkantos god map.ddt","21.4",".ddt"
"textures\scenario g arkantos head.ddt","1.4",".ddt"
"textures\scenario g arkantos man map.ddt","21.4",".ddt"
"textures\scenario g arkantos man mapblue.ddt","21.4",".ddt"
"textures\scenario g arkantos map.ddt","21.4",".ddt"
"textures\scenario g chiron map.ddt","5.4",".ddt"
"textures\scenario g circe corpse bodya.ddt","1.4",".ddt"
"textures\scenario g circe corpse skeletona.ddt","1.4",".ddt"
"textures\scenario g circe head.ddt","1.4",".ddt"
"textures\scenario g circe.ddt","5.4",".ddt"
"textures\scenario g excavation terrain.ddt","85.4",".ddt"
"textures\scenario g kastor corpse bodya.ddt","1.4",".ddt"
"textures\scenario g kastor corpse skeletona.ddt","1.4",".ddt"
"textures\scenario g kastor map.ddt","5.4",".ddt"
"textures\scenario g odysseus corpse bodya.ddt","1.4",".ddt"
"textures\scenario g odysseus corpse skeletona.ddt","1.4",".ddt"
"textures\scenario g odysseus map.ddt","5.4",".ddt"
"textures\scenario g old man map.ddt","5.4",".ddt"
"textures\scenario g skult map.ddt","5.4",".ddt"
"textures\scenario n brokk head.ddt","1.4",".ddt"
"textures\scenario n brokk standard.ddt","5.4",".ddt"
"textures\scenario n dwarven mine cliff a.ddt","42.7",".ddt"
"textures\scenario n dwarven mine cliff b.ddt","42.7",".ddt"
"textures\scenario n dwarven mine inside.ddt","42.7",".ddt"
"textures\scenario n dwarven mine opening.ddt","85.4",".ddt"
"textures\scenario n dwarven mine outside.ddt","42.7",".ddt"
"textures\scenario n eitri head.ddt","1.4",".ddt"
"textures\scenario n eitri standard.ddt","5.4",".ddt"
"textures\scenario n flag bearer corpse bodya.ddt","1.4",".ddt"
"textures\scenario n flag bearer corpse skeletona.ddt","1.4",".ddt"
"textures\scenario n folstag flag.ddt","2.7",".ddt"
"textures\scenario n hammerdwarves shadow.ddt","2.7",".ddt"
"textures\scenario n pirate ship.ddt","85.4",".ddt"
"textures\scenario n reginleif map.ddt","5.4",".ddt"
"textures\scenario n reginleif weapons map.ddt","5.4",".ddt"
"textures\scenario n thors hammer cart.ddt","10.7",".ddt"
"textures\scenario n thors hammer.ddt","21.4",".ddt"
"textures\scenario old man head map.ddt","1.4",".ddt"
"textures\scenario skult head map.ddt","1.4",".ddt"
"textures\scenario t troy gate dead.ddt","21.4",".ddt"
"textures\scenario t troy gate deadb.ddt","21.4",".ddt"
"textures\scenario t troy gate.ddt","21.4",".ddt"
"textures\scenario t troy wall long dead.ddt","85.4",".ddt"
"textures\scenario t troy wall long deadb.ddt","85.4",".ddt"
"textures\scenario t troy wall long.ddt","85.4",".ddt"
"textures\scenario tamarisk tree icon 64.ddt","5.4",".ddt"
"textures\scenario theocrat head.ddt","1.4",".ddt"
"textures\scenario theocrat staff.ddt","0.4",".ddt"
"textures\scenario theocrat.ddt","5.4",".ddt"
"textures\scenario u chronos hand.ddt","85.4",".ddt"
"textures\scenario u ferryman map.ddt","5.4",".ddt"
"textures\scenario u shade.ddt","5.4",".ddt"
"textures\scenario x amanra map.ddt","5.4",".ddt"
"textures\scenario x amanra swordshield map.ddt","21.4",".ddt"
"textures\screen shot boat wake.ddt","2.7",".ddt"
"textures\settlement icon 32x32.ddt","1.4",".ddt"
"textures\settlment icon 32x32.ddt","1.4",".ddt"
"textures\sfx a acid flame a.ddt","5.4",".ddt"
"textures\sfx a acid flame b.ddt","5.4",".ddt"
"textures\sfx a acid flame c.ddt","5.4",".ddt"
"textures\sfx a acid flame d.ddt","5.4",".ddt"
"textures\sfx a acid flame e.ddt","5.4",".ddt"
"textures\sfx a acid flame f.ddt","5.4",".ddt"
"textures\sfx a armor human.ddt","21.4",".ddt"
"textures\sfx a avalanche snow debris.ddt","5.4",".ddt"
"textures\sfx a avalanche snow moving.ddt","85.4",".ddt"
"textures\sfx a avalanche snow.ddt","85.4",".ddt"
"textures\sfx a blood a.ddt","5.4",".ddt"
"textures\sfx a blood b.ddt","5.4",".ddt"
"textures\sfx a blood c.ddt","5.4",".ddt"
"textures\sfx a blood flow.ddt","5.4",".ddt"
"textures\sfx a boat bubbles.ddt","5.4",".ddt"
"textures\sfx a boat ripple small.ddt","2.7",".ddt"
"textures\sfx a boat wake cinematic.ddt","42.7",".ddt"
"textures\sfx a boat wake large.ddt","10.7",".ddt"
"textures\sfx a boat wake small.ddt","2.7",".ddt"
"textures\sfx a building dust.ddt","5.4",".ddt"
"textures\sfx a burning pitch.ddt","0.7",".ddt"
"textures\sfx a carnivora water.ddt","21.4",".ddt"
"textures\sfx a carnivora.ddt","21.4",".ddt"
"textures\sfx a deconstruct 2.ddt","1.4",".ddt"
"textures\sfx a deconstruct.ddt","1.4",".ddt"
"textures\sfx a dust.ddt","21.4",".ddt"
"textures\sfx a earthqauke cracka.ddt","5.4",".ddt"
"textures\sfx a earthqauke crackb.ddt","5.4",".ddt"
"textures\sfx a enrage light.ddt","1.4",".ddt"
"textures\sfx a fire animated.ddt","21.4",".ddt"
"textures\sfx a fire ball orange.ddt","5.4",".ddt"
"textures\sfx a fire ball.ddt","5.4",".ddt"
"textures\sfx a fire cast map.ddt","21.4",".ddt"
"textures\sfx a fire flame a.ddt","5.4",".ddt"
"textures\sfx a fire flame b.ddt","5.4",".ddt"
"textures\sfx a fire flame c.ddt","5.4",".ddt"
"textures\sfx a fire flame d.ddt","5.4",".ddt"
"textures\sfx a fire flame e.ddt","5.4",".ddt"
"textures\sfx a fire flame f.ddt","5.4",".ddt"
"textures\sfx a fire pot bowl.ddt","5.4",".ddt"
"textures\sfx a fire pot_01.ddt","5.4",".ddt"
"textures\sfx a fire pot_02.ddt","5.4",".ddt"
"textures\sfx a fire pot_03.ddt","5.4",".ddt"
"textures\sfx a fire scorch.ddt","5.4",".ddt"
"textures\sfx a fire wall.ddt","42.7",".ddt"
"textures\sfx a frost ice block.ddt","10.7",".ddt"
"textures\sfx a generic boat wake.ddt","21.4",".ddt"
"textures\sfx a generic building wake.ddt","21.4",".ddt"
"textures\sfx a generic dust map.ddt","21.4",".ddt"
"textures\sfx a generic smoke.ddt","21.4",".ddt"
"textures\sfx a heal light.ddt","1.4",".ddt"
"textures\sfx a healing spring ground.ddt","85.4",".ddt"
"textures\sfx a healing spring stone.ddt","85.4",".ddt"
"textures\sfx a healing spring water.ddt","5.4",".ddt"
"textures\sfx a heaven light.ddt","2.7",".ddt"
"textures\sfx a hero glow.ddt","5.4",".ddt"
"textures\sfx a hero soul red.ddt","0.7",".ddt"
"textures\sfx a hero soul.ddt","0.7",".ddt"
"textures\sfx a implode area lightning.ddt","21.4",".ddt"
"textures\sfx a implode clouds.ddt","21.4",".ddt"
"textures\sfx a implode crator.ddt","85.4",".ddt"
"textures\sfx a implode environment.ddt","51.1",".ddt"
"textures\sfx a implode glow.ddt","5.4",".ddt"
"textures\sfx a implode light ray.ddt","2.8",".ddt"
"textures\sfx a implode lighting flair.ddt","5.4",".ddt"
"textures\sfx a implode lighting.ddt","2.7",".ddt"
"textures\sfx a implode ring.ddt","21.4",".ddt"
"textures\sfx a implode shockwave.ddt","2.7",".ddt"
"textures\sfx a implode soul suck.ddt","5.4",".ddt"
"textures\sfx a implode streak.ddt","0.4",".ddt"
"textures\sfx a implode.ddt","1.4",".ddt"
"textures\sfx a implode_dn.ddt","5.4",".ddt"
"textures\sfx a implode_ft.ddt","5.4",".ddt"
"textures\sfx a implode_up.ddt","5.4",".ddt"
"textures\sfx a invisible.ddt","85.4",".ddt"
"textures\sfx a ip glow.ddt","10.7",".ddt"
"textures\sfx a largeroot glow.ddt","5.4",".ddt"
"textures\sfx a lighthouse glow.ddt","0.7",".ddt"
"textures\sfx a meteor crator large.ddt","85.4",".ddt"
"textures\sfx a meteor crator large_gloss.ddt","42.7",".ddt"
"textures\sfx a meteor crator large_nm.ddt","42.7",".ddt"
"textures\sfx a meteor crator large_spec.ddt","42.7",".ddt"
"textures\sfx a meteor crator small.ddt","64",".ddt"
"textures\sfx a meteor crator small_gloss.ddt","42.7",".ddt"
"textures\sfx a meteor crator small_nm.ddt","42.7",".ddt"
"textures\sfx a meteor crator small_spec.ddt","42.7",".ddt"
"textures\sfx a meteor dust.ddt","85.4",".ddt"
"textures\sfx a meteor mushroom smoke.ddt","42.7",".ddt"
"textures\sfx a meteor splash.ddt","85.4",".ddt"
"textures\sfx a meteor trail fire.ddt","10.7",".ddt"
"textures\sfx a meteor trail smoke.ddt","42.7",".ddt"
"textures\sfx a meteorite crator small.ddt","16",".ddt"
"textures\sfx a meteorite crator small_gloss.ddt","10.7",".ddt"
"textures\sfx a meteorite crator small_nm.ddt","10.7",".ddt"
"textures\sfx a meteorite crator small_spec.ddt","10.7",".ddt"
"textures\sfx a mist cloud.ddt","21.4",".ddt"
"textures\sfx a oil.ddt","1.4",".ddt"
"textures\sfx a orca cloud.ddt","5.4",".ddt"
"textures\sfx a orca wake.ddt","2.7",".ddt"
"textures\sfx a pestilence flies.ddt","21.4",".ddt"
"textures\sfx a pestilence smoke.ddt","5.4",".ddt"
"textures\sfx a rain cloud.ddt","21.4",".ddt"
"textures\sfx a rain sunlight.ddt","2.7",".ddt"
"textures\sfx a rain.ddt","21.4",".ddt"
"textures\sfx a rainbow.ddt","10.7",".ddt"
"textures\sfx a serpent corpse bodya.ddt","1.4",".ddt"
"textures\sfx a serpent corpse skeletona.ddt","1.4",".ddt"
"textures\sfx a serpent hole.ddt","1.4",".ddt"
"textures\sfx a serpent.ddt","5.4",".ddt"
"textures\sfx a shadow mist.ddt","21.4",".ddt"
"textures\sfx a shiny water.ddt","16.2",".ddt"
"textures\sfx a shiny water_0.ddt","5.4",".ddt"
"textures\sfx a shiny water_1.ddt","5.4",".ddt"
"textures\sfx a shiny water_2.ddt","5.4",".ddt"
"textures\sfx a shiny water_3.ddt","5.4",".ddt"
"textures\sfx a shiny water_4.ddt","5.4",".ddt"
"textures\sfx a shiny water_5.ddt","5.4",".ddt"
"textures\sfx a snow.ddt","21.4",".ddt"
"textures\sfx a sparkly.ddt","1.4",".ddt"
"textures\sfx a spy.ddt","5.4",".ddt"
"textures\sfx a stone map.ddt","21.4",".ddt"
"textures\sfx a sunlight.ddt","1.4",".ddt"
"textures\sfx a tornado dirt.ddt","21.4",".ddt"
"textures\sfx a tornado dust.ddt","21.4",".ddt"
"textures\sfx a tornado fire.ddt","20",".ddt"
"textures\sfx a tornado flash.ddt","21.4",".ddt"
"textures\sfx a tornado snow.ddt","21.4",".ddt"
"textures\sfx a tornado water.ddt","21.4",".ddt"
"textures\sfx a tunnel.ddt","85.4",".ddt"
"textures\sfx a undermine dust large.ddt","10.7",".ddt"
"textures\sfx a undermine dust small.ddt","5.4",".ddt"
"textures\sfx a vision sunlight.ddt","5.4",".ddt"
"textures\sfx a vortex beem.ddt","10.8",".ddt"
"textures\sfx a vortex light bands.ddt","5.4",".ddt"
"textures\sfx a vortex light ray.ddt","2.8",".ddt"
"textures\sfx a vortex sunlight.ddt","5.4",".ddt"
"textures\sfx a vortex swirl.ddt","21.4",".ddt"
"textures\sfx a walking woods hole.ddt","1.4",".ddt"
"textures\sfx a walking woods.ddt","21.4",".ddt"
"textures\sfx a water mist.ddt","5.4",".ddt"
"textures\sfx a water mistb.ddt","5.4",".ddt"
"textures\sfx a waterlilly ripple.ddt","21.4",".ddt"
"textures\sfx b lighthouse glow.ddt","5.4",".ddt"
"textures\sfx building dust map.ddt","5.4",".ddt"
"textures\sfx c blessed construction aura.ddt","4",".ddt"
"textures\sfx c earth dragon hole.ddt","85.4",".ddt"
"textures\sfx c flood.ddt","85.4",".ddt"
"textures\sfx c geyser decal.ddt","16",".ddt"
"textures\sfx c great journey.ddt","16",".ddt"
"textures\sfx c growth vines.ddt","5.4",".ddt"
"textures\sfx c imperial examination glow.ddt","4",".ddt"
"textures\sfx c ip glow.ddt","8",".ddt"
"textures\sfx c myth unit birth effect.ddt","10",".ddt"
"textures\sfx c qilin heal mist.ddt","4",".ddt"
"textures\sfx c recreation.ddt","1",".ddt"
"textures\sfx c shaft.ddt","8",".ddt"
"textures\sfx c sparkly.ddt","1",".ddt"
"textures\sfx c tsunami shockwave.ddt","16",".ddt"
"textures\sfx c tsunami splash.ddt","64",".ddt"
"textures\sfx e ancestors land.ddt","5.4",".ddt"
"textures\sfx e ancestors water.ddt","21.4",".ddt"
"textures\sfx e citadel age4.ddt","85.4",".ddt"
"textures\sfx e citadel shadow.ddt","5.4",".ddt"
"textures\sfx e citadel.ddt","85.4",".ddt"
"textures\sfx e empower glow.ddt","5.4",".ddt"
"textures\sfx e inferno cloud.ddt","20",".ddt"
"textures\sfx e inferno embers.ddt","5",".ddt"
"textures\sfx e inferno ground.ddt","40",".ddt"
"textures\sfx e isis monument ring.ddt","5.4",".ddt"
"textures\sfx e locust shadow.ddt","5.4",".ddt"
"textures\sfx e locust thick map.ddt","21.4",".ddt"
"textures\sfx e locust thin map.ddt","21.4",".ddt"
"textures\sfx e meteor blast map.ddt","2",".ddt"
"textures\sfx e meteor map.ddt","5.4",".ddt"
"textures\sfx e meteor shockwave map.ddt","21.4",".ddt"
"textures\sfx e myth unit birth effect.ddt","10.7",".ddt"
"textures\sfx e serpents water.ddt","5.4",".ddt"
"textures\sfx e set animal glow.ddt","5.4",".ddt"
"textures\sfx e set animal symbol.ddt","1.4",".ddt"
"textures\sfx e set gaia animal glow.ddt","5.4",".ddt"
"textures\sfx e shifting sands dust wave.ddt","21.4",".ddt"
"textures\sfx e son of osiris corpse bodya.ddt","1.4",".ddt"
"textures\sfx e son of osiris corpse skeletona.ddt","1.4",".ddt"
"textures\sfx e son of osiris head.ddt","1.4",".ddt"
"textures\sfx e son of osiris.ddt","5.4",".ddt"
"textures\sfx e titan crator.ddt","85.4",".ddt"
"textures\sfx fire ball map.ddt","5.4",".ddt"
"textures\sfx fire ball orange map.ddt","21.4",".ddt"
"textures\sfx fire charred ground map.ddt","21.4",".ddt"
"textures\sfx fire flame map.ddt","1.4",".ddt"
"textures\sfx fire patch map.ddt","1.4",".ddt"
"textures\sfx fire pot map.ddt","1.4",".ddt"
"textures\sfx fire puff map.ddt","5.4",".ddt"
"textures\sfx fire smoke map.ddt","5.4",".ddt"
"textures\sfx flying debris 1.ddt","1.4",".ddt"
"textures\sfx flying debris 2.tgs.ddt","1.4",".ddt"
"textures\sfx flying debris1.ddt","1.4",".ddt"
"textures\sfx flying debris2.ddt","1.4",".ddt"
"textures\sfx flying debris3.ddt","1.4",".ddt"
"textures\sfx flying debris4.ddt","1.4",".ddt"
"textures\sfx flying debris5.ddt","1.4",".ddt"
"textures\sfx flying debris6.ddt","1.4",".ddt"
"textures\sfx g animal magnetism decal.ddt","21.4",".ddt"
"textures\sfx g animal magnetism select.ddt","21.4",".ddt"
"textures\sfx g animal magnetism shadow.ddt","16",".ddt"
"textures\sfx g animal magnetism shockwave.ddt","5.4",".ddt"
"textures\sfx g animal magnetism.ddt","21.4",".ddt"
"textures\sfx g arkantos flash.ddt","5.4",".ddt"
"textures\sfx g arkantos glow.ddt","5.4",".ddt"
"textures\sfx g lightning bolt.ddt","2.7",".ddt"
"textures\sfx g lightning cloud shadow.ddt","5.4",".ddt"
"textures\sfx g lightning cloud.ddt","21.4",".ddt"
"textures\sfx g lightning scorch.ddt","21.4",".ddt"
"textures\sfx g lightning skyflash.ddt","21.4",".ddt"
"textures\sfx g lightning spark.ddt","5.4",".ddt"
"textures\sfx g myth unit birth effect.ddt","5.4",".ddt"
"textures\sfx g plenty decal.ddt","85.4",".ddt"
"textures\sfx g plenty glint.ddt","5.4",".ddt"
"textures\sfx g plenty shadow.ddt","64",".ddt"
"textures\sfx g plenty.ddt","85.4",".ddt"
"textures\sfx g sentinel weapons.ddt","1.4",".ddt"
"textures\sfx g sentinel.ddt","21.4",".ddt"
"textures\sfx g titan crator.ddt","85.4",".ddt"
"textures\sfx meteorite splat decal.ddt","21.4",".ddt"
"textures\sfx n dwarven mine decal.ddt","21.4",".ddt"
"textures\sfx n dwarven mine shadow.ddt","16",".ddt"
"textures\sfx n dwarven mine.ddt","85.4",".ddt"
"textures\sfx n frost cloud.ddt","21.4",".ddt"
"textures\sfx n frost ice block ground.ddt","16",".ddt"
"textures\sfx n frost ice block unit map.ddt","21.4",".ddt"
"textures\sfx n frost ice block unit.ddt","21.4",".ddt"
"textures\sfx n frost ice block.ddt","16",".ddt"
"textures\sfx n frost shockwave.ddt","10.7",".ddt"
"textures\sfx n myth unit birth effect.ddt","5.4",".ddt"
"textures\sfx n nidhogg corpse bodya.ddt","21.4",".ddt"
"textures\sfx n nidhogg corpse skeletona.ddt","21.4",".ddt"
"textures\sfx n nidhogg fire breath ground.ddt","5.4",".ddt"
"textures\sfx n nidhogg fire breath.ddt","21.4",".ddt"
"textures\sfx n nidhogg.ddt","85.4",".ddt"
"textures\sfx n odin heal effect.ddt","2.7",".ddt"
"textures\sfx n snow drift wave.ddt","21.4",".ddt"
"textures\sfx n titan crator.ddt","85.4",".ddt"
"textures\sfx n tunnel map.ddt","85.4",".ddt"
"textures\sfx n valkyrie favor blue map.ddt","5.4",".ddt"
"textures\sfx n valkyrie favor green map.ddt","5.4",".ddt"
"textures\sfx n well of urd water mist.ddt","21.4",".ddt"
"textures\sfx shinygold map.ddt","14",".ddt"
"textures\sfx shinygold map_0.ddt","5.4",".ddt"
"textures\sfx shinygold map_1.ddt","5.4",".ddt"
"textures\sfx shinygold map_2.ddt","5.4",".ddt"
"textures\sfx shinygold map_3.ddt","5.4",".ddt"
"textures\sfx shinygold map_4.ddt","5.4",".ddt"
"textures\sfx shinygold map_5.ddt","5.4",".ddt"
"textures\sfx shinyice map.ddt","16.2",".ddt"
"textures\sfx shinyice map_0.ddt","5.4",".ddt"
"textures\sfx shinyice map_1.ddt","5.4",".ddt"
"textures\sfx shinyice map_2.ddt","5.4",".ddt"
"textures\sfx shinyice map_3.ddt","5.4",".ddt"
"textures\sfx shinyice map_4.ddt","5.4",".ddt"
"textures\sfx shinyice map_5.ddt","5.4",".ddt"
"textures\sfx snow flake map.ddt","1.4",".ddt"
"textures\sfx snow flake multi map.ddt","5.4",".ddt"
"textures\sfx snow flake tree map.ddt","5.4",".ddt"
"textures\sfx snow flake02 map.ddt","1.4",".ddt"
"textures\sfx u lava bubble.ddt","1.4",".ddt"
"textures\sfx u lava bubble2.ddt","1.4",".ddt"
"textures\sfx u lava ground.ddt","85.4",".ddt"
"textures\sfx u underworld smoke.ddt","21.4",".ddt"
"textures\sfx water wake map.ddt","5.4",".ddt"
"textures\sfx x acid bubble.ddt","1.4",".ddt"
"textures\sfx x acid pot bowl.ddt","5.4",".ddt"
"textures\sfx x argus spit.ddt","21.4",".ddt"
"textures\sfx x arkantos birth bolt1.ddt","42.7",".ddt"
"textures\sfx x arkantos birth bolt2.ddt","42.7",".ddt"
"textures\sfx x arkantos birth ring.ddt","5.4",".ddt"
"textures\sfx x arkantos birth steak.ddt","21.4",".ddt"
"textures\sfx x arkatnos birth veins.ddt","21.4",".ddt"
"textures\sfx x automoton sparks.ddt","5.4",".ddt"
"textures\sfx x fire siphon spray 01.ddt","5.4",".ddt"
"textures\sfx x fire siphon spray.ddt","5.4",".ddt"
"textures\sfx x gaia forest pulse.ddt","21.4",".ddt"
"textures\sfx x gaia wonder waterfall.ddt","5.4",".ddt"
"textures\sfx x hesperides ring.ddt","5.4",".ddt"
"textures\sfx x kronos wonder steam.ddt","21.4",".ddt"
"textures\sfx x lampades blood mist.ddt","5.4",".ddt"
"textures\sfx x lampades bolt.ddt","5.4",".ddt"
"textures\sfx x lampades flare.ddt","21.4",".ddt"
"textures\sfx x lampades flaretga.ddt","21.4",".ddt"
"textures\sfx x lighthouse glow 2.ddt","5.4",".ddt"
"textures\sfx x lighthouse glow.ddt","5.4",".ddt"
"textures\sfx x mirror tower.ddt","5.4",".ddt"
"textures\sfx x monster gate mist.ddt","21.4",".ddt"
"textures\sfx x monster gate streak.ddt","10.7",".ddt"
"textures\sfx x monster gater streak.ddt","10.7",".ddt"
"textures\sfx x myth heka shock.ddt","5.4",".ddt"
"textures\sfx x oracle los.ddt","21.4",".ddt"
"textures\sfx x servant spray.ddt","21.4",".ddt"
"textures\sfx x shaft.ddt","10.8",".ddt"
"textures\sfx x shockwave unit effect.ddt","21.4",".ddt"
"textures\sfx x signal tower ring.ddt","5.4",".ddt"
"textures\sfx x sky passage glow.ddt","10.7",".ddt"
"textures\sfx x sky passage.ddt","21.4",".ddt"
"textures\sfx x spc temple effect star.ddt","21.4",".ddt"
"textures\sfx x spc temple effect swirl.ddt","21.4",".ddt"
"textures\sfx x spider egg bottom.ddt","21.4",".ddt"
"textures\sfx x spider egg sack.ddt","21.4",".ddt"
"textures\sfx x spider egg.ddt","5.4",".ddt"
"textures\sfx x titan atlantean footprint.ddt","21.4",".ddt"
"textures\sfx x titan crator.ddt","85.4",".ddt"
"textures\sfx x titan fire.ddt","5.4",".ddt"
"textures\sfx x titan ground lightning.ddt","21.4",".ddt"
"textures\sfx x titan wings.ddt","2.7",".ddt"
"textures\sfx x titan wingsr.ddt","2.7",".ddt"
"textures\sfx x vortex portal.ddt","85.4",".ddt"
"textures\sfx x vortex portal2.ddt","85.4",".ddt"
"textures\sfx x vortex portal3.ddt","85.4",".ddt"
"textures\sfx x vortex portal4.ddt","85.4",".ddt"
"textures\shadow arrow 16x16.ddt","0.2",".ddt"
"textures\shadow cinematic units.ddt","1.4",".ddt"
"textures\shadow select circle 128x128.ddt","21.4",".ddt"
"textures\shadow select circle 16x16.ddt","0.4",".ddt"
"textures\shadow select circle 32x32.ddt","1.4",".ddt"
"textures\shadow select circle 64x64.ddt","5.4",".ddt"
"textures\shadow select farm 128x128.ddt","21.4",".ddt"
"textures\shadow select gold 128x128.ddt","21.4",".ddt"
"textures\shadow select oval 16x32.ddt","0.7",".ddt"
"textures\shadow select oval 32x64.ddt","2.7",".ddt"
"textures\shadow select oval 64x128.ddt","10.7",".ddt"
"textures\shadow select square 128x128.ddt","21.4",".ddt"
"textures\shadow select square 16x128.ddt","2.8",".ddt"
"textures\shadow select square 16x16.ddt","0.4",".ddt"
"textures\shadow select square 16x64.ddt","1.4",".ddt"
"textures\shadow select square 32x128.ddt","5.4",".ddt"
"textures\shadow select square 32x32.ddt","1.4",".ddt"
"textures\shadow select square 64x256.ddt","21.4",".ddt"
"textures\shadow select square 64x64.ddt","5.4",".ddt"
"textures\shadow select titan gate.ddt","21.4",".ddt"
"textures\shadow select tree 128x128.ddt","21.4",".ddt"
"textures\shadow unit air 64x64.ddt","5.4",".ddt"
"textures\shadow unit ballista 32x32.ddt","1.4",".ddt"
"textures\shadow unit cart 32x64.ddt","2.7",".ddt"
"textures\shadow unit catapult 32x64.ddt","2.7",".ddt"
"textures\shadow unit cavalry 32x64.ddt","2.7",".ddt"
"textures\shadow unit chariot 32x64.ddt","2.7",".ddt"
"textures\shadow unit chicken 16x16.ddt","0.4",".ddt"
"textures\shadow unit chieroballista 32x32.ddt","1.4",".ddt"
"textures\shadow unit circle 128x128.ddt","21.4",".ddt"
"textures\shadow unit circle 32x32.ddt","1.4",".ddt"
"textures\shadow unit circle 64x64.ddt","5.4",".ddt"
"textures\shadow unit folstag flag 32x32.ddt","1.4",".ddt"
"textures\shadow unit fph.ddt","1.4",".ddt"
"textures\shadow unit great box 64x128.ddt","10.7",".ddt"
"textures\shadow unit naval 32x64.ddt","2.7",".ddt"
"textures\shadow unit ram 32x64.ddt","2.7",".ddt"
"textures\shadow unit scarab 32x64.ddt","2.7",".ddt"
"textures\shadow unit square 16x16.ddt","0.4",".ddt"
"textures\shadow unit square 16x32.ddt","0.7",".ddt"
"textures\shadow unit square 32x32.ddt","1.4",".ddt"
"textures\shadow unit sword bearers 32x64.ddt","2.7",".ddt"
"textures\shadow unit thors hammer cart 32x64.ddt","2.7",".ddt"
"textures\shadow unit thors hammer dwarfs carry 32x64.ddt","2.7",".ddt"
"textures\shadow unit thors hammer laying down 32x64.ddt","2.7",".ddt"
"textures\shockwall.ddt","5.4",".ddt"
"textures\siege c fire lance bronze.ddt","5.4",".ddt"
"textures\siege c fire lance head bronze.ddt","2.7",".ddt"
"textures\siege c fire lance head iron.ddt","2.7",".ddt"
"textures\siege c fire lance head.ddt","2.7",".ddt"
"textures\siege c fire lance icon.ddt","2",".ddt"
"textures\siege c fire lance iron.ddt","5.4",".ddt"
"textures\siege c fire lance.ddt","5.4",".ddt"
"textures\siege c sitting tiger icon.ddt","2",".ddt"
"textures\siege c sitting tiger iron.ddt","5.4",".ddt"
"textures\siege c sitting tiger projectile.ddt","1.4",".ddt"
"textures\siege c sitting tiger.ddt","5.4",".ddt"
"textures\siege e catapult corpse bodya.ddt","5.4",".ddt"
"textures\siege e catapult iron.ddt","5.4",".ddt"
"textures\siege e catapult projectile.ddt","1.4",".ddt"
"textures\siege e catapult skeletona.ddt","5.4",".ddt"
"textures\siege e catapult.ddt","5.4",".ddt"
"textures\siege e tower corpse bodya.ddt","5.4",".ddt"
"textures\siege e tower iron.ddt","42.7",".ddt"
"textures\siege e tower skeletona.ddt","5.4",".ddt"
"textures\siege e tower.ddt","42.7",".ddt"
"textures\siege g helepolis corpse bodya.ddt","21.4",".ddt"
"textures\siege g helepolis iron.ddt","42.7",".ddt"
"textures\siege g helepolis skeletona.ddt","21.4",".ddt"
"textures\siege g helepolis.ddt","42.7",".ddt"
"textures\siege g petrobolos corpse bodya.ddt","5.4",".ddt"
"textures\siege g petrobolos iron.ddt","5.4",".ddt"
"textures\siege g petrobolos low.ddt","5.4",".ddt"
"textures\siege g petrobolos projectile.ddt","1.4",".ddt"
"textures\siege g petrobolos skeletona.ddt","5.4",".ddt"
"textures\siege g petrobolos tire low.ddt","0.4",".ddt"
"textures\siege g petrobolos.ddt","5.4",".ddt"
"textures\siege g trojan horse wood shadows a.ddt","10.7",".ddt"
"textures\siege g trojan horse wood shadows b.ddt","10.7",".ddt"
"textures\siege g trojan horse wood shadows c.ddt","10.7",".ddt"
"textures\siege g trojan horse.ddt","85.4",".ddt"
"textures\siege n ballista bolt iron.ddt","1.4",".ddt"
"textures\siege n ballista bolt.ddt","1.4",".ddt"
"textures\siege n ballista corpse bodya.ddt","5.4",".ddt"
"textures\siege n ballista iron.ddt","5.4",".ddt"
"textures\siege n ballista map.ddt","85.4",".ddt"
"textures\siege n ballista skeletona.ddt","5.4",".ddt"
"textures\siege n ballista.ddt","5.4",".ddt"
"textures\siege n catapult map.ddt","85.4",".ddt"
"textures\siege n ram corpse bodya.ddt","1.4",".ddt"
"textures\siege n ram iron.ddt","21.4",".ddt"
"textures\siege n ram ring iron.ddt","1.4",".ddt"
"textures\siege n ram ring.ddt","1.4",".ddt"
"textures\siege n ram skeletona.ddt","1.4",".ddt"
"textures\siege n ram.ddt","21.4",".ddt"
"textures\siege n tower map.ddt","85.4",".ddt"
"textures\siege x chieroballista corpse bodya.ddt","5.4",".ddt"
"textures\siege x chieroballista corpse skeletona.ddt","5.4",".ddt"
"textures\siege x chieroballista downgrade.ddt","21.4",".ddt"
"textures\siege x chieroballista man upgrade.ddt","5.4",".ddt"
"textures\siege x chieroballista man.ddt","5.4",".ddt"
"textures\siege x chieroballista.ddt","21.4",".ddt"
"textures\siege x fire siphon corpse bodya.ddt","5.4",".ddt"
"textures\siege x fire siphon corpse skeletona.ddt","5.4",".ddt"
"textures\siege x fire siphon shadow.ddt","1.4",".ddt"
"textures\siege x fire siphon upgrade.ddt","21.4",".ddt"
"textures\siege x fire siphon.ddt","21.4",".ddt"
"textures\siege x onager iron.ddt","5.4",".ddt"
"textures\siege x onager.ddt","5.4",".ddt"
"textures\single wave.ddt","10.7",".ddt"
"textures\skyboxbluesky.ddt","207.3",".ddt"
"textures\skyboxbluesky_bk.ddt","85.4",".ddt"
"textures\skyboxbluesky_bk2.ddt","85.4",".ddt"
"textures\skyboxbluesky_dn.ddt","1.4",".ddt"
"textures\skyboxbluesky_fr.ddt","85.4",".ddt"
"textures\skyboxbluesky_fr2.ddt","85.4",".ddt"
"textures\skyboxbluesky_lf.ddt","85.4",".ddt"
"textures\skyboxbluesky_lf2.ddt","85.4",".ddt"
"textures\skyboxbluesky_rt.ddt","85.4",".ddt"
"textures\skyboxbluesky_rt2.ddt","85.4",".ddt"
"textures\skyboxstormy_bk.ddt","85.4",".ddt"
"textures\skyboxstormy_bk2.ddt","85.4",".ddt"
"textures\skyboxstormy_dn.ddt","1.4",".ddt"
"textures\skyboxstormy_fr.ddt","85.4",".ddt"
"textures\skyboxstormy_fr2.ddt","85.4",".ddt"
"textures\skyboxstormy_lf.ddt","85.4",".ddt"
"textures\skyboxstormy_lf2.ddt","85.4",".ddt"
"textures\skyboxstormy_rt.ddt","85.4",".ddt"
"textures\skyboxstormy_rt2.ddt","85.4",".ddt"
"textures\skyboxsunset_bk.ddt","85.4",".ddt"
"textures\skyboxsunset_bk2.ddt","85.4",".ddt"
"textures\skyboxsunset_dn.ddt","1.4",".ddt"
"textures\skyboxsunset_fr.ddt","85.4",".ddt"
"textures\skyboxsunset_fr2.ddt","85.4",".ddt"
"textures\skyboxsunset_lf.ddt","85.4",".ddt"
"textures\skyboxsunset_lf2.ddt","85.4",".ddt"
"textures\skyboxsunset_rt.ddt","85.4",".ddt"
"textures\skyboxsunset_rt2.ddt","85.4",".ddt"
"textures\skyboxsunset_up.ddt","1.4",".ddt"
"textures\skyboxwinter_bk.ddt","85.4",".ddt"
"textures\skyboxwinter_bk2.ddt","85.4",".ddt"
"textures\skyboxwinter_fr.ddt","85.4",".ddt"
"textures\skyboxwinter_fr2.ddt","85.4",".ddt"
"textures\skyboxwinter_lf.ddt","85.4",".ddt"
"textures\skyboxwinter_lf2.ddt","85.4",".ddt"
"textures\skyboxwinter_rt.ddt","85.4",".ddt"
"textures\skyboxwinter_rt2.ddt","85.4",".ddt"
"textures\sliderbutton0.ddt","1.4",".ddt"
"textures\sliderbutton0v.ddt","1.4",".ddt"
"textures\sliderbutton1.ddt","1.4",".ddt"
"textures\sliderbutton1v.ddt","1.4",".ddt"
"textures\sliderbutton2.ddt","1.4",".ddt"
"textures\sliderbutton2v.ddt","1.4",".ddt"
"textures\sliderbutton3.ddt","1.4",".ddt"
"textures\sliderbutton3v.ddt","1.4",".ddt"
"textures\sliderpip.ddt","1.4",".ddt"
"textures\slider_horiz.ddt","1.4",".ddt"
"textures\slider_vert.ddt","1.4",".ddt"
"textures\snowflake.ddt","1.4",".ddt"
"textures\softblendcorner.ddt","1.4",".ddt"
"textures\softblendedge.ddt","1.4",".ddt"
"textures\softblendlshape.ddt","1.4",".ddt"
"textures\spc x gaia tree decal.ddt","85.4",".ddt"
"textures\spc x gaia tree shadow.ddt","64",".ddt"
"textures\spc x gaia tree.ddt","85.4",".ddt"
"textures\special a snowman.ddt","5.4",".ddt"
"textures\special c azure dragon head.ddt","42.7",".ddt"
"textures\special c azure dragon icon.ddt","2",".ddt"
"textures\special c azure dragon.ddt","42.7",".ddt"
"textures\special c dragon turtle head.ddt","21.4",".ddt"
"textures\special c dragon turtle icon.ddt","2",".ddt"
"textures\special c dragon turtle.ddt","85.4",".ddt"
"textures\special c earth dragon b.ddt","85.4",".ddt"
"textures\special c earth dragon icon.ddt","2",".ddt"
"textures\special c earth dragon.ddt","85.4",".ddt"
"textures\special c jiangshi head.ddt","1.4",".ddt"
"textures\special c jiangshi icon.ddt","4",".ddt"
"textures\special c jiangshi.ddt","21.4",".ddt"
"textures\special c monkey king icon.ddt","4",".ddt"
"textures\special c monkey king.ddt","42.7",".ddt"
"textures\special c pixiu icon.ddt","4",".ddt"
"textures\Special C Pixiu.ddt","170.8",".ddt"
"textures\special c qilin icon.ddt","4",".ddt"
"textures\special c qilin.ddt","42.7",".ddt"
"textures\special c salamander.ddt","21.4",".ddt"
"textures\special c terracotta soldier head.ddt","1.4",".ddt"
"textures\special c terracotta soldier icon.ddt","4",".ddt"
"textures\special c terracotta soldier.ddt","21.4",".ddt"
"textures\special c vermilion bird icon.ddt","2",".ddt"
"textures\special c vermillion bird wing alpha.ddt","42.7",".ddt"
"textures\special c vermillion bird wing.ddt","42.7",".ddt"
"textures\special c vermillion bird.ddt","85.4",".ddt"
"textures\special c war salamander icon.ddt","2",".ddt"
"textures\special c white tiger icon.ddt","4",".ddt"
"textures\special e anubite corpse bodya.ddt","5.4",".ddt"
"textures\special e anubite corpse skeletona.ddt","5.4",".ddt"
"textures\special e anubite iron.ddt","21.4",".ddt"
"textures\special e anubite.ddt","21.4",".ddt"
"textures\special e anubite[pixelxform1].ddt","21.4",".ddt"
"textures\special e apep map.ddt","16",".ddt"
"textures\special e avenger corpse bodya.ddt","5.4",".ddt"
"textures\special e avenger corpse skeletona.ddt","5.4",".ddt"
"textures\special e avenger map.ddt","21.4",".ddt"
"textures\special e avenger.ddt","21.4",".ddt"
"textures\special e leviathan fins.ddt","21.4",".ddt"
"textures\special e leviathan map.ddt","85.4",".ddt"
"textures\special e minion map.ddt","5.4",".ddt"
"textures\special e mummy flies breath.ddt","1.4",".ddt"
"textures\special e mummy flies.ddt","1.4",".ddt"
"textures\special e mummy map.ddt","5.4",".ddt"
"textures\special e petesuchos arrow.ddt","0.7",".ddt"
"textures\special e petesuchos ball glow.ddt","1.4",".ddt"
"textures\special e petesuchos beam.ddt","1.4",".ddt"
"textures\special e petesuchos corpse bodya.ddt","2.7",".ddt"
"textures\special e petesuchos corpse skeletona.ddt","2.7",".ddt"
"textures\special e petesuchos.ddt","21.4",".ddt"
"textures\special e pharaoh corpse bodya.ddt","1.4",".ddt"
"textures\special e pharaoh head.ddt","2.7",".ddt"
"textures\special e pharaoh skeletona.ddt","1.4",".ddt"
"textures\special e pharaoh.ddt","5.4",".ddt"
"textures\special e phoenix egg.ddt","5.4",".ddt"
"textures\special e phoenix shockwave.ddt","21.4",".ddt"
"textures\special e phoenix.ddt","5.4",".ddt"
"textures\special e priest corpse bodya.ddt","1.4",".ddt"
"textures\special e priest head.ddt","0.7",".ddt"
"textures\special e priest skeletona.ddt","1.4",".ddt"
"textures\special e priest staff.ddt","0.8",".ddt"
"textures\special e priest.ddt","5.4",".ddt"
"textures\special e roc basket.ddt","21.4",".ddt"
"textures\special e roc.ddt","21.4",".ddt"
"textures\special e scarab blood.ddt","1.4",".ddt"
"textures\special e scarab corpse bodya.ddt","21.4",".ddt"
"textures\special e scarab corpse skeletona.ddt","21.4",".ddt"
"textures\special e scarab map.ddt","21.4",".ddt"
"textures\special e scorpion corpse bodya.ddt","5.4",".ddt"
"textures\special e scorpion corpse skeletona.ddt","5.4",".ddt"
"textures\special e scorpion man head.ddt","1.4",".ddt"
"textures\special e scorpion man upgrade.ddt","21.4",".ddt"
"textures\special e scorpion man.ddt","21.4",".ddt"
"textures\special e sphinx corpse bodya.ddt","5.4",".ddt"
"textures\special e sphinx corpse skeletona.ddt","5.4",".ddt"
"textures\special e sphinx tornado.ddt","21.4",".ddt"
"textures\special e sphinx.ddt","21.4",".ddt"
"textures\special e vulture map.ddt","5.4",".ddt"
"textures\special e wadjet corpse bodya.ddt","5.4",".ddt"
"textures\special e wadjet corpse skeletona.ddt","5.4",".ddt"
"textures\special e wadjet.ddt","21.4",".ddt"
"textures\special g agamemnon head statue.ddt","5.4",".ddt"
"textures\special g agamemnon head.ddt","4",".ddt"
"textures\special g agamemnon statue.ddt","21.4",".ddt"
"textures\special g agamemnon.ddt","21.4",".ddt"
"textures\special g athena head.ddt","10.7",".ddt"
"textures\special g athena.ddt","21.4",".ddt"
"textures\special g carcinos.ddt","21.4",".ddt"
"textures\special g centaur corpse bodya.ddt","5.4",".ddt"
"textures\special g centaur corpse skeletona.ddt","5.4",".ddt"
"textures\special g centaur head upgrade.ddt","1.4",".ddt"
"textures\special g centaur head.ddt","1.4",".ddt"
"textures\special g centaur low.ddt","10.7",".ddt"
"textures\special g centaur upgrade.ddt","5.4",".ddt"
"textures\special g centaur.ddt","5.4",".ddt"
"textures\special g chimera corpse bodya.ddt","5.4",".ddt"
"textures\special g chimera corpse skeletona.ddt","1.4",".ddt"
"textures\special g chimera map.ddt","5.4",".ddt"
"textures\special g chimera tail.ddt","5.4",".ddt"
"textures\special g chimera.ddt","21.4",".ddt"
"textures\special g colossus gold.ddt","21.4",".ddt"
"textures\special g colossus map.ddt","21.4",".ddt"
"textures\special g colossus silver.ddt","21.4",".ddt"
"textures\special g colossus sword.ddt","0.7",".ddt"
"textures\special g cyclops corpse bodya.ddt","5.4",".ddt"
"textures\special g cyclops corpse skeletona.ddt","5.4",".ddt"
"textures\special g cyclops low.ddt","5.4",".ddt"
"textures\special g cyclops map.ddt","21.4",".ddt"
"textures\special g cyclops upgrade.ddt","21.4",".ddt"
"textures\special g cyclops.ddt","21.4",".ddt"
"textures\special g giant turtle.ddt","85.4",".ddt"
"textures\special g golem map.ddt","64",".ddt"
"textures\special g griffon map.ddt","21.4",".ddt"
"textures\special g harpy map.ddt","5.4",".ddt"
"textures\special g hippocampus.ddt","21.4",".ddt"
"textures\special g hydra corpse bodya.ddt","21.4",".ddt"
"textures\special g hydra corpse skeletona.ddt","21.4",".ddt"
"textures\special g hydra land.ddt","85.4",".ddt"
"textures\special g hydra map.ddt","21.4",".ddt"
"textures\special g hydra statue.ddt","85.4",".ddt"
"textures\special g manticore barbs.ddt","0.7",".ddt"
"textures\special g manticore corpse bodya.ddt","2.7",".ddt"
"textures\special g manticore corpse skeletona.ddt","2.7",".ddt"
"textures\special g manticore statue.ddt","341.4",".ddt"
"textures\special g manticore wing statue.ddt","85.4",".ddt"
"textures\special g manticore wing.ddt","4",".ddt"
"textures\special g manticore.ddt","21.4",".ddt"
"textures\special g medusa corpse bodya.ddt","5.4",".ddt"
"textures\special g medusa corpse skeletona.ddt","1.4",".ddt"
"textures\special g medusa low map.ddt","5.4",".ddt"
"textures\special g medusa map.ddt","5.4",".ddt"
"textures\special g medusa upgrade.ddt","21.4",".ddt"
"textures\special g medusa.ddt","21.4",".ddt"
"textures\special g minotaur corpse bodya.ddt","5.4",".ddt"
"textures\special g minotaur corpse skeletona.ddt","5.4",".ddt"
"textures\special g minotaur.ddt","21.4",".ddt"
"textures\special g nemean lion corpse bodya.ddt","5.4",".ddt"
"textures\special g nemean lion corpse skeletona.ddt","5.4",".ddt"
"textures\special g nemean lion soundwave.ddt","5.4",".ddt"
"textures\special g nemean lion statue.ddt","21.4",".ddt"
"textures\special g nemean lion.ddt","21.4",".ddt"
"textures\special g pegasus corpse bodya.ddt","5.4",".ddt"
"textures\special g pegasus corpse skeletona.ddt","5.4",".ddt"
"textures\special g pegasus wings.ddt","5.4",".ddt"
"textures\special g pegasus.ddt","21.4",".ddt"
"textures\special g polyphemus map.ddt","21.4",".ddt"
"textures\special g scylla map.ddt","21.4",".ddt"
"textures\special g scylla.ddt","85.4",".ddt"
"textures\special g sea turtle.ddt","85.4",".ddt"
"textures\special g shade.ddt","5.4",".ddt"
"textures\special g underworld shade.ddt","5.4",".ddt"
"textures\special n battle boar corpse bodya.ddt","5.4",".ddt"
"textures\special n battle boar corpse skeletona.ddt","5.4",".ddt"
"textures\special n battle boar.ddt","21.4",".ddt"
"textures\special n einheriar axe standard.ddt","1.4",".ddt"
"textures\special n einheriar berserk.ddt","5.4",".ddt"
"textures\special n einheriar corpse bodya.ddt","5.4",".ddt"
"textures\special n einheriar corpse skeletona.ddt","5.4",".ddt"
"textures\special n einheriar head.ddt","2.7",".ddt"
"textures\special n einheriar horn.ddt","0.7",".ddt"
"textures\special n einheriar low.ddt","10.7",".ddt"
"textures\special n einheriar upgrade.ddt","5.4",".ddt"
"textures\special n einheriar.ddt","5.4",".ddt"
"textures\special n fenris corpse bodya.ddt","5.4",".ddt"
"textures\special n fenris corpse skeletona.ddt","5.4",".ddt"
"textures\special n fenris.ddt","21.4",".ddt"
"textures\special n fire giant footprint map.ddt","5.4",".ddt"
"textures\special n fire giant.ddt","21.4",".ddt"
"textures\special n frost giant footprint map.ddt","5.4",".ddt"
"textures\special n frost giant footprint01 map.ddt","4",".ddt"
"textures\special n frost giant footprint02 map.ddt","5.4",".ddt"
"textures\special n frost giant head upgrade.ddt","5.4",".ddt"
"textures\special n frost giant head.ddt","5.4",".ddt"
"textures\special n frost giant map.ddt","21.4",".ddt"
"textures\special n frost giant mist map.ddt","5.4",".ddt"
"textures\special n frost giant upgrade.ddt","21.4",".ddt"
"textures\special n frost giant.ddt","21.4",".ddt"
"textures\special n giant corpse bodya.ddt","5.4",".ddt"
"textures\special n giant corpse skeletona.ddt","5.4",".ddt"
"textures\special n giant corpse.ddt","2.7",".ddt"
"textures\special n giant head.ddt","5.4",".ddt"
"textures\special n giant map.ddt","5.4",".ddt"
"textures\special n giant skeleton.ddt","2.7",".ddt"
"textures\special n giant.ddt","21.4",".ddt"
"textures\special n jarl cape map.ddt","1.4",".ddt"
"textures\special n jormund brood hump.ddt","10.7",".ddt"
"textures\special n jormund brood.ddt","21.4",".ddt"
"textures\special n king folstag upgrade.ddt","21.4",".ddt"
"textures\special n king folstag.ddt","5.4",".ddt"
"textures\special n raven.ddt","5.4",".ddt"
"textures\special n troll bag.ddt","2.7",".ddt"
"textures\special n troll corpse bodya.ddt","5.4",".ddt"
"textures\special n troll corpse skeletona.ddt","5.4",".ddt"
"textures\special n troll.ddt","21.4",".ddt"
"textures\Special N Trollkarien Map.ddt","85.4",".ddt"
"textures\special n valkyrie corpse bodya.ddt","5.4",".ddt"
"textures\special n valkyrie corpse skeletona.ddt","5.4",".ddt"
"textures\special n valkyrie horse map statue.ddt","21.4",".ddt"
"textures\special n valkyrie horse map.ddt","21.4",".ddt"
"textures\special n valkyrie low.ddt","10.7",".ddt"
"textures\special n valkyrie map.ddt","21.4",".ddt"
"textures\special n valkyrie staute map.ddt","21.4",".ddt"
"textures\special n valkyrie upgrade.ddt","5.4",".ddt"
"textures\special x lampades blood.ddt","1.4",".ddt"
"textures\special x oracle corpse bodya.ddt","1.4",".ddt"
"textures\special x oracle corpse skeletona.ddt","1.4",".ddt"
"textures\special x oracle hero.ddt","5.4",".ddt"
"textures\special x oracle.ddt","5.4",".ddt"
"textures\special x spider body.ddt","21.4",".ddt"
"textures\special x spider door copy.ddt","21.4",".ddt"
"textures\special x spider door.ddt","5.4",".ddt"
"textures\spotlightmc_01.ddt","55.9",".ddt"
"textures\spotlightmc_02.ddt","58.6",".ddt"
"textures\spotlightmc_03.ddt","71.5",".ddt"
"textures\spotlightmc_04.ddt","69.5",".ddt"
"textures\spotlight_01.ddt","42.7",".ddt"
"textures\spotlight_02.ddt","42.7",".ddt"
"textures\spotlight_03.ddt","42.7",".ddt"
"textures\spotlight_04.ddt","42.7",".ddt"
"textures\spotlight_05.ddt","42.7",".ddt"
"textures\spotlight_06.ddt","42.7",".ddt"
"textures\spotlight_07.ddt","42.7",".ddt"
"textures\spotlight_08.ddt","42.7",".ddt"
"textures\spotlight_09.ddt","42.7",".ddt"
"textures\spotlight_10.ddt","42.7",".ddt"
"textures\spotlight_11.ddt","42.7",".ddt"
"textures\spotlight_12.ddt","42.7",".ddt"
"textures\spotlight_13.ddt","42.7",".ddt"
"textures\spotlight_14.ddt","42.7",".ddt"
"textures\spotlight_15.ddt","42.7",".ddt"
"textures\spotlight_16.ddt","42.7",".ddt"
"textures\spotlight_17.ddt","42.7",".ddt"
"textures\spotlight_18.ddt","42.7",".ddt"
"textures\spotlight_19.ddt","42.7",".ddt"
"textures\spotlight_20.ddt","42.7",".ddt"
"textures\spotlight_21.ddt","42.7",".ddt"
"textures\spotlight_22.ddt","42.7",".ddt"
"textures\spotlight_23.ddt","42.7",".ddt"
"textures\spotlight_24.ddt","42.7",".ddt"
"textures\spotlight_25.ddt","42.7",".ddt"
"textures\spotlight_26.ddt","42.7",".ddt"
"textures\spotlight_27.ddt","42.7",".ddt"
"textures\spotlight_28.ddt","42.7",".ddt"
"textures\spotlight_29.ddt","42.7",".ddt"
"textures\spotlight_30.ddt","42.7",".ddt"
"textures\spotlight_31.ddt","42.7",".ddt"
"textures\spotlight_32.ddt","42.7",".ddt"
"textures\spotlight_33.ddt","42.7",".ddt"
"textures\spotlight_34.ddt","42.7",".ddt"
"textures\spotlight_35.ddt","42.7",".ddt"
"textures\spotlight_eb.ddt","42.7",".ddt"
"textures\spotlight_x01.ddt","42.7",".ddt"
"textures\spotlight_x02.ddt","42.7",".ddt"
"textures\spotlight_x03.ddt","42.7",".ddt"
"textures\spotlight_x04.ddt","42.7",".ddt"
"textures\spotlight_x05.ddt","42.7",".ddt"
"textures\spotlight_x06.ddt","42.7",".ddt"
"textures\spotlight_x07.ddt","42.7",".ddt"
"textures\spotlight_x08.ddt","42.7",".ddt"
"textures\spotlight_x09.ddt","42.7",".ddt"
"textures\spotlight_x10.ddt","42.7",".ddt"
"textures\spotlight_x11.ddt","42.7",".ddt"
"textures\spotlight_x12.ddt","42.7",".ddt"
"textures\spotlight_y01.ddt","32",".ddt"
"textures\spotlight_y02.ddt","32",".ddt"
"textures\spotlight_y03.ddt","32",".ddt"
"textures\spotlight_y04.ddt","32",".ddt"
"textures\spotlight_y05.ddt","32",".ddt"
"textures\spotlight_y06.ddt","32",".ddt"
"textures\spotlight_y07.ddt","32",".ddt"
"textures\spotlight_y08.ddt","32",".ddt"
"textures\spotlight_y09.ddt","32",".ddt"
"textures\sq_shadow.ddt","1.4",".ddt"
"textures\sq_shadow_blue.ddt","1.4",".ddt"
"textures\statue x gaia map.ddt","21.4",".ddt"
"textures\statue x kronos map.ddt","21.4",".ddt"
"textures\statue x oranos map.ddt","21.4",".ddt"
"textures\stormyskybox_bk.ddt","85.4",".ddt"
"textures\stormyskybox_dn.ddt","85.4",".ddt"
"textures\stormyskybox_fr.ddt","85.4",".ddt"
"textures\stormyskybox_lf.ddt","85.4",".ddt"
"textures\stormyskybox_rt.ddt","85.4",".ddt"
"textures\stormyskybox_up.ddt","85.4",".ddt"
"textures\strategic map gate 16x16.ddt","0.4",".ddt"
"textures\strategic map wall 16x16.ddt","0.4",".ddt"
"textures\sunsetskybox_bk.ddt","85.4",".ddt"
"textures\sunsetskybox_dn.ddt","85.4",".ddt"
"textures\sunsetskybox_fr.ddt","85.4",".ddt"
"textures\sunsetskybox_lf.ddt","85.4",".ddt"
"textures\sunsetskybox_rt.ddt","85.4",".ddt"
"textures\sunsetskybox_up.ddt","85.4",".ddt"
"textures\target.ddt","0.1",".ddt"
"textures\techtree.ddt","0.4",".ddt"
"textures\temp santa body.ddt","16",".ddt"
"textures\temp santa hat.ddt","5.4",".ddt"
"textures\temp santa head.ddt","4",".ddt"
"textures\terrain cypress decal.ddt","1.4",".ddt"
"textures\terrain cypress shadow.ddt","1.4",".ddt"
"textures\terrain e lily pads b.ddt","4",".ddt"
"textures\terrain e lily pads c.ddt","4",".ddt"
"textures\terrain e lily pads.ddt","4",".ddt"
"textures\terrain e papyrus b.ddt","21.4",".ddt"
"textures\terrain e papyrus leaf.ddt","5.4",".ddt"
"textures\terrain e papyrus stalk.ddt","42.7",".ddt"
"textures\terrain e papyrus.ddt","21.4",".ddt"
"textures\terrain e rock a.ddt","21.4",".ddt"
"textures\terrain e rock formation a.ddt","21.4",".ddt"
"textures\terrain e shrub a.ddt","21.4",".ddt"
"textures\terrain e water reeds a.ddt","21.4",".ddt"
"textures\terrain e water reeds b.ddt","2.7",".ddt"
"textures\terrain e water reeds.ddt","5.4",".ddt"
"textures\terrain e water reeds01.ddt","10.7",".ddt"
"textures\terrain_e_waterreeds_mapa.ddt","5.4",".ddt"
"textures\terrain_e_waterreeds_mapb.ddt","5.4",".ddt"
"textures\terrain_e_waterreeds_mapc.ddt","5.4",".ddt"
"textures\terrain_largewave_a.ddt","5.4",".ddt"
"textures\terrain_largewave_b.ddt","5.4",".ddt"
"textures\terrain_rock_wetsand.ddt","21.4",".ddt"
"textures\terrain_smallwave_a.ddt","5.4",".ddt"
"textures\terrain_smallwave_b.ddt","5.4",".ddt"
"textures\test flags.ddt","21.4",".ddt"
"textures\theocrat map.ddt","85.4",".ddt"
"textures\timeshift sparkle.ddt","5.4",".ddt"
"textures\timeshift up.ddt","5.4",".ddt"
"textures\titan c pangu.ddt","682.7",".ddt"
"textures\titan e ra map.ddt","85.4",".ddt"
"textures\titan e ra pads map.ddt","5.4",".ddt"
"textures\titan e ra skirt map.ddt","85.4",".ddt"
"textures\titan g cerebus map1.ddt","85.4",".ddt"
"textures\titan g cerebus map2.ddt","85.4",".ddt"
"textures\titan n troll hammer map.ddt","21.4",".ddt"
"textures\titan n troll map1.ddt","85.4",".ddt"
"textures\titan n troll map2.ddt","85.4",".ddt"
"textures\titan x gaia.ddt","85.4",".ddt"
"textures\titan x golem map1.ddt","85.4",".ddt"
"textures\titan x golem map2.ddt","85.4",".ddt"
"textures\titan x kronos.ddt","85.4",".ddt"
"textures\titan x promethean 1.ddt","85.4",".ddt"
"textures\titan x promethean 2.ddt","85.4",".ddt"
"textures\titlebar.ddt","1.4",".ddt"
"textures\tool hammer map.ddt","1.4",".ddt"
"textures\tower icon 32x32.ddt","1.4",".ddt"
"textures\toxotemap.ddt","85.4",".ddt"
"textures\trade c caravan cargo.ddt","5.4",".ddt"
"textures\trade c caravan.ddt","21.4",".ddt"
"textures\trade e caravan basket.ddt","21.4",".ddt"
"textures\trade e caravan camel.ddt","21.4",".ddt"
"textures\trade e caravan cargo.ddt","5.4",".ddt"
"textures\trade e caravan corpse bodya.ddt","2.7",".ddt"
"textures\trade e caravan corpse skeletona.ddt","2.7",".ddt"
"textures\trade g caravan cargo.ddt","5.4",".ddt"
"textures\trade g caravan corpse bodya.ddt","1.4",".ddt"
"textures\trade g caravan corpse skeletona.ddt","1.4",".ddt"
"textures\trade g caravan donkey.ddt","5.4",".ddt"
"textures\trade n caravan cargo.ddt","21.4",".ddt"
"textures\trade n caravan corpse bodya.ddt","1.4",".ddt"
"textures\trade n caravan corpse skeletona.ddt","1.4",".ddt"
"textures\trade n caravan ox.ddt","21.4",".ddt"
"textures\trade x caravan cargo.ddt","1.4",".ddt"
"textures\trade x caravan.ddt","5.4",".ddt"
"textures\trash weapon.ddt","10.7",".ddt"
"textures\trash.ddt","85.4",".ddt"
"textures\Twitch-pause.ddt","0.2",".ddt"
"textures\Twitch-record.ddt","0.2",".ddt"
"textures\ui garrison pips.ddt","1.5",".ddt"
"textures\ui hitpoint bars.ddt","1.4",".ddt"
"textures\ui range indicator atlantean.ddt","5.4",".ddt"
"textures\ui range indicator chinese.ddt","3.3",".ddt"
"textures\ui range indicator egypt.ddt","5.4",".ddt"
"textures\ui range indicator greek.ddt","5.4",".ddt"
"textures\ui range indicator norse.ddt","5.4",".ddt"
"textures\ui range indicator.ddt","5.4",".ddt"
"textures\uiglow.ddt","5.4",".ddt"
"textures\uiglow2.ddt","5.4",".ddt"
"textures\uimenu.ddt","5.4",".ddt"
"textures\uimenucheck.ddt","1.4",".ddt"
"textures\uimenuseparator.ddt","5.4",".ddt"
"textures\uimenuuncheck.ddt","1.4",".ddt"
"textures\uimenuunderline.ddt","1.4",".ddt"
"textures\ui_banners atlantean.ddt","85.4",".ddt"
"textures\ui_banners atlantean2.ddt","64",".ddt"
"textures\ui_banners egypt.ddt","64",".ddt"
"textures\ui_banners egypt2.ddt","64",".ddt"
"textures\ui_banners greek.ddt","64",".ddt"
"textures\ui_banners greek2.ddt","64",".ddt"
"textures\ui_banners norse.ddt","64",".ddt"
"textures\ui_banners norse2.ddt","64",".ddt"
"textures\ui_banners selected atlantean.ddt","64",".ddt"
"textures\ui_banners selected atlantean2.ddt","64",".ddt"
"textures\ui_banners selected egypt.ddt","64",".ddt"
"textures\ui_banners selected egypt2.ddt","64",".ddt"
"textures\ui_banners selected greek.ddt","64",".ddt"
"textures\ui_banners selected greek2.ddt","64",".ddt"
"textures\ui_banners selected norse.ddt","64",".ddt"
"textures\ui_banners selected norse2.ddt","64",".ddt"
"textures\ui_banners.ddt","64",".ddt"
"textures\ui_banners_attack atlantean.ddt","64",".ddt"
"textures\ui_banners_attack egypt.ddt","64",".ddt"
"textures\ui_banners_attack greek.ddt","64",".ddt"
"textures\ui_banners_attack norse.ddt","64",".ddt"
"textures\ui_banners_selected.ddt","64",".ddt"
"textures\ui_bottom_shadow.ddt","1.4",".ddt"
"textures\ui_c_bottombar_a.ddt","33.8",".ddt"
"textures\ui_c_bottombar_a_fuxi.ddt","322.6",".ddt"
"textures\ui_c_bottombar_a_nuwa.ddt","306.5",".ddt"
"textures\ui_c_bottombar_a_shennong.ddt","316.8",".ddt"
"textures\ui_c_bottombar_b.ddt","34.2",".ddt"
"textures\ui_c_bottombar_b_fuxi.ddt","279.9",".ddt"
"textures\ui_c_bottombar_b_nuwa.ddt","277.4",".ddt"
"textures\ui_c_bottombar_b_shennong.ddt","279.7",".ddt"
"textures\ui_c_bottombar_c.ddt","35.1",".ddt"
"textures\ui_c_bottombar_c_fuxi.ddt","283.7",".ddt"
"textures\ui_c_bottombar_c_nuwa.ddt","279.7",".ddt"
"textures\ui_c_bottombar_c_shennong.ddt","283.4",".ddt"
"textures\ui_c_bottombar_d.ddt","34.4",".ddt"
"textures\ui_c_bottombar_d_fuxi.ddt","325.4",".ddt"
"textures\ui_c_bottombar_d_nuwa.ddt","314.7",".ddt"
"textures\ui_c_bottombar_d_shennong.ddt","320.4",".ddt"
"textures\ui_c_bottomcap_a.ddt","3.4",".ddt"
"textures\ui_c_bottomcap_a_fuxi.ddt","45.6",".ddt"
"textures\ui_c_bottomcap_a_nuwa.ddt","51.9",".ddt"
"textures\ui_c_bottomcap_a_shennong.ddt","46.1",".ddt"
"textures\ui_c_bottomcap_b.ddt","5.7",".ddt"
"textures\ui_c_bottomcap_b_fuxi.ddt","60",".ddt"
"textures\ui_c_bottomcap_b_nuwa.ddt","59.1",".ddt"
"textures\ui_c_bottomcap_b_shennong.ddt","57.2",".ddt"
"textures\ui_c_bottomcap_c.ddt","5.6",".ddt"
"textures\ui_c_bottomcap_c_fuxi.ddt","58.4",".ddt"
"textures\ui_c_bottomcap_c_nuwa.ddt","57.9",".ddt"
"textures\ui_c_bottomcap_c_shennong.ddt","55.7",".ddt"
"textures\ui_c_bottomcap_d.ddt","3.3",".ddt"
"textures\ui_c_bottomcap_d_fuxi.ddt","46.4",".ddt"
"textures\ui_c_bottomcap_d_nuwa.ddt","48.9",".ddt"
"textures\ui_c_bottomcap_d_shennong.ddt","46.4",".ddt"
"textures\ui_c_bottomcap_head1.ddt","1.4",".ddt"
"textures\ui_c_bottomcap_head1_fuxi.ddt","33.5",".ddt"
"textures\ui_c_bottomcap_head1_nuwa.ddt","26.1",".ddt"
"textures\ui_c_bottomcap_head1_shennong.ddt","31.5",".ddt"
"textures\ui_c_bottomcap_head2.ddt","1.3",".ddt"
"textures\ui_c_bottomcap_head2_fuxi.ddt","31",".ddt"
"textures\ui_c_bottomcap_head2_nuwa.ddt","26.2",".ddt"
"textures\ui_c_bottomcap_head2_shennong.ddt","28.8",".ddt"
"textures\ui_c_menu_.ddt","44",".ddt"
"textures\ui_c_title_.ddt","52.2",".ddt"
"textures\ui_c_title_titan.ddt","5.4",".ddt"
"textures\ui_c_top_bar_.ddt","19.5",".ddt"
"textures\ui_e_bottombar_a.ddt","42.7",".ddt"
"textures\ui_e_bottombar_a2.ddt","42.7",".ddt"
"textures\ui_e_bottombar_a_isis.ddt","213.4",".ddt"
"textures\ui_e_bottombar_a_ra.ddt","213.4",".ddt"
"textures\ui_e_bottombar_a_set.ddt","213.4",".ddt"
"textures\ui_e_bottombar_b isis.ddt","42.7",".ddt"
"textures\ui_e_bottombar_b ra.ddt","42.7",".ddt"
"textures\ui_e_bottombar_b set.ddt","42.7",".ddt"
"textures\ui_e_bottombar_b.ddt","42.7",".ddt"
"textures\ui_e_bottombar_b_isis.ddt","170.8",".ddt"
"textures\ui_e_bottombar_b_ra.ddt","170.8",".ddt"
"textures\ui_e_bottombar_b_set.ddt","170.8",".ddt"
"textures\ui_e_bottombar_c isis.ddt","42.7",".ddt"
"textures\ui_e_bottombar_c ra.ddt","42.7",".ddt"
"textures\ui_e_bottombar_c set.ddt","42.7",".ddt"
"textures\ui_e_bottombar_c.ddt","42.7",".ddt"
"textures\ui_e_bottombar_c_isis.ddt","170.8",".ddt"
"textures\ui_e_bottombar_c_ra.ddt","170.8",".ddt"
"textures\ui_e_bottombar_c_set.ddt","170.8",".ddt"
"textures\ui_e_bottombar_d.ddt","42.7",".ddt"
"textures\ui_e_bottombar_d_isis.ddt","213.4",".ddt"
"textures\ui_e_bottombar_d_ra.ddt","213.4",".ddt"
"textures\ui_e_bottombar_d_set.ddt","213.4",".ddt"
"textures\ui_e_bottomcap_a.ddt","10.8",".ddt"
"textures\ui_e_bottomcap_a_isis.ddt","85.4",".ddt"
"textures\ui_e_bottomcap_a_ra.ddt","85.4",".ddt"
"textures\ui_e_bottomcap_a_set.ddt","85.4",".ddt"
"textures\ui_e_bottomcap_b.ddt","10.8",".ddt"
"textures\ui_e_bottomcap_b_isis.ddt","42.8",".ddt"
"textures\ui_e_bottomcap_b_ra.ddt","42.8",".ddt"
"textures\ui_e_bottomcap_b_set.ddt","42.8",".ddt"
"textures\ui_e_bottomcap_c.ddt","10.8",".ddt"
"textures\ui_e_bottomcap_c_isis.ddt","42.8",".ddt"
"textures\ui_e_bottomcap_c_ra.ddt","42.8",".ddt"
"textures\ui_e_bottomcap_c_set.ddt","42.8",".ddt"
"textures\ui_e_bottomcap_d.ddt","10.8",".ddt"
"textures\ui_e_bottomcap_d_isis.ddt","85.4",".ddt"
"textures\ui_e_bottomcap_d_ra.ddt","85.4",".ddt"
"textures\ui_e_bottomcap_d_set.ddt","85.4",".ddt"
"textures\ui_e_bottomcap_head1.ddt","10.8",".ddt"
"textures\ui_e_bottomcap_head1_isis.ddt","42.8",".ddt"
"textures\ui_e_bottomcap_head1_ra.ddt","42.8",".ddt"
"textures\ui_e_bottomcap_head1_set.ddt","42.8",".ddt"
"textures\ui_e_bottomcap_head2.ddt","10.8",".ddt"
"textures\ui_e_bottomcap_head2_isis.ddt","42.8",".ddt"
"textures\ui_e_bottomcap_head2_ra.ddt","42.8",".ddt"
"textures\ui_e_bottomcap_head2_set.ddt","42.8",".ddt"
"textures\ui_e_menu.ddt","2.7",".ddt"
"textures\ui_e_menuicon.ddt","1.4",".ddt"
"textures\ui_e_menu_isis.ddt","85.4",".ddt"
"textures\ui_e_menu_ra.ddt","85.4",".ddt"
"textures\ui_e_menu_set.ddt","85.4",".ddt"
"textures\ui_e_title.ddt","21.4",".ddt"
"textures\ui_e_title_isis.ddt","85.4",".ddt"
"textures\ui_e_title_ra.ddt","85.4",".ddt"
"textures\ui_e_title_set.ddt","85.4",".ddt"
"textures\ui_e_top_bar.ddt","5.6",".ddt"
"textures\ui_e_top_bar_isis.ddt","21.6",".ddt"
"textures\ui_e_top_bar_ra.ddt","21.6",".ddt"
"textures\ui_e_top_bar_set.ddt","21.6",".ddt"
"textures\ui_generic_background.ddt","21.4",".ddt"
"textures\ui_generic_button.ddt","21.4",".ddt"
"textures\ui_generic_dark_background.ddt","5.4",".ddt"
"textures\ui_generic_dialog_box.ddt","21.4",".ddt"
"textures\ui_generic_ingame_dark_tile.ddt","5.4",".ddt"
"textures\ui_generic_ingame_tile.ddt","5.4",".ddt"
"textures\ui_generic_multiplayer_background.ddt","21.4",".ddt"
"textures\ui_generic_pregame_background.ddt","21.4",".ddt"
"textures\ui_g_bottombar_a.ddt","42.7",".ddt"
"textures\ui_g_bottombar_a2.ddt","42.7",".ddt"
"textures\ui_g_bottombar_a3.ddt","42.7",".ddt"
"textures\ui_g_bottombar_a_hades.ddt","213.4",".ddt"
"textures\ui_g_bottombar_a_poseidon.ddt","213.4",".ddt"
"textures\ui_g_bottombar_a_zeus.ddt","213.4",".ddt"
"textures\ui_g_bottombar_b hades.ddt","42.7",".ddt"
"textures\ui_g_bottombar_b poseidon.ddt","42.7",".ddt"
"textures\ui_g_bottombar_b zeus.ddt","42.7",".ddt"
"textures\ui_g_bottombar_b.ddt","42.7",".ddt"
"textures\ui_g_bottombar_b_hades.ddt","170.8",".ddt"
"textures\ui_g_bottombar_b_poseidon.ddt","170.8",".ddt"
"textures\ui_g_bottombar_b_zeus.ddt","170.8",".ddt"
"textures\ui_g_bottombar_c hades.ddt","42.7",".ddt"
"textures\ui_g_bottombar_c poseidon.ddt","42.7",".ddt"
"textures\ui_g_bottombar_c zeus.ddt","42.7",".ddt"
"textures\ui_g_bottombar_c.ddt","42.7",".ddt"
"textures\ui_g_bottombar_c_hades.ddt","170.8",".ddt"
"textures\ui_g_bottombar_c_poseidon.ddt","170.8",".ddt"
"textures\ui_g_bottombar_c_zeus.ddt","170.8",".ddt"
"textures\ui_g_bottombar_d.ddt","42.7",".ddt"
"textures\ui_g_bottombar_d_hades.ddt","213.4",".ddt"
"textures\ui_g_bottombar_d_poseidon.ddt","213.4",".ddt"
"textures\ui_g_bottombar_d_zeus.ddt","213.4",".ddt"
"textures\ui_g_bottomcap_a.ddt","10.8",".ddt"
"textures\ui_g_bottomcap_a_hades.ddt","85.4",".ddt"
"textures\ui_g_bottomcap_a_poseidon.ddt","85.4",".ddt"
"textures\ui_g_bottomcap_a_zeus.ddt","85.4",".ddt"
"textures\ui_g_bottomcap_b.ddt","10.8",".ddt"
"textures\ui_g_bottomcap_b_hades.ddt","42.8",".ddt"
"textures\ui_g_bottomcap_b_poseidon.ddt","42.8",".ddt"
"textures\ui_g_bottomcap_b_zeus.ddt","42.8",".ddt"
"textures\ui_g_bottomcap_c.ddt","10.8",".ddt"
"textures\ui_g_bottomcap_c_hades.ddt","42.8",".ddt"
"textures\ui_g_bottomcap_c_poseidon.ddt","42.8",".ddt"
"textures\ui_g_bottomcap_c_zeus.ddt","42.8",".ddt"
"textures\ui_g_bottomcap_d.ddt","10.8",".ddt"
"textures\ui_g_bottomcap_d_hades.ddt","85.4",".ddt"
"textures\ui_g_bottomcap_d_poseidon.ddt","85.4",".ddt"
"textures\ui_g_bottomcap_d_zeus.ddt","85.4",".ddt"
"textures\ui_g_bottomcap_head1.ddt","10.8",".ddt"
"textures\ui_g_bottomcap_head1_hades.ddt","42.8",".ddt"
"textures\ui_g_bottomcap_head1_poseidon.ddt","42.8",".ddt"
"textures\ui_g_bottomcap_head1_zeus.ddt","42.8",".ddt"
"textures\ui_g_bottomcap_head2.ddt","10.8",".ddt"
"textures\ui_g_bottomcap_head2_hades.ddt","42.8",".ddt"
"textures\ui_g_bottomcap_head2_poseidon.ddt","42.8",".ddt"
"textures\ui_g_bottomcap_head2_zeus.ddt","42.8",".ddt"
"textures\ui_g_menu.ddt","2.7",".ddt"
"textures\ui_g_menu_hades.ddt","85.4",".ddt"
"textures\ui_g_menu_poseidon.ddt","85.4",".ddt"
"textures\ui_g_menu_zeus.ddt","85.4",".ddt"
"textures\ui_g_title.ddt","21.4",".ddt"
"textures\ui_g_title_hades.ddt","85.4",".ddt"
"textures\ui_g_title_poseidon.ddt","85.4",".ddt"
"textures\ui_g_title_zeus.ddt","85.4",".ddt"
"textures\ui_g_top_bar.ddt","5.6",".ddt"
"textures\ui_g_top_bar_hades.ddt","21.6",".ddt"
"textures\ui_g_top_bar_poseidon.ddt","21.6",".ddt"
"textures\ui_g_top_bar_zeus.ddt","21.6",".ddt"
"textures\ui_iconbevel.ddt","1.4",".ddt"
"textures\ui_iconbevel_glow.ddt","1.4",".ddt"
"textures\ui_iconbevel_shadow.ddt","5.4",".ddt"
"textures\ui_iconshadow.ddt","1.4",".ddt"
"textures\ui_n_bottombar_a.ddt","42.7",".ddt"
"textures\ui_n_bottombar_a_loki.ddt","213.4",".ddt"
"textures\ui_n_bottombar_a_odin.ddt","213.4",".ddt"
"textures\ui_n_bottombar_a_thor.ddt","213.4",".ddt"
"textures\ui_n_bottombar_b loki.ddt","42.7",".ddt"
"textures\ui_n_bottombar_b odin.ddt","42.7",".ddt"
"textures\ui_n_bottombar_b thor.ddt","42.7",".ddt"
"textures\ui_n_bottombar_b.ddt","42.7",".ddt"
"textures\ui_n_bottombar_b_loki.ddt","170.8",".ddt"
"textures\ui_n_bottombar_b_odin.ddt","170.8",".ddt"
"textures\ui_n_bottombar_b_thor.ddt","170.8",".ddt"
"textures\ui_n_bottombar_c loki.ddt","42.7",".ddt"
"textures\ui_n_bottombar_c odin.ddt","42.7",".ddt"
"textures\ui_n_bottombar_c thor.ddt","42.7",".ddt"
"textures\ui_n_bottombar_c.ddt","42.7",".ddt"
"textures\ui_n_bottombar_c_loki.ddt","170.8",".ddt"
"textures\ui_n_bottombar_c_odin.ddt","170.8",".ddt"
"textures\ui_n_bottombar_c_thor.ddt","170.8",".ddt"
"textures\ui_n_bottombar_d.ddt","42.7",".ddt"
"textures\ui_n_bottombar_d_loki.ddt","213.4",".ddt"
"textures\ui_n_bottombar_d_odin.ddt","213.4",".ddt"
"textures\ui_n_bottombar_d_thor.ddt","213.4",".ddt"
"textures\ui_n_bottomcap_a.ddt","10.8",".ddt"
"textures\ui_n_bottomcap_a_loki.ddt","85.4",".ddt"
"textures\ui_n_bottomcap_a_odin.ddt","85.4",".ddt"
"textures\ui_n_bottomcap_a_thor.ddt","85.4",".ddt"
"textures\ui_n_bottomcap_b.ddt","10.8",".ddt"
"textures\ui_n_bottomcap_b_loki.ddt","42.8",".ddt"
"textures\ui_n_bottomcap_b_odin.ddt","42.8",".ddt"
"textures\ui_n_bottomcap_b_thor.ddt","42.8",".ddt"
"textures\ui_n_bottomcap_c.ddt","10.8",".ddt"
"textures\ui_n_bottomcap_c_loki.ddt","42.8",".ddt"
"textures\ui_n_bottomcap_c_odin.ddt","42.8",".ddt"
"textures\ui_n_bottomcap_c_thor.ddt","42.8",".ddt"
"textures\ui_n_bottomcap_d.ddt","10.8",".ddt"
"textures\ui_n_bottomcap_d_loki.ddt","85.4",".ddt"
"textures\ui_n_bottomcap_d_odin.ddt","85.4",".ddt"
"textures\ui_n_bottomcap_d_thor.ddt","85.4",".ddt"
"textures\ui_n_bottomcap_head1.ddt","10.8",".ddt"
"textures\ui_n_bottomcap_head1_loki.ddt","42.8",".ddt"
"textures\ui_n_bottomcap_head1_odin.ddt","42.8",".ddt"
"textures\ui_n_bottomcap_head1_thor.ddt","42.8",".ddt"
"textures\ui_n_bottomcap_head2.ddt","10.8",".ddt"
"textures\ui_n_bottomcap_head2_loki.ddt","42.8",".ddt"
"textures\ui_n_bottomcap_head2_odin.ddt","42.8",".ddt"
"textures\ui_n_bottomcap_head2_thor.ddt","42.8",".ddt"
"textures\ui_n_menu.ddt","2.7",".ddt"
"textures\ui_n_menu_loki.ddt","85.4",".ddt"
"textures\ui_n_menu_odin.ddt","85.4",".ddt"
"textures\ui_n_menu_thor.ddt","85.4",".ddt"
"textures\ui_n_title.ddt","21.4",".ddt"
"textures\ui_n_title_loki.ddt","85.4",".ddt"
"textures\ui_n_title_odin.ddt","85.4",".ddt"
"textures\ui_n_title_thor.ddt","85.4",".ddt"
"textures\ui_n_top_bar.ddt","5.6",".ddt"
"textures\ui_n_top_bar_loki.ddt","21.6",".ddt"
"textures\ui_n_top_bar_odin.ddt","21.6",".ddt"
"textures\ui_n_top_bar_thor.ddt","21.6",".ddt"
"textures\ui_popup.ddt","21.4",".ddt"
"textures\ui_statcolorbar.ddt","0.2",".ddt"
"textures\ui_statcolorsword.ddt","0.2",".ddt"
"textures\ui_statgraybar.ddt","0.2",".ddt"
"textures\ui_statgraysword.ddt","0.2",".ddt"
"textures\ui_top_shadow.ddt","1.4",".ddt"
"textures\ui_x_bottombar_a.ddt","42.7",".ddt"
"textures\ui_x_bottombar_a_gaia.ddt","213.4",".ddt"
"textures\ui_x_bottombar_a_kronos.ddt","213.4",".ddt"
"textures\ui_x_bottombar_a_oranos.ddt","213.4",".ddt"
"textures\ui_x_bottombar_b.ddt","42.7",".ddt"
"textures\ui_x_bottombar_b_gaia.ddt","170.8",".ddt"
"textures\ui_x_bottombar_b_kronos.ddt","170.8",".ddt"
"textures\ui_x_bottombar_b_oranos.ddt","170.8",".ddt"
"textures\ui_x_bottombar_c.ddt","42.7",".ddt"
"textures\ui_x_bottombar_c_gaia.ddt","170.8",".ddt"
"textures\ui_x_bottombar_c_kronos.ddt","170.8",".ddt"
"textures\ui_x_bottombar_c_oranos.ddt","170.8",".ddt"
"textures\ui_x_bottombar_d.ddt","42.7",".ddt"
"textures\ui_x_bottombar_d_gaia.ddt","213.4",".ddt"
"textures\ui_x_bottombar_d_kronos.ddt","213.4",".ddt"
"textures\ui_x_bottombar_d_oranos.ddt","213.4",".ddt"
"textures\ui_x_bottomcap_a.ddt","10.8",".ddt"
"textures\ui_x_bottomcap_a_gaia.ddt","85.4",".ddt"
"textures\ui_x_bottomcap_a_kronos.ddt","85.4",".ddt"
"textures\ui_x_bottomcap_a_oranos.ddt","85.4",".ddt"
"textures\ui_x_bottomcap_b.ddt","10.8",".ddt"
"textures\ui_x_bottomcap_b_gaia.ddt","42.8",".ddt"
"textures\ui_x_bottomcap_b_kronos.ddt","42.8",".ddt"
"textures\ui_x_bottomcap_b_oranos.ddt","42.8",".ddt"
"textures\ui_x_bottomcap_c.ddt","10.8",".ddt"
"textures\ui_x_bottomcap_c_gaia.ddt","42.8",".ddt"
"textures\ui_x_bottomcap_c_kronos.ddt","42.8",".ddt"
"textures\ui_x_bottomcap_c_oranos.ddt","42.8",".ddt"
"textures\ui_x_bottomcap_d.ddt","10.8",".ddt"
"textures\ui_x_bottomcap_d_gaia.ddt","85.4",".ddt"
"textures\ui_x_bottomcap_d_kronos.ddt","85.4",".ddt"
"textures\ui_x_bottomcap_d_oranos.ddt","85.4",".ddt"
"textures\ui_x_bottomcap_head1.ddt","10.8",".ddt"
"textures\ui_x_bottomcap_head1_gaia.ddt","42.8",".ddt"
"textures\ui_x_bottomcap_head1_kronos.ddt","42.8",".ddt"
"textures\ui_x_bottomcap_head1_oranos.ddt","42.8",".ddt"
"textures\ui_x_bottomcap_head2.ddt","10.8",".ddt"
"textures\ui_x_bottomcap_head2_gaia.ddt","42.8",".ddt"
"textures\ui_x_bottomcap_head2_kronos.ddt","42.8",".ddt"
"textures\ui_x_bottomcap_head2_oranos.ddt","42.8",".ddt"
"textures\ui_x_gp_indicator_off.ddt","0.4",".ddt"
"textures\ui_x_gp_indicator_on.ddt","0.4",".ddt"
"textures\ui_x_menu_.ddt","85.4",".ddt"
"textures\ui_x_title_.ddt","85.4",".ddt"
"textures\ui_x_title_titan.ddt","10.7",".ddt"
"textures\ui_x_top_bar_.ddt","21.6",".ddt"
"textures\vdblack.ddt","5.4",".ddt"
"textures\vdblend.ddt","10.8",".ddt"
"textures\vdblendcircle.ddt","1.4",".ddt"
"textures\vdblendcircle2.ddt","1.4",".ddt"
"textures\vdblendcircle3.ddt","1.4",".ddt"
"textures\vdblendcorner.ddt","1.4",".ddt"
"textures\vdblendcorner2.ddt","1.4",".ddt"
"textures\vdblendedge.ddt","1.4",".ddt"
"textures\vdblendedge2.ddt","1.4",".ddt"
"textures\vdblendedge3.ddt","1.4",".ddt"
"textures\vdblendedge4.ddt","1.4",".ddt"
"textures\vdblendedge5.ddt","1.4",".ddt"
"textures\vdblendedgecorner.ddt","1.4",".ddt"
"textures\vdblendedgetwocorners.ddt","1.4",".ddt"
"textures\vdblendfourcorners.ddt","1.4",".ddt"
"textures\vdblendlshape.ddt","1.4",".ddt"
"textures\vdblendlshape2.ddt","1.4",".ddt"
"textures\vdblendlshapecorner.ddt","1.4",".ddt"
"textures\vdblendthreecorners.ddt","1.4",".ddt"
"textures\vdblendtwocorners.ddt","1.4",".ddt"
"textures\vdblendtwoedges.ddt","1.4",".ddt"
"textures\vdblendtwooppositecorners.ddt","1.4",".ddt"
"textures\vdblendushape.ddt","1.4",".ddt"
"textures\vdjceblendcorner2.ddt","1.4",".ddt"
"textures\vdjceblendedge.ddt","1.4",".ddt"
"textures\vdjceblendedge2.ddt","1.4",".ddt"
"textures\vdjceblendedge3.ddt","1.4",".ddt"
"textures\vdjceblendedge4.ddt","1.4",".ddt"
"textures\vdjceblendedge5.ddt","1.4",".ddt"
"textures\vdjceblendedgecorner.ddt","1.4",".ddt"
"textures\vdjceblendedgetwocorners.ddt","1.4",".ddt"
"textures\villager a male corpse bodya.ddt","1.4",".ddt"
"textures\villager a male corpse skeletona.ddt","1.4",".ddt"
"textures\villager c female.ddt","85.4",".ddt"
"textures\villager c male head.ddt","1.4",".ddt"
"textures\villager c male icon.ddt","2",".ddt"
"textures\villager c male standard.ddt","5.4",".ddt"
"textures\villager e female corpse bodya.ddt","1.4",".ddt"
"textures\villager e female corpse skeletona.ddt","1.4",".ddt"
"textures\villager e female head.ddt","1.4",".ddt"
"textures\villager e female.ddt","5.4",".ddt"
"textures\villager e male corpse bodya.ddt","1.4",".ddt"
"textures\villager e male corpse skeletona.ddt","1.4",".ddt"
"textures\villager e male head.ddt","1.4",".ddt"
"textures\villager e male standard.ddt","5.4",".ddt"
"textures\villager g atlantean male head.ddt","1.4",".ddt"
"textures\villager g atlantean male.ddt","5.4",".ddt"
"textures\villager g female corpse bodya.ddt","1.4",".ddt"
"textures\villager g female corpse skeletona.ddt","1.4",".ddt"
"textures\villager g female head.ddt","1.4",".ddt"
"textures\villager g female.ddt","5.4",".ddt"
"textures\villager g male corpse bodya.ddt","1.4",".ddt"
"textures\villager g male corpse skeletona.ddt","1.4",".ddt"
"textures\villager g male head.ddt","1.4",".ddt"
"textures\villager g male standard.ddt","5.4",".ddt"
"textures\villager n dwarf corpse bodya.ddt","1.4",".ddt"
"textures\villager n dwarf corpse skeletona.ddt","1.4",".ddt"
"textures\villager n dwarf head.ddt","1.4",".ddt"
"textures\villager n dwarf standard.ddt","5.4",".ddt"
"textures\villager n female corpse bodya.ddt","1.4",".ddt"
"textures\villager n female corpse skeletona.ddt","1.4",".ddt"
"textures\villager n female head.ddt","1.4",".ddt"
"textures\villager n female.ddt","5.4",".ddt"
"textures\villager n male corpse bodya.ddt","1.4",".ddt"
"textures\villager n male corpse skeletona.ddt","1.4",".ddt"
"textures\villager n male head.ddt","1.4",".ddt"
"textures\villager n male standard.ddt","5.4",".ddt"
"textures\villager n ox.ddt","5.4",".ddt"
"textures\villager n oxcart corpse bodya.ddt","10.7",".ddt"
"textures\villager n oxcart corpse skeletona.ddt","10.7",".ddt"
"textures\villager n oxcart.ddt","21.4",".ddt"
"textures\villager x crate empty.ddt","10.7",".ddt"
"textures\villager x crate farm.ddt","10.7",".ddt"
"textures\villager x crate gold.ddt","10.7",".ddt"
"textures\villager x crate hunt.ddt","10.7",".ddt"
"textures\villager x crate wood.ddt","10.7",".ddt"
"textures\villager x female corpse bodya.ddt","5.4",".ddt"
"textures\villager x female corpse skeletona.ddt","5.4",".ddt"
"textures\villager x female hero.ddt","5.4",".ddt"
"textures\villager x female.ddt","5.4",".ddt"
"textures\villager x male corpse bodya.ddt","5.4",".ddt"
"textures\villager x male corpse skeletona.ddt","5.4",".ddt"
"textures\villager x male hero.ddt","5.4",".ddt"
"textures\villager x male.ddt","5.4",".ddt"
"textures\villager x pony.ddt","5.4",".ddt"
"textures\watercrest.ddt","21.4",".ddt"
"textures\waterdecal.ddt","85.4",".ddt"
"textures\waterfalltest.ddt","64",".ddt"
"textures\waterfalltest2.ddt","85.4",".ddt"
"textures\waterfalltest3.ddt","21.4",".ddt"
"textures\waterfalltestspray.ddt","5.4",".ddt"
"textures\waterfalltestspray2.ddt","5.4",".ddt"
"textures\watermark(small).ddt","10.8",".ddt"
"textures\watermark.ddt","16",".ddt"
"textures\wave crest.ddt","32",".ddt"
"textures\wave crest2.ddt","32",".ddt"
"textures\waypoint.ddt","5.4",".ddt"
"textures\weapon polyphemus club.ddt","1.4",".ddt"
"textures\world a atlantis walls map.ddt","85.4",".ddt"
"textures\world a atlantis.ddt","85.4",".ddt"
"textures\world a atlantisb.ddt","85.4",".ddt"
"textures\world a atlantisc.ddt","5.4",".ddt"
"textures\world a avalanche.ddt","85.4",".ddt"
"textures\world a barrels map.ddt","21.4",".ddt"
"textures\world a berries decal map.ddt","1.4",".ddt"
"textures\world a berries shadow map.ddt","1",".ddt"
"textures\world a berries.ddt","10",".ddt"
"textures\world a bolder wall ground.ddt","21.4",".ddt"
"textures\world a bouy.ddt","1.4",".ddt"
"textures\world a breastplate map.ddt","21.4",".ddt"
"textures\world a bridge wood.ddt","42.7",".ddt"
"textures\world a bush a shadow map.ddt","1.4",".ddt"
"textures\world a bush d shadow map.ddt","1.4",".ddt"
"textures\world a bush short map.ddt","42.7",".ddt"
"textures\world a bush.ddt","20",".ddt"
"textures\world a campfire decal.ddt","5.4",".ddt"
"textures\world a campfire.ddt","2.7",".ddt"
"textures\world a digsite.ddt","21.4",".ddt"
"textures\world a excavation 00 shadow map.ddt","21.4",".ddt"
"textures\world a excavation 100 shadow map.ddt","21.4",".ddt"
"textures\world a excavation sword.ddt","5.4",".ddt"
"textures\world a farm cabbage ground map.ddt","16",".ddt"
"textures\world a farm cabbage ground map1.ddt","21.4",".ddt"
"textures\world a farm cabbage ground map1_gloss.ddt","10.7",".ddt"
"textures\world a farm cabbage ground map1_nm.ddt","10.7",".ddt"
"textures\world a farm cabbage ground map1_spec.ddt","10.7",".ddt"
"textures\world a farm cabbage ground map2.ddt","21.4",".ddt"
"textures\world a farm cabbage ground map2_gloss.ddt","85.4",".ddt"
"textures\world a farm cabbage ground map2_nm.ddt","10.7",".ddt"
"textures\world a farm cabbage ground map2_spec.ddt","10.7",".ddt"
"textures\world a farm cabbage ground map3.ddt","21.4",".ddt"
"textures\world a farm cabbage ground map3_gloss.ddt","10.7",".ddt"
"textures\world a farm cabbage ground map3_nm.ddt","10.7",".ddt"
"textures\world a farm cabbage ground map3_spec.ddt","10.7",".ddt"
"textures\world a farm cabbage ground map4.ddt","21.4",".ddt"
"textures\world a farm cabbage ground map4_gloss.ddt","10.7",".ddt"
"textures\world a farm cabbage ground map4_nm.ddt","10.7",".ddt"
"textures\world a farm cabbage ground map4_spec.ddt","10.7",".ddt"
"textures\world a farm cabbage ground map_gloss.ddt","85.4",".ddt"
"textures\world a farm cabbage ground map_nm.ddt","10.7",".ddt"
"textures\world a farm cabbage ground map_spec.ddt","10.7",".ddt"
"textures\world a farm cabbage selection map.ddt","85.4",".ddt"
"textures\world a farm cabbage01.ddt","85.4",".ddt"
"textures\world a farm cabbage01_gloss.ddt","42.7",".ddt"
"textures\world a farm cabbage01_nm.ddt","42.7",".ddt"
"textures\world a farm cabbage01_spec.ddt","42.7",".ddt"
"textures\world a farm cabbage02.ddt","85.4",".ddt"
"textures\world a farm cabbage02_gloss.ddt","42.7",".ddt"
"textures\world a farm cabbage02_nm.ddt","42.7",".ddt"
"textures\world a farm cabbage02_spec.ddt","42.7",".ddt"
"textures\world a farm cabbage03.ddt","85.4",".ddt"
"textures\world a farm cabbage03_gloss.ddt","42.7",".ddt"
"textures\world a farm cabbage03_nm.ddt","42.7",".ddt"
"textures\world a farm cabbage03_spec.ddt","42.7",".ddt"
"textures\world a farm cabbage04.ddt","85.4",".ddt"
"textures\world a farm cabbage04_gloss.ddt","42.7",".ddt"
"textures\world a farm cabbage04_nm.ddt","42.7",".ddt"
"textures\world a farm cabbage04_spec.ddt","42.7",".ddt"
"textures\world a farm fertile plants.ddt","21.4",".ddt"
"textures\world a farm fertile plants_gloss.ddt","10.7",".ddt"
"textures\world a farm fertile plants_nm.ddt","10.7",".ddt"
"textures\world a farm fertile plants_spec.ddt","10.7",".ddt"
"textures\world a farm ground map.ddt","85.4",".ddt"
"textures\world a farm plants map.ddt","85.4",".ddt"
"textures\world a fence stone.ddt","2.7",".ddt"
"textures\world a fence wood.ddt","2.7",".ddt"
"textures\world a firewood large shadow.ddt","1.4",".ddt"
"textures\world a firewood medium shadow.ddt","1.4",".ddt"
"textures\world a firewood small shadow.ddt","1.4",".ddt"
"textures\world a firewood.ddt","2.7",".ddt"
"textures\world a flowers.ddt","85.4",".ddt"
"textures\world a fountain.ddt","5.4",".ddt"
"textures\world a gold bin.ddt","2.7",".ddt"
"textures\world a gold decal map.ddt","85.4",".ddt"
"textures\world a gold map.ddt","85.4",".ddt"
"textures\world a gold map_emissive.ddt","85.4",".ddt"
"textures\world a gold shadow map.ddt","16",".ddt"
"textures\world a grass decal map.ddt","5.4",".ddt"
"textures\world a grass map.ddt","21",".ddt"
"textures\world a grass shadow map.ddt","5.4",".ddt"
"textures\world a grassbrown shadow.ddt","5.4",".ddt"
"textures\world a grassbrown.ddt","21.4",".ddt"
"textures\world a ground debris large.ddt","21.4",".ddt"
"textures\world a ground debris medium.ddt","10.7",".ddt"
"textures\world a ground debris small.ddt","5.4",".ddt"
"textures\world a iron fence.ddt","1.4",".ddt"
"textures\world a jade decal map.ddt","21.4",".ddt"
"textures\world a jade map.ddt","85.4",".ddt"
"textures\world a jade map_emissive.ddt","85.4",".ddt"
"textures\world a papyrus shadow map.ddt","5.4",".ddt"
"textures\world a papyrus.ddt","5",".ddt"
"textures\world a props 1.ddt","42.7",".ddt"
"textures\world a raft.ddt","5.4",".ddt"
"textures\world a reeds decal map.ddt","5.4",".ddt"
"textures\world a reeds map.ddt","20",".ddt"
"textures\world a reeds shadow map.ddt","5.4",".ddt"
"textures\world a relic armor of achilles.ddt","10.7",".ddt"
"textures\world a relic arrows of the alfar.ddt","10.7",".ddt"
"textures\world a relic eye of horus.ddt","10.7",".ddt"
"textures\world a relic fetters of fenrir.ddt","10.7",".ddt"
"textures\world a relic golden bridle of pegasus.ddt","10.7",".ddt"
"textures\world a relic head of orpheus.ddt","10.7",".ddt"
"textures\world a relic kithara of apollo.ddt","10.7",".ddt"
"textures\world a relic monkey.ddt","10.7",".ddt"
"textures\world a relic ring of the nibelung.ddt","10.7",".ddt"
"textures\world a relic ship of fingernails.ddt","10.7",".ddt"
"textures\world a relic standard.ddt","5.4",".ddt"
"textures\world a relic the wedjat eye.ddt","10.7",".ddt"
"textures\world a repeat map.ddt","5.4",".ddt"
"textures\world a riverrocks decal map.ddt","21.4",".ddt"
"textures\world a riverrocks map.ddt","85.4",".ddt"
"textures\world a riverrocks shadow map.ddt","21.4",".ddt"
"textures\world a road 4 intersection.ddt","21.4",".ddt"
"textures\world a road corner.ddt","21.4",".ddt"
"textures\world a road end.ddt","5.4",".ddt"
"textures\world a road straight.ddt","10.7",".ddt"
"textures\world a road t section.ddt","21.4",".ddt"
"textures\world a roasting pig.ddt","10.7",".ddt"
"textures\world a rock sprite brown a.ddt","1.4",".ddt"
"textures\world a rock sprite brown b.ddt","1.4",".ddt"
"textures\world a rock sprite brown c.ddt","1.4",".ddt"
"textures\world a rock sprite brown d.ddt","1.4",".ddt"
"textures\world a rock sprite brown e.ddt","1.4",".ddt"
"textures\world a rock sprite dirt a.ddt","1.4",".ddt"
"textures\world a rock sprite dirt b.ddt","1.4",".ddt"
"textures\world a rock sprite dirt c.ddt","1.4",".ddt"
"textures\world a rock sprite dirt d.ddt","1.4",".ddt"
"textures\world a rock sprite dirt e.ddt","1.4",".ddt"
"textures\world a rock sprite dkgrey snow a.ddt","1.4",".ddt"
"textures\world a rock sprite dkgrey snow b.ddt","1.4",".ddt"
"textures\world a rock sprite dkgrey snow c.ddt","1.4",".ddt"
"textures\world a rock sprite dkgrey snow d.ddt","1.4",".ddt"
"textures\world a rock sprite dkgrey snow e.ddt","1.4",".ddt"
"textures\world a rock sprite grey a.ddt","1.4",".ddt"
"textures\world a rock sprite grey b.ddt","1.4",".ddt"
"textures\world a rock sprite grey c.ddt","1.4",".ddt"
"textures\world a rock sprite grey d.ddt","1.4",".ddt"
"textures\world a rock sprite grey e.ddt","1.4",".ddt"
"textures\world a rock sprite overgrown a.ddt","1.4",".ddt"
"textures\world a rock sprite overgrown b.ddt","1.4",".ddt"
"textures\world a rock sprite overgrown c.ddt","1.4",".ddt"
"textures\world a rock sprite overgrown d.ddt","1.4",".ddt"
"textures\world a rock sprite overgrown e.ddt","1.4",".ddt"
"textures\world a rock sprites map.ddt","21.4",".ddt"
"textures\world a rocks decal map.ddt","21.4",".ddt"
"textures\world a rocks map.ddt","85.4",".ddt"
"textures\world a rocks map2.ddt","85.4",".ddt"
"textures\world a rocks shadow map.ddt","21.4",".ddt"
"textures\world a rocks underworld.ddt","42.7",".ddt"
"textures\world a rotting log shadow.ddt","2.7",".ddt"
"textures\world a rottinglog shadow.ddt","2.7",".ddt"
"textures\world a rottinglog.ddt","5.4",".ddt"
"textures\world a seaweed decal.ddt","1.4",".ddt"
"textures\world a seaweed shadow.ddt","1.4",".ddt"
"textures\world a seaweed.ddt","2.7",".ddt"
"textures\world a sign.ddt","2.7",".ddt"
"textures\world a skeleton.ddt","5.4",".ddt"
"textures\world a stalagmite.ddt","85.4",".ddt"
"textures\world a stick shadow map.ddt","1.4",".ddt"
"textures\world a stone blocks shadow.ddt","1.4",".ddt"
"textures\world a stone blocks.ddt","21.4",".ddt"
"textures\world a tamarisk branch.ddt","16",".ddt"
"textures\world a tamarisk tree decal.ddt","21.4",".ddt"
"textures\world a tamarisk tree leaf.ddt","64",".ddt"
"textures\world a tamarisk tree light wood.ddt","5.4",".ddt"
"textures\world a tamarisk tree shadow.ddt","16",".ddt"
"textures\world a tamarisk tree.ddt","85.4",".ddt"
"textures\world a tanrack.ddt","10.7",".ddt"
"textures\world a taproot decal.ddt","42.7",".ddt"
"textures\world a taproot insides.ddt","5.4",".ddt"
"textures\world a taproot large decal.ddt","85.4",".ddt"
"textures\world a taproot large shadow.ddt","64",".ddt"
"textures\world a taproot large.ddt","85.4",".ddt"
"textures\world a taproot shadow.ddt","32",".ddt"
"textures\world a taproot small decal.ddt","5.4",".ddt"
"textures\world a taproot small shadow.ddt","4",".ddt"
"textures\world a tents map.ddt","85.4",".ddt"
"textures\world a tree roots map.ddt","5.4",".ddt"
"textures\world a tsunami range indicator.ddt","5.4",".ddt"
"textures\world a tunnel decal.ddt","1.4",".ddt"
"textures\world a tunnel shadow.ddt","1.4",".ddt"
"textures\world a underworld crator.ddt","80",".ddt"
"textures\world a underworld decal shadow map.ddt","21.4",".ddt"
"textures\world a underworld passage color transform.ddt","5.4",".ddt"
"textures\world a underworld passage crator.ddt","85.4",".ddt"
"textures\world a underworld passage rock.ddt","10.7",".ddt"
"textures\world a underworld rock.ddt","85.4",".ddt"
"textures\world a underworld rocks decal map.ddt","21.4",".ddt"
"textures\world a underworld rocks shadow map.ddt","21.4",".ddt"
"textures\world a waterfall blue water.ddt","21.4",".ddt"
"textures\world a waterfall rocks limestone.ddt","21.4",".ddt"
"textures\world a waterfall top water.ddt","16",".ddt"
"textures\world a waterfall white water.ddt","64",".ddt"
"textures\world a waterlilly shadow.ddt","5.4",".ddt"
"textures\world a waypoint flag.ddt","10.7",".ddt"
"textures\world c bamboo tree burnt.ddt","21.4",".ddt"
"textures\world c bamboo tree.ddt","21.4",".ddt"
"textures\world c dam.ddt","20",".ddt"
"textures\world c flag.ddt","14.2",".ddt"
"textures\world c jungle palm burnt.ddt","80",".ddt"
"textures\world c jungle palm.ddt","80",".ddt"
"textures\world c jungle tree burnt.ddt","80",".ddt"
"textures\world c jungle tree.ddt","80",".ddt"
"textures\world c statue fuxi head.ddt","5",".ddt"
"textures\world c statue fuxi.ddt","20",".ddt"
"textures\world c statue nuwa stand.ddt","2.7",".ddt"
"textures\world c statue nuwa.ddt","21.4",".ddt"
"textures\world c statue shennong head.ddt","5.4",".ddt"
"textures\world c statue shennong.ddt","21.4",".ddt"
"textures\world e brazier map.ddt","5.4",".ddt"
"textures\world e catapult broken shadow map.ddt","21.4",".ddt"
"textures\world e column.ddt","2.7",".ddt"
"textures\world e flag.ddt","10.7",".ddt"
"textures\world e fountain spray map.ddt","5.4",".ddt"
"textures\world e fountain.ddt","2.7",".ddt"
"textures\world e garrison flag.ddt","2.7",".ddt"
"textures\world e milestone.ddt","1.4",".ddt"
"textures\world e palm burnt.ddt","85.4",".ddt"
"textures\world e palm decal map.ddt","5.4",".ddt"
"textures\world e palm map.ddt","85.4",".ddt"
"textures\world e palm mapb.ddt","80",".ddt"
"textures\world e palm shadow map.ddt","5.4",".ddt"
"textures\world e palm sprite map.ddt","85.4",".ddt"
"textures\world e palm stump decal map.ddt","5.4",".ddt"
"textures\world e palm stump shadow map.ddt","4",".ddt"
"textures\world e rugs.ddt","5.4",".ddt"
"textures\world e savannah burnt map.ddt","80",".ddt"
"textures\world e savannah map.ddt","80",".ddt"
"textures\world e statue anubite base.ddt","2.7",".ddt"
"textures\world e statue anubite.ddt","21.4",".ddt"
"textures\world e statue isis sprite.ddt","10.7",".ddt"
"textures\world e statue isis.ddt","21.4",".ddt"
"textures\world e statue ra sprite.ddt","10.7",".ddt"
"textures\world e statue ra.ddt","21.4",".ddt"
"textures\world e statue set sprite.ddt","10.7",".ddt"
"textures\world e statue set.ddt","21.4",".ddt"
"textures\world e tent shadow map.ddt","5.4",".ddt"
"textures\world e tent.ddt","21.4",".ddt"
"textures\world e torch.ddt","2.7",".ddt"
"textures\world e weapons 1 shadow map.ddt","1.4",".ddt"
"textures\world e weapons 2 shadow map.ddt","1.4",".ddt"
"textures\world e weapons 3 shadow map.ddt","1.4",".ddt"
"textures\world e weapons 4 shadow map.ddt","1.4",".ddt"
"textures\world g aspen burnt map.ddt","85.4",".ddt"
"textures\world g aspen.ddt","85.4",".ddt"
"textures\world g brazier map.ddt","5.4",".ddt"
"textures\world g column.ddt","10.7",".ddt"
"textures\world g flag.ddt","10.7",".ddt"
"textures\world g fountain.ddt","2.7",".ddt"
"textures\world g garrison flag.ddt","2.7",".ddt"
"textures\world g hades temple.ddt","85.4",".ddt"
"textures\world g helmet map.ddt","21.4",".ddt"
"textures\world g milestone.ddt","1.4",".ddt"
"textures\world g oak burnt.ddt","80",".ddt"
"textures\world g oak cinematic map.ddt","85.4",".ddt"
"textures\world g oak decal map.ddt","5.4",".ddt"
"textures\world g oak mapb.ddt","80",".ddt"
"textures\world g oak shadow map.ddt","4",".ddt"
"textures\world g oak sprite b.ddt","85.4",".ddt"
"textures\world g oak sprite map.ddt","85.4",".ddt"
"textures\world g oak stump burnt decal map.ddt","5.4",".ddt"
"textures\world g oak stump burnt shadow map.ddt","4",".ddt"
"textures\world g oak stump decal map.ddt","5.4",".ddt"
"textures\world g oak stump shadow map.ddt","4",".ddt"
"textures\world g oaktree all map.ddt","85.4",".ddt"
"textures\world g petrobolos broken shadow map.ddt","21.4",".ddt"
"textures\world g shrine map.ddt","21.4",".ddt"
"textures\world g statue base.ddt","2",".ddt"
"textures\world g statue chimera tail.ddt","5.4",".ddt"
"textures\world g statue chimera.ddt","21.4",".ddt"
"textures\world g statue colossus base.ddt","2.7",".ddt"
"textures\world g statue colossus.ddt","21.4",".ddt"
"textures\world g statue cyclops.ddt","85.4",".ddt"
"textures\world g statue hades sprite.ddt","10.7",".ddt"
"textures\world g statue hades.ddt","21.4",".ddt"
"textures\world g statue hydra.ddt","85.4",".ddt"
"textures\world g statue minotaur axe.ddt","1.4",".ddt"
"textures\world g statue minotaur.ddt","85.4",".ddt"
"textures\world g statue poseidon base.ddt","2.7",".ddt"
"textures\world g statue poseidon sprite.ddt","10.7",".ddt"
"textures\world g statue poseidon trident.ddt","1",".ddt"
"textures\world g statue poseidon.ddt","21.4",".ddt"
"textures\world g statue zeus seated.ddt","21.4",".ddt"
"textures\world g statue zeus sprite.ddt","10.7",".ddt"
"textures\world g statue zeus.ddt","21.4",".ddt"
"textures\world g tent shadow map.ddt","5.4",".ddt"
"textures\world g tent.ddt","21.4",".ddt"
"textures\world g torch.ddt","2.7",".ddt"
"textures\world g weapons 1 shadow map.ddt","1.4",".ddt"
"textures\world g weapons 2 shadow map.ddt","1.4",".ddt"
"textures\world g weapons 3 shadow map.ddt","1.4",".ddt"
"textures\world g weapons 4 shadow map.ddt","1.4",".ddt"
"textures\world g zues uwpassage shadow.ddt","5.4",".ddt"
"textures\world g zues uwpassage.ddt","85.4",".ddt"
"textures\world g zuesstairs.ddt","21.4",".ddt"
"textures\world m marsh stump decal.ddt","1.4",".ddt"
"textures\world m marsh stump shadow.ddt","1",".ddt"
"textures\world m marsh tree burnt map.ddt","80",".ddt"
"textures\world m marsh tree decal.ddt","1.4",".ddt"
"textures\world m marsh tree shadow.ddt","1",".ddt"
"textures\world m marsh tree.ddt","80",".ddt"
"textures\world n ballista broken shadow map.ddt","4",".ddt"
"textures\world n brazier map.ddt","5.4",".ddt"
"textures\world n column.ddt","2.7",".ddt"
"textures\world n flag.ddt","10.7",".ddt"
"textures\world n fountain.ddt","2.7",".ddt"
"textures\world n garrison flag.ddt","2.7",".ddt"
"textures\world n loki statue map.ddt","21.4",".ddt"
"textures\world n milestone.ddt","5.4",".ddt"
"textures\world n odin statue antlers map.ddt","5.4",".ddt"
"textures\world n odin statue map.ddt","21.4",".ddt"
"textures\world n pine burnt.ddt","80",".ddt"
"textures\world n pine decal map.ddt","5.4",".ddt"
"textures\world n pine map.ddt","85.4",".ddt"
"textures\world n pine map2 dead tree.ddt","5",".ddt"
"textures\world n pine map2.ddt","80",".ddt"
"textures\world n pine map2snow.ddt","80",".ddt"
"textures\World N Pine Shadow map.ddt","5.4",".ddt"
"textures\world n pine sprite b.ddt","85.4",".ddt"
"textures\world n pine sprite.ddt","85.4",".ddt"
"textures\world n pine stump decal map.ddt","5.4",".ddt"
"textures\world n pine stump shadow map.ddt","4",".ddt"
"textures\world n ram broken shadow map.ddt","21.4",".ddt"
"textures\world n rocksnow map.ddt","21.4",".ddt"
"textures\world n rocksymbols grass map.ddt","5.4",".ddt"
"textures\world n rocksymbols map.ddt","21.4",".ddt"
"textures\world n rocksymbols shadow map.ddt","1.4",".ddt"
"textures\world n runestone map.ddt","21.4",".ddt"
"textures\world n runestone shadow map.ddt","1.4",".ddt"
"textures\world n statue loki sprite.ddt","10.7",".ddt"
"textures\world n statue loki.ddt","21.4",".ddt"
"textures\world n statue mountain giant base.ddt","2.7",".ddt"
"textures\world n statue mountain giant club.ddt","0.7",".ddt"
"textures\world n statue mountain giant head.ddt","1.4",".ddt"
"textures\world n statue mountain giant.ddt","5.4",".ddt"
"textures\world n statue odin sprite.ddt","10.7",".ddt"
"textures\world n statue odin.ddt","21.4",".ddt"
"textures\world n statue shadow map.ddt","1.4",".ddt"
"textures\world n statue thor sprite.ddt","10.7",".ddt"
"textures\world n statue thor.ddt","21.4",".ddt"
"textures\world n statue tree stump.ddt","21.4",".ddt"
"textures\world n tent shadow map.ddt","5.4",".ddt"
"textures\world n tent.ddt","21.4",".ddt"
"textures\world n thor statue map.ddt","21.4",".ddt"
"textures\world n torch.ddt","2.7",".ddt"
"textures\world n tree all map.ddt","85.4",".ddt"
"textures\world n tree burning map.ddt","85.4",".ddt"
"textures\world n tree roots map.ddt","5.4",".ddt"
"textures\world n weapons 1 shadow map.ddt","1.4",".ddt"
"textures\world n weapons 2 shadow map.ddt","1.4",".ddt"
"textures\world n weapons 3 shadow map.ddt","1.4",".ddt"
"textures\world n weapons 4 shadow map.ddt","1.4",".ddt"
"textures\world n well of urd ground map b.ddt","85.4",".ddt"
"textures\world n well of urd ground map.ddt","85.4",".ddt"
"textures\world n well of urd runes map.ddt","21.4",".ddt"
"textures\world n well of urd.ddt","85.4",".ddt"
"textures\world t tundra burnt map.ddt","80",".ddt"
"textures\world t tundra stump decal.ddt","1.4",".ddt"
"textures\world t tundra stump shadow.ddt","1",".ddt"
"textures\world t tundra tree decal.ddt","1.4",".ddt"
"textures\world t tundra tree shadow.ddt","1",".ddt"
"textures\world t tundra tree.ddt","80",".ddt"
"textures\world x column brokena shadow.ddt","1.4",".ddt"
"textures\world x column brokenb shadow.ddt","1.4",".ddt"
"textures\world x column brokenc shadow.ddt","1.4",".ddt"
"textures\world x column brokend shadow.ddt","1.4",".ddt"
"textures\world x column fallen shadow.ddt","1.4",".ddt"
"textures\world x column shadow.ddt","1.4",".ddt"
"textures\world x column.ddt","10.7",".ddt"
"textures\world x earth 01.ddt","85.4",".ddt"
"textures\world x earth 02.ddt","85.4",".ddt"
"textures\world x earth 03.ddt","85.4",".ddt"
"textures\world x earth 04.ddt","85.4",".ddt"
"textures\world x earth map.ddt","85.4",".ddt"
"textures\world x gaia  statue map.ddt","21.4",".ddt"
"textures\world x lava pit.ddt","85.4",".ddt"
"textures\world x stars map.ddt","85.4",".ddt"
"textures\world x statue gaia sprite.ddt","10.7",".ddt"
"textures\world x statue kronos sprite.ddt","10.7",".ddt"
"textures\world x statue oranos sprite.ddt","10.7",".ddt"
"textures\world x volcano lava.ddt","21.4",".ddt"
"textures\world x volcano.ddt","85.4",".ddt"
"textures\_missingtexture.ddt","42.7",".ddt"
"textures\cursors\command board icon.ddt","0.9",".ddt"
"textures\cursors\command cursor icon.ddt","0.8",".ddt"
"textures\cursors\command gather resource icon.ddt","0.8",".ddt"
"textures\cursors\command god no gaia icon.ddt","1.2",".ddt"
"textures\cursors\command god no gaia mono icon.ddt","1",".ddt"
"textures\cursors\command god no isis icon.ddt","1.1",".ddt"
"textures\cursors\command god power icon.ddt","0.6",".ddt"
"textures\cursors\command help icon.ddt","0.5",".ddt"
"textures\cursors\command herdable gaia icon.ddt","1.4",".ddt"
"textures\cursors\command no god power icon.ddt","0.9",".ddt"
"textures\cursors\command point icon.ddt","0.8",".ddt"
"textures\cursors\command resource drop off icon.ddt","0.9",".ddt"
"textures\cursors\command unboard icon.ddt","0.9",".ddt"
"textures\cursors\cursor black.ddt","0",".ddt"
"textures\cursors\cursor.ddt","0.1",".ddt"
"textures\cursors\cursor_ankh.ddt","0.8",".ddt"
"textures\cursors\cursor_attack.ddt","0.5",".ddt"
"textures\cursors\cursor_build.ddt","0.6",".ddt"
"textures\cursors\cursor_can't build.ddt","1.5",".ddt"
"textures\cursors\cursor_convert.ddt","0.8",".ddt"
"textures\cursors\cursor_dropfood.ddt","1",".ddt"
"textures\cursors\cursor_dropgold.ddt","1",".ddt"
"textures\cursors\cursor_dropwood.ddt","1.1",".ddt"
"textures\cursors\cursor_empower.ddt","0.8",".ddt"
"textures\cursors\cursor_flare.ddt","0.5",".ddt"
"textures\cursors\cursor_garrison.ddt","0.9",".ddt"
"textures\cursors\cursor_gather.ddt","0.9",".ddt"
"textures\cursors\cursor_gatherfavor.ddt","1",".ddt"
"textures\cursors\cursor_gatherfood.ddt","1.3",".ddt"
"textures\cursors\cursor_gathergold.ddt","0.8",".ddt"
"textures\cursors\cursor_gatherwood.ddt","1",".ddt"
"textures\cursors\cursor_guard.ddt","1.2",".ddt"
"textures\cursors\cursor_help.ddt","0.8",".ddt"
"textures\cursors\cursor_load.ddt","0.9",".ddt"
"textures\cursors\cursor_moveto.ddt","0.8",".ddt"
"textures\cursors\cursor_no.ddt","0.8",".ddt"
"textures\cursors\cursor_patrol.ddt","0.9",".ddt"
"textures\cursors\cursor_pointer.ddt","0.8",".ddt"
"textures\cursors\cursor_pray.ddt","1",".ddt"
"textures\cursors\cursor_repair.ddt","0.9",".ddt"
"textures\cursors\cursor_unload.ddt","0.9",".ddt"
"textures\cursors\cursor_waiting.ddt","0.9",".ddt"
"textures\cursors\cursor_workon.ddt","0.9",".ddt"
"textures\cursors\scale_both cursor.ddt","0.6",".ddt"
"textures\cursors\scale_horiz cursor.ddt","0.3",".ddt"
"textures\cursors\scale_vert cursor.ddt","0.3",".ddt"
"textures\icons\aggressive active.ddt","1.6",".ddt"
"textures\icons\aggressive.ddt","1.1",".ddt"
"textures\icons\alfred icon 64.ddt","4",".ddt"
"textures\icons\alfred icon.ddt","4",".ddt"
"textures\icons\animal aurochs icon 64.ddt","4",".ddt"
"textures\icons\animal aurochs icon.ddt","4",".ddt"
"textures\icons\animal baboon icon 64.ddt","4",".ddt"
"textures\icons\animal baboon icon.ddt","4",".ddt"
"textures\icons\animal bear icon 64.ddt","4",".ddt"
"textures\icons\animal bear icon.ddt","4",".ddt"
"textures\icons\animal boar icon 64.ddt","4",".ddt"
"textures\icons\animal boar icon.ddt","4",".ddt"
"textures\icons\animal camel icon 64.ddt","4",".ddt"
"textures\icons\animal camel icon.ddt","4",".ddt"
"textures\icons\animal caribou icon 64.ddt","4",".ddt"
"textures\icons\animal caribou icon.ddt","4",".ddt"
"textures\icons\animal chicken icon 64.ddt","4",".ddt"
"textures\icons\animal chicken icon.ddt","4",".ddt"
"textures\icons\animal cow icon 64.ddt","4",".ddt"
"textures\icons\animal cow icon.ddt","4",".ddt"
"textures\icons\animal crocodile icon 64.ddt","4",".ddt"
"textures\icons\animal crocodile icon.ddt","4",".ddt"
"textures\icons\animal crowned crane icon 64.ddt","4",".ddt"
"textures\icons\animal crowned crane icon.ddt","4",".ddt"
"textures\icons\animal deer icon 64.ddt","4",".ddt"
"textures\icons\animal deer icon.ddt","4",".ddt"
"textures\icons\animal duck icon.ddt","4.2",".ddt"
"textures\icons\animal elephant icon 64.ddt","4",".ddt"
"textures\icons\animal elephant icon.ddt","4",".ddt"
"textures\icons\animal elk icon 64.ddt","4",".ddt"
"textures\icons\animal elk icon.ddt","4",".ddt"
"textures\icons\animal fish icon 64.ddt","4",".ddt"
"textures\icons\animal fish icon.ddt","4",".ddt"
"textures\icons\animal gazelle icon 64.ddt","4",".ddt"
"textures\icons\animal gazelle icon.ddt","4",".ddt"
"textures\icons\animal giraffe icon 64.ddt","4",".ddt"
"textures\icons\animal giraffe icon.ddt","4",".ddt"
"textures\icons\animal goat icon 64.ddt","4",".ddt"
"textures\icons\animal goat icon.ddt","4",".ddt"
"textures\icons\animal hippo icon 64.ddt","4",".ddt"
"textures\icons\animal hippo icon.ddt","4",".ddt"
"textures\icons\animal hyena icon 64.ddt","4",".ddt"
"textures\icons\animal hyena icon.ddt","4",".ddt"
"textures\icons\animal lion icon 64.ddt","4",".ddt"
"textures\icons\animal lion icon.ddt","4",".ddt"
"textures\icons\animal lizard icon.ddt","36.4",".ddt"
"textures\icons\animal monkey icon 64.ddt","4",".ddt"
"textures\icons\animal monkey icon.ddt","4",".ddt"
"textures\icons\animal panda bear icon.ddt","8.1",".ddt"
"textures\icons\animal pig icon 64.ddt","4",".ddt"
"textures\icons\animal pig icon.ddt","4",".ddt"
"textures\icons\animal polar bear icon 64.ddt","4",".ddt"
"textures\icons\animal polar bear icon.ddt","4",".ddt"
"textures\icons\animal ram icon 64.ddt","4",".ddt"
"textures\icons\animal ram icon.ddt","4",".ddt"
"textures\icons\animal rhino icon 64.ddt","4",".ddt"
"textures\icons\animal rhino icon.ddt","4",".ddt"
"textures\icons\animal tiger icon.ddt","8.4",".ddt"
"textures\icons\animal walrus icon 64.ddt","4",".ddt"
"textures\icons\animal walrus icon.ddt","4",".ddt"
"textures\icons\animal waterbuffalo icon 64.ddt","4",".ddt"
"textures\icons\animal waterbuffalo icon.ddt","4",".ddt"
"textures\icons\animal wolf icon 64.ddt","4",".ddt"
"textures\icons\animal wolf icon.ddt","4",".ddt"
"textures\icons\animal yak icon.ddt","4.8",".ddt"
"textures\icons\animal zebra icon 64.ddt","4",".ddt"
"textures\icons\animal zebra icon.ddt","4",".ddt"
"textures\icons\archer c chu ko nu icon.ddt","5.9",".ddt"
"textures\icons\archer c mounted archer icon.ddt","9.1",".ddt"
"textures\icons\archer e slinger icon 64.ddt","4",".ddt"
"textures\icons\archer e slinger icon.ddt","4",".ddt"
"textures\icons\archer g crossbowman icon 64.ddt","4",".ddt"
"textures\icons\archer g crossbowman icon.ddt","4",".ddt"
"textures\icons\archer g peltast icon 64.ddt","4",".ddt"
"textures\icons\archer g peltast icon.ddt","4",".ddt"
"textures\icons\archer g toxotes icon 64.ddt","4",".ddt"
"textures\icons\archer g toxotes icon.ddt","4",".ddt"
"textures\icons\archer n bogsveigir icon.ddt","4.5",".ddt"
"textures\icons\archer n throwing axeman icon 64.ddt","4",".ddt"
"textures\icons\archer n throwing axeman icon.ddt","4",".ddt"
"textures\icons\archer x arcus hero icons 32.ddt","4",".ddt"
"textures\icons\archer x arcus hero icons 64.ddt","4",".ddt"
"textures\icons\archer x arcus icons 32.ddt","4",".ddt"
"textures\icons\archer x arcus icons 64.ddt","4",".ddt"
"textures\icons\bella 32.ddt","4",".ddt"
"textures\icons\bella 64.ddt","4",".ddt"
"textures\icons\bevel 32x16 square out.ddt","0.1",".ddt"
"textures\icons\bevel profileframe.ddt","0.4",".ddt"
"textures\icons\bevel square gold in.ddt","0.6",".ddt"
"textures\icons\bevel square gold out.ddt","0.6",".ddt"
"textures\icons\bevel square in.ddt","1.5",".ddt"
"textures\icons\bevel square out.ddt","1.5",".ddt"
"textures\icons\bevel square red in.ddt","0.8",".ddt"
"textures\icons\bevel square red out.ddt","0.4",".ddt"
"textures\icons\bevel square.ddt","0.2",".ddt"
"textures\icons\bevel thinframe.ddt","0.2",".ddt"
"textures\icons\boat c fire ship chinese icon.DDT","11.9",".DDT"
"textures\icons\boat c fishing boat icon.DDT","12",".DDT"
"textures\icons\boat c fishing icon.ddt","15.3",".ddt"
"textures\icons\boat c junk icon.DDT","12.4",".DDT"
"textures\icons\boat c siege ship chinese icon.DDT","12.4",".DDT"
"textures\icons\boat c transport icon.DDT","12.3",".DDT"
"textures\icons\boat e fishing boat icon 64.ddt","4",".ddt"
"textures\icons\boat e fishing boat icon.ddt","4",".ddt"
"textures\icons\boat e kebenit icon 64.ddt","4",".ddt"
"textures\icons\boat e kebenit icon.ddt","4",".ddt"
"textures\icons\boat e ramming galley icon 64.ddt","4",".ddt"
"textures\icons\boat e ramming galley icon.ddt","4",".ddt"
"textures\icons\boat e transport icon 64.ddt","4",".ddt"
"textures\icons\boat e transport icon.ddt","4",".ddt"
"textures\icons\boat e warbarge icon 64.ddt","4",".ddt"
"textures\icons\boat e warbarge icon.ddt","4",".ddt"
"textures\icons\boat g argo icon 64.ddt","4",".ddt"
"textures\icons\boat g argo icon.ddt","4",".ddt"
"textures\icons\boat g fishing boat icon 64.ddt","4",".ddt"
"textures\icons\boat g fishing boat icon.ddt","4",".ddt"
"textures\icons\boat g juggernaught icon 64.ddt","4",".ddt"
"textures\icons\boat g juggernaught icon.ddt","4",".ddt"
"textures\icons\boat g pentekonter icon 64.ddt","4",".ddt"
"textures\icons\boat g pentekonter icon.ddt","4",".ddt"
"textures\icons\boat g transport icon 64.ddt","4",".ddt"
"textures\icons\boat g transport icon.ddt","4",".ddt"
"textures\icons\boat g trireme icon 64.ddt","4",".ddt"
"textures\icons\boat g trireme icon.ddt","4",".ddt"
"textures\icons\boat n dragonship icon 64.ddt","4",".ddt"
"textures\icons\boat n dragonship icon.ddt","4",".ddt"
"textures\icons\boat n drakkar icon 64.ddt","4",".ddt"
"textures\icons\boat n drakkar icon.ddt","4",".ddt"
"textures\icons\boat n fishing boat icon 64.ddt","4",".ddt"
"textures\icons\boat n fishing boat icon.ddt","4",".ddt"
"textures\icons\boat n longboat icon 64.ddt","4",".ddt"
"textures\icons\boat n longboat icon.ddt","4",".ddt"
"textures\icons\boat n transport icon 64.ddt","4",".ddt"
"textures\icons\boat n transport icon.ddt","4",".ddt"
"textures\icons\boat x bireme icons 32.ddt","4",".ddt"
"textures\icons\boat x bireme icons 64.ddt","4",".ddt"
"textures\icons\boat x fire ship atlantean icons 32.ddt","4",".ddt"
"textures\icons\boat x fire ship atlantean icons 64.ddt","4",".ddt"
"textures\icons\boat x fishing ship atlantean icons 32.ddt","4",".ddt"
"textures\icons\boat x fishing ship atlantean icons 64.ddt","4",".ddt"
"textures\icons\boat x siege ship atlantean icons 32.ddt","4",".ddt"
"textures\icons\boat x siege ship atlantean icons 64.ddt","4",".ddt"
"textures\icons\boat x transport ship atlantean icons 32.ddt","4",".ddt"
"textures\icons\boat x transport ship atlantean icons 64.ddt","4",".ddt"
"textures\icons\building academy icon 64 .ddt","4",".ddt"
"textures\icons\building academy icon.ddt","4",".ddt"
"textures\icons\building archery range icon 64.ddt","4",".ddt"
"textures\icons\building archery range icon.ddt","4",".ddt"
"textures\icons\building armory icon 64.ddt","4",".ddt"
"textures\icons\building armory icon.ddt","4",".ddt"
"textures\icons\building barracks icon 64.ddt","4",".ddt"
"textures\icons\building barracks icon.ddt","4",".ddt"
"textures\icons\building barracks icons 128.ddt","4.8",".ddt"
"textures\icons\building barracks icons 32.ddt","4",".ddt"
"textures\icons\building barracks icons 64.ddt","4",".ddt"
"textures\icons\building bronze wall icons 32.ddt","4",".ddt"
"textures\icons\building bronze wall icons 64.ddt","4",".ddt"
"textures\icons\building chinese fortress icon.ddt","11.3",".ddt"
"textures\icons\building dock icon 64.ddt","4",".ddt"
"textures\icons\building dock icon.ddt","4",".ddt"
"textures\icons\building garden icon.ddt","9.8",".ddt"
"textures\icons\building granary icon 64.ddt","4",".ddt"
"textures\icons\building granary icon.ddt","4",".ddt"
"textures\icons\building guard tower icon 64.ddt","4",".ddt"
"textures\icons\building guard tower icon.ddt","4",".ddt"
"textures\icons\building guild icons 128.ddt","21.6",".ddt"
"textures\icons\building guild icons 32.ddt","4",".ddt"
"textures\icons\building guild icons 64.ddt","4",".ddt"
"textures\icons\building house icon 64.ddt","4",".ddt"
"textures\icons\building house icon.ddt","4",".ddt"
"textures\icons\building iron wall icons 32.ddt","4",".ddt"
"textures\icons\building iron wall icons 64.ddt","4",".ddt"
"textures\icons\building lighthouse icon 64.ddt","4",".ddt"
"textures\icons\building lighthouse icon.ddt","4",".ddt"
"textures\icons\building lion statue icon 64.ddt","4",".ddt"
"textures\icons\building lumbercamp icon 64.ddt","4",".ddt"
"textures\icons\building lumbercamp icon.ddt","4",".ddt"
"textures\icons\building manor icons 128.ddt","16.1",".ddt"
"textures\icons\building manor icons 32.ddt","4",".ddt"
"textures\icons\building manor icons 64.ddt","4",".ddt"
"textures\icons\building market icon 64.ddt","4",".ddt"
"textures\icons\building market icon.ddt","4",".ddt"
"textures\icons\building mining camp icon 64.ddt","4",".ddt"
"textures\icons\building mining camp icon.ddt","4",".ddt"
"textures\icons\building monument five icon 64.ddt","4",".ddt"
"textures\icons\building monument five icon.ddt","4",".ddt"
"textures\icons\building monument four icon 64.ddt","4",".ddt"
"textures\icons\building monument four icon.ddt","4",".ddt"
"textures\icons\building monument one icon 64.ddt","4",".ddt"
"textures\icons\building monument one icon.ddt","4",".ddt"
"textures\icons\building monument three icon 64.ddt","4",".ddt"
"textures\icons\building monument three icon.ddt","4",".ddt"
"textures\icons\building monument two icon 64.ddt","4",".ddt"
"textures\icons\building monument two icon.ddt","4",".ddt"
"textures\icons\building norse shrine icon 64.ddt","4",".ddt"
"textures\icons\building norse shrine icon.ddt","4",".ddt"
"textures\icons\building orichalkos wall icons 32.ddt","4",".ddt"
"textures\icons\building orichalkos wall icons 64.ddt","4",".ddt"
"textures\icons\building osiris pyramid icon 64.ddt","4",".ddt"
"textures\icons\building osiris pyramid icon.ddt","4",".ddt"
"textures\icons\building outpost icon 64.ddt","4",".ddt"
"textures\icons\building outpost icon.ddt","4",".ddt"
"textures\icons\building palace icons 128.ddt","15.7",".ddt"
"textures\icons\building palace icons 32.ddt","4",".ddt"
"textures\icons\building palace icons 64.ddt","4",".ddt"
"textures\icons\building pharaoh statue icon 64.ddt","4",".ddt"
"textures\icons\building sentry tower icon 64.ddt","4",".ddt"
"textures\icons\building sentry tower icon.ddt","4",".ddt"
"textures\icons\building settlement icon 64.ddt","4",".ddt"
"textures\icons\building settlement icon.ddt","4",".ddt"
"textures\icons\building siege workshop icon 64.ddt","4",".ddt"
"textures\icons\building siege workshop icon.ddt","4",".ddt"
"textures\icons\building skytemple icons 128.ddt","18.8",".ddt"
"textures\icons\building skytemple icons 32.ddt","4",".ddt"
"textures\icons\building skytemple icons 64.ddt","4",".ddt"
"textures\icons\building specialist icons 128.ddt","12.1",".ddt"
"textures\icons\building specialist icons 32.ddt","4",".ddt"
"textures\icons\building specialist icons 64.ddt","4",".ddt"
"textures\icons\building stable icon 64.ddt","4",".ddt"
"textures\icons\building stable icon.ddt","4",".ddt"
"textures\icons\building storage pit icon.ddt","7.4",".ddt"
"textures\icons\building storehouse icon 64.ddt","4",".ddt"
"textures\icons\building storehouse icon.ddt","4",".ddt"
"textures\icons\building temple icon 64.ddt","4",".ddt"
"textures\icons\building temple icon.ddt","4",".ddt"
"textures\icons\building titan gate icons 128.ddt","19.1",".ddt"
"textures\icons\building titan gate icons 32.ddt","4",".ddt"
"textures\icons\building titan gate icons 64.ddt","4",".ddt"
"textures\icons\building tower mirror icons 128.ddt","17.4",".ddt"
"textures\icons\building tower mirror icons 32.ddt","4",".ddt"
"textures\icons\building tower mirror icons 64.ddt","4",".ddt"
"textures\icons\building town center atlanis icons 128.ddt","22.9",".ddt"
"textures\icons\building town center atlanis icons 32.ddt","4",".ddt"
"textures\icons\building town center atlanis icons 64.ddt","4",".ddt"
"textures\icons\building town center atlantis icons 32.ddt","4",".ddt"
"textures\icons\building town center atlantis icons 64.ddt","4",".ddt"
"textures\icons\building town center chinese icon.ddt","4.6",".ddt"
"textures\icons\building town center egypt icon 64.ddt","4",".ddt"
"textures\icons\building town center egypt icon.ddt","4",".ddt"
"textures\icons\building town center greek icon 64.ddt","4",".ddt"
"textures\icons\building town center greek icon.ddt","4",".ddt"
"textures\icons\building town center norse icon 64.ddt","4",".ddt"
"textures\icons\building town center norse icon.ddt","4",".ddt"
"textures\icons\building university icons 128.ddt","12.6",".ddt"
"textures\icons\building university icons 32.ddt","4",".ddt"
"textures\icons\building university icons 64.ddt","4",".ddt"
"textures\icons\building wall icon 64.ddt","4",".ddt"
"textures\icons\building wall icon.ddt","4",".ddt"
"textures\icons\building wall to gate icon 64.ddt","4",".ddt"
"textures\icons\building wall to gate icon.ddt","4",".ddt"
"textures\icons\building watch tower icon 64.ddt","4",".ddt"
"textures\icons\building watch tower icon.ddt","4",".ddt"
"textures\icons\building wonder icon 64.ddt","4",".ddt"
"textures\icons\building wonder icon.ddt","4",".ddt"
"textures\icons\buyfood.ddt","1.6",".ddt"
"textures\icons\buywood.ddt","1.7",".ddt"
"textures\icons\cavalry c cataphract icon.ddt","8.4",".ddt"
"textures\icons\cavalry c general icon.ddt","2",".ddt"
"textures\icons\cavalry c scout icon.ddt","7.3",".ddt"
"textures\icons\cavalry c war chariot icon.ddt","7.1",".ddt"
"textures\icons\cavalry e camelry icon 64.ddt","4",".ddt"
"textures\icons\cavalry e camelry icon.ddt","4",".ddt"
"textures\icons\cavalry e chariot archer icon 64.ddt","4",".ddt"
"textures\icons\cavalry e chariot archer icon.ddt","4",".ddt"
"textures\icons\cavalry e mercenary icon 64.ddt","4",".ddt"
"textures\icons\cavalry e mercenary icon.ddt","4",".ddt"
"textures\icons\cavalry g cataphract icon 64.ddt","4",".ddt"
"textures\icons\cavalry g cataphract icon.ddt","4",".ddt"
"textures\icons\cavalry g hetairoi icon 64.ddt","4",".ddt"
"textures\icons\cavalry g hetairoi icon.ddt","4",".ddt"
"textures\icons\cavalry g hippikon icon 64.ddt","4",".ddt"
"textures\icons\cavalry g hippikon icon.ddt","4",".ddt"
"textures\icons\cavalry g prodromos icon 64.ddt","4",".ddt"
"textures\icons\cavalry g prodromos icon.ddt","4",".ddt"
"textures\icons\cavalry g scout icon 64.ddt","4",".ddt"
"textures\icons\cavalry g scout icon.ddt","4",".ddt"
"textures\icons\cavalry n jarl icon 64.ddt","4",".ddt"
"textures\icons\cavalry n jarl icon.ddt","4",".ddt"
"textures\icons\cavalry n raiding cavalry icon 64.ddt","4",".ddt"
"textures\icons\cavalry n raiding cavalry icon.ddt","4",".ddt"
"textures\icons\cavalry war elephant icon 64.ddt","4",".ddt"
"textures\icons\cavalry war elephant icon.ddt","4",".ddt"
"textures\icons\cavalry x jav cav hero icons 32.ddt","4",".ddt"
"textures\icons\cavalry x jav cav hero icons 64.ddt","4",".ddt"
"textures\icons\cavalry x jav cav icons 32.ddt","4",".ddt"
"textures\icons\cavalry x jav cav icons 64.ddt","4",".ddt"
"textures\icons\cavalry x lancer hero icons 32.ddt","4",".ddt"
"textures\icons\cavalry x lancer hero icons 64.ddt","4",".ddt"
"textures\icons\cavalry x lancer icons 32.ddt","4",".ddt"
"textures\icons\cavalry x lancer icons 64.ddt","4",".ddt"
"textures\icons\chargebar empty.ddt","0.5",".ddt"
"textures\icons\chargebar health.ddt","0.7",".ddt"
"textures\icons\chargebar power.ddt","0.7",".ddt"
"textures\icons\chat icon.ddt","0.5",".ddt"
"textures\icons\command attack move icon.ddt","2.2",".ddt"
"textures\icons\command back to work icon.ddt","1.3",".ddt"
"textures\icons\command cancel town bell icon.ddt","1.4",".ddt"
"textures\icons\command clear gather icon.ddt","1.2",".ddt"
"textures\icons\command create ulfsark icon.ddt","1.4",".ddt"
"textures\icons\command dangerous gaia icon.ddt","1.1",".ddt"
"textures\icons\command defend unit icon.ddt","1.2",".ddt"
"textures\icons\command empower icon.ddt","1.1",".ddt"
"textures\icons\command garrison icon.ddt","1.1",".ddt"
"textures\icons\command guard icon.ddt","4.2",".ddt"
"textures\icons\command herdable gaia icon.ddt","1.1",".ddt"
"textures\icons\command panel combat icon.ddt","1",".ddt"
"textures\icons\command panel icon.ddt","1",".ddt"
"textures\icons\command patrol icon.ddt","1.1",".ddt"
"textures\icons\command repair icon.ddt","1.1",".ddt"
"textures\icons\command repeat off icon.ddt","0.8",".ddt"
"textures\icons\command repeat on icon.ddt","0.8",".ddt"
"textures\icons\command repeat rollover icon.ddt","1",".ddt"
"textures\icons\command return to main icon.ddt","1",".ddt"
"textures\icons\command set gather icon.ddt","1.2",".ddt"
"textures\icons\command stop icon.ddt","1.2",".ddt"
"textures\icons\command summon all workers icon.ddt","1.1",".ddt"
"textures\icons\command time shift icons 32.ddt","1.4",".ddt"
"textures\icons\command time shift icons 64.ddt","4.8",".ddt"
"textures\icons\command tower garrison icon.ddt","1.5",".ddt"
"textures\icons\command town bell icon.ddt","1.3",".ddt"
"textures\icons\command unboard icon.ddt","1.1",".ddt"
"textures\icons\command ungarrison icon.ddt","1.1",".ddt"
"textures\icons\defensive active.ddt","1.8",".ddt"
"textures\icons\defensive.ddt","1.4",".ddt"
"textures\icons\delete.ddt","1.1",".ddt"
"textures\icons\detailedhelp.ddt","0.1",".ddt"
"textures\icons\e charge bar.ddt","0.5",".ddt"
"textures\icons\editor brushsettings.ddt","0.6",".ddt"
"textures\icons\editor canyon.ddt","0.1",".ddt"
"textures\icons\editor cinematics.ddt","0.8",".ddt"
"textures\icons\editor cliff.ddt","0.6",".ddt"
"textures\icons\editor copy.ddt","0.4",".ddt"
"textures\icons\editor cut.ddt","0.3",".ddt"
"textures\icons\editor delete.ddt","0.2",".ddt"
"textures\icons\editor deleteunit.ddt","0.6",".ddt"
"textures\icons\editor edit water.ddt","1.3",".ddt"
"textures\icons\editor forest.ddt","0.9",".ddt"
"textures\icons\editor lake.ddt","0.1",".ddt"
"textures\icons\editor letterboxbars.ddt","0.6",".ddt"
"textures\icons\editor lighting.ddt","0.5",".ddt"
"textures\icons\editor load.ddt","0.3",".ddt"
"textures\icons\editor mountain.ddt","1.1",".ddt"
"textures\icons\editor moveunit.ddt","0.7",".ddt"
"textures\icons\editor new.ddt","0.2",".ddt"
"textures\icons\editor ocean.ddt","0.1",".ddt"
"textures\icons\editor open.ddt","0.3",".ddt"
"textures\icons\editor paintterrain.ddt","1",".ddt"
"textures\icons\editor paste.ddt","0.5",".ddt"
"textures\icons\editor placeunit.ddt","0.6",".ddt"
"textures\icons\editor raiselowerterrain.ddt","0.6",".ddt"
"textures\icons\editor redo.ddt","0.5",".ddt"
"textures\icons\editor river.ddt","1.3",".ddt"
"textures\icons\editor roughen.ddt","0.7",".ddt"
"textures\icons\editor sampleelevation.ddt","0.6",".ddt"
"textures\icons\editor sampleterrain.ddt","0.9",".ddt"
"textures\icons\editor save.ddt","0.6",".ddt"
"textures\icons\editor smooth.ddt","1.1",".ddt"
"textures\icons\editor triggers.ddt","0.5",".ddt"
"textures\icons\editor undo.ddt","0.5",".ddt"
"textures\icons\fish.ddt","3.6",".ddt"
"textures\icons\flag icon 64.ddt","2.1",".ddt"
"textures\icons\food.ddt","0.9",".ddt"
"textures\icons\formation box active icon.ddt","1.7",".ddt"
"textures\icons\formation box icon.ddt","1.3",".ddt"
"textures\icons\formation line active icon.ddt","1.5",".ddt"
"textures\icons\formation line icon.ddt","1",".ddt"
"textures\icons\formation mixed active icon.ddt","1.6",".ddt"
"textures\icons\formation mixed icon.ddt","1.2",".ddt"
"textures\icons\formation spread active icon.ddt","1.7",".ddt"
"textures\icons\formation spread icon.ddt","1.1",".ddt"
"textures\icons\friendhosting.ddt","0.4",".ddt"
"textures\icons\friendingame.ddt","0.5",".ddt"
"textures\icons\friendoffline.ddt","0.3",".ddt"
"textures\icons\friendonline.ddt","0.4",".ddt"
"textures\icons\g charge bar.ddt","0.5",".ddt"
"textures\icons\gathericon.ddt","0.1",".ddt"
"textures\icons\generate favor.ddt","1.6",".ddt"
"textures\icons\generate food.ddt","1.9",".ddt"
"textures\icons\generate gold.ddt","1.7",".ddt"
"textures\icons\generate wood.ddt","2",".ddt"
"textures\icons\generate_favor.ddt","1",".ddt"
"textures\icons\generate_food.ddt","1.2",".ddt"
"textures\icons\generate_gold.ddt","1.1",".ddt"
"textures\icons\generate_wood.ddt","1.4",".ddt"
"textures\icons\god major atlas icons 64.ddt","6",".ddt"
"textures\icons\god major fuxi icon 128.ddt","56.6",".ddt"
"textures\icons\god major fuxi icon 64.ddt","15.5",".ddt"
"textures\icons\god major gaia icons 64.ddt","5.6",".ddt"
"textures\icons\god major hades icon 128.ddt","17.4",".ddt"
"textures\icons\god major hades icon 64.ddt","5.4",".ddt"
"textures\icons\god major hekate icons 64.ddt","5.8",".ddt"
"textures\icons\god major helios icons 64.ddt","5.7",".ddt"
"textures\icons\god major hyperion icons 64.ddt","5.6",".ddt"
"textures\icons\god major isis icon 128.ddt","20.7",".ddt"
"textures\icons\god major isis icon 64.ddt","6.2",".ddt"
"textures\icons\god major kronos icons 64.ddt","6.2",".ddt"
"textures\icons\god major leto icons 64.ddt","5.5",".ddt"
"textures\icons\god major loki icon 128.ddt","19.5",".ddt"
"textures\icons\god major loki icon 64.ddt","5.7",".ddt"
"textures\icons\god major nuwa icon 128.ddt","56.9",".ddt"
"textures\icons\god major nuwa icon 64.ddt","15.8",".ddt"
"textures\icons\god major odin icon 128.ddt","18.1",".ddt"
"textures\icons\god major odin icon 64.ddt","5.5",".ddt"
"textures\icons\god major okeanus icons 64.ddt","6.1",".ddt"
"textures\icons\god major ouranos icons 64.ddt","5.8",".ddt"
"textures\icons\god major poseidon icon 128.ddt","17.6",".ddt"
"textures\icons\god major poseidon icon 64.ddt","5.7",".ddt"
"textures\icons\god major prometheus icons 64.ddt","5.5",".ddt"
"textures\icons\god major ra icon 128.ddt","17.1",".ddt"
"textures\icons\god major ra icon 64.ddt","5.3",".ddt"
"textures\icons\god major rheia icons 64.ddt","5.2",".ddt"
"textures\icons\god major set icon 128.ddt","19.4",".ddt"
"textures\icons\god major set icon 64.ddt","5.5",".ddt"
"textures\icons\god major shennong icon 128.ddt","55.9",".ddt"
"textures\icons\god major shennong icon 64.ddt","15.6",".ddt"
"textures\icons\god major theia icons 64.ddt","6.2",".ddt"
"textures\icons\god major thor icon 128.ddt","17.7",".ddt"
"textures\icons\god major thor icon 64.ddt","5.5",".ddt"
"textures\icons\god major zeus icon 128.ddt","15.1",".ddt"
"textures\icons\god major zeus icon 64.ddt","5",".ddt"
"textures\icons\god power ancestors icon 64.ddt","4",".ddt"
"textures\icons\god power ancestors icon.ddt","4",".ddt"
"textures\icons\god power animal magnet icon 64.ddt","4",".ddt"
"textures\icons\god power animal magnet icon.ddt","4",".ddt"
"textures\icons\god power arkantosman icon.ddt","1.5",".ddt"
"textures\icons\god power audrey icons 32.ddt","4",".ddt"
"textures\icons\god power audrey icons 64.ddt","4",".ddt"
"textures\icons\god power barrage icon.DDT","5.7",".DDT"
"textures\icons\god power bolt icon 64.ddt","4",".ddt"
"textures\icons\god power bolt icon.ddt","4",".ddt"
"textures\icons\god power bronze icon 64.ddt","4",".ddt"
"textures\icons\god power bronze icon.ddt","4",".ddt"
"textures\icons\god power call to arms icon.ddt","9.7",".ddt"
"textures\icons\god power cease fire icon 64.ddt","4",".ddt"
"textures\icons\god power cease fire icon.ddt","4",".ddt"
"textures\icons\god power chaos icons 32.ddt","1.9",".ddt"
"textures\icons\god power chaos icons 64.ddt","1.9",".ddt"
"textures\icons\god power citadel icon 64.ddt","4",".ddt"
"textures\icons\god power citadel icon.ddt","4",".ddt"
"textures\icons\god power create gold icon 64.ddt","4",".ddt"
"textures\icons\god power create gold icon.ddt","4",".ddt"
"textures\icons\god power curse icon 64.ddt","4",".ddt"
"textures\icons\god power curse icon.ddt","4",".ddt"
"textures\icons\god power deconstruct icons 32.ddt","4",".ddt"
"textures\icons\god power deconstruct icons 64.ddt","4",".ddt"
"textures\icons\god power deconstruction icons 32.ddt","4",".ddt"
"textures\icons\god power deconstruction icons 64.ddt","4",".ddt"
"textures\icons\god power dryad icons 32.ddt","4",".ddt"
"textures\icons\god power dryad icons 64.ddt","4",".ddt"
"textures\icons\god power earth dragon icon.DDT","6.4",".DDT"
"textures\icons\god power earthquake icon 64.ddt","4",".ddt"
"textures\icons\god power earthquake icon.ddt","4",".ddt"
"textures\icons\god power eclipse icon 64.ddt","4",".ddt"
"textures\icons\god power eclipse icon.ddt","4",".ddt"
"textures\icons\god power examination icon.ddt","12.2",".ddt"
"textures\icons\god power fimbulwinter icon 64.ddt","4",".ddt"
"textures\icons\god power fimbulwinter icon.ddt","4",".ddt"
"textures\icons\god power firestorm icon 64.ddt","4",".ddt"
"textures\icons\god power firestorm icon.ddt","4",".ddt"
"textures\icons\god power flaming weapons icon 64.ddt","4",".ddt"
"textures\icons\god power flaming weapons icon.ddt","4",".ddt"
"textures\icons\god power flood icon.DDT","10.9",".DDT"
"textures\icons\god power frost icon 64.ddt","4",".ddt"
"textures\icons\god power frost icon.ddt","4",".ddt"
"textures\icons\god power gaia forest icons 32.ddt","4",".ddt"
"textures\icons\god power gaia forest icons 64.ddt","4",".ddt"
"textures\icons\god power geyser icon.DDT","6.7",".DDT"
"textures\icons\god power goats icon.ddt","9.6",".ddt"
"textures\icons\god power great hunt icon 64.ddt","4",".ddt"
"textures\icons\god power great hunt icon.ddt","4",".ddt"
"textures\icons\god power healing spring icon 64.ddt","4",".ddt"
"textures\icons\god power healing spring icon.ddt","4",".ddt"
"textures\icons\god power hesperides icons 32.ddt","4",".ddt"
"textures\icons\god power hesperides icons 64.ddt","4",".ddt"
"textures\icons\god power implode icons 32.ddt","4",".ddt"
"textures\icons\god power implode icons 64.ddt","4",".ddt"
"textures\icons\god power inferno icon 64.ddt","4",".ddt"
"textures\icons\god power inferno icon.ddt","9.5",".ddt"
"textures\icons\god power journey icon.DDT","29.8",".DDT"
"textures\icons\god power lightning icon 64.ddt","4",".ddt"
"textures\icons\god power lightning icon.ddt","4",".ddt"
"textures\icons\god power locust swarm icon 64.ddt","4",".ddt"
"textures\icons\god power locust swarm icon.ddt","4",".ddt"
"textures\icons\god power meteor icon 64.ddt","4",".ddt"
"textures\icons\god power meteor icon.ddt","4",".ddt"
"textures\icons\god power nidhogg icon 64.ddt","4",".ddt"
"textures\icons\god power nidhogg icon.ddt","4",".ddt"
"textures\icons\god power pestilence icon 64.ddt","4",".ddt"
"textures\icons\god power pestilence icon.ddt","4",".ddt"
"textures\icons\god power plenty icon 64.ddt","4",".ddt"
"textures\icons\god power plenty icon.ddt","4",".ddt"
"textures\icons\god power prosperity icon 64.ddt","4",".ddt"
"textures\icons\god power prosperity icon.ddt","4",".ddt"
"textures\icons\god power ragnarok icon 64.ddt","4",".ddt"
"textures\icons\god power ragnarok icon.ddt","4",".ddt"
"textures\icons\god power rain icon 64.ddt","4",".ddt"
"textures\icons\god power rain icon.ddt","4",".ddt"
"textures\icons\god power recreation icon.DDT","4.8",".DDT"
"textures\icons\god power restoration icon 64.ddt","4",".ddt"
"textures\icons\god power restoration icon.ddt","4",".ddt"
"textures\icons\god power reverse time icon.ddt","1",".ddt"
"textures\icons\god power reverse time icons 32.ddt","4",".ddt"
"textures\icons\god power reverse time icons 64.ddt","4",".ddt"
"textures\icons\god power sand storm icon.ddt","4",".ddt"
"textures\icons\god power seed of gaia icons 32.ddt","4",".ddt"
"textures\icons\god power seed of gaia icons 64.ddt","4",".ddt"
"textures\icons\god power sentinel icon 64.ddt","4",".ddt"
"textures\icons\god power sentinel icon.ddt","4",".ddt"
"textures\icons\god power shifting sand icon 64.ddt","4",".ddt"
"textures\icons\god power shifting sand icon.ddt","4",".ddt"
"textures\icons\god power shifting sands icon.ddt","4",".ddt"
"textures\icons\god power snake plague icon 64.ddt","4",".ddt"
"textures\icons\god power snake plague icon.ddt","4",".ddt"
"textures\icons\god power son of osiris icon 64.ddt","4",".ddt"
"textures\icons\god power son of osiris icon.ddt","4",".ddt"
"textures\icons\god power spider eggs icons 32.ddt","4",".ddt"
"textures\icons\god power spider eggs icons 64.ddt","4",".ddt"
"textures\icons\god power spy icon 64.ddt","4",".ddt"
"textures\icons\god power spy icon.ddt","4",".ddt"
"textures\icons\god power tartarian gate icons 32.ddt","4",".ddt"
"textures\icons\god power tartarian gate icons 64.ddt","4",".ddt"
"textures\icons\god power thunder clap icons 32.ddt","4",".ddt"
"textures\icons\god power thunder clap icons 64.ddt","4",".ddt"
"textures\icons\god power timber icon.ddt","10.6",".ddt"
"textures\icons\god power tornado icon 64.ddt","4",".ddt"
"textures\icons\god power tornado icon.ddt","4",".ddt"
"textures\icons\god power traitors icons 32.ddt","4",".ddt"
"textures\icons\god power traitors icons 64.ddt","4",".ddt"
"textures\icons\god power trap door spiders icons 32.ddt","4",".ddt"
"textures\icons\god power trap door spiders icons 64.ddt","4",".ddt"
"textures\icons\god power undermine icon 64.ddt","4",".ddt"
"textures\icons\god power undermine icon.ddt","4",".ddt"
"textures\icons\god power underworld passage icon 64.ddt","4",".ddt"
"textures\icons\god power underworld passage icon.ddt","4",".ddt"
"textures\icons\god power uproot icon.ddt","11.9",".ddt"
"textures\icons\god power valor icons 32.ddt","4",".ddt"
"textures\icons\god power valor icons 64.ddt","4",".ddt"
"textures\icons\god power vision icon 64.ddt","4",".ddt"
"textures\icons\god power vision icon.ddt","4",".ddt"
"textures\icons\god power vortex icons 32.ddt","4",".ddt"
"textures\icons\god power vortex icons 64.ddt","4",".ddt"
"textures\icons\god power walking woods icon 64.ddt","4",".ddt"
"textures\icons\god power walking woods icon.ddt","4",".ddt"
"textures\icons\god power wonder deconstruction icons 32.ddt","4",".ddt"
"textures\icons\god power wonder deconstruction icons 64.ddt","4",".ddt"
"textures\icons\gold.ddt","1.2",".ddt"
"textures\icons\guard.ddt","1.4",".ddt"
"textures\icons\hero c general icon.ddt","9.4",".ddt"
"textures\icons\hero c immortal icon.ddt","4.6",".ddt"
"textures\icons\hero c monk icon.ddt","6",".ddt"
"textures\icons\hero g achilles icon 64.ddt","4",".ddt"
"textures\icons\hero g achilles.ddt","4",".ddt"
"textures\icons\hero g ajax icon 64.ddt","4",".ddt"
"textures\icons\hero g ajax.ddt","4",".ddt"
"textures\icons\hero g atalanta icon 64.ddt","4",".ddt"
"textures\icons\hero g atalanta icon.ddt","5.4",".ddt"
"textures\icons\hero g atalanta.ddt","1",".ddt"
"textures\icons\hero g bellerophon icon 64.ddt","4",".ddt"
"textures\icons\hero g bellerophon.ddt","4",".ddt"
"textures\icons\hero g chiron icon 64.ddt","4",".ddt"
"textures\icons\hero g chiron.ddt","4",".ddt"
"textures\icons\hero g circe icon 64.ddt","4",".ddt"
"textures\icons\hero g circe.ddt","4",".ddt"
"textures\icons\hero g heracles.ddt","4",".ddt"
"textures\icons\hero g hercules icon 64.ddt","4",".ddt"
"textures\icons\hero g hippolyta.ddt","4",".ddt"
"textures\icons\hero g hyppolyta icon 64.ddt","4",".ddt"
"textures\icons\hero g icon.ddt","1.6",".ddt"
"textures\icons\hero g jason icon 64.ddt","4",".ddt"
"textures\icons\hero g jason.ddt","4",".ddt"
"textures\icons\hero g oddeysseus.ddt","4",".ddt"
"textures\icons\hero g odysseus icon 64.ddt","4",".ddt"
"textures\icons\hero g perseus icon 64.ddt","4",".ddt"
"textures\icons\hero g perseus icon.ddt","4",".ddt"
"textures\icons\hero g physician icon.ddt","3.9",".ddt"
"textures\icons\hero g polyphemus icon 64.ddt","4",".ddt"
"textures\icons\hero g polyphemus.ddt","4",".ddt"
"textures\icons\hero g theseus icon 64.ddt","4",".ddt"
"textures\icons\hero g theseus.ddt","4",".ddt"
"textures\icons\hero n hersir icon 64.ddt","4",".ddt"
"textures\icons\hero n hersir icon.ddt","4",".ddt"
"textures\icons\hero n ragnarok icon 64.ddt","4",".ddt"
"textures\icons\hero n ragnarok icon.ddt","4",".ddt"
"textures\icons\icon achievement age 1.ddt","1.4",".ddt"
"textures\icons\icon achievement age 2.ddt","1.4",".ddt"
"textures\icons\icon achievement age 3.ddt","1.3",".ddt"
"textures\icons\icon achievement age 4.ddt","1.4",".ddt"
"textures\icons\icon bamboo tree.ddt","3.7",".ddt"
"textures\icons\icon building academy.ddt","4",".ddt"
"textures\icons\icon building archery range.ddt","4",".ddt"
"textures\icons\icon building armory.ddt","4",".ddt"
"textures\icons\icon building ballista tower 64.ddt","4",".ddt"
"textures\icons\icon building ballista tower.ddt","4",".ddt"
"textures\icons\icon building barracks.ddt","4",".ddt"
"textures\icons\icon building charioteria.ddt","1.4",".ddt"
"textures\icons\icon building dock.ddt","4",".ddt"
"textures\icons\icon building egypt migdol 64.ddt","4",".ddt"
"textures\icons\icon building egypt migdol.ddt","4",".ddt"
"textures\icons\icon building farm 64.ddt","4",".ddt"
"textures\icons\icon building farm.ddt","4",".ddt"
"textures\icons\icon building forge.ddt","1.3",".ddt"
"textures\icons\icon building fortress.ddt","1.3",".ddt"
"textures\icons\icon building granary.ddt","4",".ddt"
"textures\icons\icon building greek fortress 64.ddt","4",".ddt"
"textures\icons\icon building greek fortress.ddt","4",".ddt"
"textures\icons\icon building guard tower.ddt","1.5",".ddt"
"textures\icons\icon building house 64.ddt","4",".ddt"
"textures\icons\icon building house.ddt","4",".ddt"
"textures\icons\icon building lighthouse 64.ddt","4",".ddt"
"textures\icons\icon building lighthouse.ddt","4",".ddt"
"textures\icons\icon building lumbercamp.ddt","4",".ddt"
"textures\icons\icon building market 64.ddt","4",".ddt"
"textures\icons\icon building market.ddt","4",".ddt"
"textures\icons\icon building mine.ddt","1.1",".ddt"
"textures\icons\icon building mining camp 64.ddt","4",".ddt"
"textures\icons\icon building mining camp.ddt","4",".ddt"
"textures\icons\icon building monument.ddt","1.4",".ddt"
"textures\icons\icon building norse fortress 64.ddt","4",".ddt"
"textures\icons\icon building norse fortress.ddt","4",".ddt"
"textures\icons\icon building outpost.ddt","4",".ddt"
"textures\icons\icon building range.ddt","0.9",".ddt"
"textures\icons\icon building shrine 64.ddt","4",".ddt"
"textures\icons\icon building siege camp.ddt","4",".ddt"
"textures\icons\icon building stable.ddt","4",".ddt"
"textures\icons\icon building storehouse.ddt","4",".ddt"
"textures\icons\icon building temple 64.ddt","4",".ddt"
"textures\icons\icon building temple.ddt","4",".ddt"
"textures\icons\icon building wall to gate 64.ddt","4",".ddt"
"textures\icons\icon building wall to gate.ddt","4",".ddt"
"textures\icons\icon building wonder 64.ddt","4",".ddt"
"textures\icons\icon building wonder.ddt","4",".ddt"
"textures\icons\icon building wooden fence 64.ddt","4",".ddt"
"textures\icons\icon building wooden fence.ddt","4",".ddt"
"textures\icons\icon c titan gate placement.ddt","19.1",".ddt"
"textures\icons\icon camera fast forward.ddt","0.2",".ddt"
"textures\icons\icon camera pause.ddt","0.1",".ddt"
"textures\icons\icon camera play.ddt","0.2",".ddt"
"textures\icons\icon camera reverse.ddt","0.3",".ddt"
"textures\icons\icon camera step backward.ddt","0.3",".ddt"
"textures\icons\icon camera step forward.ddt","0.3",".ddt"
"textures\icons\icon camera stop.ddt","0.1",".ddt"
"textures\icons\icon class anti archer.ddt","0.6",".ddt"
"textures\icons\icon class anti building.ddt","0.7",".ddt"
"textures\icons\icon class anti cavalry.ddt","0.8",".ddt"
"textures\icons\icon class anti infantry.ddt","0.6",".ddt"
"textures\icons\icon class anti monster.ddt","0.8",".ddt"
"textures\icons\icon class anti siege.ddt","0.9",".ddt"
"textures\icons\icon class archery.ddt","0.5",".ddt"
"textures\icons\icon class building.ddt","0.7",".ddt"
"textures\icons\icon class cavalry.ddt","0.7",".ddt"
"textures\icons\icon class civilian.ddt","0.5",".ddt"
"textures\icons\icon class crush.ddt","0.5",".ddt"
"textures\icons\icon class dangerous animal.ddt","1.2",".ddt"
"textures\icons\icon class harmless animal.ddt","1.2",".ddt"
"textures\icons\icon class infantry.ddt","0.6",".ddt"
"textures\icons\icon class monster.ddt","0.7",".ddt"
"textures\icons\icon class siege.ddt","0.8",".ddt"
"textures\icons\icon debug minimap.ddt","0.1",".ddt"
"textures\icons\icon e titan gate placement.ddt","7.6",".ddt"
"textures\icons\icon g titan gate placement.ddt","7.8",".ddt"
"textures\icons\icon gold mine 64.ddt","4",".ddt"
"textures\icons\icon gold mine.ddt","4",".ddt"
"textures\icons\icon marsh tree icons 32.ddt","4",".ddt"
"textures\icons\icon marsh tree icons 64.ddt","4",".ddt"
"textures\icons\icon n titan gate placement.ddt","7.5",".ddt"
"textures\icons\icon oak tree 64.ddt","4",".ddt"
"textures\icons\icon oak tree.ddt","4",".ddt"
"textures\icons\icon object fountain 64.ddt","4",".ddt"
"textures\icons\icon object stat armor normal.ddt","0.4",".ddt"
"textures\icons\icon object stat armor pierce.ddt","0.3",".ddt"
"textures\icons\icon object stat attack crush.ddt","0.3",".ddt"
"textures\icons\icon object stat attack normal.ddt","0.2",".ddt"
"textures\icons\icon object stat attack pierce.ddt","0.2",".ddt"
"textures\icons\icon object stat capacity.ddt","0.3",".ddt"
"textures\icons\icon object stat flying.ddt","1",".ddt"
"textures\icons\icon object stat hit point.ddt","0.3",".ddt"
"textures\icons\icon object stat infantry.ddt","1.1",".ddt"
"textures\icons\icon object stat range normal.ddt","0.3",".ddt"
"textures\icons\icon object stat range.ddt","0.4",".ddt"
"textures\icons\icon object stat ship.ddt","0.9",".ddt"
"textures\icons\icon object stat siege.ddt","1.2",".ddt"
"textures\icons\icon palm tree 64.ddt","4",".ddt"
"textures\icons\icon palm tree.ddt","4",".ddt"
"textures\icons\icon pine snow tree 64.ddt","4",".ddt"
"textures\icons\icon pine tree 64.ddt","4",".ddt"
"textures\icons\icon pine tree.ddt","4",".ddt"
"textures\icons\icon resource favor full.ddt","0.6",".ddt"
"textures\icons\icon resource favor.ddt","0.5",".ddt"
"textures\icons\icon resource food.ddt","0.6",".ddt"
"textures\icons\icon resource gold.ddt","0.5",".ddt"
"textures\icons\icon resource population.ddt","0.7",".ddt"
"textures\icons\icon resource wood.ddt","0.7",".ddt"
"textures\icons\icon savannah tree 64.ddt","4",".ddt"
"textures\icons\icon savannah tree.ddt","4",".ddt"
"textures\icons\icon settlement.ddt","0.2",".ddt"
"textures\icons\icon settlementminimap 4x4.ddt","0.1",".ddt"
"textures\icons\icon settlementminimap.ddt","0.1",".ddt"
"textures\icons\icon titangate.ddt","0.2",".ddt"
"textures\icons\icon titanminimap 8x8.ddt","0.1",".ddt"
"textures\icons\icon tundra tree icons 32.ddt","4",".ddt"
"textures\icons\icon tundra tree icons 64.ddt","4",".ddt"
"textures\icons\icon unit relic.ddt","1",".ddt"
"textures\icons\icon wonderminimap 8x8.ddt","0.1",".ddt"
"textures\icons\icon wonderminimap.ddt","0.1",".ddt"
"textures\icons\icon x titan gate placement.ddt","7.9",".ddt"
"textures\icons\improvement acupuncture icon.ddt","4.6",".ddt"
"textures\icons\improvement adze of wepwawet icon 64.ddt","4",".ddt"
"textures\icons\improvement adze of wepwawet icon.ddt","4",".ddt"
"textures\icons\improvement aegis shield icon.ddt","1",".ddt"
"textures\icons\improvement ageis shield icon 64.ddt","1",".ddt"
"textures\icons\improvement alluvial clay icons 32.ddt","4",".ddt"
"textures\icons\improvement alluvial clay icons 64.ddt","4",".ddt"
"textures\icons\improvement ambassadors icon 64.ddt","4",".ddt"
"textures\icons\improvement ambassadors icon.ddt","4",".ddt"
"textures\icons\improvement anastrophe icon 64.ddt","4",".ddt"
"textures\icons\improvement anastrophe icon.ddt","4",".ddt"
"textures\icons\improvement ancient destroyer icon.ddt","5.4",".ddt"
"textures\icons\improvement anubis icon.ddt","4",".ddt"
"textures\icons\improvement aokuang icon.ddt","12.3",".ddt"
"textures\icons\improvement aphrodite icon.ddt","4",".ddt"
"textures\icons\improvement apollo icon.ddt","4",".ddt"
"textures\icons\improvement architects icon 64.ddt","4",".ddt"
"textures\icons\improvement architects icon.ddt","4",".ddt"
"textures\icons\improvement arctic gale icon 64.ddt","4",".ddt"
"textures\icons\improvement arctic gale icon.ddt","4",".ddt"
"textures\icons\improvement arctic wind icon 64.ddt","4",".ddt"
"textures\icons\improvement arctic wind icon.ddt","4",".ddt"
"textures\icons\improvement ares icon.ddt","4",".ddt"
"textures\icons\improvement artemis icon.ddt","4",".ddt"
"textures\icons\improvement asper blood icons 32.ddt","4",".ddt"
"textures\icons\improvement asper blood icons 64.ddt","4",".ddt"
"textures\icons\improvement atef crown icon 64.ddt","4",".ddt"
"textures\icons\improvement atef crown icon.ddt","4",".ddt"
"textures\icons\improvement athena icon.ddt","4",".ddt"
"textures\icons\improvement athenian wall icon 64.ddt","4",".ddt"
"textures\icons\improvement athenian wall icon.ddt","4",".ddt"
"textures\icons\improvement aurora borealis icon.ddt","4",".ddt"
"textures\icons\improvement aurora borealis icon64.ddt","4",".ddt"
"textures\icons\improvement axe of muspell icons 32.ddt","4",".ddt"
"textures\icons\improvement axe of muspell icons 64.ddt","4",".ddt"
"textures\icons\improvement bacchanalia icon 64.ddt","4",".ddt"
"textures\icons\improvement bacchanalia icon.ddt","4",".ddt"
"textures\icons\improvement back to work icon.ddt","1.3",".ddt"
"textures\icons\improvement baldr icon.ddt","4",".ddt"
"textures\icons\improvement ballista tower icon 64.ddt","4",".ddt"
"textures\icons\improvement ballista tower icon.ddt","4",".ddt"
"textures\icons\improvement bast icon.ddt","4",".ddt"
"textures\icons\improvement beast slayer icons 32.ddt","4",".ddt"
"textures\icons\improvement beast slayer icons 64.ddt","4",".ddt"
"textures\icons\improvement berserkergang icon 64.ddt","4",".ddt"
"textures\icons\improvement berserkergang icon.ddt","4",".ddt"
"textures\icons\improvement bite of the shark icons 32.ddt","4",".ddt"
"textures\icons\improvement bite of the shark icons 64.ddt","4",".ddt"
"textures\icons\improvement blessing icon.ddt","1.2",".ddt"
"textures\icons\improvement bone bow icon 64.ddt","4",".ddt"
"textures\icons\improvement bone bow icon.ddt","4",".ddt"
"textures\icons\improvement bone oracle script icon.ddt","9.6",".ddt"
"textures\icons\improvement book of thoth icon 64.ddt","4",".ddt"
"textures\icons\improvement book of thoth icon.ddt","4",".ddt"
"textures\icons\improvement bountiful harvest icon 64.ddt","4",".ddt"
"textures\icons\improvement bountiful harvest icon.ddt","4",".ddt"
"textures\icons\improvement bow saw icon 64.ddt","4",".ddt"
"textures\icons\improvement bow saw icon.ddt","4",".ddt"
"textures\icons\improvement bragi icon.ddt","4",".ddt"
"textures\icons\improvement bravery icon 64.ddt","4",".ddt"
"textures\icons\improvement bravery icon.ddt","4",".ddt"
"textures\icons\improvement bronze colossus icon 64.ddt","4",".ddt"
"textures\icons\improvement bronze colossus icon.ddt","4",".ddt"
"textures\icons\improvement bronze mail icon 64.ddt","4",".ddt"
"textures\icons\improvement bronze mail icon.ddt","4",".ddt"
"textures\icons\improvement bronze shields icon 64.ddt","4",".ddt"
"textures\icons\improvement bronze shields icon.ddt","4",".ddt"
"textures\icons\improvement bronze wall icons 128.ddt","1.5",".ddt"
"textures\icons\improvement bronze wall icons 32.ddt","4",".ddt"
"textures\icons\improvement bronze wall icons 64.ddt","4",".ddt"
"textures\icons\improvement bronze weapons icon 64.ddt","4",".ddt"
"textures\icons\improvement bronze weapons icon.ddt","4",".ddt"
"textures\icons\improvement bull minotaur icon 64.ddt","4",".ddt"
"textures\icons\improvement bull minotaur icon.ddt","4",".ddt"
"textures\icons\improvement burials icon.ddt","12.1",".ddt"
"textures\icons\improvement burning pitch icon 64.ddt","4",".ddt"
"textures\icons\improvement burning pitch icon.ddt","4",".ddt"
"textures\icons\improvement call of valhalla icon 64.ddt","4",".ddt"
"textures\icons\improvement call of valhalla icon.ddt","4",".ddt"
"textures\icons\improvement cancel town bell icon.ddt","1.4",".ddt"
"textures\icons\improvement carpenters icon 64.ddt","4",".ddt"
"textures\icons\improvement carpenters icon.ddt","4",".ddt"
"textures\icons\improvement carrier pigeons icon 64.ddt","4",".ddt"
"textures\icons\improvement carrier pigeons icon.ddt","4",".ddt"
"textures\icons\improvement celerity icons 32.ddt","4",".ddt"
"textures\icons\improvement celerity icons 64.ddt","4",".ddt"
"textures\icons\improvement celestial palace icon.ddt","11.5",".ddt"
"textures\icons\improvement champion archer icon 64.ddt","4",".ddt"
"textures\icons\improvement champion archer icon.ddt","4",".ddt"
"textures\icons\improvement champion axemen icon 64.ddt","4",".ddt"
"textures\icons\improvement champion axemen icon.ddt","4",".ddt"
"textures\icons\improvement champion barracks icon.ddt","6.6",".ddt"
"textures\icons\improvement champion camelry icon 64.ddt","4",".ddt"
"textures\icons\improvement champion camelry icon.ddt","4",".ddt"
"textures\icons\improvement champion cavalry icon 64.ddt","4",".ddt"
"textures\icons\improvement champion cavalry icon.ddt","4",".ddt"
"textures\icons\improvement champion chariots icon 64.ddt","4",".ddt"
"textures\icons\improvement champion chariots icon.ddt","4",".ddt"
"textures\icons\improvement champion chieroballista icons 32.ddt","4",".ddt"
"textures\icons\improvement champion chieroballista icons 64.ddt","4",".ddt"
"textures\icons\improvement champion elephant icon 64.ddt","4",".ddt"
"textures\icons\improvement champion elephant icon.ddt","4",".ddt"
"textures\icons\improvement champion infantry icon 64.ddt","4",".ddt"
"textures\icons\improvement champion infantry icon.ddt","4",".ddt"
"textures\icons\improvement champion khopesh icon.ddt","4.7",".ddt"
"textures\icons\improvement champion slinger icon 64.ddt","4",".ddt"
"textures\icons\improvement champion slinger icon.ddt","4",".ddt"
"textures\icons\improvement champion spearmen icon 64.ddt","4",".ddt"
"textures\icons\improvement champion spearmen icon.ddt","4",".ddt"
"textures\icons\improvement change icon.ddt","10.9",".ddt"
"textures\icons\improvement channels icons 32.ddt","4",".ddt"
"textures\icons\improvement channels icons 64.ddt","4",".ddt"
"textures\icons\improvement chongli icon.ddt","12.1",".ddt"
"textures\icons\improvement citadel wall icon 64.ddt","4",".ddt"
"textures\icons\improvement citadel wall icon.ddt","4",".ddt"
"textures\icons\improvement city of the dead icon 64.ddt","4",".ddt"
"textures\icons\improvement city of the dead icon.ddt","4",".ddt"
"textures\icons\improvement cladding icon 64.ddt","4",".ddt"
"textures\icons\improvement cladding icon.ddt","4",".ddt"
"textures\icons\improvement coinage icon 64.ddt","4",".ddt"
"textures\icons\improvement coinage icon.ddt","4",".ddt"
"textures\icons\improvement conscript archers icon 64.ddt","4",".ddt"
"textures\icons\improvement conscript archers icon.ddt","4",".ddt"
"textures\icons\improvement conscript barracks icon.ddt","4",".ddt"
"textures\icons\improvement conscript barracks soldiers icon.ddt","4",".ddt"
"textures\icons\improvement conscript cavalry icon 64.ddt","4",".ddt"
"textures\icons\improvement conscript cavalry icon.ddt","4",".ddt"
"textures\icons\improvement conscript hillfort icon.ddt","4",".ddt"
"textures\icons\improvement conscript hillfort solders icon.ddt","4",".ddt"
"textures\icons\improvement conscript infantry icon 64.ddt","4",".ddt"
"textures\icons\improvement conscript infantry icon.ddt","4",".ddt"
"textures\icons\improvement conscript longhouse icon.ddt","4",".ddt"
"textures\icons\improvement conscript longhouse soldiers icon.ddt","4",".ddt"
"textures\icons\improvement conscript mainline icons 32.ddt","4",".ddt"
"textures\icons\improvement conscript mainline icons 64.ddt","4",".ddt"
"textures\icons\improvement conscript migdol icon.ddt","4",".ddt"
"textures\icons\improvement conscript migdol soldiers icon.ddt","4",".ddt"
"textures\icons\improvement conscript naval icon 64.ddt","4",".ddt"
"textures\icons\improvement conscript naval icon.ddt","4",".ddt"
"textures\icons\improvement conscript palace icons 32.ddt","4",".ddt"
"textures\icons\improvement conscript palace icons 64.ddt","4",".ddt"
"textures\icons\improvement conscript specialty icons 32.ddt","4",".ddt"
"textures\icons\improvement conscript specialty icons 64.ddt","4",".ddt"
"textures\icons\improvement copper mail icon 64.ddt","4",".ddt"
"textures\icons\improvement copper mail icon.ddt","4",".ddt"
"textures\icons\improvement copper shields icon 64.ddt","4",".ddt"
"textures\icons\improvement copper shields icon.ddt","4",".ddt"
"textures\icons\improvement copper weapons icon 64.ddt","4",".ddt"
"textures\icons\improvement copper weapons icon.ddt","4",".ddt"
"textures\icons\improvement crenelations icon 64.ddt","4",".ddt"
"textures\icons\improvement crenelations icon.ddt","4",".ddt"
"textures\icons\improvement crio sphinx icon 64.ddt","4",".ddt"
"textures\icons\improvement crio sphinx icon.ddt","4",".ddt"
"textures\icons\improvement crocodopolis icon 64.ddt","4",".ddt"
"textures\icons\improvement crocodopolis icon.ddt","4",".ddt"
"textures\icons\improvement dabogong icon.ddt","12.2",".ddt"
"textures\icons\improvement deimos sword of dread icon 64.ddt","4",".ddt"
"textures\icons\improvement deimos sword of dread icon.ddt","4",".ddt"
"textures\icons\improvement demon slayer icon.ddt","11.4",".ddt"
"textures\icons\improvement desert wind icon 64.ddt","4",".ddt"
"textures\icons\improvement desert wind icon.ddt","4",".ddt"
"textures\icons\improvement dionysos icon.ddt","4",".ddt"
"textures\icons\improvement divine blood icon icon 64.ddt","4",".ddt"
"textures\icons\improvement divine blood icon.ddt","4",".ddt"
"textures\icons\improvement domestication icon.ddt","10.9",".ddt"
"textures\icons\improvement draft horses icon 64.ddt","4",".ddt"
"textures\icons\improvement draft horses icon.ddt","4",".ddt"
"textures\icons\improvement dragon scales icon.ddt","13.4",".ddt"
"textures\icons\improvement dragonscale shields icon 64.ddt","4",".ddt"
"textures\icons\improvement dwarven auger icon 64.ddt","4",".ddt"
"textures\icons\improvement dwarven auger icon.ddt","4",".ddt"
"textures\icons\improvement dwarven mail icon 64.ddt","4",".ddt"
"textures\icons\improvement dwarven mail icon.ddt","4",".ddt"
"textures\icons\improvement dwarven shields icon 64.ddt","4",".ddt"
"textures\icons\improvement dwarven shields icon.ddt","4",".ddt"
"textures\icons\improvement dwarven weapons icon 64.ddt","4",".ddt"
"textures\icons\improvement dwarven weapons icon.ddt","4",".ddt"
"textures\icons\improvement earthen wall icon.ddt","9.1",".ddt"
"textures\icons\improvement east sea icon.ddt","12.2",".ddt"
"textures\icons\improvement electrum bullets icon 64.ddt","4",".ddt"
"textures\icons\improvement electrum bullets icon.ddt","4",".ddt"
"textures\icons\improvement elixir of immortality icon.ddt","6.6",".ddt"
"textures\icons\improvement elminer kettle icon 64.ddt","4",".ddt"
"textures\icons\improvement elminer kettle icon.ddt","4",".ddt"
"textures\icons\improvement enclosed decks icon 64.ddt","4",".ddt"
"textures\icons\improvement enclosed decks icon.ddt","4",".ddt"
"textures\icons\improvement engineers icon 64.ddt","4",".ddt"
"textures\icons\improvement engineers icon.ddt","4",".ddt"
"textures\icons\improvement enyos bow of horror icon 64.ddt","4",".ddt"
"textures\icons\improvement enyos bow of horror icon.ddt","4",".ddt"
"textures\icons\improvement eyes in the forest icon 64.ddt","4",".ddt"
"textures\icons\improvement eyes in the forest icon.ddt","4",".ddt"
"textures\icons\improvement eyes of atlas icons 32.ddt","4",".ddt"
"textures\icons\improvement eyes of atlas icons 64.ddt","4",".ddt"
"textures\icons\improvement face of the gorgon icon 64.ddt","4",".ddt"
"textures\icons\improvement face of the gorgon icon.ddt","4",".ddt"
"textures\icons\improvement feet of the jackal icon 64.ddt","4",".ddt"
"textures\icons\improvement feet of the jackal icon.ddt","4",".ddt"
"textures\icons\improvement feral icon 64.ddt","4",".ddt"
"textures\icons\improvement feral icon.ddt","4",".ddt"
"textures\icons\improvement five grains icon.ddt","9.3",".ddt"
"textures\icons\improvement flames of typhon icon.ddt","4.8",".ddt"
"textures\icons\improvement flood control icon 64.ddt","4",".ddt"
"textures\icons\improvement flood control icon.ddt","4",".ddt"
"textures\icons\improvement flood of the nile icon 64.ddt","4",".ddt"
"textures\icons\improvement flood of the nile icon.ddt","4",".ddt"
"textures\icons\improvement focus icons 32.ddt","4",".ddt"
"textures\icons\improvement focus icons 64.ddt","4",".ddt"
"textures\icons\improvement forge of olympus icon 64.ddt","4",".ddt"
"textures\icons\improvement forge of olympus icon.ddt","4",".ddt"
"textures\icons\improvement forseti icon.ddt","4",".ddt"
"textures\icons\improvement fortified town center icon 64.ddt","4",".ddt"
"textures\icons\improvement fortified town center icon.ddt","4",".ddt"
"textures\icons\improvement fortified wall icon 64.ddt","4",".ddt"
"textures\icons\improvement fortified wall icon.ddt","4",".ddt"
"textures\icons\improvement freyja icon.ddt","4",".ddt"
"textures\icons\improvement frigg icon.ddt","4",".ddt"
"textures\icons\improvement funeral barge icon 64.ddt","4",".ddt"
"textures\icons\improvement funeral barge icon.ddt","4",".ddt"
"textures\icons\improvement funeral rites icon 64.ddt","4",".ddt"
"textures\icons\improvement funeral rites icon.ddt","4",".ddt"
"textures\icons\improvement garrison icon.ddt","1.1",".ddt"
"textures\icons\improvement gemino icons 32.ddt","4",".ddt"
"textures\icons\improvement gemino icons 64.ddt","4",".ddt"
"textures\icons\improvement golden apples icon 64.ddt","4",".ddt"
"textures\icons\improvement golden apples icon.ddt","4",".ddt"
"textures\icons\improvement golden banded staff icon.ddt","7.7",".ddt"
"textures\icons\improvement golden peaches icon.ddt","5.9",".ddt"
"textures\icons\improvement granite blood icon 64.ddt","4",".ddt"
"textures\icons\improvement granite blood icon.ddt","4",".ddt"
"textures\icons\improvement great wall icon.ddt","7.9",".ddt"
"textures\icons\improvement greatest of fifty icon 64.ddt","4",".ddt"
"textures\icons\improvement greatest of fifty icon.ddt","4",".ddt"
"textures\icons\improvement guard icon 64.ddt","4",".ddt"
"textures\icons\improvement guard icon.ddt","4",".ddt"
"textures\icons\improvement guard tower icon 64.ddt","4",".ddt"
"textures\icons\improvement guard tower icon.ddt","4",".ddt"
"textures\icons\improvement guardian icons 32.ddt","4",".ddt"
"textures\icons\improvement guardian icons 64.ddt","4",".ddt"
"textures\icons\improvement hall of thanes icon 64.ddt","4",".ddt"
"textures\icons\improvement hall of thanes icon.ddt","4",".ddt"
"textures\icons\improvement halo of the sun icons 32.ddt","4",".ddt"
"textures\icons\improvement halo of the sun icons 64.ddt","4",".ddt"
"textures\icons\improvement hamar troll icon 64.ddt","4",".ddt"
"textures\icons\improvement hamar troll icon.ddt","4",".ddt"
"textures\icons\improvement hand axe icon 64.ddt","4",".ddt"
"textures\icons\improvement hand axe icon.ddt","4",".ddt"
"textures\icons\improvement hands of the pharaoh icons 32.ddt","4",".ddt"
"textures\icons\improvement hands of the pharaoh icons 64.ddt","4",".ddt"
"textures\icons\improvement hathor icon.ddt","4",".ddt"
"textures\icons\improvement heart of the titans icons 32.ddt","4",".ddt"
"textures\icons\improvement heart of the titans icons 64.ddt","4",".ddt"
"textures\icons\improvement heavenly fire icon.ddt","11.9",".ddt"
"textures\icons\improvement heavy archer icon 64.ddt","4",".ddt"
"textures\icons\improvement heavy archer icon.ddt","4",".ddt"
"textures\icons\improvement heavy axemen icon 64.ddt","4",".ddt"
"textures\icons\improvement heavy axemen icon.ddt","4",".ddt"
"textures\icons\improvement heavy barracks icon.ddt","6.6",".ddt"
"textures\icons\improvement heavy camelry icon.ddt","4",".ddt"
"textures\icons\improvement heavy cavalry icon 64.ddt","4",".ddt"
"textures\icons\improvement heavy cavalry icon.ddt","4",".ddt"
"textures\icons\improvement heavy chariots icon 64.ddt","4",".ddt"
"textures\icons\improvement heavy chariots icon.ddt","4",".ddt"
"textures\icons\improvement heavy chieroballista icons 32.ddt","4",".ddt"
"textures\icons\improvement heavy chieroballista icons 64.ddt","4",".ddt"
"textures\icons\improvement heavy elephant icon 64.ddt","4",".ddt"
"textures\icons\improvement heavy elephant icon.ddt","4",".ddt"
"textures\icons\improvement heavy fireships icons 32.ddt","4",".ddt"
"textures\icons\improvement heavy fireships icons 64.ddt","4",".ddt"
"textures\icons\improvement heavy infantry icon 64.ddt","4",".ddt"
"textures\icons\improvement heavy infantry icon.ddt","4",".ddt"
"textures\icons\improvement heavy khopesh icon.ddt","3.2",".ddt"
"textures\icons\improvement heavy slinger icon 64.ddt","4",".ddt"
"textures\icons\improvement heavy slinger icon.ddt","4",".ddt"
"textures\icons\improvement heavy spearmen icon 64.ddt","4",".ddt"
"textures\icons\improvement heavy spearmen icon.ddt","2.7",".ddt"
"textures\icons\improvement hebo icon.ddt","11.1",".ddt"
"textures\icons\improvement heimdall icon.ddt","4",".ddt"
"textures\icons\improvement hel icon.ddt","4",".ddt"
"textures\icons\improvement hephaestus icon.ddt","4",".ddt"
"textures\icons\improvement hephaestus revenge icons 32.ddt","4",".ddt"
"textures\icons\improvement hephaestus revenge icons 64.ddt","4",".ddt"
"textures\icons\improvement hera icon.ddt","4",".ddt"
"textures\icons\improvement hermes icon.ddt","4",".ddt"
"textures\icons\improvement heroic fleet icons 32.ddt","4",".ddt"
"textures\icons\improvement heroic fleet icons 64.ddt","4",".ddt"
"textures\icons\improvement heroic renewal icons 32.ddt","4",".ddt"
"textures\icons\improvement heroic renewal icons 64.ddt","4",".ddt"
"textures\icons\improvement hieraco sphinx icon 64.ddt","4",".ddt"
"textures\icons\improvement hieraco sphinx icon.ddt","4",".ddt"
"textures\icons\improvement horns of consecration icons 32.ddt","4",".ddt"
"textures\icons\improvement horns of consecration icons 64.ddt","4",".ddt"
"textures\icons\improvement horus icon.ddt","4",".ddt"
"textures\icons\improvement house altars icon.ddt","4.2",".ddt"
"textures\icons\improvement houyis bow icon.ddt","8.5",".ddt"
"textures\icons\improvement huangdi icon.ddt","11.7",".ddt"
"textures\icons\improvement hunting dogs icon 64.ddt","4",".ddt"
"textures\icons\improvement hunting dogs icon.ddt","4",".ddt"
"textures\icons\improvement huntress axe icon 64.ddt","4",".ddt"
"textures\icons\improvement huntress axe icon.ddt","4",".ddt"
"textures\icons\improvement husbandry icon 64.ddt","4",".ddt"
"textures\icons\improvement husbandry icon.ddt","4",".ddt"
"textures\icons\improvement iron colossus icon 64.ddt","4",".ddt"
"textures\icons\improvement iron colossus icon.ddt","4",".ddt"
"textures\icons\improvement iron mail icon 64.ddt","4",".ddt"
"textures\icons\improvement iron mail icon.ddt","4",".ddt"
"textures\icons\improvement iron shields icon 64.ddt","4",".ddt"
"textures\icons\improvement iron shields icon.ddt","4",".ddt"
"textures\icons\improvement iron wall icons 128.ddt","1.6",".ddt"
"textures\icons\improvement iron wall icons 32.ddt","4",".ddt"
"textures\icons\improvement iron wall icons 64.ddt","4",".ddt"
"textures\icons\improvement iron weapons icon 64.ddt","4",".ddt"
"textures\icons\improvement iron weapons icon.ddt","4",".ddt"
"textures\icons\improvement irrigation icon 64.ddt","4",".ddt"
"textures\icons\improvement irrigation icon.ddt","4",".ddt"
"textures\icons\improvement jade rabbit icon.ddt","7.9",".ddt"
"textures\icons\improvement lance of stone icons 32.ddt","4",".ddt"
"textures\icons\improvement lance of stone icons 64.ddt","4",".ddt"
"textures\icons\improvement landlord spirit icon.ddt","7.8",".ddt"
"textures\icons\improvement leather frame shield icon 64.ddt","4",".ddt"
"textures\icons\improvement leather frame shield icon.ddt","4",".ddt"
"textures\icons\improvement lemurian descendant icons 32.ddt","4",".ddt"
"textures\icons\improvement lemurian descendant icons 64.ddt","4",".ddt"
"textures\icons\improvement levy archers icon 64.ddt","4",".ddt"
"textures\icons\improvement levy archers icon.ddt","4",".ddt"
"textures\icons\improvement levy barracks icon 64.ddt","4",".ddt"
"textures\icons\improvement levy barracks icon.ddt","4",".ddt"
"textures\icons\improvement levy cavalry icon 64.ddt","4",".ddt"
"textures\icons\improvement levy cavalry icon.ddt","4",".ddt"
"textures\icons\improvement levy hillfort icon 64.ddt","4",".ddt"
"textures\icons\improvement levy hillfort icon.ddt","4",".ddt"
"textures\icons\improvement levy infantry icon 64.ddt","4",".ddt"
"textures\icons\improvement levy infantry icon.ddt","4",".ddt"
"textures\icons\improvement levy longhouse icon 64.ddt","4",".ddt"
"textures\icons\improvement levy longhouse icon.ddt","4",".ddt"
"textures\icons\improvement levy mainline icons 32.ddt","4",".ddt"
"textures\icons\improvement levy mainline icons 64.ddt","4",".ddt"
"textures\icons\improvement levy migdol icon 64.ddt","4",".ddt"
"textures\icons\improvement levy migdol icon.ddt","4",".ddt"
"textures\icons\improvement levy palace icons 32.ddt","4",".ddt"
"textures\icons\improvement levy palace icons 64.ddt","4",".ddt"
"textures\icons\improvement levy specialty icons 32.ddt","4",".ddt"
"textures\icons\improvement levy specialty icons 64.ddt","4",".ddt"
"textures\icons\improvement life drain icon.ddt","10.5",".ddt"
"textures\icons\improvement lone wanderer icon 64.ddt","4",".ddt"
"textures\icons\improvement lone wanderer icon.ddt","4",".ddt"
"textures\icons\improvement long serpent icon 64.ddt","4",".ddt"
"textures\icons\improvement long serpent icon.ddt","4",".ddt"
"textures\icons\improvement lord of the horses icon icon 64.ddt","4",".ddt"
"textures\icons\improvement lord of the horses icon.ddt","4",".ddt"
"textures\icons\improvement lord of the river icon.ddt","174.9",".ddt"
"textures\icons\improvement mail of orichalkos icons 32.ddt","4",".ddt"
"textures\icons\improvement mail of orichalkos icons 64.ddt","4",".ddt"
"textures\icons\improvement masons icon 64.ddt","4",".ddt"
"textures\icons\improvement masons icon.ddt","4",".ddt"
"textures\icons\improvement medium archer icon 64.ddt","4",".ddt"
"textures\icons\improvement medium archer icon.ddt","4",".ddt"
"textures\icons\improvement medium axemen icon 64.ddt","4",".ddt"
"textures\icons\improvement medium axemen icon.ddt","4",".ddt"
"textures\icons\improvement medium barracks icon.ddt","5.8",".ddt"
"textures\icons\improvement medium cavalry icon 64.ddt","4",".ddt"
"textures\icons\improvement medium cavalry icon.ddt","4",".ddt"
"textures\icons\improvement medium infantry icon 64.ddt","4",".ddt"
"textures\icons\improvement medium infantry icon.ddt","4",".ddt"
"textures\icons\improvement medium khopesh icon.ddt","4.7",".ddt"
"textures\icons\improvement medium slinger icon 64.ddt","4",".ddt"
"textures\icons\improvement medium slinger icon.ddt","4",".ddt"
"textures\icons\improvement medium spearmen icon 64.ddt","4",".ddt"
"textures\icons\improvement medium spearmen icon.ddt","3",".ddt"
"textures\icons\improvement medjay icon.ddt","4",".ddt"
"textures\icons\improvement meteoric iron mail icon 64.ddt","4",".ddt"
"textures\icons\improvement meteoric iron mail icon.ddt","4",".ddt"
"textures\icons\improvement milkstones icons 32.ddt","4",".ddt"
"textures\icons\improvement milkstones icons 64.ddt","4",".ddt"
"textures\icons\improvement mithril breastplate icon 64.ddt","4",".ddt"
"textures\icons\improvement mithril breastplate icon.ddt","4",".ddt"
"textures\icons\improvement monsterous rage icon 64.ddt","4",".ddt"
"textures\icons\improvement monsterous rage icon.ddt","4",".ddt"
"textures\icons\improvement murder holes icon 64.ddt","4",".ddt"
"textures\icons\improvement murder holes icon.ddt","4",".ddt"
"textures\icons\improvement mythic rejuvenation icons 32.ddt","4",".ddt"
"textures\icons\improvement mythic rejuvenation icons 64.ddt","4",".ddt"
"textures\icons\improvement naval oxybeles icon 64.ddt","4",".ddt"
"textures\icons\improvement naval oxybeles icon.ddt","4",".ddt"
"textures\icons\improvement necropolis icon 64.ddt","4",".ddt"
"textures\icons\improvement necropolis icon.ddt","4",".ddt"
"textures\icons\improvement nephthys icon.ddt","4",".ddt"
"textures\icons\improvement new kingdom icon 64.ddt","4",".ddt"
"textures\icons\improvement new kingdom icon.ddt","4",".ddt"
"textures\icons\improvement nezhas defeat icon.ddt","4.6",".ddt"
"textures\icons\improvement njord icon.ddt","4",".ddt"
"textures\icons\improvement olympic patronage icon 64.ddt","4",".ddt"
"textures\icons\improvement olympic patronage icon.ddt","4",".ddt"
"textures\icons\improvement omniscience icon 64.ddt","4",".ddt"
"textures\icons\improvement omniscience icon.ddt","4",".ddt"
"textures\icons\improvement oracle bone script icon.ddt","9.6",".ddt"
"textures\icons\improvement oracle icon 64.ddt","4",".ddt"
"textures\icons\improvement oracle icon.ddt","4",".ddt"
"textures\icons\improvement orichalkos wall icons 128.ddt","1.8",".ddt"
"textures\icons\improvement orichalkos wall icons 32.ddt","4",".ddt"
"textures\icons\improvement orichalkos wall icons 64.ddt","4",".ddt"
"textures\icons\improvement osiris icon.ddt","4",".ddt"
"textures\icons\improvement paper talisman icon.ddt","6.4",".ddt"
"textures\icons\improvement patrol icon.ddt","1.1",".ddt"
"textures\icons\improvement petrified icons 32.ddt","4",".ddt"
"textures\icons\improvement petrified icons 64.ddt","4",".ddt"
"textures\icons\improvement phobos spear of panic icon 64.ddt","4",".ddt"
"textures\icons\improvement phobos spear of panic icon.ddt","4",".ddt"
"textures\icons\improvement pickaxe icon 64.ddt","4",".ddt"
"textures\icons\improvement pickaxe icon.ddt","4",".ddt"
"textures\icons\improvement pig sticker icon 64.ddt","4",".ddt"
"textures\icons\improvement pig sticker icon.ddt","4",".ddt"
"textures\icons\improvement pillar of the ocean icon.ddt","12.4",".ddt"
"textures\icons\improvement plow icon 64.ddt","4",".ddt"
"textures\icons\improvement plow icon.ddt","4",".ddt"
"textures\icons\improvement poseidons secret icons 32.ddt","4",".ddt"
"textures\icons\improvement poseidons secret icons 64.ddt","4",".ddt"
"textures\icons\improvement ptah icon.ddt","4",".ddt"
"textures\icons\improvement purse seine icon 64.ddt","4",".ddt"
"textures\icons\improvement purse seine icon.ddt","4",".ddt"
"textures\icons\improvement quarry icon 64.ddt","4",".ddt"
"textures\icons\improvement quarry icon.ddt","4",".ddt"
"textures\icons\improvement ram of the wind icon 64.ddt","4",".ddt"
"textures\icons\improvement ram of the wind icon.ddt","4",".ddt"
"textures\icons\improvement rammed earth icon.ddt","7",".ddt"
"textures\icons\improvement rampage icon 64.ddt","4",".ddt"
"textures\icons\improvement rampage icon.ddt","4",".ddt"
"textures\icons\improvement reinforced hull icon.ddt","4",".ddt"
"textures\icons\improvement reinforced ram icon 64.ddt","4",".ddt"
"textures\icons\improvement rheias gift icons 32.ddt","4",".ddt"
"textures\icons\improvement rheias gift icons 64.ddt","4",".ddt"
"textures\icons\improvement rime icon 64.ddt","4",".ddt"
"textures\icons\improvement rime icon.ddt","4",".ddt"
"textures\icons\improvement ring giver icon 64.ddt","4",".ddt"
"textures\icons\improvement ring giver icon.ddt","4",".ddt"
"textures\icons\improvement roar of orthus icon 64.ddt","4",".ddt"
"textures\icons\improvement roar of orthus icon.ddt","4",".ddt"
"textures\icons\improvement sacred cats icon 64.ddt","4",".ddt"
"textures\icons\improvement sacred cats icon.ddt","4",".ddt"
"textures\icons\improvement sacrifices icon.ddt","5.2",".ddt"
"textures\icons\improvement safe passage icons 32.ddt","4",".ddt"
"textures\icons\improvement safe passage icons 64.ddt","4",".ddt"
"textures\icons\improvement safeguard icon 64.ddt","4",".ddt"
"textures\icons\improvement safeguard icon.ddt","4",".ddt"
"textures\icons\improvement salt amphora icon 64.ddt","4",".ddt"
"textures\icons\improvement salt amphora icon.ddt","4",".ddt"
"textures\icons\improvement sarissa icon 64.ddt","4",".ddt"
"textures\icons\improvement sarissa icon.ddt","4",".ddt"
"textures\icons\improvement scalloped axe icon 64.ddt","4",".ddt"
"textures\icons\improvement scalloped axe icon.ddt","4",".ddt"
"textures\icons\improvement secrets of the titans icons 32.ddt","4",".ddt"
"textures\icons\improvement secrets of the titans icons 64.ddt","4",".ddt"
"textures\icons\improvement seed of gaia icons 32.ddt","4",".ddt"
"textures\icons\improvement seed of gaia icons 64.ddt","4",".ddt"
"textures\icons\improvement sekhmet icon.ddt","4",".ddt"
"textures\icons\improvement sentry tower icon 64.ddt","4",".ddt"
"textures\icons\improvement sentry tower icon.ddt","4",".ddt"
"textures\icons\improvement serpent spear icon 64.ddt","4",".ddt"
"textures\icons\improvement serpent spear icon.ddt","4",".ddt"
"textures\icons\improvement shaduf icon 64.ddt","4",".ddt"
"textures\icons\improvement shaduf icon.ddt","4",".ddt"
"textures\icons\improvement shaft mine icon 64.ddt","4",".ddt"
"textures\icons\improvement shaft mine icon.ddt","4",".ddt"
"textures\icons\improvement shafts of plague icon 64.ddt","4",".ddt"
"textures\icons\improvement shafts of plague icon.ddt","4",".ddt"
"textures\icons\improvement signal fires icon 64.ddt","4",".ddt"
"textures\icons\improvement signal fires icon.ddt","4",".ddt"
"textures\icons\improvement skin of rhino icon 64.ddt","4",".ddt"
"textures\icons\improvement skin of the rhino icon.ddt","4",".ddt"
"textures\icons\improvement slings of the sun icon 64.ddt","4",".ddt"
"textures\icons\improvement slings of the sun icon.ddt","4",".ddt"
"textures\icons\improvement sons of sleipnir icon 64.ddt","4",".ddt"
"textures\icons\improvement sons of sleipnir icon.ddt","4",".ddt"
"textures\icons\improvement spear on the horizon icon 64.ddt","4",".ddt"
"textures\icons\improvement spear on the horizon icon.ddt","4",".ddt"
"textures\icons\improvement spirit of maat icon 64.ddt","4",".ddt"
"textures\icons\improvement spirit of maat icon.ddt","4",".ddt"
"textures\icons\improvement spirited charge icon 64.ddt","4",".ddt"
"textures\icons\improvement spirited charge icon.ddt","4",".ddt"
"textures\icons\improvement stirrup icon.ddt","6.9",".ddt"
"textures\icons\improvement stone armor icon.ddt","6.4",".ddt"
"textures\icons\improvement stone wall icon 64.ddt","4",".ddt"
"textures\icons\improvement stone wall icon.ddt","4",".ddt"
"textures\icons\improvement stones of red linen icon 64.ddt","4",".ddt"
"textures\icons\improvement stones of red linen icon.ddt","4",".ddt"
"textures\icons\improvement sun dried brick icon 64.ddt","4",".ddt"
"textures\icons\improvement sun dried brick icon.ddt","4",".ddt"
"textures\icons\improvement sun ray icon 64.ddt","4",".ddt"
"textures\icons\improvement sun ray icon.ddt","4",".ddt"
"textures\icons\improvement sunwukong icon.ddt","11.9",".ddt"
"textures\icons\improvement swine array icon 64.ddt","4",".ddt"
"textures\icons\improvement swine array icon.ddt","4",".ddt"
"textures\icons\improvement sylvan lore icon 64.ddt","4",".ddt"
"textures\icons\improvement sylvan lore icon.ddt","4",".ddt"
"textures\icons\improvement tax collectors icon 64.ddt","4",".ddt"
"textures\icons\improvement tax collectors icon.ddt","4",".ddt"
"textures\icons\improvement temple of healing icon 64.ddt","4",".ddt"
"textures\icons\improvement temple of healing icon.ddt","4",".ddt"
"textures\icons\improvement thoth icon.ddt","4",".ddt"
"textures\icons\improvement thracian horses icon 64.ddt","4",".ddt"
"textures\icons\improvement thracian horses icon.ddt","4",".ddt"
"textures\icons\improvement thundering hooves icon 64.ddt","4",".ddt"
"textures\icons\improvement thundering hooves icon.ddt","4",".ddt"
"textures\icons\improvement thurisaz rune icon 64.ddt","4",".ddt"
"textures\icons\improvement thurisaz rune icon.ddt","4",".ddt"
"textures\icons\improvement tiger spirit icon.ddt","3.6",".ddt"
"textures\icons\improvement titan shield icons 32.ddt","4",".ddt"
"textures\icons\improvement titan shield icons 64.ddt","4",".ddt"
"textures\icons\improvement tower garrison icon.ddt","1.5",".ddt"
"textures\icons\improvement town bell icon.ddt","1.3",".ddt"
"textures\icons\improvement trierarch icon 64.ddt","4",".ddt"
"textures\icons\improvement trierarch icon.ddt","4",".ddt"
"textures\icons\improvement tusks of apedemak icon 64.ddt","4",".ddt"
"textures\icons\improvement tusks of apedemak icon.ddt","4",".ddt"
"textures\icons\improvement tyr icon.ddt","4",".ddt"
"textures\icons\improvement unbrideled anger icon.ddt","7.4",".ddt"
"textures\icons\improvement ungarrison icon.ddt","1.1",".ddt"
"textures\icons\improvement valley of the kings icon 64.ddt","4",".ddt"
"textures\icons\improvement valley of the kings icon.ddt","4",".ddt"
"textures\icons\improvement vengeance icon 64.ddt","4",".ddt"
"textures\icons\improvement vengeance icon.ddt","4",".ddt"
"textures\icons\improvement volcanic forge icons 32.ddt","4",".ddt"
"textures\icons\improvement volcanic forge icons 64.ddt","4",".ddt"
"textures\icons\improvement watch tower icon 64.ddt","4",".ddt"
"textures\icons\improvement watch tower icon.ddt","4",".ddt"
"textures\icons\improvement wealth of erebus icon 64.ddt","4",".ddt"
"textures\icons\improvement wealth of erebus icon.ddt","4",".ddt"
"textures\icons\improvement weapon of the titans icon 64.ddt","4",".ddt"
"textures\icons\improvement weapon of the titans icon.ddt","4",".ddt"
"textures\icons\improvement weightless mace icons 32.ddt","4",".ddt"
"textures\icons\improvement weightless mace icons 64.ddt","4",".ddt"
"textures\icons\improvement wheelbarrow icon.ddt","5",".ddt"
"textures\icons\improvement will of kronos icon 64.ddt","4",".ddt"
"textures\icons\improvement will of kronos icon.ddt","4",".ddt"
"textures\icons\improvement winged messenger icon 64.ddt","4",".ddt"
"textures\icons\improvement winged messenger icon.ddt","4",".ddt"
"textures\icons\improvement wrath of the deep icon 64.ddt","4",".ddt"
"textures\icons\improvement wrath of the deep icon.ddt","4",".ddt"
"textures\icons\improvement xiwangmu icon.ddt","12.3",".ddt"
"textures\icons\improvement zhongkui icon.ddt","11.4",".ddt"
"textures\icons\infantry c guardsman icon.ddt","2",".ddt"
"textures\icons\infantry c halberdier icon.ddt","6.1",".ddt"
"textures\icons\infantry e axeman icon 64.ddt","4",".ddt"
"textures\icons\infantry e axeman icon.ddt","4",".ddt"
"textures\icons\infantry e khopesh icon.ddt","4.4",".ddt"
"textures\icons\infantry e mercenary icon 64.ddt","4",".ddt"
"textures\icons\infantry e mercenary icon.ddt","4",".ddt"
"textures\icons\infantry e spearman icon 64.ddt","4",".ddt"
"textures\icons\infantry e spearman icon.ddt","4",".ddt"
"textures\icons\infantry g hoplite icon 64.ddt","4",".ddt"
"textures\icons\infantry g hoplite icon.ddt","4",".ddt"
"textures\icons\infantry g hypaspist icon 64.ddt","4",".ddt"
"textures\icons\infantry g hypaspist icon.ddt","4",".ddt"
"textures\icons\infantry g militia icon 64.ddt","4",".ddt"
"textures\icons\infantry g militia icon.ddt","4",".ddt"
"textures\icons\infantry g myrmidon icon 64.ddt","4",".ddt"
"textures\icons\infantry g myrmidon icon.ddt","4",".ddt"
"textures\icons\infantry n bondi icon 64.ddt","4",".ddt"
"textures\icons\infantry n bondi icon.ddt","4",".ddt"
"textures\icons\infantry n giant icon.ddt","1.5",".ddt"
"textures\icons\infantry n hero icon.ddt","1.4",".ddt"
"textures\icons\infantry n hirdman icon.ddt","1.4",".ddt"
"textures\icons\infantry n huskarl icon 64.ddt","4",".ddt"
"textures\icons\infantry n huskarl icon.ddt","4",".ddt"
"textures\icons\infantry n skult icon 64.ddt","4",".ddt"
"textures\icons\infantry n skult icon.ddt","4",".ddt"
"textures\icons\infantry n ulfsark icon 64.ddt","4",".ddt"
"textures\icons\infantry n ulfsark icon.ddt","4",".ddt"
"textures\icons\infantry x fanatic hero icons 32.ddt","4",".ddt"
"textures\icons\infantry x fanatic hero icons 64.ddt","4",".ddt"
"textures\icons\infantry x fanatic icons 32.ddt","4",".ddt"
"textures\icons\infantry x fanatic icons 64.ddt","4",".ddt"
"textures\icons\infantry x maceman hero icons 32.ddt","4",".ddt"
"textures\icons\infantry x maceman hero icons 64.ddt","4",".ddt"
"textures\icons\infantry x maceman icons 32.ddt","4",".ddt"
"textures\icons\infantry x maceman icons 64.ddt","4",".ddt"
"textures\icons\infantry x murmillo hero icons 32.ddt","4",".ddt"
"textures\icons\infantry x murmillo hero icons 64.ddt","4",".ddt"
"textures\icons\infantry x murmillo icons 32.ddt","4",".ddt"
"textures\icons\infantry x murmillo icons 64.ddt","4",".ddt"
"textures\icons\infantry x oracle hero icons 32.ddt","4",".ddt"
"textures\icons\infantry x oracle hero icons 64.ddt","4",".ddt"
"textures\icons\infantry x oracle icons 32.ddt","4",".ddt"
"textures\icons\infantry x oracle icons 64.ddt","4",".ddt"
"textures\icons\infantry x protector hero icons 32.ddt","4",".ddt"
"textures\icons\infantry x protector hero icons 64.ddt","4",".ddt"
"textures\icons\infantry x protector icons 32.ddt","4",".ddt"
"textures\icons\infantry x protector icons 64.ddt","4",".ddt"
"textures\icons\ism.ddt","0.1",".ddt"
"textures\icons\line of sight.ddt","1.7",".ddt"
"textures\icons\menuicon.ddt","0.9",".ddt"
"textures\icons\myth unit icon 32x32.ddt","1.5",".ddt"
"textures\icons\n charge bar.ddt","0.5",".ddt"
"textures\icons\passive active.ddt","1.6",".ddt"
"textures\icons\passive.ddt","1",".ddt"
"textures\icons\postgame titan gate.ddt","0.1",".ddt"
"textures\icons\quit.ddt","0.4",".ddt"
"textures\icons\relic animal part icon 64.ddt","4",".ddt"
"textures\icons\relic animal part icon.ddt","4",".ddt"
"textures\icons\relic armor icon 64.ddt","4",".ddt"
"textures\icons\relic armor icon.ddt","4",".ddt"
"textures\icons\relic chest icon 64.ddt","4",".ddt"
"textures\icons\relic chest icon.ddt","4",".ddt"
"textures\icons\relic shield icon 64.ddt","4",".ddt"
"textures\icons\relic shield icon.ddt","4",".ddt"
"textures\icons\relic vase icon 64.ddt","4",".ddt"
"textures\icons\relic vase icon.ddt","4",".ddt"
"textures\icons\relic weapons icon 64.ddt","4",".ddt"
"textures\icons\relic weapons icon.ddt","4",".ddt"
"textures\icons\scenario arkantos icon 64.ddt","4",".ddt"
"textures\icons\scenario arkantos icon.ddt","4",".ddt"
"textures\icons\scenario boulder wall icon 64.ddt","4",".ddt"
"textures\icons\scenario brokk icon 64.ddt","4",".ddt"
"textures\icons\scenario brokk icon.ddt","4",".ddt"
"textures\icons\scenario c danzhu icon.ddt","4.3",".ddt"
"textures\icons\scenario c jiaolong icon.ddt","5.1",".ddt"
"textures\icons\scenario c shun icon.ddt","5.6",".ddt"
"textures\icons\scenario c zhi icon.ddt","4.7",".ddt"
"textures\icons\scenario dig pile icon 64.ddt","4",".ddt"
"textures\icons\scenario eitri icon 64.ddt","4",".ddt"
"textures\icons\scenario eitri icon.ddt","4",".ddt"
"textures\icons\scenario excavation icon 64.ddt","4",".ddt"
"textures\icons\scenario folstag flag.ddt","4",".ddt"
"textures\icons\scenario folstag icon 64.ddt","4",".ddt"
"textures\icons\scenario folstag icon.ddt","4",".ddt"
"textures\icons\scenario g gargarensis icon 64.ddt","4",".ddt"
"textures\icons\scenario g gargarensis icon.ddt","4",".ddt"
"textures\icons\scenario g kamos icon 64.ddt","4",".ddt"
"textures\icons\scenario g kamos icon.ddt","4",".ddt"
"textures\icons\scenario g troy wall icon 64.ddt","4",".ddt"
"textures\icons\scenario g troy wall icon.ddt","4",".ddt"
"textures\icons\scenario god statue.ddt","4",".ddt"
"textures\icons\scenario hades gate icon 64.ddt","4",".ddt"
"textures\icons\scenario kemsyt icon 64.ddt","4",".ddt"
"textures\icons\scenario kemsyt icon.ddt","4",".ddt"
"textures\icons\scenario n greta forkbeard icon.ddt","4",".ddt"
"textures\icons\scenario n pirate ship icon 64.ddt","4",".ddt"
"textures\icons\scenario n reginleif icon 64.ddt","4",".ddt"
"textures\icons\scenario n reginleif icon.ddt","4",".ddt"
"textures\icons\scenario sign icon 64.ddt","4",".ddt"
"textures\icons\scenario sign icon.ddt","4",".ddt"
"textures\icons\scenario sleeping guardian icon 64.ddt","4",".ddt"
"textures\icons\scenario sleeping guardian icon.ddt","4",".ddt"
"textures\icons\scenario swordbearers icon 64.ddt","4",".ddt"
"textures\icons\scenario swordbearers icon.ddt","4",".ddt"
"textures\icons\scenario tamarisk tree icon 64.ddt","4",".ddt"
"textures\icons\scenario taproot icon 64.ddt","4",".ddt"
"textures\icons\scenario theocrat icon 64.ddt","4",".ddt"
"textures\icons\scenario thors hammer icon 64.ddt","4",".ddt"
"textures\icons\scenario trident icon 64.ddt","4",".ddt"
"textures\icons\scenario troy wall icon 64.ddt","4",".ddt"
"textures\icons\scenario x folstag icons 32.ddt","4",".ddt"
"textures\icons\scenario x folstag icons 64.ddt","4",".ddt"
"textures\icons\scenario x gaia pool icons 32.ddt","4",".ddt"
"textures\icons\scenario x gaia pool icons 64.ddt","4",".ddt"
"textures\icons\scenario x general icons 32.ddt","4",".ddt"
"textures\icons\scenario x general icons 64.ddt","4",".ddt"
"textures\icons\scenario x kastor icons 32.ddt","4",".ddt"
"textures\icons\scenario x kastor icons 64.ddt","4",".ddt"
"textures\icons\scenario x kronny icons 32.ddt","4",".ddt"
"textures\icons\scenario x kronny icons 64.ddt","4",".ddt"
"textures\icons\scenario x statue chimera icons.ddt","4",".ddt"
"textures\icons\scenario x statue cyclops icons.ddt","4",".ddt"
"textures\icons\scenario x statue general icons.ddt","4",".ddt"
"textures\icons\scenario x statue hydra icons.ddt","4",".ddt"
"textures\icons\scenario x statue manticore icons.ddt","4",".ddt"
"textures\icons\scenario x statue nemean lion icons.ddt","4",".ddt"
"textures\icons\scenario x statue valkyrie icons.ddt","4",".ddt"
"textures\icons\scenario x summoning tree icons.ddt","4",".ddt"
"textures\icons\scenario x titan kronos icons 32.ddt","4",".ddt"
"textures\icons\scenario x titan kronos icons 64.ddt","4",".ddt"
"textures\icons\scenerio x statue chimera icons.ddt","4",".ddt"
"textures\icons\seige_camp.ddt","1.2",".ddt"
"textures\icons\sellfood.ddt","1.7",".ddt"
"textures\icons\sellwood.ddt","1.7",".ddt"
"textures\icons\siege ballista icon.ddt","1.3",".ddt"
"textures\icons\siege c fire lance icon.DDT","5.5",".DDT"
"textures\icons\siege c sitting tiger icon.ddt","4.6",".ddt"
"textures\icons\siege catapult icon 64.ddt","4",".ddt"
"textures\icons\siege catapult icon.ddt","4",".ddt"
"textures\icons\siege e catapult icon 64.ddt","4",".ddt"
"textures\icons\siege e catapult icon.ddt","4",".ddt"
"textures\icons\siege e siege tower icon 64.ddt","4",".ddt"
"textures\icons\siege e siege tower icon.ddt","4",".ddt"
"textures\icons\siege e tower icon.ddt","1.1",".ddt"
"textures\icons\siege g helepolis icon 64.ddt","4",".ddt"
"textures\icons\siege g helepolis icon.ddt","4",".ddt"
"textures\icons\siege g petrobolos icon 64.ddt","4",".ddt"
"textures\icons\siege g petrobolos icon.ddt","4",".ddt"
"textures\icons\siege g tower icon.ddt","1.1",".ddt"
"textures\icons\siege n ballista icon 64.ddt","4",".ddt"
"textures\icons\siege n ballista icon.ddt","4",".ddt"
"textures\icons\siege n catapult icon.ddt","1.4",".ddt"
"textures\icons\siege n portable ram icon 64.ddt","4",".ddt"
"textures\icons\siege n portable ram icon.ddt","4",".ddt"
"textures\icons\siege n tower icon.ddt","1.2",".ddt"
"textures\icons\siege portable ram icon.ddt","0.9",".ddt"
"textures\icons\siege tower icon.ddt","1.6",".ddt"
"textures\icons\siege trojan horse icon 64.ddt","4",".ddt"
"textures\icons\siege trojan horse icon.ddt","4",".ddt"
"textures\icons\siege x chieroballista icons 32.ddt","4",".ddt"
"textures\icons\siege x chieroballista icons 64.ddt","4",".ddt"
"textures\icons\siege x fire siphon icons 32.ddt","4",".ddt"
"textures\icons\siege x fire siphon icons 64.ddt","4",".ddt"
"textures\icons\siege x onager icon.ddt","4.2",".ddt"
"textures\icons\spcx kastor icon 32.ddt","4",".ddt"
"textures\icons\spcx kastor icon 64.ddt","4",".ddt"
"textures\icons\spear 1_ico.ddt","0.5",".ddt"
"textures\icons\spear 2_ico.ddt","1",".ddt"
"textures\icons\special a titan promethean icon 64.ddt","4",".ddt"
"textures\icons\special c azure dragon icon.DDT","5.1",".DDT"
"textures\icons\special c black tortoise icon.DDT","2",".DDT"
"textures\icons\special c dragon turtle icon.ddt","12.8",".ddt"
"textures\icons\special c earth dragon icon.DDT","6.4",".DDT"
"textures\icons\special c jiangshi icon.DDT","6.4",".DDT"
"textures\icons\special c monkey king icon.DDT","7.9",".DDT"
"textures\icons\special c pixiu icon.DDT","8.4",".DDT"
"textures\icons\special c qilin icon.DDT","6.8",".DDT"
"textures\icons\special c terracotta soldier icon.DDT","6.7",".DDT"
"textures\icons\special c titan icon.ddt","7.1",".ddt"
"textures\icons\special c vermilion bird icon.DDT","5.7",".DDT"
"textures\icons\special c war salamander icon.DDT","11.7",".DDT"
"textures\icons\special c white tiger icon.DDT","7.2",".DDT"
"textures\icons\special e amanra icon 64.ddt","4",".ddt"
"textures\icons\special e amanra icon.ddt","4",".ddt"
"textures\icons\special e anubite icon 64.ddt","4",".ddt"
"textures\icons\special e anubite icon.ddt","4",".ddt"
"textures\icons\special e avenger icon 64.ddt","4",".ddt"
"textures\icons\special e avenger icon.ddt","4",".ddt"
"textures\icons\special e chimera icon 64.ddt","4",".ddt"
"textures\icons\special e chimera icon.ddt","4",".ddt"
"textures\icons\special e leviathan icon 64.ddt","4",".ddt"
"textures\icons\special e leviathan icon.ddt","4",".ddt"
"textures\icons\special e mercenary cavalry icon 64.ddt","4",".ddt"
"textures\icons\special e mercenary cavalry icon.ddt","4",".ddt"
"textures\icons\special e mercenary icon 64.ddt","4",".ddt"
"textures\icons\special e mercenary icon.ddt","4",".ddt"
"textures\icons\special e minion icon 64.ddt","4",".ddt"
"textures\icons\special e minion icon.ddt","4",".ddt"
"textures\icons\special e mummy icon 64.ddt","4",".ddt"
"textures\icons\special e mummy icon.ddt","4",".ddt"
"textures\icons\special e osiris box icon 64.ddt","4",".ddt"
"textures\icons\special e petosuchus icon 64.ddt","4",".ddt"
"textures\icons\special e petosuchus icon.ddt","4",".ddt"
"textures\icons\special e pharaoh icon 64.ddt","4",".ddt"
"textures\icons\special e pharaoh icon.ddt","4",".ddt"
"textures\icons\special e phoenix egg icon 64.ddt","4",".ddt"
"textures\icons\special e phoenix egg icon.ddt","4",".ddt"
"textures\icons\special e phoenix icon 64.ddt","4",".ddt"
"textures\icons\special e phoenix icon.ddt","4",".ddt"
"textures\icons\special e priest icon 64.ddt","4",".ddt"
"textures\icons\special e priest icon.ddt","4",".ddt"
"textures\icons\special e roc icon 64.ddt","4",".ddt"
"textures\icons\special e roc icon.ddt","4",".ddt"
"textures\icons\special e scarab icon 64.ddt","4",".ddt"
"textures\icons\special e scarab icon.ddt","4",".ddt"
"textures\icons\special e scorpion man icon.ddt","4",".ddt"
"textures\icons\special e scorpionman icon 64.ddt","4",".ddt"
"textures\icons\special e scorpionman icon.ddt","4",".ddt"
"textures\icons\special e serpent icon 64.ddt","4",".ddt"
"textures\icons\special e serpent icon.ddt","4",".ddt"
"textures\icons\special e setna icon 64.ddt","4",".ddt"
"textures\icons\special e setna icon.ddt","4",".ddt"
"textures\icons\special e shaba ka icon 64.ddt","4",".ddt"
"textures\icons\special e shaba ka icon.ddt","4",".ddt"
"textures\icons\special e son of osiris icon 64.ddt","4",".ddt"
"textures\icons\special e son of osiris icon.ddt","4",".ddt"
"textures\icons\special e sphinx icon 64.ddt","4",".ddt"
"textures\icons\special e sphinx icon.ddt","4",".ddt"
"textures\icons\special e vulture icon 64.ddt","4",".ddt"
"textures\icons\special e vulture icon.ddt","4",".ddt"
"textures\icons\special e wadjet icon 64.ddt","4",".ddt"
"textures\icons\special e wadjet icon.ddt","4",".ddt"
"textures\icons\special g agamemnon icon 64.ddt","4",".ddt"
"textures\icons\special g agamemnon icon.ddt","4",".ddt"
"textures\icons\special g argo icon 64.ddt","4",".ddt"
"textures\icons\special g argo icon.ddt","4",".ddt"
"textures\icons\special g arkantos icon 64.ddt","4",".ddt"
"textures\icons\special g arkantos icon.ddt","4",".ddt"
"textures\icons\special g bronze colossus icon 64.ddt","4",".ddt"
"textures\icons\special g bronze colossus icon.ddt","4",".ddt"
"textures\icons\special g carcinos icon 64.ddt","4",".ddt"
"textures\icons\special g carcinos icon.ddt","4",".ddt"
"textures\icons\special g centaur icon 64.ddt","4",".ddt"
"textures\icons\special g centaur icon.ddt","4",".ddt"
"textures\icons\special g chimera icon 64.ddt","4",".ddt"
"textures\icons\special g chimera icon.ddt","4",".ddt"
"textures\icons\special g circe icon 64.ddt","4",".ddt"
"textures\icons\special g circe icon.ddt","4",".ddt"
"textures\icons\special g colossus icon 64.ddt","4",".ddt"
"textures\icons\special g colossus icon.ddt","4",".ddt"
"textures\icons\special g copper colossus icon 64.ddt","4",".ddt"
"textures\icons\special g copper colossus icon.ddt","4",".ddt"
"textures\icons\special g cyclops icon 64.ddt","4",".ddt"
"textures\icons\special g cyclops icon.ddt","4",".ddt"
"textures\icons\special g god statue icon 64.ddt","4",".ddt"
"textures\icons\special g griffon icon.ddt","1.2",".ddt"
"textures\icons\special g hades ram icon 64.ddt","4",".ddt"
"textures\icons\special g harpy icon.ddt","1.4",".ddt"
"textures\icons\special g hippocampus icon 64.ddt","4",".ddt"
"textures\icons\special g hippocampus icon.ddt","4",".ddt"
"textures\icons\special g hydra icon 64.ddt","4",".ddt"
"textures\icons\special g hydra icon.ddt","4",".ddt"
"textures\icons\special g iron colossus icon 64.ddt","4",".ddt"
"textures\icons\special g iron colossus icon.ddt","4",".ddt"
"textures\icons\special g kastor icon 64.ddt","4",".ddt"
"textures\icons\special g kastor icon.ddt","4",".ddt"
"textures\icons\special g manticore icon 64.ddt","4",".ddt"
"textures\icons\special g manticore icon.ddt","4",".ddt"
"textures\icons\special g medusa icon 64.ddt","4",".ddt"
"textures\icons\special g medusa icon.ddt","4",".ddt"
"textures\icons\special g minotaur icon 64.ddt","4",".ddt"
"textures\icons\special g minotaur icon.ddt","4",".ddt"
"textures\icons\special g nemean lion icon 64.ddt","4",".ddt"
"textures\icons\special g nemean lion icon.ddt","4",".ddt"
"textures\icons\special g pegasus icon 64.ddt","4",".ddt"
"textures\icons\special g pegasus icon.ddt","4",".ddt"
"textures\icons\special g scylla icon 64.ddt","4",".ddt"
"textures\icons\special g scylla icon.ddt","4",".ddt"
"textures\icons\special g sea turtle icon 64.ddt","4",".ddt"
"textures\icons\special g sea turtle icon.ddt","4",".ddt"
"textures\icons\special g shade icon 64.ddt","4",".ddt"
"textures\icons\special g shade icon.ddt","4",".ddt"
"textures\icons\special kraken bits icon 64.ddt","4",".ddt"
"textures\icons\special n battle boar icon 64.ddt","4",".ddt"
"textures\icons\special n battle boar icon.ddt","4",".ddt"
"textures\icons\special n einheriar icon 64.ddt","4",".ddt"
"textures\icons\special n einheriar icon.ddt","4",".ddt"
"textures\icons\special n fenris wolf icon 64.ddt","4",".ddt"
"textures\icons\special n fenris wolf icon.ddt","4",".ddt"
"textures\icons\special n fire giant icon 64.ddt","4",".ddt"
"textures\icons\special n fire giant icon.ddt","4",".ddt"
"textures\icons\special n frost giant icon 64.ddt","4",".ddt"
"textures\icons\special n frost giant icon.ddt","4",".ddt"
"textures\icons\special n jormund brood icon 64.ddt","4",".ddt"
"textures\icons\special n jormund brood icon.ddt","4",".ddt"
"textures\icons\special n kraken icon 64.ddt","4",".ddt"
"textures\icons\special n kraken icon.ddt","4",".ddt"
"textures\icons\special n mountain giant icon 64.ddt","4",".ddt"
"textures\icons\special n mountain giant icon.ddt","4",".ddt"
"textures\icons\special n nidhogg icon 64.ddt","4",".ddt"
"textures\icons\special n nidhogg icon.ddt","4",".ddt"
"textures\icons\special n raven icon 64.ddt","4",".ddt"
"textures\icons\special n raven icon.ddt","4",".ddt"
"textures\icons\special n titan.ddt","1.3",".ddt"
"textures\icons\special n troll icon 64.ddt","4",".ddt"
"textures\icons\special n trollkarien icon.ddt","4",".ddt"
"textures\icons\special n valkyrie icon 64.ddt","4",".ddt"
"textures\icons\special n valkyrie icon.ddt","4",".ddt"
"textures\icons\special x argus icons 32.ddt","4",".ddt"
"textures\icons\special x argus icons 64.ddt","4",".ddt"
"textures\icons\special x atlantean titan icons 32.ddt","4",".ddt"
"textures\icons\special x atlantean titan icons 64.ddt","4",".ddt"
"textures\icons\special x automaton icons 32.ddt","4",".ddt"
"textures\icons\special x automaton icons 64.ddt","4",".ddt"
"textures\icons\special x behemoth icons 32.ddt","4",".ddt"
"textures\icons\special x behemoth icons 64.ddt","4",".ddt"
"textures\icons\special x flying medic icons 32.ddt","4",".ddt"
"textures\icons\special x flying medic icons 64.ddt","4",".ddt"
"textures\icons\special x gate spawn icons 32.ddt","4",".ddt"
"textures\icons\special x gate spawn icons 64.ddt","4",".ddt"
"textures\icons\special x heka gigantes icons 32.ddt","4",".ddt"
"textures\icons\special x heka gigantes icons 64.ddt","4",".ddt"
"textures\icons\special x lampades icons 32.ddt","4",".ddt"
"textures\icons\special x lampades icons 64.ddt","4",".ddt"
"textures\icons\special x man o war icons 32.ddt","4",".ddt"
"textures\icons\special x man o war icons 64.ddt","4",".ddt"
"textures\icons\special x nereid icons 32.ddt","4",".ddt"
"textures\icons\special x nereid icons 64.ddt","4",".ddt"
"textures\icons\special x neyeid icons 32.ddt","4",".ddt"
"textures\icons\special x neyeid icons 64.ddt","4",".ddt"
"textures\icons\special x promethean icons 32.ddt","4",".ddt"
"textures\icons\special x promethean icons 64.ddt","4",".ddt"
"textures\icons\special x promethean small icons 32.ddt","4",".ddt"
"textures\icons\special x promethean small icons 64.ddt","4",".ddt"
"textures\icons\special x satyr icons 32.ddt","4",".ddt"
"textures\icons\special x satyr icons 64.ddt","4",".ddt"
"textures\icons\special x servant icons 32.ddt","4",".ddt"
"textures\icons\special x servant icons 64.ddt","4",".ddt"
"textures\icons\special x small promethean icons 32.ddt","4",".ddt"
"textures\icons\special x small promethean icons 64.ddt","4",".ddt"
"textures\icons\special x small promethian icons 32.ddt","4",".ddt"
"textures\icons\special x small promethian icons 64.ddt","4",".ddt"
"textures\icons\special x stymphalian bird icons 32.ddt","4",".ddt"
"textures\icons\special x stymphalian bird icons 64.ddt","4",".ddt"
"textures\icons\special x titan egyptian 64.ddt","4",".ddt"
"textures\icons\special x titan gaia icons 32.ddt","4",".ddt"
"textures\icons\special x titan gaia icons 64.ddt","4",".ddt"
"textures\icons\special x titan greek 64.ddt","4",".ddt"
"textures\icons\special x titan icons 32.ddt","4",".ddt"
"textures\icons\special x titan icons 64.ddt","4",".ddt"
"textures\icons\special x titan norse 64.ddt","4",".ddt"
"textures\icons\star.ddt","0.3",".ddt"
"textures\icons\trade c caravan icon.DDT","8.1",".DDT"
"textures\icons\trade c caravan.ddt","0.5",".ddt"
"textures\icons\trade e caravan icon 64.ddt","4",".ddt"
"textures\icons\trade e caravan icon.ddt","4",".ddt"
"textures\icons\trade g caravan icon 64.ddt","4",".ddt"
"textures\icons\trade g caravan icon.ddt","4",".ddt"
"textures\icons\trade n caravan icon 64.ddt","4",".ddt"
"textures\icons\trade n caravan icon.ddt","4",".ddt"
"textures\icons\trade x caravan icons 32.ddt","4",".ddt"
"textures\icons\trade x caravan icons 64.ddt","4",".ddt"
"textures\icons\ui minimap combat in.ddt","1.3",".ddt"
"textures\icons\ui minimap combat.ddt","0.9",".ddt"
"textures\icons\ui minimap default .ddt","0.9",".ddt"
"textures\icons\ui minimap default in.ddt","1.2",".ddt"
"textures\icons\ui minimap default.ddt","1.2",".ddt"
"textures\icons\ui minimap flare in.ddt","0.9",".ddt"
"textures\icons\ui minimap flare.ddt","0.9",".ddt"
"textures\icons\ui minimap home in.ddt","1.2",".ddt"
"textures\icons\ui minimap home.ddt","1.2",".ddt"
"textures\icons\ui minimap resource in.ddt","1.3",".ddt"
"textures\icons\ui minimap resource.ddt","0.9",".ddt"
"textures\icons\ui_egyptian_button.ddt","6.5",".ddt"
"textures\icons\ui_egyptian_dialog_box.ddt","9.5",".ddt"
"textures\icons\ui_egyptian_dialog_button.ddt","9.5",".ddt"
"textures\icons\ui_e_furledbanner.ddt","0.7",".ddt"
"textures\icons\ui_e_menuicon.ddt","0.9",".ddt"
"textures\icons\ui_generic_button.ddt","5.1",".ddt"
"textures\icons\ui_generic_chat.ddt","0.6",".ddt"
"textures\icons\ui_generic_dialog_button.ddt","5.1",".ddt"
"textures\icons\ui_generic_diplomacy.ddt","0.4",".ddt"
"textures\icons\ui_generic_diplomacy_allied.ddt","0.3",".ddt"
"textures\icons\ui_generic_diplomacy_enemy.ddt","0.3",".ddt"
"textures\icons\ui_generic_diplomacy_neutral.ddt","0.4",".ddt"
"textures\icons\ui_generic_diplomacy_self.ddt","0.2",".ddt"
"textures\icons\ui_generic_minimap_rotation.ddt","0.6",".ddt"
"textures\icons\ui_g_furledbanner.ddt","0.7",".ddt"
"textures\icons\ui_n_furledbanner.ddt","0.6",".ddt"
"textures\icons\ui_n_maprotate.ddt","0.9",".ddt"
"textures\icons\ui_n_menuicon.ddt","0.9",".ddt"
"textures\icons\ui_n_minimize_arrow_button.ddt","1",".ddt"
"textures\icons\ui_n_minimize_arrow_holder.ddt","0.1",".ddt"
"textures\icons\ui_x_furledbanner.ddt","1",".ddt"
"textures\icons\ui_x_title_titan.ddt","9.3",".ddt"
"textures\icons\unit argus icons 32.ddt","4",".ddt"
"textures\icons\unit argus icons 64.ddt","4",".ddt"
"textures\icons\unit e archer icon.ddt","1.2",".ddt"
"textures\icons\unit e axeman icon.ddt","1.1",".ddt"
"textures\icons\unit e pharaoh icon 64.ddt","4",".ddt"
"textures\icons\unit e pharaoh icon.ddt","4",".ddt"
"textures\icons\unit e priest icon 64.ddt","2.8",".ddt"
"textures\icons\unit e priest icon.ddt","1.2",".ddt"
"textures\icons\unit e villager icon.ddt","1",".ddt"
"textures\icons\unit g villager icon.ddt","1.1",".ddt"
"textures\icons\unit n villager icon.ddt","1.2",".ddt"
"textures\icons\vengence_ico.ddt","1.3",".ddt"
"textures\icons\villager c male icon.ddt","4.4",".ddt"
"textures\icons\villager e male icon 64.ddt","4",".ddt"
"textures\icons\villager e male icon.ddt","4",".ddt"
"textures\icons\villager g male icon 64.ddt","4",".ddt"
"textures\icons\villager g male icon.ddt","4",".ddt"
"textures\icons\villager n dwarf icon 64.ddt","4",".ddt"
"textures\icons\villager n dwarf icon.ddt","4",".ddt"
"textures\icons\villager n male icon 64.ddt","4",".ddt"
"textures\icons\villager n male icon.ddt","4",".ddt"
"textures\icons\villager n oxcart icon 64.ddt","4",".ddt"
"textures\icons\villager n oxcart icon.ddt","4",".ddt"
"textures\icons\villager x male hero icons 32.ddt","4",".ddt"
"textures\icons\villager x male hero icons 64.ddt","4",".ddt"
"textures\icons\villager x male icons 32.ddt","4",".ddt"
"textures\icons\villager x male icons 64.ddt","4",".ddt"
"textures\icons\villager.ddt","1.5",".ddt"
"textures\icons\wonder.ddt","0.1",".ddt"
"textures\icons\wood 64.ddt","4",".ddt"
"textures\icons\wood.ddt","4",".ddt"
"textures\icons\world berry bush icon 64.ddt","4",".ddt"
"textures\icons\world column icon 64.ddt","4",".ddt"
"textures\icons\world dead tree icon 64.ddt","4",".ddt"
"textures\icons\world hawk icon 64.ddt","4",".ddt"
"textures\icons\world obelisk icon 64.ddt","4",".ddt"
"textures\icons\world tent icon 64.ddt","4",".ddt"
"textures\icons\world torch icon 64.ddt","4",".ddt"
"textures\terrain\2vdblendcircle2bh.ddt","0.9",".ddt"
"textures\terrain\2vdblendcircle3bh.ddt","1.1",".ddt"
"textures\terrain\2vdblendcirclebh.ddt","0.9",".ddt"
"textures\terrain\2vdblendcorner2bh.ddt","0.3",".ddt"
"textures\terrain\2vdblendcornerbh.ddt","0.5",".ddt"
"textures\terrain\2vdblendedge4bh.ddt","0.4",".ddt"
"textures\terrain\2vdblendedge5bh.ddt","0.4",".ddt"
"textures\terrain\2vdblendedge6bh.ddt","0.4",".ddt"
"textures\terrain\2vdblendedge7bh.ddt","0.4",".ddt"
"textures\terrain\2vdblendedgebh.ddt","0.4",".ddt"
"textures\terrain\2vdblendedgecornerbh.ddt","1.1",".ddt"
"textures\terrain\2vdblendedgetwocornersbh.ddt","1",".ddt"
"textures\terrain\2vdblendfourcornersbh.ddt","1.4",".ddt"
"textures\terrain\2vdblendlshape2bh.ddt","0.3",".ddt"
"textures\terrain\2vdblendlshapebh.ddt","0.4",".ddt"
"textures\terrain\2vdblendlshapecornerbh.ddt","0.9",".ddt"
"textures\terrain\2vdblendthreecornersbh.ddt","1",".ddt"
"textures\terrain\2vdblendtwocornersbh.ddt","0.7",".ddt"
"textures\terrain\2vdblendtwoedgesbh.ddt","1",".ddt"
"textures\terrain\2vdblendtwooppositecornersbh.ddt","1",".ddt"
"textures\terrain\2vdblendushapebh.ddt","0.3",".ddt"
"textures\terrain\alpha.ddt","0.3",".ddt"
"textures\terrain\black.ddt","0.3",".ddt"
"textures\terrain\blackrock.ddt","0.3",".ddt"
"textures\terrain\blackrock_gloss.ddt","1.4",".ddt"
"textures\terrain\blackrock_spec.ddt","0.6",".ddt"
"textures\terrain\blackwater.ddt","11.5",".ddt"
"textures\terrain\blackwater0001.ddt","40.2",".ddt"
"textures\terrain\blackwater0002.ddt","40.2",".ddt"
"textures\terrain\blackwater0003.ddt","40.1",".ddt"
"textures\terrain\blackwater0004.ddt","40.3",".ddt"
"textures\terrain\blackwater0005.ddt","40.1",".ddt"
"textures\terrain\blackwater0006.ddt","40.2",".ddt"
"textures\terrain\blackwater0007.ddt","40.1",".ddt"
"textures\terrain\blackwater0008.ddt","40.2",".ddt"
"textures\terrain\blackwater_spec.ddt","0.6",".ddt"
"textures\terrain\black_gloss.ddt","1.4",".ddt"
"textures\terrain\black_spec.ddt","0.6",".ddt"
"textures\terrain\blendcircle2bh.ddt","0.8",".ddt"
"textures\terrain\blendcircle3bh.ddt","0.8",".ddt"
"textures\terrain\blendcirclebh.ddt","0.7",".ddt"
"textures\terrain\blendcorner2bh.ddt","0.5",".ddt"
"textures\terrain\blendcorner2shorebh.ddt","0.5",".ddt"
"textures\terrain\blendcornerbh.ddt","0.5",".ddt"
"textures\terrain\blendcornercreep.ddt","0.4",".ddt"
"textures\terrain\blendcornercreep2.ddt","0.4",".ddt"
"textures\terrain\blendcornershore2bh.ddt","0.4",".ddt"
"textures\terrain\blendcornershorebh.ddt","0.4",".ddt"
"textures\terrain\blendedge4bh.ddt","1",".ddt"
"textures\terrain\blendedge5bh.ddt","1.1",".ddt"
"textures\terrain\blendedge6bh.ddt","1.1",".ddt"
"textures\terrain\blendedge7bh.ddt","1.1",".ddt"
"textures\terrain\blendedgebh.ddt","1.1",".ddt"
"textures\terrain\blendedgecornerbh.ddt","0.7",".ddt"
"textures\terrain\blendedgecreep.ddt","0.8",".ddt"
"textures\terrain\blendedgecreep2.ddt","0.8",".ddt"
"textures\terrain\blendedgecreep3.ddt","0.7",".ddt"
"textures\terrain\blendedgecreep4.ddt","0.6",".ddt"
"textures\terrain\blendedgecreep5.ddt","0.8",".ddt"
"textures\terrain\blendedgecreep6.ddt","1.1",".ddt"
"textures\terrain\blendedgeshore4bh.ddt","1.1",".ddt"
"textures\terrain\blendedgeshore5bh.ddt","1.1",".ddt"
"textures\terrain\blendedgeshore6bh.ddt","1",".ddt"
"textures\terrain\blendedgeshore7bh.ddt","1.1",".ddt"
"textures\terrain\blendedgeshorebh.ddt","1.1",".ddt"
"textures\terrain\blendedgetwocornersbh.ddt","1.1",".ddt"
"textures\terrain\blendfourcornersbh.ddt","0.8",".ddt"
"textures\terrain\blendlshape2bh.ddt","0.7",".ddt"
"textures\terrain\blendlshapebh.ddt","0.7",".ddt"
"textures\terrain\blendlshapecornerbh copy.ddt","1",".ddt"
"textures\terrain\blendlshapecornerbh.ddt","1",".ddt"
"textures\terrain\blendlshapeshore2bh.ddt","1",".ddt"
"textures\terrain\blendlshapeshorebh.ddt","1",".ddt"
"textures\terrain\blendthreecornersbh.ddt","0.8",".ddt"
"textures\terrain\blendtwocornersbh.ddt","0.7",".ddt"
"textures\terrain\blendtwoedgesbh.ddt","1.2",".ddt"
"textures\terrain\blendtwooppositecornersbh.ddt","1",".ddt"
"textures\terrain\blendushapebh.ddt","1",".ddt"
"textures\terrain\buildingfootprintgrass.ddt","95.4",".ddt"
"textures\terrain\buildingfootprintgrass_gloss.ddt","53.6",".ddt"
"textures\terrain\buildingfootprintgrass_nm.ddt","223.4",".ddt"
"textures\terrain\buildingfootprintgrass_spec.ddt","72.9",".ddt"
"textures\terrain\buildingfootprintsand.ddt","95.4",".ddt"
"textures\terrain\buildingfootprintsand_gloss.ddt","53.6",".ddt"
"textures\terrain\buildingfootprintsand_nm.ddt","223.4",".ddt"
"textures\terrain\buildingfootprintsand_spec.ddt","72.9",".ddt"
"textures\terrain\buildingfootprintsnow.ddt","95.4",".ddt"
"textures\terrain\buildingfootprintsnow_gloss.ddt","53.6",".ddt"
"textures\terrain\buildingfootprintsnow_nm.ddt","223.4",".ddt"
"textures\terrain\buildingfootprintsnow_spec.ddt","72.9",".ddt"
"textures\terrain\citytilea.ddt","113.2",".ddt"
"textures\terrain\citytileatlantis.ddt","118.1",".ddt"
"textures\terrain\citytileatlantiscoral.ddt","121.6",".ddt"
"textures\terrain\citytileatlantiscoral_gloss.ddt","49.4",".ddt"
"textures\terrain\citytileatlantiscoral_nm.ddt","216.3",".ddt"
"textures\terrain\citytileatlantiscoral_spec.ddt","75.5",".ddt"
"textures\terrain\citytileatlantis_gloss.ddt","50.1",".ddt"
"textures\terrain\citytileatlantis_nm.ddt","210.5",".ddt"
"textures\terrain\citytileatlantis_spec.ddt","67.7",".ddt"
"textures\terrain\citytilea_gloss.ddt","42.6",".ddt"
"textures\terrain\citytilea_nm.ddt","197.9",".ddt"
"textures\terrain\citytilea_spec.ddt","68.1",".ddt"
"textures\terrain\citytilewatercornera.ddt","1.6",".ddt"
"textures\terrain\citytilewatercornera_gloss.ddt","0.6",".ddt"
"textures\terrain\citytilewatercornera_nm.ddt","4.2",".ddt"
"textures\terrain\citytilewatercornera_spec.ddt","1.6",".ddt"
"textures\terrain\citytilewatercornerb.ddt","1.6",".ddt"
"textures\terrain\citytilewatercornerb_gloss.ddt","0.6",".ddt"
"textures\terrain\citytilewatercornerb_nm.ddt","2.3",".ddt"
"textures\terrain\citytilewatercornerb_spec.ddt","1.6",".ddt"
"textures\terrain\citytilewatercornerc.ddt","1.6",".ddt"
"textures\terrain\citytilewatercornerc_gloss.ddt","0.6",".ddt"
"textures\terrain\citytilewatercornerc_nm.ddt","2.3",".ddt"
"textures\terrain\citytilewatercornerc_spec.ddt","1.6",".ddt"
"textures\terrain\citytilewatercornerd.ddt","1.7",".ddt"
"textures\terrain\citytilewatercornerd_gloss.ddt","0.6",".ddt"
"textures\terrain\citytilewatercornerd_nm.ddt","2.4",".ddt"
"textures\terrain\citytilewatercornerd_spec.ddt","1.7",".ddt"
"textures\terrain\citytilewateredgea.ddt","10.4",".ddt"
"textures\terrain\citytilewateredgea_gloss.ddt","3.9",".ddt"
"textures\terrain\citytilewateredgea_nm.ddt","31.5",".ddt"
"textures\terrain\citytilewateredgea_spec.ddt","9.6",".ddt"
"textures\terrain\citytilewateredgeb.ddt","9.3",".ddt"
"textures\terrain\citytilewateredgeb_gloss.ddt","3",".ddt"
"textures\terrain\citytilewateredgeb_nm.ddt","14.4",".ddt"
"textures\terrain\citytilewateredgeb_spec.ddt","8.7",".ddt"
"textures\terrain\citytilewateredgeenda.ddt","1.6",".ddt"
"textures\terrain\citytilewateredgeenda_gloss.ddt","0.9",".ddt"
"textures\terrain\citytilewateredgeenda_nm.ddt","2.3",".ddt"
"textures\terrain\citytilewateredgeenda_spec.ddt","1.7",".ddt"
"textures\terrain\citytilewateredgeendb.ddt","1.6",".ddt"
"textures\terrain\citytilewateredgeendb_gloss.ddt","0.8",".ddt"
"textures\terrain\citytilewateredgeendb_nm.ddt","2.4",".ddt"
"textures\terrain\citytilewateredgeendb_spec.ddt","1.6",".ddt"
"textures\terrain\citytilewateredgeendc.ddt","1.6",".ddt"
"textures\terrain\citytilewateredgeendc_gloss.ddt","0.9",".ddt"
"textures\terrain\citytilewateredgeendc_nm.ddt","2.2",".ddt"
"textures\terrain\citytilewateredgeendc_spec.ddt","1.6",".ddt"
"textures\terrain\citytilewateredgeendd.ddt","1.6",".ddt"
"textures\terrain\citytilewateredgeendd_gloss.ddt","0.8",".ddt"
"textures\terrain\citytilewateredgeendd_nm.ddt","2.4",".ddt"
"textures\terrain\citytilewateredgeendd_spec.ddt","1.6",".ddt"
"textures\terrain\citytilewaterpool.ddt","19.2",".ddt"
"textures\terrain\citytilewaterpool_gloss.ddt","0.3",".ddt"
"textures\terrain\citytilewaterpool_nm.ddt","58.7",".ddt"
"textures\terrain\citytilewaterpool_spec.ddt","17.9",".ddt"
"textures\terrain\cliffa.ddt","119.7",".ddt"
"textures\terrain\cliffa_gloss.ddt","29.2",".ddt"
"textures\terrain\cliffa_nm.ddt","276.8",".ddt"
"textures\terrain\cliffa_spec.ddt","77.9",".ddt"
"textures\terrain\cliffegyptiana.ddt","120.1",".ddt"
"textures\terrain\cliffegyptiana_gloss.ddt","29.2",".ddt"
"textures\terrain\cliffegyptiana_nm.ddt","276.8",".ddt"
"textures\terrain\cliffegyptiana_spec.ddt","77.9",".ddt"
"textures\terrain\cliffegyptianb.ddt","130.9",".ddt"
"textures\terrain\cliffegyptianb_gloss.ddt","21.1",".ddt"
"textures\terrain\cliffegyptianb_nm.ddt","267.1",".ddt"
"textures\terrain\cliffegyptianb_spec.ddt","80.1",".ddt"
"textures\terrain\cliffgreeka.ddt","84.1",".ddt"
"textures\terrain\cliffgreeka_gloss.ddt","0.9",".ddt"
"textures\terrain\cliffgreeka_nm.ddt","197.9",".ddt"
"textures\terrain\cliffgreeka_spec.ddt","58",".ddt"
"textures\terrain\cliffgreekb.ddt","134.2",".ddt"
"textures\terrain\cliffgreekb_gloss.ddt","44.6",".ddt"
"textures\terrain\cliffgreekb_nm.ddt","224.5",".ddt"
"textures\terrain\cliffgreekb_spec.ddt","54.4",".ddt"
"textures\terrain\cliffJungleA.ddt","266.7",".ddt"
"textures\terrain\cliffJungleA_nm.ddt","242.6",".ddt"
"textures\terrain\cliffJungleB.ddt","267.7",".ddt"
"textures\terrain\cliffnorsea.ddt","128",".ddt"
"textures\terrain\cliffnorsea_gloss.ddt","105.7",".ddt"
"textures\terrain\cliffnorsea_nm.ddt","277.6",".ddt"
"textures\terrain\cliffnorsea_spec.ddt","92.8",".ddt"
"textures\terrain\cliffnorseb.ddt","121.4",".ddt"
"textures\terrain\cliffnorseb_gloss.ddt","87.2",".ddt"
"textures\terrain\cliffnorseb_nm.ddt","273.4",".ddt"
"textures\terrain\cliffnorseb_spec.ddt","84",".ddt"
"textures\terrain\cliffPlainA.ddt","135.1",".ddt"
"textures\terrain\cliffPlainA_nm.ddt","242.6",".ddt"
"textures\terrain\cliffPlainB.ddt","250.9",".ddt"
"textures\terrain\corala.ddt","115.1",".ddt"
"textures\terrain\corala_gloss.ddt","54.7",".ddt"
"textures\terrain\corala_nm.ddt","265.5",".ddt"
"textures\terrain\corala_spec.ddt","54.7",".ddt"
"textures\terrain\coralb.ddt","85.1",".ddt"
"textures\terrain\coralb_gloss.ddt","1.9",".ddt"
"textures\terrain\coralb_nm.ddt","284",".ddt"
"textures\terrain\coralb_spec.ddt","93",".ddt"
"textures\terrain\coralc.ddt","91.7",".ddt"
"textures\terrain\coralc2.ddt","90.8",".ddt"
"textures\terrain\coralc2_gloss.ddt","85",".ddt"
"textures\terrain\coralc2_nm.ddt","281.5",".ddt"
"textures\terrain\coralc2_spec.ddt","95.9",".ddt"
"textures\terrain\coralc_gloss.ddt","87.4",".ddt"
"textures\terrain\coralc_nm.ddt","275.7",".ddt"
"textures\terrain\coralc_spec.ddt","72.9",".ddt"
"textures\terrain\corald.ddt","87.6",".ddt"
"textures\terrain\corald_gloss.ddt","15.6",".ddt"
"textures\terrain\corald_nm.ddt","276.8",".ddt"
"textures\terrain\corald_spec.ddt","90.6",".ddt"
"textures\terrain\corale.ddt","124.4",".ddt"
"textures\terrain\corale_gloss.ddt","13.9",".ddt"
"textures\terrain\corale_nm.ddt","283.9",".ddt"
"textures\terrain\corale_spec.ddt","84.5",".ddt"
"textures\terrain\coralf.ddt","113.6",".ddt"
"textures\terrain\coralf_gloss.ddt","64.9",".ddt"
"textures\terrain\coralf_nm.ddt","238.5",".ddt"
"textures\terrain\coralf_spec.ddt","54.9",".ddt"
"textures\terrain\crust.ddt","74.4",".ddt"
"textures\terrain\crust_gloss.ddt","91.9",".ddt"
"textures\terrain\crust_nm.ddt","268",".ddt"
"textures\terrain\crust_spec.ddt","62.8",".ddt"
"textures\terrain\cutoutgreen.ddt","0.1",".ddt"
"textures\terrain\cutoutgreen_gloss.ddt","0.2",".ddt"
"textures\terrain\cutoutgreen_nm.ddt","0.2",".ddt"
"textures\terrain\cutoutgreen_spec.ddt","0.2",".ddt"
"textures\terrain\dam.ddt","189.5",".ddt"
"textures\terrain\dam_gloss.ddt","37.6",".ddt"
"textures\terrain\dam_nm.ddt","208.2",".ddt"
"textures\terrain\dam_spec.ddt","72.4",".ddt"
"textures\terrain\defaultNormal.ddt","0.5",".ddt"
"textures\terrain\defaultSpec.ddt","0.5",".ddt"
"textures\terrain\dirta.ddt","96.2",".ddt"
"textures\terrain\dirta_gloss.ddt","35.3",".ddt"
"textures\terrain\dirta_nm.ddt","255.1",".ddt"
"textures\terrain\dirta_spec.ddt","67",".ddt"
"textures\terrain\DirtB.ddt","197.6",".ddt"
"textures\terrain\DirtC.ddt","201.8",".ddt"
"textures\terrain\egyptianroada.ddt","118.2",".ddt"
"textures\terrain\egyptianroada_gloss.ddt","70.4",".ddt"
"textures\terrain\egyptianroada_nm.ddt","244.9",".ddt"
"textures\terrain\egyptianroada_spec.ddt","71.3",".ddt"
"textures\terrain\forestfloor.ddt","125.1",".ddt"
"textures\terrain\forestfloordeadpine.ddt","29.1",".ddt"
"textures\terrain\forestfloordeadpine_gloss.ddt","21.6",".ddt"
"textures\terrain\forestfloordeadpine_nm.ddt","68.6",".ddt"
"textures\terrain\forestfloordeadpine_spec.ddt","20.3",".ddt"
"textures\terrain\forestfloorgaia.ddt","133.5",".ddt"
"textures\terrain\forestfloorgaia_gloss.ddt","57.1",".ddt"
"textures\terrain\forestfloorgaia_nm.ddt","267",".ddt"
"textures\terrain\forestfloorgaia_spec.ddt","74.8",".ddt"
"textures\terrain\forestfloorJungle.ddt","227",".ddt"
"textures\terrain\forestfloormarsh.ddt","92.3",".ddt"
"textures\terrain\forestfloormarsh_gloss.ddt","59.2",".ddt"
"textures\terrain\forestfloormarsh_nm.ddt","234.6",".ddt"
"textures\terrain\forestfloormarsh_spec.ddt","69.2",".ddt"
"textures\terrain\forestflooroak.ddt","98.5",".ddt"
"textures\terrain\forestflooroak_gloss.ddt","84.9",".ddt"
"textures\terrain\forestflooroak_nm.ddt","116.7",".ddt"
"textures\terrain\forestflooroak_spec.ddt","84.9",".ddt"
"textures\terrain\forestfloorpalm.ddt","83.1",".ddt"
"textures\terrain\forestfloorpalm_gloss.ddt","97.9",".ddt"
"textures\terrain\forestfloorpalm_nm.ddt","240.9",".ddt"
"textures\terrain\forestfloorpalm_spec.ddt","78.5",".ddt"
"textures\terrain\forestfloorpine.ddt","91",".ddt"
"textures\terrain\forestfloorpinesnow.ddt","114",".ddt"
"textures\terrain\forestfloorpinesnow_gloss.ddt","87.2",".ddt"
"textures\terrain\forestfloorpinesnow_nm.ddt","267.1",".ddt"
"textures\terrain\forestfloorpinesnow_spec.ddt","85.6",".ddt"
"textures\terrain\forestfloorpine_gloss.ddt","58.7",".ddt"
"textures\terrain\forestfloorpine_nm.ddt","269",".ddt"
"textures\terrain\forestfloorpine_spec.ddt","71",".ddt"
"textures\terrain\forestfloorsavannah.ddt","79.3",".ddt"
"textures\terrain\forestfloorsavannah_gloss.ddt","29.1",".ddt"
"textures\terrain\forestfloorsavannah_nm.ddt","258.1",".ddt"
"textures\terrain\forestfloorsavannah_spec.ddt","67.3",".ddt"
"textures\terrain\forestfloortundra.ddt","103.3",".ddt"
"textures\terrain\forestfloortundra_gloss.ddt","43.7",".ddt"
"textures\terrain\forestfloortundra_nm.ddt","250.2",".ddt"
"textures\terrain\forestfloortundra_spec.ddt","75.9",".ddt"
"textures\terrain\forestfloor_gloss.ddt","58.7",".ddt"
"textures\terrain\forestfloor_nm.ddt","260.8",".ddt"
"textures\terrain\forestfloor_spec.ddt","71.1",".ddt"
"textures\terrain\gaiacreepa.ddt","134.7",".ddt"
"textures\terrain\gaiacreepasand.ddt","131.7",".ddt"
"textures\terrain\gaiacreepasand_gloss.ddt","64.9",".ddt"
"textures\terrain\gaiacreepasand_nm.ddt","275.2",".ddt"
"textures\terrain\gaiacreepasand_spec.ddt","70.3",".ddt"
"textures\terrain\gaiacreepasnow.ddt","132.2",".ddt"
"textures\terrain\gaiacreepasnow_gloss.ddt","51",".ddt"
"textures\terrain\gaiacreepasnow_nm.ddt","275.2",".ddt"
"textures\terrain\gaiacreepasnow_spec.ddt","77.8",".ddt"
"textures\terrain\gaiacreepa_gloss.ddt","11.5",".ddt"
"textures\terrain\gaiacreepa_nm.ddt","238.2",".ddt"
"textures\terrain\gaiacreepa_spec.ddt","70.5",".ddt"
"textures\terrain\gaiacreepb.ddt","143.6",".ddt"
"textures\terrain\gaiacreepborder.ddt","92.4",".ddt"
"textures\terrain\gaiacreepbordersand.ddt","125.7",".ddt"
"textures\terrain\gaiacreepbordersand_gloss.ddt","25.9",".ddt"
"textures\terrain\gaiacreepbordersand_nm.ddt","275.2",".ddt"
"textures\terrain\gaiacreepbordersand_spec.ddt","38",".ddt"
"textures\terrain\gaiacreepbordersnow.ddt","93",".ddt"
"textures\terrain\gaiacreepbordersnow_gloss.ddt","46.7",".ddt"
"textures\terrain\gaiacreepbordersnow_nm.ddt","275.2",".ddt"
"textures\terrain\gaiacreepbordersnow_spec.ddt","53.5",".ddt"
"textures\terrain\gaiacreepborder_gloss.ddt","50.9",".ddt"
"textures\terrain\gaiacreepborder_nm.ddt","261.7",".ddt"
"textures\terrain\gaiacreepborder_spec.ddt","65.4",".ddt"
"textures\terrain\gaiacreepb_gloss.ddt","48.4",".ddt"
"textures\terrain\gaiacreepb_nm.ddt","223.2",".ddt"
"textures\terrain\gaiacreepb_spec.ddt","76.9",".ddt"
"textures\terrain\grassa.ddt","129",".ddt"
"textures\terrain\grassa_gloss.ddt","68.6",".ddt"
"textures\terrain\grassa_nm.ddt","183.2",".ddt"
"textures\terrain\grassa_spec.ddt","40",".ddt"
"textures\terrain\grassb.ddt","202.4",".ddt"
"textures\terrain\grassb_gloss.ddt","29.2",".ddt"
"textures\terrain\grassb_nm.ddt","247.6",".ddt"
"textures\terrain\grassb_spec.ddt","69.4",".ddt"
"textures\terrain\grassdirt25.ddt","135.4",".ddt"
"textures\terrain\grassdirt25_gloss.ddt","49.6",".ddt"
"textures\terrain\grassdirt25_nm.ddt","240.9",".ddt"
"textures\terrain\grassdirt25_spec.ddt","69.3",".ddt"
"textures\terrain\grassdirt50.ddt","131.8",".ddt"
"textures\terrain\grassdirt50_gloss.ddt","77.8",".ddt"
"textures\terrain\grassdirt50_nm.ddt","247.3",".ddt"
"textures\terrain\grassdirt50_spec.ddt","70.1",".ddt"
"textures\terrain\grassdirt75.ddt","129",".ddt"
"textures\terrain\grassdirt75_gloss.ddt","65.2",".ddt"
"textures\terrain\grassdirt75_nm.ddt","231.7",".ddt"
"textures\terrain\grassdirt75_spec.ddt","71.2",".ddt"
"textures\terrain\greekroad burnt.ddt","112.5",".ddt"
"textures\terrain\greekroad burntb.ddt","105",".ddt"
"textures\terrain\greekroad burntb_gloss.ddt","102.5",".ddt"
"textures\terrain\greekroad burntb_nm.ddt","103.8",".ddt"
"textures\terrain\greekroad burntb_spec.ddt","38.4",".ddt"
"textures\terrain\greekroad burnt_gloss.ddt","103.7",".ddt"
"textures\terrain\greekroad burnt_nm.ddt","279.3",".ddt"
"textures\terrain\greekroad burnt_spec.ddt","81.9",".ddt"
"textures\terrain\greekroada.ddt","131.8",".ddt"
"textures\terrain\greekroada_gloss.ddt","42.8",".ddt"
"textures\terrain\greekroada_nm.ddt","244.9",".ddt"
"textures\terrain\greekroada_spec.ddt","68.3",".ddt"
"textures\terrain\hades1.ddt","104.4",".ddt"
"textures\terrain\hades1_gloss.ddt","89.4",".ddt"
"textures\terrain\hades1_nm.ddt","245.2",".ddt"
"textures\terrain\hades1_spec.ddt","82.3",".ddt"
"textures\terrain\hades2.ddt","115.5",".ddt"
"textures\terrain\hades2_gloss.ddt","98.5",".ddt"
"textures\terrain\hades2_nm.ddt","272.8",".ddt"
"textures\terrain\hades2_spec.ddt","47",".ddt"
"textures\terrain\hades3.ddt","82.6",".ddt"
"textures\terrain\hades3_emissive.ddt","31.1",".ddt"
"textures\terrain\hades3_gloss.ddt","115",".ddt"
"textures\terrain\hades3_nm.ddt","113.1",".ddt"
"textures\terrain\hades3_spec.ddt","19",".ddt"
"textures\terrain\hades4.ddt","94.8",".ddt"
"textures\terrain\hades4_emissive.ddt","45.2",".ddt"
"textures\terrain\hades4_gloss.ddt","77.5",".ddt"
"textures\terrain\hades4_nm.ddt","240.8",".ddt"
"textures\terrain\hades4_spec.ddt","95.5",".ddt"
"textures\terrain\hades5.ddt","105.9",".ddt"
"textures\terrain\hades5_emissive.ddt","35.7",".ddt"
"textures\terrain\hades5_gloss.ddt","65.1",".ddt"
"textures\terrain\hades5_nm.ddt","204.8",".ddt"
"textures\terrain\hades5_spec.ddt","90.8",".ddt"
"textures\terrain\hades6.ddt","29.3",".ddt"
"textures\terrain\hades6_gloss.ddt","22.9",".ddt"
"textures\terrain\hades6_nm.ddt","67.7",".ddt"
"textures\terrain\hades6_spec.ddt","16",".ddt"
"textures\terrain\hades7.ddt","25.9",".ddt"
"textures\terrain\hades7_emissive.ddt","17.3",".ddt"
"textures\terrain\hades7_gloss.ddt","10.2",".ddt"
"textures\terrain\hades7_nm.ddt","30.8",".ddt"
"textures\terrain\hades7_spec.ddt","15.6",".ddt"
"textures\terrain\hades8.ddt","27.5",".ddt"
"textures\terrain\hades8_gloss.ddt","29.7",".ddt"
"textures\terrain\hades8_nm.ddt","68.6",".ddt"
"textures\terrain\hades8_spec.ddt","15.6",".ddt"
"textures\terrain\hades9.ddt","27",".ddt"
"textures\terrain\hades9_gloss.ddt","17.9",".ddt"
"textures\terrain\hades9_nm.ddt","67.1",".ddt"
"textures\terrain\hades9_spec.ddt","23.6",".ddt"
"textures\terrain\hadesbuildable1.ddt","100.8",".ddt"
"textures\terrain\hadesbuildable1_gloss.ddt","103.2",".ddt"
"textures\terrain\hadesbuildable1_nm.ddt","274.9",".ddt"
"textures\terrain\hadesbuildable1_spec.ddt","60.9",".ddt"
"textures\terrain\hadesbuildable2.ddt","114.3",".ddt"
"textures\terrain\hadesbuildable2_gloss.ddt","96.5",".ddt"
"textures\terrain\hadesbuildable2_nm.ddt","272.8",".ddt"
"textures\terrain\hadesbuildable2_spec.ddt","61.4",".ddt"
"textures\terrain\hadescliff.ddt","69.3",".ddt"
"textures\terrain\hadescliff_gloss.ddt","105.9",".ddt"
"textures\terrain\hadescliff_nm.ddt","266.2",".ddt"
"textures\terrain\hadescliff_spec.ddt","40.2",".ddt"
"textures\terrain\icea.ddt","122.7",".ddt"
"textures\terrain\icea_gloss.ddt","62.5",".ddt"
"textures\terrain\icea_nm.ddt","113.6",".ddt"
"textures\terrain\icea_spec.ddt","71.5",".ddt"
"textures\terrain\iceb.ddt","115.5",".ddt"
"textures\terrain\iceb_gloss.ddt","21.1",".ddt"
"textures\terrain\iceb_nm.ddt","184.2",".ddt"
"textures\terrain\iceb_spec.ddt","68.2",".ddt"
"textures\terrain\icec.ddt","118",".ddt"
"textures\terrain\icec_gloss.ddt","10.7",".ddt"
"textures\terrain\icec_nm.ddt","95.4",".ddt"
"textures\terrain\icec_spec.ddt","62.6",".ddt"
"textures\terrain\jungleA.ddt","231.3",".ddt"
"textures\terrain\jungleB.ddt","219.2",".ddt"
"textures\terrain\jungleBTest.ddt","252.9",".ddt"
"textures\terrain\jungleDirt25.ddt","250.5",".ddt"
"textures\terrain\jungleDirt50.ddt","260.9",".ddt"
"textures\terrain\jungleDirt75.ddt","248.6",".ddt"
"textures\terrain\jungleRoadA.ddt","248.3",".ddt"
"textures\terrain\marsha.ddt","124.6",".ddt"
"textures\terrain\marsha_gloss.ddt","66.8",".ddt"
"textures\terrain\marsha_nm.ddt","198.9",".ddt"
"textures\terrain\marsha_spec.ddt","68.3",".ddt"
"textures\terrain\marshb.ddt","123",".ddt"
"textures\terrain\marshb_gloss.ddt","61.6",".ddt"
"textures\terrain\marshb_nm.ddt","207",".ddt"
"textures\terrain\marshb_spec.ddt","63.3",".ddt"
"textures\terrain\marshc.ddt","118.1",".ddt"
"textures\terrain\marshc_gloss.ddt","128.3",".ddt"
"textures\terrain\marshc_nm.ddt","240.1",".ddt"
"textures\terrain\marshc_spec.ddt","76.3",".ddt"
"textures\terrain\marshd.ddt","97.6",".ddt"
"textures\terrain\marshd_gloss.ddt","58.4",".ddt"
"textures\terrain\marshd_nm.ddt","236.4",".ddt"
"textures\terrain\marshd_spec.ddt","69.9",".ddt"
"textures\terrain\marshe.ddt","98.8",".ddt"
"textures\terrain\marshe_gloss.ddt","61.2",".ddt"
"textures\terrain\marshe_nm.ddt","234.9",".ddt"
"textures\terrain\marshe_spec.ddt","67.7",".ddt"
"textures\terrain\marshf.ddt","163.1",".ddt"
"textures\terrain\marshf_gloss.ddt","142.8",".ddt"
"textures\terrain\marshf_nm.ddt","240.1",".ddt"
"textures\terrain\marshf_spec.ddt","132",".ddt"
"textures\terrain\miningground.ddt","91.1",".ddt"
"textures\terrain\miningground_gloss.ddt","37.6",".ddt"
"textures\terrain\miningground_nm.ddt","238.4",".ddt"
"textures\terrain\miningground_spec.ddt","72.4",".ddt"
"textures\terrain\mountain01.ddt","90.8",".ddt"
"textures\terrain\mountain01_gloss.ddt","51.6",".ddt"
"textures\terrain\mountain01_nm.ddt","124",".ddt"
"textures\terrain\mountain01_spec.ddt","75.7",".ddt"
"textures\terrain\mountain02.ddt","86.3",".ddt"
"textures\terrain\mountain02_gloss.ddt","68.2",".ddt"
"textures\terrain\mountain02_nm.ddt","135.9",".ddt"
"textures\terrain\mountain02_spec.ddt","78",".ddt"
"textures\terrain\mountain03.ddt","95.1",".ddt"
"textures\terrain\mountain03_gloss.ddt","64.1",".ddt"
"textures\terrain\mountain03_nm.ddt","131.7",".ddt"
"textures\terrain\mountain03_spec.ddt","74.8",".ddt"
"textures\terrain\mountain04.ddt","90.9",".ddt"
"textures\terrain\mountain04_gloss.ddt","92.9",".ddt"
"textures\terrain\mountain04_nm.ddt","118.6",".ddt"
"textures\terrain\mountain04_spec.ddt","68.9",".ddt"
"textures\terrain\mountainfloora.ddt","76.3",".ddt"
"textures\terrain\mountainfloora_gloss.ddt","95.6",".ddt"
"textures\terrain\mountainfloora_nm.ddt","116.9",".ddt"
"textures\terrain\mountainfloora_spec.ddt","75.1",".ddt"
"textures\terrain\mountainfloorb.ddt","76.6",".ddt"
"textures\terrain\mountainfloorb_gloss.ddt","99.8",".ddt"
"textures\terrain\mountainfloorb_nm.ddt","120.6",".ddt"
"textures\terrain\mountainfloorb_spec.ddt","73.6",".ddt"
"textures\terrain\mountaingrass.ddt","88.7",".ddt"
"textures\terrain\mountaingrass_gloss.ddt","57.2",".ddt"
"textures\terrain\mountaingrass_nm.ddt","119.4",".ddt"
"textures\terrain\mountaingrass_spec.ddt","66.4",".ddt"
"textures\terrain\noblend.ddt","0",".ddt"
"textures\terrain\noblend_nm.ddt","0.2",".ddt"
"textures\terrain\noblend_spec.ddt","0.2",".ddt"
"textures\terrain\norseroada.ddt","130.2",".ddt"
"textures\terrain\norseroada_gloss.ddt","42.3",".ddt"
"textures\terrain\norseroada_nm.ddt","244.9",".ddt"
"textures\terrain\norseroada_spec.ddt","71.3",".ddt"
"textures\terrain\olympusa.ddt","36.1",".ddt"
"textures\terrain\olympusa_gloss.ddt","81.3",".ddt"
"textures\terrain\olympusa_nm.ddt","47.6",".ddt"
"textures\terrain\olympusa_spec.ddt","26.6",".ddt"
"textures\terrain\olympusb.ddt","175.3",".ddt"
"textures\terrain\olympusb_gloss.ddt","102.2",".ddt"
"textures\terrain\olympusb_nm.ddt","267.7",".ddt"
"textures\terrain\olympusb_spec.ddt","76.2",".ddt"
"textures\terrain\olympusc.ddt","51.6",".ddt"
"textures\terrain\olympusc_gloss.ddt","82.4",".ddt"
"textures\terrain\olympusc_nm.ddt","58.2",".ddt"
"textures\terrain\olympusc_spec.ddt","38.4",".ddt"
"textures\terrain\olympustile.ddt","64.7",".ddt"
"textures\terrain\olympustile_gloss.ddt","78.6",".ddt"
"textures\terrain\olympustile_nm.ddt","95.4",".ddt"
"textures\terrain\olympustile_spec.ddt","48",".ddt"
"textures\terrain\plainA.ddt","244.4",".ddt"
"textures\terrain\plainB.ddt","251.1",".ddt"
"textures\terrain\plainDirt25.ddt","248.2",".ddt"
"textures\terrain\plainDirt50.ddt","245.1",".ddt"
"textures\terrain\plainDirt75.ddt","237",".ddt"
"textures\terrain\plainRoadA.ddt","177.1",".ddt"
"textures\terrain\rivergrassya.ddt","71.1",".ddt"
"textures\terrain\rivergrassya_gloss.ddt","98.7",".ddt"
"textures\terrain\rivergrassya_nm.ddt","253.1",".ddt"
"textures\terrain\rivergrassya_spec.ddt","81.4",".ddt"
"textures\terrain\rivergrassyb.ddt","79",".ddt"
"textures\terrain\rivergrassyb_gloss.ddt","65.9",".ddt"
"textures\terrain\rivergrassyb_nm.ddt","259.3",".ddt"
"textures\terrain\rivergrassyb_spec.ddt","88.7",".ddt"
"textures\terrain\rivergrassyc.ddt","96.5",".ddt"
"textures\terrain\rivergrassyc_gloss.ddt","70.1",".ddt"
"textures\terrain\rivergrassyc_nm.ddt","249",".ddt"
"textures\terrain\rivergrassyc_spec.ddt","70.3",".ddt"
"textures\terrain\rivericya.ddt","79.3",".ddt"
"textures\terrain\rivericya_gloss.ddt","85.2",".ddt"
"textures\terrain\rivericya_nm.ddt","250.8",".ddt"
"textures\terrain\rivericya_spec.ddt","106.4",".ddt"
"textures\terrain\rivericyb.ddt","75.4",".ddt"
"textures\terrain\rivericyb_gloss.ddt","97.9",".ddt"
"textures\terrain\rivericyb_nm.ddt","243.2",".ddt"
"textures\terrain\rivericyb_spec.ddt","99.6",".ddt"
"textures\terrain\rivericyc.ddt","87.3",".ddt"
"textures\terrain\rivericyc_gloss.ddt","93.6",".ddt"
"textures\terrain\rivericyc_nm.ddt","273.7",".ddt"
"textures\terrain\rivericyc_spec.ddt","79.6",".ddt"
"textures\terrain\rivermarsha.ddt","101.9",".ddt"
"textures\terrain\rivermarsha_gloss.ddt","42.3",".ddt"
"textures\terrain\rivermarsha_nm.ddt","258.7",".ddt"
"textures\terrain\rivermarsha_spec.ddt","96.7",".ddt"
"textures\terrain\rivermarshb.ddt","101.9",".ddt"
"textures\terrain\rivermarshb_gloss.ddt","51.5",".ddt"
"textures\terrain\rivermarshb_nm.ddt","256.3",".ddt"
"textures\terrain\rivermarshb_spec.ddt","99.8",".ddt"
"textures\terrain\rivermarshc.ddt","125.9",".ddt"
"textures\terrain\rivermarshc_gloss.ddt","51.5",".ddt"
"textures\terrain\rivermarshc_nm.ddt","253.1",".ddt"
"textures\terrain\rivermarshc_spec.ddt","75",".ddt"
"textures\terrain\riversandya.ddt","133.6",".ddt"
"textures\terrain\riversandya_gloss.ddt","2.1",".ddt"
"textures\terrain\riversandya_nm.ddt","123.9",".ddt"
"textures\terrain\riversandya_spec.ddt","73.3",".ddt"
"textures\terrain\riversandyb.ddt","117.3",".ddt"
"textures\terrain\riversandyb_gloss.ddt","3.4",".ddt"
"textures\terrain\riversandyb_nm.ddt","112",".ddt"
"textures\terrain\riversandyb_spec.ddt","66.2",".ddt"
"textures\terrain\riversandyc.ddt","105.9",".ddt"
"textures\terrain\riversandyc_gloss.ddt","20.9",".ddt"
"textures\terrain\riversandyc_nm.ddt","105.9",".ddt"
"textures\terrain\riversandyc_spec.ddt","66.6",".ddt"
"textures\terrain\riversandyshallowa.ddt","107.2",".ddt"
"textures\terrain\riversandyshallowa_gloss.ddt","3.6",".ddt"
"textures\terrain\riversandyshallowa_nm.ddt","102.7",".ddt"
"textures\terrain\riversandyshallowa_spec.ddt","63.1",".ddt"
"textures\terrain\roada.ddt","76.8",".ddt"
"textures\terrain\roada_gloss.ddt","64.6",".ddt"
"textures\terrain\roada_nm.ddt","101.8",".ddt"
"textures\terrain\roada_spec.ddt","67.1",".ddt"
"textures\terrain\roadb.ddt","88.2",".ddt"
"textures\terrain\roadb_gloss.ddt","80.4",".ddt"
"textures\terrain\roadb_nm.ddt","134.1",".ddt"
"textures\terrain\roadb_spec.ddt","82.2",".ddt"
"textures\terrain\rocka.ddt","87.8",".ddt"
"textures\terrain\rocka_gloss.ddt","71.6",".ddt"
"textures\terrain\rocka_nm.ddt","272.4",".ddt"
"textures\terrain\rocka_spec.ddt","76.6",".ddt"
"textures\terrain\rockc.ddt","87",".ddt"
"textures\terrain\rockc_gloss.ddt","66.3",".ddt"
"textures\terrain\rockc_nm.ddt","126.1",".ddt"
"textures\terrain\rockc_spec.ddt","78.1",".ddt"
"textures\terrain\rockd.ddt","91.6",".ddt"
"textures\terrain\rockd_gloss.ddt","66.5",".ddt"
"textures\terrain\rockd_nm.ddt","133.7",".ddt"
"textures\terrain\rockd_spec.ddt","86.1",".ddt"
"textures\terrain\rocke.ddt","82.3",".ddt"
"textures\terrain\rocke_gloss.ddt","73.3",".ddt"
"textures\terrain\rocke_nm.ddt","126.2",".ddt"
"textures\terrain\rocke_spec.ddt","78.3",".ddt"
"textures\terrain\sanda.ddt","97.9",".ddt"
"textures\terrain\sanda_gloss.ddt","35.1",".ddt"
"textures\terrain\sanda_nm.ddt","194.1",".ddt"
"textures\terrain\sanda_spec.ddt","67.4",".ddt"
"textures\terrain\sandb.ddt","94.7",".ddt"
"textures\terrain\sandb_gloss.ddt","36.1",".ddt"
"textures\terrain\sandb_nm.ddt","202.9",".ddt"
"textures\terrain\sandb_spec.ddt","65",".ddt"
"textures\terrain\sandc.ddt","90.2",".ddt"
"textures\terrain\sandc_gloss.ddt","40.1",".ddt"
"textures\terrain\sandc_nm.ddt","202.9",".ddt"
"textures\terrain\sandc_spec.ddt","62.7",".ddt"
"textures\terrain\sandd.ddt","91.9",".ddt"
"textures\terrain\sanddirt50.ddt","102.5",".ddt"
"textures\terrain\sanddirt50b.ddt","123.7",".ddt"
"textures\terrain\sanddirt50b_gloss.ddt","16.4",".ddt"
"textures\terrain\sanddirt50b_nm.ddt","182",".ddt"
"textures\terrain\sanddirt50b_spec.ddt","67.4",".ddt"
"textures\terrain\sanddirt50_gloss.ddt","16.4",".ddt"
"textures\terrain\sanddirt50_nm.ddt","182",".ddt"
"textures\terrain\sanddirt50_spec.ddt","67.2",".ddt"
"textures\terrain\sandd_gloss.ddt","37.9",".ddt"
"textures\terrain\sandd_nm.ddt","202.9",".ddt"
"textures\terrain\sandd_spec.ddt","62.9",".ddt"
"textures\terrain\sande.ddt","95.2",".ddt"
"textures\terrain\sande_gloss.ddt","3.6",".ddt"
"textures\terrain\sande_nm.ddt","171.9",".ddt"
"textures\terrain\sande_spec.ddt","62.6",".ddt"
"textures\terrain\sandsvdblendlshapecorner.ddt","1.4",".ddt"
"textures\terrain\sandsvdblendthreecorners.ddt","1",".ddt"
"textures\terrain\sandvdblendcircle.ddt","1.4",".ddt"
"textures\terrain\sandvdblendcorner.ddt","0.4",".ddt"
"textures\terrain\sandvdblendedge.ddt","0.5",".ddt"
"textures\terrain\sandvdblendedgecorner.ddt","0.8",".ddt"
"textures\terrain\sandvdblendedgetwocorners.ddt","1.4",".ddt"
"textures\terrain\sandvdblendfourcorners.ddt","1.3",".ddt"
"textures\terrain\sandvdblendlshape.ddt","1.2",".ddt"
"textures\terrain\sandvdblendlshapecorner.ddt","1.3",".ddt"
"textures\terrain\sandvdblendlshapecorner2.ddt","1.4",".ddt"
"textures\terrain\sandvdblendthreecorner.ddt","1",".ddt"
"textures\terrain\sandvdblendtwocorners.ddt","0.8",".ddt"
"textures\terrain\sandvdblendtwoedges.ddt","1.5",".ddt"
"textures\terrain\sandvdblendtwooppositecorners.ddt","0.9",".ddt"
"textures\terrain\sandvdblendushape.ddt","1.5",".ddt"
"textures\terrain\savannaha.ddt","126.5",".ddt"
"textures\terrain\savannaha_gloss.ddt","48.3",".ddt"
"textures\terrain\savannaha_nm.ddt","262.3",".ddt"
"textures\terrain\savannaha_spec.ddt","70.6",".ddt"
"textures\terrain\savannahb.ddt","113.7",".ddt"
"textures\terrain\savannahb_gloss.ddt","34.5",".ddt"
"textures\terrain\savannahb_nm.ddt","263",".ddt"
"textures\terrain\savannahb_spec.ddt","71.7",".ddt"
"textures\terrain\savannahc.ddt","107.8",".ddt"
"textures\terrain\savannahc_gloss.ddt","28.8",".ddt"
"textures\terrain\savannahc_nm.ddt","187.6",".ddt"
"textures\terrain\savannahc_spec.ddt","69.8",".ddt"
"textures\terrain\savannahd.ddt","110.9",".ddt"
"textures\terrain\savannahd_gloss.ddt","29.7",".ddt"
"textures\terrain\savannahd_nm.ddt","255.9",".ddt"
"textures\terrain\savannahd_spec.ddt","69.5",".ddt"
"textures\terrain\shorelineaegeana.ddt","82.7",".ddt"
"textures\terrain\shorelineaegeana_gloss.ddt","15.5",".ddt"
"textures\terrain\shorelineaegeana_nm.ddt","106.9",".ddt"
"textures\terrain\shorelineaegeana_spec.ddt","68.1",".ddt"
"textures\terrain\shorelineaegeanb.ddt","79.8",".ddt"
"textures\terrain\shorelineaegeanb_gloss.ddt","39.6",".ddt"
"textures\terrain\shorelineaegeanb_nm.ddt","101.3",".ddt"
"textures\terrain\shorelineaegeanb_spec.ddt","69.1",".ddt"
"textures\terrain\shorelineaegeanc.ddt","99",".ddt"
"textures\terrain\shorelineaegeanc_gloss.ddt","58.5",".ddt"
"textures\terrain\shorelineaegeanc_nm.ddt","231.3",".ddt"
"textures\terrain\shorelineaegeanc_spec.ddt","76.8",".ddt"
"textures\terrain\shorelineatlantica.ddt","71.3",".ddt"
"textures\terrain\shorelineatlantica_gloss.ddt","63.5",".ddt"
"textures\terrain\shorelineatlantica_nm.ddt","96.4",".ddt"
"textures\terrain\shorelineatlantica_spec.ddt","67.1",".ddt"
"textures\terrain\shorelineatlanticb.ddt","71.6",".ddt"
"textures\terrain\shorelineatlanticb_gloss.ddt","91.8",".ddt"
"textures\terrain\shorelineatlanticb_nm.ddt","97.9",".ddt"
"textures\terrain\shorelineatlanticb_spec.ddt","68.6",".ddt"
"textures\terrain\shorelineatlanticc.ddt","68.1",".ddt"
"textures\terrain\shorelineatlanticc_gloss.ddt","92.4",".ddt"
"textures\terrain\shorelineatlanticc_nm.ddt","87.9",".ddt"
"textures\terrain\shorelineatlanticc_spec.ddt","56.5",".ddt"
"textures\terrain\shorelineJungleA.ddt","108.6",".ddt"
"textures\terrain\shorelineJungleB.ddt","258.4",".ddt"
"textures\terrain\shorelineJungleC.ddt","266.3",".ddt"
"textures\terrain\shorelinemediterraneana.ddt","82.7",".ddt"
"textures\terrain\shorelinemediterraneana_gloss.ddt","15.5",".ddt"
"textures\terrain\shorelinemediterraneana_nm.ddt","106.9",".ddt"
"textures\terrain\shorelinemediterraneana_spec.ddt","68.1",".ddt"
"textures\terrain\shorelinemediterraneanb.ddt","82.7",".ddt"
"textures\terrain\shorelinemediterraneanb_gloss.ddt","15.5",".ddt"
"textures\terrain\shorelinemediterraneanb_nm.ddt","106.9",".ddt"
"textures\terrain\shorelinemediterraneanb_spec.ddt","68.1",".ddt"
"textures\terrain\shorelinemediterraneanc.ddt","92.4",".ddt"
"textures\terrain\shorelinemediterraneanc_gloss.ddt","54.8",".ddt"
"textures\terrain\shorelinemediterraneanc_nm.ddt","246.9",".ddt"
"textures\terrain\shorelinemediterraneanc_spec.ddt","75.8",".ddt"
"textures\terrain\shorelinemediterraneand.ddt","96.7",".ddt"
"textures\terrain\shorelinemediterraneand_gloss.ddt","77.8",".ddt"
"textures\terrain\shorelinemediterraneand_nm.ddt","118.2",".ddt"
"textures\terrain\shorelinemediterraneand_spec.ddt","70.1",".ddt"
"textures\terrain\shorelinenorwegiana.ddt","79.3",".ddt"
"textures\terrain\shorelinenorwegiana_gloss.ddt","85.2",".ddt"
"textures\terrain\shorelinenorwegiana_nm.ddt","122.4",".ddt"
"textures\terrain\shorelinenorwegiana_spec.ddt","70.7",".ddt"
"textures\terrain\shorelinenorwegianb.ddt","77.5",".ddt"
"textures\terrain\shorelinenorwegianb_gloss.ddt","95.2",".ddt"
"textures\terrain\shorelinenorwegianb_nm.ddt","116.4",".ddt"
"textures\terrain\shorelinenorwegianb_spec.ddt","67.8",".ddt"
"textures\terrain\shorelinenorwegianc.ddt","86.8",".ddt"
"textures\terrain\shorelinenorwegianc_gloss.ddt","93.2",".ddt"
"textures\terrain\shorelinenorwegianc_nm.ddt","130.7",".ddt"
"textures\terrain\shorelinenorwegianc_spec.ddt","82.4",".ddt"
"textures\terrain\shorelinePlainA.ddt","256.2",".ddt"
"textures\terrain\shorelinePlainB.ddt","209.9",".ddt"
"textures\terrain\shorelinePlainC.ddt","247.8",".ddt"
"textures\terrain\shorelinePlainD.ddt","250.7",".ddt"
"textures\terrain\shorelineredseaa.ddt","86.1",".ddt"
"textures\terrain\shorelineredseaa_gloss.ddt","3.4",".ddt"
"textures\terrain\shorelineredseaa_nm.ddt","110.4",".ddt"
"textures\terrain\shorelineredseaa_spec.ddt","66.2",".ddt"
"textures\terrain\shorelineredseab.ddt","73",".ddt"
"textures\terrain\shorelineredseab_gloss.ddt","1.1",".ddt"
"textures\terrain\shorelineredseab_nm.ddt","99.2",".ddt"
"textures\terrain\shorelineredseab_spec.ddt","61.6",".ddt"
"textures\terrain\shorelineredseac.ddt","63.4",".ddt"
"textures\terrain\shorelineredseac_gloss.ddt","7.5",".ddt"
"textures\terrain\shorelineredseac_nm.ddt","90.3",".ddt"
"textures\terrain\shorelineredseac_spec.ddt","56.8",".ddt"
"textures\terrain\shorelinesanda.ddt","69.6",".ddt"
"textures\terrain\shorelinesanda_gloss.ddt","76.4",".ddt"
"textures\terrain\shorelinesanda_nm.ddt","144.7",".ddt"
"textures\terrain\shorelinesanda_spec.ddt","83.6",".ddt"
"textures\terrain\shorelinetundraa.ddt","95.8",".ddt"
"textures\terrain\shorelinetundraa_gloss.ddt","73.8",".ddt"
"textures\terrain\shorelinetundraa_nm.ddt","247.8",".ddt"
"textures\terrain\shorelinetundraa_spec.ddt","84.7",".ddt"
"textures\terrain\shorelinetundrab.ddt","91.9",".ddt"
"textures\terrain\shorelinetundrab_gloss.ddt","85.3",".ddt"
"textures\terrain\shorelinetundrab_nm.ddt","241.8",".ddt"
"textures\terrain\shorelinetundrab_spec.ddt","81.6",".ddt"
"textures\terrain\shorelinetundrac.ddt","91.8",".ddt"
"textures\terrain\shorelinetundrac_gloss.ddt","76.7",".ddt"
"textures\terrain\shorelinetundrac_nm.ddt","268.4",".ddt"
"textures\terrain\shorelinetundrac_spec.ddt","86.2",".ddt"
"textures\terrain\shorelinetundrad.ddt","87.5",".ddt"
"textures\terrain\shorelinetundrad_gloss.ddt","89.3",".ddt"
"textures\terrain\shorelinetundrad_nm.ddt","268.2",".ddt"
"textures\terrain\shorelinetundrad_spec.ddt","96",".ddt"
"textures\terrain\shoreline_sanda.ddt","94.3",".ddt"
"textures\terrain\shoreline_sanda_gloss.ddt","20.3",".ddt"
"textures\terrain\shoreline_sanda_nm.ddt","95.3",".ddt"
"textures\terrain\shoreline_sanda_spec.ddt","54.6",".ddt"
"textures\terrain\sling rocka.ddt","84.9",".ddt"
"textures\terrain\sling rocka_gloss.ddt","76.2",".ddt"
"textures\terrain\sling rocka_nm.ddt","120.8",".ddt"
"textures\terrain\sling rocka_spec.ddt","53.5",".ddt"
"textures\terrain\snowa.ddt","93.3",".ddt"
"textures\terrain\snowa_gloss.ddt","81.9",".ddt"
"textures\terrain\snowa_nm.ddt","210.9",".ddt"
"textures\terrain\snowa_spec.ddt","65",".ddt"
"textures\terrain\snowb.ddt","80.4",".ddt"
"textures\terrain\snowb_gloss.ddt","60.9",".ddt"
"textures\terrain\snowb_nm.ddt","254.1",".ddt"
"textures\terrain\snowb_spec.ddt","56.6",".ddt"
"textures\terrain\snowgrass25.ddt","116.2",".ddt"
"textures\terrain\snowgrass25_gloss.ddt","60.6",".ddt"
"textures\terrain\snowgrass25_nm.ddt","218.3",".ddt"
"textures\terrain\snowgrass25_spec.ddt","74",".ddt"
"textures\terrain\snowgrass50.ddt","139.5",".ddt"
"textures\terrain\snowgrass50_gloss.ddt","24.9",".ddt"
"textures\terrain\snowgrass50_nm.ddt","228.1",".ddt"
"textures\terrain\snowgrass50_spec.ddt","87.7",".ddt"
"textures\terrain\snowgrass75.ddt","135.9",".ddt"
"textures\terrain\snowgrass75_gloss.ddt","33.9",".ddt"
"textures\terrain\snowgrass75_nm.ddt","232.2",".ddt"
"textures\terrain\snowgrass75_spec.ddt","76.9",".ddt"
"textures\terrain\snowsand25.ddt","110.8",".ddt"
"textures\terrain\snowsand25_gloss.ddt","62.3",".ddt"
"textures\terrain\snowsand25_nm.ddt","218.9",".ddt"
"textures\terrain\snowsand25_spec.ddt","75.4",".ddt"
"textures\terrain\snowsand50.ddt","123.5",".ddt"
"textures\terrain\snowsand50_gloss.ddt","83.1",".ddt"
"textures\terrain\snowsand50_nm.ddt","218.9",".ddt"
"textures\terrain\snowsand50_spec.ddt","82.5",".ddt"
"textures\terrain\snowsand75.ddt","79.8",".ddt"
"textures\terrain\snowsand75_gloss.ddt","21.2",".ddt"
"textures\terrain\snowsand75_nm.ddt","262.4",".ddt"
"textures\terrain\snowsand75_spec.ddt","73.9",".ddt"
"textures\terrain\terrain_tornadopath.ddt","77.1",".ddt"
"textures\terrain\terrain_tornadopath_gloss.ddt","79.4",".ddt"
"textures\terrain\terrain_tornadopath_nm.ddt","265.8",".ddt"
"textures\terrain\terrain_tornadopath_spec.ddt","70.8",".ddt"
"textures\terrain\testwaterbh.ddt","58.6",".ddt"
"textures\terrain\testwaterbh_gloss.ddt","69.4",".ddt"
"textures\terrain\testwaterbh_nm.ddt","94.2",".ddt"
"textures\terrain\testwaterbh_spec.ddt","55.8",".ddt"
"textures\terrain\tundragrassa.ddt","97.5",".ddt"
"textures\terrain\tundragrassa_gloss.ddt","65.8",".ddt"
"textures\terrain\tundragrassa_nm.ddt","274.1",".ddt"
"textures\terrain\tundragrassa_spec.ddt","83.5",".ddt"
"textures\terrain\tundragrassb.ddt","103.7",".ddt"
"textures\terrain\tundragrassb_gloss.ddt","39.3",".ddt"
"textures\terrain\tundragrassb_nm.ddt","275.3",".ddt"
"textures\terrain\tundragrassb_spec.ddt","71",".ddt"
"textures\terrain\tundraRoadA.ddt","250.8",".ddt"
"textures\terrain\tundrarocka.ddt","95.3",".ddt"
"textures\terrain\tundrarocka_gloss.ddt","65.3",".ddt"
"textures\terrain\tundrarocka_nm.ddt","262",".ddt"
"textures\terrain\tundrarocka_spec.ddt","72.6",".ddt"
"textures\terrain\tundrarockb.ddt","95.6",".ddt"
"textures\terrain\tundrarockb_gloss.ddt","63.6",".ddt"
"textures\terrain\tundrarockb_nm.ddt","253.2",".ddt"
"textures\terrain\tundrarockb_spec.ddt","72.4",".ddt"
"textures\terrain\underwatericea.ddt","57.2",".ddt"
"textures\terrain\underwatericea_gloss.ddt","75.4",".ddt"
"textures\terrain\underwatericea_nm.ddt","266.4",".ddt"
"textures\terrain\underwatericea_spec.ddt","67.9",".ddt"
"textures\terrain\underwatericeb.ddt","68.6",".ddt"
"textures\terrain\underwatericeb_gloss.ddt","78.7",".ddt"
"textures\terrain\underwatericeb_nm.ddt","266.4",".ddt"
"textures\terrain\underwatericeb_spec.ddt","78.7",".ddt"
"textures\terrain\underwatericec.ddt","87.2",".ddt"
"textures\terrain\underwatericec_gloss.ddt","78.7",".ddt"
"textures\terrain\underwatericec_nm.ddt","266.4",".ddt"
"textures\terrain\underwatericec_spec.ddt","102.2",".ddt"
"textures\terrain\underwaterrocka.ddt","71.7",".ddt"
"textures\terrain\underwaterrocka_gloss.ddt","86.9",".ddt"
"textures\terrain\underwaterrocka_nm.ddt","279.8",".ddt"
"textures\terrain\underwaterrocka_spec.ddt","46.1",".ddt"
"textures\terrain\underwaterrockb.ddt","87",".ddt"
"textures\terrain\underwaterrockb_gloss.ddt","102.4",".ddt"
"textures\terrain\underwaterrockb_nm.ddt","278.8",".ddt"
"textures\terrain\underwaterrockb_spec.ddt","69",".ddt"
"textures\terrain\underwaterrockc.ddt","92.1",".ddt"
"textures\terrain\underwaterrockc_gloss.ddt","70.3",".ddt"
"textures\terrain\underwaterrockc_nm.ddt","281",".ddt"
"textures\terrain\underwaterrockc_spec.ddt","72.8",".ddt"
"textures\terrain\underwaterrockd.ddt","80",".ddt"
"textures\terrain\underwaterrockd_gloss.ddt","91.2",".ddt"
"textures\terrain\underwaterrockd_nm.ddt","271.1",".ddt"
"textures\terrain\underwaterrockd_spec.ddt","59.1",".ddt"
"textures\terrain\underwaterrocke.ddt","85.2",".ddt"
"textures\terrain\underwaterrocke_gloss.ddt","80.4",".ddt"
"textures\terrain\underwaterrocke_nm.ddt","271.1",".ddt"
"textures\terrain\underwaterrocke_spec.ddt","75.5",".ddt"
"textures\terrain\underwaterrockf.ddt","85.8",".ddt"
"textures\terrain\underwaterrockf_gloss.ddt","72",".ddt"
"textures\terrain\underwaterrockf_nm.ddt","271.1",".ddt"
"textures\terrain\underwaterrockf_spec.ddt","79.7",".ddt"
"textures\terrain\waterbump.ddt","187.1",".ddt"
"textures\terrain\waterbump0000.ddt","187.1",".ddt"
"textures\terrain\waterfoam.ddt","65",".ddt"
"textures\ui\aegean sea 32.ddt","1.6",".ddt"
"textures\ui\aegean sea 64.ddt","5.2",".ddt"
"textures\ui\aegean.ddt","5.2",".ddt"
"textures\ui\AOM_badgesBG.ddt","260.2",".ddt"
"textures\ui\background chinese fade blue.ddt","0.3",".ddt"
"textures\ui\background chinese fade red.ddt","0.3",".ddt"
"textures\ui\background chinese fade yellow.ddt","0.5",".ddt"
"textures\ui\background chinese opaque dark.ddt","0.1",".ddt"
"textures\ui\background chinese opaque.ddt","0.1",".ddt"
"textures\ui\background chinese transparent.ddt","0.1",".ddt"
"textures\ui\background egypt fade blue.ddt","0.3",".ddt"
"textures\ui\background egypt fade red.ddt","0.3",".ddt"
"textures\ui\background egypt fade yellow.ddt","0.5",".ddt"
"textures\ui\background egypt opaque dark.ddt","0.1",".ddt"
"textures\ui\background egypt opaque.ddt","0.1",".ddt"
"textures\ui\background egypt transparent.ddt","0.1",".ddt"
"textures\ui\background fade blue.ddt","0.2",".ddt"
"textures\ui\background fade green.ddt","0.3",".ddt"
"textures\ui\background fade red.ddt","0.3",".ddt"
"textures\ui\background fade yellow.ddt","0.5",".ddt"
"textures\ui\background greek fade blue.ddt","0.2",".ddt"
"textures\ui\background greek fade red.ddt","0.3",".ddt"
"textures\ui\background greek fade yellow.ddt","0.5",".ddt"
"textures\ui\background greek opaque dark.ddt","0.1",".ddt"
"textures\ui\background greek opaque.ddt","0.1",".ddt"
"textures\ui\background greek transparent.ddt","0.1",".ddt"
"textures\ui\background norse fade blue.ddt","0.3",".ddt"
"textures\ui\background norse fade red.ddt","0.3",".ddt"
"textures\ui\background norse fade yellow.ddt","0.5",".ddt"
"textures\ui\background norse opaque dark.ddt","0.1",".ddt"
"textures\ui\background norse opaque.ddt","0.1",".ddt"
"textures\ui\background norse transparent.ddt","0.1",".ddt"
"textures\ui\background red transparent.ddt","0.1",".ddt"
"textures\ui\badfps.ddt","0.1",".ddt"
"textures\ui\badfpsyellow.bti","0",".bti"
"textures\ui\badgeBackground.ddt","343.5",".ddt"
"textures\ui\badgeeventbronze.ddt","10.7",".ddt"
"textures\ui\badgeeventgold.ddt","12.1",".ddt"
"textures\ui\badgeeventsilver.ddt","10.6",".ddt"
"textures\ui\badgeleaguebronze.ddt","11.7",".ddt"
"textures\ui\badgeleaguegold.ddt","11.1",".ddt"
"textures\ui\badgeleaguesilver.ddt","10.3",".ddt"
"textures\ui\badgeparticipationbronze.ddt","12.4",".ddt"
"textures\ui\badgeparticipationgold.ddt","10.8",".ddt"
"textures\ui\badgeparticipationsilver.ddt","10.4",".ddt"
"textures\ui\bamboo forest 64.ddt","14",".ddt"
"textures\ui\bamboo marsh forest 64.ddt","14.1",".ddt"
"textures\ui\black2x2.ddt","0",".ddt"
"textures\ui\blue transparency 30percent.ddt","0.1",".ddt"
"textures\ui\blue transparency 50percent.ddt","0.9",".ddt"
"textures\ui\blue transparency 70percent.ddt","0.1",".ddt"
"textures\ui\blue.ddt","0",".ddt"
"textures\ui\boarder egypt bottom left corner.ddt","0.2",".ddt"
"textures\ui\boarder egypt bottom middle.ddt","0.2",".ddt"
"textures\ui\boarder egypt bottom right corner.ddt","0.2",".ddt"
"textures\ui\boarder egypt middle left.ddt","0.2",".ddt"
"textures\ui\boarder egypt middle right.ddt","0.2",".ddt"
"textures\ui\boarder egypt top left corner.ddt","0.2",".ddt"
"textures\ui\boarder egypt top middle.ddt","0.2",".ddt"
"textures\ui\boarder egypt top right corner.ddt","0.2",".ddt"
"textures\ui\boarder greek bottom left corner.ddt","0.2",".ddt"
"textures\ui\boarder greek bottom middle.ddt","0.2",".ddt"
"textures\ui\boarder greek bottom right corner.ddt","0.2",".ddt"
"textures\ui\boarder greek middle left.ddt","0.2",".ddt"
"textures\ui\boarder greek middle right.ddt","0.2",".ddt"
"textures\ui\boarder greek top left corner.ddt","0.2",".ddt"
"textures\ui\boarder greek top middle.ddt","0.2",".ddt"
"textures\ui\boarder greek top right corner.ddt","0.2",".ddt"
"textures\ui\boarder norse bottom left corner.ddt","0.1",".ddt"
"textures\ui\boarder norse bottom middle.ddt","0.1",".ddt"
"textures\ui\boarder norse bottom right corner.ddt","0.1",".ddt"
"textures\ui\boarder norse middle left.ddt","0.1",".ddt"
"textures\ui\boarder norse middle right.ddt","0.1",".ddt"
"textures\ui\boarder norse top left corner.ddt","0.1",".ddt"
"textures\ui\boarder norse top middle.ddt","0.1",".ddt"
"textures\ui\boarder norse top right corner.ddt","0.1",".ddt"
"textures\ui\bonusarea.ddt","0.1",".ddt"
"textures\ui\button close clicked.ddt","0.3",".ddt"
"textures\ui\button close rollover.ddt","0.4",".ddt"
"textures\ui\button close.ddt","0.3",".ddt"
"textures\ui\button kick clicked.ddt","0.6",".ddt"
"textures\ui\button kick rollover.ddt","0.6",".ddt"
"textures\ui\button kick.ddt","0.5",".ddt"
"textures\ui\button main.ddt","4.9",".ddt"
"textures\ui\button main_clicked.ddt","5.1",".ddt"
"textures\ui\button main_rollover.ddt","5.3",".ddt"
"textures\ui\buysellbackground.ddt","1.9",".ddt"
"textures\ui\campmap_atlantis1.ddt","31.9",".ddt"
"textures\ui\campmap_atlantis10.ddt","32.6",".ddt"
"textures\ui\campmap_atlantis11.ddt","38.1",".ddt"
"textures\ui\campmap_atlantis12.ddt","40.1",".ddt"
"textures\ui\campmap_atlantis2.ddt","36.2",".ddt"
"textures\ui\campmap_atlantis3.ddt","35.2",".ddt"
"textures\ui\campmap_atlantis4.ddt","46.7",".ddt"
"textures\ui\campmap_atlantis5.ddt","29.7",".ddt"
"textures\ui\campmap_atlantis6.ddt","41.3",".ddt"
"textures\ui\campmap_atlantis7.ddt","47.2",".ddt"
"textures\ui\campmap_atlantis8.ddt","43.2",".ddt"
"textures\ui\campmap_atlantis9.ddt","29.2",".ddt"
"textures\ui\campmap_b_atlantis6.ddt","40.8",".ddt"
"textures\ui\campmap_b_atlantis7.ddt","47.2",".ddt"
"textures\ui\campmap_b_egypt7.ddt","40.4",".ddt"
"textures\ui\campmap_b_greece7.ddt","51",".ddt"
"textures\ui\campmap_b_greece8.ddt","50.1",".ddt"
"textures\ui\campmap_b_new_atlantis6.ddt","35",".ddt"
"textures\ui\campmap_b_new_atlantis7.ddt","42.7",".ddt"
"textures\ui\campmap_b_norselands3.ddt","45.7",".ddt"
"textures\ui\campmap_b_norselands4.ddt","50.3",".ddt"
"textures\ui\campmap_china1.ddt","155.7",".ddt"
"textures\ui\campmap_china10.ddt","165",".ddt"
"textures\ui\campmap_china11.ddt","165.4",".ddt"
"textures\ui\campmap_china12.ddt","149.6",".ddt"
"textures\ui\campmap_china2.ddt","163.5",".ddt"
"textures\ui\campmap_china3.ddt","152.6",".ddt"
"textures\ui\campmap_china4.ddt","171.4",".ddt"
"textures\ui\campmap_china5.ddt","169.8",".ddt"
"textures\ui\campmap_china6.ddt","174",".ddt"
"textures\ui\campmap_china7.ddt","184.3",".ddt"
"textures\ui\campmap_china8.ddt","164.3",".ddt"
"textures\ui\campmap_china9.ddt","144.1",".ddt"
"textures\ui\campmap_c_atlantis6.ddt","39.1",".ddt"
"textures\ui\campmap_c_atlantis7.ddt","46.4",".ddt"
"textures\ui\campmap_c_egypt7.ddt","39.6",".ddt"
"textures\ui\campmap_c_greece7.ddt","49.7",".ddt"
"textures\ui\campmap_c_greece8.ddt","50.1",".ddt"
"textures\ui\campmap_c_new_atlantis6.ddt","34.3",".ddt"
"textures\ui\campmap_c_new_atlantis7.ddt","41.9",".ddt"
"textures\ui\campmap_c_norselands3.ddt","44.7",".ddt"
"textures\ui\campmap_c_norselands4.ddt","49.3",".ddt"
"textures\ui\campmap_egypt1.ddt","33",".ddt"
"textures\ui\campmap_egypt10.ddt","38.3",".ddt"
"textures\ui\campmap_egypt11.ddt","41",".ddt"
"textures\ui\campmap_egypt12.ddt","44",".ddt"
"textures\ui\campmap_egypt2.ddt","44.7",".ddt"
"textures\ui\campmap_egypt3.ddt","43.1",".ddt"
"textures\ui\campmap_egypt4.ddt","48.8",".ddt"
"textures\ui\campmap_egypt5.ddt","37",".ddt"
"textures\ui\campmap_egypt6.ddt","40",".ddt"
"textures\ui\campmap_egypt7.ddt","39.9",".ddt"
"textures\ui\campmap_egypt8.ddt","44.4",".ddt"
"textures\ui\campmap_egypt9.ddt","33.1",".ddt"
"textures\ui\campmap_f_atlantis6.ddt","40.4",".ddt"
"textures\ui\campmap_f_atlantis7.ddt","47.2",".ddt"
"textures\ui\campmap_f_egypt7.ddt","40.1",".ddt"
"textures\ui\campmap_f_greece7.ddt","51.2",".ddt"
"textures\ui\campmap_f_greece8.ddt","50.1",".ddt"
"textures\ui\campmap_f_new_atlantis6.ddt","34.6",".ddt"
"textures\ui\campmap_f_new_atlantis7.ddt","42.5",".ddt"
"textures\ui\campmap_f_norselands3.ddt","46.2",".ddt"
"textures\ui\campmap_f_norselands4.ddt","49",".ddt"
"textures\ui\campmap_greece1.ddt","41.4",".ddt"
"textures\ui\campmap_greece10.ddt","38.3",".ddt"
"textures\ui\campmap_greece11.ddt","37.2",".ddt"
"textures\ui\campmap_greece12.ddt","40.3",".ddt"
"textures\ui\campmap_greece2.ddt","48.1",".ddt"
"textures\ui\campmap_greece3.ddt","47.1",".ddt"
"textures\ui\campmap_greece4.ddt","51.5",".ddt"
"textures\ui\campmap_greece5.ddt","46.3",".ddt"
"textures\ui\campmap_greece6.ddt","48.8",".ddt"
"textures\ui\campmap_greece7.ddt","50.3",".ddt"
"textures\ui\campmap_greece8.ddt","50.1",".ddt"
"textures\ui\campmap_greece9.ddt","37.9",".ddt"
"textures\ui\campmap_g_atlantis6.ddt","41.3",".ddt"
"textures\ui\campmap_g_atlantis7.ddt","47.2",".ddt"
"textures\ui\campmap_g_egypt7.ddt","41.8",".ddt"
"textures\ui\campmap_g_greece7.ddt","50.3",".ddt"
"textures\ui\campmap_g_greece8.ddt","49.7",".ddt"
"textures\ui\campmap_g_new_atlantis6.ddt","34.6",".ddt"
"textures\ui\campmap_g_new_atlantis7.ddt","42.5",".ddt"
"textures\ui\campmap_g_norselands3.ddt","45.7",".ddt"
"textures\ui\campmap_g_norselands4.ddt","49",".ddt"
"textures\ui\campmap_i_atlantis6.ddt","40.4",".ddt"
"textures\ui\campmap_i_atlantis7.ddt","47.2",".ddt"
"textures\ui\campmap_i_egypt7.ddt","40.2",".ddt"
"textures\ui\campmap_i_greece7.ddt","50.9",".ddt"
"textures\ui\campmap_i_greece8.ddt","50.1",".ddt"
"textures\ui\campmap_i_new_atlantis6.ddt","34.6",".ddt"
"textures\ui\campmap_i_new_atlantis7.ddt","42.5",".ddt"
"textures\ui\campmap_i_norselands3.ddt","45.5",".ddt"
"textures\ui\campmap_i_norselands4.ddt","50.2",".ddt"
"textures\ui\campmap_k_atlantis6.ddt","39.7",".ddt"
"textures\ui\campmap_k_atlantis7.ddt","46.5",".ddt"
"textures\ui\campmap_k_egypt7.ddt","40",".ddt"
"textures\ui\campmap_k_greece7.ddt","50.6",".ddt"
"textures\ui\campmap_k_greece8.ddt","50.1",".ddt"
"textures\ui\campmap_k_new_atlantis6.ddt","35.2",".ddt"
"textures\ui\campmap_k_new_atlantis7.ddt","42",".ddt"
"textures\ui\campmap_k_norselands3.ddt","45.2",".ddt"
"textures\ui\campmap_k_norselands4.ddt","49.3",".ddt"
"textures\ui\campmap_new_atlantis1.ddt","32",".ddt"
"textures\ui\campmap_new_atlantis10.ddt","34.9",".ddt"
"textures\ui\campmap_new_atlantis11.ddt","35",".ddt"
"textures\ui\campmap_new_atlantis12.ddt","36.4",".ddt"
"textures\ui\campmap_new_atlantis2.ddt","35.9",".ddt"
"textures\ui\campmap_new_atlantis3.ddt","37.6",".ddt"
"textures\ui\campmap_new_atlantis4.ddt","46.1",".ddt"
"textures\ui\campmap_new_atlantis5.ddt","29.8",".ddt"
"textures\ui\campmap_new_atlantis6.ddt","34.8",".ddt"
"textures\ui\campmap_new_atlantis7.ddt","42.5",".ddt"
"textures\ui\campmap_new_atlantis8.ddt","48.6",".ddt"
"textures\ui\campmap_new_atlantis9.ddt","31.2",".ddt"
"textures\ui\campmap_norselands1.ddt","32.9",".ddt"
"textures\ui\campmap_norselands10.ddt","43.7",".ddt"
"textures\ui\campmap_norselands11.ddt","40.9",".ddt"
"textures\ui\campmap_norselands12.ddt","38.7",".ddt"
"textures\ui\campmap_norselands2.ddt","37.3",".ddt"
"textures\ui\campmap_norselands3.ddt","46",".ddt"
"textures\ui\campmap_norselands4.ddt","49.7",".ddt"
"textures\ui\campmap_norselands5.ddt","38.7",".ddt"
"textures\ui\campmap_norselands6.ddt","42.5",".ddt"
"textures\ui\campmap_norselands7.ddt","49.2",".ddt"
"textures\ui\campmap_norselands8.ddt","48.6",".ddt"
"textures\ui\campmap_norselands9.ddt","42.2",".ddt"
"textures\ui\campmap_s_atlantis6.ddt","40.5",".ddt"
"textures\ui\campmap_s_atlantis7.ddt","47.2",".ddt"
"textures\ui\campmap_s_egypt7.ddt","40.5",".ddt"
"textures\ui\campmap_s_greece7.ddt","50.9",".ddt"
"textures\ui\campmap_s_greece8.ddt","50.1",".ddt"
"textures\ui\campmap_s_new_atlantis6.ddt","34.7",".ddt"
"textures\ui\campmap_s_new_atlantis7.ddt","42.7",".ddt"
"textures\ui\campmap_s_norselands3.ddt","46.1",".ddt"
"textures\ui\campmap_s_norselands4.ddt","51.1",".ddt"
"textures\ui\chargebar empty.ddt","0.5",".ddt"
"textures\ui\chargebar health.ddt","0.7",".ddt"
"textures\ui\chargebar power.ddt","0.7",".ddt"
"textures\ui\chat icon.ddt","0.5",".ddt"
"textures\ui\diamond-alpha.ddt","0.1",".ddt"
"textures\ui\diamond.ddt","0.1",".ddt"
"textures\ui\divider 128x32.ddt","0.9",".ddt"
"textures\ui\ecliff32.ddt","1.7",".ddt"
"textures\ui\ecliff64.ddt","5.8",".ddt"
"textures\ui\eforest32.ddt","1.8",".ddt"
"textures\ui\eforest64.ddt","5.9",".ddt"
"textures\ui\ensemble logo.ddt","3.2",".ddt"
"textures\ui\eriver32.ddt","1.5",".ddt"
"textures\ui\eriver64.ddt","4.8",".ddt"
"textures\ui\es online logo bright.ddt","3.1",".ddt"
"textures\ui\es online logo long.ddt","3.1",".ddt"
"textures\ui\es online logo tall.ddt","4",".ddt"
"textures\ui\eshallow32.ddt","1.6",".ddt"
"textures\ui\eshallow64.ddt","5.1",".ddt"
"textures\ui\folder icon rollover.ddt","0.1",".ddt"
"textures\ui\folder icon.ddt","0.1",".ddt"
"textures\ui\folder up arrow icon rollover.ddt","0.2",".ddt"
"textures\ui\folder up arrow icon.ddt","0.2",".ddt"
"textures\ui\g-d-a-arrow-alpha.ddt","0.1",".ddt"
"textures\ui\g-d-b-arrow-alpha.ddt","0.1",".ddt"
"textures\ui\g-d-c-arrow-alpha.ddt","0.1",".ddt"
"textures\ui\g-l-a-arrow-alpha.ddt","0.1",".ddt"
"textures\ui\g-l-b-arrow-alpha.ddt","0.1",".ddt"
"textures\ui\g-l-c-arrow-alpha.ddt","0.1",".ddt"
"textures\ui\g-r-a-arrow-alpha.ddt","0.1",".ddt"
"textures\ui\g-r-b-arrow-alpha.ddt","0.1",".ddt"
"textures\ui\g-r-c-arrow-alpha.ddt","0.1",".ddt"
"textures\ui\g-u-a-arrow-alpha.ddt","0.1",".ddt"
"textures\ui\g-u-b-arrow-alpha.ddt","0.1",".ddt"
"textures\ui\g-u-c-arrow-alpha.ddt","0.1",".ddt"
"textures\ui\gathericon.ddt","0.1",".ddt"
"textures\ui\gcliff32.ddt","1.8",".ddt"
"textures\ui\gcliff64.ddt","6.2",".ddt"
"textures\ui\gforest32.ddt","1.8",".ddt"
"textures\ui\gforest64.ddt","6.2",".ddt"
"textures\ui\god minor icon egypt anubis.ddt","4.6",".ddt"
"textures\ui\god minor icon egypt bast.ddt","5",".ddt"
"textures\ui\god minor icon egypt hathor.ddt","5.6",".ddt"
"textures\ui\god minor icon egypt horus.ddt","5.2",".ddt"
"textures\ui\god minor icon egypt nephthys.ddt","6.3",".ddt"
"textures\ui\god minor icon egypt osiris.ddt","4.7",".ddt"
"textures\ui\god minor icon egypt ptah.ddt","6.1",".ddt"
"textures\ui\god minor icon egypt sekhmet.ddt","4.9",".ddt"
"textures\ui\god minor icon egypt thoth.ddt","5.9",".ddt"
"textures\ui\god minor icon greek aphrodite.ddt","5.3",".ddt"
"textures\ui\god minor icon greek apollo.ddt","5.9",".ddt"
"textures\ui\god minor icon greek ares.ddt","6.1",".ddt"
"textures\ui\god minor icon greek artemis.ddt","6.1",".ddt"
"textures\ui\god minor icon greek athena.ddt","5.8",".ddt"
"textures\ui\god minor icon greek dionysus.ddt","5.8",".ddt"
"textures\ui\god minor icon greek hephaestus.ddt","5.8",".ddt"
"textures\ui\god minor icon greek hera.ddt","5.3",".ddt"
"textures\ui\god minor icon greek hermes.ddt","5.8",".ddt"
"textures\ui\god minor icon norse baldr.ddt","5.6",".ddt"
"textures\ui\god minor icon norse bragi.ddt","6.1",".ddt"
"textures\ui\god minor icon norse forseti.ddt","5.7",".ddt"
"textures\ui\god minor icon norse freyja.ddt","6.1",".ddt"
"textures\ui\god minor icon norse heimdall.ddt","5.3",".ddt"
"textures\ui\god minor icon norse hel.ddt","5.4",".ddt"
"textures\ui\god minor icon norse njord.ddt","5.5",".ddt"
"textures\ui\god minor icon norse skadi.ddt","5.9",".ddt"
"textures\ui\god minor icon norse tyr.ddt","6",".ddt"
"textures\ui\god minor portrait egypt sekhmet.ddt","35.6",".ddt"
"textures\ui\god minor portrait greek aphrodite.ddt","34.2",".ddt"
"textures\ui\god minor portrait norse heimdall.ddt","37.7",".ddt"
"textures\ui\god minor portrait norse njord.ddt","41.2",".ddt"
"textures\ui\godselect e bottom.ddt","0.4",".ddt"
"textures\ui\godselect e bottomleft.ddt","1.4",".ddt"
"textures\ui\godselect e bottomright.ddt","1.4",".ddt"
"textures\ui\godselect e left.ddt","0.6",".ddt"
"textures\ui\godselect e right.ddt","0.6",".ddt"
"textures\ui\godselect e top.ddt","0.4",".ddt"
"textures\ui\godselect e topleft.ddt","1.4",".ddt"
"textures\ui\godselect e topright.ddt","1.4",".ddt"
"textures\ui\graphline.ddt","0.1",".ddt"
"textures\ui\graphlinefiller.ddt","0.1",".ddt"
"textures\ui\graphresign.ddt","0.1",".ddt"
"textures\ui\green.ddt","0",".ddt"
"textures\ui\greendot.ddt","0.4",".ddt"
"textures\ui\griver32.ddt","1.6",".ddt"
"textures\ui\griver64.ddt","5.3",".ddt"
"textures\ui\hades forest 32.ddt","1.9",".ddt"
"textures\ui\hades forest 64.ddt","6.7",".ddt"
"textures\ui\help button clicked.ddt","1.2",".ddt"
"textures\ui\help button rollover.ddt","1",".ddt"
"textures\ui\help button.ddt","1",".ddt"
"textures\ui\jungle forest 64.ddt","14",".ddt"
"textures\ui\kick button.ddt","0",".ddt"
"textures\ui\kickbutton.ddt","0",".ddt"
"textures\ui\l-a-arrow.ddt","0.1",".ddt"
"textures\ui\l-b-arrow.ddt","0.1",".ddt"
"textures\ui\l-big-arrow-alpha.ddt","0.1",".ddt"
"textures\ui\l-big-arrow.ddt","0.1",".ddt"
"textures\ui\l-c-arrow.ddt","0.1",".ddt"
"textures\ui\latency green.ddt","0.2",".ddt"
"textures\ui\latency red.ddt","0.2",".ddt"
"textures\ui\latency yellow.ddt","0.2",".ddt"
"textures\ui\legend.ddt","1",".ddt"
"textures\ui\lightblue.ddt","0",".ddt"
"textures\ui\lightgreen.ddt","0",".ddt"
"textures\ui\lightred.ddt","0",".ddt"
"textures\ui\logo-splash-forgotten-empires.ddt","1562.8",".ddt"
"textures\ui\logo-splash-microsoft.ddt","634",".ddt"
"textures\ui\logo-splash-skybox.ddt","355.7",".ddt"
"textures\ui\logo_forgottenempires.ddt","21.2",".ddt"
"textures\ui\logo_microsoft.ddt","15.6",".ddt"
"textures\ui\logo_skyboxlabs.ddt","15.6",".ddt"
"textures\ui\main left bottom.ddt","5.6",".ddt"
"textures\ui\main left middle.ddt","0.2",".ddt"
"textures\ui\main left top.ddt","5.6",".ddt"
"textures\ui\main middle bottom.ddt","0.5",".ddt"
"textures\ui\main middle top.ddt","0.5",".ddt"
"textures\ui\main right bottom.ddt","5.6",".ddt"
"textures\ui\main right middle.ddt","0.2",".ddt"
"textures\ui\main right top.ddt","5.7",".ddt"
"textures\ui\map restore 128x128.ddt","15",".ddt"
"textures\ui\marsh forest 32.ddt","1.9",".ddt"
"textures\ui\marsh forest 64.ddt","6.8",".ddt"
"textures\ui\mediteranean sea 32.ddt","1.5",".ddt"
"textures\ui\mediteranean sea 64.ddt","5.1",".ddt"
"textures\ui\minimap_border.ddt","3",".ddt"
"textures\ui\minimap_border_g.ddt","3",".ddt"
"textures\ui\minimize_noalpha.ddt","0.1",".ddt"
"textures\ui\mixed plain forest 64.ddt","14.2",".ddt"
"textures\ui\ncliff32.ddt","1.8",".ddt"
"textures\ui\ncliff64.ddt","6.1",".ddt"
"textures\ui\nforest32.ddt","1.9",".ddt"
"textures\ui\nforest64.ddt","6.3",".ddt"
"textures\ui\north atlantic ocean 32.ddt","1.3",".ddt"
"textures\ui\north atlantic ocean 64.ddt","4.6",".ddt"
"textures\ui\norweigen sea 32.ddt","1.5",".ddt"
"textures\ui\norweigen sea 64.ddt","5.3",".ddt"
"textures\ui\nriver32.ddt","1.6",".ddt"
"textures\ui\nriver64.ddt","4.8",".ddt"
"textures\ui\objectivesbox.ddt","0.2",".ddt"
"textures\ui\objectivescheck.ddt","0.4",".ddt"
"textures\ui\orange.ddt","0",".ddt"
"textures\ui\overlay_ajax_08.ddt","3.5",".ddt"
"textures\ui\overlay_amanra_14.ddt","2.6",".ddt"
"textures\ui\overlay_arck_35.ddt","6.8",".ddt"
"textures\ui\overlay_arrow_01.ddt","1.1",".ddt"
"textures\ui\overlay_arrow_01y.ddt","4.1",".ddt"
"textures\ui\overlay_arrow_02y.ddt","13.3",".ddt"
"textures\ui\overlay_arrow_03y.ddt","6.2",".ddt"
"textures\ui\overlay_arrow_04a.ddt","4.4",".ddt"
"textures\ui\overlay_arrow_04b.ddt","4.8",".ddt"
"textures\ui\overlay_arrow_04y.ddt","11.1",".ddt"
"textures\ui\overlay_arrow_05y.ddt","11.3",".ddt"
"textures\ui\overlay_arrow_06y.ddt","13.2",".ddt"
"textures\ui\overlay_arrow_07y.ddt","12.3",".ddt"
"textures\ui\overlay_arrow_09.ddt","9.3",".ddt"
"textures\ui\overlay_arrow_10.ddt","18.6",".ddt"
"textures\ui\overlay_arrow_11.ddt","11.5",".ddt"
"textures\ui\overlay_arrow_12.ddt","35.6",".ddt"
"textures\ui\overlay_arrow_12x.ddt","28.3",".ddt"
"textures\ui\overlay_arrow_13x.ddt","10.6",".ddt"
"textures\ui\overlay_arrow_14.ddt","4.1",".ddt"
"textures\ui\overlay_arrow_15.ddt","7.4",".ddt"
"textures\ui\overlay_arrow_16.ddt","14.5",".ddt"
"textures\ui\overlay_arrow_17.ddt","0.9",".ddt"
"textures\ui\overlay_arrow_18.ddt","0.9",".ddt"
"textures\ui\overlay_arrow_19.ddt","2.7",".ddt"
"textures\ui\overlay_arrow_20.ddt","4.9",".ddt"
"textures\ui\overlay_arrow_21.ddt","4.2",".ddt"
"textures\ui\overlay_arrow_22.ddt","21.9",".ddt"
"textures\ui\overlay_arrow_23.ddt","3.1",".ddt"
"textures\ui\overlay_arrow_24.ddt","5.4",".ddt"
"textures\ui\overlay_arrow_25.ddt","3",".ddt"
"textures\ui\overlay_arrow_26.ddt","2.7",".ddt"
"textures\ui\overlay_arrow_27.ddt","4.5",".ddt"
"textures\ui\overlay_arrow_28.ddt","2.6",".ddt"
"textures\ui\overlay_arrow_29.ddt","3.2",".ddt"
"textures\ui\overlay_arrow_30.ddt","6.2",".ddt"
"textures\ui\overlay_arrow_31.ddt","1.4",".ddt"
"textures\ui\overlay_arrow_32.ddt","1.5",".ddt"
"textures\ui\overlay_automaton_11.ddt","10.4",".ddt"
"textures\ui\overlay_banner_28.ddt","3.1",".ddt"
"textures\ui\overlay_battle_22.ddt","3.4",".ddt"
"textures\ui\overlay_blue_09.ddt","1",".ddt"
"textures\ui\overlay_cart_16.ddt","5.6",".ddt"
"textures\ui\overlay_cerberus_08.ddt","9.7",".ddt"
"textures\ui\overlay_chiron_10.ddt","3.3",".ddt"
"textures\ui\overlay_door_12.ddt","7",".ddt"
"textures\ui\overlay_dream_19.ddt","3.5",".ddt"
"textures\ui\overlay_folstag_09.ddt","11.1",".ddt"
"textures\ui\overlay_forge_26.ddt","9.4",".ddt"
"textures\ui\overlay_fortress_10.ddt","13.8",".ddt"
"textures\ui\overlay_garg_33.ddt","4",".ddt"
"textures\ui\overlay_gate_07.ddt","10.5",".ddt"
"textures\ui\overlay_guardian_15.ddt","3.2",".ddt"
"textures\ui\overlay_hammer_32.ddt","3.4",".ddt"
"textures\ui\overlay_kamos_5.ddt","3.7",".ddt"
"textures\ui\overlay_kastor_02.ddt","10.1",".ddt"
"textures\ui\overlay_kemsyt_20.ddt","2.5",".ddt"
"textures\ui\overlay_krios_01.ddt","12.2",".ddt"
"textures\ui\overlay_migdol_17.ddt","3.6",".ddt"
"textures\ui\overlay_norseman_25.ddt","3",".ddt"
"textures\ui\overlay_odintower_04.ddt","12.6",".ddt"
"textures\ui\overlay_oldman_27.ddt","3.2",".ddt"
"textures\ui\overlay_olympus_06.ddt","12.2",".ddt"
"textures\ui\overlay_osirispyramid_23.ddt","5.1",".ddt"
"textures\ui\overlay_passage_11.ddt","3.8",".ddt"
"textures\ui\overlay_pigs_24.ddt","2.5",".ddt"
"textures\ui\overlay_plenty_03.ddt","11.9",".ddt"
"textures\ui\overlay_poseidon_4.ddt","3.9",".ddt"
"textures\ui\overlay_pyramid_18.ddt","4.6",".ddt"
"textures\ui\overlay_ram_31.ddt","3.7",".ddt"
"textures\ui\overlay_red_09.ddt","1",".ddt"
"textures\ui\overlay_reigenleif_29.ddt","5.5",".ddt"
"textures\ui\overlay_ruins_12.ddt","30.6",".ddt"
"textures\ui\overlay_shade_13.ddt","5.8",".ddt"
"textures\ui\overlay_ship_34.ddt","7",".ddt"
"textures\ui\overlay_tammerisk_21.ddt","4.4",".ddt"
"textures\ui\overlay_temple_05.ddt","13.2",".ddt"
"textures\ui\overlay_titan_07.ddt","11.8",".ddt"
"textures\ui\overlay_trojanhorse_09.ddt","11.2",".ddt"
"textures\ui\overlay_wall_06.ddt","10.8",".ddt"
"textures\ui\overlay_wellofurd_30.ddt","4",".ddt"
"textures\ui\overlay_y_0.ddt","50.1",".ddt"
"textures\ui\overlay_y_1.ddt","51.5",".ddt"
"textures\ui\overlay_y_10.ddt","56.4",".ddt"
"textures\ui\overlay_y_2.ddt","51.8",".ddt"
"textures\ui\overlay_y_3.ddt","50.3",".ddt"
"textures\ui\overlay_y_4.ddt","51",".ddt"
"textures\ui\overlay_y_5.ddt","49.4",".ddt"
"textures\ui\overlay_y_6.ddt","51",".ddt"
"textures\ui\overlay_y_7.ddt","49.2",".ddt"
"textures\ui\overlay_y_8.ddt","55.7",".ddt"
"textures\ui\overlay_y_9.ddt","49.8",".ddt"
"textures\ui\pine forest 32.ddt","1.9",".ddt"
"textures\ui\pine forest 64.ddt","6.4",".ddt"
"textures\ui\plain forest 64.ddt","14.2",".ddt"
"textures\ui\player status icon.ddt","0.7",".ddt"
"textures\ui\r-a-arrow.ddt","0.1",".ddt"
"textures\ui\r-big-arrow-alpha.ddt","0.1",".ddt"
"textures\ui\r-big-arrow.ddt","0.1",".ddt"
"textures\ui\r-c-arrow.ddt","0.1",".ddt"
"textures\ui\radio-blank.ddt","0.1",".ddt"
"textures\ui\radio-fill.ddt","0.1",".ddt"
"textures\ui\record game add bookmark.ddt","0.3",".ddt"
"textures\ui\record game bookmark next.ddt","0.3",".ddt"
"textures\ui\record game bookmark previous.ddt","0.3",".ddt"
"textures\ui\record game check box checked.ddt","0.3",".ddt"
"textures\ui\record game check box.ddt","0.2",".ddt"
"textures\ui\record game input field arrow.ddt","0.2",".ddt"
"textures\ui\record game pause.ddt","0.2",".ddt"
"textures\ui\record game progress bar background.ddt","0.3",".ddt"
"textures\ui\record game progress bar filler.ddt","4.1",".ddt"
"textures\ui\red sea 32.ddt","1.5",".ddt"
"textures\ui\red sea 64.ddt","5.2",".ddt"
"textures\ui\red.ddt","0",".ddt"
"textures\ui\reddot.ddt","0.3",".ddt"
"textures\ui\resources.ddt","1.8",".ddt"
"textures\ui\resources_c.ddt","2.8",".ddt"
"textures\ui\resources_x.ddt","2.3",".ddt"
"textures\ui\savannah forest 32.ddt","1.9",".ddt"
"textures\ui\savannah forest 64.ddt","6.5",".ddt"
"textures\ui\screen shot a_01.ddt","82.9",".ddt"
"textures\ui\screen shot a_02.ddt","49.2",".ddt"
"textures\ui\screen shot a_03.ddt","52.1",".ddt"
"textures\ui\screen shot a_04.ddt","58.2",".ddt"
"textures\ui\screen shot a_05.ddt","62.6",".ddt"
"textures\ui\screen shot a_06.ddt","54.6",".ddt"
"textures\ui\screen shot a_07.ddt","52.2",".ddt"
"textures\ui\screen shot a_08.ddt","63.5",".ddt"
"textures\ui\screen shot a_09.ddt","58.1",".ddt"
"textures\ui\screen shot a_10.ddt","47.9",".ddt"
"textures\ui\screen shot a_11.ddt","48.7",".ddt"
"textures\ui\screen shot a_12.ddt","58.6",".ddt"
"textures\ui\searching bar_01.ddt","4.2",".ddt"
"textures\ui\searching bar_02.ddt","4.2",".ddt"
"textures\ui\searching bar_03.ddt","4.1",".ddt"
"textures\ui\searching bar_04.ddt","4.1",".ddt"
"textures\ui\searching bar_05.ddt","4.2",".ddt"
"textures\ui\searching bar_06.ddt","4.1",".ddt"
"textures\ui\searching bar_07.ddt","4.2",".ddt"
"textures\ui\searching bar_08.ddt","4.2",".ddt"
"textures\ui\start up1.ddt","51.9",".ddt"
"textures\ui\start up10.ddt","52.6",".ddt"
"textures\ui\start up11.ddt","58.7",".ddt"
"textures\ui\start up12.ddt","62",".ddt"
"textures\ui\start up2.ddt","57",".ddt"
"textures\ui\start up3.ddt","64.2",".ddt"
"textures\ui\start up4.ddt","57.5",".ddt"
"textures\ui\start up5.ddt","67.3",".ddt"
"textures\ui\start up6.ddt","72.7",".ddt"
"textures\ui\start up7.ddt","79.6",".ddt"
"textures\ui\start up8.ddt","67.7",".ddt"
"textures\ui\start up9.ddt","53.9",".ddt"
"textures\ui\steamworkshop-default-icon.ddt","7.7",".ddt"
"textures\ui\submenu middle bottom.ddt","1.1",".ddt"
"textures\ui\submenu middle top.ddt","1.1",".ddt"
"textures\ui\submenu right bottom.ddt","1.7",".ddt"
"textures\ui\submenu right middle.ddt","0.1",".ddt"
"textures\ui\submenu right top.ddt","1.2",".ddt"
"textures\ui\techtree icon.ddt","0.6",".ddt"
"textures\ui\techtreefuxi.ddt","1429.4",".ddt"
"textures\ui\techtreegaia1.ddt","37.8",".ddt"
"textures\ui\techtreegaia10.ddt","39.7",".ddt"
"textures\ui\techtreegaia11.ddt","37.6",".ddt"
"textures\ui\techtreegaia12.ddt","44.3",".ddt"
"textures\ui\techtreegaia2.ddt","33.6",".ddt"
"textures\ui\techtreegaia3.ddt","27.3",".ddt"
"textures\ui\techtreegaia4.ddt","32.1",".ddt"
"textures\ui\techtreegaia5.ddt","48.9",".ddt"
"textures\ui\techtreegaia6.ddt","35",".ddt"
"textures\ui\techtreegaia7.ddt","34.8",".ddt"
"textures\ui\techtreegaia8.ddt","51.3",".ddt"
"textures\ui\techtreegaia9.ddt","58.2",".ddt"
"textures\ui\techtreehades1.ddt","53.5",".ddt"
"textures\ui\techtreehades10.ddt","47.8",".ddt"
"textures\ui\techtreehades11.ddt","39.1",".ddt"
"textures\ui\techtreehades12.ddt","47.4",".ddt"
"textures\ui\techtreehades2.ddt","55.7",".ddt"
"textures\ui\techtreehades3.ddt","33.3",".ddt"
"textures\ui\techtreehades4.ddt","38.7",".ddt"
"textures\ui\techtreehades5.ddt","49.4",".ddt"
"textures\ui\techtreehades6.ddt","57.1",".ddt"
"textures\ui\techtreehades7.ddt","47.1",".ddt"
"textures\ui\techtreehades8.ddt","53",".ddt"
"textures\ui\techtreehades9.ddt","56.3",".ddt"
"textures\ui\techtreeisis1.ddt","49.9",".ddt"
"textures\ui\techtreeisis10.ddt","60.1",".ddt"
"textures\ui\techtreeisis11.ddt","34.9",".ddt"
"textures\ui\techtreeisis12.ddt","47.1",".ddt"
"textures\ui\techtreeisis2.ddt","44.3",".ddt"
"textures\ui\techtreeisis3.ddt","32.2",".ddt"
"textures\ui\techtreeisis4.ddt","37.7",".ddt"
"textures\ui\techtreeisis5.ddt","40.9",".ddt"
"textures\ui\techtreeisis6.ddt","51.9",".ddt"
"textures\ui\techtreeisis7.ddt","39",".ddt"
"textures\ui\techtreeisis8.ddt","45.7",".ddt"
"textures\ui\techtreeisis9.ddt","40",".ddt"
"textures\ui\techtreekronos1.ddt","37.8",".ddt"
"textures\ui\techtreekronos10.ddt","40.3",".ddt"
"textures\ui\techtreekronos11.ddt","47.4",".ddt"
"textures\ui\techtreekronos12.ddt","45",".ddt"
"textures\ui\techtreekronos2.ddt","33.6",".ddt"
"textures\ui\techtreekronos3.ddt","28.8",".ddt"
"textures\ui\techtreekronos4.ddt","30.6",".ddt"
"textures\ui\techtreekronos5.ddt","48.9",".ddt"
"textures\ui\techtreekronos6.ddt","34.4",".ddt"
"textures\ui\techtreekronos7.ddt","42.3",".ddt"
"textures\ui\techtreekronos8.ddt","53.8",".ddt"
"textures\ui\techtreekronos9.ddt","58.2",".ddt"
"textures\ui\techtreeloki1.ddt","39.4",".ddt"
"textures\ui\techtreeloki10.ddt","41.1",".ddt"
"textures\ui\techtreeloki11.ddt","44.8",".ddt"
"textures\ui\techtreeloki12.ddt","63.1",".ddt"
"textures\ui\techtreeloki2.ddt","34.2",".ddt"
"textures\ui\techtreeloki3.ddt","26.5",".ddt"
"textures\ui\techtreeloki4.ddt","30.6",".ddt"
"textures\ui\techtreeloki5.ddt","33.9",".ddt"
"textures\ui\techtreeloki6.ddt","31.9",".ddt"
"textures\ui\techtreeloki7.ddt","39.9",".ddt"
"textures\ui\techtreeloki8.ddt","43.6",".ddt"
"textures\ui\techtreeloki9.ddt","47.2",".ddt"
"textures\ui\techtreenuwa.ddt","1454.6",".ddt"
"textures\ui\techtreeodin1.ddt","42.2",".ddt"
"textures\ui\techtreeodin10.ddt","40.4",".ddt"
"textures\ui\techtreeodin11.ddt","54.5",".ddt"
"textures\ui\techtreeodin12.ddt","71.8",".ddt"
"textures\ui\techtreeodin2.ddt","35",".ddt"
"textures\ui\techtreeodin3.ddt","28.8",".ddt"
"textures\ui\techtreeodin4.ddt","32.6",".ddt"
"textures\ui\techtreeodin5.ddt","33",".ddt"
"textures\ui\techtreeodin6.ddt","31.3",".ddt"
"textures\ui\techtreeodin7.ddt","42.3",".ddt"
"textures\ui\techtreeodin8.ddt","45.8",".ddt"
"textures\ui\techtreeodin9.ddt","47.2",".ddt"
"textures\ui\techtreeouranos1.ddt","37.5",".ddt"
"textures\ui\techtreeouranos10.ddt","40.5",".ddt"
"textures\ui\techtreeouranos11.ddt","38.5",".ddt"
"textures\ui\techtreeouranos12.ddt","44.7",".ddt"
"textures\ui\techtreeouranos2.ddt","33.1",".ddt"
"textures\ui\techtreeouranos3.ddt","27.5",".ddt"
"textures\ui\techtreeouranos4.ddt","30.7",".ddt"
"textures\ui\techtreeouranos5.ddt","48.9",".ddt"
"textures\ui\techtreeouranos6.ddt","36.5",".ddt"
"textures\ui\techtreeouranos7.ddt","38",".ddt"
"textures\ui\techtreeouranos8.ddt","57.4",".ddt"
"textures\ui\techtreeouranos9.ddt","58.2",".ddt"
"textures\ui\techtreeposeidon1.ddt","53.4",".ddt"
"textures\ui\techtreeposeidon10.ddt","45.8",".ddt"
"textures\ui\techtreeposeidon11.ddt","39.8",".ddt"
"textures\ui\techtreeposeidon12.ddt","45",".ddt"
"textures\ui\techtreeposeidon2.ddt","55.6",".ddt"
"textures\ui\techtreeposeidon3.ddt","32.8",".ddt"
"textures\ui\techtreeposeidon4.ddt","37.4",".ddt"
"textures\ui\techtreeposeidon5.ddt","46.1",".ddt"
"textures\ui\techtreeposeidon6.ddt","55.4",".ddt"
"textures\ui\techtreeposeidon7.ddt","43.4",".ddt"
"textures\ui\techtreeposeidon8.ddt","40",".ddt"
"textures\ui\techtreeposeidon9.ddt","55.2",".ddt"
"textures\ui\techtreera1.ddt","51.3",".ddt"
"textures\ui\techtreera10.ddt","61",".ddt"
"textures\ui\techtreera11.ddt","45.6",".ddt"
"textures\ui\techtreera12.ddt","51.7",".ddt"
"textures\ui\techtreera2.ddt","45.8",".ddt"
"textures\ui\techtreera3.ddt","31.8",".ddt"
"textures\ui\techtreera4.ddt","39.3",".ddt"
"textures\ui\techtreera5.ddt","43.5",".ddt"
"textures\ui\techtreera6.ddt","51.9",".ddt"
"textures\ui\techtreera7.ddt","47.8",".ddt"
"textures\ui\techtreera8.ddt","49.1",".ddt"
"textures\ui\techtreera9.ddt","40",".ddt"
"textures\ui\techtreeset1.ddt","51.3",".ddt"
"textures\ui\techtreeset10.ddt","51.8",".ddt"
"textures\ui\techtreeset11.ddt","38.5",".ddt"
"textures\ui\techtreeset12.ddt","46.7",".ddt"
"textures\ui\techtreeset2.ddt","45.3",".ddt"
"textures\ui\techtreeset3.ddt","33.2",".ddt"
"textures\ui\techtreeset4.ddt","39.5",".ddt"
"textures\ui\techtreeset5.ddt","43.5",".ddt"
"textures\ui\techtreeset6.ddt","52.4",".ddt"
"textures\ui\techtreeset7.ddt","45",".ddt"
"textures\ui\techtreeset8.ddt","45.1",".ddt"
"textures\ui\techtreeset9.ddt","40",".ddt"
"textures\ui\techtreeshennong.ddt","1444.8",".ddt"
"textures\ui\techtreethor1.ddt","39.4",".ddt"
"textures\ui\techtreethor10.ddt","40.8",".ddt"
"textures\ui\techtreethor11.ddt","48.9",".ddt"
"textures\ui\techtreethor12.ddt","72.3",".ddt"
"textures\ui\techtreethor2.ddt","34.3",".ddt"
"textures\ui\techtreethor3.ddt","28.6",".ddt"
"textures\ui\techtreethor4.ddt","32.6",".ddt"
"textures\ui\techtreethor5.ddt","33.6",".ddt"
"textures\ui\techtreethor6.ddt","31.2",".ddt"
"textures\ui\techtreethor7.ddt","40.4",".ddt"
"textures\ui\techtreethor8.ddt","45.2",".ddt"
"textures\ui\techtreethor9.ddt","43.4",".ddt"
"textures\ui\techtreezeus1.ddt","53.4",".ddt"
"textures\ui\techtreezeus10.ddt","45.5",".ddt"
"textures\ui\techtreezeus11.ddt","35.7",".ddt"
"textures\ui\techtreezeus12.ddt","42.9",".ddt"
"textures\ui\techtreezeus2.ddt","55.9",".ddt"
"textures\ui\techtreezeus3.ddt","34.3",".ddt"
"textures\ui\techtreezeus4.ddt","35.9",".ddt"
"textures\ui\techtreezeus5.ddt","47",".ddt"
"textures\ui\techtreezeus6.ddt","55.3",".ddt"
"textures\ui\techtreezeus7.ddt","43.6",".ddt"
"textures\ui\techtreezeus8.ddt","51.4",".ddt"
"textures\ui\techtreezeus9.ddt","56.5",".ddt"
"textures\ui\top score star.ddt","0.9",".ddt"
"textures\ui\tribute icon.ddt","0.8",".ddt"
"textures\ui\tundra forest 32.ddt","2",".ddt"
"textures\ui\tundra forest 64.ddt","6.8",".ddt"
"textures\ui\tundra sea 32.ddt","1.7",".ddt"
"textures\ui\tundra sea 64.ddt","5.5",".ddt"
"textures\ui\ui .net passport logo.ddt","2.1",".ddt"
"textures\ui\ui background black opaque.ddt","0.1",".ddt"
"textures\ui\ui background blue opaque.ddt","0.1",".ddt"
"textures\ui\ui background blue transparent.ddt","0.1",".ddt"
"textures\ui\ui background dark blue opaque.ddt","0.1",".ddt"
"textures\ui\ui background dark blue transparent.ddt","0.1",".ddt"
"textures\ui\ui background opaque 1.ddt","0.1",".ddt"
"textures\ui\ui background opaque 2.ddt","0.1",".ddt"
"textures\ui\ui background opaque 3.ddt","0.1",".ddt"
"textures\ui\ui background transparent 1.ddt","0.1",".ddt"
"textures\ui\ui background yellow opaque.ddt","0",".ddt"
"textures\ui\ui border bottom left corner.ddt","9.4",".ddt"
"textures\ui\ui border bottom middle.ddt","2.6",".ddt"
"textures\ui\ui border bottom right corner.ddt","9.4",".ddt"
"textures\ui\ui border chinese bottom left corner.ddt","2",".ddt"
"textures\ui\ui border chinese bottom middle.ddt","0.3",".ddt"
"textures\ui\ui border chinese bottom right corner.ddt","1.9",".ddt"
"textures\ui\ui border chinese left middle.ddt","0.2",".ddt"
"textures\ui\ui border chinese right middle.ddt","0.2",".ddt"
"textures\ui\ui border chinese top left corner.ddt","2",".ddt"
"textures\ui\ui border chinese top middle.ddt","0.3",".ddt"
"textures\ui\ui border chinese top right corner.ddt","2",".ddt"
"textures\ui\ui border egypt bottom left corner.ddt","2.3",".ddt"
"textures\ui\ui border egypt bottom middle.ddt","0.8",".ddt"
"textures\ui\ui border egypt bottom right corner.ddt","2.4",".ddt"
"textures\ui\ui border egypt left middle.ddt","0.2",".ddt"
"textures\ui\ui border egypt right middle.ddt","0.2",".ddt"
"textures\ui\ui border egypt top left corner.ddt","2.4",".ddt"
"textures\ui\ui border egypt top middle.ddt","0.8",".ddt"
"textures\ui\ui border egypt top right close button clicked.ddt","1.7",".ddt"
"textures\ui\ui border egypt top right close button rollover.ddt","1.7",".ddt"
"textures\ui\ui border egypt top right close button.ddt","1.7",".ddt"
"textures\ui\ui border egypt top right corner.ddt","2.4",".ddt"
"textures\ui\ui border greek bottom left corner.ddt","1.6",".ddt"
"textures\ui\ui border greek bottom middle.ddt","0.1",".ddt"
"textures\ui\ui border greek bottom right corner.ddt","1.4",".ddt"
"textures\ui\ui border greek left middle.ddt","0.1",".ddt"
"textures\ui\ui border greek right middle.ddt","0.1",".ddt"
"textures\ui\ui border greek top left corner.ddt","1.2",".ddt"
"textures\ui\ui border greek top middle.ddt","0.1",".ddt"
"textures\ui\ui border greek top right close button clicked.ddt","0.3",".ddt"
"textures\ui\ui border greek top right close button rollover.ddt","0.4",".ddt"
"textures\ui\ui border greek top right close button.ddt","0.4",".ddt"
"textures\ui\ui border greek top right corner.ddt","1.1",".ddt"
"textures\ui\ui border left middle.ddt","14.7",".ddt"
"textures\ui\ui border norse bottom left corner.ddt","1.9",".ddt"
"textures\ui\ui border norse bottom middle.ddt","0.1",".ddt"
"textures\ui\ui border norse bottom right corner.ddt","1.9",".ddt"
"textures\ui\ui border norse left middle.ddt","0.2",".ddt"
"textures\ui\ui border norse right middle.ddt","0.2",".ddt"
"textures\ui\ui border norse top left corner.ddt","1.8",".ddt"
"textures\ui\ui border norse top middle.ddt","0.1",".ddt"
"textures\ui\ui border norse top right close button clicked.ddt","1.6",".ddt"
"textures\ui\ui border norse top right close button rollover.ddt","1.7",".ddt"
"textures\ui\ui border norse top right close button.ddt","1.6",".ddt"
"textures\ui\ui border norse top right corner.ddt","1.9",".ddt"
"textures\ui\ui border right middle.ddt","15.1",".ddt"
"textures\ui\ui border top left corner.ddt","9.5",".ddt"
"textures\ui\ui border top middle.ddt","2.6",".ddt"
"textures\ui\ui border top right corner.ddt","9.7",".ddt"
"textures\ui\ui border x bottom left corner.ddt","2.4",".ddt"
"textures\ui\ui border x bottom middle.ddt","0.1",".ddt"
"textures\ui\ui border x bottom right corner.ddt","2.3",".ddt"
"textures\ui\ui border x left middle.ddt","0.1",".ddt"
"textures\ui\ui border x right middle.ddt","0.1",".ddt"
"textures\ui\ui border x top left corner.ddt","2.2",".ddt"
"textures\ui\ui border x top middle.ddt","0.3",".ddt"
"textures\ui\ui border x top right corner.ddt","2.2",".ddt"
"textures\ui\ui button arrow down 32x64 clicked.ddt","1.3",".ddt"
"textures\ui\ui button arrow down 32x64 grey.ddt","0.8",".ddt"
"textures\ui\ui button arrow down 32x64 rollover.ddt","1",".ddt"
"textures\ui\ui button arrow down 32x64.ddt","1",".ddt"
"textures\ui\ui button arrow left 64x32 clicked.ddt","1",".ddt"
"textures\ui\ui button arrow left 64x32 grey.ddt","0.8",".ddt"
"textures\ui\ui button arrow left 64x32 rollover.ddt","0.9",".ddt"
"textures\ui\ui button arrow left 64x32.ddt","0.9",".ddt"
"textures\ui\ui button arrow right 64x32 clicked.ddt","1.1",".ddt"
"textures\ui\ui button arrow right 64x32 grey.ddt","0.7",".ddt"
"textures\ui\ui button arrow right 64x32 rollover.ddt","0.9",".ddt"
"textures\ui\ui button arrow right 64x32.ddt","0.9",".ddt"
"textures\ui\ui button arrow up 32x64 clicked.ddt","1.2",".ddt"
"textures\ui\ui button arrow up 32x64 grey.ddt","0.8",".ddt"
"textures\ui\ui button arrow up 32x64 rollover.ddt","1",".ddt"
"textures\ui\ui button arrow up 32x64.ddt","1",".ddt"
"textures\ui\ui button check box 32x32 clicked.ddt","0.3",".ddt"
"textures\ui\ui button check box 32x32 green.ddt","0.7",".ddt"
"textures\ui\ui button check box 32x32 grey.ddt","0.3",".ddt"
"textures\ui\ui button check box 32x32 red.ddt","0.7",".ddt"
"textures\ui\ui button check box 32x32 rollover.ddt","0.2",".ddt"
"textures\ui\ui button check box 32x32.ddt","0.4",".ddt"
"textures\ui\ui button check box checked grey.ddt","0.3",".ddt"
"textures\ui\ui button check box green.ddt","0.6",".ddt"
"textures\ui\ui button check box red.ddt","0.6",".ddt"
"textures\ui\ui button long 128x32 blue.ddt","3.2",".ddt"
"textures\ui\ui button long 128x32 clicked blue.ddt","2.6",".ddt"
"textures\ui\ui button long 128x32 clicked.ddt","2.8",".ddt"
"textures\ui\ui button long 128x32 grey.ddt","1.6",".ddt"
"textures\ui\ui button long 128x32 rollover blue.ddt","3.2",".ddt"
"textures\ui\ui button long 128x32 rollover.ddt","2.2",".ddt"
"textures\ui\ui button long 128x32.ddt","2.9",".ddt"
"textures\ui\ui button long 160x32 blue.ddt","3.8",".ddt"
"textures\ui\ui button long 160x32 clicked blue.ddt","3",".ddt"
"textures\ui\ui button long 160x32 clicked.ddt","3",".ddt"
"textures\ui\ui button long 160x32 rollover blue.ddt","3.8",".ddt"
"textures\ui\ui button long 160x32 rollover.ddt","2.6",".ddt"
"textures\ui\ui button long 160x32.ddt","3.4",".ddt"
"textures\ui\ui button long 192x32 blue.ddt","4.1",".ddt"
"textures\ui\ui button long 192x32 clicked blue.ddt","3.3",".ddt"
"textures\ui\ui button long 192x32 clicked.ddt","3",".ddt"
"textures\ui\ui button long 192x32 grey.ddt","2",".ddt"
"textures\ui\ui button long 192x32 rollover blue.ddt","4.2",".ddt"
"textures\ui\ui button long 192x32 rollover.ddt","2.7",".ddt"
"textures\ui\ui button long 192x32.ddt","3.7",".ddt"
"textures\ui\ui button long 224x32 blue.ddt","4.3",".ddt"
"textures\ui\ui button long 224x32 clicked blue.ddt","3.5",".ddt"
"textures\ui\ui button long 224x32 clicked.ddt","3.1",".ddt"
"textures\ui\ui button long 224x32 rollover blue.ddt","4.5",".ddt"
"textures\ui\ui button long 224x32 rollover.ddt","2.7",".ddt"
"textures\ui\ui button long 224x32.ddt","3.8",".ddt"
"textures\ui\ui button long 256x32 blue.ddt","4.2",".ddt"
"textures\ui\ui button long 256x32 clicked blue.ddt","3.6",".ddt"
"textures\ui\ui button long 256x32 clicked.ddt","5",".ddt"
"textures\ui\ui button long 256x32 rollover blue.ddt","4.9",".ddt"
"textures\ui\ui button long 256x32 rollover.ddt","5",".ddt"
"textures\ui\ui button long 256x32.ddt","4.7",".ddt"
"textures\ui\ui button long 96x32 blue.ddt","2.7",".ddt"
"textures\ui\ui button long 96x32 clicked blue.ddt","2.3",".ddt"
"textures\ui\ui button long 96x32 clicked.ddt","2.1",".ddt"
"textures\ui\ui button long 96x32 rollover blue.ddt","2.6",".ddt"
"textures\ui\ui button long 96x32 rollover.ddt","1.9",".ddt"
"textures\ui\ui button long 96x32.ddt","2.4",".ddt"
"textures\ui\ui button long skinny 128x32 clicked.ddt","2.1",".ddt"
"textures\ui\ui button long skinny 128x32 rollover.ddt","2.5",".ddt"
"textures\ui\ui button long skinny 128x32.ddt","2.5",".ddt"
"textures\ui\ui button long skinny 160x32 clicked.ddt","2.5",".ddt"
"textures\ui\ui button long skinny 160x32 rollover.ddt","3.1",".ddt"
"textures\ui\ui button long skinny 160x32.ddt","3.1",".ddt"
"textures\ui\ui button long skinny 192x32 clicked.ddt","2.6",".ddt"
"textures\ui\ui button long skinny 192x32 grey.ddt","2.6",".ddt"
"textures\ui\ui button long skinny 192x32 rollover.ddt","3.5",".ddt"
"textures\ui\ui button long skinny 192x32.ddt","3.3",".ddt"
"textures\ui\ui button long skinny 224x32 clicked.ddt","2.8",".ddt"
"textures\ui\ui button long skinny 224x32 rollover.ddt","3.7",".ddt"
"textures\ui\ui button long skinny 224x32.ddt","3.4",".ddt"
"textures\ui\ui button long skinny 256x32 clicked.ddt","2.8",".ddt"
"textures\ui\ui button long skinny 256x32 rollover.ddt","4",".ddt"
"textures\ui\ui button long skinny 256x32.ddt","3.4",".ddt"
"textures\ui\ui button long skinny 96x32 clicked.ddt","1.9",".ddt"
"textures\ui\ui button long skinny 96x32 rollover.ddt","2.2",".ddt"
"textures\ui\ui button long skinny 96x32.ddt","2.3",".ddt"
"textures\ui\ui button radial 24x24 clicked.ddt","0.9",".ddt"
"textures\ui\ui button radial 24x24 grey.ddt","0.7",".ddt"
"textures\ui\ui button radial 24x24 rollover.ddt","0.5",".ddt"
"textures\ui\ui button radial 24x24.ddt","0.9",".ddt"
"textures\ui\ui button radial 32x32 clicked.ddt","0.4",".ddt"
"textures\ui\ui button radial 32x32 grey.ddt","0.4",".ddt"
"textures\ui\ui button radial 32x32 rollover.ddt","0.6",".ddt"
"textures\ui\ui button radial 32x32 selected grey.ddt","0.4",".ddt"
"textures\ui\ui button radial 32x32.ddt","0.4",".ddt"
"textures\ui\ui button slider arrow down 32x32 clicked.ddt","0.4",".ddt"
"textures\ui\ui button slider arrow down 32x32 grey.ddt","0.4",".ddt"
"textures\ui\ui button slider arrow down 32x32 rollover.ddt","0.4",".ddt"
"textures\ui\ui button slider arrow down 32x32.ddt","0.5",".ddt"
"textures\ui\ui button slider arrow left 32x32 clicked.ddt","0.5",".ddt"
"textures\ui\ui button slider arrow left 32x32 grey.ddt","0.5",".ddt"
"textures\ui\ui button slider arrow left 32x32 rollover.ddt","0.5",".ddt"
"textures\ui\ui button slider arrow left 32x32.ddt","0.5",".ddt"
"textures\ui\ui button slider arrow right 32x32 clicked.ddt","0.5",".ddt"
"textures\ui\ui button slider arrow right 32x32 grey.ddt","0.4",".ddt"
"textures\ui\ui button slider arrow right 32x32 rollover.ddt","0.5",".ddt"
"textures\ui\ui button slider arrow right 32x32.ddt","0.5",".ddt"
"textures\ui\ui button slider arrow up 32x32 clicked.ddt","0.4",".ddt"
"textures\ui\ui button slider arrow up 32x32 grey.ddt","0.4",".ddt"
"textures\ui\ui button slider arrow up 32x32 rollover.ddt","0.4",".ddt"
"textures\ui\ui button slider arrow up 32x32.ddt","0.5",".ddt"
"textures\ui\ui button tab down 128x32.ddt","1.1",".ddt"
"textures\ui\ui button tab down 152x32.ddt","1.7",".ddt"
"textures\ui\ui button tab friends list.ddt","0.4",".ddt"
"textures\ui\ui button tab up 128x32.ddt","1.2",".ddt"
"textures\ui\ui button tab up 152x32.ddt","1.9",".ddt"
"textures\ui\ui dlc icon 64x64.bti","0",".bti"
"textures\ui\ui dlc icon 64x64.ddt","9.3",".ddt"
"textures\ui\ui dot net passport logo.ddt","2.1",".ddt"
"textures\ui\ui eso friends aom 16x16.ddt","0.5",".ddt"
"textures\ui\ui eso friends unknown 16x16.ddt","0.2",".ddt"
"textures\ui\ui eso friends xpack 16x16.ddt","0.5",".ddt"
"textures\ui\ui god all random 128x128.ddt","14.1",".ddt"
"textures\ui\ui god all random 256x256.ddt","46.8",".ddt"
"textures\ui\ui god all random 32x32.ddt","1.5",".ddt"
"textures\ui\ui god all random 64x64.ddt","4.2",".ddt"
"textures\ui\ui god atlantean random 128x128.ddt","14.7",".ddt"
"textures\ui\ui god atlantean random 256x256.ddt","44",".ddt"
"textures\ui\ui god atlantean random 32x32.ddt","1.4",".ddt"
"textures\ui\ui god atlantean random 64x64.ddt","4.5",".ddt"
"textures\ui\ui god base all random 128x128.ddt","14.1",".ddt"
"textures\ui\ui god base all random 256x256.ddt","46.8",".ddt"
"textures\ui\ui god base all random 32x32.ddt","1.5",".ddt"
"textures\ui\ui god base all random 64x64.ddt","4.2",".ddt"
"textures\ui\ui god boarder highlight 128x128.ddt","5.8",".ddt"
"textures\ui\ui god boarder highlight 256x256.ddt","16.9",".ddt"
"textures\ui\ui god chinese random 256x256.ddt","165.7",".ddt"
"textures\ui\ui god chinese random 32x32.ddt","4",".ddt"
"textures\ui\ui god disabled 256x256.bti","0",".bti"
"textures\ui\ui god disabled 256x256.tga","256",".tga"
"textures\ui\ui god egypt random 128x128.ddt","15",".ddt"
"textures\ui\ui god egypt random 256x256.ddt","44.7",".ddt"
"textures\ui\ui god egypt random 32x32.ddt","1.4",".ddt"
"textures\ui\ui god egypt random 64x64.ddt","4.8",".ddt"
"textures\ui\ui god fuxi 128x128.ddt","51",".ddt"
"textures\ui\ui god fuxi 256x256.ddt","160.2",".ddt"
"textures\ui\ui god fuxi 32x32.ddt","4",".ddt"
"textures\ui\ui god fuxi 64x64.ddt","13.9",".ddt"
"textures\ui\ui god gaia 128x128.ddt","14.2",".ddt"
"textures\ui\ui god gaia 256x256.ddt","40.6",".ddt"
"textures\ui\ui god gaia 32x32.ddt","1.4",".ddt"
"textures\ui\ui god gaia 64x64.ddt","4.4",".ddt"
"textures\ui\ui god greek random 128x128.ddt","16.4",".ddt"
"textures\ui\ui god greek random 256x256.ddt","48.2",".ddt"
"textures\ui\ui god greek random 32x32.ddt","1.5",".ddt"
"textures\ui\ui god greek random 64x64.ddt","5.1",".ddt"
"textures\ui\ui god hades 128x128.ddt","14.3",".ddt"
"textures\ui\ui god hades 256x256.ddt","45.7",".ddt"
"textures\ui\ui god hades 32x32.ddt","1.3",".ddt"
"textures\ui\ui god hades 64x64.ddt","4.6",".ddt"
"textures\ui\ui god isis 128x128.ddt","14",".ddt"
"textures\ui\ui god isis 256x256.ddt","45.3",".ddt"
"textures\ui\ui god isis 32x32.ddt","1.5",".ddt"
"textures\ui\ui god isis 64x64.ddt","4.5",".ddt"
"textures\ui\ui god kronos 128x128.ddt","14.7",".ddt"
"textures\ui\ui god kronos 256x256.ddt","45.1",".ddt"
"textures\ui\ui god kronos 32x32.ddt","1.4",".ddt"
"textures\ui\ui god kronos 64x64.ddt","4.6",".ddt"
"textures\ui\ui god loki 128x128.ddt","14.2",".ddt"
"textures\ui\ui god loki 256x256.ddt","45.7",".ddt"
"textures\ui\ui god loki 32x32.ddt","1.3",".ddt"
"textures\ui\ui god loki 64x64.ddt","4.5",".ddt"
"textures\ui\ui god norse random 128x128.ddt","15.9",".ddt"
"textures\ui\ui god norse random 256x256.ddt","50.4",".ddt"
"textures\ui\ui god norse random 32x32.ddt","1.4",".ddt"
"textures\ui\ui god norse random 64x64.ddt","4.9",".ddt"
"textures\ui\ui god nuwa 128x128.ddt","51.5",".ddt"
"textures\ui\ui god nuwa 256x256.ddt","161.9",".ddt"
"textures\ui\ui god nuwa 32x32.ddt","4.1",".ddt"
"textures\ui\ui god nuwa 64x64.ddt","14",".ddt"
"textures\ui\ui god odin 128x128.ddt","14.5",".ddt"
"textures\ui\ui god odin 256x256.ddt","48.6",".ddt"
"textures\ui\ui god odin 32x32.ddt","1.4",".ddt"
"textures\ui\ui god odin 64x64.ddt","4.4",".ddt"
"textures\ui\ui god oranos 128x128.ddt","14.7",".ddt"
"textures\ui\ui god oranos 256x256.ddt","43.7",".ddt"
"textures\ui\ui god oranos 32x32.ddt","1.4",".ddt"
"textures\ui\ui god oranos 64x64.ddt","4.5",".ddt"
"textures\ui\ui god poseidon 128x128.ddt","14",".ddt"
"textures\ui\ui god poseidon 256x256.ddt","45.8",".ddt"
"textures\ui\ui god poseidon 32x32.ddt","1.4",".ddt"
"textures\ui\ui god poseidon 64x64.ddt","4.5",".ddt"
"textures\ui\ui god ra 128x128.ddt","13.5",".ddt"
"textures\ui\ui god ra 256x256.ddt","44.2",".ddt"
"textures\ui\ui god ra 32x32.ddt","1.3",".ddt"
"textures\ui\ui god ra 64x64.ddt","4.3",".ddt"
"textures\ui\ui god set 128x128.ddt","13.1",".ddt"
"textures\ui\ui god set 256x256.ddt","41.9",".ddt"
"textures\ui\ui god set 32x32.ddt","1.3",".ddt"
"textures\ui\ui god set 64x64.ddt","4.3",".ddt"
"textures\ui\ui god shennong 128x128.ddt","51.5",".ddt"
"textures\ui\ui god shennong 256x256.ddt","160.8",".ddt"
"textures\ui\ui god shennong 32x32.ddt","4.1",".ddt"
"textures\ui\ui god shennong 64x64.ddt","14",".ddt"
"textures\ui\ui god thor 128x128.ddt","14.2",".ddt"
"textures\ui\ui god thor 256x256.ddt","46.6",".ddt"
"textures\ui\ui god thor 32x32.ddt","1.4",".ddt"
"textures\ui\ui god thor 64x64.ddt","4.4",".ddt"
"textures\ui\ui god zeus 128x128.ddt","13.8",".ddt"
"textures\ui\ui god zeus 256x256.ddt","38.9",".ddt"
"textures\ui\ui god zeus 32x32.ddt","1.4",".ddt"
"textures\ui\ui god zeus 64x64.ddt","4.5",".ddt"
"textures\ui\ui icon button clicked.ddt","1.3",".ddt"
"textures\ui\ui icon button foreground film.ddt","2.4",".ddt"
"textures\ui\ui icon button foreground history.ddt","1.7",".ddt"
"textures\ui\ui icon button foreground options.ddt","1.7",".ddt"
"textures\ui\ui icon button foreground steam.ddt","1.8",".ddt"
"textures\ui\ui icon button rollover.ddt","1.1",".ddt"
"textures\ui\ui icon button.ddt","0.9",".ddt"
"textures\ui\ui line yellow vertical.ddt","1.4",".ddt"
"textures\ui\ui line yellow.ddt","2.5",".ddt"
"textures\ui\ui map acropolis 128x128.ddt","12.5",".ddt"
"textures\ui\ui map acropolis 256x256.ddt","51.8",".ddt"
"textures\ui\ui map alfheim 128x128.ddt","14.2",".ddt"
"textures\ui\ui map alfheim 256x256.ddt","53.1",".ddt"
"textures\ui\ui map altheim 128x128.ddt","12",".ddt"
"textures\ui\ui map altheim 256x256.ddt","53",".ddt"
"textures\ui\ui map anatolia 128x128.ddt","12.4",".ddt"
"textures\ui\ui map anatolia 256x256.ddt","52.6",".ddt"
"textures\ui\ui map any 128x128.ddt","11.8",".ddt"
"textures\ui\ui map any 256x256.ddt","39.1",".ddt"
"textures\ui\ui map archipelago 128x128.ddt","12.6",".ddt"
"textures\ui\ui map archipelago 256x256.ddt","37.7",".ddt"
"textures\ui\ui map basin 256x256.ddt","145.2",".ddt"
"textures\ui\ui map black sea 128x128.ddt","10.1",".ddt"
"textures\ui\ui map black sea 256x256.ddt","32.6",".ddt"
"textures\ui\ui map blue lagoon.ddt","96.5",".ddt"
"textures\ui\ui map boarder highlight 128x128.ddt","5.8",".ddt"
"textures\ui\ui map boarder highlight 256x256.ddt","18.6",".ddt"
"textures\ui\ui map boarder template 128x128.ddt","6.1",".ddt"
"textures\ui\ui map boarder template 256x256.ddt","16.8",".ddt"
"textures\ui\ui map deep jungle 256x256.ddt","154",".ddt"
"textures\ui\ui map erebus 128x128.ddt","12.6",".ddt"
"textures\ui\ui map erebus 256x256.ddt","48.4",".ddt"
"textures\ui\ui map fgc 128x128.ddt","16",".ddt"
"textures\ui\ui map fgc 256x256.ddt","44.9",".ddt"
"textures\ui\ui map ghost lake 128x128.ddt","11.9",".ddt"
"textures\ui\ui map ghost lake 256x256.ddt","50.5",".ddt"
"textures\ui\ui map golden fleece 128x128.ddt","10.4",".ddt"
"textures\ui\ui map golden fleece 256x256.ddt","46.6",".ddt"
"textures\ui\ui map highland 128x128.ddt","16.2",".ddt"
"textures\ui\ui map highland 256x256.ddt","50.7",".ddt"
"textures\ui\ui map islands 128x128.ddt","10.3",".ddt"
"textures\ui\ui map islands 256x256.ddt","38.6",".ddt"
"textures\ui\ui map jotunheim 128x128.ddt","12.6",".ddt"
"textures\ui\ui map jotunheim 256x256.ddt","50.1",".ddt"
"textures\ui\ui map king of the hill 128x128.ddt","11.8",".ddt"
"textures\ui\ui map king of the hill 256x256.ddt","52.7",".ddt"
"textures\ui\ui map land unknown 128x128.ddt","11.3",".ddt"
"textures\ui\ui map land unknown 256x256.ddt","41.1",".ddt"
"textures\ui\ui map marsh 128x128.ddt","15.9",".ddt"
"textures\ui\ui map marsh 256x256.ddt","46.1",".ddt"
"textures\ui\ui map mediterranean 128x128.ddt","10.8",".ddt"
"textures\ui\ui map mediterranean 256x256.ddt","44",".ddt"
"textures\ui\ui map megalopolis 128x128.ddt","12.2",".ddt"
"textures\ui\ui map megalopolis 256x256.ddt","45.2",".ddt"
"textures\ui\ui map midgard 128x128.ddt","10.2",".ddt"
"textures\ui\ui map midgard 256x256.ddt","38.7",".ddt"
"textures\ui\ui map missing 128x128.ddt","7.9",".ddt"
"textures\ui\ui map missing 256x256.ddt","32.8",".ddt"
"textures\ui\ui map nomad 128x128.ddt","11.7",".ddt"
"textures\ui\ui map nomad 256x256.ddt","45.4",".ddt"
"textures\ui\ui map oasis 128x128.ddt","10.5",".ddt"
"textures\ui\ui map oasis 256x256.ddt","48",".ddt"
"textures\ui\ui map old atlantis 256x256.ddt","163.4",".ddt"
"textures\ui\ui map open fields 256x256.ddt","146.1",".ddt"
"textures\ui\ui map pick 128x128.ddt","10.7",".ddt"
"textures\ui\ui map pick 256x256.ddt","37.4",".ddt"
"textures\ui\ui map random 128x128.ddt","10.2",".ddt"
"textures\ui\ui map random 256x256.ddt","41.4",".ddt"
"textures\ui\ui map random fast 128x128.ddt","11.5",".ddt"
"textures\ui\ui map random fast 256x256.ddt","44.5",".ddt"
"textures\ui\ui map regicide 256x256.ddt","159.5",".ddt"
"textures\ui\ui map restore 256x256.ddt","44.8",".ddt"
"textures\ui\ui map river nile 128x128.ddt","11.5",".ddt"
"textures\ui\ui map river nile 256x256.ddt","46.1",".ddt"
"textures\ui\ui map river styx 128x128.ddt","8.2",".ddt"
"textures\ui\ui map river styx 256x256.ddt","30.3",".ddt"
"textures\ui\ui map savannah 128x128.ddt","12.8",".ddt"
"textures\ui\ui map savannah 256x256.ddt","54.1",".ddt"
"textures\ui\ui map scenario 128x128.ddt","13.7",".ddt"
"textures\ui\ui map scenario 256x256.ddt","39.5",".ddt"
"textures\ui\ui map sea of worms 128x128.ddt","9.3",".ddt"
"textures\ui\ui map sea of worms 256x256.ddt","33.4",".ddt"
"textures\ui\ui map silk road 256x256.ddt","147.7",".ddt"
"textures\ui\ui map size giant disabled.bti","0",".bti"
"textures\ui\ui map size giant disabled.tga","256",".tga"
"textures\ui\ui map size select giant clicked.ddt","10.4",".ddt"
"textures\ui\ui map size select giant.ddt","7.3",".ddt"
"textures\ui\ui map size select large clicked.ddt","8",".ddt"
"textures\ui\ui map size select large.ddt","7.6",".ddt"
"textures\ui\ui map size select normal clicked.ddt","4.9",".ddt"
"textures\ui\ui map size select normal.ddt","4.6",".ddt"
"textures\ui\ui map sudden death 128x128.ddt","12.4",".ddt"
"textures\ui\ui map sudden death 256x256.ddt","53.8",".ddt"
"textures\ui\ui map team migration 128x128.ddt","7.7",".ddt"
"textures\ui\ui map team migration 256x256.ddt","28.6",".ddt"
"textures\ui\ui map the unknown 128x128.ddt","9.8",".ddt"
"textures\ui\ui map the unknown 256x256.ddt","39.5",".ddt"
"textures\ui\ui map tundra 128x128.ddt","18.3",".ddt"
"textures\ui\ui map tundra 256x256.ddt","54.5",".ddt"
"textures\ui\ui map user made 128x128.ddt","10.1",".ddt"
"textures\ui\ui map user made 256x256.ddt","42.1",".ddt"
"textures\ui\ui map valley of kings 128x128.ddt","11.8",".ddt"
"textures\ui\ui map valley of kings 256x256.ddt","50.4",".ddt"
"textures\ui\ui map vinlandsaga 128x128.ddt","10.4",".ddt"
"textures\ui\ui map vinlandsaga 256x256.ddt","39.4",".ddt"
"textures\ui\ui map watering hole 128x128.ddt","12.2",".ddt"
"textures\ui\ui map watering hole 256x256.ddt","47.6",".ddt"
"textures\ui\ui map yellow river 256x256.ddt","154.3",".ddt"
"textures\ui\ui online multiplayer test.ddt","7.2",".ddt"
"textures\ui\ui ornate gold swirl 128x64.ddt","6.8",".ddt"
"textures\ui\ui ornate gold swirl 16x32.ddt","0.6",".ddt"
"textures\ui\ui ornate gold swirl 32x16.ddt","0.7",".ddt"
"textures\ui\ui ornate gold swirl 32x64.ddt","2",".ddt"
"textures\ui\ui ornate gold swirl 64x128.ddt","5",".ddt"
"textures\ui\ui ornate gold swirl 64x32.ddt","2.1",".ddt"
"textures\ui\ui pregame aom titan logo left.ddt","236.6",".ddt"
"textures\ui\ui pregame aom titan logo right.ddt","239.4",".ddt"
"textures\ui\ui pregame button click.ddt","4.8",".ddt"
"textures\ui\ui pregame button clicked.ddt","4.8",".ddt"
"textures\ui\ui pregame button glow.ddt","0.6",".ddt"
"textures\ui\ui pregame button rollover.ddt","2.9",".ddt"
"textures\ui\ui pregame button.ddt","4",".ddt"
"textures\ui\ui pregame left bottom.ddt","235",".ddt"
"textures\ui\ui pregame left middle.ddt","199.4",".ddt"
"textures\ui\ui pregame left top.ddt","85.6",".ddt"
"textures\ui\ui pregame right bottom.ddt","237.3",".ddt"
"textures\ui\ui pregame right middle.ddt","196.3",".ddt"
"textures\ui\ui pregame right top.ddt","86.5",".ddt"
"textures\ui\ui pregame transparency background.ddt","0.1",".ddt"
"textures\ui\ui progress bar background left.ddt","0.6",".ddt"
"textures\ui\ui progress bar background middle.ddt","15.3",".ddt"
"textures\ui\ui progress bar background right.ddt","0.6",".ddt"
"textures\ui\ui progress bar flair.ddt","2.4",".ddt"
"textures\ui\ui progress bar.ddt","18.6",".ddt"
"textures\ui\ui quick start button 256x64 clicked.ddt","9.3",".ddt"
"textures\ui\ui quick start button 256x64 rollover.ddt","9.1",".ddt"
"textures\ui\ui quick start button 256x64.ddt","9",".ddt"
"textures\ui\ui scroll bottom 128x16.ddt","1.4",".ddt"
"textures\ui\ui scroll bottom 256x16.ddt","1.5",".ddt"
"textures\ui\ui scroll bottom 64x16.ddt","0.8",".ddt"
"textures\ui\ui scroll bottom tile 8x8 grey.ddt","0.1",".ddt"
"textures\ui\ui scroll bottom tile 8x8.ddt","0.1",".ddt"
"textures\ui\ui scroll bottom tile grey.ddt","0.2",".ddt"
"textures\ui\ui scroll bottom tile tan.ddt","0.2",".ddt"
"textures\ui\ui scroll bottom tile.ddt","0.2",".ddt"
"textures\ui\ui scroll cap left 8x8 grey.ddt","0.1",".ddt"
"textures\ui\ui scroll cap left 8x8.ddt","0.1",".ddt"
"textures\ui\ui scroll cap left grey.ddt","0.2",".ddt"
"textures\ui\ui scroll cap left tan.ddt","0.3",".ddt"
"textures\ui\ui scroll cap left.ddt","0.3",".ddt"
"textures\ui\ui scroll cap right 8x8 grey.ddt","0.1",".ddt"
"textures\ui\ui scroll cap right 8x8.ddt","0.1",".ddt"
"textures\ui\ui scroll cap right grey.ddt","0.2",".ddt"
"textures\ui\ui scroll cap right tan.ddt","0.3",".ddt"
"textures\ui\ui scroll cap right.ddt","0.3",".ddt"
"textures\ui\ui scroll middle 128x16 tan.ddt","4.8",".ddt"
"textures\ui\ui scroll middle 128x16.ddt","4.7",".ddt"
"textures\ui\ui scroll middle 256x16.ddt","6.8",".ddt"
"textures\ui\ui scroll middle 64x16.ddt","0.2",".ddt"
"textures\ui\ui scroll middle tile 8x8.ddt","0",".ddt"
"textures\ui\ui scroll middle tile grey.ddt","0.6",".ddt"
"textures\ui\ui scroll middle tile.ddt","0.7",".ddt"
"textures\ui\ui scroll top 128x16.ddt","1.5",".ddt"
"textures\ui\ui scroll top 256x16.ddt","1.5",".ddt"
"textures\ui\ui scroll top 64x16.ddt","0.7",".ddt"
"textures\ui\ui scroll top tile 8x8.ddt","0.1",".ddt"
"textures\ui\ui scroll top tile grey.ddt","0.2",".ddt"
"textures\ui\ui scroll top tile tan.ddt","0.2",".ddt"
"textures\ui\ui scroll top tile.ddt","0.2",".ddt"
"textures\ui\ui slider pip horizontal.ddt","0.1",".ddt"
"textures\ui\ui slider pip verticle.ddt","0.2",".ddt"
"textures\ui\ui text box left grey.ddt","0.5",".ddt"
"textures\ui\ui text box left.ddt","0.8",".ddt"
"textures\ui\ui text box middle grey.ddt","0.4",".ddt"
"textures\ui\ui text box middle.ddt","0.7",".ddt"
"textures\ui\ui text box right grey.ddt","0.5",".ddt"
"textures\ui\ui text box right.ddt","0.8",".ddt"
"textures\ui\ui text chat box grey.ddt","0.7",".ddt"
"textures\ui\ui text chat box.ddt","0.9",".ddt"
"textures\ui\ui_check.ddt","0.3",".ddt"
"textures\ui\ui_close.ddt","0.1",".ddt"
"textures\ui\ui_close_alpha.ddt","0.1",".ddt"
"textures\ui\ui_consolebackground.ddt","59.8",".ddt"
"textures\ui\ui_dark_gray.ddt","0.1",".ddt"
"textures\ui\ui_downarrow_l.ddt","0.1",".ddt"
"textures\ui\ui_downarrow_m.ddt","0.1",".ddt"
"textures\ui\ui_downarrow_s.ddt","0.1",".ddt"
"textures\ui\ui_drive.ddt","0.1",".ddt"
"textures\ui\ui_file.ddt","0.3",".ddt"
"textures\ui\ui_folder.ddt","0.1",".ddt"
"textures\ui\ui_g_menuicon.ddt","0.9",".ddt"
"textures\ui\ui_highlight.ddt","0.2",".ddt"
"textures\ui\ui_highlight2.ddt","0.1",".ddt"
"textures\ui\ui_leftarrow_l.ddt","0.1",".ddt"
"textures\ui\ui_leftarrow_m.ddt","0.1",".ddt"
"textures\ui\ui_leftarrow_s.ddt","0.1",".ddt"
"textures\ui\ui_light_gray.ddt","0.1",".ddt"
"textures\ui\ui_med_gray.ddt","0.1",".ddt"
"textures\ui\ui_menucheck.ddt","0.1",".ddt"
"textures\ui\ui_menucheck_dis.ddt","0.1",".ddt"
"textures\ui\ui_menuseparator.ddt","0.1",".ddt"
"textures\ui\ui_menuuncheck.ddt","0.1",".ddt"
"textures\ui\ui_menuunderline.ddt","0.1",".ddt"
"textures\ui\ui_menuunderline_dis.ddt","0.1",".ddt"
"textures\ui\ui_minimap.ddt","0.9",".ddt"
"textures\ui\ui_minimize.ddt","0.1",".ddt"
"textures\ui\ui_pip_h_1.ddt","0.1",".ddt"
"textures\ui\ui_pip_h_2.ddt","0.1",".ddt"
"textures\ui\ui_pip_h_3.ddt","0.1",".ddt"
"textures\ui\ui_pip_v_1.ddt","0.1",".ddt"
"textures\ui\ui_pip_v_2.ddt","0.1",".ddt"
"textures\ui\ui_pip_v_3.ddt","0.1",".ddt"
"textures\ui\ui_radioblank.ddt","0.3",".ddt"
"textures\ui\ui_radiofill.ddt","0.3",".ddt"
"textures\ui\ui_rightarrow_l.ddt","0.1",".ddt"
"textures\ui\ui_rightarrow_m.ddt","0.1",".ddt"
"textures\ui\ui_rightarrow_s.ddt","0.1",".ddt"
"textures\ui\ui_toggleoff.ddt","0.1",".ddt"
"textures\ui\ui_toggleon.ddt","0.1",".ddt"
"textures\ui\ui_uncheck.ddt","0.2",".ddt"
"textures\ui\ui_uparrow_l.ddt","0.1",".ddt"
"textures\ui\ui_uparrow_m.ddt","0.1",".ddt"
"textures\ui\ui_uparrow_s.ddt","0.1",".ddt"
"textures\ui\yellowdot.ddt","0.4",".ddt"
"textures\ui\br\campmap_atlantis6.ddt","42.7",".ddt"
"textures\ui\br\campmap_atlantis7.ddt","42.7",".ddt"
"textures\ui\br\campmap_china7.ddt","184.3",".ddt"
"textures\ui\br\campmap_egypt7.ddt","42.7",".ddt"
"textures\ui\br\campmap_greece7.ddt","42.7",".ddt"
"textures\ui\br\campmap_new_atlantis6.ddt","42.7",".ddt"
"textures\ui\br\campmap_new_atlantis7.ddt","42.7",".ddt"
"textures\ui\br\campmap_norselands3.ddt","42.7",".ddt"
"textures\ui\br\campmap_norselands4.ddt","42.7",".ddt"
"textures\ui\cn\campmap_atlantis6.ddt","42.7",".ddt"
"textures\ui\cn\campmap_atlantis7.ddt","42.7",".ddt"
"textures\ui\cn\campmap_china7.ddt","180",".ddt"
"textures\ui\cn\campmap_egypt7.ddt","42.7",".ddt"
"textures\ui\cn\campmap_greece7.ddt","42.7",".ddt"
"textures\ui\cn\campmap_new_atlantis6.ddt","42.7",".ddt"
"textures\ui\cn\campmap_new_atlantis7.ddt","42.7",".ddt"
"textures\ui\cn\campmap_norselands3.ddt","42.7",".ddt"
"textures\ui\de\campmap_atlantis6.ddt","42.7",".ddt"
"textures\ui\de\campmap_atlantis7.ddt","42.7",".ddt"
"textures\ui\de\campmap_china7.ddt","184.3",".ddt"
"textures\ui\de\campmap_egypt7.ddt","42.7",".ddt"
"textures\ui\de\campmap_greece7.ddt","42.7",".ddt"
"textures\ui\de\campmap_greece8.ddt","42.7",".ddt"
"textures\ui\de\campmap_new_atlantis6.ddt","42.7",".ddt"
"textures\ui\de\campmap_new_atlantis7.ddt","42.7",".ddt"
"textures\ui\de\campmap_norselands3.ddt","42.7",".ddt"
"textures\ui\de\campmap_norselands4.ddt","42.7",".ddt"
"textures\ui\es\campmap_atlantis6.ddt","42.7",".ddt"
"textures\ui\es\campmap_atlantis7.ddt","42.7",".ddt"
"textures\ui\es\campmap_china7.ddt","184.3",".ddt"
"textures\ui\es\campmap_egypt7.ddt","42.7",".ddt"
"textures\ui\es\campmap_greece7.ddt","42.7",".ddt"
"textures\ui\es\campmap_new_atlantis6.ddt","42.7",".ddt"
"textures\ui\es\campmap_new_atlantis7.ddt","42.7",".ddt"
"textures\ui\es\campmap_norselands3.ddt","42.7",".ddt"
"textures\ui\es\campmap_norselands4.ddt","42.7",".ddt"
"textures\ui\fr\campmap_atlantis6.ddt","42.7",".ddt"
"textures\ui\fr\campmap_atlantis7.ddt","42.7",".ddt"
"textures\ui\fr\campmap_china7.ddt","184.2",".ddt"
"textures\ui\fr\campmap_egypt7.ddt","42.7",".ddt"
"textures\ui\fr\campmap_greece7.ddt","42.7",".ddt"
"textures\ui\fr\campmap_new_atlantis6.ddt","42.7",".ddt"
"textures\ui\fr\campmap_new_atlantis7.ddt","42.7",".ddt"
"textures\ui\fr\campmap_norselands3.ddt","42.7",".ddt"
"textures\ui\fr\campmap_norselands4.ddt","42.7",".ddt"
"textures\ui\it\campmap_atlantis6.ddt","42.7",".ddt"
"textures\ui\it\campmap_atlantis7.ddt","42.7",".ddt"
"textures\ui\it\campmap_china7.ddt","184.7",".ddt"
"textures\ui\it\campmap_egypt7.ddt","42.7",".ddt"
"textures\ui\it\campmap_greece7.ddt","42.7",".ddt"
"textures\ui\it\campmap_new_atlantis6.ddt","42.7",".ddt"
"textures\ui\it\campmap_new_atlantis7.ddt","42.7",".ddt"
"textures\ui\it\campmap_norselands3.ddt","42.7",".ddt"
"textures\ui\it\campmap_norselands4.ddt","42.7",".ddt"
"textures\ui\jp\campmap_china7.ddt","169.2",".ddt"
"textures\ui\ko\campmap_atlantis6.ddt","42.7",".ddt"
"textures\ui\ko\campmap_atlantis7.ddt","42.7",".ddt"
"textures\ui\ko\campmap_china7.ddt","170.8",".ddt"
"textures\ui\ko\campmap_egypt7.ddt","42.7",".ddt"
"textures\ui\ko\campmap_greece7.ddt","42.7",".ddt"
"textures\ui\ko\campmap_new_atlantis6.ddt","42.7",".ddt"
"textures\ui\ko\campmap_new_atlantis7.ddt","42.7",".ddt"
"textures\ui\ko\campmap_norselands3.ddt","42.7",".ddt"
"tools\TextureCompiler_v2\input_example\animal baboon corpse bodya.bti","0",".bti"
"tools\TextureCompiler_v2\input_example\animal baboon corpse bodya.tga","4",".tga"
"tools\TextureCompiler_v2\input_example\animal baboon corpse skeletona.bti","0",".bti"
"tools\TextureCompiler_v2\input_example\animal baboon corpse skeletona.tga","4",".tga"
"tools\TextureCompiler_v2\input_example\animal baboon map.bti","0",".bti"
"tools\TextureCompiler_v2\input_example\animal baboon map.tga","16",".tga"
"tools\TextureCompiler_v2\input_example\animal bear corpse bodya.bti","0",".bti"
"tools\TextureCompiler_v2\input_example\animal bear corpse bodya.tga","4",".tga"
