RelativePath,Category,SourceType,SourceWidth,SourceHeight,SourceArea,OutputWidth,OutputHeight,OutputArea,OutputMegapixels,OutputMaxDimension,BTIFormat,BTIAlphaBits,NoAlphaTest,NoMip,Clamp,BTIBOM,AlphaBand,AlphaCoveragePercent,AlphaValueCount,MTRLTotal,MTRLCT0,MTRLCT4,PBRifyFound,DDTFound,DDTBytes,DDTNonEmpty,Large1024Plus,Large2048Plus,Large4096Plus,Square1024Output,BC1Large,BC1Square1024,CanonicalFamily,EstimatedRGBABytes,OutputExactly4x
dlc-frontend\textures\ui\screen shot a_01.tga,Unknown,NormalExtraction,256,256,65536,1024,1024,1048576,1.0486,1024,DEFLATEDRGBA8,0,False,False,False,False,,100.0,1,0,0,0,True,True,655392,True,True,False,False,True,False,False,DEFLATED,4194304,True
dlc-frontend\textures\ui\screen shot a_02.tga,Unknown,NormalExtraction,256,256,65536,1024,1024,1048576,1.0486,1024,DEFLATEDRGBA8,0,False,False,False,False,,100.0,1,0,0,0,True,True,655392,True,True,False,False,True,False,False,DEFLATED,4194304,True
dlc-frontend\textures\ui\screen shot a_03.tga,Unknown,NormalExtraction,256,256,65536,1024,1024,1048576,1.0486,1024,DEFLATEDRGBA8,0,False,False,False,False,,100.0,1,0,0,0,True,True,655392,True,True,False,False,True,False,False,DEFLATED,4194304,True
dlc-frontend\textures\ui\screen shot a_04.tga,Unknown,NormalExtraction,256,256,65536,1024,1024,1048576,1.0486,1024,DEFLATEDRGBA8,0,False,False,False,False,,100.0,1,0,0,0,True,True,655392,True,True,False,False,True,False,False,DEFLATED,4194304,True
dlc-frontend\textures\ui\screen shot a_05.tga,Unknown,NormalExtraction,256,256,65536,1024,1024,1048576,1.0486,1024,DEFLATEDRGBA8,0,False,False,False,False,,100.0,1,0,0,0,True,True,655392,True,True,False,False,True,False,False,DEFLATED,4194304,True
dlc-frontend\textures\ui\screen shot a_06.tga,Unknown,NormalExtraction,256,256,65536,1024,1024,1048576,1.0486,1024,DEFLATEDRGBA8,0,False,False,False,False,,100.0,1,0,0,0,True,True,655392,True,True,False,False,True,False,False,DEFLATED,4194304,True
dlc-frontend\textures\ui\screen shot a_07.tga,Unknown,NormalExtraction,256,256,65536,1024,1024,1048576,1.0486,1024,DEFLATEDRGBA8,0,False,False,False,False,,100.0,1,0,0,0,True,True,655392,True,True,False,False,True,False,False,DEFLATED,4194304,True
dlc-frontend\textures\ui\screen shot a_08.tga,Unknown,NormalExtraction,256,256,65536,1024,1024,1048576,1.0486,1024,DEFLATEDRGBA8,0,False,False,False,False,,100.0,1,0,0,0,True,True,655392,True,True,False,False,True,False,False,DEFLATED,4194304,True
dlc-frontend\textures\ui\screen shot a_09.tga,Unknown,NormalExtraction,256,256,65536,1024,1024,1048576,1.0486,1024,DEFLATEDRGBA8,0,False,False,False,False,,100.0,1,0,0,0,True,True,655392,True,True,False,False,True,False,False,DEFLATED,4194304,True
dlc-frontend\textures\ui\screen shot a_10.tga,Unknown,NormalExtraction,256,256,65536,1024,1024,1048576,1.0486,1024,DEFLATEDRGBA8,0,False,False,False,False,,100.0,1,0,0,0,True,True,655392,True,True,False,False,True,False,False,DEFLATED,4194304,True
dlc-frontend\textures\ui\screen shot a_11.tga,Unknown,NormalExtraction,256,256,65536,1024,1024,1048576,1.0486,1024,DEFLATEDRGBA8,0,False,False,False,False,,100.0,1,0,0,0,True,True,655392,True,True,False,False,True,False,False,DEFLATED,4194304,True
dlc-frontend\textures\ui\screen shot a_12.tga,Unknown,NormalExtraction,256,256,65536,1024,1024,1048576,1.0486,1024,DEFLATEDRGBA8,0,False,False,False,False,,100.0,1,0,0,0,True,True,655392,True,True,False,False,True,False,False,DEFLATED,4194304,True
dlc-frontend\textures\ui\ui border left middle.tga,Unknown,NormalExtraction,64,256,16384,256,1024,262144,0.2621,1024,DEFLATEDRGBA8,1,False,False,False,False,,31.25,2,0,0,0,True,True,163872,True,True,False,False,False,False,False,DEFLATED,1048576,True
dlc-frontend\textures\ui\ui border right middle.tga,Unknown,NormalExtraction,64,256,16384,256,1024,262144,0.2621,1024,DEFLATEDRGBA8,1,False,False,False,False,,31.25,2,0,0,0,True,True,163872,True,True,False,False,False,False,False,DEFLATED,1048576,True
dlc-frontend\textures\ui\ui button long 160x32 clicked.tga,Unknown,NormalExtraction,256,32,8192,1024,128,131072,0.1311,1024,DEFLATEDRGBA8,1,False,False,False,False,,62.109,2,0,0,0,True,True,81952,True,True,False,False,False,False,False,DEFLATED,524288,True
dlc-frontend\textures\ui\ui button long 160x32 rollover.tga,Unknown,NormalExtraction,256,32,8192,1024,128,131072,0.1311,1024,DEFLATEDRGBA8,1,False,False,False,False,,62.109,2,0,0,0,True,True,81952,True,True,False,False,False,False,False,DEFLATED,524288,True
dlc-frontend\textures\ui\ui button long 160x32.tga,Unknown,NormalExtraction,256,32,8192,1024,128,131072,0.1311,1024,DEFLATEDRGBA8,1,False,False,False,False,,62.109,2,0,0,0,True,True,81952,True,True,False,False,False,False,False,DEFLATED,524288,True
dlc-frontend\textures\ui\ui button long 192x32 clicked.tga,Unknown,NormalExtraction,256,32,8192,1024,128,131072,0.1311,1024,DEFLATEDRGBA8,1,False,False,False,False,,74.219,2,0,0,0,True,True,81952,True,True,False,False,False,False,False,DEFLATED,524288,True
dlc-frontend\textures\ui\ui button long 192x32 rollover.tga,Unknown,NormalExtraction,256,32,8192,1024,128,131072,0.1311,1024,DEFLATEDRGBA8,1,False,False,False,False,,74.219,2,0,0,0,True,True,81952,True,True,False,False,False,False,False,DEFLATED,524288,True
dlc-frontend\textures\ui\ui button long 192x32.tga,Unknown,NormalExtraction,256,32,8192,1024,128,131072,0.1311,1024,DEFLATEDRGBA8,1,False,False,False,False,,74.219,2,0,0,0,True,True,81952,True,True,False,False,False,False,False,DEFLATED,524288,True
dlc-frontend\textures\ui\ui button long 224x32 clicked.tga,Unknown,NormalExtraction,256,32,8192,1024,128,131072,0.1311,1024,DEFLATEDRGBA8,1,False,False,False,False,,86.719,2,0,0,0,True,True,81952,True,True,False,False,False,False,False,DEFLATED,524288,True
dlc-frontend\textures\ui\ui button long 224x32 rollover.tga,Unknown,NormalExtraction,256,32,8192,1024,128,131072,0.1311,1024,DEFLATEDRGBA8,1,False,False,False,False,,86.719,2,0,0,0,True,True,81952,True,True,False,False,False,False,False,DEFLATED,524288,True
dlc-frontend\textures\ui\ui button long 224x32.tga,Unknown,NormalExtraction,256,32,8192,1024,128,131072,0.1311,1024,DEFLATEDRGBA8,1,False,False,False,False,,86.719,2,0,0,0,True,True,81952,True,True,False,False,False,False,False,DEFLATED,524288,True
dlc-frontend\textures\ui\ui god all random 256x256.tga,Unknown,NormalExtraction,256,256,65536,1024,1024,1048576,1.0486,1024,DEFLATEDRGBA8,0,False,False,False,False,,72.427,16,0,0,0,True,True,655392,True,True,False,False,True,False,False,DEFLATED,4194304,True
dlc-frontend\textures\ui\ui god boarder highlight 128x128.tga,Unknown,NormalExtraction,256,256,65536,1024,1024,1048576,1.0486,1024,DEFLATEDRGBA8,4,False,False,False,False,,25.584,31,0,0,0,True,True,655392,True,True,False,False,True,False,False,DEFLATED,4194304,True
dlc-frontend\textures\ui\ui map boarder highlight 128x128.tga,Unknown,NormalExtraction,256,256,65536,1024,1024,1048576,1.0486,1024,DEFLATEDRGBA8,4,False,False,False,False,,25.584,31,0,0,0,True,True,655392,True,True,False,False,True,False,False,DEFLATED,4194304,True
dlc-frontend\textures\ui\ui map boarder template 128x128.tga,Unknown,NormalExtraction,256,256,65536,1024,1024,1048576,1.0486,1024,DEFLATEDRGBA8,4,False,False,False,False,,32.365,16,0,0,0,True,True,655392,True,True,False,False,True,False,False,DEFLATED,4194304,True
dlc-frontend\textures\ui\ui pregame button clicked.tga,Unknown,NormalExtraction,256,64,16384,1024,256,262144,0.2621,1024,DEFLATEDRGBA8,4,False,False,False,False,,46.326,2,0,0,0,True,True,163872,True,True,False,False,False,False,False,DEFLATED,1048576,True
dlc-frontend\textures\ui\ui pregame button glow.tga,Unknown,NormalExtraction,256,64,16384,1024,256,262144,0.2621,1024,DEFLATEDRGBA8,4,False,False,False,False,,18.5,14,0,0,0,True,True,163872,True,True,False,False,False,False,False,DEFLATED,1048576,True
dlc-frontend\textures\ui\ui pregame button rollover.tga,Unknown,NormalExtraction,256,64,16384,1024,256,262144,0.2621,1024,DEFLATEDRGBA8,4,False,False,False,False,,46.326,2,0,0,0,True,True,163872,True,True,False,False,False,False,False,DEFLATED,1048576,True
dlc-frontend\textures\ui\ui pregame button.tga,Unknown,NormalExtraction,256,64,16384,1024,256,262144,0.2621,1024,DEFLATEDRGBA8,4,False,False,False,False,,46.326,2,0,0,0,True,True,163872,True,True,False,False,False,False,False,DEFLATED,1048576,True
dlc-frontend\textures\ui\ui pregame left bottom.tga,Unknown,NormalExtraction,481,360,173160,1924,1440,2770560,2.7706,1924,DEFLATEDRGBA8,4,False,False,False,False,,60.592,256,0,0,0,True,True,1732352,True,True,False,False,False,False,False,DEFLATED,11082240,True
dlc-frontend\textures\ui\ui pregame left middle.tga,Unknown,NormalExtraction,481,360,173160,1924,1440,2770560,2.7706,1924,DEFLATEDRGBA8,4,False,False,False,False,,74.874,256,0,0,0,True,True,1732352,True,True,False,False,False,False,False,DEFLATED,11082240,True
dlc-frontend\textures\ui\ui pregame left top.tga,Unknown,NormalExtraction,481,360,173160,1924,1440,2770560,2.7706,1924,DEFLATEDRGBA8,4,False,False,False,False,,52.123,256,0,0,0,True,True,1732352,True,True,False,False,False,False,False,DEFLATED,11082240,True
dlc-frontend\textures\ui\ui pregame right bottom.tga,Unknown,NormalExtraction,481,360,173160,1924,1440,2770560,2.7706,1924,DEFLATEDRGBA8,4,False,False,False,False,,60.865,256,0,0,0,True,True,1732352,True,True,False,False,False,False,False,DEFLATED,11082240,True
dlc-frontend\textures\ui\ui pregame right middle.tga,Unknown,NormalExtraction,481,360,173160,1924,1440,2770560,2.7706,1924,DEFLATEDRGBA8,4,False,False,False,False,,75.702,256,0,0,0,True,True,1732352,True,True,False,False,False,False,False,DEFLATED,11082240,True
dlc-frontend\textures\ui\ui pregame right top.tga,Unknown,NormalExtraction,481,360,173160,1924,1440,2770560,2.7706,1924,DEFLATEDRGBA8,4,False,False,False,False,,57.978,256,0,0,0,True,True,1732352,True,True,False,False,False,False,False,DEFLATED,11082240,True
dlc-frontend\textures\ui\ui scroll middle 256x16.tga,Unknown,NormalExtraction,256,64,16384,1024,256,262144,0.2621,1024,DEFLATEDRGBA8,1,False,False,False,False,,64.453,2,0,0,0,True,True,163872,True,True,False,False,False,False,False,DEFLATED,1048576,True
textures\_missingtexture.tga,Unknown,NormalExtraction,256,256,65536,1024,1024,1048576,1.0486,1024,BC3,0,False,False,False,False,,100.0,1,1,0,1,True,True,1048600,True,True,False,False,True,False,False,BC3,4194304,True
textures\agamemnon map.tga,Unknown,NormalExtraction,256,256,65536,1024,1024,1048576,1.0486,1024,BC3,1,True,False,False,False,,5.678,3,3,2,1,True,True,1048600,True,True,False,False,True,False,False,BC3,4194304,True
textures\animal flying purple hippo.tga,Unknown,NormalExtraction,256,128,32768,1024,512,524288,0.5243,1024,BC3,1,True,False,False,False,,0.0,1,22,11,11,True,True,524312,True,True,False,False,False,False,False,BC3,2097152,True
textures\Animal William Walrus Map.tga,Unknown,NormalExtraction,256,256,65536,1024,1024,1048576,1.0486,1024,BC3,4,True,False,False,False,,5.15,68,1,0,1,True,True,1048600,True,True,False,False,True,False,False,BC3,4194304,True
textures\animal wolf arctic map.tga,Unknown,NormalExtraction,256,256,65536,1024,1024,1048576,1.0486,1024,BC3,0,False,False,False,False,,100.0,1,0,0,0,True,True,1048600,True,True,False,False,True,False,False,BC3,4194304,True
textures\animal wolf artic map.tga,Unknown,NormalExtraction,256,256,65536,1024,1024,1048576,1.0486,1024,BC3,0,False,False,False,False,,100.0,1,0,0,0,True,True,1048600,True,True,False,False,True,False,False,BC3,4194304,True
textures\athenamap.tga,Unknown,NormalExtraction,256,256,65536,1024,1024,1048576,1.0486,1024,BC3,1,True,False,False,False,,6.487,3,0,0,0,True,True,1048600,True,True,False,False,True,False,False,BC3,4194304,True
textures\building attachments.tga,Unknown,NormalExtraction,256,256,65536,1024,1024,1048576,1.0486,1024,BC3,1,False,False,False,False,,52.986,3,227,222,5,True,True,1048600,True,True,False,False,True,False,False,BC3,4194304,True
textures\building c accessories.tga,Unknown,NormalExtraction,256,256,65536,1024,1024,1048576,1.0486,1024,BC3,1,True,False,False,False,,4.648,95,42,34,8,True,True,1048600,True,True,False,False,True,False,False,BC3,4194304,True
textures\building c earthen wall.tga,Unknown,NormalExtraction,256,256,65536,1024,1024,1048576,1.0486,1024,BC3,4,True,False,False,False,,1.91,2,17,0,17,True,True,1048600,True,True,False,False,True,False,False,BC3,4194304,True
textures\building c fortified wall.tga,Unknown,NormalExtraction,256,256,65536,1024,1024,1048576,1.0486,1024,BC3,4,True,False,False,False,,1.91,2,18,1,17,True,True,1048600,True,True,False,False,True,False,False,BC3,4194304,True
textures\building c garden age1 decal.tga,Unknown,NormalExtraction,256,256,65536,1024,1024,1048576,1.0486,1024,BC3,4,False,False,False,False,,46.504,74,0,0,0,True,True,1048600,True,True,False,False,True,False,False,BC3,4194304,True
textures\building c garden age3 decal.tga,Unknown,NormalExtraction,256,256,65536,1024,1024,1048576,1.0486,1024,BC3,4,False,False,False,False,,46.504,74,0,0,0,True,True,1048600,True,True,False,False,True,False,False,BC3,4194304,True
textures\building c great wall.tga,Unknown,NormalExtraction,256,256,65536,1024,1024,1048576,1.0486,1024,BC3,4,True,False,False,False,,1.91,2,17,0,17,True,True,1048600,True,True,False,False,True,False,False,BC3,4194304,True
textures\building c props.tga,Unknown,NormalExtraction,256,256,65536,1024,1024,1048576,1.0486,1024,BC3,4,True,False,False,False,,99.689,69,0,0,0,True,True,1048600,True,True,False,False,True,False,False,BC3,4194304,True
textures\building c roofage1.tga,Unknown,NormalExtraction,256,256,65536,1024,1024,1048576,1.0486,1024,BC3,4,True,False,False,False,,0.0,1,47,1,46,True,True,1048600,True,True,False,False,True,False,False,BC3,4194304,True
textures\building c roofage2.tga,Unknown,NormalExtraction,256,256,65536,1024,1024,1048576,1.0486,1024,BC3,4,True,False,False,False,,0.0,1,0,0,0,True,True,1048600,True,True,False,False,True,False,False,BC3,4194304,True
textures\building c roofage3.tga,Unknown,NormalExtraction,256,256,65536,1024,1024,1048576,1.0486,1024,BC3,4,True,False,False,False,,0.0,1,0,0,0,True,True,1048600,True,True,False,False,True,False,False,BC3,4194304,True
textures\building c roofage4.tga,Unknown,NormalExtraction,256,256,65536,1024,1024,1048576,1.0486,1024,BC3,4,True,False,False,False,,0.0,1,0,0,0,True,True,1048600,True,True,False,False,True,False,False,BC3,4194304,True
textures\building c special.tga,Unknown,NormalExtraction,256,256,65536,1024,1024,1048576,1.0486,1024,BC3,4,True,False,False,False,,0.0,1,22,10,12,True,True,1048600,True,True,False,False,True,False,False,BC3,4194304,True
textures\building c stone wall.tga,Unknown,NormalExtraction,256,256,65536,1024,1024,1048576,1.0486,1024,BC3,4,True,False,False,False,,1.91,2,17,0,17,True,True,1048600,True,True,False,False,True,False,False,BC3,4194304,True
textures\building c titan gate decal.tga,Unknown,NormalExtraction,256,256,65536,1024,1024,1048576,1.0486,1024,BC3,4,False,False,False,False,,55.753,243,0,0,0,True,True,1048600,True,True,False,False,True,False,False,BC3,4194304,True
textures\building c titan gate map.tga,Unknown,NormalExtraction,256,256,65536,1024,1024,1048576,1.0486,1024,BC3,1,False,False,False,False,,17.406,3,12,6,6,True,True,1048600,True,True,False,False,True,False,False,BC3,4194304,True
textures\building c tower age2.tga,Unknown,NormalExtraction,256,256,65536,1024,1024,1048576,1.0486,1024,BC3,4,True,False,False,False,,2.094,2,8,0,8,True,True,1048600,True,True,False,False,True,False,False,BC3,4194304,True
textures\building c tower age3.tga,Unknown,NormalExtraction,256,256,65536,1024,1024,1048576,1.0486,1024,BC3,4,True,False,False,False,,2.094,2,0,0,0,True,True,1048600,True,True,False,False,True,False,False,BC3,4194304,True
textures\building c tower age4.tga,Unknown,NormalExtraction,256,256,65536,1024,1024,1048576,1.0486,1024,BC3,4,True,False,False,False,,2.094,2,0,0,0,True,True,1048600,True,True,False,False,True,False,False,BC3,4194304,True
textures\building c wallsage1.tga,Unknown,NormalExtraction,256,256,65536,1024,1024,1048576,1.0486,1024,BC3,4,True,False,False,False,,13.33,11,43,0,43,True,True,1048600,True,True,False,False,True,False,False,BC3,4194304,True
textures\building c wallsage2.tga,Unknown,NormalExtraction,256,256,65536,1024,1024,1048576,1.0486,1024,BC3,4,True,False,False,False,,13.33,11,0,0,0,True,True,1048600,True,True,False,False,True,False,False,BC3,4194304,True
textures\building c wallsage3.tga,Unknown,NormalExtraction,256,256,65536,1024,1024,1048576,1.0486,1024,BC3,4,True,False,False,False,,13.33,11,0,0,0,True,True,1048600,True,True,False,False,True,False,False,BC3,4194304,True
textures\building c wallsage4.tga,Unknown,NormalExtraction,256,256,65536,1024,1024,1048576,1.0486,1024,BC3,4,True,False,False,False,,13.33,11,0,0,0,True,True,1048600,True,True,False,False,True,False,False,BC3,4194304,True
textures\building c wonder city floor.tga,Unknown,NormalExtraction,256,256,65536,1024,1024,1048576,1.0486,1024,BC3,4,True,False,False,False,,0.0,1,2,2,0,True,True,1048600,True,True,False,False,True,False,False,BC3,4194304,True
textures\building c wonder city roof.tga,Unknown,NormalExtraction,256,256,65536,1024,1024,1048576,1.0486,1024,BC3,4,True,False,False,False,,0.0,1,2,0,2,True,True,1048600,True,True,False,False,True,False,False,BC3,4194304,True
textures\building c wonder city walls.tga,Unknown,NormalExtraction,256,256,65536,1024,1024,1048576,1.0486,1024,BC3,4,True,False,False,False,,0.0,1,1,0,1,True,True,1048600,True,True,False,False,True,False,False,BC3,4194304,True
textures\building c wonder palace floor.tga,Unknown,NormalExtraction,256,256,65536,1024,1024,1048576,1.0486,1024,BC3,4,True,False,False,False,,0.0,1,2,2,0,True,True,1048600,True,True,False,False,True,False,False,BC3,4194304,True
textures\building c wonder palace roof.tga,Unknown,NormalExtraction,256,256,65536,1024,1024,1048576,1.0486,1024,BC3,4,True,False,False,False,,0.0,1,2,0,2,True,True,1048600,True,True,False,False,True,False,False,BC3,4194304,True
textures\building c wonder palace walls.tga,Unknown,NormalExtraction,256,256,65536,1024,1024,1048576,1.0486,1024,BC3,4,True,False,False,False,,2.333,11,2,0,2,True,True,1048600,True,True,False,False,True,False,False,BC3,4194304,True
textures\building c wonder temple.tga,Unknown,NormalExtraction,256,256,65536,1024,1024,1048576,1.0486,1024,BC3,4,True,False,False,False,,0.873,2,4,0,4,True,True,1048600,True,True,False,False,True,False,False,BC3,4194304,True
textures\building construction.tga,Unknown,NormalExtraction,256,256,65536,1024,1024,1048576,1.0486,1024,BC3,1,False,False,False,False,,34.804,3,223,223,0,True,True,1048600,True,True,False,False,True,False,False,BC3,4194304,True
textures\building e age1 accessories.tga,Unknown,NormalExtraction,256,256,65536,1024,1024,1048576,1.0486,1024,BC3,0,False,False,False,False,,100.0,1,11,11,0,True,True,1048600,True,True,False,False,True,False,False,BC3,4194304,True
textures\building e age1.tga,Unknown,NormalExtraction,256,256,65536,1024,1024,1048576,1.0486,1024,BC3,1,True,False,False,False,,3.204,3,78,42,36,True,True,1048600,True,True,False,False,True,False,False,BC3,4194304,True
textures\building e age2 accessories burnt.tga,Unknown,NormalExtraction,256,256,65536,1024,1024,1048576,1.0486,1024,BC3,1,True,False,False,False,,1.526,2,2,2,0,True,True,1048600,True,True,False,False,True,False,False,BC3,4194304,True
textures\building e age2 accessories.tga,Unknown,NormalExtraction,256,256,65536,1024,1024,1048576,1.0486,1024,BC3,1,False,False,False,False,,97.287,3,77,77,0,True,True,1048600,True,True,False,False,True,False,False,BC3,4194304,True
textures\building e age2 burnt.tga,Unknown,NormalExtraction,256,256,65536,1024,1024,1048576,1.0486,1024,BC3,1,True,False,False,False,,3.07,2,2,2,0,True,True,1048600,True,True,False,False,True,False,False,BC3,4194304,True
textures\building e age2 wall.tga,Unknown,NormalExtraction,256,256,65536,1024,1024,1048576,1.0486,1024,BC3,1,True,False,False,False,,1.971,3,60,28,32,True,True,1048600,True,True,False,False,True,False,False,BC3,4194304,True
textures\building e age2.tga,Unknown,NormalExtraction,256,256,65536,1024,1024,1048576,1.0486,1024,BC3,1,True,False,False,False,,3.07,2,100,53,47,True,True,1048600,True,True,False,False,True,False,False,BC3,4194304,True
textures\building e age3 accessories.tga,Unknown,NormalExtraction,256,256,65536,1024,1024,1048576,1.0486,1024,BC3,1,True,False,False,False,,1.614,2,119,119,0,True,True,1048600,True,True,False,False,True,False,False,BC3,4194304,True
textures\building e age3.tga,Unknown,NormalExtraction,256,256,65536,1024,1024,1048576,1.0486,1024,BC3,1,True,False,False,False,,4.221,3,197,101,96,True,True,1048600,True,True,False,False,True,False,False,BC3,4194304,True
textures\building e age3a accessories.tga,Unknown,NormalExtraction,256,256,65536,1024,1024,1048576,1.0486,1024,BC3,1,True,False,False,False,,0.0,1,43,43,0,True,True,1048600,True,True,False,False,True,False,False,BC3,4194304,True
textures\building e age4 accessories.tga,Unknown,NormalExtraction,256,256,65536,1024,1024,1048576,1.0486,1024,BC3,1,True,False,False,False,,0.0,1,21,21,0,True,True,1048600,True,True,False,False,True,False,False,BC3,4194304,True
textures\building e age4.tga,Unknown,NormalExtraction,256,256,65536,1024,1024,1048576,1.0486,1024,BC3,1,True,False,False,False,,5.151,2,121,61,60,True,True,1048600,True,True,False,False,True,False,False,BC3,4194304,True
textures\building e age4roof.tga,Unknown,NormalExtraction,256,256,65536,1024,1024,1048576,1.0486,1024,BC3,1,True,False,False,False,,0.0,1,57,57,0,True,True,1048600,True,True,False,False,True,False,False,BC3,4194304,True
textures\building e dock boat.tga,Unknown,NormalExtraction,256,256,65536,1024,1024,1048576,1.0486,1024,BC3,0,False,False,False,False,,100.0,1,6,6,0,True,True,1048600,True,True,False,False,True,False,False,BC3,4194304,True
textures\building e fortress accessories.tga,Unknown,NormalExtraction,256,256,65536,1024,1024,1048576,1.0486,1024,BC3,4,True,False,False,False,,1.439,31,10,6,4,True,True,1048600,True,True,False,False,True,False,False,BC3,4194304,True
textures\building e fortress accessories02.tga,Unknown,NormalExtraction,256,256,65536,1024,1024,1048576,1.0486,1024,BC3,4,True,False,False,False,,0.0,1,2,2,0,True,True,1048600,True,True,False,False,True,False,False,BC3,4194304,True
textures\building e fortress age3.tga,Unknown,NormalExtraction,256,256,65536,1024,1024,1048576,1.0486,1024,BC3,0,False,False,False,False,,100.0,1,6,6,0,True,True,1048600,True,True,False,False,True,False,False,BC3,4194304,True
textures\building e fortress.tga,Unknown,NormalExtraction,256,256,65536,1024,1024,1048576,1.0486,1024,BC3,4,True,False,False,False,,0.0,1,6,6,0,True,True,1048600,True,True,False,False,True,False,False,BC3,4194304,True
textures\building e isis wonder01.tga,Unknown,NormalExtraction,256,256,65536,1024,1024,1048576,1.0486,1024,BC3,1,True,False,False,False,,2.051,2,7,4,3,True,True,1048600,True,True,False,False,True,False,False,BC3,4194304,True
textures\building e isis wonder02.tga,Unknown,NormalExtraction,256,256,65536,1024,1024,1048576,1.0486,1024,BC3,1,True,False,False,False,,2.04,2,7,4,3,True,True,1048600,True,True,False,False,True,False,False,BC3,4194304,True
textures\building e isis wonder03.tga,Unknown,NormalExtraction,256,256,65536,1024,1024,1048576,1.0486,1024,BC3,1,True,False,False,False,,100.0,1,3,3,0,True,True,1048600,True,True,False,False,True,False,False,BC3,4194304,True
textures\building e lighthouse.tga,Unknown,NormalExtraction,256,256,65536,1024,1024,1048576,1.0486,1024,BC3,1,True,False,False,False,,1.595,2,9,4,5,True,True,1048600,True,True,False,False,True,False,False,BC3,4194304,True
textures\building e monument platforms.tga,Unknown,NormalExtraction,256,256,65536,1024,1024,1048576,1.0486,1024,BC3,1,True,False,False,False,,2.251,2,29,16,13,True,True,1048600,True,True,False,False,True,False,False,BC3,4194304,True
textures\building e monument4.tga,Unknown,NormalExtraction,256,256,65536,1024,1024,1048576,1.0486,1024,BC3,1,True,False,False,False,,0.0,1,4,4,0,True,True,1048600,True,True,False,False,True,False,False,BC3,4194304,True
textures\building e obelisk.tga,Unknown,NormalExtraction,256,128,32768,1024,512,524288,0.5243,1024,BC3,1,True,False,False,False,,5.194,3,16,8,8,True,True,524312,True,True,False,False,False,False,False,BC3,2097152,True
textures\building e osiris pyramid dead.tga,Unknown,NormalExtraction,512,512,262144,2048,2048,4194304,4.1943,2048,BC3,0,False,False,False,False,,100.0,1,3,3,0,True,True,4194328,True,True,True,False,False,False,False,BC3,16777216,True
textures\building e osiris pyramid.tga,Unknown,NormalExtraction,256,256,65536,1024,1024,1048576,1.0486,1024,BC3,0,False,False,False,False,,100.0,1,2,2,0,True,True,1048600,True,True,False,False,True,False,False,BC3,4194304,True
textures\building e outpost.tga,Unknown,NormalExtraction,256,256,65536,1024,1024,1048576,1.0486,1024,BC3,1,True,False,False,False,,0.262,2,10,5,5,True,True,1048600,True,True,False,False,True,False,False,BC3,4194304,True
textures\building e props.tga,Unknown,NormalExtraction,256,256,65536,1024,1024,1048576,1.0486,1024,BC3,0,False,False,False,False,,100.0,1,75,75,0,True,True,1048600,True,True,False,False,True,False,False,BC3,4194304,True
textures\building e pyramid.tga,Unknown,NormalExtraction,256,256,65536,1024,1024,1048576,1.0486,1024,BC3,0,False,False,False,False,,100.0,1,1,1,0,True,True,1048600,True,True,False,False,True,False,False,BC3,4194304,True
textures\building e ra wonder01.tga,Unknown,NormalExtraction,256,256,65536,1024,1024,1048576,1.0486,1024,BC3,1,True,False,False,False,,0.0,1,5,5,0,True,True,1048600,True,True,False,False,True,False,False,BC3,4194304,True
textures\building e ra wonder02.tga,Unknown,NormalExtraction,256,256,65536,1024,1024,1048576,1.0486,1024,BC3,1,True,False,False,False,,2.097,2,10,5,5,True,True,1048600,True,True,False,False,True,False,False,BC3,4194304,True
textures\building e set wonder01.tga,Unknown,NormalExtraction,256,256,65536,1024,1024,1048576,1.0486,1024,BC3,1,True,False,False,False,,0.0,1,4,4,0,True,True,1048600,True,True,False,False,True,False,False,BC3,4194304,True
textures\building e set wonder02.tga,Unknown,NormalExtraction,256,256,65536,1024,1024,1048576,1.0486,1024,BC3,1,True,False,False,False,,2.142,2,6,4,2,True,True,1048600,True,True,False,False,True,False,False,BC3,4194304,True
textures\building e set wonder03.tga,Unknown,NormalExtraction,256,256,65536,1024,1024,1048576,1.0486,1024,BC3,1,True,False,False,False,,0.0,1,4,4,0,True,True,1048600,True,True,False,False,True,False,False,BC3,4194304,True
textures\building e settlement age1.tga,Unknown,NormalExtraction,256,256,65536,1024,1024,1048576,1.0486,1024,BC3,1,True,False,False,False,,3.204,3,8,4,4,True,True,1048600,True,True,False,False,True,False,False,BC3,4194304,True
textures\building e settlement age2.tga,Unknown,NormalExtraction,256,256,65536,1024,1024,1048576,1.0486,1024,BC3,1,True,False,False,False,,3.07,2,8,4,4,True,True,1048600,True,True,False,False,True,False,False,BC3,4194304,True
textures\building e settlement age3.tga,Unknown,NormalExtraction,256,256,65536,1024,1024,1048576,1.0486,1024,BC3,1,True,False,False,False,,4.221,3,16,8,8,True,True,1048600,True,True,False,False,True,False,False,BC3,4194304,True
textures\building e settlement age4.tga,Unknown,NormalExtraction,256,256,65536,1024,1024,1048576,1.0486,1024,BC3,1,True,False,False,False,,5.151,2,14,7,7,True,True,1048600,True,True,False,False,True,False,False,BC3,4194304,True
textures\building e shared01 2 map.tga,Unknown,NormalExtraction,256,256,65536,1024,1024,1048576,1.0486,1024,BC3,1,True,False,False,False,,3.07,2,1,1,0,True,True,1048600,True,True,False,False,True,False,False,BC3,4194304,True
textures\building e shared01 3 map.tga,Unknown,NormalExtraction,256,256,65536,1024,1024,1048576,1.0486,1024,BC3,1,True,False,False,False,,4.221,3,0,0,0,True,True,1048600,True,True,False,False,True,False,False,BC3,4194304,True
textures\building e shared02 2 map.tga,Unknown,NormalExtraction,256,256,65536,1024,1024,1048576,1.0486,1024,BC3,1,True,False,False,False,,1.614,2,2,1,1,True,True,1048600,True,True,False,False,True,False,False,BC3,4194304,True
textures\building e shrine.tga,Unknown,NormalExtraction,256,256,65536,1024,1024,1048576,1.0486,1024,BC3,1,True,False,False,False,,98.979,3,39,39,0,True,True,1048600,True,True,False,False,True,False,False,BC3,4194304,True
textures\building e shrine02.tga,Unknown,NormalExtraction,256,256,65536,1024,1024,1048576,1.0486,1024,BC3,0,False,False,False,False,,100.0,1,3,3,0,True,True,1048600,True,True,False,False,True,False,False,BC3,4194304,True
textures\building e titan gate map.tga,Unknown,NormalExtraction,256,256,65536,1024,1024,1048576,1.0486,1024,BC3,1,True,False,False,False,,2.826,2,12,6,6,True,True,1048600,True,True,False,False,True,False,False,BC3,4194304,True
textures\building e underground passage egyptian.tga,Unknown,NormalExtraction,256,256,65536,1024,1024,1048576,1.0486,1024,BC3,0,False,False,False,False,,100.0,1,1,1,0,True,True,1048600,True,True,False,False,True,False,False,BC3,4194304,True
textures\building e wall4.tga,Unknown,NormalExtraction,256,256,65536,1024,1024,1048576,1.0486,1024,BC3,1,True,False,False,False,,1.892,2,56,28,28,True,True,1048600,True,True,False,False,True,False,False,BC3,4194304,True
textures\building e wonder accessories.tga,Unknown,NormalExtraction,256,256,65536,1024,1024,1048576,1.0486,1024,BC3,4,True,False,False,False,,3.384,30,2,2,0,True,True,1048600,True,True,False,False,True,False,False,BC3,4194304,True
textures\building g age0.tga,Unknown,NormalExtraction,256,256,65536,1024,1024,1048576,1.0486,1024,BC3,1,True,False,False,False,,1.408,2,62,36,26,True,True,1048600,True,True,False,False,True,False,False,BC3,4194304,True
textures\building g destroyed.tga,Unknown,NormalExtraction,256,256,65536,1024,1024,1048576,1.0486,1024,BC3,0,False,False,False,False,,100.0,1,11,11,0,True,True,1048600,True,True,False,False,True,False,False,BC3,4194304,True
textures\building g fortifiedwall.tga,Unknown,NormalExtraction,256,256,65536,1024,1024,1048576,1.0486,1024,BC3,1,True,False,False,False,,1.804,2,36,3,33,True,True,1048600,True,True,False,False,True,False,False,BC3,4194304,True
textures\building g fortress.tga,Unknown,NormalExtraction,256,256,65536,1024,1024,1048576,1.0486,1024,BC3,1,True,False,False,False,,0.989,2,4,4,0,True,True,1048600,True,True,False,False,True,False,False,BC3,4194304,True
textures\building g fortressroof.tga,Unknown,NormalExtraction,256,256,65536,1024,1024,1048576,1.0486,1024,BC3,1,True,False,False,False,,3.583,2,6,6,0,True,True,1048600,True,True,False,False,True,False,False,BC3,4194304,True
textures\building g fortresswall destructed.tga,Unknown,NormalExtraction,256,256,65536,1024,1024,1048576,1.0486,1024,BC3,0,False,False,False,False,,100.0,1,1,1,0,True,True,1048600,True,True,False,False,True,False,False,BC3,4194304,True
textures\building g fortresswall.tga,Unknown,NormalExtraction,256,256,65536,1024,1024,1048576,1.0486,1024,BC3,1,True,False,False,False,,2.464,2,18,10,8,True,True,1048600,True,True,False,False,True,False,False,BC3,4194304,True
textures\building g fortresswall2 destructed.tga,Unknown,NormalExtraction,256,256,65536,1024,1024,1048576,1.0486,1024,BC3,0,False,False,False,False,,100.0,1,2,2,0,True,True,1048600,True,True,False,False,True,False,False,BC3,4194304,True
textures\building g fortresswall2.tga,Unknown,NormalExtraction,256,256,65536,1024,1024,1048576,1.0486,1024,BC3,1,True,False,False,False,,0.0,1,8,8,0,True,True,1048600,True,True,False,False,True,False,False,BC3,4194304,True
textures\building g gateall.tga,Unknown,NormalExtraction,256,64,16384,1024,256,262144,0.2621,1024,BC3,0,False,False,False,False,,100.0,1,63,63,0,True,True,262168,True,True,False,False,False,False,False,BC3,1048576,True
textures\building g hades wonder.tga,Unknown,NormalExtraction,256,256,65536,1024,1024,1048576,1.0486,1024,BC3,1,True,False,False,False,,2.344,2,11,6,5,True,True,1048600,True,True,False,False,True,False,False,BC3,4194304,True
textures\building g hades wonder01.tga,Unknown,NormalExtraction,256,256,65536,1024,1024,1048576,1.0486,1024,BC3,1,False,False,False,False,,98.322,3,6,6,0,True,True,1048600,True,True,False,False,True,False,False,BC3,4194304,True
textures\building g roofage1.tga,Unknown,NormalExtraction,256,256,65536,1024,1024,1048576,1.0486,1024,BC3,1,True,False,False,False,,0.412,2,60,56,4,True,True,1048600,True,True,False,False,True,False,False,BC3,4194304,True
textures\building g roofage2.tga,Unknown,NormalExtraction,256,256,65536,1024,1024,1048576,1.0486,1024,BC3,1,False,False,False,False,,92.3,2,42,42,0,True,True,1048600,True,True,False,False,True,False,False,BC3,4194304,True
textures\building g roofage3.tga,Unknown,NormalExtraction,256,256,65536,1024,1024,1048576,1.0486,1024,BC3,1,False,False,False,False,,97.177,2,54,54,0,True,True,1048600,True,True,False,False,True,False,False,BC3,4194304,True
textures\building g settlement02.tga,Unknown,NormalExtraction,256,256,65536,1024,1024,1048576,1.0486,1024,BC3,1,False,False,False,False,,72.534,3,0,0,0,True,True,1048600,True,True,False,False,True,False,False,BC3,4194304,True
textures\building g settlementage1.tga,Unknown,NormalExtraction,256,256,65536,1024,1024,1048576,1.0486,1024,BC3,1,True,False,False,False,,1.424,2,29,21,8,True,True,1048600,True,True,False,False,True,False,False,BC3,4194304,True
textures\building g settlementage2.tga,Unknown,NormalExtraction,256,256,65536,1024,1024,1048576,1.0486,1024,BC3,1,True,False,False,False,,1.645,2,33,22,11,True,True,1048600,True,True,False,False,True,False,False,BC3,4194304,True
textures\building g settlementage3.tga,Unknown,NormalExtraction,256,256,65536,1024,1024,1048576,1.0486,1024,BC3,1,True,False,False,False,,1.424,2,31,19,12,True,True,1048600,True,True,False,False,True,False,False,BC3,4194304,True
textures\building g shared01 2 map.tga,Unknown,NormalExtraction,256,256,65536,1024,1024,1048576,1.0486,1024,BC3,0,False,False,False,False,,100.0,1,7,7,0,True,True,1048600,True,True,False,False,True,False,False,BC3,4194304,True
textures\building g shared05 2 map.tga,Unknown,NormalExtraction,256,256,65536,1024,1024,1048576,1.0486,1024,BC3,1,True,False,False,False,,3.461,2,56,28,28,True,True,1048600,True,True,False,False,True,False,False,BC3,4194304,True
textures\building g shrine.tga,Unknown,NormalExtraction,256,256,65536,1024,1024,1048576,1.0486,1024,BC3,1,True,False,False,False,,0.317,2,4,2,2,True,True,1048600,True,True,False,False,True,False,False,BC3,4194304,True
textures\building g temple statues map.tga,Unknown,NormalExtraction,256,256,65536,1024,1024,1048576,1.0486,1024,BC3,0,True,False,False,False,,100.0,1,0,0,0,True,True,1048600,True,True,False,False,True,False,False,BC3,4194304,True
textures\building g temple.tga,Unknown,NormalExtraction,256,256,65536,1024,1024,1048576,1.0486,1024,BC3,1,True,False,False,False,,1.996,2,8,4,4,True,True,1048600,True,True,False,False,True,False,False,BC3,4194304,True
textures\building g templeage1.tga,Unknown,NormalExtraction,256,256,65536,1024,1024,1048576,1.0486,1024,BC3,1,True,False,False,False,,1.515,2,13,7,6,True,True,1048600,True,True,False,False,True,False,False,BC3,4194304,True
textures\building g templeage2.tga,Unknown,NormalExtraction,256,256,65536,1024,1024,1048576,1.0486,1024,BC3,1,True,False,False,False,,1.479,2,8,4,4,True,True,1048600,True,True,False,False,True,False,False,BC3,4194304,True
textures\building g titan gate map.tga,Unknown,NormalExtraction,256,256,65536,1024,1024,1048576,1.0486,1024,BC3,1,True,False,False,False,,58.876,3,6,6,0,True,True,1048600,True,True,False,False,True,False,False,BC3,4194304,True
textures\building g towers.tga,Unknown,NormalExtraction,256,256,65536,1024,1024,1048576,1.0486,1024,BC3,1,True,False,False,False,,1.712,2,40,20,20,True,True,1048600,True,True,False,False,True,False,False,BC3,4194304,True
textures\building g underground passage greek b.tga,Unknown,NormalExtraction,256,256,65536,1024,1024,1048576,1.0486,1024,BC3,0,False,False,False,False,,100.0,1,1,1,0,True,True,1048600,True,True,False,False,True,False,False,BC3,4194304,True
textures\building g underground passage greek.tga,Unknown,NormalExtraction,256,256,65536,1024,1024,1048576,1.0486,1024,BC3,0,False,False,False,False,,100.0,1,1,1,0,True,True,1048600,True,True,False,False,True,False,False,BC3,4194304,True
textures\building g wallbasearea 2 map.tga,Unknown,NormalExtraction,64,256,16384,256,1024,262144,0.2621,1024,BC3,4,False,False,False,False,,84.753,244,0,0,0,True,True,262168,True,True,False,False,False,False,False,BC3,1048576,True
textures\building g wallsage1.tga,Unknown,NormalExtraction,256,256,65536,1024,1024,1048576,1.0486,1024,BC3,1,True,False,False,False,,3.145,2,70,37,33,True,True,1048600,True,True,False,False,True,False,False,BC3,4194304,True
textures\building g wallsage2.tga,Unknown,NormalExtraction,256,256,65536,1024,1024,1048576,1.0486,1024,BC3,1,True,False,False,False,,2.435,2,101,51,50,True,True,1048600,True,True,False,False,True,False,False,BC3,4194304,True
textures\building g wallsage3.tga,Unknown,NormalExtraction,256,256,65536,1024,1024,1048576,1.0486,1024,BC3,1,True,False,False,False,,3.355,2,62,35,27,True,True,1048600,True,True,False,False,True,False,False,BC3,4194304,True
textures\building g wonder destructed.tga,Unknown,NormalExtraction,256,256,65536,1024,1024,1048576,1.0486,1024,BC3,0,True,False,False,False,,100.0,1,1,1,0,True,True,1048600,True,True,False,False,True,False,False,BC3,4194304,True
textures\building g wonder.tga,Unknown,NormalExtraction,256,256,65536,1024,1024,1048576,1.0486,1024,BC3,1,True,False,False,False,,1.598,2,12,6,6,True,True,1048600,True,True,False,False,True,False,False,BC3,4194304,True
textures\building g zues wonder.tga,Unknown,NormalExtraction,256,256,65536,1024,1024,1048576,1.0486,1024,BC3,1,False,False,False,False,,99.445,2,7,7,0,True,True,1048600,True,True,False,False,True,False,False,BC3,4194304,True
textures\building g zues wonder01.tga,Unknown,NormalExtraction,256,256,65536,1024,1024,1048576,1.0486,1024,BC3,1,True,False,False,False,,2.766,2,16,8,8,True,True,1048600,True,True,False,False,True,False,False,BC3,4194304,True
textures\building n destructed.tga,Unknown,NormalExtraction,256,256,65536,1024,1024,1048576,1.0486,1024,BC3,0,False,False,False,False,,100.0,1,3,3,0,True,True,1048600,True,True,False,False,True,False,False,BC3,4194304,True
textures\building n dock.tga,Unknown,NormalExtraction,256,256,65536,1024,1024,1048576,1.0486,1024,BC3,0,False,False,False,False,,100.0,1,15,15,0,True,True,1048600,True,True,False,False,True,False,False,BC3,4194304,True
textures\building n gateall.tga,Unknown,NormalExtraction,256,64,16384,1024,256,262144,0.2621,1024,BC3,0,False,False,False,False,,100.0,1,16,16,0,True,True,262168,True,True,False,False,False,False,False,BC3,1048576,True
textures\building n hillfort.tga,Unknown,NormalExtraction,256,256,65536,1024,1024,1048576,1.0486,1024,BC3,1,True,False,False,False,,1.75,3,18,10,8,True,True,1048600,True,True,False,False,True,False,False,BC3,4194304,True
textures\building n loki wonder01.tga,Unknown,NormalExtraction,256,256,65536,1024,1024,1048576,1.0486,1024,BC3,0,False,False,False,False,,100.0,1,6,6,0,True,True,1048600,True,True,False,False,True,False,False,BC3,4194304,True
textures\building n loki wonder02.tga,Unknown,NormalExtraction,256,256,65536,1024,1024,1048576,1.0486,1024,BC3,1,True,False,False,False,,5.414,3,8,4,4,True,True,1048600,True,True,False,False,True,False,False,BC3,4194304,True
textures\building n odin wonder.tga,Unknown,NormalExtraction,256,256,65536,1024,1024,1048576,1.0486,1024,BC3,1,False,False,False,False,,97.867,3,6,6,0,True,True,1048600,True,True,False,False,True,False,False,BC3,4194304,True
textures\building n odin wonder01.tga,Unknown,NormalExtraction,256,256,65536,1024,1024,1048576,1.0486,1024,BC3,1,True,False,False,False,,3.409,3,10,4,6,True,True,1048600,True,True,False,False,True,False,False,BC3,4194304,True
textures\building n ravens.tga,Unknown,NormalExtraction,256,256,65536,1024,1024,1048576,1.0486,1024,BC3,1,False,False,False,False,,1.413,3,0,0,0,True,True,1048600,True,True,False,False,True,False,False,BC3,4194304,True
textures\building n settlementage1.tga,Unknown,NormalExtraction,256,256,65536,1024,1024,1048576,1.0486,1024,BC3,1,True,False,False,False,,1.434,2,14,11,3,True,True,1048600,True,True,False,False,True,False,False,BC3,4194304,True
textures\building n settlementage2.tga,Unknown,NormalExtraction,256,256,65536,1024,1024,1048576,1.0486,1024,BC3,1,True,False,False,False,,1.45,2,14,10,4,True,True,1048600,True,True,False,False,True,False,False,BC3,4194304,True
textures\building n settlementage3.tga,Unknown,NormalExtraction,256,256,65536,1024,1024,1048576,1.0486,1024,BC3,1,True,False,False,False,,1.642,2,25,17,8,True,True,1048600,True,True,False,False,True,False,False,BC3,4194304,True
textures\building n settlementage4.tga,Unknown,NormalExtraction,256,256,65536,1024,1024,1048576,1.0486,1024,BC3,1,True,False,False,False,,1.883,3,21,14,7,True,True,1048600,True,True,False,False,True,False,False,BC3,4194304,True
textures\building n shared01 1 map.tga,Unknown,NormalExtraction,256,256,65536,1024,1024,1048576,1.0486,1024,BC3,1,True,False,False,False,,1.698,2,36,18,18,True,True,1048600,True,True,False,False,True,False,False,BC3,4194304,True
textures\building n shared01 2 map.tga,Unknown,NormalExtraction,256,256,65536,1024,1024,1048576,1.0486,1024,BC3,1,True,False,False,False,,2.995,3,56,34,22,True,True,1048600,True,True,False,False,True,False,False,BC3,4194304,True
textures\building n shared01 3 map.tga,Unknown,NormalExtraction,256,256,65536,1024,1024,1048576,1.0486,1024,BC3,1,True,False,False,False,,1.996,2,61,36,25,True,True,1048600,True,True,False,False,True,False,False,BC3,4194304,True
textures\building n shared02 2 map.tga,Unknown,NormalExtraction,256,256,65536,1024,1024,1048576,1.0486,1024,BC3,1,True,False,False,False,,1.103,3,8,5,3,True,True,1048600,True,True,False,False,True,False,False,BC3,4194304,True
textures\building n shared03 2 map.tga,Unknown,NormalExtraction,256,256,65536,1024,1024,1048576,1.0486,1024,BC3,1,True,False,False,False,,2.455,3,15,15,0,True,True,1048600,True,True,False,False,True,False,False,BC3,4194304,True
textures\building n shared04 2 map.tga,Unknown,NormalExtraction,256,256,65536,1024,1024,1048576,1.0486,1024,BC3,1,True,False,False,False,,2.707,3,37,25,12,True,True,1048600,True,True,False,False,True,False,False,BC3,4194304,True
textures\building n shared06 2 map.tga,Unknown,NormalExtraction,256,256,65536,1024,1024,1048576,1.0486,1024,BC3,1,True,False,False,False,,1.37,2,71,31,40,True,True,1048600,True,True,False,False,True,False,False,BC3,4194304,True
textures\building n temple.tga,Unknown,NormalExtraction,256,256,65536,1024,1024,1048576,1.0486,1024,BC3,1,True,False,False,False,,0.908,3,0,0,0,True,True,1048600,True,True,False,False,True,False,False,BC3,4194304,True
textures\building n templeage1.tga,Unknown,NormalExtraction,256,256,65536,1024,1024,1048576,1.0486,1024,BC3,1,True,False,False,False,,1.341,2,7,3,4,True,True,1048600,True,True,False,False,True,False,False,BC3,4194304,True
textures\building n templeage2.tga,Unknown,NormalExtraction,256,256,65536,1024,1024,1048576,1.0486,1024,BC3,1,True,False,False,False,,1.341,2,7,4,3,True,True,1048600,True,True,False,False,True,False,False,BC3,4194304,True
textures\building n templeage3.tga,Unknown,NormalExtraction,256,256,65536,1024,1024,1048576,1.0486,1024,BC3,1,True,False,False,False,,1.341,2,16,8,8,True,True,1048600,True,True,False,False,True,False,False,BC3,4194304,True
textures\building n thorarmory.tga,Unknown,NormalExtraction,256,256,65536,1024,1024,1048576,1.0486,1024,BC3,1,True,False,False,False,,0.861,2,11,7,4,True,True,1048600,True,True,False,False,True,False,False,BC3,4194304,True
textures\building n thorarmory1.tga,Unknown,NormalExtraction,256,256,65536,1024,1024,1048576,1.0486,1024,BC3,1,True,False,False,False,,0.0,1,6,6,0,True,True,1048600,True,True,False,False,True,False,False,BC3,4194304,True
textures\building n titan gate map.tga,Unknown,NormalExtraction,256,256,65536,1024,1024,1048576,1.0486,1024,BC3,1,True,False,False,False,,4.06,3,12,6,6,True,True,1048600,True,True,False,False,True,False,False,BC3,4194304,True
textures\building n tower.tga,Unknown,NormalExtraction,256,128,32768,1024,512,524288,0.5243,1024,BC3,1,True,False,False,False,,1.63,3,22,12,10,True,True,524312,True,True,False,False,False,False,False,BC3,2097152,True
textures\building n wallage4.tga,Unknown,NormalExtraction,256,256,65536,1024,1024,1048576,1.0486,1024,BC3,1,True,False,False,False,,1.443,3,63,36,27,True,True,1048600,True,True,False,False,True,False,False,BC3,4194304,True
textures\building n wonder.tga,Unknown,NormalExtraction,256,256,65536,1024,1024,1048576,1.0486,1024,BC3,1,True,False,False,False,,0.574,3,11,6,5,True,True,1048600,True,True,False,False,True,False,False,BC3,4194304,True
textures\building n wonderleaf.tga,Unknown,NormalExtraction,256,256,65536,1024,1024,1048576,1.0486,1024,BC3,1,False,False,False,False,,31.296,3,6,6,0,True,True,1048600,True,True,False,False,True,False,False,BC3,4194304,True
textures\building props.tga,Unknown,NormalExtraction,256,256,65536,1024,1024,1048576,1.0486,1024,BC3,1,False,False,False,False,,99.533,3,2,2,0,True,True,1048600,True,True,False,False,True,False,False,BC3,4194304,True
textures\building settlement.tga,Unknown,NormalExtraction,256,256,65536,1024,1024,1048576,1.0486,1024,BC3,1,False,False,False,False,,89.781,3,7,6,0,True,True,1048600,True,True,False,False,True,False,False,BC3,4194304,True
textures\building vase.tga,Unknown,NormalExtraction,256,128,32768,1024,512,524288,0.5243,1024,BC3,1,False,False,False,False,,21.555,3,11,11,0,True,True,524312,True,True,False,False,False,False,False,BC3,2097152,True
textures\building wall damage.tga,Unknown,NormalExtraction,256,256,65536,1024,1024,1048576,1.0486,1024,BC3,1,False,False,False,False,,25.327,3,221,221,0,True,True,1048600,True,True,False,False,True,False,False,BC3,4194304,True
textures\building x bronze gate.tga,Unknown,NormalExtraction,256,64,16384,1024,256,262144,0.2621,1024,BC3,0,False,False,False,False,,100.0,1,15,15,0,True,True,262168,True,True,False,False,False,False,False,BC3,1048576,True
textures\building x dock.tga,Unknown,NormalExtraction,256,256,65536,1024,1024,1048576,1.0486,1024,BC3,0,False,False,False,False,,100.0,1,55,55,0,True,True,1048600,True,True,False,False,True,False,False,BC3,4194304,True
textures\building x guild age2.tga,Unknown,NormalExtraction,256,256,65536,1024,1024,1048576,1.0486,1024,BC3,1,False,False,False,False,,96.893,3,55,55,0,True,True,1048600,True,True,False,False,True,False,False,BC3,4194304,True
textures\building x iron gate.tga,Unknown,NormalExtraction,256,64,16384,1024,256,262144,0.2621,1024,BC3,0,False,False,False,False,,100.0,1,16,16,0,True,True,262168,True,True,False,False,False,False,False,BC3,1048576,True
textures\building x mirror tower.tga,Unknown,NormalExtraction,256,128,32768,1024,512,524288,0.5243,1024,BC3,1,True,False,False,False,,3.992,3,14,7,7,True,True,524312,True,True,False,False,False,False,False,BC3,2097152,True
textures\building x oreichalkos gate.tga,Unknown,NormalExtraction,256,128,32768,1024,512,524288,0.5243,1024,BC3,0,False,False,False,False,,100.0,1,16,16,0,True,True,524312,True,True,False,False,False,False,False,BC3,2097152,True
textures\building x palace age2.tga,Unknown,NormalExtraction,256,256,65536,1024,1024,1048576,1.0486,1024,BC3,1,True,False,False,False,,0.586,2,4,1,3,True,True,1048600,True,True,False,False,True,False,False,BC3,4194304,True
textures\building x palace age3.tga,Unknown,NormalExtraction,256,256,65536,1024,1024,1048576,1.0486,1024,BC3,1,True,False,False,False,,1.678,2,5,1,4,True,True,1048600,True,True,False,False,True,False,False,BC3,4194304,True
textures\building x roof age0.tga,Unknown,NormalExtraction,256,256,65536,1024,1024,1048576,1.0486,1024,BC3,1,True,False,False,False,,1.324,2,69,41,28,True,True,1048600,True,True,False,False,True,False,False,BC3,4194304,True
textures\building x roof age1.tga,Unknown,NormalExtraction,256,256,65536,1024,1024,1048576,1.0486,1024,BC3,1,True,False,False,False,,2.081,2,100,46,54,True,True,1048600,True,True,False,False,True,False,False,BC3,4194304,True
textures\building x roof age2.tga,Unknown,NormalExtraction,256,256,65536,1024,1024,1048576,1.0486,1024,BC3,0,False,False,False,False,,100.0,1,87,87,0,True,True,1048600,True,True,False,False,True,False,False,BC3,4194304,True
textures\building x roof age3.tga,Unknown,NormalExtraction,256,256,65536,1024,1024,1048576,1.0486,1024,BC3,1,False,False,False,False,,96.985,2,49,49,0,True,True,1048600,True,True,False,False,True,False,False,BC3,4194304,True
textures\building x shared age0.tga,Unknown,NormalExtraction,256,256,65536,1024,1024,1048576,1.0486,1024,BC3,0,False,False,False,False,,100.0,1,19,19,0,True,True,1048600,True,True,False,False,True,False,False,BC3,4194304,True
textures\building x shared age3.tga,Unknown,NormalExtraction,256,256,65536,1024,1024,1048576,1.0486,1024,BC3,0,False,False,False,False,,100.0,1,20,20,0,True,True,1048600,True,True,False,False,True,False,False,BC3,4194304,True
textures\building x sky temple.tga,Unknown,NormalExtraction,256,256,65536,1024,1024,1048576,1.0486,1024,BC3,1,True,False,False,False,,2.448,3,10,5,5,True,True,1048600,True,True,False,False,True,False,False,BC3,4194304,True
textures\building x statue stand in.tga,Unknown,NormalExtraction,256,256,65536,1024,1024,1048576,1.0486,1024,BC3,0,False,False,False,False,,100.0,1,1,1,0,True,True,1048600,True,True,False,False,True,False,False,BC3,4194304,True
textures\building x stone wall.tga,Unknown,NormalExtraction,256,256,65536,1024,1024,1048576,1.0486,1024,BC3,0,False,False,False,False,,100.0,1,1,1,0,True,True,1048600,True,True,False,False,True,False,False,BC3,4194304,True
textures\building x temple age0.tga,Unknown,NormalExtraction,256,256,65536,1024,1024,1048576,1.0486,1024,BC3,1,True,False,False,False,,1.173,3,4,0,4,True,True,1048600,True,True,False,False,True,False,False,BC3,4194304,True
textures\building x temple age1.tga,Unknown,NormalExtraction,256,256,65536,1024,1024,1048576,1.0486,1024,BC3,0,False,False,False,False,,100.0,1,4,4,0,True,True,1048600,True,True,False,False,True,False,False,BC3,4194304,True
textures\building x temple age2.tga,Unknown,NormalExtraction,256,256,65536,1024,1024,1048576,1.0486,1024,BC3,0,False,False,False,False,,100.0,1,16,16,0,True,True,1048600,True,True,False,False,True,False,False,BC3,4194304,True
textures\building x temple age3.tga,Unknown,NormalExtraction,256,256,65536,1024,1024,1048576,1.0486,1024,BC3,0,False,False,False,False,,100.0,1,15,15,0,True,True,1048600,True,True,False,False,True,False,False,BC3,4194304,True
textures\building x temple og1 25.tga,Unknown,NormalExtraction,256,256,65536,1024,1024,1048576,1.0486,1024,BC3,0,False,False,False,False,,100.0,1,1,1,0,True,True,1048600,True,True,False,False,True,False,False,BC3,4194304,True
textures\building x temple og1 50.tga,Unknown,NormalExtraction,256,256,65536,1024,1024,1048576,1.0486,1024,BC3,0,False,False,False,False,,100.0,1,1,1,0,True,True,1048600,True,True,False,False,True,False,False,BC3,4194304,True
textures\building x temple og1 75.tga,Unknown,NormalExtraction,256,256,65536,1024,1024,1048576,1.0486,1024,BC3,0,False,False,False,False,,100.0,1,1,1,0,True,True,1048600,True,True,False,False,True,False,False,BC3,4194304,True
textures\building x temple og1.tga,Unknown,NormalExtraction,256,256,65536,1024,1024,1048576,1.0486,1024,BC3,0,False,False,False,False,,100.0,1,1,1,0,True,True,1048600,True,True,False,False,True,False,False,BC3,4194304,True
textures\building x temple og2 25.tga,Unknown,NormalExtraction,256,256,65536,1024,1024,1048576,1.0486,1024,BC3,0,False,False,False,False,,100.0,1,1,1,0,True,True,1048600,True,True,False,False,True,False,False,BC3,4194304,True
textures\building x temple og2 50.tga,Unknown,NormalExtraction,256,256,65536,1024,1024,1048576,1.0486,1024,BC3,0,False,False,False,False,,100.0,1,1,1,0,True,True,1048600,True,True,False,False,True,False,False,BC3,4194304,True
textures\building x temple og2 75.tga,Unknown,NormalExtraction,256,256,65536,1024,1024,1048576,1.0486,1024,BC3,0,False,False,False,False,,100.0,1,1,1,0,True,True,1048600,True,True,False,False,True,False,False,BC3,4194304,True
textures\building x temple og2.tga,Unknown,NormalExtraction,256,256,65536,1024,1024,1048576,1.0486,1024,BC3,0,False,False,False,False,,100.0,1,1,1,0,True,True,1048600,True,True,False,False,True,False,False,BC3,4194304,True
textures\building x titangate.tga,Unknown,NormalExtraction,256,256,65536,1024,1024,1048576,1.0486,1024,BC3,1,True,False,False,False,,0.415,2,12,6,6,True,True,1048600,True,True,False,False,True,False,False,BC3,4194304,True
textures\building x tower watch.tga,Unknown,NormalExtraction,256,256,65536,1024,1024,1048576,1.0486,1024,BC3,1,False,False,False,False,,52.344,3,2,1,1,True,True,1048600,True,True,False,False,True,False,False,BC3,4194304,True
textures\building x tower watch2.tga,Unknown,NormalExtraction,256,256,65536,1024,1024,1048576,1.0486,1024,BC3,1,True,False,False,False,,1.517,2,17,9,8,True,True,1048600,True,True,False,False,True,False,False,BC3,4194304,True
textures\building x tower watch3.tga,Unknown,NormalExtraction,256,256,65536,1024,1024,1048576,1.0486,1024,BC3,1,True,False,False,False,,1.517,2,4,2,2,True,True,1048600,True,True,False,False,True,False,False,BC3,4194304,True
textures\building x tower watch4.tga,Unknown,NormalExtraction,256,256,65536,1024,1024,1048576,1.0486,1024,BC3,1,True,False,False,False,,1.41,2,0,0,0,True,True,1048600,True,True,False,False,True,False,False,BC3,4194304,True
textures\building x towers.tga,Unknown,NormalExtraction,256,256,65536,1024,1024,1048576,1.0486,1024,BC3,1,False,False,False,False,,2.962,3,0,0,0,True,True,1048600,True,True,False,False,True,False,False,BC3,4194304,True
textures\building x wall age2.tga,Unknown,NormalExtraction,256,256,65536,1024,1024,1048576,1.0486,1024,BC3,1,True,False,False,False,,8.545,3,110,57,53,True,True,1048600,True,True,False,False,True,False,False,BC3,4194304,True
textures\building x wall age3.tga,Unknown,NormalExtraction,256,256,65536,1024,1024,1048576,1.0486,1024,BC3,1,False,False,False,False,,1.84,2,56,5,51,True,True,1048600,True,True,False,False,True,False,False,BC3,4194304,True
textures\building x wall bronze.tga,Unknown,NormalExtraction,256,256,65536,1024,1024,1048576,1.0486,1024,BC3,1,True,False,False,False,,1.428,2,45,20,20,True,True,1048600,True,True,False,False,True,False,False,BC3,4194304,True
textures\building x wall iron.tga,Unknown,NormalExtraction,256,256,65536,1024,1024,1048576,1.0486,1024,BC3,1,True,False,False,False,,1.32,2,40,20,20,True,True,1048600,True,True,False,False,True,False,False,BC3,4194304,True
textures\building x wall oreichalkos damage.tga,Unknown,NormalExtraction,256,256,65536,1024,1024,1048576,1.0486,1024,BC3,0,False,False,False,False,,100.0,1,11,11,0,True,True,1048600,True,True,False,False,True,False,False,BC3,4194304,True
textures\building x wall oreichalkos.tga,Unknown,NormalExtraction,256,256,65536,1024,1024,1048576,1.0486,1024,BC3,1,True,False,False,False,,2.283,2,40,21,19,True,True,1048600,True,True,False,False,True,False,False,BC3,4194304,True
textures\building x wall stone.tga,Unknown,NormalExtraction,256,256,65536,1024,1024,1048576,1.0486,1024,BC3,1,True,False,False,False,,1.337,2,44,20,20,True,True,1048600,True,True,False,False,True,False,False,BC3,4194304,True
textures\building_e_monumentbase_map.tga,Unknown,NormalExtraction,256,256,65536,1024,1024,1048576,1.0486,1024,BC3,1,True,False,False,False,,1.562,2,2,1,1,True,True,1048600,True,True,False,False,True,False,False,BC3,4194304,True
textures\buildingestatue01.tga,Unknown,NormalExtraction,256,256,65536,1024,1024,1048576,1.0486,1024,BC3,0,False,False,False,False,,100.0,1,4,4,0,True,True,1048600,True,True,False,False,True,False,False,BC3,4194304,True
textures\cavalry c chariot horse bronze.tga,Unknown,NormalExtraction,256,256,65536,1024,1024,1048576,1.0486,1024,BC3,4,True,False,False,False,,4.268,145,0,0,0,True,True,1048600,True,True,False,False,True,False,False,BC3,4194304,True
textures\cavalry c chariot horse iron.tga,Unknown,NormalExtraction,256,256,65536,1024,1024,1048576,1.0486,1024,BC3,4,True,False,False,False,,4.268,145,0,0,0,True,True,1048600,True,True,False,False,True,False,False,BC3,4194304,True
textures\cavalry c charioteer bronze.tga,Unknown,NormalExtraction,256,256,65536,1024,1024,1048576,1.0486,1024,BC3,4,True,False,False,False,,42.255,188,0,0,0,True,True,1048600,True,True,False,False,True,False,False,BC3,4194304,True
textures\cavalry c charioteer iron.tga,Unknown,NormalExtraction,256,256,65536,1024,1024,1048576,1.0486,1024,BC3,4,True,False,False,False,,40.297,194,0,0,0,True,True,1048600,True,True,False,False,True,False,False,BC3,4194304,True
textures\cavalry c charioteer standard.tga,Unknown,NormalExtraction,256,256,65536,1024,1024,1048576,1.0486,1024,BC3,4,True,False,False,False,,53.735,190,5,0,5,True,True,1048600,True,True,False,False,True,False,False,BC3,4194304,True
textures\cavalry e chariot archer bronze.tga,Unknown,NormalExtraction,256,256,65536,1024,1024,1048576,1.0486,1024,BC3,1,True,False,False,False,,29.941,3,0,0,0,True,True,1048600,True,True,False,False,True,False,False,BC3,4194304,True
textures\cavalry e chariot archer copper.tga,Unknown,NormalExtraction,256,256,65536,1024,1024,1048576,1.0486,1024,BC3,1,True,False,False,False,,34.518,3,11,5,6,True,True,1048600,True,True,False,False,True,False,False,BC3,4194304,True
textures\cavalry e chariot archer iron.tga,Unknown,NormalExtraction,256,256,65536,1024,1024,1048576,1.0486,1024,BC3,1,True,False,False,False,,29.662,3,0,0,0,True,True,1048600,True,True,False,False,True,False,False,BC3,4194304,True
textures\cavalry e war elephant bronze.tga,Unknown,NormalExtraction,256,128,32768,1024,512,524288,0.5243,1024,BC3,1,True,False,False,False,,6.104,3,0,0,0,True,True,524312,True,True,False,False,False,False,False,BC3,2097152,True
textures\cavalry e war elephant copper.tga,Unknown,NormalExtraction,256,128,32768,1024,512,524288,0.5243,1024,BC3,1,True,False,False,False,,4.868,3,18,12,6,True,True,524312,True,True,False,False,False,False,False,BC3,2097152,True
textures\cavalry e war elephant iron.tga,Unknown,NormalExtraction,256,128,32768,1024,512,524288,0.5243,1024,BC3,1,True,False,False,False,,6.158,3,0,0,0,True,True,524312,True,True,False,False,False,False,False,BC3,2097152,True
textures\cine a arkantos god map.tga,Unknown,NormalExtraction,256,256,65536,1024,1024,1048576,1.0486,1024,BC3,0,False,False,False,False,,100.0,1,1,1,0,True,True,1048600,True,True,False,False,True,False,False,BC3,4194304,True
textures\cine a arkantos helmet.tga,Unknown,NormalExtraction,256,256,65536,1024,1024,1048576,1.0486,1024,BC3,0,False,False,False,False,,100.0,1,2,2,0,True,True,1048600,True,True,False,False,True,False,False,BC3,4194304,True
textures\cine a arkantos map.tga,Unknown,NormalExtraction,256,256,65536,1024,1024,1048576,1.0486,1024,BC3,1,True,False,False,False,,17.642,3,9,5,4,True,True,1048600,True,True,False,False,True,False,False,BC3,4194304,True
textures\cine a arkantosman map.tga,Unknown,NormalExtraction,256,256,65536,1024,1024,1048576,1.0486,1024,BC3,1,True,False,False,False,,16.081,3,0,0,0,True,True,1048600,True,True,False,False,True,False,False,BC3,4194304,True
textures\cine a arkantosman mapblue.tga,Unknown,NormalExtraction,512,512,262144,2048,2048,4194304,4.1943,2048,BC3,0,False,False,False,False,,100.0,1,2,2,0,True,True,4194328,True,True,True,False,False,False,False,BC3,16777216,True
textures\cine a brokk map.tga,Unknown,NormalExtraction,256,256,65536,1024,1024,1048576,1.0486,1024,BC3,1,True,False,False,False,,13.686,3,0,0,0,True,True,1048600,True,True,False,False,True,False,False,BC3,4194304,True
textures\cine a eitri map.tga,Unknown,NormalExtraction,256,256,65536,1024,1024,1048576,1.0486,1024,BC3,1,True,False,False,False,,13.686,3,0,0,0,True,True,1048600,True,True,False,False,True,False,False,BC3,4194304,True
textures\cine a jarl horse map.tga,Unknown,NormalExtraction,256,256,65536,1024,1024,1048576,1.0486,1024,BC3,1,True,False,False,False,,4.311,3,0,0,0,True,True,1048600,True,True,False,False,True,False,False,BC3,4194304,True
textures\cine a jarl map.tga,Unknown,NormalExtraction,256,256,65536,1024,1024,1048576,1.0486,1024,BC3,1,True,False,False,False,,4.123,3,0,0,0,True,True,1048600,True,True,False,False,True,False,False,BC3,4194304,True
textures\cine a kemsyt.tga,Unknown,NormalExtraction,256,256,65536,1024,1024,1048576,1.0486,1024,BC3,0,False,False,False,False,,100.0,1,2,2,0,True,True,1048600,True,True,False,False,True,False,False,BC3,4194304,True
textures\cine a skult map.tga,Unknown,NormalExtraction,256,256,65536,1024,1024,1048576,1.0486,1024,BC3,1,True,False,False,False,,9.119,3,0,0,0,True,True,1048600,True,True,False,False,True,False,False,BC3,4194304,True
textures\cine c danzhu.tga,Unknown,NormalExtraction,256,256,65536,1024,1024,1048576,1.0486,1024,BC3,4,True,False,False,False,,2.361,101,0,0,0,True,True,1048600,True,True,False,False,True,False,False,BC3,4194304,True
textures\cine c emperor head.tga,Unknown,NormalExtraction,256,256,65536,1024,1024,1048576,1.0486,1024,BC3,1,False,False,False,False,,93.793,15,0,0,0,True,True,1048600,True,True,False,False,True,False,False,BC3,4194304,True
textures\cine c emperor.tga,Unknown,NormalExtraction,512,512,262144,2048,2048,4194304,4.1943,2048,BC3,4,True,False,False,False,,0.0,1,0,0,0,True,True,4194328,True,True,True,False,False,False,False,BC3,16777216,True
textures\cine c jiaolong.tga,Unknown,NormalExtraction,256,256,65536,1024,1024,1048576,1.0486,1024,BC3,4,True,False,False,False,,18.42,216,0,0,0,True,True,1048600,True,True,False,False,True,False,False,BC3,4194304,True
textures\cine c shun spear.tga,Unknown,NormalExtraction,128,256,32768,512,1024,524288,0.5243,1024,BC3,4,True,False,False,False,,100.0,1,0,0,0,True,True,524312,True,True,False,False,False,False,False,BC3,2097152,True
textures\cine c shun.tga,Unknown,NormalExtraction,512,512,262144,2048,2048,4194304,4.1943,2048,BC3,4,True,False,False,False,,22.637,252,0,0,0,True,True,4194328,True,True,True,False,False,False,False,BC3,16777216,True
textures\cine c zhi.tga,Unknown,NormalExtraction,256,256,65536,1024,1024,1048576,1.0486,1024,BC3,4,True,False,False,False,,51.602,254,0,0,0,True,True,1048600,True,True,False,False,True,False,False,BC3,4194304,True
textures\cine e axeman.tga,Unknown,NormalExtraction,256,256,65536,1024,1024,1048576,1.0486,1024,BC3,1,True,False,False,False,,15.988,3,0,0,0,True,True,1048600,True,True,False,False,True,False,False,BC3,4194304,True
textures\cine e infantry map.tga,Unknown,NormalExtraction,256,256,65536,1024,1024,1048576,1.0486,1024,BC3,1,True,False,False,False,,18.321,3,0,0,0,True,True,1048600,True,True,False,False,True,False,False,BC3,4194304,True
textures\cine e osiris map.tga,Unknown,NormalExtraction,256,256,65536,1024,1024,1048576,1.0486,1024,BC3,0,False,False,False,False,,100.0,4,0,0,0,True,True,1048600,True,True,False,False,True,False,False,BC3,4194304,True
textures\cine e setna.tga,Unknown,NormalExtraction,256,256,65536,1024,1024,1048576,1.0486,1024,BC3,1,True,False,False,False,,14.445,3,0,0,0,True,True,1048600,True,True,False,False,True,False,False,BC3,4194304,True
textures\cine g ajax lion head map.tga,Unknown,NormalExtraction,128,256,32768,512,1024,524288,0.5243,1024,BC3,0,False,False,False,False,,100.0,1,1,1,0,True,True,524312,True,True,False,False,False,False,False,BC3,2097152,True
textures\cine g ajax map.tga,Unknown,NormalExtraction,256,256,65536,1024,1024,1048576,1.0486,1024,BC3,1,True,False,False,False,,12.07,3,1,0,1,True,True,1048600,True,True,False,False,True,False,False,BC3,4194304,True
textures\cine g ajax old map.tga,Unknown,NormalExtraction,256,256,65536,1024,1024,1048576,1.0486,1024,BC3,1,True,False,False,False,,17.076,2,0,0,0,True,True,1048600,True,True,False,False,True,False,False,BC3,4194304,True
textures\cine g ajax.tga,Unknown,NormalExtraction,256,256,65536,1024,1024,1048576,1.0486,1024,BC3,0,False,False,False,False,,100.0,1,1,1,0,True,True,1048600,True,True,False,False,True,False,False,BC3,4194304,True
textures\cine g amanra map.tga,Unknown,NormalExtraction,256,256,65536,1024,1024,1048576,1.0486,1024,BC3,1,True,False,False,False,,14.401,3,0,0,0,True,True,1048600,True,True,False,False,True,False,False,BC3,4194304,True
textures\cine g amanra old map.tga,Unknown,NormalExtraction,256,256,65536,1024,1024,1048576,1.0486,1024,BC3,1,True,False,False,False,,16.112,3,0,0,0,True,True,1048600,True,True,False,False,True,False,False,BC3,4194304,True
textures\cine g chiron map.tga,Unknown,NormalExtraction,256,256,65536,1024,1024,1048576,1.0486,1024,BC3,1,True,False,False,False,,14.207,3,0,0,0,True,True,1048600,True,True,False,False,True,False,False,BC3,4194304,True
textures\cine g gargarensis map.tga,Unknown,NormalExtraction,256,256,65536,1024,1024,1048576,1.0486,1024,BC3,1,True,False,False,False,,9.65,3,6,3,3,True,True,1048600,True,True,False,False,True,False,False,BC3,4194304,True
textures\cine g kastor map.tga,Unknown,NormalExtraction,256,256,65536,1024,1024,1048576,1.0486,1024,BC3,1,True,False,False,False,,7.512,3,0,0,0,True,True,1048600,True,True,False,False,True,False,False,BC3,4194304,True
textures\cine g odysseus map.tga,Unknown,NormalExtraction,256,256,65536,1024,1024,1048576,1.0486,1024,BC3,0,False,False,False,False,,100.0,1,0,0,0,True,True,1048600,True,True,False,False,True,False,False,BC3,4194304,True
textures\cine g old man map.tga,Unknown,NormalExtraction,256,256,65536,1024,1024,1048576,1.0486,1024,BC3,1,True,False,False,False,,36.086,3,0,0,0,True,True,1048600,True,True,False,False,True,False,False,BC3,4194304,True
textures\cine g poseidon stone.tga,Unknown,NormalExtraction,256,256,65536,1024,1024,1048576,1.0486,1024,BC3,1,True,False,False,False,,4.282,2,9,5,4,True,True,1048600,True,True,False,False,True,False,False,BC3,4194304,True
textures\cine n hersir.tga,Unknown,NormalExtraction,256,256,65536,1024,1024,1048576,1.0486,1024,BC3,1,True,False,False,False,,24.741,3,0,0,0,True,True,1048600,True,True,False,False,True,False,False,BC3,4194304,True
textures\cine n huskarl.tga,Unknown,NormalExtraction,256,256,65536,1024,1024,1048576,1.0486,1024,BC3,1,True,False,False,False,,8.173,3,2,1,1,True,True,1048600,True,True,False,False,True,False,False,BC3,4194304,True
textures\cine n reginleif map.tga,Unknown,NormalExtraction,256,256,65536,1024,1024,1048576,1.0486,1024,BC3,1,True,False,False,False,,9.279,3,0,0,0,True,True,1048600,True,True,False,False,True,False,False,BC3,4194304,True
textures\cine n reginleif weapons map.tga,Unknown,NormalExtraction,256,256,65536,1024,1024,1048576,1.0486,1024,BC3,1,True,False,False,False,,10.081,3,0,0,0,True,True,1048600,True,True,False,False,True,False,False,BC3,4194304,True
textures\cine n ulfsark.tga,Unknown,NormalExtraction,256,256,65536,1024,1024,1048576,1.0486,1024,BC3,1,True,False,False,False,,24.908,3,0,0,0,True,True,1048600,True,True,False,False,True,False,False,BC3,4194304,True
textures\cine spear map.tga,Unknown,NormalExtraction,128,256,32768,512,1024,524288,0.5243,1024,BC3,1,True,False,False,False,,100.0,1,9,9,0,True,True,524312,True,True,False,False,False,False,False,BC3,2097152,True
textures\cine x hp arcusmap.tga,Unknown,NormalExtraction,256,256,65536,1024,1024,1048576,1.0486,1024,BC3,1,True,False,False,False,,16.267,3,0,0,0,True,True,1048600,True,True,False,False,True,False,False,BC3,4194304,True
textures\cine x hp automatonmap.tga,Unknown,NormalExtraction,256,256,65536,1024,1024,1048576,1.0486,1024,BC3,1,True,False,False,False,,10.275,3,0,0,0,True,True,1048600,True,True,False,False,True,False,False,BC3,4194304,True
textures\cine x hp autoweaponsmap.tga,Unknown,NormalExtraction,256,256,65536,1024,1024,1048576,1.0486,1024,BC3,1,False,False,False,False,,93.669,2,0,0,0,True,True,1048600,True,True,False,False,True,False,False,BC3,4194304,True
textures\cine x hp fanaticmap.tga,Unknown,NormalExtraction,256,256,65536,1024,1024,1048576,1.0486,1024,BC3,1,True,False,False,False,,8.162,3,0,0,0,True,True,1048600,True,True,False,False,True,False,False,BC3,4194304,True
textures\cine x hp melagiusmap.tga,Unknown,NormalExtraction,256,256,65536,1024,1024,1048576,1.0486,1024,BC3,1,True,False,False,False,,13.713,3,0,0,0,True,True,1048600,True,True,False,False,True,False,False,BC3,4194304,True
textures\cine x kastor adult.tga,Unknown,NormalExtraction,256,256,65536,1024,1024,1048576,1.0486,1024,BC3,1,True,False,False,False,,11.009,3,28,14,14,True,True,1048600,True,True,False,False,True,False,False,BC3,4194304,True
textures\cine x krios.tga,Unknown,NormalExtraction,256,256,65536,1024,1024,1048576,1.0486,1024,BC3,1,True,False,False,False,,1.601,3,12,4,8,True,True,1048600,True,True,False,False,True,False,False,BC3,4194304,True
textures\cine x kriosred.tga,Unknown,NormalExtraction,256,256,65536,1024,1024,1048576,1.0486,1024,BC3,0,False,False,False,False,,100.0,1,0,0,0,True,True,1048600,True,True,False,False,True,False,False,BC3,4194304,True
textures\cine x trident soldier cape.tga,Unknown,NormalExtraction,128,256,32768,512,1024,524288,0.5243,1024,BC3,1,True,False,False,False,,92.477,3,0,0,0,True,True,524312,True,True,False,False,False,False,False,BC3,2097152,True
textures\cine x trident soldier shield.tga,Unknown,NormalExtraction,256,256,65536,1024,1024,1048576,1.0486,1024,BC3,1,True,False,False,False,,7.147,3,0,0,0,True,True,1048600,True,True,False,False,True,False,False,BC3,4194304,True
textures\cine x trident soldier.tga,Unknown,NormalExtraction,256,256,65536,1024,1024,1048576,1.0486,1024,BC3,1,True,False,False,False,,8.133,3,0,0,0,True,True,1048600,True,True,False,False,True,False,False,BC3,4194304,True
textures\cinematic naval g trireme.tga,Unknown,NormalExtraction,256,256,65536,1024,1024,1048576,1.0486,1024,BC3,1,True,False,False,False,,3.458,3,0,0,0,True,True,1048600,True,True,False,False,True,False,False,BC3,4194304,True
textures\cloud.tga,Unknown,NormalExtraction,512,512,262144,2048,2048,4194304,4.1943,2048,BC3,0,False,False,False,False,,100.0,1,0,0,0,True,True,4194328,True,True,True,False,False,False,False,BC3,16777216,True
textures\cyclops high.tga,Unknown,NormalExtraction,256,256,65536,1024,1024,1048576,1.0486,1024,BC3,1,True,False,False,False,,2.863,3,0,0,0,True,True,1048600,True,True,False,False,True,False,False,BC3,4194304,True
textures\defaultskybox_bk.tga,Unknown,NormalExtraction,256,256,65536,1024,1024,1048576,1.0486,1024,BC3,0,False,False,False,False,,100.0,1,1,1,0,True,True,1048600,True,True,False,False,True,False,False,BC3,4194304,True
textures\defaultskybox_fr.tga,Unknown,NormalExtraction,256,256,65536,1024,1024,1048576,1.0486,1024,BC3,0,False,False,False,False,,100.0,1,1,1,0,True,True,1048600,True,True,False,False,True,False,False,BC3,4194304,True
textures\defaultskybox_lf.tga,Unknown,NormalExtraction,256,256,65536,1024,1024,1048576,1.0486,1024,BC3,0,False,False,False,False,,100.0,1,1,1,0,True,True,1048600,True,True,False,False,True,False,False,BC3,4194304,True
textures\defaultskybox_rt.tga,Unknown,NormalExtraction,256,256,65536,1024,1024,1048576,1.0486,1024,BC3,0,False,False,False,False,,100.0,1,1,1,0,True,True,1048600,True,True,False,False,True,False,False,BC3,4194304,True
textures\defaultskybox_up.tga,Unknown,NormalExtraction,256,256,65536,1024,1024,1048576,1.0486,1024,BC3,0,False,False,False,False,,100.0,1,0,0,0,True,True,1048600,True,True,False,False,True,False,False,BC3,4194304,True
textures\defaultskyboxbk.tga,Unknown,NormalExtraction,256,256,65536,1024,1024,1048576,1.0486,1024,BC3,0,False,False,False,False,,100.0,1,0,0,0,True,True,1048600,True,True,False,False,True,False,False,BC3,4194304,True
textures\defaultskyboxdn.tga,Unknown,NormalExtraction,256,256,65536,1024,1024,1048576,1.0486,1024,BC3,0,False,False,False,False,,100.0,1,0,0,0,True,True,1048600,True,True,False,False,True,False,False,BC3,4194304,True
textures\defaultskyboxft.tga,Unknown,NormalExtraction,256,256,65536,1024,1024,1048576,1.0486,1024,BC3,0,False,False,False,False,,100.0,1,0,0,0,True,True,1048600,True,True,False,False,True,False,False,BC3,4194304,True
textures\defaultskyboxlf.tga,Unknown,NormalExtraction,256,256,65536,1024,1024,1048576,1.0486,1024,BC3,0,False,False,False,False,,100.0,1,0,0,0,True,True,1048600,True,True,False,False,True,False,False,BC3,4194304,True
textures\defaultskyboxrt.tga,Unknown,NormalExtraction,256,256,65536,1024,1024,1048576,1.0486,1024,BC3,0,False,False,False,False,,100.0,1,0,0,0,True,True,1048600,True,True,False,False,True,False,False,BC3,4194304,True
textures\defaultskyboxup.tga,Unknown,NormalExtraction,256,256,65536,1024,1024,1048576,1.0486,1024,BC3,0,False,False,False,False,,100.0,1,0,0,0,True,True,1048600,True,True,False,False,True,False,False,BC3,4194304,True
textures\earth.tga,Unknown,NormalExtraction,256,256,65536,1024,1024,1048576,1.0486,1024,BC3,0,False,False,False,False,,100.0,1,0,0,0,True,True,1048600,True,True,False,False,True,False,False,BC3,4194304,True
textures\erebusskybox_bk.tga,Unknown,NormalExtraction,256,256,65536,1024,1024,1048576,1.0486,1024,BC3,0,False,False,False,False,,100.0,1,0,0,0,True,True,1048600,True,True,False,False,True,False,False,BC3,4194304,True
textures\erebusskybox_dn.tga,Unknown,NormalExtraction,256,256,65536,1024,1024,1048576,1.0486,1024,BC3,0,False,False,False,False,,100.0,1,0,0,0,True,True,1048600,True,True,False,False,True,False,False,BC3,4194304,True
textures\erebusskybox_fr.tga,Unknown,NormalExtraction,256,256,65536,1024,1024,1048576,1.0486,1024,BC3,0,False,False,False,False,,100.0,1,0,0,0,True,True,1048600,True,True,False,False,True,False,False,BC3,4194304,True
textures\erebusskybox_lf.tga,Unknown,NormalExtraction,256,256,65536,1024,1024,1048576,1.0486,1024,BC3,0,False,False,False,False,,100.0,1,0,0,0,True,True,1048600,True,True,False,False,True,False,False,BC3,4194304,True
textures\erebusskybox_rt.tga,Unknown,NormalExtraction,256,256,65536,1024,1024,1048576,1.0486,1024,BC3,0,False,False,False,False,,100.0,1,0,0,0,True,True,1048600,True,True,False,False,True,False,False,BC3,4194304,True
textures\erebusskybox_up.tga,Unknown,NormalExtraction,256,256,65536,1024,1024,1048576,1.0486,1024,BC3,0,False,False,False,False,,100.0,1,0,0,0,True,True,1048600,True,True,False,False,True,False,False,BC3,4194304,True
textures\es_logo.tga,Unknown,NormalExtraction,256,64,16384,1024,256,262144,0.2621,1024,BC3,4,False,False,False,False,,52.783,242,0,0,0,True,True,262168,True,True,False,False,False,False,False,BC3,1048576,True
textures\g hypaspist highmodelmap.tga,Unknown,NormalExtraction,256,256,65536,1024,1024,1048576,1.0486,1024,BC3,1,True,False,False,False,,17.284,3,0,0,0,True,True,1048600,True,True,False,False,True,False,False,BC3,4194304,True
textures\g hypaspist map 256.tga,Unknown,NormalExtraction,256,256,65536,1024,1024,1048576,1.0486,1024,BC3,0,False,False,False,False,,100.0,1,0,0,0,True,True,1048600,True,True,False,False,True,False,False,BC3,4194304,True
textures\gaia pool ground.tga,Unknown,NormalExtraction,256,256,65536,1024,1024,1048576,1.0486,1024,BC3,4,False,False,False,False,,50.957,240,1,1,0,True,True,1048600,True,True,False,False,True,False,False,BC3,4194304,True
textures\gaia wonder map1.tga,Unknown,NormalExtraction,256,256,65536,1024,1024,1048576,1.0486,1024,BC3,1,False,False,False,False,,90.816,3,7,7,0,True,True,1048600,True,True,False,False,True,False,False,BC3,4194304,True
textures\gaia wonder map2.tga,Unknown,NormalExtraction,256,256,65536,1024,1024,1048576,1.0486,1024,BC3,1,True,False,False,False,,1.291,3,10,6,4,True,True,1048600,True,True,False,False,True,False,False,BC3,4194304,True
textures\gine g kamos map.tga,Unknown,NormalExtraction,256,256,65536,1024,1024,1048576,1.0486,1024,BC3,1,True,False,False,False,,9.46,3,6,3,3,True,True,1048600,True,True,False,False,True,False,False,BC3,4194304,True
textures\gine g kamos map2.tga,Unknown,NormalExtraction,256,256,65536,1024,1024,1048576,1.0486,1024,BC3,0,False,False,False,False,,100.0,1,0,0,0,True,True,1048600,True,True,False,False,True,False,False,BC3,4194304,True
textures\god minor portrait atlantis atlas.tga,Unknown,NormalExtraction,256,256,65536,1024,1024,1048576,1.0486,1024,BC3,0,False,False,False,False,,100.0,1,0,0,0,True,True,1048600,True,True,False,False,True,False,False,BC3,4194304,True
textures\god minor portrait atlantis hekate.tga,Unknown,NormalExtraction,256,256,65536,1024,1024,1048576,1.0486,1024,BC3,0,False,False,False,False,,100.0,1,0,0,0,True,True,1048600,True,True,False,False,True,False,False,BC3,4194304,True
textures\god minor portrait atlantis helios.tga,Unknown,NormalExtraction,256,256,65536,1024,1024,1048576,1.0486,1024,BC3,0,False,False,False,False,,100.0,1,0,0,0,True,True,1048600,True,True,False,False,True,False,False,BC3,4194304,True
textures\god minor portrait atlantis hyperion.tga,Unknown,NormalExtraction,256,256,65536,1024,1024,1048576,1.0486,1024,BC3,0,False,False,False,False,,100.0,1,0,0,0,True,True,1048600,True,True,False,False,True,False,False,BC3,4194304,True
textures\god minor portrait atlantis leto.tga,Unknown,NormalExtraction,256,256,65536,1024,1024,1048576,1.0486,1024,BC3,0,False,False,False,False,,100.0,1,0,0,0,True,True,1048600,True,True,False,False,True,False,False,BC3,4194304,True
textures\god minor portrait atlantis okeanus.tga,Unknown,NormalExtraction,256,256,65536,1024,1024,1048576,1.0486,1024,BC3,0,False,False,False,False,,100.0,1,0,0,0,True,True,1048600,True,True,False,False,True,False,False,BC3,4194304,True
textures\god minor portrait atlantis prometheus.tga,Unknown,NormalExtraction,256,256,65536,1024,1024,1048576,1.0486,1024,BC3,0,False,False,False,False,,100.0,1,0,0,0,True,True,1048600,True,True,False,False,True,False,False,BC3,4194304,True
textures\god minor portrait atlantis rheia.tga,Unknown,NormalExtraction,256,256,65536,1024,1024,1048576,1.0486,1024,BC3,0,False,False,False,False,,100.0,1,0,0,0,True,True,1048600,True,True,False,False,True,False,False,BC3,4194304,True
textures\god minor portrait atlantis theia.tga,Unknown,NormalExtraction,256,256,65536,1024,1024,1048576,1.0486,1024,BC3,0,False,False,False,False,,100.0,1,0,0,0,True,True,1048600,True,True,False,False,True,False,False,BC3,4194304,True
textures\god minor portrait chinese aokuang.tga,Unknown,NormalExtraction,256,256,65536,1024,1024,1048576,1.0486,1024,DEFLATEDRGBA8,0,False,False,False,False,,100.0,1,0,0,0,True,True,655392,True,True,False,False,True,False,False,DEFLATED,4194304,True
textures\god minor portrait chinese change.tga,Unknown,NormalExtraction,256,256,65536,1024,1024,1048576,1.0486,1024,DEFLATEDRGBA8,0,False,False,False,False,,100.0,1,0,0,0,True,True,655392,True,True,False,False,True,False,False,DEFLATED,4194304,True
textures\god minor portrait chinese chongli.tga,Unknown,NormalExtraction,256,256,65536,1024,1024,1048576,1.0486,1024,DEFLATEDRGBA8,0,False,False,False,False,,100.0,1,0,0,0,True,True,655392,True,True,False,False,True,False,False,DEFLATED,4194304,True
textures\god minor portrait chinese dabogong.tga,Unknown,NormalExtraction,256,256,65536,1024,1024,1048576,1.0486,1024,DEFLATEDRGBA8,0,False,False,False,False,,100.0,1,0,0,0,True,True,655392,True,True,False,False,True,False,False,DEFLATED,4194304,True
textures\god minor portrait chinese hebo.tga,Unknown,NormalExtraction,256,256,65536,1024,1024,1048576,1.0486,1024,DEFLATEDRGBA8,0,False,False,False,False,,100.0,1,0,0,0,True,True,655392,True,True,False,False,True,False,False,DEFLATED,4194304,True
textures\god minor portrait chinese huangdi.tga,Unknown,NormalExtraction,256,256,65536,1024,1024,1048576,1.0486,1024,DEFLATEDRGBA8,0,False,False,False,False,,100.0,1,0,0,0,True,True,655392,True,True,False,False,True,False,False,DEFLATED,4194304,True
textures\god minor portrait chinese sunwukong.tga,Unknown,NormalExtraction,256,256,65536,1024,1024,1048576,1.0486,1024,DEFLATEDRGBA8,0,False,False,False,False,,100.0,1,0,0,0,True,True,655392,True,True,False,False,True,False,False,DEFLATED,4194304,True
textures\god minor portrait chinese xiwangmu.tga,Unknown,NormalExtraction,256,256,65536,1024,1024,1048576,1.0486,1024,DEFLATEDRGBA8,0,False,False,False,False,,100.0,1,0,0,0,True,True,655392,True,True,False,False,True,False,False,DEFLATED,4194304,True
textures\god minor portrait chinese zhongkui.tga,Unknown,NormalExtraction,256,256,65536,1024,1024,1048576,1.0486,1024,DEFLATEDRGBA8,0,False,False,False,False,,100.0,1,0,0,0,True,True,655392,True,True,False,False,True,False,False,DEFLATED,4194304,True
textures\god minor portrait egypt anubis.tga,Unknown,NormalExtraction,256,256,65536,1024,1024,1048576,1.0486,1024,BC3,0,False,False,False,False,,100.0,1,0,0,0,True,True,1048600,True,True,False,False,True,False,False,BC3,4194304,True
textures\god minor portrait egypt bast.tga,Unknown,NormalExtraction,256,256,65536,1024,1024,1048576,1.0486,1024,BC3,0,False,False,False,False,,100.0,1,0,0,0,True,True,1048600,True,True,False,False,True,False,False,BC3,4194304,True
textures\god minor portrait egypt hathor.tga,Unknown,NormalExtraction,256,256,65536,1024,1024,1048576,1.0486,1024,BC3,0,False,False,False,False,,100.0,1,0,0,0,True,True,1048600,True,True,False,False,True,False,False,BC3,4194304,True
textures\god minor portrait egypt horus.tga,Unknown,NormalExtraction,256,256,65536,1024,1024,1048576,1.0486,1024,BC3,0,False,False,False,False,,100.0,1,0,0,0,True,True,1048600,True,True,False,False,True,False,False,BC3,4194304,True
textures\god minor portrait egypt nephthys.tga,Unknown,NormalExtraction,256,256,65536,1024,1024,1048576,1.0486,1024,BC3,0,False,False,False,False,,100.0,1,0,0,0,True,True,1048600,True,True,False,False,True,False,False,BC3,4194304,True
textures\god minor portrait egypt osiris.tga,Unknown,NormalExtraction,256,256,65536,1024,1024,1048576,1.0486,1024,BC3,0,False,False,False,False,,100.0,1,0,0,0,True,True,1048600,True,True,False,False,True,False,False,BC3,4194304,True
textures\god minor portrait egypt ptah.tga,Unknown,NormalExtraction,256,256,65536,1024,1024,1048576,1.0486,1024,BC3,0,False,False,False,False,,100.0,1,0,0,0,True,True,1048600,True,True,False,False,True,False,False,BC3,4194304,True
textures\god minor portrait egypt sekhmet.tga,Unknown,NormalExtraction,256,256,65536,1024,1024,1048576,1.0486,1024,BC3,0,False,False,False,False,,100.0,1,0,0,0,True,True,1048600,True,True,False,False,True,False,False,BC3,4194304,True
textures\god minor portrait egypt thoth.tga,Unknown,NormalExtraction,256,256,65536,1024,1024,1048576,1.0486,1024,BC3,0,False,False,False,False,,100.0,1,0,0,0,True,True,1048600,True,True,False,False,True,False,False,BC3,4194304,True
textures\god minor portrait greek aphrodite.tga,Unknown,NormalExtraction,256,256,65536,1024,1024,1048576,1.0486,1024,BC3,0,False,False,False,False,,100.0,1,0,0,0,True,True,1048600,True,True,False,False,True,False,False,BC3,4194304,True
textures\god minor portrait greek apollo.tga,Unknown,NormalExtraction,256,256,65536,1024,1024,1048576,1.0486,1024,BC3,0,False,False,False,False,,100.0,1,0,0,0,True,True,1048600,True,True,False,False,True,False,False,BC3,4194304,True
textures\god minor portrait greek ares.tga,Unknown,NormalExtraction,256,256,65536,1024,1024,1048576,1.0486,1024,BC3,0,False,False,False,False,,100.0,1,0,0,0,True,True,1048600,True,True,False,False,True,False,False,BC3,4194304,True
textures\god minor portrait greek artemis.tga,Unknown,NormalExtraction,256,256,65536,1024,1024,1048576,1.0486,1024,BC3,0,False,False,False,False,,100.0,1,0,0,0,True,True,1048600,True,True,False,False,True,False,False,BC3,4194304,True
textures\god minor portrait greek athena.tga,Unknown,NormalExtraction,256,256,65536,1024,1024,1048576,1.0486,1024,BC3,0,False,False,False,False,,100.0,1,0,0,0,True,True,1048600,True,True,False,False,True,False,False,BC3,4194304,True
textures\god minor portrait greek dionysus.tga,Unknown,NormalExtraction,256,256,65536,1024,1024,1048576,1.0486,1024,BC3,0,False,False,False,False,,100.0,1,0,0,0,True,True,1048600,True,True,False,False,True,False,False,BC3,4194304,True
textures\god minor portrait greek hephaestus.tga,Unknown,NormalExtraction,256,256,65536,1024,1024,1048576,1.0486,1024,BC3,0,False,False,False,False,,100.0,1,0,0,0,True,True,1048600,True,True,False,False,True,False,False,BC3,4194304,True
textures\god minor portrait greek hera.tga,Unknown,NormalExtraction,256,256,65536,1024,1024,1048576,1.0486,1024,BC3,0,False,False,False,False,,100.0,1,0,0,0,True,True,1048600,True,True,False,False,True,False,False,BC3,4194304,True
textures\god minor portrait greek hermes.tga,Unknown,NormalExtraction,256,256,65536,1024,1024,1048576,1.0486,1024,BC3,0,False,False,False,False,,100.0,1,0,0,0,True,True,1048600,True,True,False,False,True,False,False,BC3,4194304,True
textures\god minor portrait norse baldr.tga,Unknown,NormalExtraction,256,256,65536,1024,1024,1048576,1.0486,1024,BC3,0,False,False,False,False,,100.0,1,0,0,0,True,True,1048600,True,True,False,False,True,False,False,BC3,4194304,True
textures\god minor portrait norse bragi.tga,Unknown,NormalExtraction,256,256,65536,1024,1024,1048576,1.0486,1024,BC3,0,False,False,False,False,,100.0,1,0,0,0,True,True,1048600,True,True,False,False,True,False,False,BC3,4194304,True
textures\god minor portrait norse forseti.tga,Unknown,NormalExtraction,256,256,65536,1024,1024,1048576,1.0486,1024,BC3,0,False,False,False,False,,100.0,1,0,0,0,True,True,1048600,True,True,False,False,True,False,False,BC3,4194304,True
textures\god minor portrait norse freyja.tga,Unknown,NormalExtraction,256,256,65536,1024,1024,1048576,1.0486,1024,BC3,0,False,False,False,False,,100.0,1,0,0,0,True,True,1048600,True,True,False,False,True,False,False,BC3,4194304,True
textures\god minor portrait norse heimdall.tga,Unknown,NormalExtraction,256,256,65536,1024,1024,1048576,1.0486,1024,BC3,0,False,False,False,False,,100.0,1,0,0,0,True,True,1048600,True,True,False,False,True,False,False,BC3,4194304,True
textures\god minor portrait norse hel.tga,Unknown,NormalExtraction,256,256,65536,1024,1024,1048576,1.0486,1024,BC3,0,False,False,False,False,,100.0,1,0,0,0,True,True,1048600,True,True,False,False,True,False,False,BC3,4194304,True
textures\god minor portrait norse njord.tga,Unknown,NormalExtraction,256,256,65536,1024,1024,1048576,1.0486,1024,BC3,0,False,False,False,False,,100.0,1,0,0,0,True,True,1048600,True,True,False,False,True,False,False,BC3,4194304,True
textures\god minor portrait norse skadi.tga,Unknown,NormalExtraction,256,256,65536,1024,1024,1048576,1.0486,1024,BC3,0,False,False,False,False,,100.0,1,0,0,0,True,True,1048600,True,True,False,False,True,False,False,BC3,4194304,True
textures\god minor portrait norse tyr.tga,Unknown,NormalExtraction,256,256,65536,1024,1024,1048576,1.0486,1024,BC3,0,False,False,False,False,,100.0,1,0,0,0,True,True,1048600,True,True,False,False,True,False,False,BC3,4194304,True
textures\gp x hesperides tree decal.tga,Unknown,NormalExtraction,256,256,65536,1024,1024,1048576,1.0486,1024,BC3,4,False,False,False,False,,65.852,243,0,0,0,True,True,1048600,True,True,False,False,True,False,False,BC3,4194304,True
textures\gp x hesperides tree shadow.tga,Unknown,NormalExtraction,256,256,65536,1024,1024,1048576,1.0486,1024,BC3,4,False,False,False,False,,65.852,243,0,0,0,True,True,1048600,True,True,False,False,True,False,False,BC3,4194304,True
textures\gp x hesperides tree.tga,Unknown,NormalExtraction,256,256,65536,1024,1024,1048576,1.0486,1024,BC3,1,False,False,False,False,,74.806,3,7,3,0,True,True,1048600,True,True,False,False,True,False,False,BC3,4194304,True
textures\gp x tartarian gate ground.tga,Unknown,NormalExtraction,256,256,65536,1024,1024,1048576,1.0486,1024,BC3,4,False,False,False,False,,85.728,245,3,3,0,True,True,1048600,True,True,False,False,True,False,False,BC3,4194304,True
textures\greekheromap.tga,Unknown,NormalExtraction,256,256,65536,1024,1024,1048576,1.0486,1024,BC3,1,True,False,False,False,,16.124,3,0,0,0,True,True,1048600,True,True,False,False,True,False,False,BC3,4194304,True
textures\hades2.tga,Unknown,NormalExtraction,256,256,65536,1024,1024,1048576,1.0486,1024,BC3,0,False,False,False,False,,100.0,1,3,3,0,True,True,1048600,True,True,False,False,True,False,False,BC3,4194304,True
textures\hero g chiron.tga,Unknown,NormalExtraction,256,256,65536,1024,1024,1048576,1.0486,1024,BC3,1,True,False,False,False,,25.977,3,0,0,0,True,True,1048600,True,True,False,False,True,False,False,BC3,4194304,True
textures\hoplitemap cine.tga,Unknown,NormalExtraction,256,256,65536,1024,1024,1048576,1.0486,1024,BC3,0,False,False,False,False,,100.0,1,0,0,0,True,True,1048600,True,True,False,False,True,False,False,BC3,4194304,True
textures\hoplitemap.tga,Unknown,NormalExtraction,256,256,65536,1024,1024,1048576,1.0486,1024,BC3,1,True,False,False,False,,16.571,3,0,0,0,True,True,1048600,True,True,False,False,True,False,False,BC3,4194304,True
textures\icetitan.tga,Unknown,NormalExtraction,256,256,65536,1024,1024,1048576,1.0486,1024,BC3,0,False,False,False,False,,100.0,1,1,1,0,True,True,1048600,True,True,False,False,True,False,False,BC3,4194304,True
textures\icons\animal lizard icon.tga,Unknown,NormalExtraction,256,256,65536,1024,1024,1048576,1.0486,1024,DEFLATEDRGBA8,0,False,False,False,False,,100.0,1,0,0,0,True,True,655392,True,True,False,False,True,False,False,DEFLATED,4194304,True
textures\icons\improvement lord of the river icon.tga,Unknown,NormalExtraction,256,256,65536,1024,1024,1048576,1.0486,1024,DEFLATEDRGBA8,0,False,False,False,False,,100.0,1,0,0,0,True,True,655392,True,True,False,False,True,False,False,DEFLATED,4194304,True
textures\improvement lord of the river icon.tga,Unknown,NormalExtraction,256,256,65536,1024,1024,1048576,1.0486,1024,BC3,0,False,False,False,False,,100.0,1,0,0,0,True,True,1048600,True,True,False,False,True,False,False,BC3,4194304,True
textures\jceblend.tga,Unknown,NormalExtraction,32,256,8192,128,1024,131072,0.1311,1024,BC3,0,False,False,False,False,,100.0,1,0,0,0,True,True,131096,True,True,False,False,False,False,False,BC3,524288,True
textures\jcedirt.tga,Unknown,NormalExtraction,256,256,65536,1024,1024,1048576,1.0486,1024,BC3,0,False,False,False,False,,100.0,1,0,0,0,True,True,1048600,True,True,False,False,True,False,False,BC3,4194304,True
textures\kronos wonder map1.tga,Unknown,NormalExtraction,256,256,65536,1024,1024,1048576,1.0486,1024,BC3,0,False,False,False,False,,100.0,1,6,6,0,True,True,1048600,True,True,False,False,True,False,False,BC3,4194304,True
textures\kronos wonder map2.tga,Unknown,NormalExtraction,256,256,65536,1024,1024,1048576,1.0486,1024,BC3,1,True,False,False,False,,2.304,2,12,6,6,True,True,1048600,True,True,False,False,True,False,False,BC3,4194304,True
textures\ladder.tga,Unknown,NormalExtraction,64,256,16384,256,1024,262144,0.2621,1024,BC3,4,False,False,False,False,,52.148,2,0,0,0,True,True,262168,True,True,False,False,False,False,False,BC3,1048576,True
textures\lava crack.tga,Unknown,NormalExtraction,256,256,65536,1024,1024,1048576,1.0486,1024,BC3,0,False,False,False,False,,100.0,1,0,0,0,True,True,1048600,True,True,False,False,True,False,False,BC3,4194304,True
textures\lava.tga,Unknown,NormalExtraction,256,256,65536,1024,1024,1048576,1.0486,1024,BC3,0,False,False,False,False,,100.0,1,0,0,0,True,True,1048600,True,True,False,False,True,False,False,BC3,4194304,True
textures\lionheadmap.tga,Unknown,NormalExtraction,128,256,32768,512,1024,524288,0.5243,1024,BC3,0,False,False,False,False,,100.0,1,0,0,0,True,True,524312,True,True,False,False,False,False,False,BC3,2097152,True
textures\loading_background.tga,Unknown,NormalExtraction,256,32,8192,1024,128,131072,0.1311,1024,BC3,1,False,False,False,False,,100.0,1,0,0,0,True,True,131096,True,True,False,False,False,False,False,BC3,524288,True
textures\loading_filler.tga,Unknown,NormalExtraction,256,32,8192,1024,128,131072,0.1311,1024,BC3,1,False,False,False,False,,100.0,1,0,0,0,True,True,131096,True,True,False,False,False,False,False,BC3,524288,True
textures\mu x argus map.tga,Unknown,NormalExtraction,256,256,65536,1024,1024,1048576,1.0486,1024,BC3,1,True,False,False,False,,10.402,3,15,7,8,True,True,1048600,True,True,False,False,True,False,False,BC3,4194304,True
textures\mu x behemoth map.tga,Unknown,NormalExtraction,256,256,65536,1024,1024,1048576,1.0486,1024,BC3,1,True,False,False,False,,2.431,3,24,12,12,True,True,1048600,True,True,False,False,True,False,False,BC3,4194304,True
textures\mu x stymphalian bird map.tga,Unknown,NormalExtraction,256,256,65536,1024,1024,1048576,1.0486,1024,BC3,1,True,False,False,False,,5.757,3,15,10,5,True,True,1048600,True,True,False,False,True,False,False,BC3,4194304,True
textures\naval c all.tga,Unknown,NormalExtraction,256,256,65536,1024,1024,1048576,1.0486,1024,BC3,4,True,False,False,False,,6.435,158,23,0,23,True,True,1048600,True,True,False,False,True,False,False,BC3,4194304,True
textures\naval e all.tga,Unknown,NormalExtraction,256,256,65536,1024,1024,1048576,1.0486,1024,BC3,1,True,False,False,False,,76.35,3,121,71,45,True,True,1048600,True,True,False,False,True,False,False,BC3,4194304,True
textures\naval e pirate ship.tga,Unknown,NormalExtraction,256,256,65536,1024,1024,1048576,1.0486,1024,BC3,1,True,False,False,False,,6.163,3,44,22,12,True,True,1048600,True,True,False,False,True,False,False,BC3,4194304,True
textures\naval g all wrecked.tga,Unknown,NormalExtraction,256,256,65536,1024,1024,1048576,1.0486,1024,BC3,1,True,False,False,False,,74.628,3,6,2,4,True,True,1048600,True,True,False,False,True,False,False,BC3,4194304,True
textures\naval g all.tga,Unknown,NormalExtraction,256,256,65536,1024,1024,1048576,1.0486,1024,BC3,1,True,False,False,False,,74.628,3,193,92,95,True,True,1048600,True,True,False,False,True,False,False,BC3,4194304,True
textures\naval g giant turtle.tga,Unknown,NormalExtraction,256,256,65536,1024,1024,1048576,1.0486,1024,BC3,4,True,False,False,False,,13.429,244,0,0,0,True,True,1048600,True,True,False,False,True,False,False,BC3,4194304,True
textures\naval n all.tga,Unknown,NormalExtraction,256,256,65536,1024,1024,1048576,1.0486,1024,BC3,1,False,False,False,False,,76.721,3,126,74,49,True,True,1048600,True,True,False,False,True,False,False,BC3,4194304,True
textures\naval n kraken map.tga,Unknown,NormalExtraction,256,256,65536,1024,1024,1048576,1.0486,1024,BC3,0,False,False,False,False,,100.0,1,5,5,0,True,True,1048600,True,True,False,False,True,False,False,BC3,4194304,True
textures\naval n utility map.tga,Unknown,NormalExtraction,256,256,65536,1024,1024,1048576,1.0486,1024,BC3,1,True,False,False,False,,68.756,3,12,12,0,True,True,1048600,True,True,False,False,True,False,False,BC3,4194304,True
textures\naval x all.tga,Unknown,NormalExtraction,256,256,65536,1024,1024,1048576,1.0486,1024,BC3,1,True,False,False,False,,76.343,3,110,55,55,True,True,1048600,True,True,False,False,True,False,False,BC3,4194304,True
textures\nightskybox_bk.tga,Unknown,NormalExtraction,256,256,65536,1024,1024,1048576,1.0486,1024,BC3,0,False,False,False,False,,100.0,1,0,0,0,True,True,1048600,True,True,False,False,True,False,False,BC3,4194304,True
textures\nightskybox_dn.tga,Unknown,NormalExtraction,256,256,65536,1024,1024,1048576,1.0486,1024,BC3,0,False,False,False,False,,100.0,1,0,0,0,True,True,1048600,True,True,False,False,True,False,False,BC3,4194304,True
textures\nightskybox_fr.tga,Unknown,NormalExtraction,256,256,65536,1024,1024,1048576,1.0486,1024,BC3,0,False,False,False,False,,100.0,1,0,0,0,True,True,1048600,True,True,False,False,True,False,False,BC3,4194304,True
textures\nightskybox_lf.tga,Unknown,NormalExtraction,256,256,65536,1024,1024,1048576,1.0486,1024,BC3,0,False,False,False,False,,100.0,1,0,0,0,True,True,1048600,True,True,False,False,True,False,False,BC3,4194304,True
textures\nightskybox_rt.tga,Unknown,NormalExtraction,256,256,65536,1024,1024,1048576,1.0486,1024,BC3,0,False,False,False,False,,100.0,1,0,0,0,True,True,1048600,True,True,False,False,True,False,False,BC3,4194304,True
textures\nightskybox_up.tga,Unknown,NormalExtraction,256,256,65536,1024,1024,1048576,1.0486,1024,BC3,0,False,False,False,False,,100.0,1,0,0,0,True,True,1048600,True,True,False,False,True,False,False,BC3,4194304,True
textures\noise.tga,Unknown,NormalExtraction,256,256,65536,1024,1024,1048576,1.0486,1024,BC3,0,False,False,False,False,,100.0,1,0,0,0,True,True,1048600,True,True,False,False,True,False,False,BC3,4194304,True
textures\norseheromap.tga,Unknown,NormalExtraction,256,256,65536,1024,1024,1048576,1.0486,1024,BC3,0,False,False,False,False,,100.0,1,0,0,0,True,True,1048600,True,True,False,False,True,False,False,BC3,4194304,True
textures\norseheromap256.tga,Unknown,NormalExtraction,256,256,65536,1024,1024,1048576,1.0486,1024,BC3,0,False,False,False,False,,100.0,1,0,0,0,True,True,1048600,True,True,False,False,True,False,False,BC3,4194304,True
textures\oranos wonder map.tga,Unknown,NormalExtraction,256,256,65536,1024,1024,1048576,1.0486,1024,BC3,1,True,False,False,False,,0.397,2,12,8,4,True,True,1048600,True,True,False,False,True,False,False,BC3,4194304,True
textures\oranos wonder map1.tga,Unknown,NormalExtraction,256,256,65536,1024,1024,1048576,1.0486,1024,BC3,1,True,False,False,False,,1.953,2,11,6,5,True,True,1048600,True,True,False,False,True,False,False,BC3,4194304,True
textures\ruin01.tga,Unknown,NormalExtraction,256,256,65536,1024,1024,1048576,1.0486,1024,BC3,0,False,False,False,False,,100.0,1,0,0,0,True,True,1048600,True,True,False,False,True,False,False,BC3,4194304,True
textures\scenario a dwarven forge shared a.tga,Unknown,NormalExtraction,256,256,65536,1024,1024,1048576,1.0486,1024,BC3,0,True,False,False,False,,100.0,1,3,3,0,True,True,1048600,True,True,False,False,True,False,False,BC3,4194304,True
textures\scenario a dwarven forge shared b.tga,Unknown,NormalExtraction,256,256,65536,1024,1024,1048576,1.0486,1024,BC3,0,True,False,False,False,,100.0,1,8,8,0,True,True,1048600,True,True,False,False,True,False,False,BC3,4194304,True
textures\scenario a gate ram.tga,Unknown,NormalExtraction,256,256,65536,1024,1024,1048576,1.0486,1024,BC3,1,True,False,False,False,,0.0,1,7,7,0,True,True,1048600,True,True,False,False,True,False,False,BC3,4194304,True
textures\scenario a gate ram100.tga,Unknown,NormalExtraction,256,256,65536,1024,1024,1048576,1.0486,1024,BC3,0,False,False,False,False,,100.0,1,0,0,0,True,True,1048600,True,True,False,False,True,False,False,BC3,4194304,True
textures\scenario a gate ram20.tga,Unknown,NormalExtraction,256,256,65536,1024,1024,1048576,1.0486,1024,BC3,0,False,False,False,False,,100.0,1,0,0,0,True,True,1048600,True,True,False,False,True,False,False,BC3,4194304,True
textures\scenario a gate ram40.tga,Unknown,NormalExtraction,256,256,65536,1024,1024,1048576,1.0486,1024,BC3,0,False,False,False,False,,100.0,1,0,0,0,True,True,1048600,True,True,False,False,True,False,False,BC3,4194304,True
textures\scenario a gate ram60.tga,Unknown,NormalExtraction,256,256,65536,1024,1024,1048576,1.0486,1024,BC3,0,False,False,False,False,,100.0,1,0,0,0,True,True,1048600,True,True,False,False,True,False,False,BC3,4194304,True
textures\scenario a gate ram80.tga,Unknown,NormalExtraction,256,256,65536,1024,1024,1048576,1.0486,1024,BC3,0,False,False,False,False,,100.0,1,0,0,0,True,True,1048600,True,True,False,False,True,False,False,BC3,4194304,True
textures\scenario a pit attachments.tga,Unknown,NormalExtraction,256,128,32768,1024,512,524288,0.5243,1024,BC3,1,False,False,False,False,,75.116,3,5,5,0,True,True,524312,True,True,False,False,False,False,False,BC3,2097152,True
textures\scenario a pit cliff.tga,Unknown,NormalExtraction,256,256,65536,1024,1024,1048576,1.0486,1024,BC3,0,False,False,False,False,,100.0,1,2,2,0,True,True,1048600,True,True,False,False,True,False,False,BC3,4194304,True
textures\scenario a pit.tga,Unknown,NormalExtraction,256,256,65536,1024,1024,1048576,1.0486,1024,BC3,0,False,False,False,False,,100.0,1,10,10,0,True,True,1048600,True,True,False,False,True,False,False,BC3,4194304,True
textures\scenario a tartarus door cliff.tga,Unknown,NormalExtraction,256,256,65536,1024,1024,1048576,1.0486,1024,BC3,0,False,False,False,False,,100.0,1,10,10,0,True,True,1048600,True,True,False,False,True,False,False,BC3,4194304,True
textures\scenario a tartarus door cracked a.tga,Unknown,NormalExtraction,256,256,65536,1024,1024,1048576,1.0486,1024,BC3,0,False,False,False,False,,100.0,1,0,0,0,True,True,1048600,True,True,False,False,True,False,False,BC3,4194304,True
textures\scenario a tartarus door cracked b.tga,Unknown,NormalExtraction,256,256,65536,1024,1024,1048576,1.0486,1024,BC3,0,False,False,False,False,,100.0,1,0,0,0,True,True,1048600,True,True,False,False,True,False,False,BC3,4194304,True
textures\scenario a tartarus door.tga,Unknown,NormalExtraction,256,256,65536,1024,1024,1048576,1.0486,1024,BC3,0,False,False,False,False,,100.0,1,15,15,0,True,True,1048600,True,True,False,False,True,False,False,BC3,4194304,True
textures\scenario c jiaolong.tga,Unknown,NormalExtraction,256,256,65536,1024,1024,1048576,1.0486,1024,BC3,4,True,False,False,False,,19.759,180,19,8,11,True,True,1048600,True,True,False,False,True,False,False,BC3,4194304,True
textures\scenario e great box camel.tga,Unknown,NormalExtraction,256,256,65536,1024,1024,1048576,1.0486,1024,BC3,1,True,False,False,False,,53.644,3,2,2,0,True,True,1048600,True,True,False,False,True,False,False,BC3,4194304,True
textures\scenario e great box map.tga,Unknown,NormalExtraction,256,256,65536,1024,1024,1048576,1.0486,1024,BC3,1,False,False,False,False,,44.821,3,5,4,1,True,True,1048600,True,True,False,False,True,False,False,BC3,4194304,True
textures\scenario e great box.tga,Unknown,NormalExtraction,256,256,65536,1024,1024,1048576,1.0486,1024,BC3,1,True,False,False,False,,3.975,3,6,0,6,True,True,1048600,True,True,False,False,True,False,False,BC3,4194304,True
textures\scenario e jail gates.tga,Unknown,NormalExtraction,256,128,32768,1024,512,524288,0.5243,1024,BC3,0,False,False,False,False,,100.0,1,1,1,0,True,True,524312,True,True,False,False,False,False,False,BC3,2097152,True
textures\scenario e osiris.tga,Unknown,NormalExtraction,256,256,65536,1024,1024,1048576,1.0486,1024,BC3,0,False,False,False,False,,100.0,1,0,0,0,True,True,1048600,True,True,False,False,True,False,False,BC3,4194304,True
textures\scenario g excavation terrain.tga,Unknown,NormalExtraction,256,256,65536,1024,1024,1048576,1.0486,1024,BC3,0,False,False,False,False,,100.0,1,5,5,0,True,True,1048600,True,True,False,False,True,False,False,BC3,4194304,True
textures\scenario n dwarven mine cliff a.tga,Unknown,NormalExtraction,256,128,32768,1024,512,524288,0.5243,1024,BC3,1,False,False,False,False,,90.536,3,3,3,0,True,True,524312,True,True,False,False,False,False,False,BC3,2097152,True
textures\scenario n dwarven mine cliff b.tga,Unknown,NormalExtraction,256,128,32768,1024,512,524288,0.5243,1024,BC3,1,False,False,False,False,,90.536,3,2,2,0,True,True,524312,True,True,False,False,False,False,False,BC3,2097152,True
textures\scenario n dwarven mine inside.tga,Unknown,NormalExtraction,256,128,32768,1024,512,524288,0.5243,1024,BC3,1,True,False,False,False,,0.0,1,1,1,0,True,True,524312,True,True,False,False,False,False,False,BC3,2097152,True
textures\scenario n dwarven mine opening.tga,Unknown,NormalExtraction,256,256,65536,1024,1024,1048576,1.0486,1024,BC3,1,True,False,False,False,,0.0,1,1,1,0,True,True,1048600,True,True,False,False,True,False,False,BC3,4194304,True
textures\scenario n dwarven mine outside.tga,Unknown,NormalExtraction,256,128,32768,1024,512,524288,0.5243,1024,BC3,1,True,False,False,False,,0.0,1,1,1,0,True,True,524312,True,True,False,False,False,False,False,BC3,2097152,True
textures\scenario n pirate ship.tga,Unknown,NormalExtraction,256,256,65536,1024,1024,1048576,1.0486,1024,BC3,1,False,False,False,False,,72.301,72,16,8,8,True,True,1048600,True,True,False,False,True,False,False,BC3,4194304,True
textures\scenario t troy wall long dead.tga,Unknown,NormalExtraction,256,256,65536,1024,1024,1048576,1.0486,1024,BC3,1,True,False,False,False,,3.516,2,8,4,4,True,True,1048600,True,True,False,False,True,False,False,BC3,4194304,True
textures\scenario t troy wall long deadb.tga,Unknown,NormalExtraction,256,256,65536,1024,1024,1048576,1.0486,1024,BC3,1,True,False,False,False,,3.516,2,0,0,0,True,True,1048600,True,True,False,False,True,False,False,BC3,4194304,True
textures\scenario t troy wall long.tga,Unknown,NormalExtraction,256,256,65536,1024,1024,1048576,1.0486,1024,BC3,1,True,False,False,False,,3.516,2,18,9,9,True,True,1048600,True,True,False,False,True,False,False,BC3,4194304,True
textures\scenario u chronos hand.tga,Unknown,NormalExtraction,256,256,65536,1024,1024,1048576,1.0486,1024,BC3,1,True,False,False,False,,100.0,1,0,0,0,True,True,1048600,True,True,False,False,True,False,False,BC3,4194304,True
textures\sfx a avalanche snow moving.tga,Unknown,NormalExtraction,256,256,65536,1024,1024,1048576,1.0486,1024,BC3,0,False,False,False,False,,100.0,1,1,1,0,True,True,1048600,True,True,False,False,True,False,False,BC3,4194304,True
textures\sfx a avalanche snow.tga,Unknown,NormalExtraction,256,256,65536,1024,1024,1048576,1.0486,1024,BC3,0,False,False,False,False,,100.0,1,2,2,0,True,True,1048600,True,True,False,False,True,False,False,BC3,4194304,True
textures\sfx a boat wake cinematic.tga,Unknown,NormalExtraction,128,256,32768,512,1024,524288,0.5243,1024,BC3,4,False,False,False,False,,60.205,218,0,0,0,True,True,524312,True,True,False,False,False,False,False,BC3,2097152,True
textures\sfx a fire wall.tga,Unknown,NormalExtraction,256,128,32768,1024,512,524288,0.5243,1024,BC3,0,False,False,False,False,,100.0,1,0,0,0,True,True,524312,True,True,False,False,False,False,False,BC3,2097152,True
textures\sfx a healing spring ground.tga,Unknown,NormalExtraction,256,256,65536,1024,1024,1048576,1.0486,1024,BC3,4,False,False,False,False,,50.957,240,0,0,0,True,True,1048600,True,True,False,False,True,False,False,BC3,4194304,True
textures\sfx a healing spring stone.tga,Unknown,NormalExtraction,256,256,65536,1024,1024,1048576,1.0486,1024,BC3,1,True,False,False,False,,6.85,3,2,1,1,True,True,1048600,True,True,False,False,True,False,False,BC3,4194304,True
textures\sfx a implode crator.tga,Unknown,NormalExtraction,256,256,65536,1024,1024,1048576,1.0486,1024,BC3,4,False,False,False,False,,81.267,237,0,0,0,True,True,1048600,True,True,False,False,True,False,False,BC3,4194304,True
textures\sfx a invisible.tga,Unknown,NormalExtraction,256,256,65536,1024,1024,1048576,1.0486,1024,BC3,0,False,False,False,False,,100.0,1,0,0,0,True,True,1048600,True,True,False,False,True,False,False,BC3,4194304,True
textures\sfx a meteor crator large.tga,Unknown,NormalExtraction,256,256,65536,1024,1024,1048576,1.0486,1024,BC3,4,False,False,False,False,,81.267,237,0,0,0,True,True,1048600,True,True,False,False,True,False,False,BC3,4194304,True
textures\sfx a meteor crator large_gloss.tga,Unknown,NormalExtraction,256,256,65536,1024,1024,1048576,1.0486,1024,BC3,0,False,False,False,False,,100.0,1,0,0,0,True,True,1048600,True,True,False,False,True,False,False,BC3,4194304,True
textures\sfx a meteor crator large_nm.tga,Unknown,NormalExtraction,256,256,65536,1024,1024,1048576,1.0486,1024,BC3,0,False,False,False,False,,100.0,1,0,0,0,True,True,1048600,True,True,False,False,True,False,False,BC3,4194304,True
textures\sfx a meteor crator large_spec.tga,Unknown,NormalExtraction,256,256,65536,1024,1024,1048576,1.0486,1024,BC3,0,False,False,False,False,,100.0,1,0,0,0,True,True,1048600,True,True,False,False,True,False,False,BC3,4194304,True
textures\sfx a meteor crator small.tga,Unknown,NormalExtraction,256,256,65536,1024,1024,1048576,1.0486,1024,BC3,4,False,False,False,False,,82.448,245,0,0,0,True,True,1048600,True,True,False,False,True,False,False,BC3,4194304,True
textures\sfx a meteor crator small_gloss.tga,Unknown,NormalExtraction,256,256,65536,1024,1024,1048576,1.0486,1024,BC3,0,False,False,False,False,,100.0,1,0,0,0,True,True,1048600,True,True,False,False,True,False,False,BC3,4194304,True
textures\sfx a meteor crator small_nm.tga,Unknown,NormalExtraction,256,256,65536,1024,1024,1048576,1.0486,1024,BC3,0,False,False,False,False,,100.0,1,0,0,0,True,True,1048600,True,True,False,False,True,False,False,BC3,4194304,True
textures\sfx a meteor crator small_spec.tga,Unknown,NormalExtraction,256,256,65536,1024,1024,1048576,1.0486,1024,BC3,0,False,False,False,False,,100.0,1,0,0,0,True,True,1048600,True,True,False,False,True,False,False,BC3,4194304,True
textures\sfx a meteor dust.tga,Unknown,NormalExtraction,256,256,65536,1024,1024,1048576,1.0486,1024,BC3,4,False,False,False,False,,56.75,230,0,0,0,True,True,1048600,True,True,False,False,True,False,False,BC3,4194304,True
textures\sfx a meteor mushroom smoke.tga,Unknown,NormalExtraction,256,128,32768,1024,512,524288,0.5243,1024,BC3,4,False,False,False,False,,80.133,166,0,0,0,True,True,524312,True,True,False,False,False,False,False,BC3,2097152,True
textures\sfx a meteor splash.tga,Unknown,NormalExtraction,256,256,65536,1024,1024,1048576,1.0486,1024,BC3,4,False,False,False,False,,71.635,245,0,0,0,True,True,1048600,True,True,False,False,True,False,False,BC3,4194304,True
textures\sfx a meteor trail smoke.tga,Unknown,NormalExtraction,128,256,32768,512,1024,524288,0.5243,1024,BC3,4,False,False,False,False,,60.806,244,0,0,0,True,True,524312,True,True,False,False,False,False,False,BC3,2097152,True
textures\sfx a tunnel.tga,Unknown,NormalExtraction,256,256,65536,1024,1024,1048576,1.0486,1024,BC3,0,False,False,False,False,,100.0,1,1,1,0,True,True,1048600,True,True,False,False,True,False,False,BC3,4194304,True
textures\sfx a vortex beem.tga,Unknown,NormalExtraction,32,256,8192,128,1024,131072,0.1311,1024,BC3,0,False,False,False,False,,100.0,1,0,0,0,True,True,131096,True,True,False,False,False,False,False,BC3,524288,True
textures\sfx c earth dragon hole.tga,Unknown,NormalExtraction,256,256,65536,1024,1024,1048576,1.0486,1024,BC3,4,True,False,False,False,,88.75,256,1,1,0,True,True,1048600,True,True,False,False,True,False,False,BC3,4194304,True
textures\sfx c flood.tga,Unknown,NormalExtraction,256,256,65536,1024,1024,1048576,1.0486,1024,BC3,0,False,False,False,False,,100.0,1,2,2,0,True,True,1048600,True,True,False,False,True,False,False,BC3,4194304,True
textures\sfx c shaft.tga,Unknown,NormalExtraction,32,256,8192,128,1024,131072,0.1311,1024,BC3,0,False,False,False,False,,100.0,1,0,0,0,True,True,131096,True,True,False,False,False,False,False,BC3,524288,True
textures\sfx c tsunami splash.tga,Unknown,NormalExtraction,256,256,65536,1024,1024,1048576,1.0486,1024,BC3,4,False,False,False,False,,71.201,243,0,0,0,True,True,1048600,True,True,False,False,True,False,False,BC3,4194304,True
textures\sfx e citadel age4.tga,Unknown,NormalExtraction,256,256,65536,1024,1024,1048576,1.0486,1024,BC3,1,True,False,False,False,,4.276,2,6,3,3,True,True,1048600,True,True,False,False,True,False,False,BC3,4194304,True
textures\sfx e citadel.tga,Unknown,NormalExtraction,256,256,65536,1024,1024,1048576,1.0486,1024,BC3,1,True,False,False,False,,4.276,2,6,3,3,True,True,1048600,True,True,False,False,True,False,False,BC3,4194304,True
textures\sfx e inferno ground.tga,Unknown,NormalExtraction,256,128,32768,1024,512,524288,0.5243,1024,BC3,4,False,False,False,False,,76.376,250,0,0,0,True,True,524312,True,True,False,False,False,False,False,BC3,2097152,True
textures\sfx e titan crator.tga,Unknown,NormalExtraction,256,256,65536,1024,1024,1048576,1.0486,1024,BC3,4,False,False,False,False,,74.095,242,0,0,0,True,True,1048600,True,True,False,False,True,False,False,BC3,4194304,True
textures\sfx g plenty decal.tga,Unknown,NormalExtraction,256,256,65536,1024,1024,1048576,1.0486,1024,BC3,1,True,False,False,False,,100.0,1,0,0,0,True,True,1048600,True,True,False,False,True,False,False,BC3,4194304,True
textures\sfx g plenty shadow.tga,Unknown,NormalExtraction,256,256,65536,1024,1024,1048576,1.0486,1024,BC3,1,True,False,False,False,,100.0,1,0,0,0,True,True,1048600,True,True,False,False,True,False,False,BC3,4194304,True
textures\sfx g plenty.tga,Unknown,NormalExtraction,256,256,65536,1024,1024,1048576,1.0486,1024,BC3,1,True,False,False,False,,2.107,2,14,10,4,True,True,1048600,True,True,False,False,True,False,False,BC3,4194304,True
textures\sfx g titan crator.tga,Unknown,NormalExtraction,256,256,65536,1024,1024,1048576,1.0486,1024,BC3,4,False,False,False,False,,55.753,243,0,0,0,True,True,1048600,True,True,False,False,True,False,False,BC3,4194304,True
textures\sfx n dwarven mine.tga,Unknown,NormalExtraction,256,256,65536,1024,1024,1048576,1.0486,1024,BC3,1,True,False,False,False,,0.0,1,6,6,0,True,True,1048600,True,True,False,False,True,False,False,BC3,4194304,True
textures\sfx n nidhogg.tga,Unknown,NormalExtraction,256,256,65536,1024,1024,1048576,1.0486,1024,BC3,1,False,False,False,False,,72.42,3,36,24,12,True,True,1048600,True,True,False,False,True,False,False,BC3,4194304,True
textures\sfx n titan crator.tga,Unknown,NormalExtraction,256,256,65536,1024,1024,1048576,1.0486,1024,BC3,4,False,False,False,False,,71.88,243,0,0,0,True,True,1048600,True,True,False,False,True,False,False,BC3,4194304,True
textures\sfx n tunnel map.tga,Unknown,NormalExtraction,256,256,65536,1024,1024,1048576,1.0486,1024,BC3,0,False,False,False,False,,100.0,1,1,1,0,True,True,1048600,True,True,False,False,True,False,False,BC3,4194304,True
textures\sfx u lava ground.tga,Unknown,NormalExtraction,256,256,65536,1024,1024,1048576,1.0486,1024,BC3,4,False,False,False,False,,51.649,8,0,0,0,True,True,1048600,True,True,False,False,True,False,False,BC3,4194304,True
textures\sfx x arkantos birth bolt1.tga,Unknown,NormalExtraction,128,256,32768,512,1024,524288,0.5243,1024,BC3,0,False,False,False,False,,100.0,1,0,0,0,True,True,524312,True,True,False,False,False,False,False,BC3,2097152,True
textures\sfx x arkantos birth bolt2.tga,Unknown,NormalExtraction,128,256,32768,512,1024,524288,0.5243,1024,BC3,0,False,False,False,False,,100.0,1,0,0,0,True,True,524312,True,True,False,False,False,False,False,BC3,2097152,True
textures\sfx x shaft.tga,Unknown,NormalExtraction,32,256,8192,128,1024,131072,0.1311,1024,BC3,0,False,False,False,False,,100.0,1,0,0,0,True,True,131096,True,True,False,False,False,False,False,BC3,524288,True
textures\sfx x titan crator.tga,Unknown,NormalExtraction,256,256,65536,1024,1024,1048576,1.0486,1024,BC3,4,False,False,False,False,,66.562,244,0,0,0,True,True,1048600,True,True,False,False,True,False,False,BC3,4194304,True
textures\sfx x vortex portal.tga,Unknown,NormalExtraction,256,256,65536,1024,1024,1048576,1.0486,1024,BC3,4,False,False,False,False,,0.0,1,0,0,0,True,True,1048600,True,True,False,False,True,False,False,BC3,4194304,True
textures\sfx x vortex portal2.tga,Unknown,NormalExtraction,256,256,65536,1024,1024,1048576,1.0486,1024,BC3,0,False,False,False,False,,100.0,1,0,0,0,True,True,1048600,True,True,False,False,True,False,False,BC3,4194304,True
textures\sfx x vortex portal3.tga,Unknown,NormalExtraction,256,256,65536,1024,1024,1048576,1.0486,1024,BC3,0,False,False,False,False,,100.0,1,0,0,0,True,True,1048600,True,True,False,False,True,False,False,BC3,4194304,True
textures\sfx x vortex portal4.tga,Unknown,NormalExtraction,256,256,65536,1024,1024,1048576,1.0486,1024,BC3,0,False,False,False,False,,100.0,1,0,0,0,True,True,1048600,True,True,False,False,True,False,False,BC3,4194304,True
textures\shadow select square 64x256.tga,Unknown,NormalExtraction,256,64,16384,1024,256,262144,0.2621,1024,BC3,4,False,False,False,False,,7.617,2,0,0,0,True,True,262168,True,True,False,False,False,False,False,BC3,1048576,True
textures\siege e tower iron.tga,Unknown,NormalExtraction,256,128,32768,1024,512,524288,0.5243,1024,BC3,1,False,False,False,False,,29.105,3,0,0,0,True,True,524312,True,True,False,False,False,False,False,BC3,2097152,True
textures\siege e tower.tga,Unknown,NormalExtraction,256,128,32768,1024,512,524288,0.5243,1024,BC3,1,False,False,False,False,,29.105,3,14,7,7,True,True,524312,True,True,False,False,False,False,False,BC3,2097152,True
textures\siege g helepolis iron.tga,Unknown,NormalExtraction,256,128,32768,1024,512,524288,0.5243,1024,BC3,1,True,False,False,False,,3.604,3,0,0,0,True,True,524312,True,True,False,False,False,False,False,BC3,2097152,True
textures\siege g helepolis.tga,Unknown,NormalExtraction,256,128,32768,1024,512,524288,0.5243,1024,BC3,1,True,False,False,False,,3.604,3,24,16,3,True,True,524312,True,True,False,False,False,False,False,BC3,2097152,True
textures\siege g trojan horse.tga,Unknown,NormalExtraction,256,256,65536,1024,1024,1048576,1.0486,1024,BC3,1,True,False,False,False,,100.0,1,4,4,0,True,True,1048600,True,True,False,False,True,False,False,BC3,4194304,True
textures\siege n ballista map.tga,Unknown,NormalExtraction,256,256,65536,1024,1024,1048576,1.0486,1024,BC3,1,True,False,False,False,,2.722,3,0,0,0,True,True,1048600,True,True,False,False,True,False,False,BC3,4194304,True
textures\siege n catapult map.tga,Unknown,NormalExtraction,256,256,65536,1024,1024,1048576,1.0486,1024,BC3,1,True,False,False,False,,76.073,3,0,0,0,True,True,1048600,True,True,False,False,True,False,False,BC3,4194304,True
textures\siege n tower map.tga,Unknown,NormalExtraction,256,256,65536,1024,1024,1048576,1.0486,1024,BC3,1,False,False,False,False,,48.01,3,0,0,0,True,True,1048600,True,True,False,False,True,False,False,BC3,4194304,True
textures\skyboxbluesky.tga,Unknown,NormalExtraction,256,256,65536,1024,1024,1048576,1.0486,1024,DEFLATEDRGBA8,0,False,False,False,False,,100.0,1,0,0,0,True,True,655392,True,True,False,False,True,False,False,DEFLATED,4194304,True
textures\skyboxbluesky_bk.tga,Unknown,NormalExtraction,256,256,65536,1024,1024,1048576,1.0486,1024,BC3,0,False,False,False,False,,100.0,1,1,1,0,True,True,1048600,True,True,False,False,True,False,False,BC3,4194304,True
textures\skyboxbluesky_bk2.tga,Unknown,NormalExtraction,256,256,65536,1024,1024,1048576,1.0486,1024,BC3,0,False,False,False,False,,100.0,1,1,1,0,True,True,1048600,True,True,False,False,True,False,False,BC3,4194304,True
textures\skyboxbluesky_fr.tga,Unknown,NormalExtraction,256,256,65536,1024,1024,1048576,1.0486,1024,BC3,0,False,False,False,False,,100.0,1,1,1,0,True,True,1048600,True,True,False,False,True,False,False,BC3,4194304,True
textures\skyboxbluesky_fr2.tga,Unknown,NormalExtraction,256,256,65536,1024,1024,1048576,1.0486,1024,BC3,0,False,False,False,False,,100.0,1,1,1,0,True,True,1048600,True,True,False,False,True,False,False,BC3,4194304,True
textures\skyboxbluesky_lf.tga,Unknown,NormalExtraction,256,256,65536,1024,1024,1048576,1.0486,1024,BC3,0,False,False,False,False,,100.0,1,1,1,0,True,True,1048600,True,True,False,False,True,False,False,BC3,4194304,True
textures\skyboxbluesky_lf2.tga,Unknown,NormalExtraction,256,256,65536,1024,1024,1048576,1.0486,1024,BC3,0,False,False,False,False,,100.0,1,1,1,0,True,True,1048600,True,True,False,False,True,False,False,BC3,4194304,True
textures\skyboxbluesky_rt.tga,Unknown,NormalExtraction,256,256,65536,1024,1024,1048576,1.0486,1024,BC3,0,False,False,False,False,,100.0,1,1,1,0,True,True,1048600,True,True,False,False,True,False,False,BC3,4194304,True
textures\skyboxbluesky_rt2.tga,Unknown,NormalExtraction,256,256,65536,1024,1024,1048576,1.0486,1024,BC3,0,False,False,False,False,,100.0,1,1,1,0,True,True,1048600,True,True,False,False,True,False,False,BC3,4194304,True
textures\skyboxstormy_bk.tga,Unknown,NormalExtraction,256,256,65536,1024,1024,1048576,1.0486,1024,BC3,0,False,False,False,False,,100.0,1,1,1,0,True,True,1048600,True,True,False,False,True,False,False,BC3,4194304,True
textures\skyboxstormy_bk2.tga,Unknown,NormalExtraction,256,256,65536,1024,1024,1048576,1.0486,1024,BC3,0,False,False,False,False,,100.0,1,1,1,0,True,True,1048600,True,True,False,False,True,False,False,BC3,4194304,True
textures\skyboxstormy_fr.tga,Unknown,NormalExtraction,256,256,65536,1024,1024,1048576,1.0486,1024,BC3,0,False,False,False,False,,100.0,1,0,0,0,True,True,1048600,True,True,False,False,True,False,False,BC3,4194304,True
textures\skyboxstormy_fr2.tga,Unknown,NormalExtraction,256,256,65536,1024,1024,1048576,1.0486,1024,BC3,0,False,False,False,False,,100.0,1,1,1,0,True,True,1048600,True,True,False,False,True,False,False,BC3,4194304,True
textures\skyboxstormy_lf.tga,Unknown,NormalExtraction,256,256,65536,1024,1024,1048576,1.0486,1024,BC3,0,False,False,False,False,,100.0,1,0,0,0,True,True,1048600,True,True,False,False,True,False,False,BC3,4194304,True
textures\skyboxstormy_lf2.tga,Unknown,NormalExtraction,256,256,65536,1024,1024,1048576,1.0486,1024,BC3,0,False,False,False,False,,100.0,1,1,1,0,True,True,1048600,True,True,False,False,True,False,False,BC3,4194304,True
textures\skyboxstormy_rt.tga,Unknown,NormalExtraction,256,256,65536,1024,1024,1048576,1.0486,1024,BC3,0,False,False,False,False,,100.0,1,1,1,0,True,True,1048600,True,True,False,False,True,False,False,BC3,4194304,True
textures\skyboxstormy_rt2.tga,Unknown,NormalExtraction,256,256,65536,1024,1024,1048576,1.0486,1024,BC3,0,False,False,False,False,,100.0,1,1,1,0,True,True,1048600,True,True,False,False,True,False,False,BC3,4194304,True
textures\skyboxsunset_bk.tga,Unknown,NormalExtraction,256,256,65536,1024,1024,1048576,1.0486,1024,BC3,0,False,False,False,False,,100.0,1,0,0,0,True,True,1048600,True,True,False,False,True,False,False,BC3,4194304,True
textures\skyboxsunset_bk2.tga,Unknown,NormalExtraction,256,256,65536,1024,1024,1048576,1.0486,1024,BC3,0,False,False,False,False,,100.0,1,1,1,0,True,True,1048600,True,True,False,False,True,False,False,BC3,4194304,True
textures\skyboxsunset_fr.tga,Unknown,NormalExtraction,256,256,65536,1024,1024,1048576,1.0486,1024,BC3,0,False,False,False,False,,100.0,1,1,1,0,True,True,1048600,True,True,False,False,True,False,False,BC3,4194304,True
textures\skyboxsunset_fr2.tga,Unknown,NormalExtraction,256,256,65536,1024,1024,1048576,1.0486,1024,BC3,0,False,False,False,False,,100.0,1,1,1,0,True,True,1048600,True,True,False,False,True,False,False,BC3,4194304,True
textures\skyboxsunset_lf.tga,Unknown,NormalExtraction,256,256,65536,1024,1024,1048576,1.0486,1024,BC3,0,False,False,False,False,,100.0,1,0,0,0,True,True,1048600,True,True,False,False,True,False,False,BC3,4194304,True
textures\skyboxsunset_lf2.tga,Unknown,NormalExtraction,256,256,65536,1024,1024,1048576,1.0486,1024,BC3,0,False,False,False,False,,100.0,1,1,1,0,True,True,1048600,True,True,False,False,True,False,False,BC3,4194304,True
textures\skyboxsunset_rt.tga,Unknown,NormalExtraction,256,256,65536,1024,1024,1048576,1.0486,1024,BC3,0,False,False,False,False,,100.0,1,1,1,0,True,True,1048600,True,True,False,False,True,False,False,BC3,4194304,True
textures\skyboxsunset_rt2.tga,Unknown,NormalExtraction,256,256,65536,1024,1024,1048576,1.0486,1024,BC3,0,False,False,False,False,,100.0,1,1,1,0,True,True,1048600,True,True,False,False,True,False,False,BC3,4194304,True
textures\skyboxwinter_bk.tga,Unknown,NormalExtraction,256,256,65536,1024,1024,1048576,1.0486,1024,BC3,0,False,False,False,False,,100.0,1,1,1,0,True,True,1048600,True,True,False,False,True,False,False,BC3,4194304,True
textures\skyboxwinter_bk2.tga,Unknown,NormalExtraction,256,256,65536,1024,1024,1048576,1.0486,1024,BC3,0,False,False,False,False,,100.0,1,1,1,0,True,True,1048600,True,True,False,False,True,False,False,BC3,4194304,True
textures\skyboxwinter_fr.tga,Unknown,NormalExtraction,256,256,65536,1024,1024,1048576,1.0486,1024,BC3,0,False,False,False,False,,100.0,1,0,0,0,True,True,1048600,True,True,False,False,True,False,False,BC3,4194304,True
textures\skyboxwinter_fr2.tga,Unknown,NormalExtraction,256,256,65536,1024,1024,1048576,1.0486,1024,BC3,0,False,False,False,False,,100.0,1,1,1,0,True,True,1048600,True,True,False,False,True,False,False,BC3,4194304,True
textures\skyboxwinter_lf.tga,Unknown,NormalExtraction,256,256,65536,1024,1024,1048576,1.0486,1024,BC3,0,False,False,False,False,,100.0,1,1,1,0,True,True,1048600,True,True,False,False,True,False,False,BC3,4194304,True
textures\skyboxwinter_lf2.tga,Unknown,NormalExtraction,256,256,65536,1024,1024,1048576,1.0486,1024,BC3,0,False,False,False,False,,100.0,1,1,1,0,True,True,1048600,True,True,False,False,True,False,False,BC3,4194304,True
textures\skyboxwinter_rt.tga,Unknown,NormalExtraction,256,256,65536,1024,1024,1048576,1.0486,1024,BC3,0,False,False,False,False,,100.0,1,1,1,0,True,True,1048600,True,True,False,False,True,False,False,BC3,4194304,True
textures\skyboxwinter_rt2.tga,Unknown,NormalExtraction,256,256,65536,1024,1024,1048576,1.0486,1024,BC3,0,False,False,False,False,,100.0,1,1,1,0,True,True,1048600,True,True,False,False,True,False,False,BC3,4194304,True
textures\spc x gaia tree decal.tga,Unknown,NormalExtraction,256,256,65536,1024,1024,1048576,1.0486,1024,BC3,4,False,False,False,False,,65.852,243,0,0,0,True,True,1048600,True,True,False,False,True,False,False,BC3,4194304,True
textures\spc x gaia tree shadow.tga,Unknown,NormalExtraction,256,256,65536,1024,1024,1048576,1.0486,1024,BC3,4,False,False,False,False,,65.852,243,3,3,0,True,True,1048600,True,True,False,False,True,False,False,BC3,4194304,True
textures\spc x gaia tree.tga,Unknown,NormalExtraction,256,256,65536,1024,1024,1048576,1.0486,1024,BC3,1,False,False,False,False,,69.133,3,4,4,0,True,True,1048600,True,True,False,False,True,False,False,BC3,4194304,True
textures\special c azure dragon head.tga,Unknown,NormalExtraction,256,128,32768,1024,512,524288,0.5243,1024,BC3,1,False,False,False,False,,83.615,206,5,5,0,True,True,524312,True,True,False,False,False,False,False,BC3,2097152,True
textures\special c azure dragon.tga,Unknown,NormalExtraction,256,128,32768,1024,512,524288,0.5243,1024,BC3,4,True,False,False,False,,18.692,189,5,0,5,True,True,524312,True,True,False,False,False,False,False,BC3,2097152,True
textures\special c dragon turtle.tga,Unknown,NormalExtraction,256,256,65536,1024,1024,1048576,1.0486,1024,BC3,4,True,False,False,False,,7.481,143,6,0,6,True,True,1048600,True,True,False,False,True,False,False,BC3,4194304,True
textures\special c earth dragon b.tga,Unknown,NormalExtraction,256,256,65536,1024,1024,1048576,1.0486,1024,BC3,1,False,False,False,False,,64.413,4,4,4,0,True,True,1048600,True,True,False,False,True,False,False,BC3,4194304,True
textures\special c earth dragon.tga,Unknown,NormalExtraction,256,256,65536,1024,1024,1048576,1.0486,1024,BC3,4,True,False,False,False,,37.689,243,4,0,4,True,True,1048600,True,True,False,False,True,False,False,BC3,4194304,True
textures\special c monkey king.tga,Unknown,NormalExtraction,128,256,32768,512,1024,524288,0.5243,1024,BC3,4,True,False,False,False,,20.364,175,6,0,6,True,True,524312,True,True,False,False,False,False,False,BC3,2097152,True
textures\Special C Pixiu.tga,Unknown,NormalExtraction,512,256,131072,2048,1024,2097152,2.0972,2048,BC3,4,True,False,False,False,,7.607,232,7,0,7,True,True,2097176,True,True,True,False,False,False,False,BC3,8388608,True
textures\special c qilin.tga,Unknown,RecoveredException,256,128,32768,1024,512,524288,0.5243,1024,BC2,1,False,False,False,True,,0.0,0,18,9,9,True,True,524312,True,True,False,False,False,False,False,BC2,2097152,True
textures\special c vermillion bird wing alpha.tga,Unknown,NormalExtraction,256,128,32768,1024,512,524288,0.5243,1024,BC3,0,False,False,False,False,,15.897,244,5,5,0,True,True,524312,True,True,False,False,False,False,False,BC3,2097152,True
textures\special c vermillion bird wing.tga,Unknown,NormalExtraction,256,128,32768,1024,512,524288,0.5243,1024,BC3,4,True,False,False,False,,15.897,244,5,0,5,True,True,524312,True,True,False,False,False,False,False,BC3,2097152,True
textures\special c vermillion bird.tga,Unknown,NormalExtraction,256,256,65536,1024,1024,1048576,1.0486,1024,BC3,4,True,False,False,False,,2.945,111,5,0,5,True,True,1048600,True,True,False,False,True,False,False,BC3,4194304,True
textures\special e leviathan map.tga,Unknown,NormalExtraction,256,256,65536,1024,1024,1048576,1.0486,1024,BC3,1,False,False,False,False,,79.047,3,48,32,13,True,True,1048600,True,True,False,False,True,False,False,BC3,4194304,True
textures\special g giant turtle.tga,Unknown,NormalExtraction,256,256,65536,1024,1024,1048576,1.0486,1024,BC3,4,True,False,False,False,,13.429,244,2,1,1,True,True,1048600,True,True,False,False,True,False,False,BC3,4194304,True
textures\special g golem map.tga,Unknown,NormalExtraction,256,256,65536,1024,1024,1048576,1.0486,1024,BC3,1,True,False,False,False,,4.146,22,6,0,6,True,True,1048600,True,True,False,False,True,False,False,BC3,4194304,True
textures\special g hydra land.tga,Unknown,NormalExtraction,256,256,65536,1024,1024,1048576,1.0486,1024,BC3,1,True,False,False,False,,2.197,3,124,62,62,True,True,1048600,True,True,False,False,True,False,False,BC3,4194304,True
textures\special g hydra statue.tga,Unknown,NormalExtraction,256,256,65536,1024,1024,1048576,1.0486,1024,BC3,0,False,False,False,False,,100.0,1,1,1,0,True,True,1048600,True,True,False,False,True,False,False,BC3,4194304,True
textures\special g manticore statue.tga,Unknown,NormalExtraction,512,512,262144,2048,2048,4194304,4.1943,2048,BC3,0,False,False,False,False,,100.0,1,1,1,0,True,True,4194328,True,True,True,False,False,False,False,BC3,16777216,True
textures\special g manticore wing statue.tga,Unknown,NormalExtraction,256,256,65536,1024,1024,1048576,1.0486,1024,BC3,4,False,False,False,False,,47.293,235,1,1,0,True,True,1048600,True,True,False,False,True,False,False,BC3,4194304,True
textures\special g scylla.tga,Unknown,NormalExtraction,256,256,65536,1024,1024,1048576,1.0486,1024,BC3,1,True,False,False,False,,16.537,3,124,62,26,True,True,1048600,True,True,False,False,True,False,False,BC3,4194304,True
textures\special g sea turtle.tga,Unknown,NormalExtraction,256,256,65536,1024,1024,1048576,1.0486,1024,BC3,1,True,False,False,False,,1.37,3,32,16,15,True,True,1048600,True,True,False,False,True,False,False,BC3,4194304,True
textures\Special N Trollkarien Map.tga,Unknown,NormalExtraction,256,256,65536,1024,1024,1048576,1.0486,1024,BC3,1,False,False,False,False,,8.659,141,1,1,0,True,True,1048600,True,True,False,False,True,False,False,BC3,4194304,True
textures\spotlight_01.tga,Unknown,NormalExtraction,256,128,32768,1024,512,524288,0.5243,1024,BC3,0,False,False,False,False,,100.0,1,0,0,0,True,True,524312,True,True,False,False,False,False,False,BC3,2097152,True
textures\spotlight_02.tga,Unknown,NormalExtraction,256,128,32768,1024,512,524288,0.5243,1024,BC3,0,False,False,False,False,,100.0,1,0,0,0,True,True,524312,True,True,False,False,False,False,False,BC3,2097152,True
textures\spotlight_03.tga,Unknown,NormalExtraction,256,128,32768,1024,512,524288,0.5243,1024,BC3,0,False,False,False,False,,100.0,1,0,0,0,True,True,524312,True,True,False,False,False,False,False,BC3,2097152,True
textures\spotlight_04.tga,Unknown,NormalExtraction,256,128,32768,1024,512,524288,0.5243,1024,BC3,0,False,False,False,False,,100.0,1,0,0,0,True,True,524312,True,True,False,False,False,False,False,BC3,2097152,True
textures\spotlight_05.tga,Unknown,NormalExtraction,256,128,32768,1024,512,524288,0.5243,1024,BC3,0,False,False,False,False,,100.0,1,0,0,0,True,True,524312,True,True,False,False,False,False,False,BC3,2097152,True
textures\spotlight_06.tga,Unknown,NormalExtraction,256,128,32768,1024,512,524288,0.5243,1024,BC3,0,False,False,False,False,,100.0,1,0,0,0,True,True,524312,True,True,False,False,False,False,False,BC3,2097152,True
textures\spotlight_07.tga,Unknown,NormalExtraction,256,128,32768,1024,512,524288,0.5243,1024,BC3,0,False,False,False,False,,100.0,1,0,0,0,True,True,524312,True,True,False,False,False,False,False,BC3,2097152,True
textures\spotlight_08.tga,Unknown,NormalExtraction,256,128,32768,1024,512,524288,0.5243,1024,BC3,0,False,False,False,False,,100.0,1,0,0,0,True,True,524312,True,True,False,False,False,False,False,BC3,2097152,True
textures\spotlight_09.tga,Unknown,NormalExtraction,256,128,32768,1024,512,524288,0.5243,1024,BC3,0,False,False,False,False,,100.0,1,0,0,0,True,True,524312,True,True,False,False,False,False,False,BC3,2097152,True
textures\spotlight_10.tga,Unknown,NormalExtraction,256,128,32768,1024,512,524288,0.5243,1024,BC3,0,False,False,False,False,,100.0,1,0,0,0,True,True,524312,True,True,False,False,False,False,False,BC3,2097152,True
textures\spotlight_11.tga,Unknown,NormalExtraction,256,128,32768,1024,512,524288,0.5243,1024,BC3,0,False,False,False,False,,100.0,1,0,0,0,True,True,524312,True,True,False,False,False,False,False,BC3,2097152,True
textures\spotlight_12.tga,Unknown,NormalExtraction,256,128,32768,1024,512,524288,0.5243,1024,BC3,0,False,False,False,False,,100.0,1,0,0,0,True,True,524312,True,True,False,False,False,False,False,BC3,2097152,True
textures\spotlight_13.tga,Unknown,NormalExtraction,256,128,32768,1024,512,524288,0.5243,1024,BC3,0,False,False,False,False,,100.0,1,0,0,0,True,True,524312,True,True,False,False,False,False,False,BC3,2097152,True
textures\spotlight_14.tga,Unknown,NormalExtraction,256,128,32768,1024,512,524288,0.5243,1024,BC3,0,False,False,False,False,,100.0,1,0,0,0,True,True,524312,True,True,False,False,False,False,False,BC3,2097152,True
textures\spotlight_15.tga,Unknown,NormalExtraction,256,128,32768,1024,512,524288,0.5243,1024,BC3,0,False,False,False,False,,100.0,1,0,0,0,True,True,524312,True,True,False,False,False,False,False,BC3,2097152,True
textures\spotlight_16.tga,Unknown,NormalExtraction,256,128,32768,1024,512,524288,0.5243,1024,BC3,0,False,False,False,False,,100.0,1,0,0,0,True,True,524312,True,True,False,False,False,False,False,BC3,2097152,True
textures\spotlight_17.tga,Unknown,NormalExtraction,256,128,32768,1024,512,524288,0.5243,1024,BC3,0,False,False,False,False,,100.0,1,0,0,0,True,True,524312,True,True,False,False,False,False,False,BC3,2097152,True
textures\spotlight_18.tga,Unknown,NormalExtraction,256,128,32768,1024,512,524288,0.5243,1024,BC3,0,False,False,False,False,,100.0,1,0,0,0,True,True,524312,True,True,False,False,False,False,False,BC3,2097152,True
textures\spotlight_19.tga,Unknown,NormalExtraction,256,128,32768,1024,512,524288,0.5243,1024,BC3,0,False,False,False,False,,100.0,1,0,0,0,True,True,524312,True,True,False,False,False,False,False,BC3,2097152,True
textures\spotlight_20.tga,Unknown,NormalExtraction,256,128,32768,1024,512,524288,0.5243,1024,BC3,0,False,False,False,False,,100.0,1,0,0,0,True,True,524312,True,True,False,False,False,False,False,BC3,2097152,True
textures\spotlight_21.tga,Unknown,NormalExtraction,256,128,32768,1024,512,524288,0.5243,1024,BC3,0,False,False,False,False,,100.0,1,0,0,0,True,True,524312,True,True,False,False,False,False,False,BC3,2097152,True
textures\spotlight_22.tga,Unknown,NormalExtraction,256,128,32768,1024,512,524288,0.5243,1024,BC3,0,False,False,False,False,,100.0,1,0,0,0,True,True,524312,True,True,False,False,False,False,False,BC3,2097152,True
textures\spotlight_23.tga,Unknown,NormalExtraction,256,128,32768,1024,512,524288,0.5243,1024,BC3,0,False,False,False,False,,100.0,1,0,0,0,True,True,524312,True,True,False,False,False,False,False,BC3,2097152,True
textures\spotlight_24.tga,Unknown,NormalExtraction,256,128,32768,1024,512,524288,0.5243,1024,BC3,0,False,False,False,False,,100.0,1,0,0,0,True,True,524312,True,True,False,False,False,False,False,BC3,2097152,True
textures\spotlight_25.tga,Unknown,NormalExtraction,256,128,32768,1024,512,524288,0.5243,1024,BC3,0,False,False,False,False,,100.0,1,0,0,0,True,True,524312,True,True,False,False,False,False,False,BC3,2097152,True
textures\spotlight_26.tga,Unknown,NormalExtraction,256,128,32768,1024,512,524288,0.5243,1024,BC3,0,False,False,False,False,,100.0,1,0,0,0,True,True,524312,True,True,False,False,False,False,False,BC3,2097152,True
textures\spotlight_27.tga,Unknown,NormalExtraction,256,128,32768,1024,512,524288,0.5243,1024,BC3,0,False,False,False,False,,100.0,1,0,0,0,True,True,524312,True,True,False,False,False,False,False,BC3,2097152,True
textures\spotlight_28.tga,Unknown,NormalExtraction,256,128,32768,1024,512,524288,0.5243,1024,BC3,0,False,False,False,False,,100.0,1,0,0,0,True,True,524312,True,True,False,False,False,False,False,BC3,2097152,True
textures\spotlight_29.tga,Unknown,NormalExtraction,256,128,32768,1024,512,524288,0.5243,1024,BC3,0,False,False,False,False,,100.0,1,0,0,0,True,True,524312,True,True,False,False,False,False,False,BC3,2097152,True
textures\spotlight_30.tga,Unknown,NormalExtraction,256,128,32768,1024,512,524288,0.5243,1024,BC3,0,False,False,False,False,,100.0,1,0,0,0,True,True,524312,True,True,False,False,False,False,False,BC3,2097152,True
textures\spotlight_31.tga,Unknown,NormalExtraction,256,128,32768,1024,512,524288,0.5243,1024,BC3,0,False,False,False,False,,100.0,1,0,0,0,True,True,524312,True,True,False,False,False,False,False,BC3,2097152,True
textures\spotlight_32.tga,Unknown,NormalExtraction,256,128,32768,1024,512,524288,0.5243,1024,BC3,0,False,False,False,False,,100.0,1,0,0,0,True,True,524312,True,True,False,False,False,False,False,BC3,2097152,True
textures\spotlight_33.tga,Unknown,NormalExtraction,256,128,32768,1024,512,524288,0.5243,1024,BC3,0,False,False,False,False,,100.0,1,0,0,0,True,True,524312,True,True,False,False,False,False,False,BC3,2097152,True
textures\spotlight_34.tga,Unknown,NormalExtraction,256,128,32768,1024,512,524288,0.5243,1024,BC3,0,False,False,False,False,,100.0,1,0,0,0,True,True,524312,True,True,False,False,False,False,False,BC3,2097152,True
textures\spotlight_35.tga,Unknown,NormalExtraction,256,128,32768,1024,512,524288,0.5243,1024,BC3,0,False,False,False,False,,100.0,1,0,0,0,True,True,524312,True,True,False,False,False,False,False,BC3,2097152,True
textures\spotlight_eb.tga,Unknown,NormalExtraction,256,128,32768,1024,512,524288,0.5243,1024,BC3,0,False,False,False,False,,100.0,1,0,0,0,True,True,524312,True,True,False,False,False,False,False,BC3,2097152,True
textures\spotlight_x01.tga,Unknown,NormalExtraction,256,128,32768,1024,512,524288,0.5243,1024,BC3,0,False,False,False,False,,100.0,1,0,0,0,True,True,524312,True,True,False,False,False,False,False,BC3,2097152,True
textures\spotlight_x02.tga,Unknown,NormalExtraction,256,128,32768,1024,512,524288,0.5243,1024,BC3,0,False,False,False,False,,100.0,1,0,0,0,True,True,524312,True,True,False,False,False,False,False,BC3,2097152,True
textures\spotlight_x03.tga,Unknown,NormalExtraction,256,128,32768,1024,512,524288,0.5243,1024,BC3,0,False,False,False,False,,100.0,1,0,0,0,True,True,524312,True,True,False,False,False,False,False,BC3,2097152,True
textures\spotlight_x04.tga,Unknown,NormalExtraction,256,128,32768,1024,512,524288,0.5243,1024,BC3,0,False,False,False,False,,100.0,1,0,0,0,True,True,524312,True,True,False,False,False,False,False,BC3,2097152,True
textures\spotlight_x05.tga,Unknown,NormalExtraction,256,128,32768,1024,512,524288,0.5243,1024,BC3,0,False,False,False,False,,100.0,1,0,0,0,True,True,524312,True,True,False,False,False,False,False,BC3,2097152,True
textures\spotlight_x06.tga,Unknown,NormalExtraction,256,128,32768,1024,512,524288,0.5243,1024,BC3,0,False,False,False,False,,100.0,1,0,0,0,True,True,524312,True,True,False,False,False,False,False,BC3,2097152,True
textures\spotlight_x07.tga,Unknown,NormalExtraction,256,128,32768,1024,512,524288,0.5243,1024,BC3,0,False,False,False,False,,100.0,1,0,0,0,True,True,524312,True,True,False,False,False,False,False,BC3,2097152,True
textures\spotlight_x08.tga,Unknown,NormalExtraction,256,128,32768,1024,512,524288,0.5243,1024,BC3,0,False,False,False,False,,100.0,1,0,0,0,True,True,524312,True,True,False,False,False,False,False,BC3,2097152,True
textures\spotlight_x09.tga,Unknown,NormalExtraction,256,128,32768,1024,512,524288,0.5243,1024,BC3,0,False,False,False,False,,100.0,1,0,0,0,True,True,524312,True,True,False,False,False,False,False,BC3,2097152,True
textures\spotlight_x10.tga,Unknown,NormalExtraction,256,128,32768,1024,512,524288,0.5243,1024,BC3,0,False,False,False,False,,100.0,1,0,0,0,True,True,524312,True,True,False,False,False,False,False,BC3,2097152,True
textures\spotlight_x11.tga,Unknown,NormalExtraction,256,128,32768,1024,512,524288,0.5243,1024,BC3,0,False,False,False,False,,100.0,1,0,0,0,True,True,524312,True,True,False,False,False,False,False,BC3,2097152,True
textures\spotlight_x12.tga,Unknown,NormalExtraction,256,128,32768,1024,512,524288,0.5243,1024,BC3,0,False,False,False,False,,100.0,1,0,0,0,True,True,524312,True,True,False,False,False,False,False,BC3,2097152,True
textures\spotlight_y01.tga,Unknown,NormalExtraction,256,128,32768,1024,512,524288,0.5243,1024,BC3,0,False,False,False,False,,100.0,1,0,0,0,True,True,524312,True,True,False,False,False,False,False,BC3,2097152,True
textures\spotlight_y02.tga,Unknown,NormalExtraction,256,128,32768,1024,512,524288,0.5243,1024,BC3,0,False,False,False,False,,100.0,1,0,0,0,True,True,524312,True,True,False,False,False,False,False,BC3,2097152,True
textures\spotlight_y03.tga,Unknown,NormalExtraction,256,128,32768,1024,512,524288,0.5243,1024,BC3,0,False,False,False,False,,100.0,1,0,0,0,True,True,524312,True,True,False,False,False,False,False,BC3,2097152,True
textures\spotlight_y04.tga,Unknown,NormalExtraction,256,128,32768,1024,512,524288,0.5243,1024,BC3,0,False,False,False,False,,100.0,1,0,0,0,True,True,524312,True,True,False,False,False,False,False,BC3,2097152,True
textures\spotlight_y05.tga,Unknown,NormalExtraction,256,128,32768,1024,512,524288,0.5243,1024,BC3,0,False,False,False,False,,100.0,1,0,0,0,True,True,524312,True,True,False,False,False,False,False,BC3,2097152,True
textures\spotlight_y06.tga,Unknown,NormalExtraction,256,128,32768,1024,512,524288,0.5243,1024,BC3,0,False,False,False,False,,100.0,1,0,0,0,True,True,524312,True,True,False,False,False,False,False,BC3,2097152,True
textures\spotlight_y07.tga,Unknown,NormalExtraction,256,128,32768,1024,512,524288,0.5243,1024,BC3,0,False,False,False,False,,100.0,1,0,0,0,True,True,524312,True,True,False,False,False,False,False,BC3,2097152,True
textures\spotlight_y08.tga,Unknown,NormalExtraction,256,128,32768,1024,512,524288,0.5243,1024,BC3,0,False,False,False,False,,100.0,1,0,0,0,True,True,524312,True,True,False,False,False,False,False,BC3,2097152,True
textures\spotlight_y09.tga,Unknown,NormalExtraction,256,128,32768,1024,512,524288,0.5243,1024,BC3,0,False,False,False,False,,100.0,1,0,0,0,True,True,524312,True,True,False,False,False,False,False,BC3,2097152,True
textures\spotlightmc_01.tga,Unknown,NormalExtraction,256,128,32768,1024,512,524288,0.5243,1024,DEFLATEDRGBA8,0,False,False,False,False,,100.0,1,0,0,0,True,True,327712,True,True,False,False,False,False,False,DEFLATED,2097152,True
textures\spotlightmc_02.tga,Unknown,NormalExtraction,256,128,32768,1024,512,524288,0.5243,1024,DEFLATEDRGBA8,0,False,False,False,False,,100.0,1,0,0,0,True,True,327712,True,True,False,False,False,False,False,DEFLATED,2097152,True
textures\spotlightmc_03.tga,Unknown,NormalExtraction,256,128,32768,1024,512,524288,0.5243,1024,DEFLATEDRGBA8,0,False,False,False,False,,100.0,1,0,0,0,True,True,327712,True,True,False,False,False,False,False,DEFLATED,2097152,True
textures\spotlightmc_04.tga,Unknown,NormalExtraction,256,128,32768,1024,512,524288,0.5243,1024,DEFLATEDRGBA8,0,False,False,False,False,,100.0,1,0,0,0,True,True,327712,True,True,False,False,False,False,False,DEFLATED,2097152,True
textures\stormyskybox_bk.tga,Unknown,NormalExtraction,256,256,65536,1024,1024,1048576,1.0486,1024,BC3,0,False,False,False,False,,100.0,1,0,0,0,True,True,1048600,True,True,False,False,True,False,False,BC3,4194304,True
textures\stormyskybox_dn.tga,Unknown,NormalExtraction,256,256,65536,1024,1024,1048576,1.0486,1024,BC3,0,False,False,False,False,,100.0,1,0,0,0,True,True,1048600,True,True,False,False,True,False,False,BC3,4194304,True
textures\stormyskybox_fr.tga,Unknown,NormalExtraction,256,256,65536,1024,1024,1048576,1.0486,1024,BC3,0,False,False,False,False,,100.0,1,0,0,0,True,True,1048600,True,True,False,False,True,False,False,BC3,4194304,True
textures\stormyskybox_lf.tga,Unknown,NormalExtraction,256,256,65536,1024,1024,1048576,1.0486,1024,BC3,0,False,False,False,False,,100.0,1,0,0,0,True,True,1048600,True,True,False,False,True,False,False,BC3,4194304,True
textures\stormyskybox_rt.tga,Unknown,NormalExtraction,256,256,65536,1024,1024,1048576,1.0486,1024,BC3,0,False,False,False,False,,100.0,1,0,0,0,True,True,1048600,True,True,False,False,True,False,False,BC3,4194304,True
textures\stormyskybox_up.tga,Unknown,NormalExtraction,256,256,65536,1024,1024,1048576,1.0486,1024,BC3,0,False,False,False,False,,100.0,1,0,0,0,True,True,1048600,True,True,False,False,True,False,False,BC3,4194304,True
textures\sunsetskybox_bk.tga,Unknown,NormalExtraction,256,256,65536,1024,1024,1048576,1.0486,1024,BC3,0,False,False,False,False,,100.0,1,0,0,0,True,True,1048600,True,True,False,False,True,False,False,BC3,4194304,True
textures\sunsetskybox_dn.tga,Unknown,NormalExtraction,256,256,65536,1024,1024,1048576,1.0486,1024,BC3,0,False,False,False,False,,100.0,1,0,0,0,True,True,1048600,True,True,False,False,True,False,False,BC3,4194304,True
textures\sunsetskybox_fr.tga,Unknown,NormalExtraction,256,256,65536,1024,1024,1048576,1.0486,1024,BC3,0,False,False,False,False,,100.0,1,0,0,0,True,True,1048600,True,True,False,False,True,False,False,BC3,4194304,True
textures\sunsetskybox_lf.tga,Unknown,NormalExtraction,256,256,65536,1024,1024,1048576,1.0486,1024,BC3,0,False,False,False,False,,100.0,1,0,0,0,True,True,1048600,True,True,False,False,True,False,False,BC3,4194304,True
textures\sunsetskybox_rt.tga,Unknown,NormalExtraction,256,256,65536,1024,1024,1048576,1.0486,1024,BC3,0,False,False,False,False,,100.0,1,0,0,0,True,True,1048600,True,True,False,False,True,False,False,BC3,4194304,True
textures\sunsetskybox_up.tga,Unknown,NormalExtraction,256,256,65536,1024,1024,1048576,1.0486,1024,BC3,0,False,False,False,False,,100.0,1,0,0,0,True,True,1048600,True,True,False,False,True,False,False,BC3,4194304,True
textures\terrain e papyrus stalk.tga,Unknown,NormalExtraction,128,256,32768,512,1024,524288,0.5243,1024,BC3,4,False,False,False,False,,6.827,223,0,0,0,True,True,524312,True,True,False,False,False,False,False,BC3,2097152,True
textures\terrain\alpha.tga,Unknown,NormalExtraction,256,256,65536,1024,1024,1048576,1.0486,1024,DEFLATEDRGBA8,4,False,False,False,False,,0.0,1,0,0,0,True,True,655392,True,True,False,False,True,False,False,DEFLATED,4194304,True
textures\terrain\black.tga,Unknown,NormalExtraction,256,256,65536,1024,1024,1048576,1.0486,1024,DEFLATEDRGBA8,0,False,False,False,False,,100.0,1,0,0,0,True,True,655392,True,True,False,False,True,False,False,DEFLATED,4194304,True
textures\terrain\black_gloss.tga,Unknown,NormalExtraction,256,256,65536,1024,1024,1048576,1.0486,1024,DEFLATEDRGBA8,0,False,False,False,False,,100.0,1,0,0,0,True,True,655392,True,True,False,False,True,False,False,DEFLATED,4194304,True
textures\terrain\black_spec.tga,Unknown,NormalExtraction,256,256,65536,1024,1024,1048576,1.0486,1024,DEFLATEDRGBA8,0,False,False,False,False,,100.0,1,0,0,0,True,True,655392,True,True,False,False,True,False,False,DEFLATED,4194304,True
textures\terrain\blackrock.tga,Unknown,NormalExtraction,256,256,65536,1024,1024,1048576,1.0486,1024,DEFLATEDRGBA8,0,False,False,False,False,,100.0,1,0,0,0,True,True,655392,True,True,False,False,True,False,False,DEFLATED,4194304,True
textures\terrain\blackrock_gloss.tga,Unknown,NormalExtraction,256,256,65536,1024,1024,1048576,1.0486,1024,DEFLATEDRGBA8,0,False,False,False,False,,100.0,1,0,0,0,True,True,655392,True,True,False,False,True,False,False,DEFLATED,4194304,True
textures\terrain\blackrock_spec.tga,Unknown,NormalExtraction,256,256,65536,1024,1024,1048576,1.0486,1024,DEFLATEDRGBA8,0,False,False,False,False,,100.0,1,0,0,0,True,True,655392,True,True,False,False,True,False,False,DEFLATED,4194304,True
textures\terrain\blackwater.tga,Unknown,NormalExtraction,256,256,65536,1024,1024,1048576,1.0486,1024,DEFLATEDRGBA8,0,False,False,False,False,,100.0,1,0,0,0,True,True,655392,True,True,False,False,True,False,False,DEFLATED,4194304,True
textures\terrain\blackwater_spec.tga,Unknown,NormalExtraction,256,256,65536,1024,1024,1048576,1.0486,1024,DEFLATEDRGBA8,0,False,False,False,False,,100.0,1,0,0,0,True,True,655392,True,True,False,False,True,False,False,DEFLATED,4194304,True
textures\terrain\blackwater0001.tga,Unknown,NormalExtraction,256,256,65536,1024,1024,1048576,1.0486,1024,DEFLATEDRGBA8,0,False,False,False,False,,100.0,1,0,0,0,True,True,655392,True,True,False,False,True,False,False,DEFLATED,4194304,True
textures\terrain\blackwater0002.tga,Unknown,NormalExtraction,256,256,65536,1024,1024,1048576,1.0486,1024,DEFLATEDRGBA8,0,False,False,False,False,,100.0,1,0,0,0,True,True,655392,True,True,False,False,True,False,False,DEFLATED,4194304,True
textures\terrain\blackwater0003.tga,Unknown,NormalExtraction,256,256,65536,1024,1024,1048576,1.0486,1024,DEFLATEDRGBA8,0,False,False,False,False,,100.0,1,0,0,0,True,True,655392,True,True,False,False,True,False,False,DEFLATED,4194304,True
textures\terrain\blackwater0004.tga,Unknown,NormalExtraction,256,256,65536,1024,1024,1048576,1.0486,1024,DEFLATEDRGBA8,0,False,False,False,False,,100.0,1,0,0,0,True,True,655392,True,True,False,False,True,False,False,DEFLATED,4194304,True
textures\terrain\blackwater0005.tga,Unknown,NormalExtraction,256,256,65536,1024,1024,1048576,1.0486,1024,DEFLATEDRGBA8,0,False,False,False,False,,100.0,1,0,0,0,True,True,655392,True,True,False,False,True,False,False,DEFLATED,4194304,True
textures\terrain\blackwater0006.tga,Unknown,NormalExtraction,256,256,65536,1024,1024,1048576,1.0486,1024,DEFLATEDRGBA8,0,False,False,False,False,,100.0,1,0,0,0,True,True,655392,True,True,False,False,True,False,False,DEFLATED,4194304,True
textures\terrain\blackwater0007.tga,Unknown,NormalExtraction,256,256,65536,1024,1024,1048576,1.0486,1024,DEFLATEDRGBA8,0,False,False,False,False,,100.0,1,0,0,0,True,True,655392,True,True,False,False,True,False,False,DEFLATED,4194304,True
textures\terrain\blackwater0008.tga,Unknown,NormalExtraction,256,256,65536,1024,1024,1048576,1.0486,1024,DEFLATEDRGBA8,0,False,False,False,False,,100.0,1,0,0,0,True,True,655392,True,True,False,False,True,False,False,DEFLATED,4194304,True
textures\terrain\buildingfootprintgrass.tga,Unknown,NormalExtraction,256,256,65536,1024,1024,1048576,1.0486,1024,DEFLATEDRGBA8,0,False,False,False,False,,100.0,1,0,0,0,True,True,655392,True,True,False,False,True,False,False,DEFLATED,4194304,True
textures\terrain\buildingfootprintgrass_gloss.tga,Unknown,NormalExtraction,256,256,65536,1024,1024,1048576,1.0486,1024,DEFLATEDRGBA8,0,False,False,False,False,,100.0,1,0,0,0,True,True,655392,True,True,False,False,True,False,False,DEFLATED,4194304,True
textures\terrain\buildingfootprintgrass_nm.tga,Unknown,NormalExtraction,256,256,65536,1024,1024,1048576,1.0486,1024,DEFLATEDRGBA8,0,False,False,False,False,,100.0,1,0,0,0,True,True,655392,True,True,False,False,True,False,False,DEFLATED,4194304,True
textures\terrain\buildingfootprintgrass_spec.tga,Unknown,NormalExtraction,256,256,65536,1024,1024,1048576,1.0486,1024,DEFLATEDRGBA8,0,False,False,False,False,,100.0,1,0,0,0,True,True,655392,True,True,False,False,True,False,False,DEFLATED,4194304,True
textures\terrain\buildingfootprintsand.tga,Unknown,NormalExtraction,256,256,65536,1024,1024,1048576,1.0486,1024,DEFLATEDRGBA8,0,False,False,False,False,,100.0,1,0,0,0,True,True,655392,True,True,False,False,True,False,False,DEFLATED,4194304,True
textures\terrain\buildingfootprintsand_gloss.tga,Unknown,NormalExtraction,256,256,65536,1024,1024,1048576,1.0486,1024,DEFLATEDRGBA8,0,False,False,False,False,,100.0,1,0,0,0,True,True,655392,True,True,False,False,True,False,False,DEFLATED,4194304,True
textures\terrain\buildingfootprintsand_nm.tga,Unknown,NormalExtraction,256,256,65536,1024,1024,1048576,1.0486,1024,DEFLATEDRGBA8,0,False,False,False,False,,100.0,1,0,0,0,True,True,655392,True,True,False,False,True,False,False,DEFLATED,4194304,True
textures\terrain\buildingfootprintsand_spec.tga,Unknown,NormalExtraction,256,256,65536,1024,1024,1048576,1.0486,1024,DEFLATEDRGBA8,0,False,False,False,False,,100.0,1,0,0,0,True,True,655392,True,True,False,False,True,False,False,DEFLATED,4194304,True
textures\terrain\buildingfootprintsnow.tga,Unknown,NormalExtraction,256,256,65536,1024,1024,1048576,1.0486,1024,DEFLATEDRGBA8,0,False,False,False,False,,100.0,1,0,0,0,True,True,655392,True,True,False,False,True,False,False,DEFLATED,4194304,True
textures\terrain\buildingfootprintsnow_gloss.tga,Unknown,NormalExtraction,256,256,65536,1024,1024,1048576,1.0486,1024,DEFLATEDRGBA8,0,False,False,False,False,,100.0,1,0,0,0,True,True,655392,True,True,False,False,True,False,False,DEFLATED,4194304,True
textures\terrain\buildingfootprintsnow_nm.tga,Unknown,NormalExtraction,256,256,65536,1024,1024,1048576,1.0486,1024,DEFLATEDRGBA8,0,False,False,False,False,,100.0,1,0,0,0,True,True,655392,True,True,False,False,True,False,False,DEFLATED,4194304,True
textures\terrain\buildingfootprintsnow_spec.tga,Unknown,NormalExtraction,256,256,65536,1024,1024,1048576,1.0486,1024,DEFLATEDRGBA8,0,False,False,False,False,,100.0,1,0,0,0,True,True,655392,True,True,False,False,True,False,False,DEFLATED,4194304,True
textures\terrain\citytilea.tga,Unknown,NormalExtraction,256,256,65536,1024,1024,1048576,1.0486,1024,DEFLATEDRGBA8,0,False,False,False,False,,100.0,1,0,0,0,True,True,655392,True,True,False,False,True,False,False,DEFLATED,4194304,True
textures\terrain\citytilea_gloss.tga,Unknown,NormalExtraction,256,256,65536,1024,1024,1048576,1.0486,1024,DEFLATEDRGBA8,0,False,False,False,False,,100.0,1,0,0,0,True,True,655392,True,True,False,False,True,False,False,DEFLATED,4194304,True
textures\terrain\citytilea_nm.tga,Unknown,NormalExtraction,256,256,65536,1024,1024,1048576,1.0486,1024,DEFLATEDRGBA8,0,False,False,False,False,,100.0,1,0,0,0,True,True,655392,True,True,False,False,True,False,False,DEFLATED,4194304,True
textures\terrain\citytilea_spec.tga,Unknown,NormalExtraction,256,256,65536,1024,1024,1048576,1.0486,1024,DEFLATEDRGBA8,0,False,False,False,False,,100.0,1,0,0,0,True,True,655392,True,True,False,False,True,False,False,DEFLATED,4194304,True
textures\terrain\citytileatlantis.tga,Unknown,NormalExtraction,256,256,65536,1024,1024,1048576,1.0486,1024,DEFLATEDRGBA8,0,False,False,False,False,,100.0,1,0,0,0,True,True,655392,True,True,False,False,True,False,False,DEFLATED,4194304,True
textures\terrain\citytileatlantis_gloss.tga,Unknown,NormalExtraction,256,256,65536,1024,1024,1048576,1.0486,1024,DEFLATEDRGBA8,0,False,False,False,False,,100.0,1,0,0,0,True,True,655392,True,True,False,False,True,False,False,DEFLATED,4194304,True
textures\terrain\citytileatlantis_nm.tga,Unknown,NormalExtraction,256,256,65536,1024,1024,1048576,1.0486,1024,DEFLATEDRGBA8,0,False,False,False,False,,100.0,1,0,0,0,True,True,655392,True,True,False,False,True,False,False,DEFLATED,4194304,True
textures\terrain\citytileatlantis_spec.tga,Unknown,NormalExtraction,256,256,65536,1024,1024,1048576,1.0486,1024,DEFLATEDRGBA8,0,False,False,False,False,,100.0,1,0,0,0,True,True,655392,True,True,False,False,True,False,False,DEFLATED,4194304,True
textures\terrain\citytileatlantiscoral.tga,Unknown,NormalExtraction,256,256,65536,1024,1024,1048576,1.0486,1024,DEFLATEDRGBA8,0,False,False,False,False,,100.0,1,0,0,0,True,True,655392,True,True,False,False,True,False,False,DEFLATED,4194304,True
textures\terrain\citytileatlantiscoral_gloss.tga,Unknown,NormalExtraction,256,256,65536,1024,1024,1048576,1.0486,1024,DEFLATEDRGBA8,0,False,False,False,False,,100.0,1,0,0,0,True,True,655392,True,True,False,False,True,False,False,DEFLATED,4194304,True
textures\terrain\citytileatlantiscoral_nm.tga,Unknown,NormalExtraction,256,256,65536,1024,1024,1048576,1.0486,1024,DEFLATEDRGBA8,0,False,False,False,False,,100.0,1,0,0,0,True,True,655392,True,True,False,False,True,False,False,DEFLATED,4194304,True
textures\terrain\citytileatlantiscoral_spec.tga,Unknown,NormalExtraction,256,256,65536,1024,1024,1048576,1.0486,1024,DEFLATEDRGBA8,0,False,False,False,False,,100.0,1,0,0,0,True,True,655392,True,True,False,False,True,False,False,DEFLATED,4194304,True
textures\terrain\citytilewateredgea.tga,Unknown,NormalExtraction,32,256,8192,128,1024,131072,0.1311,1024,DEFLATEDRGBA8,0,False,False,False,False,,100.0,1,0,0,0,True,True,81952,True,True,False,False,False,False,False,DEFLATED,524288,True
textures\terrain\citytilewateredgea_gloss.tga,Unknown,NormalExtraction,32,256,8192,128,1024,131072,0.1311,1024,DEFLATEDRGBA8,0,False,False,False,False,,100.0,1,0,0,0,True,True,81952,True,True,False,False,False,False,False,DEFLATED,524288,True
textures\terrain\citytilewateredgea_nm.tga,Unknown,NormalExtraction,32,256,8192,128,1024,131072,0.1311,1024,DEFLATEDRGBA8,0,False,False,False,False,,100.0,1,0,0,0,True,True,81952,True,True,False,False,False,False,False,DEFLATED,524288,True
textures\terrain\citytilewateredgea_spec.tga,Unknown,NormalExtraction,32,256,8192,128,1024,131072,0.1311,1024,DEFLATEDRGBA8,0,False,False,False,False,,100.0,1,0,0,0,True,True,81952,True,True,False,False,False,False,False,DEFLATED,524288,True
textures\terrain\citytilewateredgeb.tga,Unknown,NormalExtraction,256,32,8192,1024,128,131072,0.1311,1024,DEFLATEDRGBA8,0,False,False,False,False,,100.0,1,0,0,0,True,True,81952,True,True,False,False,False,False,False,DEFLATED,524288,True
textures\terrain\citytilewateredgeb_gloss.tga,Unknown,NormalExtraction,256,32,8192,1024,128,131072,0.1311,1024,DEFLATEDRGBA8,0,False,False,False,False,,100.0,1,0,0,0,True,True,81952,True,True,False,False,False,False,False,DEFLATED,524288,True
textures\terrain\citytilewateredgeb_nm.tga,Unknown,NormalExtraction,256,32,8192,1024,128,131072,0.1311,1024,DEFLATEDRGBA8,0,False,False,False,False,,100.0,1,0,0,0,True,True,81952,True,True,False,False,False,False,False,DEFLATED,524288,True
textures\terrain\citytilewateredgeb_spec.tga,Unknown,NormalExtraction,256,32,8192,1024,128,131072,0.1311,1024,DEFLATEDRGBA8,0,False,False,False,False,,100.0,1,0,0,0,True,True,81952,True,True,False,False,False,False,False,DEFLATED,524288,True
textures\terrain\cliffa.tga,Unknown,NormalExtraction,256,256,65536,1024,1024,1048576,1.0486,1024,DEFLATEDRGBA8,0,False,False,False,False,,100.0,1,0,0,0,True,True,655392,True,True,False,False,True,False,False,DEFLATED,4194304,True
textures\terrain\cliffa_gloss.tga,Unknown,NormalExtraction,256,256,65536,1024,1024,1048576,1.0486,1024,DEFLATEDRGB8,0,False,False,False,False,,0.0,1,0,0,0,True,True,655392,True,True,False,False,True,False,False,DEFLATED,4194304,True
textures\terrain\cliffa_nm.tga,Unknown,NormalExtraction,256,256,65536,1024,1024,1048576,1.0486,1024,DEFLATEDRGBA8,0,False,False,False,False,,100.0,1,0,0,0,True,True,655392,True,True,False,False,True,False,False,DEFLATED,4194304,True
textures\terrain\cliffa_spec.tga,Unknown,NormalExtraction,256,256,65536,1024,1024,1048576,1.0486,1024,DEFLATEDRGB8,0,False,False,False,False,,0.0,1,0,0,0,True,True,655392,True,True,False,False,True,False,False,DEFLATED,4194304,True
textures\terrain\cliffegyptiana.tga,Unknown,NormalExtraction,256,256,65536,1024,1024,1048576,1.0486,1024,DEFLATEDRGB8,0,False,False,False,False,,0.0,1,0,0,0,True,True,655392,True,True,False,False,True,False,False,DEFLATED,4194304,True
textures\terrain\cliffegyptiana_gloss.tga,Unknown,NormalExtraction,256,256,65536,1024,1024,1048576,1.0486,1024,DEFLATEDRGB8,0,False,False,False,False,,0.0,1,0,0,0,True,True,655392,True,True,False,False,True,False,False,DEFLATED,4194304,True
textures\terrain\cliffegyptiana_nm.tga,Unknown,NormalExtraction,256,256,65536,1024,1024,1048576,1.0486,1024,DEFLATEDRGBA8,0,False,False,False,False,,100.0,1,0,0,0,True,True,655392,True,True,False,False,True,False,False,DEFLATED,4194304,True
textures\terrain\cliffegyptiana_spec.tga,Unknown,NormalExtraction,256,256,65536,1024,1024,1048576,1.0486,1024,DEFLATEDRGB8,0,False,False,False,False,,0.0,1,0,0,0,True,True,655392,True,True,False,False,True,False,False,DEFLATED,4194304,True
textures\terrain\cliffegyptianb.tga,Unknown,NormalExtraction,256,256,65536,1024,1024,1048576,1.0486,1024,DEFLATEDRGBA8,0,False,False,False,False,,100.0,1,0,0,0,True,True,655392,True,True,False,False,True,False,False,DEFLATED,4194304,True
textures\terrain\cliffegyptianb_gloss.tga,Unknown,NormalExtraction,256,256,65536,1024,1024,1048576,1.0486,1024,DEFLATEDRGBA8,0,False,False,False,False,,100.0,1,0,0,0,True,True,655392,True,True,False,False,True,False,False,DEFLATED,4194304,True
textures\terrain\cliffegyptianb_nm.tga,Unknown,NormalExtraction,256,256,65536,1024,1024,1048576,1.0486,1024,DEFLATEDRGBA8,0,False,False,False,False,,100.0,1,0,0,0,True,True,655392,True,True,False,False,True,False,False,DEFLATED,4194304,True
textures\terrain\cliffegyptianb_spec.tga,Unknown,NormalExtraction,256,256,65536,1024,1024,1048576,1.0486,1024,DEFLATEDRGBA8,0,False,False,False,False,,100.0,1,0,0,0,True,True,655392,True,True,False,False,True,False,False,DEFLATED,4194304,True
textures\terrain\cliffgreeka.tga,Unknown,NormalExtraction,256,256,65536,1024,1024,1048576,1.0486,1024,DEFLATEDRGBA8,0,False,False,False,False,,100.0,1,0,0,0,True,True,655392,True,True,False,False,True,False,False,DEFLATED,4194304,True
textures\terrain\cliffgreeka_gloss.tga,Unknown,NormalExtraction,256,256,65536,1024,1024,1048576,1.0486,1024,DEFLATEDRGB8,0,False,False,False,False,,0.0,1,0,0,0,True,True,655392,True,True,False,False,True,False,False,DEFLATED,4194304,True
textures\terrain\cliffgreeka_nm.tga,Unknown,NormalExtraction,256,256,65536,1024,1024,1048576,1.0486,1024,DEFLATEDRGBA8,0,False,False,False,False,,100.0,1,0,0,0,True,True,655392,True,True,False,False,True,False,False,DEFLATED,4194304,True
textures\terrain\cliffgreeka_spec.tga,Unknown,NormalExtraction,256,256,65536,1024,1024,1048576,1.0486,1024,DEFLATEDRGB8,0,False,False,False,False,,0.0,1,0,0,0,True,True,655392,True,True,False,False,True,False,False,DEFLATED,4194304,True
textures\terrain\cliffgreekb.tga,Unknown,NormalExtraction,256,256,65536,1024,1024,1048576,1.0486,1024,DEFLATEDRGBA8,0,False,False,False,False,,100.0,1,0,0,0,True,True,655392,True,True,False,False,True,False,False,DEFLATED,4194304,True
textures\terrain\cliffgreekb_gloss.tga,Unknown,NormalExtraction,256,256,65536,1024,1024,1048576,1.0486,1024,DEFLATEDRGBA8,0,False,False,False,False,,100.0,1,0,0,0,True,True,655392,True,True,False,False,True,False,False,DEFLATED,4194304,True
textures\terrain\cliffgreekb_nm.tga,Unknown,NormalExtraction,256,256,65536,1024,1024,1048576,1.0486,1024,DEFLATEDRGBA8,0,False,False,False,False,,100.0,1,0,0,0,True,True,655392,True,True,False,False,True,False,False,DEFLATED,4194304,True
textures\terrain\cliffgreekb_spec.tga,Unknown,NormalExtraction,256,256,65536,1024,1024,1048576,1.0486,1024,DEFLATEDRGBA8,0,False,False,False,False,,100.0,1,0,0,0,True,True,655392,True,True,False,False,True,False,False,DEFLATED,4194304,True
textures\terrain\cliffJungleA.tga,Unknown,NormalExtraction,256,256,65536,1024,1024,1048576,1.0486,1024,DEFLATEDRGBA8,0,False,False,False,False,,100.0,1,0,0,0,True,True,655392,True,True,False,False,True,False,False,DEFLATED,4194304,True
textures\terrain\cliffJungleA_nm.tga,Unknown,NormalExtraction,256,256,65536,1024,1024,1048576,1.0486,1024,DEFLATEDRGB8,0,False,False,False,False,,0.0,1,0,0,0,True,True,655392,True,True,False,False,True,False,False,DEFLATED,4194304,True
textures\terrain\cliffJungleB.tga,Unknown,NormalExtraction,256,256,65536,1024,1024,1048576,1.0486,1024,DEFLATEDRGBA8,0,False,False,False,False,,100.0,1,0,0,0,True,True,655392,True,True,False,False,True,False,False,DEFLATED,4194304,True
textures\terrain\cliffnorsea.tga,Unknown,NormalExtraction,256,256,65536,1024,1024,1048576,1.0486,1024,DEFLATEDRGBA8,0,False,False,False,False,,100.0,1,0,0,0,True,True,655392,True,True,False,False,True,False,False,DEFLATED,4194304,True
textures\terrain\cliffnorsea_gloss.tga,Unknown,NormalExtraction,256,256,65536,1024,1024,1048576,1.0486,1024,DEFLATEDRGB8,0,False,False,False,False,,0.0,1,0,0,0,True,True,655392,True,True,False,False,True,False,False,DEFLATED,4194304,True
textures\terrain\cliffnorsea_nm.tga,Unknown,NormalExtraction,256,256,65536,1024,1024,1048576,1.0486,1024,DEFLATEDRGBA8,0,False,False,False,False,,100.0,1,0,0,0,True,True,655392,True,True,False,False,True,False,False,DEFLATED,4194304,True
textures\terrain\cliffnorsea_spec.tga,Unknown,NormalExtraction,256,256,65536,1024,1024,1048576,1.0486,1024,DEFLATEDRGB8,0,False,False,False,False,,0.0,1,0,0,0,True,True,655392,True,True,False,False,True,False,False,DEFLATED,4194304,True
textures\terrain\cliffnorseb.tga,Unknown,NormalExtraction,256,256,65536,1024,1024,1048576,1.0486,1024,DEFLATEDRGBA8,0,False,False,False,False,,100.0,1,0,0,0,True,True,655392,True,True,False,False,True,False,False,DEFLATED,4194304,True
textures\terrain\cliffnorseb_gloss.tga,Unknown,NormalExtraction,256,256,65536,1024,1024,1048576,1.0486,1024,DEFLATEDRGBA8,0,False,False,False,False,,100.0,1,0,0,0,True,True,655392,True,True,False,False,True,False,False,DEFLATED,4194304,True
textures\terrain\cliffnorseb_nm.tga,Unknown,NormalExtraction,256,256,65536,1024,1024,1048576,1.0486,1024,DEFLATEDRGBA8,0,False,False,False,False,,100.0,1,0,0,0,True,True,655392,True,True,False,False,True,False,False,DEFLATED,4194304,True
textures\terrain\cliffnorseb_spec.tga,Unknown,NormalExtraction,256,256,65536,1024,1024,1048576,1.0486,1024,DEFLATEDRGBA8,0,False,False,False,False,,100.0,1,0,0,0,True,True,655392,True,True,False,False,True,False,False,DEFLATED,4194304,True
textures\terrain\cliffPlainA.tga,Unknown,NormalExtraction,256,256,65536,1024,1024,1048576,1.0486,1024,DEFLATEDRGBA8,0,False,False,False,False,,100.0,1,0,0,0,True,True,655392,True,True,False,False,True,False,False,DEFLATED,4194304,True
textures\terrain\cliffPlainA_nm.tga,Unknown,NormalExtraction,256,256,65536,1024,1024,1048576,1.0486,1024,DEFLATEDRGB8,0,False,False,False,False,,0.0,1,0,0,0,True,True,655392,True,True,False,False,True,False,False,DEFLATED,4194304,True
textures\terrain\cliffPlainB.tga,Unknown,NormalExtraction,256,256,65536,1024,1024,1048576,1.0486,1024,DEFLATEDRGBA8,0,False,False,False,False,,100.0,1,0,0,0,True,True,655392,True,True,False,False,True,False,False,DEFLATED,4194304,True
textures\terrain\corala.tga,Unknown,NormalExtraction,256,256,65536,1024,1024,1048576,1.0486,1024,DEFLATEDRGBA8,0,False,False,False,False,,100.0,1,0,0,0,True,True,655392,True,True,False,False,True,False,False,DEFLATED,4194304,True
textures\terrain\corala_gloss.tga,Unknown,NormalExtraction,256,256,65536,1024,1024,1048576,1.0486,1024,DEFLATEDRGBA8,0,False,False,False,False,,100.0,1,0,0,0,True,True,655392,True,True,False,False,True,False,False,DEFLATED,4194304,True
textures\terrain\corala_nm.tga,Unknown,NormalExtraction,256,256,65536,1024,1024,1048576,1.0486,1024,DEFLATEDRGBA8,0,False,False,False,False,,100.0,1,0,0,0,True,True,655392,True,True,False,False,True,False,False,DEFLATED,4194304,True
textures\terrain\corala_spec.tga,Unknown,NormalExtraction,256,256,65536,1024,1024,1048576,1.0486,1024,DEFLATEDRGB8,0,False,False,False,False,,0.0,1,0,0,0,True,True,655392,True,True,False,False,True,False,False,DEFLATED,4194304,True
textures\terrain\coralb.tga,Unknown,NormalExtraction,256,256,65536,1024,1024,1048576,1.0486,1024,DEFLATEDRGBA8,0,False,False,False,False,,100.0,1,0,0,0,True,True,655392,True,True,False,False,True,False,False,DEFLATED,4194304,True
textures\terrain\coralb_gloss.tga,Unknown,NormalExtraction,256,256,65536,1024,1024,1048576,1.0486,1024,DEFLATEDRGBA8,0,False,False,False,False,,100.0,1,0,0,0,True,True,655392,True,True,False,False,True,False,False,DEFLATED,4194304,True
textures\terrain\coralb_nm.tga,Unknown,NormalExtraction,256,256,65536,1024,1024,1048576,1.0486,1024,DEFLATEDRGBA8,0,False,False,False,False,,100.0,1,0,0,0,True,True,655392,True,True,False,False,True,False,False,DEFLATED,4194304,True
textures\terrain\coralb_spec.tga,Unknown,NormalExtraction,256,256,65536,1024,1024,1048576,1.0486,1024,DEFLATEDRGB8,0,False,False,False,False,,0.0,1,0,0,0,True,True,655392,True,True,False,False,True,False,False,DEFLATED,4194304,True
textures\terrain\coralc.tga,Unknown,NormalExtraction,256,256,65536,1024,1024,1048576,1.0486,1024,DEFLATEDRGBA8,0,False,False,False,False,,100.0,1,0,0,0,True,True,655392,True,True,False,False,True,False,False,DEFLATED,4194304,True
textures\terrain\coralc_gloss.tga,Unknown,NormalExtraction,256,256,65536,1024,1024,1048576,1.0486,1024,DEFLATEDRGBA8,0,False,False,False,False,,100.0,1,0,0,0,True,True,655392,True,True,False,False,True,False,False,DEFLATED,4194304,True
textures\terrain\coralc_nm.tga,Unknown,NormalExtraction,256,256,65536,1024,1024,1048576,1.0486,1024,DEFLATEDRGBA8,0,False,False,False,False,,100.0,1,0,0,0,True,True,655392,True,True,False,False,True,False,False,DEFLATED,4194304,True
textures\terrain\coralc_spec.tga,Unknown,NormalExtraction,256,256,65536,1024,1024,1048576,1.0486,1024,DEFLATEDRGB8,0,False,False,False,False,,0.0,1,0,0,0,True,True,655392,True,True,False,False,True,False,False,DEFLATED,4194304,True
textures\terrain\coralc2.tga,Unknown,NormalExtraction,256,256,65536,1024,1024,1048576,1.0486,1024,DEFLATEDRGBA8,0,False,False,False,False,,100.0,1,0,0,0,True,True,655392,True,True,False,False,True,False,False,DEFLATED,4194304,True
textures\terrain\coralc2_gloss.tga,Unknown,NormalExtraction,256,256,65536,1024,1024,1048576,1.0486,1024,DEFLATEDRGBA8,0,False,False,False,False,,100.0,1,0,0,0,True,True,655392,True,True,False,False,True,False,False,DEFLATED,4194304,True
textures\terrain\coralc2_nm.tga,Unknown,NormalExtraction,256,256,65536,1024,1024,1048576,1.0486,1024,DEFLATEDRGBA8,0,False,False,False,False,,100.0,1,0,0,0,True,True,655392,True,True,False,False,True,False,False,DEFLATED,4194304,True
textures\terrain\coralc2_spec.tga,Unknown,NormalExtraction,256,256,65536,1024,1024,1048576,1.0486,1024,DEFLATEDRGB8,0,False,False,False,False,,0.0,1,0,0,0,True,True,655392,True,True,False,False,True,False,False,DEFLATED,4194304,True
textures\terrain\corald.tga,Unknown,NormalExtraction,256,256,65536,1024,1024,1048576,1.0486,1024,DEFLATEDRGBA8,0,False,False,False,False,,100.0,1,0,0,0,True,True,655392,True,True,False,False,True,False,False,DEFLATED,4194304,True
textures\terrain\corald_gloss.tga,Unknown,NormalExtraction,256,256,65536,1024,1024,1048576,1.0486,1024,DEFLATEDRGBA8,0,False,False,False,False,,100.0,1,0,0,0,True,True,655392,True,True,False,False,True,False,False,DEFLATED,4194304,True
textures\terrain\corald_nm.tga,Unknown,NormalExtraction,256,256,65536,1024,1024,1048576,1.0486,1024,DEFLATEDRGBA8,0,False,False,False,False,,100.0,1,0,0,0,True,True,655392,True,True,False,False,True,False,False,DEFLATED,4194304,True
textures\terrain\corald_spec.tga,Unknown,NormalExtraction,256,256,65536,1024,1024,1048576,1.0486,1024,DEFLATEDRGB8,0,False,False,False,False,,0.0,1,0,0,0,True,True,655392,True,True,False,False,True,False,False,DEFLATED,4194304,True
textures\terrain\corale.tga,Unknown,NormalExtraction,256,256,65536,1024,1024,1048576,1.0486,1024,DEFLATEDRGBA8,0,False,False,False,False,,100.0,1,0,0,0,True,True,655392,True,True,False,False,True,False,False,DEFLATED,4194304,True
textures\terrain\corale_gloss.tga,Unknown,NormalExtraction,256,256,65536,1024,1024,1048576,1.0486,1024,DEFLATEDRGBA8,0,False,False,False,False,,100.0,1,0,0,0,True,True,655392,True,True,False,False,True,False,False,DEFLATED,4194304,True
textures\terrain\corale_nm.tga,Unknown,NormalExtraction,256,256,65536,1024,1024,1048576,1.0486,1024,DEFLATEDRGBA8,0,False,False,False,False,,100.0,1,0,0,0,True,True,655392,True,True,False,False,True,False,False,DEFLATED,4194304,True
textures\terrain\corale_spec.tga,Unknown,NormalExtraction,256,256,65536,1024,1024,1048576,1.0486,1024,DEFLATEDRGB8,0,False,False,False,False,,0.0,1,0,0,0,True,True,655392,True,True,False,False,True,False,False,DEFLATED,4194304,True
textures\terrain\coralf.tga,Unknown,NormalExtraction,256,256,65536,1024,1024,1048576,1.0486,1024,DEFLATEDRGBA8,0,False,False,False,False,,100.0,1,0,0,0,True,True,655392,True,True,False,False,True,False,False,DEFLATED,4194304,True
textures\terrain\coralf_gloss.tga,Unknown,NormalExtraction,256,256,65536,1024,1024,1048576,1.0486,1024,DEFLATEDRGBA8,0,False,False,False,False,,100.0,1,0,0,0,True,True,655392,True,True,False,False,True,False,False,DEFLATED,4194304,True
textures\terrain\coralf_nm.tga,Unknown,NormalExtraction,256,256,65536,1024,1024,1048576,1.0486,1024,DEFLATEDRGBA8,0,False,False,False,False,,100.0,1,0,0,0,True,True,655392,True,True,False,False,True,False,False,DEFLATED,4194304,True
textures\terrain\coralf_spec.tga,Unknown,NormalExtraction,256,256,65536,1024,1024,1048576,1.0486,1024,DEFLATEDRGBA8,0,False,False,False,False,,100.0,1,0,0,0,True,True,655392,True,True,False,False,True,False,False,DEFLATED,4194304,True
textures\terrain\crust.tga,Unknown,NormalExtraction,256,256,65536,1024,1024,1048576,1.0486,1024,DEFLATEDRGBA8,0,False,False,False,False,,100.0,1,0,0,0,True,True,655392,True,True,False,False,True,False,False,DEFLATED,4194304,True
textures\terrain\crust_gloss.tga,Unknown,NormalExtraction,256,256,65536,1024,1024,1048576,1.0486,1024,DEFLATEDRGBA8,0,False,False,False,False,,100.0,1,0,0,0,True,True,655392,True,True,False,False,True,False,False,DEFLATED,4194304,True
textures\terrain\crust_nm.tga,Unknown,NormalExtraction,256,256,65536,1024,1024,1048576,1.0486,1024,DEFLATEDRGBA8,0,False,False,False,False,,100.0,1,0,0,0,True,True,655392,True,True,False,False,True,False,False,DEFLATED,4194304,True
textures\terrain\crust_spec.tga,Unknown,NormalExtraction,256,256,65536,1024,1024,1048576,1.0486,1024,DEFLATEDRGBA8,0,False,False,False,False,,100.0,1,0,0,0,True,True,655392,True,True,False,False,True,False,False,DEFLATED,4194304,True
textures\terrain\dam.tga,Unknown,NormalExtraction,256,256,65536,1024,1024,1048576,1.0486,1024,DEFLATEDRGBA8,0,False,False,False,False,,100.0,1,0,0,0,True,True,655392,True,True,False,False,True,False,False,DEFLATED,4194304,True
textures\terrain\dam_gloss.tga,Unknown,NormalExtraction,256,256,65536,1024,1024,1048576,1.0486,1024,DEFLATEDRGBA8,0,False,False,False,False,,100.0,1,0,0,0,True,True,655392,True,True,False,False,True,False,False,DEFLATED,4194304,True
textures\terrain\dam_nm.tga,Unknown,NormalExtraction,256,256,65536,1024,1024,1048576,1.0486,1024,DEFLATEDRGB8,0,False,False,False,False,,0.0,1,0,0,0,True,True,655392,True,True,False,False,True,False,False,DEFLATED,4194304,True
textures\terrain\dam_spec.tga,Unknown,NormalExtraction,256,256,65536,1024,1024,1048576,1.0486,1024,DEFLATEDRGBA8,0,False,False,False,False,,100.0,1,0,0,0,True,True,655392,True,True,False,False,True,False,False,DEFLATED,4194304,True
textures\terrain\defaultNormal.tga,Unknown,NormalExtraction,256,256,65536,1024,1024,1048576,1.0486,1024,DEFLATEDRGB8,0,False,False,False,False,,0.0,1,0,0,0,True,True,655392,True,True,False,False,True,False,False,DEFLATED,4194304,True
textures\terrain\defaultSpec.tga,Unknown,NormalExtraction,256,256,65536,1024,1024,1048576,1.0486,1024,DEFLATEDRGB8,0,False,False,False,False,,0.0,1,0,0,0,True,True,655392,True,True,False,False,True,False,False,DEFLATED,4194304,True
textures\terrain\dirta.tga,Unknown,NormalExtraction,256,256,65536,1024,1024,1048576,1.0486,1024,DEFLATEDRGBA8,0,False,False,False,False,,100.0,1,0,0,0,True,True,655392,True,True,False,False,True,False,False,DEFLATED,4194304,True
textures\terrain\dirta_gloss.tga,Unknown,NormalExtraction,256,256,65536,1024,1024,1048576,1.0486,1024,DEFLATEDRGBA8,0,False,False,False,False,,100.0,1,0,0,0,True,True,655392,True,True,False,False,True,False,False,DEFLATED,4194304,True
textures\terrain\dirta_nm.tga,Unknown,NormalExtraction,256,256,65536,1024,1024,1048576,1.0486,1024,DEFLATEDRGBA8,0,False,False,False,False,,100.0,1,0,0,0,True,True,655392,True,True,False,False,True,False,False,DEFLATED,4194304,True
textures\terrain\dirta_spec.tga,Unknown,NormalExtraction,256,256,65536,1024,1024,1048576,1.0486,1024,DEFLATEDRGBA8,0,False,False,False,False,,100.0,1,0,0,0,True,True,655392,True,True,False,False,True,False,False,DEFLATED,4194304,True
textures\terrain\DirtB.tga,Unknown,NormalExtraction,256,256,65536,1024,1024,1048576,1.0486,1024,DEFLATEDRGBA8,0,False,False,False,False,,100.0,1,0,0,0,True,True,655392,True,True,False,False,True,False,False,DEFLATED,4194304,True
textures\terrain\DirtC.tga,Unknown,NormalExtraction,256,256,65536,1024,1024,1048576,1.0486,1024,DEFLATEDRGBA8,0,False,False,False,False,,100.0,1,0,0,0,True,True,655392,True,True,False,False,True,False,False,DEFLATED,4194304,True
textures\terrain\egyptianroada.tga,Unknown,NormalExtraction,256,256,65536,1024,1024,1048576,1.0486,1024,DEFLATEDRGBA8,0,False,False,False,False,,100.0,1,0,0,0,True,True,655392,True,True,False,False,True,False,False,DEFLATED,4194304,True
textures\terrain\egyptianroada_gloss.tga,Unknown,NormalExtraction,256,256,65536,1024,1024,1048576,1.0486,1024,DEFLATEDRGBA8,0,False,False,False,False,,100.0,1,0,0,0,True,True,655392,True,True,False,False,True,False,False,DEFLATED,4194304,True
textures\terrain\egyptianroada_nm.tga,Unknown,NormalExtraction,256,256,65536,1024,1024,1048576,1.0486,1024,DEFLATEDRGBA8,0,False,False,False,False,,100.0,1,0,0,0,True,True,655392,True,True,False,False,True,False,False,DEFLATED,4194304,True
textures\terrain\egyptianroada_spec.tga,Unknown,NormalExtraction,256,256,65536,1024,1024,1048576,1.0486,1024,DEFLATEDRGBA8,0,False,False,False,False,,100.0,1,0,0,0,True,True,655392,True,True,False,False,True,False,False,DEFLATED,4194304,True
textures\terrain\forestfloor.tga,Unknown,NormalExtraction,256,256,65536,1024,1024,1048576,1.0486,1024,DEFLATEDRGBA8,0,False,False,False,False,,100.0,1,0,0,0,True,True,655392,True,True,False,False,True,False,False,DEFLATED,4194304,True
textures\terrain\forestfloor_gloss.tga,Unknown,NormalExtraction,256,256,65536,1024,1024,1048576,1.0486,1024,DEFLATEDRGBA8,0,False,False,False,False,,100.0,1,0,0,0,True,True,655392,True,True,False,False,True,False,False,DEFLATED,4194304,True
textures\terrain\forestfloor_nm.tga,Unknown,NormalExtraction,256,256,65536,1024,1024,1048576,1.0486,1024,DEFLATEDRGBA8,0,False,False,False,False,,100.0,1,0,0,0,True,True,655392,True,True,False,False,True,False,False,DEFLATED,4194304,True
textures\terrain\forestfloor_spec.tga,Unknown,NormalExtraction,256,256,65536,1024,1024,1048576,1.0486,1024,DEFLATEDRGBA8,0,False,False,False,False,,100.0,1,0,0,0,True,True,655392,True,True,False,False,True,False,False,DEFLATED,4194304,True
textures\terrain\forestfloorgaia.tga,Unknown,NormalExtraction,256,256,65536,1024,1024,1048576,1.0486,1024,DEFLATEDRGBA8,0,False,False,False,False,,100.0,1,0,0,0,True,True,655392,True,True,False,False,True,False,False,DEFLATED,4194304,True
textures\terrain\forestfloorgaia_gloss.tga,Unknown,NormalExtraction,256,256,65536,1024,1024,1048576,1.0486,1024,DEFLATEDRGBA8,0,False,False,False,False,,100.0,1,0,0,0,True,True,655392,True,True,False,False,True,False,False,DEFLATED,4194304,True
textures\terrain\forestfloorgaia_nm.tga,Unknown,NormalExtraction,256,256,65536,1024,1024,1048576,1.0486,1024,DEFLATEDRGBA8,0,False,False,False,False,,100.0,1,0,0,0,True,True,655392,True,True,False,False,True,False,False,DEFLATED,4194304,True
textures\terrain\forestfloorgaia_spec.tga,Unknown,NormalExtraction,256,256,65536,1024,1024,1048576,1.0486,1024,DEFLATEDRGB8,0,False,False,False,False,,0.0,1,0,0,0,True,True,655392,True,True,False,False,True,False,False,DEFLATED,4194304,True
textures\terrain\forestfloorJungle.tga,Unknown,NormalExtraction,256,256,65536,1024,1024,1048576,1.0486,1024,DEFLATEDRGBA8,0,False,False,False,False,,100.0,1,0,0,0,True,True,655392,True,True,False,False,True,False,False,DEFLATED,4194304,True
textures\terrain\forestfloormarsh.tga,Unknown,NormalExtraction,256,256,65536,1024,1024,1048576,1.0486,1024,DEFLATEDRGBA8,0,False,False,False,False,,100.0,1,0,0,0,True,True,655392,True,True,False,False,True,False,False,DEFLATED,4194304,True
textures\terrain\forestfloormarsh_gloss.tga,Unknown,NormalExtraction,256,256,65536,1024,1024,1048576,1.0486,1024,DEFLATEDRGBA8,0,False,False,False,False,,100.0,1,0,0,0,True,True,655392,True,True,False,False,True,False,False,DEFLATED,4194304,True
textures\terrain\forestfloormarsh_nm.tga,Unknown,NormalExtraction,256,256,65536,1024,1024,1048576,1.0486,1024,DEFLATEDRGBA8,0,False,False,False,False,,100.0,1,0,0,0,True,True,655392,True,True,False,False,True,False,False,DEFLATED,4194304,True
textures\terrain\forestfloormarsh_spec.tga,Unknown,NormalExtraction,256,256,65536,1024,1024,1048576,1.0486,1024,DEFLATEDRGB8,0,False,False,False,False,,0.0,1,0,0,0,True,True,655392,True,True,False,False,True,False,False,DEFLATED,4194304,True
textures\terrain\forestflooroak.tga,Unknown,NormalExtraction,256,256,65536,1024,1024,1048576,1.0486,1024,DEFLATEDRGBA8,0,False,False,False,False,,100.0,1,0,0,0,True,True,655392,True,True,False,False,True,False,False,DEFLATED,4194304,True
textures\terrain\forestflooroak_gloss.tga,Unknown,NormalExtraction,256,256,65536,1024,1024,1048576,1.0486,1024,DEFLATEDRGBA8,0,False,False,False,False,,100.0,1,0,0,0,True,True,655392,True,True,False,False,True,False,False,DEFLATED,4194304,True
textures\terrain\forestflooroak_nm.tga,Unknown,NormalExtraction,256,256,65536,1024,1024,1048576,1.0486,1024,DEFLATEDRGBA8,0,False,False,False,False,,100.0,1,0,0,0,True,True,655392,True,True,False,False,True,False,False,DEFLATED,4194304,True
textures\terrain\forestflooroak_spec.tga,Unknown,NormalExtraction,256,256,65536,1024,1024,1048576,1.0486,1024,DEFLATEDRGB8,0,False,False,False,False,,0.0,1,0,0,0,True,True,655392,True,True,False,False,True,False,False,DEFLATED,4194304,True
textures\terrain\forestfloorpalm.tga,Unknown,NormalExtraction,256,256,65536,1024,1024,1048576,1.0486,1024,DEFLATEDRGBA8,0,False,False,False,False,,100.0,1,0,0,0,True,True,655392,True,True,False,False,True,False,False,DEFLATED,4194304,True
textures\terrain\forestfloorpalm_gloss.tga,Unknown,NormalExtraction,256,256,65536,1024,1024,1048576,1.0486,1024,DEFLATEDRGB8,0,False,False,False,False,,0.0,1,0,0,0,True,True,655392,True,True,False,False,True,False,False,DEFLATED,4194304,True
textures\terrain\forestfloorpalm_nm.tga,Unknown,NormalExtraction,256,256,65536,1024,1024,1048576,1.0486,1024,DEFLATEDRGBA8,0,False,False,False,False,,100.0,1,0,0,0,True,True,655392,True,True,False,False,True,False,False,DEFLATED,4194304,True
textures\terrain\forestfloorpalm_spec.tga,Unknown,NormalExtraction,256,256,65536,1024,1024,1048576,1.0486,1024,DEFLATEDRGB8,0,False,False,False,False,,0.0,1,0,0,0,True,True,655392,True,True,False,False,True,False,False,DEFLATED,4194304,True
textures\terrain\forestfloorpine.tga,Unknown,NormalExtraction,256,256,65536,1024,1024,1048576,1.0486,1024,DEFLATEDRGBA8,0,False,False,False,False,,100.0,1,0,0,0,True,True,655392,True,True,False,False,True,False,False,DEFLATED,4194304,True
textures\terrain\forestfloorpine_gloss.tga,Unknown,NormalExtraction,256,256,65536,1024,1024,1048576,1.0486,1024,DEFLATEDRGBA8,0,False,False,False,False,,100.0,1,0,0,0,True,True,655392,True,True,False,False,True,False,False,DEFLATED,4194304,True
textures\terrain\forestfloorpine_nm.tga,Unknown,NormalExtraction,256,256,65536,1024,1024,1048576,1.0486,1024,DEFLATEDRGBA8,0,False,False,False,False,,100.0,1,0,0,0,True,True,655392,True,True,False,False,True,False,False,DEFLATED,4194304,True
textures\terrain\forestfloorpine_spec.tga,Unknown,NormalExtraction,256,256,65536,1024,1024,1048576,1.0486,1024,DEFLATEDRGBA8,0,False,False,False,False,,100.0,1,0,0,0,True,True,655392,True,True,False,False,True,False,False,DEFLATED,4194304,True
textures\terrain\forestfloorpinesnow.tga,Unknown,NormalExtraction,256,256,65536,1024,1024,1048576,1.0486,1024,DEFLATEDRGB8,0,False,False,False,False,,0.0,1,0,0,0,True,True,655392,True,True,False,False,True,False,False,DEFLATED,4194304,True
textures\terrain\forestfloorpinesnow_gloss.tga,Unknown,NormalExtraction,256,256,65536,1024,1024,1048576,1.0486,1024,DEFLATEDRGBA8,0,False,False,False,False,,100.0,1,0,0,0,True,True,655392,True,True,False,False,True,False,False,DEFLATED,4194304,True
textures\terrain\forestfloorpinesnow_nm.tga,Unknown,NormalExtraction,256,256,65536,1024,1024,1048576,1.0486,1024,DEFLATEDRGBA8,0,False,False,False,False,,100.0,1,0,0,0,True,True,655392,True,True,False,False,True,False,False,DEFLATED,4194304,True
textures\terrain\forestfloorpinesnow_spec.tga,Unknown,NormalExtraction,256,256,65536,1024,1024,1048576,1.0486,1024,DEFLATEDRGBA8,0,False,False,False,False,,100.0,1,0,0,0,True,True,655392,True,True,False,False,True,False,False,DEFLATED,4194304,True
textures\terrain\forestfloorsavannah.tga,Unknown,NormalExtraction,256,256,65536,1024,1024,1048576,1.0486,1024,DEFLATEDRGBA8,0,False,False,False,False,,100.0,1,0,0,0,True,True,655392,True,True,False,False,True,False,False,DEFLATED,4194304,True
textures\terrain\forestfloorsavannah_gloss.tga,Unknown,NormalExtraction,256,256,65536,1024,1024,1048576,1.0486,1024,DEFLATEDRGBA8,0,False,False,False,False,,100.0,1,0,0,0,True,True,655392,True,True,False,False,True,False,False,DEFLATED,4194304,True
textures\terrain\forestfloorsavannah_nm.tga,Unknown,NormalExtraction,256,256,65536,1024,1024,1048576,1.0486,1024,DEFLATEDRGBA8,0,False,False,False,False,,100.0,1,0,0,0,True,True,655392,True,True,False,False,True,False,False,DEFLATED,4194304,True
textures\terrain\forestfloorsavannah_spec.tga,Unknown,NormalExtraction,256,256,65536,1024,1024,1048576,1.0486,1024,DEFLATEDRGB8,0,False,False,False,False,,0.0,1,0,0,0,True,True,655392,True,True,False,False,True,False,False,DEFLATED,4194304,True
textures\terrain\forestfloortundra.tga,Unknown,NormalExtraction,256,256,65536,1024,1024,1048576,1.0486,1024,DEFLATEDRGBA8,0,False,False,False,False,,100.0,1,0,0,0,True,True,655392,True,True,False,False,True,False,False,DEFLATED,4194304,True
textures\terrain\forestfloortundra_gloss.tga,Unknown,NormalExtraction,256,256,65536,1024,1024,1048576,1.0486,1024,DEFLATEDRGB8,0,False,False,False,False,,0.0,1,0,0,0,True,True,655392,True,True,False,False,True,False,False,DEFLATED,4194304,True
textures\terrain\forestfloortundra_nm.tga,Unknown,NormalExtraction,256,256,65536,1024,1024,1048576,1.0486,1024,DEFLATEDRGBA8,0,False,False,False,False,,100.0,1,0,0,0,True,True,655392,True,True,False,False,True,False,False,DEFLATED,4194304,True
textures\terrain\forestfloortundra_spec.tga,Unknown,NormalExtraction,256,256,65536,1024,1024,1048576,1.0486,1024,DEFLATEDRGB8,0,False,False,False,False,,0.0,1,0,0,0,True,True,655392,True,True,False,False,True,False,False,DEFLATED,4194304,True
textures\terrain\gaiacreepa.tga,Unknown,NormalExtraction,256,256,65536,1024,1024,1048576,1.0486,1024,DEFLATEDRGBA8,0,False,False,False,False,,100.0,1,0,0,0,True,True,655392,True,True,False,False,True,False,False,DEFLATED,4194304,True
textures\terrain\gaiacreepa_gloss.tga,Unknown,NormalExtraction,256,256,65536,1024,1024,1048576,1.0486,1024,DEFLATEDRGBA8,0,False,False,False,False,,100.0,1,0,0,0,True,True,655392,True,True,False,False,True,False,False,DEFLATED,4194304,True
textures\terrain\gaiacreepa_nm.tga,Unknown,NormalExtraction,256,256,65536,1024,1024,1048576,1.0486,1024,DEFLATEDRGBA8,0,False,False,False,False,,100.0,1,0,0,0,True,True,655392,True,True,False,False,True,False,False,DEFLATED,4194304,True
textures\terrain\gaiacreepa_spec.tga,Unknown,NormalExtraction,256,256,65536,1024,1024,1048576,1.0486,1024,DEFLATEDRGBA8,0,False,False,False,False,,100.0,1,0,0,0,True,True,655392,True,True,False,False,True,False,False,DEFLATED,4194304,True
textures\terrain\gaiacreepasand.tga,Unknown,NormalExtraction,256,256,65536,1024,1024,1048576,1.0486,1024,DEFLATEDRGBA8,0,False,False,False,False,,100.0,1,0,0,0,True,True,655392,True,True,False,False,True,False,False,DEFLATED,4194304,True
textures\terrain\gaiacreepasand_gloss.tga,Unknown,NormalExtraction,256,256,65536,1024,1024,1048576,1.0486,1024,DEFLATEDRGBA8,0,False,False,False,False,,100.0,1,0,0,0,True,True,655392,True,True,False,False,True,False,False,DEFLATED,4194304,True
textures\terrain\gaiacreepasand_nm.tga,Unknown,NormalExtraction,256,256,65536,1024,1024,1048576,1.0486,1024,DEFLATEDRGBA8,0,False,False,False,False,,100.0,1,0,0,0,True,True,655392,True,True,False,False,True,False,False,DEFLATED,4194304,True
textures\terrain\gaiacreepasand_spec.tga,Unknown,NormalExtraction,256,256,65536,1024,1024,1048576,1.0486,1024,DEFLATEDRGBA8,0,False,False,False,False,,100.0,1,0,0,0,True,True,655392,True,True,False,False,True,False,False,DEFLATED,4194304,True
textures\terrain\gaiacreepasnow.tga,Unknown,NormalExtraction,256,256,65536,1024,1024,1048576,1.0486,1024,DEFLATEDRGBA8,0,False,False,False,False,,100.0,1,0,0,0,True,True,655392,True,True,False,False,True,False,False,DEFLATED,4194304,True
textures\terrain\gaiacreepasnow_gloss.tga,Unknown,NormalExtraction,256,256,65536,1024,1024,1048576,1.0486,1024,DEFLATEDRGBA8,0,False,False,False,False,,100.0,1,0,0,0,True,True,655392,True,True,False,False,True,False,False,DEFLATED,4194304,True
textures\terrain\gaiacreepasnow_nm.tga,Unknown,NormalExtraction,256,256,65536,1024,1024,1048576,1.0486,1024,DEFLATEDRGBA8,0,False,False,False,False,,100.0,1,0,0,0,True,True,655392,True,True,False,False,True,False,False,DEFLATED,4194304,True
textures\terrain\gaiacreepasnow_spec.tga,Unknown,NormalExtraction,256,256,65536,1024,1024,1048576,1.0486,1024,DEFLATEDRGBA8,0,False,False,False,False,,100.0,1,0,0,0,True,True,655392,True,True,False,False,True,False,False,DEFLATED,4194304,True
textures\terrain\gaiacreepb.tga,Unknown,NormalExtraction,256,256,65536,1024,1024,1048576,1.0486,1024,DEFLATEDRGBA8,0,False,False,False,False,,100.0,1,0,0,0,True,True,655392,True,True,False,False,True,False,False,DEFLATED,4194304,True
textures\terrain\gaiacreepb_gloss.tga,Unknown,NormalExtraction,256,256,65536,1024,1024,1048576,1.0486,1024,DEFLATEDRGBA8,0,False,False,False,False,,100.0,1,0,0,0,True,True,655392,True,True,False,False,True,False,False,DEFLATED,4194304,True
textures\terrain\gaiacreepb_nm.tga,Unknown,NormalExtraction,256,256,65536,1024,1024,1048576,1.0486,1024,DEFLATEDRGBA8,0,False,False,False,False,,100.0,1,0,0,0,True,True,655392,True,True,False,False,True,False,False,DEFLATED,4194304,True
textures\terrain\gaiacreepb_spec.tga,Unknown,NormalExtraction,256,256,65536,1024,1024,1048576,1.0486,1024,DEFLATEDRGB8,0,False,False,False,False,,0.0,1,0,0,0,True,True,655392,True,True,False,False,True,False,False,DEFLATED,4194304,True
textures\terrain\gaiacreepborder.tga,Unknown,NormalExtraction,256,256,65536,1024,1024,1048576,1.0486,1024,DEFLATEDRGBA8,0,False,False,False,False,,100.0,1,0,0,0,True,True,655392,True,True,False,False,True,False,False,DEFLATED,4194304,True
textures\terrain\gaiacreepborder_gloss.tga,Unknown,NormalExtraction,256,256,65536,1024,1024,1048576,1.0486,1024,DEFLATEDRGBA8,0,False,False,False,False,,100.0,1,0,0,0,True,True,655392,True,True,False,False,True,False,False,DEFLATED,4194304,True
textures\terrain\gaiacreepborder_nm.tga,Unknown,NormalExtraction,256,256,65536,1024,1024,1048576,1.0486,1024,DEFLATEDRGBA8,0,False,False,False,False,,100.0,1,0,0,0,True,True,655392,True,True,False,False,True,False,False,DEFLATED,4194304,True
textures\terrain\gaiacreepborder_spec.tga,Unknown,NormalExtraction,256,256,65536,1024,1024,1048576,1.0486,1024,DEFLATEDRGBA8,0,False,False,False,False,,100.0,1,0,0,0,True,True,655392,True,True,False,False,True,False,False,DEFLATED,4194304,True
textures\terrain\gaiacreepbordersand.tga,Unknown,NormalExtraction,256,256,65536,1024,1024,1048576,1.0486,1024,DEFLATEDRGBA8,0,False,False,False,False,,100.0,1,0,0,0,True,True,655392,True,True,False,False,True,False,False,DEFLATED,4194304,True
textures\terrain\gaiacreepbordersand_gloss.tga,Unknown,NormalExtraction,256,256,65536,1024,1024,1048576,1.0486,1024,DEFLATEDRGBA8,0,False,False,False,False,,100.0,1,0,0,0,True,True,655392,True,True,False,False,True,False,False,DEFLATED,4194304,True
textures\terrain\gaiacreepbordersand_nm.tga,Unknown,NormalExtraction,256,256,65536,1024,1024,1048576,1.0486,1024,DEFLATEDRGBA8,0,False,False,False,False,,100.0,1,0,0,0,True,True,655392,True,True,False,False,True,False,False,DEFLATED,4194304,True
textures\terrain\gaiacreepbordersand_spec.tga,Unknown,NormalExtraction,256,256,65536,1024,1024,1048576,1.0486,1024,DEFLATEDRGBA8,0,False,False,False,False,,100.0,1,0,0,0,True,True,655392,True,True,False,False,True,False,False,DEFLATED,4194304,True
textures\terrain\gaiacreepbordersnow.tga,Unknown,NormalExtraction,256,256,65536,1024,1024,1048576,1.0486,1024,DEFLATEDRGBA8,0,False,False,False,False,,100.0,1,0,0,0,True,True,655392,True,True,False,False,True,False,False,DEFLATED,4194304,True
textures\terrain\gaiacreepbordersnow_gloss.tga,Unknown,NormalExtraction,256,256,65536,1024,1024,1048576,1.0486,1024,DEFLATEDRGBA8,0,False,False,False,False,,100.0,1,0,0,0,True,True,655392,True,True,False,False,True,False,False,DEFLATED,4194304,True
textures\terrain\gaiacreepbordersnow_nm.tga,Unknown,NormalExtraction,256,256,65536,1024,1024,1048576,1.0486,1024,DEFLATEDRGBA8,0,False,False,False,False,,100.0,1,0,0,0,True,True,655392,True,True,False,False,True,False,False,DEFLATED,4194304,True
textures\terrain\gaiacreepbordersnow_spec.tga,Unknown,NormalExtraction,256,256,65536,1024,1024,1048576,1.0486,1024,DEFLATEDRGBA8,0,False,False,False,False,,100.0,1,0,0,0,True,True,655392,True,True,False,False,True,False,False,DEFLATED,4194304,True
textures\terrain\grassa.tga,Unknown,NormalExtraction,256,256,65536,1024,1024,1048576,1.0486,1024,DEFLATEDRGBA8,0,False,False,False,False,,100.0,1,0,0,0,True,True,655392,True,True,False,False,True,False,False,DEFLATED,4194304,True
textures\terrain\grassa_gloss.tga,Unknown,NormalExtraction,256,256,65536,1024,1024,1048576,1.0486,1024,DEFLATEDRGB8,0,False,False,False,False,,0.0,1,0,0,0,True,True,655392,True,True,False,False,True,False,False,DEFLATED,4194304,True
textures\terrain\grassa_nm.tga,Unknown,NormalExtraction,256,256,65536,1024,1024,1048576,1.0486,1024,DEFLATEDRGBA8,0,False,False,False,False,,100.0,1,0,0,0,True,True,655392,True,True,False,False,True,False,False,DEFLATED,4194304,True
textures\terrain\grassa_spec.tga,Unknown,NormalExtraction,256,256,65536,1024,1024,1048576,1.0486,1024,DEFLATEDRGB8,0,False,False,False,False,,0.0,1,0,0,0,True,True,655392,True,True,False,False,True,False,False,DEFLATED,4194304,True
textures\terrain\grassb.tga,Unknown,NormalExtraction,256,256,65536,1024,1024,1048576,1.0486,1024,DEFLATEDRGBA8,0,False,False,False,False,,100.0,1,0,0,0,True,True,655392,True,True,False,False,True,False,False,DEFLATED,4194304,True
textures\terrain\grassb_gloss.tga,Unknown,NormalExtraction,256,256,65536,1024,1024,1048576,1.0486,1024,DEFLATEDRGBA8,0,False,False,False,False,,100.0,1,0,0,0,True,True,655392,True,True,False,False,True,False,False,DEFLATED,4194304,True
textures\terrain\grassb_nm.tga,Unknown,NormalExtraction,256,256,65536,1024,1024,1048576,1.0486,1024,DEFLATEDRGBA8,0,False,False,False,False,,100.0,1,0,0,0,True,True,655392,True,True,False,False,True,False,False,DEFLATED,4194304,True
textures\terrain\grassb_spec.tga,Unknown,NormalExtraction,256,256,65536,1024,1024,1048576,1.0486,1024,DEFLATEDRGBA8,0,False,False,False,False,,100.0,1,0,0,0,True,True,655392,True,True,False,False,True,False,False,DEFLATED,4194304,True
textures\terrain\grassdirt25.tga,Unknown,NormalExtraction,256,256,65536,1024,1024,1048576,1.0486,1024,DEFLATEDRGBA8,0,False,False,False,False,,100.0,1,0,0,0,True,True,655392,True,True,False,False,True,False,False,DEFLATED,4194304,True
textures\terrain\grassdirt25_gloss.tga,Unknown,NormalExtraction,256,256,65536,1024,1024,1048576,1.0486,1024,DEFLATEDRGBA8,0,False,False,False,False,,100.0,1,0,0,0,True,True,655392,True,True,False,False,True,False,False,DEFLATED,4194304,True
textures\terrain\grassdirt25_nm.tga,Unknown,NormalExtraction,256,256,65536,1024,1024,1048576,1.0486,1024,DEFLATEDRGBA8,0,False,False,False,False,,100.0,1,0,0,0,True,True,655392,True,True,False,False,True,False,False,DEFLATED,4194304,True
textures\terrain\grassdirt25_spec.tga,Unknown,NormalExtraction,256,256,65536,1024,1024,1048576,1.0486,1024,DEFLATEDRGBA8,0,False,False,False,False,,100.0,1,0,0,0,True,True,655392,True,True,False,False,True,False,False,DEFLATED,4194304,True
textures\terrain\grassdirt50.tga,Unknown,NormalExtraction,256,256,65536,1024,1024,1048576,1.0486,1024,DEFLATEDRGBA8,0,False,False,False,False,,100.0,1,0,0,0,True,True,655392,True,True,False,False,True,False,False,DEFLATED,4194304,True
textures\terrain\grassdirt50_gloss.tga,Unknown,NormalExtraction,256,256,65536,1024,1024,1048576,1.0486,1024,DEFLATEDRGBA8,0,False,False,False,False,,100.0,1,0,0,0,True,True,655392,True,True,False,False,True,False,False,DEFLATED,4194304,True
textures\terrain\grassdirt50_nm.tga,Unknown,NormalExtraction,256,256,65536,1024,1024,1048576,1.0486,1024,DEFLATEDRGBA8,0,False,False,False,False,,100.0,1,0,0,0,True,True,655392,True,True,False,False,True,False,False,DEFLATED,4194304,True
textures\terrain\grassdirt50_spec.tga,Unknown,NormalExtraction,256,256,65536,1024,1024,1048576,1.0486,1024,DEFLATEDRGBA8,0,False,False,False,False,,100.0,1,0,0,0,True,True,655392,True,True,False,False,True,False,False,DEFLATED,4194304,True
textures\terrain\grassdirt75.tga,Unknown,NormalExtraction,256,256,65536,1024,1024,1048576,1.0486,1024,DEFLATEDRGBA8,0,False,False,False,False,,100.0,1,0,0,0,True,True,655392,True,True,False,False,True,False,False,DEFLATED,4194304,True
textures\terrain\grassdirt75_gloss.tga,Unknown,NormalExtraction,256,256,65536,1024,1024,1048576,1.0486,1024,DEFLATEDRGBA8,0,False,False,False,False,,100.0,1,0,0,0,True,True,655392,True,True,False,False,True,False,False,DEFLATED,4194304,True
textures\terrain\grassdirt75_nm.tga,Unknown,NormalExtraction,256,256,65536,1024,1024,1048576,1.0486,1024,DEFLATEDRGBA8,0,False,False,False,False,,100.0,1,0,0,0,True,True,655392,True,True,False,False,True,False,False,DEFLATED,4194304,True
textures\terrain\grassdirt75_spec.tga,Unknown,NormalExtraction,256,256,65536,1024,1024,1048576,1.0486,1024,DEFLATEDRGBA8,0,False,False,False,False,,100.0,1,0,0,0,True,True,655392,True,True,False,False,True,False,False,DEFLATED,4194304,True
textures\terrain\greekroad burnt.tga,Unknown,NormalExtraction,256,256,65536,1024,1024,1048576,1.0486,1024,DEFLATEDRGBA8,0,False,False,False,False,,100.0,1,0,0,0,True,True,655392,True,True,False,False,True,False,False,DEFLATED,4194304,True
textures\terrain\greekroad burnt_gloss.tga,Unknown,NormalExtraction,256,256,65536,1024,1024,1048576,1.0486,1024,DEFLATEDRGBA8,0,False,False,False,False,,100.0,1,0,0,0,True,True,655392,True,True,False,False,True,False,False,DEFLATED,4194304,True
textures\terrain\greekroad burnt_nm.tga,Unknown,NormalExtraction,256,256,65536,1024,1024,1048576,1.0486,1024,DEFLATEDRGBA8,0,False,False,False,False,,100.0,1,0,0,0,True,True,655392,True,True,False,False,True,False,False,DEFLATED,4194304,True
textures\terrain\greekroad burnt_spec.tga,Unknown,NormalExtraction,256,256,65536,1024,1024,1048576,1.0486,1024,DEFLATEDRGB8,0,False,False,False,False,,0.0,1,0,0,0,True,True,655392,True,True,False,False,True,False,False,DEFLATED,4194304,True
textures\terrain\greekroad burntb.tga,Unknown,NormalExtraction,256,256,65536,1024,1024,1048576,1.0486,1024,DEFLATEDRGBA8,0,False,False,False,False,,100.0,1,0,0,0,True,True,655392,True,True,False,False,True,False,False,DEFLATED,4194304,True
textures\terrain\greekroad burntb_gloss.tga,Unknown,NormalExtraction,256,256,65536,1024,1024,1048576,1.0486,1024,DEFLATEDRGBA8,0,False,False,False,False,,100.0,1,0,0,0,True,True,655392,True,True,False,False,True,False,False,DEFLATED,4194304,True
textures\terrain\greekroad burntb_nm.tga,Unknown,NormalExtraction,256,256,65536,1024,1024,1048576,1.0486,1024,DEFLATEDRGBA8,0,False,False,False,False,,100.0,1,0,0,0,True,True,655392,True,True,False,False,True,False,False,DEFLATED,4194304,True
textures\terrain\greekroad burntb_spec.tga,Unknown,NormalExtraction,256,256,65536,1024,1024,1048576,1.0486,1024,DEFLATEDRGBA8,0,False,False,False,False,,100.0,1,0,0,0,True,True,655392,True,True,False,False,True,False,False,DEFLATED,4194304,True
textures\terrain\greekroada.tga,Unknown,NormalExtraction,256,256,65536,1024,1024,1048576,1.0486,1024,DEFLATEDRGB8,0,False,False,False,False,,0.0,1,0,0,0,True,True,655392,True,True,False,False,True,False,False,DEFLATED,4194304,True
textures\terrain\greekroada_gloss.tga,Unknown,NormalExtraction,256,256,65536,1024,1024,1048576,1.0486,1024,DEFLATEDRGB8,0,False,False,False,False,,0.0,1,0,0,0,True,True,655392,True,True,False,False,True,False,False,DEFLATED,4194304,True
textures\terrain\greekroada_nm.tga,Unknown,NormalExtraction,256,256,65536,1024,1024,1048576,1.0486,1024,DEFLATEDRGBA8,0,False,False,False,False,,100.0,1,0,0,0,True,True,655392,True,True,False,False,True,False,False,DEFLATED,4194304,True
textures\terrain\greekroada_spec.tga,Unknown,NormalExtraction,256,256,65536,1024,1024,1048576,1.0486,1024,DEFLATEDRGBA8,0,False,False,False,False,,100.0,1,0,0,0,True,True,655392,True,True,False,False,True,False,False,DEFLATED,4194304,True
textures\terrain\hades1.tga,Unknown,NormalExtraction,256,256,65536,1024,1024,1048576,1.0486,1024,DEFLATEDRGBA8,0,False,False,False,False,,100.0,1,0,0,0,True,True,655392,True,True,False,False,True,False,False,DEFLATED,4194304,True
textures\terrain\hades1_gloss.tga,Unknown,NormalExtraction,256,256,65536,1024,1024,1048576,1.0486,1024,DEFLATEDRGB8,0,False,False,False,False,,0.0,1,0,0,0,True,True,655392,True,True,False,False,True,False,False,DEFLATED,4194304,True
textures\terrain\hades1_nm.tga,Unknown,NormalExtraction,256,256,65536,1024,1024,1048576,1.0486,1024,DEFLATEDRGBA8,0,False,False,False,False,,100.0,1,0,0,0,True,True,655392,True,True,False,False,True,False,False,DEFLATED,4194304,True
textures\terrain\hades1_spec.tga,Unknown,NormalExtraction,256,256,65536,1024,1024,1048576,1.0486,1024,DEFLATEDRGB8,0,False,False,False,False,,0.0,1,0,0,0,True,True,655392,True,True,False,False,True,False,False,DEFLATED,4194304,True
textures\terrain\hades2.tga,Unknown,NormalExtraction,256,256,65536,1024,1024,1048576,1.0486,1024,DEFLATEDRGBA8,0,False,False,False,False,,100.0,1,3,3,0,True,True,655392,True,True,False,False,True,False,False,DEFLATED,4194304,True
textures\terrain\hades2_gloss.tga,Unknown,NormalExtraction,256,256,65536,1024,1024,1048576,1.0486,1024,DEFLATEDRGBA8,0,False,False,False,False,,100.0,1,0,0,0,True,True,655392,True,True,False,False,True,False,False,DEFLATED,4194304,True
textures\terrain\hades2_nm.tga,Unknown,NormalExtraction,256,256,65536,1024,1024,1048576,1.0486,1024,DEFLATEDRGBA8,0,False,False,False,False,,100.0,1,0,0,0,True,True,655392,True,True,False,False,True,False,False,DEFLATED,4194304,True
textures\terrain\hades2_spec.tga,Unknown,NormalExtraction,256,256,65536,1024,1024,1048576,1.0486,1024,DEFLATEDRGBA8,0,False,False,False,False,,100.0,1,0,0,0,True,True,655392,True,True,False,False,True,False,False,DEFLATED,4194304,True
textures\terrain\hades3.tga,Unknown,NormalExtraction,256,256,65536,1024,1024,1048576,1.0486,1024,DEFLATEDRGBA8,0,False,False,False,False,,100.0,1,0,0,0,True,True,655392,True,True,False,False,True,False,False,DEFLATED,4194304,True
textures\terrain\hades3_emissive.tga,Unknown,NormalExtraction,256,256,65536,1024,1024,1048576,1.0486,1024,DEFLATEDRGBA8,0,False,False,False,False,,100.0,1,0,0,0,True,True,655392,True,True,False,False,True,False,False,DEFLATED,4194304,True
textures\terrain\hades3_gloss.tga,Unknown,NormalExtraction,256,256,65536,1024,1024,1048576,1.0486,1024,DEFLATEDRGBA8,0,False,False,False,False,,100.0,1,0,0,0,True,True,655392,True,True,False,False,True,False,False,DEFLATED,4194304,True
textures\terrain\hades3_nm.tga,Unknown,NormalExtraction,256,256,65536,1024,1024,1048576,1.0486,1024,DEFLATEDRGBA8,0,False,False,False,False,,100.0,1,0,0,0,True,True,655392,True,True,False,False,True,False,False,DEFLATED,4194304,True
textures\terrain\hades3_spec.tga,Unknown,NormalExtraction,256,256,65536,1024,1024,1048576,1.0486,1024,DEFLATEDRGBA8,0,False,False,False,False,,100.0,1,0,0,0,True,True,655392,True,True,False,False,True,False,False,DEFLATED,4194304,True
textures\terrain\hades4.tga,Unknown,NormalExtraction,256,256,65536,1024,1024,1048576,1.0486,1024,DEFLATEDRGB8,0,False,False,False,False,,0.0,1,0,0,0,True,True,655392,True,True,False,False,True,False,False,DEFLATED,4194304,True
textures\terrain\hades4_emissive.tga,Unknown,NormalExtraction,256,256,65536,1024,1024,1048576,1.0486,1024,DEFLATEDRGB8,0,False,False,False,False,,0.0,1,0,0,0,True,True,655392,True,True,False,False,True,False,False,DEFLATED,4194304,True
textures\terrain\hades4_gloss.tga,Unknown,NormalExtraction,256,256,65536,1024,1024,1048576,1.0486,1024,DEFLATEDRGB8,0,False,False,False,False,,0.0,1,0,0,0,True,True,655392,True,True,False,False,True,False,False,DEFLATED,4194304,True
textures\terrain\hades4_nm.tga,Unknown,NormalExtraction,256,256,65536,1024,1024,1048576,1.0486,1024,DEFLATEDRGBA8,0,False,False,False,False,,100.0,1,0,0,0,True,True,655392,True,True,False,False,True,False,False,DEFLATED,4194304,True
textures\terrain\hades4_spec.tga,Unknown,NormalExtraction,256,256,65536,1024,1024,1048576,1.0486,1024,DEFLATEDRGB8,0,False,False,False,False,,0.0,1,0,0,0,True,True,655392,True,True,False,False,True,False,False,DEFLATED,4194304,True
textures\terrain\hades5.tga,Unknown,NormalExtraction,256,256,65536,1024,1024,1048576,1.0486,1024,DEFLATEDRGB8,0,False,False,False,False,,0.0,1,0,0,0,True,True,655392,True,True,False,False,True,False,False,DEFLATED,4194304,True
textures\terrain\hades5_emissive.tga,Unknown,NormalExtraction,256,256,65536,1024,1024,1048576,1.0486,1024,DEFLATEDRGB8,0,False,False,False,False,,0.0,1,0,0,0,True,True,655392,True,True,False,False,True,False,False,DEFLATED,4194304,True
textures\terrain\hades5_gloss.tga,Unknown,NormalExtraction,256,256,65536,1024,1024,1048576,1.0486,1024,DEFLATEDRGB8,0,False,False,False,False,,0.0,1,0,0,0,True,True,655392,True,True,False,False,True,False,False,DEFLATED,4194304,True
textures\terrain\hades5_nm.tga,Unknown,NormalExtraction,256,256,65536,1024,1024,1048576,1.0486,1024,DEFLATEDRGBA8,0,False,False,False,False,,100.0,1,0,0,0,True,True,655392,True,True,False,False,True,False,False,DEFLATED,4194304,True
textures\terrain\hades5_spec.tga,Unknown,NormalExtraction,256,256,65536,1024,1024,1048576,1.0486,1024,DEFLATEDRGB8,0,False,False,False,False,,0.0,1,0,0,0,True,True,655392,True,True,False,False,True,False,False,DEFLATED,4194304,True
textures\terrain\hadesbuildable1.tga,Unknown,NormalExtraction,256,256,65536,1024,1024,1048576,1.0486,1024,DEFLATEDRGBA8,0,False,False,False,False,,100.0,1,0,0,0,True,True,655392,True,True,False,False,True,False,False,DEFLATED,4194304,True
textures\terrain\hadesbuildable1_gloss.tga,Unknown,NormalExtraction,256,256,65536,1024,1024,1048576,1.0486,1024,DEFLATEDRGBA8,0,False,False,False,False,,100.0,1,0,0,0,True,True,655392,True,True,False,False,True,False,False,DEFLATED,4194304,True
textures\terrain\hadesbuildable1_nm.tga,Unknown,NormalExtraction,256,256,65536,1024,1024,1048576,1.0486,1024,DEFLATEDRGBA8,0,False,False,False,False,,100.0,1,0,0,0,True,True,655392,True,True,False,False,True,False,False,DEFLATED,4194304,True
textures\terrain\hadesbuildable1_spec.tga,Unknown,NormalExtraction,256,256,65536,1024,1024,1048576,1.0486,1024,DEFLATEDRGBA8,0,False,False,False,False,,100.0,1,0,0,0,True,True,655392,True,True,False,False,True,False,False,DEFLATED,4194304,True
textures\terrain\hadesbuildable2.tga,Unknown,NormalExtraction,256,256,65536,1024,1024,1048576,1.0486,1024,DEFLATEDRGBA8,0,False,False,False,False,,100.0,1,0,0,0,True,True,655392,True,True,False,False,True,False,False,DEFLATED,4194304,True
textures\terrain\hadesbuildable2_gloss.tga,Unknown,NormalExtraction,256,256,65536,1024,1024,1048576,1.0486,1024,DEFLATEDRGBA8,0,False,False,False,False,,100.0,1,0,0,0,True,True,655392,True,True,False,False,True,False,False,DEFLATED,4194304,True
textures\terrain\hadesbuildable2_nm.tga,Unknown,NormalExtraction,256,256,65536,1024,1024,1048576,1.0486,1024,DEFLATEDRGBA8,0,False,False,False,False,,100.0,1,0,0,0,True,True,655392,True,True,False,False,True,False,False,DEFLATED,4194304,True
textures\terrain\hadesbuildable2_spec.tga,Unknown,NormalExtraction,256,256,65536,1024,1024,1048576,1.0486,1024,DEFLATEDRGBA8,0,False,False,False,False,,100.0,1,0,0,0,True,True,655392,True,True,False,False,True,False,False,DEFLATED,4194304,True
textures\terrain\hadescliff.tga,Unknown,NormalExtraction,256,256,65536,1024,1024,1048576,1.0486,1024,DEFLATEDRGBA8,0,False,False,False,False,,100.0,1,0,0,0,True,True,655392,True,True,False,False,True,False,False,DEFLATED,4194304,True
textures\terrain\hadescliff_gloss.tga,Unknown,NormalExtraction,256,256,65536,1024,1024,1048576,1.0486,1024,DEFLATEDRGBA8,0,False,False,False,False,,100.0,1,0,0,0,True,True,655392,True,True,False,False,True,False,False,DEFLATED,4194304,True
textures\terrain\hadescliff_nm.tga,Unknown,NormalExtraction,256,256,65536,1024,1024,1048576,1.0486,1024,DEFLATEDRGBA8,0,False,False,False,False,,100.0,1,0,0,0,True,True,655392,True,True,False,False,True,False,False,DEFLATED,4194304,True
textures\terrain\hadescliff_spec.tga,Unknown,NormalExtraction,256,256,65536,1024,1024,1048576,1.0486,1024,DEFLATEDRGBA8,0,False,False,False,False,,100.0,1,0,0,0,True,True,655392,True,True,False,False,True,False,False,DEFLATED,4194304,True
textures\terrain\icea.tga,Unknown,NormalExtraction,256,256,65536,1024,1024,1048576,1.0486,1024,DEFLATEDRGBA8,0,False,False,False,False,,100.0,1,0,0,0,True,True,655392,True,True,False,False,True,False,False,DEFLATED,4194304,True
textures\terrain\icea_gloss.tga,Unknown,NormalExtraction,256,256,65536,1024,1024,1048576,1.0486,1024,DEFLATEDRGBA8,0,False,False,False,False,,100.0,1,0,0,0,True,True,655392,True,True,False,False,True,False,False,DEFLATED,4194304,True
textures\terrain\icea_nm.tga,Unknown,NormalExtraction,256,256,65536,1024,1024,1048576,1.0486,1024,DEFLATEDRGBA8,0,False,False,False,False,,100.0,1,0,0,0,True,True,655392,True,True,False,False,True,False,False,DEFLATED,4194304,True
textures\terrain\icea_spec.tga,Unknown,NormalExtraction,256,256,65536,1024,1024,1048576,1.0486,1024,DEFLATEDRGBA8,0,False,False,False,False,,100.0,1,0,0,0,True,True,655392,True,True,False,False,True,False,False,DEFLATED,4194304,True
textures\terrain\iceb.tga,Unknown,NormalExtraction,256,256,65536,1024,1024,1048576,1.0486,1024,DEFLATEDRGBA8,0,False,False,False,False,,100.0,1,0,0,0,True,True,655392,True,True,False,False,True,False,False,DEFLATED,4194304,True
textures\terrain\iceb_gloss.tga,Unknown,NormalExtraction,256,256,65536,1024,1024,1048576,1.0486,1024,DEFLATEDRGBA8,0,False,False,False,False,,100.0,1,0,0,0,True,True,655392,True,True,False,False,True,False,False,DEFLATED,4194304,True
textures\terrain\iceb_nm.tga,Unknown,NormalExtraction,256,256,65536,1024,1024,1048576,1.0486,1024,DEFLATEDRGBA8,0,False,False,False,False,,100.0,1,0,0,0,True,True,655392,True,True,False,False,True,False,False,DEFLATED,4194304,True
textures\terrain\iceb_spec.tga,Unknown,NormalExtraction,256,256,65536,1024,1024,1048576,1.0486,1024,DEFLATEDRGB8,0,False,False,False,False,,0.0,1,0,0,0,True,True,655392,True,True,False,False,True,False,False,DEFLATED,4194304,True
textures\terrain\icec.tga,Unknown,NormalExtraction,256,256,65536,1024,1024,1048576,1.0486,1024,DEFLATEDRGBA8,0,False,False,False,False,,100.0,1,0,0,0,True,True,655392,True,True,False,False,True,False,False,DEFLATED,4194304,True
textures\terrain\icec_gloss.tga,Unknown,NormalExtraction,256,256,65536,1024,1024,1048576,1.0486,1024,DEFLATEDRGBA8,0,False,False,False,False,,100.0,1,0,0,0,True,True,655392,True,True,False,False,True,False,False,DEFLATED,4194304,True
textures\terrain\icec_nm.tga,Unknown,NormalExtraction,256,256,65536,1024,1024,1048576,1.0486,1024,DEFLATEDRGBA8,0,False,False,False,False,,100.0,1,0,0,0,True,True,655392,True,True,False,False,True,False,False,DEFLATED,4194304,True
textures\terrain\icec_spec.tga,Unknown,NormalExtraction,256,256,65536,1024,1024,1048576,1.0486,1024,DEFLATEDRGBA8,0,False,False,False,False,,100.0,1,0,0,0,True,True,655392,True,True,False,False,True,False,False,DEFLATED,4194304,True
textures\terrain\jungleA.tga,Unknown,NormalExtraction,256,256,65536,1024,1024,1048576,1.0486,1024,DEFLATEDRGBA8,0,False,False,False,False,,100.0,1,0,0,0,True,True,655392,True,True,False,False,True,False,False,DEFLATED,4194304,True
textures\terrain\jungleB.tga,Unknown,NormalExtraction,256,256,65536,1024,1024,1048576,1.0486,1024,DEFLATEDRGBA8,0,False,False,False,False,,100.0,1,0,0,0,True,True,655392,True,True,False,False,True,False,False,DEFLATED,4194304,True
textures\terrain\jungleBTest.tga,Unknown,NormalExtraction,256,256,65536,1024,1024,1048576,1.0486,1024,DEFLATEDRGBA8,0,False,False,False,False,,100.0,1,0,0,0,True,True,655392,True,True,False,False,True,False,False,DEFLATED,4194304,True
textures\terrain\jungleDirt25.tga,Unknown,NormalExtraction,256,256,65536,1024,1024,1048576,1.0486,1024,DEFLATEDRGBA8,0,False,False,False,False,,100.0,1,0,0,0,True,True,655392,True,True,False,False,True,False,False,DEFLATED,4194304,True
textures\terrain\jungleDirt50.tga,Unknown,NormalExtraction,256,256,65536,1024,1024,1048576,1.0486,1024,DEFLATEDRGBA8,0,False,False,False,False,,100.0,1,0,0,0,True,True,655392,True,True,False,False,True,False,False,DEFLATED,4194304,True
textures\terrain\jungleDirt75.tga,Unknown,NormalExtraction,256,256,65536,1024,1024,1048576,1.0486,1024,DEFLATEDRGBA8,0,False,False,False,False,,100.0,1,0,0,0,True,True,655392,True,True,False,False,True,False,False,DEFLATED,4194304,True
textures\terrain\jungleRoadA.tga,Unknown,NormalExtraction,256,256,65536,1024,1024,1048576,1.0486,1024,DEFLATEDRGBA8,0,False,False,False,False,,100.0,1,0,0,0,True,True,655392,True,True,False,False,True,False,False,DEFLATED,4194304,True
textures\terrain\marsha.tga,Unknown,NormalExtraction,256,256,65536,1024,1024,1048576,1.0486,1024,DEFLATEDRGBA8,0,False,False,False,False,,100.0,1,0,0,0,True,True,655392,True,True,False,False,True,False,False,DEFLATED,4194304,True
textures\terrain\marsha_gloss.tga,Unknown,NormalExtraction,256,256,65536,1024,1024,1048576,1.0486,1024,DEFLATEDRGBA8,0,False,False,False,False,,100.0,1,0,0,0,True,True,655392,True,True,False,False,True,False,False,DEFLATED,4194304,True
textures\terrain\marsha_nm.tga,Unknown,NormalExtraction,256,256,65536,1024,1024,1048576,1.0486,1024,DEFLATEDRGBA8,0,False,False,False,False,,100.0,1,0,0,0,True,True,655392,True,True,False,False,True,False,False,DEFLATED,4194304,True
textures\terrain\marsha_spec.tga,Unknown,NormalExtraction,256,256,65536,1024,1024,1048576,1.0486,1024,DEFLATEDRGBA8,0,False,False,False,False,,100.0,1,0,0,0,True,True,655392,True,True,False,False,True,False,False,DEFLATED,4194304,True
textures\terrain\marshb.tga,Unknown,NormalExtraction,256,256,65536,1024,1024,1048576,1.0486,1024,DEFLATEDRGBA8,0,False,False,False,False,,100.0,1,0,0,0,True,True,655392,True,True,False,False,True,False,False,DEFLATED,4194304,True
textures\terrain\marshb_gloss.tga,Unknown,NormalExtraction,256,256,65536,1024,1024,1048576,1.0486,1024,DEFLATEDRGBA8,0,False,False,False,False,,100.0,1,0,0,0,True,True,655392,True,True,False,False,True,False,False,DEFLATED,4194304,True
textures\terrain\marshb_nm.tga,Unknown,NormalExtraction,256,256,65536,1024,1024,1048576,1.0486,1024,DEFLATEDRGBA8,0,False,False,False,False,,100.0,1,0,0,0,True,True,655392,True,True,False,False,True,False,False,DEFLATED,4194304,True
textures\terrain\marshb_spec.tga,Unknown,NormalExtraction,256,256,65536,1024,1024,1048576,1.0486,1024,DEFLATEDRGB8,0,False,False,False,False,,0.0,1,0,0,0,True,True,655392,True,True,False,False,True,False,False,DEFLATED,4194304,True
textures\terrain\marshc.tga,Unknown,NormalExtraction,256,256,65536,1024,1024,1048576,1.0486,1024,DEFLATEDRGB8,0,False,False,False,False,,0.0,1,0,0,0,True,True,655392,True,True,False,False,True,False,False,DEFLATED,4194304,True
textures\terrain\marshc_gloss.tga,Unknown,NormalExtraction,256,256,65536,1024,1024,1048576,1.0486,1024,DEFLATEDRGBA8,0,False,False,False,False,,84.872,68,0,0,0,True,True,655392,True,True,False,False,True,False,False,DEFLATED,4194304,True
textures\terrain\marshc_nm.tga,Unknown,NormalExtraction,256,256,65536,1024,1024,1048576,1.0486,1024,DEFLATEDRGBA8,0,False,False,False,False,,100.0,1,0,0,0,True,True,655392,True,True,False,False,True,False,False,DEFLATED,4194304,True
textures\terrain\marshc_spec.tga,Unknown,NormalExtraction,256,256,65536,1024,1024,1048576,1.0486,1024,DEFLATEDRGB8,0,False,False,False,False,,0.0,1,0,0,0,True,True,655392,True,True,False,False,True,False,False,DEFLATED,4194304,True
textures\terrain\marshd.tga,Unknown,NormalExtraction,256,256,65536,1024,1024,1048576,1.0486,1024,DEFLATEDRGBA8,0,False,False,False,False,,100.0,1,0,0,0,True,True,655392,True,True,False,False,True,False,False,DEFLATED,4194304,True
textures\terrain\marshd_gloss.tga,Unknown,NormalExtraction,256,256,65536,1024,1024,1048576,1.0486,1024,DEFLATEDRGBA8,0,False,False,False,False,,100.0,1,0,0,0,True,True,655392,True,True,False,False,True,False,False,DEFLATED,4194304,True
textures\terrain\marshd_nm.tga,Unknown,NormalExtraction,256,256,65536,1024,1024,1048576,1.0486,1024,DEFLATEDRGBA8,0,False,False,False,False,,100.0,1,0,0,0,True,True,655392,True,True,False,False,True,False,False,DEFLATED,4194304,True
textures\terrain\marshd_spec.tga,Unknown,NormalExtraction,256,256,65536,1024,1024,1048576,1.0486,1024,DEFLATEDRGBA8,0,False,False,False,False,,100.0,1,0,0,0,True,True,655392,True,True,False,False,True,False,False,DEFLATED,4194304,True
textures\terrain\marshe.tga,Unknown,NormalExtraction,256,256,65536,1024,1024,1048576,1.0486,1024,DEFLATEDRGBA8,0,False,False,False,False,,100.0,1,0,0,0,True,True,655392,True,True,False,False,True,False,False,DEFLATED,4194304,True
textures\terrain\marshe_gloss.tga,Unknown,NormalExtraction,256,256,65536,1024,1024,1048576,1.0486,1024,DEFLATEDRGBA8,0,False,False,False,False,,100.0,1,0,0,0,True,True,655392,True,True,False,False,True,False,False,DEFLATED,4194304,True
textures\terrain\marshe_nm.tga,Unknown,NormalExtraction,256,256,65536,1024,1024,1048576,1.0486,1024,DEFLATEDRGBA8,0,False,False,False,False,,100.0,1,0,0,0,True,True,655392,True,True,False,False,True,False,False,DEFLATED,4194304,True
textures\terrain\marshe_spec.tga,Unknown,NormalExtraction,256,256,65536,1024,1024,1048576,1.0486,1024,DEFLATEDRGB8,0,False,False,False,False,,0.0,1,0,0,0,True,True,655392,True,True,False,False,True,False,False,DEFLATED,4194304,True
textures\terrain\marshf.tga,Unknown,NormalExtraction,256,256,65536,1024,1024,1048576,1.0486,1024,DEFLATEDRGB8,0,False,False,False,False,,0.0,1,0,0,0,True,True,655392,True,True,False,False,True,False,False,DEFLATED,4194304,True
textures\terrain\marshf_gloss.tga,Unknown,NormalExtraction,256,256,65536,1024,1024,1048576,1.0486,1024,DEFLATEDRGBA8,0,False,False,False,False,,84.872,68,0,0,0,True,True,655392,True,True,False,False,True,False,False,DEFLATED,4194304,True
textures\terrain\marshf_nm.tga,Unknown,NormalExtraction,256,256,65536,1024,1024,1048576,1.0486,1024,DEFLATEDRGBA8,0,False,False,False,False,,100.0,1,0,0,0,True,True,655392,True,True,False,False,True,False,False,DEFLATED,4194304,True
textures\terrain\marshf_spec.tga,Unknown,NormalExtraction,256,256,65536,1024,1024,1048576,1.0486,1024,DEFLATEDRGBA8,0,False,False,False,False,,84.872,68,0,0,0,True,True,655392,True,True,False,False,True,False,False,DEFLATED,4194304,True
textures\terrain\miningground.tga,Unknown,NormalExtraction,256,256,65536,1024,1024,1048576,1.0486,1024,DEFLATEDRGBA8,0,False,False,False,False,,100.0,1,0,0,0,True,True,655392,True,True,False,False,True,False,False,DEFLATED,4194304,True
textures\terrain\miningground_gloss.tga,Unknown,NormalExtraction,256,256,65536,1024,1024,1048576,1.0486,1024,DEFLATEDRGBA8,0,False,False,False,False,,100.0,1,0,0,0,True,True,655392,True,True,False,False,True,False,False,DEFLATED,4194304,True
textures\terrain\miningground_nm.tga,Unknown,NormalExtraction,256,256,65536,1024,1024,1048576,1.0486,1024,DEFLATEDRGBA8,0,False,False,False,False,,100.0,1,0,0,0,True,True,655392,True,True,False,False,True,False,False,DEFLATED,4194304,True
textures\terrain\miningground_spec.tga,Unknown,NormalExtraction,256,256,65536,1024,1024,1048576,1.0486,1024,DEFLATEDRGBA8,0,False,False,False,False,,100.0,1,0,0,0,True,True,655392,True,True,False,False,True,False,False,DEFLATED,4194304,True
textures\terrain\mountain01.tga,Unknown,NormalExtraction,256,256,65536,1024,1024,1048576,1.0486,1024,DEFLATEDRGBA8,0,False,False,False,False,,100.0,1,0,0,0,True,True,655392,True,True,False,False,True,False,False,DEFLATED,4194304,True
textures\terrain\mountain01_gloss.tga,Unknown,NormalExtraction,256,256,65536,1024,1024,1048576,1.0486,1024,DEFLATEDRGBA8,0,False,False,False,False,,100.0,1,0,0,0,True,True,655392,True,True,False,False,True,False,False,DEFLATED,4194304,True
textures\terrain\mountain01_nm.tga,Unknown,NormalExtraction,256,256,65536,1024,1024,1048576,1.0486,1024,DEFLATEDRGBA8,0,False,False,False,False,,100.0,1,0,0,0,True,True,655392,True,True,False,False,True,False,False,DEFLATED,4194304,True
textures\terrain\mountain01_spec.tga,Unknown,NormalExtraction,256,256,65536,1024,1024,1048576,1.0486,1024,DEFLATEDRGBA8,0,False,False,False,False,,100.0,1,0,0,0,True,True,655392,True,True,False,False,True,False,False,DEFLATED,4194304,True
textures\terrain\mountain02.tga,Unknown,NormalExtraction,256,256,65536,1024,1024,1048576,1.0486,1024,DEFLATEDRGBA8,0,False,False,False,False,,100.0,1,0,0,0,True,True,655392,True,True,False,False,True,False,False,DEFLATED,4194304,True
textures\terrain\mountain02_gloss.tga,Unknown,NormalExtraction,256,256,65536,1024,1024,1048576,1.0486,1024,DEFLATEDRGBA8,0,False,False,False,False,,100.0,1,0,0,0,True,True,655392,True,True,False,False,True,False,False,DEFLATED,4194304,True
textures\terrain\mountain02_nm.tga,Unknown,NormalExtraction,256,256,65536,1024,1024,1048576,1.0486,1024,DEFLATEDRGBA8,0,False,False,False,False,,100.0,1,0,0,0,True,True,655392,True,True,False,False,True,False,False,DEFLATED,4194304,True
textures\terrain\mountain02_spec.tga,Unknown,NormalExtraction,256,256,65536,1024,1024,1048576,1.0486,1024,DEFLATEDRGBA8,0,False,False,False,False,,100.0,1,0,0,0,True,True,655392,True,True,False,False,True,False,False,DEFLATED,4194304,True
textures\terrain\mountain03.tga,Unknown,NormalExtraction,256,256,65536,1024,1024,1048576,1.0486,1024,DEFLATEDRGBA8,0,False,False,False,False,,100.0,1,0,0,0,True,True,655392,True,True,False,False,True,False,False,DEFLATED,4194304,True
textures\terrain\mountain03_gloss.tga,Unknown,NormalExtraction,256,256,65536,1024,1024,1048576,1.0486,1024,DEFLATEDRGBA8,0,False,False,False,False,,100.0,1,0,0,0,True,True,655392,True,True,False,False,True,False,False,DEFLATED,4194304,True
textures\terrain\mountain03_nm.tga,Unknown,NormalExtraction,256,256,65536,1024,1024,1048576,1.0486,1024,DEFLATEDRGBA8,0,False,False,False,False,,100.0,1,0,0,0,True,True,655392,True,True,False,False,True,False,False,DEFLATED,4194304,True
textures\terrain\mountain03_spec.tga,Unknown,NormalExtraction,256,256,65536,1024,1024,1048576,1.0486,1024,DEFLATEDRGBA8,0,False,False,False,False,,100.0,1,0,0,0,True,True,655392,True,True,False,False,True,False,False,DEFLATED,4194304,True
textures\terrain\mountain04.tga,Unknown,NormalExtraction,256,256,65536,1024,1024,1048576,1.0486,1024,DEFLATEDRGBA8,0,False,False,False,False,,100.0,1,0,0,0,True,True,655392,True,True,False,False,True,False,False,DEFLATED,4194304,True
textures\terrain\mountain04_gloss.tga,Unknown,NormalExtraction,256,256,65536,1024,1024,1048576,1.0486,1024,DEFLATEDRGBA8,0,False,False,False,False,,100.0,1,0,0,0,True,True,655392,True,True,False,False,True,False,False,DEFLATED,4194304,True
textures\terrain\mountain04_nm.tga,Unknown,NormalExtraction,256,256,65536,1024,1024,1048576,1.0486,1024,DEFLATEDRGBA8,0,False,False,False,False,,100.0,1,0,0,0,True,True,655392,True,True,False,False,True,False,False,DEFLATED,4194304,True
textures\terrain\mountain04_spec.tga,Unknown,NormalExtraction,256,256,65536,1024,1024,1048576,1.0486,1024,DEFLATEDRGBA8,0,False,False,False,False,,100.0,1,0,0,0,True,True,655392,True,True,False,False,True,False,False,DEFLATED,4194304,True
textures\terrain\mountainfloora.tga,Unknown,NormalExtraction,256,256,65536,1024,1024,1048576,1.0486,1024,DEFLATEDRGBA8,0,False,False,False,False,,100.0,1,0,0,0,True,True,655392,True,True,False,False,True,False,False,DEFLATED,4194304,True
textures\terrain\mountainfloora_gloss.tga,Unknown,NormalExtraction,256,256,65536,1024,1024,1048576,1.0486,1024,DEFLATEDRGBA8,0,False,False,False,False,,100.0,1,0,0,0,True,True,655392,True,True,False,False,True,False,False,DEFLATED,4194304,True
textures\terrain\mountainfloora_nm.tga,Unknown,NormalExtraction,256,256,65536,1024,1024,1048576,1.0486,1024,DEFLATEDRGBA8,0,False,False,False,False,,100.0,1,0,0,0,True,True,655392,True,True,False,False,True,False,False,DEFLATED,4194304,True
textures\terrain\mountainfloora_spec.tga,Unknown,NormalExtraction,256,256,65536,1024,1024,1048576,1.0486,1024,DEFLATEDRGBA8,0,False,False,False,False,,100.0,1,0,0,0,True,True,655392,True,True,False,False,True,False,False,DEFLATED,4194304,True
textures\terrain\mountainfloorb.tga,Unknown,NormalExtraction,256,256,65536,1024,1024,1048576,1.0486,1024,DEFLATEDRGBA8,0,False,False,False,False,,100.0,1,0,0,0,True,True,655392,True,True,False,False,True,False,False,DEFLATED,4194304,True
textures\terrain\mountainfloorb_gloss.tga,Unknown,NormalExtraction,256,256,65536,1024,1024,1048576,1.0486,1024,DEFLATEDRGBA8,0,False,False,False,False,,100.0,1,0,0,0,True,True,655392,True,True,False,False,True,False,False,DEFLATED,4194304,True
textures\terrain\mountainfloorb_nm.tga,Unknown,NormalExtraction,256,256,65536,1024,1024,1048576,1.0486,1024,DEFLATEDRGBA8,0,False,False,False,False,,100.0,1,0,0,0,True,True,655392,True,True,False,False,True,False,False,DEFLATED,4194304,True
textures\terrain\mountainfloorb_spec.tga,Unknown,NormalExtraction,256,256,65536,1024,1024,1048576,1.0486,1024,DEFLATEDRGBA8,0,False,False,False,False,,100.0,1,0,0,0,True,True,655392,True,True,False,False,True,False,False,DEFLATED,4194304,True
textures\terrain\mountaingrass.tga,Unknown,NormalExtraction,256,256,65536,1024,1024,1048576,1.0486,1024,DEFLATEDRGBA8,0,False,False,False,False,,100.0,1,0,0,0,True,True,655392,True,True,False,False,True,False,False,DEFLATED,4194304,True
textures\terrain\mountaingrass_gloss.tga,Unknown,NormalExtraction,256,256,65536,1024,1024,1048576,1.0486,1024,DEFLATEDRGBA8,0,False,False,False,False,,100.0,1,0,0,0,True,True,655392,True,True,False,False,True,False,False,DEFLATED,4194304,True
textures\terrain\mountaingrass_nm.tga,Unknown,NormalExtraction,256,256,65536,1024,1024,1048576,1.0486,1024,DEFLATEDRGBA8,0,False,False,False,False,,100.0,1,0,0,0,True,True,655392,True,True,False,False,True,False,False,DEFLATED,4194304,True
textures\terrain\mountaingrass_spec.tga,Unknown,NormalExtraction,256,256,65536,1024,1024,1048576,1.0486,1024,DEFLATEDRGBA8,0,False,False,False,False,,100.0,1,0,0,0,True,True,655392,True,True,False,False,True,False,False,DEFLATED,4194304,True
textures\terrain\norseroada.tga,Unknown,NormalExtraction,256,256,65536,1024,1024,1048576,1.0486,1024,DEFLATEDRGBA8,0,False,False,False,False,,100.0,1,0,0,0,True,True,655392,True,True,False,False,True,False,False,DEFLATED,4194304,True
textures\terrain\norseroada_gloss.tga,Unknown,NormalExtraction,256,256,65536,1024,1024,1048576,1.0486,1024,DEFLATEDRGBA8,0,False,False,False,False,,100.0,1,0,0,0,True,True,655392,True,True,False,False,True,False,False,DEFLATED,4194304,True
textures\terrain\norseroada_nm.tga,Unknown,NormalExtraction,256,256,65536,1024,1024,1048576,1.0486,1024,DEFLATEDRGBA8,0,False,False,False,False,,100.0,1,0,0,0,True,True,655392,True,True,False,False,True,False,False,DEFLATED,4194304,True
textures\terrain\norseroada_spec.tga,Unknown,NormalExtraction,256,256,65536,1024,1024,1048576,1.0486,1024,DEFLATEDRGBA8,0,False,False,False,False,,100.0,1,0,0,0,True,True,655392,True,True,False,False,True,False,False,DEFLATED,4194304,True
textures\terrain\olympusa.tga,Unknown,NormalExtraction,256,256,65536,1024,1024,1048576,1.0486,1024,DEFLATEDRGBA8,0,False,False,False,False,,100.0,1,0,0,0,True,True,655392,True,True,False,False,True,False,False,DEFLATED,4194304,True
textures\terrain\olympusa_gloss.tga,Unknown,NormalExtraction,256,256,65536,1024,1024,1048576,1.0486,1024,DEFLATEDRGBA8,0,False,False,False,False,,100.0,1,0,0,0,True,True,655392,True,True,False,False,True,False,False,DEFLATED,4194304,True
textures\terrain\olympusa_nm.tga,Unknown,NormalExtraction,256,256,65536,1024,1024,1048576,1.0486,1024,DEFLATEDRGBA8,0,False,False,False,False,,100.0,1,0,0,0,True,True,655392,True,True,False,False,True,False,False,DEFLATED,4194304,True
textures\terrain\olympusa_spec.tga,Unknown,NormalExtraction,256,256,65536,1024,1024,1048576,1.0486,1024,DEFLATEDRGBA8,0,False,False,False,False,,100.0,1,0,0,0,True,True,655392,True,True,False,False,True,False,False,DEFLATED,4194304,True
textures\terrain\olympusb.tga,Unknown,NormalExtraction,256,256,65536,1024,1024,1048576,1.0486,1024,DEFLATEDRGB8,0,False,False,False,False,,0.0,1,0,0,0,True,True,655392,True,True,False,False,True,False,False,DEFLATED,4194304,True
textures\terrain\olympusb_gloss.tga,Unknown,NormalExtraction,256,256,65536,1024,1024,1048576,1.0486,1024,DEFLATEDRGBA8,0,False,False,False,False,,100.0,1,0,0,0,True,True,655392,True,True,False,False,True,False,False,DEFLATED,4194304,True
textures\terrain\olympusb_nm.tga,Unknown,NormalExtraction,256,256,65536,1024,1024,1048576,1.0486,1024,DEFLATEDRGBA8,0,False,False,False,False,,100.0,1,0,0,0,True,True,655392,True,True,False,False,True,False,False,DEFLATED,4194304,True
textures\terrain\olympusb_spec.tga,Unknown,NormalExtraction,256,256,65536,1024,1024,1048576,1.0486,1024,DEFLATEDRGBA8,0,False,False,False,False,,100.0,1,0,0,0,True,True,655392,True,True,False,False,True,False,False,DEFLATED,4194304,True
textures\terrain\olympusc.tga,Unknown,NormalExtraction,256,256,65536,1024,1024,1048576,1.0486,1024,DEFLATEDRGBA8,0,False,False,False,False,,100.0,1,0,0,0,True,True,655392,True,True,False,False,True,False,False,DEFLATED,4194304,True
textures\terrain\olympusc_gloss.tga,Unknown,NormalExtraction,256,256,65536,1024,1024,1048576,1.0486,1024,DEFLATEDRGBA8,0,False,False,False,False,,100.0,1,0,0,0,True,True,655392,True,True,False,False,True,False,False,DEFLATED,4194304,True
textures\terrain\olympusc_nm.tga,Unknown,NormalExtraction,256,256,65536,1024,1024,1048576,1.0486,1024,DEFLATEDRGBA8,0,False,False,False,False,,100.0,1,0,0,0,True,True,655392,True,True,False,False,True,False,False,DEFLATED,4194304,True
textures\terrain\olympusc_spec.tga,Unknown,NormalExtraction,256,256,65536,1024,1024,1048576,1.0486,1024,DEFLATEDRGBA8,0,False,False,False,False,,100.0,1,0,0,0,True,True,655392,True,True,False,False,True,False,False,DEFLATED,4194304,True
textures\terrain\olympustile.tga,Unknown,NormalExtraction,256,256,65536,1024,1024,1048576,1.0486,1024,DEFLATEDRGBA8,0,False,False,False,False,,100.0,1,0,0,0,True,True,655392,True,True,False,False,True,False,False,DEFLATED,4194304,True
textures\terrain\olympustile_gloss.tga,Unknown,NormalExtraction,256,256,65536,1024,1024,1048576,1.0486,1024,DEFLATEDRGBA8,0,False,False,False,False,,100.0,1,0,0,0,True,True,655392,True,True,False,False,True,False,False,DEFLATED,4194304,True
textures\terrain\olympustile_nm.tga,Unknown,NormalExtraction,256,256,65536,1024,1024,1048576,1.0486,1024,DEFLATEDRGBA8,0,False,False,False,False,,100.0,1,0,0,0,True,True,655392,True,True,False,False,True,False,False,DEFLATED,4194304,True
textures\terrain\olympustile_spec.tga,Unknown,NormalExtraction,256,256,65536,1024,1024,1048576,1.0486,1024,DEFLATEDRGBA8,0,False,False,False,False,,100.0,1,0,0,0,True,True,655392,True,True,False,False,True,False,False,DEFLATED,4194304,True
textures\terrain\plainA.tga,Unknown,NormalExtraction,256,256,65536,1024,1024,1048576,1.0486,1024,DEFLATEDRGBA8,0,False,False,False,False,,100.0,1,0,0,0,True,True,655392,True,True,False,False,True,False,False,DEFLATED,4194304,True
textures\terrain\plainB.tga,Unknown,NormalExtraction,256,256,65536,1024,1024,1048576,1.0486,1024,DEFLATEDRGBA8,0,False,False,False,False,,100.0,1,0,0,0,True,True,655392,True,True,False,False,True,False,False,DEFLATED,4194304,True
textures\terrain\plainDirt25.tga,Unknown,NormalExtraction,256,256,65536,1024,1024,1048576,1.0486,1024,DEFLATEDRGBA8,0,False,False,False,False,,100.0,1,0,0,0,True,True,655392,True,True,False,False,True,False,False,DEFLATED,4194304,True
textures\terrain\plainDirt50.tga,Unknown,NormalExtraction,256,256,65536,1024,1024,1048576,1.0486,1024,DEFLATEDRGBA8,0,False,False,False,False,,100.0,1,0,0,0,True,True,655392,True,True,False,False,True,False,False,DEFLATED,4194304,True
textures\terrain\plainDirt75.tga,Unknown,NormalExtraction,256,256,65536,1024,1024,1048576,1.0486,1024,DEFLATEDRGBA8,0,False,False,False,False,,100.0,1,0,0,0,True,True,655392,True,True,False,False,True,False,False,DEFLATED,4194304,True
textures\terrain\plainRoadA.tga,Unknown,NormalExtraction,256,256,65536,1024,1024,1048576,1.0486,1024,DEFLATEDRGBA8,0,False,False,False,False,,100.0,1,0,0,0,True,True,655392,True,True,False,False,True,False,False,DEFLATED,4194304,True
textures\terrain\rivergrassya.tga,Unknown,NormalExtraction,256,256,65536,1024,1024,1048576,1.0486,1024,DEFLATEDRGBA8,0,False,False,False,False,,100.0,1,0,0,0,True,True,655392,True,True,False,False,True,False,False,DEFLATED,4194304,True
textures\terrain\rivergrassya_gloss.tga,Unknown,NormalExtraction,256,256,65536,1024,1024,1048576,1.0486,1024,DEFLATEDRGBA8,0,False,False,False,False,,100.0,1,0,0,0,True,True,655392,True,True,False,False,True,False,False,DEFLATED,4194304,True
textures\terrain\rivergrassya_nm.tga,Unknown,NormalExtraction,256,256,65536,1024,1024,1048576,1.0486,1024,DEFLATEDRGBA8,0,False,False,False,False,,100.0,1,0,0,0,True,True,655392,True,True,False,False,True,False,False,DEFLATED,4194304,True
textures\terrain\rivergrassya_spec.tga,Unknown,NormalExtraction,256,256,65536,1024,1024,1048576,1.0486,1024,DEFLATEDRGB8,0,False,False,False,False,,0.0,1,0,0,0,True,True,655392,True,True,False,False,True,False,False,DEFLATED,4194304,True
textures\terrain\rivergrassyb.tga,Unknown,NormalExtraction,256,256,65536,1024,1024,1048576,1.0486,1024,DEFLATEDRGBA8,0,False,False,False,False,,100.0,1,0,0,0,True,True,655392,True,True,False,False,True,False,False,DEFLATED,4194304,True
textures\terrain\rivergrassyb_gloss.tga,Unknown,NormalExtraction,256,256,65536,1024,1024,1048576,1.0486,1024,DEFLATEDRGBA8,0,False,False,False,False,,100.0,1,0,0,0,True,True,655392,True,True,False,False,True,False,False,DEFLATED,4194304,True
textures\terrain\rivergrassyb_nm.tga,Unknown,NormalExtraction,256,256,65536,1024,1024,1048576,1.0486,1024,DEFLATEDRGBA8,0,False,False,False,False,,100.0,1,0,0,0,True,True,655392,True,True,False,False,True,False,False,DEFLATED,4194304,True
textures\terrain\rivergrassyb_spec.tga,Unknown,NormalExtraction,256,256,65536,1024,1024,1048576,1.0486,1024,DEFLATEDRGB8,0,False,False,False,False,,0.0,1,0,0,0,True,True,655392,True,True,False,False,True,False,False,DEFLATED,4194304,True
textures\terrain\rivergrassyc.tga,Unknown,NormalExtraction,256,256,65536,1024,1024,1048576,1.0486,1024,DEFLATEDRGBA8,0,False,False,False,False,,100.0,1,0,0,0,True,True,655392,True,True,False,False,True,False,False,DEFLATED,4194304,True
textures\terrain\rivergrassyc_gloss.tga,Unknown,NormalExtraction,256,256,65536,1024,1024,1048576,1.0486,1024,DEFLATEDRGB8,0,False,False,False,False,,0.0,1,0,0,0,True,True,655392,True,True,False,False,True,False,False,DEFLATED,4194304,True
textures\terrain\rivergrassyc_nm.tga,Unknown,NormalExtraction,256,256,65536,1024,1024,1048576,1.0486,1024,DEFLATEDRGBA8,0,False,False,False,False,,100.0,1,0,0,0,True,True,655392,True,True,False,False,True,False,False,DEFLATED,4194304,True
textures\terrain\rivergrassyc_spec.tga,Unknown,NormalExtraction,256,256,65536,1024,1024,1048576,1.0486,1024,DEFLATEDRGB8,0,False,False,False,False,,0.0,1,0,0,0,True,True,655392,True,True,False,False,True,False,False,DEFLATED,4194304,True
textures\terrain\rivericya.tga,Unknown,NormalExtraction,256,256,65536,1024,1024,1048576,1.0486,1024,DEFLATEDRGBA8,0,False,False,False,False,,100.0,1,0,0,0,True,True,655392,True,True,False,False,True,False,False,DEFLATED,4194304,True
textures\terrain\rivericya_gloss.tga,Unknown,NormalExtraction,256,256,65536,1024,1024,1048576,1.0486,1024,DEFLATEDRGBA8,0,False,False,False,False,,100.0,1,0,0,0,True,True,655392,True,True,False,False,True,False,False,DEFLATED,4194304,True
textures\terrain\rivericya_nm.tga,Unknown,NormalExtraction,256,256,65536,1024,1024,1048576,1.0486,1024,DEFLATEDRGBA8,0,False,False,False,False,,100.0,1,0,0,0,True,True,655392,True,True,False,False,True,False,False,DEFLATED,4194304,True
textures\terrain\rivericya_spec.tga,Unknown,NormalExtraction,256,256,65536,1024,1024,1048576,1.0486,1024,DEFLATEDRGB8,0,False,False,False,False,,0.0,1,0,0,0,True,True,655392,True,True,False,False,True,False,False,DEFLATED,4194304,True
textures\terrain\rivericyb.tga,Unknown,NormalExtraction,256,256,65536,1024,1024,1048576,1.0486,1024,DEFLATEDRGBA8,0,False,False,False,False,,100.0,1,0,0,0,True,True,655392,True,True,False,False,True,False,False,DEFLATED,4194304,True
textures\terrain\rivericyb_gloss.tga,Unknown,NormalExtraction,256,256,65536,1024,1024,1048576,1.0486,1024,DEFLATEDRGBA8,0,False,False,False,False,,100.0,1,0,0,0,True,True,655392,True,True,False,False,True,False,False,DEFLATED,4194304,True
textures\terrain\rivericyb_nm.tga,Unknown,NormalExtraction,256,256,65536,1024,1024,1048576,1.0486,1024,DEFLATEDRGBA8,0,False,False,False,False,,100.0,1,0,0,0,True,True,655392,True,True,False,False,True,False,False,DEFLATED,4194304,True
textures\terrain\rivericyb_spec.tga,Unknown,NormalExtraction,256,256,65536,1024,1024,1048576,1.0486,1024,DEFLATEDRGB8,0,False,False,False,False,,0.0,1,0,0,0,True,True,655392,True,True,False,False,True,False,False,DEFLATED,4194304,True
textures\terrain\rivericyc.tga,Unknown,NormalExtraction,256,256,65536,1024,1024,1048576,1.0486,1024,DEFLATEDRGBA8,0,False,False,False,False,,100.0,1,0,0,0,True,True,655392,True,True,False,False,True,False,False,DEFLATED,4194304,True
textures\terrain\rivericyc_gloss.tga,Unknown,NormalExtraction,256,256,65536,1024,1024,1048576,1.0486,1024,DEFLATEDRGBA8,0,False,False,False,False,,100.0,1,0,0,0,True,True,655392,True,True,False,False,True,False,False,DEFLATED,4194304,True
textures\terrain\rivericyc_nm.tga,Unknown,NormalExtraction,256,256,65536,1024,1024,1048576,1.0486,1024,DEFLATEDRGBA8,0,False,False,False,False,,100.0,1,0,0,0,True,True,655392,True,True,False,False,True,False,False,DEFLATED,4194304,True
textures\terrain\rivericyc_spec.tga,Unknown,NormalExtraction,256,256,65536,1024,1024,1048576,1.0486,1024,DEFLATEDRGBA8,0,False,False,False,False,,100.0,1,0,0,0,True,True,655392,True,True,False,False,True,False,False,DEFLATED,4194304,True
textures\terrain\rivermarsha.tga,Unknown,NormalExtraction,256,256,65536,1024,1024,1048576,1.0486,1024,DEFLATEDRGBA8,0,False,False,False,False,,100.0,1,0,0,0,True,True,655392,True,True,False,False,True,False,False,DEFLATED,4194304,True
textures\terrain\rivermarsha_gloss.tga,Unknown,NormalExtraction,256,256,65536,1024,1024,1048576,1.0486,1024,DEFLATEDRGBA8,0,False,False,False,False,,100.0,1,0,0,0,True,True,655392,True,True,False,False,True,False,False,DEFLATED,4194304,True
textures\terrain\rivermarsha_nm.tga,Unknown,NormalExtraction,256,256,65536,1024,1024,1048576,1.0486,1024,DEFLATEDRGBA8,0,False,False,False,False,,100.0,1,0,0,0,True,True,655392,True,True,False,False,True,False,False,DEFLATED,4194304,True
textures\terrain\rivermarsha_spec.tga,Unknown,NormalExtraction,256,256,65536,1024,1024,1048576,1.0486,1024,DEFLATEDRGB8,0,False,False,False,False,,0.0,1,0,0,0,True,True,655392,True,True,False,False,True,False,False,DEFLATED,4194304,True
textures\terrain\rivermarshb.tga,Unknown,NormalExtraction,256,256,65536,1024,1024,1048576,1.0486,1024,DEFLATEDRGBA8,0,False,False,False,False,,100.0,1,0,0,0,True,True,655392,True,True,False,False,True,False,False,DEFLATED,4194304,True
textures\terrain\rivermarshb_gloss.tga,Unknown,NormalExtraction,256,256,65536,1024,1024,1048576,1.0486,1024,DEFLATEDRGBA8,0,False,False,False,False,,100.0,1,0,0,0,True,True,655392,True,True,False,False,True,False,False,DEFLATED,4194304,True
textures\terrain\rivermarshb_nm.tga,Unknown,NormalExtraction,256,256,65536,1024,1024,1048576,1.0486,1024,DEFLATEDRGBA8,0,False,False,False,False,,100.0,1,0,0,0,True,True,655392,True,True,False,False,True,False,False,DEFLATED,4194304,True
textures\terrain\rivermarshb_spec.tga,Unknown,NormalExtraction,256,256,65536,1024,1024,1048576,1.0486,1024,DEFLATEDRGB8,0,False,False,False,False,,0.0,1,0,0,0,True,True,655392,True,True,False,False,True,False,False,DEFLATED,4194304,True
textures\terrain\rivermarshc.tga,Unknown,NormalExtraction,256,256,65536,1024,1024,1048576,1.0486,1024,DEFLATEDRGBA8,0,False,False,False,False,,100.0,1,0,0,0,True,True,655392,True,True,False,False,True,False,False,DEFLATED,4194304,True
textures\terrain\rivermarshc_gloss.tga,Unknown,NormalExtraction,256,256,65536,1024,1024,1048576,1.0486,1024,DEFLATEDRGBA8,0,False,False,False,False,,100.0,1,0,0,0,True,True,655392,True,True,False,False,True,False,False,DEFLATED,4194304,True
textures\terrain\rivermarshc_nm.tga,Unknown,NormalExtraction,256,256,65536,1024,1024,1048576,1.0486,1024,DEFLATEDRGBA8,0,False,False,False,False,,100.0,1,0,0,0,True,True,655392,True,True,False,False,True,False,False,DEFLATED,4194304,True
textures\terrain\rivermarshc_spec.tga,Unknown,NormalExtraction,256,256,65536,1024,1024,1048576,1.0486,1024,DEFLATEDRGB8,0,False,False,False,False,,0.0,1,0,0,0,True,True,655392,True,True,False,False,True,False,False,DEFLATED,4194304,True
textures\terrain\riversandya.tga,Unknown,NormalExtraction,256,256,65536,1024,1024,1048576,1.0486,1024,DEFLATEDRGBA8,0,False,False,False,False,,100.0,1,0,0,0,True,True,655392,True,True,False,False,True,False,False,DEFLATED,4194304,True
textures\terrain\riversandya_gloss.tga,Unknown,NormalExtraction,256,256,65536,1024,1024,1048576,1.0486,1024,DEFLATEDRGBA8,0,False,False,False,False,,100.0,1,0,0,0,True,True,655392,True,True,False,False,True,False,False,DEFLATED,4194304,True
textures\terrain\riversandya_nm.tga,Unknown,NormalExtraction,256,256,65536,1024,1024,1048576,1.0486,1024,DEFLATEDRGBA8,0,False,False,False,False,,100.0,1,0,0,0,True,True,655392,True,True,False,False,True,False,False,DEFLATED,4194304,True
textures\terrain\riversandya_spec.tga,Unknown,NormalExtraction,256,256,65536,1024,1024,1048576,1.0486,1024,DEFLATEDRGBA8,0,False,False,False,False,,100.0,1,0,0,0,True,True,655392,True,True,False,False,True,False,False,DEFLATED,4194304,True
textures\terrain\riversandyb.tga,Unknown,NormalExtraction,256,256,65536,1024,1024,1048576,1.0486,1024,DEFLATEDRGBA8,0,False,False,False,False,,100.0,1,0,0,0,True,True,655392,True,True,False,False,True,False,False,DEFLATED,4194304,True
textures\terrain\riversandyb_gloss.tga,Unknown,NormalExtraction,256,256,65536,1024,1024,1048576,1.0486,1024,DEFLATEDRGBA8,0,False,False,False,False,,100.0,1,0,0,0,True,True,655392,True,True,False,False,True,False,False,DEFLATED,4194304,True
textures\terrain\riversandyb_nm.tga,Unknown,NormalExtraction,256,256,65536,1024,1024,1048576,1.0486,1024,DEFLATEDRGBA8,0,False,False,False,False,,100.0,1,0,0,0,True,True,655392,True,True,False,False,True,False,False,DEFLATED,4194304,True
textures\terrain\riversandyb_spec.tga,Unknown,NormalExtraction,256,256,65536,1024,1024,1048576,1.0486,1024,DEFLATEDRGBA8,0,False,False,False,False,,100.0,1,0,0,0,True,True,655392,True,True,False,False,True,False,False,DEFLATED,4194304,True
textures\terrain\riversandyc.tga,Unknown,NormalExtraction,256,256,65536,1024,1024,1048576,1.0486,1024,DEFLATEDRGBA8,0,False,False,False,False,,100.0,1,0,0,0,True,True,655392,True,True,False,False,True,False,False,DEFLATED,4194304,True
textures\terrain\riversandyc_gloss.tga,Unknown,NormalExtraction,256,256,65536,1024,1024,1048576,1.0486,1024,DEFLATEDRGBA8,0,False,False,False,False,,100.0,1,0,0,0,True,True,655392,True,True,False,False,True,False,False,DEFLATED,4194304,True
textures\terrain\riversandyc_nm.tga,Unknown,NormalExtraction,256,256,65536,1024,1024,1048576,1.0486,1024,DEFLATEDRGBA8,0,False,False,False,False,,100.0,1,0,0,0,True,True,655392,True,True,False,False,True,False,False,DEFLATED,4194304,True
textures\terrain\riversandyc_spec.tga,Unknown,NormalExtraction,256,256,65536,1024,1024,1048576,1.0486,1024,DEFLATEDRGBA8,0,False,False,False,False,,100.0,1,0,0,0,True,True,655392,True,True,False,False,True,False,False,DEFLATED,4194304,True
textures\terrain\riversandyshallowa.tga,Unknown,NormalExtraction,256,256,65536,1024,1024,1048576,1.0486,1024,DEFLATEDRGBA8,0,False,False,False,False,,100.0,1,0,0,0,True,True,655392,True,True,False,False,True,False,False,DEFLATED,4194304,True
textures\terrain\riversandyshallowa_gloss.tga,Unknown,NormalExtraction,256,256,65536,1024,1024,1048576,1.0486,1024,DEFLATEDRGBA8,0,False,False,False,False,,100.0,1,0,0,0,True,True,655392,True,True,False,False,True,False,False,DEFLATED,4194304,True
textures\terrain\riversandyshallowa_nm.tga,Unknown,NormalExtraction,256,256,65536,1024,1024,1048576,1.0486,1024,DEFLATEDRGBA8,0,False,False,False,False,,100.0,1,0,0,0,True,True,655392,True,True,False,False,True,False,False,DEFLATED,4194304,True
textures\terrain\riversandyshallowa_spec.tga,Unknown,NormalExtraction,256,256,65536,1024,1024,1048576,1.0486,1024,DEFLATEDRGBA8,0,False,False,False,False,,100.0,1,0,0,0,True,True,655392,True,True,False,False,True,False,False,DEFLATED,4194304,True
textures\terrain\roada.tga,Unknown,NormalExtraction,256,256,65536,1024,1024,1048576,1.0486,1024,DEFLATEDRGBA8,0,False,False,False,False,,100.0,1,0,0,0,True,True,655392,True,True,False,False,True,False,False,DEFLATED,4194304,True
textures\terrain\roada_gloss.tga,Unknown,NormalExtraction,256,256,65536,1024,1024,1048576,1.0486,1024,DEFLATEDRGBA8,0,False,False,False,False,,100.0,1,0,0,0,True,True,655392,True,True,False,False,True,False,False,DEFLATED,4194304,True
textures\terrain\roada_nm.tga,Unknown,NormalExtraction,256,256,65536,1024,1024,1048576,1.0486,1024,DEFLATEDRGBA8,0,False,False,False,False,,100.0,1,0,0,0,True,True,655392,True,True,False,False,True,False,False,DEFLATED,4194304,True
textures\terrain\roada_spec.tga,Unknown,NormalExtraction,256,256,65536,1024,1024,1048576,1.0486,1024,DEFLATEDRGBA8,0,False,False,False,False,,100.0,1,0,0,0,True,True,655392,True,True,False,False,True,False,False,DEFLATED,4194304,True
textures\terrain\roadb.tga,Unknown,NormalExtraction,256,256,65536,1024,1024,1048576,1.0486,1024,DEFLATEDRGBA8,0,False,False,False,False,,100.0,1,0,0,0,True,True,655392,True,True,False,False,True,False,False,DEFLATED,4194304,True
textures\terrain\roadb_gloss.tga,Unknown,NormalExtraction,256,256,65536,1024,1024,1048576,1.0486,1024,DEFLATEDRGBA8,0,False,False,False,False,,100.0,1,0,0,0,True,True,655392,True,True,False,False,True,False,False,DEFLATED,4194304,True
textures\terrain\roadb_nm.tga,Unknown,NormalExtraction,256,256,65536,1024,1024,1048576,1.0486,1024,DEFLATEDRGBA8,0,False,False,False,False,,100.0,1,0,0,0,True,True,655392,True,True,False,False,True,False,False,DEFLATED,4194304,True
textures\terrain\roadb_spec.tga,Unknown,NormalExtraction,256,256,65536,1024,1024,1048576,1.0486,1024,DEFLATEDRGBA8,0,False,False,False,False,,100.0,1,0,0,0,True,True,655392,True,True,False,False,True,False,False,DEFLATED,4194304,True
textures\terrain\rocka.tga,Unknown,NormalExtraction,256,256,65536,1024,1024,1048576,1.0486,1024,DEFLATEDRGBA8,0,False,False,False,False,,100.0,1,0,0,0,True,True,655392,True,True,False,False,True,False,False,DEFLATED,4194304,True
textures\terrain\rocka_gloss.tga,Unknown,NormalExtraction,256,256,65536,1024,1024,1048576,1.0486,1024,DEFLATEDRGBA8,0,False,False,False,False,,100.0,1,0,0,0,True,True,655392,True,True,False,False,True,False,False,DEFLATED,4194304,True
textures\terrain\rocka_nm.tga,Unknown,NormalExtraction,256,256,65536,1024,1024,1048576,1.0486,1024,DEFLATEDRGBA8,0,False,False,False,False,,100.0,1,0,0,0,True,True,655392,True,True,False,False,True,False,False,DEFLATED,4194304,True
textures\terrain\rocka_spec.tga,Unknown,NormalExtraction,256,256,65536,1024,1024,1048576,1.0486,1024,DEFLATEDRGBA8,0,False,False,False,False,,100.0,1,0,0,0,True,True,655392,True,True,False,False,True,False,False,DEFLATED,4194304,True
textures\terrain\rockc.tga,Unknown,NormalExtraction,256,256,65536,1024,1024,1048576,1.0486,1024,DEFLATEDRGBA8,0,False,False,False,False,,100.0,1,0,0,0,True,True,655392,True,True,False,False,True,False,False,DEFLATED,4194304,True
textures\terrain\rockc_gloss.tga,Unknown,NormalExtraction,256,256,65536,1024,1024,1048576,1.0486,1024,DEFLATEDRGBA8,0,False,False,False,False,,100.0,1,0,0,0,True,True,655392,True,True,False,False,True,False,False,DEFLATED,4194304,True
textures\terrain\rockc_nm.tga,Unknown,NormalExtraction,256,256,65536,1024,1024,1048576,1.0486,1024,DEFLATEDRGBA8,0,False,False,False,False,,100.0,1,0,0,0,True,True,655392,True,True,False,False,True,False,False,DEFLATED,4194304,True
textures\terrain\rockc_spec.tga,Unknown,NormalExtraction,256,256,65536,1024,1024,1048576,1.0486,1024,DEFLATEDRGBA8,0,False,False,False,False,,100.0,1,0,0,0,True,True,655392,True,True,False,False,True,False,False,DEFLATED,4194304,True
textures\terrain\rockd.tga,Unknown,NormalExtraction,256,256,65536,1024,1024,1048576,1.0486,1024,DEFLATEDRGBA8,0,False,False,False,False,,100.0,1,0,0,0,True,True,655392,True,True,False,False,True,False,False,DEFLATED,4194304,True
textures\terrain\rockd_gloss.tga,Unknown,NormalExtraction,256,256,65536,1024,1024,1048576,1.0486,1024,DEFLATEDRGBA8,0,False,False,False,False,,100.0,1,0,0,0,True,True,655392,True,True,False,False,True,False,False,DEFLATED,4194304,True
textures\terrain\rockd_nm.tga,Unknown,NormalExtraction,256,256,65536,1024,1024,1048576,1.0486,1024,DEFLATEDRGBA8,0,False,False,False,False,,100.0,1,0,0,0,True,True,655392,True,True,False,False,True,False,False,DEFLATED,4194304,True
textures\terrain\rockd_spec.tga,Unknown,NormalExtraction,256,256,65536,1024,1024,1048576,1.0486,1024,DEFLATEDRGBA8,0,False,False,False,False,,100.0,1,0,0,0,True,True,655392,True,True,False,False,True,False,False,DEFLATED,4194304,True
textures\terrain\rocke.tga,Unknown,NormalExtraction,256,256,65536,1024,1024,1048576,1.0486,1024,DEFLATEDRGBA8,0,False,False,False,False,,100.0,1,0,0,0,True,True,655392,True,True,False,False,True,False,False,DEFLATED,4194304,True
textures\terrain\rocke_gloss.tga,Unknown,NormalExtraction,256,256,65536,1024,1024,1048576,1.0486,1024,DEFLATEDRGBA8,0,False,False,False,False,,100.0,1,0,0,0,True,True,655392,True,True,False,False,True,False,False,DEFLATED,4194304,True
textures\terrain\rocke_nm.tga,Unknown,NormalExtraction,256,256,65536,1024,1024,1048576,1.0486,1024,DEFLATEDRGBA8,0,False,False,False,False,,100.0,1,0,0,0,True,True,655392,True,True,False,False,True,False,False,DEFLATED,4194304,True
textures\terrain\rocke_spec.tga,Unknown,NormalExtraction,256,256,65536,1024,1024,1048576,1.0486,1024,DEFLATEDRGBA8,0,False,False,False,False,,100.0,1,0,0,0,True,True,655392,True,True,False,False,True,False,False,DEFLATED,4194304,True
textures\terrain\sanda.tga,Unknown,NormalExtraction,256,256,65536,1024,1024,1048576,1.0486,1024,DEFLATEDRGBA8,0,False,False,False,False,,100.0,1,0,0,0,True,True,655392,True,True,False,False,True,False,False,DEFLATED,4194304,True
textures\terrain\sanda_gloss.tga,Unknown,NormalExtraction,256,256,65536,1024,1024,1048576,1.0486,1024,DEFLATEDRGBA8,0,False,False,False,False,,100.0,1,0,0,0,True,True,655392,True,True,False,False,True,False,False,DEFLATED,4194304,True
textures\terrain\sanda_nm.tga,Unknown,NormalExtraction,256,256,65536,1024,1024,1048576,1.0486,1024,DEFLATEDRGBA8,0,False,False,False,False,,100.0,1,0,0,0,True,True,655392,True,True,False,False,True,False,False,DEFLATED,4194304,True
textures\terrain\sanda_spec.tga,Unknown,NormalExtraction,256,256,65536,1024,1024,1048576,1.0486,1024,DEFLATEDRGBA8,0,False,False,False,False,,100.0,1,0,0,0,True,True,655392,True,True,False,False,True,False,False,DEFLATED,4194304,True
textures\terrain\sandb.tga,Unknown,NormalExtraction,256,256,65536,1024,1024,1048576,1.0486,1024,DEFLATEDRGBA8,0,False,False,False,False,,100.0,1,0,0,0,True,True,655392,True,True,False,False,True,False,False,DEFLATED,4194304,True
textures\terrain\sandb_gloss.tga,Unknown,NormalExtraction,256,256,65536,1024,1024,1048576,1.0486,1024,DEFLATEDRGBA8,0,False,False,False,False,,100.0,1,0,0,0,True,True,655392,True,True,False,False,True,False,False,DEFLATED,4194304,True
textures\terrain\sandb_nm.tga,Unknown,NormalExtraction,256,256,65536,1024,1024,1048576,1.0486,1024,DEFLATEDRGBA8,0,False,False,False,False,,100.0,1,0,0,0,True,True,655392,True,True,False,False,True,False,False,DEFLATED,4194304,True
textures\terrain\sandb_spec.tga,Unknown,NormalExtraction,256,256,65536,1024,1024,1048576,1.0486,1024,DEFLATEDRGBA8,0,False,False,False,False,,100.0,1,0,0,0,True,True,655392,True,True,False,False,True,False,False,DEFLATED,4194304,True
textures\terrain\sandc.tga,Unknown,NormalExtraction,256,256,65536,1024,1024,1048576,1.0486,1024,DEFLATEDRGBA8,0,False,False,False,False,,100.0,1,0,0,0,True,True,655392,True,True,False,False,True,False,False,DEFLATED,4194304,True
textures\terrain\sandc_gloss.tga,Unknown,NormalExtraction,256,256,65536,1024,1024,1048576,1.0486,1024,DEFLATEDRGBA8,0,False,False,False,False,,100.0,1,0,0,0,True,True,655392,True,True,False,False,True,False,False,DEFLATED,4194304,True
textures\terrain\sandc_nm.tga,Unknown,NormalExtraction,256,256,65536,1024,1024,1048576,1.0486,1024,DEFLATEDRGBA8,0,False,False,False,False,,100.0,1,0,0,0,True,True,655392,True,True,False,False,True,False,False,DEFLATED,4194304,True
textures\terrain\sandc_spec.tga,Unknown,NormalExtraction,256,256,65536,1024,1024,1048576,1.0486,1024,DEFLATEDRGBA8,0,False,False,False,False,,100.0,1,0,0,0,True,True,655392,True,True,False,False,True,False,False,DEFLATED,4194304,True
textures\terrain\sandd.tga,Unknown,NormalExtraction,256,256,65536,1024,1024,1048576,1.0486,1024,DEFLATEDRGBA8,0,False,False,False,False,,100.0,1,0,0,0,True,True,655392,True,True,False,False,True,False,False,DEFLATED,4194304,True
textures\terrain\sandd_gloss.tga,Unknown,NormalExtraction,256,256,65536,1024,1024,1048576,1.0486,1024,DEFLATEDRGBA8,0,False,False,False,False,,100.0,1,0,0,0,True,True,655392,True,True,False,False,True,False,False,DEFLATED,4194304,True
textures\terrain\sandd_nm.tga,Unknown,NormalExtraction,256,256,65536,1024,1024,1048576,1.0486,1024,DEFLATEDRGBA8,0,False,False,False,False,,100.0,1,0,0,0,True,True,655392,True,True,False,False,True,False,False,DEFLATED,4194304,True
textures\terrain\sandd_spec.tga,Unknown,NormalExtraction,256,256,65536,1024,1024,1048576,1.0486,1024,DEFLATEDRGBA8,0,False,False,False,False,,100.0,1,0,0,0,True,True,655392,True,True,False,False,True,False,False,DEFLATED,4194304,True
textures\terrain\sanddirt50.tga,Unknown,NormalExtraction,256,256,65536,1024,1024,1048576,1.0486,1024,DEFLATEDRGBA8,0,False,False,False,False,,100.0,1,0,0,0,True,True,655392,True,True,False,False,True,False,False,DEFLATED,4194304,True
textures\terrain\sanddirt50_gloss.tga,Unknown,NormalExtraction,256,256,65536,1024,1024,1048576,1.0486,1024,DEFLATEDRGBA8,0,False,False,False,False,,100.0,1,0,0,0,True,True,655392,True,True,False,False,True,False,False,DEFLATED,4194304,True
textures\terrain\sanddirt50_nm.tga,Unknown,NormalExtraction,256,256,65536,1024,1024,1048576,1.0486,1024,DEFLATEDRGBA8,0,False,False,False,False,,100.0,1,0,0,0,True,True,655392,True,True,False,False,True,False,False,DEFLATED,4194304,True
textures\terrain\sanddirt50_spec.tga,Unknown,NormalExtraction,256,256,65536,1024,1024,1048576,1.0486,1024,DEFLATEDRGBA8,0,False,False,False,False,,100.0,1,0,0,0,True,True,655392,True,True,False,False,True,False,False,DEFLATED,4194304,True
textures\terrain\sanddirt50b.tga,Unknown,NormalExtraction,256,256,65536,1024,1024,1048576,1.0486,1024,DEFLATEDRGBA8,0,False,False,False,False,,100.0,1,0,0,0,True,True,655392,True,True,False,False,True,False,False,DEFLATED,4194304,True
textures\terrain\sanddirt50b_gloss.tga,Unknown,NormalExtraction,256,256,65536,1024,1024,1048576,1.0486,1024,DEFLATEDRGBA8,0,False,False,False,False,,100.0,1,0,0,0,True,True,655392,True,True,False,False,True,False,False,DEFLATED,4194304,True
textures\terrain\sanddirt50b_nm.tga,Unknown,NormalExtraction,256,256,65536,1024,1024,1048576,1.0486,1024,DEFLATEDRGBA8,0,False,False,False,False,,100.0,1,0,0,0,True,True,655392,True,True,False,False,True,False,False,DEFLATED,4194304,True
textures\terrain\sanddirt50b_spec.tga,Unknown,NormalExtraction,256,256,65536,1024,1024,1048576,1.0486,1024,DEFLATEDRGBA8,0,False,False,False,False,,100.0,1,0,0,0,True,True,655392,True,True,False,False,True,False,False,DEFLATED,4194304,True
textures\terrain\sande.tga,Unknown,NormalExtraction,256,256,65536,1024,1024,1048576,1.0486,1024,DEFLATEDRGBA8,0,False,False,False,False,,100.0,1,0,0,0,True,True,655392,True,True,False,False,True,False,False,DEFLATED,4194304,True
textures\terrain\sande_gloss.tga,Unknown,NormalExtraction,256,256,65536,1024,1024,1048576,1.0486,1024,DEFLATEDRGBA8,0,False,False,False,False,,100.0,1,0,0,0,True,True,655392,True,True,False,False,True,False,False,DEFLATED,4194304,True
textures\terrain\sande_nm.tga,Unknown,NormalExtraction,256,256,65536,1024,1024,1048576,1.0486,1024,DEFLATEDRGBA8,0,False,False,False,False,,100.0,1,0,0,0,True,True,655392,True,True,False,False,True,False,False,DEFLATED,4194304,True
textures\terrain\sande_spec.tga,Unknown,NormalExtraction,256,256,65536,1024,1024,1048576,1.0486,1024,DEFLATEDRGBA8,0,False,False,False,False,,100.0,1,0,0,0,True,True,655392,True,True,False,False,True,False,False,DEFLATED,4194304,True
textures\terrain\savannaha.tga,Unknown,NormalExtraction,256,256,65536,1024,1024,1048576,1.0486,1024,DEFLATEDRGBA8,0,False,False,False,False,,100.0,1,0,0,0,True,True,655392,True,True,False,False,True,False,False,DEFLATED,4194304,True
textures\terrain\savannaha_gloss.tga,Unknown,NormalExtraction,256,256,65536,1024,1024,1048576,1.0486,1024,DEFLATEDRGBA8,0,False,False,False,False,,100.0,1,0,0,0,True,True,655392,True,True,False,False,True,False,False,DEFLATED,4194304,True
textures\terrain\savannaha_nm.tga,Unknown,NormalExtraction,256,256,65536,1024,1024,1048576,1.0486,1024,DEFLATEDRGBA8,0,False,False,False,False,,100.0,1,0,0,0,True,True,655392,True,True,False,False,True,False,False,DEFLATED,4194304,True
textures\terrain\savannaha_spec.tga,Unknown,NormalExtraction,256,256,65536,1024,1024,1048576,1.0486,1024,DEFLATEDRGBA8,0,False,False,False,False,,100.0,1,0,0,0,True,True,655392,True,True,False,False,True,False,False,DEFLATED,4194304,True
textures\terrain\savannahb.tga,Unknown,NormalExtraction,256,256,65536,1024,1024,1048576,1.0486,1024,DEFLATEDRGB8,0,False,False,False,False,,0.0,1,0,0,0,True,True,655392,True,True,False,False,True,False,False,DEFLATED,4194304,True
textures\terrain\savannahb_gloss.tga,Unknown,NormalExtraction,256,256,65536,1024,1024,1048576,1.0486,1024,DEFLATEDRGBA8,0,False,False,False,False,,100.0,1,0,0,0,True,True,655392,True,True,False,False,True,False,False,DEFLATED,4194304,True
textures\terrain\savannahb_nm.tga,Unknown,NormalExtraction,256,256,65536,1024,1024,1048576,1.0486,1024,DEFLATEDRGBA8,0,False,False,False,False,,100.0,1,0,0,0,True,True,655392,True,True,False,False,True,False,False,DEFLATED,4194304,True
textures\terrain\savannahb_spec.tga,Unknown,NormalExtraction,256,256,65536,1024,1024,1048576,1.0486,1024,DEFLATEDRGBA8,0,False,False,False,False,,100.0,1,0,0,0,True,True,655392,True,True,False,False,True,False,False,DEFLATED,4194304,True
textures\terrain\savannahc.tga,Unknown,NormalExtraction,256,256,65536,1024,1024,1048576,1.0486,1024,DEFLATEDRGBA8,0,False,False,False,False,,100.0,1,0,0,0,True,True,655392,True,True,False,False,True,False,False,DEFLATED,4194304,True
textures\terrain\savannahc_gloss.tga,Unknown,NormalExtraction,256,256,65536,1024,1024,1048576,1.0486,1024,DEFLATEDRGBA8,0,False,False,False,False,,100.0,1,0,0,0,True,True,655392,True,True,False,False,True,False,False,DEFLATED,4194304,True
textures\terrain\savannahc_nm.tga,Unknown,NormalExtraction,256,256,65536,1024,1024,1048576,1.0486,1024,DEFLATEDRGBA8,0,False,False,False,False,,100.0,1,0,0,0,True,True,655392,True,True,False,False,True,False,False,DEFLATED,4194304,True
textures\terrain\savannahc_spec.tga,Unknown,NormalExtraction,256,256,65536,1024,1024,1048576,1.0486,1024,DEFLATEDRGBA8,0,False,False,False,False,,100.0,1,0,0,0,True,True,655392,True,True,False,False,True,False,False,DEFLATED,4194304,True
textures\terrain\savannahd.tga,Unknown,NormalExtraction,256,256,65536,1024,1024,1048576,1.0486,1024,DEFLATEDRGBA8,0,False,False,False,False,,100.0,1,0,0,0,True,True,655392,True,True,False,False,True,False,False,DEFLATED,4194304,True
textures\terrain\savannahd_gloss.tga,Unknown,NormalExtraction,256,256,65536,1024,1024,1048576,1.0486,1024,DEFLATEDRGBA8,0,False,False,False,False,,100.0,1,0,0,0,True,True,655392,True,True,False,False,True,False,False,DEFLATED,4194304,True
textures\terrain\savannahd_nm.tga,Unknown,NormalExtraction,256,256,65536,1024,1024,1048576,1.0486,1024,DEFLATEDRGBA8,0,False,False,False,False,,100.0,1,0,0,0,True,True,655392,True,True,False,False,True,False,False,DEFLATED,4194304,True
textures\terrain\savannahd_spec.tga,Unknown,NormalExtraction,256,256,65536,1024,1024,1048576,1.0486,1024,DEFLATEDRGBA8,0,False,False,False,False,,100.0,1,0,0,0,True,True,655392,True,True,False,False,True,False,False,DEFLATED,4194304,True
textures\terrain\shoreline_sanda.tga,Unknown,NormalExtraction,256,256,65536,1024,1024,1048576,1.0486,1024,DEFLATEDRGBA8,0,False,False,False,False,,100.0,1,0,0,0,True,True,655392,True,True,False,False,True,False,False,DEFLATED,4194304,True
textures\terrain\shoreline_sanda_gloss.tga,Unknown,NormalExtraction,256,256,65536,1024,1024,1048576,1.0486,1024,DEFLATEDRGBA8,0,False,False,False,False,,100.0,1,0,0,0,True,True,655392,True,True,False,False,True,False,False,DEFLATED,4194304,True
textures\terrain\shoreline_sanda_nm.tga,Unknown,NormalExtraction,256,256,65536,1024,1024,1048576,1.0486,1024,DEFLATEDRGBA8,0,False,False,False,False,,100.0,1,0,0,0,True,True,655392,True,True,False,False,True,False,False,DEFLATED,4194304,True
textures\terrain\shoreline_sanda_spec.tga,Unknown,NormalExtraction,256,256,65536,1024,1024,1048576,1.0486,1024,DEFLATEDRGBA8,0,False,False,False,False,,100.0,1,0,0,0,True,True,655392,True,True,False,False,True,False,False,DEFLATED,4194304,True
textures\terrain\shorelineaegeana.tga,Unknown,NormalExtraction,256,256,65536,1024,1024,1048576,1.0486,1024,DEFLATEDRGBA8,0,False,False,False,False,,100.0,1,0,0,0,True,True,655392,True,True,False,False,True,False,False,DEFLATED,4194304,True
textures\terrain\shorelineaegeana_gloss.tga,Unknown,NormalExtraction,256,256,65536,1024,1024,1048576,1.0486,1024,DEFLATEDRGBA8,0,False,False,False,False,,100.0,1,0,0,0,True,True,655392,True,True,False,False,True,False,False,DEFLATED,4194304,True
textures\terrain\shorelineaegeana_nm.tga,Unknown,NormalExtraction,256,256,65536,1024,1024,1048576,1.0486,1024,DEFLATEDRGBA8,0,False,False,False,False,,100.0,1,0,0,0,True,True,655392,True,True,False,False,True,False,False,DEFLATED,4194304,True
textures\terrain\shorelineaegeana_spec.tga,Unknown,NormalExtraction,256,256,65536,1024,1024,1048576,1.0486,1024,DEFLATEDRGBA8,0,False,False,False,False,,100.0,1,0,0,0,True,True,655392,True,True,False,False,True,False,False,DEFLATED,4194304,True
textures\terrain\shorelineaegeanb.tga,Unknown,NormalExtraction,256,256,65536,1024,1024,1048576,1.0486,1024,DEFLATEDRGBA8,0,False,False,False,False,,100.0,1,0,0,0,True,True,655392,True,True,False,False,True,False,False,DEFLATED,4194304,True
textures\terrain\shorelineaegeanb_gloss.tga,Unknown,NormalExtraction,256,256,65536,1024,1024,1048576,1.0486,1024,DEFLATEDRGBA8,0,False,False,False,False,,100.0,1,0,0,0,True,True,655392,True,True,False,False,True,False,False,DEFLATED,4194304,True
textures\terrain\shorelineaegeanb_nm.tga,Unknown,NormalExtraction,256,256,65536,1024,1024,1048576,1.0486,1024,DEFLATEDRGBA8,0,False,False,False,False,,100.0,1,0,0,0,True,True,655392,True,True,False,False,True,False,False,DEFLATED,4194304,True
textures\terrain\shorelineaegeanb_spec.tga,Unknown,NormalExtraction,256,256,65536,1024,1024,1048576,1.0486,1024,DEFLATEDRGBA8,0,False,False,False,False,,100.0,1,0,0,0,True,True,655392,True,True,False,False,True,False,False,DEFLATED,4194304,True
textures\terrain\shorelineaegeanc.tga,Unknown,NormalExtraction,256,256,65536,1024,1024,1048576,1.0486,1024,DEFLATEDRGBA8,0,False,False,False,False,,100.0,1,0,0,0,True,True,655392,True,True,False,False,True,False,False,DEFLATED,4194304,True
textures\terrain\shorelineaegeanc_gloss.tga,Unknown,NormalExtraction,256,256,65536,1024,1024,1048576,1.0486,1024,DEFLATEDRGBA8,0,False,False,False,False,,100.0,1,0,0,0,True,True,655392,True,True,False,False,True,False,False,DEFLATED,4194304,True
textures\terrain\shorelineaegeanc_nm.tga,Unknown,NormalExtraction,256,256,65536,1024,1024,1048576,1.0486,1024,DEFLATEDRGBA8,0,False,False,False,False,,100.0,1,0,0,0,True,True,655392,True,True,False,False,True,False,False,DEFLATED,4194304,True
textures\terrain\shorelineaegeanc_spec.tga,Unknown,NormalExtraction,256,256,65536,1024,1024,1048576,1.0486,1024,DEFLATEDRGBA8,0,False,False,False,False,,100.0,1,0,0,0,True,True,655392,True,True,False,False,True,False,False,DEFLATED,4194304,True
textures\terrain\shorelineatlantica.tga,Unknown,NormalExtraction,256,256,65536,1024,1024,1048576,1.0486,1024,DEFLATEDRGBA8,0,False,False,False,False,,100.0,1,0,0,0,True,True,655392,True,True,False,False,True,False,False,DEFLATED,4194304,True
textures\terrain\shorelineatlantica_gloss.tga,Unknown,NormalExtraction,256,256,65536,1024,1024,1048576,1.0486,1024,DEFLATEDRGBA8,0,False,False,False,False,,100.0,1,0,0,0,True,True,655392,True,True,False,False,True,False,False,DEFLATED,4194304,True
textures\terrain\shorelineatlantica_nm.tga,Unknown,NormalExtraction,256,256,65536,1024,1024,1048576,1.0486,1024,DEFLATEDRGBA8,0,False,False,False,False,,100.0,1,0,0,0,True,True,655392,True,True,False,False,True,False,False,DEFLATED,4194304,True
textures\terrain\shorelineatlantica_spec.tga,Unknown,NormalExtraction,256,256,65536,1024,1024,1048576,1.0486,1024,DEFLATEDRGBA8,0,False,False,False,False,,100.0,1,0,0,0,True,True,655392,True,True,False,False,True,False,False,DEFLATED,4194304,True
textures\terrain\shorelineatlanticb.tga,Unknown,NormalExtraction,256,256,65536,1024,1024,1048576,1.0486,1024,DEFLATEDRGBA8,0,False,False,False,False,,100.0,1,0,0,0,True,True,655392,True,True,False,False,True,False,False,DEFLATED,4194304,True
textures\terrain\shorelineatlanticb_gloss.tga,Unknown,NormalExtraction,256,256,65536,1024,1024,1048576,1.0486,1024,DEFLATEDRGBA8,0,False,False,False,False,,100.0,1,0,0,0,True,True,655392,True,True,False,False,True,False,False,DEFLATED,4194304,True
textures\terrain\shorelineatlanticb_nm.tga,Unknown,NormalExtraction,256,256,65536,1024,1024,1048576,1.0486,1024,DEFLATEDRGBA8,0,False,False,False,False,,100.0,1,0,0,0,True,True,655392,True,True,False,False,True,False,False,DEFLATED,4194304,True
textures\terrain\shorelineatlanticb_spec.tga,Unknown,NormalExtraction,256,256,65536,1024,1024,1048576,1.0486,1024,DEFLATEDRGBA8,0,False,False,False,False,,100.0,1,0,0,0,True,True,655392,True,True,False,False,True,False,False,DEFLATED,4194304,True
textures\terrain\shorelineatlanticc.tga,Unknown,NormalExtraction,256,256,65536,1024,1024,1048576,1.0486,1024,DEFLATEDRGBA8,0,False,False,False,False,,100.0,1,0,0,0,True,True,655392,True,True,False,False,True,False,False,DEFLATED,4194304,True
textures\terrain\shorelineatlanticc_gloss.tga,Unknown,NormalExtraction,256,256,65536,1024,1024,1048576,1.0486,1024,DEFLATEDRGBA8,0,False,False,False,False,,100.0,1,0,0,0,True,True,655392,True,True,False,False,True,False,False,DEFLATED,4194304,True
textures\terrain\shorelineatlanticc_nm.tga,Unknown,NormalExtraction,256,256,65536,1024,1024,1048576,1.0486,1024,DEFLATEDRGBA8,0,False,False,False,False,,100.0,1,0,0,0,True,True,655392,True,True,False,False,True,False,False,DEFLATED,4194304,True
textures\terrain\shorelineatlanticc_spec.tga,Unknown,NormalExtraction,256,256,65536,1024,1024,1048576,1.0486,1024,DEFLATEDRGBA8,0,False,False,False,False,,100.0,1,0,0,0,True,True,655392,True,True,False,False,True,False,False,DEFLATED,4194304,True
textures\terrain\shorelineJungleA.tga,Unknown,NormalExtraction,256,256,65536,1024,1024,1048576,1.0486,1024,DEFLATEDRGBA8,0,False,False,False,False,,100.0,1,0,0,0,True,True,655392,True,True,False,False,True,False,False,DEFLATED,4194304,True
textures\terrain\shorelineJungleB.tga,Unknown,NormalExtraction,256,256,65536,1024,1024,1048576,1.0486,1024,DEFLATEDRGBA8,0,False,False,False,False,,100.0,1,0,0,0,True,True,655392,True,True,False,False,True,False,False,DEFLATED,4194304,True
textures\terrain\shorelineJungleC.tga,Unknown,NormalExtraction,256,256,65536,1024,1024,1048576,1.0486,1024,DEFLATEDRGBA8,0,False,False,False,False,,100.0,1,0,0,0,True,True,655392,True,True,False,False,True,False,False,DEFLATED,4194304,True
textures\terrain\shorelinemediterraneana.tga,Unknown,NormalExtraction,256,256,65536,1024,1024,1048576,1.0486,1024,DEFLATEDRGBA8,0,False,False,False,False,,100.0,1,0,0,0,True,True,655392,True,True,False,False,True,False,False,DEFLATED,4194304,True
textures\terrain\shorelinemediterraneana_gloss.tga,Unknown,NormalExtraction,256,256,65536,1024,1024,1048576,1.0486,1024,DEFLATEDRGBA8,0,False,False,False,False,,100.0,1,0,0,0,True,True,655392,True,True,False,False,True,False,False,DEFLATED,4194304,True
textures\terrain\shorelinemediterraneana_nm.tga,Unknown,NormalExtraction,256,256,65536,1024,1024,1048576,1.0486,1024,DEFLATEDRGBA8,0,False,False,False,False,,100.0,1,0,0,0,True,True,655392,True,True,False,False,True,False,False,DEFLATED,4194304,True
textures\terrain\shorelinemediterraneana_spec.tga,Unknown,NormalExtraction,256,256,65536,1024,1024,1048576,1.0486,1024,DEFLATEDRGBA8,0,False,False,False,False,,100.0,1,0,0,0,True,True,655392,True,True,False,False,True,False,False,DEFLATED,4194304,True
textures\terrain\shorelinemediterraneanb.tga,Unknown,NormalExtraction,256,256,65536,1024,1024,1048576,1.0486,1024,DEFLATEDRGBA8,0,False,False,False,False,,100.0,1,0,0,0,True,True,655392,True,True,False,False,True,False,False,DEFLATED,4194304,True
textures\terrain\shorelinemediterraneanb_gloss.tga,Unknown,NormalExtraction,256,256,65536,1024,1024,1048576,1.0486,1024,DEFLATEDRGBA8,0,False,False,False,False,,100.0,1,0,0,0,True,True,655392,True,True,False,False,True,False,False,DEFLATED,4194304,True
textures\terrain\shorelinemediterraneanb_nm.tga,Unknown,NormalExtraction,256,256,65536,1024,1024,1048576,1.0486,1024,DEFLATEDRGBA8,0,False,False,False,False,,100.0,1,0,0,0,True,True,655392,True,True,False,False,True,False,False,DEFLATED,4194304,True
textures\terrain\shorelinemediterraneanb_spec.tga,Unknown,NormalExtraction,256,256,65536,1024,1024,1048576,1.0486,1024,DEFLATEDRGBA8,0,False,False,False,False,,100.0,1,0,0,0,True,True,655392,True,True,False,False,True,False,False,DEFLATED,4194304,True
textures\terrain\shorelinemediterraneanc.tga,Unknown,NormalExtraction,256,256,65536,1024,1024,1048576,1.0486,1024,DEFLATEDRGBA8,0,False,False,False,False,,100.0,1,0,0,0,True,True,655392,True,True,False,False,True,False,False,DEFLATED,4194304,True
textures\terrain\shorelinemediterraneanc_gloss.tga,Unknown,NormalExtraction,256,256,65536,1024,1024,1048576,1.0486,1024,DEFLATEDRGBA8,0,False,False,False,False,,100.0,1,0,0,0,True,True,655392,True,True,False,False,True,False,False,DEFLATED,4194304,True
textures\terrain\shorelinemediterraneanc_nm.tga,Unknown,NormalExtraction,256,256,65536,1024,1024,1048576,1.0486,1024,DEFLATEDRGBA8,0,False,False,False,False,,100.0,1,0,0,0,True,True,655392,True,True,False,False,True,False,False,DEFLATED,4194304,True
textures\terrain\shorelinemediterraneanc_spec.tga,Unknown,NormalExtraction,256,256,65536,1024,1024,1048576,1.0486,1024,DEFLATEDRGBA8,0,False,False,False,False,,100.0,1,0,0,0,True,True,655392,True,True,False,False,True,False,False,DEFLATED,4194304,True
textures\terrain\shorelinemediterraneand.tga,Unknown,NormalExtraction,256,256,65536,1024,1024,1048576,1.0486,1024,DEFLATEDRGBA8,0,False,False,False,False,,100.0,1,0,0,0,True,True,655392,True,True,False,False,True,False,False,DEFLATED,4194304,True
textures\terrain\shorelinemediterraneand_gloss.tga,Unknown,NormalExtraction,256,256,65536,1024,1024,1048576,1.0486,1024,DEFLATEDRGBA8,0,False,False,False,False,,100.0,1,0,0,0,True,True,655392,True,True,False,False,True,False,False,DEFLATED,4194304,True
textures\terrain\shorelinemediterraneand_nm.tga,Unknown,NormalExtraction,256,256,65536,1024,1024,1048576,1.0486,1024,DEFLATEDRGBA8,0,False,False,False,False,,100.0,1,0,0,0,True,True,655392,True,True,False,False,True,False,False,DEFLATED,4194304,True
textures\terrain\shorelinemediterraneand_spec.tga,Unknown,NormalExtraction,256,256,65536,1024,1024,1048576,1.0486,1024,DEFLATEDRGBA8,0,False,False,False,False,,100.0,1,0,0,0,True,True,655392,True,True,False,False,True,False,False,DEFLATED,4194304,True
textures\terrain\shorelinenorwegiana.tga,Unknown,NormalExtraction,256,256,65536,1024,1024,1048576,1.0486,1024,DEFLATEDRGBA8,0,False,False,False,False,,100.0,1,0,0,0,True,True,655392,True,True,False,False,True,False,False,DEFLATED,4194304,True
textures\terrain\shorelinenorwegiana_gloss.tga,Unknown,NormalExtraction,256,256,65536,1024,1024,1048576,1.0486,1024,DEFLATEDRGBA8,0,False,False,False,False,,100.0,1,0,0,0,True,True,655392,True,True,False,False,True,False,False,DEFLATED,4194304,True
textures\terrain\shorelinenorwegiana_nm.tga,Unknown,NormalExtraction,256,256,65536,1024,1024,1048576,1.0486,1024,DEFLATEDRGBA8,0,False,False,False,False,,100.0,1,0,0,0,True,True,655392,True,True,False,False,True,False,False,DEFLATED,4194304,True
textures\terrain\shorelinenorwegiana_spec.tga,Unknown,NormalExtraction,256,256,65536,1024,1024,1048576,1.0486,1024,DEFLATEDRGBA8,0,False,False,False,False,,100.0,1,0,0,0,True,True,655392,True,True,False,False,True,False,False,DEFLATED,4194304,True
textures\terrain\shorelinenorwegianb.tga,Unknown,NormalExtraction,256,256,65536,1024,1024,1048576,1.0486,1024,DEFLATEDRGBA8,0,False,False,False,False,,100.0,1,0,0,0,True,True,655392,True,True,False,False,True,False,False,DEFLATED,4194304,True
textures\terrain\shorelinenorwegianb_gloss.tga,Unknown,NormalExtraction,256,256,65536,1024,1024,1048576,1.0486,1024,DEFLATEDRGBA8,0,False,False,False,False,,100.0,1,0,0,0,True,True,655392,True,True,False,False,True,False,False,DEFLATED,4194304,True
textures\terrain\shorelinenorwegianb_nm.tga,Unknown,NormalExtraction,256,256,65536,1024,1024,1048576,1.0486,1024,DEFLATEDRGBA8,0,False,False,False,False,,100.0,1,0,0,0,True,True,655392,True,True,False,False,True,False,False,DEFLATED,4194304,True
textures\terrain\shorelinenorwegianb_spec.tga,Unknown,NormalExtraction,256,256,65536,1024,1024,1048576,1.0486,1024,DEFLATEDRGBA8,0,False,False,False,False,,100.0,1,0,0,0,True,True,655392,True,True,False,False,True,False,False,DEFLATED,4194304,True
textures\terrain\shorelinenorwegianc.tga,Unknown,NormalExtraction,256,256,65536,1024,1024,1048576,1.0486,1024,DEFLATEDRGBA8,0,False,False,False,False,,100.0,1,0,0,0,True,True,655392,True,True,False,False,True,False,False,DEFLATED,4194304,True
textures\terrain\shorelinenorwegianc_gloss.tga,Unknown,NormalExtraction,256,256,65536,1024,1024,1048576,1.0486,1024,DEFLATEDRGBA8,0,False,False,False,False,,100.0,1,0,0,0,True,True,655392,True,True,False,False,True,False,False,DEFLATED,4194304,True
textures\terrain\shorelinenorwegianc_nm.tga,Unknown,NormalExtraction,256,256,65536,1024,1024,1048576,1.0486,1024,DEFLATEDRGBA8,0,False,False,False,False,,100.0,1,0,0,0,True,True,655392,True,True,False,False,True,False,False,DEFLATED,4194304,True
textures\terrain\shorelinenorwegianc_spec.tga,Unknown,NormalExtraction,256,256,65536,1024,1024,1048576,1.0486,1024,DEFLATEDRGBA8,0,False,False,False,False,,100.0,1,0,0,0,True,True,655392,True,True,False,False,True,False,False,DEFLATED,4194304,True
textures\terrain\shorelinePlainA.tga,Unknown,NormalExtraction,256,256,65536,1024,1024,1048576,1.0486,1024,DEFLATEDRGBA8,0,False,False,False,False,,100.0,1,0,0,0,True,True,655392,True,True,False,False,True,False,False,DEFLATED,4194304,True
textures\terrain\shorelinePlainB.tga,Unknown,NormalExtraction,256,256,65536,1024,1024,1048576,1.0486,1024,DEFLATEDRGBA8,0,False,False,False,False,,100.0,1,0,0,0,True,True,655392,True,True,False,False,True,False,False,DEFLATED,4194304,True
textures\terrain\shorelinePlainC.tga,Unknown,NormalExtraction,256,256,65536,1024,1024,1048576,1.0486,1024,DEFLATEDRGBA8,0,False,False,False,False,,100.0,1,0,0,0,True,True,655392,True,True,False,False,True,False,False,DEFLATED,4194304,True
textures\terrain\shorelinePlainD.tga,Unknown,NormalExtraction,256,256,65536,1024,1024,1048576,1.0486,1024,DEFLATEDRGBA8,0,False,False,False,False,,100.0,1,0,0,0,True,True,655392,True,True,False,False,True,False,False,DEFLATED,4194304,True
textures\terrain\shorelineredseaa.tga,Unknown,NormalExtraction,256,256,65536,1024,1024,1048576,1.0486,1024,DEFLATEDRGBA8,0,False,False,False,False,,100.0,1,0,0,0,True,True,655392,True,True,False,False,True,False,False,DEFLATED,4194304,True
textures\terrain\shorelineredseaa_gloss.tga,Unknown,NormalExtraction,256,256,65536,1024,1024,1048576,1.0486,1024,DEFLATEDRGBA8,0,False,False,False,False,,100.0,1,0,0,0,True,True,655392,True,True,False,False,True,False,False,DEFLATED,4194304,True
textures\terrain\shorelineredseaa_nm.tga,Unknown,NormalExtraction,256,256,65536,1024,1024,1048576,1.0486,1024,DEFLATEDRGBA8,0,False,False,False,False,,100.0,1,0,0,0,True,True,655392,True,True,False,False,True,False,False,DEFLATED,4194304,True
textures\terrain\shorelineredseaa_spec.tga,Unknown,NormalExtraction,256,256,65536,1024,1024,1048576,1.0486,1024,DEFLATEDRGBA8,0,False,False,False,False,,100.0,1,0,0,0,True,True,655392,True,True,False,False,True,False,False,DEFLATED,4194304,True
textures\terrain\shorelineredseab.tga,Unknown,NormalExtraction,256,256,65536,1024,1024,1048576,1.0486,1024,DEFLATEDRGBA8,0,False,False,False,False,,100.0,1,0,0,0,True,True,655392,True,True,False,False,True,False,False,DEFLATED,4194304,True
textures\terrain\shorelineredseab_gloss.tga,Unknown,NormalExtraction,256,256,65536,1024,1024,1048576,1.0486,1024,DEFLATEDRGBA8,0,False,False,False,False,,100.0,1,0,0,0,True,True,655392,True,True,False,False,True,False,False,DEFLATED,4194304,True
textures\terrain\shorelineredseab_nm.tga,Unknown,NormalExtraction,256,256,65536,1024,1024,1048576,1.0486,1024,DEFLATEDRGBA8,0,False,False,False,False,,100.0,1,0,0,0,True,True,655392,True,True,False,False,True,False,False,DEFLATED,4194304,True
textures\terrain\shorelineredseab_spec.tga,Unknown,NormalExtraction,256,256,65536,1024,1024,1048576,1.0486,1024,DEFLATEDRGBA8,0,False,False,False,False,,100.0,1,0,0,0,True,True,655392,True,True,False,False,True,False,False,DEFLATED,4194304,True
textures\terrain\shorelineredseac.tga,Unknown,NormalExtraction,256,256,65536,1024,1024,1048576,1.0486,1024,DEFLATEDRGBA8,0,False,False,False,False,,100.0,1,0,0,0,True,True,655392,True,True,False,False,True,False,False,DEFLATED,4194304,True
textures\terrain\shorelineredseac_gloss.tga,Unknown,NormalExtraction,256,256,65536,1024,1024,1048576,1.0486,1024,DEFLATEDRGBA8,0,False,False,False,False,,100.0,1,0,0,0,True,True,655392,True,True,False,False,True,False,False,DEFLATED,4194304,True
textures\terrain\shorelineredseac_nm.tga,Unknown,NormalExtraction,256,256,65536,1024,1024,1048576,1.0486,1024,DEFLATEDRGBA8,0,False,False,False,False,,100.0,1,0,0,0,True,True,655392,True,True,False,False,True,False,False,DEFLATED,4194304,True
textures\terrain\shorelineredseac_spec.tga,Unknown,NormalExtraction,256,256,65536,1024,1024,1048576,1.0486,1024,DEFLATEDRGBA8,0,False,False,False,False,,100.0,1,0,0,0,True,True,655392,True,True,False,False,True,False,False,DEFLATED,4194304,True
textures\terrain\shorelinesanda.tga,Unknown,NormalExtraction,256,256,65536,1024,1024,1048576,1.0486,1024,DEFLATEDRGBA8,0,False,False,False,False,,100.0,1,0,0,0,True,True,655392,True,True,False,False,True,False,False,DEFLATED,4194304,True
textures\terrain\shorelinesanda_gloss.tga,Unknown,NormalExtraction,256,256,65536,1024,1024,1048576,1.0486,1024,DEFLATEDRGB8,0,False,False,False,False,,0.0,1,0,0,0,True,True,655392,True,True,False,False,True,False,False,DEFLATED,4194304,True
textures\terrain\shorelinesanda_nm.tga,Unknown,NormalExtraction,256,256,65536,1024,1024,1048576,1.0486,1024,DEFLATEDRGBA8,0,False,False,False,False,,100.0,1,0,0,0,True,True,655392,True,True,False,False,True,False,False,DEFLATED,4194304,True
textures\terrain\shorelinesanda_spec.tga,Unknown,NormalExtraction,256,256,65536,1024,1024,1048576,1.0486,1024,DEFLATEDRGB8,0,False,False,False,False,,0.0,1,0,0,0,True,True,655392,True,True,False,False,True,False,False,DEFLATED,4194304,True
textures\terrain\shorelinetundraa.tga,Unknown,NormalExtraction,256,256,65536,1024,1024,1048576,1.0486,1024,DEFLATEDRGBA8,0,False,False,False,False,,100.0,1,0,0,0,True,True,655392,True,True,False,False,True,False,False,DEFLATED,4194304,True
textures\terrain\shorelinetundraa_gloss.tga,Unknown,NormalExtraction,256,256,65536,1024,1024,1048576,1.0486,1024,DEFLATEDRGBA8,0,False,False,False,False,,100.0,1,0,0,0,True,True,655392,True,True,False,False,True,False,False,DEFLATED,4194304,True
textures\terrain\shorelinetundraa_nm.tga,Unknown,NormalExtraction,256,256,65536,1024,1024,1048576,1.0486,1024,DEFLATEDRGBA8,0,False,False,False,False,,100.0,1,0,0,0,True,True,655392,True,True,False,False,True,False,False,DEFLATED,4194304,True
textures\terrain\shorelinetundraa_spec.tga,Unknown,NormalExtraction,256,256,65536,1024,1024,1048576,1.0486,1024,DEFLATEDRGBA8,0,False,False,False,False,,100.0,1,0,0,0,True,True,655392,True,True,False,False,True,False,False,DEFLATED,4194304,True
textures\terrain\shorelinetundrab.tga,Unknown,NormalExtraction,256,256,65536,1024,1024,1048576,1.0486,1024,DEFLATEDRGBA8,0,False,False,False,False,,100.0,1,0,0,0,True,True,655392,True,True,False,False,True,False,False,DEFLATED,4194304,True
textures\terrain\shorelinetundrab_gloss.tga,Unknown,NormalExtraction,256,256,65536,1024,1024,1048576,1.0486,1024,DEFLATEDRGBA8,0,False,False,False,False,,100.0,1,0,0,0,True,True,655392,True,True,False,False,True,False,False,DEFLATED,4194304,True
textures\terrain\shorelinetundrab_nm.tga,Unknown,NormalExtraction,256,256,65536,1024,1024,1048576,1.0486,1024,DEFLATEDRGBA8,0,False,False,False,False,,100.0,1,0,0,0,True,True,655392,True,True,False,False,True,False,False,DEFLATED,4194304,True
textures\terrain\shorelinetundrab_spec.tga,Unknown,NormalExtraction,256,256,65536,1024,1024,1048576,1.0486,1024,DEFLATEDRGBA8,0,False,False,False,False,,100.0,1,0,0,0,True,True,655392,True,True,False,False,True,False,False,DEFLATED,4194304,True
textures\terrain\shorelinetundrac.tga,Unknown,NormalExtraction,256,256,65536,1024,1024,1048576,1.0486,1024,DEFLATEDRGBA8,0,False,False,False,False,,100.0,1,0,0,0,True,True,655392,True,True,False,False,True,False,False,DEFLATED,4194304,True
textures\terrain\shorelinetundrac_gloss.tga,Unknown,NormalExtraction,256,256,65536,1024,1024,1048576,1.0486,1024,DEFLATEDRGBA8,0,False,False,False,False,,100.0,1,0,0,0,True,True,655392,True,True,False,False,True,False,False,DEFLATED,4194304,True
textures\terrain\shorelinetundrac_nm.tga,Unknown,NormalExtraction,256,256,65536,1024,1024,1048576,1.0486,1024,DEFLATEDRGBA8,0,False,False,False,False,,100.0,1,0,0,0,True,True,655392,True,True,False,False,True,False,False,DEFLATED,4194304,True
textures\terrain\shorelinetundrac_spec.tga,Unknown,NormalExtraction,256,256,65536,1024,1024,1048576,1.0486,1024,DEFLATEDRGB8,0,False,False,False,False,,0.0,1,0,0,0,True,True,655392,True,True,False,False,True,False,False,DEFLATED,4194304,True
textures\terrain\shorelinetundrad.tga,Unknown,NormalExtraction,256,256,65536,1024,1024,1048576,1.0486,1024,DEFLATEDRGBA8,0,False,False,False,False,,100.0,1,0,0,0,True,True,655392,True,True,False,False,True,False,False,DEFLATED,4194304,True
textures\terrain\shorelinetundrad_gloss.tga,Unknown,NormalExtraction,256,256,65536,1024,1024,1048576,1.0486,1024,DEFLATEDRGBA8,0,False,False,False,False,,100.0,1,0,0,0,True,True,655392,True,True,False,False,True,False,False,DEFLATED,4194304,True
textures\terrain\shorelinetundrad_nm.tga,Unknown,NormalExtraction,256,256,65536,1024,1024,1048576,1.0486,1024,DEFLATEDRGBA8,0,False,False,False,False,,100.0,1,0,0,0,True,True,655392,True,True,False,False,True,False,False,DEFLATED,4194304,True
textures\terrain\shorelinetundrad_spec.tga,Unknown,NormalExtraction,256,256,65536,1024,1024,1048576,1.0486,1024,DEFLATEDRGB8,0,False,False,False,False,,0.0,1,0,0,0,True,True,655392,True,True,False,False,True,False,False,DEFLATED,4194304,True
textures\terrain\sling rocka.tga,Unknown,NormalExtraction,256,256,65536,1024,1024,1048576,1.0486,1024,DEFLATEDRGBA8,0,False,False,False,False,,100.0,1,0,0,0,True,True,655392,True,True,False,False,True,False,False,DEFLATED,4194304,True
textures\terrain\sling rocka_gloss.tga,Unknown,NormalExtraction,256,256,65536,1024,1024,1048576,1.0486,1024,DEFLATEDRGBA8,0,False,False,False,False,,100.0,1,0,0,0,True,True,655392,True,True,False,False,True,False,False,DEFLATED,4194304,True
textures\terrain\sling rocka_nm.tga,Unknown,NormalExtraction,256,256,65536,1024,1024,1048576,1.0486,1024,DEFLATEDRGBA8,0,False,False,False,False,,100.0,1,0,0,0,True,True,655392,True,True,False,False,True,False,False,DEFLATED,4194304,True
textures\terrain\sling rocka_spec.tga,Unknown,NormalExtraction,256,256,65536,1024,1024,1048576,1.0486,1024,DEFLATEDRGBA8,0,False,False,False,False,,100.0,1,0,0,0,True,True,655392,True,True,False,False,True,False,False,DEFLATED,4194304,True
textures\terrain\snowa.tga,Unknown,NormalExtraction,256,256,65536,1024,1024,1048576,1.0486,1024,DEFLATEDRGBA8,0,False,False,False,False,,100.0,1,0,0,0,True,True,655392,True,True,False,False,True,False,False,DEFLATED,4194304,True
textures\terrain\snowa_gloss.tga,Unknown,NormalExtraction,256,256,65536,1024,1024,1048576,1.0486,1024,DEFLATEDRGBA8,0,False,False,False,False,,100.0,1,0,0,0,True,True,655392,True,True,False,False,True,False,False,DEFLATED,4194304,True
textures\terrain\snowa_nm.tga,Unknown,NormalExtraction,256,256,65536,1024,1024,1048576,1.0486,1024,DEFLATEDRGBA8,0,False,False,False,False,,100.0,1,0,0,0,True,True,655392,True,True,False,False,True,False,False,DEFLATED,4194304,True
textures\terrain\snowa_spec.tga,Unknown,NormalExtraction,256,256,65536,1024,1024,1048576,1.0486,1024,DEFLATEDRGBA8,0,False,False,False,False,,100.0,1,0,0,0,True,True,655392,True,True,False,False,True,False,False,DEFLATED,4194304,True
textures\terrain\snowb.tga,Unknown,NormalExtraction,256,256,65536,1024,1024,1048576,1.0486,1024,DEFLATEDRGBA8,0,False,False,False,False,,100.0,1,0,0,0,True,True,655392,True,True,False,False,True,False,False,DEFLATED,4194304,True
textures\terrain\snowb_gloss.tga,Unknown,NormalExtraction,256,256,65536,1024,1024,1048576,1.0486,1024,DEFLATEDRGBA8,0,False,False,False,False,,100.0,1,0,0,0,True,True,655392,True,True,False,False,True,False,False,DEFLATED,4194304,True
textures\terrain\snowb_nm.tga,Unknown,NormalExtraction,256,256,65536,1024,1024,1048576,1.0486,1024,DEFLATEDRGBA8,0,False,False,False,False,,100.0,1,0,0,0,True,True,655392,True,True,False,False,True,False,False,DEFLATED,4194304,True
textures\terrain\snowb_spec.tga,Unknown,NormalExtraction,256,256,65536,1024,1024,1048576,1.0486,1024,DEFLATEDRGBA8,0,False,False,False,False,,100.0,1,0,0,0,True,True,655392,True,True,False,False,True,False,False,DEFLATED,4194304,True
textures\terrain\snowgrass25.tga,Unknown,NormalExtraction,256,256,65536,1024,1024,1048576,1.0486,1024,DEFLATEDRGBA8,0,False,False,False,False,,100.0,1,0,0,0,True,True,655392,True,True,False,False,True,False,False,DEFLATED,4194304,True
textures\terrain\snowgrass25_gloss.tga,Unknown,NormalExtraction,256,256,65536,1024,1024,1048576,1.0486,1024,DEFLATEDRGBA8,0,False,False,False,False,,100.0,1,0,0,0,True,True,655392,True,True,False,False,True,False,False,DEFLATED,4194304,True
textures\terrain\snowgrass25_nm.tga,Unknown,NormalExtraction,256,256,65536,1024,1024,1048576,1.0486,1024,DEFLATEDRGBA8,0,False,False,False,False,,100.0,1,0,0,0,True,True,655392,True,True,False,False,True,False,False,DEFLATED,4194304,True
textures\terrain\snowgrass25_spec.tga,Unknown,NormalExtraction,256,256,65536,1024,1024,1048576,1.0486,1024,DEFLATEDRGBA8,0,False,False,False,False,,100.0,1,0,0,0,True,True,655392,True,True,False,False,True,False,False,DEFLATED,4194304,True
textures\terrain\snowgrass50.tga,Unknown,NormalExtraction,256,256,65536,1024,1024,1048576,1.0486,1024,DEFLATEDRGBA8,0,False,False,False,False,,100.0,1,0,0,0,True,True,655392,True,True,False,False,True,False,False,DEFLATED,4194304,True
textures\terrain\snowgrass50_gloss.tga,Unknown,NormalExtraction,256,256,65536,1024,1024,1048576,1.0486,1024,DEFLATEDRGBA8,0,False,False,False,False,,100.0,1,0,0,0,True,True,655392,True,True,False,False,True,False,False,DEFLATED,4194304,True
textures\terrain\snowgrass50_nm.tga,Unknown,NormalExtraction,256,256,65536,1024,1024,1048576,1.0486,1024,DEFLATEDRGBA8,0,False,False,False,False,,100.0,1,0,0,0,True,True,655392,True,True,False,False,True,False,False,DEFLATED,4194304,True
textures\terrain\snowgrass50_spec.tga,Unknown,NormalExtraction,256,256,65536,1024,1024,1048576,1.0486,1024,DEFLATEDRGBA8,0,False,False,False,False,,100.0,1,0,0,0,True,True,655392,True,True,False,False,True,False,False,DEFLATED,4194304,True
textures\terrain\snowgrass75.tga,Unknown,NormalExtraction,256,256,65536,1024,1024,1048576,1.0486,1024,DEFLATEDRGBA8,0,False,False,False,False,,100.0,1,0,0,0,True,True,655392,True,True,False,False,True,False,False,DEFLATED,4194304,True
textures\terrain\snowgrass75_gloss.tga,Unknown,NormalExtraction,256,256,65536,1024,1024,1048576,1.0486,1024,DEFLATEDRGBA8,0,False,False,False,False,,100.0,1,0,0,0,True,True,655392,True,True,False,False,True,False,False,DEFLATED,4194304,True
textures\terrain\snowgrass75_nm.tga,Unknown,NormalExtraction,256,256,65536,1024,1024,1048576,1.0486,1024,DEFLATEDRGBA8,0,False,False,False,False,,100.0,1,0,0,0,True,True,655392,True,True,False,False,True,False,False,DEFLATED,4194304,True
textures\terrain\snowgrass75_spec.tga,Unknown,NormalExtraction,256,256,65536,1024,1024,1048576,1.0486,1024,DEFLATEDRGBA8,0,False,False,False,False,,100.0,1,0,0,0,True,True,655392,True,True,False,False,True,False,False,DEFLATED,4194304,True
textures\terrain\snowsand25.tga,Unknown,NormalExtraction,256,256,65536,1024,1024,1048576,1.0486,1024,DEFLATEDRGBA8,0,False,False,False,False,,100.0,1,0,0,0,True,True,655392,True,True,False,False,True,False,False,DEFLATED,4194304,True
textures\terrain\snowsand25_gloss.tga,Unknown,NormalExtraction,256,256,65536,1024,1024,1048576,1.0486,1024,DEFLATEDRGBA8,0,False,False,False,False,,100.0,1,0,0,0,True,True,655392,True,True,False,False,True,False,False,DEFLATED,4194304,True
textures\terrain\snowsand25_nm.tga,Unknown,NormalExtraction,256,256,65536,1024,1024,1048576,1.0486,1024,DEFLATEDRGBA8,0,False,False,False,False,,100.0,1,0,0,0,True,True,655392,True,True,False,False,True,False,False,DEFLATED,4194304,True
textures\terrain\snowsand25_spec.tga,Unknown,NormalExtraction,256,256,65536,1024,1024,1048576,1.0486,1024,DEFLATEDRGBA8,0,False,False,False,False,,100.0,1,0,0,0,True,True,655392,True,True,False,False,True,False,False,DEFLATED,4194304,True
textures\terrain\snowsand50.tga,Unknown,NormalExtraction,256,256,65536,1024,1024,1048576,1.0486,1024,DEFLATEDRGBA8,0,False,False,False,False,,100.0,1,0,0,0,True,True,655392,True,True,False,False,True,False,False,DEFLATED,4194304,True
textures\terrain\snowsand50_gloss.tga,Unknown,NormalExtraction,256,256,65536,1024,1024,1048576,1.0486,1024,DEFLATEDRGBA8,0,False,False,False,False,,100.0,1,0,0,0,True,True,655392,True,True,False,False,True,False,False,DEFLATED,4194304,True
textures\terrain\snowsand50_nm.tga,Unknown,NormalExtraction,256,256,65536,1024,1024,1048576,1.0486,1024,DEFLATEDRGBA8,0,False,False,False,False,,100.0,1,0,0,0,True,True,655392,True,True,False,False,True,False,False,DEFLATED,4194304,True
textures\terrain\snowsand50_spec.tga,Unknown,NormalExtraction,256,256,65536,1024,1024,1048576,1.0486,1024,DEFLATEDRGBA8,0,False,False,False,False,,100.0,1,0,0,0,True,True,655392,True,True,False,False,True,False,False,DEFLATED,4194304,True
textures\terrain\snowsand75.tga,Unknown,NormalExtraction,256,256,65536,1024,1024,1048576,1.0486,1024,DEFLATEDRGBA8,0,False,False,False,False,,100.0,1,0,0,0,True,True,655392,True,True,False,False,True,False,False,DEFLATED,4194304,True
textures\terrain\snowsand75_gloss.tga,Unknown,NormalExtraction,256,256,65536,1024,1024,1048576,1.0486,1024,DEFLATEDRGBA8,0,False,False,False,False,,100.0,1,0,0,0,True,True,655392,True,True,False,False,True,False,False,DEFLATED,4194304,True
textures\terrain\snowsand75_nm.tga,Unknown,NormalExtraction,256,256,65536,1024,1024,1048576,1.0486,1024,DEFLATEDRGBA8,0,False,False,False,False,,100.0,1,0,0,0,True,True,655392,True,True,False,False,True,False,False,DEFLATED,4194304,True
textures\terrain\snowsand75_spec.tga,Unknown,NormalExtraction,256,256,65536,1024,1024,1048576,1.0486,1024,DEFLATEDRGBA8,0,False,False,False,False,,100.0,1,0,0,0,True,True,655392,True,True,False,False,True,False,False,DEFLATED,4194304,True
textures\terrain\terrain_tornadopath.tga,Unknown,NormalExtraction,256,256,65536,1024,1024,1048576,1.0486,1024,DEFLATEDRGBA8,0,False,False,False,False,,100.0,1,0,0,0,True,True,655392,True,True,False,False,True,False,False,DEFLATED,4194304,True
textures\terrain\terrain_tornadopath_gloss.tga,Unknown,NormalExtraction,256,256,65536,1024,1024,1048576,1.0486,1024,DEFLATEDRGBA8,0,False,False,False,False,,100.0,1,0,0,0,True,True,655392,True,True,False,False,True,False,False,DEFLATED,4194304,True
textures\terrain\terrain_tornadopath_nm.tga,Unknown,NormalExtraction,256,256,65536,1024,1024,1048576,1.0486,1024,DEFLATEDRGBA8,0,False,False,False,False,,100.0,1,0,0,0,True,True,655392,True,True,False,False,True,False,False,DEFLATED,4194304,True
textures\terrain\terrain_tornadopath_spec.tga,Unknown,NormalExtraction,256,256,65536,1024,1024,1048576,1.0486,1024,DEFLATEDRGBA8,0,False,False,False,False,,100.0,1,0,0,0,True,True,655392,True,True,False,False,True,False,False,DEFLATED,4194304,True
textures\terrain\testwaterbh.tga,Unknown,NormalExtraction,256,256,65536,1024,1024,1048576,1.0486,1024,DEFLATEDRGBA8,0,False,False,False,False,,100.0,1,0,0,0,True,True,655392,True,True,False,False,True,False,False,DEFLATED,4194304,True
textures\terrain\testwaterbh_gloss.tga,Unknown,NormalExtraction,256,256,65536,1024,1024,1048576,1.0486,1024,DEFLATEDRGBA8,0,False,False,False,False,,100.0,1,0,0,0,True,True,655392,True,True,False,False,True,False,False,DEFLATED,4194304,True
textures\terrain\testwaterbh_nm.tga,Unknown,NormalExtraction,256,256,65536,1024,1024,1048576,1.0486,1024,DEFLATEDRGBA8,0,False,False,False,False,,100.0,1,0,0,0,True,True,655392,True,True,False,False,True,False,False,DEFLATED,4194304,True
textures\terrain\testwaterbh_spec.tga,Unknown,NormalExtraction,256,256,65536,1024,1024,1048576,1.0486,1024,DEFLATEDRGBA8,0,False,False,False,False,,100.0,1,0,0,0,True,True,655392,True,True,False,False,True,False,False,DEFLATED,4194304,True
textures\terrain\tundragrassa.tga,Unknown,NormalExtraction,256,256,65536,1024,1024,1048576,1.0486,1024,DEFLATEDRGBA8,0,False,False,False,False,,100.0,1,0,0,0,True,True,655392,True,True,False,False,True,False,False,DEFLATED,4194304,True
textures\terrain\tundragrassa_gloss.tga,Unknown,NormalExtraction,256,256,65536,1024,1024,1048576,1.0486,1024,DEFLATEDRGBA8,0,False,False,False,False,,100.0,1,0,0,0,True,True,655392,True,True,False,False,True,False,False,DEFLATED,4194304,True
textures\terrain\tundragrassa_nm.tga,Unknown,NormalExtraction,256,256,65536,1024,1024,1048576,1.0486,1024,DEFLATEDRGBA8,0,False,False,False,False,,100.0,1,0,0,0,True,True,655392,True,True,False,False,True,False,False,DEFLATED,4194304,True
textures\terrain\tundragrassa_spec.tga,Unknown,NormalExtraction,256,256,65536,1024,1024,1048576,1.0486,1024,DEFLATEDRGBA8,0,False,False,False,False,,100.0,1,0,0,0,True,True,655392,True,True,False,False,True,False,False,DEFLATED,4194304,True
textures\terrain\tundragrassb.tga,Unknown,NormalExtraction,256,256,65536,1024,1024,1048576,1.0486,1024,DEFLATEDRGBA8,0,False,False,False,False,,100.0,1,0,0,0,True,True,655392,True,True,False,False,True,False,False,DEFLATED,4194304,True
textures\terrain\tundragrassb_gloss.tga,Unknown,NormalExtraction,256,256,65536,1024,1024,1048576,1.0486,1024,DEFLATEDRGBA8,0,False,False,False,False,,100.0,1,0,0,0,True,True,655392,True,True,False,False,True,False,False,DEFLATED,4194304,True
textures\terrain\tundragrassb_nm.tga,Unknown,NormalExtraction,256,256,65536,1024,1024,1048576,1.0486,1024,DEFLATEDRGBA8,0,False,False,False,False,,100.0,1,0,0,0,True,True,655392,True,True,False,False,True,False,False,DEFLATED,4194304,True
textures\terrain\tundragrassb_spec.tga,Unknown,NormalExtraction,256,256,65536,1024,1024,1048576,1.0486,1024,DEFLATEDRGBA8,0,False,False,False,False,,100.0,1,0,0,0,True,True,655392,True,True,False,False,True,False,False,DEFLATED,4194304,True
textures\terrain\tundraRoadA.tga,Unknown,NormalExtraction,256,256,65536,1024,1024,1048576,1.0486,1024,DEFLATEDRGBA8,0,False,False,False,False,,100.0,1,0,0,0,True,True,655392,True,True,False,False,True,False,False,DEFLATED,4194304,True
textures\terrain\tundrarocka.tga,Unknown,NormalExtraction,256,256,65536,1024,1024,1048576,1.0486,1024,DEFLATEDRGBA8,0,False,False,False,False,,100.0,1,0,0,0,True,True,655392,True,True,False,False,True,False,False,DEFLATED,4194304,True
textures\terrain\tundrarocka_gloss.tga,Unknown,NormalExtraction,256,256,65536,1024,1024,1048576,1.0486,1024,DEFLATEDRGBA8,0,False,False,False,False,,100.0,1,0,0,0,True,True,655392,True,True,False,False,True,False,False,DEFLATED,4194304,True
textures\terrain\tundrarocka_nm.tga,Unknown,NormalExtraction,256,256,65536,1024,1024,1048576,1.0486,1024,DEFLATEDRGBA8,0,False,False,False,False,,100.0,1,0,0,0,True,True,655392,True,True,False,False,True,False,False,DEFLATED,4194304,True
textures\terrain\tundrarocka_spec.tga,Unknown,NormalExtraction,256,256,65536,1024,1024,1048576,1.0486,1024,DEFLATEDRGBA8,0,False,False,False,False,,100.0,1,0,0,0,True,True,655392,True,True,False,False,True,False,False,DEFLATED,4194304,True
textures\terrain\tundrarockb.tga,Unknown,NormalExtraction,256,256,65536,1024,1024,1048576,1.0486,1024,DEFLATEDRGBA8,0,False,False,False,False,,100.0,1,0,0,0,True,True,655392,True,True,False,False,True,False,False,DEFLATED,4194304,True
textures\terrain\tundrarockb_gloss.tga,Unknown,NormalExtraction,256,256,65536,1024,1024,1048576,1.0486,1024,DEFLATEDRGBA8,0,False,False,False,False,,100.0,1,0,0,0,True,True,655392,True,True,False,False,True,False,False,DEFLATED,4194304,True
textures\terrain\tundrarockb_nm.tga,Unknown,NormalExtraction,256,256,65536,1024,1024,1048576,1.0486,1024,DEFLATEDRGBA8,0,False,False,False,False,,100.0,1,0,0,0,True,True,655392,True,True,False,False,True,False,False,DEFLATED,4194304,True
textures\terrain\tundrarockb_spec.tga,Unknown,NormalExtraction,256,256,65536,1024,1024,1048576,1.0486,1024,DEFLATEDRGBA8,0,False,False,False,False,,100.0,1,0,0,0,True,True,655392,True,True,False,False,True,False,False,DEFLATED,4194304,True
textures\terrain\underwatericea.tga,Unknown,NormalExtraction,256,256,65536,1024,1024,1048576,1.0486,1024,DEFLATEDRGBA8,0,False,False,False,False,,100.0,1,0,0,0,True,True,655392,True,True,False,False,True,False,False,DEFLATED,4194304,True
textures\terrain\underwatericea_gloss.tga,Unknown,NormalExtraction,256,256,65536,1024,1024,1048576,1.0486,1024,DEFLATEDRGBA8,0,False,False,False,False,,100.0,1,0,0,0,True,True,655392,True,True,False,False,True,False,False,DEFLATED,4194304,True
textures\terrain\underwatericea_nm.tga,Unknown,NormalExtraction,256,256,65536,1024,1024,1048576,1.0486,1024,DEFLATEDRGBA8,0,False,False,False,False,,100.0,1,0,0,0,True,True,655392,True,True,False,False,True,False,False,DEFLATED,4194304,True
textures\terrain\underwatericea_spec.tga,Unknown,NormalExtraction,256,256,65536,1024,1024,1048576,1.0486,1024,DEFLATEDRGBA8,0,False,False,False,False,,100.0,1,0,0,0,True,True,655392,True,True,False,False,True,False,False,DEFLATED,4194304,True
textures\terrain\underwatericeb.tga,Unknown,NormalExtraction,256,256,65536,1024,1024,1048576,1.0486,1024,DEFLATEDRGBA8,0,False,False,False,False,,100.0,1,0,0,0,True,True,655392,True,True,False,False,True,False,False,DEFLATED,4194304,True
textures\terrain\underwatericeb_gloss.tga,Unknown,NormalExtraction,256,256,65536,1024,1024,1048576,1.0486,1024,DEFLATEDRGB8,0,False,False,False,False,,0.0,1,0,0,0,True,True,655392,True,True,False,False,True,False,False,DEFLATED,4194304,True
textures\terrain\underwatericeb_nm.tga,Unknown,NormalExtraction,256,256,65536,1024,1024,1048576,1.0486,1024,DEFLATEDRGBA8,0,False,False,False,False,,100.0,1,0,0,0,True,True,655392,True,True,False,False,True,False,False,DEFLATED,4194304,True
textures\terrain\underwatericeb_spec.tga,Unknown,NormalExtraction,256,256,65536,1024,1024,1048576,1.0486,1024,DEFLATEDRGBA8,0,False,False,False,False,,100.0,1,0,0,0,True,True,655392,True,True,False,False,True,False,False,DEFLATED,4194304,True
textures\terrain\underwatericec.tga,Unknown,NormalExtraction,256,256,65536,1024,1024,1048576,1.0486,1024,DEFLATEDRGBA8,0,False,False,False,False,,100.0,1,0,0,0,True,True,655392,True,True,False,False,True,False,False,DEFLATED,4194304,True
textures\terrain\underwatericec_gloss.tga,Unknown,NormalExtraction,256,256,65536,1024,1024,1048576,1.0486,1024,DEFLATEDRGB8,0,False,False,False,False,,0.0,1,0,0,0,True,True,655392,True,True,False,False,True,False,False,DEFLATED,4194304,True
textures\terrain\underwatericec_nm.tga,Unknown,NormalExtraction,256,256,65536,1024,1024,1048576,1.0486,1024,DEFLATEDRGBA8,0,False,False,False,False,,100.0,1,0,0,0,True,True,655392,True,True,False,False,True,False,False,DEFLATED,4194304,True
textures\terrain\underwatericec_spec.tga,Unknown,NormalExtraction,256,256,65536,1024,1024,1048576,1.0486,1024,DEFLATEDRGB8,0,False,False,False,False,,0.0,1,0,0,0,True,True,655392,True,True,False,False,True,False,False,DEFLATED,4194304,True
textures\terrain\underwaterrocka.tga,Unknown,NormalExtraction,256,256,65536,1024,1024,1048576,1.0486,1024,DEFLATEDRGBA8,0,False,False,False,False,,100.0,1,0,0,0,True,True,655392,True,True,False,False,True,False,False,DEFLATED,4194304,True
textures\terrain\underwaterrocka_gloss.tga,Unknown,NormalExtraction,256,256,65536,1024,1024,1048576,1.0486,1024,DEFLATEDRGBA8,0,False,False,False,False,,100.0,1,0,0,0,True,True,655392,True,True,False,False,True,False,False,DEFLATED,4194304,True
textures\terrain\underwaterrocka_nm.tga,Unknown,NormalExtraction,256,256,65536,1024,1024,1048576,1.0486,1024,DEFLATEDRGBA8,0,False,False,False,False,,100.0,1,0,0,0,True,True,655392,True,True,False,False,True,False,False,DEFLATED,4194304,True
textures\terrain\underwaterrocka_spec.tga,Unknown,NormalExtraction,256,256,65536,1024,1024,1048576,1.0486,1024,DEFLATEDRGB8,0,False,False,False,False,,0.0,1,0,0,0,True,True,655392,True,True,False,False,True,False,False,DEFLATED,4194304,True
textures\terrain\underwaterrockb.tga,Unknown,NormalExtraction,256,256,65536,1024,1024,1048576,1.0486,1024,DEFLATEDRGBA8,0,False,False,False,False,,100.0,1,0,0,0,True,True,655392,True,True,False,False,True,False,False,DEFLATED,4194304,True
textures\terrain\underwaterrockb_gloss.tga,Unknown,NormalExtraction,256,256,65536,1024,1024,1048576,1.0486,1024,DEFLATEDRGBA8,0,False,False,False,False,,100.0,1,0,0,0,True,True,655392,True,True,False,False,True,False,False,DEFLATED,4194304,True
textures\terrain\underwaterrockb_nm.tga,Unknown,NormalExtraction,256,256,65536,1024,1024,1048576,1.0486,1024,DEFLATEDRGBA8,0,False,False,False,False,,100.0,1,0,0,0,True,True,655392,True,True,False,False,True,False,False,DEFLATED,4194304,True
textures\terrain\underwaterrockb_spec.tga,Unknown,NormalExtraction,256,256,65536,1024,1024,1048576,1.0486,1024,DEFLATEDRGBA8,0,False,False,False,False,,100.0,1,0,0,0,True,True,655392,True,True,False,False,True,False,False,DEFLATED,4194304,True
textures\terrain\underwaterrockc.tga,Unknown,NormalExtraction,256,256,65536,1024,1024,1048576,1.0486,1024,DEFLATEDRGBA8,0,False,False,False,False,,100.0,1,0,0,0,True,True,655392,True,True,False,False,True,False,False,DEFLATED,4194304,True
textures\terrain\underwaterrockc_gloss.tga,Unknown,NormalExtraction,256,256,65536,1024,1024,1048576,1.0486,1024,DEFLATEDRGBA8,0,False,False,False,False,,100.0,1,0,0,0,True,True,655392,True,True,False,False,True,False,False,DEFLATED,4194304,True
textures\terrain\underwaterrockc_nm.tga,Unknown,NormalExtraction,256,256,65536,1024,1024,1048576,1.0486,1024,DEFLATEDRGBA8,0,False,False,False,False,,100.0,1,0,0,0,True,True,655392,True,True,False,False,True,False,False,DEFLATED,4194304,True
textures\terrain\underwaterrockc_spec.tga,Unknown,NormalExtraction,256,256,65536,1024,1024,1048576,1.0486,1024,DEFLATEDRGBA8,0,False,False,False,False,,100.0,1,0,0,0,True,True,655392,True,True,False,False,True,False,False,DEFLATED,4194304,True
textures\terrain\underwaterrockd.tga,Unknown,NormalExtraction,256,256,65536,1024,1024,1048576,1.0486,1024,DEFLATEDRGBA8,0,False,False,False,False,,100.0,1,0,0,0,True,True,655392,True,True,False,False,True,False,False,DEFLATED,4194304,True
textures\terrain\underwaterrockd_gloss.tga,Unknown,NormalExtraction,256,256,65536,1024,1024,1048576,1.0486,1024,DEFLATEDRGBA8,0,False,False,False,False,,100.0,1,0,0,0,True,True,655392,True,True,False,False,True,False,False,DEFLATED,4194304,True
textures\terrain\underwaterrockd_nm.tga,Unknown,NormalExtraction,256,256,65536,1024,1024,1048576,1.0486,1024,DEFLATEDRGBA8,0,False,False,False,False,,100.0,1,0,0,0,True,True,655392,True,True,False,False,True,False,False,DEFLATED,4194304,True
textures\terrain\underwaterrockd_spec.tga,Unknown,NormalExtraction,256,256,65536,1024,1024,1048576,1.0486,1024,DEFLATEDRGBA8,0,False,False,False,False,,100.0,1,0,0,0,True,True,655392,True,True,False,False,True,False,False,DEFLATED,4194304,True
textures\terrain\underwaterrocke.tga,Unknown,NormalExtraction,256,256,65536,1024,1024,1048576,1.0486,1024,DEFLATEDRGBA8,0,False,False,False,False,,100.0,1,0,0,0,True,True,655392,True,True,False,False,True,False,False,DEFLATED,4194304,True
textures\terrain\underwaterrocke_gloss.tga,Unknown,NormalExtraction,256,256,65536,1024,1024,1048576,1.0486,1024,DEFLATEDRGBA8,0,False,False,False,False,,100.0,1,0,0,0,True,True,655392,True,True,False,False,True,False,False,DEFLATED,4194304,True
textures\terrain\underwaterrocke_nm.tga,Unknown,NormalExtraction,256,256,65536,1024,1024,1048576,1.0486,1024,DEFLATEDRGBA8,0,False,False,False,False,,100.0,1,0,0,0,True,True,655392,True,True,False,False,True,False,False,DEFLATED,4194304,True
textures\terrain\underwaterrocke_spec.tga,Unknown,NormalExtraction,256,256,65536,1024,1024,1048576,1.0486,1024,DEFLATEDRGBA8,0,False,False,False,False,,100.0,1,0,0,0,True,True,655392,True,True,False,False,True,False,False,DEFLATED,4194304,True
textures\terrain\underwaterrockf.tga,Unknown,NormalExtraction,256,256,65536,1024,1024,1048576,1.0486,1024,DEFLATEDRGBA8,0,False,False,False,False,,100.0,1,0,0,0,True,True,655392,True,True,False,False,True,False,False,DEFLATED,4194304,True
textures\terrain\underwaterrockf_gloss.tga,Unknown,NormalExtraction,256,256,65536,1024,1024,1048576,1.0486,1024,DEFLATEDRGBA8,0,False,False,False,False,,100.0,1,0,0,0,True,True,655392,True,True,False,False,True,False,False,DEFLATED,4194304,True
textures\terrain\underwaterrockf_nm.tga,Unknown,NormalExtraction,256,256,65536,1024,1024,1048576,1.0486,1024,DEFLATEDRGBA8,0,False,False,False,False,,100.0,1,0,0,0,True,True,655392,True,True,False,False,True,False,False,DEFLATED,4194304,True
textures\terrain\underwaterrockf_spec.tga,Unknown,NormalExtraction,256,256,65536,1024,1024,1048576,1.0486,1024,DEFLATEDRGBA8,0,False,False,False,False,,100.0,1,0,0,0,True,True,655392,True,True,False,False,True,False,False,DEFLATED,4194304,True
textures\terrain\waterbump.tga,Unknown,NormalExtraction,256,256,65536,1024,1024,1048576,1.0486,1024,DEFLATEDRGB8,0,False,False,False,False,,0.0,1,0,0,0,True,True,655392,True,True,False,False,True,False,False,DEFLATED,4194304,True
textures\terrain\waterbump0000.tga,Unknown,NormalExtraction,256,256,65536,1024,1024,1048576,1.0486,1024,DEFLATEDRGB8,0,False,False,False,False,,0.0,1,0,0,0,True,True,655392,True,True,False,False,True,False,False,DEFLATED,4194304,True
textures\terrain\waterfoam.tga,Unknown,NormalExtraction,256,256,65536,1024,1024,1048576,1.0486,1024,DEFLATEDRGB8,0,False,False,False,False,,0.0,1,0,0,0,True,True,655392,True,True,False,False,True,False,False,DEFLATED,4194304,True
textures\theocrat map.tga,Unknown,NormalExtraction,256,256,65536,1024,1024,1048576,1.0486,1024,BC3,1,True,False,False,False,,7.643,3,2,1,1,True,True,1048600,True,True,False,False,True,False,False,BC3,4194304,True
textures\titan c pangu.tga,Unknown,NormalExtraction,1024,512,524288,4096,2048,8388608,8.3886,4096,BC3,4,True,False,False,False,,5.605,229,0,0,0,True,True,8388632,True,True,True,True,False,False,False,BC3,33554432,True
textures\titan e ra map.tga,Unknown,NormalExtraction,256,256,65536,1024,1024,1048576,1.0486,1024,BC3,0,False,False,False,False,,100.0,1,3,3,0,True,True,1048600,True,True,False,False,True,False,False,BC3,4194304,True
textures\titan e ra skirt map.tga,Unknown,NormalExtraction,256,256,65536,1024,1024,1048576,1.0486,1024,BC3,4,True,False,False,False,,23.166,239,4,2,2,True,True,1048600,True,True,False,False,True,False,False,BC3,4194304,True
textures\titan g cerebus map1.tga,Unknown,NormalExtraction,256,256,65536,1024,1024,1048576,1.0486,1024,BC3,1,True,False,False,False,,4.686,3,2,1,1,True,True,1048600,True,True,False,False,True,False,False,BC3,4194304,True
textures\titan g cerebus map2.tga,Unknown,NormalExtraction,256,256,65536,1024,1024,1048576,1.0486,1024,BC3,1,True,False,False,False,,1.611,3,2,1,1,True,True,1048600,True,True,False,False,True,False,False,BC3,4194304,True
textures\titan n troll map1.tga,Unknown,NormalExtraction,256,256,65536,1024,1024,1048576,1.0486,1024,BC3,1,True,False,False,False,,100.0,1,1,1,0,True,True,1048600,True,True,False,False,True,False,False,BC3,4194304,True
textures\titan n troll map2.tga,Unknown,NormalExtraction,256,256,65536,1024,1024,1048576,1.0486,1024,BC3,1,True,False,False,False,,4.948,3,2,1,1,True,True,1048600,True,True,False,False,True,False,False,BC3,4194304,True
textures\titan x gaia.tga,Unknown,NormalExtraction,256,256,65536,1024,1024,1048576,1.0486,1024,BC3,4,True,False,False,False,,2.718,165,6,4,2,True,True,1048600,True,True,False,False,True,False,False,BC3,4194304,True
textures\titan x golem map1.tga,Unknown,NormalExtraction,256,256,65536,1024,1024,1048576,1.0486,1024,BC3,4,True,False,False,False,,26.971,242,2,1,1,True,True,1048600,True,True,False,False,True,False,False,BC3,4194304,True
textures\titan x golem map2.tga,Unknown,NormalExtraction,256,256,65536,1024,1024,1048576,1.0486,1024,BC3,1,True,False,False,False,,0.0,1,1,1,0,True,True,1048600,True,True,False,False,True,False,False,BC3,4194304,True
textures\titan x kronos.tga,Unknown,NormalExtraction,256,256,65536,1024,1024,1048576,1.0486,1024,BC3,1,True,False,False,False,,0.996,3,1,0,1,True,True,1048600,True,True,False,False,True,False,False,BC3,4194304,True
textures\titan x promethean 1.tga,Unknown,NormalExtraction,256,256,65536,1024,1024,1048576,1.0486,1024,BC3,1,True,False,False,False,,8.142,3,5,2,3,True,True,1048600,True,True,False,False,True,False,False,BC3,4194304,True
textures\titan x promethean 2.tga,Unknown,NormalExtraction,256,256,65536,1024,1024,1048576,1.0486,1024,BC3,0,False,False,False,False,,100.0,1,3,3,0,True,True,1048600,True,True,False,False,True,False,False,BC3,4194304,True
textures\toxotemap.tga,Unknown,NormalExtraction,256,256,65536,1024,1024,1048576,1.0486,1024,BC3,1,True,False,False,False,,11.853,3,0,0,0,True,True,1048600,True,True,False,False,True,False,False,BC3,4194304,True
textures\trash.tga,Unknown,NormalExtraction,256,256,65536,1024,1024,1048576,1.0486,1024,BC3,1,True,False,False,False,,15.549,3,0,0,0,True,True,1048600,True,True,False,False,True,False,False,BC3,4194304,True
textures\ui\AOM_badgesBG.tga,Unknown,NormalExtraction,368,430,158240,1472,1720,2531840,2.5318,1720,DEFLATEDRGB8,0,False,False,False,False,,0.0,1,0,0,0,True,True,1582432,True,True,False,False,False,False,False,DEFLATED,10127360,True
textures\ui\background chinese fade blue.tga,Unknown,NormalExtraction,256,16,4096,1024,64,65536,0.0655,1024,DEFLATEDRGBA8,0,False,False,False,False,,100.0,1,0,0,0,True,True,40992,True,True,False,False,False,False,False,DEFLATED,262144,True
textures\ui\background chinese fade red.tga,Unknown,NormalExtraction,256,16,4096,1024,64,65536,0.0655,1024,DEFLATEDRGBA8,0,False,False,False,False,,100.0,1,0,0,0,True,True,40992,True,True,False,False,False,False,False,DEFLATED,262144,True
textures\ui\background chinese fade yellow.tga,Unknown,NormalExtraction,256,16,4096,1024,64,65536,0.0655,1024,DEFLATEDRGBA8,0,False,False,False,False,,100.0,1,0,0,0,True,True,40992,True,True,False,False,False,False,False,DEFLATED,262144,True
textures\ui\background egypt fade blue.tga,Unknown,NormalExtraction,256,16,4096,1024,64,65536,0.0655,1024,DEFLATEDRGBA8,0,False,False,False,False,,100.0,1,0,0,0,True,True,40992,True,True,False,False,False,False,False,DEFLATED,262144,True
textures\ui\background egypt fade red.tga,Unknown,NormalExtraction,256,16,4096,1024,64,65536,0.0655,1024,DEFLATEDRGBA8,0,False,False,False,False,,100.0,1,0,0,0,True,True,40992,True,True,False,False,False,False,False,DEFLATED,262144,True
textures\ui\background egypt fade yellow.tga,Unknown,NormalExtraction,256,16,4096,1024,64,65536,0.0655,1024,DEFLATEDRGBA8,0,False,False,False,False,,100.0,1,0,0,0,True,True,40992,True,True,False,False,False,False,False,DEFLATED,262144,True
textures\ui\background fade blue.tga,Unknown,NormalExtraction,256,16,4096,1024,64,65536,0.0655,1024,DEFLATEDRGBA8,0,True,False,False,False,,100.0,1,0,0,0,True,True,40992,True,True,False,False,False,False,False,DEFLATED,262144,True
textures\ui\background fade green.tga,Unknown,NormalExtraction,256,16,4096,1024,64,65536,0.0655,1024,DEFLATEDRGBA8,0,True,False,False,False,,100.0,1,0,0,0,True,True,40992,True,True,False,False,False,False,False,DEFLATED,262144,True
textures\ui\background fade red.tga,Unknown,NormalExtraction,256,16,4096,1024,64,65536,0.0655,1024,DEFLATEDRGBA8,0,True,False,False,False,,100.0,1,0,0,0,True,True,40992,True,True,False,False,False,False,False,DEFLATED,262144,True
textures\ui\background fade yellow.tga,Unknown,NormalExtraction,256,16,4096,1024,64,65536,0.0655,1024,DEFLATEDRGBA8,0,True,False,False,False,,100.0,1,0,0,0,True,True,40992,True,True,False,False,False,False,False,DEFLATED,262144,True
textures\ui\background greek fade blue.tga,Unknown,NormalExtraction,256,16,4096,1024,64,65536,0.0655,1024,DEFLATEDRGBA8,0,False,False,False,False,,100.0,1,0,0,0,True,True,40992,True,True,False,False,False,False,False,DEFLATED,262144,True
textures\ui\background greek fade red.tga,Unknown,NormalExtraction,256,16,4096,1024,64,65536,0.0655,1024,DEFLATEDRGBA8,0,False,False,False,False,,100.0,1,0,0,0,True,True,40992,True,True,False,False,False,False,False,DEFLATED,262144,True
textures\ui\background greek fade yellow.tga,Unknown,NormalExtraction,256,16,4096,1024,64,65536,0.0655,1024,DEFLATEDRGBA8,0,False,False,False,False,,100.0,1,0,0,0,True,True,40992,True,True,False,False,False,False,False,DEFLATED,262144,True
textures\ui\background norse fade blue.tga,Unknown,NormalExtraction,256,16,4096,1024,64,65536,0.0655,1024,DEFLATEDRGBA8,0,False,False,False,False,,100.0,1,0,0,0,True,True,40992,True,True,False,False,False,False,False,DEFLATED,262144,True
textures\ui\background norse fade red.tga,Unknown,NormalExtraction,256,16,4096,1024,64,65536,0.0655,1024,DEFLATEDRGBA8,0,False,False,False,False,,100.0,1,0,0,0,True,True,40992,True,True,False,False,False,False,False,DEFLATED,262144,True
textures\ui\background norse fade yellow.tga,Unknown,NormalExtraction,256,16,4096,1024,64,65536,0.0655,1024,DEFLATEDRGBA8,0,False,False,False,False,,100.0,1,0,0,0,True,True,40992,True,True,False,False,False,False,False,DEFLATED,262144,True
textures\ui\badgeBackground.tga,Unknown,NormalExtraction,368,430,158240,1472,1720,2531840,2.5318,1720,DEFLATEDRGBA8,0,False,False,False,False,,68.915,256,0,0,0,True,True,1582432,True,True,False,False,False,False,False,DEFLATED,10127360,True
textures\ui\br\campmap_atlantis6.tga,Unknown,NormalExtraction,256,256,65536,1024,1024,1048576,1.0486,1024,BC3,0,False,False,False,False,,100.0,1,0,0,0,True,True,1048600,True,True,False,False,True,False,False,BC3,4194304,True
textures\ui\br\campmap_atlantis7.tga,Unknown,NormalExtraction,256,256,65536,1024,1024,1048576,1.0486,1024,BC3,0,False,False,False,False,,100.0,1,0,0,0,True,True,1048600,True,True,False,False,True,False,False,BC3,4194304,True
textures\ui\br\campmap_china7.tga,Unknown,NormalExtraction,256,256,65536,1024,1024,1048576,1.0486,1024,DEFLATEDRGBA8,0,False,False,False,False,,100.0,1,0,0,0,True,True,655392,True,True,False,False,True,False,False,DEFLATED,4194304,True
textures\ui\br\campmap_egypt7.tga,Unknown,NormalExtraction,256,256,65536,1024,1024,1048576,1.0486,1024,BC3,0,False,False,False,False,,100.0,1,0,0,0,True,True,1048600,True,True,False,False,True,False,False,BC3,4194304,True
textures\ui\br\campmap_greece7.tga,Unknown,NormalExtraction,256,256,65536,1024,1024,1048576,1.0486,1024,BC3,0,False,False,False,False,,100.0,1,0,0,0,True,True,1048600,True,True,False,False,True,False,False,BC3,4194304,True
textures\ui\br\campmap_new_atlantis6.tga,Unknown,NormalExtraction,256,256,65536,1024,1024,1048576,1.0486,1024,BC3,0,False,False,False,False,,100.0,1,0,0,0,True,True,1048600,True,True,False,False,True,False,False,BC3,4194304,True
textures\ui\br\campmap_new_atlantis7.tga,Unknown,NormalExtraction,256,256,65536,1024,1024,1048576,1.0486,1024,BC3,0,False,False,False,False,,100.0,1,0,0,0,True,True,1048600,True,True,False,False,True,False,False,BC3,4194304,True
textures\ui\br\campmap_norselands3.tga,Unknown,NormalExtraction,256,256,65536,1024,1024,1048576,1.0486,1024,BC3,0,False,False,False,False,,100.0,1,0,0,0,True,True,1048600,True,True,False,False,True,False,False,BC3,4194304,True
textures\ui\br\campmap_norselands4.tga,Unknown,NormalExtraction,256,256,65536,1024,1024,1048576,1.0486,1024,BC3,0,False,False,False,False,,100.0,1,0,0,0,True,True,1048600,True,True,False,False,True,False,False,BC3,4194304,True
textures\ui\button main.tga,Unknown,NormalExtraction,256,32,8192,1024,128,131072,0.1311,1024,DEFLATEDRGBA8,1,False,False,False,False,,65.698,2,0,0,0,True,True,81952,True,True,False,False,False,False,False,DEFLATED,524288,True
textures\ui\button main_clicked.tga,Unknown,NormalExtraction,256,32,8192,1024,128,131072,0.1311,1024,DEFLATEDRGBA8,1,False,False,False,False,,65.698,2,0,0,0,True,True,81952,True,True,False,False,False,False,False,DEFLATED,524288,True
textures\ui\button main_rollover.tga,Unknown,NormalExtraction,256,32,8192,1024,128,131072,0.1311,1024,DEFLATEDRGBA8,1,False,False,False,False,,65.698,2,0,0,0,True,True,81952,True,True,False,False,False,False,False,DEFLATED,524288,True
textures\ui\buysellbackground.tga,Unknown,NormalExtraction,256,32,8192,1024,128,131072,0.1311,1024,DEFLATEDRGBA8,4,False,False,False,False,,68.359,12,0,0,0,True,True,81952,True,True,False,False,False,False,False,DEFLATED,524288,True
textures\ui\campmap_atlantis1.tga,Unknown,NormalExtraction,256,256,65536,1024,1024,1048576,1.0486,1024,DEFLATEDRGBA8,0,False,False,False,False,,100.0,1,0,0,0,True,True,655392,True,True,False,False,True,False,False,DEFLATED,4194304,True
textures\ui\campmap_atlantis10.tga,Unknown,NormalExtraction,256,256,65536,1024,1024,1048576,1.0486,1024,DEFLATEDRGBA8,0,False,False,False,False,,100.0,1,0,0,0,True,True,655392,True,True,False,False,True,False,False,DEFLATED,4194304,True
textures\ui\campmap_atlantis11.tga,Unknown,NormalExtraction,256,256,65536,1024,1024,1048576,1.0486,1024,DEFLATEDRGBA8,0,False,False,False,False,,100.0,1,0,0,0,True,True,655392,True,True,False,False,True,False,False,DEFLATED,4194304,True
textures\ui\campmap_atlantis12.tga,Unknown,NormalExtraction,256,256,65536,1024,1024,1048576,1.0486,1024,DEFLATEDRGBA8,0,False,False,False,False,,100.0,1,0,0,0,True,True,655392,True,True,False,False,True,False,False,DEFLATED,4194304,True
textures\ui\campmap_atlantis2.tga,Unknown,NormalExtraction,256,256,65536,1024,1024,1048576,1.0486,1024,DEFLATEDRGBA8,0,False,False,False,False,,100.0,1,0,0,0,True,True,655392,True,True,False,False,True,False,False,DEFLATED,4194304,True
textures\ui\campmap_atlantis3.tga,Unknown,NormalExtraction,256,256,65536,1024,1024,1048576,1.0486,1024,DEFLATEDRGBA8,0,False,False,False,False,,100.0,1,0,0,0,True,True,655392,True,True,False,False,True,False,False,DEFLATED,4194304,True
textures\ui\campmap_atlantis4.tga,Unknown,NormalExtraction,256,256,65536,1024,1024,1048576,1.0486,1024,DEFLATEDRGBA8,0,False,False,False,False,,100.0,1,0,0,0,True,True,655392,True,True,False,False,True,False,False,DEFLATED,4194304,True
textures\ui\campmap_atlantis5.tga,Unknown,NormalExtraction,256,256,65536,1024,1024,1048576,1.0486,1024,DEFLATEDRGBA8,0,False,False,False,False,,100.0,1,0,0,0,True,True,655392,True,True,False,False,True,False,False,DEFLATED,4194304,True
textures\ui\campmap_atlantis6.tga,Unknown,NormalExtraction,256,256,65536,1024,1024,1048576,1.0486,1024,DEFLATEDRGBA8,0,False,False,False,False,,100.0,1,0,0,0,True,True,655392,True,True,False,False,True,False,False,DEFLATED,4194304,True
textures\ui\campmap_atlantis7.tga,Unknown,NormalExtraction,256,256,65536,1024,1024,1048576,1.0486,1024,DEFLATEDRGBA8,0,False,False,False,False,,100.0,1,0,0,0,True,True,655392,True,True,False,False,True,False,False,DEFLATED,4194304,True
textures\ui\campmap_atlantis8.tga,Unknown,NormalExtraction,256,256,65536,1024,1024,1048576,1.0486,1024,DEFLATEDRGBA8,0,False,False,False,False,,100.0,1,0,0,0,True,True,655392,True,True,False,False,True,False,False,DEFLATED,4194304,True
textures\ui\campmap_atlantis9.tga,Unknown,NormalExtraction,256,256,65536,1024,1024,1048576,1.0486,1024,DEFLATEDRGBA8,0,False,False,False,False,,100.0,1,0,0,0,True,True,655392,True,True,False,False,True,False,False,DEFLATED,4194304,True
textures\ui\campmap_b_atlantis6.tga,Unknown,NormalExtraction,256,256,65536,1024,1024,1048576,1.0486,1024,DEFLATEDRGBA8,0,False,False,False,False,,100.0,1,0,0,0,True,True,655392,True,True,False,False,True,False,False,DEFLATED,4194304,True
textures\ui\campmap_b_atlantis7.tga,Unknown,NormalExtraction,256,256,65536,1024,1024,1048576,1.0486,1024,DEFLATEDRGBA8,0,False,False,False,False,,100.0,1,0,0,0,True,True,655392,True,True,False,False,True,False,False,DEFLATED,4194304,True
textures\ui\campmap_b_egypt7.tga,Unknown,NormalExtraction,256,256,65536,1024,1024,1048576,1.0486,1024,DEFLATEDRGBA8,0,False,False,False,False,,100.0,1,0,0,0,True,True,655392,True,True,False,False,True,False,False,DEFLATED,4194304,True
textures\ui\campmap_b_greece7.tga,Unknown,NormalExtraction,256,256,65536,1024,1024,1048576,1.0486,1024,DEFLATEDRGBA8,0,False,False,False,False,,100.0,1,0,0,0,True,True,655392,True,True,False,False,True,False,False,DEFLATED,4194304,True
textures\ui\campmap_b_greece8.tga,Unknown,NormalExtraction,256,256,65536,1024,1024,1048576,1.0486,1024,DEFLATEDRGBA8,0,False,False,False,False,,100.0,1,0,0,0,True,True,655392,True,True,False,False,True,False,False,DEFLATED,4194304,True
textures\ui\campmap_b_new_atlantis6.tga,Unknown,NormalExtraction,256,256,65536,1024,1024,1048576,1.0486,1024,DEFLATEDRGBA8,0,False,False,False,False,,100.0,1,0,0,0,True,True,655392,True,True,False,False,True,False,False,DEFLATED,4194304,True
textures\ui\campmap_b_new_atlantis7.tga,Unknown,NormalExtraction,256,256,65536,1024,1024,1048576,1.0486,1024,DEFLATEDRGBA8,0,False,False,False,False,,100.0,1,0,0,0,True,True,655392,True,True,False,False,True,False,False,DEFLATED,4194304,True
textures\ui\campmap_b_norselands3.tga,Unknown,NormalExtraction,256,256,65536,1024,1024,1048576,1.0486,1024,DEFLATEDRGBA8,0,False,False,False,False,,100.0,1,0,0,0,True,True,655392,True,True,False,False,True,False,False,DEFLATED,4194304,True
textures\ui\campmap_b_norselands4.tga,Unknown,NormalExtraction,256,256,65536,1024,1024,1048576,1.0486,1024,DEFLATEDRGBA8,0,False,False,False,False,,100.0,1,0,0,0,True,True,655392,True,True,False,False,True,False,False,DEFLATED,4194304,True
textures\ui\campmap_c_atlantis6.tga,Unknown,NormalExtraction,256,256,65536,1024,1024,1048576,1.0486,1024,DEFLATEDRGBA8,0,False,False,False,False,,100.0,1,0,0,0,True,True,655392,True,True,False,False,True,False,False,DEFLATED,4194304,True
textures\ui\campmap_c_atlantis7.tga,Unknown,NormalExtraction,256,256,65536,1024,1024,1048576,1.0486,1024,DEFLATEDRGBA8,0,False,False,False,False,,100.0,1,0,0,0,True,True,655392,True,True,False,False,True,False,False,DEFLATED,4194304,True
textures\ui\campmap_c_egypt7.tga,Unknown,NormalExtraction,256,256,65536,1024,1024,1048576,1.0486,1024,DEFLATEDRGBA8,0,False,False,False,False,,100.0,1,0,0,0,True,True,655392,True,True,False,False,True,False,False,DEFLATED,4194304,True
textures\ui\campmap_c_greece7.tga,Unknown,NormalExtraction,256,256,65536,1024,1024,1048576,1.0486,1024,DEFLATEDRGBA8,0,False,False,False,False,,100.0,1,0,0,0,True,True,655392,True,True,False,False,True,False,False,DEFLATED,4194304,True
textures\ui\campmap_c_greece8.tga,Unknown,NormalExtraction,256,256,65536,1024,1024,1048576,1.0486,1024,DEFLATEDRGBA8,0,False,False,False,False,,100.0,1,0,0,0,True,True,655392,True,True,False,False,True,False,False,DEFLATED,4194304,True
textures\ui\campmap_c_new_atlantis6.tga,Unknown,NormalExtraction,256,256,65536,1024,1024,1048576,1.0486,1024,DEFLATEDRGBA8,0,False,False,False,False,,100.0,1,0,0,0,True,True,655392,True,True,False,False,True,False,False,DEFLATED,4194304,True
textures\ui\campmap_c_new_atlantis7.tga,Unknown,NormalExtraction,256,256,65536,1024,1024,1048576,1.0486,1024,DEFLATEDRGBA8,0,False,False,False,False,,100.0,1,0,0,0,True,True,655392,True,True,False,False,True,False,False,DEFLATED,4194304,True
textures\ui\campmap_c_norselands3.tga,Unknown,NormalExtraction,256,256,65536,1024,1024,1048576,1.0486,1024,DEFLATEDRGBA8,0,False,False,False,False,,100.0,1,0,0,0,True,True,655392,True,True,False,False,True,False,False,DEFLATED,4194304,True
textures\ui\campmap_c_norselands4.tga,Unknown,NormalExtraction,256,256,65536,1024,1024,1048576,1.0486,1024,DEFLATEDRGBA8,0,False,False,False,False,,100.0,1,0,0,0,True,True,655392,True,True,False,False,True,False,False,DEFLATED,4194304,True
textures\ui\campmap_china1.tga,Unknown,NormalExtraction,256,256,65536,1024,1024,1048576,1.0486,1024,DEFLATEDRGBA8,0,False,False,False,False,,100.0,1,0,0,0,True,True,655392,True,True,False,False,True,False,False,DEFLATED,4194304,True
textures\ui\campmap_china10.tga,Unknown,NormalExtraction,256,256,65536,1024,1024,1048576,1.0486,1024,DEFLATEDRGBA8,0,False,False,False,False,,100.0,1,0,0,0,True,True,655392,True,True,False,False,True,False,False,DEFLATED,4194304,True
textures\ui\campmap_china11.tga,Unknown,NormalExtraction,256,256,65536,1024,1024,1048576,1.0486,1024,DEFLATEDRGBA8,0,False,False,False,False,,100.0,1,0,0,0,True,True,655392,True,True,False,False,True,False,False,DEFLATED,4194304,True
textures\ui\campmap_china12.tga,Unknown,NormalExtraction,256,256,65536,1024,1024,1048576,1.0486,1024,DEFLATEDRGBA8,0,False,False,False,False,,100.0,1,0,0,0,True,True,655392,True,True,False,False,True,False,False,DEFLATED,4194304,True
textures\ui\campmap_china2.tga,Unknown,NormalExtraction,256,256,65536,1024,1024,1048576,1.0486,1024,DEFLATEDRGBA8,0,False,False,False,False,,100.0,1,0,0,0,True,True,655392,True,True,False,False,True,False,False,DEFLATED,4194304,True
textures\ui\campmap_china3.tga,Unknown,NormalExtraction,256,256,65536,1024,1024,1048576,1.0486,1024,DEFLATEDRGBA8,0,False,False,False,False,,100.0,1,0,0,0,True,True,655392,True,True,False,False,True,False,False,DEFLATED,4194304,True
textures\ui\campmap_china4.tga,Unknown,NormalExtraction,256,256,65536,1024,1024,1048576,1.0486,1024,DEFLATEDRGBA8,0,False,False,False,False,,100.0,1,0,0,0,True,True,655392,True,True,False,False,True,False,False,DEFLATED,4194304,True
textures\ui\campmap_china5.tga,Unknown,NormalExtraction,256,256,65536,1024,1024,1048576,1.0486,1024,DEFLATEDRGBA8,0,False,False,False,False,,100.0,1,0,0,0,True,True,655392,True,True,False,False,True,False,False,DEFLATED,4194304,True
textures\ui\campmap_china6.tga,Unknown,NormalExtraction,256,256,65536,1024,1024,1048576,1.0486,1024,DEFLATEDRGBA8,0,False,False,False,False,,100.0,1,0,0,0,True,True,655392,True,True,False,False,True,False,False,DEFLATED,4194304,True
textures\ui\campmap_china7.tga,Unknown,NormalExtraction,256,256,65536,1024,1024,1048576,1.0486,1024,DEFLATEDRGBA8,0,False,False,False,False,,100.0,1,0,0,0,True,True,655392,True,True,False,False,True,False,False,DEFLATED,4194304,True
textures\ui\campmap_china8.tga,Unknown,NormalExtraction,256,256,65536,1024,1024,1048576,1.0486,1024,DEFLATEDRGBA8,0,False,False,False,False,,100.0,1,0,0,0,True,True,655392,True,True,False,False,True,False,False,DEFLATED,4194304,True
textures\ui\campmap_china9.tga,Unknown,NormalExtraction,256,256,65536,1024,1024,1048576,1.0486,1024,DEFLATEDRGBA8,0,False,False,False,False,,100.0,1,0,0,0,True,True,655392,True,True,False,False,True,False,False,DEFLATED,4194304,True
textures\ui\campmap_egypt1.tga,Unknown,NormalExtraction,256,256,65536,1024,1024,1048576,1.0486,1024,DEFLATEDRGBA8,0,False,False,False,False,,100.0,1,0,0,0,True,True,655392,True,True,False,False,True,False,False,DEFLATED,4194304,True
textures\ui\campmap_egypt10.tga,Unknown,NormalExtraction,256,256,65536,1024,1024,1048576,1.0486,1024,DEFLATEDRGBA8,0,False,False,False,False,,100.0,1,0,0,0,True,True,655392,True,True,False,False,True,False,False,DEFLATED,4194304,True
textures\ui\campmap_egypt11.tga,Unknown,NormalExtraction,256,256,65536,1024,1024,1048576,1.0486,1024,DEFLATEDRGBA8,0,False,False,False,False,,100.0,1,0,0,0,True,True,655392,True,True,False,False,True,False,False,DEFLATED,4194304,True
textures\ui\campmap_egypt12.tga,Unknown,NormalExtraction,256,256,65536,1024,1024,1048576,1.0486,1024,DEFLATEDRGBA8,0,False,False,False,False,,100.0,1,0,0,0,True,True,655392,True,True,False,False,True,False,False,DEFLATED,4194304,True
textures\ui\campmap_egypt2.tga,Unknown,NormalExtraction,256,256,65536,1024,1024,1048576,1.0486,1024,DEFLATEDRGBA8,0,False,False,False,False,,100.0,1,0,0,0,True,True,655392,True,True,False,False,True,False,False,DEFLATED,4194304,True
textures\ui\campmap_egypt3.tga,Unknown,NormalExtraction,256,256,65536,1024,1024,1048576,1.0486,1024,DEFLATEDRGBA8,0,False,False,False,False,,100.0,1,0,0,0,True,True,655392,True,True,False,False,True,False,False,DEFLATED,4194304,True
textures\ui\campmap_egypt4.tga,Unknown,NormalExtraction,256,256,65536,1024,1024,1048576,1.0486,1024,DEFLATEDRGBA8,0,False,False,False,False,,100.0,1,0,0,0,True,True,655392,True,True,False,False,True,False,False,DEFLATED,4194304,True
textures\ui\campmap_egypt5.tga,Unknown,NormalExtraction,256,256,65536,1024,1024,1048576,1.0486,1024,DEFLATEDRGBA8,0,False,False,False,False,,100.0,1,0,0,0,True,True,655392,True,True,False,False,True,False,False,DEFLATED,4194304,True
textures\ui\campmap_egypt6.tga,Unknown,NormalExtraction,256,256,65536,1024,1024,1048576,1.0486,1024,DEFLATEDRGBA8,0,False,False,False,False,,100.0,1,0,0,0,True,True,655392,True,True,False,False,True,False,False,DEFLATED,4194304,True
textures\ui\campmap_egypt7.tga,Unknown,NormalExtraction,256,256,65536,1024,1024,1048576,1.0486,1024,DEFLATEDRGBA8,0,False,False,False,False,,100.0,1,0,0,0,True,True,655392,True,True,False,False,True,False,False,DEFLATED,4194304,True
textures\ui\campmap_egypt8.tga,Unknown,NormalExtraction,256,256,65536,1024,1024,1048576,1.0486,1024,DEFLATEDRGBA8,0,False,False,False,False,,100.0,1,0,0,0,True,True,655392,True,True,False,False,True,False,False,DEFLATED,4194304,True
textures\ui\campmap_egypt9.tga,Unknown,NormalExtraction,256,256,65536,1024,1024,1048576,1.0486,1024,DEFLATEDRGBA8,0,False,False,False,False,,100.0,1,0,0,0,True,True,655392,True,True,False,False,True,False,False,DEFLATED,4194304,True
textures\ui\campmap_f_atlantis6.tga,Unknown,NormalExtraction,256,256,65536,1024,1024,1048576,1.0486,1024,DEFLATEDRGBA8,0,False,False,False,False,,100.0,1,0,0,0,True,True,655392,True,True,False,False,True,False,False,DEFLATED,4194304,True
textures\ui\campmap_f_atlantis7.tga,Unknown,NormalExtraction,256,256,65536,1024,1024,1048576,1.0486,1024,DEFLATEDRGBA8,0,False,False,False,False,,100.0,1,0,0,0,True,True,655392,True,True,False,False,True,False,False,DEFLATED,4194304,True
textures\ui\campmap_f_egypt7.tga,Unknown,NormalExtraction,256,256,65536,1024,1024,1048576,1.0486,1024,DEFLATEDRGBA8,0,False,False,False,False,,100.0,1,0,0,0,True,True,655392,True,True,False,False,True,False,False,DEFLATED,4194304,True
textures\ui\campmap_f_greece7.tga,Unknown,NormalExtraction,256,256,65536,1024,1024,1048576,1.0486,1024,DEFLATEDRGBA8,0,False,False,False,False,,100.0,1,0,0,0,True,True,655392,True,True,False,False,True,False,False,DEFLATED,4194304,True
textures\ui\campmap_f_greece8.tga,Unknown,NormalExtraction,256,256,65536,1024,1024,1048576,1.0486,1024,DEFLATEDRGBA8,0,False,False,False,False,,100.0,1,0,0,0,True,True,655392,True,True,False,False,True,False,False,DEFLATED,4194304,True
textures\ui\campmap_f_new_atlantis6.tga,Unknown,NormalExtraction,256,256,65536,1024,1024,1048576,1.0486,1024,DEFLATEDRGBA8,0,False,False,False,False,,100.0,1,0,0,0,True,True,655392,True,True,False,False,True,False,False,DEFLATED,4194304,True
textures\ui\campmap_f_new_atlantis7.tga,Unknown,NormalExtraction,256,256,65536,1024,1024,1048576,1.0486,1024,DEFLATEDRGBA8,0,False,False,False,False,,100.0,1,0,0,0,True,True,655392,True,True,False,False,True,False,False,DEFLATED,4194304,True
textures\ui\campmap_f_norselands3.tga,Unknown,NormalExtraction,256,256,65536,1024,1024,1048576,1.0486,1024,DEFLATEDRGBA8,0,False,False,False,False,,100.0,1,0,0,0,True,True,655392,True,True,False,False,True,False,False,DEFLATED,4194304,True
textures\ui\campmap_f_norselands4.tga,Unknown,NormalExtraction,256,256,65536,1024,1024,1048576,1.0486,1024,DEFLATEDRGBA8,0,False,False,False,False,,100.0,1,0,0,0,True,True,655392,True,True,False,False,True,False,False,DEFLATED,4194304,True
textures\ui\campmap_g_atlantis6.tga,Unknown,NormalExtraction,256,256,65536,1024,1024,1048576,1.0486,1024,DEFLATEDRGBA8,0,False,False,False,False,,100.0,1,0,0,0,True,True,655392,True,True,False,False,True,False,False,DEFLATED,4194304,True
textures\ui\campmap_g_atlantis7.tga,Unknown,NormalExtraction,256,256,65536,1024,1024,1048576,1.0486,1024,DEFLATEDRGBA8,0,False,False,False,False,,100.0,1,0,0,0,True,True,655392,True,True,False,False,True,False,False,DEFLATED,4194304,True
textures\ui\campmap_g_egypt7.tga,Unknown,NormalExtraction,256,256,65536,1024,1024,1048576,1.0486,1024,DEFLATEDRGBA8,0,False,False,False,False,,100.0,1,0,0,0,True,True,655392,True,True,False,False,True,False,False,DEFLATED,4194304,True
textures\ui\campmap_g_greece7.tga,Unknown,NormalExtraction,256,256,65536,1024,1024,1048576,1.0486,1024,DEFLATEDRGBA8,0,False,False,False,False,,100.0,1,0,0,0,True,True,655392,True,True,False,False,True,False,False,DEFLATED,4194304,True
textures\ui\campmap_g_greece8.tga,Unknown,NormalExtraction,256,256,65536,1024,1024,1048576,1.0486,1024,DEFLATEDRGBA8,0,False,False,False,False,,100.0,1,0,0,0,True,True,655392,True,True,False,False,True,False,False,DEFLATED,4194304,True
textures\ui\campmap_g_new_atlantis6.tga,Unknown,NormalExtraction,256,256,65536,1024,1024,1048576,1.0486,1024,DEFLATEDRGBA8,0,False,False,False,False,,100.0,1,0,0,0,True,True,655392,True,True,False,False,True,False,False,DEFLATED,4194304,True
textures\ui\campmap_g_new_atlantis7.tga,Unknown,NormalExtraction,256,256,65536,1024,1024,1048576,1.0486,1024,DEFLATEDRGBA8,0,False,False,False,False,,100.0,1,0,0,0,True,True,655392,True,True,False,False,True,False,False,DEFLATED,4194304,True
textures\ui\campmap_g_norselands3.tga,Unknown,NormalExtraction,256,256,65536,1024,1024,1048576,1.0486,1024,DEFLATEDRGBA8,0,False,False,False,False,,100.0,1,0,0,0,True,True,655392,True,True,False,False,True,False,False,DEFLATED,4194304,True
textures\ui\campmap_g_norselands4.tga,Unknown,NormalExtraction,256,256,65536,1024,1024,1048576,1.0486,1024,DEFLATEDRGBA8,0,False,False,False,False,,100.0,1,0,0,0,True,True,655392,True,True,False,False,True,False,False,DEFLATED,4194304,True
textures\ui\campmap_greece1.tga,Unknown,NormalExtraction,256,256,65536,1024,1024,1048576,1.0486,1024,DEFLATEDRGBA8,0,False,False,False,False,,100.0,1,0,0,0,True,True,655392,True,True,False,False,True,False,False,DEFLATED,4194304,True
textures\ui\campmap_greece10.tga,Unknown,NormalExtraction,256,256,65536,1024,1024,1048576,1.0486,1024,DEFLATEDRGBA8,0,False,False,False,False,,100.0,1,0,0,0,True,True,655392,True,True,False,False,True,False,False,DEFLATED,4194304,True
textures\ui\campmap_greece11.tga,Unknown,NormalExtraction,256,256,65536,1024,1024,1048576,1.0486,1024,DEFLATEDRGBA8,0,False,False,False,False,,100.0,1,0,0,0,True,True,655392,True,True,False,False,True,False,False,DEFLATED,4194304,True
textures\ui\campmap_greece12.tga,Unknown,NormalExtraction,256,256,65536,1024,1024,1048576,1.0486,1024,DEFLATEDRGBA8,0,False,False,False,False,,100.0,1,0,0,0,True,True,655392,True,True,False,False,True,False,False,DEFLATED,4194304,True
textures\ui\campmap_greece2.tga,Unknown,NormalExtraction,256,256,65536,1024,1024,1048576,1.0486,1024,DEFLATEDRGBA8,0,False,False,False,False,,100.0,1,0,0,0,True,True,655392,True,True,False,False,True,False,False,DEFLATED,4194304,True
textures\ui\campmap_greece3.tga,Unknown,NormalExtraction,256,256,65536,1024,1024,1048576,1.0486,1024,DEFLATEDRGBA8,0,False,False,False,False,,100.0,1,0,0,0,True,True,655392,True,True,False,False,True,False,False,DEFLATED,4194304,True
textures\ui\campmap_greece4.tga,Unknown,NormalExtraction,256,256,65536,1024,1024,1048576,1.0486,1024,DEFLATEDRGBA8,0,False,False,False,False,,100.0,1,0,0,0,True,True,655392,True,True,False,False,True,False,False,DEFLATED,4194304,True
textures\ui\campmap_greece5.tga,Unknown,NormalExtraction,256,256,65536,1024,1024,1048576,1.0486,1024,DEFLATEDRGBA8,0,False,False,False,False,,100.0,1,0,0,0,True,True,655392,True,True,False,False,True,False,False,DEFLATED,4194304,True
textures\ui\campmap_greece6.tga,Unknown,NormalExtraction,256,256,65536,1024,1024,1048576,1.0486,1024,DEFLATEDRGBA8,0,False,False,False,False,,100.0,1,0,0,0,True,True,655392,True,True,False,False,True,False,False,DEFLATED,4194304,True
textures\ui\campmap_greece7.tga,Unknown,NormalExtraction,256,256,65536,1024,1024,1048576,1.0486,1024,DEFLATEDRGBA8,0,False,False,False,False,,100.0,1,0,0,0,True,True,655392,True,True,False,False,True,False,False,DEFLATED,4194304,True
textures\ui\campmap_greece8.tga,Unknown,NormalExtraction,256,256,65536,1024,1024,1048576,1.0486,1024,DEFLATEDRGBA8,0,False,False,False,False,,100.0,1,0,0,0,True,True,655392,True,True,False,False,True,False,False,DEFLATED,4194304,True
textures\ui\campmap_greece9.tga,Unknown,NormalExtraction,256,256,65536,1024,1024,1048576,1.0486,1024,DEFLATEDRGBA8,0,False,False,False,False,,100.0,1,0,0,0,True,True,655392,True,True,False,False,True,False,False,DEFLATED,4194304,True
textures\ui\campmap_i_atlantis6.tga,Unknown,NormalExtraction,256,256,65536,1024,1024,1048576,1.0486,1024,DEFLATEDRGBA8,0,False,False,False,False,,100.0,1,0,0,0,True,True,655392,True,True,False,False,True,False,False,DEFLATED,4194304,True
textures\ui\campmap_i_atlantis7.tga,Unknown,NormalExtraction,256,256,65536,1024,1024,1048576,1.0486,1024,DEFLATEDRGBA8,0,False,False,False,False,,100.0,1,0,0,0,True,True,655392,True,True,False,False,True,False,False,DEFLATED,4194304,True
textures\ui\campmap_i_egypt7.tga,Unknown,NormalExtraction,256,256,65536,1024,1024,1048576,1.0486,1024,DEFLATEDRGBA8,0,False,False,False,False,,100.0,1,0,0,0,True,True,655392,True,True,False,False,True,False,False,DEFLATED,4194304,True
textures\ui\campmap_i_greece7.tga,Unknown,NormalExtraction,256,256,65536,1024,1024,1048576,1.0486,1024,DEFLATEDRGBA8,0,False,False,False,False,,100.0,1,0,0,0,True,True,655392,True,True,False,False,True,False,False,DEFLATED,4194304,True
textures\ui\campmap_i_greece8.tga,Unknown,NormalExtraction,256,256,65536,1024,1024,1048576,1.0486,1024,DEFLATEDRGBA8,0,False,False,False,False,,100.0,1,0,0,0,True,True,655392,True,True,False,False,True,False,False,DEFLATED,4194304,True
textures\ui\campmap_i_new_atlantis6.tga,Unknown,NormalExtraction,256,256,65536,1024,1024,1048576,1.0486,1024,DEFLATEDRGBA8,0,False,False,False,False,,100.0,1,0,0,0,True,True,655392,True,True,False,False,True,False,False,DEFLATED,4194304,True
textures\ui\campmap_i_new_atlantis7.tga,Unknown,NormalExtraction,256,256,65536,1024,1024,1048576,1.0486,1024,DEFLATEDRGBA8,0,False,False,False,False,,100.0,1,0,0,0,True,True,655392,True,True,False,False,True,False,False,DEFLATED,4194304,True
textures\ui\campmap_i_norselands3.tga,Unknown,NormalExtraction,256,256,65536,1024,1024,1048576,1.0486,1024,DEFLATEDRGBA8,0,False,False,False,False,,100.0,1,0,0,0,True,True,655392,True,True,False,False,True,False,False,DEFLATED,4194304,True
textures\ui\campmap_i_norselands4.tga,Unknown,NormalExtraction,256,256,65536,1024,1024,1048576,1.0486,1024,DEFLATEDRGBA8,0,False,False,False,False,,100.0,1,0,0,0,True,True,655392,True,True,False,False,True,False,False,DEFLATED,4194304,True
textures\ui\campmap_k_atlantis6.tga,Unknown,NormalExtraction,256,256,65536,1024,1024,1048576,1.0486,1024,DEFLATEDRGBA8,0,False,False,False,False,,100.0,1,0,0,0,True,True,655392,True,True,False,False,True,False,False,DEFLATED,4194304,True
textures\ui\campmap_k_atlantis7.tga,Unknown,NormalExtraction,256,256,65536,1024,1024,1048576,1.0486,1024,DEFLATEDRGBA8,0,False,False,False,False,,100.0,1,0,0,0,True,True,655392,True,True,False,False,True,False,False,DEFLATED,4194304,True
textures\ui\campmap_k_egypt7.tga,Unknown,NormalExtraction,256,256,65536,1024,1024,1048576,1.0486,1024,DEFLATEDRGBA8,0,False,False,False,False,,100.0,1,0,0,0,True,True,655392,True,True,False,False,True,False,False,DEFLATED,4194304,True
textures\ui\campmap_k_greece7.tga,Unknown,NormalExtraction,256,256,65536,1024,1024,1048576,1.0486,1024,DEFLATEDRGBA8,0,False,False,False,False,,100.0,1,0,0,0,True,True,655392,True,True,False,False,True,False,False,DEFLATED,4194304,True
textures\ui\campmap_k_greece8.tga,Unknown,NormalExtraction,256,256,65536,1024,1024,1048576,1.0486,1024,DEFLATEDRGBA8,0,False,False,False,False,,100.0,1,0,0,0,True,True,655392,True,True,False,False,True,False,False,DEFLATED,4194304,True
textures\ui\campmap_k_new_atlantis6.tga,Unknown,NormalExtraction,256,256,65536,1024,1024,1048576,1.0486,1024,DEFLATEDRGBA8,0,False,False,False,False,,100.0,1,0,0,0,True,True,655392,True,True,False,False,True,False,False,DEFLATED,4194304,True
textures\ui\campmap_k_new_atlantis7.tga,Unknown,NormalExtraction,256,256,65536,1024,1024,1048576,1.0486,1024,DEFLATEDRGBA8,0,False,False,False,False,,100.0,1,0,0,0,True,True,655392,True,True,False,False,True,False,False,DEFLATED,4194304,True
textures\ui\campmap_k_norselands3.tga,Unknown,NormalExtraction,256,256,65536,1024,1024,1048576,1.0486,1024,DEFLATEDRGBA8,0,False,False,False,False,,100.0,1,0,0,0,True,True,655392,True,True,False,False,True,False,False,DEFLATED,4194304,True
textures\ui\campmap_k_norselands4.tga,Unknown,NormalExtraction,256,256,65536,1024,1024,1048576,1.0486,1024,DEFLATEDRGBA8,0,False,False,False,False,,100.0,1,0,0,0,True,True,655392,True,True,False,False,True,False,False,DEFLATED,4194304,True
textures\ui\campmap_new_atlantis1.tga,Unknown,NormalExtraction,256,256,65536,1024,1024,1048576,1.0486,1024,DEFLATEDRGBA8,0,False,False,False,False,,100.0,1,0,0,0,True,True,655392,True,True,False,False,True,False,False,DEFLATED,4194304,True
textures\ui\campmap_new_atlantis10.tga,Unknown,NormalExtraction,256,256,65536,1024,1024,1048576,1.0486,1024,DEFLATEDRGBA8,0,False,False,False,False,,100.0,1,0,0,0,True,True,655392,True,True,False,False,True,False,False,DEFLATED,4194304,True
textures\ui\campmap_new_atlantis11.tga,Unknown,NormalExtraction,256,256,65536,1024,1024,1048576,1.0486,1024,DEFLATEDRGBA8,0,False,False,False,False,,100.0,1,0,0,0,True,True,655392,True,True,False,False,True,False,False,DEFLATED,4194304,True
textures\ui\campmap_new_atlantis12.tga,Unknown,NormalExtraction,256,256,65536,1024,1024,1048576,1.0486,1024,DEFLATEDRGBA8,0,False,False,False,False,,100.0,1,0,0,0,True,True,655392,True,True,False,False,True,False,False,DEFLATED,4194304,True
textures\ui\campmap_new_atlantis2.tga,Unknown,NormalExtraction,256,256,65536,1024,1024,1048576,1.0486,1024,DEFLATEDRGBA8,0,False,False,False,False,,100.0,1,0,0,0,True,True,655392,True,True,False,False,True,False,False,DEFLATED,4194304,True
textures\ui\campmap_new_atlantis3.tga,Unknown,NormalExtraction,256,256,65536,1024,1024,1048576,1.0486,1024,DEFLATEDRGBA8,0,False,False,False,False,,100.0,1,0,0,0,True,True,655392,True,True,False,False,True,False,False,DEFLATED,4194304,True
textures\ui\campmap_new_atlantis4.tga,Unknown,NormalExtraction,256,256,65536,1024,1024,1048576,1.0486,1024,DEFLATEDRGBA8,0,False,False,False,False,,100.0,1,0,0,0,True,True,655392,True,True,False,False,True,False,False,DEFLATED,4194304,True
textures\ui\campmap_new_atlantis5.tga,Unknown,NormalExtraction,256,256,65536,1024,1024,1048576,1.0486,1024,DEFLATEDRGBA8,0,False,False,False,False,,100.0,1,0,0,0,True,True,655392,True,True,False,False,True,False,False,DEFLATED,4194304,True
textures\ui\campmap_new_atlantis6.tga,Unknown,NormalExtraction,256,256,65536,1024,1024,1048576,1.0486,1024,DEFLATEDRGBA8,0,False,False,False,False,,100.0,1,0,0,0,True,True,655392,True,True,False,False,True,False,False,DEFLATED,4194304,True
textures\ui\campmap_new_atlantis7.tga,Unknown,NormalExtraction,256,256,65536,1024,1024,1048576,1.0486,1024,DEFLATEDRGBA8,0,False,False,False,False,,100.0,1,0,0,0,True,True,655392,True,True,False,False,True,False,False,DEFLATED,4194304,True
textures\ui\campmap_new_atlantis8.tga,Unknown,NormalExtraction,256,256,65536,1024,1024,1048576,1.0486,1024,DEFLATEDRGBA8,0,False,False,False,False,,100.0,1,0,0,0,True,True,655392,True,True,False,False,True,False,False,DEFLATED,4194304,True
textures\ui\campmap_new_atlantis9.tga,Unknown,NormalExtraction,256,256,65536,1024,1024,1048576,1.0486,1024,DEFLATEDRGBA8,0,False,False,False,False,,100.0,1,0,0,0,True,True,655392,True,True,False,False,True,False,False,DEFLATED,4194304,True
textures\ui\campmap_norselands1.tga,Unknown,NormalExtraction,256,256,65536,1024,1024,1048576,1.0486,1024,DEFLATEDRGBA8,0,False,False,False,False,,100.0,1,0,0,0,True,True,655392,True,True,False,False,True,False,False,DEFLATED,4194304,True
textures\ui\campmap_norselands10.tga,Unknown,NormalExtraction,256,256,65536,1024,1024,1048576,1.0486,1024,DEFLATEDRGBA8,0,False,False,False,False,,100.0,1,0,0,0,True,True,655392,True,True,False,False,True,False,False,DEFLATED,4194304,True
textures\ui\campmap_norselands11.tga,Unknown,NormalExtraction,256,256,65536,1024,1024,1048576,1.0486,1024,DEFLATEDRGBA8,0,False,False,False,False,,100.0,1,0,0,0,True,True,655392,True,True,False,False,True,False,False,DEFLATED,4194304,True
textures\ui\campmap_norselands12.tga,Unknown,NormalExtraction,256,256,65536,1024,1024,1048576,1.0486,1024,DEFLATEDRGBA8,0,False,False,False,False,,100.0,1,0,0,0,True,True,655392,True,True,False,False,True,False,False,DEFLATED,4194304,True
textures\ui\campmap_norselands2.tga,Unknown,NormalExtraction,256,256,65536,1024,1024,1048576,1.0486,1024,DEFLATEDRGBA8,0,False,False,False,False,,100.0,1,0,0,0,True,True,655392,True,True,False,False,True,False,False,DEFLATED,4194304,True
textures\ui\campmap_norselands3.tga,Unknown,NormalExtraction,256,256,65536,1024,1024,1048576,1.0486,1024,DEFLATEDRGBA8,0,False,False,False,False,,100.0,1,0,0,0,True,True,655392,True,True,False,False,True,False,False,DEFLATED,4194304,True
textures\ui\campmap_norselands4.tga,Unknown,NormalExtraction,256,256,65536,1024,1024,1048576,1.0486,1024,DEFLATEDRGBA8,0,False,False,False,False,,100.0,1,0,0,0,True,True,655392,True,True,False,False,True,False,False,DEFLATED,4194304,True
textures\ui\campmap_norselands5.tga,Unknown,NormalExtraction,256,256,65536,1024,1024,1048576,1.0486,1024,DEFLATEDRGBA8,0,False,False,False,False,,100.0,1,0,0,0,True,True,655392,True,True,False,False,True,False,False,DEFLATED,4194304,True
textures\ui\campmap_norselands6.tga,Unknown,NormalExtraction,256,256,65536,1024,1024,1048576,1.0486,1024,DEFLATEDRGBA8,0,False,False,False,False,,100.0,1,0,0,0,True,True,655392,True,True,False,False,True,False,False,DEFLATED,4194304,True
textures\ui\campmap_norselands7.tga,Unknown,NormalExtraction,256,256,65536,1024,1024,1048576,1.0486,1024,DEFLATEDRGBA8,0,False,False,False,False,,100.0,1,0,0,0,True,True,655392,True,True,False,False,True,False,False,DEFLATED,4194304,True
textures\ui\campmap_norselands8.tga,Unknown,NormalExtraction,256,256,65536,1024,1024,1048576,1.0486,1024,DEFLATEDRGBA8,0,False,False,False,False,,100.0,1,0,0,0,True,True,655392,True,True,False,False,True,False,False,DEFLATED,4194304,True
textures\ui\campmap_norselands9.tga,Unknown,NormalExtraction,256,256,65536,1024,1024,1048576,1.0486,1024,DEFLATEDRGBA8,0,False,False,False,False,,100.0,1,0,0,0,True,True,655392,True,True,False,False,True,False,False,DEFLATED,4194304,True
textures\ui\campmap_s_atlantis6.tga,Unknown,NormalExtraction,256,256,65536,1024,1024,1048576,1.0486,1024,DEFLATEDRGBA8,0,False,False,False,False,,100.0,1,0,0,0,True,True,655392,True,True,False,False,True,False,False,DEFLATED,4194304,True
textures\ui\campmap_s_atlantis7.tga,Unknown,NormalExtraction,256,256,65536,1024,1024,1048576,1.0486,1024,DEFLATEDRGBA8,0,False,False,False,False,,100.0,1,0,0,0,True,True,655392,True,True,False,False,True,False,False,DEFLATED,4194304,True
textures\ui\campmap_s_egypt7.tga,Unknown,NormalExtraction,256,256,65536,1024,1024,1048576,1.0486,1024,DEFLATEDRGBA8,0,False,False,False,False,,100.0,1,0,0,0,True,True,655392,True,True,False,False,True,False,False,DEFLATED,4194304,True
textures\ui\campmap_s_greece7.tga,Unknown,NormalExtraction,256,256,65536,1024,1024,1048576,1.0486,1024,DEFLATEDRGBA8,0,False,False,False,False,,100.0,1,0,0,0,True,True,655392,True,True,False,False,True,False,False,DEFLATED,4194304,True
textures\ui\campmap_s_greece8.tga,Unknown,NormalExtraction,256,256,65536,1024,1024,1048576,1.0486,1024,DEFLATEDRGBA8,0,False,False,False,False,,100.0,1,0,0,0,True,True,655392,True,True,False,False,True,False,False,DEFLATED,4194304,True
textures\ui\campmap_s_new_atlantis6.tga,Unknown,NormalExtraction,256,256,65536,1024,1024,1048576,1.0486,1024,DEFLATEDRGBA8,0,False,False,False,False,,100.0,1,0,0,0,True,True,655392,True,True,False,False,True,False,False,DEFLATED,4194304,True
textures\ui\campmap_s_new_atlantis7.tga,Unknown,NormalExtraction,256,256,65536,1024,1024,1048576,1.0486,1024,DEFLATEDRGBA8,0,False,False,False,False,,100.0,1,0,0,0,True,True,655392,True,True,False,False,True,False,False,DEFLATED,4194304,True
textures\ui\campmap_s_norselands3.tga,Unknown,NormalExtraction,256,256,65536,1024,1024,1048576,1.0486,1024,DEFLATEDRGBA8,0,False,False,False,False,,100.0,1,0,0,0,True,True,655392,True,True,False,False,True,False,False,DEFLATED,4194304,True
textures\ui\campmap_s_norselands4.tga,Unknown,NormalExtraction,256,256,65536,1024,1024,1048576,1.0486,1024,DEFLATEDRGBA8,0,False,False,False,False,,100.0,1,0,0,0,True,True,655392,True,True,False,False,True,False,False,DEFLATED,4194304,True
textures\ui\cn\campmap_atlantis6.tga,Unknown,NormalExtraction,256,256,65536,1024,1024,1048576,1.0486,1024,BC3,0,False,False,False,False,,100.0,1,0,0,0,True,True,1048600,True,True,False,False,True,False,False,BC3,4194304,True
textures\ui\cn\campmap_atlantis7.tga,Unknown,NormalExtraction,256,256,65536,1024,1024,1048576,1.0486,1024,BC3,0,False,False,False,False,,100.0,1,0,0,0,True,True,1048600,True,True,False,False,True,False,False,BC3,4194304,True
textures\ui\cn\campmap_china7.tga,Unknown,NormalExtraction,256,256,65536,1024,1024,1048576,1.0486,1024,DEFLATEDRGBA8,0,False,False,False,False,,100.0,1,0,0,0,True,True,655392,True,True,False,False,True,False,False,DEFLATED,4194304,True
textures\ui\cn\campmap_egypt7.tga,Unknown,NormalExtraction,256,256,65536,1024,1024,1048576,1.0486,1024,BC3,0,False,False,False,False,,100.0,1,0,0,0,True,True,1048600,True,True,False,False,True,False,False,BC3,4194304,True
textures\ui\cn\campmap_greece7.tga,Unknown,NormalExtraction,256,256,65536,1024,1024,1048576,1.0486,1024,BC3,0,False,False,False,False,,100.0,1,0,0,0,True,True,1048600,True,True,False,False,True,False,False,BC3,4194304,True
textures\ui\cn\campmap_new_atlantis6.tga,Unknown,NormalExtraction,256,256,65536,1024,1024,1048576,1.0486,1024,BC3,0,False,False,False,False,,100.0,1,0,0,0,True,True,1048600,True,True,False,False,True,False,False,BC3,4194304,True
textures\ui\cn\campmap_new_atlantis7.tga,Unknown,NormalExtraction,256,256,65536,1024,1024,1048576,1.0486,1024,BC3,0,False,False,False,False,,100.0,1,0,0,0,True,True,1048600,True,True,False,False,True,False,False,BC3,4194304,True
textures\ui\cn\campmap_norselands3.tga,Unknown,NormalExtraction,256,256,65536,1024,1024,1048576,1.0486,1024,BC3,0,False,False,False,False,,100.0,1,0,0,0,True,True,1048600,True,True,False,False,True,False,False,BC3,4194304,True
textures\ui\de\campmap_atlantis6.tga,Unknown,NormalExtraction,256,256,65536,1024,1024,1048576,1.0486,1024,BC3,0,False,False,False,False,,100.0,1,0,0,0,True,True,1048600,True,True,False,False,True,False,False,BC3,4194304,True
textures\ui\de\campmap_atlantis7.tga,Unknown,NormalExtraction,256,256,65536,1024,1024,1048576,1.0486,1024,BC3,0,False,False,False,False,,100.0,1,0,0,0,True,True,1048600,True,True,False,False,True,False,False,BC3,4194304,True
textures\ui\de\campmap_china7.tga,Unknown,NormalExtraction,256,256,65536,1024,1024,1048576,1.0486,1024,DEFLATEDRGBA8,0,False,False,False,False,,100.0,1,0,0,0,True,True,655392,True,True,False,False,True,False,False,DEFLATED,4194304,True
textures\ui\de\campmap_egypt7.tga,Unknown,NormalExtraction,256,256,65536,1024,1024,1048576,1.0486,1024,BC3,0,False,False,False,False,,100.0,1,0,0,0,True,True,1048600,True,True,False,False,True,False,False,BC3,4194304,True
textures\ui\de\campmap_greece7.tga,Unknown,NormalExtraction,256,256,65536,1024,1024,1048576,1.0486,1024,BC3,0,False,False,False,False,,100.0,1,0,0,0,True,True,1048600,True,True,False,False,True,False,False,BC3,4194304,True
textures\ui\de\campmap_greece8.tga,Unknown,NormalExtraction,256,256,65536,1024,1024,1048576,1.0486,1024,BC3,0,False,False,False,False,,100.0,1,0,0,0,True,True,1048600,True,True,False,False,True,False,False,BC3,4194304,True
textures\ui\de\campmap_new_atlantis6.tga,Unknown,NormalExtraction,256,256,65536,1024,1024,1048576,1.0486,1024,BC3,0,False,False,False,False,,100.0,1,0,0,0,True,True,1048600,True,True,False,False,True,False,False,BC3,4194304,True
textures\ui\de\campmap_new_atlantis7.tga,Unknown,NormalExtraction,256,256,65536,1024,1024,1048576,1.0486,1024,BC3,0,False,False,False,False,,100.0,1,0,0,0,True,True,1048600,True,True,False,False,True,False,False,BC3,4194304,True
textures\ui\de\campmap_norselands3.tga,Unknown,NormalExtraction,256,256,65536,1024,1024,1048576,1.0486,1024,BC3,0,False,False,False,False,,100.0,1,0,0,0,True,True,1048600,True,True,False,False,True,False,False,BC3,4194304,True
textures\ui\de\campmap_norselands4.tga,Unknown,NormalExtraction,256,256,65536,1024,1024,1048576,1.0486,1024,BC3,0,False,False,False,False,,100.0,1,0,0,0,True,True,1048600,True,True,False,False,True,False,False,BC3,4194304,True
textures\ui\ensemble logo.tga,Unknown,NormalExtraction,256,64,16384,1024,256,262144,0.2621,1024,DEFLATEDRGBA8,4,False,False,False,False,,100.0,9,0,0,0,True,True,163872,True,True,False,False,False,False,False,DEFLATED,1048576,True
textures\ui\es online logo bright.tga,Unknown,NormalExtraction,256,32,8192,1024,128,131072,0.1311,1024,DEFLATEDRGBA8,4,False,False,False,False,,29.761,16,0,0,0,True,True,81952,True,True,False,False,False,False,False,DEFLATED,524288,True
textures\ui\es online logo long.tga,Unknown,NormalExtraction,256,32,8192,1024,128,131072,0.1311,1024,DEFLATEDRGBA8,4,False,False,False,False,,32.861,16,0,0,0,True,True,81952,True,True,False,False,False,False,False,DEFLATED,524288,True
textures\ui\es online logo tall.tga,Unknown,NormalExtraction,256,128,32768,1024,512,524288,0.5243,1024,DEFLATEDRGBA8,4,False,False,False,False,,14.438,16,0,0,0,True,True,327712,True,True,False,False,False,False,False,DEFLATED,2097152,True
textures\ui\es\campmap_atlantis6.tga,Unknown,NormalExtraction,256,256,65536,1024,1024,1048576,1.0486,1024,BC3,0,False,False,False,False,,100.0,1,0,0,0,True,True,1048600,True,True,False,False,True,False,False,BC3,4194304,True
textures\ui\es\campmap_atlantis7.tga,Unknown,NormalExtraction,256,256,65536,1024,1024,1048576,1.0486,1024,BC3,0,False,False,False,False,,100.0,1,0,0,0,True,True,1048600,True,True,False,False,True,False,False,BC3,4194304,True
textures\ui\es\campmap_china7.tga,Unknown,NormalExtraction,256,256,65536,1024,1024,1048576,1.0486,1024,DEFLATEDRGBA8,0,False,False,False,False,,100.0,1,0,0,0,True,True,655392,True,True,False,False,True,False,False,DEFLATED,4194304,True
textures\ui\es\campmap_egypt7.tga,Unknown,NormalExtraction,256,256,65536,1024,1024,1048576,1.0486,1024,BC3,0,False,False,False,False,,100.0,1,0,0,0,True,True,1048600,True,True,False,False,True,False,False,BC3,4194304,True
textures\ui\es\campmap_greece7.tga,Unknown,NormalExtraction,256,256,65536,1024,1024,1048576,1.0486,1024,BC3,0,False,False,False,False,,100.0,1,0,0,0,True,True,1048600,True,True,False,False,True,False,False,BC3,4194304,True
textures\ui\es\campmap_new_atlantis6.tga,Unknown,NormalExtraction,256,256,65536,1024,1024,1048576,1.0486,1024,BC3,0,False,False,False,False,,100.0,1,0,0,0,True,True,1048600,True,True,False,False,True,False,False,BC3,4194304,True
textures\ui\es\campmap_new_atlantis7.tga,Unknown,NormalExtraction,256,256,65536,1024,1024,1048576,1.0486,1024,BC3,0,False,False,False,False,,100.0,1,0,0,0,True,True,1048600,True,True,False,False,True,False,False,BC3,4194304,True
textures\ui\es\campmap_norselands3.tga,Unknown,NormalExtraction,256,256,65536,1024,1024,1048576,1.0486,1024,BC3,0,False,False,False,False,,100.0,1,0,0,0,True,True,1048600,True,True,False,False,True,False,False,BC3,4194304,True
textures\ui\es\campmap_norselands4.tga,Unknown,NormalExtraction,256,256,65536,1024,1024,1048576,1.0486,1024,BC3,0,False,False,False,False,,100.0,1,0,0,0,True,True,1048600,True,True,False,False,True,False,False,BC3,4194304,True
textures\ui\fr\campmap_atlantis6.tga,Unknown,NormalExtraction,256,256,65536,1024,1024,1048576,1.0486,1024,BC3,0,False,False,False,False,,100.0,1,0,0,0,True,True,1048600,True,True,False,False,True,False,False,BC3,4194304,True
textures\ui\fr\campmap_atlantis7.tga,Unknown,NormalExtraction,256,256,65536,1024,1024,1048576,1.0486,1024,BC3,0,False,False,False,False,,100.0,1,0,0,0,True,True,1048600,True,True,False,False,True,False,False,BC3,4194304,True
textures\ui\fr\campmap_china7.tga,Unknown,NormalExtraction,256,256,65536,1024,1024,1048576,1.0486,1024,DEFLATEDRGBA8,0,False,False,False,False,,100.0,1,0,0,0,True,True,655392,True,True,False,False,True,False,False,DEFLATED,4194304,True
textures\ui\fr\campmap_egypt7.tga,Unknown,NormalExtraction,256,256,65536,1024,1024,1048576,1.0486,1024,BC3,0,False,False,False,False,,100.0,1,0,0,0,True,True,1048600,True,True,False,False,True,False,False,BC3,4194304,True
textures\ui\fr\campmap_greece7.tga,Unknown,NormalExtraction,256,256,65536,1024,1024,1048576,1.0486,1024,BC3,0,False,False,False,False,,100.0,1,0,0,0,True,True,1048600,True,True,False,False,True,False,False,BC3,4194304,True
textures\ui\fr\campmap_new_atlantis6.tga,Unknown,NormalExtraction,256,256,65536,1024,1024,1048576,1.0486,1024,BC3,0,False,False,False,False,,100.0,1,0,0,0,True,True,1048600,True,True,False,False,True,False,False,BC3,4194304,True
textures\ui\fr\campmap_new_atlantis7.tga,Unknown,NormalExtraction,256,256,65536,1024,1024,1048576,1.0486,1024,BC3,0,False,False,False,False,,100.0,1,0,0,0,True,True,1048600,True,True,False,False,True,False,False,BC3,4194304,True
textures\ui\fr\campmap_norselands3.tga,Unknown,NormalExtraction,256,256,65536,1024,1024,1048576,1.0486,1024,BC3,0,False,False,False,False,,100.0,1,0,0,0,True,True,1048600,True,True,False,False,True,False,False,BC3,4194304,True
textures\ui\fr\campmap_norselands4.tga,Unknown,NormalExtraction,256,256,65536,1024,1024,1048576,1.0486,1024,BC3,0,False,False,False,False,,100.0,1,0,0,0,True,True,1048600,True,True,False,False,True,False,False,BC3,4194304,True
textures\ui\god minor portrait egypt sekhmet.tga,Unknown,NormalExtraction,256,256,65536,1024,1024,1048576,1.0486,1024,DEFLATEDRGBA8,0,False,False,False,False,,100.0,1,0,0,0,True,True,655392,True,True,False,False,True,False,False,DEFLATED,4194304,True
textures\ui\god minor portrait greek aphrodite.tga,Unknown,NormalExtraction,256,256,65536,1024,1024,1048576,1.0486,1024,DEFLATEDRGBA8,0,False,False,False,False,,100.0,1,0,0,0,True,True,655392,True,True,False,False,True,False,False,DEFLATED,4194304,True
textures\ui\god minor portrait norse heimdall.tga,Unknown,NormalExtraction,256,256,65536,1024,1024,1048576,1.0486,1024,DEFLATEDRGBA8,0,False,False,False,False,,100.0,1,0,0,0,True,True,655392,True,True,False,False,True,False,False,DEFLATED,4194304,True
textures\ui\god minor portrait norse njord.tga,Unknown,NormalExtraction,256,256,65536,1024,1024,1048576,1.0486,1024,DEFLATEDRGBA8,0,False,False,False,False,,100.0,1,0,0,0,True,True,655392,True,True,False,False,True,False,False,DEFLATED,4194304,True
textures\ui\it\campmap_atlantis6.tga,Unknown,NormalExtraction,256,256,65536,1024,1024,1048576,1.0486,1024,BC3,0,False,False,False,False,,100.0,1,0,0,0,True,True,1048600,True,True,False,False,True,False,False,BC3,4194304,True
textures\ui\it\campmap_atlantis7.tga,Unknown,NormalExtraction,256,256,65536,1024,1024,1048576,1.0486,1024,BC3,0,False,False,False,False,,100.0,1,0,0,0,True,True,1048600,True,True,False,False,True,False,False,BC3,4194304,True
textures\ui\it\campmap_china7.tga,Unknown,NormalExtraction,256,256,65536,1024,1024,1048576,1.0486,1024,DEFLATEDRGBA8,0,False,False,False,False,,100.0,1,0,0,0,True,True,655392,True,True,False,False,True,False,False,DEFLATED,4194304,True
textures\ui\it\campmap_egypt7.tga,Unknown,NormalExtraction,256,256,65536,1024,1024,1048576,1.0486,1024,BC3,0,False,False,False,False,,100.0,1,0,0,0,True,True,1048600,True,True,False,False,True,False,False,BC3,4194304,True
textures\ui\it\campmap_greece7.tga,Unknown,NormalExtraction,256,256,65536,1024,1024,1048576,1.0486,1024,BC3,0,False,False,False,False,,100.0,1,0,0,0,True,True,1048600,True,True,False,False,True,False,False,BC3,4194304,True
textures\ui\it\campmap_new_atlantis6.tga,Unknown,NormalExtraction,256,256,65536,1024,1024,1048576,1.0486,1024,BC3,0,False,False,False,False,,100.0,1,0,0,0,True,True,1048600,True,True,False,False,True,False,False,BC3,4194304,True
textures\ui\it\campmap_new_atlantis7.tga,Unknown,NormalExtraction,256,256,65536,1024,1024,1048576,1.0486,1024,BC3,0,False,False,False,False,,100.0,1,0,0,0,True,True,1048600,True,True,False,False,True,False,False,BC3,4194304,True
textures\ui\it\campmap_norselands3.tga,Unknown,NormalExtraction,256,256,65536,1024,1024,1048576,1.0486,1024,BC3,0,False,False,False,False,,100.0,1,0,0,0,True,True,1048600,True,True,False,False,True,False,False,BC3,4194304,True
textures\ui\it\campmap_norselands4.tga,Unknown,NormalExtraction,256,256,65536,1024,1024,1048576,1.0486,1024,BC3,0,False,False,False,False,,100.0,1,0,0,0,True,True,1048600,True,True,False,False,True,False,False,BC3,4194304,True
textures\ui\jp\campmap_china7.tga,Unknown,NormalExtraction,256,256,65536,1024,1024,1048576,1.0486,1024,DEFLATEDRGBA8,0,False,False,False,False,,100.0,1,0,0,0,True,True,655392,True,True,False,False,True,False,False,DEFLATED,4194304,True
textures\ui\ko\campmap_atlantis6.tga,Unknown,NormalExtraction,256,256,65536,1024,1024,1048576,1.0486,1024,BC3,0,False,False,False,False,,100.0,1,0,0,0,True,True,1048600,True,True,False,False,True,False,False,BC3,4194304,True
textures\ui\ko\campmap_atlantis7.tga,Unknown,NormalExtraction,256,256,65536,1024,1024,1048576,1.0486,1024,BC3,0,False,False,False,False,,100.0,1,0,0,0,True,True,1048600,True,True,False,False,True,False,False,BC3,4194304,True
textures\ui\ko\campmap_china7.tga,Unknown,NormalExtraction,256,256,65536,1024,1024,1048576,1.0486,1024,DEFLATEDRGBA8,0,False,False,False,False,,100.0,1,0,0,0,True,True,655392,True,True,False,False,True,False,False,DEFLATED,4194304,True
textures\ui\ko\campmap_egypt7.tga,Unknown,NormalExtraction,256,256,65536,1024,1024,1048576,1.0486,1024,BC3,0,False,False,False,False,,100.0,1,0,0,0,True,True,1048600,True,True,False,False,True,False,False,BC3,4194304,True
textures\ui\ko\campmap_greece7.tga,Unknown,NormalExtraction,256,256,65536,1024,1024,1048576,1.0486,1024,BC3,0,False,False,False,False,,100.0,1,0,0,0,True,True,1048600,True,True,False,False,True,False,False,BC3,4194304,True
textures\ui\ko\campmap_new_atlantis6.tga,Unknown,NormalExtraction,256,256,65536,1024,1024,1048576,1.0486,1024,BC3,0,False,False,False,False,,100.0,1,0,0,0,True,True,1048600,True,True,False,False,True,False,False,BC3,4194304,True
textures\ui\ko\campmap_new_atlantis7.tga,Unknown,NormalExtraction,256,256,65536,1024,1024,1048576,1.0486,1024,BC3,0,False,False,False,False,,100.0,1,0,0,0,True,True,1048600,True,True,False,False,True,False,False,BC3,4194304,True
textures\ui\ko\campmap_norselands3.tga,Unknown,NormalExtraction,256,256,65536,1024,1024,1048576,1.0486,1024,BC3,0,False,False,False,False,,100.0,1,0,0,0,True,True,1048600,True,True,False,False,True,False,False,BC3,4194304,True
textures\ui\legend.tga,Unknown,NormalExtraction,256,256,65536,1024,1024,1048576,1.0486,1024,DEFLATEDRGBA8,0,False,False,False,False,,100.0,1,0,0,0,True,True,655392,True,True,False,False,True,False,False,DEFLATED,4194304,True
textures\ui\logo_forgottenempires.tga,Unknown,NormalExtraction,512,256,131072,2048,1024,2097152,2.0972,2048,DEFLATEDRGBA8,0,False,False,False,False,,16.756,256,0,0,0,True,True,1310752,True,True,True,False,False,False,False,DEFLATED,8388608,True
textures\ui\logo_microsoft.tga,Unknown,NormalExtraction,512,256,131072,2048,1024,2097152,2.0972,2048,DEFLATEDRGBA8,4,False,False,False,False,,19.508,256,0,0,0,True,True,1310752,True,True,True,False,False,False,False,DEFLATED,8388608,True
textures\ui\logo_skyboxlabs.tga,Unknown,NormalExtraction,512,256,131072,2048,1024,2097152,2.0972,2048,DEFLATEDRGBA8,4,False,False,False,False,,13.634,256,0,0,0,True,True,1310752,True,True,True,False,False,False,False,DEFLATED,8388608,True
textures\ui\logo-splash-forgotten-empires.tga,Unknown,NormalExtraction,1920,1080,2073600,7680,4320,33177600,33.1776,7680,DEFLATEDRGB8,0,False,False,False,False,,0.0,1,0,0,0,True,True,20736032,True,True,True,True,False,False,False,DEFLATED,132710400,True
textures\ui\logo-splash-microsoft.tga,Unknown,NormalExtraction,1280,720,921600,5120,2880,14745600,14.7456,5120,DEFLATEDRGBA8,4,False,False,False,False,,100.0,1,0,0,0,True,True,9216032,True,True,True,True,False,False,False,DEFLATED,58982400,True
textures\ui\logo-splash-skybox.tga,Unknown,NormalExtraction,1920,1080,2073600,7680,4320,33177600,33.1776,7680,DEFLATEDRGBA8,4,False,False,False,False,,100.0,1,0,0,0,True,True,20736032,True,True,True,True,False,False,False,DEFLATED,132710400,True
textures\ui\overlay_arrow_04a.tga,Unknown,NormalExtraction,256,32,8192,1024,128,131072,0.1311,1024,DEFLATEDRGBA8,4,False,False,False,False,,25.439,12,0,0,0,True,True,81952,True,True,False,False,False,False,False,DEFLATED,524288,True
textures\ui\overlay_arrow_09.tga,Unknown,NormalExtraction,256,64,16384,1024,256,262144,0.2621,1024,DEFLATEDRGBA8,4,False,False,False,False,,62.158,16,0,0,0,True,True,163872,True,True,False,False,False,False,False,DEFLATED,1048576,True
textures\ui\overlay_arrow_10.tga,Unknown,NormalExtraction,128,256,32768,512,1024,524288,0.5243,1024,DEFLATEDRGBA8,4,False,False,False,False,,22.617,16,0,0,0,True,True,327712,True,True,False,False,False,False,False,DEFLATED,2097152,True
textures\ui\overlay_arrow_11.tga,Unknown,NormalExtraction,64,256,16384,256,1024,262144,0.2621,1024,DEFLATEDRGBA8,4,False,False,False,False,,63.867,16,0,0,0,True,True,163872,True,True,False,False,False,False,False,DEFLATED,1048576,True
textures\ui\overlay_arrow_12.tga,Unknown,NormalExtraction,256,256,65536,1024,1024,1048576,1.0486,1024,DEFLATEDRGBA8,4,False,False,False,False,,13.147,16,0,0,0,True,True,655392,True,True,False,False,True,False,False,DEFLATED,4194304,True
textures\ui\overlay_arrow_12x.tga,Unknown,NormalExtraction,256,256,65536,1024,1024,1048576,1.0486,1024,DEFLATEDRGBA8,4,False,False,False,False,,15.569,16,0,0,0,True,True,655392,True,True,False,False,True,False,False,DEFLATED,4194304,True
textures\ui\overlay_arrow_16.tga,Unknown,NormalExtraction,128,256,32768,512,1024,524288,0.5243,1024,DEFLATEDRGBA8,4,False,False,False,False,,10.159,16,0,0,0,True,True,327712,True,True,False,False,False,False,False,DEFLATED,2097152,True
textures\ui\overlay_arrow_22.tga,Unknown,NormalExtraction,256,256,65536,1024,1024,1048576,1.0486,1024,DEFLATEDRGBA8,4,False,False,False,False,,8.476,16,0,0,0,True,True,655392,True,True,False,False,True,False,False,DEFLATED,4194304,True
textures\ui\overlay_ruins_12.tga,Unknown,NormalExtraction,256,256,65536,1024,1024,1048576,1.0486,1024,DEFLATEDRGBA8,4,False,False,False,False,,22.96,16,0,0,0,True,True,655392,True,True,False,False,True,False,False,DEFLATED,4194304,True
textures\ui\record game progress bar background.tga,Unknown,NormalExtraction,256,32,8192,1024,128,131072,0.1311,1024,DEFLATEDRGBA8,0,False,False,False,False,,100.0,1,0,0,0,True,True,81952,True,True,False,False,False,False,False,DEFLATED,524288,True
textures\ui\record game progress bar filler.tga,Unknown,NormalExtraction,256,32,8192,1024,128,131072,0.1311,1024,DEFLATEDRGBA8,0,False,False,False,False,,100.0,1,0,0,0,True,True,81952,True,True,False,False,False,False,False,DEFLATED,524288,True
textures\ui\screen shot a_01.tga,Unknown,NormalExtraction,256,256,65536,1024,1024,1048576,1.0486,1024,DEFLATEDRGBA8,0,False,False,False,False,,100.0,1,0,0,0,True,True,655392,True,True,False,False,True,False,False,DEFLATED,4194304,True
textures\ui\screen shot a_02.tga,Unknown,NormalExtraction,256,256,65536,1024,1024,1048576,1.0486,1024,DEFLATEDRGBA8,0,False,False,False,False,,100.0,1,0,0,0,True,True,655392,True,True,False,False,True,False,False,DEFLATED,4194304,True
textures\ui\screen shot a_03.tga,Unknown,NormalExtraction,256,256,65536,1024,1024,1048576,1.0486,1024,DEFLATEDRGBA8,0,False,False,False,False,,100.0,1,0,0,0,True,True,655392,True,True,False,False,True,False,False,DEFLATED,4194304,True
textures\ui\screen shot a_04.tga,Unknown,NormalExtraction,256,256,65536,1024,1024,1048576,1.0486,1024,DEFLATEDRGBA8,0,False,False,False,False,,100.0,1,0,0,0,True,True,655392,True,True,False,False,True,False,False,DEFLATED,4194304,True
textures\ui\screen shot a_05.tga,Unknown,NormalExtraction,256,256,65536,1024,1024,1048576,1.0486,1024,DEFLATEDRGBA8,0,False,False,False,False,,100.0,1,0,0,0,True,True,655392,True,True,False,False,True,False,False,DEFLATED,4194304,True
textures\ui\screen shot a_06.tga,Unknown,NormalExtraction,256,256,65536,1024,1024,1048576,1.0486,1024,DEFLATEDRGBA8,0,False,False,False,False,,100.0,1,0,0,0,True,True,655392,True,True,False,False,True,False,False,DEFLATED,4194304,True
textures\ui\screen shot a_07.tga,Unknown,NormalExtraction,256,256,65536,1024,1024,1048576,1.0486,1024,DEFLATEDRGBA8,0,False,False,False,False,,100.0,1,0,0,0,True,True,655392,True,True,False,False,True,False,False,DEFLATED,4194304,True
textures\ui\screen shot a_08.tga,Unknown,NormalExtraction,256,256,65536,1024,1024,1048576,1.0486,1024,DEFLATEDRGBA8,0,False,False,False,False,,100.0,1,0,0,0,True,True,655392,True,True,False,False,True,False,False,DEFLATED,4194304,True
textures\ui\screen shot a_09.tga,Unknown,NormalExtraction,256,256,65536,1024,1024,1048576,1.0486,1024,DEFLATEDRGBA8,0,False,False,False,False,,100.0,1,0,0,0,True,True,655392,True,True,False,False,True,False,False,DEFLATED,4194304,True
textures\ui\screen shot a_10.tga,Unknown,NormalExtraction,256,256,65536,1024,1024,1048576,1.0486,1024,DEFLATEDRGBA8,0,False,False,False,False,,100.0,1,0,0,0,True,True,655392,True,True,False,False,True,False,False,DEFLATED,4194304,True
textures\ui\screen shot a_11.tga,Unknown,NormalExtraction,256,256,65536,1024,1024,1048576,1.0486,1024,DEFLATEDRGBA8,0,False,False,False,False,,100.0,1,0,0,0,True,True,655392,True,True,False,False,True,False,False,DEFLATED,4194304,True
textures\ui\screen shot a_12.tga,Unknown,NormalExtraction,256,256,65536,1024,1024,1048576,1.0486,1024,DEFLATEDRGBA8,0,False,False,False,False,,100.0,1,0,0,0,True,True,655392,True,True,False,False,True,False,False,DEFLATED,4194304,True
textures\ui\searching bar_01.tga,Unknown,NormalExtraction,256,32,8192,1024,128,131072,0.1311,1024,DEFLATEDRGBA8,1,False,False,False,False,,97.021,2,0,0,0,True,True,81952,True,True,False,False,False,False,False,DEFLATED,524288,True
textures\ui\searching bar_02.tga,Unknown,NormalExtraction,256,32,8192,1024,128,131072,0.1311,1024,DEFLATEDRGBA8,1,False,False,False,False,,97.021,2,0,0,0,True,True,81952,True,True,False,False,False,False,False,DEFLATED,524288,True
textures\ui\searching bar_03.tga,Unknown,NormalExtraction,256,32,8192,1024,128,131072,0.1311,1024,DEFLATEDRGBA8,1,False,False,False,False,,97.021,2,0,0,0,True,True,81952,True,True,False,False,False,False,False,DEFLATED,524288,True
textures\ui\searching bar_04.tga,Unknown,NormalExtraction,256,32,8192,1024,128,131072,0.1311,1024,DEFLATEDRGBA8,1,False,False,False,False,,97.021,2,0,0,0,True,True,81952,True,True,False,False,False,False,False,DEFLATED,524288,True
textures\ui\searching bar_05.tga,Unknown,NormalExtraction,256,32,8192,1024,128,131072,0.1311,1024,DEFLATEDRGBA8,1,False,False,False,False,,97.021,2,0,0,0,True,True,81952,True,True,False,False,False,False,False,DEFLATED,524288,True
textures\ui\searching bar_06.tga,Unknown,NormalExtraction,256,32,8192,1024,128,131072,0.1311,1024,DEFLATEDRGBA8,1,False,False,False,False,,97.021,2,0,0,0,True,True,81952,True,True,False,False,False,False,False,DEFLATED,524288,True
textures\ui\searching bar_07.tga,Unknown,NormalExtraction,256,32,8192,1024,128,131072,0.1311,1024,DEFLATEDRGBA8,1,False,False,False,False,,97.021,2,0,0,0,True,True,81952,True,True,False,False,False,False,False,DEFLATED,524288,True
textures\ui\searching bar_08.tga,Unknown,NormalExtraction,256,32,8192,1024,128,131072,0.1311,1024,DEFLATEDRGBA8,1,False,False,False,False,,97.021,2,0,0,0,True,True,81952,True,True,False,False,False,False,False,DEFLATED,524288,True
textures\ui\start up1.tga,Unknown,NormalExtraction,256,256,65536,1024,1024,1048576,1.0486,1024,DEFLATEDRGBA8,0,False,False,False,False,,100.0,1,0,0,0,True,True,655392,True,True,False,False,True,False,False,DEFLATED,4194304,True
textures\ui\start up10.tga,Unknown,NormalExtraction,256,256,65536,1024,1024,1048576,1.0486,1024,DEFLATEDRGBA8,0,False,False,False,False,,100.0,1,0,0,0,True,True,655392,True,True,False,False,True,False,False,DEFLATED,4194304,True
textures\ui\start up11.tga,Unknown,NormalExtraction,256,256,65536,1024,1024,1048576,1.0486,1024,DEFLATEDRGBA8,0,False,False,False,False,,100.0,1,0,0,0,True,True,655392,True,True,False,False,True,False,False,DEFLATED,4194304,True
textures\ui\start up12.tga,Unknown,NormalExtraction,256,256,65536,1024,1024,1048576,1.0486,1024,DEFLATEDRGBA8,0,False,False,False,False,,100.0,1,0,0,0,True,True,655392,True,True,False,False,True,False,False,DEFLATED,4194304,True
textures\ui\start up2.tga,Unknown,NormalExtraction,256,256,65536,1024,1024,1048576,1.0486,1024,DEFLATEDRGBA8,0,False,False,False,False,,100.0,1,0,0,0,True,True,655392,True,True,False,False,True,False,False,DEFLATED,4194304,True
textures\ui\start up3.tga,Unknown,NormalExtraction,256,256,65536,1024,1024,1048576,1.0486,1024,DEFLATEDRGBA8,0,False,False,False,False,,100.0,1,0,0,0,True,True,655392,True,True,False,False,True,False,False,DEFLATED,4194304,True
textures\ui\start up4.tga,Unknown,NormalExtraction,256,256,65536,1024,1024,1048576,1.0486,1024,DEFLATEDRGBA8,0,False,False,False,False,,100.0,1,0,0,0,True,True,655392,True,True,False,False,True,False,False,DEFLATED,4194304,True
textures\ui\start up5.tga,Unknown,NormalExtraction,256,256,65536,1024,1024,1048576,1.0486,1024,DEFLATEDRGBA8,0,False,False,False,False,,100.0,1,0,0,0,True,True,655392,True,True,False,False,True,False,False,DEFLATED,4194304,True
textures\ui\start up6.tga,Unknown,NormalExtraction,256,256,65536,1024,1024,1048576,1.0486,1024,DEFLATEDRGBA8,0,False,False,False,False,,100.0,1,0,0,0,True,True,655392,True,True,False,False,True,False,False,DEFLATED,4194304,True
textures\ui\start up7.tga,Unknown,NormalExtraction,256,256,65536,1024,1024,1048576,1.0486,1024,DEFLATEDRGBA8,0,False,False,False,False,,100.0,1,0,0,0,True,True,655392,True,True,False,False,True,False,False,DEFLATED,4194304,True
textures\ui\start up8.tga,Unknown,NormalExtraction,256,256,65536,1024,1024,1048576,1.0486,1024,DEFLATEDRGBA8,0,False,False,False,False,,100.0,1,0,0,0,True,True,655392,True,True,False,False,True,False,False,DEFLATED,4194304,True
textures\ui\start up9.tga,Unknown,NormalExtraction,256,256,65536,1024,1024,1048576,1.0486,1024,DEFLATEDRGBA8,0,False,False,False,False,,100.0,1,0,0,0,True,True,655392,True,True,False,False,True,False,False,DEFLATED,4194304,True
textures\ui\techtreefuxi.tga,Unknown,NormalExtraction,1024,768,786432,4096,3072,12582912,12.5829,4096,DEFLATEDRGBA8,0,False,False,False,False,,100.0,1,0,0,0,True,True,7864352,True,True,True,True,False,False,False,DEFLATED,50331648,True
textures\ui\techtreegaia1.tga,Unknown,NormalExtraction,256,256,65536,1024,1024,1048576,1.0486,1024,DEFLATEDRGBA8,0,False,False,False,False,,100.0,1,0,0,0,True,True,655392,True,True,False,False,True,False,False,DEFLATED,4194304,True
textures\ui\techtreegaia10.tga,Unknown,NormalExtraction,256,256,65536,1024,1024,1048576,1.0486,1024,DEFLATEDRGBA8,0,False,False,False,False,,100.0,1,0,0,0,True,True,655392,True,True,False,False,True,False,False,DEFLATED,4194304,True
textures\ui\techtreegaia11.tga,Unknown,NormalExtraction,256,256,65536,1024,1024,1048576,1.0486,1024,DEFLATEDRGBA8,0,False,False,False,False,,100.0,1,0,0,0,True,True,655392,True,True,False,False,True,False,False,DEFLATED,4194304,True
textures\ui\techtreegaia12.tga,Unknown,NormalExtraction,256,256,65536,1024,1024,1048576,1.0486,1024,DEFLATEDRGBA8,0,False,False,False,False,,100.0,1,0,0,0,True,True,655392,True,True,False,False,True,False,False,DEFLATED,4194304,True
textures\ui\techtreegaia2.tga,Unknown,NormalExtraction,256,256,65536,1024,1024,1048576,1.0486,1024,DEFLATEDRGBA8,0,False,False,False,False,,100.0,1,0,0,0,True,True,655392,True,True,False,False,True,False,False,DEFLATED,4194304,True
textures\ui\techtreegaia3.tga,Unknown,NormalExtraction,256,256,65536,1024,1024,1048576,1.0486,1024,DEFLATEDRGBA8,0,False,False,False,False,,100.0,1,0,0,0,True,True,655392,True,True,False,False,True,False,False,DEFLATED,4194304,True
textures\ui\techtreegaia4.tga,Unknown,NormalExtraction,256,256,65536,1024,1024,1048576,1.0486,1024,DEFLATEDRGBA8,0,False,False,False,False,,100.0,1,0,0,0,True,True,655392,True,True,False,False,True,False,False,DEFLATED,4194304,True
textures\ui\techtreegaia5.tga,Unknown,NormalExtraction,256,256,65536,1024,1024,1048576,1.0486,1024,DEFLATEDRGBA8,0,False,False,False,False,,100.0,1,0,0,0,True,True,655392,True,True,False,False,True,False,False,DEFLATED,4194304,True
textures\ui\techtreegaia6.tga,Unknown,NormalExtraction,256,256,65536,1024,1024,1048576,1.0486,1024,DEFLATEDRGBA8,0,False,False,False,False,,100.0,1,0,0,0,True,True,655392,True,True,False,False,True,False,False,DEFLATED,4194304,True
textures\ui\techtreegaia7.tga,Unknown,NormalExtraction,256,256,65536,1024,1024,1048576,1.0486,1024,DEFLATEDRGBA8,0,False,False,False,False,,100.0,1,0,0,0,True,True,655392,True,True,False,False,True,False,False,DEFLATED,4194304,True
textures\ui\techtreegaia8.tga,Unknown,NormalExtraction,256,256,65536,1024,1024,1048576,1.0486,1024,DEFLATEDRGBA8,0,False,False,False,False,,100.0,1,0,0,0,True,True,655392,True,True,False,False,True,False,False,DEFLATED,4194304,True
textures\ui\techtreegaia9.tga,Unknown,NormalExtraction,256,256,65536,1024,1024,1048576,1.0486,1024,DEFLATEDRGBA8,0,False,False,False,False,,100.0,1,0,0,0,True,True,655392,True,True,False,False,True,False,False,DEFLATED,4194304,True
textures\ui\techtreehades1.tga,Unknown,NormalExtraction,256,256,65536,1024,1024,1048576,1.0486,1024,DEFLATEDRGBA8,0,False,False,False,False,,100.0,1,0,0,0,True,True,655392,True,True,False,False,True,False,False,DEFLATED,4194304,True
textures\ui\techtreehades10.tga,Unknown,NormalExtraction,256,256,65536,1024,1024,1048576,1.0486,1024,DEFLATEDRGBA8,0,False,False,False,False,,100.0,1,0,0,0,True,True,655392,True,True,False,False,True,False,False,DEFLATED,4194304,True
textures\ui\techtreehades11.tga,Unknown,NormalExtraction,256,256,65536,1024,1024,1048576,1.0486,1024,DEFLATEDRGBA8,0,False,False,False,False,,100.0,1,0,0,0,True,True,655392,True,True,False,False,True,False,False,DEFLATED,4194304,True
textures\ui\techtreehades12.tga,Unknown,NormalExtraction,256,256,65536,1024,1024,1048576,1.0486,1024,DEFLATEDRGBA8,0,False,False,False,False,,100.0,1,0,0,0,True,True,655392,True,True,False,False,True,False,False,DEFLATED,4194304,True
textures\ui\techtreehades2.tga,Unknown,NormalExtraction,256,256,65536,1024,1024,1048576,1.0486,1024,DEFLATEDRGBA8,0,False,False,False,False,,100.0,1,0,0,0,True,True,655392,True,True,False,False,True,False,False,DEFLATED,4194304,True
textures\ui\techtreehades3.tga,Unknown,NormalExtraction,256,256,65536,1024,1024,1048576,1.0486,1024,DEFLATEDRGBA8,0,False,False,False,False,,100.0,1,0,0,0,True,True,655392,True,True,False,False,True,False,False,DEFLATED,4194304,True
textures\ui\techtreehades4.tga,Unknown,NormalExtraction,256,256,65536,1024,1024,1048576,1.0486,1024,DEFLATEDRGBA8,0,False,False,False,False,,100.0,1,0,0,0,True,True,655392,True,True,False,False,True,False,False,DEFLATED,4194304,True
textures\ui\techtreehades5.tga,Unknown,NormalExtraction,256,256,65536,1024,1024,1048576,1.0486,1024,DEFLATEDRGBA8,0,False,False,False,False,,100.0,1,0,0,0,True,True,655392,True,True,False,False,True,False,False,DEFLATED,4194304,True
textures\ui\techtreehades6.tga,Unknown,NormalExtraction,256,256,65536,1024,1024,1048576,1.0486,1024,DEFLATEDRGBA8,0,False,False,False,False,,100.0,1,0,0,0,True,True,655392,True,True,False,False,True,False,False,DEFLATED,4194304,True
textures\ui\techtreehades7.tga,Unknown,NormalExtraction,256,256,65536,1024,1024,1048576,1.0486,1024,DEFLATEDRGBA8,0,False,False,False,False,,100.0,1,0,0,0,True,True,655392,True,True,False,False,True,False,False,DEFLATED,4194304,True
textures\ui\techtreehades8.tga,Unknown,NormalExtraction,256,256,65536,1024,1024,1048576,1.0486,1024,DEFLATEDRGBA8,0,False,False,False,False,,100.0,1,0,0,0,True,True,655392,True,True,False,False,True,False,False,DEFLATED,4194304,True
textures\ui\techtreehades9.tga,Unknown,NormalExtraction,256,256,65536,1024,1024,1048576,1.0486,1024,DEFLATEDRGBA8,0,False,False,False,False,,100.0,1,0,0,0,True,True,655392,True,True,False,False,True,False,False,DEFLATED,4194304,True
textures\ui\techtreeisis1.tga,Unknown,NormalExtraction,256,256,65536,1024,1024,1048576,1.0486,1024,DEFLATEDRGBA8,0,False,False,False,False,,100.0,1,0,0,0,True,True,655392,True,True,False,False,True,False,False,DEFLATED,4194304,True
textures\ui\techtreeisis10.tga,Unknown,NormalExtraction,256,256,65536,1024,1024,1048576,1.0486,1024,DEFLATEDRGBA8,0,False,False,False,False,,100.0,1,0,0,0,True,True,655392,True,True,False,False,True,False,False,DEFLATED,4194304,True
textures\ui\techtreeisis11.tga,Unknown,NormalExtraction,256,256,65536,1024,1024,1048576,1.0486,1024,DEFLATEDRGBA8,0,False,False,False,False,,100.0,1,0,0,0,True,True,655392,True,True,False,False,True,False,False,DEFLATED,4194304,True
textures\ui\techtreeisis12.tga,Unknown,NormalExtraction,256,256,65536,1024,1024,1048576,1.0486,1024,DEFLATEDRGBA8,0,False,False,False,False,,100.0,1,0,0,0,True,True,655392,True,True,False,False,True,False,False,DEFLATED,4194304,True
textures\ui\techtreeisis2.tga,Unknown,NormalExtraction,256,256,65536,1024,1024,1048576,1.0486,1024,DEFLATEDRGBA8,0,False,False,False,False,,100.0,1,0,0,0,True,True,655392,True,True,False,False,True,False,False,DEFLATED,4194304,True
textures\ui\techtreeisis3.tga,Unknown,NormalExtraction,256,256,65536,1024,1024,1048576,1.0486,1024,DEFLATEDRGBA8,0,False,False,False,False,,100.0,1,0,0,0,True,True,655392,True,True,False,False,True,False,False,DEFLATED,4194304,True
textures\ui\techtreeisis4.tga,Unknown,NormalExtraction,256,256,65536,1024,1024,1048576,1.0486,1024,DEFLATEDRGBA8,0,False,False,False,False,,100.0,1,0,0,0,True,True,655392,True,True,False,False,True,False,False,DEFLATED,4194304,True
textures\ui\techtreeisis5.tga,Unknown,NormalExtraction,256,256,65536,1024,1024,1048576,1.0486,1024,DEFLATEDRGBA8,0,False,False,False,False,,100.0,1,0,0,0,True,True,655392,True,True,False,False,True,False,False,DEFLATED,4194304,True
textures\ui\techtreeisis6.tga,Unknown,NormalExtraction,256,256,65536,1024,1024,1048576,1.0486,1024,DEFLATEDRGBA8,0,False,False,False,False,,100.0,1,0,0,0,True,True,655392,True,True,False,False,True,False,False,DEFLATED,4194304,True
textures\ui\techtreeisis7.tga,Unknown,NormalExtraction,256,256,65536,1024,1024,1048576,1.0486,1024,DEFLATEDRGBA8,0,False,False,False,False,,100.0,1,0,0,0,True,True,655392,True,True,False,False,True,False,False,DEFLATED,4194304,True
textures\ui\techtreeisis8.tga,Unknown,NormalExtraction,256,256,65536,1024,1024,1048576,1.0486,1024,DEFLATEDRGBA8,0,False,False,False,False,,100.0,1,0,0,0,True,True,655392,True,True,False,False,True,False,False,DEFLATED,4194304,True
textures\ui\techtreeisis9.tga,Unknown,NormalExtraction,256,256,65536,1024,1024,1048576,1.0486,1024,BC3,0,False,False,False,False,,100.0,1,0,0,0,True,True,1048600,True,True,False,False,True,False,False,BC3,4194304,True
textures\ui\techtreekronos1.tga,Unknown,NormalExtraction,256,256,65536,1024,1024,1048576,1.0486,1024,DEFLATEDRGBA8,0,False,False,False,False,,100.0,1,0,0,0,True,True,655392,True,True,False,False,True,False,False,DEFLATED,4194304,True
textures\ui\techtreekronos10.tga,Unknown,NormalExtraction,256,256,65536,1024,1024,1048576,1.0486,1024,DEFLATEDRGBA8,0,False,False,False,False,,100.0,1,0,0,0,True,True,655392,True,True,False,False,True,False,False,DEFLATED,4194304,True
textures\ui\techtreekronos11.tga,Unknown,NormalExtraction,256,256,65536,1024,1024,1048576,1.0486,1024,DEFLATEDRGBA8,0,False,False,False,False,,100.0,1,0,0,0,True,True,655392,True,True,False,False,True,False,False,DEFLATED,4194304,True
textures\ui\techtreekronos12.tga,Unknown,NormalExtraction,256,256,65536,1024,1024,1048576,1.0486,1024,DEFLATEDRGBA8,0,False,False,False,False,,100.0,1,0,0,0,True,True,655392,True,True,False,False,True,False,False,DEFLATED,4194304,True
textures\ui\techtreekronos2.tga,Unknown,NormalExtraction,256,256,65536,1024,1024,1048576,1.0486,1024,DEFLATEDRGBA8,0,False,False,False,False,,100.0,1,0,0,0,True,True,655392,True,True,False,False,True,False,False,DEFLATED,4194304,True
textures\ui\techtreekronos3.tga,Unknown,NormalExtraction,256,256,65536,1024,1024,1048576,1.0486,1024,DEFLATEDRGBA8,0,False,False,False,False,,100.0,1,0,0,0,True,True,655392,True,True,False,False,True,False,False,DEFLATED,4194304,True
textures\ui\techtreekronos4.tga,Unknown,NormalExtraction,256,256,65536,1024,1024,1048576,1.0486,1024,DEFLATEDRGBA8,0,False,False,False,False,,100.0,1,0,0,0,True,True,655392,True,True,False,False,True,False,False,DEFLATED,4194304,True
textures\ui\techtreekronos5.tga,Unknown,NormalExtraction,256,256,65536,1024,1024,1048576,1.0486,1024,DEFLATEDRGBA8,0,False,False,False,False,,100.0,1,0,0,0,True,True,655392,True,True,False,False,True,False,False,DEFLATED,4194304,True
textures\ui\techtreekronos6.tga,Unknown,NormalExtraction,256,256,65536,1024,1024,1048576,1.0486,1024,DEFLATEDRGBA8,0,False,False,False,False,,100.0,1,0,0,0,True,True,655392,True,True,False,False,True,False,False,DEFLATED,4194304,True
textures\ui\techtreekronos7.tga,Unknown,NormalExtraction,256,256,65536,1024,1024,1048576,1.0486,1024,DEFLATEDRGBA8,0,False,False,False,False,,100.0,1,0,0,0,True,True,655392,True,True,False,False,True,False,False,DEFLATED,4194304,True
textures\ui\techtreekronos8.tga,Unknown,NormalExtraction,256,256,65536,1024,1024,1048576,1.0486,1024,DEFLATEDRGBA8,0,False,False,False,False,,100.0,1,0,0,0,True,True,655392,True,True,False,False,True,False,False,DEFLATED,4194304,True
textures\ui\techtreekronos9.tga,Unknown,NormalExtraction,256,256,65536,1024,1024,1048576,1.0486,1024,DEFLATEDRGBA8,0,False,False,False,False,,100.0,1,0,0,0,True,True,655392,True,True,False,False,True,False,False,DEFLATED,4194304,True
textures\ui\techtreeloki1.tga,Unknown,NormalExtraction,256,256,65536,1024,1024,1048576,1.0486,1024,DEFLATEDRGBA8,0,False,False,False,False,,100.0,1,0,0,0,True,True,655392,True,True,False,False,True,False,False,DEFLATED,4194304,True
textures\ui\techtreeloki10.tga,Unknown,NormalExtraction,256,256,65536,1024,1024,1048576,1.0486,1024,DEFLATEDRGBA8,0,False,False,False,False,,100.0,1,0,0,0,True,True,655392,True,True,False,False,True,False,False,DEFLATED,4194304,True
textures\ui\techtreeloki11.tga,Unknown,NormalExtraction,256,256,65536,1024,1024,1048576,1.0486,1024,DEFLATEDRGBA8,0,False,False,False,False,,100.0,1,0,0,0,True,True,655392,True,True,False,False,True,False,False,DEFLATED,4194304,True
textures\ui\techtreeloki12.tga,Unknown,NormalExtraction,256,256,65536,1024,1024,1048576,1.0486,1024,DEFLATEDRGBA8,0,False,False,False,False,,100.0,1,0,0,0,True,True,655392,True,True,False,False,True,False,False,DEFLATED,4194304,True
textures\ui\techtreeloki2.tga,Unknown,NormalExtraction,256,256,65536,1024,1024,1048576,1.0486,1024,DEFLATEDRGBA8,0,False,False,False,False,,100.0,1,0,0,0,True,True,655392,True,True,False,False,True,False,False,DEFLATED,4194304,True
textures\ui\techtreeloki3.tga,Unknown,NormalExtraction,256,256,65536,1024,1024,1048576,1.0486,1024,DEFLATEDRGBA8,0,False,False,False,False,,100.0,1,0,0,0,True,True,655392,True,True,False,False,True,False,False,DEFLATED,4194304,True
textures\ui\techtreeloki4.tga,Unknown,NormalExtraction,256,256,65536,1024,1024,1048576,1.0486,1024,DEFLATEDRGBA8,0,False,False,False,False,,100.0,1,0,0,0,True,True,655392,True,True,False,False,True,False,False,DEFLATED,4194304,True
textures\ui\techtreeloki5.tga,Unknown,NormalExtraction,256,256,65536,1024,1024,1048576,1.0486,1024,DEFLATEDRGBA8,0,False,False,False,False,,100.0,1,0,0,0,True,True,655392,True,True,False,False,True,False,False,DEFLATED,4194304,True
textures\ui\techtreeloki6.tga,Unknown,NormalExtraction,256,256,65536,1024,1024,1048576,1.0486,1024,DEFLATEDRGBA8,0,False,False,False,False,,100.0,1,0,0,0,True,True,655392,True,True,False,False,True,False,False,DEFLATED,4194304,True
textures\ui\techtreeloki7.tga,Unknown,NormalExtraction,256,256,65536,1024,1024,1048576,1.0486,1024,DEFLATEDRGBA8,0,False,False,False,False,,100.0,1,0,0,0,True,True,655392,True,True,False,False,True,False,False,DEFLATED,4194304,True
textures\ui\techtreeloki8.tga,Unknown,NormalExtraction,256,256,65536,1024,1024,1048576,1.0486,1024,DEFLATEDRGBA8,0,False,False,False,False,,100.0,1,0,0,0,True,True,655392,True,True,False,False,True,False,False,DEFLATED,4194304,True
textures\ui\techtreeloki9.tga,Unknown,NormalExtraction,256,256,65536,1024,1024,1048576,1.0486,1024,DEFLATEDRGBA8,0,False,False,False,False,,100.0,1,0,0,0,True,True,655392,True,True,False,False,True,False,False,DEFLATED,4194304,True
textures\ui\techtreenuwa.tga,Unknown,NormalExtraction,1024,768,786432,4096,3072,12582912,12.5829,4096,DEFLATEDRGBA8,0,False,False,False,False,,100.0,1,0,0,0,True,True,7864352,True,True,True,True,False,False,False,DEFLATED,50331648,True
textures\ui\techtreeodin1.tga,Unknown,NormalExtraction,256,256,65536,1024,1024,1048576,1.0486,1024,DEFLATEDRGBA8,0,False,False,False,False,,100.0,1,0,0,0,True,True,655392,True,True,False,False,True,False,False,DEFLATED,4194304,True
textures\ui\techtreeodin10.tga,Unknown,NormalExtraction,256,256,65536,1024,1024,1048576,1.0486,1024,DEFLATEDRGBA8,0,False,False,False,False,,100.0,1,0,0,0,True,True,655392,True,True,False,False,True,False,False,DEFLATED,4194304,True
textures\ui\techtreeodin11.tga,Unknown,NormalExtraction,256,256,65536,1024,1024,1048576,1.0486,1024,DEFLATEDRGBA8,0,False,False,False,False,,100.0,1,0,0,0,True,True,655392,True,True,False,False,True,False,False,DEFLATED,4194304,True
textures\ui\techtreeodin12.tga,Unknown,NormalExtraction,256,256,65536,1024,1024,1048576,1.0486,1024,DEFLATEDRGBA8,0,False,False,False,False,,100.0,1,0,0,0,True,True,655392,True,True,False,False,True,False,False,DEFLATED,4194304,True
textures\ui\techtreeodin2.tga,Unknown,NormalExtraction,256,256,65536,1024,1024,1048576,1.0486,1024,DEFLATEDRGBA8,0,False,False,False,False,,100.0,1,0,0,0,True,True,655392,True,True,False,False,True,False,False,DEFLATED,4194304,True
textures\ui\techtreeodin3.tga,Unknown,NormalExtraction,256,256,65536,1024,1024,1048576,1.0486,1024,DEFLATEDRGBA8,0,False,False,False,False,,100.0,1,0,0,0,True,True,655392,True,True,False,False,True,False,False,DEFLATED,4194304,True
textures\ui\techtreeodin4.tga,Unknown,NormalExtraction,256,256,65536,1024,1024,1048576,1.0486,1024,DEFLATEDRGBA8,0,False,False,False,False,,100.0,1,0,0,0,True,True,655392,True,True,False,False,True,False,False,DEFLATED,4194304,True
textures\ui\techtreeodin5.tga,Unknown,NormalExtraction,256,256,65536,1024,1024,1048576,1.0486,1024,DEFLATEDRGBA8,0,False,False,False,False,,100.0,1,0,0,0,True,True,655392,True,True,False,False,True,False,False,DEFLATED,4194304,True
textures\ui\techtreeodin6.tga,Unknown,NormalExtraction,256,256,65536,1024,1024,1048576,1.0486,1024,DEFLATEDRGBA8,0,False,False,False,False,,100.0,1,0,0,0,True,True,655392,True,True,False,False,True,False,False,DEFLATED,4194304,True
textures\ui\techtreeodin7.tga,Unknown,NormalExtraction,256,256,65536,1024,1024,1048576,1.0486,1024,DEFLATEDRGBA8,0,False,False,False,False,,100.0,1,0,0,0,True,True,655392,True,True,False,False,True,False,False,DEFLATED,4194304,True
textures\ui\techtreeodin8.tga,Unknown,NormalExtraction,256,256,65536,1024,1024,1048576,1.0486,1024,DEFLATEDRGBA8,0,False,False,False,False,,100.0,1,0,0,0,True,True,655392,True,True,False,False,True,False,False,DEFLATED,4194304,True
textures\ui\techtreeodin9.tga,Unknown,NormalExtraction,256,256,65536,1024,1024,1048576,1.0486,1024,DEFLATEDRGBA8,0,False,False,False,False,,100.0,1,0,0,0,True,True,655392,True,True,False,False,True,False,False,DEFLATED,4194304,True
textures\ui\techtreeouranos1.tga,Unknown,NormalExtraction,256,256,65536,1024,1024,1048576,1.0486,1024,DEFLATEDRGBA8,0,False,False,False,False,,100.0,1,0,0,0,True,True,655392,True,True,False,False,True,False,False,DEFLATED,4194304,True
textures\ui\techtreeouranos10.tga,Unknown,NormalExtraction,256,256,65536,1024,1024,1048576,1.0486,1024,DEFLATEDRGBA8,0,False,False,False,False,,100.0,1,0,0,0,True,True,655392,True,True,False,False,True,False,False,DEFLATED,4194304,True
textures\ui\techtreeouranos11.tga,Unknown,NormalExtraction,256,256,65536,1024,1024,1048576,1.0486,1024,DEFLATEDRGBA8,0,False,False,False,False,,100.0,1,0,0,0,True,True,655392,True,True,False,False,True,False,False,DEFLATED,4194304,True
textures\ui\techtreeouranos12.tga,Unknown,NormalExtraction,256,256,65536,1024,1024,1048576,1.0486,1024,DEFLATEDRGBA8,0,False,False,False,False,,100.0,1,0,0,0,True,True,655392,True,True,False,False,True,False,False,DEFLATED,4194304,True
textures\ui\techtreeouranos2.tga,Unknown,NormalExtraction,256,256,65536,1024,1024,1048576,1.0486,1024,DEFLATEDRGBA8,0,False,False,False,False,,100.0,1,0,0,0,True,True,655392,True,True,False,False,True,False,False,DEFLATED,4194304,True
textures\ui\techtreeouranos3.tga,Unknown,NormalExtraction,256,256,65536,1024,1024,1048576,1.0486,1024,DEFLATEDRGBA8,0,False,False,False,False,,100.0,1,0,0,0,True,True,655392,True,True,False,False,True,False,False,DEFLATED,4194304,True
textures\ui\techtreeouranos4.tga,Unknown,NormalExtraction,256,256,65536,1024,1024,1048576,1.0486,1024,DEFLATEDRGBA8,0,False,False,False,False,,100.0,1,0,0,0,True,True,655392,True,True,False,False,True,False,False,DEFLATED,4194304,True
textures\ui\techtreeouranos5.tga,Unknown,NormalExtraction,256,256,65536,1024,1024,1048576,1.0486,1024,DEFLATEDRGBA8,0,False,False,False,False,,100.0,1,0,0,0,True,True,655392,True,True,False,False,True,False,False,DEFLATED,4194304,True
textures\ui\techtreeouranos6.tga,Unknown,NormalExtraction,256,256,65536,1024,1024,1048576,1.0486,1024,DEFLATEDRGBA8,0,False,False,False,False,,100.0,1,0,0,0,True,True,655392,True,True,False,False,True,False,False,DEFLATED,4194304,True
textures\ui\techtreeouranos7.tga,Unknown,NormalExtraction,256,256,65536,1024,1024,1048576,1.0486,1024,DEFLATEDRGBA8,0,False,False,False,False,,100.0,1,0,0,0,True,True,655392,True,True,False,False,True,False,False,DEFLATED,4194304,True
textures\ui\techtreeouranos8.tga,Unknown,NormalExtraction,256,256,65536,1024,1024,1048576,1.0486,1024,DEFLATEDRGBA8,0,False,False,False,False,,100.0,1,0,0,0,True,True,655392,True,True,False,False,True,False,False,DEFLATED,4194304,True
textures\ui\techtreeouranos9.tga,Unknown,NormalExtraction,256,256,65536,1024,1024,1048576,1.0486,1024,DEFLATEDRGBA8,0,False,False,False,False,,100.0,1,0,0,0,True,True,655392,True,True,False,False,True,False,False,DEFLATED,4194304,True
textures\ui\techtreeposeidon1.tga,Unknown,NormalExtraction,256,256,65536,1024,1024,1048576,1.0486,1024,DEFLATEDRGBA8,0,False,False,False,False,,100.0,1,0,0,0,True,True,655392,True,True,False,False,True,False,False,DEFLATED,4194304,True
textures\ui\techtreeposeidon10.tga,Unknown,NormalExtraction,256,256,65536,1024,1024,1048576,1.0486,1024,DEFLATEDRGBA8,0,False,False,False,False,,100.0,1,0,0,0,True,True,655392,True,True,False,False,True,False,False,DEFLATED,4194304,True
textures\ui\techtreeposeidon11.tga,Unknown,NormalExtraction,256,256,65536,1024,1024,1048576,1.0486,1024,DEFLATEDRGBA8,0,False,False,False,False,,100.0,1,0,0,0,True,True,655392,True,True,False,False,True,False,False,DEFLATED,4194304,True
textures\ui\techtreeposeidon12.tga,Unknown,NormalExtraction,256,256,65536,1024,1024,1048576,1.0486,1024,DEFLATEDRGBA8,0,False,False,False,False,,100.0,1,0,0,0,True,True,655392,True,True,False,False,True,False,False,DEFLATED,4194304,True
textures\ui\techtreeposeidon2.tga,Unknown,NormalExtraction,256,256,65536,1024,1024,1048576,1.0486,1024,DEFLATEDRGBA8,0,False,False,False,False,,100.0,1,0,0,0,True,True,655392,True,True,False,False,True,False,False,DEFLATED,4194304,True
textures\ui\techtreeposeidon3.tga,Unknown,NormalExtraction,256,256,65536,1024,1024,1048576,1.0486,1024,DEFLATEDRGBA8,0,False,False,False,False,,100.0,1,0,0,0,True,True,655392,True,True,False,False,True,False,False,DEFLATED,4194304,True
textures\ui\techtreeposeidon4.tga,Unknown,NormalExtraction,256,256,65536,1024,1024,1048576,1.0486,1024,DEFLATEDRGBA8,0,False,False,False,False,,100.0,1,0,0,0,True,True,655392,True,True,False,False,True,False,False,DEFLATED,4194304,True
textures\ui\techtreeposeidon5.tga,Unknown,NormalExtraction,256,256,65536,1024,1024,1048576,1.0486,1024,DEFLATEDRGBA8,0,False,False,False,False,,100.0,1,0,0,0,True,True,655392,True,True,False,False,True,False,False,DEFLATED,4194304,True
textures\ui\techtreeposeidon6.tga,Unknown,NormalExtraction,256,256,65536,1024,1024,1048576,1.0486,1024,DEFLATEDRGBA8,0,False,False,False,False,,100.0,1,0,0,0,True,True,655392,True,True,False,False,True,False,False,DEFLATED,4194304,True
textures\ui\techtreeposeidon7.tga,Unknown,NormalExtraction,256,256,65536,1024,1024,1048576,1.0486,1024,DEFLATEDRGBA8,0,False,False,False,False,,99.609,2,0,0,0,True,True,655392,True,True,False,False,True,False,False,DEFLATED,4194304,True
textures\ui\techtreeposeidon8.tga,Unknown,NormalExtraction,256,256,65536,1024,1024,1048576,1.0486,1024,BC3,0,False,False,False,False,,100.0,1,0,0,0,True,True,1048600,True,True,False,False,True,False,False,BC3,4194304,True
textures\ui\techtreeposeidon9.tga,Unknown,NormalExtraction,256,256,65536,1024,1024,1048576,1.0486,1024,DEFLATEDRGBA8,0,False,False,False,False,,100.0,1,0,0,0,True,True,655392,True,True,False,False,True,False,False,DEFLATED,4194304,True
textures\ui\techtreera1.tga,Unknown,NormalExtraction,256,256,65536,1024,1024,1048576,1.0486,1024,DEFLATEDRGBA8,0,False,False,False,False,,100.0,1,0,0,0,True,True,655392,True,True,False,False,True,False,False,DEFLATED,4194304,True
textures\ui\techtreera10.tga,Unknown,NormalExtraction,256,256,65536,1024,1024,1048576,1.0486,1024,DEFLATEDRGBA8,0,False,False,False,False,,100.0,1,0,0,0,True,True,655392,True,True,False,False,True,False,False,DEFLATED,4194304,True
textures\ui\techtreera11.tga,Unknown,NormalExtraction,256,256,65536,1024,1024,1048576,1.0486,1024,DEFLATEDRGBA8,0,False,False,False,False,,100.0,1,0,0,0,True,True,655392,True,True,False,False,True,False,False,DEFLATED,4194304,True
textures\ui\techtreera12.tga,Unknown,NormalExtraction,256,256,65536,1024,1024,1048576,1.0486,1024,DEFLATEDRGBA8,0,False,False,False,False,,100.0,1,0,0,0,True,True,655392,True,True,False,False,True,False,False,DEFLATED,4194304,True
textures\ui\techtreera2.tga,Unknown,NormalExtraction,256,256,65536,1024,1024,1048576,1.0486,1024,DEFLATEDRGBA8,0,False,False,False,False,,100.0,1,0,0,0,True,True,655392,True,True,False,False,True,False,False,DEFLATED,4194304,True
textures\ui\techtreera3.tga,Unknown,NormalExtraction,256,256,65536,1024,1024,1048576,1.0486,1024,DEFLATEDRGBA8,0,False,False,False,False,,100.0,1,0,0,0,True,True,655392,True,True,False,False,True,False,False,DEFLATED,4194304,True
textures\ui\techtreera4.tga,Unknown,NormalExtraction,256,256,65536,1024,1024,1048576,1.0486,1024,DEFLATEDRGBA8,0,False,False,False,False,,100.0,1,0,0,0,True,True,655392,True,True,False,False,True,False,False,DEFLATED,4194304,True
textures\ui\techtreera5.tga,Unknown,NormalExtraction,256,256,65536,1024,1024,1048576,1.0486,1024,DEFLATEDRGBA8,0,False,False,False,False,,100.0,1,0,0,0,True,True,655392,True,True,False,False,True,False,False,DEFLATED,4194304,True
textures\ui\techtreera6.tga,Unknown,NormalExtraction,256,256,65536,1024,1024,1048576,1.0486,1024,DEFLATEDRGBA8,0,False,False,False,False,,100.0,1,0,0,0,True,True,655392,True,True,False,False,True,False,False,DEFLATED,4194304,True
textures\ui\techtreera7.tga,Unknown,NormalExtraction,256,256,65536,1024,1024,1048576,1.0486,1024,DEFLATEDRGBA8,0,False,False,False,False,,100.0,1,0,0,0,True,True,655392,True,True,False,False,True,False,False,DEFLATED,4194304,True
textures\ui\techtreera8.tga,Unknown,NormalExtraction,256,256,65536,1024,1024,1048576,1.0486,1024,DEFLATEDRGBA8,0,False,False,False,False,,100.0,1,0,0,0,True,True,655392,True,True,False,False,True,False,False,DEFLATED,4194304,True
textures\ui\techtreera9.tga,Unknown,NormalExtraction,256,256,65536,1024,1024,1048576,1.0486,1024,BC3,0,False,False,False,False,,100.0,1,0,0,0,True,True,1048600,True,True,False,False,True,False,False,BC3,4194304,True
textures\ui\techtreeset1.tga,Unknown,NormalExtraction,256,256,65536,1024,1024,1048576,1.0486,1024,DEFLATEDRGBA8,0,False,False,False,False,,100.0,1,0,0,0,True,True,655392,True,True,False,False,True,False,False,DEFLATED,4194304,True
textures\ui\techtreeset10.tga,Unknown,NormalExtraction,256,256,65536,1024,1024,1048576,1.0486,1024,DEFLATEDRGBA8,0,False,False,False,False,,100.0,1,0,0,0,True,True,655392,True,True,False,False,True,False,False,DEFLATED,4194304,True
textures\ui\techtreeset11.tga,Unknown,NormalExtraction,256,256,65536,1024,1024,1048576,1.0486,1024,DEFLATEDRGBA8,0,False,False,False,False,,100.0,1,0,0,0,True,True,655392,True,True,False,False,True,False,False,DEFLATED,4194304,True
textures\ui\techtreeset12.tga,Unknown,NormalExtraction,256,256,65536,1024,1024,1048576,1.0486,1024,DEFLATEDRGBA8,0,False,False,False,False,,100.0,1,0,0,0,True,True,655392,True,True,False,False,True,False,False,DEFLATED,4194304,True
textures\ui\techtreeset2.tga,Unknown,NormalExtraction,256,256,65536,1024,1024,1048576,1.0486,1024,DEFLATEDRGBA8,0,False,False,False,False,,100.0,1,0,0,0,True,True,655392,True,True,False,False,True,False,False,DEFLATED,4194304,True
textures\ui\techtreeset3.tga,Unknown,NormalExtraction,256,256,65536,1024,1024,1048576,1.0486,1024,DEFLATEDRGBA8,0,False,False,False,False,,100.0,1,0,0,0,True,True,655392,True,True,False,False,True,False,False,DEFLATED,4194304,True
textures\ui\techtreeset4.tga,Unknown,NormalExtraction,256,256,65536,1024,1024,1048576,1.0486,1024,DEFLATEDRGBA8,0,False,False,False,False,,100.0,1,0,0,0,True,True,655392,True,True,False,False,True,False,False,DEFLATED,4194304,True
textures\ui\techtreeset5.tga,Unknown,NormalExtraction,256,256,65536,1024,1024,1048576,1.0486,1024,DEFLATEDRGBA8,0,False,False,False,False,,100.0,1,0,0,0,True,True,655392,True,True,False,False,True,False,False,DEFLATED,4194304,True
textures\ui\techtreeset6.tga,Unknown,NormalExtraction,256,256,65536,1024,1024,1048576,1.0486,1024,DEFLATEDRGBA8,0,False,False,False,False,,100.0,1,0,0,0,True,True,655392,True,True,False,False,True,False,False,DEFLATED,4194304,True
textures\ui\techtreeset7.tga,Unknown,NormalExtraction,256,256,65536,1024,1024,1048576,1.0486,1024,DEFLATEDRGBA8,0,False,False,False,False,,100.0,1,0,0,0,True,True,655392,True,True,False,False,True,False,False,DEFLATED,4194304,True
textures\ui\techtreeset8.tga,Unknown,NormalExtraction,256,256,65536,1024,1024,1048576,1.0486,1024,DEFLATEDRGBA8,0,False,False,False,False,,100.0,1,0,0,0,True,True,655392,True,True,False,False,True,False,False,DEFLATED,4194304,True
textures\ui\techtreeset9.tga,Unknown,NormalExtraction,256,256,65536,1024,1024,1048576,1.0486,1024,BC3,0,False,False,False,False,,100.0,1,0,0,0,True,True,1048600,True,True,False,False,True,False,False,BC3,4194304,True
textures\ui\techtreeshennong.tga,Unknown,NormalExtraction,1024,768,786432,4096,3072,12582912,12.5829,4096,DEFLATEDRGBA8,0,False,False,False,False,,100.0,1,0,0,0,True,True,7864352,True,True,True,True,False,False,False,DEFLATED,50331648,True
textures\ui\techtreethor1.tga,Unknown,NormalExtraction,256,256,65536,1024,1024,1048576,1.0486,1024,DEFLATEDRGBA8,0,False,False,False,False,,100.0,1,0,0,0,True,True,655392,True,True,False,False,True,False,False,DEFLATED,4194304,True
textures\ui\techtreethor10.tga,Unknown,NormalExtraction,256,256,65536,1024,1024,1048576,1.0486,1024,DEFLATEDRGBA8,0,False,False,False,False,,100.0,1,0,0,0,True,True,655392,True,True,False,False,True,False,False,DEFLATED,4194304,True
textures\ui\techtreethor11.tga,Unknown,NormalExtraction,256,256,65536,1024,1024,1048576,1.0486,1024,DEFLATEDRGBA8,0,False,False,False,False,,100.0,1,0,0,0,True,True,655392,True,True,False,False,True,False,False,DEFLATED,4194304,True
textures\ui\techtreethor12.tga,Unknown,NormalExtraction,256,256,65536,1024,1024,1048576,1.0486,1024,DEFLATEDRGBA8,0,False,False,False,False,,100.0,1,0,0,0,True,True,655392,True,True,False,False,True,False,False,DEFLATED,4194304,True
textures\ui\techtreethor2.tga,Unknown,NormalExtraction,256,256,65536,1024,1024,1048576,1.0486,1024,DEFLATEDRGBA8,0,False,False,False,False,,100.0,1,0,0,0,True,True,655392,True,True,False,False,True,False,False,DEFLATED,4194304,True
textures\ui\techtreethor3.tga,Unknown,NormalExtraction,256,256,65536,1024,1024,1048576,1.0486,1024,DEFLATEDRGBA8,0,False,False,False,False,,100.0,1,0,0,0,True,True,655392,True,True,False,False,True,False,False,DEFLATED,4194304,True
textures\ui\techtreethor4.tga,Unknown,NormalExtraction,256,256,65536,1024,1024,1048576,1.0486,1024,DEFLATEDRGBA8,0,False,False,False,False,,100.0,1,0,0,0,True,True,655392,True,True,False,False,True,False,False,DEFLATED,4194304,True
textures\ui\techtreethor5.tga,Unknown,NormalExtraction,256,256,65536,1024,1024,1048576,1.0486,1024,DEFLATEDRGBA8,0,False,False,False,False,,100.0,1,0,0,0,True,True,655392,True,True,False,False,True,False,False,DEFLATED,4194304,True
textures\ui\techtreethor6.tga,Unknown,NormalExtraction,256,256,65536,1024,1024,1048576,1.0486,1024,DEFLATEDRGBA8,0,False,False,False,False,,100.0,1,0,0,0,True,True,655392,True,True,False,False,True,False,False,DEFLATED,4194304,True
textures\ui\techtreethor7.tga,Unknown,NormalExtraction,256,256,65536,1024,1024,1048576,1.0486,1024,DEFLATEDRGBA8,0,False,False,False,False,,100.0,1,0,0,0,True,True,655392,True,True,False,False,True,False,False,DEFLATED,4194304,True
textures\ui\techtreethor8.tga,Unknown,NormalExtraction,256,256,65536,1024,1024,1048576,1.0486,1024,DEFLATEDRGBA8,0,False,False,False,False,,100.0,1,0,0,0,True,True,655392,True,True,False,False,True,False,False,DEFLATED,4194304,True
textures\ui\techtreethor9.tga,Unknown,NormalExtraction,256,256,65536,1024,1024,1048576,1.0486,1024,DEFLATEDRGBA8,0,False,False,False,False,,100.0,1,0,0,0,True,True,655392,True,True,False,False,True,False,False,DEFLATED,4194304,True
textures\ui\techtreezeus1.tga,Unknown,NormalExtraction,256,256,65536,1024,1024,1048576,1.0486,1024,DEFLATEDRGBA8,0,False,False,False,False,,100.0,1,0,0,0,True,True,655392,True,True,False,False,True,False,False,DEFLATED,4194304,True
textures\ui\techtreezeus10.tga,Unknown,NormalExtraction,256,256,65536,1024,1024,1048576,1.0486,1024,DEFLATEDRGBA8,0,False,False,False,False,,100.0,1,0,0,0,True,True,655392,True,True,False,False,True,False,False,DEFLATED,4194304,True
textures\ui\techtreezeus11.tga,Unknown,NormalExtraction,256,256,65536,1024,1024,1048576,1.0486,1024,DEFLATEDRGBA8,0,False,False,False,False,,100.0,1,0,0,0,True,True,655392,True,True,False,False,True,False,False,DEFLATED,4194304,True
textures\ui\techtreezeus12.tga,Unknown,NormalExtraction,256,256,65536,1024,1024,1048576,1.0486,1024,DEFLATEDRGBA8,0,False,False,False,False,,100.0,1,0,0,0,True,True,655392,True,True,False,False,True,False,False,DEFLATED,4194304,True
textures\ui\techtreezeus2.tga,Unknown,NormalExtraction,256,256,65536,1024,1024,1048576,1.0486,1024,DEFLATEDRGBA8,0,False,False,False,False,,100.0,1,0,0,0,True,True,655392,True,True,False,False,True,False,False,DEFLATED,4194304,True
textures\ui\techtreezeus3.tga,Unknown,NormalExtraction,256,256,65536,1024,1024,1048576,1.0486,1024,DEFLATEDRGBA8,0,False,False,False,False,,100.0,1,0,0,0,True,True,655392,True,True,False,False,True,False,False,DEFLATED,4194304,True
textures\ui\techtreezeus4.tga,Unknown,NormalExtraction,256,256,65536,1024,1024,1048576,1.0486,1024,DEFLATEDRGBA8,0,False,False,False,False,,100.0,1,0,0,0,True,True,655392,True,True,False,False,True,False,False,DEFLATED,4194304,True
textures\ui\techtreezeus5.tga,Unknown,NormalExtraction,256,256,65536,1024,1024,1048576,1.0486,1024,DEFLATEDRGBA8,0,False,False,False,False,,100.0,1,0,0,0,True,True,655392,True,True,False,False,True,False,False,DEFLATED,4194304,True
textures\ui\techtreezeus6.tga,Unknown,NormalExtraction,256,256,65536,1024,1024,1048576,1.0486,1024,DEFLATEDRGBA8,0,False,False,False,False,,100.0,1,0,0,0,True,True,655392,True,True,False,False,True,False,False,DEFLATED,4194304,True
textures\ui\techtreezeus7.tga,Unknown,NormalExtraction,256,256,65536,1024,1024,1048576,1.0486,1024,DEFLATEDRGBA8,0,False,False,False,False,,100.0,1,0,0,0,True,True,655392,True,True,False,False,True,False,False,DEFLATED,4194304,True
textures\ui\techtreezeus8.tga,Unknown,NormalExtraction,256,256,65536,1024,1024,1048576,1.0486,1024,DEFLATEDRGBA8,0,False,False,False,False,,100.0,1,0,0,0,True,True,655392,True,True,False,False,True,False,False,DEFLATED,4194304,True
textures\ui\techtreezeus9.tga,Unknown,NormalExtraction,256,256,65536,1024,1024,1048576,1.0486,1024,DEFLATEDRGBA8,0,False,False,False,False,,100.0,1,0,0,0,True,True,655392,True,True,False,False,True,False,False,DEFLATED,4194304,True
textures\ui\ui border left middle.tga,Unknown,NormalExtraction,64,256,16384,256,1024,262144,0.2621,1024,DEFLATEDRGBA8,1,False,False,False,False,,31.25,2,0,0,0,True,True,163872,True,True,False,False,False,False,False,DEFLATED,1048576,True
textures\ui\ui border right middle.tga,Unknown,NormalExtraction,64,256,16384,256,1024,262144,0.2621,1024,DEFLATEDRGBA8,1,False,False,False,False,,31.25,2,0,0,0,True,True,163872,True,True,False,False,False,False,False,DEFLATED,1048576,True
textures\ui\ui button long 160x32 blue.tga,Unknown,NormalExtraction,256,32,8192,1024,128,131072,0.1311,1024,DEFLATEDRGBA8,1,False,False,False,False,,60.303,2,0,0,0,True,True,81952,True,True,False,False,False,False,False,DEFLATED,524288,True
textures\ui\ui button long 160x32 clicked blue.tga,Unknown,NormalExtraction,256,32,8192,1024,128,131072,0.1311,1024,DEFLATEDRGBA8,1,False,False,False,False,,60.303,2,0,0,0,True,True,81952,True,True,False,False,False,False,False,DEFLATED,524288,True
textures\ui\ui button long 160x32 clicked.tga,Unknown,NormalExtraction,256,32,8192,1024,128,131072,0.1311,1024,DEFLATEDRGBA8,1,False,False,False,False,,62.109,2,0,0,0,True,True,81952,True,True,False,False,False,False,False,DEFLATED,524288,True
textures\ui\ui button long 160x32 rollover blue.tga,Unknown,NormalExtraction,256,32,8192,1024,128,131072,0.1311,1024,DEFLATEDRGBA8,1,False,False,False,False,,60.303,2,0,0,0,True,True,81952,True,True,False,False,False,False,False,DEFLATED,524288,True
textures\ui\ui button long 160x32 rollover.tga,Unknown,NormalExtraction,256,32,8192,1024,128,131072,0.1311,1024,DEFLATEDRGBA8,1,False,False,False,False,,62.109,2,0,0,0,True,True,81952,True,True,False,False,False,False,False,DEFLATED,524288,True
textures\ui\ui button long 160x32.tga,Unknown,NormalExtraction,256,32,8192,1024,128,131072,0.1311,1024,DEFLATEDRGBA8,1,False,False,False,False,,62.109,2,0,0,0,True,True,81952,True,True,False,False,False,False,False,DEFLATED,524288,True
textures\ui\ui button long 192x32 blue.tga,Unknown,NormalExtraction,256,32,8192,1024,128,131072,0.1311,1024,DEFLATEDRGBA8,1,False,False,False,False,,72.412,2,0,0,0,True,True,81952,True,True,False,False,False,False,False,DEFLATED,524288,True
textures\ui\ui button long 192x32 clicked blue.tga,Unknown,NormalExtraction,256,32,8192,1024,128,131072,0.1311,1024,DEFLATEDRGBA8,1,False,False,False,False,,72.412,2,0,0,0,True,True,81952,True,True,False,False,False,False,False,DEFLATED,524288,True
textures\ui\ui button long 192x32 clicked.tga,Unknown,NormalExtraction,256,32,8192,1024,128,131072,0.1311,1024,DEFLATEDRGBA8,1,False,False,False,False,,74.219,2,0,0,0,True,True,81952,True,True,False,False,False,False,False,DEFLATED,524288,True
textures\ui\ui button long 192x32 grey.tga,Unknown,NormalExtraction,256,32,8192,1024,128,131072,0.1311,1024,DEFLATEDRGBA8,0,False,False,False,False,,74.219,2,0,0,0,True,True,81952,True,True,False,False,False,False,False,DEFLATED,524288,True
textures\ui\ui button long 192x32 rollover blue.tga,Unknown,NormalExtraction,256,32,8192,1024,128,131072,0.1311,1024,DEFLATEDRGBA8,1,False,False,False,False,,72.412,2,0,0,0,True,True,81952,True,True,False,False,False,False,False,DEFLATED,524288,True
textures\ui\ui button long 192x32 rollover.tga,Unknown,NormalExtraction,256,32,8192,1024,128,131072,0.1311,1024,DEFLATEDRGBA8,1,False,False,False,False,,74.219,2,0,0,0,True,True,81952,True,True,False,False,False,False,False,DEFLATED,524288,True
textures\ui\ui button long 192x32.tga,Unknown,NormalExtraction,256,32,8192,1024,128,131072,0.1311,1024,DEFLATEDRGBA8,1,False,False,False,False,,74.219,2,0,0,0,True,True,81952,True,True,False,False,False,False,False,DEFLATED,524288,True
textures\ui\ui button long 224x32 blue.tga,Unknown,NormalExtraction,256,32,8192,1024,128,131072,0.1311,1024,DEFLATEDRGBA8,1,False,False,False,False,,84.912,2,0,0,0,True,True,81952,True,True,False,False,False,False,False,DEFLATED,524288,True
textures\ui\ui button long 224x32 clicked blue.tga,Unknown,NormalExtraction,256,32,8192,1024,128,131072,0.1311,1024,DEFLATEDRGBA8,1,False,False,False,False,,84.912,2,0,0,0,True,True,81952,True,True,False,False,False,False,False,DEFLATED,524288,True
textures\ui\ui button long 224x32 clicked.tga,Unknown,NormalExtraction,256,32,8192,1024,128,131072,0.1311,1024,DEFLATEDRGBA8,1,False,False,False,False,,86.719,2,0,0,0,True,True,81952,True,True,False,False,False,False,False,DEFLATED,524288,True
textures\ui\ui button long 224x32 rollover blue.tga,Unknown,NormalExtraction,256,32,8192,1024,128,131072,0.1311,1024,DEFLATEDRGBA8,1,False,False,False,False,,84.912,2,0,0,0,True,True,81952,True,True,False,False,False,False,False,DEFLATED,524288,True
textures\ui\ui button long 224x32 rollover.tga,Unknown,NormalExtraction,256,32,8192,1024,128,131072,0.1311,1024,DEFLATEDRGBA8,1,False,False,False,False,,86.719,2,0,0,0,True,True,81952,True,True,False,False,False,False,False,DEFLATED,524288,True
textures\ui\ui button long 224x32.tga,Unknown,NormalExtraction,256,32,8192,1024,128,131072,0.1311,1024,DEFLATEDRGBA8,1,False,False,False,False,,86.719,2,0,0,0,True,True,81952,True,True,False,False,False,False,False,DEFLATED,524288,True
textures\ui\ui button long 256x32 blue.tga,Unknown,NormalExtraction,256,32,8192,1024,128,131072,0.1311,1024,DEFLATEDRGBA8,1,False,False,False,False,,97.412,2,0,0,0,True,True,81952,True,True,False,False,False,False,False,DEFLATED,524288,True
textures\ui\ui button long 256x32 clicked blue.tga,Unknown,NormalExtraction,256,32,8192,1024,128,131072,0.1311,1024,DEFLATEDRGBA8,1,False,False,False,False,,97.412,2,0,0,0,True,True,81952,True,True,False,False,False,False,False,DEFLATED,524288,True
textures\ui\ui button long 256x32 clicked.tga,Unknown,NormalExtraction,256,32,8192,1024,128,131072,0.1311,1024,DEFLATEDRGBA8,1,False,False,False,False,,99.609,2,0,0,0,True,True,81952,True,True,False,False,False,False,False,DEFLATED,524288,True
textures\ui\ui button long 256x32 rollover blue.tga,Unknown,NormalExtraction,256,32,8192,1024,128,131072,0.1311,1024,DEFLATEDRGBA8,1,False,False,False,False,,97.412,2,0,0,0,True,True,81952,True,True,False,False,False,False,False,DEFLATED,524288,True
textures\ui\ui button long 256x32 rollover.tga,Unknown,NormalExtraction,256,32,8192,1024,128,131072,0.1311,1024,DEFLATEDRGBA8,1,False,False,False,False,,99.609,2,0,0,0,True,True,81952,True,True,False,False,False,False,False,DEFLATED,524288,True
textures\ui\ui button long 256x32.tga,Unknown,NormalExtraction,256,32,8192,1024,128,131072,0.1311,1024,DEFLATEDRGBA8,1,False,False,False,False,,99.219,2,0,0,0,True,True,81952,True,True,False,False,False,False,False,DEFLATED,524288,True
textures\ui\ui button long skinny 160x32 clicked.tga,Unknown,NormalExtraction,256,32,8192,1024,128,131072,0.1311,1024,DEFLATEDRGBA8,1,False,False,False,False,,48.486,2,0,0,0,True,True,81952,True,True,False,False,False,False,False,DEFLATED,524288,True
textures\ui\ui button long skinny 160x32 rollover.tga,Unknown,NormalExtraction,256,32,8192,1024,128,131072,0.1311,1024,DEFLATEDRGBA8,1,False,False,False,False,,48.486,2,0,0,0,True,True,81952,True,True,False,False,False,False,False,DEFLATED,524288,True
textures\ui\ui button long skinny 160x32.tga,Unknown,NormalExtraction,256,32,8192,1024,128,131072,0.1311,1024,DEFLATEDRGBA8,1,False,False,False,False,,48.486,2,0,0,0,True,True,81952,True,True,False,False,False,False,False,DEFLATED,524288,True
textures\ui\ui button long skinny 192x32 clicked.tga,Unknown,NormalExtraction,256,32,8192,1024,128,131072,0.1311,1024,DEFLATEDRGBA8,1,False,False,False,False,,58.643,2,0,0,0,True,True,81952,True,True,False,False,False,False,False,DEFLATED,524288,True
textures\ui\ui button long skinny 192x32 grey.tga,Unknown,NormalExtraction,256,32,8192,1024,128,131072,0.1311,1024,DEFLATEDRGBA8,1,False,False,False,False,,58.643,2,0,0,0,True,True,81952,True,True,False,False,False,False,False,DEFLATED,524288,True
textures\ui\ui button long skinny 192x32 rollover.tga,Unknown,NormalExtraction,256,32,8192,1024,128,131072,0.1311,1024,DEFLATEDRGBA8,1,False,False,False,False,,58.643,2,0,0,0,True,True,81952,True,True,False,False,False,False,False,DEFLATED,524288,True
textures\ui\ui button long skinny 192x32.tga,Unknown,NormalExtraction,256,32,8192,1024,128,131072,0.1311,1024,DEFLATEDRGBA8,1,False,False,False,False,,58.643,2,0,0,0,True,True,81952,True,True,False,False,False,False,False,DEFLATED,524288,True
textures\ui\ui button long skinny 224x32 clicked.tga,Unknown,NormalExtraction,256,32,8192,1024,128,131072,0.1311,1024,DEFLATEDRGBA8,1,False,False,False,False,,68.799,2,0,0,0,True,True,81952,True,True,False,False,False,False,False,DEFLATED,524288,True
textures\ui\ui button long skinny 224x32 rollover.tga,Unknown,NormalExtraction,256,32,8192,1024,128,131072,0.1311,1024,DEFLATEDRGBA8,1,False,False,False,False,,68.799,2,0,0,0,True,True,81952,True,True,False,False,False,False,False,DEFLATED,524288,True
textures\ui\ui button long skinny 224x32.tga,Unknown,NormalExtraction,256,32,8192,1024,128,131072,0.1311,1024,DEFLATEDRGBA8,1,False,False,False,False,,68.799,2,0,0,0,True,True,81952,True,True,False,False,False,False,False,DEFLATED,524288,True
textures\ui\ui button long skinny 256x32 clicked.tga,Unknown,NormalExtraction,256,32,8192,1024,128,131072,0.1311,1024,DEFLATEDRGBA8,1,False,False,False,False,,78.955,2,0,0,0,True,True,81952,True,True,False,False,False,False,False,DEFLATED,524288,True
textures\ui\ui button long skinny 256x32 rollover.tga,Unknown,NormalExtraction,256,32,8192,1024,128,131072,0.1311,1024,DEFLATEDRGBA8,1,False,False,False,False,,78.955,2,0,0,0,True,True,81952,True,True,False,False,False,False,False,DEFLATED,524288,True
textures\ui\ui button long skinny 256x32.tga,Unknown,NormalExtraction,256,32,8192,1024,128,131072,0.1311,1024,DEFLATEDRGBA8,1,False,False,False,False,,78.955,2,0,0,0,True,True,81952,True,True,False,False,False,False,False,DEFLATED,524288,True
textures\ui\ui button tab down 152x32.tga,Unknown,NormalExtraction,256,32,8192,1024,128,131072,0.1311,1024,DEFLATEDRGBA8,1,False,False,False,False,,56.592,2,0,0,0,True,True,81952,True,True,False,False,False,False,False,DEFLATED,524288,True
textures\ui\ui button tab friends list.tga,Unknown,NormalExtraction,256,32,8192,1024,128,131072,0.1311,1024,DEFLATEDRGBA8,1,False,False,False,False,,76.074,2,0,0,0,True,True,81952,True,True,False,False,False,False,False,DEFLATED,524288,True
textures\ui\ui button tab up 152x32.tga,Unknown,NormalExtraction,256,32,8192,1024,128,131072,0.1311,1024,DEFLATEDRGBA8,1,False,False,False,False,,18.604,2,0,0,0,True,True,81952,True,True,False,False,False,False,False,DEFLATED,524288,True
textures\ui\ui god all random 256x256.tga,Unknown,NormalExtraction,256,256,65536,1024,1024,1048576,1.0486,1024,DEFLATEDRGBA8,1,False,False,False,False,,68.765,2,0,0,0,True,True,655392,True,True,False,False,True,False,False,DEFLATED,4194304,True
textures\ui\ui god atlantean random 256x256.tga,Unknown,NormalExtraction,256,256,65536,1024,1024,1048576,1.0486,1024,DEFLATEDRGBA8,1,False,False,False,False,,68.703,2,0,0,0,True,True,655392,True,True,False,False,True,False,False,DEFLATED,4194304,True
textures\ui\ui god base all random 256x256.tga,Unknown,NormalExtraction,256,256,65536,1024,1024,1048576,1.0486,1024,DEFLATEDRGBA8,1,False,False,False,False,,68.765,2,0,0,0,True,True,655392,True,True,False,False,True,False,False,DEFLATED,4194304,True
textures\ui\ui god boarder highlight 256x256.tga,Unknown,NormalExtraction,256,256,65536,1024,1024,1048576,1.0486,1024,DEFLATEDRGBA8,4,False,False,False,False,,25.584,16,0,0,0,True,True,655392,True,True,False,False,True,False,False,DEFLATED,4194304,True
textures\ui\ui god chinese random 256x256.tga,Unknown,NormalExtraction,256,256,65536,1024,1024,1048576,1.0486,1024,DEFLATEDRGBA8,0,False,False,False,False,,72.427,16,0,0,0,True,True,655392,True,True,False,False,True,False,False,DEFLATED,4194304,True
textures\ui\ui god egypt random 256x256.tga,Unknown,NormalExtraction,256,256,65536,1024,1024,1048576,1.0486,1024,DEFLATEDRGBA8,4,False,False,False,False,,72.427,16,0,0,0,True,True,655392,True,True,False,False,True,False,False,DEFLATED,4194304,True
textures\ui\ui god fuxi 256x256.tga,Unknown,NormalExtraction,256,256,65536,1024,1024,1048576,1.0486,1024,DEFLATEDRGBA8,0,False,False,False,False,,72.427,16,0,0,0,True,True,655392,True,True,False,False,True,False,False,DEFLATED,4194304,True
textures\ui\ui god gaia 256x256.tga,Unknown,NormalExtraction,256,256,65536,1024,1024,1048576,1.0486,1024,DEFLATEDRGBA8,1,False,False,False,False,,68.703,2,0,0,0,True,True,655392,True,True,False,False,True,False,False,DEFLATED,4194304,True
textures\ui\ui god greek random 256x256.tga,Unknown,NormalExtraction,256,256,65536,1024,1024,1048576,1.0486,1024,DEFLATEDRGBA8,4,False,False,False,False,,72.427,16,0,0,0,True,True,655392,True,True,False,False,True,False,False,DEFLATED,4194304,True
textures\ui\ui god hades 256x256.tga,Unknown,NormalExtraction,256,256,65536,1024,1024,1048576,1.0486,1024,DEFLATEDRGBA8,4,False,False,False,False,,72.427,16,0,0,0,True,True,655392,True,True,False,False,True,False,False,DEFLATED,4194304,True
textures\ui\ui god isis 256x256.tga,Unknown,NormalExtraction,256,256,65536,1024,1024,1048576,1.0486,1024,DEFLATEDRGBA8,4,False,False,False,False,,72.427,16,0,0,0,True,True,655392,True,True,False,False,True,False,False,DEFLATED,4194304,True
textures\ui\ui god kronos 256x256.tga,Unknown,NormalExtraction,256,256,65536,1024,1024,1048576,1.0486,1024,DEFLATEDRGBA8,1,False,False,False,False,,68.703,2,0,0,0,True,True,655392,True,True,False,False,True,False,False,DEFLATED,4194304,True
textures\ui\ui god loki 256x256.tga,Unknown,NormalExtraction,256,256,65536,1024,1024,1048576,1.0486,1024,DEFLATEDRGBA8,4,False,False,False,False,,72.427,16,0,0,0,True,True,655392,True,True,False,False,True,False,False,DEFLATED,4194304,True
textures\ui\ui god norse random 256x256.tga,Unknown,NormalExtraction,256,256,65536,1024,1024,1048576,1.0486,1024,DEFLATEDRGBA8,4,False,False,False,False,,72.427,16,0,0,0,True,True,655392,True,True,False,False,True,False,False,DEFLATED,4194304,True
textures\ui\ui god nuwa 256x256.tga,Unknown,NormalExtraction,256,256,65536,1024,1024,1048576,1.0486,1024,DEFLATEDRGBA8,0,False,False,False,False,,72.427,16,0,0,0,True,True,655392,True,True,False,False,True,False,False,DEFLATED,4194304,True
textures\ui\ui god odin 256x256.tga,Unknown,NormalExtraction,256,256,65536,1024,1024,1048576,1.0486,1024,DEFLATEDRGBA8,4,False,False,False,False,,72.427,16,0,0,0,True,True,655392,True,True,False,False,True,False,False,DEFLATED,4194304,True
textures\ui\ui god oranos 256x256.tga,Unknown,NormalExtraction,256,256,65536,1024,1024,1048576,1.0486,1024,DEFLATEDRGBA8,1,False,False,False,False,,68.703,2,0,0,0,True,True,655392,True,True,False,False,True,False,False,DEFLATED,4194304,True
textures\ui\ui god poseidon 256x256.tga,Unknown,NormalExtraction,256,256,65536,1024,1024,1048576,1.0486,1024,DEFLATEDRGBA8,4,False,False,False,False,,72.427,16,0,0,0,True,True,655392,True,True,False,False,True,False,False,DEFLATED,4194304,True
textures\ui\ui god ra 256x256.tga,Unknown,NormalExtraction,256,256,65536,1024,1024,1048576,1.0486,1024,DEFLATEDRGBA8,4,False,False,False,False,,72.427,16,0,0,0,True,True,655392,True,True,False,False,True,False,False,DEFLATED,4194304,True
textures\ui\ui god set 256x256.tga,Unknown,NormalExtraction,256,256,65536,1024,1024,1048576,1.0486,1024,DEFLATEDRGBA8,4,False,False,False,False,,72.427,16,0,0,0,True,True,655392,True,True,False,False,True,False,False,DEFLATED,4194304,True
textures\ui\ui god shennong 256x256.tga,Unknown,NormalExtraction,256,256,65536,1024,1024,1048576,1.0486,1024,DEFLATEDRGBA8,0,False,False,False,False,,72.427,16,0,0,0,True,True,655392,True,True,False,False,True,False,False,DEFLATED,4194304,True
textures\ui\ui god thor 256x256.tga,Unknown,NormalExtraction,256,256,65536,1024,1024,1048576,1.0486,1024,DEFLATEDRGBA8,4,False,False,False,False,,72.447,16,0,0,0,True,True,655392,True,True,False,False,True,False,False,DEFLATED,4194304,True
textures\ui\ui god zeus 256x256.tga,Unknown,NormalExtraction,256,256,65536,1024,1024,1048576,1.0486,1024,DEFLATEDRGBA8,1,False,False,False,False,,68.91,2,0,0,0,True,True,655392,True,True,False,False,True,False,False,DEFLATED,4194304,True
textures\ui\ui line yellow vertical.tga,Unknown,NormalExtraction,8,256,2048,32,1024,32768,0.0328,1024,DEFLATEDRGBA8,0,True,False,False,False,,98.828,221,0,0,0,True,True,20512,True,True,False,False,False,False,False,DEFLATED,131072,True
textures\ui\ui line yellow.tga,Unknown,NormalExtraction,256,8,2048,1024,32,32768,0.0328,1024,DEFLATEDRGBA8,0,True,False,False,False,,100.0,227,0,0,0,True,True,20512,True,True,False,False,False,False,False,DEFLATED,131072,True
textures\ui\ui map acropolis 256x256.tga,Unknown,NormalExtraction,256,256,65536,1024,1024,1048576,1.0486,1024,DEFLATEDRGBA8,1,False,False,False,False,,64.502,2,0,0,0,True,True,655392,True,True,False,False,True,False,False,DEFLATED,4194304,True
textures\ui\ui map alfheim 256x256.tga,Unknown,NormalExtraction,256,256,65536,1024,1024,1048576,1.0486,1024,DEFLATEDRGBA8,1,False,False,False,False,,64.502,2,0,0,0,True,True,655392,True,True,False,False,True,False,False,DEFLATED,4194304,True
textures\ui\ui map altheim 256x256.tga,Unknown,NormalExtraction,256,256,65536,1024,1024,1048576,1.0486,1024,DEFLATEDRGBA8,1,False,False,False,False,,64.502,2,0,0,0,True,True,655392,True,True,False,False,True,False,False,DEFLATED,4194304,True
textures\ui\ui map anatolia 256x256.tga,Unknown,NormalExtraction,256,256,65536,1024,1024,1048576,1.0486,1024,DEFLATEDRGBA8,1,False,False,False,False,,64.502,2,0,0,0,True,True,655392,True,True,False,False,True,False,False,DEFLATED,4194304,True
textures\ui\ui map any 256x256.tga,Unknown,NormalExtraction,256,256,65536,1024,1024,1048576,1.0486,1024,DEFLATEDRGBA8,1,False,False,False,False,,64.502,2,0,0,0,True,True,655392,True,True,False,False,True,False,False,DEFLATED,4194304,True
textures\ui\ui map archipelago 256x256.tga,Unknown,NormalExtraction,256,256,65536,1024,1024,1048576,1.0486,1024,DEFLATEDRGBA8,1,False,False,False,False,,64.502,2,0,0,0,True,True,655392,True,True,False,False,True,False,False,DEFLATED,4194304,True
textures\ui\ui map basin 256x256.tga,Unknown,NormalExtraction,256,256,65536,1024,1024,1048576,1.0486,1024,DEFLATEDRGBA8,1,False,False,False,False,,64.502,2,0,0,0,True,True,655392,True,True,False,False,True,False,False,DEFLATED,4194304,True
textures\ui\ui map black sea 256x256.tga,Unknown,NormalExtraction,256,256,65536,1024,1024,1048576,1.0486,1024,DEFLATEDRGBA8,1,False,False,False,False,,64.502,2,0,0,0,True,True,655392,True,True,False,False,True,False,False,DEFLATED,4194304,True
textures\ui\ui map blue lagoon.tga,Unknown,NormalExtraction,256,256,65536,1024,1024,1048576,1.0486,1024,BC1,4,False,False,False,False,,66.22,2,0,0,0,True,True,0,False,True,False,False,True,True,True,BC1,4194304,True
textures\ui\ui map boarder highlight 256x256.tga,Unknown,NormalExtraction,256,256,65536,1024,1024,1048576,1.0486,1024,DEFLATEDRGBA8,4,False,False,False,False,,25.584,16,0,0,0,True,True,655392,True,True,False,False,True,False,False,DEFLATED,4194304,True
textures\ui\ui map boarder template 256x256.tga,Unknown,NormalExtraction,256,256,65536,1024,1024,1048576,1.0486,1024,DEFLATEDRGBA8,4,False,False,False,False,,32.365,16,0,0,0,True,True,655392,True,True,False,False,True,False,False,DEFLATED,4194304,True
textures\ui\ui map deep jungle 256x256.tga,Unknown,NormalExtraction,256,256,65536,1024,1024,1048576,1.0486,1024,DEFLATEDRGBA8,1,False,False,False,False,,64.502,2,0,0,0,True,True,655392,True,True,False,False,True,False,False,DEFLATED,4194304,True
textures\ui\ui map erebus 256x256.tga,Unknown,NormalExtraction,256,256,65536,1024,1024,1048576,1.0486,1024,DEFLATEDRGBA8,1,False,False,False,False,,64.502,2,0,0,0,True,True,655392,True,True,False,False,True,False,False,DEFLATED,4194304,True
textures\ui\ui map fgc 256x256.tga,Unknown,NormalExtraction,256,256,65536,1024,1024,1048576,1.0486,1024,DEFLATEDRGBA8,1,False,False,False,False,,64.502,2,0,0,0,True,True,655392,True,True,False,False,True,False,False,DEFLATED,4194304,True
textures\ui\ui map ghost lake 256x256.tga,Unknown,NormalExtraction,256,256,65536,1024,1024,1048576,1.0486,1024,DEFLATEDRGBA8,1,False,False,False,False,,64.502,2,0,0,0,True,True,655392,True,True,False,False,True,False,False,DEFLATED,4194304,True
textures\ui\ui map golden fleece 256x256.tga,Unknown,NormalExtraction,256,256,65536,1024,1024,1048576,1.0486,1024,DEFLATEDRGBA8,1,False,False,False,False,,64.502,2,0,0,0,True,True,655392,True,True,False,False,True,False,False,DEFLATED,4194304,True
textures\ui\ui map highland 256x256.tga,Unknown,NormalExtraction,256,256,65536,1024,1024,1048576,1.0486,1024,DEFLATEDRGBA8,1,False,False,False,False,,64.502,2,0,0,0,True,True,655392,True,True,False,False,True,False,False,DEFLATED,4194304,True
textures\ui\ui map islands 256x256.tga,Unknown,NormalExtraction,256,256,65536,1024,1024,1048576,1.0486,1024,DEFLATEDRGBA8,1,False,False,False,False,,64.502,2,0,0,0,True,True,655392,True,True,False,False,True,False,False,DEFLATED,4194304,True
textures\ui\ui map jotunheim 256x256.tga,Unknown,NormalExtraction,256,256,65536,1024,1024,1048576,1.0486,1024,DEFLATEDRGBA8,1,False,False,False,False,,64.502,2,0,0,0,True,True,655392,True,True,False,False,True,False,False,DEFLATED,4194304,True
textures\ui\ui map king of the hill 256x256.tga,Unknown,NormalExtraction,256,256,65536,1024,1024,1048576,1.0486,1024,DEFLATEDRGBA8,1,False,False,False,False,,64.502,2,0,0,0,True,True,655392,True,True,False,False,True,False,False,DEFLATED,4194304,True
textures\ui\ui map land unknown 256x256.tga,Unknown,NormalExtraction,256,256,65536,1024,1024,1048576,1.0486,1024,DEFLATEDRGBA8,1,False,False,False,False,,64.502,2,0,0,0,True,True,655392,True,True,False,False,True,False,False,DEFLATED,4194304,True
textures\ui\ui map marsh 256x256.tga,Unknown,NormalExtraction,256,256,65536,1024,1024,1048576,1.0486,1024,DEFLATEDRGBA8,1,False,False,False,False,,64.502,2,0,0,0,True,True,655392,True,True,False,False,True,False,False,DEFLATED,4194304,True
textures\ui\ui map mediterranean 256x256.tga,Unknown,NormalExtraction,256,256,65536,1024,1024,1048576,1.0486,1024,DEFLATEDRGBA8,1,False,False,False,False,,64.502,2,0,0,0,True,True,655392,True,True,False,False,True,False,False,DEFLATED,4194304,True
textures\ui\ui map megalopolis 256x256.tga,Unknown,NormalExtraction,256,256,65536,1024,1024,1048576,1.0486,1024,DEFLATEDRGBA8,1,False,False,False,False,,64.502,2,0,0,0,True,True,655392,True,True,False,False,True,False,False,DEFLATED,4194304,True
textures\ui\ui map midgard 256x256.tga,Unknown,NormalExtraction,256,256,65536,1024,1024,1048576,1.0486,1024,DEFLATEDRGBA8,1,False,False,False,False,,64.502,2,0,0,0,True,True,655392,True,True,False,False,True,False,False,DEFLATED,4194304,True
textures\ui\ui map missing 256x256.tga,Unknown,NormalExtraction,256,256,65536,1024,1024,1048576,1.0486,1024,DEFLATEDRGBA8,1,False,False,False,False,,64.502,2,0,0,0,True,True,655392,True,True,False,False,True,False,False,DEFLATED,4194304,True
textures\ui\ui map nomad 256x256.tga,Unknown,NormalExtraction,256,256,65536,1024,1024,1048576,1.0486,1024,DEFLATEDRGBA8,1,False,False,False,False,,64.502,2,0,0,0,True,True,655392,True,True,False,False,True,False,False,DEFLATED,4194304,True
textures\ui\ui map oasis 256x256.tga,Unknown,NormalExtraction,256,256,65536,1024,1024,1048576,1.0486,1024,DEFLATEDRGBA8,1,False,False,False,False,,64.502,2,0,0,0,True,True,655392,True,True,False,False,True,False,False,DEFLATED,4194304,True
textures\ui\ui map old atlantis 256x256.tga,Unknown,NormalExtraction,256,256,65536,1024,1024,1048576,1.0486,1024,DEFLATEDRGBA8,1,False,False,False,False,,64.502,2,0,0,0,True,True,655392,True,True,False,False,True,False,False,DEFLATED,4194304,True
textures\ui\ui map open fields 256x256.tga,Unknown,NormalExtraction,256,256,65536,1024,1024,1048576,1.0486,1024,DEFLATEDRGBA8,1,False,False,False,False,,64.502,2,0,0,0,True,True,655392,True,True,False,False,True,False,False,DEFLATED,4194304,True
textures\ui\ui map pick 256x256.tga,Unknown,NormalExtraction,256,256,65536,1024,1024,1048576,1.0486,1024,DEFLATEDRGBA8,1,False,False,False,False,,64.502,2,0,0,0,True,True,655392,True,True,False,False,True,False,False,DEFLATED,4194304,True
textures\ui\ui map random 256x256.tga,Unknown,NormalExtraction,256,256,65536,1024,1024,1048576,1.0486,1024,DEFLATEDRGBA8,1,False,False,False,False,,64.502,2,0,0,0,True,True,655392,True,True,False,False,True,False,False,DEFLATED,4194304,True
textures\ui\ui map random fast 256x256.tga,Unknown,NormalExtraction,256,256,65536,1024,1024,1048576,1.0486,1024,DEFLATEDRGBA8,1,False,False,False,False,,64.502,2,0,0,0,True,True,655392,True,True,False,False,True,False,False,DEFLATED,4194304,True
textures\ui\ui map regicide 256x256.tga,Unknown,NormalExtraction,256,256,65536,1024,1024,1048576,1.0486,1024,DEFLATEDRGBA8,1,False,False,False,False,,64.502,2,0,0,0,True,True,655392,True,True,False,False,True,False,False,DEFLATED,4194304,True
textures\ui\ui map restore 256x256.tga,Unknown,NormalExtraction,256,256,65536,1024,1024,1048576,1.0486,1024,DEFLATEDRGBA8,1,False,False,False,False,,64.502,2,0,0,0,True,True,655392,True,True,False,False,True,False,False,DEFLATED,4194304,True
textures\ui\ui map river nile 256x256.tga,Unknown,NormalExtraction,256,256,65536,1024,1024,1048576,1.0486,1024,DEFLATEDRGBA8,1,False,False,False,False,,64.502,2,0,0,0,True,True,655392,True,True,False,False,True,False,False,DEFLATED,4194304,True
textures\ui\ui map river styx 256x256.tga,Unknown,NormalExtraction,256,256,65536,1024,1024,1048576,1.0486,1024,DEFLATEDRGBA8,1,False,False,False,False,,64.502,2,0,0,0,True,True,655392,True,True,False,False,True,False,False,DEFLATED,4194304,True
textures\ui\ui map savannah 256x256.tga,Unknown,NormalExtraction,256,256,65536,1024,1024,1048576,1.0486,1024,DEFLATEDRGBA8,1,False,False,False,False,,64.502,2,0,0,0,True,True,655392,True,True,False,False,True,False,False,DEFLATED,4194304,True
textures\ui\ui map scenario 256x256.tga,Unknown,NormalExtraction,256,256,65536,1024,1024,1048576,1.0486,1024,DEFLATEDRGBA8,1,False,False,False,False,,64.502,2,0,0,0,True,True,655392,True,True,False,False,True,False,False,DEFLATED,4194304,True
textures\ui\ui map sea of worms 256x256.tga,Unknown,NormalExtraction,256,256,65536,1024,1024,1048576,1.0486,1024,DEFLATEDRGBA8,1,False,False,False,False,,64.502,2,0,0,0,True,True,655392,True,True,False,False,True,False,False,DEFLATED,4194304,True
textures\ui\ui map silk road 256x256.tga,Unknown,NormalExtraction,256,256,65536,1024,1024,1048576,1.0486,1024,DEFLATEDRGBA8,1,False,False,False,False,,64.502,2,0,0,0,True,True,655392,True,True,False,False,True,False,False,DEFLATED,4194304,True
textures\ui\ui map sudden death 256x256.tga,Unknown,NormalExtraction,256,256,65536,1024,1024,1048576,1.0486,1024,DEFLATEDRGBA8,1,False,False,False,False,,64.502,2,0,0,0,True,True,655392,True,True,False,False,True,False,False,DEFLATED,4194304,True
textures\ui\ui map team migration 256x256.tga,Unknown,NormalExtraction,256,256,65536,1024,1024,1048576,1.0486,1024,DEFLATEDRGBA8,1,False,False,False,False,,64.502,2,0,0,0,True,True,655392,True,True,False,False,True,False,False,DEFLATED,4194304,True
textures\ui\ui map the unknown 256x256.tga,Unknown,NormalExtraction,256,256,65536,1024,1024,1048576,1.0486,1024,DEFLATEDRGBA8,1,False,False,False,False,,64.502,2,0,0,0,True,True,655392,True,True,False,False,True,False,False,DEFLATED,4194304,True
textures\ui\ui map tundra 256x256.tga,Unknown,NormalExtraction,256,256,65536,1024,1024,1048576,1.0486,1024,DEFLATEDRGBA8,1,False,False,False,False,,64.502,2,0,0,0,True,True,655392,True,True,False,False,True,False,False,DEFLATED,4194304,True
textures\ui\ui map user made 256x256.tga,Unknown,NormalExtraction,256,256,65536,1024,1024,1048576,1.0486,1024,DEFLATEDRGBA8,1,False,False,False,False,,64.502,2,0,0,0,True,True,655392,True,True,False,False,True,False,False,DEFLATED,4194304,True
textures\ui\ui map valley of kings 256x256.tga,Unknown,NormalExtraction,256,256,65536,1024,1024,1048576,1.0486,1024,DEFLATEDRGBA8,1,False,False,False,False,,64.502,2,0,0,0,True,True,655392,True,True,False,False,True,False,False,DEFLATED,4194304,True
textures\ui\ui map vinlandsaga 256x256.tga,Unknown,NormalExtraction,256,256,65536,1024,1024,1048576,1.0486,1024,DEFLATEDRGBA8,1,False,False,False,False,,64.502,2,0,0,0,True,True,655392,True,True,False,False,True,False,False,DEFLATED,4194304,True
textures\ui\ui map watering hole 256x256.tga,Unknown,NormalExtraction,256,256,65536,1024,1024,1048576,1.0486,1024,DEFLATEDRGBA8,1,False,False,False,False,,64.502,2,0,0,0,True,True,655392,True,True,False,False,True,False,False,DEFLATED,4194304,True
textures\ui\ui map yellow river 256x256.tga,Unknown,NormalExtraction,256,256,65536,1024,1024,1048576,1.0486,1024,DEFLATEDRGBA8,1,False,False,False,False,,64.502,2,0,0,0,True,True,655392,True,True,False,False,True,False,False,DEFLATED,4194304,True
textures\ui\ui online multiplayer test.tga,Unknown,NormalExtraction,256,32,8192,1024,128,131072,0.1311,1024,DEFLATEDRGBA8,0,False,False,False,False,,100.0,1,0,0,0,True,True,81952,True,True,False,False,False,False,False,DEFLATED,524288,True
textures\ui\ui pregame aom titan logo left.tga,Unknown,NormalExtraction,684,512,350208,2736,2048,5603328,5.6033,2736,DEFLATEDRGBA8,4,False,False,False,False,,41.485,256,0,0,0,True,True,3502112,True,True,True,False,False,False,False,DEFLATED,22413312,True
textures\ui\ui pregame aom titan logo right.tga,Unknown,NormalExtraction,684,512,350208,2736,2048,5603328,5.6033,2736,DEFLATEDRGBA8,4,False,False,False,False,,39.08,256,0,0,0,True,True,3502112,True,True,True,False,False,False,False,DEFLATED,22413312,True
textures\ui\ui pregame button click.tga,Unknown,NormalExtraction,256,64,16384,1024,256,262144,0.2621,1024,DEFLATEDRGBA8,4,False,False,False,False,,46.326,2,0,0,0,True,True,163872,True,True,False,False,False,False,False,DEFLATED,1048576,True
textures\ui\ui pregame button clicked.tga,Unknown,NormalExtraction,256,64,16384,1024,256,262144,0.2621,1024,DEFLATEDRGBA8,4,False,False,False,False,,46.326,2,0,0,0,True,True,163872,True,True,False,False,False,False,False,DEFLATED,1048576,True
textures\ui\ui pregame button glow.tga,Unknown,NormalExtraction,256,64,16384,1024,256,262144,0.2621,1024,DEFLATEDRGBA8,4,False,False,False,False,,18.5,14,0,0,0,True,True,163872,True,True,False,False,False,False,False,DEFLATED,1048576,True
textures\ui\ui pregame button rollover.tga,Unknown,NormalExtraction,256,64,16384,1024,256,262144,0.2621,1024,DEFLATEDRGBA8,4,False,False,False,False,,46.326,2,0,0,0,True,True,163872,True,True,False,False,False,False,False,DEFLATED,1048576,True
textures\ui\ui pregame button.tga,Unknown,NormalExtraction,256,64,16384,1024,256,262144,0.2621,1024,DEFLATEDRGBA8,4,False,False,False,False,,46.326,2,0,0,0,True,True,163872,True,True,False,False,False,False,False,DEFLATED,1048576,True
textures\ui\ui pregame left bottom.tga,Unknown,NormalExtraction,481,360,173160,1924,1440,2770560,2.7706,1924,DEFLATEDRGBA8,4,False,False,False,False,,66.849,256,0,0,0,True,True,1732352,True,True,False,False,False,False,False,DEFLATED,11082240,True
textures\ui\ui pregame left middle.tga,Unknown,NormalExtraction,481,360,173160,1924,1440,2770560,2.7706,1924,DEFLATEDRGBA8,4,False,False,False,False,,68.375,256,0,0,0,True,True,1732352,True,True,False,False,False,False,False,DEFLATED,11082240,True
textures\ui\ui pregame left top.tga,Unknown,NormalExtraction,481,360,173160,1924,1440,2770560,2.7706,1924,DEFLATEDRGBA8,4,False,False,False,False,,21.984,256,0,0,0,True,True,1732352,True,True,False,False,False,False,False,DEFLATED,11082240,True
textures\ui\ui pregame right bottom.tga,Unknown,NormalExtraction,481,360,173160,1924,1440,2770560,2.7706,1924,DEFLATEDRGBA8,4,False,False,False,False,,66.966,256,0,0,0,True,True,1732352,True,True,False,False,False,False,False,DEFLATED,11082240,True
textures\ui\ui pregame right middle.tga,Unknown,NormalExtraction,481,360,173160,1924,1440,2770560,2.7706,1924,DEFLATEDRGBA8,4,False,False,False,False,,68.395,256,0,0,0,True,True,1732352,True,True,False,False,False,False,False,DEFLATED,11082240,True
textures\ui\ui pregame right top.tga,Unknown,NormalExtraction,481,360,173160,1924,1440,2770560,2.7706,1924,DEFLATEDRGBA8,4,False,False,False,False,,22.137,256,0,0,0,True,True,1732352,True,True,False,False,False,False,False,DEFLATED,11082240,True
textures\ui\ui progress bar background middle.tga,Unknown,NormalExtraction,256,128,32768,1024,512,524288,0.5243,1024,DEFLATEDRGBA8,4,False,False,False,False,,50.528,16,0,0,0,True,True,327712,True,True,False,False,False,False,False,DEFLATED,2097152,True
textures\ui\ui progress bar.tga,Unknown,NormalExtraction,256,128,32768,1024,512,524288,0.5243,1024,DEFLATEDRGBA8,4,False,False,False,False,,50.528,16,0,0,0,True,True,327712,True,True,False,False,False,False,False,DEFLATED,2097152,True
textures\ui\ui quick start button 256x64 clicked.tga,Unknown,NormalExtraction,256,64,16384,1024,256,262144,0.2621,1024,DEFLATEDRGBA8,4,False,False,False,False,,86.322,16,0,0,0,True,True,163872,True,True,False,False,False,False,False,DEFLATED,1048576,True
textures\ui\ui quick start button 256x64 rollover.tga,Unknown,NormalExtraction,256,64,16384,1024,256,262144,0.2621,1024,DEFLATEDRGBA8,4,False,False,False,False,,86.322,16,0,0,0,True,True,163872,True,True,False,False,False,False,False,DEFLATED,1048576,True
textures\ui\ui quick start button 256x64.tga,Unknown,NormalExtraction,256,64,16384,1024,256,262144,0.2621,1024,DEFLATEDRGBA8,4,False,False,False,False,,86.322,16,0,0,0,True,True,163872,True,True,False,False,False,False,False,DEFLATED,1048576,True
textures\ui\ui scroll bottom 256x16.tga,Unknown,NormalExtraction,256,16,4096,1024,64,65536,0.0655,1024,DEFLATEDRGBA8,1,False,False,False,False,,55.078,2,0,0,0,True,True,40992,True,True,False,False,False,False,False,DEFLATED,262144,True
textures\ui\ui scroll middle 256x16.tga,Unknown,NormalExtraction,256,64,16384,1024,256,262144,0.2621,1024,DEFLATEDRGBA8,1,False,False,False,False,,64.453,2,0,0,0,True,True,163872,True,True,False,False,False,False,False,DEFLATED,1048576,True
textures\ui\ui scroll top 256x16.tga,Unknown,NormalExtraction,256,16,4096,1024,64,65536,0.0655,1024,DEFLATEDRGBA8,1,False,False,False,False,,50.854,2,0,0,0,True,True,40992,True,True,False,False,False,False,False,DEFLATED,262144,True
textures\ui\ui_consolebackground.tga,Unknown,NormalExtraction,256,256,65536,1024,1024,1048576,1.0486,1024,DEFLATEDRGBA8,0,False,False,False,False,,100.0,1,0,0,0,True,True,655392,True,True,False,False,True,False,False,DEFLATED,4194304,True
textures\ui_banners atlantean.tga,Unknown,NormalExtraction,256,256,65536,1024,1024,1048576,1.0486,1024,BC3,1,False,False,False,False,,75.366,3,7,7,0,True,True,1048600,True,True,False,False,True,False,False,BC3,4194304,True
textures\ui_banners atlantean2.tga,Unknown,NormalExtraction,256,256,65536,1024,1024,1048576,1.0486,1024,BC3,1,False,False,False,False,,75.366,3,5,5,0,True,True,1048600,True,True,False,False,True,False,False,BC3,4194304,True
textures\ui_banners egypt.tga,Unknown,NormalExtraction,256,256,65536,1024,1024,1048576,1.0486,1024,BC3,1,False,False,False,False,,76.651,3,26,26,0,True,True,1048600,True,True,False,False,True,False,False,BC3,4194304,True
textures\ui_banners egypt2.tga,Unknown,NormalExtraction,256,256,65536,1024,1024,1048576,1.0486,1024,BC3,1,False,False,False,False,,76.651,3,19,19,0,True,True,1048600,True,True,False,False,True,False,False,BC3,4194304,True
textures\ui_banners greek.tga,Unknown,NormalExtraction,256,256,65536,1024,1024,1048576,1.0486,1024,BC3,1,False,False,False,False,,73.949,3,13,13,0,True,True,1048600,True,True,False,False,True,False,False,BC3,4194304,True
textures\ui_banners greek2.tga,Unknown,NormalExtraction,256,256,65536,1024,1024,1048576,1.0486,1024,BC3,1,False,False,False,False,,73.949,3,17,17,0,True,True,1048600,True,True,False,False,True,False,False,BC3,4194304,True
textures\ui_banners norse.tga,Unknown,NormalExtraction,256,256,65536,1024,1024,1048576,1.0486,1024,BC3,1,False,False,False,False,,71.255,3,27,27,0,True,True,1048600,True,True,False,False,True,False,False,BC3,4194304,True
textures\ui_banners norse2.tga,Unknown,NormalExtraction,256,256,65536,1024,1024,1048576,1.0486,1024,BC3,1,False,False,False,False,,71.255,3,18,18,0,True,True,1048600,True,True,False,False,True,False,False,BC3,4194304,True
textures\ui_banners selected atlantean.tga,Unknown,NormalExtraction,256,256,65536,1024,1024,1048576,1.0486,1024,BC3,1,False,False,False,False,,75.366,3,8,8,0,True,True,1048600,True,True,False,False,True,False,False,BC3,4194304,True
textures\ui_banners selected atlantean2.tga,Unknown,NormalExtraction,256,256,65536,1024,1024,1048576,1.0486,1024,BC3,1,False,False,False,False,,75.366,3,5,5,0,True,True,1048600,True,True,False,False,True,False,False,BC3,4194304,True
textures\ui_banners selected egypt.tga,Unknown,NormalExtraction,256,256,65536,1024,1024,1048576,1.0486,1024,BC3,1,False,False,False,False,,76.651,3,19,19,0,True,True,1048600,True,True,False,False,True,False,False,BC3,4194304,True
textures\ui_banners selected egypt2.tga,Unknown,NormalExtraction,256,256,65536,1024,1024,1048576,1.0486,1024,BC3,1,False,False,False,False,,76.651,3,14,14,0,True,True,1048600,True,True,False,False,True,False,False,BC3,4194304,True
textures\ui_banners selected greek.tga,Unknown,NormalExtraction,256,256,65536,1024,1024,1048576,1.0486,1024,BC3,1,False,False,False,False,,73.949,3,34,34,0,True,True,1048600,True,True,False,False,True,False,False,BC3,4194304,True
textures\ui_banners selected greek2.tga,Unknown,NormalExtraction,256,256,65536,1024,1024,1048576,1.0486,1024,BC3,1,False,False,False,False,,73.949,3,16,16,0,True,True,1048600,True,True,False,False,True,False,False,BC3,4194304,True
textures\ui_banners selected norse.tga,Unknown,NormalExtraction,256,256,65536,1024,1024,1048576,1.0486,1024,BC3,1,False,False,False,False,,71.255,3,19,19,0,True,True,1048600,True,True,False,False,True,False,False,BC3,4194304,True
textures\ui_banners selected norse2.tga,Unknown,NormalExtraction,256,256,65536,1024,1024,1048576,1.0486,1024,BC3,1,False,False,False,False,,71.255,3,16,16,0,True,True,1048600,True,True,False,False,True,False,False,BC3,4194304,True
textures\ui_banners.tga,Unknown,NormalExtraction,256,256,65536,1024,1024,1048576,1.0486,1024,BC3,1,False,False,False,False,,73.949,3,0,0,0,True,True,1048600,True,True,False,False,True,False,False,BC3,4194304,True
textures\ui_banners_attack atlantean.tga,Unknown,NormalExtraction,256,256,65536,1024,1024,1048576,1.0486,1024,BC3,1,False,False,False,False,,75.366,3,0,0,0,True,True,1048600,True,True,False,False,True,False,False,BC3,4194304,True
textures\ui_banners_attack egypt.tga,Unknown,NormalExtraction,256,256,65536,1024,1024,1048576,1.0486,1024,BC3,1,False,False,False,False,,76.323,3,0,0,0,True,True,1048600,True,True,False,False,True,False,False,BC3,4194304,True
textures\ui_banners_attack greek.tga,Unknown,NormalExtraction,256,256,65536,1024,1024,1048576,1.0486,1024,BC3,1,False,False,False,False,,73.949,3,0,0,0,True,True,1048600,True,True,False,False,True,False,False,BC3,4194304,True
textures\ui_banners_attack norse.tga,Unknown,NormalExtraction,256,256,65536,1024,1024,1048576,1.0486,1024,BC3,1,False,False,False,False,,71.661,3,0,0,0,True,True,1048600,True,True,False,False,True,False,False,BC3,4194304,True
textures\ui_banners_selected.tga,Unknown,NormalExtraction,256,256,65536,1024,1024,1048576,1.0486,1024,BC3,1,False,False,False,False,,73.949,3,0,0,0,True,True,1048600,True,True,False,False,True,False,False,BC3,4194304,True
textures\ui_c_bottombar_a.tga,Unknown,NormalExtraction,256,128,32768,1024,512,524288,0.5243,1024,DEFLATEDRGBA8,0,False,False,False,False,,100.0,1,0,0,0,True,True,327712,True,True,False,False,False,False,False,DEFLATED,2097152,True
textures\ui_c_bottombar_a_fuxi.tga,Unknown,NormalExtraction,640,256,163840,2560,1024,2621440,2.6214,2560,DEFLATEDRGBA8,0,False,False,False,False,,86.609,250,0,0,0,True,True,1638432,True,True,True,False,False,False,False,DEFLATED,10485760,True
textures\ui_c_bottombar_a_nuwa.tga,Unknown,NormalExtraction,640,256,163840,2560,1024,2621440,2.6214,2560,DEFLATEDRGBA8,0,False,False,False,False,,84.213,237,0,0,0,True,True,1638432,True,True,True,False,False,False,False,DEFLATED,10485760,True
textures\ui_c_bottombar_a_shennong.tga,Unknown,NormalExtraction,640,256,163840,2560,1024,2621440,2.6214,2560,DEFLATEDRGBA8,0,False,False,False,False,,85.344,238,0,0,0,True,True,1638432,True,True,True,False,False,False,False,DEFLATED,10485760,True
textures\ui_c_bottombar_b.tga,Unknown,NormalExtraction,256,128,32768,1024,512,524288,0.5243,1024,DEFLATEDRGBA8,0,False,False,False,False,,100.0,1,0,0,0,True,True,327712,True,True,False,False,False,False,False,DEFLATED,2097152,True
textures\ui_c_bottombar_b_fuxi.tga,Unknown,NormalExtraction,512,256,131072,2048,1024,2097152,2.0972,2048,DEFLATEDRGBA8,0,False,False,False,False,,100.0,1,0,0,0,True,True,1310752,True,True,True,False,False,False,False,DEFLATED,8388608,True
textures\ui_c_bottombar_b_nuwa.tga,Unknown,NormalExtraction,512,256,131072,2048,1024,2097152,2.0972,2048,DEFLATEDRGBA8,0,False,False,False,False,,100.0,1,0,0,0,True,True,1310752,True,True,True,False,False,False,False,DEFLATED,8388608,True
textures\ui_c_bottombar_b_shennong.tga,Unknown,NormalExtraction,512,256,131072,2048,1024,2097152,2.0972,2048,DEFLATEDRGBA8,0,False,False,False,False,,100.0,1,0,0,0,True,True,1310752,True,True,True,False,False,False,False,DEFLATED,8388608,True
textures\ui_c_bottombar_c.tga,Unknown,NormalExtraction,256,128,32768,1024,512,524288,0.5243,1024,DEFLATEDRGBA8,0,False,False,False,False,,100.0,1,0,0,0,True,True,327712,True,True,False,False,False,False,False,DEFLATED,2097152,True
textures\ui_c_bottombar_c_fuxi.tga,Unknown,NormalExtraction,512,256,131072,2048,1024,2097152,2.0972,2048,DEFLATEDRGBA8,0,False,False,False,False,,100.0,4,0,0,0,True,True,1310752,True,True,True,False,False,False,False,DEFLATED,8388608,True
textures\ui_c_bottombar_c_nuwa.tga,Unknown,NormalExtraction,512,256,131072,2048,1024,2097152,2.0972,2048,DEFLATEDRGBA8,0,False,False,False,False,,100.0,4,0,0,0,True,True,1310752,True,True,True,False,False,False,False,DEFLATED,8388608,True
textures\ui_c_bottombar_c_shennong.tga,Unknown,NormalExtraction,512,256,131072,2048,1024,2097152,2.0972,2048,DEFLATEDRGBA8,0,False,False,False,False,,100.0,4,0,0,0,True,True,1310752,True,True,True,False,False,False,False,DEFLATED,8388608,True
textures\ui_c_bottombar_d.tga,Unknown,NormalExtraction,256,128,32768,1024,512,524288,0.5243,1024,DEFLATEDRGBA8,0,False,False,False,False,,100.0,1,0,0,0,True,True,327712,True,True,False,False,False,False,False,DEFLATED,2097152,True
textures\ui_c_bottombar_d_fuxi.tga,Unknown,NormalExtraction,640,256,163840,2560,1024,2621440,2.6214,2560,DEFLATEDRGBA8,0,False,False,False,False,,85.706,247,0,0,0,True,True,1638432,True,True,True,False,False,False,False,DEFLATED,10485760,True
textures\ui_c_bottombar_d_nuwa.tga,Unknown,NormalExtraction,640,256,163840,2560,1024,2621440,2.6214,2560,DEFLATEDRGBA8,0,False,False,False,False,,83.53,240,0,0,0,True,True,1638432,True,True,True,False,False,False,False,DEFLATED,10485760,True
textures\ui_c_bottombar_d_shennong.tga,Unknown,NormalExtraction,640,256,163840,2560,1024,2621440,2.6214,2560,DEFLATEDRGBA8,0,False,False,False,False,,84.456,243,0,0,0,True,True,1638432,True,True,True,False,False,False,False,DEFLATED,10485760,True
textures\ui_c_bottomcap_a.tga,Unknown,NormalExtraction,256,32,8192,1024,128,131072,0.1311,1024,DEFLATEDRGBA8,4,False,False,False,False,,56.25,9,0,0,0,True,True,81952,True,True,False,False,False,False,False,DEFLATED,524288,True
textures\ui_c_bottomcap_a_fuxi.tga,Unknown,NormalExtraction,512,128,65536,2048,512,1048576,1.0486,2048,DEFLATEDRGBA8,4,False,False,False,False,,34.712,157,0,0,0,True,True,655392,True,True,True,False,False,False,False,DEFLATED,4194304,True
textures\ui_c_bottomcap_a_nuwa.tga,Unknown,NormalExtraction,512,128,65536,2048,512,1048576,1.0486,2048,DEFLATEDRGBA8,4,False,False,False,False,,39.345,204,0,0,0,True,True,655392,True,True,True,False,False,False,False,DEFLATED,4194304,True
textures\ui_c_bottomcap_a_shennong.tga,Unknown,NormalExtraction,512,128,65536,2048,512,1048576,1.0486,2048,DEFLATEDRGBA8,4,False,False,False,False,,36.493,167,0,0,0,True,True,655392,True,True,True,False,False,False,False,DEFLATED,4194304,True
textures\ui_c_bottomcap_b.tga,Unknown,NormalExtraction,256,32,8192,1024,128,131072,0.1311,1024,DEFLATEDRGBA8,4,False,False,False,False,,84.57,14,0,0,0,True,True,81952,True,True,False,False,False,False,False,DEFLATED,524288,True
textures\ui_c_bottomcap_b_fuxi.tga,Unknown,NormalExtraction,512,64,32768,2048,256,524288,0.5243,2048,DEFLATEDRGBA8,4,False,False,False,False,,89.453,171,0,0,0,True,True,327712,True,True,True,False,False,False,False,DEFLATED,2097152,True
textures\ui_c_bottomcap_b_nuwa.tga,Unknown,NormalExtraction,512,64,32768,2048,256,524288,0.5243,2048,DEFLATEDRGBA8,4,False,False,False,False,,88.925,139,0,0,0,True,True,327712,True,True,True,False,False,False,False,DEFLATED,2097152,True
textures\ui_c_bottomcap_b_shennong.tga,Unknown,NormalExtraction,512,64,32768,2048,256,524288,0.5243,2048,DEFLATEDRGBA8,4,False,False,False,False,,85.931,122,0,0,0,True,True,327712,True,True,True,False,False,False,False,DEFLATED,2097152,True
textures\ui_c_bottomcap_c.tga,Unknown,NormalExtraction,256,32,8192,1024,128,131072,0.1311,1024,DEFLATEDRGBA8,4,False,False,False,False,,81.824,13,0,0,0,True,True,81952,True,True,False,False,False,False,False,DEFLATED,524288,True
textures\ui_c_bottomcap_c_fuxi.tga,Unknown,NormalExtraction,512,64,32768,2048,256,524288,0.5243,2048,DEFLATEDRGBA8,4,False,False,False,False,,87.076,169,0,0,0,True,True,327712,True,True,True,False,False,False,False,DEFLATED,2097152,True
textures\ui_c_bottomcap_c_nuwa.tga,Unknown,NormalExtraction,512,64,32768,2048,256,524288,0.5243,2048,DEFLATEDRGBA8,4,False,False,False,False,,87.021,148,0,0,0,True,True,327712,True,True,True,False,False,False,False,DEFLATED,2097152,True
textures\ui_c_bottomcap_c_shennong.tga,Unknown,NormalExtraction,512,64,32768,2048,256,524288,0.5243,2048,DEFLATEDRGBA8,4,False,False,False,False,,83.554,136,0,0,0,True,True,327712,True,True,True,False,False,False,False,DEFLATED,2097152,True
textures\ui_c_bottomcap_d.tga,Unknown,NormalExtraction,256,32,8192,1024,128,131072,0.1311,1024,DEFLATEDRGBA8,4,False,False,False,False,,56.25,5,0,0,0,True,True,81952,True,True,False,False,False,False,False,DEFLATED,524288,True
textures\ui_c_bottomcap_d_fuxi.tga,Unknown,NormalExtraction,512,128,65536,2048,512,1048576,1.0486,2048,DEFLATEDRGBA8,4,False,False,False,False,,36.154,163,0,0,0,True,True,655392,True,True,True,False,False,False,False,DEFLATED,4194304,True
textures\ui_c_bottomcap_d_nuwa.tga,Unknown,NormalExtraction,512,128,65536,2048,512,1048576,1.0486,2048,DEFLATEDRGBA8,4,False,False,False,False,,37.332,191,0,0,0,True,True,655392,True,True,True,False,False,False,False,DEFLATED,4194304,True
textures\ui_c_bottomcap_d_shennong.tga,Unknown,NormalExtraction,512,128,65536,2048,512,1048576,1.0486,2048,DEFLATEDRGBA8,4,False,False,False,False,,36.147,163,0,0,0,True,True,655392,True,True,True,False,False,False,False,DEFLATED,4194304,True
textures\ui_c_bottomcap_head1.tga,Unknown,NormalExtraction,256,32,8192,1024,128,131072,0.1311,1024,DEFLATEDRGBA8,4,False,False,False,False,,19.202,9,0,0,0,True,True,81952,True,True,False,False,False,False,False,DEFLATED,524288,True
textures\ui_c_bottomcap_head1_fuxi.tga,Unknown,NormalExtraction,512,64,32768,2048,256,524288,0.5243,2048,DEFLATEDRGBA8,4,False,False,False,False,,43.085,202,0,0,0,True,True,327712,True,True,True,False,False,False,False,DEFLATED,2097152,True
textures\ui_c_bottomcap_head1_nuwa.tga,Unknown,NormalExtraction,512,64,32768,2048,256,524288,0.5243,2048,DEFLATEDRGBA8,4,False,False,False,False,,35.477,127,0,0,0,True,True,327712,True,True,True,False,False,False,False,DEFLATED,2097152,True
textures\ui_c_bottomcap_head1_shennong.tga,Unknown,NormalExtraction,512,64,32768,2048,256,524288,0.5243,2048,DEFLATEDRGBA8,4,False,False,False,False,,39.859,160,0,0,0,True,True,327712,True,True,True,False,False,False,False,DEFLATED,2097152,True
textures\ui_c_bottomcap_head2.tga,Unknown,NormalExtraction,256,32,8192,1024,128,131072,0.1311,1024,DEFLATEDRGBA8,4,False,False,False,False,,17.236,9,0,0,0,True,True,81952,True,True,False,False,False,False,False,DEFLATED,524288,True
textures\ui_c_bottomcap_head2_fuxi.tga,Unknown,NormalExtraction,512,64,32768,2048,256,524288,0.5243,2048,DEFLATEDRGBA8,4,False,False,False,False,,40.445,206,0,0,0,True,True,327712,True,True,True,False,False,False,False,DEFLATED,2097152,True
textures\ui_c_bottomcap_head2_nuwa.tga,Unknown,NormalExtraction,512,64,32768,2048,256,524288,0.5243,2048,DEFLATEDRGBA8,4,False,False,False,False,,35.724,139,0,0,0,True,True,327712,True,True,True,False,False,False,False,DEFLATED,2097152,True
textures\ui_c_bottomcap_head2_shennong.tga,Unknown,NormalExtraction,512,64,32768,2048,256,524288,0.5243,2048,DEFLATEDRGBA8,4,False,False,False,False,,37.219,161,0,0,0,True,True,327712,True,True,True,False,False,False,False,DEFLATED,2097152,True
textures\ui_c_menu_.tga,Unknown,NormalExtraction,512,128,65536,2048,512,1048576,1.0486,2048,DEFLATEDRGBA8,1,False,False,False,False,,45.103,17,0,0,0,True,True,655392,True,True,True,False,False,False,False,DEFLATED,4194304,True
textures\ui_c_title_.tga,Unknown,NormalExtraction,512,128,65536,2048,512,1048576,1.0486,2048,DEFLATEDRGBA8,1,False,False,False,False,,84.311,2,0,0,0,True,True,655392,True,True,True,False,False,False,False,DEFLATED,4194304,True
textures\ui_c_top_bar_.tga,Unknown,NormalExtraction,512,32,16384,2048,128,262144,0.2621,2048,DEFLATEDRGBA8,1,False,False,False,False,,100.0,5,0,0,0,True,True,163872,True,True,True,False,False,False,False,DEFLATED,1048576,True
textures\ui_e_bottombar_a.tga,Unknown,NormalExtraction,256,128,32768,1024,512,524288,0.5243,1024,BC3,0,False,False,False,False,,100.0,1,0,0,0,True,True,524312,True,True,False,False,False,False,False,BC3,2097152,True
textures\ui_e_bottombar_a_isis.tga,Unknown,NormalExtraction,640,256,163840,2560,1024,2621440,2.6214,2560,BC3,0,False,False,False,False,,89.301,254,0,0,0,True,True,2621464,True,True,True,False,False,False,False,BC3,10485760,True
textures\ui_e_bottombar_a_ra.tga,Unknown,NormalExtraction,640,256,163840,2560,1024,2621440,2.6214,2560,BC3,0,False,False,False,False,,86.552,244,0,0,0,True,True,2621464,True,True,True,False,False,False,False,BC3,10485760,True
textures\ui_e_bottombar_a_set.tga,Unknown,NormalExtraction,640,256,163840,2560,1024,2621440,2.6214,2560,BC3,0,False,False,False,False,,89.245,255,0,0,0,True,True,2621464,True,True,True,False,False,False,False,BC3,10485760,True
textures\ui_e_bottombar_a2.tga,Unknown,NormalExtraction,256,128,32768,1024,512,524288,0.5243,1024,BC3,0,False,False,False,False,,100.0,1,0,0,0,True,True,524312,True,True,False,False,False,False,False,BC3,2097152,True
textures\ui_e_bottombar_b isis.tga,Unknown,NormalExtraction,256,128,32768,1024,512,524288,0.5243,1024,BC3,0,False,False,False,False,,100.0,1,0,0,0,True,True,524312,True,True,False,False,False,False,False,BC3,2097152,True
textures\ui_e_bottombar_b ra.tga,Unknown,NormalExtraction,256,128,32768,1024,512,524288,0.5243,1024,BC3,0,False,False,False,False,,100.0,1,0,0,0,True,True,524312,True,True,False,False,False,False,False,BC3,2097152,True
textures\ui_e_bottombar_b set.tga,Unknown,NormalExtraction,256,128,32768,1024,512,524288,0.5243,1024,BC3,0,False,False,False,False,,100.0,1,0,0,0,True,True,524312,True,True,False,False,False,False,False,BC3,2097152,True
textures\ui_e_bottombar_b.tga,Unknown,NormalExtraction,256,128,32768,1024,512,524288,0.5243,1024,BC3,0,False,False,False,False,,100.0,1,0,0,0,True,True,524312,True,True,False,False,False,False,False,BC3,2097152,True
textures\ui_e_bottombar_b_isis.tga,Unknown,NormalExtraction,512,256,131072,2048,1024,2097152,2.0972,2048,BC3,0,False,False,False,False,,100.0,1,0,0,0,True,True,2097176,True,True,True,False,False,False,False,BC3,8388608,True
textures\ui_e_bottombar_b_ra.tga,Unknown,NormalExtraction,512,256,131072,2048,1024,2097152,2.0972,2048,BC3,0,False,False,False,False,,100.0,1,0,0,0,True,True,2097176,True,True,True,False,False,False,False,BC3,8388608,True
textures\ui_e_bottombar_b_set.tga,Unknown,NormalExtraction,512,256,131072,2048,1024,2097152,2.0972,2048,BC3,0,False,False,False,False,,100.0,1,0,0,0,True,True,2097176,True,True,True,False,False,False,False,BC3,8388608,True
textures\ui_e_bottombar_c isis.tga,Unknown,NormalExtraction,256,128,32768,1024,512,524288,0.5243,1024,BC3,0,False,False,False,False,,100.0,1,0,0,0,True,True,524312,True,True,False,False,False,False,False,BC3,2097152,True
textures\ui_e_bottombar_c ra.tga,Unknown,NormalExtraction,256,128,32768,1024,512,524288,0.5243,1024,BC3,0,False,False,False,False,,100.0,1,0,0,0,True,True,524312,True,True,False,False,False,False,False,BC3,2097152,True
textures\ui_e_bottombar_c set.tga,Unknown,NormalExtraction,256,128,32768,1024,512,524288,0.5243,1024,BC3,0,False,False,False,False,,100.0,1,0,0,0,True,True,524312,True,True,False,False,False,False,False,BC3,2097152,True
textures\ui_e_bottombar_c.tga,Unknown,NormalExtraction,256,128,32768,1024,512,524288,0.5243,1024,BC3,0,False,False,False,False,,100.0,1,0,0,0,True,True,524312,True,True,False,False,False,False,False,BC3,2097152,True
textures\ui_e_bottombar_c_isis.tga,Unknown,NormalExtraction,512,256,131072,2048,1024,2097152,2.0972,2048,BC3,0,False,False,False,False,,100.0,1,0,0,0,True,True,2097176,True,True,True,False,False,False,False,BC3,8388608,True
textures\ui_e_bottombar_c_ra.tga,Unknown,NormalExtraction,512,256,131072,2048,1024,2097152,2.0972,2048,BC3,0,False,False,False,False,,100.0,1,0,0,0,True,True,2097176,True,True,True,False,False,False,False,BC3,8388608,True
textures\ui_e_bottombar_c_set.tga,Unknown,NormalExtraction,512,256,131072,2048,1024,2097152,2.0972,2048,BC3,0,False,False,False,False,,100.0,1,0,0,0,True,True,2097176,True,True,True,False,False,False,False,BC3,8388608,True
textures\ui_e_bottombar_d.tga,Unknown,NormalExtraction,256,128,32768,1024,512,524288,0.5243,1024,BC3,0,False,False,False,False,,100.0,1,0,0,0,True,True,524312,True,True,False,False,False,False,False,BC3,2097152,True
textures\ui_e_bottombar_d_isis.tga,Unknown,NormalExtraction,640,256,163840,2560,1024,2621440,2.6214,2560,BC3,0,False,False,False,False,,90.138,255,0,0,0,True,True,2621464,True,True,True,False,False,False,False,BC3,10485760,True
textures\ui_e_bottombar_d_ra.tga,Unknown,NormalExtraction,640,256,163840,2560,1024,2621440,2.6214,2560,BC3,0,False,False,False,False,,86.552,244,0,0,0,True,True,2621464,True,True,True,False,False,False,False,BC3,10485760,True
textures\ui_e_bottombar_d_set.tga,Unknown,NormalExtraction,640,256,163840,2560,1024,2621440,2.6214,2560,BC3,0,False,False,False,False,,90.339,255,0,0,0,True,True,2621464,True,True,True,False,False,False,False,BC3,10485760,True
textures\ui_e_bottomcap_a.tga,Unknown,NormalExtraction,256,32,8192,1024,128,131072,0.1311,1024,BC3,1,False,False,False,False,,56.25,2,0,0,0,True,True,131096,True,True,False,False,False,False,False,BC3,524288,True
textures\ui_e_bottomcap_a_isis.tga,Unknown,NormalExtraction,512,128,65536,2048,512,1048576,1.0486,2048,BC3,4,False,False,False,False,,34.769,158,0,0,0,True,True,1048600,True,True,True,False,False,False,False,BC3,4194304,True
textures\ui_e_bottomcap_a_ra.tga,Unknown,NormalExtraction,512,128,65536,2048,512,1048576,1.0486,2048,BC3,4,False,False,False,False,,32.082,175,0,0,0,True,True,1048600,True,True,True,False,False,False,False,BC3,4194304,True
textures\ui_e_bottomcap_a_set.tga,Unknown,NormalExtraction,512,128,65536,2048,512,1048576,1.0486,2048,BC3,4,False,False,False,False,,34.885,162,0,0,0,True,True,1048600,True,True,True,False,False,False,False,BC3,4194304,True
textures\ui_e_bottomcap_b.tga,Unknown,NormalExtraction,256,32,8192,1024,128,131072,0.1311,1024,BC3,1,False,False,False,False,,83.777,2,0,0,0,True,True,131096,True,True,False,False,False,False,False,BC3,524288,True
textures\ui_e_bottomcap_b_isis.tga,Unknown,NormalExtraction,512,64,32768,2048,256,524288,0.5243,2048,BC3,4,False,False,False,False,,90.161,153,0,0,0,True,True,524312,True,True,True,False,False,False,False,BC3,2097152,True
textures\ui_e_bottomcap_b_ra.tga,Unknown,NormalExtraction,512,64,32768,2048,256,524288,0.5243,2048,BC3,4,False,False,False,False,,91.11,160,0,0,0,True,True,524312,True,True,True,False,False,False,False,BC3,2097152,True
textures\ui_e_bottomcap_b_set.tga,Unknown,NormalExtraction,512,64,32768,2048,256,524288,0.5243,2048,BC3,4,False,False,False,False,,94.055,206,0,0,0,True,True,524312,True,True,True,False,False,False,False,BC3,2097152,True
textures\ui_e_bottomcap_c.tga,Unknown,NormalExtraction,256,32,8192,1024,128,131072,0.1311,1024,BC3,1,False,False,False,False,,80.713,3,0,0,0,True,True,131096,True,True,False,False,False,False,False,BC3,524288,True
textures\ui_e_bottomcap_c_isis.tga,Unknown,NormalExtraction,512,64,32768,2048,256,524288,0.5243,2048,BC3,4,False,False,False,False,,88.361,179,0,0,0,True,True,524312,True,True,True,False,False,False,False,BC3,2097152,True
textures\ui_e_bottomcap_c_ra.tga,Unknown,NormalExtraction,512,64,32768,2048,256,524288,0.5243,2048,BC3,4,False,False,False,False,,88.736,161,0,0,0,True,True,524312,True,True,True,False,False,False,False,BC3,2097152,True
textures\ui_e_bottomcap_c_set.tga,Unknown,NormalExtraction,512,64,32768,2048,256,524288,0.5243,2048,BC3,4,False,False,False,False,,91.73,202,0,0,0,True,True,524312,True,True,True,False,False,False,False,BC3,2097152,True
textures\ui_e_bottomcap_d.tga,Unknown,NormalExtraction,256,32,8192,1024,128,131072,0.1311,1024,BC3,1,False,False,False,False,,56.25,2,0,0,0,True,True,131096,True,True,False,False,False,False,False,BC3,524288,True
textures\ui_e_bottomcap_d_isis.tga,Unknown,NormalExtraction,512,128,65536,2048,512,1048576,1.0486,2048,BC3,4,False,False,False,False,,34.723,150,0,0,0,True,True,1048600,True,True,True,False,False,False,False,BC3,4194304,True
textures\ui_e_bottomcap_d_ra.tga,Unknown,NormalExtraction,512,128,65536,2048,512,1048576,1.0486,2048,BC3,4,False,False,False,False,,32.257,175,0,0,0,True,True,1048600,True,True,True,False,False,False,False,BC3,4194304,True
textures\ui_e_bottomcap_d_set.tga,Unknown,NormalExtraction,512,128,65536,2048,512,1048576,1.0486,2048,BC3,4,False,False,False,False,,34.721,153,0,0,0,True,True,1048600,True,True,True,False,False,False,False,BC3,4194304,True
textures\ui_e_bottomcap_head1.tga,Unknown,NormalExtraction,256,32,8192,1024,128,131072,0.1311,1024,BC3,1,False,False,False,False,,16.162,2,0,0,0,True,True,131096,True,True,False,False,False,False,False,BC3,524288,True
textures\ui_e_bottomcap_head1_isis.tga,Unknown,NormalExtraction,512,64,32768,2048,256,524288,0.5243,2048,BC3,4,False,False,False,False,,42.349,225,0,0,0,True,True,524312,True,True,True,False,False,False,False,BC3,2097152,True
textures\ui_e_bottomcap_head1_ra.tga,Unknown,NormalExtraction,512,64,32768,2048,256,524288,0.5243,2048,BC3,4,False,False,False,False,,44.492,203,0,0,0,True,True,524312,True,True,True,False,False,False,False,BC3,2097152,True
textures\ui_e_bottomcap_head1_set.tga,Unknown,NormalExtraction,512,64,32768,2048,256,524288,0.5243,2048,BC3,4,False,False,False,False,,47.784,243,0,0,0,True,True,524312,True,True,True,False,False,False,False,BC3,2097152,True
textures\ui_e_bottomcap_head2.tga,Unknown,NormalExtraction,256,32,8192,1024,128,131072,0.1311,1024,BC3,1,False,False,False,False,,14.429,2,0,0,0,True,True,131096,True,True,False,False,False,False,False,BC3,524288,True
textures\ui_e_bottomcap_head2_isis.tga,Unknown,NormalExtraction,512,64,32768,2048,256,524288,0.5243,2048,BC3,4,False,False,False,False,,39.697,241,0,0,0,True,True,524312,True,True,True,False,False,False,False,BC3,2097152,True
textures\ui_e_bottomcap_head2_ra.tga,Unknown,NormalExtraction,512,64,32768,2048,256,524288,0.5243,2048,BC3,4,False,False,False,False,,41.937,203,0,0,0,True,True,524312,True,True,True,False,False,False,False,BC3,2097152,True
textures\ui_e_bottomcap_head2_set.tga,Unknown,NormalExtraction,512,64,32768,2048,256,524288,0.5243,2048,BC3,4,False,False,False,False,,45.135,243,0,0,0,True,True,524312,True,True,True,False,False,False,False,BC3,2097152,True
textures\ui_e_menu_isis.tga,Unknown,NormalExtraction,512,128,65536,2048,512,1048576,1.0486,2048,BC3,4,False,False,False,False,,42.578,19,0,0,0,True,True,1048600,True,True,True,False,False,False,False,BC3,4194304,True
textures\ui_e_menu_ra.tga,Unknown,NormalExtraction,512,128,65536,2048,512,1048576,1.0486,2048,BC3,4,False,False,False,False,,42.574,37,0,0,0,True,True,1048600,True,True,True,False,False,False,False,BC3,4194304,True
textures\ui_e_menu_set.tga,Unknown,NormalExtraction,512,128,65536,2048,512,1048576,1.0486,2048,BC3,4,False,False,False,False,,42.574,37,0,0,0,True,True,1048600,True,True,True,False,False,False,False,BC3,4194304,True
textures\ui_e_title.tga,Unknown,NormalExtraction,256,64,16384,1024,256,262144,0.2621,1024,BC3,1,False,False,False,False,,85.773,2,0,0,0,True,True,262168,True,True,False,False,False,False,False,BC3,1048576,True
textures\ui_e_title_isis.tga,Unknown,NormalExtraction,512,128,65536,2048,512,1048576,1.0486,2048,BC3,4,False,False,False,False,,84.18,2,0,0,0,True,True,1048600,True,True,True,False,False,False,False,BC3,4194304,True
textures\ui_e_title_ra.tga,Unknown,NormalExtraction,512,128,65536,2048,512,1048576,1.0486,2048,BC3,4,False,False,False,False,,84.18,2,0,0,0,True,True,1048600,True,True,True,False,False,False,False,BC3,4194304,True
textures\ui_e_title_set.tga,Unknown,NormalExtraction,512,128,65536,2048,512,1048576,1.0486,2048,BC3,4,False,False,False,False,,84.18,2,0,0,0,True,True,1048600,True,True,True,False,False,False,False,BC3,4194304,True
textures\ui_e_top_bar.tga,Unknown,NormalExtraction,256,16,4096,1024,64,65536,0.0655,1024,BC3,0,False,False,False,False,,100.0,1,0,0,0,True,True,65560,True,True,False,False,False,False,False,BC3,262144,True
textures\ui_e_top_bar_isis.tga,Unknown,NormalExtraction,512,32,16384,2048,128,262144,0.2621,2048,BC3,0,False,False,False,False,,100.0,6,0,0,0,True,True,262168,True,True,True,False,False,False,False,BC3,1048576,True
textures\ui_e_top_bar_ra.tga,Unknown,NormalExtraction,512,32,16384,2048,128,262144,0.2621,2048,BC3,0,False,False,False,False,,100.0,6,0,0,0,True,True,262168,True,True,True,False,False,False,False,BC3,1048576,True
textures\ui_e_top_bar_set.tga,Unknown,NormalExtraction,512,32,16384,2048,128,262144,0.2621,2048,BC3,0,False,False,False,False,,100.0,6,0,0,0,True,True,262168,True,True,True,False,False,False,False,BC3,1048576,True
textures\ui_g_bottombar_a.tga,Unknown,NormalExtraction,256,128,32768,1024,512,524288,0.5243,1024,BC3,0,False,False,False,False,,100.0,1,0,0,0,True,True,524312,True,True,False,False,False,False,False,BC3,2097152,True
textures\ui_g_bottombar_a_hades.tga,Unknown,NormalExtraction,640,256,163840,2560,1024,2621440,2.6214,2560,BC3,0,False,False,False,False,,85.749,252,0,0,0,True,True,2621464,True,True,True,False,False,False,False,BC3,10485760,True
textures\ui_g_bottombar_a_poseidon.tga,Unknown,NormalExtraction,640,256,163840,2560,1024,2621440,2.6214,2560,BC3,0,False,False,False,False,,88.225,253,0,0,0,True,True,2621464,True,True,True,False,False,False,False,BC3,10485760,True
textures\ui_g_bottombar_a_zeus.tga,Unknown,NormalExtraction,640,256,163840,2560,1024,2621440,2.6214,2560,BC3,0,False,False,False,False,,86.812,240,0,0,0,True,True,2621464,True,True,True,False,False,False,False,BC3,10485760,True
textures\ui_g_bottombar_a2.tga,Unknown,NormalExtraction,256,128,32768,1024,512,524288,0.5243,1024,BC3,0,False,False,False,False,,100.0,1,0,0,0,True,True,524312,True,True,False,False,False,False,False,BC3,2097152,True
textures\ui_g_bottombar_a3.tga,Unknown,NormalExtraction,256,128,32768,1024,512,524288,0.5243,1024,BC3,0,False,False,False,False,,100.0,1,0,0,0,True,True,524312,True,True,False,False,False,False,False,BC3,2097152,True
textures\ui_g_bottombar_b hades.tga,Unknown,NormalExtraction,256,128,32768,1024,512,524288,0.5243,1024,BC3,0,False,False,False,False,,100.0,1,0,0,0,True,True,524312,True,True,False,False,False,False,False,BC3,2097152,True
textures\ui_g_bottombar_b poseidon.tga,Unknown,NormalExtraction,256,128,32768,1024,512,524288,0.5243,1024,BC3,0,False,False,False,False,,100.0,1,0,0,0,True,True,524312,True,True,False,False,False,False,False,BC3,2097152,True
textures\ui_g_bottombar_b zeus.tga,Unknown,NormalExtraction,256,128,32768,1024,512,524288,0.5243,1024,BC3,0,False,False,False,False,,100.0,1,0,0,0,True,True,524312,True,True,False,False,False,False,False,BC3,2097152,True
textures\ui_g_bottombar_b.tga,Unknown,NormalExtraction,256,128,32768,1024,512,524288,0.5243,1024,BC3,0,False,False,False,False,,100.0,1,0,0,0,True,True,524312,True,True,False,False,False,False,False,BC3,2097152,True
textures\ui_g_bottombar_b_hades.tga,Unknown,NormalExtraction,512,256,131072,2048,1024,2097152,2.0972,2048,BC3,0,False,False,False,False,,100.0,1,0,0,0,True,True,2097176,True,True,True,False,False,False,False,BC3,8388608,True
textures\ui_g_bottombar_b_poseidon.tga,Unknown,NormalExtraction,512,256,131072,2048,1024,2097152,2.0972,2048,BC3,0,False,False,False,False,,100.0,1,0,0,0,True,True,2097176,True,True,True,False,False,False,False,BC3,8388608,True
textures\ui_g_bottombar_b_zeus.tga,Unknown,NormalExtraction,512,256,131072,2048,1024,2097152,2.0972,2048,BC3,0,False,False,False,False,,100.0,1,0,0,0,True,True,2097176,True,True,True,False,False,False,False,BC3,8388608,True
textures\ui_g_bottombar_c hades.tga,Unknown,NormalExtraction,256,128,32768,1024,512,524288,0.5243,1024,BC3,0,False,False,False,False,,100.0,1,0,0,0,True,True,524312,True,True,False,False,False,False,False,BC3,2097152,True
textures\ui_g_bottombar_c poseidon.tga,Unknown,NormalExtraction,256,128,32768,1024,512,524288,0.5243,1024,BC3,0,False,False,False,False,,100.0,1,0,0,0,True,True,524312,True,True,False,False,False,False,False,BC3,2097152,True
textures\ui_g_bottombar_c zeus.tga,Unknown,NormalExtraction,256,128,32768,1024,512,524288,0.5243,1024,BC3,0,False,False,False,False,,100.0,1,0,0,0,True,True,524312,True,True,False,False,False,False,False,BC3,2097152,True
textures\ui_g_bottombar_c.tga,Unknown,NormalExtraction,256,128,32768,1024,512,524288,0.5243,1024,BC3,0,False,False,False,False,,100.0,1,0,0,0,True,True,524312,True,True,False,False,False,False,False,BC3,2097152,True
textures\ui_g_bottombar_c_hades.tga,Unknown,NormalExtraction,512,256,131072,2048,1024,2097152,2.0972,2048,BC3,0,False,False,False,False,,100.0,2,0,0,0,True,True,2097176,True,True,True,False,False,False,False,BC3,8388608,True
textures\ui_g_bottombar_c_poseidon.tga,Unknown,NormalExtraction,512,256,131072,2048,1024,2097152,2.0972,2048,BC3,0,False,False,False,False,,100.0,1,0,0,0,True,True,2097176,True,True,True,False,False,False,False,BC3,8388608,True
textures\ui_g_bottombar_c_zeus.tga,Unknown,NormalExtraction,512,256,131072,2048,1024,2097152,2.0972,2048,BC3,0,False,False,False,False,,100.0,1,0,0,0,True,True,2097176,True,True,True,False,False,False,False,BC3,8388608,True
textures\ui_g_bottombar_d.tga,Unknown,NormalExtraction,256,128,32768,1024,512,524288,0.5243,1024,BC3,0,False,False,False,False,,100.0,1,0,0,0,True,True,524312,True,True,False,False,False,False,False,BC3,2097152,True
textures\ui_g_bottombar_d_hades.tga,Unknown,NormalExtraction,640,256,163840,2560,1024,2621440,2.6214,2560,BC3,0,False,False,False,False,,86.547,252,0,0,0,True,True,2621464,True,True,True,False,False,False,False,BC3,10485760,True
textures\ui_g_bottombar_d_poseidon.tga,Unknown,NormalExtraction,640,256,163840,2560,1024,2621440,2.6214,2560,BC3,0,False,False,False,False,,88.664,255,0,0,0,True,True,2621464,True,True,True,False,False,False,False,BC3,10485760,True
textures\ui_g_bottombar_d_zeus.tga,Unknown,NormalExtraction,640,256,163840,2560,1024,2621440,2.6214,2560,BC3,0,False,False,False,False,,87.666,246,0,0,0,True,True,2621464,True,True,True,False,False,False,False,BC3,10485760,True
textures\ui_g_bottomcap_a.tga,Unknown,NormalExtraction,256,32,8192,1024,128,131072,0.1311,1024,BC3,1,False,False,False,False,,56.25,2,0,0,0,True,True,131096,True,True,False,False,False,False,False,BC3,524288,True
textures\ui_g_bottomcap_a_hades.tga,Unknown,NormalExtraction,512,128,65536,2048,512,1048576,1.0486,2048,BC3,4,False,False,False,False,,40.721,219,0,0,0,True,True,1048600,True,True,True,False,False,False,False,BC3,4194304,True
textures\ui_g_bottomcap_a_poseidon.tga,Unknown,NormalExtraction,512,128,65536,2048,512,1048576,1.0486,2048,BC3,4,False,False,False,False,,49.835,253,0,0,0,True,True,1048600,True,True,True,False,False,False,False,BC3,4194304,True
textures\ui_g_bottomcap_a_zeus.tga,Unknown,NormalExtraction,512,128,65536,2048,512,1048576,1.0486,2048,BC3,4,False,False,False,False,,37.349,223,0,0,0,True,True,1048600,True,True,True,False,False,False,False,BC3,4194304,True
textures\ui_g_bottomcap_b.tga,Unknown,NormalExtraction,256,32,8192,1024,128,131072,0.1311,1024,BC3,1,False,False,False,False,,84.277,2,0,0,0,True,True,131096,True,True,False,False,False,False,False,BC3,524288,True
textures\ui_g_bottomcap_b_hades.tga,Unknown,NormalExtraction,512,64,32768,2048,256,524288,0.5243,2048,BC3,4,False,False,False,False,,90.906,101,0,0,0,True,True,524312,True,True,True,False,False,False,False,BC3,2097152,True
textures\ui_g_bottomcap_b_poseidon.tga,Unknown,NormalExtraction,512,64,32768,2048,256,524288,0.5243,2048,BC3,4,False,False,False,False,,94.678,200,0,0,0,True,True,524312,True,True,True,False,False,False,False,BC3,2097152,True
textures\ui_g_bottomcap_b_zeus.tga,Unknown,NormalExtraction,512,64,32768,2048,256,524288,0.5243,2048,BC3,4,False,False,False,False,,92.294,150,0,0,0,True,True,524312,True,True,True,False,False,False,False,BC3,2097152,True
textures\ui_g_bottomcap_c.tga,Unknown,NormalExtraction,256,32,8192,1024,128,131072,0.1311,1024,BC3,1,False,False,False,False,,81.36,2,0,0,0,True,True,131096,True,True,False,False,False,False,False,BC3,524288,True
textures\ui_g_bottomcap_c_hades.tga,Unknown,NormalExtraction,512,64,32768,2048,256,524288,0.5243,2048,BC3,4,False,False,False,False,,88.885,92,0,0,0,True,True,524312,True,True,True,False,False,False,False,BC3,2097152,True
textures\ui_g_bottomcap_c_poseidon.tga,Unknown,NormalExtraction,512,64,32768,2048,256,524288,0.5243,2048,BC3,4,False,False,False,False,,94.592,205,0,0,0,True,True,524312,True,True,True,False,False,False,False,BC3,2097152,True
textures\ui_g_bottomcap_c_zeus.tga,Unknown,NormalExtraction,512,64,32768,2048,256,524288,0.5243,2048,BC3,4,False,False,False,False,,90.121,157,0,0,0,True,True,524312,True,True,True,False,False,False,False,BC3,2097152,True
textures\ui_g_bottomcap_d.tga,Unknown,NormalExtraction,256,32,8192,1024,128,131072,0.1311,1024,BC3,1,False,False,False,False,,56.25,2,0,0,0,True,True,131096,True,True,False,False,False,False,False,BC3,524288,True
textures\ui_g_bottomcap_d_hades.tga,Unknown,NormalExtraction,512,128,65536,2048,512,1048576,1.0486,2048,BC3,4,False,False,False,False,,38.68,210,0,0,0,True,True,1048600,True,True,True,False,False,False,False,BC3,4194304,True
textures\ui_g_bottomcap_d_poseidon.tga,Unknown,NormalExtraction,512,128,65536,2048,512,1048576,1.0486,2048,BC3,4,False,False,False,False,,47.067,252,0,0,0,True,True,1048600,True,True,True,False,False,False,False,BC3,4194304,True
textures\ui_g_bottomcap_d_zeus.tga,Unknown,NormalExtraction,512,128,65536,2048,512,1048576,1.0486,2048,BC3,4,False,False,False,False,,36.481,204,0,0,0,True,True,1048600,True,True,True,False,False,False,False,BC3,4194304,True
textures\ui_g_bottomcap_head1.tga,Unknown,NormalExtraction,256,32,8192,1024,128,131072,0.1311,1024,BC3,1,False,False,False,False,,16.663,3,0,0,0,True,True,131096,True,True,False,False,False,False,False,BC3,524288,True
textures\ui_g_bottomcap_head1_hades.tga,Unknown,NormalExtraction,512,64,32768,2048,256,524288,0.5243,2048,BC3,4,False,False,False,False,,40.039,174,0,0,0,True,True,524312,True,True,True,False,False,False,False,BC3,2097152,True
textures\ui_g_bottomcap_head1_poseidon.tga,Unknown,NormalExtraction,512,64,32768,2048,256,524288,0.5243,2048,BC3,4,False,False,False,False,,47.339,233,0,0,0,True,True,524312,True,True,True,False,False,False,False,BC3,2097152,True
textures\ui_g_bottomcap_head1_zeus.tga,Unknown,NormalExtraction,512,64,32768,2048,256,524288,0.5243,2048,BC3,4,False,False,False,False,,56.299,211,0,0,0,True,True,524312,True,True,True,False,False,False,False,BC3,2097152,True
textures\ui_g_bottomcap_head2.tga,Unknown,NormalExtraction,256,32,8192,1024,128,131072,0.1311,1024,BC3,1,False,False,False,False,,15.063,2,0,0,0,True,True,131096,True,True,False,False,False,False,False,BC3,524288,True
textures\ui_g_bottomcap_head2_hades.tga,Unknown,NormalExtraction,512,64,32768,2048,256,524288,0.5243,2048,BC3,4,False,False,False,False,,37.369,165,0,0,0,True,True,524312,True,True,True,False,False,False,False,BC3,2097152,True
textures\ui_g_bottomcap_head2_poseidon.tga,Unknown,NormalExtraction,512,64,32768,2048,256,524288,0.5243,2048,BC3,4,False,False,False,False,,47.644,244,0,0,0,True,True,524312,True,True,True,False,False,False,False,BC3,2097152,True
textures\ui_g_bottomcap_head2_zeus.tga,Unknown,NormalExtraction,512,64,32768,2048,256,524288,0.5243,2048,BC3,4,False,False,False,False,,55.209,213,0,0,0,True,True,524312,True,True,True,False,False,False,False,BC3,2097152,True
textures\ui_g_menu_hades.tga,Unknown,NormalExtraction,512,128,65536,2048,512,1048576,1.0486,2048,BC3,4,False,False,False,False,,42.574,43,0,0,0,True,True,1048600,True,True,True,False,False,False,False,BC3,4194304,True
textures\ui_g_menu_poseidon.tga,Unknown,NormalExtraction,512,128,65536,2048,512,1048576,1.0486,2048,BC3,4,False,False,False,False,,42.574,43,0,0,0,True,True,1048600,True,True,True,False,False,False,False,BC3,4194304,True
textures\ui_g_menu_zeus.tga,Unknown,NormalExtraction,512,128,65536,2048,512,1048576,1.0486,2048,BC3,4,False,False,False,False,,42.578,15,0,0,0,True,True,1048600,True,True,True,False,False,False,False,BC3,4194304,True
textures\ui_g_title.tga,Unknown,NormalExtraction,256,64,16384,1024,256,262144,0.2621,1024,BC3,1,False,False,False,False,,82.227,2,0,0,0,True,True,262168,True,True,False,False,False,False,False,BC3,1048576,True
textures\ui_g_title_hades.tga,Unknown,NormalExtraction,512,128,65536,2048,512,1048576,1.0486,2048,BC3,1,False,False,False,False,,84.311,2,0,0,0,True,True,1048600,True,True,True,False,False,False,False,BC3,4194304,True
textures\ui_g_title_poseidon.tga,Unknown,NormalExtraction,512,128,65536,2048,512,1048576,1.0486,2048,BC3,1,False,False,False,False,,84.311,2,0,0,0,True,True,1048600,True,True,True,False,False,False,False,BC3,4194304,True
textures\ui_g_title_zeus.tga,Unknown,NormalExtraction,512,128,65536,2048,512,1048576,1.0486,2048,BC3,1,False,False,False,False,,84.311,2,0,0,0,True,True,1048600,True,True,True,False,False,False,False,BC3,4194304,True
textures\ui_g_top_bar.tga,Unknown,NormalExtraction,256,16,4096,1024,64,65536,0.0655,1024,BC3,0,False,False,False,False,,100.0,1,0,0,0,True,True,65560,True,True,False,False,False,False,False,BC3,262144,True
textures\ui_g_top_bar_hades.tga,Unknown,NormalExtraction,512,32,16384,2048,128,262144,0.2621,2048,BC3,0,False,False,False,False,,100.0,6,0,0,0,True,True,262168,True,True,True,False,False,False,False,BC3,1048576,True
textures\ui_g_top_bar_poseidon.tga,Unknown,NormalExtraction,512,32,16384,2048,128,262144,0.2621,2048,BC3,0,False,False,False,False,,100.0,6,0,0,0,True,True,262168,True,True,True,False,False,False,False,BC3,1048576,True
textures\ui_g_top_bar_zeus.tga,Unknown,NormalExtraction,512,32,16384,2048,128,262144,0.2621,2048,BC3,0,False,False,False,False,,100.0,6,0,0,0,True,True,262168,True,True,True,False,False,False,False,BC3,1048576,True
textures\ui_n_bottombar_a.tga,Unknown,NormalExtraction,256,128,32768,1024,512,524288,0.5243,1024,BC3,0,False,False,False,False,,100.0,1,0,0,0,True,True,524312,True,True,False,False,False,False,False,BC3,2097152,True
textures\ui_n_bottombar_a_loki.tga,Unknown,NormalExtraction,640,256,163840,2560,1024,2621440,2.6214,2560,BC3,0,False,False,False,False,,85.519,188,0,0,0,True,True,2621464,True,True,True,False,False,False,False,BC3,10485760,True
textures\ui_n_bottombar_a_odin.tga,Unknown,NormalExtraction,640,256,163840,2560,1024,2621440,2.6214,2560,BC3,0,False,False,False,False,,87.514,253,0,0,0,True,True,2621464,True,True,True,False,False,False,False,BC3,10485760,True
textures\ui_n_bottombar_a_thor.tga,Unknown,NormalExtraction,640,256,163840,2560,1024,2621440,2.6214,2560,BC3,0,False,False,False,False,,86.855,203,0,0,0,True,True,2621464,True,True,True,False,False,False,False,BC3,10485760,True
textures\ui_n_bottombar_b loki.tga,Unknown,NormalExtraction,256,128,32768,1024,512,524288,0.5243,1024,BC3,0,False,False,False,False,,100.0,1,0,0,0,True,True,524312,True,True,False,False,False,False,False,BC3,2097152,True
textures\ui_n_bottombar_b odin.tga,Unknown,NormalExtraction,256,128,32768,1024,512,524288,0.5243,1024,BC3,0,False,False,False,False,,100.0,1,0,0,0,True,True,524312,True,True,False,False,False,False,False,BC3,2097152,True
textures\ui_n_bottombar_b thor.tga,Unknown,NormalExtraction,256,128,32768,1024,512,524288,0.5243,1024,BC3,0,False,False,False,False,,100.0,1,0,0,0,True,True,524312,True,True,False,False,False,False,False,BC3,2097152,True
textures\ui_n_bottombar_b.tga,Unknown,NormalExtraction,256,128,32768,1024,512,524288,0.5243,1024,BC3,0,False,False,False,False,,100.0,1,0,0,0,True,True,524312,True,True,False,False,False,False,False,BC3,2097152,True
textures\ui_n_bottombar_b_loki.tga,Unknown,NormalExtraction,512,256,131072,2048,1024,2097152,2.0972,2048,BC3,0,False,False,False,False,,100.0,1,0,0,0,True,True,2097176,True,True,True,False,False,False,False,BC3,8388608,True
textures\ui_n_bottombar_b_odin.tga,Unknown,NormalExtraction,512,256,131072,2048,1024,2097152,2.0972,2048,BC3,0,False,False,False,False,,100.0,1,0,0,0,True,True,2097176,True,True,True,False,False,False,False,BC3,8388608,True
textures\ui_n_bottombar_b_thor.tga,Unknown,NormalExtraction,512,256,131072,2048,1024,2097152,2.0972,2048,BC3,0,False,False,False,False,,100.0,1,0,0,0,True,True,2097176,True,True,True,False,False,False,False,BC3,8388608,True
textures\ui_n_bottombar_c loki.tga,Unknown,NormalExtraction,256,128,32768,1024,512,524288,0.5243,1024,BC3,0,False,False,False,False,,100.0,1,0,0,0,True,True,524312,True,True,False,False,False,False,False,BC3,2097152,True
textures\ui_n_bottombar_c odin.tga,Unknown,NormalExtraction,256,128,32768,1024,512,524288,0.5243,1024,BC3,0,False,False,False,False,,100.0,1,0,0,0,True,True,524312,True,True,False,False,False,False,False,BC3,2097152,True
textures\ui_n_bottombar_c thor.tga,Unknown,NormalExtraction,256,128,32768,1024,512,524288,0.5243,1024,BC3,0,False,False,False,False,,100.0,1,0,0,0,True,True,524312,True,True,False,False,False,False,False,BC3,2097152,True
textures\ui_n_bottombar_c.tga,Unknown,NormalExtraction,256,128,32768,1024,512,524288,0.5243,1024,BC3,0,False,False,False,False,,100.0,1,0,0,0,True,True,524312,True,True,False,False,False,False,False,BC3,2097152,True
textures\ui_n_bottombar_c_loki.tga,Unknown,NormalExtraction,512,256,131072,2048,1024,2097152,2.0972,2048,BC3,0,False,False,False,False,,100.0,1,0,0,0,True,True,2097176,True,True,True,False,False,False,False,BC3,8388608,True
textures\ui_n_bottombar_c_odin.tga,Unknown,NormalExtraction,512,256,131072,2048,1024,2097152,2.0972,2048,BC3,0,False,False,False,False,,100.0,1,0,0,0,True,True,2097176,True,True,True,False,False,False,False,BC3,8388608,True
textures\ui_n_bottombar_c_thor.tga,Unknown,NormalExtraction,512,256,131072,2048,1024,2097152,2.0972,2048,BC3,0,False,False,False,False,,100.0,1,0,0,0,True,True,2097176,True,True,True,False,False,False,False,BC3,8388608,True
textures\ui_n_bottombar_d.tga,Unknown,NormalExtraction,256,128,32768,1024,512,524288,0.5243,1024,BC3,0,False,False,False,False,,100.0,1,0,0,0,True,True,524312,True,True,False,False,False,False,False,BC3,2097152,True
textures\ui_n_bottombar_d_loki.tga,Unknown,NormalExtraction,640,256,163840,2560,1024,2621440,2.6214,2560,BC3,0,False,False,False,False,,86.426,218,0,0,0,True,True,2621464,True,True,True,False,False,False,False,BC3,10485760,True
textures\ui_n_bottombar_d_odin.tga,Unknown,NormalExtraction,640,256,163840,2560,1024,2621440,2.6214,2560,BC3,0,False,False,False,False,,87.609,255,0,0,0,True,True,2621464,True,True,True,False,False,False,False,BC3,10485760,True
textures\ui_n_bottombar_d_thor.tga,Unknown,NormalExtraction,640,256,163840,2560,1024,2621440,2.6214,2560,BC3,0,False,False,False,False,,87.607,216,0,0,0,True,True,2621464,True,True,True,False,False,False,False,BC3,10485760,True
textures\ui_n_bottomcap_a.tga,Unknown,NormalExtraction,256,32,8192,1024,128,131072,0.1311,1024,BC3,1,False,False,False,False,,56.25,2,0,0,0,True,True,131096,True,True,False,False,False,False,False,BC3,524288,True
textures\ui_n_bottomcap_a_loki.tga,Unknown,NormalExtraction,512,128,65536,2048,512,1048576,1.0486,2048,BC3,4,False,False,False,False,,45.216,169,0,0,0,True,True,1048600,True,True,True,False,False,False,False,BC3,4194304,True
textures\ui_n_bottomcap_a_odin.tga,Unknown,NormalExtraction,512,128,65536,2048,512,1048576,1.0486,2048,BC3,4,False,False,False,False,,36.111,218,0,0,0,True,True,1048600,True,True,True,False,False,False,False,BC3,4194304,True
textures\ui_n_bottomcap_a_thor.tga,Unknown,NormalExtraction,512,128,65536,2048,512,1048576,1.0486,2048,BC3,4,False,False,False,False,,40.355,166,0,0,0,True,True,1048600,True,True,True,False,False,False,False,BC3,4194304,True
textures\ui_n_bottomcap_b.tga,Unknown,NormalExtraction,256,32,8192,1024,128,131072,0.1311,1024,BC3,1,False,False,False,False,,83.081,2,0,0,0,True,True,131096,True,True,False,False,False,False,False,BC3,524288,True
textures\ui_n_bottomcap_b_loki.tga,Unknown,NormalExtraction,512,64,32768,2048,256,524288,0.5243,2048,BC3,4,False,False,False,False,,94.855,152,0,0,0,True,True,524312,True,True,True,False,False,False,False,BC3,2097152,True
textures\ui_n_bottomcap_b_odin.tga,Unknown,NormalExtraction,512,64,32768,2048,256,524288,0.5243,2048,BC3,4,False,False,False,False,,87.381,216,0,0,0,True,True,524312,True,True,True,False,False,False,False,BC3,2097152,True
textures\ui_n_bottomcap_b_thor.tga,Unknown,NormalExtraction,512,64,32768,2048,256,524288,0.5243,2048,BC3,4,False,False,False,False,,93.097,172,0,0,0,True,True,524312,True,True,True,False,False,False,False,BC3,2097152,True
textures\ui_n_bottomcap_c.tga,Unknown,NormalExtraction,256,32,8192,1024,128,131072,0.1311,1024,BC3,1,False,False,False,False,,80.518,2,0,0,0,True,True,131096,True,True,False,False,False,False,False,BC3,524288,True
textures\ui_n_bottomcap_c_loki.tga,Unknown,NormalExtraction,512,64,32768,2048,256,524288,0.5243,2048,BC3,4,False,False,False,False,,93.698,175,0,0,0,True,True,524312,True,True,True,False,False,False,False,BC3,2097152,True
textures\ui_n_bottomcap_c_odin.tga,Unknown,NormalExtraction,512,64,32768,2048,256,524288,0.5243,2048,BC3,4,False,False,False,False,,85.33,217,0,0,0,True,True,524312,True,True,True,False,False,False,False,BC3,2097152,True
textures\ui_n_bottomcap_c_thor.tga,Unknown,NormalExtraction,512,64,32768,2048,256,524288,0.5243,2048,BC3,4,False,False,False,False,,92.673,172,0,0,0,True,True,524312,True,True,True,False,False,False,False,BC3,2097152,True
textures\ui_n_bottomcap_d.tga,Unknown,NormalExtraction,256,32,8192,1024,128,131072,0.1311,1024,BC3,1,False,False,False,False,,56.25,2,0,0,0,True,True,131096,True,True,False,False,False,False,False,BC3,524288,True
textures\ui_n_bottomcap_d_loki.tga,Unknown,NormalExtraction,512,128,65536,2048,512,1048576,1.0486,2048,BC3,4,False,False,False,False,,42.851,172,0,0,0,True,True,1048600,True,True,True,False,False,False,False,BC3,4194304,True
textures\ui_n_bottomcap_d_odin.tga,Unknown,NormalExtraction,512,128,65536,2048,512,1048576,1.0486,2048,BC3,4,False,False,False,False,,35.121,188,0,0,0,True,True,1048600,True,True,True,False,False,False,False,BC3,4194304,True
textures\ui_n_bottomcap_d_thor.tga,Unknown,NormalExtraction,512,128,65536,2048,512,1048576,1.0486,2048,BC3,4,False,False,False,False,,37.036,156,0,0,0,True,True,1048600,True,True,True,False,False,False,False,BC3,4194304,True
textures\ui_n_bottomcap_head1.tga,Unknown,NormalExtraction,256,32,8192,1024,128,131072,0.1311,1024,BC3,1,False,False,False,False,,31.201,2,0,0,0,True,True,131096,True,True,False,False,False,False,False,BC3,524288,True
textures\ui_n_bottomcap_head1_loki.tga,Unknown,NormalExtraction,512,64,32768,2048,256,524288,0.5243,2048,BC3,4,False,False,False,False,,50.696,167,0,0,0,True,True,524312,True,True,True,False,False,False,False,BC3,2097152,True
textures\ui_n_bottomcap_head1_odin.tga,Unknown,NormalExtraction,512,64,32768,2048,256,524288,0.5243,2048,BC3,4,False,False,False,False,,60.535,242,0,0,0,True,True,524312,True,True,True,False,False,False,False,BC3,2097152,True
textures\ui_n_bottomcap_head1_thor.tga,Unknown,NormalExtraction,512,64,32768,2048,256,524288,0.5243,2048,BC3,4,False,False,False,False,,44.644,167,0,0,0,True,True,524312,True,True,True,False,False,False,False,BC3,2097152,True
textures\ui_n_bottomcap_head2.tga,Unknown,NormalExtraction,256,32,8192,1024,128,131072,0.1311,1024,BC3,1,False,False,False,False,,28.271,2,0,0,0,True,True,131096,True,True,False,False,False,False,False,BC3,524288,True
textures\ui_n_bottomcap_head2_loki.tga,Unknown,NormalExtraction,512,64,32768,2048,256,524288,0.5243,2048,BC3,4,False,False,False,False,,50.784,176,0,0,0,True,True,524312,True,True,True,False,False,False,False,BC3,2097152,True
textures\ui_n_bottomcap_head2_odin.tga,Unknown,NormalExtraction,512,64,32768,2048,256,524288,0.5243,2048,BC3,4,False,False,False,False,,59.473,248,0,0,0,True,True,524312,True,True,True,False,False,False,False,BC3,2097152,True
textures\ui_n_bottomcap_head2_thor.tga,Unknown,NormalExtraction,512,64,32768,2048,256,524288,0.5243,2048,BC3,4,False,False,False,False,,46.161,172,0,0,0,True,True,524312,True,True,True,False,False,False,False,BC3,2097152,True
textures\ui_n_menu_loki.tga,Unknown,NormalExtraction,512,128,65536,2048,512,1048576,1.0486,2048,BC3,4,False,False,False,False,,42.438,8,0,0,0,True,True,1048600,True,True,True,False,False,False,False,BC3,4194304,True
textures\ui_n_menu_odin.tga,Unknown,NormalExtraction,512,128,65536,2048,512,1048576,1.0486,2048,BC3,4,False,False,False,False,,42.438,8,0,0,0,True,True,1048600,True,True,True,False,False,False,False,BC3,4194304,True
textures\ui_n_menu_thor.tga,Unknown,NormalExtraction,512,128,65536,2048,512,1048576,1.0486,2048,BC3,4,False,False,False,False,,42.438,8,0,0,0,True,True,1048600,True,True,True,False,False,False,False,BC3,4194304,True
textures\ui_n_title.tga,Unknown,NormalExtraction,256,64,16384,1024,256,262144,0.2621,1024,BC3,1,False,False,False,False,,85.571,2,0,0,0,True,True,262168,True,True,False,False,False,False,False,BC3,1048576,True
textures\ui_n_title_loki.tga,Unknown,NormalExtraction,512,128,65536,2048,512,1048576,1.0486,2048,BC3,4,False,False,False,False,,84.311,2,0,0,0,True,True,1048600,True,True,True,False,False,False,False,BC3,4194304,True
textures\ui_n_title_odin.tga,Unknown,NormalExtraction,512,128,65536,2048,512,1048576,1.0486,2048,BC3,4,False,False,False,False,,84.311,2,0,0,0,True,True,1048600,True,True,True,False,False,False,False,BC3,4194304,True
textures\ui_n_title_thor.tga,Unknown,NormalExtraction,512,128,65536,2048,512,1048576,1.0486,2048,BC3,4,False,False,False,False,,84.311,2,0,0,0,True,True,1048600,True,True,True,False,False,False,False,BC3,4194304,True
textures\ui_n_top_bar.tga,Unknown,NormalExtraction,256,16,4096,1024,64,65536,0.0655,1024,BC3,0,False,False,False,False,,100.0,1,0,0,0,True,True,65560,True,True,False,False,False,False,False,BC3,262144,True
textures\ui_n_top_bar_loki.tga,Unknown,NormalExtraction,512,32,16384,2048,128,262144,0.2621,2048,BC3,0,False,False,False,False,,100.0,1,0,0,0,True,True,262168,True,True,True,False,False,False,False,BC3,1048576,True
textures\ui_n_top_bar_odin.tga,Unknown,NormalExtraction,512,32,16384,2048,128,262144,0.2621,2048,BC3,0,False,False,False,False,,100.0,1,0,0,0,True,True,262168,True,True,True,False,False,False,False,BC3,1048576,True
textures\ui_n_top_bar_thor.tga,Unknown,NormalExtraction,512,32,16384,2048,128,262144,0.2621,2048,BC3,0,False,False,False,False,,100.0,1,0,0,0,True,True,262168,True,True,True,False,False,False,False,BC3,1048576,True
textures\ui_x_bottombar_a.tga,Unknown,NormalExtraction,256,128,32768,1024,512,524288,0.5243,1024,BC3,0,False,False,False,False,,100.0,1,0,0,0,True,True,524312,True,True,False,False,False,False,False,BC3,2097152,True
textures\ui_x_bottombar_a_gaia.tga,Unknown,NormalExtraction,640,256,163840,2560,1024,2621440,2.6214,2560,BC3,0,False,False,False,False,,87.526,201,0,0,0,True,True,2621464,True,True,True,False,False,False,False,BC3,10485760,True
textures\ui_x_bottombar_a_kronos.tga,Unknown,NormalExtraction,640,256,163840,2560,1024,2621440,2.6214,2560,BC3,0,False,False,False,False,,86.45,200,0,0,0,True,True,2621464,True,True,True,False,False,False,False,BC3,10485760,True
textures\ui_x_bottombar_a_oranos.tga,Unknown,NormalExtraction,640,256,163840,2560,1024,2621440,2.6214,2560,BC3,0,False,False,False,False,,86.255,255,0,0,0,True,True,2621464,True,True,True,False,False,False,False,BC3,10485760,True
textures\ui_x_bottombar_b.tga,Unknown,NormalExtraction,256,128,32768,1024,512,524288,0.5243,1024,BC3,0,False,False,False,False,,100.0,1,0,0,0,True,True,524312,True,True,False,False,False,False,False,BC3,2097152,True
textures\ui_x_bottombar_b_gaia.tga,Unknown,NormalExtraction,512,256,131072,2048,1024,2097152,2.0972,2048,BC3,0,False,False,False,False,,100.0,1,0,0,0,True,True,2097176,True,True,True,False,False,False,False,BC3,8388608,True
textures\ui_x_bottombar_b_kronos.tga,Unknown,NormalExtraction,512,256,131072,2048,1024,2097152,2.0972,2048,BC3,0,False,False,False,False,,100.0,1,0,0,0,True,True,2097176,True,True,True,False,False,False,False,BC3,8388608,True
textures\ui_x_bottombar_b_oranos.tga,Unknown,NormalExtraction,512,256,131072,2048,1024,2097152,2.0972,2048,BC3,0,False,False,False,False,,100.0,1,0,0,0,True,True,2097176,True,True,True,False,False,False,False,BC3,8388608,True
textures\ui_x_bottombar_c.tga,Unknown,NormalExtraction,256,128,32768,1024,512,524288,0.5243,1024,BC3,0,False,False,False,False,,100.0,1,0,0,0,True,True,524312,True,True,False,False,False,False,False,BC3,2097152,True
textures\ui_x_bottombar_c_gaia.tga,Unknown,NormalExtraction,512,256,131072,2048,1024,2097152,2.0972,2048,BC3,0,False,False,False,False,,100.0,4,0,0,0,True,True,2097176,True,True,True,False,False,False,False,BC3,8388608,True
textures\ui_x_bottombar_c_kronos.tga,Unknown,NormalExtraction,512,256,131072,2048,1024,2097152,2.0972,2048,BC3,0,False,False,False,False,,100.0,4,0,0,0,True,True,2097176,True,True,True,False,False,False,False,BC3,8388608,True
textures\ui_x_bottombar_c_oranos.tga,Unknown,NormalExtraction,512,256,131072,2048,1024,2097152,2.0972,2048,BC3,0,False,False,False,False,,100.0,1,0,0,0,True,True,2097176,True,True,True,False,False,False,False,BC3,8388608,True
textures\ui_x_bottombar_d.tga,Unknown,NormalExtraction,256,128,32768,1024,512,524288,0.5243,1024,BC3,0,False,False,False,False,,100.0,1,0,0,0,True,True,524312,True,True,False,False,False,False,False,BC3,2097152,True
textures\ui_x_bottombar_d_gaia.tga,Unknown,NormalExtraction,640,256,163840,2560,1024,2621440,2.6214,2560,BC3,0,False,False,False,False,,88.226,219,0,0,0,True,True,2621464,True,True,True,False,False,False,False,BC3,10485760,True
textures\ui_x_bottombar_d_kronos.tga,Unknown,NormalExtraction,640,256,163840,2560,1024,2621440,2.6214,2560,BC3,0,False,False,False,False,,84.555,218,0,0,0,True,True,2621464,True,True,True,False,False,False,False,BC3,10485760,True
textures\ui_x_bottombar_d_oranos.tga,Unknown,NormalExtraction,640,256,163840,2560,1024,2621440,2.6214,2560,BC3,0,False,False,False,False,,87.111,250,0,0,0,True,True,2621464,True,True,True,False,False,False,False,BC3,10485760,True
textures\ui_x_bottomcap_a.tga,Unknown,NormalExtraction,256,32,8192,1024,128,131072,0.1311,1024,BC3,4,False,False,False,False,,56.348,18,0,0,0,True,True,131096,True,True,False,False,False,False,False,BC3,524288,True
textures\ui_x_bottomcap_a_gaia.tga,Unknown,NormalExtraction,512,128,65536,2048,512,1048576,1.0486,2048,BC3,4,False,False,False,False,,39.661,164,0,0,0,True,True,1048600,True,True,True,False,False,False,False,BC3,4194304,True
textures\ui_x_bottomcap_a_kronos.tga,Unknown,NormalExtraction,512,128,65536,2048,512,1048576,1.0486,2048,BC3,4,False,False,False,False,,37.953,153,0,0,0,True,True,1048600,True,True,True,False,False,False,False,BC3,4194304,True
textures\ui_x_bottomcap_a_oranos.tga,Unknown,NormalExtraction,512,128,65536,2048,512,1048576,1.0486,2048,BC3,4,False,False,False,False,,38.162,213,0,0,0,True,True,1048600,True,True,True,False,False,False,False,BC3,4194304,True
textures\ui_x_bottomcap_b.tga,Unknown,NormalExtraction,256,32,8192,1024,128,131072,0.1311,1024,BC3,4,False,False,False,False,,84.656,22,0,0,0,True,True,131096,True,True,False,False,False,False,False,BC3,524288,True
textures\ui_x_bottomcap_b_gaia.tga,Unknown,NormalExtraction,512,64,32768,2048,256,524288,0.5243,2048,BC3,4,False,False,False,False,,96.375,172,0,0,0,True,True,524312,True,True,True,False,False,False,False,BC3,2097152,True
textures\ui_x_bottomcap_b_kronos.tga,Unknown,NormalExtraction,512,64,32768,2048,256,524288,0.5243,2048,BC3,4,False,False,False,False,,92.49,151,0,0,0,True,True,524312,True,True,True,False,False,False,False,BC3,2097152,True
textures\ui_x_bottomcap_b_oranos.tga,Unknown,NormalExtraction,512,64,32768,2048,256,524288,0.5243,2048,BC3,4,False,False,False,False,,92.123,219,0,0,0,True,True,524312,True,True,True,False,False,False,False,BC3,2097152,True
textures\ui_x_bottomcap_c.tga,Unknown,NormalExtraction,256,32,8192,1024,128,131072,0.1311,1024,BC3,4,False,False,False,False,,81.995,23,0,0,0,True,True,131096,True,True,False,False,False,False,False,BC3,524288,True
textures\ui_x_bottomcap_c_gaia.tga,Unknown,NormalExtraction,512,64,32768,2048,256,524288,0.5243,2048,BC3,4,False,False,False,False,,96.603,220,0,0,0,True,True,524312,True,True,True,False,False,False,False,BC3,2097152,True
textures\ui_x_bottomcap_c_kronos.tga,Unknown,NormalExtraction,512,64,32768,2048,256,524288,0.5243,2048,BC3,4,False,False,False,False,,91.931,206,0,0,0,True,True,524312,True,True,True,False,False,False,False,BC3,2097152,True
textures\ui_x_bottomcap_c_oranos.tga,Unknown,NormalExtraction,512,64,32768,2048,256,524288,0.5243,2048,BC3,4,False,False,False,False,,91.608,220,0,0,0,True,True,524312,True,True,True,False,False,False,False,BC3,2097152,True
textures\ui_x_bottomcap_d.tga,Unknown,NormalExtraction,256,32,8192,1024,128,131072,0.1311,1024,BC3,4,False,False,False,False,,62.305,13,0,0,0,True,True,131096,True,True,False,False,False,False,False,BC3,524288,True
textures\ui_x_bottomcap_d_gaia.tga,Unknown,NormalExtraction,512,128,65536,2048,512,1048576,1.0486,2048,BC3,4,False,False,False,False,,38.376,155,0,0,0,True,True,1048600,True,True,True,False,False,False,False,BC3,4194304,True
textures\ui_x_bottomcap_d_kronos.tga,Unknown,NormalExtraction,512,128,65536,2048,512,1048576,1.0486,2048,BC3,4,False,False,False,False,,37.871,153,0,0,0,True,True,1048600,True,True,True,False,False,False,False,BC3,4194304,True
textures\ui_x_bottomcap_d_oranos.tga,Unknown,NormalExtraction,512,128,65536,2048,512,1048576,1.0486,2048,BC3,4,False,False,False,False,,36.494,197,0,0,0,True,True,1048600,True,True,True,False,False,False,False,BC3,4194304,True
textures\ui_x_bottomcap_head1.tga,Unknown,NormalExtraction,256,32,8192,1024,128,131072,0.1311,1024,BC3,4,False,False,False,False,,23.157,16,0,0,0,True,True,131096,True,True,False,False,False,False,False,BC3,524288,True
textures\ui_x_bottomcap_head1_gaia.tga,Unknown,NormalExtraction,512,64,32768,2048,256,524288,0.5243,2048,BC3,4,False,False,False,False,,52.728,168,0,0,0,True,True,524312,True,True,True,False,False,False,False,BC3,2097152,True
textures\ui_x_bottomcap_head1_kronos.tga,Unknown,NormalExtraction,512,64,32768,2048,256,524288,0.5243,2048,BC3,4,False,False,False,False,,43.329,163,0,0,0,True,True,524312,True,True,True,False,False,False,False,BC3,2097152,True
textures\ui_x_bottomcap_head1_oranos.tga,Unknown,NormalExtraction,512,64,32768,2048,256,524288,0.5243,2048,BC3,4,False,False,False,False,,46.429,246,0,0,0,True,True,524312,True,True,True,False,False,False,False,BC3,2097152,True
textures\ui_x_bottomcap_head2.tga,Unknown,NormalExtraction,256,32,8192,1024,128,131072,0.1311,1024,BC3,4,False,False,False,False,,20.691,20,0,0,0,True,True,131096,True,True,False,False,False,False,False,BC3,524288,True
textures\ui_x_bottomcap_head2_gaia.tga,Unknown,NormalExtraction,512,64,32768,2048,256,524288,0.5243,2048,BC3,4,False,False,False,False,,51.447,212,0,0,0,True,True,524312,True,True,True,False,False,False,False,BC3,2097152,True
textures\ui_x_bottomcap_head2_kronos.tga,Unknown,NormalExtraction,512,64,32768,2048,256,524288,0.5243,2048,BC3,4,False,False,False,False,,42.047,200,0,0,0,True,True,524312,True,True,True,False,False,False,False,BC3,2097152,True
textures\ui_x_bottomcap_head2_oranos.tga,Unknown,NormalExtraction,512,64,32768,2048,256,524288,0.5243,2048,BC3,4,False,False,False,False,,45.465,248,0,0,0,True,True,524312,True,True,True,False,False,False,False,BC3,2097152,True
textures\ui_x_menu_.tga,Unknown,NormalExtraction,512,128,65536,2048,512,1048576,1.0486,2048,BC3,1,False,False,False,False,,45.103,20,0,0,0,True,True,1048600,True,True,True,False,False,False,False,BC3,4194304,True
textures\ui_x_title_.tga,Unknown,NormalExtraction,512,128,65536,2048,512,1048576,1.0486,2048,BC3,1,False,False,False,False,,84.311,2,0,0,0,True,True,1048600,True,True,True,False,False,False,False,BC3,4194304,True
textures\ui_x_top_bar_.tga,Unknown,NormalExtraction,512,32,16384,2048,128,262144,0.2621,2048,BC3,1,False,False,False,False,,100.0,6,0,0,0,True,True,262168,True,True,True,False,False,False,False,BC3,1048576,True
textures\vdblend.tga,Unknown,NormalExtraction,32,256,8192,128,1024,131072,0.1311,1024,BC3,0,False,False,False,False,,100.0,1,0,0,0,True,True,131096,True,True,False,False,False,False,False,BC3,524288,True
textures\villager c female.tga,Unknown,NormalExtraction,256,256,65536,1024,1024,1048576,1.0486,1024,BC3,4,True,False,False,False,,50.966,145,17,0,17,True,True,1048600,True,True,False,False,True,False,False,BC3,4194304,True
textures\waterdecal.tga,Unknown,NormalExtraction,256,256,65536,1024,1024,1048576,1.0486,1024,BC3,0,False,False,False,False,,100.0,1,0,0,0,True,True,1048600,True,True,False,False,True,False,False,BC3,4194304,True
textures\waterfalltest.tga,Unknown,NormalExtraction,256,256,65536,1024,1024,1048576,1.0486,1024,BC3,4,False,False,False,False,,96.381,244,0,0,0,True,True,1048600,True,True,False,False,True,False,False,BC3,4194304,True
textures\waterfalltest2.tga,Unknown,NormalExtraction,256,256,65536,1024,1024,1048576,1.0486,1024,BC3,4,False,False,False,False,,96.381,244,0,0,0,True,True,1048600,True,True,False,False,True,False,False,BC3,4194304,True
textures\watermark(small).tga,Unknown,NormalExtraction,256,32,8192,1024,128,131072,0.1311,1024,BC3,4,False,False,False,False,,74.609,157,0,0,0,True,True,131096,True,True,False,False,False,False,False,BC3,524288,True
textures\watermark.tga,Unknown,NormalExtraction,256,64,16384,1024,256,262144,0.2621,1024,BC3,4,False,False,False,False,,22.223,3,0,0,0,True,True,262168,True,True,False,False,False,False,False,BC3,1048576,True
textures\wave crest.tga,Unknown,NormalExtraction,256,128,32768,1024,512,524288,0.5243,1024,BC3,4,False,False,False,False,,28.622,236,2,2,0,True,True,524312,True,True,False,False,False,False,False,BC3,2097152,True
textures\wave crest2.tga,Unknown,NormalExtraction,256,128,32768,1024,512,524288,0.5243,1024,BC3,4,False,False,False,False,,54.33,244,2,2,0,True,True,524312,True,True,False,False,False,False,False,BC3,2097152,True
textures\world a atlantis walls map.tga,Unknown,NormalExtraction,256,256,65536,1024,1024,1048576,1.0486,1024,BC3,0,False,False,False,False,,100.0,1,4,4,0,True,True,1048600,True,True,False,False,True,False,False,BC3,4194304,True
textures\world a atlantis.tga,Unknown,NormalExtraction,256,256,65536,1024,1024,1048576,1.0486,1024,BC3,0,False,False,False,False,,100.0,1,2,2,0,True,True,1048600,True,True,False,False,True,False,False,BC3,4194304,True
textures\world a atlantisb.tga,Unknown,NormalExtraction,256,256,65536,1024,1024,1048576,1.0486,1024,BC3,0,False,False,False,False,,100.0,1,2,2,0,True,True,1048600,True,True,False,False,True,False,False,BC3,4194304,True
textures\world a avalanche.tga,Unknown,NormalExtraction,256,256,65536,1024,1024,1048576,1.0486,1024,BC3,0,False,False,False,False,,100.0,1,2,2,0,True,True,1048600,True,True,False,False,True,False,False,BC3,4194304,True
textures\world a bolder wall ground.tga,Unknown,NormalExtraction,256,64,16384,1024,256,262144,0.2621,1024,BC3,4,False,False,False,False,,91.718,240,0,0,0,True,True,262168,True,True,False,False,False,False,False,BC3,1048576,True
textures\world a bridge wood.tga,Unknown,NormalExtraction,256,128,32768,1024,512,524288,0.5243,1024,BC3,1,False,False,False,False,,81.445,3,9,9,0,True,True,524312,True,True,False,False,False,False,False,BC3,2097152,True
textures\world a bush short map.tga,Unknown,NormalExtraction,256,128,32768,1024,512,524288,0.5243,1024,BC3,1,False,False,False,False,,48.456,3,1,1,0,True,True,524312,True,True,False,False,False,False,False,BC3,2097152,True
textures\world a farm cabbage ground map_gloss.tga,Unknown,NormalExtraction,256,256,65536,1024,1024,1048576,1.0486,1024,BC3,0,False,False,False,False,,100.0,1,0,0,0,True,True,1048600,True,True,False,False,True,False,False,BC3,4194304,True
textures\world a farm cabbage ground map2_gloss.tga,Unknown,NormalExtraction,256,256,65536,1024,1024,1048576,1.0486,1024,BC3,0,False,False,False,False,,100.0,1,0,0,0,True,True,1048600,True,True,False,False,True,False,False,BC3,4194304,True
textures\world a farm cabbage selection map.tga,Unknown,NormalExtraction,256,256,65536,1024,1024,1048576,1.0486,1024,BC3,0,False,False,False,False,,100.0,1,0,0,0,True,True,1048600,True,True,False,False,True,False,False,BC3,4194304,True
textures\world a farm cabbage01.tga,Unknown,NormalExtraction,256,256,65536,1024,1024,1048576,1.0486,1024,BC3,4,False,False,False,False,,90.344,245,0,0,0,True,True,1048600,True,True,False,False,True,False,False,BC3,4194304,True
textures\world a farm cabbage01_gloss.tga,Unknown,NormalExtraction,256,256,65536,1024,1024,1048576,1.0486,1024,BC3,0,False,False,False,False,,100.0,1,0,0,0,True,True,1048600,True,True,False,False,True,False,False,BC3,4194304,True
textures\world a farm cabbage01_nm.tga,Unknown,NormalExtraction,256,256,65536,1024,1024,1048576,1.0486,1024,BC3,0,False,False,False,False,,100.0,1,0,0,0,True,True,1048600,True,True,False,False,True,False,False,BC3,4194304,True
textures\world a farm cabbage01_spec.tga,Unknown,NormalExtraction,256,256,65536,1024,1024,1048576,1.0486,1024,BC3,0,False,False,False,False,,100.0,1,0,0,0,True,True,1048600,True,True,False,False,True,False,False,BC3,4194304,True
textures\world a farm cabbage02.tga,Unknown,NormalExtraction,256,256,65536,1024,1024,1048576,1.0486,1024,BC3,4,False,False,False,False,,90.344,245,0,0,0,True,True,1048600,True,True,False,False,True,False,False,BC3,4194304,True
textures\world a farm cabbage02_gloss.tga,Unknown,NormalExtraction,256,256,65536,1024,1024,1048576,1.0486,1024,BC3,0,False,False,False,False,,100.0,1,0,0,0,True,True,1048600,True,True,False,False,True,False,False,BC3,4194304,True
textures\world a farm cabbage02_nm.tga,Unknown,NormalExtraction,256,256,65536,1024,1024,1048576,1.0486,1024,BC3,0,False,False,False,False,,100.0,1,0,0,0,True,True,1048600,True,True,False,False,True,False,False,BC3,4194304,True
textures\world a farm cabbage02_spec.tga,Unknown,NormalExtraction,256,256,65536,1024,1024,1048576,1.0486,1024,BC3,0,False,False,False,False,,100.0,1,0,0,0,True,True,1048600,True,True,False,False,True,False,False,BC3,4194304,True
textures\world a farm cabbage03.tga,Unknown,NormalExtraction,256,256,65536,1024,1024,1048576,1.0486,1024,BC3,4,False,False,False,False,,90.344,245,0,0,0,True,True,1048600,True,True,False,False,True,False,False,BC3,4194304,True
textures\world a farm cabbage03_gloss.tga,Unknown,NormalExtraction,256,256,65536,1024,1024,1048576,1.0486,1024,BC3,0,False,False,False,False,,100.0,1,0,0,0,True,True,1048600,True,True,False,False,True,False,False,BC3,4194304,True
textures\world a farm cabbage03_nm.tga,Unknown,NormalExtraction,256,256,65536,1024,1024,1048576,1.0486,1024,BC3,0,False,False,False,False,,100.0,1,0,0,0,True,True,1048600,True,True,False,False,True,False,False,BC3,4194304,True
textures\world a farm cabbage03_spec.tga,Unknown,NormalExtraction,256,256,65536,1024,1024,1048576,1.0486,1024,BC3,0,False,False,False,False,,100.0,1,0,0,0,True,True,1048600,True,True,False,False,True,False,False,BC3,4194304,True
textures\world a farm cabbage04.tga,Unknown,NormalExtraction,256,256,65536,1024,1024,1048576,1.0486,1024,BC3,4,False,False,False,False,,90.71,244,0,0,0,True,True,1048600,True,True,False,False,True,False,False,BC3,4194304,True
textures\world a farm cabbage04_gloss.tga,Unknown,NormalExtraction,256,256,65536,1024,1024,1048576,1.0486,1024,BC3,0,False,False,False,False,,100.0,1,0,0,0,True,True,1048600,True,True,False,False,True,False,False,BC3,4194304,True
textures\world a farm cabbage04_nm.tga,Unknown,NormalExtraction,256,256,65536,1024,1024,1048576,1.0486,1024,BC3,0,False,False,False,False,,100.0,1,0,0,0,True,True,1048600,True,True,False,False,True,False,False,BC3,4194304,True
textures\world a farm cabbage04_spec.tga,Unknown,NormalExtraction,256,256,65536,1024,1024,1048576,1.0486,1024,BC3,0,False,False,False,False,,100.0,1,0,0,0,True,True,1048600,True,True,False,False,True,False,False,BC3,4194304,True
textures\world a farm ground map.tga,Unknown,NormalExtraction,256,256,65536,1024,1024,1048576,1.0486,1024,BC3,4,False,False,False,False,,0.0,1,1,1,0,True,True,1048600,True,True,False,False,True,False,False,BC3,4194304,True
textures\world a farm plants map.tga,Unknown,NormalExtraction,256,256,65536,1024,1024,1048576,1.0486,1024,BC3,1,False,False,False,False,,2.116,3,2,2,0,True,True,1048600,True,True,False,False,True,False,False,BC3,4194304,True
textures\world a flowers.tga,Unknown,NormalExtraction,256,256,65536,1024,1024,1048576,1.0486,1024,BC3,1,False,False,False,False,,29.091,3,5,5,0,True,True,1048600,True,True,False,False,True,False,False,BC3,4194304,True
textures\world a gold decal map.tga,Unknown,NormalExtraction,256,256,65536,1024,1024,1048576,1.0486,1024,BC3,4,False,False,False,False,,87.552,248,0,0,0,True,True,1048600,True,True,False,False,True,False,False,BC3,4194304,True
textures\world a gold map.tga,Unknown,NormalExtraction,256,256,65536,1024,1024,1048576,1.0486,1024,BC3,1,True,False,False,False,,0.0,1,11,11,0,True,True,1048600,True,True,False,False,True,False,False,BC3,4194304,True
textures\world a gold map_emissive.tga,Unknown,NormalExtraction,256,256,65536,1024,1024,1048576,1.0486,1024,BC3,0,False,False,False,False,,0.0,1,0,0,0,True,True,1048600,True,True,False,False,True,False,False,BC3,4194304,True
textures\world a ground debris large.tga,Unknown,NormalExtraction,256,64,16384,1024,256,262144,0.2621,1024,BC3,4,False,False,False,False,,84.753,244,0,0,0,True,True,262168,True,True,False,False,False,False,False,BC3,1048576,True
textures\world a jade map.tga,Unknown,NormalExtraction,256,256,65536,1024,1024,1048576,1.0486,1024,BC3,1,True,False,False,False,,100.0,1,4,4,0,True,True,1048600,True,True,False,False,True,False,False,BC3,4194304,True
textures\world a jade map_emissive.tga,Unknown,NormalExtraction,256,256,65536,1024,1024,1048576,1.0486,1024,BC3,0,False,False,False,False,,0.0,1,0,0,0,True,True,1048600,True,True,False,False,True,False,False,BC3,4194304,True
textures\world a props 1.tga,Unknown,NormalExtraction,256,128,32768,1024,512,524288,0.5243,1024,BC3,0,False,False,False,False,,100.0,1,16,16,0,True,True,524312,True,True,False,False,False,False,False,BC3,2097152,True
textures\world a riverrocks map.tga,Unknown,NormalExtraction,256,256,65536,1024,1024,1048576,1.0486,1024,BC3,0,False,False,False,False,,100.0,1,5,5,0,True,True,1048600,True,True,False,False,True,False,False,BC3,4194304,True
textures\world a rocks map.tga,Unknown,NormalExtraction,256,256,65536,1024,1024,1048576,1.0486,1024,BC3,0,False,False,False,False,,100.0,1,66,66,0,True,True,1048600,True,True,False,False,True,False,False,BC3,4194304,True
textures\world a rocks map2.tga,Unknown,NormalExtraction,256,256,65536,1024,1024,1048576,1.0486,1024,BC3,0,False,False,False,False,,100.0,1,18,18,0,True,True,1048600,True,True,False,False,True,False,False,BC3,4194304,True
textures\world a rocks underworld.tga,Unknown,NormalExtraction,256,128,32768,1024,512,524288,0.5243,1024,BC3,0,False,False,False,False,,100.0,1,10,10,0,True,True,524312,True,True,False,False,False,False,False,BC3,2097152,True
textures\world a stalagmite.tga,Unknown,NormalExtraction,256,256,65536,1024,1024,1048576,1.0486,1024,BC3,0,False,False,False,False,,100.0,1,4,4,0,True,True,1048600,True,True,False,False,True,False,False,BC3,4194304,True
textures\world a tamarisk tree leaf.tga,Unknown,NormalExtraction,256,256,65536,1024,1024,1048576,1.0486,1024,BC3,4,False,False,False,False,,48.755,244,5,5,0,True,True,1048600,True,True,False,False,True,False,False,BC3,4194304,True
textures\world a tamarisk tree.tga,Unknown,NormalExtraction,256,256,65536,1024,1024,1048576,1.0486,1024,BC3,0,False,False,False,False,,100.0,1,5,5,0,True,True,1048600,True,True,False,False,True,False,False,BC3,4194304,True
textures\world a taproot decal.tga,Unknown,NormalExtraction,256,128,32768,1024,512,524288,0.5243,1024,BC3,4,False,False,False,False,,96.036,82,0,0,0,True,True,524312,True,True,False,False,False,False,False,BC3,2097152,True
textures\world a taproot large decal.tga,Unknown,NormalExtraction,256,256,65536,1024,1024,1048576,1.0486,1024,BC3,4,False,False,False,False,,66.829,241,0,0,0,True,True,1048600,True,True,False,False,True,False,False,BC3,4194304,True
textures\world a taproot large shadow.tga,Unknown,NormalExtraction,256,256,65536,1024,1024,1048576,1.0486,1024,BC3,4,False,False,False,False,,66.766,2,0,0,0,True,True,1048600,True,True,False,False,True,False,False,BC3,4194304,True
textures\world a taproot large.tga,Unknown,NormalExtraction,256,256,65536,1024,1024,1048576,1.0486,1024,BC3,0,False,False,False,False,,100.0,1,7,7,0,True,True,1048600,True,True,False,False,True,False,False,BC3,4194304,True
textures\world a taproot shadow.tga,Unknown,NormalExtraction,256,128,32768,1024,512,524288,0.5243,1024,BC3,4,False,False,False,False,,96.036,82,0,0,0,True,True,524312,True,True,False,False,False,False,False,BC3,2097152,True
textures\world a tents map.tga,Unknown,NormalExtraction,256,256,65536,1024,1024,1048576,1.0486,1024,BC3,1,True,False,False,False,,4.935,3,0,0,0,True,True,1048600,True,True,False,False,True,False,False,BC3,4194304,True
textures\world a underworld crator.tga,Unknown,NormalExtraction,256,256,65536,1024,1024,1048576,1.0486,1024,BC3,4,True,False,False,False,,87.36,256,1,1,0,True,True,1048600,True,True,False,False,True,False,False,BC3,4194304,True
textures\world a underworld passage crator.tga,Unknown,NormalExtraction,256,256,65536,1024,1024,1048576,1.0486,1024,BC3,4,False,False,False,False,,84.982,245,3,3,0,True,True,1048600,True,True,False,False,True,False,False,BC3,4194304,True
textures\world a underworld rock.tga,Unknown,NormalExtraction,256,256,65536,1024,1024,1048576,1.0486,1024,BC3,0,False,False,False,False,,100.0,1,8,8,0,True,True,1048600,True,True,False,False,True,False,False,BC3,4194304,True
textures\world a waterfall white water.tga,Unknown,NormalExtraction,256,256,65536,1024,1024,1048576,1.0486,1024,BC3,4,False,False,False,False,,96.381,244,1,1,0,True,True,1048600,True,True,False,False,True,False,False,BC3,4194304,True
textures\world c jungle palm burnt.tga,Unknown,RecoveredException,256,256,65536,1024,1024,1048576,1.0486,1024,BC2,1,False,False,False,True,,0.0,0,5,5,0,True,True,1048600,True,True,False,False,True,False,False,BC2,4194304,True
textures\world c jungle palm.tga,Unknown,RecoveredException,256,256,65536,1024,1024,1048576,1.0486,1024,BC2,1,False,False,False,True,,0.0,0,12,12,0,True,True,1048600,True,True,False,False,True,False,False,BC2,4194304,True
textures\world c jungle tree burnt.tga,Unknown,RecoveredException,256,256,65536,1024,1024,1048576,1.0486,1024,BC2,1,False,False,False,True,,0.0,0,0,0,0,True,True,1048600,True,True,False,False,True,False,False,BC2,4194304,True
textures\world c jungle tree.tga,Unknown,RecoveredException,256,256,65536,1024,1024,1048576,1.0486,1024,BC2,1,False,False,False,True,,0.0,0,6,6,0,True,True,1048600,True,True,False,False,True,False,False,BC2,4194304,True
textures\world e palm burnt.tga,Unknown,NormalExtraction,256,256,65536,1024,1024,1048576,1.0486,1024,BC3,1,False,False,False,False,,19.124,3,4,4,0,True,True,1048600,True,True,False,False,True,False,False,BC3,4194304,True
textures\world e palm map.tga,Unknown,NormalExtraction,256,256,65536,1024,1024,1048576,1.0486,1024,BC3,1,False,False,False,False,,60.541,3,2,2,0,True,True,1048600,True,True,False,False,True,False,False,BC3,4194304,True
textures\world e palm mapb.tga,Unknown,NormalExtraction,256,256,65536,1024,1024,1048576,1.0486,1024,BC3,1,False,False,False,False,,27.068,3,38,38,0,True,True,1048600,True,True,False,False,True,False,False,BC3,4194304,True
textures\world e palm sprite map.tga,Unknown,NormalExtraction,256,256,65536,1024,1024,1048576,1.0486,1024,BC3,1,False,False,False,False,,29.076,3,0,0,0,True,True,1048600,True,True,False,False,True,False,False,BC3,4194304,True
textures\world e savannah burnt map.tga,Unknown,NormalExtraction,256,256,65536,1024,1024,1048576,1.0486,1024,BC3,1,False,False,False,False,,31.557,3,9,9,0,True,True,1048600,True,True,False,False,True,False,False,BC3,4194304,True
textures\world e savannah map.tga,Unknown,NormalExtraction,256,256,65536,1024,1024,1048576,1.0486,1024,BC3,1,False,False,False,False,,31.557,3,12,12,0,True,True,1048600,True,True,False,False,True,False,False,BC3,4194304,True
textures\world g aspen burnt map.tga,Unknown,NormalExtraction,256,256,65536,1024,1024,1048576,1.0486,1024,BC3,1,False,False,False,False,,23.453,3,14,14,0,True,True,1048600,True,True,False,False,True,False,False,BC3,4194304,True
textures\world g aspen.tga,Unknown,NormalExtraction,256,256,65536,1024,1024,1048576,1.0486,1024,BC3,1,False,False,False,False,,23.453,3,60,60,0,True,True,1048600,True,True,False,False,True,False,False,BC3,4194304,True
textures\world g hades temple.tga,Unknown,NormalExtraction,256,256,65536,1024,1024,1048576,1.0486,1024,BC3,1,True,False,False,False,,1.672,2,4,2,2,True,True,1048600,True,True,False,False,True,False,False,BC3,4194304,True
textures\world g oak burnt.tga,Unknown,NormalExtraction,256,256,65536,1024,1024,1048576,1.0486,1024,BC3,1,False,False,False,False,,17.889,3,10,10,0,True,True,1048600,True,True,False,False,True,False,False,BC3,4194304,True
textures\world g oak cinematic map.tga,Unknown,NormalExtraction,256,256,65536,1024,1024,1048576,1.0486,1024,BC3,1,False,False,False,False,,48.431,3,4,4,0,True,True,1048600,True,True,False,False,True,False,False,BC3,4194304,True
textures\world g oak mapb.tga,Unknown,NormalExtraction,256,256,65536,1024,1024,1048576,1.0486,1024,BC3,1,False,False,False,False,,31.16,3,51,51,0,True,True,1048600,True,True,False,False,True,False,False,BC3,4194304,True
textures\world g oak sprite b.tga,Unknown,NormalExtraction,256,256,65536,1024,1024,1048576,1.0486,1024,BC3,1,False,False,False,False,,48.431,3,0,0,0,True,True,1048600,True,True,False,False,True,False,False,BC3,4194304,True
textures\world g oak sprite map.tga,Unknown,NormalExtraction,256,256,65536,1024,1024,1048576,1.0486,1024,BC3,1,False,False,False,False,,27.815,3,0,0,0,True,True,1048600,True,True,False,False,True,False,False,BC3,4194304,True
textures\world g oaktree all map.tga,Unknown,NormalExtraction,256,256,65536,1024,1024,1048576,1.0486,1024,BC3,1,False,False,False,False,,39.606,3,0,0,0,True,True,1048600,True,True,False,False,True,False,False,BC3,4194304,True
textures\world g statue cyclops.tga,Unknown,NormalExtraction,256,256,65536,1024,1024,1048576,1.0486,1024,BC3,0,False,False,False,False,,100.0,1,2,2,0,True,True,1048600,True,True,False,False,True,False,False,BC3,4194304,True
textures\world g statue hydra.tga,Unknown,NormalExtraction,256,256,65536,1024,1024,1048576,1.0486,1024,BC3,0,False,False,False,False,,100.0,1,0,0,0,True,True,1048600,True,True,False,False,True,False,False,BC3,4194304,True
textures\world g statue minotaur.tga,Unknown,NormalExtraction,256,256,65536,1024,1024,1048576,1.0486,1024,BC3,0,False,False,False,False,,100.0,1,1,1,0,True,True,1048600,True,True,False,False,True,False,False,BC3,4194304,True
textures\world g zues uwpassage.tga,Unknown,NormalExtraction,256,256,65536,1024,1024,1048576,1.0486,1024,BC3,1,True,False,False,False,,0.0,1,1,1,0,True,True,1048600,True,True,False,False,True,False,False,BC3,4194304,True
textures\world m marsh tree burnt map.tga,Unknown,NormalExtraction,256,256,65536,1024,1024,1048576,1.0486,1024,BC3,1,False,False,False,False,,37.506,3,4,4,0,True,True,1048600,True,True,False,False,True,False,False,BC3,4194304,True
textures\world m marsh tree.tga,Unknown,NormalExtraction,256,256,65536,1024,1024,1048576,1.0486,1024,BC3,1,False,False,False,False,,37.506,3,16,16,0,True,True,1048600,True,True,False,False,True,False,False,BC3,4194304,True
textures\world n pine burnt.tga,Unknown,NormalExtraction,256,256,65536,1024,1024,1048576,1.0486,1024,BC3,1,False,False,False,False,,17.769,3,9,9,0,True,True,1048600,True,True,False,False,True,False,False,BC3,4194304,True
textures\world n pine map.tga,Unknown,NormalExtraction,256,256,65536,1024,1024,1048576,1.0486,1024,BC3,1,False,False,False,False,,43.242,3,0,0,0,True,True,1048600,True,True,False,False,True,False,False,BC3,4194304,True
textures\world n pine map2.tga,Unknown,NormalExtraction,256,256,65536,1024,1024,1048576,1.0486,1024,BC3,1,False,False,False,False,,50.693,3,29,29,0,True,True,1048600,True,True,False,False,True,False,False,BC3,4194304,True
textures\world n pine map2snow.tga,Unknown,NormalExtraction,256,256,65536,1024,1024,1048576,1.0486,1024,BC3,1,False,False,False,False,,49.338,3,28,28,0,True,True,1048600,True,True,False,False,True,False,False,BC3,4194304,True
textures\world n pine sprite b.tga,Unknown,NormalExtraction,256,256,65536,1024,1024,1048576,1.0486,1024,BC3,1,False,False,False,False,,33.446,3,0,0,0,True,True,1048600,True,True,False,False,True,False,False,BC3,4194304,True
textures\world n pine sprite.tga,Unknown,NormalExtraction,256,256,65536,1024,1024,1048576,1.0486,1024,BC3,1,False,False,False,False,,34.856,3,0,0,0,True,True,1048600,True,True,False,False,True,False,False,BC3,4194304,True
textures\world n tree all map.tga,Unknown,NormalExtraction,256,256,65536,1024,1024,1048576,1.0486,1024,BC3,1,False,False,False,False,,43.242,3,0,0,0,True,True,1048600,True,True,False,False,True,False,False,BC3,4194304,True
textures\world n tree burning map.tga,Unknown,NormalExtraction,256,256,65536,1024,1024,1048576,1.0486,1024,BC3,1,False,False,False,False,,19.313,3,0,0,0,True,True,1048600,True,True,False,False,True,False,False,BC3,4194304,True
textures\world n well of urd ground map b.tga,Unknown,NormalExtraction,256,256,65536,1024,1024,1048576,1.0486,1024,BC3,4,False,False,False,False,,79.346,241,0,0,0,True,True,1048600,True,True,False,False,True,False,False,BC3,4194304,True
textures\world n well of urd ground map.tga,Unknown,NormalExtraction,256,256,65536,1024,1024,1048576,1.0486,1024,BC3,4,False,False,False,False,,79.893,241,0,0,0,True,True,1048600,True,True,False,False,True,False,False,BC3,4194304,True
textures\world n well of urd.tga,Unknown,NormalExtraction,256,256,65536,1024,1024,1048576,1.0486,1024,BC3,0,False,False,False,False,,100.0,1,2,2,0,True,True,1048600,True,True,False,False,True,False,False,BC3,4194304,True
textures\world t tundra burnt map.tga,Unknown,NormalExtraction,256,256,65536,1024,1024,1048576,1.0486,1024,BC3,1,False,False,False,False,,30.099,3,5,5,0,True,True,1048600,True,True,False,False,True,False,False,BC3,4194304,True
textures\world t tundra tree.tga,Unknown,NormalExtraction,256,256,65536,1024,1024,1048576,1.0486,1024,BC3,1,False,False,False,False,,31.831,3,12,12,0,True,True,1048600,True,True,False,False,True,False,False,BC3,4194304,True
textures\world x earth 01.tga,Unknown,NormalExtraction,256,256,65536,1024,1024,1048576,1.0486,1024,BC3,0,False,False,False,False,,100.0,1,1,1,0,True,True,1048600,True,True,False,False,True,False,False,BC3,4194304,True
textures\world x earth 02.tga,Unknown,NormalExtraction,256,256,65536,1024,1024,1048576,1.0486,1024,BC3,0,False,False,False,False,,100.0,1,1,1,0,True,True,1048600,True,True,False,False,True,False,False,BC3,4194304,True
textures\world x earth 03.tga,Unknown,NormalExtraction,256,256,65536,1024,1024,1048576,1.0486,1024,BC3,0,False,False,False,False,,100.0,1,1,1,0,True,True,1048600,True,True,False,False,True,False,False,BC3,4194304,True
textures\world x earth 04.tga,Unknown,NormalExtraction,256,256,65536,1024,1024,1048576,1.0486,1024,BC3,0,False,False,False,False,,100.0,1,1,1,0,True,True,1048600,True,True,False,False,True,False,False,BC3,4194304,True
textures\world x earth map.tga,Unknown,NormalExtraction,256,256,65536,1024,1024,1048576,1.0486,1024,BC3,0,False,False,False,False,,100.0,1,0,0,0,True,True,1048600,True,True,False,False,True,False,False,BC3,4194304,True
textures\world x lava pit.tga,Unknown,NormalExtraction,256,256,65536,1024,1024,1048576,1.0486,1024,BC3,0,False,False,False,False,,100.0,1,1,1,0,True,True,1048600,True,True,False,False,True,False,False,BC3,4194304,True
textures\world x stars map.tga,Unknown,NormalExtraction,256,256,65536,1024,1024,1048576,1.0486,1024,BC3,0,False,False,False,False,,100.0,1,1,1,0,True,True,1048600,True,True,False,False,True,False,False,BC3,4194304,True
textures\world x volcano.tga,Unknown,NormalExtraction,256,256,65536,1024,1024,1048576,1.0486,1024,BC3,0,False,False,False,False,,100.0,1,5,5,0,True,True,1048600,True,True,False,False,True,False,False,BC3,4194304,True
