"FileName","Extension","Texture","ColorTransform","MultitextureMode"
"buiding x sky passage_0.mtrl",".mtrl","","",""
"buiding x sky passage_1.mtrl",".mtrl","","",""
"buiding x sky passage_2.mtrl",".mtrl","","",""
"building atlantis wall connector_0.mtrl",".mtrl","","",""
"building atlantis wall long_0.mtrl",".mtrl","","",""
"building c armory age2_0.mtrl",".mtrl","","",""
"building c armory age2_1.mtrl",".mtrl","","",""
"building c armory age2_2.mtrl",".mtrl","","",""
"building c armory age2_3.mtrl",".mtrl","","",""
"building c armory age2_4.mtrl",".mtrl","","",""
"building c armory age2_death_0.mtrl",".mtrl","","",""
"building c armory age2_death_1.mtrl",".mtrl","","",""
"building c armory age2_death_2.mtrl",".mtrl","","",""
"building c armory age2_death_3.mtrl",".mtrl","","",""
"building c armory age2_death_4.mtrl",".mtrl","","",""
"building c armory age3_0.mtrl",".mtrl","","",""
"building c armory age3_1.mtrl",".mtrl","","",""
"building c armory age3_2.mtrl",".mtrl","","",""
"building c armory age3_3.mtrl",".mtrl","","",""
"building c armory age3_4.mtrl",".mtrl","","",""
"building c armory age3_death_0.mtrl",".mtrl","","",""
"building c armory age3_death_1.mtrl",".mtrl","","",""
"building c armory age3_death_2.mtrl",".mtrl","","",""
"building c armory age3_death_3.mtrl",".mtrl","","",""
"building c armory age3_death_4.mtrl",".mtrl","","",""
"building c barracks age2_0.mtrl",".mtrl","","",""
"building c barracks age2_1.mtrl",".mtrl","","",""
"building c barracks age2_2.mtrl",".mtrl","","",""
"building c barracks age2_3.mtrl",".mtrl","","",""
"building c barracks age2_4.mtrl",".mtrl","","",""
"building c barracks age2_death_0.mtrl",".mtrl","","",""
"building c barracks age2_death_1.mtrl",".mtrl","","",""
"building c barracks age2_death_2.mtrl",".mtrl","","",""
"building c barracks age2_death_3.mtrl",".mtrl","","",""
"building c barracks age2_death_4.mtrl",".mtrl","","",""
"building c barracks age3_0.mtrl",".mtrl","","",""
"building c barracks age3_1.mtrl",".mtrl","","",""
"building c barracks age3_2.mtrl",".mtrl","","",""
"building c barracks age3_3.mtrl",".mtrl","","",""
"building c barracks age3_4.mtrl",".mtrl","","",""
"building c barracks age3_death_0.mtrl",".mtrl","","",""
"building c barracks age3_death_1.mtrl",".mtrl","","",""
"building c barracks age3_death_2.mtrl",".mtrl","","",""
"building c barracks age3_death_3.mtrl",".mtrl","","",""
"building c barracks age3_death_4.mtrl",".mtrl","","",""
"building c barracksage2_0.mtrl",".mtrl","","",""
"building c barracksage2_1.mtrl",".mtrl","","",""
"building c barracksage2_2.mtrl",".mtrl","","",""
"building c barracksage2_3.mtrl",".mtrl","","",""
"building c castle age3_0.mtrl",".mtrl","","",""
"building c castle age3_1.mtrl",".mtrl","","",""
"building c castle age3_2.mtrl",".mtrl","","",""
"building c castle age3_3.mtrl",".mtrl","","",""
"building c castle age3_4.mtrl",".mtrl","","",""
"building c castle age3_death_0.mtrl",".mtrl","","",""
"building c castle age3_death_1.mtrl",".mtrl","","",""
"building c castle age3_death_2.mtrl",".mtrl","","",""
"building c castle age3_death_3.mtrl",".mtrl","","",""
"building c castle age3_death_4.mtrl",".mtrl","","",""
"building c dock age1_0.mtrl",".mtrl","","",""
"building c dock age1_1.mtrl",".mtrl","","",""
"building c dock age1_2.mtrl",".mtrl","","",""
"building c dock age1_3.mtrl",".mtrl","","",""
"building c dock age1_4.mtrl",".mtrl","","",""
"building c dock age1_5.mtrl",".mtrl","","",""
"building c dock age1_death_0.mtrl",".mtrl","","",""
"building c dock age1_death_1.mtrl",".mtrl","","",""
"building c dock age1_death_2.mtrl",".mtrl","","",""
"building c dock age1_death_3.mtrl",".mtrl","","",""
"building c dock age1_death_4.mtrl",".mtrl","","",""
"building c dock age1_death_5.mtrl",".mtrl","","",""
"building c fortress age3_0.mtrl",".mtrl","","",""
"building c garden age1_0.mtrl",".mtrl","","",""
"building c garden age1_1.mtrl",".mtrl","","",""
"building c garden age1_2.mtrl",".mtrl","","",""
"building c garden age1_3.mtrl",".mtrl","","",""
"building c garden age1_4.mtrl",".mtrl","","",""
"building c garden age1_death_0.mtrl",".mtrl","","",""
"building c garden age1_death_1.mtrl",".mtrl","","",""
"building c garden age1_death_2.mtrl",".mtrl","","",""
"building c garden age1_death_3.mtrl",".mtrl","","",""
"building c garden age1_death_4.mtrl",".mtrl","","",""
"building c garden age3_0.mtrl",".mtrl","","",""
"building c garden age3_1.mtrl",".mtrl","","",""
"building c garden age3_2.mtrl",".mtrl","","",""
"building c garden age3_3.mtrl",".mtrl","","",""
"building c garden age3_4.mtrl",".mtrl","","",""
"building c garden age3_death_0.mtrl",".mtrl","","",""
"building c garden age3_death_1.mtrl",".mtrl","","",""
"building c garden age3_death_2.mtrl",".mtrl","","",""
"building c garden age3_death_3.mtrl",".mtrl","","",""
"building c garden age3_death_4.mtrl",".mtrl","","",""
"building c guardtower_0.mtrl",".mtrl","","",""
"building c guardtower_1.mtrl",".mtrl","","",""
"building c guardtower_2.mtrl",".mtrl","","",""
"building c guardtower_death_0.mtrl",".mtrl","","",""
"building c guardtower_death_1.mtrl",".mtrl","","",""
"building c guardtower_death_2.mtrl",".mtrl","","",""
"building c housea age1_0.mtrl",".mtrl","","",""
"building c housea age1_1.mtrl",".mtrl","","",""
"building c housea age1_2.mtrl",".mtrl","","",""
"building c housea age1_3.mtrl",".mtrl","","",""
"building c housea age1_death_0.mtrl",".mtrl","","",""
"building c housea age1_death_1.mtrl",".mtrl","","",""
"building c housea age1_death_2.mtrl",".mtrl","","",""
"building c housea age1_death_3.mtrl",".mtrl","","",""
"building c houseb age1_0.mtrl",".mtrl","","",""
"building c houseb age1_1.mtrl",".mtrl","","",""
"building c houseb age1_2.mtrl",".mtrl","","",""
"building c houseb age1_3.mtrl",".mtrl","","",""
"building c houseb age1_death_0.mtrl",".mtrl","","",""
"building c houseb age1_death_1.mtrl",".mtrl","","",""
"building c houseb age1_death_2.mtrl",".mtrl","","",""
"building c houseb age1_death_3.mtrl",".mtrl","","",""
"building c housec age1_0.mtrl",".mtrl","","",""
"building c housec age1_1.mtrl",".mtrl","","",""
"building c housec age1_2.mtrl",".mtrl","","",""
"building c housec age1_3.mtrl",".mtrl","","",""
"building c housec age1_death_0.mtrl",".mtrl","","",""
"building c housec age1_death_1.mtrl",".mtrl","","",""
"building c housec age1_death_2.mtrl",".mtrl","","",""
"building c housec age1_death_3.mtrl",".mtrl","","",""
"building c market age3_0.mtrl",".mtrl","","",""
"building c market age3_1.mtrl",".mtrl","","",""
"building c market age3_2.mtrl",".mtrl","","",""
"building c market age3_3.mtrl",".mtrl","","",""
"building c market age3_4.mtrl",".mtrl","","",""
"building c market age3_death_0.mtrl",".mtrl","","",""
"building c market age3_death_1.mtrl",".mtrl","","",""
"building c market age3_death_2.mtrl",".mtrl","","",""
"building c market age3_death_3.mtrl",".mtrl","","",""
"building c market age3_death_4.mtrl",".mtrl","","",""
"building c settlement age1_0.mtrl",".mtrl","","",""
"building c settlement age1_1.mtrl",".mtrl","","",""
"building c settlement age1_2.mtrl",".mtrl","","",""
"building c settlement age1_3.mtrl",".mtrl","","",""
"building c settlement age1_4.mtrl",".mtrl","","",""
"building c settlement age1_death_0.mtrl",".mtrl","","",""
"building c settlement age1_death_1.mtrl",".mtrl","","",""
"building c settlement age1_death_2.mtrl",".mtrl","","",""
"building c settlement age1_death_3.mtrl",".mtrl","","",""
"building c settlement age1_death_4.mtrl",".mtrl","","",""
"building c settlement age3_0.mtrl",".mtrl","","",""
"building c settlement age3_1.mtrl",".mtrl","","",""
"building c settlement age3_2.mtrl",".mtrl","","",""
"building c settlement age3_3.mtrl",".mtrl","","",""
"building c settlement age3_4.mtrl",".mtrl","","",""
"building c settlement age3_death_0.mtrl",".mtrl","","",""
"building c settlement age3_death_1.mtrl",".mtrl","","",""
"building c settlement age3_death_2.mtrl",".mtrl","","",""
"building c settlement age3_death_3.mtrl",".mtrl","","",""
"building c settlement age3_death_4.mtrl",".mtrl","","",""
"building c settlement fortified_0.mtrl",".mtrl","","",""
"building c settlement fortified_1.mtrl",".mtrl","","",""
"building c settlement fortified_2.mtrl",".mtrl","","",""
"building c settlement fortified_3.mtrl",".mtrl","","",""
"building c settlement fortified_4.mtrl",".mtrl","","",""
"building c settlement fortified_death_0.mtrl",".mtrl","","",""
"building c settlement fortified_death_1.mtrl",".mtrl","","",""
"building c settlement fortified_death_2.mtrl",".mtrl","","",""
"building c settlement fortified_death_3.mtrl",".mtrl","","",""
"building c settlement fortified_death_4.mtrl",".mtrl","","",""
"building c stable age2_0.mtrl",".mtrl","","",""
"building c stable age2_1.mtrl",".mtrl","","",""
"building c stable age2_2.mtrl",".mtrl","","",""
"building c stable age2_3.mtrl",".mtrl","","",""
"building c stable age2_death_0.mtrl",".mtrl","","",""
"building c stable age2_death_1.mtrl",".mtrl","","",""
"building c stable age2_death_2.mtrl",".mtrl","","",""
"building c stable age2_death_3.mtrl",".mtrl","","",""
"building c stable age3_0.mtrl",".mtrl","","",""
"building c stable age3_1.mtrl",".mtrl","","",""
"building c stable age3_2.mtrl",".mtrl","","",""
"building c stable age3_3.mtrl",".mtrl","","",""
"building c stable age3_death_0.mtrl",".mtrl","","",""
"building c stable age3_death_1.mtrl",".mtrl","","",""
"building c stable age3_death_2.mtrl",".mtrl","","",""
"building c stable age3_death_3.mtrl",".mtrl","","",""
"building c storage pit age1_0.mtrl",".mtrl","","",""
"building c storage pit age1_1.mtrl",".mtrl","","",""
"building c storage pit age1_2.mtrl",".mtrl","","",""
"building c storage pit age1_3.mtrl",".mtrl","","",""
"building c storage pit age1_death_0.mtrl",".mtrl","","",""
"building c storage pit age1_death_1.mtrl",".mtrl","","",""
"building c storage pit age1_death_2.mtrl",".mtrl","","",""
"building c storage pit age1_death_3.mtrl",".mtrl","","",""
"building c temple age1_0.mtrl",".mtrl","","",""
"building c temple age1_1.mtrl",".mtrl","","",""
"building c temple age1_2.mtrl",".mtrl","","",""
"building c temple age1_3.mtrl",".mtrl","","",""
"building c temple age1_death_0.mtrl",".mtrl","","",""
"building c temple age1_death_1.mtrl",".mtrl","","",""
"building c temple age1_death_2.mtrl",".mtrl","","",""
"building c temple age1_death_3.mtrl",".mtrl","","",""
"building c temple age2_0.mtrl",".mtrl","","",""
"building c temple age2_1.mtrl",".mtrl","","",""
"building c temple age2_2.mtrl",".mtrl","","",""
"building c temple age2_3.mtrl",".mtrl","","",""
"building c temple age2_death_0.mtrl",".mtrl","","",""
"building c temple age2_death_1.mtrl",".mtrl","","",""
"building c temple age2_death_2.mtrl",".mtrl","","",""
"building c temple age2_death_3.mtrl",".mtrl","","",""
"building c temple age3_0.mtrl",".mtrl","","",""
"building c temple age3_1.mtrl",".mtrl","","",""
"building c temple age3_2.mtrl",".mtrl","","",""
"building c temple age3_3.mtrl",".mtrl","","",""
"building c temple age3_death_0.mtrl",".mtrl","","",""
"building c temple age3_death_1.mtrl",".mtrl","","",""
"building c temple age3_death_2.mtrl",".mtrl","","",""
"building c temple age3_death_3.mtrl",".mtrl","","",""
"building c temple age4_0.mtrl",".mtrl","","",""
"building c temple age4_1.mtrl",".mtrl","","",""
"building c temple age4_2.mtrl",".mtrl","","",""
"building c temple age4_3.mtrl",".mtrl","","",""
"building c temple age4_death_0.mtrl",".mtrl","","",""
"building c temple age4_death_1.mtrl",".mtrl","","",""
"building c temple age4_death_2.mtrl",".mtrl","","",""
"building c temple age4_death_3.mtrl",".mtrl","","",""
"building c temple con1_0.mtrl",".mtrl","","",""
"building c temple con2_0.mtrl",".mtrl","","",""
"building c temple con3_0.mtrl",".mtrl","","",""
"building c temple con3_1.mtrl",".mtrl","","",""
"building c titan gate stage1_0.mtrl",".mtrl","","",""
"building c titan gate stage1_1.mtrl",".mtrl","","",""
"building c titan gate stage1_2.mtrl",".mtrl","","",""
"building c titan gate stage1_3.mtrl",".mtrl","","",""
"building c titan gate stage1_4.mtrl",".mtrl","","",""
"building c titan gate stage2_0.mtrl",".mtrl","","",""
"building c titan gate stage2_1.mtrl",".mtrl","","",""
"building c titan gate stage2_2.mtrl",".mtrl","","",""
"building c titan gate stage2_3.mtrl",".mtrl","","",""
"building c titan gate stage2_4.mtrl",".mtrl","","",""
"building c titan gate stage3_0.mtrl",".mtrl","","",""
"building c titan gate stage3_1.mtrl",".mtrl","","",""
"building c titan gate stage3_2.mtrl",".mtrl","","",""
"building c titan gate stage3_3.mtrl",".mtrl","","",""
"building c titan gate stage3_4.mtrl",".mtrl","","",""
"building c titan gate stage4_0.mtrl",".mtrl","","",""
"building c titan gate stage4_1.mtrl",".mtrl","","",""
"building c titan gate stage4_2.mtrl",".mtrl","","",""
"building c titan gate stage4_3.mtrl",".mtrl","","",""
"building c titan gate_dead_0.mtrl",".mtrl","","",""
"building c titan gate_dead_1.mtrl",".mtrl","","",""
"building c titan gate_dead_2.mtrl",".mtrl","","",""
"building c titan gate_dead_3.mtrl",".mtrl","","",""
"building c titan gate_death_0.mtrl",".mtrl","","",""
"building c titan gate_death_1.mtrl",".mtrl","","",""
"building c titan gate_death_2.mtrl",".mtrl","","",""
"building c titan gate_death_3.mtrl",".mtrl","","",""
"building c wall earthen connector_0.mtrl",".mtrl","","",""
"building c wall earthen connector_death_0.mtrl",".mtrl","","",""
"building c wall earthen long stage1_0.mtrl",".mtrl","","",""
"building c wall earthen long stage1_1.mtrl",".mtrl","","",""
"building c wall earthen long stage2_0.mtrl",".mtrl","","",""
"building c wall earthen long stage2_1.mtrl",".mtrl","","",""
"building c wall earthen long stage3_0.mtrl",".mtrl","","",""
"building c wall earthen long stage3_1.mtrl",".mtrl","","",""
"building c wall earthen long stage3_death_0.mtrl",".mtrl","","",""
"building c wall earthen long stage3_death_1.mtrl",".mtrl","","",""
"building c wall earthen long_0.mtrl",".mtrl","","",""
"building c wall earthen medium stage1_0.mtrl",".mtrl","","",""
"building c wall earthen medium stage1_1.mtrl",".mtrl","","",""
"building c wall earthen medium stage2_0.mtrl",".mtrl","","",""
"building c wall earthen medium stage2_1.mtrl",".mtrl","","",""
"building c wall earthen medium stage3_0.mtrl",".mtrl","","",""
"building c wall earthen medium stage3_1.mtrl",".mtrl","","",""
"building c wall earthen medium stage3_death_0.mtrl",".mtrl","","",""
"building c wall earthen medium stage3_death_1.mtrl",".mtrl","","",""
"building c wall earthen medium_0.mtrl",".mtrl","","",""
"building c wall earthen short stage1_0.mtrl",".mtrl","","",""
"building c wall earthen short stage1_1.mtrl",".mtrl","","",""
"building c wall earthen short stage2_0.mtrl",".mtrl","","",""
"building c wall earthen short stage2_1.mtrl",".mtrl","","",""
"building c wall earthen short stage3_0.mtrl",".mtrl","","",""
"building c wall earthen short stage3_1.mtrl",".mtrl","","",""
"building c wall earthen short stage3_death_0.mtrl",".mtrl","","",""
"building c wall earthen short stage3_death_1.mtrl",".mtrl","","",""
"building c wall earthen short_0.mtrl",".mtrl","","",""
"building c wall fortified connector_0.mtrl",".mtrl","","",""
"building c wall fortified connector_death.brg",".brg","","",""
"building c wall fortified connector_death_0.mtrl",".mtrl","","",""
"building c wall fortified long stage1_0.mtrl",".mtrl","","",""
"building c wall fortified long stage1_1.mtrl",".mtrl","","",""
"building c wall fortified long stage2_0.mtrl",".mtrl","","",""
"building c wall fortified long stage2_1.mtrl",".mtrl","","",""
"building c wall fortified long stage3_0.mtrl",".mtrl","","",""
"building c wall fortified long stage3_1.mtrl",".mtrl","","",""
"building c wall fortified long stage3_death_0.mtrl",".mtrl","","",""
"building c wall fortified long stage3_death_1.mtrl",".mtrl","","",""
"building c wall fortified long_0.mtrl",".mtrl","","",""
"building c wall fortified medium stage1_0.mtrl",".mtrl","","",""
"building c wall fortified medium stage1_1.mtrl",".mtrl","","",""
"building c wall fortified medium stage2_0.mtrl",".mtrl","","",""
"building c wall fortified medium stage2_1.mtrl",".mtrl","","",""
"building c wall fortified medium stage3_0.mtrl",".mtrl","","",""
"building c wall fortified medium stage3_1.mtrl",".mtrl","","",""
"building c wall fortified medium stage3_death_0.mtrl",".mtrl","","",""
"building c wall fortified medium stage3_death_1.mtrl",".mtrl","","",""
"building c wall fortified medium_0.mtrl",".mtrl","","",""
"building c wall fortified short stage1_0.mtrl",".mtrl","","",""
"building c wall fortified short stage1_1.mtrl",".mtrl","","",""
"building c wall fortified short stage2_0.mtrl",".mtrl","","",""
"building c wall fortified short stage2_1.mtrl",".mtrl","","",""
"building c wall fortified short stage3_0.mtrl",".mtrl","","",""
"building c wall fortified short stage3_1.mtrl",".mtrl","","",""
"building c wall fortified short stage3_death_0.mtrl",".mtrl","","",""
"building c wall fortified short stage3_death_1.mtrl",".mtrl","","",""
"building c wall fortified short_0.mtrl",".mtrl","","",""
"building c wall great connector_0.mtrl",".mtrl","","",""
"building c wall great connector_death_0.mtrl",".mtrl","","",""
"building c wall great long stage1_0.mtrl",".mtrl","","",""
"building c wall great long stage1_1.mtrl",".mtrl","","",""
"building c wall great long stage2_0.mtrl",".mtrl","","",""
"building c wall great long stage2_1.mtrl",".mtrl","","",""
"building c wall great long stage3_0.mtrl",".mtrl","","",""
"building c wall great long stage3_1.mtrl",".mtrl","","",""
"building c wall great long stage3_death_0.mtrl",".mtrl","","",""
"building c wall great long stage3_death_1.mtrl",".mtrl","","",""
"building c wall great long_0.mtrl",".mtrl","","",""
"building c wall great medium stage1_0.mtrl",".mtrl","","",""
"building c wall great medium stage1_1.mtrl",".mtrl","","",""
"building c wall great medium stage2_0.mtrl",".mtrl","","",""
"building c wall great medium stage2_1.mtrl",".mtrl","","",""
"building c wall great medium stage3_0.mtrl",".mtrl","","",""
"building c wall great medium stage3_1.mtrl",".mtrl","","",""
"building c wall great medium stage3_death_0.mtrl",".mtrl","","",""
"building c wall great medium stage3_death_1.mtrl",".mtrl","","",""
"building c wall great medium_0.mtrl",".mtrl","","",""
"building c wall great short stage1_0.mtrl",".mtrl","","",""
"building c wall great short stage1_1.mtrl",".mtrl","","",""
"building c wall great short stage2_0.mtrl",".mtrl","","",""
"building c wall great short stage2_1.mtrl",".mtrl","","",""
"building c wall great short stage3_0.mtrl",".mtrl","","",""
"building c wall great short stage3_1.mtrl",".mtrl","","",""
"building c wall great short stage3_death_0.mtrl",".mtrl","","",""
"building c wall great short stage3_death_1.mtrl",".mtrl","","",""
"building c wall great short_0.mtrl",".mtrl","","",""
"building c wall stone connector_0.mtrl",".mtrl","","",""
"building c wall stone connector_death_0.mtrl",".mtrl","","",""
"building c wall stone long stage1_0.mtrl",".mtrl","","",""
"building c wall stone long stage1_1.mtrl",".mtrl","","",""
"building c wall stone long stage2_0.mtrl",".mtrl","","",""
"building c wall stone long stage2_1.mtrl",".mtrl","","",""
"building c wall stone long stage3_0.mtrl",".mtrl","","",""
"building c wall stone long stage3_1.mtrl",".mtrl","","",""
"building c wall stone long stage3_death_0.mtrl",".mtrl","","",""
"building c wall stone long stage3_death_1.mtrl",".mtrl","","",""
"building c wall stone long_0.mtrl",".mtrl","","",""
"building c wall stone medium stage1_0.mtrl",".mtrl","","",""
"building c wall stone medium stage1_1.mtrl",".mtrl","","",""
"building c wall stone medium stage2_0.mtrl",".mtrl","","",""
"building c wall stone medium stage2_1.mtrl",".mtrl","","",""
"building c wall stone medium stage3_0.mtrl",".mtrl","","",""
"building c wall stone medium stage3_1.mtrl",".mtrl","","",""
"building c wall stone medium stage3_death_0.mtrl",".mtrl","","",""
"building c wall stone medium stage3_death_1.mtrl",".mtrl","","",""
"building c wall stone medium_0.mtrl",".mtrl","","",""
"building c wall stone short stage1_0.mtrl",".mtrl","","",""
"building c wall stone short stage1_1.mtrl",".mtrl","","",""
"building c wall stone short stage2_0.mtrl",".mtrl","","",""
"building c wall stone short stage2_1.mtrl",".mtrl","","",""
"building c wall stone short stage3_0.mtrl",".mtrl","","",""
"building c wall stone short stage3_1.mtrl",".mtrl","","",""
"building c wall stone short stage3_death_0.mtrl",".mtrl","","",""
"building c wall stone short stage3_death_1.mtrl",".mtrl","","",""
"building c wall stone short_0.mtrl",".mtrl","","",""
"building c watchtower_0.mtrl",".mtrl","","",""
"building c watchtower_1.mtrl",".mtrl","","",""
"building c watchtower_2.mtrl",".mtrl","","",""
"building c watchtower_death_0.mtrl",".mtrl","","",""
"building c watchtower_death_1.mtrl",".mtrl","","",""
"building c watchtower_death_2.mtrl",".mtrl","","",""
"building c wonder city con1_0.mtrl",".mtrl","","",""
"building c wonder city con2_0.mtrl",".mtrl","","",""
"building c wonder city con3_0.mtrl",".mtrl","","",""
"building c wonder city stage1_0.mtrl",".mtrl","","",""
"building c wonder city_0.mtrl",".mtrl","","",""
"building c wonder city_1.mtrl",".mtrl","","",""
"building c wonder city_2.mtrl",".mtrl","","",""
"building c wonder city_death_0.mtrl",".mtrl","","",""
"building c wonder city_death_1.mtrl",".mtrl","","",""
"building c wonder city_death_2.mtrl",".mtrl","","",""
"building c wonder palace con1_0.mtrl",".mtrl","","",""
"building c wonder palace con2_0.mtrl",".mtrl","","",""
"building c wonder palace con3_0.mtrl",".mtrl","","",""
"building c wonder palace_0.mtrl",".mtrl","","",""
"building c wonder palace_1.mtrl",".mtrl","","",""
"building c wonder palace_2.mtrl",".mtrl","","",""
"building c wonder palace_3.mtrl",".mtrl","","",""
"building c wonder palace_4.mtrl",".mtrl","","",""
"building c wonder palace_death_0.mtrl",".mtrl","","",""
"building c wonder palace_death_1.mtrl",".mtrl","","",""
"building c wonder palace_death_2.mtrl",".mtrl","","",""
"building c wonder palace_death_3.mtrl",".mtrl","","",""
"building c wonder palace_death_4.mtrl",".mtrl","","",""
"building c wonder temple con1_0.mtrl",".mtrl","","",""
"building c wonder temple con2_0.mtrl",".mtrl","","",""
"building c wonder temple con3_0.mtrl",".mtrl","","",""
"building c wonder temple con3_1.mtrl",".mtrl","","",""
"building c wonder temple_0.mtrl",".mtrl","","",""
"building c wonder temple_death_0.mtrl",".mtrl","","",""
"building construction 3x3 a_0.mtrl",".mtrl","","",""
"building construction 3x3 a_1.mtrl",".mtrl","","",""
"building construction 3x3 a_2.mtrl",".mtrl","","",""
"building construction 3x3 b_0.mtrl",".mtrl","","",""
"building construction 3x3 b_1.mtrl",".mtrl","","",""
"building construction 3x3 b_2.mtrl",".mtrl","","",""
"building construction armory_0.mtrl",".mtrl","","",""
"building construction armory_1.mtrl",".mtrl","","",""
"building construction armory_2.mtrl",".mtrl","","",""
"building construction connectorgreekwallb_0.mtrl",".mtrl","","",""
"building construction connectorgreekwallb_1.mtrl",".mtrl","","",""
"building construction connectorgreekwallb_2.mtrl",".mtrl","","",""
"building construction connectorgreekwallc_0.mtrl",".mtrl","","",""
"building construction connectorgreekwallc_1.mtrl",".mtrl","","",""
"building construction connectorgreekwallc_2.mtrl",".mtrl","","",""
"building construction connectorwalla_0.mtrl",".mtrl","","",""
"building construction connectorwalla_1.mtrl",".mtrl","","",""
"building construction connectorwalla_2.mtrl",".mtrl","","",""
"building construction dock a_0.mtrl",".mtrl","","",""
"building construction dock a_1.mtrl",".mtrl","","",""
"building construction dock b_0.mtrl",".mtrl","","",""
"building construction dock b_1.mtrl",".mtrl","","",""
"building construction e long brick_0.mtrl",".mtrl","","",""
"building construction e medium brick_0.mtrl",".mtrl","","",""
"building construction e small brick_0.mtrl",".mtrl","","",""
"building construction extra large a_0.mtrl",".mtrl","","",""
"building construction extra large a_1.mtrl",".mtrl","","",""
"building construction extra large a_10.mtrl",".mtrl","","",""
"building construction extra large a_11.mtrl",".mtrl","","",""
"building construction extra large a_2.mtrl",".mtrl","","",""
"building construction extra large a_3.mtrl",".mtrl","","",""
"building construction extra large a_4.mtrl",".mtrl","","",""
"building construction extra large a_5.mtrl",".mtrl","","",""
"building construction extra large a_6.mtrl",".mtrl","","",""
"building construction extra large a_7.mtrl",".mtrl","","",""
"building construction extra large a_8.mtrl",".mtrl","","",""
"building construction extra large a_9.mtrl",".mtrl","","",""
"building construction extra large b_0.mtrl",".mtrl","","",""
"building construction extra large b_1.mtrl",".mtrl","","",""
"building construction extra large b_10.mtrl",".mtrl","","",""
"building construction extra large b_11.mtrl",".mtrl","","",""
"building construction extra large b_12.mtrl",".mtrl","","",""
"building construction extra large b_2.mtrl",".mtrl","","",""
"building construction extra large b_3.mtrl",".mtrl","","",""
"building construction extra large b_4.mtrl",".mtrl","","",""
"building construction extra large b_5.mtrl",".mtrl","","",""
"building construction extra large b_6.mtrl",".mtrl","","",""
"building construction extra large b_7.mtrl",".mtrl","","",""
"building construction extra large b_8.mtrl",".mtrl","","",""
"building construction extra large b_9.mtrl",".mtrl","","",""
"building construction extra large c_0.mtrl",".mtrl","","",""
"building construction extra large c_1.mtrl",".mtrl","","",""
"building construction extra large c_10.mtrl",".mtrl","","",""
"building construction extra large c_11.mtrl",".mtrl","","",""
"building construction extra large c_12.mtrl",".mtrl","","",""
"building construction extra large c_13.mtrl",".mtrl","","",""
"building construction extra large c_14.mtrl",".mtrl","","",""
"building construction extra large c_2.mtrl",".mtrl","","",""
"building construction extra large c_3.mtrl",".mtrl","","",""
"building construction extra large c_4.mtrl",".mtrl","","",""
"building construction extra large c_5.mtrl",".mtrl","","",""
"building construction extra large c_6.mtrl",".mtrl","","",""
"building construction extra large c_7.mtrl",".mtrl","","",""
"building construction extra large c_8.mtrl",".mtrl","","",""
"building construction extra large c_9.mtrl",".mtrl","","",""
"building construction g long brick_0.mtrl",".mtrl","","",""
"building construction g medium brick_0.mtrl",".mtrl","","",""
"building construction g small brick_0.mtrl",".mtrl","","",""
"building construction guild_0.mtrl",".mtrl","","",""
"building construction guild_1.mtrl",".mtrl","","",""
"building construction guild_2.mtrl",".mtrl","","",""
"building construction large a_0.mtrl",".mtrl","","",""
"building construction large a_1.mtrl",".mtrl","","",""
"building construction large a_2.mtrl",".mtrl","","",""
"building construction large b_0.mtrl",".mtrl","","",""
"building construction large b_1.mtrl",".mtrl","","",""
"building construction large b_2.mtrl",".mtrl","","",""
"building construction large c_0.mtrl",".mtrl","","",""
"building construction large c_1.mtrl",".mtrl","","",""
"building construction large c_10.mtrl",".mtrl","","",""
"building construction large c_11.mtrl",".mtrl","","",""
"building construction large c_12.mtrl",".mtrl","","",""
"building construction large c_13.mtrl",".mtrl","","",""
"building construction large c_14.mtrl",".mtrl","","",""
"building construction large c_15.mtrl",".mtrl","","",""
"building construction large c_2.mtrl",".mtrl","","",""
"building construction large c_3.mtrl",".mtrl","","",""
"building construction large c_4.mtrl",".mtrl","","",""
"building construction large c_5.mtrl",".mtrl","","",""
"building construction large c_6.mtrl",".mtrl","","",""
"building construction large c_7.mtrl",".mtrl","","",""
"building construction large c_8.mtrl",".mtrl","","",""
"building construction large c_9.mtrl",".mtrl","","",""
"building construction longgreekwallb_0.mtrl",".mtrl","","",""
"building construction longgreekwallb_1.mtrl",".mtrl","","",""
"building construction longgreekwallb_2.mtrl",".mtrl","","",""
"building construction longgreekwallc_0.mtrl",".mtrl","","",""
"building construction longgreekwallc_1.mtrl",".mtrl","","",""
"building construction longgreekwallc_2.mtrl",".mtrl","","",""
"building construction longwalla_0.mtrl",".mtrl","","",""
"building construction longwalla_1.mtrl",".mtrl","","",""
"building construction longwalla_2.mtrl",".mtrl","","",""
"building construction manor_0.mtrl",".mtrl","","",""
"building construction manor_1.mtrl",".mtrl","","",""
"building construction manor_2.mtrl",".mtrl","","",""
"building construction medium a_0.mtrl",".mtrl","","",""
"building construction medium a_1.mtrl",".mtrl","","",""
"building construction medium a_2.mtrl",".mtrl","","",""
"building construction medium b_0.mtrl",".mtrl","","",""
"building construction medium b_1.mtrl",".mtrl","","",""
"building construction medium b_2.mtrl",".mtrl","","",""
"building construction medium c_0.mtrl",".mtrl","","",""
"building construction medium c_1.mtrl",".mtrl","","",""
"building construction medium c_10.mtrl",".mtrl","","",""
"building construction medium c_11.mtrl",".mtrl","","",""
"building construction medium c_12.mtrl",".mtrl","","",""
"building construction medium c_2.mtrl",".mtrl","","",""
"building construction medium c_3.mtrl",".mtrl","","",""
"building construction medium c_4.mtrl",".mtrl","","",""
"building construction medium c_5.mtrl",".mtrl","","",""
"building construction medium c_6.mtrl",".mtrl","","",""
"building construction medium c_7.mtrl",".mtrl","","",""
"building construction medium c_8.mtrl",".mtrl","","",""
"building construction medium c_9.mtrl",".mtrl","","",""
"building construction n long brick_0.mtrl",".mtrl","","",""
"building construction n medium brick_0.mtrl",".mtrl","","",""
"building construction n small brick_0.mtrl",".mtrl","","",""
"building construction shortgreekwallb_0.mtrl",".mtrl","","",""
"building construction shortgreekwallb_1.mtrl",".mtrl","","",""
"building construction shortgreekwallb_2.mtrl",".mtrl","","",""
"building construction shortgreekwallc_0.mtrl",".mtrl","","",""
"building construction shortgreekwallc_1.mtrl",".mtrl","","",""
"building construction shortgreekwallc_2.mtrl",".mtrl","","",""
"building construction shortwalla_0.mtrl",".mtrl","","",""
"building construction shortwalla_1.mtrl",".mtrl","","",""
"building construction shortwalla_2.mtrl",".mtrl","","",""
"building construction small a_0.mtrl",".mtrl","","",""
"building construction small a_1.mtrl",".mtrl","","",""
"building construction small a_2.mtrl",".mtrl","","",""
"building construction small b_0.mtrl",".mtrl","","",""
"building construction small b_1.mtrl",".mtrl","","",""
"building construction small b_2.mtrl",".mtrl","","",""
"building construction small c_0.mtrl",".mtrl","","",""
"building construction small c_1.mtrl",".mtrl","","",""
"building construction small c_10.mtrl",".mtrl","","",""
"building construction small c_2.mtrl",".mtrl","","",""
"building construction small c_3.mtrl",".mtrl","","",""
"building construction small c_4.mtrl",".mtrl","","",""
"building construction small c_5.mtrl",".mtrl","","",""
"building construction small c_6.mtrl",".mtrl","","",""
"building construction small c_7.mtrl",".mtrl","","",""
"building construction small c_8.mtrl",".mtrl","","",""
"building construction small c_9.mtrl",".mtrl","","",""
"building construction specialist_0.mtrl",".mtrl","","",""
"building construction specialist_1.mtrl",".mtrl","","",""
"building construction specialist_2.mtrl",".mtrl","","",""
"building construction sp_0.mtrl",".mtrl","","",""
"building construction sp_1.mtrl",".mtrl","","",""
"building construction sp_2.mtrl",".mtrl","","",""
"building construction xlarge a_0.mtrl",".mtrl","","",""
"building construction xlarge a_1.mtrl",".mtrl","","",""
"building construction xlarge a_2.mtrl",".mtrl","","",""
"building construction xlarge b_0.mtrl",".mtrl","","",""
"building construction xlarge b_1.mtrl",".mtrl","","",""
"building construction xlarge b_2.mtrl",".mtrl","","",""
"building construction xsmall a_0.mtrl",".mtrl","","",""
"building construction xsmall a_1.mtrl",".mtrl","","",""
"building construction xsmall a_2.mtrl",".mtrl","","",""
"building construction xsmall b_0.mtrl",".mtrl","","",""
"building construction xsmall b_1.mtrl",".mtrl","","",""
"building construction xsmall b_2.mtrl",".mtrl","","",""
"building construction3x3 a_0.mtrl",".mtrl","","",""
"building construction3x3 a_1.mtrl",".mtrl","","",""
"building construction3x3 a_2.mtrl",".mtrl","","",""
"building construction3x3 b_0.mtrl",".mtrl","","",""
"building construction3x3 b_1.mtrl",".mtrl","","",""
"building construction3x3 b_2.mtrl",".mtrl","","",""
"building dock rubble3x3_0.mtrl",".mtrl","","",""
"building e armory age2_0.mtrl",".mtrl","","",""
"building e armory age2_1.mtrl",".mtrl","","",""
"building e armory age2_2.mtrl",".mtrl","","",""
"building e armory age2_3.mtrl",".mtrl","","",""
"building e armory age2_4.mtrl",".mtrl","","",""
"building e armory age2_5.mtrl",".mtrl","","",""
"building e armory age2_death_0.mtrl",".mtrl","","",""
"building e armory age2_death_1.mtrl",".mtrl","","",""
"building e armory age2_death_2.mtrl",".mtrl","","",""
"building e armory age2_death_3.mtrl",".mtrl","","",""
"building e armory age3_0.mtrl",".mtrl","","",""
"building e armory age3_1.mtrl",".mtrl","","",""
"building e armory age3_2.mtrl",".mtrl","","",""
"building e armory age3_3.mtrl",".mtrl","","",""
"building e armory age3_4.mtrl",".mtrl","","",""
"building e armory age3_5.mtrl",".mtrl","","",""
"building e armory age3_death_0.mtrl",".mtrl","","",""
"building e armory age3_death_1.mtrl",".mtrl","","",""
"building e armory age3_death_2.mtrl",".mtrl","","",""
"building e armory age3_death_3.mtrl",".mtrl","","",""
"building e armory age4_0.mtrl",".mtrl","","",""
"building e armory age4_1.mtrl",".mtrl","","",""
"building e armory age4_2.mtrl",".mtrl","","",""
"building e armory age4_3.mtrl",".mtrl","","",""
"building e armory age4_4.mtrl",".mtrl","","",""
"building e armory age4_5.mtrl",".mtrl","","",""
"building e armory age4_death_0.mtrl",".mtrl","","",""
"building e armory age4_death_1.mtrl",".mtrl","","",""
"building e armory age4_death_2.mtrl",".mtrl","","",""
"building e armory age4_death_3.mtrl",".mtrl","","",""
"building e ballista tower age4_0.mtrl",".mtrl","","",""
"building e ballista tower age4_1.mtrl",".mtrl","","",""
"building e ballista tower age4_2.mtrl",".mtrl","","",""
"building e ballista tower age4_3.mtrl",".mtrl","","",""
"building e ballista tower age4_death_0.mtrl",".mtrl","","",""
"building e ballista tower age4_death_1.mtrl",".mtrl","","",""
"building e ballista tower age4_death_2.mtrl",".mtrl","","",""
"building e ballista tower age4_death_3.mtrl",".mtrl","","",""
"building e barracks 2 destructed_0.mtrl",".mtrl","","",""
"building e barracks 2 destructed_1.mtrl",".mtrl","","",""
"building e barracks age2_0.mtrl",".mtrl","","",""
"building e barracks age2_1.mtrl",".mtrl","","",""
"building e barracks age2_2.mtrl",".mtrl","","",""
"building e barracks age2_3.mtrl",".mtrl","","",""
"building e barracks age2_death_0.mtrl",".mtrl","","",""
"building e barracks age2_death_1.mtrl",".mtrl","","",""
"building e barracks age2_death_2.mtrl",".mtrl","","",""
"building e barracks age3_0.mtrl",".mtrl","","",""
"building e barracks age3_1.mtrl",".mtrl","","",""
"building e barracks age3_2.mtrl",".mtrl","","",""
"building e barracks age3_3.mtrl",".mtrl","","",""
"building e barracks age3_4.mtrl",".mtrl","","",""
"building e barracks age3_death_0.mtrl",".mtrl","","",""
"building e barracks age3_death_1.mtrl",".mtrl","","",""
"building e barracks age3_death_2.mtrl",".mtrl","","",""
"building e barracks age3_death_3.mtrl",".mtrl","","",""
"building e barracks age4_0.mtrl",".mtrl","","",""
"building e barracks age4_1.mtrl",".mtrl","","",""
"building e barracks age4_2.mtrl",".mtrl","","",""
"building e barracks age4_3.mtrl",".mtrl","","",""
"building e barracks age4_4.mtrl",".mtrl","","",""
"building e barracks age4_death_0.mtrl",".mtrl","","",""
"building e barracks age4_death_1.mtrl",".mtrl","","",""
"building e barracks age4_death_2.mtrl",".mtrl","","",""
"building e barracks age4_death_3.mtrl",".mtrl","","",""
"building e cit dam stage1_0.mtrl",".mtrl","","",""
"building e cit dam stage2_0.mtrl",".mtrl","","",""
"building e cit dam stage3_0.mtrl",".mtrl","","",""
"building e construction midgol age3 con4_0.mtrl",".mtrl","","",""
"building e construction midgol age3 con4_1.mtrl",".mtrl","","",""
"building e construction midgol age3 con4_2.mtrl",".mtrl","","",""
"building e construction midgol age4 con4_0.mtrl",".mtrl","","",""
"building e construction midgol age4 con4_1.mtrl",".mtrl","","",""
"building e construction midgol age4 con4_2.mtrl",".mtrl","","",""
"building e construction midgol age4 con4_3.mtrl",".mtrl","","",""
"building e constructiondock_0.mtrl",".mtrl","","",""
"building e constructiondock_1.mtrl",".mtrl","","",""
"building e constructiontempleage1_0.mtrl",".mtrl","","",""
"building e constructiontempleage1_1.mtrl",".mtrl","","",""
"building e constructiontempleage1_2.mtrl",".mtrl","","",""
"building e constructiontempleage2_0.mtrl",".mtrl","","",""
"building e constructiontempleage2_1.mtrl",".mtrl","","",""
"building e constructiontempleage2_2.mtrl",".mtrl","","",""
"building e dock age1_0.mtrl",".mtrl","","",""
"building e dock age1_1.mtrl",".mtrl","","",""
"building e dock age1_2.mtrl",".mtrl","","",""
"building e dock age1_3.mtrl",".mtrl","","",""
"building e dock age1_death_0.mtrl",".mtrl","","",""
"building e dock age1_death_1.mtrl",".mtrl","","",""
"building e dock age1_death_2.mtrl",".mtrl","","",""
"building e dock age1_death_3.mtrl",".mtrl","","",""
"building e dock age2_0.mtrl",".mtrl","","",""
"building e dock age2_1.mtrl",".mtrl","","",""
"building e dock age2_2.mtrl",".mtrl","","",""
"building e dock age2_3.mtrl",".mtrl","","",""
"building e dock age2_death_0.mtrl",".mtrl","","",""
"building e dock age2_death_1.mtrl",".mtrl","","",""
"building e dock age2_death_2.mtrl",".mtrl","","",""
"building e dock age2_death_3.mtrl",".mtrl","","",""
"building e dock age3_0.mtrl",".mtrl","","",""
"building e dock age3_1.mtrl",".mtrl","","",""
"building e dock age3_2.mtrl",".mtrl","","",""
"building e dock age3_3.mtrl",".mtrl","","",""
"building e dock age3_4.mtrl",".mtrl","","",""
"building e dock age3_death_0.mtrl",".mtrl","","",""
"building e dock age3_death_1.mtrl",".mtrl","","",""
"building e dock age3_death_2.mtrl",".mtrl","","",""
"building e dock age3_death_3.mtrl",".mtrl","","",""
"building e dock age3_death_4.mtrl",".mtrl","","",""
"building e fort dam stage1_0.mtrl",".mtrl","","",""
"building e fort dam stage2_0.mtrl",".mtrl","","",""
"building e fort dam stage3_0.mtrl",".mtrl","","",""
"building e fortress age3_0.mtrl",".mtrl","","",""
"building e fortress age3_1.mtrl",".mtrl","","",""
"building e fortress age3_2.mtrl",".mtrl","","",""
"building e fortress age3_3.mtrl",".mtrl","","",""
"building e fortress age3_4.mtrl",".mtrl","","",""
"building e fortress age3_death_0.mtrl",".mtrl","","",""
"building e fortress age3_death_1.mtrl",".mtrl","","",""
"building e fortress age3_death_2.mtrl",".mtrl","","",""
"building e fortress age4_0.mtrl",".mtrl","","",""
"building e fortress age4_1.mtrl",".mtrl","","",""
"building e fortress age4_2.mtrl",".mtrl","","",""
"building e fortress age4_3.mtrl",".mtrl","","",""
"building e fortress age4_4.mtrl",".mtrl","","",""
"building e fortress age4_5.mtrl",".mtrl","","",""
"building e fortress age4_death_0.mtrl",".mtrl","","",""
"building e fortress age4_death_1.mtrl",".mtrl","","",""
"building e fortress age4_death_2.mtrl",".mtrl","","",""
"building e fortress age4_death_3.mtrl",".mtrl","","",""
"building e fortressconstruction_0.mtrl",".mtrl","","",""
"building e fortressconstruction_1.mtrl",".mtrl","","",""
"building e fortressconstruction_2.mtrl",".mtrl","","",""
"building e gate_closeddam1_0.mtrl",".mtrl","","",""
"building e gate_closeddam2_0.mtrl",".mtrl","","",""
"building e gate_closeddam3_0.mtrl",".mtrl","","",""
"building e gate_closed_0.mtrl",".mtrl","","",""
"building e gate_closingdam1_0.mtrl",".mtrl","","",""
"building e gate_closingdam2_0.mtrl",".mtrl","","",""
"building e gate_closingdam3_0.mtrl",".mtrl","","",""
"building e gate_closing_0.mtrl",".mtrl","","",""
"building e gate_opendam1_0.mtrl",".mtrl","","",""
"building e gate_opendam2_0.mtrl",".mtrl","","",""
"building e gate_opendam3_0.mtrl",".mtrl","","",""
"building e gate_openingdam1_0.mtrl",".mtrl","","",""
"building e gate_openingdam2_0.mtrl",".mtrl","","",""
"building e gate_openingdam3_0.mtrl",".mtrl","","",""
"building e gate_opening_0.mtrl",".mtrl","","",""
"building e gate_open_0.mtrl",".mtrl","","",""
"building e granary age1_0.mtrl",".mtrl","","",""
"building e granary age1_1.mtrl",".mtrl","","",""
"building e granary age1_2.mtrl",".mtrl","","",""
"building e granary age1_3.mtrl",".mtrl","","",""
"building e granary age1_4.mtrl",".mtrl","","",""
"building e granary age1_death_0.mtrl",".mtrl","","",""
"building e granary age1_death_1.mtrl",".mtrl","","",""
"building e granary age1_death_2.mtrl",".mtrl","","",""
"building e granary age2 destructed_0.mtrl",".mtrl","","",""
"building e granary age2 destructed_1.mtrl",".mtrl","","",""
"building e granary age2_0.mtrl",".mtrl","","",""
"building e granary age2_1.mtrl",".mtrl","","",""
"building e granary age2_2.mtrl",".mtrl","","",""
"building e granary age2_3.mtrl",".mtrl","","",""
"building e granary age2_4.mtrl",".mtrl","","",""
"building e granary age2_death_0.mtrl",".mtrl","","",""
"building e granary age2_death_1.mtrl",".mtrl","","",""
"building e granary age2_death_2.mtrl",".mtrl","","",""
"building e granary age3_0.mtrl",".mtrl","","",""
"building e granary age3_1.mtrl",".mtrl","","",""
"building e granary age3_2.mtrl",".mtrl","","",""
"building e granary age3_3.mtrl",".mtrl","","",""
"building e granary age3_4.mtrl",".mtrl","","",""
"building e granary age3_5.mtrl",".mtrl","","",""
"building e granary age3_death_0.mtrl",".mtrl","","",""
"building e granary age3_death_1.mtrl",".mtrl","","",""
"building e granary age3_death_2.mtrl",".mtrl","","",""
"building e granary age3_death_3.mtrl",".mtrl","","",""
"building e granary age4_0.mtrl",".mtrl","","",""
"building e granary age4_1.mtrl",".mtrl","","",""
"building e granary age4_2.mtrl",".mtrl","","",""
"building e granary age4_3.mtrl",".mtrl","","",""
"building e granary age4_4.mtrl",".mtrl","","",""
"building e granary age4_5.mtrl",".mtrl","","",""
"building e granary age4_death_0.mtrl",".mtrl","","",""
"building e granary age4_death_1.mtrl",".mtrl","","",""
"building e granary age4_death_2.mtrl",".mtrl","","",""
"building e granary age4_death_3.mtrl",".mtrl","","",""
"building e granary construction_0.mtrl",".mtrl","","",""
"building e granary construction_1.mtrl",".mtrl","","",""
"building e granary construction_2.mtrl",".mtrl","","",""
"building e guard tower age3_0.mtrl",".mtrl","","",""
"building e guard tower age3_1.mtrl",".mtrl","","",""
"building e guard tower age3_2.mtrl",".mtrl","","",""
"building e guard tower age3_3.mtrl",".mtrl","","",""
"building e guard tower age3_death_0.mtrl",".mtrl","","",""
"building e guard tower age3_death_1.mtrl",".mtrl","","",""
"building e guard tower age3_death_2.mtrl",".mtrl","","",""
"building e guard tower age3_death_3.mtrl",".mtrl","","",""
"building e guard tower age4_0.mtrl",".mtrl","","",""
"building e guard tower age4_1.mtrl",".mtrl","","",""
"building e guard tower age4_2.mtrl",".mtrl","","",""
"building e guard tower age4_3.mtrl",".mtrl","","",""
"building e guard tower age4_4.mtrl",".mtrl","","",""
"building e guard tower age4_death_0.mtrl",".mtrl","","",""
"building e guard tower age4_death_1.mtrl",".mtrl","","",""
"building e guard tower age4_death_2.mtrl",".mtrl","","",""
"building e guard tower age4_death_3.mtrl",".mtrl","","",""
"building e guard tower age4_death_4.mtrl",".mtrl","","",""
"building e housea age1_0.mtrl",".mtrl","","",""
"building e housea age1_1.mtrl",".mtrl","","",""
"building e housea age1_2.mtrl",".mtrl","","",""
"building e housea age1_3.mtrl",".mtrl","","",""
"building e housea age1_4.mtrl",".mtrl","","",""
"building e housea age1_5.mtrl",".mtrl","","",""
"building e housea age1_death_0.mtrl",".mtrl","","",""
"building e housea age1_death_1.mtrl",".mtrl","","",""
"building e housea age1_death_2.mtrl",".mtrl","","",""
"building e housea age1_death_3.mtrl",".mtrl","","",""
"building e housea age2_0.mtrl",".mtrl","","",""
"building e housea age2_1.mtrl",".mtrl","","",""
"building e housea age2_2.mtrl",".mtrl","","",""
"building e housea age2_3.mtrl",".mtrl","","",""
"building e housea age2_4.mtrl",".mtrl","","",""
"building e housea age2_death_0.mtrl",".mtrl","","",""
"building e housea age2_death_1.mtrl",".mtrl","","",""
"building e housea age2_death_2.mtrl",".mtrl","","",""
"building e housea age3_0.mtrl",".mtrl","","",""
"building e housea age3_1.mtrl",".mtrl","","",""
"building e housea age3_2.mtrl",".mtrl","","",""
"building e housea age3_3.mtrl",".mtrl","","",""
"building e housea age3_4.mtrl",".mtrl","","",""
"building e housea age3_5.mtrl",".mtrl","","",""
"building e housea age3_6.mtrl",".mtrl","","",""
"building e housea age3_death_0.mtrl",".mtrl","","",""
"building e housea age3_death_1.mtrl",".mtrl","","",""
"building e housea age3_death_2.mtrl",".mtrl","","",""
"building e housea age3_death_3.mtrl",".mtrl","","",""
"building e housea age3_death_4.mtrl",".mtrl","","",""
"building e housea age4_0.mtrl",".mtrl","","",""
"building e housea age4_1.mtrl",".mtrl","","",""
"building e housea age4_2.mtrl",".mtrl","","",""
"building e housea age4_3.mtrl",".mtrl","","",""
"building e housea age4_4.mtrl",".mtrl","","",""
"building e housea age4_death_0.mtrl",".mtrl","","",""
"building e housea age4_death_1.mtrl",".mtrl","","",""
"building e housea age4_death_2.mtrl",".mtrl","","",""
"building e houseb age1_0.mtrl",".mtrl","","",""
"building e houseb age1_1.mtrl",".mtrl","","",""
"building e houseb age1_2.mtrl",".mtrl","","",""
"building e houseb age1_3.mtrl",".mtrl","","",""
"building e houseb age1_4.mtrl",".mtrl","","",""
"building e houseb age1_death_0.mtrl",".mtrl","","",""
"building e houseb age1_death_1.mtrl",".mtrl","","",""
"building e houseb age1_death_2.mtrl",".mtrl","","",""
"building e houseb age1_death_3.mtrl",".mtrl","","",""
"building e houseb age2_0.mtrl",".mtrl","","",""
"building e houseb age2_1.mtrl",".mtrl","","",""
"building e houseb age2_2.mtrl",".mtrl","","",""
"building e houseb age2_3.mtrl",".mtrl","","",""
"building e houseb age2_death_0.mtrl",".mtrl","","",""
"building e houseb age2_death_1.mtrl",".mtrl","","",""
"building e houseb age2_death_2.mtrl",".mtrl","","",""
"building e houseb age3_0.mtrl",".mtrl","","",""
"building e houseb age3_1.mtrl",".mtrl","","",""
"building e houseb age3_2.mtrl",".mtrl","","",""
"building e houseb age3_3.mtrl",".mtrl","","",""
"building e houseb age3_4.mtrl",".mtrl","","",""
"building e houseb age3_death_0.mtrl",".mtrl","","",""
"building e houseb age3_death_1.mtrl",".mtrl","","",""
"building e houseb age3_death_2.mtrl",".mtrl","","",""
"building e houseb age3_death_3.mtrl",".mtrl","","",""
"building e houseb age4_0.mtrl",".mtrl","","",""
"building e houseb age4_1.mtrl",".mtrl","","",""
"building e houseb age4_2.mtrl",".mtrl","","",""
"building e houseb age4_3.mtrl",".mtrl","","",""
"building e houseb age4_death_0.mtrl",".mtrl","","",""
"building e houseb age4_death_1.mtrl",".mtrl","","",""
"building e houseb age4_death_2.mtrl",".mtrl","","",""
"building e housec age1_0.mtrl",".mtrl","","",""
"building e housec age1_1.mtrl",".mtrl","","",""
"building e housec age1_2.mtrl",".mtrl","","",""
"building e housec age1_3.mtrl",".mtrl","","",""
"building e housec age1_4.mtrl",".mtrl","","",""
"building e housec age1_5.mtrl",".mtrl","","",""
"building e housec age1_death_0.mtrl",".mtrl","","",""
"building e housec age1_death_1.mtrl",".mtrl","","",""
"building e housec age1_death_2.mtrl",".mtrl","","",""
"building e housec age1_death_3.mtrl",".mtrl","","",""
"building e housec age2_0.mtrl",".mtrl","","",""
"building e housec age2_1.mtrl",".mtrl","","",""
"building e housec age2_2.mtrl",".mtrl","","",""
"building e housec age2_3.mtrl",".mtrl","","",""
"building e housec age2_4.mtrl",".mtrl","","",""
"building e housec age2_death_0.mtrl",".mtrl","","",""
"building e housec age2_death_1.mtrl",".mtrl","","",""
"building e housec age2_death_2.mtrl",".mtrl","","",""
"building e housec age3_0.mtrl",".mtrl","","",""
"building e housec age3_1.mtrl",".mtrl","","",""
"building e housec age3_2.mtrl",".mtrl","","",""
"building e housec age3_3.mtrl",".mtrl","","",""
"building e housec age3_4.mtrl",".mtrl","","",""
"building e housec age3_5.mtrl",".mtrl","","",""
"building e housec age3_6.mtrl",".mtrl","","",""
"building e housec age3_death_0.mtrl",".mtrl","","",""
"building e housec age3_death_1.mtrl",".mtrl","","",""
"building e housec age3_death_2.mtrl",".mtrl","","",""
"building e housec age3_death_3.mtrl",".mtrl","","",""
"building e housec age3_death_4.mtrl",".mtrl","","",""
"building e housec age4_0.mtrl",".mtrl","","",""
"building e housec age4_1.mtrl",".mtrl","","",""
"building e housec age4_2.mtrl",".mtrl","","",""
"building e housec age4_3.mtrl",".mtrl","","",""
"building e housec age4_4.mtrl",".mtrl","","",""
"building e housec age4_death_0.mtrl",".mtrl","","",""
"building e housec age4_death_1.mtrl",".mtrl","","",""
"building e housec age4_death_2.mtrl",".mtrl","","",""
"building e isis wonder con2_0.mtrl",".mtrl","","",""
"building e isis wonder con2_1.mtrl",".mtrl","","",""
"building e isis wonder con2_2.mtrl",".mtrl","","",""
"building e isis wonder con2_3.mtrl",".mtrl","","",""
"building e isis wonder con2_4.mtrl",".mtrl","","",""
"building e isis wonder con3_0.mtrl",".mtrl","","",""
"building e isis wonder con3_1.mtrl",".mtrl","","",""
"building e isis wonder con3_2.mtrl",".mtrl","","",""
"building e isis wonder con3_3.mtrl",".mtrl","","",""
"building e isis wonder con3_4.mtrl",".mtrl","","",""
"building e isis wonder con3_5.mtrl",".mtrl","","",""
"building e isis wonder con3_6.mtrl",".mtrl","","",""
"building e isis wonder con3_7.mtrl",".mtrl","","",""
"building e isis wonder_0.mtrl",".mtrl","","",""
"building e isis wonder_1.mtrl",".mtrl","","",""
"building e isis wonder_2.mtrl",".mtrl","","",""
"building e isis wonder_3.mtrl",".mtrl","","",""
"building e isis wonder_4.mtrl",".mtrl","","",""
"building e isis wonder_death_0.mtrl",".mtrl","","",""
"building e isis wonder_death_1.mtrl",".mtrl","","",""
"building e isis wonder_death_2.mtrl",".mtrl","","",""
"building e isis wonder_death_3.mtrl",".mtrl","","",""
"building e isis wonder_death_4.mtrl",".mtrl","","",""
"building e lighthouse construction_0.mtrl",".mtrl","","",""
"building e lighthouse construction_1.mtrl",".mtrl","","",""
"building e lighthouse construction_2.mtrl",".mtrl","","",""
"building e lighthouse_0.mtrl",".mtrl","","",""
"building e lighthouse_1.mtrl",".mtrl","","",""
"building e lighthouse_2.mtrl",".mtrl","","",""
"building e lighthouse_death_0.mtrl",".mtrl","","",""
"building e lighthouse_death_1.mtrl",".mtrl","","",""
"building e lighthouse_death_2.mtrl",".mtrl","","",""
"building e lumbercamp age1_0.mtrl",".mtrl","","",""
"building e lumbercamp age1_1.mtrl",".mtrl","","",""
"building e lumbercamp age1_2.mtrl",".mtrl","","",""
"building e lumbercamp age1_3.mtrl",".mtrl","","",""
"building e lumbercamp age1_4.mtrl",".mtrl","","",""
"building e lumbercamp age1_5.mtrl",".mtrl","","",""
"building e lumbercamp age1_death_0.mtrl",".mtrl","","",""
"building e lumbercamp age1_death_1.mtrl",".mtrl","","",""
"building e lumbercamp age1_death_2.mtrl",".mtrl","","",""
"building e lumbercamp age1_death_3.mtrl",".mtrl","","",""
"building e lumbercamp age2_0.mtrl",".mtrl","","",""
"building e lumbercamp age2_1.mtrl",".mtrl","","",""
"building e lumbercamp age2_2.mtrl",".mtrl","","",""
"building e lumbercamp age2_3.mtrl",".mtrl","","",""
"building e lumbercamp age2_4.mtrl",".mtrl","","",""
"building e lumbercamp age2_5.mtrl",".mtrl","","",""
"building e lumbercamp age2_death_0.mtrl",".mtrl","","",""
"building e lumbercamp age2_death_1.mtrl",".mtrl","","",""
"building e lumbercamp age2_death_2.mtrl",".mtrl","","",""
"building e lumbercamp age2_death_3.mtrl",".mtrl","","",""
"building e lumbercamp age3_0.mtrl",".mtrl","","",""
"building e lumbercamp age3_1.mtrl",".mtrl","","",""
"building e lumbercamp age3_2.mtrl",".mtrl","","",""
"building e lumbercamp age3_3.mtrl",".mtrl","","",""
"building e lumbercamp age3_4.mtrl",".mtrl","","",""
"building e lumbercamp age3_5.mtrl",".mtrl","","",""
"building e lumbercamp age3_death_0.mtrl",".mtrl","","",""
"building e lumbercamp age3_death_1.mtrl",".mtrl","","",""
"building e lumbercamp age3_death_2.mtrl",".mtrl","","",""
"building e lumbercamp age3_death_3.mtrl",".mtrl","","",""
"building e lumbercamp age4_0.mtrl",".mtrl","","",""
"building e lumbercamp age4_1.mtrl",".mtrl","","",""
"building e lumbercamp age4_2.mtrl",".mtrl","","",""
"building e lumbercamp age4_3.mtrl",".mtrl","","",""
"building e lumbercamp age4_4.mtrl",".mtrl","","",""
"building e lumbercamp age4_5.mtrl",".mtrl","","",""
"building e lumbercamp age4_6.mtrl",".mtrl","","",""
"building e lumbercamp age4_death_0.mtrl",".mtrl","","",""
"building e lumbercamp age4_death_1.mtrl",".mtrl","","",""
"building e lumbercamp age4_death_2.mtrl",".mtrl","","",""
"building e lumbercamp age4_death_3.mtrl",".mtrl","","",""
"building e lumbercamp age4_death_4.mtrl",".mtrl","","",""
"building e market age3_0.mtrl",".mtrl","","",""
"building e market age3_1.mtrl",".mtrl","","",""
"building e market age3_2.mtrl",".mtrl","","",""
"building e market age3_3.mtrl",".mtrl","","",""
"building e market age3_4.mtrl",".mtrl","","",""
"building e market age3_5.mtrl",".mtrl","","",""
"building e market age3_death_0.mtrl",".mtrl","","",""
"building e market age3_death_1.mtrl",".mtrl","","",""
"building e market age3_death_2.mtrl",".mtrl","","",""
"building e market age3_death_3.mtrl",".mtrl","","",""
"building e market age4_0.mtrl",".mtrl","","",""
"building e market age4_1.mtrl",".mtrl","","",""
"building e market age4_2.mtrl",".mtrl","","",""
"building e market age4_3.mtrl",".mtrl","","",""
"building e market age4_4.mtrl",".mtrl","","",""
"building e market age4_5.mtrl",".mtrl","","",""
"building e market age4_death_0.mtrl",".mtrl","","",""
"building e market age4_death_1.mtrl",".mtrl","","",""
"building e market age4_death_2.mtrl",".mtrl","","",""
"building e market age4_death_3.mtrl",".mtrl","","",""
"building e mining camp age 1_0.mtrl",".mtrl","","",""
"building e mining camp age 1_1.mtrl",".mtrl","","",""
"building e mining camp age 1_2.mtrl",".mtrl","","",""
"building e mining camp age 1_3.mtrl",".mtrl","","",""
"building e mining camp age 1_4.mtrl",".mtrl","","",""
"building e mining camp age 1_death_0.mtrl",".mtrl","","",""
"building e mining camp age 1_death_1.mtrl",".mtrl","","",""
"building e mining camp age 1_death_2.mtrl",".mtrl","","",""
"building e mining camp age 2_0.mtrl",".mtrl","","",""
"building e mining camp age 2_1.mtrl",".mtrl","","",""
"building e mining camp age 2_2.mtrl",".mtrl","","",""
"building e mining camp age 2_3.mtrl",".mtrl","","",""
"building e mining camp age 2_4.mtrl",".mtrl","","",""
"building e mining camp age 2_death_0.mtrl",".mtrl","","",""
"building e mining camp age 2_death_1.mtrl",".mtrl","","",""
"building e mining camp age 2_death_2.mtrl",".mtrl","","",""
"building e mining camp age 2_death_3.mtrl",".mtrl","","",""
"building e mining camp age 3_0.mtrl",".mtrl","","",""
"building e mining camp age 3_1.mtrl",".mtrl","","",""
"building e mining camp age 3_2.mtrl",".mtrl","","",""
"building e mining camp age 3_3.mtrl",".mtrl","","",""
"building e mining camp age 3_4.mtrl",".mtrl","","",""
"building e mining camp age 3_death_0.mtrl",".mtrl","","",""
"building e mining camp age 3_death_1.mtrl",".mtrl","","",""
"building e mining camp age 3_death_2.mtrl",".mtrl","","",""
"building e mining camp age 3_death_3.mtrl",".mtrl","","",""
"building e mining camp age 4_0.mtrl",".mtrl","","",""
"building e mining camp age 4_1.mtrl",".mtrl","","",""
"building e mining camp age 4_2.mtrl",".mtrl","","",""
"building e mining camp age 4_3.mtrl",".mtrl","","",""
"building e mining camp age 4_4.mtrl",".mtrl","","",""
"building e mining camp age 4_5.mtrl",".mtrl","","",""
"building e mining camp age 4_death_0.mtrl",".mtrl","","",""
"building e mining camp age 4_death_1.mtrl",".mtrl","","",""
"building e mining camp age 4_death_2.mtrl",".mtrl","","",""
"building e mining camp age 4_death_3.mtrl",".mtrl","","",""
"building e monument1 construction_0.mtrl",".mtrl","","",""
"building e monument1 construction_1.mtrl",".mtrl","","",""
"building e monument1 construction_2.mtrl",".mtrl","","",""
"building e monument1 construction_3.mtrl",".mtrl","","",""
"building e monument1 construction_4.mtrl",".mtrl","","",""
"building e monument1 construction_5.mtrl",".mtrl","","",""
"building e monument1 stand_0.mtrl",".mtrl","","",""
"building e monument1 stand_1.mtrl",".mtrl","","",""
"building e monument1_0.mtrl",".mtrl","","",""
"building e monument1_cinematic_0.mtrl",".mtrl","","",""
"building e monument1_death_0.mtrl",".mtrl","","",""
"building e monument2 construction_0.mtrl",".mtrl","","",""
"building e monument2 construction_1.mtrl",".mtrl","","",""
"building e monument2 construction_2.mtrl",".mtrl","","",""
"building e monument2 construction_3.mtrl",".mtrl","","",""
"building e monument2 construction_4.mtrl",".mtrl","","",""
"building e monument2 construction_5.mtrl",".mtrl","","",""
"building e monument2 stand_0.mtrl",".mtrl","","",""
"building e monument2 stand_1.mtrl",".mtrl","","",""
"building e monument2_0.mtrl",".mtrl","","",""
"building e monument2_cinematic_0.mtrl",".mtrl","","",""
"building e monument2_death_0.mtrl",".mtrl","","",""
"building e monument3 construction_0.mtrl",".mtrl","","",""
"building e monument3 construction_1.mtrl",".mtrl","","",""
"building e monument3 construction_2.mtrl",".mtrl","","",""
"building e monument3 construction_3.mtrl",".mtrl","","",""
"building e monument3 construction_4.mtrl",".mtrl","","",""
"building e monument3 stand_0.mtrl",".mtrl","","",""
"building e monument3_0.mtrl",".mtrl","","",""
"building e monument3_cinematic_0.mtrl",".mtrl","","",""
"building e monument3_death_0.mtrl",".mtrl","","",""
"building e monument4 construction_0.mtrl",".mtrl","","",""
"building e monument4 construction_1.mtrl",".mtrl","","",""
"building e monument4 construction_2.mtrl",".mtrl","","",""
"building e monument4 construction_3.mtrl",".mtrl","","",""
"building e monument4 construction_4.mtrl",".mtrl","","",""
"building e monument4 construction_5.mtrl",".mtrl","","",""
"building e monument4 construction_6.mtrl",".mtrl","","",""
"building e monument4 stand_0.mtrl",".mtrl","","",""
"building e monument4 stand_1.mtrl",".mtrl","","",""
"building e monument4_0.mtrl",".mtrl","","",""
"building e monument4_1.mtrl",".mtrl","","",""
"building e monument4_cinematic_0.mtrl",".mtrl","","",""
"building e monument4_cinematic_1.mtrl",".mtrl","","",""
"building e monument4_death_0.mtrl",".mtrl","","",""
"building e monument4_death_1.mtrl",".mtrl","","",""
"building e monument5 isis construction_0.mtrl",".mtrl","","",""
"building e monument5 isis construction_1.mtrl",".mtrl","","",""
"building e monument5 isis construction_2.mtrl",".mtrl","","",""
"building e monument5 isis construction_3.mtrl",".mtrl","","",""
"building e monument5 isis construction_4.mtrl",".mtrl","","",""
"building e monument5 isis_0.mtrl",".mtrl","","",""
"building e monument5 isis_cinematic_0.mtrl",".mtrl","","",""
"building e monument5 isis_death_0.mtrl",".mtrl","","",""
"building e monument5 ra construction_0.mtrl",".mtrl","","",""
"building e monument5 ra construction_1.mtrl",".mtrl","","",""
"building e monument5 ra construction_2.mtrl",".mtrl","","",""
"building e monument5 ra construction_3.mtrl",".mtrl","","",""
"building e monument5 ra construction_4.mtrl",".mtrl","","",""
"building e monument5 ra_0.mtrl",".mtrl","","",""
"building e monument5 ra_cinematic_0.mtrl",".mtrl","","",""
"building e monument5 ra_death_0.mtrl",".mtrl","","",""
"building e monument5 set construction_0.mtrl",".mtrl","","",""
"building e monument5 set construction_1.mtrl",".mtrl","","",""
"building e monument5 set construction_2.mtrl",".mtrl","","",""
"building e monument5 set construction_3.mtrl",".mtrl","","",""
"building e monument5 set construction_4.mtrl",".mtrl","","",""
"building e monument5 set_0.mtrl",".mtrl","","",""
"building e monument5 set_cinematic_0.mtrl",".mtrl","","",""
"building e monument5 set_death_0.mtrl",".mtrl","","",""
"building e monument5 stand_0.mtrl",".mtrl","","",""
"building e monument5 stand_1.mtrl",".mtrl","","",""
"building e monument5_0.mtrl",".mtrl","","",""
"building e monument5_1.mtrl",".mtrl","","",""
"building e monument5_2.mtrl",".mtrl","","",""
"building e obeliska_0.mtrl",".mtrl","","",""
"building e obeliska_1.mtrl",".mtrl","","",""
"building e obeliska_death_0.mtrl",".mtrl","","",""
"building e obeliska_death_1.mtrl",".mtrl","","",""
"building e obeliskb_0.mtrl",".mtrl","","",""
"building e obeliskb_1.mtrl",".mtrl","","",""
"building e obeliskb_death_0.mtrl",".mtrl","","",""
"building e obeliskb_death_1.mtrl",".mtrl","","",""
"building e obeliskc_0.mtrl",".mtrl","","",""
"building e obeliskc_1.mtrl",".mtrl","","",""
"building e obeliskc_death_0.mtrl",".mtrl","","",""
"building e obeliskc_death_1.mtrl",".mtrl","","",""
"building e osiris pyramid deading_0.mtrl",".mtrl","","",""
"building e osiris pyramid dead_0.mtrl",".mtrl","","",""
"building e osiris pyramid_0.mtrl",".mtrl","","",""
"building e osiris pyramid_deatha_0.mtrl",".mtrl","","",""
"building e outpost foundation_0.mtrl",".mtrl","","",""
"building e outpost foundation_1.mtrl",".mtrl","","",""
"building e outpost_0.mtrl",".mtrl","","",""
"building e outpost_1.mtrl",".mtrl","","",""
"building e outpost_birth_0.mtrl",".mtrl","","",""
"building e outpost_birth_1.mtrl",".mtrl","","",""
"building e outpost_death_0.mtrl",".mtrl","","",""
"building e outpost_death_1.mtrl",".mtrl","","",""
"building e pyramid_0.mtrl",".mtrl","","",""
"building e pyramid_1.mtrl",".mtrl","","",""
"building e pyramid_2.mtrl",".mtrl","","",""
"building e ra wonder con1_0.mtrl",".mtrl","","",""
"building e ra wonder con1_1.mtrl",".mtrl","","",""
"building e ra wonder con1_2.mtrl",".mtrl","","",""
"building e ra wonder con1_3.mtrl",".mtrl","","",""
"building e ra wonder con1_4.mtrl",".mtrl","","",""
"building e ra wonder con1_5.mtrl",".mtrl","","",""
"building e ra wonder con2_0.mtrl",".mtrl","","",""
"building e ra wonder con2_1.mtrl",".mtrl","","",""
"building e ra wonder con2_2.mtrl",".mtrl","","",""
"building e ra wonder con2_3.mtrl",".mtrl","","",""
"building e ra wonder con2_4.mtrl",".mtrl","","",""
"building e ra wonder con2_5.mtrl",".mtrl","","",""
"building e ra wonder con3_0.mtrl",".mtrl","","",""
"building e ra wonder con3_1.mtrl",".mtrl","","",""
"building e ra wonder con3_2.mtrl",".mtrl","","",""
"building e ra wonder con3_3.mtrl",".mtrl","","",""
"building e ra wonder con3_4.mtrl",".mtrl","","",""
"building e ra wonder con3_5.mtrl",".mtrl","","",""
"building e ra wonder_0.mtrl",".mtrl","","",""
"building e ra wonder_1.mtrl",".mtrl","","",""
"building e ra wonder_2.mtrl",".mtrl","","",""
"building e ra wonder_death_0.mtrl",".mtrl","","",""
"building e ra wonder_death_1.mtrl",".mtrl","","",""
"building e ra wonder_death_2.mtrl",".mtrl","","",""
"building e rubble2x2_0.mtrl",".mtrl","","",""
"building e rubble4x4_0.mtrl",".mtrl","","",""
"building e rubble5x5_0.mtrl",".mtrl","","",""
"building e rubble8x8_0.mtrl",".mtrl","","",""
"building e set wonder con2_0.mtrl",".mtrl","","",""
"building e set wonder con2_1.mtrl",".mtrl","","",""
"building e set wonder con2_2.mtrl",".mtrl","","",""
"building e set wonder con2_3.mtrl",".mtrl","","",""
"building e set wonder con2_4.mtrl",".mtrl","","",""
"building e set wonder con2_5.mtrl",".mtrl","","",""
"building e set wonder con3_0.mtrl",".mtrl","","",""
"building e set wonder con3_1.mtrl",".mtrl","","",""
"building e set wonder con3_2.mtrl",".mtrl","","",""
"building e set wonder con3_3.mtrl",".mtrl","","",""
"building e set wonder con3_4.mtrl",".mtrl","","",""
"building e set wonder con3_5.mtrl",".mtrl","","",""
"building e set wonder_0.mtrl",".mtrl","","",""
"building e set wonder_1.mtrl",".mtrl","","",""
"building e set wonder_2.mtrl",".mtrl","","",""
"building e set wonder_3.mtrl",".mtrl","","",""
"building e set wonder_death_0.mtrl",".mtrl","","",""
"building e set wonder_death_1.mtrl",".mtrl","","",""
"building e set wonder_death_2.mtrl",".mtrl","","",""
"building e set wonder_death_3.mtrl",".mtrl","","",""
"building e settlement age1_0.mtrl",".mtrl","","",""
"building e settlement age1_1.mtrl",".mtrl","","",""
"building e settlement age1_2.mtrl",".mtrl","","",""
"building e settlement age1_3.mtrl",".mtrl","","",""
"building e settlement age1_4.mtrl",".mtrl","","",""
"building e settlement age1_death_0.mtrl",".mtrl","","",""
"building e settlement age1_death_1.mtrl",".mtrl","","",""
"building e settlement age1_death_2.mtrl",".mtrl","","",""
"building e settlement age2_0.mtrl",".mtrl","","",""
"building e settlement age2_1.mtrl",".mtrl","","",""
"building e settlement age2_2.mtrl",".mtrl","","",""
"building e settlement age2_3.mtrl",".mtrl","","",""
"building e settlement age2_4.mtrl",".mtrl","","",""
"building e settlement age2_5.mtrl",".mtrl","","",""
"building e settlement age2_death_0.mtrl",".mtrl","","",""
"building e settlement age2_death_1.mtrl",".mtrl","","",""
"building e settlement age2_death_2.mtrl",".mtrl","","",""
"building e settlement age2_death_3.mtrl",".mtrl","","",""
"building e settlement age2_death_4.mtrl",".mtrl","","",""
"building e settlement age3 fortified_0.mtrl",".mtrl","","",""
"building e settlement age3 fortified_1.mtrl",".mtrl","","",""
"building e settlement age3 fortified_2.mtrl",".mtrl","","",""
"building e settlement age3 fortified_3.mtrl",".mtrl","","",""
"building e settlement age3 fortified_death_0.mtrl",".mtrl","","",""
"building e settlement age3 fortified_death_1.mtrl",".mtrl","","",""
"building e settlement age3 fortified_death_2.mtrl",".mtrl","","",""
"building e settlement age3 fortified_death_3.mtrl",".mtrl","","",""
"building e settlement age3_0.mtrl",".mtrl","","",""
"building e settlement age3_1.mtrl",".mtrl","","",""
"building e settlement age3_2.mtrl",".mtrl","","",""
"building e settlement age3_3.mtrl",".mtrl","","",""
"building e settlement age3_4.mtrl",".mtrl","","",""
"building e settlement age3_death_0.mtrl",".mtrl","","",""
"building e settlement age3_death_1.mtrl",".mtrl","","",""
"building e settlement age3_death_2.mtrl",".mtrl","","",""
"building e settlement age3_death_3.mtrl",".mtrl","","",""
"building e settlement age4 fortified_0.mtrl",".mtrl","","",""
"building e settlement age4 fortified_1.mtrl",".mtrl","","",""
"building e settlement age4 fortified_2.mtrl",".mtrl","","",""
"building e settlement age4 fortified_3.mtrl",".mtrl","","",""
"building e settlement age4 fortified_4.mtrl",".mtrl","","",""
"building e settlement age4 fortified_5.mtrl",".mtrl","","",""
"building e settlement age4 fortified_death_0.mtrl",".mtrl","","",""
"building e settlement age4 fortified_death_1.mtrl",".mtrl","","",""
"building e settlement age4 fortified_death_2.mtrl",".mtrl","","",""
"building e settlement age4 fortified_death_3.mtrl",".mtrl","","",""
"building e settlement age4_0.mtrl",".mtrl","","",""
"building e settlement age4_1.mtrl",".mtrl","","",""
"building e settlement age4_2.mtrl",".mtrl","","",""
"building e settlement age4_3.mtrl",".mtrl","","",""
"building e settlement age4_4.mtrl",".mtrl","","",""
"building e settlement age4_5.mtrl",".mtrl","","",""
"building e settlement age4_death_0.mtrl",".mtrl","","",""
"building e settlement age4_death_1.mtrl",".mtrl","","",""
"building e settlement age4_death_2.mtrl",".mtrl","","",""
"building e settlement age4_death_3.mtrl",".mtrl","","",""
"building e shrine_0.mtrl",".mtrl","","",""
"building e shrine_1.mtrl",".mtrl","","",""
"building e shrine_2.mtrl",".mtrl","","",""
"building e siege camp age3_0.mtrl",".mtrl","","",""
"building e siege camp age3_1.mtrl",".mtrl","","",""
"building e siege camp age3_2.mtrl",".mtrl","","",""
"building e siege camp age3_3.mtrl",".mtrl","","",""
"building e siege camp age3_4.mtrl",".mtrl","","",""
"building e siege camp age3_5.mtrl",".mtrl","","",""
"building e siege camp age3_death_0.mtrl",".mtrl","","",""
"building e siege camp age3_death_1.mtrl",".mtrl","","",""
"building e siege camp age3_death_2.mtrl",".mtrl","","",""
"building e siege camp age3_death_3.mtrl",".mtrl","","",""
"building e siege camp age4_0.mtrl",".mtrl","","",""
"building e siege camp age4_1.mtrl",".mtrl","","",""
"building e siege camp age4_2.mtrl",".mtrl","","",""
"building e siege camp age4_3.mtrl",".mtrl","","",""
"building e siege camp age4_4.mtrl",".mtrl","","",""
"building e siege camp age4_death_0.mtrl",".mtrl","","",""
"building e siege camp age4_death_1.mtrl",".mtrl","","",""
"building e siege camp age4_death_2.mtrl",".mtrl","","",""
"building e siegeconstruction_0.mtrl",".mtrl","","",""
"building e siegeconstruction_1.mtrl",".mtrl","","",""
"building e siegeconstruction_2.mtrl",".mtrl","","",""
"building e statue a_0.mtrl",".mtrl","","",""
"building e statue a_death_0.mtrl",".mtrl","","",""
"building e statue c_0.mtrl",".mtrl","","",""
"building e statue c_1.mtrl",".mtrl","","",""
"building e statue c_2.mtrl",".mtrl","","",""
"building e statue d_0.mtrl",".mtrl","","",""
"building e statue d_1.mtrl",".mtrl","","",""
"building e statue d_2.mtrl",".mtrl","","",""
"building e stone dam stage1_0.mtrl",".mtrl","","",""
"building e stone dam stage2_0.mtrl",".mtrl","","",""
"building e stone dam stage3_0.mtrl",".mtrl","","",""
"building e tarp siege camp_0.mtrl",".mtrl","","",""
"building e temple age1_0.mtrl",".mtrl","","",""
"building e temple age1_1.mtrl",".mtrl","","",""
"building e temple age1_2.mtrl",".mtrl","","",""
"building e temple age1_death_0.mtrl",".mtrl","","",""
"building e temple age1_death_1.mtrl",".mtrl","","",""
"building e temple age1_death_2.mtrl",".mtrl","","",""
"building e temple age2_0.mtrl",".mtrl","","",""
"building e temple age2_1.mtrl",".mtrl","","",""
"building e temple age2_2.mtrl",".mtrl","","",""
"building e temple age2_death_0.mtrl",".mtrl","","",""
"building e temple age2_death_1.mtrl",".mtrl","","",""
"building e temple age2_death_2.mtrl",".mtrl","","",""
"building e temple age3_0.mtrl",".mtrl","","",""
"building e temple age3_1.mtrl",".mtrl","","",""
"building e temple age3_2.mtrl",".mtrl","","",""
"building e temple age3_3.mtrl",".mtrl","","",""
"building e temple age3_death_0.mtrl",".mtrl","","",""
"building e temple age3_death_1.mtrl",".mtrl","","",""
"building e temple age3_death_2.mtrl",".mtrl","","",""
"building e temple age3_death_3.mtrl",".mtrl","","",""
"building e temple age4_0.mtrl",".mtrl","","",""
"building e temple age4_1.mtrl",".mtrl","","",""
"building e temple age4_2.mtrl",".mtrl","","",""
"building e temple age4_3.mtrl",".mtrl","","",""
"building e temple age4_death_0.mtrl",".mtrl","","",""
"building e temple age4_death_1.mtrl",".mtrl","","",""
"building e temple age4_death_2.mtrl",".mtrl","","",""
"building e temple age4_death_3.mtrl",".mtrl","","",""
"building e titan gate stage1_0.mtrl",".mtrl","","",""
"building e titan gate stage1_1.mtrl",".mtrl","","",""
"building e titan gate stage1_2.mtrl",".mtrl","","",""
"building e titan gate stage2_0.mtrl",".mtrl","","",""
"building e titan gate stage2_1.mtrl",".mtrl","","",""
"building e titan gate stage2_2.mtrl",".mtrl","","",""
"building e titan gate stage3_0.mtrl",".mtrl","","",""
"building e titan gate stage3_1.mtrl",".mtrl","","",""
"building e titan gate stage3_2.mtrl",".mtrl","","",""
"building e titan gate stage4_0.mtrl",".mtrl","","",""
"building e titan gate stage4_1.mtrl",".mtrl","","",""
"building e tower age2_0.mtrl",".mtrl","","",""
"building e tower age2_1.mtrl",".mtrl","","",""
"building e tower age2_2.mtrl",".mtrl","","",""
"building e tower_0.mtrl",".mtrl","","",""
"building e tower_1.mtrl",".mtrl","","",""
"building e tradedock age1_0.mtrl",".mtrl","","",""
"building e tradedock age1_1.mtrl",".mtrl","","",""
"building e tradedock age1_2.mtrl",".mtrl","","",""
"building e tradedock age1_3.mtrl",".mtrl","","",""
"building e tradedock age1_4.mtrl",".mtrl","","",""
"building e tradedock age1_5.mtrl",".mtrl","","",""
"building e tradedock age1_6.mtrl",".mtrl","","",""
"building e tradedock age1_death_0.mtrl",".mtrl","","",""
"building e tradedock age1_death_1.mtrl",".mtrl","","",""
"building e tradedock age1_death_2.mtrl",".mtrl","","",""
"building e tradedock age1_death_3.mtrl",".mtrl","","",""
"building e tradedock age2_0.mtrl",".mtrl","","",""
"building e tradedock age2_1.mtrl",".mtrl","","",""
"building e tradedock age2_2.mtrl",".mtrl","","",""
"building e tradedock age2_3.mtrl",".mtrl","","",""
"building e tradedock age2_4.mtrl",".mtrl","","",""
"building e tradedock age2_5.mtrl",".mtrl","","",""
"building e tradedock age2_death_0.mtrl",".mtrl","","",""
"building e tradedock age2_death_1.mtrl",".mtrl","","",""
"building e tradedock age2_death_2.mtrl",".mtrl","","",""
"building e tradedock age2_death_3.mtrl",".mtrl","","",""
"building e tradedock age3_0.mtrl",".mtrl","","",""
"building e tradedock age3_1.mtrl",".mtrl","","",""
"building e tradedock age3_2.mtrl",".mtrl","","",""
"building e tradedock age3_3.mtrl",".mtrl","","",""
"building e tradedock age3_4.mtrl",".mtrl","","",""
"building e tradedock age3_5.mtrl",".mtrl","","",""
"building e tradedock age3_death_0.mtrl",".mtrl","","",""
"building e tradedock age3_death_1.mtrl",".mtrl","","",""
"building e tradedock age3_death_2.mtrl",".mtrl","","",""
"building e tradedock age3_death_3.mtrl",".mtrl","","",""
"building e tradedock age4_0.mtrl",".mtrl","","",""
"building e tradedock age4_1.mtrl",".mtrl","","",""
"building e tradedock age4_2.mtrl",".mtrl","","",""
"building e tradedock age4_3.mtrl",".mtrl","","",""
"building e tradedock age4_4.mtrl",".mtrl","","",""
"building e tradedock age4_5.mtrl",".mtrl","","",""
"building e tradedock age4_6.mtrl",".mtrl","","",""
"building e tradedock age4_death_0.mtrl",".mtrl","","",""
"building e tradedock age4_death_1.mtrl",".mtrl","","",""
"building e tradedock age4_death_2.mtrl",".mtrl","","",""
"building e tradedock age4_death_3.mtrl",".mtrl","","",""
"building e tradedock age4_death_4.mtrl",".mtrl","","",""
"building e wallcit long stage1_0.mtrl",".mtrl","","",""
"building e wallcit long stage1_1.mtrl",".mtrl","","",""
"building e wallcit long stage1_2.mtrl",".mtrl","","",""
"building e wallcit long stage2_0.mtrl",".mtrl","","",""
"building e wallcit long stage2_1.mtrl",".mtrl","","",""
"building e wallcit long stage2_2.mtrl",".mtrl","","",""
"building e wallcit long stage3_0.mtrl",".mtrl","","",""
"building e wallcit long stage3_1.mtrl",".mtrl","","",""
"building e wallcit long stage3_2.mtrl",".mtrl","","",""
"building e wallcit long stage3_death_0.mtrl",".mtrl","","",""
"building e wallcit long stage3_death_1.mtrl",".mtrl","","",""
"building e wallcit long stage3_death_2.mtrl",".mtrl","","",""
"building e wallcit medium stage1_0.mtrl",".mtrl","","",""
"building e wallcit medium stage1_1.mtrl",".mtrl","","",""
"building e wallcit medium stage1_2.mtrl",".mtrl","","",""
"building e wallcit medium stage2_0.mtrl",".mtrl","","",""
"building e wallcit medium stage2_1.mtrl",".mtrl","","",""
"building e wallcit medium stage2_2.mtrl",".mtrl","","",""
"building e wallcit medium stage3_0.mtrl",".mtrl","","",""
"building e wallcit medium stage3_1.mtrl",".mtrl","","",""
"building e wallcit medium stage3_2.mtrl",".mtrl","","",""
"building e wallcit medium stage3_death_0.mtrl",".mtrl","","",""
"building e wallcit medium stage3_death_1.mtrl",".mtrl","","",""
"building e wallcit medium stage3_death_2.mtrl",".mtrl","","",""
"building e wallcit short stage1_0.mtrl",".mtrl","","",""
"building e wallcit short stage1_1.mtrl",".mtrl","","",""
"building e wallcit short stage1_2.mtrl",".mtrl","","",""
"building e wallcit short stage2_0.mtrl",".mtrl","","",""
"building e wallcit short stage2_1.mtrl",".mtrl","","",""
"building e wallcit short stage2_2.mtrl",".mtrl","","",""
"building e wallcit short stage3_0.mtrl",".mtrl","","",""
"building e wallcit short stage3_1.mtrl",".mtrl","","",""
"building e wallcit short stage3_2.mtrl",".mtrl","","",""
"building e wallcit short stage3_death_0.mtrl",".mtrl","","",""
"building e wallcit short stage3_death_1.mtrl",".mtrl","","",""
"building e wallcit short stage3_death_2.mtrl",".mtrl","","",""
"building e wallcon stage1_0.mtrl",".mtrl","","",""
"building e wallcon stage1_1.mtrl",".mtrl","","",""
"building e wallcon stage1_2.mtrl",".mtrl","","",""
"building e wallcon stage1_3.mtrl",".mtrl","","",""
"building e wallcon stage2_0.mtrl",".mtrl","","",""
"building e wallcon stage2_1.mtrl",".mtrl","","",""
"building e wallcon stage2_2.mtrl",".mtrl","","",""
"building e wallcon stage2_3.mtrl",".mtrl","","",""
"building e wallcon stage3_0.mtrl",".mtrl","","",""
"building e wallcon stage3_1.mtrl",".mtrl","","",""
"building e wallcon stage3_2.mtrl",".mtrl","","",""
"building e wallcon stage3_3.mtrl",".mtrl","","",""
"building e wallcon stage3_death_0.mtrl",".mtrl","","",""
"building e wallcon stage3_death_1.mtrl",".mtrl","","",""
"building e wallcon stage3_death_2.mtrl",".mtrl","","",""
"building e wallcon stage3_death_3.mtrl",".mtrl","","",""
"building e wallconnector age2_0.mtrl",".mtrl","","",""
"building e wallconnector age2_1.mtrl",".mtrl","","",""
"building e wallconnector age2_death_0.mtrl",".mtrl","","",""
"building e wallconnector age2_death_1.mtrl",".mtrl","","",""
"building e wallconnector age3_0.mtrl",".mtrl","","",""
"building e wallconnector age3_1.mtrl",".mtrl","","",""
"building e wallconnector age3_2.mtrl",".mtrl","","",""
"building e wallconnector age4_0.mtrl",".mtrl","","",""
"building e wallconnector age4_1.mtrl",".mtrl","","",""
"building e wallconnector age4_death_0.mtrl",".mtrl","","",""
"building e wallconnector age4_death_1.mtrl",".mtrl","","",""
"building e wallfort long stage1_0.mtrl",".mtrl","","",""
"building e wallfort long stage1_1.mtrl",".mtrl","","",""
"building e wallfort long stage1_2.mtrl",".mtrl","","",""
"building e wallfort long stage1_3.mtrl",".mtrl","","",""
"building e wallfort long stage2_0.mtrl",".mtrl","","",""
"building e wallfort long stage2_1.mtrl",".mtrl","","",""
"building e wallfort long stage2_2.mtrl",".mtrl","","",""
"building e wallfort long stage2_3.mtrl",".mtrl","","",""
"building e wallfort long stage3_0.mtrl",".mtrl","","",""
"building e wallfort long stage3_1.mtrl",".mtrl","","",""
"building e wallfort long stage3_2.mtrl",".mtrl","","",""
"building e wallfort long stage3_3.mtrl",".mtrl","","",""
"building e wallfort long stage3_death_0.mtrl",".mtrl","","",""
"building e wallfort long stage3_death_1.mtrl",".mtrl","","",""
"building e wallfort long stage3_death_2.mtrl",".mtrl","","",""
"building e wallfort long stage3_death_3.mtrl",".mtrl","","",""
"building e wallfort medium stage1_0.mtrl",".mtrl","","",""
"building e wallfort medium stage1_1.mtrl",".mtrl","","",""
"building e wallfort medium stage1_2.mtrl",".mtrl","","",""
"building e wallfort medium stage1_3.mtrl",".mtrl","","",""
"building e wallfort medium stage2_0.mtrl",".mtrl","","",""
"building e wallfort medium stage2_1.mtrl",".mtrl","","",""
"building e wallfort medium stage2_2.mtrl",".mtrl","","",""
"building e wallfort medium stage2_3.mtrl",".mtrl","","",""
"building e wallfort medium stage3_0.mtrl",".mtrl","","",""
"building e wallfort medium stage3_1.mtrl",".mtrl","","",""
"building e wallfort medium stage3_2.mtrl",".mtrl","","",""
"building e wallfort medium stage3_3.mtrl",".mtrl","","",""
"building e wallfort medium stage3_death_0.mtrl",".mtrl","","",""
"building e wallfort medium stage3_death_1.mtrl",".mtrl","","",""
"building e wallfort medium stage3_death_2.mtrl",".mtrl","","",""
"building e wallfort medium stage3_death_3.mtrl",".mtrl","","",""
"building e wallfort short stage1_0.mtrl",".mtrl","","",""
"building e wallfort short stage1_1.mtrl",".mtrl","","",""
"building e wallfort short stage1_2.mtrl",".mtrl","","",""
"building e wallfort short stage1_3.mtrl",".mtrl","","",""
"building e wallfort short stage2_0.mtrl",".mtrl","","",""
"building e wallfort short stage2_1.mtrl",".mtrl","","",""
"building e wallfort short stage2_2.mtrl",".mtrl","","",""
"building e wallfort short stage2_3.mtrl",".mtrl","","",""
"building e wallfort short stage3_0.mtrl",".mtrl","","",""
"building e wallfort short stage3_1.mtrl",".mtrl","","",""
"building e wallfort short stage3_2.mtrl",".mtrl","","",""
"building e wallfort short stage3_3.mtrl",".mtrl","","",""
"building e wallfort short stage3_death_0.mtrl",".mtrl","","",""
"building e wallfort short stage3_death_1.mtrl",".mtrl","","",""
"building e wallfort short stage3_death_2.mtrl",".mtrl","","",""
"building e wallfort short stage3_death_3.mtrl",".mtrl","","",""
"building e walllong age2_0.mtrl",".mtrl","","",""
"building e walllong age2_1.mtrl",".mtrl","","",""
"building e walllong age3_0.mtrl",".mtrl","","",""
"building e walllong age3_1.mtrl",".mtrl","","",""
"building e walllong age3_2.mtrl",".mtrl","","",""
"building e walllong age4_0.mtrl",".mtrl","","",""
"building e walllong age4_1.mtrl",".mtrl","","",""
"building e wallmedium age2_0.mtrl",".mtrl","","",""
"building e wallmedium age2_1.mtrl",".mtrl","","",""
"building e wallmedium age3_0.mtrl",".mtrl","","",""
"building e wallmedium age3_1.mtrl",".mtrl","","",""
"building e wallmedium age3_2.mtrl",".mtrl","","",""
"building e wallmedium age4_0.mtrl",".mtrl","","",""
"building e wallmedium age4_1.mtrl",".mtrl","","",""
"building e wallshort age2_0.mtrl",".mtrl","","",""
"building e wallshort age2_1.mtrl",".mtrl","","",""
"building e wallshort age3_0.mtrl",".mtrl","","",""
"building e wallshort age3_1.mtrl",".mtrl","","",""
"building e wallshort age3_2.mtrl",".mtrl","","",""
"building e wallshort age4_0.mtrl",".mtrl","","",""
"building e wallshort age4_1.mtrl",".mtrl","","",""
"building e wallstone stage1_0.mtrl",".mtrl","","",""
"building e wallstone stage1_1.mtrl",".mtrl","","",""
"building e wallstone stage1_2.mtrl",".mtrl","","",""
"building e wallstone stage2_0.mtrl",".mtrl","","",""
"building e wallstone stage2_1.mtrl",".mtrl","","",""
"building e wallstone stage2_2.mtrl",".mtrl","","",""
"building e wallstone stage3_0.mtrl",".mtrl","","",""
"building e wallstone stage3_1.mtrl",".mtrl","","",""
"building e wallstone stage3_2.mtrl",".mtrl","","",""
"building e wallstone stage3_death_0.mtrl",".mtrl","","",""
"building e wallstone stage3_death_1.mtrl",".mtrl","","",""
"building e wallstone stage3_death_2.mtrl",".mtrl","","",""
"building e wallstonemedium stage1_0.mtrl",".mtrl","","",""
"building e wallstonemedium stage1_1.mtrl",".mtrl","","",""
"building e wallstonemedium stage1_2.mtrl",".mtrl","","",""
"building e wallstonemedium stage2_0.mtrl",".mtrl","","",""
"building e wallstonemedium stage2_1.mtrl",".mtrl","","",""
"building e wallstonemedium stage2_2.mtrl",".mtrl","","",""
"building e wallstonemedium stage3_0.mtrl",".mtrl","","",""
"building e wallstonemedium stage3_1.mtrl",".mtrl","","",""
"building e wallstonemedium stage3_2.mtrl",".mtrl","","",""
"building e wallstonemedium stage3_death_0.mtrl",".mtrl","","",""
"building e wallstonemedium stage3_death_1.mtrl",".mtrl","","",""
"building e wallstonemedium stage3_death_2.mtrl",".mtrl","","",""
"building e wallstoneshort stage1_0.mtrl",".mtrl","","",""
"building e wallstoneshort stage1_1.mtrl",".mtrl","","",""
"building e wallstoneshort stage1_2.mtrl",".mtrl","","",""
"building e wallstoneshort stage2_0.mtrl",".mtrl","","",""
"building e wallstoneshort stage2_1.mtrl",".mtrl","","",""
"building e wallstoneshort stage2_2.mtrl",".mtrl","","",""
"building e wallstoneshort stage3_0.mtrl",".mtrl","","",""
"building e wallstoneshort stage3_1.mtrl",".mtrl","","",""
"building e wallstoneshort stage3_2.mtrl",".mtrl","","",""
"building e wallstoneshort stage3_death_0.mtrl",".mtrl","","",""
"building e wallstoneshort stage3_death_1.mtrl",".mtrl","","",""
"building e wallstoneshort stage3_death_2.mtrl",".mtrl","","",""
"building e watch age1_0.mtrl",".mtrl","","",""
"building e watch age1_1.mtrl",".mtrl","","",""
"building e watch age1_2.mtrl",".mtrl","","",""
"building e watch age1_3.mtrl",".mtrl","","",""
"building e watch age1_death_0.mtrl",".mtrl","","",""
"building e watch age1_death_1.mtrl",".mtrl","","",""
"building e watch age1_death_2.mtrl",".mtrl","","",""
"building e watch age1_death_3.mtrl",".mtrl","","",""
"building e watch age2_0.mtrl",".mtrl","","",""
"building e watch age2_1.mtrl",".mtrl","","",""
"building e watch age2_2.mtrl",".mtrl","","",""
"building e watch age2_death_0.mtrl",".mtrl","","",""
"building e watch age2_death_1.mtrl",".mtrl","","",""
"building e watch age2_death_2.mtrl",".mtrl","","",""
"building e watch age3_0.mtrl",".mtrl","","",""
"building e watch age3_1.mtrl",".mtrl","","",""
"building e watch age3_2.mtrl",".mtrl","","",""
"building e watch age3_death_0.mtrl",".mtrl","","",""
"building e watch age3_death_1.mtrl",".mtrl","","",""
"building e watch age3_death_2.mtrl",".mtrl","","",""
"building e watch age4_0.mtrl",".mtrl","","",""
"building e watch age4_1.mtrl",".mtrl","","",""
"building e watch age4_2.mtrl",".mtrl","","",""
"building e watch age4_3.mtrl",".mtrl","","",""
"building e watch age4_death_0.mtrl",".mtrl","","",""
"building e watch age4_death_1.mtrl",".mtrl","","",""
"building e watch age4_death_2.mtrl",".mtrl","","",""
"building e watch age4_death_3.mtrl",".mtrl","","",""
"building e wonder con1_0.mtrl",".mtrl","","",""
"building e wonder con1_1.mtrl",".mtrl","","",""
"building e wonder con1_2.mtrl",".mtrl","","",""
"building egypt titan gate_dead_0.mtrl",".mtrl","","",""
"building egypt titan gate_dead_1.mtrl",".mtrl","","",""
"building egypt titan gate_death_0.mtrl",".mtrl","","",""
"building egypt titan gate_death_1.mtrl",".mtrl","","",""
"building flag archery_0.mtrl",".mtrl","","",""
"building flag barracks_0.mtrl",".mtrl","","",""
"building flag stable_0.mtrl",".mtrl","","",""
"building g archery range age3_0.mtrl",".mtrl","","",""
"building g archery range age3_1.mtrl",".mtrl","","",""
"building g archery range age3_2.mtrl",".mtrl","","",""
"building g archery range age3_3.mtrl",".mtrl","","",""
"building g archery range age3_death_0.mtrl",".mtrl","","",""
"building g archery range age3_death_1.mtrl",".mtrl","","",""
"building g archery rangeage1_0.mtrl",".mtrl","","",""
"building g archery rangeage1_1.mtrl",".mtrl","","",""
"building g archery rangeage1_2.mtrl",".mtrl","","",""
"building g archery rangeage1_3.mtrl",".mtrl","","",""
"building g archery rangeage1_death_0.mtrl",".mtrl","","",""
"building g archery rangeage1_death_1.mtrl",".mtrl","","",""
"building g archery rangeage2_0.mtrl",".mtrl","","",""
"building g archery rangeage2_1.mtrl",".mtrl","","",""
"building g archery rangeage2_2.mtrl",".mtrl","","",""
"building g archery rangeage2_3.mtrl",".mtrl","","",""
"building g archery rangeage2_death_0.mtrl",".mtrl","","",""
"building g archery rangeage2_death_1.mtrl",".mtrl","","",""
"building g archery rangeage2_death_2.mtrl",".mtrl","","",""
"building g arfence_0.mtrl",".mtrl","","",""
"building g armory destructed_0.mtrl",".mtrl","","",""
"building g armoryage1_0.mtrl",".mtrl","","",""
"building g armoryage1_1.mtrl",".mtrl","","",""
"building g armoryage1_2.mtrl",".mtrl","","",""
"building g armoryage1_3.mtrl",".mtrl","","",""
"building g armoryage1_death_0.mtrl",".mtrl","","",""
"building g armoryage1_death_1.mtrl",".mtrl","","",""
"building g armoryage1_death_2.mtrl",".mtrl","","",""
"building g armoryage2_0.mtrl",".mtrl","","",""
"building g armoryage2_1.mtrl",".mtrl","","",""
"building g armoryage2_2.mtrl",".mtrl","","",""
"building g armoryage2_3.mtrl",".mtrl","","",""
"building g armoryage2_death_0.mtrl",".mtrl","","",""
"building g armoryage2_death_1.mtrl",".mtrl","","",""
"building g armoryage3_0.mtrl",".mtrl","","",""
"building g armoryage3_1.mtrl",".mtrl","","",""
"building g armoryage3_2.mtrl",".mtrl","","",""
"building g armoryage3_3.mtrl",".mtrl","","",""
"building g armoryage3_death_0.mtrl",".mtrl","","",""
"building g armoryage3_death_1.mtrl",".mtrl","","",""
"building g barracks age3_0.mtrl",".mtrl","","",""
"building g barracks age3_1.mtrl",".mtrl","","",""
"building g barracks age3_2.mtrl",".mtrl","","",""
"building g barracks age3_3.mtrl",".mtrl","","",""
"building g barracks age3_death_0.mtrl",".mtrl","","",""
"building g barracks age3_death_1.mtrl",".mtrl","","",""
"building g barracks destructed_0.mtrl",".mtrl","","",""
"building g barracksage1_0.mtrl",".mtrl","","",""
"building g barracksage1_1.mtrl",".mtrl","","",""
"building g barracksage1_2.mtrl",".mtrl","","",""
"building g barracksage1_3.mtrl",".mtrl","","",""
"building g barracksage1_death_0.mtrl",".mtrl","","",""
"building g barracksage1_death_1.mtrl",".mtrl","","",""
"building g barracksage1_death_2.mtrl",".mtrl","","",""
"building g barracksage2_0.mtrl",".mtrl","","",""
"building g barracksage2_1.mtrl",".mtrl","","",""
"building g barracksage2_2.mtrl",".mtrl","","",""
"building g barracksage2_3.mtrl",".mtrl","","",""
"building g barracksage2_death_0.mtrl",".mtrl","","",""
"building g barracksage2_death_1.mtrl",".mtrl","","",""
"building g barracksage2_death_2.mtrl",".mtrl","","",""
"building g construction fortress2_0.mtrl",".mtrl","","",""
"building g construction fortress2_1.mtrl",".mtrl","","",""
"building g construction fortress2_2.mtrl",".mtrl","","",""
"building g constructionarchery range_0.mtrl",".mtrl","","",""
"building g constructionarchery range_1.mtrl",".mtrl","","",""
"building g constructionarchery range_2.mtrl",".mtrl","","",""
"building g constructionarmory_0.mtrl",".mtrl","","",""
"building g constructionarmory_1.mtrl",".mtrl","","",""
"building g constructionarmory_2.mtrl",".mtrl","","",""
"building g constructionbarracks_0.mtrl",".mtrl","","",""
"building g constructionbarracks_1.mtrl",".mtrl","","",""
"building g constructionbarracks_2.mtrl",".mtrl","","",""
"building g constructiondock_0.mtrl",".mtrl","","",""
"building g constructiondock_1.mtrl",".mtrl","","",""
"building g constructionhouse_0.mtrl",".mtrl","","",""
"building g constructionhouse_1.mtrl",".mtrl","","",""
"building g constructionhouse_2.mtrl",".mtrl","","",""
"building g constructionmarket_0.mtrl",".mtrl","","",""
"building g constructionmarket_1.mtrl",".mtrl","","",""
"building g constructionmarket_2.mtrl",".mtrl","","",""
"building g constructionmine_0.mtrl",".mtrl","","",""
"building g constructionmine_1.mtrl",".mtrl","","",""
"building g constructionmine_2.mtrl",".mtrl","","",""
"building g constructionstable_0.mtrl",".mtrl","","",""
"building g constructionstable_1.mtrl",".mtrl","","",""
"building g constructionstable_2.mtrl",".mtrl","","",""
"building g constructionstorehouse_0.mtrl",".mtrl","","",""
"building g constructionstorehouse_1.mtrl",".mtrl","","",""
"building g constructionstorehouse_2.mtrl",".mtrl","","",""
"building g constructiontemple_0.mtrl",".mtrl","","",""
"building g constructiontemple_1.mtrl",".mtrl","","",""
"building g constructiontemple_2.mtrl",".mtrl","","",""
"building g dockage1_0.mtrl",".mtrl","","",""
"building g dockage1_1.mtrl",".mtrl","","",""
"building g dockage1_2.mtrl",".mtrl","","",""
"building g dockage1_3.mtrl",".mtrl","","",""
"building g dockage1_4.mtrl",".mtrl","","",""
"building g dockage1_death_0.mtrl",".mtrl","","",""
"building g dockage1_death_1.mtrl",".mtrl","","",""
"building g dockage1_death_2.mtrl",".mtrl","","",""
"building g dockage1_death_3.mtrl",".mtrl","","",""
"building g dockage1_death_4.mtrl",".mtrl","","",""
"building g dockage2_0.mtrl",".mtrl","","",""
"building g dockage2_1.mtrl",".mtrl","","",""
"building g dockage2_2.mtrl",".mtrl","","",""
"building g dockage2_3.mtrl",".mtrl","","",""
"building g dockage2_4.mtrl",".mtrl","","",""
"building g dockage2_5.mtrl",".mtrl","","",""
"building g dockage2_death_0.mtrl",".mtrl","","",""
"building g dockage2_death_1.mtrl",".mtrl","","",""
"building g dockage2_death_2.mtrl",".mtrl","","",""
"building g dockage2_death_3.mtrl",".mtrl","","",""
"building g dockage2_death_4.mtrl",".mtrl","","",""
"building g dockage2_death_5.mtrl",".mtrl","","",""
"building g dockage3_0.mtrl",".mtrl","","",""
"building g dockage3_1.mtrl",".mtrl","","",""
"building g dockage3_2.mtrl",".mtrl","","",""
"building g dockage3_3.mtrl",".mtrl","","",""
"building g dockage3_4.mtrl",".mtrl","","",""
"building g dockage3_5.mtrl",".mtrl","","",""
"building g dockage3_death_0.mtrl",".mtrl","","",""
"building g dockage3_death_1.mtrl",".mtrl","","",""
"building g dockage3_death_2.mtrl",".mtrl","","",""
"building g dockage3_death_3.mtrl",".mtrl","","",""
"building g dockage3_death_4.mtrl",".mtrl","","",""
"building g dockage3_death_5.mtrl",".mtrl","","",""
"building g fort dam stage1_0.mtrl",".mtrl","","",""
"building g fort dam stage2_0.mtrl",".mtrl","","",""
"building g fort dam stage3_0.mtrl",".mtrl","","",""
"building g fortifiedgate_closed_0.mtrl",".mtrl","","",""
"building g fortifiedgate_closed_1.mtrl",".mtrl","","",""
"building g fortifiedgate_closing_0.mtrl",".mtrl","","",""
"building g fortifiedgate_closing_1.mtrl",".mtrl","","",""
"building g fortifiedgate_opening_0.mtrl",".mtrl","","",""
"building g fortifiedgate_opening_1.mtrl",".mtrl","","",""
"building g fortifiedgate_open_0.mtrl",".mtrl","","",""
"building g fortifiedgate_open_1.mtrl",".mtrl","","",""
"building g fortifiedwall connector_0.mtrl",".mtrl","","",""
"building g fortifiedwall connector_death_0.mtrl",".mtrl","","",""
"building g fortifiedwall long_0.mtrl",".mtrl","","",""
"building g fortifiedwall medium_0.mtrl",".mtrl","","",""
"building g fortifiedwall short_0.mtrl",".mtrl","","",""
"building g fortress age3_0.mtrl",".mtrl","","",""
"building g fortress age3_1.mtrl",".mtrl","","",""
"building g fortress age3_2.mtrl",".mtrl","","",""
"building g fortress age3_3.mtrl",".mtrl","","",""
"building g fortress age3_death_0.mtrl",".mtrl","","",""
"building g fortress age3_death_1.mtrl",".mtrl","","",""
"building g fortress age3_death_2.mtrl",".mtrl","","",""
"building g fortress age4_0.mtrl",".mtrl","","",""
"building g fortress age4_1.mtrl",".mtrl","","",""
"building g fortress age4_2.mtrl",".mtrl","","",""
"building g fortress age4_3.mtrl",".mtrl","","",""
"building g fortress age4_death_0.mtrl",".mtrl","","",""
"building g fortress age4_death_1.mtrl",".mtrl","","",""
"building g fortress age4_death_2.mtrl",".mtrl","","",""
"building g fortress cindestructed_0.mtrl",".mtrl","","",""
"building g fortress cindestructed_1.mtrl",".mtrl","","",""
"building g fortress destructed_0.mtrl",".mtrl","","",""
"building g fortress destructed_1.mtrl",".mtrl","","",""
"building g fortressconstruction_0.mtrl",".mtrl","","",""
"building g fortressconstruction_1.mtrl",".mtrl","","",""
"building g fortressconstruction_2.mtrl",".mtrl","","",""
"building g fwall long stage1_0.mtrl",".mtrl","","",""
"building g fwall long stage1_1.mtrl",".mtrl","","",""
"building g fwall long stage2_0.mtrl",".mtrl","","",""
"building g fwall long stage2_1.mtrl",".mtrl","","",""
"building g fwall long stage3_0.mtrl",".mtrl","","",""
"building g fwall long stage3_1.mtrl",".mtrl","","",""
"building g fwall long stage3_death_0.mtrl",".mtrl","","",""
"building g fwall long stage3_death_1.mtrl",".mtrl","","",""
"building g fwall medium stage1_0.mtrl",".mtrl","","",""
"building g fwall medium stage1_1.mtrl",".mtrl","","",""
"building g fwall medium stage2_0.mtrl",".mtrl","","",""
"building g fwall medium stage2_1.mtrl",".mtrl","","",""
"building g fwall medium stage3_0.mtrl",".mtrl","","",""
"building g fwall medium stage3_1.mtrl",".mtrl","","",""
"building g fwall medium stage3_death_0.mtrl",".mtrl","","",""
"building g fwall medium stage3_death_1.mtrl",".mtrl","","",""
"building g fwall short stage1_0.mtrl",".mtrl","","",""
"building g fwall short stage1_1.mtrl",".mtrl","","",""
"building g fwall short stage2_0.mtrl",".mtrl","","",""
"building g fwall short stage2_1.mtrl",".mtrl","","",""
"building g fwall short stage3_0.mtrl",".mtrl","","",""
"building g fwall short stage3_1.mtrl",".mtrl","","",""
"building g fwall short stage3_death_0.mtrl",".mtrl","","",""
"building g fwall short stage3_death_1.mtrl",".mtrl","","",""
"building g gate_closeddam1_0.mtrl",".mtrl","","",""
"building g gate_closeddam2_0.mtrl",".mtrl","","",""
"building g gate_closeddam3_0.mtrl",".mtrl","","",""
"building g gate_closed_0.mtrl",".mtrl","","",""
"building g gate_closingdam1_0.mtrl",".mtrl","","",""
"building g gate_closingdam2_0.mtrl",".mtrl","","",""
"building g gate_closingdam3_0.mtrl",".mtrl","","",""
"building g gate_closing_0.mtrl",".mtrl","","",""
"building g gate_opendam1_0.mtrl",".mtrl","","",""
"building g gate_opendam2_0.mtrl",".mtrl","","",""
"building g gate_opendam3_0.mtrl",".mtrl","","",""
"building g gate_openingdam1_0.mtrl",".mtrl","","",""
"building g gate_openingdam2_0.mtrl",".mtrl","","",""
"building g gate_openingdam3_0.mtrl",".mtrl","","",""
"building g gate_opening_0.mtrl",".mtrl","","",""
"building g gate_open_0.mtrl",".mtrl","","",""
"building g granary destructed_0.mtrl",".mtrl","","",""
"building g guardtower age3_0.mtrl",".mtrl","","",""
"building g guardtower age3_1.mtrl",".mtrl","","",""
"building g guardtower age3_death_0.mtrl",".mtrl","","",""
"building g guardtower age3_death_1.mtrl",".mtrl","","",""
"building g guardtower_0.mtrl",".mtrl","","",""
"building g guardtower_1.mtrl",".mtrl","","",""
"building g guardtower_death_0.mtrl",".mtrl","","",""
"building g guardtower_death_1.mtrl",".mtrl","","",""
"building g hades temple_0.mtrl",".mtrl","","",""
"building g hades temple_1.mtrl",".mtrl","","",""
"building g hades temple_death_0.mtrl",".mtrl","","",""
"building g hades temple_death_1.mtrl",".mtrl","","",""
"building g hades wonder_0.mtrl",".mtrl","","",""
"building g hades wonder_1.mtrl",".mtrl","","",""
"building g hades wonder_2.mtrl",".mtrl","","",""
"building g hades wonder_death_0.mtrl",".mtrl","","",""
"building g hades wonder_death_1.mtrl",".mtrl","","",""
"building g hades wonder_death_2.mtrl",".mtrl","","",""
"building g hadeswonder con2_0.mtrl",".mtrl","","",""
"building g hadeswonder con2_1.mtrl",".mtrl","","",""
"building g hadeswonder con2_2.mtrl",".mtrl","","",""
"building g hadeswonder con2_3.mtrl",".mtrl","","",""
"building g hadeswonder con2_4.mtrl",".mtrl","","",""
"building g hadeswonder con3_0.mtrl",".mtrl","","",""
"building g hadeswonder con3_1.mtrl",".mtrl","","",""
"building g hadeswonder con3_2.mtrl",".mtrl","","",""
"building g hadeswonder con3_3.mtrl",".mtrl","","",""
"building g hadeswonder con3_4.mtrl",".mtrl","","",""
"building g hadeswonder con3_5.mtrl",".mtrl","","",""
"building g house destructed_0.mtrl",".mtrl","","",""
"building g housea age0_0.mtrl",".mtrl","","",""
"building g housea age0_1.mtrl",".mtrl","","",""
"building g housea age0_2.mtrl",".mtrl","","",""
"building g housea age0_death_0.mtrl",".mtrl","","",""
"building g housea age1_0.mtrl",".mtrl","","",""
"building g housea age1_1.mtrl",".mtrl","","",""
"building g housea age1_2.mtrl",".mtrl","","",""
"building g housea age1_3.mtrl",".mtrl","","",""
"building g housea age1_death_0.mtrl",".mtrl","","",""
"building g housea age1_death_1.mtrl",".mtrl","","",""
"building g housea age1_death_2.mtrl",".mtrl","","",""
"building g housea age2_0.mtrl",".mtrl","","",""
"building g housea age2_1.mtrl",".mtrl","","",""
"building g housea age2_2.mtrl",".mtrl","","",""
"building g housea age2_3.mtrl",".mtrl","","",""
"building g housea age2_death_0.mtrl",".mtrl","","",""
"building g housea age2_death_1.mtrl",".mtrl","","",""
"building g housea age2_death_2.mtrl",".mtrl","","",""
"building g housea age3_0.mtrl",".mtrl","","",""
"building g housea age3_1.mtrl",".mtrl","","",""
"building g housea age3_2.mtrl",".mtrl","","",""
"building g housea age3_3.mtrl",".mtrl","","",""
"building g housea age3_death_0.mtrl",".mtrl","","",""
"building g housea age3_death_1.mtrl",".mtrl","","",""
"building g housea age3_death_2.mtrl",".mtrl","","",""
"building g houseb age0_0.mtrl",".mtrl","","",""
"building g houseb age0_1.mtrl",".mtrl","","",""
"building g houseb age0_2.mtrl",".mtrl","","",""
"building g houseb age0_death_0.mtrl",".mtrl","","",""
"building g houseb age1_0.mtrl",".mtrl","","",""
"building g houseb age1_1.mtrl",".mtrl","","",""
"building g houseb age1_2.mtrl",".mtrl","","",""
"building g houseb age1_3.mtrl",".mtrl","","",""
"building g houseb age1_death_0.mtrl",".mtrl","","",""
"building g houseb age1_death_1.mtrl",".mtrl","","",""
"building g houseb age1_death_2.mtrl",".mtrl","","",""
"building g houseb age2_0.mtrl",".mtrl","","",""
"building g houseb age2_1.mtrl",".mtrl","","",""
"building g houseb age2_2.mtrl",".mtrl","","",""
"building g houseb age2_3.mtrl",".mtrl","","",""
"building g houseb age2_death_0.mtrl",".mtrl","","",""
"building g houseb age2_death_1.mtrl",".mtrl","","",""
"building g houseb age2_death_2.mtrl",".mtrl","","",""
"building g houseb age3_0.mtrl",".mtrl","","",""
"building g houseb age3_1.mtrl",".mtrl","","",""
"building g houseb age3_2.mtrl",".mtrl","","",""
"building g houseb age3_3.mtrl",".mtrl","","",""
"building g houseb age3_death_0.mtrl",".mtrl","","",""
"building g houseb age3_death_1.mtrl",".mtrl","","",""
"building g houseb age3_death_2.mtrl",".mtrl","","",""
"building g housec age0_0.mtrl",".mtrl","","",""
"building g housec age0_1.mtrl",".mtrl","","",""
"building g housec age0_2.mtrl",".mtrl","","",""
"building g housec age0_death_0.mtrl",".mtrl","","",""
"building g housec age1_0.mtrl",".mtrl","","",""
"building g housec age1_1.mtrl",".mtrl","","",""
"building g housec age1_2.mtrl",".mtrl","","",""
"building g housec age1_3.mtrl",".mtrl","","",""
"building g housec age1_death_0.mtrl",".mtrl","","",""
"building g housec age1_death_1.mtrl",".mtrl","","",""
"building g housec age1_death_2.mtrl",".mtrl","","",""
"building g housec age2_0.mtrl",".mtrl","","",""
"building g housec age2_1.mtrl",".mtrl","","",""
"building g housec age2_2.mtrl",".mtrl","","",""
"building g housec age2_3.mtrl",".mtrl","","",""
"building g housec age2_death_0.mtrl",".mtrl","","",""
"building g housec age2_death_1.mtrl",".mtrl","","",""
"building g housec age2_death_2.mtrl",".mtrl","","",""
"building g housec age3_0.mtrl",".mtrl","","",""
"building g housec age3_1.mtrl",".mtrl","","",""
"building g housec age3_2.mtrl",".mtrl","","",""
"building g housec age3_3.mtrl",".mtrl","","",""
"building g housec age3_death_0.mtrl",".mtrl","","",""
"building g housec age3_death_1.mtrl",".mtrl","","",""
"building g housec age3_death_2.mtrl",".mtrl","","",""
"building g marketage2_0.mtrl",".mtrl","","",""
"building g marketage2_1.mtrl",".mtrl","","",""
"building g marketage2_2.mtrl",".mtrl","","",""
"building g marketage2_3.mtrl",".mtrl","","",""
"building g marketage2_death_0.mtrl",".mtrl","","",""
"building g marketage2_death_1.mtrl",".mtrl","","",""
"building g marketage2_death_2.mtrl",".mtrl","","",""
"building g marketage3_0.mtrl",".mtrl","","",""
"building g marketage3_1.mtrl",".mtrl","","",""
"building g marketage3_2.mtrl",".mtrl","","",""
"building g marketage3_3.mtrl",".mtrl","","",""
"building g marketage3_death_0.mtrl",".mtrl","","",""
"building g marketage3_death_1.mtrl",".mtrl","","",""
"building g marketage3_death_2.mtrl",".mtrl","","",""
"building g mining campage0_0.mtrl",".mtrl","","",""
"building g mining campage0_1.mtrl",".mtrl","","",""
"building g mining campage0_death_0.mtrl",".mtrl","","",""
"building g mining campage0_death_1.mtrl",".mtrl","","",""
"building g mining campage1_0.mtrl",".mtrl","","",""
"building g mining campage1_1.mtrl",".mtrl","","",""
"building g mining campage1_death_0.mtrl",".mtrl","","",""
"building g mining campage1_death_1.mtrl",".mtrl","","",""
"building g mining campage2_0.mtrl",".mtrl","","",""
"building g mining campage2_1.mtrl",".mtrl","","",""
"building g mining campage2_death_0.mtrl",".mtrl","","",""
"building g mining campage2_death_1.mtrl",".mtrl","","",""
"building g mining campage3_0.mtrl",".mtrl","","",""
"building g mining campage3_1.mtrl",".mtrl","","",""
"building g mining campage3_2.mtrl",".mtrl","","",""
"building g mining campage3_death_0.mtrl",".mtrl","","",""
"building g mining campage3_death_1.mtrl",".mtrl","","",""
"building g mining campage3_death_2.mtrl",".mtrl","","",""
"building g misc stairscdown_0.mtrl",".mtrl","","",""
"building g misc stairsc_0.mtrl",".mtrl","","",""
"building g poisiden wonder con1_0.mtrl",".mtrl","","",""
"building g poisiden wonder con1_1.mtrl",".mtrl","","",""
"building g poisiden wonder con1_2.mtrl",".mtrl","","",""
"building g poisiden wonder con2_0.mtrl",".mtrl","","",""
"building g poisiden wonder con2_1.mtrl",".mtrl","","",""
"building g poisiden wonder con2_2.mtrl",".mtrl","","",""
"building g poisiden wonder con2_3.mtrl",".mtrl","","",""
"building g poisiden wonder con2_4.mtrl",".mtrl","","",""
"building g poisiden wonder con3_0.mtrl",".mtrl","","",""
"building g poisiden wonder con3_1.mtrl",".mtrl","","",""
"building g poisiden wonder con3_2.mtrl",".mtrl","","",""
"building g poisiden wonder con3_3.mtrl",".mtrl","","",""
"building g poisiden wonder con3_4.mtrl",".mtrl","","",""
"building g rubble2x2_0.mtrl",".mtrl","","",""
"building g rubble4x4_0.mtrl",".mtrl","","",""
"building g rubble5x5_0.mtrl",".mtrl","","",""
"building g rubble8x8_0.mtrl",".mtrl","","",""
"building g ruins a_0.mtrl",".mtrl","","",""
"building g ruins b_0.mtrl",".mtrl","","",""
"building g ruins c_0.mtrl",".mtrl","","",""
"building g ruins d_0.mtrl",".mtrl","","",""
"building g settlement01_0.mtrl",".mtrl","","",""
"building g settlement01_1.mtrl",".mtrl","","",""
"building g settlement01_2.mtrl",".mtrl","","",""
"building g settlement01_3.mtrl",".mtrl","","",""
"building g settlement01_death_0.mtrl",".mtrl","","",""
"building g settlement01_death_1.mtrl",".mtrl","","",""
"building g settlement01_death_2.mtrl",".mtrl","","",""
"building g settlement02fortified_0.mtrl",".mtrl","","",""
"building g settlement02fortified_1.mtrl",".mtrl","","",""
"building g settlement02fortified_2.mtrl",".mtrl","","",""
"building g settlement02fortified_death_0.mtrl",".mtrl","","",""
"building g settlement02fortified_death_1.mtrl",".mtrl","","",""
"building g settlement02_0.mtrl",".mtrl","","",""
"building g settlement02_1.mtrl",".mtrl","","",""
"building g settlement02_2.mtrl",".mtrl","","",""
"building g settlement02_3.mtrl",".mtrl","","",""
"building g settlement02_death_0.mtrl",".mtrl","","",""
"building g settlement02_death_1.mtrl",".mtrl","","",""
"building g settlement02_death_2.mtrl",".mtrl","","",""
"building g settlement03_0.mtrl",".mtrl","","",""
"building g settlement03_1.mtrl",".mtrl","","",""
"building g settlement03_2.mtrl",".mtrl","","",""
"building g settlement03_3.mtrl",".mtrl","","",""
"building g settlement03_death_0.mtrl",".mtrl","","",""
"building g settlement03_death_1.mtrl",".mtrl","","",""
"building g settlement03_death_2.mtrl",".mtrl","","",""
"building g settlement0_0.mtrl",".mtrl","","",""
"building g settlement0_1.mtrl",".mtrl","","",""
"building g settlement0_2.mtrl",".mtrl","","",""
"building g settlement0_3.mtrl",".mtrl","","",""
"building g settlement0_death_0.mtrl",".mtrl","","",""
"building g settlement0_death_1.mtrl",".mtrl","","",""
"building g settlement0_death_2.mtrl",".mtrl","","",""
"building g settlementfortified_0.mtrl",".mtrl","","",""
"building g settlementfortified_1.mtrl",".mtrl","","",""
"building g settlementfortified_2.mtrl",".mtrl","","",""
"building g settlementfortified_3.mtrl",".mtrl","","",""
"building g settlementfortified_4.mtrl",".mtrl","","",""
"building g settlementfortified_death_0.mtrl",".mtrl","","",""
"building g settlementfortified_death_1.mtrl",".mtrl","","",""
"building g settlementfortified_death_2.mtrl",".mtrl","","",""
"building g settlementfortified_death_3.mtrl",".mtrl","","",""
"building g shrine_0.mtrl",".mtrl","","",""
"building g shrine_1.mtrl",".mtrl","","",""
"building g shrine_death_0.mtrl",".mtrl","","",""
"building g shrine_death_1.mtrl",".mtrl","","",""
"building g stable age3_0.mtrl",".mtrl","","",""
"building g stable age3_1.mtrl",".mtrl","","",""
"building g stable age3_2.mtrl",".mtrl","","",""
"building g stable age3_3.mtrl",".mtrl","","",""
"building g stable age3_death_0.mtrl",".mtrl","","",""
"building g stable age3_death_1.mtrl",".mtrl","","",""
"building g stable age3_death_2.mtrl",".mtrl","","",""
"building g stable destructed_0.mtrl",".mtrl","","",""
"building g stableage1_0.mtrl",".mtrl","","",""
"building g stableage1_1.mtrl",".mtrl","","",""
"building g stableage1_2.mtrl",".mtrl","","",""
"building g stableage1_death_0.mtrl",".mtrl","","",""
"building g stableage1_death_1.mtrl",".mtrl","","",""
"building g stableage2_0.mtrl",".mtrl","","",""
"building g stableage2_1.mtrl",".mtrl","","",""
"building g stableage2_2.mtrl",".mtrl","","",""
"building g stableage2_3.mtrl",".mtrl","","",""
"building g stableage2_death_0.mtrl",".mtrl","","",""
"building g stableage2_death_1.mtrl",".mtrl","","",""
"building g stableage2_death_2.mtrl",".mtrl","","",""
"building g stone dam stage1_0.mtrl",".mtrl","","",""
"building g stone dam stage2_0.mtrl",".mtrl","","",""
"building g stone dam stage3_0.mtrl",".mtrl","","",""
"building g storehouse destructed_0.mtrl",".mtrl","","",""
"building g storehouseage0_0.mtrl",".mtrl","","",""
"building g storehouseage0_1.mtrl",".mtrl","","",""
"building g storehouseage0_death_0.mtrl",".mtrl","","",""
"building g storehouseage0_death_1.mtrl",".mtrl","","",""
"building g storehouseage1_0.mtrl",".mtrl","","",""
"building g storehouseage1_1.mtrl",".mtrl","","",""
"building g storehouseage1_2.mtrl",".mtrl","","",""
"building g storehouseage1_death_0.mtrl",".mtrl","","",""
"building g storehouseage1_death_1.mtrl",".mtrl","","",""
"building g storehouseage1_death_2.mtrl",".mtrl","","",""
"building g storehouseage2_0.mtrl",".mtrl","","",""
"building g storehouseage2_1.mtrl",".mtrl","","",""
"building g storehouseage2_2.mtrl",".mtrl","","",""
"building g storehouseage2_death_0.mtrl",".mtrl","","",""
"building g storehouseage2_death_1.mtrl",".mtrl","","",""
"building g storehouseage2_death_2.mtrl",".mtrl","","",""
"building g storehouseage3_0.mtrl",".mtrl","","",""
"building g storehouseage3_1.mtrl",".mtrl","","",""
"building g storehouseage3_2.mtrl",".mtrl","","",""
"building g storehouseage3_death_0.mtrl",".mtrl","","",""
"building g storehouseage3_death_1.mtrl",".mtrl","","",""
"building g storehouseage3_death_2.mtrl",".mtrl","","",""
"building g templeage0_0.mtrl",".mtrl","","",""
"building g templeage0_1.mtrl",".mtrl","","",""
"building g templeage0_2.mtrl",".mtrl","","",""
"building g templeage0_3.mtrl",".mtrl","","",""
"building g templeage0_death_0.mtrl",".mtrl","","",""
"building g templeage0_death_1.mtrl",".mtrl","","",""
"building g templeage0_death_2.mtrl",".mtrl","","",""
"building g templeage0_death_3.mtrl",".mtrl","","",""
"building g templeage1_0.mtrl",".mtrl","","",""
"building g templeage1_1.mtrl",".mtrl","","",""
"building g templeage1_death_0.mtrl",".mtrl","","",""
"building g templeage1_death_1.mtrl",".mtrl","","",""
"building g templeage2_0.mtrl",".mtrl","","",""
"building g templeage2_1.mtrl",".mtrl","","",""
"building g templeage2_death_0.mtrl",".mtrl","","",""
"building g templeage2_death_1.mtrl",".mtrl","","",""
"building g templeage3_0.mtrl",".mtrl","","",""
"building g templeage3_1.mtrl",".mtrl","","",""
"building g templeage3_2.mtrl",".mtrl","","",""
"building g templeage3_death_0.mtrl",".mtrl","","",""
"building g templeage3_death_1.mtrl",".mtrl","","",""
"building g templeage3_death_2.mtrl",".mtrl","","",""
"building g temple_low_0.mtrl",".mtrl","","",""
"building g temple_low_1.mtrl",".mtrl","","",""
"building g temple_low_2.mtrl",".mtrl","","",""
"building g titan gate stage1_0.mtrl",".mtrl","","",""
"building g titan gate stage1_1.mtrl",".mtrl","","",""
"building g titan gate stage1_2.mtrl",".mtrl","","",""
"building g titan gate stage1_3.mtrl",".mtrl","","",""
"building g titan gate stage2_0.mtrl",".mtrl","","",""
"building g titan gate stage2_1.mtrl",".mtrl","","",""
"building g titan gate stage2_2.mtrl",".mtrl","","",""
"building g titan gate stage2_3.mtrl",".mtrl","","",""
"building g titan gate stage3_0.mtrl",".mtrl","","",""
"building g titan gate stage3_1.mtrl",".mtrl","","",""
"building g titan gate stage3_2.mtrl",".mtrl","","",""
"building g titan gate stage3_3.mtrl",".mtrl","","",""
"building g titan gate stage4_0.mtrl",".mtrl","","",""
"building g titan gate stage4_1.mtrl",".mtrl","","",""
"building g titan gate stage4_2.mtrl",".mtrl","","",""
"building g towerconstruction_0.mtrl",".mtrl","","",""
"building g towerconstruction_1.mtrl",".mtrl","","",""
"building g towerconstruction_2.mtrl",".mtrl","","",""
"building g tradedockage0_0.mtrl",".mtrl","","",""
"building g tradedockage0_1.mtrl",".mtrl","","",""
"building g tradedockage0_2.mtrl",".mtrl","","",""
"building g tradedockage0_3.mtrl",".mtrl","","",""
"building g tradedockage0_death_0.mtrl",".mtrl","","",""
"building g tradedockage0_death_1.mtrl",".mtrl","","",""
"building g tradedockage0_death_2.mtrl",".mtrl","","",""
"building g tradedockage1_0.mtrl",".mtrl","","",""
"building g tradedockage1_1.mtrl",".mtrl","","",""
"building g tradedockage1_2.mtrl",".mtrl","","",""
"building g tradedockage1_3.mtrl",".mtrl","","",""
"building g tradedockage1_death_0.mtrl",".mtrl","","",""
"building g tradedockage1_death_1.mtrl",".mtrl","","",""
"building g tradedockage1_death_2.mtrl",".mtrl","","",""
"building g tradedockage2_0.mtrl",".mtrl","","",""
"building g tradedockage2_1.mtrl",".mtrl","","",""
"building g tradedockage2_2.mtrl",".mtrl","","",""
"building g tradedockage2_3.mtrl",".mtrl","","",""
"building g tradedockage2_4.mtrl",".mtrl","","",""
"building g tradedockage2_death_0.mtrl",".mtrl","","",""
"building g tradedockage2_death_1.mtrl",".mtrl","","",""
"building g tradedockage2_death_2.mtrl",".mtrl","","",""
"building g tradedockage2_death_3.mtrl",".mtrl","","",""
"building g tradedockage3_0.mtrl",".mtrl","","",""
"building g tradedockage3_1.mtrl",".mtrl","","",""
"building g tradedockage3_2.mtrl",".mtrl","","",""
"building g tradedockage3_3.mtrl",".mtrl","","",""
"building g tradedockage3_4.mtrl",".mtrl","","",""
"building g tradedockage3_death_0.mtrl",".mtrl","","",""
"building g tradedockage3_death_1.mtrl",".mtrl","","",""
"building g tradedockage3_death_2.mtrl",".mtrl","","",""
"building g tradedockage3_death_3.mtrl",".mtrl","","",""
"building g wall long_0.mtrl",".mtrl","","",""
"building g wall long_1.mtrl",".mtrl","","",""
"building g wall medium_0.mtrl",".mtrl","","",""
"building g wall medium_1.mtrl",".mtrl","","",""
"building g wall short_0.mtrl",".mtrl","","",""
"building g wall short_1.mtrl",".mtrl","","",""
"building g wallconnector_0.mtrl",".mtrl","","",""
"building g wallconnector_1.mtrl",".mtrl","","",""
"building g wallconnector_death_0.mtrl",".mtrl","","",""
"building g wallconnector_death_1.mtrl",".mtrl","","",""
"building g wallstone stage1_0.mtrl",".mtrl","","",""
"building g wallstone stage1_1.mtrl",".mtrl","","",""
"building g wallstone stage1_2.mtrl",".mtrl","","",""
"building g wallstone stage2_0.mtrl",".mtrl","","",""
"building g wallstone stage2_1.mtrl",".mtrl","","",""
"building g wallstone stage2_2.mtrl",".mtrl","","",""
"building g wallstone stage3_0.mtrl",".mtrl","","",""
"building g wallstone stage3_1.mtrl",".mtrl","","",""
"building g wallstone stage3_2.mtrl",".mtrl","","",""
"building g wallstone stage3_death_0.mtrl",".mtrl","","",""
"building g wallstone stage3_death_1.mtrl",".mtrl","","",""
"building g wallstone stage3_death_2.mtrl",".mtrl","","",""
"building g wallstonemedium stage1_0.mtrl",".mtrl","","",""
"building g wallstonemedium stage1_1.mtrl",".mtrl","","",""
"building g wallstonemedium stage1_2.mtrl",".mtrl","","",""
"building g wallstonemedium stage2_0.mtrl",".mtrl","","",""
"building g wallstonemedium stage2_1.mtrl",".mtrl","","",""
"building g wallstonemedium stage2_2.mtrl",".mtrl","","",""
"building g wallstonemedium stage3_0.mtrl",".mtrl","","",""
"building g wallstonemedium stage3_1.mtrl",".mtrl","","",""
"building g wallstonemedium stage3_2.mtrl",".mtrl","","",""
"building g wallstonemedium stage3_death_0.mtrl",".mtrl","","",""
"building g wallstonemedium stage3_death_1.mtrl",".mtrl","","",""
"building g wallstonemedium stage3_death_2.mtrl",".mtrl","","",""
"building g wallstoneshort stage1_0.mtrl",".mtrl","","",""
"building g wallstoneshort stage1_1.mtrl",".mtrl","","",""
"building g wallstoneshort stage1_2.mtrl",".mtrl","","",""
"building g wallstoneshort stage2_0.mtrl",".mtrl","","",""
"building g wallstoneshort stage2_1.mtrl",".mtrl","","",""
"building g wallstoneshort stage2_2.mtrl",".mtrl","","",""
"building g wallstoneshort stage3_0.mtrl",".mtrl","","",""
"building g wallstoneshort stage3_1.mtrl",".mtrl","","",""
"building g wallstoneshort stage3_2.mtrl",".mtrl","","",""
"building g wallstoneshort stage3_death_0.mtrl",".mtrl","","",""
"building g wallstoneshort stage3_death_1.mtrl",".mtrl","","",""
"building g wallstoneshort stage3_death_2.mtrl",".mtrl","","",""
"building g watchtower age3_0.mtrl",".mtrl","","",""
"building g watchtower age3_1.mtrl",".mtrl","","",""
"building g watchtower age3_death_0.mtrl",".mtrl","","",""
"building g watchtower age3_death_1.mtrl",".mtrl","","",""
"building g watchtower age4_0.mtrl",".mtrl","","",""
"building g watchtower age4_1.mtrl",".mtrl","","",""
"building g watchtower age4_death_0.mtrl",".mtrl","","",""
"building g watchtower age4_death_1.mtrl",".mtrl","","",""
"building g watchtower_0.mtrl",".mtrl","","",""
"building g watchtower_1.mtrl",".mtrl","","",""
"building g watchtower_death_0.mtrl",".mtrl","","",""
"building g watchtower_death_1.mtrl",".mtrl","","",""
"building g wonder destructed_0.mtrl",".mtrl","","",""
"building g wonder_0.mtrl",".mtrl","","",""
"building g wonder_1.mtrl",".mtrl","","",""
"building g wonder_2.mtrl",".mtrl","","",""
"building g wonder_death_0.mtrl",".mtrl","","",""
"building g wonder_death_1.mtrl",".mtrl","","",""
"building g wonder_death_2.mtrl",".mtrl","","",""
"building g zeus wonder con2_0.mtrl",".mtrl","","",""
"building g zeus wonder con2_1.mtrl",".mtrl","","",""
"building g zeus wonder con2_2.mtrl",".mtrl","","",""
"building g zeus wonder con2_3.mtrl",".mtrl","","",""
"building g zeus wonder con2_4.mtrl",".mtrl","","",""
"building g zeus wonder con3_0.mtrl",".mtrl","","",""
"building g zeus wonder con3_1.mtrl",".mtrl","","",""
"building g zeus wonder con3_2.mtrl",".mtrl","","",""
"building g zeus wonder con3_3.mtrl",".mtrl","","",""
"building g zeus wonder con3_4.mtrl",".mtrl","","",""
"building g zeus wonder con3_5.mtrl",".mtrl","","",""
"building g zeus wonder_0.mtrl",".mtrl","","",""
"building g zeus wonder_1.mtrl",".mtrl","","",""
"building g zeus wonder_2.mtrl",".mtrl","","",""
"building g zeus wonder_death_0.mtrl",".mtrl","","",""
"building g zeus wonder_death_1.mtrl",".mtrl","","",""
"building g zeus wonder_death_2.mtrl",".mtrl","","",""
"building gate flag_0.mtrl",".mtrl","","",""
"Building Gate Flag_1.mtrl",".mtrl","","",""
"building gate_closed_0.mtrl",".mtrl","","",""
"building gate_closing_0.mtrl",".mtrl","","",""
"building gate_opening_0.mtrl",".mtrl","","",""
"building gate_open_0.mtrl",".mtrl","","",""
"building greek titan gate_dead_0.mtrl",".mtrl","","",""
"building greek titan gate_dead_1.mtrl",".mtrl","","",""
"building greek titan gate_death_0.mtrl",".mtrl","","",""
"building greek titan gate_death_1.mtrl",".mtrl","","",""
"building n armory destructed_0.mtrl",".mtrl","","",""
"building n armoryage3_0.mtrl",".mtrl","","",""
"building n armoryage3_1.mtrl",".mtrl","","",""
"building n armoryage3_2.mtrl",".mtrl","","",""
"building n armoryage3_3.mtrl",".mtrl","","",""
"building n armoryage3_death_0.mtrl",".mtrl","","",""
"building n armoryage3_death_1.mtrl",".mtrl","","",""
"building n armoryage3_death_2.mtrl",".mtrl","","",""
"building n armoryage4_0.mtrl",".mtrl","","",""
"building n armoryage4_1.mtrl",".mtrl","","",""
"building n armoryage4_2.mtrl",".mtrl","","",""
"building n armoryage4_3.mtrl",".mtrl","","",""
"building n armoryage4_death_0.mtrl",".mtrl","","",""
"building n armoryage4_death_1.mtrl",".mtrl","","",""
"building n armoryage4_death_2.mtrl",".mtrl","","",""
"building n armory_0.mtrl",".mtrl","","",""
"building n armory_1.mtrl",".mtrl","","",""
"building n armory_2.mtrl",".mtrl","","",""
"building n armory_3.mtrl",".mtrl","","",""
"building n armory_death_0.mtrl",".mtrl","","",""
"building n armory_death_1.mtrl",".mtrl","","",""
"building n armory_death_2.mtrl",".mtrl","","",""
"building n barracksage3_0.mtrl",".mtrl","","",""
"building n barracksage3_1.mtrl",".mtrl","","",""
"building n barracksage3_2.mtrl",".mtrl","","",""
"building n barracksage3_death_0.mtrl",".mtrl","","",""
"building n barracksage3_death_1.mtrl",".mtrl","","",""
"building n barracksage4_0.mtrl",".mtrl","","",""
"building n barracksage4_1.mtrl",".mtrl","","",""
"building n barracksage4_2.mtrl",".mtrl","","",""
"building n barracksage4_death_0.mtrl",".mtrl","","",""
"building n barracksage4_death_1.mtrl",".mtrl","","",""
"building n barracks_0.mtrl",".mtrl","","",""
"building n barracks_1.mtrl",".mtrl","","",""
"building n barracks_2.mtrl",".mtrl","","",""
"building n barracks_3.mtrl",".mtrl","","",""
"building n barracks_death_0.mtrl",".mtrl","","",""
"building n barracks_death_1.mtrl",".mtrl","","",""
"building n barracks_death_2.mtrl",".mtrl","","",""
"building n construction hillfort2_0.mtrl",".mtrl","","",""
"building n construction hillfort2_1.mtrl",".mtrl","","",""
"building n construction hillfort2_2.mtrl",".mtrl","","",""
"building n constructionbarracks_0.mtrl",".mtrl","","",""
"building n constructionbarracks_1.mtrl",".mtrl","","",""
"building n constructionbarracks_2.mtrl",".mtrl","","",""
"building n constructiondock_0.mtrl",".mtrl","","",""
"building n constructiondock_1.mtrl",".mtrl","","",""
"building n constructiontemple_0.mtrl",".mtrl","","",""
"building n constructiontemple_1.mtrl",".mtrl","","",""
"building n constructiontemple_2.mtrl",".mtrl","","",""
"building n cratea_0.mtrl",".mtrl","","",""
"building n crateb_0.mtrl",".mtrl","","",""
"building n cratec_0.mtrl",".mtrl","","",""
"building n dock age1_0.mtrl",".mtrl","","",""
"building n dock age1_1.mtrl",".mtrl","","",""
"building n dock age1_2.mtrl",".mtrl","","",""
"building n dock age1_3.mtrl",".mtrl","","",""
"building n dock age1_4.mtrl",".mtrl","","",""
"building n dock age1_death_0.mtrl",".mtrl","","",""
"building n dock age1_death_1.mtrl",".mtrl","","",""
"building n dock age1_death_2.mtrl",".mtrl","","",""
"building n dock age1_death_3.mtrl",".mtrl","","",""
"building n dock age1_death_4.mtrl",".mtrl","","",""
"building n dock age2_0.mtrl",".mtrl","","",""
"building n dock age2_1.mtrl",".mtrl","","",""
"building n dock age2_2.mtrl",".mtrl","","",""
"building n dock age2_3.mtrl",".mtrl","","",""
"building n dock age2_4.mtrl",".mtrl","","",""
"building n dock age2_5.mtrl",".mtrl","","",""
"building n dock age2_death_0.mtrl",".mtrl","","",""
"building n dock age2_death_1.mtrl",".mtrl","","",""
"building n dock age2_death_2.mtrl",".mtrl","","",""
"building n dock age2_death_3.mtrl",".mtrl","","",""
"building n dock age2_death_4.mtrl",".mtrl","","",""
"building n dock age2_death_5.mtrl",".mtrl","","",""
"building n dock age3_0.mtrl",".mtrl","","",""
"building n dock age3_1.mtrl",".mtrl","","",""
"building n dock age3_2.mtrl",".mtrl","","",""
"building n dock age3_3.mtrl",".mtrl","","",""
"building n dock age3_4.mtrl",".mtrl","","",""
"building n dock age3_death_0.mtrl",".mtrl","","",""
"building n dock age3_death_1.mtrl",".mtrl","","",""
"building n dock age3_death_2.mtrl",".mtrl","","",""
"building n dock age3_death_3.mtrl",".mtrl","","",""
"building n dock age3_death_4.mtrl",".mtrl","","",""
"building n fortressconstruction_0.mtrl",".mtrl","","",""
"building n fortressconstruction_1.mtrl",".mtrl","","",""
"building n fortressconstruction_2.mtrl",".mtrl","","",""
"building n gate flag_0.mtrl",".mtrl","","",""
"building n gate_closeddam1_0.mtrl",".mtrl","","",""
"building n gate_closeddam2_0.mtrl",".mtrl","","",""
"building n gate_closeddam3_0.mtrl",".mtrl","","",""
"building n gate_closed_0.mtrl",".mtrl","","",""
"building n gate_closingdam1_0.mtrl",".mtrl","","",""
"building n gate_closingdam2_0.mtrl",".mtrl","","",""
"building n gate_closingdam3_0.mtrl",".mtrl","","",""
"building n gate_closing_0.mtrl",".mtrl","","",""
"building n gate_opendam1_0.mtrl",".mtrl","","",""
"building n gate_opendam2_0.mtrl",".mtrl","","",""
"building n gate_opendam3_0.mtrl",".mtrl","","",""
"building n gate_openingdam1_0.mtrl",".mtrl","","",""
"building n gate_openingdam2_0.mtrl",".mtrl","","",""
"building n gate_openingdam3_0.mtrl",".mtrl","","",""
"building n gate_opening_0.mtrl",".mtrl","","",""
"building n gate_open_0.mtrl",".mtrl","","",""
"building n hillfort age4_0.mtrl",".mtrl","","",""
"building n hillfort age4_1.mtrl",".mtrl","","",""
"building n hillfort age4_2.mtrl",".mtrl","","",""
"building n hillfort age4_3.mtrl",".mtrl","","",""
"building n hillfort age4_death_0.mtrl",".mtrl","","",""
"building n hillfort age4_death_1.mtrl",".mtrl","","",""
"building n hillfort age4_death_2.mtrl",".mtrl","","",""
"building n hillfort_0.mtrl",".mtrl","","",""
"building n hillfort_1.mtrl",".mtrl","","",""
"building n hillfort_2.mtrl",".mtrl","","",""
"building n hillfort_3.mtrl",".mtrl","","",""
"building n hillfort_death_0.mtrl",".mtrl","","",""
"building n hillfort_death_1.mtrl",".mtrl","","",""
"building n hillfort_death_2.mtrl",".mtrl","","",""
"building n house destructed_0.mtrl",".mtrl","","",""
"building n housea age1_0.mtrl",".mtrl","","",""
"building n housea age1_1.mtrl",".mtrl","","",""
"building n housea age1_2.mtrl",".mtrl","","",""
"building n housea age1_death_0.mtrl",".mtrl","","",""
"building n housea age1_death_1.mtrl",".mtrl","","",""
"building n housea age2_0.mtrl",".mtrl","","",""
"building n housea age2_1.mtrl",".mtrl","","",""
"building n housea age2_2.mtrl",".mtrl","","",""
"building n housea age2_3.mtrl",".mtrl","","",""
"building n housea age2_death_0.mtrl",".mtrl","","",""
"building n housea age2_death_1.mtrl",".mtrl","","",""
"building n housea age2_death_2.mtrl",".mtrl","","",""
"building n housea age3_0.mtrl",".mtrl","","",""
"building n housea age3_1.mtrl",".mtrl","","",""
"building n housea age3_2.mtrl",".mtrl","","",""
"building n housea age3_death_0.mtrl",".mtrl","","",""
"building n housea age3_death_1.mtrl",".mtrl","","",""
"building n housea age4_0.mtrl",".mtrl","","",""
"building n housea age4_1.mtrl",".mtrl","","",""
"building n housea age4_2.mtrl",".mtrl","","",""
"building n housea age4_death_0.mtrl",".mtrl","","",""
"building n housea age4_death_1.mtrl",".mtrl","","",""
"building n houseb age1_0.mtrl",".mtrl","","",""
"building n houseb age1_1.mtrl",".mtrl","","",""
"building n houseb age1_2.mtrl",".mtrl","","",""
"building n houseb age1_death_0.mtrl",".mtrl","","",""
"building n houseb age1_death_1.mtrl",".mtrl","","",""
"building n houseb age2_0.mtrl",".mtrl","","",""
"building n houseb age2_1.mtrl",".mtrl","","",""
"building n houseb age2_2.mtrl",".mtrl","","",""
"building n houseb age2_3.mtrl",".mtrl","","",""
"building n houseb age2_death_0.mtrl",".mtrl","","",""
"building n houseb age2_death_1.mtrl",".mtrl","","",""
"building n houseb age2_death_2.mtrl",".mtrl","","",""
"building n houseb age3_0.mtrl",".mtrl","","",""
"building n houseb age3_1.mtrl",".mtrl","","",""
"building n houseb age3_2.mtrl",".mtrl","","",""
"building n houseb age3_death_0.mtrl",".mtrl","","",""
"building n houseb age3_death_1.mtrl",".mtrl","","",""
"building n houseb age4_0.mtrl",".mtrl","","",""
"building n houseb age4_1.mtrl",".mtrl","","",""
"building n houseb age4_2.mtrl",".mtrl","","",""
"building n houseb age4_death_0.mtrl",".mtrl","","",""
"building n houseb age4_death_1.mtrl",".mtrl","","",""
"building n housec age1_0.mtrl",".mtrl","","",""
"building n housec age1_1.mtrl",".mtrl","","",""
"building n housec age1_2.mtrl",".mtrl","","",""
"building n housec age1_death_0.mtrl",".mtrl","","",""
"building n housec age1_death_1.mtrl",".mtrl","","",""
"building n housec age2_0.mtrl",".mtrl","","",""
"building n housec age2_1.mtrl",".mtrl","","",""
"building n housec age2_2.mtrl",".mtrl","","",""
"building n housec age2_3.mtrl",".mtrl","","",""
"building n housec age2_death_0.mtrl",".mtrl","","",""
"building n housec age2_death_1.mtrl",".mtrl","","",""
"building n housec age2_death_2.mtrl",".mtrl","","",""
"building n housec age3_0.mtrl",".mtrl","","",""
"building n housec age3_1.mtrl",".mtrl","","",""
"building n housec age3_2.mtrl",".mtrl","","",""
"building n housec age3_death_0.mtrl",".mtrl","","",""
"building n housec age3_death_1.mtrl",".mtrl","","",""
"building n housec age4_0.mtrl",".mtrl","","",""
"building n housec age4_1.mtrl",".mtrl","","",""
"building n housec age4_2.mtrl",".mtrl","","",""
"building n housec age4_death_0.mtrl",".mtrl","","",""
"building n housec age4_death_1.mtrl",".mtrl","","",""
"building n loki wonder con1_0.mtrl",".mtrl","","",""
"building n loki wonder con1_1.mtrl",".mtrl","","",""
"building n loki wonder con1_2.mtrl",".mtrl","","",""
"building n loki wonder con1_3.mtrl",".mtrl","","",""
"building n loki wonder con1_4.mtrl",".mtrl","","",""
"building n loki wonder con2_0.mtrl",".mtrl","","",""
"building n loki wonder con2_1.mtrl",".mtrl","","",""
"building n loki wonder con2_2.mtrl",".mtrl","","",""
"building n loki wonder con2_3.mtrl",".mtrl","","",""
"building n loki wonder con2_4.mtrl",".mtrl","","",""
"building n loki wonder con2_5.mtrl",".mtrl","","",""
"building n loki wonder con2_6.mtrl",".mtrl","","",""
"building n loki wonder con3_0.mtrl",".mtrl","","",""
"building n loki wonder con3_1.mtrl",".mtrl","","",""
"building n loki wonder con3_2.mtrl",".mtrl","","",""
"building n loki wonder con3_3.mtrl",".mtrl","","",""
"building n loki wonder con3_4.mtrl",".mtrl","","",""
"building n loki wonder con3_5.mtrl",".mtrl","","",""
"building n loki wonder con3_6.mtrl",".mtrl","","",""
"building n loki wonder_0.mtrl",".mtrl","","",""
"building n loki wonder_1.mtrl",".mtrl","","",""
"building n loki wonder_2.mtrl",".mtrl","","",""
"building n loki wonder_3.mtrl",".mtrl","","",""
"building n loki wonder_death_0.mtrl",".mtrl","","",""
"building n loki wonder_death_1.mtrl",".mtrl","","",""
"building n loki wonder_death_2.mtrl",".mtrl","","",""
"building n loki wonder_death_3.mtrl",".mtrl","","",""
"building n longhouse destructed_0.mtrl",".mtrl","","",""
"building n marketage3_0.mtrl",".mtrl","","",""
"building n marketage3_1.mtrl",".mtrl","","",""
"building n marketage3_2.mtrl",".mtrl","","",""
"building n marketage3_3.mtrl",".mtrl","","",""
"building n marketage3_4.mtrl",".mtrl","","",""
"building n marketage3_death_0.mtrl",".mtrl","","",""
"building n marketage3_death_1.mtrl",".mtrl","","",""
"building n marketage3_death_2.mtrl",".mtrl","","",""
"building n marketage3_death_3.mtrl",".mtrl","","",""
"building n marketage4_0.mtrl",".mtrl","","",""
"building n marketage4_1.mtrl",".mtrl","","",""
"building n marketage4_2.mtrl",".mtrl","","",""
"building n marketage4_3.mtrl",".mtrl","","",""
"building n marketage4_death_0.mtrl",".mtrl","","",""
"building n marketage4_death_1.mtrl",".mtrl","","",""
"building n marketage4_death_2.mtrl",".mtrl","","",""
"building n marketstall_0.mtrl",".mtrl","","",""
"building n odin wonder con2_0.mtrl",".mtrl","","",""
"building n odin wonder con2_1.mtrl",".mtrl","","",""
"building n odin wonder con2_2.mtrl",".mtrl","","",""
"building n odin wonder con2_3.mtrl",".mtrl","","",""
"building n odin wonder con2_4.mtrl",".mtrl","","",""
"building n odin wonder con3_0.mtrl",".mtrl","","",""
"building n odin wonder con3_1.mtrl",".mtrl","","",""
"building n odin wonder con3_2.mtrl",".mtrl","","",""
"building n odin wonder con3_3.mtrl",".mtrl","","",""
"building n odin wonder con3_4.mtrl",".mtrl","","",""
"building n odin wonder_0.mtrl",".mtrl","","",""
"building n odin wonder_1.mtrl",".mtrl","","",""
"building n odin wonder_2.mtrl",".mtrl","","",""
"building n odin wonder_3.mtrl",".mtrl","","",""
"building n odin wonder_death_0.mtrl",".mtrl","","",""
"building n odin wonder_death_1.mtrl",".mtrl","","",""
"building n odin wonder_death_2.mtrl",".mtrl","","",""
"building n odin wonder_death_3.mtrl",".mtrl","","",""
"building n rubble1x1_0.mtrl",".mtrl","","",""
"building n rubble2x2_0.mtrl",".mtrl","","",""
"building n rubble4x4_0.mtrl",".mtrl","","",""
"building n rubble5x5_0.mtrl",".mtrl","","",""
"building n rubble8x8_0.mtrl",".mtrl","","",""
"building n settlement01_0.mtrl",".mtrl","","",""
"building n settlement01_1.mtrl",".mtrl","","",""
"building n settlement01_2.mtrl",".mtrl","","",""
"building n settlement01_3.mtrl",".mtrl","","",""
"building n settlement01_death_0.mtrl",".mtrl","","",""
"building n settlement01_death_1.mtrl",".mtrl","","",""
"building n settlement01_death_2.mtrl",".mtrl","","",""
"building n settlement02_0.mtrl",".mtrl","","",""
"building n settlement02_1.mtrl",".mtrl","","",""
"building n settlement02_2.mtrl",".mtrl","","",""
"building n settlement02_3.mtrl",".mtrl","","",""
"building n settlement02_death_0.mtrl",".mtrl","","",""
"building n settlement02_death_1.mtrl",".mtrl","","",""
"building n settlement02_death_2.mtrl",".mtrl","","",""
"building n settlement03 fortified_0.mtrl",".mtrl","","",""
"building n settlement03 fortified_1.mtrl",".mtrl","","",""
"building n settlement03 fortified_2.mtrl",".mtrl","","",""
"building n settlement03 fortified_3.mtrl",".mtrl","","",""
"building n settlement03 fortified_death_0.mtrl",".mtrl","","",""
"building n settlement03 fortified_death_1.mtrl",".mtrl","","",""
"building n settlement03 fortified_death_2.mtrl",".mtrl","","",""
"building n settlement03_0.mtrl",".mtrl","","",""
"building n settlement03_1.mtrl",".mtrl","","",""
"building n settlement03_2.mtrl",".mtrl","","",""
"building n settlement03_3.mtrl",".mtrl","","",""
"building n settlement03_death_0.mtrl",".mtrl","","",""
"building n settlement03_death_1.mtrl",".mtrl","","",""
"building n settlement03_death_2.mtrl",".mtrl","","",""
"building n settlement04 fortified_0.mtrl",".mtrl","","",""
"building n settlement04 fortified_1.mtrl",".mtrl","","",""
"building n settlement04 fortified_2.mtrl",".mtrl","","",""
"building n settlement04 fortified_3.mtrl",".mtrl","","",""
"building n settlement04 fortified_death_0.mtrl",".mtrl","","",""
"building n settlement04 fortified_death_1.mtrl",".mtrl","","",""
"building n settlement04 fortified_death_2.mtrl",".mtrl","","",""
"building n settlement04_0.mtrl",".mtrl","","",""
"building n settlement04_1.mtrl",".mtrl","","",""
"building n settlement04_2.mtrl",".mtrl","","",""
"building n settlement04_3.mtrl",".mtrl","","",""
"building n settlement04_death_0.mtrl",".mtrl","","",""
"building n settlement04_death_1.mtrl",".mtrl","","",""
"building n settlement04_death_2.mtrl",".mtrl","","",""
"building n shrine_0.mtrl",".mtrl","","",""
"building n shrine_1.mtrl",".mtrl","","",""
"building n stone dam stage1_0.mtrl",".mtrl","","",""
"building n stone dam stage2_0.mtrl",".mtrl","","",""
"building n stone dam stage3_0.mtrl",".mtrl","","",""
"building n templeage1_0.mtrl",".mtrl","","",""
"building n templeage1_1.mtrl",".mtrl","","",""
"building n templeage1_death_0.mtrl",".mtrl","","",""
"building n templeage1_death_1.mtrl",".mtrl","","",""
"building n templeage2_0.mtrl",".mtrl","","",""
"building n templeage2_1.mtrl",".mtrl","","",""
"building n templeage2_death_0.mtrl",".mtrl","","",""
"building n templeage2_death_1.mtrl",".mtrl","","",""
"building n templeage3_0.mtrl",".mtrl","","",""
"building n templeage3_1.mtrl",".mtrl","","",""
"building n templeage3_death_0.mtrl",".mtrl","","",""
"building n templeage3_death_1.mtrl",".mtrl","","",""
"building n templeage4_0.mtrl",".mtrl","","",""
"building n templeage4_1.mtrl",".mtrl","","",""
"building n templeage4_2.mtrl",".mtrl","","",""
"building n templeage4_death_0.mtrl",".mtrl","","",""
"building n templeage4_death_1.mtrl",".mtrl","","",""
"building n templeage4_death_2.mtrl",".mtrl","","",""
"building n thor wonder con1_0.mtrl",".mtrl","","",""
"building n thor wonder con1_1.mtrl",".mtrl","","",""
"building n thor wonder con1_2.mtrl",".mtrl","","",""
"building n thor wonder con1_3.mtrl",".mtrl","","",""
"building n thor wonder con2_0.mtrl",".mtrl","","",""
"building n thor wonder con2_1.mtrl",".mtrl","","",""
"building n thor wonder con2_2.mtrl",".mtrl","","",""
"building n thor wonder con2_3.mtrl",".mtrl","","",""
"building n thor wonder con2_4.mtrl",".mtrl","","",""
"building n thor wonder con2_5.mtrl",".mtrl","","",""
"building n thor wonder con2_6.mtrl",".mtrl","","",""
"building n thor wonder con2_7.mtrl",".mtrl","","",""
"building n thor wonder con3_0.mtrl",".mtrl","","",""
"building n thor wonder con3_1.mtrl",".mtrl","","",""
"building n thor wonder con3_2.mtrl",".mtrl","","",""
"building n thor wonder con3_3.mtrl",".mtrl","","",""
"building n thor wonder con3_4.mtrl",".mtrl","","",""
"building n thor wonder con3_5.mtrl",".mtrl","","",""
"building n thor wonder con3_6.mtrl",".mtrl","","",""
"building n thor wonder con3_7.mtrl",".mtrl","","",""
"building n thor wonder con3_8.mtrl",".mtrl","","",""
"building n thor wonder con4_0.mtrl",".mtrl","","",""
"building n thor wonder con4_1.mtrl",".mtrl","","",""
"building n thor wonder con4_2.mtrl",".mtrl","","",""
"building n thor wonder con4_3.mtrl",".mtrl","","",""
"building n thor wonder con4_4.mtrl",".mtrl","","",""
"building n thor wonder con4_5.mtrl",".mtrl","","",""
"building n thor wonder con4_6.mtrl",".mtrl","","",""
"building n thor wonder con4_7.mtrl",".mtrl","","",""
"building n thor wonder con4_8.mtrl",".mtrl","","",""
"building n thorarmory construction_0.mtrl",".mtrl","","",""
"building n thorarmory construction_1.mtrl",".mtrl","","",""
"building n thorarmory construction_2.mtrl",".mtrl","","",""
"building n thorarmory construction_3.mtrl",".mtrl","","",""
"building n thorarmorypump_0.mtrl",".mtrl","","",""
"building n thorarmorypump_1.mtrl",".mtrl","","",""
"building n thorarmory_0.mtrl",".mtrl","","",""
"building n thorarmory_1.mtrl",".mtrl","","",""
"building n thorarmory_2.mtrl",".mtrl","","",""
"building n thorarmory_3.mtrl",".mtrl","","",""
"building n thorarmory_death_0.mtrl",".mtrl","","",""
"building n thorarmory_death_1.mtrl",".mtrl","","",""
"building n thorarmory_death_2.mtrl",".mtrl","","",""
"building n titan gate stage1_0.mtrl",".mtrl","","",""
"building n titan gate stage1_1.mtrl",".mtrl","","",""
"building n titan gate stage1_2.mtrl",".mtrl","","",""
"building n titan gate stage1_3.mtrl",".mtrl","","",""
"building n titan gate stage2_0.mtrl",".mtrl","","",""
"building n titan gate stage2_1.mtrl",".mtrl","","",""
"building n titan gate stage2_2.mtrl",".mtrl","","",""
"building n titan gate stage2_3.mtrl",".mtrl","","",""
"building n titan gate stage3_0.mtrl",".mtrl","","",""
"building n titan gate stage3_1.mtrl",".mtrl","","",""
"building n titan gate stage3_2.mtrl",".mtrl","","",""
"building n titan gate stage3_3.mtrl",".mtrl","","",""
"building n titan gate stage4_0.mtrl",".mtrl","","",""
"building n titan gate stage4_1.mtrl",".mtrl","","",""
"building n titan gate stage4_2.mtrl",".mtrl","","",""
"building n towerage2_0.mtrl",".mtrl","","",""
"building n towerage2_1.mtrl",".mtrl","","",""
"building n towerage2_death_0.mtrl",".mtrl","","",""
"building n towerage2_death_1.mtrl",".mtrl","","",""
"building n towerage3_0.mtrl",".mtrl","","",""
"building n towerage3_1.mtrl",".mtrl","","",""
"building n towerage3_death_0.mtrl",".mtrl","","",""
"building n towerage3_death_1.mtrl",".mtrl","","",""
"building n towerage4_0.mtrl",".mtrl","","",""
"building n towerage4_1.mtrl",".mtrl","","",""
"building n towerage4_death_0.mtrl",".mtrl","","",""
"building n towerage4_death_1.mtrl",".mtrl","","",""
"building n tradedockage1_0.mtrl",".mtrl","","",""
"building n tradedockage1_1.mtrl",".mtrl","","",""
"building n tradedockage1_2.mtrl",".mtrl","","",""
"building n tradedockage1_3.mtrl",".mtrl","","",""
"building n tradedockage1_death_0.mtrl",".mtrl","","",""
"building n tradedockage1_death_1.mtrl",".mtrl","","",""
"building n tradedockage1_death_2.mtrl",".mtrl","","",""
"building n tradedockage2_0.mtrl",".mtrl","","",""
"building n tradedockage2_1.mtrl",".mtrl","","",""
"building n tradedockage2_2.mtrl",".mtrl","","",""
"building n tradedockage2_3.mtrl",".mtrl","","",""
"building n tradedockage2_death_0.mtrl",".mtrl","","",""
"building n tradedockage2_death_1.mtrl",".mtrl","","",""
"building n tradedockage2_death_2.mtrl",".mtrl","","",""
"building n tradedockage3_0.mtrl",".mtrl","","",""
"building n tradedockage3_1.mtrl",".mtrl","","",""
"building n tradedockage3_2.mtrl",".mtrl","","",""
"building n tradedockage3_3.mtrl",".mtrl","","",""
"building n tradedockage3_death_0.mtrl",".mtrl","","",""
"building n tradedockage3_death_1.mtrl",".mtrl","","",""
"building n tradedockage3_death_2.mtrl",".mtrl","","",""
"building n tradedockage4_0.mtrl",".mtrl","","",""
"building n tradedockage4_1.mtrl",".mtrl","","",""
"building n tradedockage4_2.mtrl",".mtrl","","",""
"building n tradedockage4_3.mtrl",".mtrl","","",""
"building n tradedockage4_death_0.mtrl",".mtrl","","",""
"building n tradedockage4_death_1.mtrl",".mtrl","","",""
"building n tradedockage4_death_2.mtrl",".mtrl","","",""
"building n wall long stage1_0.mtrl",".mtrl","","",""
"building n wall long stage1_1.mtrl",".mtrl","","",""
"building n wall long stage1_2.mtrl",".mtrl","","",""
"building n wall long stage2_0.mtrl",".mtrl","","",""
"building n wall long stage2_1.mtrl",".mtrl","","",""
"building n wall long stage2_2.mtrl",".mtrl","","",""
"building n wall long stage3_0.mtrl",".mtrl","","",""
"building n wall long stage3_1.mtrl",".mtrl","","",""
"building n wall long stage3_2.mtrl",".mtrl","","",""
"building n wall long stage3_death_0.mtrl",".mtrl","","",""
"building n wall long stage3_death_1.mtrl",".mtrl","","",""
"building n wall long stage3_death_2.mtrl",".mtrl","","",""
"building n wall long_0.mtrl",".mtrl","","",""
"building n wall long_1.mtrl",".mtrl","","",""
"building n wall medium stage1_0.mtrl",".mtrl","","",""
"building n wall medium stage1_1.mtrl",".mtrl","","",""
"building n wall medium stage1_2.mtrl",".mtrl","","",""
"building n wall medium stage2_0.mtrl",".mtrl","","",""
"building n wall medium stage2_1.mtrl",".mtrl","","",""
"building n wall medium stage2_2.mtrl",".mtrl","","",""
"building n wall medium stage3_0.mtrl",".mtrl","","",""
"building n wall medium stage3_1.mtrl",".mtrl","","",""
"building n wall medium stage3_2.mtrl",".mtrl","","",""
"building n wall medium stage3_death_0.mtrl",".mtrl","","",""
"building n wall medium stage3_death_1.mtrl",".mtrl","","",""
"building n wall medium stage3_death_2.mtrl",".mtrl","","",""
"building n wall medium_0.mtrl",".mtrl","","",""
"building n wall medium_1.mtrl",".mtrl","","",""
"building n wall short stage1_0.mtrl",".mtrl","","",""
"building n wall short stage1_1.mtrl",".mtrl","","",""
"building n wall short stage1_2.mtrl",".mtrl","","",""
"building n wall short stage2_0.mtrl",".mtrl","","",""
"building n wall short stage2_1.mtrl",".mtrl","","",""
"building n wall short stage2_2.mtrl",".mtrl","","",""
"building n wall short stage3_0.mtrl",".mtrl","","",""
"building n wall short stage3_1.mtrl",".mtrl","","",""
"building n wall short stage3_2.mtrl",".mtrl","","",""
"building n wall short stage3_death_0.mtrl",".mtrl","","",""
"building n wall short stage3_death_1.mtrl",".mtrl","","",""
"building n wall short stage3_death_2.mtrl",".mtrl","","",""
"building n wall short_0.mtrl",".mtrl","","",""
"building n wall short_1.mtrl",".mtrl","","",""
"building n wallconnector_0.mtrl",".mtrl","","",""
"building n wallconnector_1.mtrl",".mtrl","","",""
"building n wallconnector_death_0.mtrl",".mtrl","","",""
"building n wallconnector_death_1.mtrl",".mtrl","","",""
"building n wonder con1_0.mtrl",".mtrl","","",""
"building n wonder con1_1.mtrl",".mtrl","","",""
"building n wonder con1_2.mtrl",".mtrl","","",""
"building n wonder_0.mtrl",".mtrl","","",""
"building n wonder_1.mtrl",".mtrl","","",""
"building n wonder_2.mtrl",".mtrl","","",""
"building n wonder_3.mtrl",".mtrl","","",""
"building n wonder_4.mtrl",".mtrl","","",""
"building n wonder_death_0.mtrl",".mtrl","","",""
"building n wonder_death_1.mtrl",".mtrl","","",""
"building n wonder_death_2.mtrl",".mtrl","","",""
"building n wonder_death_3.mtrl",".mtrl","","",""
"building norse titan gate_dead_0.mtrl",".mtrl","","",""
"building norse titan gate_dead_1.mtrl",".mtrl","","",""
"building norse titan gate_dead_2.mtrl",".mtrl","","",""
"building norse titan gate_death_0.mtrl",".mtrl","","",""
"building norse titan gate_death_1.mtrl",".mtrl","","",""
"building norse titan gate_death_2.mtrl",".mtrl","","",""
"building outpost destructed_0.mtrl",".mtrl","","",""
"building outpost_0.mtrl",".mtrl","","",""
"building outpost_1.mtrl",".mtrl","","",""
"building outpost_death_0.mtrl",".mtrl","","",""
"building outpost_death_1.mtrl",".mtrl","","",""
"building settlement_0.mtrl",".mtrl","","",""
"building settlement_1.mtrl",".mtrl","","",""
"building settlement_construction_0.mtrl",".mtrl","","",""
"building settlement_construction_1.mtrl",".mtrl","","",""
"building settlement_construction_2.mtrl",".mtrl","","",""
"building vinea_0.mtrl",".mtrl","","",""
"building vineb_0.mtrl",".mtrl","","",""
"building wall long_0.mtrl",".mtrl","","",""
"building wall long_1.mtrl",".mtrl","","",""
"building wall medium_0.mtrl",".mtrl","","",""
"building wall medium_1.mtrl",".mtrl","","",""
"building wall short_0.mtrl",".mtrl","","",""
"building wall short_1.mtrl",".mtrl","","",""
"building wallconnector_0.mtrl",".mtrl","","",""
"building wallconnector_1.mtrl",".mtrl","","",""
"building wdstage1 long_0.mtrl",".mtrl","","",""
"building wdstage1 short_0.mtrl",".mtrl","","",""
"building wdstage2 long_0.mtrl",".mtrl","","",""
"building wdstage2 short_0.mtrl",".mtrl","","",""
"building wdstage3 long_0.mtrl",".mtrl","","",""
"building wdstage3 short_0.mtrl",".mtrl","","",""
"building wdtestage1 long_0.mtrl",".mtrl","","",""
"building wdtestage1 short_0.mtrl",".mtrl","","",""
"building wdtestage2 long_0.mtrl",".mtrl","","",""
"building wdtestage2 short_0.mtrl",".mtrl","","",""
"building wdtestage3 long_0.mtrl",".mtrl","","",""
"building wdtestage3 short_0.mtrl",".mtrl","","",""
"building wdtstage1 long_0.mtrl",".mtrl","","",""
"building wdtstage1 short_0.mtrl",".mtrl","","",""
"building wdtstage2 long_0.mtrl",".mtrl","","",""
"building wdtstage2 short_0.mtrl",".mtrl","","",""
"building wdtstage3 long_0.mtrl",".mtrl","","",""
"building wdtstage3 short_0.mtrl",".mtrl","","",""
"building x armory age1_0.mtrl",".mtrl","","",""
"building x armory age1_1.mtrl",".mtrl","","",""
"building x armory age1_2.mtrl",".mtrl","","",""
"building x armory age1_3.mtrl",".mtrl","","",""
"building x armory age1_4.mtrl",".mtrl","","",""
"building x armory age1_5.mtrl",".mtrl","","",""
"building x armory age1_death_0.mtrl",".mtrl","","",""
"building x armory age1_death_1.mtrl",".mtrl","","",""
"building x armory age1_death_2.mtrl",".mtrl","","",""
"building x armory age1_death_3.mtrl",".mtrl","","",""
"building x armory age2 death_0.mtrl",".mtrl","","",""
"building x armory age2 death_1.mtrl",".mtrl","","",""
"building x armory age2 death_2.mtrl",".mtrl","","",""
"building x armory age2 death_3.mtrl",".mtrl","","",""
"building x armory age2 death_4.mtrl",".mtrl","","",""
"building x armory age2_0.mtrl",".mtrl","","",""
"building x armory age2_1.mtrl",".mtrl","","",""
"building x armory age2_2.mtrl",".mtrl","","",""
"building x armory age2_3.mtrl",".mtrl","","",""
"building x armory age2_4.mtrl",".mtrl","","",""
"building x armory age2_5.mtrl",".mtrl","","",""
"building x armory age2_6.mtrl",".mtrl","","",""
"building x armory age2_death_0.mtrl",".mtrl","","",""
"building x armory age2_death_1.mtrl",".mtrl","","",""
"building x armory age2_death_2.mtrl",".mtrl","","",""
"building x armory age2_death_3.mtrl",".mtrl","","",""
"building x armory age2_death_4.mtrl",".mtrl","","",""
"building x armory age3_0.mtrl",".mtrl","","",""
"building x armory age3_1.mtrl",".mtrl","","",""
"building x armory age3_2.mtrl",".mtrl","","",""
"building x armory age3_3.mtrl",".mtrl","","",""
"building x armory age3_4.mtrl",".mtrl","","",""
"building x armory age3_5.mtrl",".mtrl","","",""
"building x armory age3_death_0.mtrl",".mtrl","","",""
"building x armory age3_death_1.mtrl",".mtrl","","",""
"building x armory age3_death_2.mtrl",".mtrl","","",""
"building x armory age3_death_3.mtrl",".mtrl","","",""
"building x armory age3_death_4.mtrl",".mtrl","","",""
"building x armory age3_death_5.mtrl",".mtrl","","",""
"building x ballista tower age2_0.mtrl",".mtrl","","",""
"building x ballista tower age2_death_0.mtrl",".mtrl","","",""
"building x ballista tower age3_0.mtrl",".mtrl","","",""
"building x ballista tower age3_death_0.mtrl",".mtrl","","",""
"building x ballista tower age4_0.mtrl",".mtrl","","",""
"building x ballista tower age4_death_0.mtrl",".mtrl","","",""
"building x barracks age1_0.mtrl",".mtrl","","",""
"building x barracks age1_1.mtrl",".mtrl","","",""
"building x barracks age1_2.mtrl",".mtrl","","",""
"building x barracks age1_3.mtrl",".mtrl","","",""
"building x barracks age1_death_0.mtrl",".mtrl","","",""
"building x barracks age1_death_1.mtrl",".mtrl","","",""
"building x barracks age1_death_2.mtrl",".mtrl","","",""
"building x barracks age2_0.mtrl",".mtrl","","",""
"building x barracks age2_1.mtrl",".mtrl","","",""
"building x barracks age2_2.mtrl",".mtrl","","",""
"building x barracks age2_3.mtrl",".mtrl","","",""
"building x barracks age2_death_0.mtrl",".mtrl","","",""
"building x barracks age2_death_1.mtrl",".mtrl","","",""
"building x barracks age2_death_2.mtrl",".mtrl","","",""
"building x barracks age2_death_3.mtrl",".mtrl","","",""
"building x barracks age3_0.mtrl",".mtrl","","",""
"building x barracks age3_1.mtrl",".mtrl","","",""
"building x barracks age3_2.mtrl",".mtrl","","",""
"building x barracks age3_3.mtrl",".mtrl","","",""
"building x barracks age3_death_0.mtrl",".mtrl","","",""
"building x barracks age3_death_1.mtrl",".mtrl","","",""
"building x barracks age3_death_2.mtrl",".mtrl","","",""
"building x barracks flags_0.mtrl",".mtrl","","",""
"building x bronze gate_closeddam1_0.mtrl",".mtrl","","",""
"building x bronze gate_closeddam1_1.mtrl",".mtrl","","",""
"building x bronze gate_closeddam2_0.mtrl",".mtrl","","",""
"building x bronze gate_closeddam2_1.mtrl",".mtrl","","",""
"building x bronze gate_closeddam3_0.mtrl",".mtrl","","",""
"building x bronze gate_closeddam3_1.mtrl",".mtrl","","",""
"building x bronze gate_closed_0.mtrl",".mtrl","","",""
"building x bronze gate_closed_1.mtrl",".mtrl","","",""
"building x bronze gate_closingdam1_0.mtrl",".mtrl","","",""
"building x bronze gate_closingdam1_1.mtrl",".mtrl","","",""
"building x bronze gate_closingdam2_0.mtrl",".mtrl","","",""
"building x bronze gate_closingdam2_1.mtrl",".mtrl","","",""
"building x bronze gate_closingdam3_0.mtrl",".mtrl","","",""
"building x bronze gate_closingdam3_1.mtrl",".mtrl","","",""
"building x bronze gate_closing_0.mtrl",".mtrl","","",""
"building x bronze gate_closing_1.mtrl",".mtrl","","",""
"building x bronze gate_opendam1_0.mtrl",".mtrl","","",""
"building x bronze gate_opendam1_1.mtrl",".mtrl","","",""
"building x bronze gate_opendam2_0.mtrl",".mtrl","","",""
"building x bronze gate_opendam2_1.mtrl",".mtrl","","",""
"building x bronze gate_opendam3_0.mtrl",".mtrl","","",""
"building x bronze gate_opendam3_1.mtrl",".mtrl","","",""
"building x bronze gate_openingdam1_0.mtrl",".mtrl","","",""
"building x bronze gate_openingdam1_1.mtrl",".mtrl","","",""
"building x bronze gate_openingdam2_0.mtrl",".mtrl","","",""
"building x bronze gate_openingdam2_1.mtrl",".mtrl","","",""
"building x bronze gate_openingdam3_0.mtrl",".mtrl","","",""
"building x bronze gate_openingdam3_1.mtrl",".mtrl","","",""
"building x bronze gate_opening_0.mtrl",".mtrl","","",""
"building x bronze gate_opening_1.mtrl",".mtrl","","",""
"building x bronze gate_open_0.mtrl",".mtrl","","",""
"building x bronze gate_open_1.mtrl",".mtrl","","",""
"building x construction dock_0.mtrl",".mtrl","","",""
"building x construction dock_1.mtrl",".mtrl","","",""
"building x construction palace2 age3_0.mtrl",".mtrl","","",""
"building x construction palace2 age3_1.mtrl",".mtrl","","",""
"building x construction palace2 age3_2.mtrl",".mtrl","","",""
"building x construction palace2 age3_3.mtrl",".mtrl","","",""
"building x construction palace2_0.mtrl",".mtrl","","",""
"building x construction palace2_1.mtrl",".mtrl","","",""
"building x construction palace2_2.mtrl",".mtrl","","",""
"building x construction palace2_3.mtrl",".mtrl","","",""
"building x construction palace_0.mtrl",".mtrl","","",""
"building x construction palace_1.mtrl",".mtrl","","",""
"building x construction palace_2.mtrl",".mtrl","","",""
"building x construction temple_0.mtrl",".mtrl","","",""
"building x construction temple_1.mtrl",".mtrl","","",""
"building x construction temple_2.mtrl",".mtrl","","",""
"building x dock age0_0.mtrl",".mtrl","","",""
"building x dock age0_1.mtrl",".mtrl","","",""
"building x dock age0_2.mtrl",".mtrl","","",""
"building x dock age0_3.mtrl",".mtrl","","",""
"building x dock age0_4.mtrl",".mtrl","","",""
"building x dock age0_death_0.mtrl",".mtrl","","",""
"building x dock age0_death_1.mtrl",".mtrl","","",""
"building x dock age0_death_2.mtrl",".mtrl","","",""
"building x dock age0_death_3.mtrl",".mtrl","","",""
"building x dock age0_death_4.mtrl",".mtrl","","",""
"building x dock age1_0.mtrl",".mtrl","","",""
"building x dock age1_1.mtrl",".mtrl","","",""
"building x dock age1_2.mtrl",".mtrl","","",""
"building x dock age1_3.mtrl",".mtrl","","",""
"building x dock age1_4.mtrl",".mtrl","","",""
"building x dock age1_death_0.mtrl",".mtrl","","",""
"building x dock age1_death_1.mtrl",".mtrl","","",""
"building x dock age1_death_2.mtrl",".mtrl","","",""
"building x dock age1_death_3.mtrl",".mtrl","","",""
"building x dock age1_death_4.mtrl",".mtrl","","",""
"building x dock age2_0.mtrl",".mtrl","","",""
"building x dock age2_1.mtrl",".mtrl","","",""
"building x dock age2_2.mtrl",".mtrl","","",""
"building x dock age2_3.mtrl",".mtrl","","",""
"building x dock age2_4.mtrl",".mtrl","","",""
"building x dock age2_death_0.mtrl",".mtrl","","",""
"building x dock age2_death_1.mtrl",".mtrl","","",""
"building x dock age2_death_2.mtrl",".mtrl","","",""
"building x dock age2_death_3.mtrl",".mtrl","","",""
"building x dock age2_death_4.mtrl",".mtrl","","",""
"building x dock age3_0.mtrl",".mtrl","","",""
"building x dock age3_1.mtrl",".mtrl","","",""
"building x dock age3_2.mtrl",".mtrl","","",""
"building x dock age3_3.mtrl",".mtrl","","",""
"building x dock age3_death_0.mtrl",".mtrl","","",""
"building x dock age3_death_1.mtrl",".mtrl","","",""
"building x dock age3_death_2.mtrl",".mtrl","","",""
"building x dock age3_death_3.mtrl",".mtrl","","",""
"building x dock flag_0.mtrl",".mtrl","","",""
"building x gaia wonder con 3_0.mtrl",".mtrl","","",""
"building x gaia wonder con 3_1.mtrl",".mtrl","","",""
"building x gaia wonder con 3_2.mtrl",".mtrl","","",""
"building x gaia wonder con 3_3.mtrl",".mtrl","","",""
"building x gaia wonder con 3_4.mtrl",".mtrl","","",""
"building x gaia wonder con 4_0.mtrl",".mtrl","","",""
"building x gaia wonder con 4_1.mtrl",".mtrl","","",""
"building x gaia wonder con 4_2.mtrl",".mtrl","","",""
"building x gaia wonder con 4_3.mtrl",".mtrl","","",""
"building x gaia wonder con 4_4.mtrl",".mtrl","","",""
"building x gaia wonder con 4_5.mtrl",".mtrl","","",""
"building x gaia wonder waterfall_0.mtrl",".mtrl","","",""
"building x guard tower age2_0.mtrl",".mtrl","","",""
"building x guard tower age2_death_0.mtrl",".mtrl","","",""
"building x guard tower age3_0.mtrl",".mtrl","","",""
"building x guard tower age3_death_0.mtrl",".mtrl","","",""
"building x guard tower age4_0.mtrl",".mtrl","","",""
"building x guard tower age4_death_0.mtrl",".mtrl","","",""
"building x guard tower_0.mtrl",".mtrl","","",""
"building x guard tower_1.mtrl",".mtrl","","",""
"building x guard tower_death_0.mtrl",".mtrl","","",""
"building x guard tower_death_1.mtrl",".mtrl","","",""
"building x guild age0_0.mtrl",".mtrl","","",""
"building x guild age0_1.mtrl",".mtrl","","",""
"building x guild age0_2.mtrl",".mtrl","","",""
"building x guild age0_3.mtrl",".mtrl","","",""
"building x guild age0_4.mtrl",".mtrl","","",""
"building x guild age0_5.mtrl",".mtrl","","",""
"building x guild age0_6.mtrl",".mtrl","","",""
"building x guild age0_7.mtrl",".mtrl","","",""
"building x guild age0_death_0.mtrl",".mtrl","","",""
"building x guild age0_death_1.mtrl",".mtrl","","",""
"building x guild age0_death_2.mtrl",".mtrl","","",""
"building x guild age0_death_3.mtrl",".mtrl","","",""
"building x guild age0_death_4.mtrl",".mtrl","","",""
"building x guild age1_0.mtrl",".mtrl","","",""
"building x guild age1_1.mtrl",".mtrl","","",""
"building x guild age1_2.mtrl",".mtrl","","",""
"building x guild age1_3.mtrl",".mtrl","","",""
"building x guild age1_4.mtrl",".mtrl","","",""
"building x guild age1_5.mtrl",".mtrl","","",""
"building x guild age1_6.mtrl",".mtrl","","",""
"building x guild age1_death_0.mtrl",".mtrl","","",""
"building x guild age1_death_1.mtrl",".mtrl","","",""
"building x guild age1_death_2.mtrl",".mtrl","","",""
"building x guild age1_death_3.mtrl",".mtrl","","",""
"building x guild age1_death_4.mtrl",".mtrl","","",""
"building x guild age2_0.mtrl",".mtrl","","",""
"building x guild age2_1.mtrl",".mtrl","","",""
"building x guild age2_2.mtrl",".mtrl","","",""
"building x guild age2_3.mtrl",".mtrl","","",""
"building x guild age2_4.mtrl",".mtrl","","",""
"building x guild age2_5.mtrl",".mtrl","","",""
"building x guild age2_6.mtrl",".mtrl","","",""
"building x guild age2_7.mtrl",".mtrl","","",""
"building x guild age2_death_0.mtrl",".mtrl","","",""
"building x guild age2_death_1.mtrl",".mtrl","","",""
"building x guild age2_death_2.mtrl",".mtrl","","",""
"building x guild age2_death_3.mtrl",".mtrl","","",""
"building x guild age2_death_4.mtrl",".mtrl","","",""
"building x guild age2_death_5.mtrl",".mtrl","","",""
"building x guild age3_0.mtrl",".mtrl","","",""
"building x guild age3_1.mtrl",".mtrl","","",""
"building x guild age3_2.mtrl",".mtrl","","",""
"building x guild age3_3.mtrl",".mtrl","","",""
"building x guild age3_4.mtrl",".mtrl","","",""
"building x guild age3_5.mtrl",".mtrl","","",""
"building x guild age3_6.mtrl",".mtrl","","",""
"building x guild age3_7.mtrl",".mtrl","","",""
"building x guild age3_death_0.mtrl",".mtrl","","",""
"building x guild age3_death_1.mtrl",".mtrl","","",""
"building x guild age3_death_2.mtrl",".mtrl","","",""
"building x guild age3_death_3.mtrl",".mtrl","","",""
"building x iron gate_closeddam1_0.mtrl",".mtrl","","",""
"building x iron gate_closeddam1_1.mtrl",".mtrl","","",""
"building x iron gate_closeddam2_0.mtrl",".mtrl","","",""
"building x iron gate_closeddam2_1.mtrl",".mtrl","","",""
"building x iron gate_closeddam3_0.mtrl",".mtrl","","",""
"building x iron gate_closeddam3_1.mtrl",".mtrl","","",""
"building x iron gate_closed_0.mtrl",".mtrl","","",""
"building x iron gate_closed_1.mtrl",".mtrl","","",""
"building x iron gate_closingdam1_0.mtrl",".mtrl","","",""
"building x iron gate_closingdam1_1.mtrl",".mtrl","","",""
"building x iron gate_closingdam2_0.mtrl",".mtrl","","",""
"building x iron gate_closingdam2_1.mtrl",".mtrl","","",""
"building x iron gate_closingdam3_0.mtrl",".mtrl","","",""
"building x iron gate_closingdam3_1.mtrl",".mtrl","","",""
"building x iron gate_closing_0.mtrl",".mtrl","","",""
"building x iron gate_closing_1.mtrl",".mtrl","","",""
"building x iron gate_opendam1_0.mtrl",".mtrl","","",""
"building x iron gate_opendam1_1.mtrl",".mtrl","","",""
"building x iron gate_opendam2_0.mtrl",".mtrl","","",""
"building x iron gate_opendam2_1.mtrl",".mtrl","","",""
"building x iron gate_opendam3_0.mtrl",".mtrl","","",""
"building x iron gate_opendam3_1.mtrl",".mtrl","","",""
"building x iron gate_openingdam1_0.mtrl",".mtrl","","",""
"building x iron gate_openingdam1_1.mtrl",".mtrl","","",""
"building x iron gate_openingdam2_0.mtrl",".mtrl","","",""
"building x iron gate_openingdam2_1.mtrl",".mtrl","","",""
"building x iron gate_openingdam3_0.mtrl",".mtrl","","",""
"building x iron gate_openingdam3_1.mtrl",".mtrl","","",""
"building x iron gate_opening_0.mtrl",".mtrl","","",""
"building x iron gate_opening_1.mtrl",".mtrl","","",""
"building x iron gate_open_0.mtrl",".mtrl","","",""
"building x iron gate_open_1.mtrl",".mtrl","","",""
"building x kronos wonder con 3_0.mtrl",".mtrl","","",""
"building x kronos wonder con 3_1.mtrl",".mtrl","","",""
"building x kronos wonder con 3_2.mtrl",".mtrl","","",""
"building x kronos wonder con 3_3.mtrl",".mtrl","","",""
"building x kronos wonder con 3_4.mtrl",".mtrl","","",""
"building x kronos wonder con 3_5.mtrl",".mtrl","","",""
"building x kronos wonder con 4_0.mtrl",".mtrl","","",""
"building x kronos wonder con 4_1.mtrl",".mtrl","","",""
"building x kronos wonder con 4_2.mtrl",".mtrl","","",""
"building x kronos wonder con 4_3.mtrl",".mtrl","","",""
"building x kronos wonder con 4_4.mtrl",".mtrl","","",""
"building x kronos wonder con 4_5.mtrl",".mtrl","","",""
"building x manor a age0_0.mtrl",".mtrl","","",""
"building x manor a age0_1.mtrl",".mtrl","","",""
"building x manor a age0_2.mtrl",".mtrl","","",""
"building x manor a age0_3.mtrl",".mtrl","","",""
"building x manor a age0_4.mtrl",".mtrl","","",""
"building x manor a age0_death_0.mtrl",".mtrl","","",""
"building x manor a age0_death_1.mtrl",".mtrl","","",""
"building x manor a age0_death_2.mtrl",".mtrl","","",""
"building x manor a age1_0.mtrl",".mtrl","","",""
"building x manor a age1_1.mtrl",".mtrl","","",""
"building x manor a age1_2.mtrl",".mtrl","","",""
"building x manor a age1_3.mtrl",".mtrl","","",""
"building x manor a age1_4.mtrl",".mtrl","","",""
"building x manor a age1_5.mtrl",".mtrl","","",""
"building x manor a age1_6.mtrl",".mtrl","","",""
"building x manor a age1_death_0.mtrl",".mtrl","","",""
"building x manor a age1_death_1.mtrl",".mtrl","","",""
"building x manor a age1_death_2.mtrl",".mtrl","","",""
"building x manor a age1_death_3.mtrl",".mtrl","","",""
"building x manor a age2_0.mtrl",".mtrl","","",""
"building x manor a age2_1.mtrl",".mtrl","","",""
"building x manor a age2_2.mtrl",".mtrl","","",""
"building x manor a age2_3.mtrl",".mtrl","","",""
"building x manor a age2_4.mtrl",".mtrl","","",""
"building x manor a age2_5.mtrl",".mtrl","","",""
"building x manor a age2_6.mtrl",".mtrl","","",""
"building x manor a age2_death_0.mtrl",".mtrl","","",""
"building x manor a age2_death_1.mtrl",".mtrl","","",""
"building x manor a age2_death_2.mtrl",".mtrl","","",""
"building x manor a age2_death_3.mtrl",".mtrl","","",""
"building x manor a age3_0.mtrl",".mtrl","","",""
"building x manor a age3_1.mtrl",".mtrl","","",""
"building x manor a age3_2.mtrl",".mtrl","","",""
"building x manor a age3_3.mtrl",".mtrl","","",""
"building x manor a age3_4.mtrl",".mtrl","","",""
"building x manor a age3_5.mtrl",".mtrl","","",""
"building x manor a age3_death_0.mtrl",".mtrl","","",""
"building x manor a age3_death_1.mtrl",".mtrl","","",""
"building x manor a age3_death_2.mtrl",".mtrl","","",""
"building x manor b age0_0.mtrl",".mtrl","","",""
"building x manor b age0_1.mtrl",".mtrl","","",""
"building x manor b age0_2.mtrl",".mtrl","","",""
"building x manor b age0_3.mtrl",".mtrl","","",""
"building x manor b age0_4.mtrl",".mtrl","","",""
"building x manor b age0_5.mtrl",".mtrl","","",""
"building x manor b age0_death_0.mtrl",".mtrl","","",""
"building x manor b age0_death_1.mtrl",".mtrl","","",""
"building x manor b age0_death_2.mtrl",".mtrl","","",""
"building x manor b age0_death_3.mtrl",".mtrl","","",""
"building x manor b age1_0.mtrl",".mtrl","","",""
"building x manor b age1_1.mtrl",".mtrl","","",""
"building x manor b age1_2.mtrl",".mtrl","","",""
"building x manor b age1_3.mtrl",".mtrl","","",""
"building x manor b age1_4.mtrl",".mtrl","","",""
"building x manor b age1_5.mtrl",".mtrl","","",""
"building x manor b age1_death_0.mtrl",".mtrl","","",""
"building x manor b age1_death_1.mtrl",".mtrl","","",""
"building x manor b age1_death_2.mtrl",".mtrl","","",""
"building x manor b age1_death_3.mtrl",".mtrl","","",""
"building x manor b age2_0.mtrl",".mtrl","","",""
"building x manor b age2_1.mtrl",".mtrl","","",""
"building x manor b age2_2.mtrl",".mtrl","","",""
"building x manor b age2_3.mtrl",".mtrl","","",""
"building x manor b age2_4.mtrl",".mtrl","","",""
"building x manor b age2_5.mtrl",".mtrl","","",""
"building x manor b age2_6.mtrl",".mtrl","","",""
"building x manor b age2_death_0.mtrl",".mtrl","","",""
"building x manor b age2_death_1.mtrl",".mtrl","","",""
"building x manor b age2_death_2.mtrl",".mtrl","","",""
"building x manor b age2_death_3.mtrl",".mtrl","","",""
"building x manor b age2_death_4.mtrl",".mtrl","","",""
"building x manor b age3_0.mtrl",".mtrl","","",""
"building x manor b age3_1.mtrl",".mtrl","","",""
"building x manor b age3_2.mtrl",".mtrl","","",""
"building x manor b age3_3.mtrl",".mtrl","","",""
"building x manor b age3_4.mtrl",".mtrl","","",""
"building x manor b age3_5.mtrl",".mtrl","","",""
"building x manor b age3_6.mtrl",".mtrl","","",""
"building x manor b age3_death_0.mtrl",".mtrl","","",""
"building x manor b age3_death_1.mtrl",".mtrl","","",""
"building x manor b age3_death_2.mtrl",".mtrl","","",""
"building x manor b age3_death_3.mtrl",".mtrl","","",""
"building x manor b age3_death_4.mtrl",".mtrl","","",""
"building x manor c age0_0.mtrl",".mtrl","","",""
"building x manor c age0_1.mtrl",".mtrl","","",""
"building x manor c age0_2.mtrl",".mtrl","","",""
"building x manor c age0_3.mtrl",".mtrl","","",""
"building x manor c age0_4.mtrl",".mtrl","","",""
"building x manor c age0_death_0.mtrl",".mtrl","","",""
"building x manor c age0_death_1.mtrl",".mtrl","","",""
"building x manor c age0_death_2.mtrl",".mtrl","","",""
"building x manor c age1_0.mtrl",".mtrl","","",""
"building x manor c age1_1.mtrl",".mtrl","","",""
"building x manor c age1_2.mtrl",".mtrl","","",""
"building x manor c age1_3.mtrl",".mtrl","","",""
"building x manor c age1_4.mtrl",".mtrl","","",""
"building x manor c age1_death_0.mtrl",".mtrl","","",""
"building x manor c age1_death_1.mtrl",".mtrl","","",""
"building x manor c age1_death_2.mtrl",".mtrl","","",""
"building x manor c age2_0.mtrl",".mtrl","","",""
"building x manor c age2_1.mtrl",".mtrl","","",""
"building x manor c age2_2.mtrl",".mtrl","","",""
"building x manor c age2_3.mtrl",".mtrl","","",""
"building x manor c age2_4.mtrl",".mtrl","","",""
"building x manor c age2_5.mtrl",".mtrl","","",""
"building x manor c age2_death_0.mtrl",".mtrl","","",""
"building x manor c age2_death_1.mtrl",".mtrl","","",""
"building x manor c age2_death_2.mtrl",".mtrl","","",""
"building x manor c age2_death_3.mtrl",".mtrl","","",""
"building x manor c age3_0.mtrl",".mtrl","","",""
"building x manor c age3_1.mtrl",".mtrl","","",""
"building x manor c age3_2.mtrl",".mtrl","","",""
"building x manor c age3_3.mtrl",".mtrl","","",""
"building x manor c age3_4.mtrl",".mtrl","","",""
"building x manor c age3_5.mtrl",".mtrl","","",""
"building x manor c age3_death_0.mtrl",".mtrl","","",""
"building x manor c age3_death_1.mtrl",".mtrl","","",""
"building x manor c age3_death_2.mtrl",".mtrl","","",""
"building x manor c age3_death_3.mtrl",".mtrl","","",""
"building x market age2_0.mtrl",".mtrl","","",""
"building x market age2_1.mtrl",".mtrl","","",""
"building x market age2_2.mtrl",".mtrl","","",""
"building x market age2_3.mtrl",".mtrl","","",""
"building x market age2_4.mtrl",".mtrl","","",""
"building x market age2_5.mtrl",".mtrl","","",""
"building x market age2_6.mtrl",".mtrl","","",""
"building x market age2_7.mtrl",".mtrl","","",""
"building x market age2_8.mtrl",".mtrl","","",""
"building x market age2_9.mtrl",".mtrl","","",""
"building x market age2_death_0.mtrl",".mtrl","","",""
"building x market age2_death_1.mtrl",".mtrl","","",""
"building x market age2_death_2.mtrl",".mtrl","","",""
"building x market age2_death_3.mtrl",".mtrl","","",""
"building x market age2_death_4.mtrl",".mtrl","","",""
"building x market age2_death_5.mtrl",".mtrl","","",""
"building x market age2_death_6.mtrl",".mtrl","","",""
"building x market age2_death_7.mtrl",".mtrl","","",""
"building x market age2_death_8.mtrl",".mtrl","","",""
"building x market age3_0.mtrl",".mtrl","","",""
"building x market age3_1.mtrl",".mtrl","","",""
"building x market age3_2.mtrl",".mtrl","","",""
"building x market age3_3.mtrl",".mtrl","","",""
"building x market age3_4.mtrl",".mtrl","","",""
"building x market age3_5.mtrl",".mtrl","","",""
"building x market age3_death_0.mtrl",".mtrl","","",""
"building x market age3_death_1.mtrl",".mtrl","","",""
"building x market age3_death_2.mtrl",".mtrl","","",""
"building x market age3_death_3.mtrl",".mtrl","","",""
"building x mirror tower base_0.mtrl",".mtrl","","",""
"building x mirror tower base_1.mtrl",".mtrl","","",""
"building x mirror tower base_death_0.mtrl",".mtrl","","",""
"building x mirror tower base_death_1.mtrl",".mtrl","","",""
"building x mirror tower_0.mtrl",".mtrl","","",""
"building x mirror tower_1.mtrl",".mtrl","","",""
"building x oranos wonder con 3_0.mtrl",".mtrl","","",""
"building x oranos wonder con 3_1.mtrl",".mtrl","","",""
"building x oranos wonder con 3_2.mtrl",".mtrl","","",""
"building x oranos wonder con 3_3.mtrl",".mtrl","","",""
"building x oranos wonder con 3_4.mtrl",".mtrl","","",""
"building x oranos wonder con 3_5.mtrl",".mtrl","","",""
"building x oranos wonder con 3_6.mtrl",".mtrl","","",""
"building x oranos wonder con 4_0.mtrl",".mtrl","","",""
"building x oranos wonder con 4_1.mtrl",".mtrl","","",""
"building x oranos wonder con 4_2.mtrl",".mtrl","","",""
"building x oranos wonder con 4_3.mtrl",".mtrl","","",""
"building x oranos wonder con 4_4.mtrl",".mtrl","","",""
"building x oranos wonder con 4_5.mtrl",".mtrl","","",""
"building x oranos wonder con 4_6.mtrl",".mtrl","","",""
"building x oranos wonder con 4_7.mtrl",".mtrl","","",""
"building x oranos wonder con 4_8.mtrl",".mtrl","","",""
"building x oranos wonder con 4_9.mtrl",".mtrl","","",""
"building x oreichalkos gate_closeddam1_0.mtrl",".mtrl","","",""
"building x oreichalkos gate_closeddam1_1.mtrl",".mtrl","","",""
"building x oreichalkos gate_closeddam2_0.mtrl",".mtrl","","",""
"building x oreichalkos gate_closeddam2_1.mtrl",".mtrl","","",""
"building x oreichalkos gate_closeddam3_0.mtrl",".mtrl","","",""
"building x oreichalkos gate_closeddam3_1.mtrl",".mtrl","","",""
"building x oreichalkos gate_closed_0.mtrl",".mtrl","","",""
"building x oreichalkos gate_closed_1.mtrl",".mtrl","","",""
"building x oreichalkos gate_closingdam1_0.mtrl",".mtrl","","",""
"building x oreichalkos gate_closingdam1_1.mtrl",".mtrl","","",""
"building x oreichalkos gate_closingdam2_0.mtrl",".mtrl","","",""
"building x oreichalkos gate_closingdam2_1.mtrl",".mtrl","","",""
"building x oreichalkos gate_closingdam3_0.mtrl",".mtrl","","",""
"building x oreichalkos gate_closingdam3_1.mtrl",".mtrl","","",""
"building x oreichalkos gate_closing_0.mtrl",".mtrl","","",""
"building x oreichalkos gate_closing_1.mtrl",".mtrl","","",""
"building x oreichalkos gate_opendam1_0.mtrl",".mtrl","","",""
"building x oreichalkos gate_opendam1_1.mtrl",".mtrl","","",""
"building x oreichalkos gate_opendam2_0.mtrl",".mtrl","","",""
"building x oreichalkos gate_opendam2_1.mtrl",".mtrl","","",""
"building x oreichalkos gate_opendam3_0.mtrl",".mtrl","","",""
"building x oreichalkos gate_opendam3_1.mtrl",".mtrl","","",""
"building x oreichalkos gate_openingdam1_0.mtrl",".mtrl","","",""
"building x oreichalkos gate_openingdam1_1.mtrl",".mtrl","","",""
"building x oreichalkos gate_openingdam2_0.mtrl",".mtrl","","",""
"building x oreichalkos gate_openingdam2_1.mtrl",".mtrl","","",""
"building x oreichalkos gate_openingdam3_0.mtrl",".mtrl","","",""
"building x oreichalkos gate_openingdam3_1.mtrl",".mtrl","","",""
"building x oreichalkos gate_opening_0.mtrl",".mtrl","","",""
"building x oreichalkos gate_opening_1.mtrl",".mtrl","","",""
"building x oreichalkos gate_open_0.mtrl",".mtrl","","",""
"building x oreichalkos gate_open_1.mtrl",".mtrl","","",""
"building x palace age2_0.mtrl",".mtrl","","",""
"building x palace age2_1.mtrl",".mtrl","","",""
"building x palace age2_2.mtrl",".mtrl","","",""
"building x palace age2_3.mtrl",".mtrl","","",""
"building x palace age2_4.mtrl",".mtrl","","",""
"building x palace age2_5.mtrl",".mtrl","","",""
"building x palace age2_6.mtrl",".mtrl","","",""
"building x palace age2_death_0.mtrl",".mtrl","","",""
"building x palace age2_death_1.mtrl",".mtrl","","",""
"building x palace age2_death_2.mtrl",".mtrl","","",""
"building x palace age2_death_3.mtrl",".mtrl","","",""
"building x palace age2_death_4.mtrl",".mtrl","","",""
"building x palace age2_death_5.mtrl",".mtrl","","",""
"building x palace age2_death_6.mtrl",".mtrl","","",""
"building x palace age3_0.mtrl",".mtrl","","",""
"building x palace age3_1.mtrl",".mtrl","","",""
"building x palace age3_2.mtrl",".mtrl","","",""
"building x palace age3_3.mtrl",".mtrl","","",""
"building x palace age3_4.mtrl",".mtrl","","",""
"building x palace age3_death_0.mtrl",".mtrl","","",""
"building x palace age3_death_1.mtrl",".mtrl","","",""
"building x palace age3_death_2.mtrl",".mtrl","","",""
"building x palace age3_death_3.mtrl",".mtrl","","",""
"building x palace age3_death_4.mtrl",".mtrl","","",""
"building x settlement age0_0.mtrl",".mtrl","","",""
"building x settlement age0_1.mtrl",".mtrl","","",""
"building x settlement age0_2.mtrl",".mtrl","","",""
"building x settlement age0_3.mtrl",".mtrl","","",""
"building x settlement age0_death_0.mtrl",".mtrl","","",""
"building x settlement age0_death_1.mtrl",".mtrl","","",""
"building x settlement age0_death_2.mtrl",".mtrl","","",""
"building x settlement age1_0.mtrl",".mtrl","","",""
"building x settlement age1_1.mtrl",".mtrl","","",""
"building x settlement age1_2.mtrl",".mtrl","","",""
"building x settlement age1_3.mtrl",".mtrl","","",""
"building x settlement age1_death_0.mtrl",".mtrl","","",""
"building x settlement age1_death_1.mtrl",".mtrl","","",""
"building x settlement age1_death_2.mtrl",".mtrl","","",""
"building x settlement age1_death_3.mtrl",".mtrl","","",""
"building x settlement age2 fortified_0.mtrl",".mtrl","","",""
"building x settlement age2 fortified_1.mtrl",".mtrl","","",""
"building x settlement age2 fortified_2.mtrl",".mtrl","","",""
"building x settlement age2 fortified_3.mtrl",".mtrl","","",""
"building x settlement age2 fortified_4.mtrl",".mtrl","","",""
"building x settlement age2 fortified_death_0.mtrl",".mtrl","","",""
"building x settlement age2 fortified_death_1.mtrl",".mtrl","","",""
"building x settlement age2 fortified_death_2.mtrl",".mtrl","","",""
"building x settlement age2 fortified_death_3.mtrl",".mtrl","","",""
"building x settlement age2_0.mtrl",".mtrl","","",""
"building x settlement age2_1.mtrl",".mtrl","","",""
"building x settlement age2_2.mtrl",".mtrl","","",""
"building x settlement age2_3.mtrl",".mtrl","","",""
"building x settlement age2_4.mtrl",".mtrl","","",""
"building x settlement age2_5.mtrl",".mtrl","","",""
"building x settlement age2_death_0.mtrl",".mtrl","","",""
"building x settlement age2_death_1.mtrl",".mtrl","","",""
"building x settlement age2_death_2.mtrl",".mtrl","","",""
"building x settlement age2_death_3.mtrl",".mtrl","","",""
"building x settlement age2_death_4.mtrl",".mtrl","","",""
"building x settlement age2_death_5.mtrl",".mtrl","","",""
"building x settlement age3 fortified_0.mtrl",".mtrl","","",""
"building x settlement age3 fortified_1.mtrl",".mtrl","","",""
"building x settlement age3 fortified_2.mtrl",".mtrl","","",""
"building x settlement age3 fortified_3.mtrl",".mtrl","","",""
"building x settlement age3 fortified_4.mtrl",".mtrl","","",""
"building x settlement age3 fortified_death_0.mtrl",".mtrl","","",""
"building x settlement age3 fortified_death_1.mtrl",".mtrl","","",""
"building x settlement age3 fortified_death_2.mtrl",".mtrl","","",""
"building x settlement age3 fortified_death_3.mtrl",".mtrl","","",""
"building x settlement age3_0.mtrl",".mtrl","","",""
"building x settlement age3_1.mtrl",".mtrl","","",""
"building x settlement age3_2.mtrl",".mtrl","","",""
"building x settlement age3_3.mtrl",".mtrl","","",""
"building x settlement age3_4.mtrl",".mtrl","","",""
"building x settlement age3_5.mtrl",".mtrl","","",""
"building x settlement age3_death_0.mtrl",".mtrl","","",""
"building x settlement age3_death_1.mtrl",".mtrl","","",""
"building x settlement age3_death_2.mtrl",".mtrl","","",""
"building x settlement age3_death_3.mtrl",".mtrl","","",""
"building x settlement age3_death_4.mtrl",".mtrl","","",""
"building x signal tower_0.mtrl",".mtrl","","",""
"building x signal tower_1.mtrl",".mtrl","","",""
"building x signal tower_death_0.mtrl",".mtrl","","",""
"building x signal tower_death_1.mtrl",".mtrl","","",""
"building x sky passage_0.mtrl",".mtrl","","",""
"building x sky passage_1.mtrl",".mtrl","","",""
"building x sky passage_2.mtrl",".mtrl","","",""
"building x sky passage_death_0.mtrl",".mtrl","","",""
"building x sky passage_death_1.mtrl",".mtrl","","",""
"building x sky passage_death_2.mtrl",".mtrl","","",""
"building x specialist age1_0.mtrl",".mtrl","","",""
"building x specialist age1_1.mtrl",".mtrl","","",""
"building x specialist age1_2.mtrl",".mtrl","","",""
"building x specialist age1_3.mtrl",".mtrl","","",""
"building x specialist age1_4.mtrl",".mtrl","","",""
"building x specialist age1_5.mtrl",".mtrl","","",""
"building x specialist age1_6.mtrl",".mtrl","","",""
"building x specialist age1_7.mtrl",".mtrl","","",""
"building x specialist age1_death_0.mtrl",".mtrl","","",""
"building x specialist age1_death_1.mtrl",".mtrl","","",""
"building x specialist age1_death_2.mtrl",".mtrl","","",""
"building x specialist age1_death_3.mtrl",".mtrl","","",""
"building x specialist age1_death_4.mtrl",".mtrl","","",""
"building x specialist age1_death_5.mtrl",".mtrl","","",""
"building x specialist age1_death_6.mtrl",".mtrl","","",""
"building x specialist age1_death_7.mtrl",".mtrl","","",""
"building x specialist age2_0.mtrl",".mtrl","","",""
"building x specialist age2_1.mtrl",".mtrl","","",""
"building x specialist age2_2.mtrl",".mtrl","","",""
"building x specialist age2_3.mtrl",".mtrl","","",""
"building x specialist age2_4.mtrl",".mtrl","","",""
"building x specialist age2_5.mtrl",".mtrl","","",""
"building x specialist age2_6.mtrl",".mtrl","","",""
"building x specialist age2_death_0.mtrl",".mtrl","","",""
"building x specialist age2_death_1.mtrl",".mtrl","","",""
"building x specialist age2_death_2.mtrl",".mtrl","","",""
"building x specialist age2_death_3.mtrl",".mtrl","","",""
"building x specialist age2_death_4.mtrl",".mtrl","","",""
"building x specialist age2_death_5.mtrl",".mtrl","","",""
"building x specialist age2_death_6.mtrl",".mtrl","","",""
"building x specialist age3_0.mtrl",".mtrl","","",""
"building x specialist age3_1.mtrl",".mtrl","","",""
"building x specialist age3_2.mtrl",".mtrl","","",""
"building x specialist age3_3.mtrl",".mtrl","","",""
"building x specialist age3_4.mtrl",".mtrl","","",""
"building x specialist age3_5.mtrl",".mtrl","","",""
"building x specialist age3_6.mtrl",".mtrl","","",""
"building x specialist age3_death_0.mtrl",".mtrl","","",""
"building x specialist age3_death_1.mtrl",".mtrl","","",""
"building x specialist age3_death_2.mtrl",".mtrl","","",""
"building x specialist age3_death_3.mtrl",".mtrl","","",""
"building x specialist age3_death_4.mtrl",".mtrl","","",""
"building x specialist age3_death_5.mtrl",".mtrl","","",""
"building x specialist age3_death_6.mtrl",".mtrl","","",""
"building x temple age0_0.mtrl",".mtrl","","",""
"building x temple age0_1.mtrl",".mtrl","","",""
"building x temple age0_2.mtrl",".mtrl","","",""
"building x temple age0_3.mtrl",".mtrl","","",""
"building x temple age0_4.mtrl",".mtrl","","",""
"building x temple age0_death_0.mtrl",".mtrl","","",""
"building x temple age0_death_1.mtrl",".mtrl","","",""
"building x temple age0_death_2.mtrl",".mtrl","","",""
"building x temple age0_death_3.mtrl",".mtrl","","",""
"building x temple age1_0.mtrl",".mtrl","","",""
"building x temple age1_1.mtrl",".mtrl","","",""
"building x temple age1_2.mtrl",".mtrl","","",""
"building x temple age1_3.mtrl",".mtrl","","",""
"building x temple age1_4.mtrl",".mtrl","","",""
"building x temple age1_death_0.mtrl",".mtrl","","",""
"building x temple age1_death_1.mtrl",".mtrl","","",""
"building x temple age1_death_2.mtrl",".mtrl","","",""
"building x temple age1_death_3.mtrl",".mtrl","","",""
"building x temple age1_death_4.mtrl",".mtrl","","",""
"building x temple age2_0.mtrl",".mtrl","","",""
"building x temple age2_1.mtrl",".mtrl","","",""
"building x temple age2_2.mtrl",".mtrl","","",""
"building x temple age2_3.mtrl",".mtrl","","",""
"building x temple age2_4.mtrl",".mtrl","","",""
"building x temple age2_death_0.mtrl",".mtrl","","",""
"building x temple age2_death_1.mtrl",".mtrl","","",""
"building x temple age2_death_2.mtrl",".mtrl","","",""
"building x temple age2_death_3.mtrl",".mtrl","","",""
"building x temple age3_0.mtrl",".mtrl","","",""
"building x temple age3_1.mtrl",".mtrl","","",""
"building x temple age3_2.mtrl",".mtrl","","",""
"building x temple age3_3.mtrl",".mtrl","","",""
"building x temple age3_4.mtrl",".mtrl","","",""
"building x temple age3_death_0.mtrl",".mtrl","","",""
"building x temple age3_death_1.mtrl",".mtrl","","",""
"building x temple age3_death_2.mtrl",".mtrl","","",""
"building x temple age3_death_3.mtrl",".mtrl","","",""
"building x temple age3_death_4.mtrl",".mtrl","","",""
"building x temple og1_0.mtrl",".mtrl","","",""
"building x temple og1_1.mtrl",".mtrl","","",""
"building x temple og1_2.mtrl",".mtrl","","",""
"building x temple og25_0.mtrl",".mtrl","","",""
"building x temple og25_1.mtrl",".mtrl","","",""
"building x temple og25_2.mtrl",".mtrl","","",""
"building x temple og50_0.mtrl",".mtrl","","",""
"building x temple og50_1.mtrl",".mtrl","","",""
"building x temple og50_2.mtrl",".mtrl","","",""
"building x temple og75_0.mtrl",".mtrl","","",""
"building x temple og75_1.mtrl",".mtrl","","",""
"building x temple og75_2.mtrl",".mtrl","","",""
"building x titan gate stage1_0.mtrl",".mtrl","","",""
"building x titan gate stage1_1.mtrl",".mtrl","","",""
"building x titan gate stage2_0.mtrl",".mtrl","","",""
"building x titan gate stage2_1.mtrl",".mtrl","","",""
"building x titan gate stage3_0.mtrl",".mtrl","","",""
"building x titan gate stage3_1.mtrl",".mtrl","","",""
"building x titan gate stage4_0.mtrl",".mtrl","","",""
"building x titan gate stage4_1.mtrl",".mtrl","","",""
"building x titan gate_dead_0.mtrl",".mtrl","","",""
"building x titan gate_dead_1.mtrl",".mtrl","","",""
"building x titan gate_death_0.mtrl",".mtrl","","",""
"building x titan gate_death_1.mtrl",".mtrl","","",""
"building x tower age2_0.mtrl",".mtrl","","",""
"building x tower age3_0.mtrl",".mtrl","","",""
"building x tower age3_1.mtrl",".mtrl","","",""
"building x tower age3_2.mtrl",".mtrl","","",""
"building x tower age3_3.mtrl",".mtrl","","",""
"building x tower age3_4.mtrl",".mtrl","","",""
"building x wall bronze connector stage 1 death_0.mtrl",".mtrl","","",""
"building x wall bronze connector stage 1 death_1.mtrl",".mtrl","","",""
"building x wall bronze connector stage 1 death_2.mtrl",".mtrl","","",""
"building x wall bronze connector stage 2 death_0.mtrl",".mtrl","","",""
"building x wall bronze connector stage 2 death_1.mtrl",".mtrl","","",""
"building x wall bronze connector stage 2 death_2.mtrl",".mtrl","","",""
"building x wall bronze connector stage 3 death_0.mtrl",".mtrl","","",""
"building x wall bronze connector stage 3 death_1.mtrl",".mtrl","","",""
"building x wall bronze connector stage 3 death_2.mtrl",".mtrl","","",""
"building x wall bronze connector stage 4 death_0.mtrl",".mtrl","","",""
"building x wall bronze connector stage 4 death_1.mtrl",".mtrl","","",""
"building x wall bronze connector stage 4 death_2.mtrl",".mtrl","","",""
"building x wall bronze connector_0.mtrl",".mtrl","","",""
"building x wall bronze connector_1.mtrl",".mtrl","","",""
"building x wall bronze long stage 1 death_0.mtrl",".mtrl","","",""
"building x wall bronze long stage 1 death_1.mtrl",".mtrl","","",""
"building x wall bronze long stage 1 death_2.mtrl",".mtrl","","",""
"building x wall bronze long stage 2 death_0.mtrl",".mtrl","","",""
"building x wall bronze long stage 2 death_1.mtrl",".mtrl","","",""
"building x wall bronze long stage 2 death_2.mtrl",".mtrl","","",""
"building x wall bronze long stage 3 death_0.mtrl",".mtrl","","",""
"building x wall bronze long stage 3 death_1.mtrl",".mtrl","","",""
"building x wall bronze long stage 3 death_2.mtrl",".mtrl","","",""
"building x wall bronze long stage 4 death_0.mtrl",".mtrl","","",""
"building x wall bronze long stage 4 death_1.mtrl",".mtrl","","",""
"building x wall bronze long stage 4 death_2.mtrl",".mtrl","","",""
"building x wall bronze long_0.mtrl",".mtrl","","",""
"building x wall bronze long_1.mtrl",".mtrl","","",""
"building x wall bronze med stage 1 death_0.mtrl",".mtrl","","",""
"building x wall bronze med stage 1 death_1.mtrl",".mtrl","","",""
"building x wall bronze med stage 1 death_2.mtrl",".mtrl","","",""
"building x wall bronze med stage 2 death_0.mtrl",".mtrl","","",""
"building x wall bronze med stage 2 death_1.mtrl",".mtrl","","",""
"building x wall bronze med stage 2 death_2.mtrl",".mtrl","","",""
"building x wall bronze med stage 3 death_0.mtrl",".mtrl","","",""
"building x wall bronze med stage 3 death_1.mtrl",".mtrl","","",""
"building x wall bronze med stage 3 death_2.mtrl",".mtrl","","",""
"building x wall bronze med stage 4 death_0.mtrl",".mtrl","","",""
"building x wall bronze med stage 4 death_1.mtrl",".mtrl","","",""
"building x wall bronze med stage 4 death_2.mtrl",".mtrl","","",""
"building x wall bronze med_0.mtrl",".mtrl","","",""
"building x wall bronze med_1.mtrl",".mtrl","","",""
"building x wall bronze short_0.mtrl",".mtrl","","",""
"building x wall bronze short_1.mtrl",".mtrl","","",""
"building x wall bronze small stage 1 death_0.mtrl",".mtrl","","",""
"building x wall bronze small stage 1 death_1.mtrl",".mtrl","","",""
"building x wall bronze small stage 1 death_2.mtrl",".mtrl","","",""
"building x wall bronze small stage 2 death_0.mtrl",".mtrl","","",""
"building x wall bronze small stage 2 death_1.mtrl",".mtrl","","",""
"building x wall bronze small stage 2 death_2.mtrl",".mtrl","","",""
"building x wall bronze small stage 3 death_0.mtrl",".mtrl","","",""
"building x wall bronze small stage 3 death_1.mtrl",".mtrl","","",""
"building x wall bronze small stage 3 death_2.mtrl",".mtrl","","",""
"building x wall bronze small stage 4 death_0.mtrl",".mtrl","","",""
"building x wall bronze small stage 4 death_1.mtrl",".mtrl","","",""
"building x wall bronze small stage 4 death_2.mtrl",".mtrl","","",""
"building x wall iron connector stage 1 death_0.mtrl",".mtrl","","",""
"building x wall iron connector stage 1 death_1.mtrl",".mtrl","","",""
"building x wall iron connector stage 1 death_2.mtrl",".mtrl","","",""
"building x wall iron connector stage 2 death_0.mtrl",".mtrl","","",""
"building x wall iron connector stage 2 death_1.mtrl",".mtrl","","",""
"building x wall iron connector stage 2 death_2.mtrl",".mtrl","","",""
"building x wall iron connector stage 3 death_0.mtrl",".mtrl","","",""
"building x wall iron connector stage 3 death_1.mtrl",".mtrl","","",""
"building x wall iron connector stage 3 death_2.mtrl",".mtrl","","",""
"building x wall iron connector stage 4 death_0.mtrl",".mtrl","","",""
"building x wall iron connector stage 4 death_1.mtrl",".mtrl","","",""
"building x wall iron connector stage 4 death_2.mtrl",".mtrl","","",""
"building x wall iron connector_0.mtrl",".mtrl","","",""
"building x wall iron connector_1.mtrl",".mtrl","","",""
"building x wall iron long stage 1 death_0.mtrl",".mtrl","","",""
"building x wall iron long stage 1 death_1.mtrl",".mtrl","","",""
"building x wall iron long stage 1 death_2.mtrl",".mtrl","","",""
"building x wall iron long stage 2 death_0.mtrl",".mtrl","","",""
"building x wall iron long stage 2 death_1.mtrl",".mtrl","","",""
"building x wall iron long stage 2 death_2.mtrl",".mtrl","","",""
"building x wall iron long stage 3 death_0.mtrl",".mtrl","","",""
"building x wall iron long stage 3 death_1.mtrl",".mtrl","","",""
"building x wall iron long stage 3 death_2.mtrl",".mtrl","","",""
"building x wall iron long stage 4 death_0.mtrl",".mtrl","","",""
"building x wall iron long stage 4 death_1.mtrl",".mtrl","","",""
"building x wall iron long stage 4 death_2.mtrl",".mtrl","","",""
"building x wall iron long_0.mtrl",".mtrl","","",""
"building x wall iron long_1.mtrl",".mtrl","","",""
"building x wall iron med stage 1 death_0.mtrl",".mtrl","","",""
"building x wall iron med stage 1 death_1.mtrl",".mtrl","","",""
"building x wall iron med stage 1 death_2.mtrl",".mtrl","","",""
"building x wall iron med stage 2 death_0.mtrl",".mtrl","","",""
"building x wall iron med stage 2 death_1.mtrl",".mtrl","","",""
"building x wall iron med stage 2 death_2.mtrl",".mtrl","","",""
"building x wall iron med stage 3 death_0.mtrl",".mtrl","","",""
"building x wall iron med stage 3 death_1.mtrl",".mtrl","","",""
"building x wall iron med stage 3 death_2.mtrl",".mtrl","","",""
"building x wall iron med stage 4 death_0.mtrl",".mtrl","","",""
"building x wall iron med stage 4 death_1.mtrl",".mtrl","","",""
"building x wall iron med stage 4 death_2.mtrl",".mtrl","","",""
"building x wall iron med_0.mtrl",".mtrl","","",""
"building x wall iron med_1.mtrl",".mtrl","","",""
"building x wall iron short_0.mtrl",".mtrl","","",""
"building x wall iron short_1.mtrl",".mtrl","","",""
"building x wall iron small stage 1 death_0.mtrl",".mtrl","","",""
"building x wall iron small stage 1 death_1.mtrl",".mtrl","","",""
"building x wall iron small stage 1 death_2.mtrl",".mtrl","","",""
"building x wall iron small stage 2 death_0.mtrl",".mtrl","","",""
"building x wall iron small stage 2 death_1.mtrl",".mtrl","","",""
"building x wall iron small stage 2 death_2.mtrl",".mtrl","","",""
"building x wall iron small stage 3 death_0.mtrl",".mtrl","","",""
"building x wall iron small stage 3 death_1.mtrl",".mtrl","","",""
"building x wall iron small stage 3 death_2.mtrl",".mtrl","","",""
"building x wall iron small stage 4 death_0.mtrl",".mtrl","","",""
"building x wall iron small stage 4 death_1.mtrl",".mtrl","","",""
"building x wall iron small stage 4 death_2.mtrl",".mtrl","","",""
"building x wall oreichalkos connector stage 1 death_0.mtrl",".mtrl","","",""
"building x wall oreichalkos connector stage 1 death_1.mtrl",".mtrl","","",""
"building x wall oreichalkos connector stage 1 death_2.mtrl",".mtrl","","",""
"building x wall oreichalkos connector stage 2 death_0.mtrl",".mtrl","","",""
"building x wall oreichalkos connector stage 2 death_1.mtrl",".mtrl","","",""
"building x wall oreichalkos connector stage 2 death_2.mtrl",".mtrl","","",""
"building x wall oreichalkos connector stage 3 death_0.mtrl",".mtrl","","",""
"building x wall oreichalkos connector stage 3 death_1.mtrl",".mtrl","","",""
"building x wall oreichalkos connector stage 3 death_2.mtrl",".mtrl","","",""
"building x wall oreichalkos connector stage 4 death_0.mtrl",".mtrl","","",""
"building x wall oreichalkos connector stage 4 death_1.mtrl",".mtrl","","",""
"building x wall oreichalkos connector stage 4 death_2.mtrl",".mtrl","","",""
"building x wall oreichalkos connector_0.mtrl",".mtrl","","",""
"building x wall oreichalkos connector_1.mtrl",".mtrl","","",""
"building x wall oreichalkos long stage 1 death_0.mtrl",".mtrl","","",""
"building x wall oreichalkos long stage 1 death_1.mtrl",".mtrl","","",""
"building x wall oreichalkos long stage 1 death_2.mtrl",".mtrl","","",""
"building x wall oreichalkos long stage 1 death_3.mtrl",".mtrl","","",""
"building x wall oreichalkos long stage 2 death_0.mtrl",".mtrl","","",""
"building x wall oreichalkos long stage 2 death_1.mtrl",".mtrl","","",""
"building x wall oreichalkos long stage 2 death_2.mtrl",".mtrl","","",""
"building x wall oreichalkos long stage 2 death_3.mtrl",".mtrl","","",""
"building x wall oreichalkos long stage 3 death_0.mtrl",".mtrl","","",""
"building x wall oreichalkos long stage 3 death_1.mtrl",".mtrl","","",""
"building x wall oreichalkos long stage 3 death_2.mtrl",".mtrl","","",""
"building x wall oreichalkos long stage 3 death_3.mtrl",".mtrl","","",""
"building x wall oreichalkos long stage 4 death_0.mtrl",".mtrl","","",""
"building x wall oreichalkos long stage 4 death_1.mtrl",".mtrl","","",""
"building x wall oreichalkos long stage 4 death_2.mtrl",".mtrl","","",""
"building x wall oreichalkos long stage 4 death_3.mtrl",".mtrl","","",""
"building x wall oreichalkos long_0.mtrl",".mtrl","","",""
"building x wall oreichalkos long_1.mtrl",".mtrl","","",""
"building x wall oreichalkos med stage 1 death_0.mtrl",".mtrl","","",""
"building x wall oreichalkos med stage 1 death_1.mtrl",".mtrl","","",""
"building x wall oreichalkos med stage 1 death_2.mtrl",".mtrl","","",""
"building x wall oreichalkos med stage 1 death_3.mtrl",".mtrl","","",""
"building x wall oreichalkos med stage 2 death_0.mtrl",".mtrl","","",""
"building x wall oreichalkos med stage 2 death_1.mtrl",".mtrl","","",""
"building x wall oreichalkos med stage 2 death_2.mtrl",".mtrl","","",""
"building x wall oreichalkos med stage 2 death_3.mtrl",".mtrl","","",""
"building x wall oreichalkos med stage 3 death_0.mtrl",".mtrl","","",""
"building x wall oreichalkos med stage 3 death_1.mtrl",".mtrl","","",""
"building x wall oreichalkos med stage 3 death_2.mtrl",".mtrl","","",""
"building x wall oreichalkos med stage 3 death_3.mtrl",".mtrl","","",""
"building x wall oreichalkos med stage 4 death_0.mtrl",".mtrl","","",""
"building x wall oreichalkos med stage 4 death_1.mtrl",".mtrl","","",""
"building x wall oreichalkos med stage 4 death_2.mtrl",".mtrl","","",""
"building x wall oreichalkos med stage 4 death_3.mtrl",".mtrl","","",""
"building x wall oreichalkos medium_0.mtrl",".mtrl","","",""
"building x wall oreichalkos medium_1.mtrl",".mtrl","","",""
"building x wall oreichalkos med_0.mtrl",".mtrl","","",""
"building x wall oreichalkos med_1.mtrl",".mtrl","","",""
"building x wall oreichalkos short stage 1 death_0.mtrl",".mtrl","","",""
"building x wall oreichalkos short stage 1 death_1.mtrl",".mtrl","","",""
"building x wall oreichalkos short stage 1 death_2.mtrl",".mtrl","","",""
"building x wall oreichalkos short stage 1 death_3.mtrl",".mtrl","","",""
"building x wall oreichalkos short stage 2 death_0.mtrl",".mtrl","","",""
"building x wall oreichalkos short stage 2 death_1.mtrl",".mtrl","","",""
"building x wall oreichalkos short stage 2 death_2.mtrl",".mtrl","","",""
"building x wall oreichalkos short stage 2 death_3.mtrl",".mtrl","","",""
"building x wall oreichalkos short stage 3 death_0.mtrl",".mtrl","","",""
"building x wall oreichalkos short stage 3 death_1.mtrl",".mtrl","","",""
"building x wall oreichalkos short stage 3 death_2.mtrl",".mtrl","","",""
"building x wall oreichalkos short stage 3 death_3.mtrl",".mtrl","","",""
"building x wall oreichalkos short stage 4 death_0.mtrl",".mtrl","","",""
"building x wall oreichalkos short stage 4 death_1.mtrl",".mtrl","","",""
"building x wall oreichalkos short stage 4 death_2.mtrl",".mtrl","","",""
"building x wall oreichalkos short stage 4 death_3.mtrl",".mtrl","","",""
"building x wall oreichalkos short_0.mtrl",".mtrl","","",""
"building x wall oreichalkos short_1.mtrl",".mtrl","","",""
"building x wall stone connector stage 1 destruction_0.mtrl",".mtrl","","",""
"building x wall stone connector stage 1 destruction_1.mtrl",".mtrl","","",""
"building x wall stone connector stage 1 destruction_2.mtrl",".mtrl","","",""
"building x wall stone connector stage 2 destruction_0.mtrl",".mtrl","","",""
"building x wall stone connector stage 2 destruction_1.mtrl",".mtrl","","",""
"building x wall stone connector stage 2 destruction_2.mtrl",".mtrl","","",""
"building x wall stone connector stage 3 destruction_0.mtrl",".mtrl","","",""
"building x wall stone connector stage 3 destruction_1.mtrl",".mtrl","","",""
"building x wall stone connector stage 3 destruction_2.mtrl",".mtrl","","",""
"building x wall stone connector stage 4 death_0.mtrl",".mtrl","","",""
"building x wall stone connector stage 4 death_1.mtrl",".mtrl","","",""
"building x wall stone connector stage 4 death_2.mtrl",".mtrl","","",""
"building x wall stone connector_0.mtrl",".mtrl","","",""
"building x wall stone connector_1.mtrl",".mtrl","","",""
"building x wall stone long stage 1 destruction_0.mtrl",".mtrl","","",""
"building x wall stone long stage 1 destruction_1.mtrl",".mtrl","","",""
"building x wall stone long stage 1 destruction_2.mtrl",".mtrl","","",""
"building x wall stone long stage 2 destruction_0.mtrl",".mtrl","","",""
"building x wall stone long stage 2 destruction_1.mtrl",".mtrl","","",""
"building x wall stone long stage 2 destruction_2.mtrl",".mtrl","","",""
"building x wall stone long stage 3 destruction_0.mtrl",".mtrl","","",""
"building x wall stone long stage 3 destruction_1.mtrl",".mtrl","","",""
"building x wall stone long stage 3 destruction_2.mtrl",".mtrl","","",""
"building x wall stone long stage 4 death_0.mtrl",".mtrl","","",""
"building x wall stone long stage 4 death_1.mtrl",".mtrl","","",""
"building x wall stone long stage 4 death_2.mtrl",".mtrl","","",""
"building x wall stone long_0.mtrl",".mtrl","","",""
"building x wall stone long_1.mtrl",".mtrl","","",""
"building x wall stone med stage 1 destruction_0.mtrl",".mtrl","","",""
"building x wall stone med stage 1 destruction_1.mtrl",".mtrl","","",""
"building x wall stone med stage 1 destruction_2.mtrl",".mtrl","","",""
"building x wall stone med stage 2 destruction_0.mtrl",".mtrl","","",""
"building x wall stone med stage 2 destruction_1.mtrl",".mtrl","","",""
"building x wall stone med stage 2 destruction_2.mtrl",".mtrl","","",""
"building x wall stone med stage 3 destruction_0.mtrl",".mtrl","","",""
"building x wall stone med stage 3 destruction_1.mtrl",".mtrl","","",""
"building x wall stone med stage 3 destruction_2.mtrl",".mtrl","","",""
"building x wall stone med stage 3_death_0.mtrl",".mtrl","","",""
"building x wall stone med stage 3_death_1.mtrl",".mtrl","","",""
"building x wall stone med stage 3_death_2.mtrl",".mtrl","","",""
"building x wall stone med stage 4 death_0.mtrl",".mtrl","","",""
"building x wall stone med stage 4 death_1.mtrl",".mtrl","","",""
"building x wall stone med stage 4 death_2.mtrl",".mtrl","","",""
"building x wall stone med_0.mtrl",".mtrl","","",""
"building x wall stone med_1.mtrl",".mtrl","","",""
"building x wall stone short stage 1 destruction_0.mtrl",".mtrl","","",""
"building x wall stone short stage 1 destruction_1.mtrl",".mtrl","","",""
"building x wall stone short stage 1 destruction_2.mtrl",".mtrl","","",""
"building x wall stone short stage 2 destruction_0.mtrl",".mtrl","","",""
"building x wall stone short stage 2 destruction_1.mtrl",".mtrl","","",""
"building x wall stone short stage 2 destruction_2.mtrl",".mtrl","","",""
"building x wall stone short stage 3 destruction_0.mtrl",".mtrl","","",""
"building x wall stone short stage 3 destruction_1.mtrl",".mtrl","","",""
"building x wall stone short stage 3 destruction_2.mtrl",".mtrl","","",""
"building x wall stone short stage 4 death_0.mtrl",".mtrl","","",""
"building x wall stone short stage 4 death_1.mtrl",".mtrl","","",""
"building x wall stone short stage 4 death_2.mtrl",".mtrl","","",""
"building x wall stone short_0.mtrl",".mtrl","","",""
"building x wall stone short_1.mtrl",".mtrl","","",""
"building x wallconnector age2_0.mtrl",".mtrl","","",""
"building x wallconnector age3_0.mtrl",".mtrl","","",""
"building x walllong age2_0.mtrl",".mtrl","","",""
"building x walllong age3_0.mtrl",".mtrl","","",""
"building x wallmedium age2_0.mtrl",".mtrl","","",""
"building x wallmedium age3_0.mtrl",".mtrl","","",""
"building x wallong age3_0.mtrl",".mtrl","","",""
"building x wallshort age2_0.mtrl",".mtrl","","",""
"building x wallshort age3_0.mtrl",".mtrl","","",""
"building x watch tower age2_0.mtrl",".mtrl","","",""
"building x watch tower age2_1.mtrl",".mtrl","","",""
"building x watch tower age2_death_0.mtrl",".mtrl","","",""
"building x watch tower age3_0.mtrl",".mtrl","","",""
"building x watch tower age3_1.mtrl",".mtrl","","",""
"building x watch tower age3_death_0.mtrl",".mtrl","","",""
"building x watch tower age4_0.mtrl",".mtrl","","",""
"building x watch tower age4_1.mtrl",".mtrl","","",""
"building x watch tower_0.mtrl",".mtrl","","",""
"building x watch tower_1.mtrl",".mtrl","","",""
"building x watch tower_death_0.mtrl",".mtrl","","",""
"building x watch tower_death_1.mtrl",".mtrl","","",""
"building x watchtower_death_0.mtrl",".mtrl","","",""
"building x watchtower_death_1.mtrl",".mtrl","","",""
"building x wonder gaia_0.mtrl",".mtrl","","",""
"building x wonder gaia_1.mtrl",".mtrl","","",""
"building x wonder gaia_2.mtrl",".mtrl","","",""
"building x wonder gaia_3.mtrl",".mtrl","","",""
"building x wonder gaia_death_0.mtrl",".mtrl","","",""
"building x wonder gaia_death_1.mtrl",".mtrl","","",""
"building x wonder gaia_death_2.mtrl",".mtrl","","",""
"building x wonder kronos_0.mtrl",".mtrl","","",""
"building x wonder kronos_1.mtrl",".mtrl","","",""
"building x wonder kronos_2.mtrl",".mtrl","","",""
"building x wonder kronos_death_0.mtrl",".mtrl","","",""
"building x wonder kronos_death_1.mtrl",".mtrl","","",""
"building x wonder kronos_death_2.mtrl",".mtrl","","",""
"building x wonder oranos_0.mtrl",".mtrl","","",""
"building x wonder oranos_1.mtrl",".mtrl","","",""
"building x wonder oranos_2.mtrl",".mtrl","","",""
"building x wonder oranos_3.mtrl",".mtrl","","",""
"building x wonder oranos_4.mtrl",".mtrl","","",""
"building x wonder oranos_5.mtrl",".mtrl","","",""
"building x wonder oranos_death_0.mtrl",".mtrl","","",""
"building x wonder oranos_death_1.mtrl",".mtrl","","",""
"building x wonder oranos_death_2.mtrl",".mtrl","","",""
"building x wonder oranos_death_3.mtrl",".mtrl","","",""
"building_construction_garden_0.mtrl",".mtrl","","",""
"building_construction_garden_1.mtrl",".mtrl","","",""
"building_construction_garden_2.mtrl",".mtrl","","",""
"builging x longwall_0.mtrl",".mtrl","","",""
"copy of building e market age2_0.mtrl",".mtrl","","",""
"copy of building e market age2_1.mtrl",".mtrl","","",""
"copy of building e market age2_2.mtrl",".mtrl","","",""
"lp building construction 3x3 a_0.mtrl",".mtrl","","",""
"lp building construction 3x3 a_0.xml",".xml","Building Construction","0","0"
"lp building construction 3x3 a_1.mtrl",".mtrl","","",""
"lp building construction 3x3 a_1.xml",".xml","Building Construction","0","0"
"lp building construction 3x3 a_2.mtrl",".mtrl","","",""
"lp building construction 3x3 a_2.xml",".xml","","1","0"
"lp building construction 3x3 b_0.mtrl",".mtrl","","",""
"lp building construction 3x3 b_0.xml",".xml","Building Construction","0","0"
"lp building construction 3x3 b_1.mtrl",".mtrl","","",""
"lp building construction 3x3 b_1.xml",".xml","Building Construction","0","0"
"lp building construction 3x3 b_2.mtrl",".mtrl","","",""
"lp building construction 3x3 b_2.xml",".xml","","1","0"
"lp building construction armory_0.mtrl",".mtrl","","",""
"lp building construction armory_0.xml",".xml","Building Construction","0","0"
"lp building construction armory_1.mtrl",".mtrl","","",""
"lp building construction armory_1.xml",".xml","","1","0"
"lp building construction armory_2.mtrl",".mtrl","","",""
"lp building construction armory_2.xml",".xml","Building Construction","0","0"
"lp building e armory age2_0.mtrl",".mtrl","","",""
"lp building e armory age2_0.xml",".xml","Building E Age2","0","0"
"lp building e armory age2_1.mtrl",".mtrl","","",""
"lp building e armory age2_1.xml",".xml","Building E Age2","4","0"
"lp building e armory age2_2.mtrl",".mtrl","","",""
"lp building e armory age2_2.xml",".xml","building E Age2 accessories","0","0"
"lp building e armory age2_death_0.mtrl",".mtrl","","",""
"lp building e armory age2_death_0.xml",".xml","Building E Age2","0","0"
"lp building e armory age2_death_1.mtrl",".mtrl","","",""
"lp building e armory age2_death_1.xml",".xml","Building E Age2","4","0"
"lp building e armory age2_death_2.mtrl",".mtrl","","",""
"lp building e armory age2_death_2.xml",".xml","building E Age2 accessories","0","0"
"lp building e armory age3_0.mtrl",".mtrl","","",""
"lp building e armory age3_0.xml",".xml","Building E Age3","0","0"
"lp building e armory age3_1.mtrl",".mtrl","","",""
"lp building e armory age3_1.xml",".xml","Building E Age3","4","0"
"lp building e armory age3_2.mtrl",".mtrl","","",""
"lp building e armory age3_2.xml",".xml","building E Age3 accessories","0","0"
"lp building e armory age3_death_0.mtrl",".mtrl","","",""
"lp building e armory age3_death_0.xml",".xml","Building E Age3","0","0"
"lp building e armory age3_death_1.mtrl",".mtrl","","",""
"lp building e armory age3_death_1.xml",".xml","Building E Age3","4","0"
"lp building e armory age3_death_2.mtrl",".mtrl","","",""
"lp building e armory age3_death_2.xml",".xml","building E Age3 accessories","0","0"
"lp building e armory age4_0.mtrl",".mtrl","","",""
"lp building e armory age4_0.xml",".xml","building E Age4","4","0"
"lp building e armory age4_1.mtrl",".mtrl","","",""
"lp building e armory age4_1.xml",".xml","building E Age4roof","0","0"
"lp building e armory age4_2.mtrl",".mtrl","","",""
"lp building e armory age4_2.xml",".xml","building E Age4 Accessories","0","0"
"lp building e armory age4_death_0.mtrl",".mtrl","","",""
"lp building e armory age4_death_0.xml",".xml","building E Age4","4","0"
"lp building e armory age4_death_1.mtrl",".mtrl","","",""
"lp building e armory age4_death_1.xml",".xml","building E Age4roof","0","0"
"lp building e armory age4_death_2.mtrl",".mtrl","","",""
"lp building e armory age4_death_2.xml",".xml","building E Age4 Accessories","0","0"
"lp building e ballista tower age4_0.mtrl",".mtrl","","",""
"lp building e ballista tower age4_0.xml",".xml","Building E Age4","0","0"
"lp building e ballista tower age4_1.mtrl",".mtrl","","",""
"lp building e ballista tower age4_1.xml",".xml","Building E Age4","4","0"
"lp building e ballista tower age4_2.mtrl",".mtrl","","",""
"lp building e ballista tower age4_2.xml",".xml","building E Age4 Accessories","0","0"
"lp building e ballista tower age4_death_0.mtrl",".mtrl","","",""
"lp building e ballista tower age4_death_0.xml",".xml","Building E Age4","0","0"
"lp building e ballista tower age4_death_1.mtrl",".mtrl","","",""
"lp building e ballista tower age4_death_1.xml",".xml","Building E Age4","4","0"
"lp building e ballista tower age4_death_2.mtrl",".mtrl","","",""
"lp building e ballista tower age4_death_2.xml",".xml","building E Age4 Accessories","0","0"
"lp building e barracks age2_0.mtrl",".mtrl","","",""
"lp building e barracks age2_0.xml",".xml","building E Age2 accessories","0","0"
"lp building e barracks age2_1.mtrl",".mtrl","","",""
"lp building e barracks age2_1.xml",".xml","Building E Age2","4","0"
"lp building e barracks age2_2.mtrl",".mtrl","","",""
"lp building e barracks age2_2.xml",".xml","Building E Age2","0","0"
"lp building e barracks age2_death_0.mtrl",".mtrl","","",""
"lp building e barracks age2_death_0.xml",".xml","building E Age2 accessories","0","0"
"lp building e barracks age2_death_1.mtrl",".mtrl","","",""
"lp building e barracks age2_death_1.xml",".xml","Building E Age2","4","0"
"lp building e barracks age2_death_2.mtrl",".mtrl","","",""
"lp building e barracks age2_death_2.xml",".xml","Building E Age2","0","0"
"lp building e barracks age3_0.mtrl",".mtrl","","",""
"lp building e barracks age3_0.xml",".xml","Building E Age3","0","0"
"lp building e barracks age3_1.mtrl",".mtrl","","",""
"lp building e barracks age3_1.xml",".xml","Building E Age3","4","0"
"lp building e barracks age3_2.mtrl",".mtrl","","",""
"lp building e barracks age3_2.xml",".xml","building E Age3 accessories","0","0"
"lp building e barracks age3_death_0.mtrl",".mtrl","","",""
"lp building e barracks age3_death_0.xml",".xml","Building E Age3","0","0"
"lp building e barracks age3_death_1.mtrl",".mtrl","","",""
"lp building e barracks age3_death_1.xml",".xml","Building E Age3","4","0"
"lp building e barracks age3_death_2.mtrl",".mtrl","","",""
"lp building e barracks age3_death_2.xml",".xml","building E Age3 accessories","0","0"
"lp building e barracks age4_0.mtrl",".mtrl","","",""
"lp building e barracks age4_0.xml",".xml","building E Age4","0","0"
"lp building e barracks age4_1.mtrl",".mtrl","","",""
"lp building e barracks age4_1.xml",".xml","building E Age4","4","0"
"lp building e barracks age4_2.mtrl",".mtrl","","",""
"lp building e barracks age4_2.xml",".xml","building E Age4roof","0","0"
"lp building e barracks age4_death_0.mtrl",".mtrl","","",""
"lp building e barracks age4_death_0.xml",".xml","building E Age4","0","0"
"lp building e barracks age4_death_1.mtrl",".mtrl","","",""
"lp building e barracks age4_death_1.xml",".xml","building E Age4","4","0"
"lp building e barracks age4_death_2.mtrl",".mtrl","","",""
"lp building e barracks age4_death_2.xml",".xml","building E Age4roof","0","0"
"lp building e construction midgol age3 con4_0.mtrl",".mtrl","","",""
"lp building e construction midgol age3 con4_0.xml",".xml","Building E Fortress Age3","0","0"
"lp building e construction midgol age3 con4_1.mtrl",".mtrl","","",""
"lp building e construction midgol age3 con4_1.xml",".xml","Building Construction","0","0"
"lp building e construction midgol age3 con4_2.mtrl",".mtrl","","",""
"lp building e construction midgol age3 con4_2.xml",".xml","","1","0"
"lp building e construction midgol age4 con4_0.mtrl",".mtrl","","",""
"lp building e construction midgol age4 con4_0.xml",".xml","building E Fortress","0","0"
"lp building e construction midgol age4 con4_1.mtrl",".mtrl","","",""
"lp building e construction midgol age4 con4_1.xml",".xml","Building Construction","0","0"
"lp building e construction midgol age4 con4_2.mtrl",".mtrl","","",""
"lp building e construction midgol age4 con4_2.xml",".xml","","1","0"
"lp building e construction midgol age4 con4_3.mtrl",".mtrl","","",""
"lp building e construction midgol age4 con4_3.xml",".xml","building E Fortress Accessories","0","0"
"lp building e fortress age3_0.mtrl",".mtrl","","",""
"lp building e fortress age3_0.xml",".xml","Building E Age3","0","0"
"lp building e fortress age3_1.mtrl",".mtrl","","",""
"lp building e fortress age3_1.xml",".xml","Building E Age3","4","0"
"lp building e fortress age3_2.mtrl",".mtrl","","",""
"lp building e fortress age3_2.xml",".xml","Building E Fortress Age3","0","0"
"lp building e fortress age3_death_0.mtrl",".mtrl","","",""
"lp building e fortress age3_death_0.xml",".xml","Building E Age3","0","0"
"lp building e fortress age3_death_1.mtrl",".mtrl","","",""
"lp building e fortress age3_death_1.xml",".xml","Building E Age3","4","0"
"lp building e fortress age3_death_2.mtrl",".mtrl","","",""
"lp building e fortress age3_death_2.xml",".xml","Building E Fortress Age3","0","0"
"lp building e fortress age4_0.mtrl",".mtrl","","",""
"lp building e fortress age4_0.xml",".xml","building E Fortress","0","0"
"lp building e fortress age4_1.mtrl",".mtrl","","",""
"lp building e fortress age4_1.xml",".xml","building E Fortress Accessories","4","0"
"lp building e fortress age4_2.mtrl",".mtrl","","",""
"lp building e fortress age4_2.xml",".xml","building E Fortress Accessories","0","0"
"lp building e fortress age4_death_0.mtrl",".mtrl","","",""
"lp building e fortress age4_death_0.xml",".xml","building E Fortress","0","0"
"lp building e fortress age4_death_1.mtrl",".mtrl","","",""
"lp building e fortress age4_death_1.xml",".xml","building E Fortress Accessories","4","0"
"lp building e fortress age4_death_2.mtrl",".mtrl","","",""
"lp building e fortress age4_death_2.xml",".xml","building E Fortress Accessories","0","0"
"lp building e granary age1_0.mtrl",".mtrl","","",""
"lp building e granary age1_0.xml",".xml","building E Age1","0","0"
"lp building e granary age1_1.mtrl",".mtrl","","",""
"lp building e granary age1_1.xml",".xml","building E Age2 accessories","0","0"
"lp building e granary age1_2.mtrl",".mtrl","","",""
"lp building e granary age1_2.xml",".xml","building E Age1","4","0"
"lp building e granary age1_death_0.mtrl",".mtrl","","",""
"lp building e granary age1_death_0.xml",".xml","building E Age1","0","0"
"lp building e granary age1_death_1.mtrl",".mtrl","","",""
"lp building e granary age1_death_1.xml",".xml","building E Age2 accessories","0","0"
"lp building e granary age1_death_2.mtrl",".mtrl","","",""
"lp building e granary age1_death_2.xml",".xml","building E Age1","4","0"
"lp building e granary age2_0.mtrl",".mtrl","","",""
"lp building e granary age2_0.xml",".xml","Building E Age2","0","0"
"lp building e granary age2_1.mtrl",".mtrl","","",""
"lp building e granary age2_1.xml",".xml","Building E Age2","4","0"
"lp building e granary age2_2.mtrl",".mtrl","","",""
"lp building e granary age2_2.xml",".xml","building E Age2 accessories","0","0"
"lp building e granary age2_3.mtrl",".mtrl","","",""
"lp building e granary age2_3.xml",".xml","building E Shrine","0","0"
"lp building e granary age2_death_0.mtrl",".mtrl","","",""
"lp building e granary age2_death_0.xml",".xml","Building E Age2","0","0"
"lp building e granary age2_death_1.mtrl",".mtrl","","",""
"lp building e granary age2_death_1.xml",".xml","Building E Age2","4","0"
"lp building e granary age2_death_2.mtrl",".mtrl","","",""
"lp building e granary age2_death_2.xml",".xml","building E Age2 accessories","0","0"
"lp building e granary age3_0.mtrl",".mtrl","","",""
"lp building e granary age3_0.xml",".xml","Building E Age3","0","0"
"lp building e granary age3_1.mtrl",".mtrl","","",""
"lp building e granary age3_1.xml",".xml","Building E Age3","4","0"
"lp building e granary age3_2.mtrl",".mtrl","","",""
"lp building e granary age3_2.xml",".xml","building E Age3 accessories","0","0"
"lp building e granary age3_death_0.mtrl",".mtrl","","",""
"lp building e granary age3_death_0.xml",".xml","Building E Age3","0","0"
"lp building e granary age3_death_1.mtrl",".mtrl","","",""
"lp building e granary age3_death_1.xml",".xml","Building E Age3","4","0"
"lp building e granary age3_death_2.mtrl",".mtrl","","",""
"lp building e granary age3_death_2.xml",".xml","building E Age3 accessories","0","0"
"lp building e granary age4_0.mtrl",".mtrl","","",""
"lp building e granary age4_0.xml",".xml","Building E Age4","4","0"
"lp building e granary age4_1.mtrl",".mtrl","","",""
"lp building e granary age4_1.xml",".xml","building E Age2 accessories","0","0"
"lp building e granary age4_2.mtrl",".mtrl","","",""
"lp building e granary age4_2.xml",".xml","building E Age4roof","0","0"
"lp building e granary age4_death_0.mtrl",".mtrl","","",""
"lp building e granary age4_death_0.xml",".xml","Building E Age4","4","0"
"lp building e granary age4_death_1.mtrl",".mtrl","","",""
"lp building e granary age4_death_1.xml",".xml","building E Age2 accessories","0","0"
"lp building e granary age4_death_2.mtrl",".mtrl","","",""
"lp building e granary age4_death_2.xml",".xml","building E Age4roof","0","0"
"lp building e guard tower age3_0.mtrl",".mtrl","","",""
"lp building e guard tower age3_0.xml",".xml","Building E Age3","0","0"
"lp building e guard tower age3_1.mtrl",".mtrl","","",""
"lp building e guard tower age3_1.xml",".xml","Building E Age3","4","0"
"lp building e guard tower age3_2.mtrl",".mtrl","","",""
"lp building e guard tower age3_2.xml",".xml","building E Age3 accessories","0","0"
"lp building e guard tower age3_death_0.mtrl",".mtrl","","",""
"lp building e guard tower age3_death_0.xml",".xml","Building E Age3","0","0"
"lp building e guard tower age3_death_1.mtrl",".mtrl","","",""
"lp building e guard tower age3_death_1.xml",".xml","Building E Age3","4","0"
"lp building e guard tower age3_death_2.mtrl",".mtrl","","",""
"lp building e guard tower age3_death_2.xml",".xml","building E Age3 accessories","0","0"
"lp building e guard tower age4_0.mtrl",".mtrl","","",""
"lp building e guard tower age4_0.xml",".xml","Building E Age4","0","0"
"lp building e guard tower age4_1.mtrl",".mtrl","","",""
"lp building e guard tower age4_1.xml",".xml","Building E Age4","4","0"
"lp building e guard tower age4_2.mtrl",".mtrl","","",""
"lp building e guard tower age4_2.xml",".xml","building E Age4 Accessories","0","0"
"lp building e guard tower age4_death_0.mtrl",".mtrl","","",""
"lp building e guard tower age4_death_0.xml",".xml","Building E Age4","0","0"
"lp building e guard tower age4_death_1.mtrl",".mtrl","","",""
"lp building e guard tower age4_death_1.xml",".xml","Building E Age4","4","0"
"lp building e guard tower age4_death_2.mtrl",".mtrl","","",""
"lp building e guard tower age4_death_2.xml",".xml","building E Age4 Accessories","0","0"
"lp building e housea age1_0.mtrl",".mtrl","","",""
"lp building e housea age1_0.xml",".xml","building E Age1","0","0"
"lp building e housea age1_1.mtrl",".mtrl","","",""
"lp building e housea age1_1.xml",".xml","building E Age3 accessories","0","0"
"lp building e housea age1_2.mtrl",".mtrl","","",""
"lp building e housea age1_2.xml",".xml","building E Age1","4","0"
"lp building e housea age1_death_0.mtrl",".mtrl","","",""
"lp building e housea age1_death_0.xml",".xml","building E Age1","0","0"
"lp building e housea age1_death_1.mtrl",".mtrl","","",""
"lp building e housea age1_death_1.xml",".xml","building E Age3 accessories","0","0"
"lp building e housea age1_death_2.mtrl",".mtrl","","",""
"lp building e housea age1_death_2.xml",".xml","building E Age1","4","0"
"lp building e housea age2_0.mtrl",".mtrl","","",""
"lp building e housea age2_0.xml",".xml","Building E Age2","0","0"
"lp building e housea age2_1.mtrl",".mtrl","","",""
"lp building e housea age2_1.xml",".xml","Building E Age2","4","0"
"lp building e housea age2_2.mtrl",".mtrl","","",""
"lp building e housea age2_2.xml",".xml","building E Age2 accessories","0","0"
"lp building e housea age2_death_0.mtrl",".mtrl","","",""
"lp building e housea age2_death_0.xml",".xml","Building E Age2","0","0"
"lp building e housea age2_death_1.mtrl",".mtrl","","",""
"lp building e housea age2_death_1.xml",".xml","Building E Age2","4","0"
"lp building e housea age2_death_2.mtrl",".mtrl","","",""
"lp building e housea age2_death_2.xml",".xml","building E Age2 accessories","0","0"
"lp building e housea age3_0.mtrl",".mtrl","","",""
"lp building e housea age3_0.xml",".xml","Building E Age3","0","0"
"lp building e housea age3_1.mtrl",".mtrl","","",""
"lp building e housea age3_1.xml",".xml","Building E Age3","4","0"
"lp building e housea age3_2.mtrl",".mtrl","","",""
"lp building e housea age3_2.xml",".xml","building E Age3 accessories","0","0"
"lp building e housea age3_death_0.mtrl",".mtrl","","",""
"lp building e housea age3_death_0.xml",".xml","Building E Age3","0","0"
"lp building e housea age3_death_1.mtrl",".mtrl","","",""
"lp building e housea age3_death_1.xml",".xml","Building E Age3","4","0"
"lp building e housea age3_death_2.mtrl",".mtrl","","",""
"lp building e housea age3_death_2.xml",".xml","building E Age3 accessories","0","0"
"lp building e housea age4_0.mtrl",".mtrl","","",""
"lp building e housea age4_0.xml",".xml","Building E Age4","0","0"
"lp building e housea age4_1.mtrl",".mtrl","","",""
"lp building e housea age4_1.xml",".xml","Building E Age4","4","0"
"lp building e housea age4_2.mtrl",".mtrl","","",""
"lp building e housea age4_2.xml",".xml","building E Age4roof","0","0"
"lp building e housea age4_death_0.mtrl",".mtrl","","",""
"lp building e housea age4_death_0.xml",".xml","Building E Age4","0","0"
"lp building e housea age4_death_1.mtrl",".mtrl","","",""
"lp building e housea age4_death_1.xml",".xml","Building E Age4","4","0"
"lp building e housea age4_death_2.mtrl",".mtrl","","",""
"lp building e housea age4_death_2.xml",".xml","building E Age4roof","0","0"
"lp building e houseb age1_0.mtrl",".mtrl","","",""
"lp building e houseb age1_0.xml",".xml","building E Age1","0","0"
"lp building e houseb age1_1.mtrl",".mtrl","","",""
"lp building e houseb age1_1.xml",".xml","building E Age3 accessories","0","0"
"lp building e houseb age1_2.mtrl",".mtrl","","",""
"lp building e houseb age1_2.xml",".xml","building E Age1","4","0"
"lp building e houseb age1_death_0.mtrl",".mtrl","","",""
"lp building e houseb age1_death_0.xml",".xml","building E Age1","0","0"
"lp building e houseb age1_death_1.mtrl",".mtrl","","",""
"lp building e houseb age1_death_1.xml",".xml","building E Age3 accessories","0","0"
"lp building e houseb age1_death_2.mtrl",".mtrl","","",""
"lp building e houseb age1_death_2.xml",".xml","building E Age1","4","0"
"lp building e houseb age2_0.mtrl",".mtrl","","",""
"lp building e houseb age2_0.xml",".xml","Building E Age2","0","0"
"lp building e houseb age2_1.mtrl",".mtrl","","",""
"lp building e houseb age2_1.xml",".xml","Building E Age2","4","0"
"lp building e houseb age2_2.mtrl",".mtrl","","",""
"lp building e houseb age2_2.xml",".xml","building E Age2 accessories","0","0"
"lp building e houseb age2_death_0.mtrl",".mtrl","","",""
"lp building e houseb age2_death_0.xml",".xml","Building E Age2","0","0"
"lp building e houseb age2_death_1.mtrl",".mtrl","","",""
"lp building e houseb age2_death_1.xml",".xml","Building E Age2","4","0"
"lp building e houseb age2_death_2.mtrl",".mtrl","","",""
"lp building e houseb age2_death_2.xml",".xml","building E Age2 accessories","0","0"
"lp building e houseb age3_0.mtrl",".mtrl","","",""
"lp building e houseb age3_0.xml",".xml","Building E Age3","0","0"
"lp building e houseb age3_1.mtrl",".mtrl","","",""
"lp building e houseb age3_1.xml",".xml","Building E Age3","4","0"
"lp building e houseb age3_2.mtrl",".mtrl","","",""
"lp building e houseb age3_2.xml",".xml","building E Age3 accessories","0","0"
"lp building e houseb age3_death_0.mtrl",".mtrl","","",""
"lp building e houseb age3_death_0.xml",".xml","Building E Age3","0","0"
"lp building e houseb age3_death_1.mtrl",".mtrl","","",""
"lp building e houseb age3_death_1.xml",".xml","Building E Age3","4","0"
"lp building e houseb age3_death_2.mtrl",".mtrl","","",""
"lp building e houseb age3_death_2.xml",".xml","building E Age3 accessories","0","0"
"lp building e houseb age4_0.mtrl",".mtrl","","",""
"lp building e houseb age4_0.xml",".xml","Building E Age4","0","0"
"lp building e houseb age4_1.mtrl",".mtrl","","",""
"lp building e houseb age4_1.xml",".xml","Building E Age4","4","0"
"lp building e houseb age4_2.mtrl",".mtrl","","",""
"lp building e houseb age4_2.xml",".xml","building E Age4roof","0","0"
"lp building e houseb age4_death_0.mtrl",".mtrl","","",""
"lp building e houseb age4_death_0.xml",".xml","Building E Age4","0","0"
"lp building e houseb age4_death_1.mtrl",".mtrl","","",""
"lp building e houseb age4_death_1.xml",".xml","Building E Age4","4","0"
"lp building e houseb age4_death_2.mtrl",".mtrl","","",""
"lp building e houseb age4_death_2.xml",".xml","building E Age4roof","0","0"
"lp building e housec age1_0.mtrl",".mtrl","","",""
"lp building e housec age1_0.xml",".xml","building E Age1","0","0"
"lp building e housec age1_1.mtrl",".mtrl","","",""
"lp building e housec age1_1.xml",".xml","building E Age3 accessories","0","0"
"lp building e housec age1_2.mtrl",".mtrl","","",""
"lp building e housec age1_2.xml",".xml","building E Age1","4","0"
"lp building e housec age1_death_0.mtrl",".mtrl","","",""
"lp building e housec age1_death_0.xml",".xml","building E Age1","0","0"
"lp building e housec age1_death_1.mtrl",".mtrl","","",""
"lp building e housec age1_death_1.xml",".xml","building E Age3 accessories","0","0"
"lp building e housec age1_death_2.mtrl",".mtrl","","",""
"lp building e housec age1_death_2.xml",".xml","building E Age1","4","0"
"lp building e housec age2_0.mtrl",".mtrl","","",""
"lp building e housec age2_0.xml",".xml","Building E Age2","0","0"
"lp building e housec age2_1.mtrl",".mtrl","","",""
"lp building e housec age2_1.xml",".xml","Building E Age2","4","0"
"lp building e housec age2_2.mtrl",".mtrl","","",""
"lp building e housec age2_2.xml",".xml","building E Age2 accessories","0","0"
"lp building e housec age2_death_0.mtrl",".mtrl","","",""
"lp building e housec age2_death_0.xml",".xml","Building E Age2","0","0"
"lp building e housec age2_death_1.mtrl",".mtrl","","",""
"lp building e housec age2_death_1.xml",".xml","Building E Age2","4","0"
"lp building e housec age2_death_2.mtrl",".mtrl","","",""
"lp building e housec age2_death_2.xml",".xml","building E Age2 accessories","0","0"
"lp building e housec age3_0.mtrl",".mtrl","","",""
"lp building e housec age3_0.xml",".xml","Building E Age3","0","0"
"lp building e housec age3_1.mtrl",".mtrl","","",""
"lp building e housec age3_1.xml",".xml","Building E Age3","4","0"
"lp building e housec age3_2.mtrl",".mtrl","","",""
"lp building e housec age3_2.xml",".xml","building E Age3 accessories","0","0"
"lp building e housec age3_death_0.mtrl",".mtrl","","",""
"lp building e housec age3_death_0.xml",".xml","Building E Age3","0","0"
"lp building e housec age3_death_1.mtrl",".mtrl","","",""
"lp building e housec age3_death_1.xml",".xml","Building E Age3","4","0"
"lp building e housec age3_death_2.mtrl",".mtrl","","",""
"lp building e housec age3_death_2.xml",".xml","building E Age3 accessories","0","0"
"lp building e housec age4_0.mtrl",".mtrl","","",""
"lp building e housec age4_0.xml",".xml","Building E Age4","0","0"
"lp building e housec age4_1.mtrl",".mtrl","","",""
"lp building e housec age4_1.xml",".xml","Building E Age4","4","0"
"lp building e housec age4_2.mtrl",".mtrl","","",""
"lp building e housec age4_2.xml",".xml","building E Age4roof","0","0"
"lp building e housec age4_death_0.mtrl",".mtrl","","",""
"lp building e housec age4_death_0.xml",".xml","Building E Age4","0","0"
"lp building e housec age4_death_1.mtrl",".mtrl","","",""
"lp building e housec age4_death_1.xml",".xml","Building E Age4","4","0"
"lp building e housec age4_death_2.mtrl",".mtrl","","",""
"lp building e housec age4_death_2.xml",".xml","building E Age4roof","0","0"
"lp building e lighthouse_death_0.mtrl",".mtrl","","",""
"lp building e lighthouse_death_0.xml",".xml","Building E Lighthouse","0","0"
"lp building e lighthouse_death_1.mtrl",".mtrl","","",""
"lp building e lighthouse_death_1.xml",".xml","Building E Lighthouse","4","0"
"lp building e lumbercamp age1_0.mtrl",".mtrl","","",""
"lp building e lumbercamp age1_0.xml",".xml","building E Age1","0","0"
"lp building e lumbercamp age1_1.mtrl",".mtrl","","",""
"lp building e lumbercamp age1_1.xml",".xml","building E Age1","4","0"
"lp building e lumbercamp age1_2.mtrl",".mtrl","","",""
"lp building e lumbercamp age1_2.xml",".xml","building E Age2 accessories","0","0"
"lp building e lumbercamp age1_death_0.mtrl",".mtrl","","",""
"lp building e lumbercamp age1_death_0.xml",".xml","building E Age1","0","0"
"lp building e lumbercamp age1_death_1.mtrl",".mtrl","","",""
"lp building e lumbercamp age1_death_1.xml",".xml","building E Age1","4","0"
"lp building e lumbercamp age1_death_2.mtrl",".mtrl","","",""
"lp building e lumbercamp age1_death_2.xml",".xml","building E Age2 accessories","0","0"
"lp building e lumbercamp age2_0.mtrl",".mtrl","","",""
"lp building e lumbercamp age2_0.xml",".xml","Building E Age2","4","0"
"lp building e lumbercamp age2_1.mtrl",".mtrl","","",""
"lp building e lumbercamp age2_1.xml",".xml","building E Age2 accessories","0","0"
"lp building e lumbercamp age2_2.mtrl",".mtrl","","",""
"lp building e lumbercamp age2_2.xml",".xml","building E Age3 accessories","0","0"
"lp building e lumbercamp age2_death_0.mtrl",".mtrl","","",""
"lp building e lumbercamp age2_death_0.xml",".xml","Building E Age2","4","0"
"lp building e lumbercamp age2_death_1.mtrl",".mtrl","","",""
"lp building e lumbercamp age2_death_1.xml",".xml","building E Age2 accessories","0","0"
"lp building e lumbercamp age2_death_2.mtrl",".mtrl","","",""
"lp building e lumbercamp age2_death_2.xml",".xml","building E Age3 accessories","0","0"
"lp building e lumbercamp age3_0.mtrl",".mtrl","","",""
"lp building e lumbercamp age3_0.xml",".xml","Building E Age3","0","0"
"lp building e lumbercamp age3_1.mtrl",".mtrl","","",""
"lp building e lumbercamp age3_1.xml",".xml","Building E Age3","4","0"
"lp building e lumbercamp age3_2.mtrl",".mtrl","","",""
"lp building e lumbercamp age3_2.xml",".xml","building E Age3 accessories","0","0"
"lp building e lumbercamp age3_death_0.mtrl",".mtrl","","",""
"lp building e lumbercamp age3_death_0.xml",".xml","Building E Age3","0","0"
"lp building e lumbercamp age3_death_1.mtrl",".mtrl","","",""
"lp building e lumbercamp age3_death_1.xml",".xml","Building E Age3","4","0"
"lp building e lumbercamp age3_death_2.mtrl",".mtrl","","",""
"lp building e lumbercamp age3_death_2.xml",".xml","building E Age3 accessories","0","0"
"lp building e lumbercamp age4_0.mtrl",".mtrl","","",""
"lp building e lumbercamp age4_0.xml",".xml","Building E Age4","0","0"
"lp building e lumbercamp age4_1.mtrl",".mtrl","","",""
"lp building e lumbercamp age4_1.xml",".xml","Building E Age4","4","0"
"lp building e lumbercamp age4_2.mtrl",".mtrl","","",""
"lp building e lumbercamp age4_2.xml",".xml","building E Age3 accessories","0","0"
"lp building e lumbercamp age4_3.mtrl",".mtrl","","",""
"lp building e lumbercamp age4_3.xml",".xml","building E Age4roof","0","0"
"lp building e lumbercamp age4_death_0.mtrl",".mtrl","","",""
"lp building e lumbercamp age4_death_0.xml",".xml","Building E Age4","0","0"
"lp building e lumbercamp age4_death_1.mtrl",".mtrl","","",""
"lp building e lumbercamp age4_death_1.xml",".xml","Building E Age4","4","0"
"lp building e lumbercamp age4_death_2.mtrl",".mtrl","","",""
"lp building e lumbercamp age4_death_2.xml",".xml","building E Age3 accessories","0","0"
"lp building e lumbercamp age4_death_3.mtrl",".mtrl","","",""
"lp building e lumbercamp age4_death_3.xml",".xml","building E Age4roof","0","0"
"lp building e market age3_0.mtrl",".mtrl","","",""
"lp building e market age3_0.xml",".xml","Building E Age3","0","0"
"lp building e market age3_1.mtrl",".mtrl","","",""
"lp building e market age3_1.xml",".xml","Building E Age3","4","0"
"lp building e market age3_2.mtrl",".mtrl","","",""
"lp building e market age3_2.xml",".xml","building E Age3A accessories","0","0"
"lp building e market age3_death_0.mtrl",".mtrl","","",""
"lp building e market age3_death_0.xml",".xml","Building E Age3","0","0"
"lp building e market age3_death_1.mtrl",".mtrl","","",""
"lp building e market age3_death_1.xml",".xml","Building E Age3","4","0"
"lp building e market age3_death_2.mtrl",".mtrl","","",""
"lp building e market age3_death_2.xml",".xml","building E Age3 accessories","0","0"
"lp building e market age3_death_3.mtrl",".mtrl","","",""
"lp building e market age3_death_3.xml",".xml","building E Age3A accessories","0","0"
"lp building e market age4_0.mtrl",".mtrl","","",""
"lp building e market age4_0.xml",".xml","building E Age4","0","0"
"lp building e market age4_1.mtrl",".mtrl","","",""
"lp building e market age4_1.xml",".xml","building E Age4","4","0"
"lp building e market age4_2.mtrl",".mtrl","","",""
"lp building e market age4_2.xml",".xml","building E Age4roof","0","0"
"lp building e market age4_3.mtrl",".mtrl","","",""
"lp building e market age4_3.xml",".xml","building E Age3A accessories","0","0"
"lp building e market age4_death_0.mtrl",".mtrl","","",""
"lp building e market age4_death_0.xml",".xml","building E Age4","0","0"
"lp building e market age4_death_1.mtrl",".mtrl","","",""
"lp building e market age4_death_1.xml",".xml","building E Age4","4","0"
"lp building e market age4_death_2.mtrl",".mtrl","","",""
"lp building e market age4_death_2.xml",".xml","building E Age4roof","0","0"
"lp building e market age4_death_3.mtrl",".mtrl","","",""
"lp building e market age4_death_3.xml",".xml","building E Age3A accessories","0","0"
"lp building e mining camp age 1_0.mtrl",".mtrl","","",""
"lp building e mining camp age 1_0.xml",".xml","building E Age1","0","0"
"lp building e mining camp age 1_1.mtrl",".mtrl","","",""
"lp building e mining camp age 1_1.xml",".xml","building E Age1","4","0"
"lp building e mining camp age 1_2.mtrl",".mtrl","","",""
"lp building e mining camp age 1_2.xml",".xml","building E Age2 accessories","0","0"
"lp building e mining camp age 1_death_0.mtrl",".mtrl","","",""
"lp building e mining camp age 1_death_0.xml",".xml","building E Age1","0","0"
"lp building e mining camp age 1_death_1.mtrl",".mtrl","","",""
"lp building e mining camp age 1_death_1.xml",".xml","building E Age1","4","0"
"lp building e mining camp age 1_death_2.mtrl",".mtrl","","",""
"lp building e mining camp age 1_death_2.xml",".xml","building E Age2 accessories","0","0"
"lp building e mining camp age 2_0.mtrl",".mtrl","","",""
"lp building e mining camp age 2_0.xml",".xml","Building E Age2","0","0"
"lp building e mining camp age 2_1.mtrl",".mtrl","","",""
"lp building e mining camp age 2_1.xml",".xml","Building E Age2","4","0"
"lp building e mining camp age 2_2.mtrl",".mtrl","","",""
"lp building e mining camp age 2_2.xml",".xml","building E Age2 accessories","0","0"
"lp building e mining camp age 2_death_0.mtrl",".mtrl","","",""
"lp building e mining camp age 2_death_0.xml",".xml","Building E Age2","0","0"
"lp building e mining camp age 2_death_1.mtrl",".mtrl","","",""
"lp building e mining camp age 2_death_1.xml",".xml","Building E Age2","4","0"
"lp building e mining camp age 2_death_2.mtrl",".mtrl","","",""
"lp building e mining camp age 2_death_2.xml",".xml","building E Age2 accessories","0","0"
"lp building e mining camp age 2_death_3.mtrl",".mtrl","","",""
"lp building e mining camp age 2_death_3.xml",".xml","building E Age3 accessories","0","0"
"lp building e mining camp age 3_0.mtrl",".mtrl","","",""
"lp building e mining camp age 3_0.xml",".xml","Building E Age3","0","0"
"lp building e mining camp age 3_1.mtrl",".mtrl","","",""
"lp building e mining camp age 3_1.xml",".xml","Building E Age3","4","0"
"lp building e mining camp age 3_2.mtrl",".mtrl","","",""
"lp building e mining camp age 3_2.xml",".xml","building E Age3A accessories","0","0"
"lp building e mining camp age 3_death_0.mtrl",".mtrl","","",""
"lp building e mining camp age 3_death_0.xml",".xml","Building E Age3","0","0"
"lp building e mining camp age 3_death_1.mtrl",".mtrl","","",""
"lp building e mining camp age 3_death_1.xml",".xml","Building E Age3","4","0"
"lp building e mining camp age 3_death_2.mtrl",".mtrl","","",""
"lp building e mining camp age 3_death_2.xml",".xml","building E Age2 accessories","0","0"
"lp building e mining camp age 3_death_3.mtrl",".mtrl","","",""
"lp building e mining camp age 3_death_3.xml",".xml","building E Age3A accessories","0","0"
"lp building e mining camp age 4_0.mtrl",".mtrl","","",""
"lp building e mining camp age 4_0.xml",".xml","Building E Age4","0","0"
"lp building e mining camp age 4_1.mtrl",".mtrl","","",""
"lp building e mining camp age 4_1.xml",".xml","Building E Age4","4","0"
"lp building e mining camp age 4_2.mtrl",".mtrl","","",""
"lp building e mining camp age 4_2.xml",".xml","building E Age4 Accessories","0","0"
"lp building e mining camp age 4_death_0.mtrl",".mtrl","","",""
"lp building e mining camp age 4_death_0.xml",".xml","Building E Age4","0","0"
"lp building e mining camp age 4_death_1.mtrl",".mtrl","","",""
"lp building e mining camp age 4_death_1.xml",".xml","Building E Age4","4","0"
"lp building e mining camp age 4_death_2.mtrl",".mtrl","","",""
"lp building e mining camp age 4_death_2.xml",".xml","building E Age2 accessories","0","0"
"lp building e mining camp age 4_death_3.mtrl",".mtrl","","",""
"lp building e mining camp age 4_death_3.xml",".xml","building E Age4roof","0","0"
"lp building e monument1 stand_0.mtrl",".mtrl","","",""
"lp building e monument1 stand_0.xml",".xml","building E Monument platforms","0","0"
"lp building e monument1 stand_1.mtrl",".mtrl","","",""
"lp building e monument1 stand_1.xml",".xml","building E Monument platforms","4","0"
"lp building e monument1_0.mtrl",".mtrl","","",""
"lp building e monument1_0.xml",".xml","Building E Monument1 LP","0","0"
"lp building e monument1_death_0.mtrl",".mtrl","","",""
"lp building e monument1_death_0.xml",".xml","Building E Monument1 LP","0","0"
"lp building e monument2_0.mtrl",".mtrl","","",""
"lp building e monument2_0.xml",".xml","Building E Monument2 LP","0","0"
"lp building e monument2_death_0.mtrl",".mtrl","","",""
"lp building e monument2_death_0.xml",".xml","Building E Monument2 LP","0","0"
"lp building e monument3 stand_0.mtrl",".mtrl","","",""
"lp building e monument3 stand_0.xml",".xml","building E Monument platforms","4","0"
"lp building e monument3_0.mtrl",".mtrl","","",""
"lp building e monument3_0.xml",".xml","Building E Monument3 LP","0","0"
"lp building e monument3_death_0.mtrl",".mtrl","","",""
"lp building e monument3_death_0.xml",".xml","Building E Monument3 LP","0","0"
"lp building e monument4 stand_0.mtrl",".mtrl","","",""
"lp building e monument4 stand_0.xml",".xml","building E Monument platforms","0","0"
"lp building e monument4 stand_1.mtrl",".mtrl","","",""
"lp building e monument4 stand_1.xml",".xml","building E Monument platforms","4","0"
"lp building e monument4_0.mtrl",".mtrl","","",""
"lp building e monument4_0.xml",".xml","Building E Monument4 LP","0","0"
"lp building e monument4_death_0.mtrl",".mtrl","","",""
"lp building e monument4_death_0.xml",".xml","Building E Monument4 LP","0","0"
"lp building e monument5 isis_0.mtrl",".mtrl","","",""
"lp building e monument5 isis_0.xml",".xml","Building E Monument5 Isis LP","0","0"
"lp building e monument5 isis_death_0.mtrl",".mtrl","","",""
"lp building e monument5 isis_death_0.xml",".xml","Building E Monument5 Isis LP","0","0"
"lp building e monument5 ra construction_0.mtrl",".mtrl","","",""
"lp building e monument5 ra construction_0.xml",".xml","building E Monument platforms","0","0"
"lp building e monument5 ra construction_1.mtrl",".mtrl","","",""
"lp building e monument5 ra construction_1.xml",".xml","Building Construction","0","0"
"lp building e monument5 ra construction_2.mtrl",".mtrl","","",""
"lp building e monument5 ra construction_2.xml",".xml","Building Construction","0","0"
"lp building e monument5 ra construction_3.mtrl",".mtrl","","",""
"lp building e monument5 ra construction_3.xml",".xml","","1","0"
"lp building e monument5 ra construction_4.mtrl",".mtrl","","",""
"lp building e monument5 ra construction_4.xml",".xml","Building E Monument5 Ra","0","0"
"lp building e monument5 ra_0.mtrl",".mtrl","","",""
"lp building e monument5 ra_0.xml",".xml","Building E Monument5 Ra LP","0","0"
"lp building e monument5 ra_death_0.mtrl",".mtrl","","",""
"lp building e monument5 ra_death_0.xml",".xml","Building E Monument5 Ra LP","0","0"
"lp building e monument5 set construction_0.mtrl",".mtrl","","",""
"lp building e monument5 set construction_0.xml",".xml","building E Monument platforms","0","0"
"lp building e monument5 set construction_1.mtrl",".mtrl","","",""
"lp building e monument5 set construction_1.xml",".xml","Building Construction","0","0"
"lp building e monument5 set construction_2.mtrl",".mtrl","","",""
"lp building e monument5 set construction_2.xml",".xml","Building Construction","0","0"
"lp building e monument5 set construction_3.mtrl",".mtrl","","",""
"lp building e monument5 set construction_3.xml",".xml","","1","0"
"lp building e monument5 set construction_4.mtrl",".mtrl","","",""
"lp building e monument5 set construction_4.xml",".xml","Building E Monument5 Set","0","0"
"lp building e monument5 set_0.mtrl",".mtrl","","",""
"lp building e monument5 set_0.xml",".xml","Building E Monument5 Set LP","0","0"
"lp building e monument5 set_death_0.mtrl",".mtrl","","",""
"lp building e monument5 set_death_0.xml",".xml","Building E Monument5 Set LP","0","0"
"lp building e monument5 stand_0.mtrl",".mtrl","","",""
"lp building e monument5 stand_0.xml",".xml","building E Monument platforms","0","0"
"lp building e monument5 stand_1.mtrl",".mtrl","","",""
"lp building e monument5 stand_1.xml",".xml","building E Monument platforms","4","0"
"lp building e monument5_0.mtrl",".mtrl","","",""
"lp building e monument5_0.xml",".xml","Building E Monument5 Isis LP","0","0"
"lp building e osiris pyramid dead_0.mtrl",".mtrl","","",""
"lp building e osiris pyramid dead_0.xml",".xml","building E Osiris Pyramid Dead","0","0"
"lp building e osiris pyramid_deatha_0.mtrl",".mtrl","","",""
"lp building e osiris pyramid_deatha_0.xml",".xml","building E Osiris Pyramid","0","0"
"lp building e outpost_death_0.mtrl",".mtrl","","",""
"lp building e outpost_death_0.xml",".xml","building E Outpost","0","0"
"lp building e outpost_death_1.mtrl",".mtrl","","",""
"lp building e outpost_death_1.xml",".xml","building E Outpost","4","0"
"lp building e settlement age1_0.mtrl",".mtrl","","",""
"lp building e settlement age1_0.xml",".xml","building E Settlement Age1","0","0"
"lp building e settlement age1_1.mtrl",".mtrl","","",""
"lp building e settlement age1_1.xml",".xml","building E Settlement Age1","4","0"
"lp building e settlement age1_2.mtrl",".mtrl","","",""
"lp building e settlement age1_2.xml",".xml","Building G SettlementFence","0","0"
"lp building e settlement age1_death_0.mtrl",".mtrl","","",""
"lp building e settlement age1_death_0.xml",".xml","building E Settlement Age1","0","0"
"lp building e settlement age1_death_1.mtrl",".mtrl","","",""
"lp building e settlement age1_death_1.xml",".xml","building E Settlement Age1","4","0"
"lp building e settlement age1_death_2.mtrl",".mtrl","","",""
"lp building e settlement age1_death_2.xml",".xml","Building G SettlementFence","0","0"
"lp building e settlement age2_0.mtrl",".mtrl","","",""
"lp building e settlement age2_0.xml",".xml","building E Settlement Age2","0","0"
"lp building e settlement age2_1.mtrl",".mtrl","","",""
"lp building e settlement age2_1.xml",".xml","building E Settlement Age2","4","0"
"lp building e settlement age2_2.mtrl",".mtrl","","",""
"lp building e settlement age2_2.xml",".xml","Building G SettlementFence","0","0"
"lp building e settlement age2_death_0.mtrl",".mtrl","","",""
"lp building e settlement age2_death_0.xml",".xml","building E Settlement Age2","0","0"
"lp building e settlement age2_death_1.mtrl",".mtrl","","",""
"lp building e settlement age2_death_1.xml",".xml","building E Settlement Age2","4","0"
"lp building e settlement age2_death_2.mtrl",".mtrl","","",""
"lp building e settlement age2_death_2.xml",".xml","building E Age2 accessories","0","0"
"lp building e settlement age2_death_3.mtrl",".mtrl","","",""
"lp building e settlement age2_death_3.xml",".xml","Building G SettlementFence","0","0"
"lp building e settlement age3 fortified_0.mtrl",".mtrl","","",""
"lp building e settlement age3 fortified_0.xml",".xml","building E Settlement Age3","0","0"
"lp building e settlement age3 fortified_1.mtrl",".mtrl","","",""
"lp building e settlement age3 fortified_1.xml",".xml","building E Settlement Age3","4","0"
"lp building e settlement age3 fortified_2.mtrl",".mtrl","","",""
"lp building e settlement age3 fortified_2.xml",".xml","building E Age3 accessories","0","0"
"lp building e settlement age3 fortified_death_0.mtrl",".mtrl","","",""
"lp building e settlement age3 fortified_death_0.xml",".xml","building E Settlement Age3","0","0"
"lp building e settlement age3 fortified_death_1.mtrl",".mtrl","","",""
"lp building e settlement age3 fortified_death_1.xml",".xml","building E Settlement Age3","4","0"
"lp building e settlement age3 fortified_death_2.mtrl",".mtrl","","",""
"lp building e settlement age3 fortified_death_2.xml",".xml","building E Age3A accessories","0","0"
"lp building e settlement age3 fortified_death_3.mtrl",".mtrl","","",""
"lp building e settlement age3 fortified_death_3.xml",".xml","building E Age3 accessories","0","0"
"lp building e settlement age3_0.mtrl",".mtrl","","",""
"lp building e settlement age3_0.xml",".xml","building E Settlement Age3","0","0"
"lp building e settlement age3_1.mtrl",".mtrl","","",""
"lp building e settlement age3_1.xml",".xml","building E Settlement Age3","4","0"
"lp building e settlement age3_2.mtrl",".mtrl","","",""
"lp building e settlement age3_2.xml",".xml","building E Age3 accessories","0","0"
"lp building e settlement age3_death_0.mtrl",".mtrl","","",""
"lp building e settlement age3_death_0.xml",".xml","building E Settlement Age3","0","0"
"lp building e settlement age3_death_1.mtrl",".mtrl","","",""
"lp building e settlement age3_death_1.xml",".xml","building E Settlement Age3","4","0"
"lp building e settlement age3_death_2.mtrl",".mtrl","","",""
"lp building e settlement age3_death_2.xml",".xml","building E Age3A accessories","0","0"
"lp building e settlement age3_death_3.mtrl",".mtrl","","",""
"lp building e settlement age3_death_3.xml",".xml","building E Age3 accessories","0","0"
"lp building e settlement age4 fortified_0.mtrl",".mtrl","","",""
"lp building e settlement age4 fortified_0.xml",".xml","building E Settlement Age4","0","0"
"lp building e settlement age4 fortified_1.mtrl",".mtrl","","",""
"lp building e settlement age4 fortified_1.xml",".xml","building E Settlement Age4","4","0"
"lp building e settlement age4 fortified_2.mtrl",".mtrl","","",""
"lp building e settlement age4 fortified_2.xml",".xml","building E Age4 Accessories","0","0"
"lp building e settlement age4 fortified_death_0.mtrl",".mtrl","","",""
"lp building e settlement age4 fortified_death_0.xml",".xml","building E Settlement Age4","0","0"
"lp building e settlement age4 fortified_death_1.mtrl",".mtrl","","",""
"lp building e settlement age4 fortified_death_1.xml",".xml","building E Settlement Age4","4","0"
"lp building e settlement age4 fortified_death_2.mtrl",".mtrl","","",""
"lp building e settlement age4 fortified_death_2.xml",".xml","building E Age3A accessories","0","0"
"lp building e settlement age4 fortified_death_3.mtrl",".mtrl","","",""
"lp building e settlement age4 fortified_death_3.xml",".xml","building E Age4roof","0","0"
"lp building e settlement age4_0.mtrl",".mtrl","","",""
"lp building e settlement age4_0.xml",".xml","building E Settlement Age4","0","0"
"lp building e settlement age4_1.mtrl",".mtrl","","",""
"lp building e settlement age4_1.xml",".xml","building E Settlement Age4","4","0"
"lp building e settlement age4_2.mtrl",".mtrl","","",""
"lp building e settlement age4_2.xml",".xml","building E Age4 Accessories","0","0"
"lp building e settlement age4_death_0.mtrl",".mtrl","","",""
"lp building e settlement age4_death_0.xml",".xml","building E Settlement Age4","0","0"
"lp building e settlement age4_death_1.mtrl",".mtrl","","",""
"lp building e settlement age4_death_1.xml",".xml","building E Settlement Age4","4","0"
"lp building e settlement age4_death_2.mtrl",".mtrl","","",""
"lp building e settlement age4_death_2.xml",".xml","building E Age3A accessories","0","0"
"lp building e settlement age4_death_3.mtrl",".mtrl","","",""
"lp building e settlement age4_death_3.xml",".xml","building E Age4roof","0","0"
"lp building e siege camp age3_0.mtrl",".mtrl","","",""
"lp building e siege camp age3_0.xml",".xml","Building E Age3","0","0"
"lp building e siege camp age3_1.mtrl",".mtrl","","",""
"lp building e siege camp age3_1.xml",".xml","Building E Age3","4","0"
"lp building e siege camp age3_2.mtrl",".mtrl","","",""
"lp building e siege camp age3_2.xml",".xml","building E Age3 accessories","0","0"
"lp building e siege camp age3_death_0.mtrl",".mtrl","","",""
"lp building e siege camp age3_death_0.xml",".xml","Building E Age3","0","0"
"lp building e siege camp age3_death_1.mtrl",".mtrl","","",""
"lp building e siege camp age3_death_1.xml",".xml","Building E Age3","4","0"
"lp building e siege camp age3_death_2.mtrl",".mtrl","","",""
"lp building e siege camp age3_death_2.xml",".xml","building E Age3 accessories","0","0"
"lp building e siege camp age3_death_3.mtrl",".mtrl","","",""
"lp building e siege camp age3_death_3.xml",".xml","building E Age3A accessories","0","0"
"lp building e siege camp age4_0.mtrl",".mtrl","","",""
"lp building e siege camp age4_0.xml",".xml","building E Age4","0","0"
"lp building e siege camp age4_1.mtrl",".mtrl","","",""
"lp building e siege camp age4_1.xml",".xml","building E Age4","4","0"
"lp building e siege camp age4_2.mtrl",".mtrl","","",""
"lp building e siege camp age4_2.xml",".xml","building E Age4roof","0","0"
"lp building e siege camp age4_death_0.mtrl",".mtrl","","",""
"lp building e siege camp age4_death_0.xml",".xml","building E Age4","0","0"
"lp building e siege camp age4_death_1.mtrl",".mtrl","","",""
"lp building e siege camp age4_death_1.xml",".xml","building E Age4","4","0"
"lp building e siege camp age4_death_2.mtrl",".mtrl","","",""
"lp building e siege camp age4_death_2.xml",".xml","building E Age4roof","0","0"
"lp building e statue a_0.mtrl",".mtrl","","",""
"lp building e statue a_0.xml",".xml","buildingEstatue01","0","0"
"lp building e statue a_death_0.mtrl",".mtrl","","",""
"lp building e statue a_death_0.xml",".xml","buildingEstatue01","0","0"
"lp building e temple age1_0.mtrl",".mtrl","","",""
"lp building e temple age1_0.xml",".xml","building E Age1","0","0"
"lp building e temple age1_1.mtrl",".mtrl","","",""
"lp building e temple age1_1.xml",".xml","building E Age1","4","0"
"lp building e temple age1_2.mtrl",".mtrl","","",""
"lp building e temple age1_2.xml",".xml","building E Shrine","0","0"
"lp building e temple age1_death_0.mtrl",".mtrl","","",""
"lp building e temple age1_death_0.xml",".xml","building E Age1","0","0"
"lp building e temple age1_death_1.mtrl",".mtrl","","",""
"lp building e temple age1_death_1.xml",".xml","building E Age1","4","0"
"lp building e temple age1_death_2.mtrl",".mtrl","","",""
"lp building e temple age1_death_2.xml",".xml","building E Shrine","0","0"
"lp building e temple age2_0.mtrl",".mtrl","","",""
"lp building e temple age2_0.xml",".xml","Building E Age2","0","0"
"lp building e temple age2_1.mtrl",".mtrl","","",""
"lp building e temple age2_1.xml",".xml","Building E Age2","4","0"
"lp building e temple age2_2.mtrl",".mtrl","","",""
"lp building e temple age2_2.xml",".xml","building E Shrine","0","0"
"lp building e temple age2_death_0.mtrl",".mtrl","","",""
"lp building e temple age2_death_0.xml",".xml","Building E Age2","0","0"
"lp building e temple age2_death_1.mtrl",".mtrl","","",""
"lp building e temple age2_death_1.xml",".xml","Building E Age2","4","0"
"lp building e temple age2_death_2.mtrl",".mtrl","","",""
"lp building e temple age2_death_2.xml",".xml","building E Shrine","0","0"
"lp building e temple age3_0.mtrl",".mtrl","","",""
"lp building e temple age3_0.xml",".xml","Building E Age3","0","0"
"lp building e temple age3_1.mtrl",".mtrl","","",""
"lp building e temple age3_1.xml",".xml","Building E Age3","4","0"
"lp building e temple age3_2.mtrl",".mtrl","","",""
"lp building e temple age3_2.xml",".xml","building E Shrine","0","0"
"lp building e temple age3_death_0.mtrl",".mtrl","","",""
"lp building e temple age3_death_0.xml",".xml","Building E Age3","0","0"
"lp building e temple age3_death_1.mtrl",".mtrl","","",""
"lp building e temple age3_death_1.xml",".xml","Building E Age3","4","0"
"lp building e temple age3_death_2.mtrl",".mtrl","","",""
"lp building e temple age3_death_2.xml",".xml","building E Shrine","0","0"
"lp building e temple age3_death_3.mtrl",".mtrl","","",""
"lp building e temple age3_death_3.xml",".xml","building E Shrine02","0","0"
"lp building e temple age4_0.mtrl",".mtrl","","",""
"lp building e temple age4_0.xml",".xml","building E Age4","0","0"
"lp building e temple age4_1.mtrl",".mtrl","","",""
"lp building e temple age4_1.xml",".xml","building E Age4","4","0"
"lp building e temple age4_2.mtrl",".mtrl","","",""
"lp building e temple age4_2.xml",".xml","building E Shrine","0","0"
"lp building e temple age4_death_0.mtrl",".mtrl","","",""
"lp building e temple age4_death_0.xml",".xml","building E Age4","0","0"
"lp building e temple age4_death_1.mtrl",".mtrl","","",""
"lp building e temple age4_death_1.xml",".xml","building E Age4","4","0"
"lp building e temple age4_death_2.mtrl",".mtrl","","",""
"lp building e temple age4_death_2.xml",".xml","building E Age4roof","0","0"
"lp building e temple age4_death_3.mtrl",".mtrl","","",""
"lp building e temple age4_death_3.xml",".xml","building E Shrine","0","0"
"lp building e tradedock age1_0.mtrl",".mtrl","","",""
"lp building e tradedock age1_0.xml",".xml","building E Age1","0","0"
"lp building e tradedock age1_1.mtrl",".mtrl","","",""
"lp building e tradedock age1_1.xml",".xml","building E Shrine","0","0"
"lp building e tradedock age1_2.mtrl",".mtrl","","",""
"lp building e tradedock age1_2.xml",".xml","building E Age1","4","0"
"lp building e tradedock age1_death_0.mtrl",".mtrl","","",""
"lp building e tradedock age1_death_0.xml",".xml","building E Age1","0","0"
"lp building e tradedock age1_death_1.mtrl",".mtrl","","",""
"lp building e tradedock age1_death_1.xml",".xml","building E Shrine","0","0"
"lp building e tradedock age1_death_2.mtrl",".mtrl","","",""
"lp building e tradedock age1_death_2.xml",".xml","building E Age1","4","0"
"lp building e tradedock age2_0.mtrl",".mtrl","","",""
"lp building e tradedock age2_0.xml",".xml","Building E Age2","0","0"
"lp building e tradedock age2_1.mtrl",".mtrl","","",""
"lp building e tradedock age2_1.xml",".xml","Building E Age2","4","0"
"lp building e tradedock age2_2.mtrl",".mtrl","","",""
"lp building e tradedock age2_2.xml",".xml","building E Shrine","0","0"
"lp building e tradedock age2_death_0.mtrl",".mtrl","","",""
"lp building e tradedock age2_death_0.xml",".xml","Building E Age2","0","0"
"lp building e tradedock age2_death_1.mtrl",".mtrl","","",""
"lp building e tradedock age2_death_1.xml",".xml","Building E Age2","4","0"
"lp building e tradedock age2_death_2.mtrl",".mtrl","","",""
"lp building e tradedock age2_death_2.xml",".xml","building E Age2 accessories","0","0"
"lp building e tradedock age2_death_3.mtrl",".mtrl","","",""
"lp building e tradedock age2_death_3.xml",".xml","building E Shrine","0","0"
"lp building e tradedock age3_0.mtrl",".mtrl","","",""
"lp building e tradedock age3_0.xml",".xml","Building E Age3","0","0"
"lp building e tradedock age3_1.mtrl",".mtrl","","",""
"lp building e tradedock age3_1.xml",".xml","Building E Age3","4","0"
"lp building e tradedock age3_2.mtrl",".mtrl","","",""
"lp building e tradedock age3_2.xml",".xml","building E Shrine","0","0"
"lp building e tradedock age3_death_0.mtrl",".mtrl","","",""
"lp building e tradedock age3_death_0.xml",".xml","Building E Age3","0","0"
"lp building e tradedock age3_death_1.mtrl",".mtrl","","",""
"lp building e tradedock age3_death_1.xml",".xml","Building E Age3","4","0"
"lp building e tradedock age3_death_2.mtrl",".mtrl","","",""
"lp building e tradedock age3_death_2.xml",".xml","building E Age3 accessories","0","0"
"lp building e tradedock age3_death_3.mtrl",".mtrl","","",""
"lp building e tradedock age3_death_3.xml",".xml","building E Shrine","0","0"
"lp building e tradedock age4_0.mtrl",".mtrl","","",""
"lp building e tradedock age4_0.xml",".xml","building E Age4","0","0"
"lp building e tradedock age4_1.mtrl",".mtrl","","",""
"lp building e tradedock age4_1.xml",".xml","building E Age4","4","0"
"lp building e tradedock age4_2.mtrl",".mtrl","","",""
"lp building e tradedock age4_2.xml",".xml","building E Age4 Accessories","0","0"
"lp building e tradedock age4_death_0.mtrl",".mtrl","","",""
"lp building e tradedock age4_death_0.xml",".xml","building E Age4","4","0"
"lp building e tradedock age4_death_1.mtrl",".mtrl","","",""
"lp building e tradedock age4_death_1.xml",".xml","building E Age4roof","0","0"
"lp building e tradedock age4_death_2.mtrl",".mtrl","","",""
"lp building e tradedock age4_death_2.xml",".xml","building E Shrine","0","0"
"lp building e tradedock age4_death_3.mtrl",".mtrl","","",""
"lp building e tradedock age4_death_3.xml",".xml","building E Age4 Accessories","0","0"
"lp building e wallcit long stage1_0.mtrl",".mtrl","","",""
"lp building e wallcit long stage1_0.xml",".xml","Building E Wall4","0","0"
"lp building e wallcit long stage1_1.mtrl",".mtrl","","",""
"lp building e wallcit long stage1_1.xml",".xml","Building E Wall4","4","0"
"lp building e wallcit long stage2_0.mtrl",".mtrl","","",""
"lp building e wallcit long stage2_0.xml",".xml","Building E Wall4","0","0"
"lp building e wallcit long stage2_1.mtrl",".mtrl","","",""
"lp building e wallcit long stage2_1.xml",".xml","Building E Wall4","4","0"
"lp building e wallcit long stage3_0.mtrl",".mtrl","","",""
"lp building e wallcit long stage3_0.xml",".xml","Building E Wall4","0","0"
"lp building e wallcit long stage3_1.mtrl",".mtrl","","",""
"lp building e wallcit long stage3_1.xml",".xml","Building E Wall4","4","0"
"lp building e wallcit long stage3_death_0.mtrl",".mtrl","","",""
"lp building e wallcit long stage3_death_0.xml",".xml","Building E Wall4","0","0"
"lp building e wallcit long stage3_death_1.mtrl",".mtrl","","",""
"lp building e wallcit long stage3_death_1.xml",".xml","Building E Wall4","4","0"
"lp building e wallcit medium stage1_0.mtrl",".mtrl","","",""
"lp building e wallcit medium stage1_0.xml",".xml","Building E Wall4","0","0"
"lp building e wallcit medium stage1_1.mtrl",".mtrl","","",""
"lp building e wallcit medium stage1_1.xml",".xml","Building E Wall4","4","0"
"lp building e wallcit medium stage2_0.mtrl",".mtrl","","",""
"lp building e wallcit medium stage2_0.xml",".xml","Building E Wall4","0","0"
"lp building e wallcit medium stage2_1.mtrl",".mtrl","","",""
"lp building e wallcit medium stage2_1.xml",".xml","Building E Wall4","4","0"
"lp building e wallcit medium stage3_0.mtrl",".mtrl","","",""
"lp building e wallcit medium stage3_0.xml",".xml","Building E Wall4","0","0"
"lp building e wallcit medium stage3_1.mtrl",".mtrl","","",""
"lp building e wallcit medium stage3_1.xml",".xml","Building E Wall4","4","0"
"lp building e wallcit medium stage3_death_0.mtrl",".mtrl","","",""
"lp building e wallcit medium stage3_death_0.xml",".xml","Building E Wall4","0","0"
"lp building e wallcit medium stage3_death_1.mtrl",".mtrl","","",""
"lp building e wallcit medium stage3_death_1.xml",".xml","Building E Wall4","4","0"
"lp building e wallcit short stage1_0.mtrl",".mtrl","","",""
"lp building e wallcit short stage1_0.xml",".xml","Building E Wall4","0","0"
"lp building e wallcit short stage1_1.mtrl",".mtrl","","",""
"lp building e wallcit short stage1_1.xml",".xml","Building E Wall4","4","0"
"lp building e wallcit short stage2_0.mtrl",".mtrl","","",""
"lp building e wallcit short stage2_0.xml",".xml","Building E Wall4","0","0"
"lp building e wallcit short stage2_1.mtrl",".mtrl","","",""
"lp building e wallcit short stage2_1.xml",".xml","Building E Wall4","4","0"
"lp building e wallcit short stage3_0.mtrl",".mtrl","","",""
"lp building e wallcit short stage3_0.xml",".xml","Building E Wall4","0","0"
"lp building e wallcit short stage3_1.mtrl",".mtrl","","",""
"lp building e wallcit short stage3_1.xml",".xml","Building E Wall4","4","0"
"lp building e wallcit short stage3_death_0.mtrl",".mtrl","","",""
"lp building e wallcit short stage3_death_0.xml",".xml","Building E Wall4","0","0"
"lp building e wallcit short stage3_death_1.mtrl",".mtrl","","",""
"lp building e wallcit short stage3_death_1.xml",".xml","Building E Wall4","4","0"
"lp building e wallcon stage1_0.mtrl",".mtrl","","",""
"lp building e wallcon stage1_0.xml",".xml","Building E Age3","0","0"
"lp building e wallcon stage1_1.mtrl",".mtrl","","",""
"lp building e wallcon stage1_1.xml",".xml","Building E Age3","4","0"
"lp building e wallcon stage1_2.mtrl",".mtrl","","",""
"lp building e wallcon stage1_2.xml",".xml","building E Age3 accessories","0","0"
"lp building e wallcon stage2_0.mtrl",".mtrl","","",""
"lp building e wallcon stage2_0.xml",".xml","Building E Age3","0","0"
"lp building e wallcon stage2_1.mtrl",".mtrl","","",""
"lp building e wallcon stage2_1.xml",".xml","Building E Age3","4","0"
"lp building e wallcon stage2_2.mtrl",".mtrl","","",""
"lp building e wallcon stage2_2.xml",".xml","building E Age3 accessories","0","0"
"lp building e wallcon stage3_0.mtrl",".mtrl","","",""
"lp building e wallcon stage3_0.xml",".xml","Building E Age3","0","0"
"lp building e wallcon stage3_1.mtrl",".mtrl","","",""
"lp building e wallcon stage3_1.xml",".xml","Building E Age3","4","0"
"lp building e wallcon stage3_2.mtrl",".mtrl","","",""
"lp building e wallcon stage3_2.xml",".xml","building E Age3 accessories","0","0"
"lp building e wallcon stage3_death_0.mtrl",".mtrl","","",""
"lp building e wallcon stage3_death_0.xml",".xml","Building E Age3","0","0"
"lp building e wallcon stage3_death_1.mtrl",".mtrl","","",""
"lp building e wallcon stage3_death_1.xml",".xml","Building E Age3","4","0"
"lp building e wallcon stage3_death_2.mtrl",".mtrl","","",""
"lp building e wallcon stage3_death_2.xml",".xml","building E Age3 accessories","0","0"
"lp building e wallfort long stage1_0.mtrl",".mtrl","","",""
"lp building e wallfort long stage1_0.xml",".xml","Building E Age3","0","0"
"lp building e wallfort long stage1_1.mtrl",".mtrl","","",""
"lp building e wallfort long stage1_1.xml",".xml","Building E Age3","4","0"
"lp building e wallfort long stage1_2.mtrl",".mtrl","","",""
"lp building e wallfort long stage1_2.xml",".xml","building E Age3 accessories","0","0"
"lp building e wallfort long stage2_0.mtrl",".mtrl","","",""
"lp building e wallfort long stage2_0.xml",".xml","Building E Age3","0","0"
"lp building e wallfort long stage2_1.mtrl",".mtrl","","",""
"lp building e wallfort long stage2_1.xml",".xml","Building E Age3","4","0"
"lp building e wallfort long stage2_2.mtrl",".mtrl","","",""
"lp building e wallfort long stage2_2.xml",".xml","building E Age3 accessories","0","0"
"lp building e wallfort long stage3_0.mtrl",".mtrl","","",""
"lp building e wallfort long stage3_0.xml",".xml","Building E Age3","0","0"
"lp building e wallfort long stage3_1.mtrl",".mtrl","","",""
"lp building e wallfort long stage3_1.xml",".xml","Building E Age3","4","0"
"lp building e wallfort long stage3_2.mtrl",".mtrl","","",""
"lp building e wallfort long stage3_2.xml",".xml","building E Age3 accessories","0","0"
"lp building e wallfort long stage3_death_0.mtrl",".mtrl","","",""
"lp building e wallfort long stage3_death_0.xml",".xml","Building E Age3","0","0"
"lp building e wallfort long stage3_death_1.mtrl",".mtrl","","",""
"lp building e wallfort long stage3_death_1.xml",".xml","Building E Age3","4","0"
"lp building e wallfort long stage3_death_2.mtrl",".mtrl","","",""
"lp building e wallfort long stage3_death_2.xml",".xml","building E Age3 accessories","0","0"
"lp building e wallfort medium stage1_0.mtrl",".mtrl","","",""
"lp building e wallfort medium stage1_0.xml",".xml","Building E Age3","0","0"
"lp building e wallfort medium stage1_1.mtrl",".mtrl","","",""
"lp building e wallfort medium stage1_1.xml",".xml","Building E Age3","4","0"
"lp building e wallfort medium stage1_2.mtrl",".mtrl","","",""
"lp building e wallfort medium stage1_2.xml",".xml","building E Age3 accessories","0","0"
"lp building e wallfort medium stage2_0.mtrl",".mtrl","","",""
"lp building e wallfort medium stage2_0.xml",".xml","Building E Age3","0","0"
"lp building e wallfort medium stage2_1.mtrl",".mtrl","","",""
"lp building e wallfort medium stage2_1.xml",".xml","Building E Age3","4","0"
"lp building e wallfort medium stage2_2.mtrl",".mtrl","","",""
"lp building e wallfort medium stage2_2.xml",".xml","building E Age3 accessories","0","0"
"lp building e wallfort medium stage3_0.mtrl",".mtrl","","",""
"lp building e wallfort medium stage3_0.xml",".xml","Building E Age3","0","0"
"lp building e wallfort medium stage3_1.mtrl",".mtrl","","",""
"lp building e wallfort medium stage3_1.xml",".xml","Building E Age3","4","0"
"lp building e wallfort medium stage3_2.mtrl",".mtrl","","",""
"lp building e wallfort medium stage3_2.xml",".xml","building E Age3 accessories","0","0"
"lp building e wallfort medium stage3_death_0.mtrl",".mtrl","","",""
"lp building e wallfort medium stage3_death_0.xml",".xml","Building E Age3","0","0"
"lp building e wallfort medium stage3_death_1.mtrl",".mtrl","","",""
"lp building e wallfort medium stage3_death_1.xml",".xml","Building E Age3","4","0"
"lp building e wallfort medium stage3_death_2.mtrl",".mtrl","","",""
"lp building e wallfort medium stage3_death_2.xml",".xml","building E Age3 accessories","0","0"
"lp building e wallfort short stage1_0.mtrl",".mtrl","","",""
"lp building e wallfort short stage1_0.xml",".xml","Building E Age3","0","0"
"lp building e wallfort short stage1_1.mtrl",".mtrl","","",""
"lp building e wallfort short stage1_1.xml",".xml","Building E Age3","4","0"
"lp building e wallfort short stage1_2.mtrl",".mtrl","","",""
"lp building e wallfort short stage1_2.xml",".xml","building E Age3 accessories","0","0"
"lp building e wallfort short stage2_0.mtrl",".mtrl","","",""
"lp building e wallfort short stage2_0.xml",".xml","Building E Age3","0","0"
"lp building e wallfort short stage2_1.mtrl",".mtrl","","",""
"lp building e wallfort short stage2_1.xml",".xml","Building E Age3","4","0"
"lp building e wallfort short stage2_2.mtrl",".mtrl","","",""
"lp building e wallfort short stage2_2.xml",".xml","building E Age3 accessories","0","0"
"lp building e wallfort short stage3_0.mtrl",".mtrl","","",""
"lp building e wallfort short stage3_0.xml",".xml","Building E Age3","0","0"
"lp building e wallfort short stage3_1.mtrl",".mtrl","","",""
"lp building e wallfort short stage3_1.xml",".xml","Building E Age3","4","0"
"lp building e wallfort short stage3_2.mtrl",".mtrl","","",""
"lp building e wallfort short stage3_2.xml",".xml","building E Age3 accessories","0","0"
"lp building e wallfort short stage3_death_0.mtrl",".mtrl","","",""
"lp building e wallfort short stage3_death_0.xml",".xml","Building E Age3","0","0"
"lp building e wallfort short stage3_death_1.mtrl",".mtrl","","",""
"lp building e wallfort short stage3_death_1.xml",".xml","Building E Age3","4","0"
"lp building e wallfort short stage3_death_2.mtrl",".mtrl","","",""
"lp building e wallfort short stage3_death_2.xml",".xml","building E Age3 accessories","0","0"
"lp building e wallmediumshort stage1_0.mtrl",".mtrl","","",""
"lp building e wallmediumshort stage1_0.xml",".xml","building E Age2 wall","0","0"
"lp building e wallmediumshort stage1_1.mtrl",".mtrl","","",""
"lp building e wallmediumshort stage1_1.xml",".xml","building E Age2 wall","4","0"
"lp building e wallmediumshort stage2_0.mtrl",".mtrl","","",""
"lp building e wallmediumshort stage2_0.xml",".xml","building E Age2 wall","0","0"
"lp building e wallmediumshort stage2_1.mtrl",".mtrl","","",""
"lp building e wallmediumshort stage2_1.xml",".xml","building E Age2 wall","4","0"
"lp building e wallmediumshort stage3_0.mtrl",".mtrl","","",""
"lp building e wallmediumshort stage3_0.xml",".xml","building E Age2 wall","0","0"
"lp building e wallmediumshort stage3_1.mtrl",".mtrl","","",""
"lp building e wallmediumshort stage3_1.xml",".xml","building E Age2 wall","4","0"
"lp building e wallstone stage1_0.mtrl",".mtrl","","",""
"lp building e wallstone stage1_0.xml",".xml","building E Age2 wall","0","0"
"lp building e wallstone stage1_1.mtrl",".mtrl","","",""
"lp building e wallstone stage1_1.xml",".xml","building E Age2 wall","4","0"
"lp building e wallstone stage2_0.mtrl",".mtrl","","",""
"lp building e wallstone stage2_0.xml",".xml","building E Age2 wall","0","0"
"lp building e wallstone stage2_1.mtrl",".mtrl","","",""
"lp building e wallstone stage2_1.xml",".xml","building E Age2 wall","4","0"
"lp building e wallstone stage3_0.mtrl",".mtrl","","",""
"lp building e wallstone stage3_0.xml",".xml","building E Age2 wall","0","0"
"lp building e wallstone stage3_1.mtrl",".mtrl","","",""
"lp building e wallstone stage3_1.xml",".xml","building E Age2 wall","4","0"
"lp building e wallstone stage3_death_0.mtrl",".mtrl","","",""
"lp building e wallstone stage3_death_0.xml",".xml","building E Age2 wall","0","0"
"lp building e wallstone stage3_death_1.mtrl",".mtrl","","",""
"lp building e wallstone stage3_death_1.xml",".xml","building E Age2 wall","4","0"
"lp building e wallstonemedium stage1_0.mtrl",".mtrl","","",""
"lp building e wallstonemedium stage1_0.xml",".xml","building E Age2 wall","0","0"
"lp building e wallstonemedium stage1_1.mtrl",".mtrl","","",""
"lp building e wallstonemedium stage1_1.xml",".xml","building E Age2 wall","4","0"
"lp building e wallstonemedium stage2_0.mtrl",".mtrl","","",""
"lp building e wallstonemedium stage2_0.xml",".xml","building E Age2 wall","0","0"
"lp building e wallstonemedium stage2_1.mtrl",".mtrl","","",""
"lp building e wallstonemedium stage2_1.xml",".xml","building E Age2 wall","4","0"
"lp building e wallstonemedium stage3_0.mtrl",".mtrl","","",""
"lp building e wallstonemedium stage3_0.xml",".xml","building E Age2 wall","0","0"
"lp building e wallstonemedium stage3_1.mtrl",".mtrl","","",""
"lp building e wallstonemedium stage3_1.xml",".xml","building E Age2 wall","4","0"
"lp building e wallstonemedium stage3_death_0.mtrl",".mtrl","","",""
"lp building e wallstonemedium stage3_death_0.xml",".xml","building E Age2 wall","0","0"
"lp building e wallstonemedium stage3_death_1.mtrl",".mtrl","","",""
"lp building e wallstonemedium stage3_death_1.xml",".xml","building E Age2 wall","4","0"
"lp building e wallstoneshort stage1_0.mtrl",".mtrl","","",""
"lp building e wallstoneshort stage1_0.xml",".xml","building E Age2 wall","0","0"
"lp building e wallstoneshort stage1_1.mtrl",".mtrl","","",""
"lp building e wallstoneshort stage1_1.xml",".xml","building E Age2 wall","4","0"
"lp building e wallstoneshort stage2_0.mtrl",".mtrl","","",""
"lp building e wallstoneshort stage2_0.xml",".xml","building E Age2 wall","0","0"
"lp building e wallstoneshort stage2_1.mtrl",".mtrl","","",""
"lp building e wallstoneshort stage2_1.xml",".xml","building E Age2 wall","4","0"
"lp building e wallstoneshort stage3_0.mtrl",".mtrl","","",""
"lp building e wallstoneshort stage3_0.xml",".xml","building E Age2 wall","0","0"
"lp building e wallstoneshort stage3_1.mtrl",".mtrl","","",""
"lp building e wallstoneshort stage3_1.xml",".xml","building E Age2 wall","4","0"
"lp building e wallstoneshort stage3_death_0.mtrl",".mtrl","","",""
"lp building e wallstoneshort stage3_death_0.xml",".xml","building E Age2 wall","0","0"
"lp building e wallstoneshort stage3_death_1.mtrl",".mtrl","","",""
"lp building e wallstoneshort stage3_death_1.xml",".xml","building E Age2 wall","4","0"
"lp building e watch age1_0.mtrl",".mtrl","","",""
"lp building e watch age1_0.xml",".xml","building E Age1","0","0"
"lp building e watch age1_1.mtrl",".mtrl","","",""
"lp building e watch age1_1.xml",".xml","building E Age1","4","0"
"lp building e watch age1_2.mtrl",".mtrl","","",""
"lp building e watch age1_2.xml",".xml","building E Age3 accessories","0","0"
"lp building e watch age1_death_0.mtrl",".mtrl","","",""
"lp building e watch age1_death_0.xml",".xml","building E Age1","0","0"
"lp building e watch age1_death_1.mtrl",".mtrl","","",""
"lp building e watch age1_death_1.xml",".xml","building E Age1","4","0"
"lp building e watch age1_death_2.mtrl",".mtrl","","",""
"lp building e watch age1_death_2.xml",".xml","building E Age2 accessories","0","0"
"lp building e watch age1_death_3.mtrl",".mtrl","","",""
"lp building e watch age1_death_3.xml",".xml","building E Age1 Accessories","0","0"
"lp building e watch age2_0.mtrl",".mtrl","","",""
"lp building e watch age2_0.xml",".xml","Building E Age2","0","0"
"lp building e watch age2_1.mtrl",".mtrl","","",""
"lp building e watch age2_1.xml",".xml","Building E Age2","4","0"
"lp building e watch age2_2.mtrl",".mtrl","","",""
"lp building e watch age2_2.xml",".xml","building E Age2 accessories","0","0"
"lp building e watch age2_death_0.mtrl",".mtrl","","",""
"lp building e watch age2_death_0.xml",".xml","Building E Age2","0","0"
"lp building e watch age2_death_1.mtrl",".mtrl","","",""
"lp building e watch age2_death_1.xml",".xml","Building E Age2","4","0"
"lp building e watch age2_death_2.mtrl",".mtrl","","",""
"lp building e watch age2_death_2.xml",".xml","building E Age2 accessories","0","0"
"lp building e watch age3_0.mtrl",".mtrl","","",""
"lp building e watch age3_0.xml",".xml","Building E Age3","0","0"
"lp building e watch age3_1.mtrl",".mtrl","","",""
"lp building e watch age3_1.xml",".xml","Building E Age3","4","0"
"lp building e watch age3_2.mtrl",".mtrl","","",""
"lp building e watch age3_2.xml",".xml","building E Age3 accessories","0","0"
"lp building e watch age3_death_0.mtrl",".mtrl","","",""
"lp building e watch age3_death_0.xml",".xml","Building E Age3","0","0"
"lp building e watch age3_death_1.mtrl",".mtrl","","",""
"lp building e watch age3_death_1.xml",".xml","Building E Age3","4","0"
"lp building e watch age3_death_2.mtrl",".mtrl","","",""
"lp building e watch age3_death_2.xml",".xml","building E Age3 accessories","0","0"
"lp building e watch age4_0.mtrl",".mtrl","","",""
"lp building e watch age4_0.xml",".xml","Building E Age4","0","0"
"lp building e watch age4_1.mtrl",".mtrl","","",""
"lp building e watch age4_1.xml",".xml","Building E Age4","4","0"
"lp building e watch age4_2.mtrl",".mtrl","","",""
"lp building e watch age4_2.xml",".xml","building E Age4 Accessories","0","0"
"lp building e watch age4_death_0.mtrl",".mtrl","","",""
"lp building e watch age4_death_0.xml",".xml","Building E Age4","0","0"
"lp building e watch age4_death_1.mtrl",".mtrl","","",""
"lp building e watch age4_death_1.xml",".xml","Building E Age4","4","0"
"lp building e watch age4_death_2.mtrl",".mtrl","","",""
"lp building e watch age4_death_2.xml",".xml","building E Age4 Accessories","0","0"
"lp building e watch age4_death_3.mtrl",".mtrl","","",""
"lp building e watch age4_death_3.xml",".xml","building E Age4roof","0","0"
"lp building g archery range age3_0.mtrl",".mtrl","","",""
"lp building g archery range age3_0.xml",".xml","Building G WallsAge3","0","0"
"lp building g archery range age3_1.mtrl",".mtrl","","",""
"lp building g archery range age3_1.xml",".xml","Building G RoofAge3","0","0"
"lp building g archery range age3_2.mtrl",".mtrl","","",""
"lp building g archery range age3_2.xml",".xml","Building G WallsAge3","4","0"
"lp building g archery range age3_death_0.mtrl",".mtrl","","",""
"lp building g archery range age3_death_0.xml",".xml","Building G WallsAge3","0","0"
"lp building g archery range age3_death_1.mtrl",".mtrl","","",""
"lp building g archery range age3_death_1.xml",".xml","Building G RoofAge3","0","0"
"lp building g archery rangeage1_0.mtrl",".mtrl","","",""
"lp building g archery rangeage1_0.xml",".xml","Building G WallsAge1","0","0"
"lp building g archery rangeage1_1.mtrl",".mtrl","","",""
"lp building g archery rangeage1_1.xml",".xml","Building G RoofAge1","0","0"
"lp building g archery rangeage1_2.mtrl",".mtrl","","",""
"lp building g archery rangeage1_2.xml",".xml","Building G WallsAge1","4","0"
"lp building g archery rangeage1_death_0.mtrl",".mtrl","","",""
"lp building g archery rangeage1_death_0.xml",".xml","Building G WallsAge1","0","0"
"lp building g archery rangeage1_death_1.mtrl",".mtrl","","",""
"lp building g archery rangeage1_death_1.xml",".xml","Building G RoofAge1","0","0"
"lp building g archery rangeage2_0.mtrl",".mtrl","","",""
"lp building g archery rangeage2_0.xml",".xml","Building G RoofAge2","0","0"
"lp building g archery rangeage2_1.mtrl",".mtrl","","",""
"lp building g archery rangeage2_1.xml",".xml","Building G WallsAge2","0","0"
"lp building g archery rangeage2_2.mtrl",".mtrl","","",""
"lp building g archery rangeage2_2.xml",".xml","Building G WallsAge2","4","0"
"lp building g archery rangeage2_death_0.mtrl",".mtrl","","",""
"lp building g archery rangeage2_death_0.xml",".xml","Building G RoofAge2","0","0"
"lp building g archery rangeage2_death_1.mtrl",".mtrl","","",""
"lp building g archery rangeage2_death_1.xml",".xml","Building G WallsAge2","0","0"
"lp building g archery rangeage2_death_2.mtrl",".mtrl","","",""
"lp building g archery rangeage2_death_2.xml",".xml","Building G WallsAge2","4","0"
"lp building g arfence_0.mtrl",".mtrl","","",""
"lp building g arfence_0.xml",".xml","Building G SettlementFence","0","0"
"lp building g armoryage1_0.mtrl",".mtrl","","",""
"lp building g armoryage1_0.xml",".xml","Building G WallsAge1","0","0"
"lp building g armoryage1_1.mtrl",".mtrl","","",""
"lp building g armoryage1_1.xml",".xml","Building G RoofAge1","0","0"
"lp building g armoryage1_2.mtrl",".mtrl","","",""
"lp building g armoryage1_2.xml",".xml","Building G WallsAge1","4","0"
"lp building g armoryage1_death_0.mtrl",".mtrl","","",""
"lp building g armoryage1_death_0.xml",".xml","Building G WallsAge1","0","0"
"lp building g armoryage1_death_1.mtrl",".mtrl","","",""
"lp building g armoryage1_death_1.xml",".xml","Building G RoofAge1","0","0"
"lp building g armoryage1_death_2.mtrl",".mtrl","","",""
"lp building g armoryage1_death_2.xml",".xml","Building G WallsAge1","4","0"
"lp building g armoryage2_0.mtrl",".mtrl","","",""
"lp building g armoryage2_0.xml",".xml","Building G RoofAge2","0","0"
"lp building g armoryage2_1.mtrl",".mtrl","","",""
"lp building g armoryage2_1.xml",".xml","Building G WallsAge2","0","0"
"lp building g armoryage2_2.mtrl",".mtrl","","",""
"lp building g armoryage2_2.xml",".xml","Building G WallsAge2","4","0"
"lp building g armoryage2_death_0.mtrl",".mtrl","","",""
"lp building g armoryage2_death_0.xml",".xml","Building G WallsAge2","0","0"
"lp building g armoryage2_death_1.mtrl",".mtrl","","",""
"lp building g armoryage2_death_1.xml",".xml","Building G RoofAge2","0","0"
"lp building g armoryage3_0.mtrl",".mtrl","","",""
"lp building g armoryage3_0.xml",".xml","Building G WallsAge3","0","0"
"lp building g armoryage3_1.mtrl",".mtrl","","",""
"lp building g armoryage3_1.xml",".xml","Building G RoofAge3","0","0"
"lp building g armoryage3_2.mtrl",".mtrl","","",""
"lp building g armoryage3_2.xml",".xml","Building G WallsAge3","4","0"
"lp building g armoryage3_death_0.mtrl",".mtrl","","",""
"lp building g armoryage3_death_0.xml",".xml","Building G WallsAge3","0","0"
"lp building g armoryage3_death_1.mtrl",".mtrl","","",""
"lp building g armoryage3_death_1.xml",".xml","Building G RoofAge3","0","0"
"lp building g barracks age3_0.mtrl",".mtrl","","",""
"lp building g barracks age3_0.xml",".xml","Building G RoofAge3","0","0"
"lp building g barracks age3_1.mtrl",".mtrl","","",""
"lp building g barracks age3_1.xml",".xml","Building G WallsAge3","0","0"
"lp building g barracks age3_2.mtrl",".mtrl","","",""
"lp building g barracks age3_2.xml",".xml","Building G WallsAge3","4","0"
"lp building g barracks age3_death_0.mtrl",".mtrl","","",""
"lp building g barracks age3_death_0.xml",".xml","Building G RoofAge3","0","0"
"lp building g barracks age3_death_1.mtrl",".mtrl","","",""
"lp building g barracks age3_death_1.xml",".xml","Building G WallsAge3","0","0"
"lp building g barracks age3_death_2.mtrl",".mtrl","","",""
"lp building g barracks age3_death_2.xml",".xml","Building G WallsAge3","4","0"
"lp building g barracksage1_0.mtrl",".mtrl","","",""
"lp building g barracksage1_0.xml",".xml","Building G RoofAge1","0","0"
"lp building g barracksage1_1.mtrl",".mtrl","","",""
"lp building g barracksage1_1.xml",".xml","Building G WallsAge1","0","0"
"lp building g barracksage1_2.mtrl",".mtrl","","",""
"lp building g barracksage1_2.xml",".xml","Building G WallsAge1","4","0"
"lp building g barracksage1_death_0.mtrl",".mtrl","","",""
"lp building g barracksage1_death_0.xml",".xml","Building G RoofAge1","0","0"
"lp building g barracksage1_death_1.mtrl",".mtrl","","",""
"lp building g barracksage1_death_1.xml",".xml","Building G WallsAge1","0","0"
"lp building g barracksage1_death_2.mtrl",".mtrl","","",""
"lp building g barracksage1_death_2.xml",".xml","Building G WallsAge1","4","0"
"lp building g barracksage2_0.mtrl",".mtrl","","",""
"lp building g barracksage2_0.xml",".xml","Building G WallsAge2","0","0"
"lp building g barracksage2_1.mtrl",".mtrl","","",""
"lp building g barracksage2_1.xml",".xml","Building G RoofAge2","0","0"
"lp building g barracksage2_2.mtrl",".mtrl","","",""
"lp building g barracksage2_2.xml",".xml","Building G WallsAge2","4","0"
"lp building g barracksage2_death_0.mtrl",".mtrl","","",""
"lp building g barracksage2_death_0.xml",".xml","Building G WallsAge2","0","0"
"lp building g barracksage2_death_1.mtrl",".mtrl","","",""
"lp building g barracksage2_death_1.xml",".xml","Building G RoofAge2","0","0"
"lp building g barracksage2_death_2.mtrl",".mtrl","","",""
"lp building g barracksage2_death_2.xml",".xml","Building G WallsAge2","4","0"
"lp building g construction fortress2_0.mtrl",".mtrl","","",""
"lp building g construction fortress2_0.xml",".xml","Building G FortressWall","0","0"
"lp building g construction fortress2_1.mtrl",".mtrl","","",""
"lp building g construction fortress2_1.xml",".xml","Building Construction","0","0"
"lp building g construction fortress2_2.mtrl",".mtrl","","",""
"lp building g construction fortress2_2.xml",".xml","","1","0"
"lp building g fortress age3_0.mtrl",".mtrl","","",""
"lp building g fortress age3_0.xml",".xml","Building G FortressWall","0","0"
"lp building g fortress age3_1.mtrl",".mtrl","","",""
"lp building g fortress age3_1.xml",".xml","Building G FortressWall2","0","0"
"lp building g fortress age3_2.mtrl",".mtrl","","",""
"lp building g fortress age3_2.xml",".xml","Building G FortressWall","4","0"
"lp building g fortress age3_death_0.mtrl",".mtrl","","",""
"lp building g fortress age3_death_0.xml",".xml","Building G FortressWall","0","0"
"lp building g fortress age3_death_1.mtrl",".mtrl","","",""
"lp building g fortress age3_death_1.xml",".xml","Building G FortressWall2","0","0"
"lp building g fortress age3_death_2.mtrl",".mtrl","","",""
"lp building g fortress age3_death_2.xml",".xml","Building G FortressWall","4","0"
"lp building g fortress age4_0.mtrl",".mtrl","","",""
"lp building g fortress age4_0.xml",".xml","Building G FortressWall","0","0"
"lp building g fortress age4_1.mtrl",".mtrl","","",""
"lp building g fortress age4_1.xml",".xml","Building G FortressWall2","0","0"
"lp building g fortress age4_2.mtrl",".mtrl","","",""
"lp building g fortress age4_2.xml",".xml","Building G FortressWall","4","0"
"lp building g fortress age4_death_0.mtrl",".mtrl","","",""
"lp building g fortress age4_death_0.xml",".xml","Building G FortressWall","0","0"
"lp building g fortress age4_death_1.mtrl",".mtrl","","",""
"lp building g fortress age4_death_1.xml",".xml","Building G FortressWall2","0","0"
"lp building g fortress age4_death_2.mtrl",".mtrl","","",""
"lp building g fortress age4_death_2.xml",".xml","Building G FortressWall","4","0"
"lp building g fwall long stage1_0.mtrl",".mtrl","","",""
"lp building g fwall long stage1_0.xml",".xml","Building G Fortifiedwall","4","0"
"lp building g fwall long stage2_0.mtrl",".mtrl","","",""
"lp building g fwall long stage2_0.xml",".xml","Building G Fortifiedwall","4","0"
"lp building g fwall long stage3_0.mtrl",".mtrl","","",""
"lp building g fwall long stage3_0.xml",".xml","Building G Fortifiedwall","4","0"
"lp building g fwall long stage3_death_0.mtrl",".mtrl","","",""
"lp building g fwall long stage3_death_0.xml",".xml","Building G Fortifiedwall","4","0"
"lp building g fwall medium stage1_0.mtrl",".mtrl","","",""
"lp building g fwall medium stage1_0.xml",".xml","Building G Fortifiedwall","4","0"
"lp building g fwall medium stage2_0.mtrl",".mtrl","","",""
"lp building g fwall medium stage2_0.xml",".xml","Building G Fortifiedwall","4","0"
"lp building g fwall medium stage3_0.mtrl",".mtrl","","",""
"lp building g fwall medium stage3_0.xml",".xml","Building G Fortifiedwall","4","0"
"lp building g fwall medium stage3_death_0.mtrl",".mtrl","","",""
"lp building g fwall medium stage3_death_0.xml",".xml","Building G Fortifiedwall","4","0"
"lp building g fwall short stage1_0.mtrl",".mtrl","","",""
"lp building g fwall short stage1_0.xml",".xml","Building G Fortifiedwall","4","0"
"lp building g fwall short stage2_0.mtrl",".mtrl","","",""
"lp building g fwall short stage2_0.xml",".xml","Building G Fortifiedwall","4","0"
"lp building g fwall short stage3_0.mtrl",".mtrl","","",""
"lp building g fwall short stage3_0.xml",".xml","Building G Fortifiedwall","4","0"
"lp building g fwall short stage3_death_0.mtrl",".mtrl","","",""
"lp building g fwall short stage3_death_0.xml",".xml","Building G Fortifiedwall","4","0"
"lp building g granary destructed_0.mtrl",".mtrl","","",""
"lp building g granary destructed_0.xml",".xml","Building G Destroyed","0","0"
"lp building g guardtower age3_0.mtrl",".mtrl","","",""
"lp building g guardtower age3_0.xml",".xml","Building G Towers","0","0"
"lp building g guardtower age3_1.mtrl",".mtrl","","",""
"lp building g guardtower age3_1.xml",".xml","Building G Towers","4","0"
"lp building g guardtower age3_death_0.mtrl",".mtrl","","",""
"lp building g guardtower age3_death_0.xml",".xml","Building G Towers","0","0"
"lp building g guardtower age3_death_1.mtrl",".mtrl","","",""
"lp building g guardtower age3_death_1.xml",".xml","Building G Towers","4","0"
"lp building g guardtower_0.mtrl",".mtrl","","",""
"lp building g guardtower_0.xml",".xml","Building G Towers","0","0"
"lp building g guardtower_1.mtrl",".mtrl","","",""
"lp building g guardtower_1.xml",".xml","Building G Towers","4","0"
"lp building g guardtower_death_0.mtrl",".mtrl","","",""
"lp building g guardtower_death_0.xml",".xml","Building G Towers","0","0"
"lp building g guardtower_death_1.mtrl",".mtrl","","",""
"lp building g guardtower_death_1.xml",".xml","Building G Towers","4","0"
"lp building g hades wonder_0.mtrl",".mtrl","","",""
"lp building g hades wonder_0.xml",".xml","Building G Hades Wonder","0","0"
"lp building g hades wonder_1.mtrl",".mtrl","","",""
"lp building g hades wonder_1.xml",".xml","Building G Hades Wonder01","0","0"
"lp building g hades wonder_2.mtrl",".mtrl","","",""
"lp building g hades wonder_2.xml",".xml","Building G Hades Wonder","4","0"
"lp building g hades wonder_death_0.mtrl",".mtrl","","",""
"lp building g hades wonder_death_0.xml",".xml","Building G Hades Wonder","0","0"
"lp building g hades wonder_death_1.mtrl",".mtrl","","",""
"lp building g hades wonder_death_1.xml",".xml","Building G Hades Wonder01","0","0"
"lp building g hades wonder_death_2.mtrl",".mtrl","","",""
"lp building g hades wonder_death_2.xml",".xml","Building G Hades Wonder","4","0"
"lp building g housea age0_0.mtrl",".mtrl","","",""
"lp building g housea age0_0.xml",".xml","Building G Age0","0","0"
"lp building g housea age0_1.mtrl",".mtrl","","",""
"lp building g housea age0_1.xml",".xml","Building G Age0","4","0"
"lp building g housea age0_death_0.mtrl",".mtrl","","",""
"lp building g housea age0_death_0.xml",".xml","Building G Age0","0","0"
"lp building g housea age1_0.mtrl",".mtrl","","",""
"lp building g housea age1_0.xml",".xml","Building G WallsAge1","0","0"
"lp building g housea age1_1.mtrl",".mtrl","","",""
"lp building g housea age1_1.xml",".xml","Building G RoofAge1","0","0"
"lp building g housea age1_2.mtrl",".mtrl","","",""
"lp building g housea age1_2.xml",".xml","Building G WallsAge1","4","0"
"lp building g housea age1_death_0.mtrl",".mtrl","","",""
"lp building g housea age1_death_0.xml",".xml","Building G WallsAge1","0","0"
"lp building g housea age1_death_1.mtrl",".mtrl","","",""
"lp building g housea age1_death_1.xml",".xml","Building G RoofAge1","0","0"
"lp building g housea age1_death_2.mtrl",".mtrl","","",""
"lp building g housea age1_death_2.xml",".xml","Building G WallsAge1","4","0"
"lp building g housea age2_0.mtrl",".mtrl","","",""
"lp building g housea age2_0.xml",".xml","Building G WallsAge2","0","0"
"lp building g housea age2_1.mtrl",".mtrl","","",""
"lp building g housea age2_1.xml",".xml","Building G RoofAge2","0","0"
"lp building g housea age2_2.mtrl",".mtrl","","",""
"lp building g housea age2_2.xml",".xml","Building G WallsAge2","4","0"
"lp building g housea age2_death_0.mtrl",".mtrl","","",""
"lp building g housea age2_death_0.xml",".xml","Building G WallsAge2","0","0"
"lp building g housea age2_death_1.mtrl",".mtrl","","",""
"lp building g housea age2_death_1.xml",".xml","Building G RoofAge2","0","0"
"lp building g housea age2_death_2.mtrl",".mtrl","","",""
"lp building g housea age2_death_2.xml",".xml","Building G WallsAge2","4","0"
"lp building g housea age3_0.mtrl",".mtrl","","",""
"lp building g housea age3_0.xml",".xml","Building G WallsAge3","0","0"
"lp building g housea age3_1.mtrl",".mtrl","","",""
"lp building g housea age3_1.xml",".xml","Building G RoofAge3","0","0"
"lp building g housea age3_2.mtrl",".mtrl","","",""
"lp building g housea age3_2.xml",".xml","Building G WallsAge3","4","0"
"lp building g housea age3_death_0.mtrl",".mtrl","","",""
"lp building g housea age3_death_0.xml",".xml","Building G WallsAge3","0","0"
"lp building g housea age3_death_1.mtrl",".mtrl","","",""
"lp building g housea age3_death_1.xml",".xml","Building G RoofAge3","0","0"
"lp building g housea age3_death_2.mtrl",".mtrl","","",""
"lp building g housea age3_death_2.xml",".xml","Building G WallsAge3","4","0"
"lp building g houseb age0_0.mtrl",".mtrl","","",""
"lp building g houseb age0_0.xml",".xml","Building G Age0","0","0"
"lp building g houseb age0_1.mtrl",".mtrl","","",""
"lp building g houseb age0_1.xml",".xml","Building G Age0","4","0"
"lp building g houseb age0_death_0.mtrl",".mtrl","","",""
"lp building g houseb age0_death_0.xml",".xml","Building G Age0","0","0"
"lp building g houseb age1_0.mtrl",".mtrl","","",""
"lp building g houseb age1_0.xml",".xml","Building G WallsAge1","0","0"
"lp building g houseb age1_1.mtrl",".mtrl","","",""
"lp building g houseb age1_1.xml",".xml","Building G RoofAge1","0","0"
"lp building g houseb age1_2.mtrl",".mtrl","","",""
"lp building g houseb age1_2.xml",".xml","Building G WallsAge1","4","0"
"lp building g houseb age1_death_0.mtrl",".mtrl","","",""
"lp building g houseb age1_death_0.xml",".xml","Building G WallsAge1","0","0"
"lp building g houseb age1_death_1.mtrl",".mtrl","","",""
"lp building g houseb age1_death_1.xml",".xml","Building G RoofAge1","0","0"
"lp building g houseb age1_death_2.mtrl",".mtrl","","",""
"lp building g houseb age1_death_2.xml",".xml","Building G WallsAge1","4","0"
"lp building g houseb age2_0.mtrl",".mtrl","","",""
"lp building g houseb age2_0.xml",".xml","Building G WallsAge2","0","0"
"lp building g houseb age2_1.mtrl",".mtrl","","",""
"lp building g houseb age2_1.xml",".xml","Building G RoofAge2","0","0"
"lp building g houseb age2_2.mtrl",".mtrl","","",""
"lp building g houseb age2_2.xml",".xml","Building G WallsAge2","4","0"
"lp building g houseb age2_death_0.mtrl",".mtrl","","",""
"lp building g houseb age2_death_0.xml",".xml","Building G WallsAge2","0","0"
"lp building g houseb age2_death_1.mtrl",".mtrl","","",""
"lp building g houseb age2_death_1.xml",".xml","Building G RoofAge2","0","0"
"lp building g houseb age2_death_2.mtrl",".mtrl","","",""
"lp building g houseb age2_death_2.xml",".xml","Building G WallsAge2","4","0"
"lp building g houseb age3_0.mtrl",".mtrl","","",""
"lp building g houseb age3_0.xml",".xml","Building G WallsAge3","0","0"
"lp building g houseb age3_1.mtrl",".mtrl","","",""
"lp building g houseb age3_1.xml",".xml","Building G RoofAge3","0","0"
"lp building g houseb age3_2.mtrl",".mtrl","","",""
"lp building g houseb age3_2.xml",".xml","Building G WallsAge3","4","0"
"lp building g houseb age3_death_0.mtrl",".mtrl","","",""
"lp building g houseb age3_death_0.xml",".xml","Building G WallsAge3","0","0"
"lp building g houseb age3_death_1.mtrl",".mtrl","","",""
"lp building g houseb age3_death_1.xml",".xml","Building G RoofAge3","0","0"
"lp building g houseb age3_death_2.mtrl",".mtrl","","",""
"lp building g houseb age3_death_2.xml",".xml","Building G WallsAge3","4","0"
"lp building g housec age0_0.mtrl",".mtrl","","",""
"lp building g housec age0_0.xml",".xml","Building G Age0","0","0"
"lp building g housec age0_1.mtrl",".mtrl","","",""
"lp building g housec age0_1.xml",".xml","Building G Age0","4","0"
"lp building g housec age0_death_0.mtrl",".mtrl","","",""
"lp building g housec age0_death_0.xml",".xml","Building G Age0","0","0"
"lp building g housec age1_0.mtrl",".mtrl","","",""
"lp building g housec age1_0.xml",".xml","Building G WallsAge1","0","0"
"lp building g housec age1_1.mtrl",".mtrl","","",""
"lp building g housec age1_1.xml",".xml","Building G RoofAge1","0","0"
"lp building g housec age1_2.mtrl",".mtrl","","",""
"lp building g housec age1_2.xml",".xml","Building G WallsAge1","4","0"
"lp building g housec age1_death_0.mtrl",".mtrl","","",""
"lp building g housec age1_death_0.xml",".xml","Building G WallsAge1","0","0"
"lp building g housec age1_death_1.mtrl",".mtrl","","",""
"lp building g housec age1_death_1.xml",".xml","Building G RoofAge1","0","0"
"lp building g housec age1_death_2.mtrl",".mtrl","","",""
"lp building g housec age1_death_2.xml",".xml","Building G WallsAge1","4","0"
"lp building g housec age2_0.mtrl",".mtrl","","",""
"lp building g housec age2_0.xml",".xml","Building G WallsAge2","0","0"
"lp building g housec age2_1.mtrl",".mtrl","","",""
"lp building g housec age2_1.xml",".xml","Building G RoofAge2","0","0"
"lp building g housec age2_2.mtrl",".mtrl","","",""
"lp building g housec age2_2.xml",".xml","Building G WallsAge2","4","0"
"lp building g housec age2_death_0.mtrl",".mtrl","","",""
"lp building g housec age2_death_0.xml",".xml","Building G WallsAge2","0","0"
"lp building g housec age2_death_1.mtrl",".mtrl","","",""
"lp building g housec age2_death_1.xml",".xml","Building G RoofAge2","0","0"
"lp building g housec age2_death_2.mtrl",".mtrl","","",""
"lp building g housec age2_death_2.xml",".xml","Building G WallsAge2","4","0"
"lp building g housec age3_0.mtrl",".mtrl","","",""
"lp building g housec age3_0.xml",".xml","Building G WallsAge3","0","0"
"lp building g housec age3_1.mtrl",".mtrl","","",""
"lp building g housec age3_1.xml",".xml","Building G RoofAge3","0","0"
"lp building g housec age3_2.mtrl",".mtrl","","",""
"lp building g housec age3_2.xml",".xml","Building G WallsAge3","4","0"
"lp building g housec age3_death_0.mtrl",".mtrl","","",""
"lp building g housec age3_death_0.xml",".xml","Building G WallsAge3","0","0"
"lp building g housec age3_death_1.mtrl",".mtrl","","",""
"lp building g housec age3_death_1.xml",".xml","Building G RoofAge3","0","0"
"lp building g housec age3_death_2.mtrl",".mtrl","","",""
"lp building g housec age3_death_2.xml",".xml","Building G WallsAge3","4","0"
"lp building g marketage2_0.mtrl",".mtrl","","",""
"lp building g marketage2_0.xml",".xml","Building G RoofAge2","0","0"
"lp building g marketage2_1.mtrl",".mtrl","","",""
"lp building g marketage2_1.xml",".xml","Building G WallsAge2","0","0"
"lp building g marketage2_2.mtrl",".mtrl","","",""
"lp building g marketage2_2.xml",".xml","Building G WallsAge2","4","0"
"lp building g marketage2_death_0.mtrl",".mtrl","","",""
"lp building g marketage2_death_0.xml",".xml","Building G RoofAge2","0","0"
"lp building g marketage2_death_1.mtrl",".mtrl","","",""
"lp building g marketage2_death_1.xml",".xml","Building G WallsAge2","0","0"
"lp building g marketage2_death_2.mtrl",".mtrl","","",""
"lp building g marketage2_death_2.xml",".xml","Building G WallsAge2","4","0"
"lp building g marketage3_0.mtrl",".mtrl","","",""
"lp building g marketage3_0.xml",".xml","Building G WallsAge3","0","0"
"lp building g marketage3_1.mtrl",".mtrl","","",""
"lp building g marketage3_1.xml",".xml","Building G RoofAge3","0","0"
"lp building g marketage3_2.mtrl",".mtrl","","",""
"lp building g marketage3_2.xml",".xml","Building G WallsAge3","4","0"
"lp building g marketage3_death_0.mtrl",".mtrl","","",""
"lp building g marketage3_death_0.xml",".xml","Building G WallsAge3","0","0"
"lp building g marketage3_death_1.mtrl",".mtrl","","",""
"lp building g marketage3_death_1.xml",".xml","Building G RoofAge3","0","0"
"lp building g marketage3_death_2.mtrl",".mtrl","","",""
"lp building g marketage3_death_2.xml",".xml","Building G WallsAge3","4","0"
"lp building g mining campage0_0.mtrl",".mtrl","","",""
"lp building g mining campage0_0.xml",".xml","Building G Age0","0","0"
"lp building g mining campage0_1.mtrl",".mtrl","","",""
"lp building g mining campage0_1.xml",".xml","Building G Age0","4","0"
"lp building g mining campage0_death_0.mtrl",".mtrl","","",""
"lp building g mining campage0_death_0.xml",".xml","Building G Age0","0","0"
"lp building g mining campage0_death_1.mtrl",".mtrl","","",""
"lp building g mining campage0_death_1.xml",".xml","Building G Age0","4","0"
"lp building g mining campage1_0.mtrl",".mtrl","","",""
"lp building g mining campage1_0.xml",".xml","Building G SettlementAge1","0","0"
"lp building g mining campage1_1.mtrl",".mtrl","","",""
"lp building g mining campage1_1.xml",".xml","Building G SettlementAge1","4","0"
"lp building g mining campage1_death_0.mtrl",".mtrl","","",""
"lp building g mining campage1_death_0.xml",".xml","Building G SettlementAge1","0","0"
"lp building g mining campage1_death_1.mtrl",".mtrl","","",""
"lp building g mining campage1_death_1.xml",".xml","Building G SettlementAge1","4","0"
"lp building g mining campage2_death_0.mtrl",".mtrl","","",""
"lp building g mining campage2_death_0.xml",".xml","Building G SettlementAge2","0","0"
"lp building g mining campage2_death_1.mtrl",".mtrl","","",""
"lp building g mining campage2_death_1.xml",".xml","Building G SettlementAge2","4","0"
"lp building g mining campage3_0.mtrl",".mtrl","","",""
"lp building g mining campage3_0.xml",".xml","Building G SettlementAge3","0","0"
"lp building g mining campage3_1.mtrl",".mtrl","","",""
"lp building g mining campage3_1.xml",".xml","Building G SettlementAge3","4","0"
"lp building g mining campage3_2.mtrl",".mtrl","","",""
"lp building g mining campage3_2.xml",".xml","Building G SettlementAge2","0","0"
"lp building g mining campage3_death_0.mtrl",".mtrl","","",""
"lp building g mining campage3_death_0.xml",".xml","Building G SettlementAge3","0","0"
"lp building g mining campage3_death_1.mtrl",".mtrl","","",""
"lp building g mining campage3_death_1.xml",".xml","Building G SettlementAge3","4","0"
"lp building g mining campage3_death_2.mtrl",".mtrl","","",""
"lp building g mining campage3_death_2.xml",".xml","Building G SettlementAge2","0","0"
"lp building g settlement01_0.mtrl",".mtrl","","",""
"lp building g settlement01_0.xml",".xml","Building G SettlementAge1","0","0"
"lp building g settlement01_1.mtrl",".mtrl","","",""
"lp building g settlement01_1.xml",".xml","Building G SettlementAge1","4","0"
"lp building g settlement01_2.mtrl",".mtrl","","",""
"lp building g settlement01_2.xml",".xml","Building G SettlementFence","0","0"
"lp building g settlement01_death_0.mtrl",".mtrl","","",""
"lp building g settlement01_death_0.xml",".xml","Building G SettlementAge1","0","0"
"lp building g settlement01_death_1.mtrl",".mtrl","","",""
"lp building g settlement01_death_1.xml",".xml","Building G SettlementAge1","4","0"
"lp building g settlement01_death_2.mtrl",".mtrl","","",""
"lp building g settlement01_death_2.xml",".xml","Building G SettlementFence","0","0"
"lp building g settlement02fortified_0.mtrl",".mtrl","","",""
"lp building g settlement02fortified_0.xml",".xml","Building G SettlementAge2","0","0"
"lp building g settlement02fortified_1.mtrl",".mtrl","","",""
"lp building g settlement02fortified_1.xml",".xml","Building G SettlementAge2","4","0"
"lp building g settlement02fortified_death_0.mtrl",".mtrl","","",""
"lp building g settlement02fortified_death_0.xml",".xml","Building G SettlementAge2","0","0"
"lp building g settlement02fortified_death_1.mtrl",".mtrl","","",""
"lp building g settlement02fortified_death_1.xml",".xml","Building G SettlementAge2","4","0"
"lp building g settlement02_0.mtrl",".mtrl","","",""
"lp building g settlement02_0.xml",".xml","Building G SettlementAge2","0","0"
"lp building g settlement02_1.mtrl",".mtrl","","",""
"lp building g settlement02_1.xml",".xml","Building G SettlementFence","0","0"
"lp building g settlement02_2.mtrl",".mtrl","","",""
"lp building g settlement02_2.xml",".xml","Building G SettlementAge2","4","0"
"lp building g settlement02_death_0.mtrl",".mtrl","","",""
"lp building g settlement02_death_0.xml",".xml","Building G SettlementAge2","0","0"
"lp building g settlement02_death_1.mtrl",".mtrl","","",""
"lp building g settlement02_death_1.xml",".xml","Building G SettlementFence","0","0"
"lp building g settlement02_death_2.mtrl",".mtrl","","",""
"lp building g settlement02_death_2.xml",".xml","Building G SettlementAge2","4","0"
"lp building g settlement03_0.mtrl",".mtrl","","",""
"lp building g settlement03_0.xml",".xml","Building G SettlementAge3","0","0"
"lp building g settlement03_1.mtrl",".mtrl","","",""
"lp building g settlement03_1.xml",".xml","Building G SettlementFence","0","0"
"lp building g settlement03_2.mtrl",".mtrl","","",""
"lp building g settlement03_2.xml",".xml","Building G SettlementAge3","4","0"
"lp building g settlement03_death_0.mtrl",".mtrl","","",""
"lp building g settlement03_death_0.xml",".xml","Building G SettlementAge3","0","0"
"lp building g settlement03_death_1.mtrl",".mtrl","","",""
"lp building g settlement03_death_1.xml",".xml","Building G SettlementFence","0","0"
"lp building g settlement03_death_2.mtrl",".mtrl","","",""
"lp building g settlement03_death_2.xml",".xml","Building G SettlementAge3","4","0"
"lp building g settlement0_0.mtrl",".mtrl","","",""
"lp building g settlement0_0.xml",".xml","Building G Age0","0","0"
"lp building g settlement0_1.mtrl",".mtrl","","",""
"lp building g settlement0_1.xml",".xml","Building G Age0","4","0"
"lp building g settlement0_2.mtrl",".mtrl","","",""
"lp building g settlement0_2.xml",".xml","Building G SettlementFence","0","0"
"lp building g settlement0_death_0.mtrl",".mtrl","","",""
"lp building g settlement0_death_0.xml",".xml","Building G Age0","0","0"
"lp building g settlement0_death_1.mtrl",".mtrl","","",""
"lp building g settlement0_death_1.xml",".xml","Building G Age0","4","0"
"lp building g settlement0_death_2.mtrl",".mtrl","","",""
"lp building g settlement0_death_2.xml",".xml","Building G SettlementFence","0","0"
"lp building g settlementfortified_0.mtrl",".mtrl","","",""
"lp building g settlementfortified_0.xml",".xml","Building G SettlementAge3","0","0"
"lp building g settlementfortified_1.mtrl",".mtrl","","",""
"lp building g settlementfortified_1.xml",".xml","Building G SettlementAge3","4","0"
"lp building g settlementfortified_2.mtrl",".mtrl","","",""
"lp building g settlementfortified_2.xml",".xml","Building G Fortress","0","0"
"lp building g settlementfortified_death_0.mtrl",".mtrl","","",""
"lp building g settlementfortified_death_0.xml",".xml","Building G SettlementAge3","0","0"
"lp building g settlementfortified_death_1.mtrl",".mtrl","","",""
"lp building g settlementfortified_death_1.xml",".xml","Building G SettlementAge3","4","0"
"lp building g settlementfortified_death_2.mtrl",".mtrl","","",""
"lp building g settlementfortified_death_2.xml",".xml","Building G Fortress","0","0"
"lp building g stable age3_0.mtrl",".mtrl","","",""
"lp building g stable age3_0.xml",".xml","Building G RoofAge3","0","0"
"lp building g stable age3_1.mtrl",".mtrl","","",""
"lp building g stable age3_1.xml",".xml","Building G WallsAge3","0","0"
"lp building g stable age3_2.mtrl",".mtrl","","",""
"lp building g stable age3_2.xml",".xml","Building G WallsAge3","4","0"
"lp building g stable age3_death_0.mtrl",".mtrl","","",""
"lp building g stable age3_death_0.xml",".xml","Building G RoofAge3","0","0"
"lp building g stable age3_death_1.mtrl",".mtrl","","",""
"lp building g stable age3_death_1.xml",".xml","Building G WallsAge3","0","0"
"lp building g stable age3_death_2.mtrl",".mtrl","","",""
"lp building g stable age3_death_2.xml",".xml","Building G WallsAge3","4","0"
"lp building g stable destructed_0.mtrl",".mtrl","","",""
"lp building g stable destructed_0.xml",".xml","Building G Destroyed","0","0"
"lp building g stableage1_0.mtrl",".mtrl","","",""
"lp building g stableage1_0.xml",".xml","Building G WallsAge1","4","0"
"lp building g stableage1_1.mtrl",".mtrl","","",""
"lp building g stableage1_1.xml",".xml","Building G RoofAge1","0","0"
"lp building g stableage1_death_0.mtrl",".mtrl","","",""
"lp building g stableage1_death_0.xml",".xml","Building G WallsAge1","4","0"
"lp building g stableage1_death_1.mtrl",".mtrl","","",""
"lp building g stableage1_death_1.xml",".xml","Building G RoofAge1","0","0"
"lp building g stableage2_0.mtrl",".mtrl","","",""
"lp building g stableage2_0.xml",".xml","Building G RoofAge2","0","0"
"lp building g stableage2_1.mtrl",".mtrl","","",""
"lp building g stableage2_1.xml",".xml","Building G WallsAge2","0","0"
"lp building g stableage2_2.mtrl",".mtrl","","",""
"lp building g stableage2_2.xml",".xml","Building G WallsAge2","4","0"
"lp building g stableage2_death_0.mtrl",".mtrl","","",""
"lp building g stableage2_death_0.xml",".xml","Building G RoofAge2","0","0"
"lp building g stableage2_death_1.mtrl",".mtrl","","",""
"lp building g stableage2_death_1.xml",".xml","Building G WallsAge2","0","0"
"lp building g stableage2_death_2.mtrl",".mtrl","","",""
"lp building g stableage2_death_2.xml",".xml","Building G WallsAge2","4","0"
"lp building g storehouseage0_0.mtrl",".mtrl","","",""
"lp building g storehouseage0_0.xml",".xml","Building G Age0","0","0"
"lp building g storehouseage0_1.mtrl",".mtrl","","",""
"lp building g storehouseage0_1.xml",".xml","Building G Age0","4","0"
"lp building g storehouseage0_death_0.mtrl",".mtrl","","",""
"lp building g storehouseage0_death_0.xml",".xml","Building G Age0","0","0"
"lp building g storehouseage0_death_1.mtrl",".mtrl","","",""
"lp building g storehouseage0_death_1.xml",".xml","Building G Age0","4","0"
"lp building g storehouseage1_0.mtrl",".mtrl","","",""
"lp building g storehouseage1_0.xml",".xml","Building G RoofAge1","0","0"
"lp building g storehouseage1_1.mtrl",".mtrl","","",""
"lp building g storehouseage1_1.xml",".xml","Building G WallsAge1","0","0"
"lp building g storehouseage1_2.mtrl",".mtrl","","",""
"lp building g storehouseage1_2.xml",".xml","Building G RoofAge1","4","0"
"lp building g storehouseage1_death_0.mtrl",".mtrl","","",""
"lp building g storehouseage1_death_0.xml",".xml","Building G RoofAge1","0","0"
"lp building g storehouseage1_death_1.mtrl",".mtrl","","",""
"lp building g storehouseage1_death_1.xml",".xml","Building G WallsAge1","0","0"
"lp building g storehouseage1_death_2.mtrl",".mtrl","","",""
"lp building g storehouseage1_death_2.xml",".xml","Building G RoofAge1","4","0"
"lp building g storehouseage2_0.mtrl",".mtrl","","",""
"lp building g storehouseage2_0.xml",".xml","Building G RoofAge2","0","0"
"lp building g storehouseage2_1.mtrl",".mtrl","","",""
"lp building g storehouseage2_1.xml",".xml","Building G WallsAge2","0","0"
"lp building g storehouseage2_2.mtrl",".mtrl","","",""
"lp building g storehouseage2_2.xml",".xml","Building G WallsAge2","4","0"
"lp building g storehouseage2_death_0.mtrl",".mtrl","","",""
"lp building g storehouseage2_death_0.xml",".xml","Building G RoofAge2","0","0"
"lp building g storehouseage2_death_1.mtrl",".mtrl","","",""
"lp building g storehouseage2_death_1.xml",".xml","Building G WallsAge2","0","0"
"lp building g storehouseage2_death_2.mtrl",".mtrl","","",""
"lp building g storehouseage2_death_2.xml",".xml","Building G WallsAge2","4","0"
"lp building g storehouseage3_0.mtrl",".mtrl","","",""
"lp building g storehouseage3_0.xml",".xml","Building G RoofAge3","0","0"
"lp building g storehouseage3_1.mtrl",".mtrl","","",""
"lp building g storehouseage3_1.xml",".xml","Building G WallsAge2","0","0"
"lp building g storehouseage3_2.mtrl",".mtrl","","",""
"lp building g storehouseage3_2.xml",".xml","Building G WallsAge2","4","0"
"lp building g storehouseage3_death_0.mtrl",".mtrl","","",""
"lp building g storehouseage3_death_0.xml",".xml","Building G RoofAge3","0","0"
"lp building g storehouseage3_death_1.mtrl",".mtrl","","",""
"lp building g storehouseage3_death_1.xml",".xml","Building G WallsAge2","0","0"
"lp building g storehouseage3_death_2.mtrl",".mtrl","","",""
"lp building g storehouseage3_death_2.xml",".xml","Building G WallsAge2","4","0"
"lp building g templeage0_0.mtrl",".mtrl","","",""
"lp building g templeage0_0.xml",".xml","Building G TempleAge1","0","0"
"lp building g templeage0_1.mtrl",".mtrl","","",""
"lp building g templeage0_1.xml",".xml","Building G Age0","4","0"
"lp building g templeage0_death_0.mtrl",".mtrl","","",""
"lp building g templeage0_death_0.xml",".xml","Building G TempleAge1","0","0"
"lp building g templeage0_death_1.mtrl",".mtrl","","",""
"lp building g templeage0_death_1.xml",".xml","Building G Age0","4","0"
"lp building g templeage1_0.mtrl",".mtrl","","",""
"lp building g templeage1_0.xml",".xml","Building G TempleAge1","0","0"
"lp building g templeage1_1.mtrl",".mtrl","","",""
"lp building g templeage1_1.xml",".xml","Building G TempleAge1","4","0"
"lp building g templeage1_death_0.mtrl",".mtrl","","",""
"lp building g templeage1_death_0.xml",".xml","Building G TempleAge1","0","0"
"lp building g templeage1_death_1.mtrl",".mtrl","","",""
"lp building g templeage1_death_1.xml",".xml","Building G TempleAge1","4","0"
"lp building g templeage2_0.mtrl",".mtrl","","",""
"lp building g templeage2_0.xml",".xml","Building G TempleAge2","0","0"
"lp building g templeage2_1.mtrl",".mtrl","","",""
"lp building g templeage2_1.xml",".xml","Building G TempleAge2","4","0"
"lp building g templeage2_death_0.mtrl",".mtrl","","",""
"lp building g templeage2_death_0.xml",".xml","Building G TempleAge2","0","0"
"lp building g templeage2_death_1.mtrl",".mtrl","","",""
"lp building g templeage2_death_1.xml",".xml","Building G TempleAge2","4","0"
"lp building g templeage3_0.mtrl",".mtrl","","",""
"lp building g templeage3_0.xml",".xml","Building G Temple","0","0"
"lp building g templeage3_1.mtrl",".mtrl","","",""
"lp building g templeage3_1.xml",".xml","Building G RoofAge3","0","0"
"lp building g templeage3_2.mtrl",".mtrl","","",""
"lp building g templeage3_2.xml",".xml","Building G Temple","4","0"
"lp building g templeage3_death_0.mtrl",".mtrl","","",""
"lp building g templeage3_death_0.xml",".xml","Building G Temple","0","0"
"lp building g templeage3_death_1.mtrl",".mtrl","","",""
"lp building g templeage3_death_1.xml",".xml","Building G RoofAge3","0","0"
"lp building g templeage3_death_2.mtrl",".mtrl","","",""
"lp building g templeage3_death_2.xml",".xml","Building G Temple","4","0"
"lp building g tradedockage0_0.mtrl",".mtrl","","",""
"lp building g tradedockage0_0.xml",".xml","Building G RoofAge1","0","0"
"lp building g tradedockage0_1.mtrl",".mtrl","","",""
"lp building g tradedockage0_1.xml",".xml","Building G Age0","4","0"
"lp building g tradedockage0_2.mtrl",".mtrl","","",""
"lp building g tradedockage0_2.xml",".xml","Building G Age0","0","0"
"lp building g tradedockage0_death_0.mtrl",".mtrl","","",""
"lp building g tradedockage0_death_0.xml",".xml","Building G RoofAge1","0","0"
"lp building g tradedockage0_death_1.mtrl",".mtrl","","",""
"lp building g tradedockage0_death_1.xml",".xml","Building G Age0","4","0"
"lp building g tradedockage0_death_2.mtrl",".mtrl","","",""
"lp building g tradedockage0_death_2.xml",".xml","Building G Age0","0","0"
"lp building g tradedockage1_0.mtrl",".mtrl","","",""
"lp building g tradedockage1_0.xml",".xml","Building G RoofAge1","0","0"
"lp building g tradedockage1_1.mtrl",".mtrl","","",""
"lp building g tradedockage1_1.xml",".xml","Building G WallsAge1","4","0"
"lp building g tradedockage1_2.mtrl",".mtrl","","",""
"lp building g tradedockage1_2.xml",".xml","Building G WallsAge1","0","0"
"lp building g tradedockage1_death_0.mtrl",".mtrl","","",""
"lp building g tradedockage1_death_0.xml",".xml","Building G RoofAge1","0","0"
"lp building g tradedockage1_death_1.mtrl",".mtrl","","",""
"lp building g tradedockage1_death_1.xml",".xml","Building G WallsAge1","4","0"
"lp building g tradedockage1_death_2.mtrl",".mtrl","","",""
"lp building g tradedockage1_death_2.xml",".xml","Building G WallsAge1","0","0"
"lp building g tradedockage2_0.mtrl",".mtrl","","",""
"lp building g tradedockage2_0.xml",".xml","Building G RoofAge2","0","0"
"lp building g tradedockage2_1.mtrl",".mtrl","","",""
"lp building g tradedockage2_1.xml",".xml","Building G RoofAge1","0","0"
"lp building g tradedockage2_2.mtrl",".mtrl","","",""
"lp building g tradedockage2_2.xml",".xml","Building G WallsAge2","4","0"
"lp building g tradedockage2_3.mtrl",".mtrl","","",""
"lp building g tradedockage2_3.xml",".xml","Building G WallsAge2","0","0"
"lp building g tradedockage2_death_0.mtrl",".mtrl","","",""
"lp building g tradedockage2_death_0.xml",".xml","Building G RoofAge2","0","0"
"lp building g tradedockage2_death_1.mtrl",".mtrl","","",""
"lp building g tradedockage2_death_1.xml",".xml","Building G RoofAge1","0","0"
"lp building g tradedockage2_death_2.mtrl",".mtrl","","",""
"lp building g tradedockage2_death_2.xml",".xml","Building G WallsAge2","4","0"
"lp building g tradedockage2_death_3.mtrl",".mtrl","","",""
"lp building g tradedockage2_death_3.xml",".xml","Building G WallsAge2","0","0"
"lp building g tradedockage3_0.mtrl",".mtrl","","",""
"lp building g tradedockage3_0.xml",".xml","Building G RoofAge3","0","0"
"lp building g tradedockage3_1.mtrl",".mtrl","","",""
"lp building g tradedockage3_1.xml",".xml","Building G WallsAge2","4","0"
"lp building g tradedockage3_2.mtrl",".mtrl","","",""
"lp building g tradedockage3_2.xml",".xml","Building G WallsAge2","0","0"
"lp building g tradedockage3_3.mtrl",".mtrl","","",""
"lp building g tradedockage3_3.xml",".xml","Building G RoofAge1","0","0"
"lp building g tradedockage3_death_0.mtrl",".mtrl","","",""
"lp building g tradedockage3_death_0.xml",".xml","Building G RoofAge3","0","0"
"lp building g tradedockage3_death_1.mtrl",".mtrl","","",""
"lp building g tradedockage3_death_1.xml",".xml","Building G WallsAge2","4","0"
"lp building g tradedockage3_death_2.mtrl",".mtrl","","",""
"lp building g tradedockage3_death_2.xml",".xml","Building G WallsAge2","0","0"
"lp building g tradedockage3_death_3.mtrl",".mtrl","","",""
"lp building g tradedockage3_death_3.xml",".xml","Building G RoofAge1","0","0"
"lp building g wallstone stage1_0.mtrl",".mtrl","","",""
"lp building g wallstone stage1_0.xml",".xml","Building G Shared05 2 map","0","0"
"lp building g wallstone stage1_1.mtrl",".mtrl","","",""
"lp building g wallstone stage1_1.xml",".xml","Building G Shared05 2 map","4","0"
"lp building g wallstone stage2_0.mtrl",".mtrl","","",""
"lp building g wallstone stage2_0.xml",".xml","Building G Shared05 2 map","0","0"
"lp building g wallstone stage2_1.mtrl",".mtrl","","",""
"lp building g wallstone stage2_1.xml",".xml","Building G Shared05 2 map","4","0"
"lp building g wallstone stage3_0.mtrl",".mtrl","","",""
"lp building g wallstone stage3_0.xml",".xml","Building G Shared05 2 map","0","0"
"lp building g wallstone stage3_1.mtrl",".mtrl","","",""
"lp building g wallstone stage3_1.xml",".xml","Building G Shared05 2 map","4","0"
"lp building g wallstone stage3_death_0.mtrl",".mtrl","","",""
"lp building g wallstone stage3_death_0.xml",".xml","Building G Shared05 2 map","0","0"
"lp building g wallstone stage3_death_1.mtrl",".mtrl","","",""
"lp building g wallstone stage3_death_1.xml",".xml","Building G Shared05 2 map","4","0"
"lp building g wallstonemedium stage1_0.mtrl",".mtrl","","",""
"lp building g wallstonemedium stage1_0.xml",".xml","Building G Shared05 2 map","0","0"
"lp building g wallstonemedium stage1_1.mtrl",".mtrl","","",""
"lp building g wallstonemedium stage1_1.xml",".xml","Building G Shared05 2 map","4","0"
"lp building g wallstonemedium stage2_0.mtrl",".mtrl","","",""
"lp building g wallstonemedium stage2_0.xml",".xml","Building G Shared05 2 map","0","0"
"lp building g wallstonemedium stage2_1.mtrl",".mtrl","","",""
"lp building g wallstonemedium stage2_1.xml",".xml","Building G Shared05 2 map","4","0"
"lp building g wallstonemedium stage3_0.mtrl",".mtrl","","",""
"lp building g wallstonemedium stage3_0.xml",".xml","Building G Shared05 2 map","0","0"
"lp building g wallstonemedium stage3_1.mtrl",".mtrl","","",""
"lp building g wallstonemedium stage3_1.xml",".xml","Building G Shared05 2 map","4","0"
"lp building g wallstonemedium stage3_death_0.mtrl",".mtrl","","",""
"lp building g wallstonemedium stage3_death_0.xml",".xml","Building G Shared05 2 map","0","0"
"lp building g wallstonemedium stage3_death_1.mtrl",".mtrl","","",""
"lp building g wallstonemedium stage3_death_1.xml",".xml","Building G Shared05 2 map","4","0"
"lp building g wallstoneshort stage1_0.mtrl",".mtrl","","",""
"lp building g wallstoneshort stage1_0.xml",".xml","Building G Shared05 2 map","0","0"
"lp building g wallstoneshort stage1_1.mtrl",".mtrl","","",""
"lp building g wallstoneshort stage1_1.xml",".xml","Building G Shared05 2 map","4","0"
"lp building g wallstoneshort stage2_0.mtrl",".mtrl","","",""
"lp building g wallstoneshort stage2_0.xml",".xml","Building G Shared05 2 map","0","0"
"lp building g wallstoneshort stage2_1.mtrl",".mtrl","","",""
"lp building g wallstoneshort stage2_1.xml",".xml","Building G Shared05 2 map","4","0"
"lp building g wallstoneshort stage3_0.mtrl",".mtrl","","",""
"lp building g wallstoneshort stage3_0.xml",".xml","Building G Shared05 2 map","0","0"
"lp building g wallstoneshort stage3_1.mtrl",".mtrl","","",""
"lp building g wallstoneshort stage3_1.xml",".xml","Building G Shared05 2 map","4","0"
"lp building g wallstoneshort stage3_death_0.mtrl",".mtrl","","",""
"lp building g wallstoneshort stage3_death_0.xml",".xml","Building G Shared05 2 map","0","0"
"lp building g wallstoneshort stage3_death_1.mtrl",".mtrl","","",""
"lp building g wallstoneshort stage3_death_1.xml",".xml","Building G Shared05 2 map","4","0"
"lp building g watchtower age3_0.mtrl",".mtrl","","",""
"lp building g watchtower age3_0.xml",".xml","Building G Towers","0","0"
"lp building g watchtower age3_1.mtrl",".mtrl","","",""
"lp building g watchtower age3_1.xml",".xml","Building G Towers","4","0"
"lp building g watchtower age3_death_0.mtrl",".mtrl","","",""
"lp building g watchtower age3_death_0.xml",".xml","Building G Towers","0","0"
"lp building g watchtower age3_death_1.mtrl",".mtrl","","",""
"lp building g watchtower age3_death_1.xml",".xml","Building G Towers","4","0"
"lp building g watchtower age4_0.mtrl",".mtrl","","",""
"lp building g watchtower age4_0.xml",".xml","Building G Towers","0","0"
"lp building g watchtower age4_1.mtrl",".mtrl","","",""
"lp building g watchtower age4_1.xml",".xml","Building G Towers","4","0"
"lp building g watchtower age4_death_0.mtrl",".mtrl","","",""
"lp building g watchtower age4_death_0.xml",".xml","Building G Towers","0","0"
"lp building g watchtower age4_death_1.mtrl",".mtrl","","",""
"lp building g watchtower age4_death_1.xml",".xml","Building G Towers","4","0"
"lp building g watchtower_0.mtrl",".mtrl","","",""
"lp building g watchtower_0.xml",".xml","Building G Towers","0","0"
"lp building g watchtower_1.mtrl",".mtrl","","",""
"lp building g watchtower_1.xml",".xml","Building G Towers","4","0"
"lp building g watchtower_death_0.mtrl",".mtrl","","",""
"lp building g watchtower_death_0.xml",".xml","Building G Towers","0","0"
"lp building g watchtower_death_1.mtrl",".mtrl","","",""
"lp building g watchtower_death_1.xml",".xml","Building G Towers","4","0"
"lp building g wonder_0.mtrl",".mtrl","","",""
"lp building g wonder_0.xml",".xml","Building G Wonder","0","0"
"lp building g wonder_1.mtrl",".mtrl","","",""
"lp building g wonder_1.xml",".xml","Building G FortressRoof","0","0"
"lp building g wonder_2.mtrl",".mtrl","","",""
"lp building g wonder_2.xml",".xml","Building G Wonder","4","0"
"lp building g wonder_death_0.mtrl",".mtrl","","",""
"lp building g wonder_death_0.xml",".xml","Building G Wonder","0","0"
"lp building g wonder_death_1.mtrl",".mtrl","","",""
"lp building g wonder_death_1.xml",".xml","Building G FortressRoof","0","0"
"lp building g wonder_death_2.mtrl",".mtrl","","",""
"lp building g wonder_death_2.xml",".xml","Building G Wonder","4","0"
"lp building g zeus wonder_0.mtrl",".mtrl","","",""
"lp building g zeus wonder_0.xml",".xml","Building G Zues Wonder01","0","0"
"lp building g zeus wonder_1.mtrl",".mtrl","","",""
"lp building g zeus wonder_1.xml",".xml","Building G Zues Wonder01","4","0"
"lp building g zeus wonder_2.mtrl",".mtrl","","",""
"lp building g zeus wonder_2.xml",".xml","Building G Zues Wonder","0","0"
"lp building g zeus wonder_death_0.mtrl",".mtrl","","",""
"lp building g zeus wonder_death_0.xml",".xml","Building G Zues Wonder01","0","0"
"lp building g zeus wonder_death_1.mtrl",".mtrl","","",""
"lp building g zeus wonder_death_1.xml",".xml","Building G Zues Wonder01","4","0"
"lp building g zeus wonder_death_2.mtrl",".mtrl","","",""
"lp building g zeus wonder_death_2.xml",".xml","Building G Zues Wonder","0","0"
"lp building n armoryage3_0.mtrl",".mtrl","","",""
"lp building n armoryage3_0.xml",".xml","Building N Shared01 3 map","0","0"
"lp building n armoryage3_1.mtrl",".mtrl","","",""
"lp building n armoryage3_1.xml",".xml","Building N Shared03 2 map","0","0"
"lp building n armoryage3_2.mtrl",".mtrl","","",""
"lp building n armoryage3_2.xml",".xml","Building N Shared01 3 map","4","0"
"lp building n armoryage3_death_0.mtrl",".mtrl","","",""
"lp building n armoryage3_death_0.xml",".xml","Building N Shared01 3 map","0","0"
"lp building n armoryage3_death_1.mtrl",".mtrl","","",""
"lp building n armoryage3_death_1.xml",".xml","Building N Shared03 2 map","0","0"
"lp building n armoryage3_death_2.mtrl",".mtrl","","",""
"lp building n armoryage3_death_2.xml",".xml","Building N Shared01 3 map","4","0"
"lp building n armoryage4_0.mtrl",".mtrl","","",""
"lp building n armoryage4_0.xml",".xml","Building N WallAge4","0","0"
"lp building n armoryage4_1.mtrl",".mtrl","","",""
"lp building n armoryage4_1.xml",".xml","Building N Shared03 2 map","0","0"
"lp building n armoryage4_2.mtrl",".mtrl","","",""
"lp building n armoryage4_2.xml",".xml","Building N WallAge4","4","0"
"lp building n armoryage4_death_0.mtrl",".mtrl","","",""
"lp building n armoryage4_death_0.xml",".xml","Building N WallAge4","0","0"
"lp building n armoryage4_death_1.mtrl",".mtrl","","",""
"lp building n armoryage4_death_1.xml",".xml","Building N Shared03 2 map","0","0"
"lp building n armoryage4_death_2.mtrl",".mtrl","","",""
"lp building n armoryage4_death_2.xml",".xml","Building N WallAge4","4","0"
"lp building n armory_0.mtrl",".mtrl","","",""
"lp building n armory_0.xml",".xml","Building N Shared04 2 map","0","0"
"lp building n armory_1.mtrl",".mtrl","","",""
"lp building n armory_1.xml",".xml","Building N Shared03 2 map","0","0"
"lp building n armory_2.mtrl",".mtrl","","",""
"lp building n armory_2.xml",".xml","Building N Shared04 2 map","4","0"
"lp building n armory_death_0.mtrl",".mtrl","","",""
"lp building n armory_death_0.xml",".xml","Building N Shared04 2 map","0","0"
"lp building n armory_death_1.mtrl",".mtrl","","",""
"lp building n armory_death_1.xml",".xml","Building N Shared03 2 map","0","0"
"lp building n armory_death_2.mtrl",".mtrl","","",""
"lp building n armory_death_2.xml",".xml","Building N Shared04 2 map","4","0"
"lp building n barracksage3_0.mtrl",".mtrl","","",""
"lp building n barracksage3_0.xml",".xml","Building N Shared01 3 map","0","0"
"lp building n barracksage3_1.mtrl",".mtrl","","",""
"lp building n barracksage3_1.xml",".xml","Building N Shared01 3 map","4","0"
"lp building n barracksage3_death_0.mtrl",".mtrl","","",""
"lp building n barracksage3_death_0.xml",".xml","Building N Shared01 3 map","0","0"
"lp building n barracksage3_death_1.mtrl",".mtrl","","",""
"lp building n barracksage3_death_1.xml",".xml","Building N Shared01 3 map","4","0"
"lp building n barracksage4_0.mtrl",".mtrl","","",""
"lp building n barracksage4_0.xml",".xml","Building N WallAge4","0","0"
"lp building n barracksage4_1.mtrl",".mtrl","","",""
"lp building n barracksage4_1.xml",".xml","Building N WallAge4","4","0"
"lp building n barracksage4_death_0.mtrl",".mtrl","","",""
"lp building n barracksage4_death_0.xml",".xml","Building N WallAge4","0","0"
"lp building n barracksage4_death_1.mtrl",".mtrl","","",""
"lp building n barracksage4_death_1.xml",".xml","Building N WallAge4","4","0"
"lp building n barracks_0.mtrl",".mtrl","","",""
"lp building n barracks_0.xml",".xml","Building N Shared01 2 map","0","0"
"lp building n barracks_1.mtrl",".mtrl","","",""
"lp building n barracks_1.xml",".xml","Building N Shared04 2 map","0","0"
"lp building n barracks_2.mtrl",".mtrl","","",""
"lp building n barracks_2.xml",".xml","Building N Shared01 2 map","4","0"
"lp building n barracks_death_0.mtrl",".mtrl","","",""
"lp building n barracks_death_0.xml",".xml","Building N Shared01 2 map","0","0"
"lp building n barracks_death_1.mtrl",".mtrl","","",""
"lp building n barracks_death_1.xml",".xml","Building N Shared04 2 map","0","0"
"lp building n barracks_death_2.mtrl",".mtrl","","",""
"lp building n barracks_death_2.xml",".xml","Building N Shared01 2 map","4","0"
"lp building n construction hillfort2_0.mtrl",".mtrl","","",""
"lp building n construction hillfort2_0.xml",".xml","Building N Hillfort","0","0"
"lp building n construction hillfort2_1.mtrl",".mtrl","","",""
"lp building n construction hillfort2_1.xml",".xml","Building Construction","0","0"
"lp building n construction hillfort2_2.mtrl",".mtrl","","",""
"lp building n construction hillfort2_2.xml",".xml","","1","0"
"lp building n hillfort age4_0.mtrl",".mtrl","","",""
"lp building n hillfort age4_0.xml",".xml","Building N Hillfort","0","0"
"lp building n hillfort age4_1.mtrl",".mtrl","","",""
"lp building n hillfort age4_1.xml",".xml","Building N WallAge4","0","0"
"lp building n hillfort age4_2.mtrl",".mtrl","","",""
"lp building n hillfort age4_2.xml",".xml","Building N Hillfort","4","0"
"lp building n hillfort age4_death_0.mtrl",".mtrl","","",""
"lp building n hillfort age4_death_0.xml",".xml","Building N Hillfort","0","0"
"lp building n hillfort age4_death_1.mtrl",".mtrl","","",""
"lp building n hillfort age4_death_1.xml",".xml","Building N WallAge4","0","0"
"lp building n hillfort age4_death_2.mtrl",".mtrl","","",""
"lp building n hillfort age4_death_2.xml",".xml","Building N Hillfort","4","0"
"lp building n hillfort_0.mtrl",".mtrl","","",""
"lp building n hillfort_0.xml",".xml","Building N Hillfort","0","0"
"lp building n hillfort_1.mtrl",".mtrl","","",""
"lp building n hillfort_1.xml",".xml","Building N Shared01 3 map","0","0"
"lp building n hillfort_2.mtrl",".mtrl","","",""
"lp building n hillfort_2.xml",".xml","Building N Hillfort","4","0"
"lp building n hillfort_death_0.mtrl",".mtrl","","",""
"lp building n hillfort_death_0.xml",".xml","Building N Hillfort","0","0"
"lp building n hillfort_death_1.mtrl",".mtrl","","",""
"lp building n hillfort_death_1.xml",".xml","Building N Shared01 3 map","0","0"
"lp building n hillfort_death_2.mtrl",".mtrl","","",""
"lp building n hillfort_death_2.xml",".xml","Building N Hillfort","4","0"
"lp building n housea age1_0.mtrl",".mtrl","","",""
"lp building n housea age1_0.xml",".xml","Building N Shared01 1 map","0","0"
"lp building n housea age1_1.mtrl",".mtrl","","",""
"lp building n housea age1_1.xml",".xml","Building N Shared01 1 map","4","0"
"lp building n housea age1_death_0.mtrl",".mtrl","","",""
"lp building n housea age1_death_0.xml",".xml","Building N Shared01 1 map","0","0"
"lp building n housea age1_death_1.mtrl",".mtrl","","",""
"lp building n housea age1_death_1.xml",".xml","Building N Shared01 1 map","4","0"
"lp building n housea age2_0.mtrl",".mtrl","","",""
"lp building n housea age2_0.xml",".xml","Building N Shared01 2 map","0","0"
"lp building n housea age2_1.mtrl",".mtrl","","",""
"lp building n housea age2_1.xml",".xml","Building N Shared01 2 map","4","0"
"lp building n housea age2_2.mtrl",".mtrl","","",""
"lp building n housea age2_2.xml",".xml","Building N Shared04 2 map","0","0"
"lp building n housea age2_death_0.mtrl",".mtrl","","",""
"lp building n housea age2_death_0.xml",".xml","Building N Shared01 2 map","0","0"
"lp building n housea age2_death_1.mtrl",".mtrl","","",""
"lp building n housea age2_death_1.xml",".xml","Building N Shared01 2 map","4","0"
"lp building n housea age2_death_2.mtrl",".mtrl","","",""
"lp building n housea age2_death_2.xml",".xml","Building N Shared04 2 map","0","0"
"lp building n housea age3_0.mtrl",".mtrl","","",""
"lp building n housea age3_0.xml",".xml","Building N Shared01 3 map","0","0"
"lp building n housea age3_1.mtrl",".mtrl","","",""
"lp building n housea age3_1.xml",".xml","Building N Shared01 3 map","4","0"
"lp building n housea age3_death_0.mtrl",".mtrl","","",""
"lp building n housea age3_death_0.xml",".xml","Building N Shared01 3 map","0","0"
"lp building n housea age3_death_1.mtrl",".mtrl","","",""
"lp building n housea age3_death_1.xml",".xml","Building N Shared01 3 map","4","0"
"lp building n housea age4_0.mtrl",".mtrl","","",""
"lp building n housea age4_0.xml",".xml","Building N WallAge4","0","0"
"lp building n housea age4_1.mtrl",".mtrl","","",""
"lp building n housea age4_1.xml",".xml","Building N WallAge4","4","0"
"lp building n housea age4_death_0.mtrl",".mtrl","","",""
"lp building n housea age4_death_0.xml",".xml","Building N WallAge4","0","0"
"lp building n housea age4_death_1.mtrl",".mtrl","","",""
"lp building n housea age4_death_1.xml",".xml","Building N WallAge4","4","0"
"lp building n houseb age1_0.mtrl",".mtrl","","",""
"lp building n houseb age1_0.xml",".xml","Building N Shared01 1 map","0","0"
"lp building n houseb age1_1.mtrl",".mtrl","","",""
"lp building n houseb age1_1.xml",".xml","Building N Shared01 1 map","4","0"
"lp building n houseb age1_death_0.mtrl",".mtrl","","",""
"lp building n houseb age1_death_0.xml",".xml","Building N Shared01 1 map","0","0"
"lp building n houseb age1_death_1.mtrl",".mtrl","","",""
"lp building n houseb age1_death_1.xml",".xml","Building N Shared01 1 map","4","0"
"lp building n houseb age2_0.mtrl",".mtrl","","",""
"lp building n houseb age2_0.xml",".xml","Building N Shared01 2 map","0","0"
"lp building n houseb age2_1.mtrl",".mtrl","","",""
"lp building n houseb age2_1.xml",".xml","Building N Shared01 2 map","4","0"
"lp building n houseb age2_2.mtrl",".mtrl","","",""
"lp building n houseb age2_2.xml",".xml","Building N Shared04 2 map","0","0"
"lp building n houseb age2_death_0.mtrl",".mtrl","","",""
"lp building n houseb age2_death_0.xml",".xml","Building N Shared01 2 map","0","0"
"lp building n houseb age2_death_1.mtrl",".mtrl","","",""
"lp building n houseb age2_death_1.xml",".xml","Building N Shared01 2 map","4","0"
"lp building n houseb age2_death_2.mtrl",".mtrl","","",""
"lp building n houseb age2_death_2.xml",".xml","Building N Shared04 2 map","0","0"
"lp building n houseb age3_0.mtrl",".mtrl","","",""
"lp building n houseb age3_0.xml",".xml","Building N Shared01 3 map","0","0"
"lp building n houseb age3_1.mtrl",".mtrl","","",""
"lp building n houseb age3_1.xml",".xml","Building N Shared01 3 map","4","0"
"lp building n houseb age3_death_0.mtrl",".mtrl","","",""
"lp building n houseb age3_death_0.xml",".xml","Building N Shared01 3 map","0","0"
"lp building n houseb age3_death_1.mtrl",".mtrl","","",""
"lp building n houseb age3_death_1.xml",".xml","Building N Shared01 3 map","4","0"
"lp building n houseb age4_0.mtrl",".mtrl","","",""
"lp building n houseb age4_0.xml",".xml","Building N WallAge4","0","0"
"lp building n houseb age4_1.mtrl",".mtrl","","",""
"lp building n houseb age4_1.xml",".xml","Building N WallAge4","4","0"
"lp building n houseb age4_death_0.mtrl",".mtrl","","",""
"lp building n houseb age4_death_0.xml",".xml","Building N WallAge4","0","0"
"lp building n houseb age4_death_1.mtrl",".mtrl","","",""
"lp building n houseb age4_death_1.xml",".xml","Building N WallAge4","4","0"
"lp building n housec age1_0.mtrl",".mtrl","","",""
"lp building n housec age1_0.xml",".xml","Building N Shared01 1 map","0","0"
"lp building n housec age1_1.mtrl",".mtrl","","",""
"lp building n housec age1_1.xml",".xml","Building N Shared01 1 map","4","0"
"lp building n housec age1_death_0.mtrl",".mtrl","","",""
"lp building n housec age1_death_0.xml",".xml","Building N Shared01 1 map","0","0"
"lp building n housec age1_death_1.mtrl",".mtrl","","",""
"lp building n housec age1_death_1.xml",".xml","Building N Shared01 1 map","4","0"
"lp building n housec age2_0.mtrl",".mtrl","","",""
"lp building n housec age2_0.xml",".xml","Building N Shared01 2 map","0","0"
"lp building n housec age2_1.mtrl",".mtrl","","",""
"lp building n housec age2_1.xml",".xml","Building N Shared01 2 map","4","0"
"lp building n housec age2_2.mtrl",".mtrl","","",""
"lp building n housec age2_2.xml",".xml","Building N Shared04 2 map","0","0"
"lp building n housec age2_death_0.mtrl",".mtrl","","",""
"lp building n housec age2_death_0.xml",".xml","Building N Shared01 2 map","0","0"
"lp building n housec age2_death_1.mtrl",".mtrl","","",""
"lp building n housec age2_death_1.xml",".xml","Building N Shared01 2 map","4","0"
"lp building n housec age2_death_2.mtrl",".mtrl","","",""
"lp building n housec age2_death_2.xml",".xml","Building N Shared04 2 map","0","0"
"lp building n housec age3_0.mtrl",".mtrl","","",""
"lp building n housec age3_0.xml",".xml","Building N Shared01 3 map","0","0"
"lp building n housec age3_1.mtrl",".mtrl","","",""
"lp building n housec age3_1.xml",".xml","Building N Shared01 3 map","4","0"
"lp building n housec age3_death_0.mtrl",".mtrl","","",""
"lp building n housec age3_death_0.xml",".xml","Building N Shared01 3 map","0","0"
"lp building n housec age3_death_1.mtrl",".mtrl","","",""
"lp building n housec age3_death_1.xml",".xml","Building N Shared01 3 map","4","0"
"lp building n housec age4_0.mtrl",".mtrl","","",""
"lp building n housec age4_0.xml",".xml","Building N WallAge4","0","0"
"lp building n housec age4_1.mtrl",".mtrl","","",""
"lp building n housec age4_1.xml",".xml","Building N WallAge4","4","0"
"lp building n housec age4_death_0.mtrl",".mtrl","","",""
"lp building n housec age4_death_0.xml",".xml","Building N WallAge4","0","0"
"lp building n housec age4_death_1.mtrl",".mtrl","","",""
"lp building n housec age4_death_1.xml",".xml","Building N WallAge4","4","0"
"lp building n loki wonder_0.mtrl",".mtrl","","",""
"lp building n loki wonder_0.xml",".xml","Building N Loki Wonder02","0","0"
"lp building n loki wonder_1.mtrl",".mtrl","","",""
"lp building n loki wonder_1.xml",".xml","Building N Loki Wonder02","4","0"
"lp building n loki wonder_2.mtrl",".mtrl","","",""
"lp building n loki wonder_2.xml",".xml","Building N Loki Wonder01","0","0"
"lp building n loki wonder_death_0.mtrl",".mtrl","","",""
"lp building n loki wonder_death_0.xml",".xml","Building N Loki Wonder02","0","0"
"lp building n loki wonder_death_1.mtrl",".mtrl","","",""
"lp building n loki wonder_death_1.xml",".xml","Building N Loki Wonder02","4","0"
"lp building n loki wonder_death_2.mtrl",".mtrl","","",""
"lp building n loki wonder_death_2.xml",".xml","Building N Loki Wonder01","0","0"
"lp building n marketage3_0.mtrl",".mtrl","","",""
"lp building n marketage3_0.xml",".xml","Building N Shared01 3 map","0","0"
"lp building n marketage3_1.mtrl",".mtrl","","",""
"lp building n marketage3_1.xml",".xml","Building N Shared01 2 map","0","0"
"lp building n marketage3_2.mtrl",".mtrl","","",""
"lp building n marketage3_2.xml",".xml","Building N Shared04 2 map","4","0"
"lp building n marketage3_death_0.mtrl",".mtrl","","",""
"lp building n marketage3_death_0.xml",".xml","Building N Shared01 2 map","0","0"
"lp building n marketage3_death_1.mtrl",".mtrl","","",""
"lp building n marketage3_death_1.xml",".xml","Building N Shared04 2 map","4","0"
"lp building n marketage3_death_2.mtrl",".mtrl","","",""
"lp building n marketage3_death_2.xml",".xml","Building N Shared01 3 map","0","0"
"lp building n marketage4_0.mtrl",".mtrl","","",""
"lp building n marketage4_0.xml",".xml","Building N WallAge4","0","0"
"lp building n marketage4_1.mtrl",".mtrl","","",""
"lp building n marketage4_1.xml",".xml","Building N Shared04 2 map","4","0"
"lp building n marketage4_2.mtrl",".mtrl","","",""
"lp building n marketage4_2.xml",".xml","Building N WallAge4","4","0"
"lp building n marketage4_death_0.mtrl",".mtrl","","",""
"lp building n marketage4_death_0.xml",".xml","Building N WallAge4","0","0"
"lp building n marketage4_death_1.mtrl",".mtrl","","",""
"lp building n marketage4_death_1.xml",".xml","Building N Shared04 2 map","4","0"
"lp building n marketage4_death_2.mtrl",".mtrl","","",""
"lp building n marketage4_death_2.xml",".xml","Building N WallAge4","4","0"
"lp building n odin wonder_0.mtrl",".mtrl","","",""
"lp building n odin wonder_0.xml",".xml","Building N Odin Wonder","0","0"
"lp building n odin wonder_1.mtrl",".mtrl","","",""
"lp building n odin wonder_1.xml",".xml","Building N Odin Wonder01","0","0"
"lp building n odin wonder_2.mtrl",".mtrl","","",""
"lp building n odin wonder_2.xml",".xml","Building N Odin Wonder01","4","0"
"lp building n odin wonder_death_0.mtrl",".mtrl","","",""
"lp building n odin wonder_death_0.xml",".xml","Building N Odin Wonder","0","0"
"lp building n odin wonder_death_1.mtrl",".mtrl","","",""
"lp building n odin wonder_death_1.xml",".xml","Building N Odin Wonder01","0","0"
"lp building n odin wonder_death_2.mtrl",".mtrl","","",""
"lp building n odin wonder_death_2.xml",".xml","Building N Odin Wonder01","4","0"
"lp building n settlement01_0.mtrl",".mtrl","","",""
"lp building n settlement01_0.xml",".xml","Building N SettlementAge1","0","0"
"lp building n settlement01_1.mtrl",".mtrl","","",""
"lp building n settlement01_1.xml",".xml","Building G SettlementFence","0","0"
"lp building n settlement01_2.mtrl",".mtrl","","",""
"lp building n settlement01_2.xml",".xml","Building N SettlementAge1","4","0"
"lp building n settlement01_death_0.mtrl",".mtrl","","",""
"lp building n settlement01_death_0.xml",".xml","Building N SettlementAge1","0","0"
"lp building n settlement01_death_1.mtrl",".mtrl","","",""
"lp building n settlement01_death_1.xml",".xml","Building G SettlementFence","0","0"
"lp building n settlement02_0.mtrl",".mtrl","","",""
"lp building n settlement02_0.xml",".xml","Building N SettlementAge2","0","0"
"lp building n settlement02_1.mtrl",".mtrl","","",""
"lp building n settlement02_1.xml",".xml","Building N SettlementAge2","4","0"
"lp building n settlement02_2.mtrl",".mtrl","","",""
"lp building n settlement02_2.xml",".xml","Building G SettlementFence","0","0"
"lp building n settlement02_death_0.mtrl",".mtrl","","",""
"lp building n settlement02_death_0.xml",".xml","Building N SettlementAge2","0","0"
"lp building n settlement02_death_1.mtrl",".mtrl","","",""
"lp building n settlement02_death_1.xml",".xml","Building N SettlementAge2","4","0"
"lp building n settlement02_death_2.mtrl",".mtrl","","",""
"lp building n settlement02_death_2.xml",".xml","Building G SettlementFence","0","0"
"lp building n settlement03 fortified_0.mtrl",".mtrl","","",""
"lp building n settlement03 fortified_0.xml",".xml","Building N SettlementAge3","0","0"
"lp building n settlement03 fortified_1.mtrl",".mtrl","","",""
"lp building n settlement03 fortified_1.xml",".xml","Building N Shared06 2 map","4","0"
"lp building n settlement03 fortified_2.mtrl",".mtrl","","",""
"lp building n settlement03 fortified_2.xml",".xml","Building N SettlementAge3","4","0"
"lp building n settlement03 fortified_death_0.mtrl",".mtrl","","",""
"lp building n settlement03 fortified_death_0.xml",".xml","Building N SettlementAge3","0","0"
"lp building n settlement03 fortified_death_1.mtrl",".mtrl","","",""
"lp building n settlement03 fortified_death_1.xml",".xml","Building N Shared06 2 map","4","0"
"lp building n settlement03 fortified_death_2.mtrl",".mtrl","","",""
"lp building n settlement03 fortified_death_2.xml",".xml","Building N SettlementAge3","4","0"
"lp building n settlement03_0.mtrl",".mtrl","","",""
"lp building n settlement03_0.xml",".xml","Building N SettlementAge3","0","0"
"lp building n settlement03_1.mtrl",".mtrl","","",""
"lp building n settlement03_1.xml",".xml","Building N SettlementAge3","4","0"
"lp building n settlement03_2.mtrl",".mtrl","","",""
"lp building n settlement03_2.xml",".xml","Building G SettlementFence","0","0"
"lp building n settlement03_death_0.mtrl",".mtrl","","",""
"lp building n settlement03_death_0.xml",".xml","Building N SettlementAge3","0","0"
"lp building n settlement03_death_1.mtrl",".mtrl","","",""
"lp building n settlement03_death_1.xml",".xml","Building N SettlementAge3","4","0"
"lp building n settlement03_death_2.mtrl",".mtrl","","",""
"lp building n settlement03_death_2.xml",".xml","Building G SettlementFence","0","0"
"lp building n settlement04 fortified_0.mtrl",".mtrl","","",""
"lp building n settlement04 fortified_0.xml",".xml","Building N SettlementAge4","0","0"
"lp building n settlement04 fortified_1.mtrl",".mtrl","","",""
"lp building n settlement04 fortified_1.xml",".xml","Building N Shared06 2 map","4","0"
"lp building n settlement04 fortified_2.mtrl",".mtrl","","",""
"lp building n settlement04 fortified_2.xml",".xml","Building N SettlementAge4","4","0"
"lp building n settlement04 fortified_death_0.mtrl",".mtrl","","",""
"lp building n settlement04 fortified_death_0.xml",".xml","Building N SettlementAge4","0","0"
"lp building n settlement04 fortified_death_1.mtrl",".mtrl","","",""
"lp building n settlement04 fortified_death_1.xml",".xml","Building N Shared06 2 map","4","0"
"lp building n settlement04 fortified_death_2.mtrl",".mtrl","","",""
"lp building n settlement04 fortified_death_2.xml",".xml","Building N SettlementAge4","4","0"
"lp building n settlement04_0.mtrl",".mtrl","","",""
"lp building n settlement04_0.xml",".xml","Building N SettlementAge4","0","0"
"lp building n settlement04_1.mtrl",".mtrl","","",""
"lp building n settlement04_1.xml",".xml","Building G SettlementFence","0","0"
"lp building n settlement04_2.mtrl",".mtrl","","",""
"lp building n settlement04_2.xml",".xml","Building N SettlementAge4","4","0"
"lp building n settlement04_death_0.mtrl",".mtrl","","",""
"lp building n settlement04_death_0.xml",".xml","Building N SettlementAge4","0","0"
"lp building n settlement04_death_1.mtrl",".mtrl","","",""
"lp building n settlement04_death_1.xml",".xml","Building G SettlementFence","0","0"
"lp building n settlement04_death_2.mtrl",".mtrl","","",""
"lp building n settlement04_death_2.xml",".xml","Building N SettlementAge4","4","0"
"lp building n templeage1_0.mtrl",".mtrl","","",""
"lp building n templeage1_0.xml",".xml","Building N TempleAge1","0","0"
"lp building n templeage1_1.mtrl",".mtrl","","",""
"lp building n templeage1_1.xml",".xml","Building N TempleAge1","4","0"
"lp building n templeage1_death_0.mtrl",".mtrl","","",""
"lp building n templeage1_death_0.xml",".xml","Building N TempleAge1","0","0"
"lp building n templeage1_death_1.mtrl",".mtrl","","",""
"lp building n templeage1_death_1.xml",".xml","Building N TempleAge1","4","0"
"lp building n templeage2_0.mtrl",".mtrl","","",""
"lp building n templeage2_0.xml",".xml","Building N TempleAge2","0","0"
"lp building n templeage2_1.mtrl",".mtrl","","",""
"lp building n templeage2_1.xml",".xml","Building N TempleAge2","4","0"
"lp building n templeage2_death_0.mtrl",".mtrl","","",""
"lp building n templeage2_death_0.xml",".xml","Building N TempleAge2","0","0"
"lp building n templeage2_death_1.mtrl",".mtrl","","",""
"lp building n templeage2_death_1.xml",".xml","Building N TempleAge2","4","0"
"lp building n templeage3_0.mtrl",".mtrl","","",""
"lp building n templeage3_0.xml",".xml","Building N TempleAge3","0","0"
"lp building n templeage3_1.mtrl",".mtrl","","",""
"lp building n templeage3_1.xml",".xml","Building N TempleAge3","4","0"
"lp building n templeage3_death_0.mtrl",".mtrl","","",""
"lp building n templeage3_death_0.xml",".xml","Building N TempleAge3","0","0"
"lp building n templeage3_death_1.mtrl",".mtrl","","",""
"lp building n templeage3_death_1.xml",".xml","Building N TempleAge3","4","0"
"lp building n templeage4_0.mtrl",".mtrl","","",""
"lp building n templeage4_0.xml",".xml","Building N TempleAge3","0","0"
"lp building n templeage4_1.mtrl",".mtrl","","",""
"lp building n templeage4_1.xml",".xml","Building N TempleAge3","4","0"
"lp building n templeage4_2.mtrl",".mtrl","","",""
"lp building n templeage4_2.xml",".xml","Building N WallAge4","0","0"
"lp building n templeage4_death_0.mtrl",".mtrl","","",""
"lp building n templeage4_death_0.xml",".xml","Building N TempleAge3","0","0"
"lp building n templeage4_death_1.mtrl",".mtrl","","",""
"lp building n templeage4_death_1.xml",".xml","Building N TempleAge3","4","0"
"lp building n templeage4_death_2.mtrl",".mtrl","","",""
"lp building n templeage4_death_2.xml",".xml","Building N WallAge4","0","0"
"lp building n thorarmorypump_0.mtrl",".mtrl","","",""
"lp building n thorarmorypump_0.xml",".xml","Building N ThorArmory","0","0"
"lp building n thorarmorypump_1.mtrl",".mtrl","","",""
"lp building n thorarmorypump_1.xml",".xml","Building N ThorArmory1","0","0"
"lp building n thorarmory_0.mtrl",".mtrl","","",""
"lp building n thorarmory_0.xml",".xml","Building N ThorArmory","0","0"
"lp building n thorarmory_1.mtrl",".mtrl","","",""
"lp building n thorarmory_1.xml",".xml","Building N ThorArmory1","0","0"
"lp building n thorarmory_2.mtrl",".mtrl","","",""
"lp building n thorarmory_2.xml",".xml","Building N ThorArmory","4","0"
"lp building n thorarmory_death_0.mtrl",".mtrl","","",""
"lp building n thorarmory_death_0.xml",".xml","Building N ThorArmory","0","0"
"lp building n thorarmory_death_1.mtrl",".mtrl","","",""
"lp building n thorarmory_death_1.xml",".xml","Building N ThorArmory1","0","0"
"lp building n thorarmory_death_2.mtrl",".mtrl","","",""
"lp building n thorarmory_death_2.xml",".xml","Building N ThorArmory","4","0"
"lp building n towerage1_0.mtrl",".mtrl","","",""
"lp building n towerage1_0.xml",".xml","Building N Shared01 1 map","0","0"
"lp building n towerage1_1.mtrl",".mtrl","","",""
"lp building n towerage1_1.xml",".xml","Building N Shared01 1 map","4","0"
"lp building n towerage1_2.mtrl",".mtrl","","",""
"lp building n towerage1_2.xml",".xml","Building N Shared02 2 map","0","0"
"lp building n towerage2_0.mtrl",".mtrl","","",""
"lp building n towerage2_0.xml",".xml","Building N Tower","0","0"
"lp building n towerage2_1.mtrl",".mtrl","","",""
"lp building n towerage2_1.xml",".xml","Building N Tower","4","0"
"lp building n towerage2_death_0.mtrl",".mtrl","","",""
"lp building n towerage2_death_0.xml",".xml","Building N Tower","0","0"
"lp building n towerage2_death_1.mtrl",".mtrl","","",""
"lp building n towerage2_death_1.xml",".xml","Building N Tower","4","0"
"lp building n towerage3_0.mtrl",".mtrl","","",""
"lp building n towerage3_0.xml",".xml","Building N Tower","0","0"
"lp building n towerage3_1.mtrl",".mtrl","","",""
"lp building n towerage3_1.xml",".xml","Building N Tower","4","0"
"lp building n towerage3_death_0.mtrl",".mtrl","","",""
"lp building n towerage3_death_0.xml",".xml","Building N Tower","0","0"
"lp building n towerage3_death_1.mtrl",".mtrl","","",""
"lp building n towerage3_death_1.xml",".xml","Building N Tower","4","0"
"lp building n towerage4_0.mtrl",".mtrl","","",""
"lp building n towerage4_0.xml",".xml","Building N Tower","0","0"
"lp building n towerage4_1.mtrl",".mtrl","","",""
"lp building n towerage4_1.xml",".xml","Building N Tower","4","0"
"lp building n towerage4_death_0.mtrl",".mtrl","","",""
"lp building n towerage4_death_0.xml",".xml","Building N Tower","0","0"
"lp building n towerage4_death_1.mtrl",".mtrl","","",""
"lp building n towerage4_death_1.xml",".xml","Building N Tower","4","0"
"lp building n tradedockage1_0.mtrl",".mtrl","","",""
"lp building n tradedockage1_0.xml",".xml","Building N Shared01 1 map","0","0"
"lp building n tradedockage1_1.mtrl",".mtrl","","",""
"lp building n tradedockage1_1.xml",".xml","Building N Dock","0","0"
"lp building n tradedockage1_2.mtrl",".mtrl","","",""
"lp building n tradedockage1_2.xml",".xml","Building N Shared01 1 map","4","0"
"lp building n tradedockage1_death_0.mtrl",".mtrl","","",""
"lp building n tradedockage1_death_0.xml",".xml","Building N Shared01 1 map","0","0"
"lp building n tradedockage1_death_1.mtrl",".mtrl","","",""
"lp building n tradedockage1_death_1.xml",".xml","Building N Dock","0","0"
"lp building n tradedockage1_death_2.mtrl",".mtrl","","",""
"lp building n tradedockage1_death_2.xml",".xml","Building N Shared01 1 map","4","0"
"lp building n tradedockage2_0.mtrl",".mtrl","","",""
"lp building n tradedockage2_0.xml",".xml","Building N Shared01 2 map","0","0"
"lp building n tradedockage2_1.mtrl",".mtrl","","",""
"lp building n tradedockage2_1.xml",".xml","Building N Dock","0","0"
"lp building n tradedockage2_2.mtrl",".mtrl","","",""
"lp building n tradedockage2_2.xml",".xml","Building N Shared01 2 map","4","0"
"lp building n tradedockage2_death_0.mtrl",".mtrl","","",""
"lp building n tradedockage2_death_0.xml",".xml","Building N Shared01 2 map","0","0"
"lp building n tradedockage2_death_1.mtrl",".mtrl","","",""
"lp building n tradedockage2_death_1.xml",".xml","Building N Dock","0","0"
"lp building n tradedockage2_death_2.mtrl",".mtrl","","",""
"lp building n tradedockage2_death_2.xml",".xml","Building N Shared01 2 map","4","0"
"lp building n tradedockage3_0.mtrl",".mtrl","","",""
"lp building n tradedockage3_0.xml",".xml","Building N Dock","0","0"
"lp building n tradedockage3_1.mtrl",".mtrl","","",""
"lp building n tradedockage3_1.xml",".xml","Building N Shared01 3 map","0","0"
"lp building n tradedockage3_2.mtrl",".mtrl","","",""
"lp building n tradedockage3_2.xml",".xml","Building N Shared01 3 map","4","0"
"lp building n tradedockage3_death_0.mtrl",".mtrl","","",""
"lp building n tradedockage3_death_0.xml",".xml","Building N Dock","0","0"
"lp building n tradedockage3_death_1.mtrl",".mtrl","","",""
"lp building n tradedockage3_death_1.xml",".xml","Building N Shared01 3 map","0","0"
"lp building n tradedockage3_death_2.mtrl",".mtrl","","",""
"lp building n tradedockage3_death_2.xml",".xml","Building N Shared01 3 map","4","0"
"lp building n tradedockage4_0.mtrl",".mtrl","","",""
"lp building n tradedockage4_0.xml",".xml","Building N Dock","0","0"
"lp building n tradedockage4_1.mtrl",".mtrl","","",""
"lp building n tradedockage4_1.xml",".xml","Building N WallAge4","0","0"
"lp building n tradedockage4_2.mtrl",".mtrl","","",""
"lp building n tradedockage4_2.xml",".xml","Building N WallAge4","4","0"
"lp building n tradedockage4_death_0.mtrl",".mtrl","","",""
"lp building n tradedockage4_death_0.xml",".xml","Building N Dock","0","0"
"lp building n tradedockage4_death_1.mtrl",".mtrl","","",""
"lp building n tradedockage4_death_1.xml",".xml","Building N WallAge4","0","0"
"lp building n tradedockage4_death_2.mtrl",".mtrl","","",""
"lp building n tradedockage4_death_2.xml",".xml","Building N WallAge4","4","0"
"lp building n wall long stage1_0.mtrl",".mtrl","","",""
"lp building n wall long stage1_0.xml",".xml","Building N Shared06 2 map","0","0"
"lp building n wall long stage1_1.mtrl",".mtrl","","",""
"lp building n wall long stage1_1.xml",".xml","Building N Shared06 2 map","4","0"
"lp building n wall long stage2_0.mtrl",".mtrl","","",""
"lp building n wall long stage2_0.xml",".xml","Building N Shared06 2 map","0","0"
"lp building n wall long stage2_1.mtrl",".mtrl","","",""
"lp building n wall long stage2_1.xml",".xml","Building N Shared06 2 map","4","0"
"lp building n wall long stage3_0.mtrl",".mtrl","","",""
"lp building n wall long stage3_0.xml",".xml","Building N Shared06 2 map","0","0"
"lp building n wall long stage3_1.mtrl",".mtrl","","",""
"lp building n wall long stage3_1.xml",".xml","Building N Shared06 2 map","4","0"
"lp building n wall long stage3_death_0.mtrl",".mtrl","","",""
"lp building n wall long stage3_death_0.xml",".xml","Building N Shared06 2 map","0","0"
"lp building n wall long stage3_death_1.mtrl",".mtrl","","",""
"lp building n wall long stage3_death_1.xml",".xml","Building N Shared06 2 map","4","0"
"lp building n wall medium stage1_0.mtrl",".mtrl","","",""
"lp building n wall medium stage1_0.xml",".xml","Building N Shared06 2 map","0","0"
"lp building n wall medium stage1_1.mtrl",".mtrl","","",""
"lp building n wall medium stage1_1.xml",".xml","Building N Shared06 2 map","4","0"
"lp building n wall medium stage2_0.mtrl",".mtrl","","",""
"lp building n wall medium stage2_0.xml",".xml","Building N Shared06 2 map","0","0"
"lp building n wall medium stage2_1.mtrl",".mtrl","","",""
"lp building n wall medium stage2_1.xml",".xml","Building N Shared06 2 map","4","0"
"lp building n wall medium stage3_0.mtrl",".mtrl","","",""
"lp building n wall medium stage3_0.xml",".xml","Building N Shared06 2 map","0","0"
"lp building n wall medium stage3_1.mtrl",".mtrl","","",""
"lp building n wall medium stage3_1.xml",".xml","Building N Shared06 2 map","4","0"
"lp building n wall medium stage3_death_0.mtrl",".mtrl","","",""
"lp building n wall medium stage3_death_0.xml",".xml","Building N Shared06 2 map","0","0"
"lp building n wall medium stage3_death_1.mtrl",".mtrl","","",""
"lp building n wall medium stage3_death_1.xml",".xml","Building N Shared06 2 map","4","0"
"lp building n wall short stage1_0.mtrl",".mtrl","","",""
"lp building n wall short stage1_0.xml",".xml","Building N Shared06 2 map","0","0"
"lp building n wall short stage1_1.mtrl",".mtrl","","",""
"lp building n wall short stage1_1.xml",".xml","Building N Shared06 2 map","4","0"
"lp building n wall short stage2_0.mtrl",".mtrl","","",""
"lp building n wall short stage2_0.xml",".xml","Building N Shared06 2 map","0","0"
"lp building n wall short stage2_1.mtrl",".mtrl","","",""
"lp building n wall short stage2_1.xml",".xml","Building N Shared06 2 map","4","0"
"lp building n wall short stage3_0.mtrl",".mtrl","","",""
"lp building n wall short stage3_0.xml",".xml","Building N Shared06 2 map","0","0"
"lp building n wall short stage3_1.mtrl",".mtrl","","",""
"lp building n wall short stage3_1.xml",".xml","Building N Shared06 2 map","4","0"
"lp building n wall short stage3_death_0.mtrl",".mtrl","","",""
"lp building n wall short stage3_death_0.xml",".xml","Building N Shared06 2 map","0","0"
"lp building n wall short stage3_death_1.mtrl",".mtrl","","",""
"lp building n wall short stage3_death_1.xml",".xml","Building N Shared06 2 map","4","0"
"lp building n wonder_0.mtrl",".mtrl","","",""
"lp building n wonder_0.xml",".xml","Building N Wonder","0","0"
"lp building n wonder_1.mtrl",".mtrl","","",""
"lp building n wonder_1.xml",".xml","Building N WonderBranch","0","0"
"lp building n wonder_2.mtrl",".mtrl","","",""
"lp building n wonder_2.xml",".xml","Building N WonderLeaf","0","0"
"lp building n wonder_3.mtrl",".mtrl","","",""
"lp building n wonder_3.xml",".xml","Building N Wonder","4","0"
"lp building n wonder_4.mtrl",".mtrl","","",""
"lp building n wonder_4.xml",".xml","Building N Wonderrune","0","0"
"lp building outpost_0.mtrl",".mtrl","","",""
"lp building outpost_0.xml",".xml","Building N Shared02 2 map","0","0"
"lp building outpost_1.mtrl",".mtrl","","",""
"lp building outpost_1.xml",".xml","Building N Shared02 2 map","4","0"
"lp building outpost_death_0.mtrl",".mtrl","","",""
"lp building outpost_death_0.xml",".xml","Building N Shared02 2 map","0","0"
"lp building outpost_death_1.mtrl",".mtrl","","",""
"lp building outpost_death_1.xml",".xml","Building N Shared02 2 map","4","0"
"lp building settlement_0.mtrl",".mtrl","","",""
"lp building settlement_0.xml",".xml","Building Settlement","0","0"
"lp building settlement_1.mtrl",".mtrl","","",""
"lp building settlement_1.xml",".xml","Building N Shared03 2 map","0","0"
"lp building settlement_2.mtrl",".mtrl","","",""
"lp building settlement_2.xml",".xml","Building G SettlementFence","0","0"
"lp building x armory age1_0.mtrl",".mtrl","","",""
"lp building x armory age1_0.xml",".xml","Building G SettlementFence","0","0"
"lp building x armory age1_1.mtrl",".mtrl","","",""
"lp building x armory age1_1.xml",".xml","Building X Roof Age1","0","0"
"lp building x armory age1_2.mtrl",".mtrl","","",""
"lp building x armory age1_2.xml",".xml","Building X Guild Age2","0","0"
"lp building x armory age1_3.mtrl",".mtrl","","",""
"lp building x armory age1_3.xml",".xml","Building X Roof Age1","4","0"
"lp building x armory age1_death_0.mtrl",".mtrl","","",""
"lp building x armory age1_death_0.xml",".xml","Building G SettlementFence","0","0"
"lp building x armory age1_death_1.mtrl",".mtrl","","",""
"lp building x armory age1_death_1.xml",".xml","Building X Roof Age1","0","0"
"lp building x armory age1_death_2.mtrl",".mtrl","","",""
"lp building x armory age1_death_2.xml",".xml","Building X Guild Age2","0","0"
"lp building x armory age1_death_3.mtrl",".mtrl","","",""
"lp building x armory age1_death_3.xml",".xml","Building X Roof Age1","4","0"
"lp building x armory age2_0.mtrl",".mtrl","","",""
"lp building x armory age2_0.xml",".xml","Building X Wall Age2","0","0"
"lp building x armory age2_1.mtrl",".mtrl","","",""
"lp building x armory age2_1.xml",".xml","Building X Wall Age2","4","0"
"lp building x armory age2_2.mtrl",".mtrl","","",""
"lp building x armory age2_2.xml",".xml","Building X Roof Age2","0","0"
"lp building x armory age2_3.mtrl",".mtrl","","",""
"lp building x armory age2_3.xml",".xml","Building X Dock","0","0"
"lp building x armory age2_4.mtrl",".mtrl","","",""
"lp building x armory age2_4.xml",".xml","Building X Roof Age2","0","0"
"lp building x armory age2_death_0.mtrl",".mtrl","","",""
"lp building x armory age2_death_0.xml",".xml","Building X Roof Age2","0","0"
"lp building x armory age2_death_1.mtrl",".mtrl","","",""
"lp building x armory age2_death_1.xml",".xml","Building X Wall Age2","0","0"
"lp building x armory age2_death_2.mtrl",".mtrl","","",""
"lp building x armory age2_death_2.xml",".xml","Building X Wall Age2","4","0"
"lp building x armory age2_death_3.mtrl",".mtrl","","",""
"lp building x armory age2_death_3.xml",".xml","Building X Dock","0","0"
"lp building x armory age2_death_4.mtrl",".mtrl","","",""
"lp building x armory age2_death_4.xml",".xml","Building X Roof Age2","0","0"
"lp building x armory age3_0.mtrl",".mtrl","","",""
"lp building x armory age3_0.xml",".xml","Building X Wall Age3","4","0"
"lp building x armory age3_1.mtrl",".mtrl","","",""
"lp building x armory age3_1.xml",".xml","Building X Roof Age3","0","0"
"lp building x armory age3_2.mtrl",".mtrl","","",""
"lp building x armory age3_2.xml",".xml","Building X Shared Age3","0","0"
"lp building x armory age3_3.mtrl",".mtrl","","",""
"lp building x armory age3_3.xml",".xml","Building X Dock","0","0"
"lp building x armory age3_death_0.mtrl",".mtrl","","",""
"lp building x armory age3_death_0.xml",".xml","Building X Wall Age3","4","0"
"lp building x armory age3_death_1.mtrl",".mtrl","","",""
"lp building x armory age3_death_1.xml",".xml","Building X Roof Age3","0","0"
"lp building x armory age3_death_2.mtrl",".mtrl","","",""
"lp building x armory age3_death_2.xml",".xml","Building X Shared Age3","0","0"
"lp building x armory age3_death_3.mtrl",".mtrl","","",""
"lp building x armory age3_death_3.xml",".xml","Building X Dock","0","0"
"lp building x barracks age1_0.mtrl",".mtrl","","",""
"lp building x barracks age1_0.xml",".xml","Building X Roof Age1","4","0"
"lp building x barracks age1_1.mtrl",".mtrl","","",""
"lp building x barracks age1_1.xml",".xml","Building X Guild Age2","0","0"
"lp building x barracks age1_2.mtrl",".mtrl","","",""
"lp building x barracks age1_2.xml",".xml","Building X Roof Age1","0","0"
"lp building x barracks age1_death_0.mtrl",".mtrl","","",""
"lp building x barracks age1_death_0.xml",".xml","Building X Roof Age1","4","0"
"lp building x barracks age1_death_1.mtrl",".mtrl","","",""
"lp building x barracks age1_death_1.xml",".xml","Building X Guild Age2","0","0"
"lp building x barracks age1_death_2.mtrl",".mtrl","","",""
"lp building x barracks age1_death_2.xml",".xml","Building X Roof Age1","0","0"
"lp building x barracks age2_0.mtrl",".mtrl","","",""
"lp building x barracks age2_0.xml",".xml","Building X Roof Age2","0","0"
"lp building x barracks age2_1.mtrl",".mtrl","","",""
"lp building x barracks age2_1.xml",".xml","Building X Wall Age2","4","0"
"lp building x barracks age2_2.mtrl",".mtrl","","",""
"lp building x barracks age2_2.xml",".xml","Building X Wall Age2","0","0"
"lp building x barracks age2_death_0.mtrl",".mtrl","","",""
"lp building x barracks age2_death_0.xml",".xml","Building X Roof Age2","0","0"
"lp building x barracks age2_death_1.mtrl",".mtrl","","",""
"lp building x barracks age2_death_1.xml",".xml","Building X Wall Age2","4","0"
"lp building x barracks age2_death_2.mtrl",".mtrl","","",""
"lp building x barracks age2_death_2.xml",".xml","Building X Wall Age2","0","0"
"lp building x barracks age3_0.mtrl",".mtrl","","",""
"lp building x barracks age3_0.xml",".xml","Building X Roof Age3","0","0"
"lp building x barracks age3_1.mtrl",".mtrl","","",""
"lp building x barracks age3_1.xml",".xml","Building X Wall Age3","4","0"
"lp building x barracks age3_2.mtrl",".mtrl","","",""
"lp building x barracks age3_2.xml",".xml","Building X Roof Age2","0","0"
"lp building x barracks age3_death_0.mtrl",".mtrl","","",""
"lp building x barracks age3_death_0.xml",".xml","Building X Roof Age3","0","0"
"lp building x barracks age3_death_1.mtrl",".mtrl","","",""
"lp building x barracks age3_death_1.xml",".xml","Building X Wall Age3","4","0"
"lp building x barracks age3_death_2.mtrl",".mtrl","","",""
"lp building x barracks age3_death_2.xml",".xml","Building X Roof Age2","0","0"
"lp building x dock age0_0.mtrl",".mtrl","","",""
"lp building x dock age0_0.xml",".xml","Building X Roof Age0","0","0"
"lp building x dock age0_1.mtrl",".mtrl","","",""
"lp building x dock age0_1.xml",".xml","Building X Shared Age0","0","0"
"lp building x dock age0_2.mtrl",".mtrl","","",""
"lp building x dock age0_2.xml",".xml","Building X Roof Age0","4","0"
"lp building x dock age0_3.mtrl",".mtrl","","",""
"lp building x dock age0_3.xml",".xml","Building X Dock","0","0"
"lp building x dock age0_death_0.mtrl",".mtrl","","",""
"lp building x dock age0_death_0.xml",".xml","Building X Roof Age0","0","0"
"lp building x dock age0_death_1.mtrl",".mtrl","","",""
"lp building x dock age0_death_1.xml",".xml","Building X Shared Age0","0","0"
"lp building x dock age0_death_2.mtrl",".mtrl","","",""
"lp building x dock age0_death_2.xml",".xml","Building X Roof Age0","4","0"
"lp building x dock age0_death_3.mtrl",".mtrl","","",""
"lp building x dock age0_death_3.xml",".xml","Building X Dock","0","0"
"lp building x dock age1_0.mtrl",".mtrl","","",""
"lp building x dock age1_0.xml",".xml","Building X Roof Age1","0","0"
"lp building x dock age1_1.mtrl",".mtrl","","",""
"lp building x dock age1_1.xml",".xml","Building X Guild Age2","0","0"
"lp building x dock age1_2.mtrl",".mtrl","","",""
"lp building x dock age1_2.xml",".xml","Building X Dock","0","0"
"lp building x dock age1_3.mtrl",".mtrl","","",""
"lp building x dock age1_3.xml",".xml","Building X Roof Age1","4","0"
"lp building x dock age1_death_0.mtrl",".mtrl","","",""
"lp building x dock age1_death_0.xml",".xml","Building X Roof Age1","0","0"
"lp building x dock age1_death_1.mtrl",".mtrl","","",""
"lp building x dock age1_death_1.xml",".xml","Building X Guild Age2","0","0"
"lp building x dock age1_death_2.mtrl",".mtrl","","",""
"lp building x dock age1_death_2.xml",".xml","Building X Dock","0","0"
"lp building x dock age1_death_3.mtrl",".mtrl","","",""
"lp building x dock age1_death_3.xml",".xml","Building X Roof Age1","4","0"
"lp building x dock age2_0.mtrl",".mtrl","","",""
"lp building x dock age2_0.xml",".xml","Building X Roof Age2","0","0"
"lp building x dock age2_1.mtrl",".mtrl","","",""
"lp building x dock age2_1.xml",".xml","Building X Wall Age2","0","0"
"lp building x dock age2_2.mtrl",".mtrl","","",""
"lp building x dock age2_2.xml",".xml","Building X Dock","0","0"
"lp building x dock age2_3.mtrl",".mtrl","","",""
"lp building x dock age2_3.xml",".xml","Building X Wall Age2","4","0"
"lp building x dock age2_death_0.mtrl",".mtrl","","",""
"lp building x dock age2_death_0.xml",".xml","Building X Roof Age2","0","0"
"lp building x dock age2_death_1.mtrl",".mtrl","","",""
"lp building x dock age2_death_1.xml",".xml","Building X Wall Age2","0","0"
"lp building x dock age2_death_2.mtrl",".mtrl","","",""
"lp building x dock age2_death_2.xml",".xml","Building X Dock","0","0"
"lp building x dock age2_death_3.mtrl",".mtrl","","",""
"lp building x dock age2_death_3.xml",".xml","Building X Wall Age2","4","0"
"lp building x dock age3_0.mtrl",".mtrl","","",""
"lp building x dock age3_0.xml",".xml","Building X Roof Age3","0","0"
"lp building x dock age3_1.mtrl",".mtrl","","",""
"lp building x dock age3_1.xml",".xml","Building X Wall Age3","4","0"
"lp building x dock age3_2.mtrl",".mtrl","","",""
"lp building x dock age3_2.xml",".xml","Building X Dock","0","0"
"lp building x dock age3_death_0.mtrl",".mtrl","","",""
"lp building x dock age3_death_0.xml",".xml","Building X Roof Age3","0","0"
"lp building x dock age3_death_1.mtrl",".mtrl","","",""
"lp building x dock age3_death_1.xml",".xml","Building X Wall Age3","4","0"
"lp building x dock age3_death_2.mtrl",".mtrl","","",""
"lp building x dock age3_death_2.xml",".xml","Building X Dock","0","0"
"lp building x guard tower_0.mtrl",".mtrl","","",""
"lp building x guard tower_0.xml",".xml","building x tower watch2","4","0"
"lp building x guard tower_1.mtrl",".mtrl","","",""
"lp building x guard tower_1.xml",".xml","building x tower watch2","0","0"
"lp building x guard tower_death_0.mtrl",".mtrl","","",""
"lp building x guard tower_death_0.xml",".xml","building x tower watch2","4","0"
"lp building x guard tower_death_1.mtrl",".mtrl","","",""
"lp building x guard tower_death_1.xml",".xml","building x tower watch2","0","0"
"lp building x guild age0_0.mtrl",".mtrl","","",""
"lp building x guild age0_0.xml",".xml","Building X Roof Age0","4","0"
"lp building x guild age0_1.mtrl",".mtrl","","",""
"lp building x guild age0_1.xml",".xml","Building X Roof Age0","0","0"
"lp building x guild age0_2.mtrl",".mtrl","","",""
"lp building x guild age0_2.xml",".xml","Building X Roof Age2","0","0"
"lp building x guild age0_3.mtrl",".mtrl","","",""
"lp building x guild age0_3.xml",".xml","Building X Shared Age0","0","0"
"lp building x guild age0_4.mtrl",".mtrl","","",""
"lp building x guild age0_4.xml",".xml","Building X Guild Age2","0","0"
"lp building x guild age0_death_0.mtrl",".mtrl","","",""
"lp building x guild age0_death_0.xml",".xml","Building X Roof Age0","4","0"
"lp building x guild age0_death_1.mtrl",".mtrl","","",""
"lp building x guild age0_death_1.xml",".xml","Building X Roof Age0","0","0"
"lp building x guild age0_death_2.mtrl",".mtrl","","",""
"lp building x guild age0_death_2.xml",".xml","Building X Roof Age2","0","0"
"lp building x guild age0_death_3.mtrl",".mtrl","","",""
"lp building x guild age0_death_3.xml",".xml","Building X Shared Age0","0","0"
"lp building x guild age0_death_4.mtrl",".mtrl","","",""
"lp building x guild age0_death_4.xml",".xml","Building X Guild Age2","0","0"
"lp building x guild age1_0.mtrl",".mtrl","","",""
"lp building x guild age1_0.xml",".xml","Building X Roof Age1","4","0"
"lp building x guild age1_1.mtrl",".mtrl","","",""
"lp building x guild age1_1.xml",".xml","Building X Roof Age2","0","0"
"lp building x guild age1_2.mtrl",".mtrl","","",""
"lp building x guild age1_2.xml",".xml","Building X Guild Age2","0","0"
"lp building x guild age1_3.mtrl",".mtrl","","",""
"lp building x guild age1_3.xml",".xml","Building X Roof Age1","0","0"
"lp building x guild age1_death_0.mtrl",".mtrl","","",""
"lp building x guild age1_death_0.xml",".xml","Building X Roof Age1","4","0"
"lp building x guild age1_death_1.mtrl",".mtrl","","",""
"lp building x guild age1_death_1.xml",".xml","Building X Roof Age2","0","0"
"lp building x guild age1_death_2.mtrl",".mtrl","","",""
"lp building x guild age1_death_2.xml",".xml","Building X Guild Age2","0","0"
"lp building x guild age1_death_3.mtrl",".mtrl","","",""
"lp building x guild age1_death_3.xml",".xml","Building X Roof Age1","0","0"
"lp building x guild age2_0.mtrl",".mtrl","","",""
"lp building x guild age2_0.xml",".xml","Building X Roof Age2","0","0"
"lp building x guild age2_1.mtrl",".mtrl","","",""
"lp building x guild age2_1.xml",".xml","Building X Wall Age2","0","0"
"lp building x guild age2_2.mtrl",".mtrl","","",""
"lp building x guild age2_2.xml",".xml","Building X Wall Age2","4","0"
"lp building x guild age2_3.mtrl",".mtrl","","",""
"lp building x guild age2_3.xml",".xml","Building X Temple age2","0","0"
"lp building x guild age2_4.mtrl",".mtrl","","",""
"lp building x guild age2_4.xml",".xml","Building X Guild Age2","0","0"
"lp building x guild age2_death_0.mtrl",".mtrl","","",""
"lp building x guild age2_death_0.xml",".xml","Building X Roof Age2","0","0"
"lp building x guild age2_death_1.mtrl",".mtrl","","",""
"lp building x guild age2_death_1.xml",".xml","Building X Wall Age2","0","0"
"lp building x guild age2_death_2.mtrl",".mtrl","","",""
"lp building x guild age2_death_2.xml",".xml","Building X Wall Age2","4","0"
"lp building x guild age2_death_3.mtrl",".mtrl","","",""
"lp building x guild age2_death_3.xml",".xml","Building X Temple age2","0","0"
"lp building x guild age2_death_4.mtrl",".mtrl","","",""
"lp building x guild age2_death_4.xml",".xml","Building X Guild Age2","0","0"
"lp building x guild age3_0.mtrl",".mtrl","","",""
"lp building x guild age3_0.xml",".xml","Building X Roof Age3","0","0"
"lp building x guild age3_1.mtrl",".mtrl","","",""
"lp building x guild age3_1.xml",".xml","Building X Wall Age3","4","0"
"lp building x guild age3_2.mtrl",".mtrl","","",""
"lp building x guild age3_2.xml",".xml","Building X Shared Age3","0","0"
"lp building x guild age3_3.mtrl",".mtrl","","",""
"lp building x guild age3_3.xml",".xml","Building X Guild Age2","0","0"
"lp building x guild age3_death_0.mtrl",".mtrl","","",""
"lp building x guild age3_death_0.xml",".xml","Building X Roof Age3","0","0"
"lp building x guild age3_death_1.mtrl",".mtrl","","",""
"lp building x guild age3_death_1.xml",".xml","Building X Wall Age3","4","0"
"lp building x guild age3_death_2.mtrl",".mtrl","","",""
"lp building x guild age3_death_2.xml",".xml","Building X Shared Age3","0","0"
"lp building x guild age3_death_3.mtrl",".mtrl","","",""
"lp building x guild age3_death_3.xml",".xml","Building X Guild Age2","0","0"
"lp building x manor a age0_0.mtrl",".mtrl","","",""
"lp building x manor a age0_0.xml",".xml","Building X Roof Age0","4","0"
"lp building x manor a age0_1.mtrl",".mtrl","","",""
"lp building x manor a age0_1.xml",".xml","Building X Roof Age0","0","0"
"lp building x manor a age0_death_0.mtrl",".mtrl","","",""
"lp building x manor a age0_death_0.xml",".xml","Building X Roof Age0","4","0"
"lp building x manor a age0_death_1.mtrl",".mtrl","","",""
"lp building x manor a age0_death_1.xml",".xml","Building X Roof Age0","0","0"
"lp building x manor a age1_0.mtrl",".mtrl","","",""
"lp building x manor a age1_0.xml",".xml","Building X Roof Age1","0","0"
"lp building x manor a age1_1.mtrl",".mtrl","","",""
"lp building x manor a age1_1.xml",".xml","Building X Roof Age1","4","0"
"lp building x manor a age1_2.mtrl",".mtrl","","",""
"lp building x manor a age1_2.xml",".xml","Building X Guild Age2","0","0"
"lp building x manor a age1_death_0.mtrl",".mtrl","","",""
"lp building x manor a age1_death_0.xml",".xml","Building X Roof Age1","0","0"
"lp building x manor a age1_death_1.mtrl",".mtrl","","",""
"lp building x manor a age1_death_1.xml",".xml","Building X Roof Age1","4","0"
"lp building x manor a age1_death_2.mtrl",".mtrl","","",""
"lp building x manor a age1_death_2.xml",".xml","Building X Guild Age2","0","0"
"lp building x manor a age2_0.mtrl",".mtrl","","",""
"lp building x manor a age2_0.xml",".xml","Building X Wall Age2","0","0"
"lp building x manor a age2_1.mtrl",".mtrl","","",""
"lp building x manor a age2_1.xml",".xml","Building X Roof Age2","0","0"
"lp building x manor a age2_2.mtrl",".mtrl","","",""
"lp building x manor a age2_2.xml",".xml","Building X Wall Age2","4","0"
"lp building x manor a age2_death_0.mtrl",".mtrl","","",""
"lp building x manor a age2_death_0.xml",".xml","Building X Wall Age2","0","0"
"lp building x manor a age2_death_1.mtrl",".mtrl","","",""
"lp building x manor a age2_death_1.xml",".xml","Building X Roof Age2","0","0"
"lp building x manor a age2_death_2.mtrl",".mtrl","","",""
"lp building x manor a age2_death_2.xml",".xml","Building X Wall Age2","4","0"
"lp building x manor a age3_0.mtrl",".mtrl","","",""
"lp building x manor a age3_0.xml",".xml","Building X Wall Age3","4","0"
"lp building x manor a age3_1.mtrl",".mtrl","","",""
"lp building x manor a age3_1.xml",".xml","Building X Roof Age3","0","0"
"lp building x manor a age3_death_0.mtrl",".mtrl","","",""
"lp building x manor a age3_death_0.xml",".xml","Building X Wall Age3","4","0"
"lp building x manor a age3_death_1.mtrl",".mtrl","","",""
"lp building x manor a age3_death_1.xml",".xml","Building X Roof Age3","0","0"
"lp building x manor b age0_0.mtrl",".mtrl","","",""
"lp building x manor b age0_0.xml",".xml","Building X Roof Age0","0","0"
"lp building x manor b age0_1.mtrl",".mtrl","","",""
"lp building x manor b age0_1.xml",".xml","Building X Roof Age0","4","0"
"lp building x manor b age0_2.mtrl",".mtrl","","",""
"lp building x manor b age0_2.xml",".xml","Building X Shared Age0","0","0"
"lp building x manor b age0_death_0.mtrl",".mtrl","","",""
"lp building x manor b age0_death_0.xml",".xml","Building X Roof Age0","0","0"
"lp building x manor b age0_death_1.mtrl",".mtrl","","",""
"lp building x manor b age0_death_1.xml",".xml","Building X Roof Age0","4","0"
"lp building x manor b age0_death_2.mtrl",".mtrl","","",""
"lp building x manor b age0_death_2.xml",".xml","Building X Shared Age0","0","0"
"lp building x manor b age1_0.mtrl",".mtrl","","",""
"lp building x manor b age1_0.xml",".xml","Building X Roof Age1","0","0"
"lp building x manor b age1_1.mtrl",".mtrl","","",""
"lp building x manor b age1_1.xml",".xml","Building X Roof Age1","4","0"
"lp building x manor b age1_2.mtrl",".mtrl","","",""
"lp building x manor b age1_2.xml",".xml","Building X Guild Age2","0","0"
"lp building x manor b age1_death_0.mtrl",".mtrl","","",""
"lp building x manor b age1_death_0.xml",".xml","Building X Roof Age1","0","0"
"lp building x manor b age1_death_1.mtrl",".mtrl","","",""
"lp building x manor b age1_death_1.xml",".xml","Building X Roof Age1","4","0"
"lp building x manor b age1_death_2.mtrl",".mtrl","","",""
"lp building x manor b age1_death_2.xml",".xml","Building X Guild Age2","0","0"
"lp building x manor b age2_0.mtrl",".mtrl","","",""
"lp building x manor b age2_0.xml",".xml","Building X Wall Age2","0","0"
"lp building x manor b age2_1.mtrl",".mtrl","","",""
"lp building x manor b age2_1.xml",".xml","Building X Wall Age2","4","0"
"lp building x manor b age2_2.mtrl",".mtrl","","",""
"lp building x manor b age2_2.xml",".xml","Building X Roof Age2","0","0"
"lp building x manor b age2_3.mtrl",".mtrl","","",""
"lp building x manor b age2_3.xml",".xml","Building X Dock","0","0"
"lp building x manor b age2_death_0.mtrl",".mtrl","","",""
"lp building x manor b age2_death_0.xml",".xml","Building X Wall Age2","0","0"
"lp building x manor b age2_death_1.mtrl",".mtrl","","",""
"lp building x manor b age2_death_1.xml",".xml","Building X Wall Age2","4","0"
"lp building x manor b age2_death_2.mtrl",".mtrl","","",""
"lp building x manor b age2_death_2.xml",".xml","Building X Roof Age2","0","0"
"lp building x manor b age2_death_3.mtrl",".mtrl","","",""
"lp building x manor b age2_death_3.xml",".xml","Building X Dock","0","0"
"lp building x manor b age3_0.mtrl",".mtrl","","",""
"lp building x manor b age3_0.xml",".xml","Building X Wall Age3","4","0"
"lp building x manor b age3_1.mtrl",".mtrl","","",""
"lp building x manor b age3_1.xml",".xml","Building X Roof Age3","0","0"
"lp building x manor b age3_2.mtrl",".mtrl","","",""
"lp building x manor b age3_2.xml",".xml","Building X Temple age3","0","0"
"lp building x manor b age3_3.mtrl",".mtrl","","",""
"lp building x manor b age3_3.xml",".xml","Building X Shared Age3","0","0"
"lp building x manor b age3_death_0.mtrl",".mtrl","","",""
"lp building x manor b age3_death_0.xml",".xml","Building X Wall Age3","4","0"
"lp building x manor b age3_death_1.mtrl",".mtrl","","",""
"lp building x manor b age3_death_1.xml",".xml","Building X Roof Age3","0","0"
"lp building x manor b age3_death_2.mtrl",".mtrl","","",""
"lp building x manor b age3_death_2.xml",".xml","Building X Temple age3","0","0"
"lp building x manor b age3_death_3.mtrl",".mtrl","","",""
"lp building x manor b age3_death_3.xml",".xml","Building X Shared Age3","0","0"
"lp building x manor c age0_0.mtrl",".mtrl","","",""
"lp building x manor c age0_0.xml",".xml","Building X Roof Age0","0","0"
"lp building x manor c age0_1.mtrl",".mtrl","","",""
"lp building x manor c age0_1.xml",".xml","Building X Roof Age0","4","0"
"lp building x manor c age0_2.mtrl",".mtrl","","",""
"lp building x manor c age0_2.xml",".xml","Building X Shared Age0","0","0"
"lp building x manor c age0_death_0.mtrl",".mtrl","","",""
"lp building x manor c age0_death_0.xml",".xml","Building X Roof Age0","0","0"
"lp building x manor c age0_death_1.mtrl",".mtrl","","",""
"lp building x manor c age0_death_1.xml",".xml","Building X Roof Age0","4","0"
"lp building x manor c age0_death_2.mtrl",".mtrl","","",""
"lp building x manor c age0_death_2.xml",".xml","Building X Shared Age0","0","0"
"lp building x manor c age1_0.mtrl",".mtrl","","",""
"lp building x manor c age1_0.xml",".xml","Building X Roof Age1","4","0"
"lp building x manor c age1_1.mtrl",".mtrl","","",""
"lp building x manor c age1_1.xml",".xml","Building X Roof Age1","0","0"
"lp building x manor c age1_2.mtrl",".mtrl","","",""
"lp building x manor c age1_2.xml",".xml","Building X Guild Age2","0","0"
"lp building x manor c age1_death_0.mtrl",".mtrl","","",""
"lp building x manor c age1_death_0.xml",".xml","Building X Roof Age1","4","0"
"lp building x manor c age1_death_1.mtrl",".mtrl","","",""
"lp building x manor c age1_death_1.xml",".xml","Building X Roof Age1","0","0"
"lp building x manor c age1_death_2.mtrl",".mtrl","","",""
"lp building x manor c age1_death_2.xml",".xml","Building X Guild Age2","0","0"
"lp building x manor c age2_0.mtrl",".mtrl","","",""
"lp building x manor c age2_0.xml",".xml","Building X Wall Age2","0","0"
"lp building x manor c age2_1.mtrl",".mtrl","","",""
"lp building x manor c age2_1.xml",".xml","Building X Wall Age2","4","0"
"lp building x manor c age2_2.mtrl",".mtrl","","",""
"lp building x manor c age2_2.xml",".xml","Building X Roof Age2","0","0"
"lp building x manor c age2_3.mtrl",".mtrl","","",""
"lp building x manor c age2_3.xml",".xml","Building X Dock","0","0"
"lp building x manor c age2_death_0.mtrl",".mtrl","","",""
"lp building x manor c age2_death_0.xml",".xml","Building X Wall Age2","0","0"
"lp building x manor c age2_death_1.mtrl",".mtrl","","",""
"lp building x manor c age2_death_1.xml",".xml","Building X Wall Age2","4","0"
"lp building x manor c age2_death_2.mtrl",".mtrl","","",""
"lp building x manor c age2_death_2.xml",".xml","Building X Roof Age2","0","0"
"lp building x manor c age2_death_3.mtrl",".mtrl","","",""
"lp building x manor c age2_death_3.xml",".xml","Building X Dock","0","0"
"lp building x manor c age3_0.mtrl",".mtrl","","",""
"lp building x manor c age3_0.xml",".xml","Building X Wall Age3","4","0"
"lp building x manor c age3_1.mtrl",".mtrl","","",""
"lp building x manor c age3_1.xml",".xml","Building X Shared Age3","0","0"
"lp building x manor c age3_2.mtrl",".mtrl","","",""
"lp building x manor c age3_2.xml",".xml","Building X Roof Age3","0","0"
"lp building x manor c age3_3.mtrl",".mtrl","","",""
"lp building x manor c age3_3.xml",".xml","Building X Temple age3","0","0"
"lp building x manor c age3_death_0.mtrl",".mtrl","","",""
"lp building x manor c age3_death_0.xml",".xml","Building X Wall Age3","4","0"
"lp building x manor c age3_death_1.mtrl",".mtrl","","",""
"lp building x manor c age3_death_1.xml",".xml","Building X Shared Age3","0","0"
"lp building x manor c age3_death_2.mtrl",".mtrl","","",""
"lp building x manor c age3_death_2.xml",".xml","Building X Roof Age3","0","0"
"lp building x manor c age3_death_3.mtrl",".mtrl","","",""
"lp building x manor c age3_death_3.xml",".xml","Building X Temple age3","0","0"
"lp building x market age2_0.mtrl",".mtrl","","",""
"lp building x market age2_0.xml",".xml","Building X Wall Age2","0","0"
"lp building x market age2_1.mtrl",".mtrl","","",""
"lp building x market age2_1.xml",".xml","Building G RoofAge3","0","0"
"lp building x market age2_2.mtrl",".mtrl","","",""
"lp building x market age2_2.xml",".xml","Building X Roof Age2","0","0"
"lp building x market age2_3.mtrl",".mtrl","","",""
"lp building x market age2_3.xml",".xml","Building X Wall Age2","4","0"
"lp building x market age2_4.mtrl",".mtrl","","",""
"lp building x market age2_4.xml",".xml","Building X Dock","0","0"
"lp building x market age2_5.mtrl",".mtrl","","",""
"lp building x market age2_5.xml",".xml","Building X Temple age2","0","0"
"lp building x market age2_6.mtrl",".mtrl","","",""
"lp building x market age2_6.xml",".xml","Building X Dock","0","0"
"lp building x market age2_7.mtrl",".mtrl","","",""
"lp building x market age2_7.xml",".xml","Building X Guild Age2","0","0"
"lp building x market age2_death_0.mtrl",".mtrl","","",""
"lp building x market age2_death_0.xml",".xml","Building X Wall Age2","0","0"
"lp building x market age2_death_1.mtrl",".mtrl","","",""
"lp building x market age2_death_1.xml",".xml","Building G RoofAge3","0","0"
"lp building x market age2_death_2.mtrl",".mtrl","","",""
"lp building x market age2_death_2.xml",".xml","Building X Roof Age2","0","0"
"lp building x market age2_death_3.mtrl",".mtrl","","",""
"lp building x market age2_death_3.xml",".xml","Building X Wall Age2","4","0"
"lp building x market age2_death_4.mtrl",".mtrl","","",""
"lp building x market age2_death_4.xml",".xml","Building X Dock","0","0"
"lp building x market age2_death_5.mtrl",".mtrl","","",""
"lp building x market age2_death_5.xml",".xml","Building X Temple age2","0","0"
"lp building x market age2_death_6.mtrl",".mtrl","","",""
"lp building x market age2_death_6.xml",".xml","Building X Dock","0","0"
"lp building x market age2_death_7.mtrl",".mtrl","","",""
"lp building x market age2_death_7.xml",".xml","Building X Guild Age2","0","0"
"lp building x market age3_0.mtrl",".mtrl","","",""
"lp building x market age3_0.xml",".xml","Building X Wall Age3","4","0"
"lp building x market age3_1.mtrl",".mtrl","","",""
"lp building x market age3_1.xml",".xml","Building G RoofAge3","0","0"
"lp building x market age3_2.mtrl",".mtrl","","",""
"lp building x market age3_2.xml",".xml","Building X Roof Age3","0","0"
"lp building x market age3_3.mtrl",".mtrl","","",""
"lp building x market age3_3.xml",".xml","Building X Guild Age2","0","0"
"lp building x market age3_death_0.mtrl",".mtrl","","",""
"lp building x market age3_death_0.xml",".xml","Building X Wall Age3","4","0"
"lp building x market age3_death_1.mtrl",".mtrl","","",""
"lp building x market age3_death_1.xml",".xml","Building G RoofAge3","0","0"
"lp building x market age3_death_2.mtrl",".mtrl","","",""
"lp building x market age3_death_2.xml",".xml","Building X Roof Age3","0","0"
"lp building x market age3_death_3.mtrl",".mtrl","","",""
"lp building x market age3_death_3.xml",".xml","Building X Guild Age2","0","0"
"lp building x mirror tower base_0.mtrl",".mtrl","","",""
"lp building x mirror tower base_0.xml",".xml","Building X Mirror Tower","0","0"
"lp building x mirror tower base_1.mtrl",".mtrl","","",""
"lp building x mirror tower base_1.xml",".xml","Building X Mirror Tower","4","0"
"lp building x mirror tower base_death_0.mtrl",".mtrl","","",""
"lp building x mirror tower base_death_0.xml",".xml","Building X Mirror Tower","0","0"
"lp building x mirror tower base_death_1.mtrl",".mtrl","","",""
"lp building x mirror tower base_death_1.xml",".xml","Building X Mirror Tower","4","0"
"lp building x palace age2_0.mtrl",".mtrl","","",""
"lp building x palace age2_0.xml",".xml","Building X Palace Roof","0","0"
"lp building x palace age2_1.mtrl",".mtrl","","",""
"lp building x palace age2_1.xml",".xml","Building X Wall Age2","4","0"
"lp building x palace age2_2.mtrl",".mtrl","","",""
"lp building x palace age2_2.xml",".xml","Building X Palace Age2","4","0"
"lp building x palace age2_3.mtrl",".mtrl","","",""
"lp building x palace age2_3.xml",".xml","Building X Wall Age2","0","0"
"lp building x palace age2_4.mtrl",".mtrl","","",""
"lp building x palace age2_4.xml",".xml","Building X Roof Age2","0","0"
"lp building x palace age2_5.mtrl",".mtrl","","",""
"lp building x palace age2_5.xml",".xml","Building X Temple age2","0","0"
"lp building x palace age2_death_0.mtrl",".mtrl","","",""
"lp building x palace age2_death_0.xml",".xml","Building X Palace Roof","0","0"
"lp building x palace age2_death_1.mtrl",".mtrl","","",""
"lp building x palace age2_death_1.xml",".xml","Building X Wall Age2","4","0"
"lp building x palace age2_death_2.mtrl",".mtrl","","",""
"lp building x palace age2_death_2.xml",".xml","Building X Palace Age2","4","0"
"lp building x palace age2_death_3.mtrl",".mtrl","","",""
"lp building x palace age2_death_3.xml",".xml","Building X Wall Age2","0","0"
"lp building x palace age2_death_4.mtrl",".mtrl","","",""
"lp building x palace age2_death_4.xml",".xml","Building X Roof Age2","0","0"
"lp building x palace age2_death_5.mtrl",".mtrl","","",""
"lp building x palace age2_death_5.xml",".xml","Building X Temple age2","0","0"
"lp building x palace age3_0.mtrl",".mtrl","","",""
"lp building x palace age3_0.xml",".xml","Building X Palace Roof Age3","0","0"
"lp building x palace age3_1.mtrl",".mtrl","","",""
"lp building x palace age3_1.xml",".xml","Building X Wall Age3","4","0"
"lp building x palace age3_2.mtrl",".mtrl","","",""
"lp building x palace age3_2.xml",".xml","Building X Palace Age3","4","0"
"lp building x palace age3_3.mtrl",".mtrl","","",""
"lp building x palace age3_3.xml",".xml","Building X Temple age3","0","0"
"lp building x palace age3_death_0.mtrl",".mtrl","","",""
"lp building x palace age3_death_0.xml",".xml","Building X Palace Roof Age3","0","0"
"lp building x palace age3_death_1.mtrl",".mtrl","","",""
"lp building x palace age3_death_1.xml",".xml","Building X Wall Age3","4","0"
"lp building x palace age3_death_2.mtrl",".mtrl","","",""
"lp building x palace age3_death_2.xml",".xml","Building X Palace Age3","4","0"
"lp building x palace age3_death_3.mtrl",".mtrl","","",""
"lp building x palace age3_death_3.xml",".xml","Building X Temple age3","0","0"
"lp building x settlement age0_0.mtrl",".mtrl","","",""
"lp building x settlement age0_0.xml",".xml","Building X Roof Age0","0","0"
"lp building x settlement age0_1.mtrl",".mtrl","","",""
"lp building x settlement age0_1.xml",".xml","Building G SettlementFence","0","0"
"lp building x settlement age0_2.mtrl",".mtrl","","",""
"lp building x settlement age0_2.xml",".xml","Building X Roof Age0","4","0"
"lp building x settlement age0_death_0.mtrl",".mtrl","","",""
"lp building x settlement age0_death_0.xml",".xml","Building X Roof Age0","0","0"
"lp building x settlement age0_death_1.mtrl",".mtrl","","",""
"lp building x settlement age0_death_1.xml",".xml","Building G SettlementFence","0","0"
"lp building x settlement age0_death_2.mtrl",".mtrl","","",""
"lp building x settlement age0_death_2.xml",".xml","Building X Roof Age0","4","0"
"lp building x settlement age1_0.mtrl",".mtrl","","",""
"lp building x settlement age1_0.xml",".xml","Building X Roof Age0","0","0"
"lp building x settlement age1_1.mtrl",".mtrl","","",""
"lp building x settlement age1_1.xml",".xml","Building G SettlementFence","0","0"
"lp building x settlement age1_2.mtrl",".mtrl","","",""
"lp building x settlement age1_2.xml",".xml","Building X Roof Age1","0","0"
"lp building x settlement age1_3.mtrl",".mtrl","","",""
"lp building x settlement age1_3.xml",".xml","Building X Roof Age1","4","0"
"lp building x settlement age1_death_0.mtrl",".mtrl","","",""
"lp building x settlement age1_death_0.xml",".xml","Building X Roof Age0","0","0"
"lp building x settlement age1_death_1.mtrl",".mtrl","","",""
"lp building x settlement age1_death_1.xml",".xml","Building G SettlementFence","0","0"
"lp building x settlement age1_death_2.mtrl",".mtrl","","",""
"lp building x settlement age1_death_2.xml",".xml","Building X Roof Age1","0","0"
"lp building x settlement age1_death_3.mtrl",".mtrl","","",""
"lp building x settlement age1_death_3.xml",".xml","Building X Roof Age1","4","0"
"lp building x settlement age2 fortified_0.mtrl",".mtrl","","",""
"lp building x settlement age2 fortified_0.xml",".xml","Building X Wall Age2","0","0"
"lp building x settlement age2 fortified_1.mtrl",".mtrl","","",""
"lp building x settlement age2 fortified_1.xml",".xml","Building X Wall Age2","4","0"
"lp building x settlement age2 fortified_2.mtrl",".mtrl","","",""
"lp building x settlement age2 fortified_2.xml",".xml","Building X Roof Age2","0","0"
"lp building x settlement age2 fortified_death_0.mtrl",".mtrl","","",""
"lp building x settlement age2 fortified_death_0.xml",".xml","Building X Wall Age2","0","0"
"lp building x settlement age2 fortified_death_1.mtrl",".mtrl","","",""
"lp building x settlement age2 fortified_death_1.xml",".xml","Building X Wall Age2","4","0"
"lp building x settlement age2 fortified_death_2.mtrl",".mtrl","","",""
"lp building x settlement age2 fortified_death_2.xml",".xml","Building X Roof Age2","0","0"
"lp building x settlement age2_0.mtrl",".mtrl","","",""
"lp building x settlement age2_0.xml",".xml","Building X Roof Age0","0","0"
"lp building x settlement age2_1.mtrl",".mtrl","","",""
"lp building x settlement age2_1.xml",".xml","Building G SettlementFence","0","0"
"lp building x settlement age2_2.mtrl",".mtrl","","",""
"lp building x settlement age2_2.xml",".xml","Building X Roof Age2","0","0"
"lp building x settlement age2_3.mtrl",".mtrl","","",""
"lp building x settlement age2_3.xml",".xml","Building X Wall Age2","0","0"
"lp building x settlement age2_4.mtrl",".mtrl","","",""
"lp building x settlement age2_4.xml",".xml","Building X Wall Age2","4","0"
"lp building x settlement age2_death_0.mtrl",".mtrl","","",""
"lp building x settlement age2_death_0.xml",".xml","Building X Roof Age0","0","0"
"lp building x settlement age2_death_1.mtrl",".mtrl","","",""
"lp building x settlement age2_death_1.xml",".xml","Building G SettlementFence","0","0"
"lp building x settlement age2_death_2.mtrl",".mtrl","","",""
"lp building x settlement age2_death_2.xml",".xml","Building X Roof Age2","0","0"
"lp building x settlement age2_death_3.mtrl",".mtrl","","",""
"lp building x settlement age2_death_3.xml",".xml","Building X Wall Age2","0","0"
"lp building x settlement age2_death_4.mtrl",".mtrl","","",""
"lp building x settlement age2_death_4.xml",".xml","Building X Wall Age2","4","0"
"lp building x settlement age3 fortified_0.mtrl",".mtrl","","",""
"lp building x settlement age3 fortified_0.xml",".xml","Building X Wall Age3","4","0"
"lp building x settlement age3 fortified_1.mtrl",".mtrl","","",""
"lp building x settlement age3 fortified_1.xml",".xml","Building X Roof Age3","0","0"
"lp building x settlement age3 fortified_death_0.mtrl",".mtrl","","",""
"lp building x settlement age3 fortified_death_0.xml",".xml","Building X Wall Age3","4","0"
"lp building x settlement age3 fortified_death_1.mtrl",".mtrl","","",""
"lp building x settlement age3 fortified_death_1.xml",".xml","Building X Roof Age3","0","0"
"lp building x settlement age3_0.mtrl",".mtrl","","",""
"lp building x settlement age3_0.xml",".xml","Building X Roof Age0","0","0"
"lp building x settlement age3_1.mtrl",".mtrl","","",""
"lp building x settlement age3_1.xml",".xml","Building X Wall Age3","4","0"
"lp building x settlement age3_2.mtrl",".mtrl","","",""
"lp building x settlement age3_2.xml",".xml","Building X Roof Age3","0","0"
"lp building x settlement age3_3.mtrl",".mtrl","","",""
"lp building x settlement age3_3.xml",".xml","Building G SettlementFence","0","0"
"lp building x settlement age3_death_0.mtrl",".mtrl","","",""
"lp building x settlement age3_death_0.xml",".xml","Building X Roof Age0","0","0"
"lp building x settlement age3_death_1.mtrl",".mtrl","","",""
"lp building x settlement age3_death_1.xml",".xml","Building X Wall Age3","4","0"
"lp building x settlement age3_death_2.mtrl",".mtrl","","",""
"lp building x settlement age3_death_2.xml",".xml","Building X Roof Age3","0","0"
"lp building x settlement age3_death_3.mtrl",".mtrl","","",""
"lp building x settlement age3_death_3.xml",".xml","Building G SettlementFence","0","0"
"lp building x sky passage_0.mtrl",".mtrl","","",""
"lp building x sky passage_0.xml",".xml","Building X Sky Temple","0","0"
"lp building x sky passage_1.mtrl",".mtrl","","",""
"lp building x sky passage_1.xml",".xml","Building X Sky Temple Roof","0","0"
"lp building x sky passage_2.mtrl",".mtrl","","",""
"lp building x sky passage_2.xml",".xml","Building X Sky Temple","4","0"
"lp building x sky passage_death_0.mtrl",".mtrl","","",""
"lp building x sky passage_death_0.xml",".xml","Building X Sky Temple","0","0"
"lp building x sky passage_death_1.mtrl",".mtrl","","",""
"lp building x sky passage_death_1.xml",".xml","Building X Sky Temple Roof","0","0"
"lp building x sky passage_death_2.mtrl",".mtrl","","",""
"lp building x sky passage_death_2.xml",".xml","Building X Sky Temple","4","0"
"lp building x specialist age1_0.mtrl",".mtrl","","",""
"lp building x specialist age1_0.xml",".xml","Building X Roof Age1","4","0"
"lp building x specialist age1_1.mtrl",".mtrl","","",""
"lp building x specialist age1_1.xml",".xml","Building X Roof Age1","0","0"
"lp building x specialist age1_2.mtrl",".mtrl","","",""
"lp building x specialist age1_2.xml",".xml","Building X Roof Age2","0","0"
"lp building x specialist age1_3.mtrl",".mtrl","","",""
"lp building x specialist age1_3.xml",".xml","Building X Guild Age2","0","0"
"lp building x specialist age1_4.mtrl",".mtrl","","",""
"lp building x specialist age1_4.xml",".xml","Building X Dock","0","0"
"lp building x specialist age1_death_0.mtrl",".mtrl","","",""
"lp building x specialist age1_death_0.xml",".xml","Building X Roof Age1","4","0"
"lp building x specialist age1_death_1.mtrl",".mtrl","","",""
"lp building x specialist age1_death_1.xml",".xml","Building X Roof Age1","0","0"
"lp building x specialist age1_death_2.mtrl",".mtrl","","",""
"lp building x specialist age1_death_2.xml",".xml","Building X Roof Age2","0","0"
"lp building x specialist age1_death_3.mtrl",".mtrl","","",""
"lp building x specialist age1_death_3.xml",".xml","Building X Guild Age2","0","0"
"lp building x specialist age1_death_4.mtrl",".mtrl","","",""
"lp building x specialist age1_death_4.xml",".xml","Building X Dock","0","0"
"lp building x specialist age2_0.mtrl",".mtrl","","",""
"lp building x specialist age2_0.xml",".xml","Building X Dock","0","0"
"lp building x specialist age2_1.mtrl",".mtrl","","",""
"lp building x specialist age2_1.xml",".xml","Building X Roof Age2","0","0"
"lp building x specialist age2_2.mtrl",".mtrl","","",""
"lp building x specialist age2_2.xml",".xml","Building X Wall Age2","0","0"
"lp building x specialist age2_3.mtrl",".mtrl","","",""
"lp building x specialist age2_3.xml",".xml","Building X Wall Age2","4","0"
"lp building x specialist age2_4.mtrl",".mtrl","","",""
"lp building x specialist age2_4.xml",".xml","Building X Dock","0","0"
"lp building x specialist age2_death_0.mtrl",".mtrl","","",""
"lp building x specialist age2_death_0.xml",".xml","Building X Dock","0","0"
"lp building x specialist age2_death_1.mtrl",".mtrl","","",""
"lp building x specialist age2_death_1.xml",".xml","Building X Roof Age2","0","0"
"lp building x specialist age2_death_2.mtrl",".mtrl","","",""
"lp building x specialist age2_death_2.xml",".xml","Building X Wall Age2","0","0"
"lp building x specialist age2_death_3.mtrl",".mtrl","","",""
"lp building x specialist age2_death_3.xml",".xml","Building X Wall Age2","4","0"
"lp building x specialist age2_death_4.mtrl",".mtrl","","",""
"lp building x specialist age2_death_4.xml",".xml","Building X Dock","0","0"
"lp building x specialist age3_0.mtrl",".mtrl","","",""
"lp building x specialist age3_0.xml",".xml","Building X Dock","0","0"
"lp building x specialist age3_1.mtrl",".mtrl","","",""
"lp building x specialist age3_1.xml",".xml","Building X Wall Age3","4","0"
"lp building x specialist age3_2.mtrl",".mtrl","","",""
"lp building x specialist age3_2.xml",".xml","Building X Roof Age3","0","0"
"lp building x specialist age3_3.mtrl",".mtrl","","",""
"lp building x specialist age3_3.xml",".xml","Building X Roof Age2","0","0"
"lp building x specialist age3_death_0.mtrl",".mtrl","","",""
"lp building x specialist age3_death_0.xml",".xml","Building X Dock","0","0"
"lp building x specialist age3_death_1.mtrl",".mtrl","","",""
"lp building x specialist age3_death_1.xml",".xml","Building X Wall Age3","4","0"
"lp building x specialist age3_death_2.mtrl",".mtrl","","",""
"lp building x specialist age3_death_2.xml",".xml","Building X Roof Age3","0","0"
"lp building x specialist age3_death_3.mtrl",".mtrl","","",""
"lp building x specialist age3_death_3.xml",".xml","Building X Roof Age2","0","0"
"lp building x temple age0_0.mtrl",".mtrl","","",""
"lp building x temple age0_0.xml",".xml","Building X Temple age0","4","0"
"lp building x temple age0_1.mtrl",".mtrl","","",""
"lp building x temple age0_1.xml",".xml","Building X Shared Age0","0","0"
"lp building x temple age0_2.mtrl",".mtrl","","",""
"lp building x temple age0_2.xml",".xml","Building X Roof Age0","0","0"
"lp building x temple age0_3.mtrl",".mtrl","","",""
"lp building x temple age0_3.xml",".xml","Building X Roof Age0","4","0"
"lp building x temple age0_death_0.mtrl",".mtrl","","",""
"lp building x temple age0_death_0.xml",".xml","Building X Temple age0","4","0"
"lp building x temple age0_death_1.mtrl",".mtrl","","",""
"lp building x temple age0_death_1.xml",".xml","Building X Shared Age0","0","0"
"lp building x temple age0_death_2.mtrl",".mtrl","","",""
"lp building x temple age0_death_2.xml",".xml","Building X Roof Age0","0","0"
"lp building x temple age0_death_3.mtrl",".mtrl","","",""
"lp building x temple age0_death_3.xml",".xml","Building X Roof Age0","4","0"
"lp building x temple age1_0.mtrl",".mtrl","","",""
"lp building x temple age1_0.xml",".xml","Building X Roof Age1","0","0"
"lp building x temple age1_1.mtrl",".mtrl","","",""
"lp building x temple age1_1.xml",".xml","Building X Temple age1","0","0"
"lp building x temple age1_2.mtrl",".mtrl","","",""
"lp building x temple age1_2.xml",".xml","Building X Guild Age2","0","0"
"lp building x temple age1_3.mtrl",".mtrl","","",""
"lp building x temple age1_3.xml",".xml","Building X Roof Age1","4","0"
"lp building x temple age1_death_0.mtrl",".mtrl","","",""
"lp building x temple age1_death_0.xml",".xml","Building X Roof Age1","0","0"
"lp building x temple age1_death_1.mtrl",".mtrl","","",""
"lp building x temple age1_death_1.xml",".xml","Building X Temple age1","0","0"
"lp building x temple age1_death_2.mtrl",".mtrl","","",""
"lp building x temple age1_death_2.xml",".xml","Building X Guild Age2","0","0"
"lp building x temple age1_death_3.mtrl",".mtrl","","",""
"lp building x temple age1_death_3.xml",".xml","Building X Roof Age1","4","0"
"lp building x temple age2_0.mtrl",".mtrl","","",""
"lp building x temple age2_0.xml",".xml","Building X Temple age2","0","0"
"lp building x temple age2_1.mtrl",".mtrl","","",""
"lp building x temple age2_1.xml",".xml","Building X Wall Age2","0","0"
"lp building x temple age2_2.mtrl",".mtrl","","",""
"lp building x temple age2_2.xml",".xml","Building X Wall Age2","4","0"
"lp building x temple age2_3.mtrl",".mtrl","","",""
"lp building x temple age2_3.xml",".xml","Building X Roof Age2","0","0"
"lp building x temple age2_death_0.mtrl",".mtrl","","",""
"lp building x temple age2_death_0.xml",".xml","Building X Temple age2","0","0"
"lp building x temple age2_death_1.mtrl",".mtrl","","",""
"lp building x temple age2_death_1.xml",".xml","Building X Wall Age2","0","0"
"lp building x temple age2_death_2.mtrl",".mtrl","","",""
"lp building x temple age2_death_2.xml",".xml","Building X Wall Age2","4","0"
"lp building x temple age2_death_3.mtrl",".mtrl","","",""
"lp building x temple age2_death_3.xml",".xml","Building X Roof Age2","0","0"
"lp building x temple age3_0.mtrl",".mtrl","","",""
"lp building x temple age3_0.xml",".xml","Building X Temple age3","0","0"
"lp building x temple age3_1.mtrl",".mtrl","","",""
"lp building x temple age3_1.xml",".xml","Building X Shared Age3","0","0"
"lp building x temple age3_2.mtrl",".mtrl","","",""
"lp building x temple age3_2.xml",".xml","Building X Wall Age3","4","0"
"lp building x temple age3_3.mtrl",".mtrl","","",""
"lp building x temple age3_3.xml",".xml","Building X Roof Age3","0","0"
"lp building x temple age3_death_0.mtrl",".mtrl","","",""
"lp building x temple age3_death_0.xml",".xml","Building X Temple age3","0","0"
"lp building x temple age3_death_1.mtrl",".mtrl","","",""
"lp building x temple age3_death_1.xml",".xml","Building X Shared Age3","0","0"
"lp building x temple age3_death_2.mtrl",".mtrl","","",""
"lp building x temple age3_death_2.xml",".xml","Building X Wall Age3","4","0"
"lp building x temple age3_death_3.mtrl",".mtrl","","",""
"lp building x temple age3_death_3.xml",".xml","Building X Roof Age3","0","0"
"lp building x watch tower_0.mtrl",".mtrl","","",""
"lp building x watch tower_0.xml",".xml","building x tower watch2","4","0"
"lp building x watch tower_1.mtrl",".mtrl","","",""
"lp building x watch tower_1.xml",".xml","building x tower watch2","0","0"
"lp building x watch tower_death_0.mtrl",".mtrl","","",""
"lp building x watch tower_death_0.xml",".xml","building x tower watch2","4","0"
"lp building x watch tower_death_1.mtrl",".mtrl","","",""
"lp building x watch tower_death_1.xml",".xml","building x tower watch2","0","0"
"lp building x wonder gaia_0.mtrl",".mtrl","","",""
"lp building x wonder gaia_0.xml",".xml","Gaia Wonder Map1","0","0"
"lp building x wonder gaia_1.mtrl",".mtrl","","",""
"lp building x wonder gaia_1.xml",".xml","Gaia Wonder Map2","0","0"
"lp building x wonder gaia_2.mtrl",".mtrl","","",""
"lp building x wonder gaia_2.xml",".xml","Gaia Wonder Statue","0","0"
"lp building x wonder gaia_3.mtrl",".mtrl","","",""
"lp building x wonder gaia_3.xml",".xml","Gaia Wonder Map2","4","0"
"lp building x wonder gaia_death_0.mtrl",".mtrl","","",""
"lp building x wonder gaia_death_0.xml",".xml","Gaia Wonder Map1","0","0"
"lp building x wonder gaia_death_1.mtrl",".mtrl","","",""
"lp building x wonder gaia_death_1.xml",".xml","Gaia Wonder Map2","0","0"
"lp building x wonder gaia_death_2.mtrl",".mtrl","","",""
"lp building x wonder gaia_death_2.xml",".xml","Gaia Wonder Statue","0","0"
"lp building x wonder gaia_death_3.mtrl",".mtrl","","",""
"lp building x wonder gaia_death_3.xml",".xml","Gaia Wonder Map2","4","0"
"lp building x wonder kronos_0.mtrl",".mtrl","","",""
"lp building x wonder kronos_0.xml",".xml","Kronos Wonder Map2","0","0"
"lp building x wonder kronos_1.mtrl",".mtrl","","",""
"lp building x wonder kronos_1.xml",".xml","Kronos Wonder Map1","0","0"
"lp building x wonder kronos_2.mtrl",".mtrl","","",""
"lp building x wonder kronos_2.xml",".xml","Kronos Wonder Map2","4","0"
"lp building x wonder kronos_death_0.mtrl",".mtrl","","",""
"lp building x wonder kronos_death_0.xml",".xml","Kronos Wonder Map2","0","0"
"lp building x wonder kronos_death_1.mtrl",".mtrl","","",""
"lp building x wonder kronos_death_1.xml",".xml","Kronos Wonder Map1","0","0"
"lp building x wonder kronos_death_2.mtrl",".mtrl","","",""
"lp building x wonder kronos_death_2.xml",".xml","Kronos Wonder Map2","4","0"
"lp building x wonder oranos_0.mtrl",".mtrl","","",""
"lp building x wonder oranos_0.xml",".xml","Oranos Wonder Map","0","0"
"lp building x wonder oranos_1.mtrl",".mtrl","","",""
"lp building x wonder oranos_1.xml",".xml","Oranos Wonder Map3","0","0"
"lp building x wonder oranos_2.mtrl",".mtrl","","",""
"lp building x wonder oranos_2.xml",".xml","Oranos Wonder Map","4","0"
"lp building x wonder oranos_3.mtrl",".mtrl","","",""
"lp building x wonder oranos_3.xml",".xml","Oranos Wonder Map1","0","0"
"lp building x wonder oranos_4.mtrl",".mtrl","","",""
"lp building x wonder oranos_4.xml",".xml","Oranos Wonder Map1","4","0"
"lp building x wonder oranos_death_0.mtrl",".mtrl","","",""
"lp building x wonder oranos_death_0.xml",".xml","Oranos Wonder Map","0","0"
"lp building x wonder oranos_death_1.mtrl",".mtrl","","",""
"lp building x wonder oranos_death_1.xml",".xml","Oranos Wonder Map3","0","0"
"lp building x wonder oranos_death_2.mtrl",".mtrl","","",""
"lp building x wonder oranos_death_2.xml",".xml","Oranos Wonder Map","4","0"
"lp building x wonder oranos_death_3.mtrl",".mtrl","","",""
"lp building x wonder oranos_death_3.xml",".xml","Oranos Wonder Map1","0","0"
"lp building x wonder oranos_death_4.mtrl",".mtrl","","",""
"lp building x wonder oranos_death_4.xml",".xml","Oranos Wonder Map1","4","0"
"main gate_0.mtrl",".mtrl","","",""
"obelisk_0.mtrl",".mtrl","","",""
"obelisk_1.mtrl",".mtrl","","",""
"side gate_0.mtrl",".mtrl","","",""
