"Filename","Category","MaterialFile","Texture","ColorTransform","PixelXForm"
"animal cow a map.tga","Animal","D:\AI_upscaling\AoMEE\reports\materials_xml\animal cow horns_0.mtrl.xml","Animal Cow A map","0",""
"animal cow a map.tga","Animal","D:\AI_upscaling\AoMEE\reports\materials_xml\animal cow_boreda_0.mtrl.xml","Animal Cow A map","0",""
"animal cow a map.tga","Animal","D:\AI_upscaling\AoMEE\reports\materials_xml\animal cow_boreda_1.mtrl.xml","Animal Cow A map","4",""
"animal cow a map.tga","Animal","D:\AI_upscaling\AoMEE\reports\materials_xml\animal cow_boreda_2.mtrl.xml","Animal Cow A map","0",""
"animal cow a map.tga","Animal","D:\AI_upscaling\AoMEE\reports\materials_xml\animal cow_boredb_0.mtrl.xml","Animal Cow A map","0",""
"animal cow a map.tga","Animal","D:\AI_upscaling\AoMEE\reports\materials_xml\animal cow_boredb_1.mtrl.xml","Animal Cow A map","4",""
"animal cow a map.tga","Animal","D:\AI_upscaling\AoMEE\reports\materials_xml\animal cow_boredb_2.mtrl.xml","Animal Cow A map","0",""
"animal cow a map.tga","Animal","D:\AI_upscaling\AoMEE\reports\materials_xml\animal cow_boredc_0.mtrl.xml","Animal Cow A map","0",""
"animal cow a map.tga","Animal","D:\AI_upscaling\AoMEE\reports\materials_xml\animal cow_boredc_1.mtrl.xml","Animal Cow A map","4",""
"animal cow a map.tga","Animal","D:\AI_upscaling\AoMEE\reports\materials_xml\animal cow_boredc_2.mtrl.xml","Animal Cow A map","0",""
"animal cow a map.tga","Animal","D:\AI_upscaling\AoMEE\reports\materials_xml\animal cow_deatha_0.mtrl.xml","Animal Cow A map","0",""
"animal cow a map.tga","Animal","D:\AI_upscaling\AoMEE\reports\materials_xml\animal cow_deatha_1.mtrl.xml","Animal Cow A map","4",""
"animal cow a map.tga","Animal","D:\AI_upscaling\AoMEE\reports\materials_xml\animal cow_deatha_2.mtrl.xml","Animal Cow A map","0",""
"animal cow a map.tga","Animal","D:\AI_upscaling\AoMEE\reports\materials_xml\animal cow_flaila_0.mtrl.xml","Animal Cow A map","0",""
"animal cow a map.tga","Animal","D:\AI_upscaling\AoMEE\reports\materials_xml\animal cow_flaila_2.mtrl.xml","Animal Cow A map","0",""
"animal cow a map.tga","Animal","D:\AI_upscaling\AoMEE\reports\materials_xml\animal cow_idlea_0.mtrl.xml","Animal Cow A map","0",""
"animal cow a map.tga","Animal","D:\AI_upscaling\AoMEE\reports\materials_xml\animal cow_idlea_1.mtrl.xml","Animal Cow A map","4",""
"animal cow a map.tga","Animal","D:\AI_upscaling\AoMEE\reports\materials_xml\animal cow_idlea_2.mtrl.xml","Animal Cow A map","0",""
"animal cow a map.tga","Animal","D:\AI_upscaling\AoMEE\reports\materials_xml\animal cow_runa_0.mtrl.xml","Animal Cow A map","0",""
"animal cow a map.tga","Animal","D:\AI_upscaling\AoMEE\reports\materials_xml\animal cow_runa_1.mtrl.xml","Animal Cow A map","4",""
"animal cow a map.tga","Animal","D:\AI_upscaling\AoMEE\reports\materials_xml\animal cow_runa_2.mtrl.xml","Animal Cow A map","0",""
"animal cow a map.tga","Animal","D:\AI_upscaling\AoMEE\reports\materials_xml\animal cow_walka_0.mtrl.xml","Animal Cow A map","0",""
"animal cow a map.tga","Animal","D:\AI_upscaling\AoMEE\reports\materials_xml\animal cow_walka_1.mtrl.xml","Animal Cow A map","4",""
"animal cow a map.tga","Animal","D:\AI_upscaling\AoMEE\reports\materials_xml\animal cow_walka_2.mtrl.xml","Animal Cow A map","0",""
"animal goatnubian map.tga","Animal","D:\AI_upscaling\AoMEE\reports\materials_xml\animal goatnubian fat_boreda_0.mtrl.xml","Animal GoatNubian map","0",""
"animal goatnubian map.tga","Animal","D:\AI_upscaling\AoMEE\reports\materials_xml\animal goatnubian fat_boreda_1.mtrl.xml","Animal GoatNubian map","0",""
"animal goatnubian map.tga","Animal","D:\AI_upscaling\AoMEE\reports\materials_xml\animal goatnubian fat_boreda_2.mtrl.xml","Animal GoatNubian map","4",""
"animal goatnubian map.tga","Animal","D:\AI_upscaling\AoMEE\reports\materials_xml\animal goatnubian fat_deatha_0.mtrl.xml","Animal GoatNubian map","0",""
"animal goatnubian map.tga","Animal","D:\AI_upscaling\AoMEE\reports\materials_xml\animal goatnubian fat_deatha_1.mtrl.xml","Animal GoatNubian map","0",""
"animal goatnubian map.tga","Animal","D:\AI_upscaling\AoMEE\reports\materials_xml\animal goatnubian fat_idlea_0.mtrl.xml","Animal GoatNubian map","0",""
"animal goatnubian map.tga","Animal","D:\AI_upscaling\AoMEE\reports\materials_xml\animal goatnubian fat_idlea_1.mtrl.xml","Animal GoatNubian map","0",""
"animal goatnubian map.tga","Animal","D:\AI_upscaling\AoMEE\reports\materials_xml\animal goatnubian fat_idlea_2.mtrl.xml","Animal GoatNubian map","4",""
"animal goatnubian map.tga","Animal","D:\AI_upscaling\AoMEE\reports\materials_xml\animal goatnubian fat_idleb_0.mtrl.xml","Animal GoatNubian map","0",""
"animal goatnubian map.tga","Animal","D:\AI_upscaling\AoMEE\reports\materials_xml\animal goatnubian fat_idleb_1.mtrl.xml","Animal GoatNubian map","0",""
"animal goatnubian map.tga","Animal","D:\AI_upscaling\AoMEE\reports\materials_xml\animal goatnubian fat_idleb_2.mtrl.xml","Animal GoatNubian map","4",""
"animal goatnubian map.tga","Animal","D:\AI_upscaling\AoMEE\reports\materials_xml\animal goatnubian fat_idlec_0.mtrl.xml","Animal GoatNubian map","0",""
"animal goatnubian map.tga","Animal","D:\AI_upscaling\AoMEE\reports\materials_xml\animal goatnubian fat_idlec_1.mtrl.xml","Animal GoatNubian map","0",""
"animal goatnubian map.tga","Animal","D:\AI_upscaling\AoMEE\reports\materials_xml\animal goatnubian fat_idlec_2.mtrl.xml","Animal GoatNubian map","4",""
"animal goatnubian map.tga","Animal","D:\AI_upscaling\AoMEE\reports\materials_xml\animal goatnubian fat_walka_0.mtrl.xml","Animal GoatNubian map","0",""
"animal goatnubian map.tga","Animal","D:\AI_upscaling\AoMEE\reports\materials_xml\animal goatnubian fat_walka_1.mtrl.xml","Animal GoatNubian map","0",""
"animal goatnubian map.tga","Animal","D:\AI_upscaling\AoMEE\reports\materials_xml\animal goatnubian fat_walka_2.mtrl.xml","Animal GoatNubian map","4",""
"animal goatnubian map.tga","Animal","D:\AI_upscaling\AoMEE\reports\materials_xml\animal goatnubian_boreda_0.mtrl.xml","Animal GoatNubian map","0",""
"animal goatnubian map.tga","Animal","D:\AI_upscaling\AoMEE\reports\materials_xml\animal goatnubian_boreda_1.mtrl.xml","Animal GoatNubian map","0",""
"animal goatnubian map.tga","Animal","D:\AI_upscaling\AoMEE\reports\materials_xml\animal goatnubian_boreda_2.mtrl.xml","Animal GoatNubian map","4",""
"animal goatnubian map.tga","Animal","D:\AI_upscaling\AoMEE\reports\materials_xml\animal goatnubian_deatha_0.mtrl.xml","Animal GoatNubian map","0",""
"animal goatnubian map.tga","Animal","D:\AI_upscaling\AoMEE\reports\materials_xml\animal goatnubian_deatha_1.mtrl.xml","Animal GoatNubian map","0",""
"animal goatnubian map.tga","Animal","D:\AI_upscaling\AoMEE\reports\materials_xml\animal goatnubian_deatha_2.mtrl.xml","Animal GoatNubian map","4",""
"animal goatnubian map.tga","Animal","D:\AI_upscaling\AoMEE\reports\materials_xml\animal goatnubian_idlea_0.mtrl.xml","Animal GoatNubian map","0",""
"animal goatnubian map.tga","Animal","D:\AI_upscaling\AoMEE\reports\materials_xml\animal goatnubian_idlea_1.mtrl.xml","Animal GoatNubian map","0",""
"animal goatnubian map.tga","Animal","D:\AI_upscaling\AoMEE\reports\materials_xml\animal goatnubian_idlea_2.mtrl.xml","Animal GoatNubian map","4",""
"animal goatnubian map.tga","Animal","D:\AI_upscaling\AoMEE\reports\materials_xml\animal goatnubian_idleb_0.mtrl.xml","Animal GoatNubian map","0",""
"animal goatnubian map.tga","Animal","D:\AI_upscaling\AoMEE\reports\materials_xml\animal goatnubian_idleb_2.mtrl.xml","Animal GoatNubian map","4",""
"animal goatnubian map.tga","Animal","D:\AI_upscaling\AoMEE\reports\materials_xml\animal goatnubian_idlec_0.mtrl.xml","Animal GoatNubian map","0",""
"animal goatnubian map.tga","Animal","D:\AI_upscaling\AoMEE\reports\materials_xml\animal goatnubian_idlec_1.mtrl.xml","Animal GoatNubian map","0",""
"animal goatnubian map.tga","Animal","D:\AI_upscaling\AoMEE\reports\materials_xml\animal goatnubian_idlec_2.mtrl.xml","Animal GoatNubian map","4",""
"animal goatnubian map.tga","Animal","D:\AI_upscaling\AoMEE\reports\materials_xml\animal goatnubian_walka_0.mtrl.xml","Animal GoatNubian map","0",""
"animal goatnubian map.tga","Animal","D:\AI_upscaling\AoMEE\reports\materials_xml\animal goatnubian_walka_1.mtrl.xml","Animal GoatNubian map","0",""
"animal goatnubian map.tga","Animal","D:\AI_upscaling\AoMEE\reports\materials_xml\animal goatnubian_walka_2.mtrl.xml","Animal GoatNubian map","4",""
"building g wallsage2.tga","Building","D:\AI_upscaling\AoMEE\reports\materials_xml\atlantissinking_10.mtrl.xml","Building G WallsAge2","4",""
"building g wallsage2.tga","Building","D:\AI_upscaling\AoMEE\reports\materials_xml\atlantissinking_11.mtrl.xml","Building G WallsAge2","0",""
"building g zues wonder01.tga","Building","D:\AI_upscaling\AoMEE\reports\materials_xml\atlantissinking_4.mtrl.xml","Building G Zues Wonder01","4",""
"building g zues wonder01.tga","Building","D:\AI_upscaling\AoMEE\reports\materials_xml\atlantissinking_5.mtrl.xml","Building G Zues Wonder01","0",""
"building e lighthouse.tga","Building","D:\AI_upscaling\AoMEE\reports\materials_xml\atlantissinking_6.mtrl.xml","Building E Lighthouse","0",""
"building e lighthouse.tga","Building","D:\AI_upscaling\AoMEE\reports\materials_xml\atlantissinking_7.mtrl.xml","Building E Lighthouse","4",""
"building g roofage1.tga","Building","D:\AI_upscaling\AoMEE\reports\materials_xml\atlantissinking_9.mtrl.xml","Building G RoofAge1","0",""
"building c tower age2.tga","Building","D:\AI_upscaling\AoMEE\reports\materials_xml\building c castle age3_4.mtrl.xml","building c tower age2","4",""
"building c tower age2.tga","Building","D:\AI_upscaling\AoMEE\reports\materials_xml\building c castle age3_death_4.mtrl.xml","building c tower age2","4",""
"building c tower age2.tga","Building","D:\AI_upscaling\AoMEE\reports\materials_xml\building c dock age1_5.mtrl.xml","building c tower age2","4",""
"building c tower age2.tga","Building","D:\AI_upscaling\AoMEE\reports\materials_xml\building c dock age1_death_5.mtrl.xml","building c tower age2","4",""
"building c tower age2.tga","Building","D:\AI_upscaling\AoMEE\reports\materials_xml\building c guardtower_1.mtrl.xml","building c tower age2","4",""
"building c tower age2.tga","Building","D:\AI_upscaling\AoMEE\reports\materials_xml\building c guardtower_death_1.mtrl.xml","building c tower age2","4",""
"building c fortified wall.tga","Building","D:\AI_upscaling\AoMEE\reports\materials_xml\building c settlement fortified_death_4.mtrl.xml","building c fortified wall","0",""
"building c wonder temple.tga","Building","D:\AI_upscaling\AoMEE\reports\materials_xml\building c temple con3_0.mtrl.xml","building c wonder temple","4",""
"building c earthen wall.tga","Building","D:\AI_upscaling\AoMEE\reports\materials_xml\building c wall earthen connector_0.mtrl.xml","building c earthen wall","4",""
"building c earthen wall.tga","Building","D:\AI_upscaling\AoMEE\reports\materials_xml\building c wall earthen connector_death_0.mtrl.xml","building c earthen wall","4",""
"building c earthen wall.tga","Building","D:\AI_upscaling\AoMEE\reports\materials_xml\building c wall earthen long stage1_0.mtrl.xml","building c earthen wall","4",""
"building c earthen wall.tga","Building","D:\AI_upscaling\AoMEE\reports\materials_xml\building c wall earthen long stage2_0.mtrl.xml","building c earthen wall","4",""
"building c earthen wall.tga","Building","D:\AI_upscaling\AoMEE\reports\materials_xml\building c wall earthen long stage3_0.mtrl.xml","building c earthen wall","4",""
"building c earthen wall.tga","Building","D:\AI_upscaling\AoMEE\reports\materials_xml\building c wall earthen long stage3_death_0.mtrl.xml","building c earthen wall","4",""
"building c earthen wall.tga","Building","D:\AI_upscaling\AoMEE\reports\materials_xml\building c wall earthen long_0.mtrl.xml","building c earthen wall","4",""
"building c earthen wall.tga","Building","D:\AI_upscaling\AoMEE\reports\materials_xml\building c wall earthen medium stage1_0.mtrl.xml","building c earthen wall","4",""
"building c earthen wall.tga","Building","D:\AI_upscaling\AoMEE\reports\materials_xml\building c wall earthen medium stage2_0.mtrl.xml","building c earthen wall","4",""
"building c earthen wall.tga","Building","D:\AI_upscaling\AoMEE\reports\materials_xml\building c wall earthen medium stage3_0.mtrl.xml","building c earthen wall","4",""
"building c earthen wall.tga","Building","D:\AI_upscaling\AoMEE\reports\materials_xml\building c wall earthen medium stage3_death_0.mtrl.xml","building c earthen wall","4",""
"building c earthen wall.tga","Building","D:\AI_upscaling\AoMEE\reports\materials_xml\building c wall earthen medium_0.mtrl.xml","building c earthen wall","4",""
"building c earthen wall.tga","Building","D:\AI_upscaling\AoMEE\reports\materials_xml\building c wall earthen short stage1_0.mtrl.xml","building c earthen wall","4",""
"building c earthen wall.tga","Building","D:\AI_upscaling\AoMEE\reports\materials_xml\building c wall earthen short stage2_0.mtrl.xml","building c earthen wall","4",""
"building c earthen wall.tga","Building","D:\AI_upscaling\AoMEE\reports\materials_xml\building c wall earthen short stage3_0.mtrl.xml","building c earthen wall","4",""
"building c earthen wall.tga","Building","D:\AI_upscaling\AoMEE\reports\materials_xml\building c wall earthen short stage3_death_0.mtrl.xml","building c earthen wall","4",""
"building c earthen wall.tga","Building","D:\AI_upscaling\AoMEE\reports\materials_xml\building c wall earthen short_0.mtrl.xml","building c earthen wall","4",""
"building c fortified wall.tga","Building","D:\AI_upscaling\AoMEE\reports\materials_xml\building c wall fortified connector_0.mtrl.xml","building c fortified wall","4",""
"building c fortified wall.tga","Building","D:\AI_upscaling\AoMEE\reports\materials_xml\building c wall fortified connector_death_0.mtrl.xml","building c fortified wall","4",""
"building c fortified wall.tga","Building","D:\AI_upscaling\AoMEE\reports\materials_xml\building c wall fortified long stage1_0.mtrl.xml","building c fortified wall","4",""
"building c fortified wall.tga","Building","D:\AI_upscaling\AoMEE\reports\materials_xml\building c wall fortified long stage2_0.mtrl.xml","building c fortified wall","4",""
"building c fortified wall.tga","Building","D:\AI_upscaling\AoMEE\reports\materials_xml\building c wall fortified long stage3_0.mtrl.xml","building c fortified wall","4",""
"building c fortified wall.tga","Building","D:\AI_upscaling\AoMEE\reports\materials_xml\building c wall fortified long stage3_death_0.mtrl.xml","building c fortified wall","4",""
"building c fortified wall.tga","Building","D:\AI_upscaling\AoMEE\reports\materials_xml\building c wall fortified long_0.mtrl.xml","building c fortified wall","4",""
"building c fortified wall.tga","Building","D:\AI_upscaling\AoMEE\reports\materials_xml\building c wall fortified medium stage1_0.mtrl.xml","building c fortified wall","4",""
"building c fortified wall.tga","Building","D:\AI_upscaling\AoMEE\reports\materials_xml\building c wall fortified medium stage2_0.mtrl.xml","building c fortified wall","4",""
"building c fortified wall.tga","Building","D:\AI_upscaling\AoMEE\reports\materials_xml\building c wall fortified medium stage3_0.mtrl.xml","building c fortified wall","4",""
"building c fortified wall.tga","Building","D:\AI_upscaling\AoMEE\reports\materials_xml\building c wall fortified medium stage3_death_0.mtrl.xml","building c fortified wall","4",""
"building c fortified wall.tga","Building","D:\AI_upscaling\AoMEE\reports\materials_xml\building c wall fortified medium_0.mtrl.xml","building c fortified wall","4",""
"building c fortified wall.tga","Building","D:\AI_upscaling\AoMEE\reports\materials_xml\building c wall fortified short stage1_0.mtrl.xml","building c fortified wall","4",""
"building c fortified wall.tga","Building","D:\AI_upscaling\AoMEE\reports\materials_xml\building c wall fortified short stage2_0.mtrl.xml","building c fortified wall","4",""
"building c fortified wall.tga","Building","D:\AI_upscaling\AoMEE\reports\materials_xml\building c wall fortified short stage3_0.mtrl.xml","building c fortified wall","4",""
"building c fortified wall.tga","Building","D:\AI_upscaling\AoMEE\reports\materials_xml\building c wall fortified short stage3_death_0.mtrl.xml","building c fortified wall","4",""
"building c fortified wall.tga","Building","D:\AI_upscaling\AoMEE\reports\materials_xml\building c wall fortified short_0.mtrl.xml","building c fortified wall","4",""
"building c great wall.tga","Building","D:\AI_upscaling\AoMEE\reports\materials_xml\building c wall great connector_0.mtrl.xml","building c great wall","4",""
"building c great wall.tga","Building","D:\AI_upscaling\AoMEE\reports\materials_xml\building c wall great connector_death_0.mtrl.xml","building c great wall","4",""
"building c great wall.tga","Building","D:\AI_upscaling\AoMEE\reports\materials_xml\building c wall great long stage1_0.mtrl.xml","building c great wall","4",""
"building c great wall.tga","Building","D:\AI_upscaling\AoMEE\reports\materials_xml\building c wall great long stage2_0.mtrl.xml","building c great wall","4",""
"building c great wall.tga","Building","D:\AI_upscaling\AoMEE\reports\materials_xml\building c wall great long stage3_0.mtrl.xml","building c great wall","4",""
"building c great wall.tga","Building","D:\AI_upscaling\AoMEE\reports\materials_xml\building c wall great long stage3_death_0.mtrl.xml","building c great wall","4",""
"building c great wall.tga","Building","D:\AI_upscaling\AoMEE\reports\materials_xml\building c wall great long_0.mtrl.xml","building c great wall","4",""
"building c great wall.tga","Building","D:\AI_upscaling\AoMEE\reports\materials_xml\building c wall great medium stage1_0.mtrl.xml","building c great wall","4",""
"building c great wall.tga","Building","D:\AI_upscaling\AoMEE\reports\materials_xml\building c wall great medium stage2_0.mtrl.xml","building c great wall","4",""
"building c great wall.tga","Building","D:\AI_upscaling\AoMEE\reports\materials_xml\building c wall great medium stage3_0.mtrl.xml","building c great wall","4",""
"building c great wall.tga","Building","D:\AI_upscaling\AoMEE\reports\materials_xml\building c wall great medium stage3_death_0.mtrl.xml","building c great wall","4",""
"building c great wall.tga","Building","D:\AI_upscaling\AoMEE\reports\materials_xml\building c wall great medium_0.mtrl.xml","building c great wall","4",""
"building c great wall.tga","Building","D:\AI_upscaling\AoMEE\reports\materials_xml\building c wall great short stage1_0.mtrl.xml","building c great wall","4",""
"building c great wall.tga","Building","D:\AI_upscaling\AoMEE\reports\materials_xml\building c wall great short stage2_0.mtrl.xml","building c great wall","4",""
"building c great wall.tga","Building","D:\AI_upscaling\AoMEE\reports\materials_xml\building c wall great short stage3_0.mtrl.xml","building c great wall","4",""
"building c great wall.tga","Building","D:\AI_upscaling\AoMEE\reports\materials_xml\building c wall great short stage3_death_0.mtrl.xml","building c great wall","4",""
"building c great wall.tga","Building","D:\AI_upscaling\AoMEE\reports\materials_xml\building c wall great short_0.mtrl.xml","building c great wall","4",""
"building c stone wall.tga","Building","D:\AI_upscaling\AoMEE\reports\materials_xml\building c wall stone connector_0.mtrl.xml","building c stone wall","4",""
"building c stone wall.tga","Building","D:\AI_upscaling\AoMEE\reports\materials_xml\building c wall stone connector_death_0.mtrl.xml","building c stone wall","4",""
"building c stone wall.tga","Building","D:\AI_upscaling\AoMEE\reports\materials_xml\building c wall stone long stage1_0.mtrl.xml","building c stone wall","4",""
"building c stone wall.tga","Building","D:\AI_upscaling\AoMEE\reports\materials_xml\building c wall stone long stage2_0.mtrl.xml","building c stone wall","4",""
"building c stone wall.tga","Building","D:\AI_upscaling\AoMEE\reports\materials_xml\building c wall stone long stage3_0.mtrl.xml","building c stone wall","4",""
"building c stone wall.tga","Building","D:\AI_upscaling\AoMEE\reports\materials_xml\building c wall stone long stage3_death_0.mtrl.xml","building c stone wall","4",""
"building c stone wall.tga","Building","D:\AI_upscaling\AoMEE\reports\materials_xml\building c wall stone long_0.mtrl.xml","building c stone wall","4",""
"building c stone wall.tga","Building","D:\AI_upscaling\AoMEE\reports\materials_xml\building c wall stone medium stage1_0.mtrl.xml","building c stone wall","4",""
"building c stone wall.tga","Building","D:\AI_upscaling\AoMEE\reports\materials_xml\building c wall stone medium stage2_0.mtrl.xml","building c stone wall","4",""
"building c stone wall.tga","Building","D:\AI_upscaling\AoMEE\reports\materials_xml\building c wall stone medium stage3_0.mtrl.xml","building c stone wall","4",""
"building c stone wall.tga","Building","D:\AI_upscaling\AoMEE\reports\materials_xml\building c wall stone medium stage3_death_0.mtrl.xml","building c stone wall","4",""
"building c stone wall.tga","Building","D:\AI_upscaling\AoMEE\reports\materials_xml\building c wall stone medium_0.mtrl.xml","building c stone wall","4",""
"building c stone wall.tga","Building","D:\AI_upscaling\AoMEE\reports\materials_xml\building c wall stone short stage1_0.mtrl.xml","building c stone wall","4",""
"building c stone wall.tga","Building","D:\AI_upscaling\AoMEE\reports\materials_xml\building c wall stone short stage2_0.mtrl.xml","building c stone wall","4",""
"building c stone wall.tga","Building","D:\AI_upscaling\AoMEE\reports\materials_xml\building c wall stone short stage3_0.mtrl.xml","building c stone wall","4",""
"building c stone wall.tga","Building","D:\AI_upscaling\AoMEE\reports\materials_xml\building c wall stone short stage3_death_0.mtrl.xml","building c stone wall","4",""
"building c stone wall.tga","Building","D:\AI_upscaling\AoMEE\reports\materials_xml\building c wall stone short_0.mtrl.xml","building c stone wall","4",""
"building c tower age2.tga","Building","D:\AI_upscaling\AoMEE\reports\materials_xml\building c watchtower_1.mtrl.xml","building c tower age2","4",""
"building c tower age2.tga","Building","D:\AI_upscaling\AoMEE\reports\materials_xml\building c watchtower_death_1.mtrl.xml","building c tower age2","4",""
"building c wonder temple.tga","Building","D:\AI_upscaling\AoMEE\reports\materials_xml\building c wonder temple con3_0.mtrl.xml","building c wonder temple","4",""
"building c wonder temple.tga","Building","D:\AI_upscaling\AoMEE\reports\materials_xml\building c wonder temple_0.mtrl.xml","building c wonder temple","4",""
"building c wonder temple.tga","Building","D:\AI_upscaling\AoMEE\reports\materials_xml\building c wonder temple_death_0.mtrl.xml","building c wonder temple","4",""
"building e age2.tga","Building","D:\AI_upscaling\AoMEE\reports\materials_xml\building e armory age2_2.mtrl.xml","Building E Age2","0",""
"building e age2.tga","Building","D:\AI_upscaling\AoMEE\reports\materials_xml\building e armory age2_3.mtrl.xml","Building E Age2","4",""
"building e age3 accessories.tga","Building","D:\AI_upscaling\AoMEE\reports\materials_xml\building e armory age2_5.mtrl.xml","building E Age3 accessories","0",""
"building e age2.tga","Building","D:\AI_upscaling\AoMEE\reports\materials_xml\building e armory age2_death_0.mtrl.xml","Building E Age2","0",""
"building e age2.tga","Building","D:\AI_upscaling\AoMEE\reports\materials_xml\building e armory age2_death_1.mtrl.xml","Building E Age2","4",""
"building e age3 accessories.tga","Building","D:\AI_upscaling\AoMEE\reports\materials_xml\building e armory age2_death_3.mtrl.xml","building E Age3 accessories","0",""
"building e age3 accessories.tga","Building","D:\AI_upscaling\AoMEE\reports\materials_xml\building e armory age3_4.mtrl.xml","building E Age3 accessories","0",""
"building e age3 accessories.tga","Building","D:\AI_upscaling\AoMEE\reports\materials_xml\building e armory age3_death_2.mtrl.xml","building E Age3 accessories","0",""
"building e age4.tga","Building","D:\AI_upscaling\AoMEE\reports\materials_xml\building e armory age4_0.mtrl.xml","building E Age4","0",""
"building e age4.tga","Building","D:\AI_upscaling\AoMEE\reports\materials_xml\building e armory age4_1.mtrl.xml","building E Age4","4",""
"building e age4.tga","Building","D:\AI_upscaling\AoMEE\reports\materials_xml\building e armory age4_death_0.mtrl.xml","building E Age4","0",""
"building e age4.tga","Building","D:\AI_upscaling\AoMEE\reports\materials_xml\building e armory age4_death_1.mtrl.xml","building E Age4","4",""
"building e age4.tga","Building","D:\AI_upscaling\AoMEE\reports\materials_xml\building e ballista tower age4_0.mtrl.xml","Building E Age4","0",""
"building e age4.tga","Building","D:\AI_upscaling\AoMEE\reports\materials_xml\building e ballista tower age4_1.mtrl.xml","Building E Age4","4",""
"building e age4.tga","Building","D:\AI_upscaling\AoMEE\reports\materials_xml\building e ballista tower age4_death_0.mtrl.xml","Building E Age4","0",""
"building e age4.tga","Building","D:\AI_upscaling\AoMEE\reports\materials_xml\building e ballista tower age4_death_1.mtrl.xml","Building E Age4","4",""
"building e age2 burnt.tga","Building","D:\AI_upscaling\AoMEE\reports\materials_xml\building e barracks 2 destructed_0.mtrl.xml","Building E Age2 Burnt","0",""
"building e age2 accessories burnt.tga","Building","D:\AI_upscaling\AoMEE\reports\materials_xml\building e barracks 2 destructed_1.mtrl.xml","building E Age2 Accessories Burnt","0",""
"building e age2.tga","Building","D:\AI_upscaling\AoMEE\reports\materials_xml\building e barracks age2_2.mtrl.xml","Building E Age2","0",""
"building e age2.tga","Building","D:\AI_upscaling\AoMEE\reports\materials_xml\building e barracks age2_3.mtrl.xml","Building E Age2","4",""
"building e age2.tga","Building","D:\AI_upscaling\AoMEE\reports\materials_xml\building e barracks age2_death_0.mtrl.xml","Building E Age2","4",""
"building e age2.tga","Building","D:\AI_upscaling\AoMEE\reports\materials_xml\building e barracks age2_death_1.mtrl.xml","Building E Age2","0",""
"building e age3 accessories.tga","Building","D:\AI_upscaling\AoMEE\reports\materials_xml\building e barracks age3_3.mtrl.xml","building E Age3 accessories","0",""
"building e age3 accessories.tga","Building","D:\AI_upscaling\AoMEE\reports\materials_xml\building e barracks age3_death_2.mtrl.xml","building E Age3 accessories","0",""
"building e age4.tga","Building","D:\AI_upscaling\AoMEE\reports\materials_xml\building e barracks age4_1.mtrl.xml","building E Age4","0",""
"building e age4.tga","Building","D:\AI_upscaling\AoMEE\reports\materials_xml\building e barracks age4_2.mtrl.xml","building E Age4","4",""
"building e age4.tga","Building","D:\AI_upscaling\AoMEE\reports\materials_xml\building e barracks age4_death_0.mtrl.xml","building E Age4","0",""
"building e age4.tga","Building","D:\AI_upscaling\AoMEE\reports\materials_xml\building e barracks age4_death_1.mtrl.xml","building E Age4","4",""
"building e age2.tga","Building","D:\AI_upscaling\AoMEE\reports\materials_xml\building e dock age2_0.mtrl.xml","Building E Age2","0",""
"building e age2.tga","Building","D:\AI_upscaling\AoMEE\reports\materials_xml\building e dock age2_1.mtrl.xml","Building E Age2","4",""
"building e age2.tga","Building","D:\AI_upscaling\AoMEE\reports\materials_xml\building e dock age2_death_0.mtrl.xml","Building E Age2","0",""
"building e age2.tga","Building","D:\AI_upscaling\AoMEE\reports\materials_xml\building e dock age2_death_1.mtrl.xml","Building E Age2","4",""
"building e age3 accessories.tga","Building","D:\AI_upscaling\AoMEE\reports\materials_xml\building e dock age3_2.mtrl.xml","building E Age3 accessories","0",""
"building e age3 accessories.tga","Building","D:\AI_upscaling\AoMEE\reports\materials_xml\building e dock age3_death_2.mtrl.xml","building E Age3 accessories","0",""
"building e age2 burnt.tga","Building","D:\AI_upscaling\AoMEE\reports\materials_xml\building e granary age2 destructed_0.mtrl.xml","Building E Age2 Burnt","0",""
"building e age2 accessories burnt.tga","Building","D:\AI_upscaling\AoMEE\reports\materials_xml\building e granary age2 destructed_1.mtrl.xml","building E Age2 Accessories Burnt","0",""
"building e age2.tga","Building","D:\AI_upscaling\AoMEE\reports\materials_xml\building e granary age2_3.mtrl.xml","Building E Age2","0",""
"building e age2.tga","Building","D:\AI_upscaling\AoMEE\reports\materials_xml\building e granary age2_4.mtrl.xml","Building E Age2","4",""
"building e age2.tga","Building","D:\AI_upscaling\AoMEE\reports\materials_xml\building e granary age2_death_0.mtrl.xml","Building E Age2","0",""
"building e age3 accessories.tga","Building","D:\AI_upscaling\AoMEE\reports\materials_xml\building e granary age3_5.mtrl.xml","building E Age3 accessories","0",""
"building e age3 accessories.tga","Building","D:\AI_upscaling\AoMEE\reports\materials_xml\building e granary age3_death_3.mtrl.xml","building E Age3 accessories","0",""
"building e age4.tga","Building","D:\AI_upscaling\AoMEE\reports\materials_xml\building e granary age4_3.mtrl.xml","Building E Age4","0",""
"building e age4.tga","Building","D:\AI_upscaling\AoMEE\reports\materials_xml\building e granary age4_4.mtrl.xml","Building E Age4","4",""
"building e age4.tga","Building","D:\AI_upscaling\AoMEE\reports\materials_xml\building e granary age4_death_0.mtrl.xml","Building E Age4","0",""
"building e age4.tga","Building","D:\AI_upscaling\AoMEE\reports\materials_xml\building e granary age4_death_1.mtrl.xml","Building E Age4","4",""
"building e age3 accessories.tga","Building","D:\AI_upscaling\AoMEE\reports\materials_xml\building e guard tower age3_2.mtrl.xml","building E Age3 accessories","0",""
"building e age3 accessories.tga","Building","D:\AI_upscaling\AoMEE\reports\materials_xml\building e guard tower age3_death_2.mtrl.xml","building E Age3 accessories","0",""
"building e age4.tga","Building","D:\AI_upscaling\AoMEE\reports\materials_xml\building e guard tower age4_0.mtrl.xml","Building E Age4","0",""
"building e age4.tga","Building","D:\AI_upscaling\AoMEE\reports\materials_xml\building e guard tower age4_1.mtrl.xml","Building E Age4","4",""
"building e age3 accessories.tga","Building","D:\AI_upscaling\AoMEE\reports\materials_xml\building e guard tower age4_2.mtrl.xml","building E Age3 accessories","0",""
"building e age4.tga","Building","D:\AI_upscaling\AoMEE\reports\materials_xml\building e guard tower age4_death_0.mtrl.xml","Building E Age4","0",""
"building e age4.tga","Building","D:\AI_upscaling\AoMEE\reports\materials_xml\building e guard tower age4_death_1.mtrl.xml","Building E Age4","4",""
"building e age3 accessories.tga","Building","D:\AI_upscaling\AoMEE\reports\materials_xml\building e guard tower age4_death_2.mtrl.xml","building E Age3 accessories","0",""
"building e age3 accessories.tga","Building","D:\AI_upscaling\AoMEE\reports\materials_xml\building e housea age1_3.mtrl.xml","building E Age3 accessories","0",""
"building e age3 accessories.tga","Building","D:\AI_upscaling\AoMEE\reports\materials_xml\building e housea age1_death_1.mtrl.xml","building E Age3 accessories","0",""
"building e age2.tga","Building","D:\AI_upscaling\AoMEE\reports\materials_xml\building e housea age2_2.mtrl.xml","Building E Age2","0",""
"building e age2.tga","Building","D:\AI_upscaling\AoMEE\reports\materials_xml\building e housea age2_3.mtrl.xml","Building E Age2","4",""
"building e age2.tga","Building","D:\AI_upscaling\AoMEE\reports\materials_xml\building e housea age2_death_0.mtrl.xml","Building E Age2","0",""
"building e age2.tga","Building","D:\AI_upscaling\AoMEE\reports\materials_xml\building e housea age2_death_1.mtrl.xml","Building E Age2","4",""
"building e age3 accessories.tga","Building","D:\AI_upscaling\AoMEE\reports\materials_xml\building e housea age3_6.mtrl.xml","building E Age3 accessories","0",""
"building e age3 accessories.tga","Building","D:\AI_upscaling\AoMEE\reports\materials_xml\building e housea age3_death_4.mtrl.xml","building E Age3 accessories","0",""
"building e age4.tga","Building","D:\AI_upscaling\AoMEE\reports\materials_xml\building e housea age4_2.mtrl.xml","Building E Age4","0",""
"building e age4.tga","Building","D:\AI_upscaling\AoMEE\reports\materials_xml\building e housea age4_3.mtrl.xml","Building E Age4","4",""
"building e age4.tga","Building","D:\AI_upscaling\AoMEE\reports\materials_xml\building e housea age4_death_0.mtrl.xml","Building E Age4","0",""
"building e age4.tga","Building","D:\AI_upscaling\AoMEE\reports\materials_xml\building e housea age4_death_1.mtrl.xml","Building E Age4","4",""
"building e age3 accessories.tga","Building","D:\AI_upscaling\AoMEE\reports\materials_xml\building e houseb age1_2.mtrl.xml","building E Age3 accessories","0",""
"building e age2.tga","Building","D:\AI_upscaling\AoMEE\reports\materials_xml\building e houseb age2_1.mtrl.xml","Building E Age2","0",""
"building e age2.tga","Building","D:\AI_upscaling\AoMEE\reports\materials_xml\building e houseb age2_2.mtrl.xml","Building E Age2","4",""
"building e age2.tga","Building","D:\AI_upscaling\AoMEE\reports\materials_xml\building e houseb age2_death_0.mtrl.xml","Building E Age2","0",""
"building e age2.tga","Building","D:\AI_upscaling\AoMEE\reports\materials_xml\building e houseb age2_death_1.mtrl.xml","Building E Age2","4",""
"building e age3 accessories.tga","Building","D:\AI_upscaling\AoMEE\reports\materials_xml\building e houseb age3_3.mtrl.xml","building E Age3 accessories","0",""
"building e age3 accessories.tga","Building","D:\AI_upscaling\AoMEE\reports\materials_xml\building e houseb age3_death_2.mtrl.xml","building E Age3 accessories","0",""
"building e age4.tga","Building","D:\AI_upscaling\AoMEE\reports\materials_xml\building e houseb age4_1.mtrl.xml","Building E Age4","0",""
"building e age4.tga","Building","D:\AI_upscaling\AoMEE\reports\materials_xml\building e houseb age4_2.mtrl.xml","Building E Age4","4",""
"building e age4.tga","Building","D:\AI_upscaling\AoMEE\reports\materials_xml\building e houseb age4_death_0.mtrl.xml","Building E Age4","0",""
"building e age4.tga","Building","D:\AI_upscaling\AoMEE\reports\materials_xml\building e houseb age4_death_1.mtrl.xml","Building E Age4","4",""
"building e age3 accessories.tga","Building","D:\AI_upscaling\AoMEE\reports\materials_xml\building e housec age1_3.mtrl.xml","building E Age3 accessories","0",""
"building e age3 accessories.tga","Building","D:\AI_upscaling\AoMEE\reports\materials_xml\building e housec age1_death_1.mtrl.xml","building E Age3 accessories","0",""
"building e age2.tga","Building","D:\AI_upscaling\AoMEE\reports\materials_xml\building e housec age2_2.mtrl.xml","Building E Age2","0",""
"building e age2.tga","Building","D:\AI_upscaling\AoMEE\reports\materials_xml\building e housec age2_3.mtrl.xml","Building E Age2","4",""
"building e age2.tga","Building","D:\AI_upscaling\AoMEE\reports\materials_xml\building e housec age2_death_0.mtrl.xml","Building E Age2","0",""
"building e age2.tga","Building","D:\AI_upscaling\AoMEE\reports\materials_xml\building e housec age2_death_1.mtrl.xml","Building E Age2","4",""
"building e age3 accessories.tga","Building","D:\AI_upscaling\AoMEE\reports\materials_xml\building e housec age3_4.mtrl.xml","building E Age3 accessories","0",""
"building e age3 accessories.tga","Building","D:\AI_upscaling\AoMEE\reports\materials_xml\building e housec age3_death_2.mtrl.xml","building E Age3 accessories","0",""
"building e age4.tga","Building","D:\AI_upscaling\AoMEE\reports\materials_xml\building e housec age4_2.mtrl.xml","Building E Age4","0",""
"building e age4.tga","Building","D:\AI_upscaling\AoMEE\reports\materials_xml\building e housec age4_3.mtrl.xml","Building E Age4","4",""
"building e age4.tga","Building","D:\AI_upscaling\AoMEE\reports\materials_xml\building e housec age4_death_0.mtrl.xml","Building E Age4","0",""
"building e age4.tga","Building","D:\AI_upscaling\AoMEE\reports\materials_xml\building e housec age4_death_1.mtrl.xml","Building E Age4","4",""
"building e isis wonder01.tga","Building","D:\AI_upscaling\AoMEE\reports\materials_xml\building e isis wonder con2_0.mtrl.xml","building E Isis Wonder01","0",""
"building e isis wonder02.tga","Building","D:\AI_upscaling\AoMEE\reports\materials_xml\building e isis wonder con2_1.mtrl.xml","building E Isis Wonder02","0",""
"building e isis wonder01.tga","Building","D:\AI_upscaling\AoMEE\reports\materials_xml\building e isis wonder con3_4.mtrl.xml","building E Isis Wonder01","0",""
"building e isis wonder02.tga","Building","D:\AI_upscaling\AoMEE\reports\materials_xml\building e isis wonder con3_5.mtrl.xml","building E Isis Wonder02","0",""
"building e isis wonder01.tga","Building","D:\AI_upscaling\AoMEE\reports\materials_xml\building e isis wonder con3_6.mtrl.xml","building E Isis Wonder01","4",""
"building e isis wonder02.tga","Building","D:\AI_upscaling\AoMEE\reports\materials_xml\building e isis wonder con3_7.mtrl.xml","building E Isis Wonder02","4",""
"building e isis wonder01.tga","Building","D:\AI_upscaling\AoMEE\reports\materials_xml\building e isis wonder_0.mtrl.xml","building E Isis Wonder01","0",""
"building e isis wonder02.tga","Building","D:\AI_upscaling\AoMEE\reports\materials_xml\building e isis wonder_1.mtrl.xml","building E Isis Wonder02","0",""
"building e isis wonder01.tga","Building","D:\AI_upscaling\AoMEE\reports\materials_xml\building e isis wonder_3.mtrl.xml","building E Isis Wonder01","4",""
"building e isis wonder02.tga","Building","D:\AI_upscaling\AoMEE\reports\materials_xml\building e isis wonder_4.mtrl.xml","building E Isis Wonder02","4",""
"building e isis wonder01.tga","Building","D:\AI_upscaling\AoMEE\reports\materials_xml\building e isis wonder_death_0.mtrl.xml","building E Isis Wonder01","0",""
"building e isis wonder02.tga","Building","D:\AI_upscaling\AoMEE\reports\materials_xml\building e isis wonder_death_1.mtrl.xml","building E Isis Wonder02","0",""
"building e isis wonder01.tga","Building","D:\AI_upscaling\AoMEE\reports\materials_xml\building e isis wonder_death_3.mtrl.xml","building E Isis Wonder01","4",""
"building e isis wonder02.tga","Building","D:\AI_upscaling\AoMEE\reports\materials_xml\building e isis wonder_death_4.mtrl.xml","building E Isis Wonder02","4",""
"building e lighthouse.tga","Building","D:\AI_upscaling\AoMEE\reports\materials_xml\building e lighthouse_1.mtrl.xml","Building E Lighthouse","4",""
"building e lighthouse.tga","Building","D:\AI_upscaling\AoMEE\reports\materials_xml\building e lighthouse_death_0.mtrl.xml","Building E Lighthouse","0",""
"building e lighthouse.tga","Building","D:\AI_upscaling\AoMEE\reports\materials_xml\building e lighthouse_death_1.mtrl.xml","Building E Lighthouse","4",""
"building e age3 accessories.tga","Building","D:\AI_upscaling\AoMEE\reports\materials_xml\building e lumbercamp age1_5.mtrl.xml","building E Age3 accessories","0",""
"building e age3 accessories.tga","Building","D:\AI_upscaling\AoMEE\reports\materials_xml\building e lumbercamp age1_death_3.mtrl.xml","building E Age3 accessories","0",""
"building e age2.tga","Building","D:\AI_upscaling\AoMEE\reports\materials_xml\building e lumbercamp age2_2.mtrl.xml","Building E Age2","0",""
"building e age2.tga","Building","D:\AI_upscaling\AoMEE\reports\materials_xml\building e lumbercamp age2_3.mtrl.xml","Building E Age2","4",""
"building e age3 accessories.tga","Building","D:\AI_upscaling\AoMEE\reports\materials_xml\building e lumbercamp age2_5.mtrl.xml","building E Age3 accessories","0",""
"building e age2.tga","Building","D:\AI_upscaling\AoMEE\reports\materials_xml\building e lumbercamp age2_death_0.mtrl.xml","Building E Age2","0",""
"building e age2.tga","Building","D:\AI_upscaling\AoMEE\reports\materials_xml\building e lumbercamp age2_death_1.mtrl.xml","Building E Age2","4",""
"building e age3 accessories.tga","Building","D:\AI_upscaling\AoMEE\reports\materials_xml\building e lumbercamp age2_death_3.mtrl.xml","building E Age3 accessories","0",""
"building e age3 accessories.tga","Building","D:\AI_upscaling\AoMEE\reports\materials_xml\building e lumbercamp age3_5.mtrl.xml","building E Age3 accessories","0",""
"building e age3 accessories.tga","Building","D:\AI_upscaling\AoMEE\reports\materials_xml\building e lumbercamp age3_death_3.mtrl.xml","building E Age3 accessories","0",""
"building e age4.tga","Building","D:\AI_upscaling\AoMEE\reports\materials_xml\building e lumbercamp age4_2.mtrl.xml","Building E Age4","0",""
"building e age4.tga","Building","D:\AI_upscaling\AoMEE\reports\materials_xml\building e lumbercamp age4_3.mtrl.xml","Building E Age4","4",""
"building e age4.tga","Building","D:\AI_upscaling\AoMEE\reports\materials_xml\building e lumbercamp age4_death_0.mtrl.xml","Building E Age4","0",""
"building e age4.tga","Building","D:\AI_upscaling\AoMEE\reports\materials_xml\building e lumbercamp age4_death_1.mtrl.xml","Building E Age4","4",""
"building e age3 accessories.tga","Building","D:\AI_upscaling\AoMEE\reports\materials_xml\building e lumbercamp age4_death_3.mtrl.xml","building E Age3 accessories","0",""
"building e age3 accessories.tga","Building","D:\AI_upscaling\AoMEE\reports\materials_xml\building e market age3_4.mtrl.xml","building E Age3 accessories","0",""
"building e age3 accessories.tga","Building","D:\AI_upscaling\AoMEE\reports\materials_xml\building e market age3_death_2.mtrl.xml","building E Age3 accessories","0",""
"building e age4.tga","Building","D:\AI_upscaling\AoMEE\reports\materials_xml\building e market age4_2.mtrl.xml","building E Age4","0",""
"building e age4.tga","Building","D:\AI_upscaling\AoMEE\reports\materials_xml\building e market age4_3.mtrl.xml","building E Age4","4",""
"building e age4.tga","Building","D:\AI_upscaling\AoMEE\reports\materials_xml\building e market age4_death_0.mtrl.xml","building E Age4","0",""
"building e age4.tga","Building","D:\AI_upscaling\AoMEE\reports\materials_xml\building e market age4_death_1.mtrl.xml","building E Age4","4",""
"building e age2.tga","Building","D:\AI_upscaling\AoMEE\reports\materials_xml\building e mining camp age 2_2.mtrl.xml","Building E Age2","0",""
"building e age2.tga","Building","D:\AI_upscaling\AoMEE\reports\materials_xml\building e mining camp age 2_3.mtrl.xml","Building E Age2","4",""
"building e age2.tga","Building","D:\AI_upscaling\AoMEE\reports\materials_xml\building e mining camp age 2_death_0.mtrl.xml","Building E Age2","0",""
"building e age2.tga","Building","D:\AI_upscaling\AoMEE\reports\materials_xml\building e mining camp age 2_death_1.mtrl.xml","Building E Age2","4",""
"building e age3 accessories.tga","Building","D:\AI_upscaling\AoMEE\reports\materials_xml\building e mining camp age 2_death_3.mtrl.xml","building E Age3 accessories","0",""
"building e age4.tga","Building","D:\AI_upscaling\AoMEE\reports\materials_xml\building e mining camp age 4_2.mtrl.xml","Building E Age4","0",""
"building e age4.tga","Building","D:\AI_upscaling\AoMEE\reports\materials_xml\building e mining camp age 4_3.mtrl.xml","Building E Age4","4",""
"building e age4.tga","Building","D:\AI_upscaling\AoMEE\reports\materials_xml\building e mining camp age 4_death_0.mtrl.xml","Building E Age4","0",""
"building e age4.tga","Building","D:\AI_upscaling\AoMEE\reports\materials_xml\building e mining camp age 4_death_1.mtrl.xml","Building E Age4","4",""
"building e monument platforms.tga","Building","D:\AI_upscaling\AoMEE\reports\materials_xml\building e monument1 construction_4.mtrl.xml","building E Monument platforms","0",""
"building e monument platforms.tga","Building","D:\AI_upscaling\AoMEE\reports\materials_xml\building e monument1 construction_5.mtrl.xml","building E Monument platforms","4",""
"building e monument platforms.tga","Building","D:\AI_upscaling\AoMEE\reports\materials_xml\building e monument1 stand_0.mtrl.xml","building E Monument platforms","0",""
"building e monument platforms.tga","Building","D:\AI_upscaling\AoMEE\reports\materials_xml\building e monument1 stand_1.mtrl.xml","building E Monument platforms","4",""
"building e monument platforms.tga","Building","D:\AI_upscaling\AoMEE\reports\materials_xml\building e monument2 construction_4.mtrl.xml","building E Monument platforms","0",""
"building e monument platforms.tga","Building","D:\AI_upscaling\AoMEE\reports\materials_xml\building e monument2 construction_5.mtrl.xml","building E Monument platforms","4",""
"building e monument platforms.tga","Building","D:\AI_upscaling\AoMEE\reports\materials_xml\building e monument2 stand_0.mtrl.xml","building E Monument platforms","0",""
"building e monument platforms.tga","Building","D:\AI_upscaling\AoMEE\reports\materials_xml\building e monument2 stand_1.mtrl.xml","building E Monument platforms","4",""
"building e monument platforms.tga","Building","D:\AI_upscaling\AoMEE\reports\materials_xml\building e monument3 construction_4.mtrl.xml","building E Monument platforms","4",""
"building e monument platforms.tga","Building","D:\AI_upscaling\AoMEE\reports\materials_xml\building e monument3 stand_0.mtrl.xml","building E Monument platforms","4",""
"building e monument platforms.tga","Building","D:\AI_upscaling\AoMEE\reports\materials_xml\building e monument4 construction_5.mtrl.xml","building E Monument platforms","0",""
"building e monument platforms.tga","Building","D:\AI_upscaling\AoMEE\reports\materials_xml\building e monument4 construction_6.mtrl.xml","building E Monument platforms","4",""
"building e monument platforms.tga","Building","D:\AI_upscaling\AoMEE\reports\materials_xml\building e monument4 stand_0.mtrl.xml","building E Monument platforms","0",""
"building e monument platforms.tga","Building","D:\AI_upscaling\AoMEE\reports\materials_xml\building e monument4 stand_1.mtrl.xml","building E Monument platforms","4",""
"building e monument platforms.tga","Building","D:\AI_upscaling\AoMEE\reports\materials_xml\building e monument5 isis construction_3.mtrl.xml","building E Monument platforms","0",""
"building e monument platforms.tga","Building","D:\AI_upscaling\AoMEE\reports\materials_xml\building e monument5 ra construction_0.mtrl.xml","building E Monument platforms","0",""
"building e monument platforms.tga","Building","D:\AI_upscaling\AoMEE\reports\materials_xml\building e monument5 set construction_0.mtrl.xml","building E Monument platforms","0",""
"building e monument platforms.tga","Building","D:\AI_upscaling\AoMEE\reports\materials_xml\building e monument5 stand_0.mtrl.xml","building E Monument platforms","0",""
"building e monument platforms.tga","Building","D:\AI_upscaling\AoMEE\reports\materials_xml\building e monument5_0.mtrl.xml","building E Monument platforms","0",""
"building e monument platforms.tga","Building","D:\AI_upscaling\AoMEE\reports\materials_xml\building e monument5_1.mtrl.xml","building E Monument platforms","4",""
"building e outpost.tga","Building","D:\AI_upscaling\AoMEE\reports\materials_xml\building e outpost foundation_0.mtrl.xml","building E Outpost","0",""
"building e outpost.tga","Building","D:\AI_upscaling\AoMEE\reports\materials_xml\building e outpost foundation_1.mtrl.xml","building E Outpost","4",""
"building e outpost.tga","Building","D:\AI_upscaling\AoMEE\reports\materials_xml\building e outpost_0.mtrl.xml","building E Outpost","0",""
"building e outpost.tga","Building","D:\AI_upscaling\AoMEE\reports\materials_xml\building e outpost_1.mtrl.xml","building E Outpost","4",""
"building e outpost.tga","Building","D:\AI_upscaling\AoMEE\reports\materials_xml\building e outpost_birth_0.mtrl.xml","building E Outpost","0",""
"building e outpost.tga","Building","D:\AI_upscaling\AoMEE\reports\materials_xml\building e outpost_birth_1.mtrl.xml","building E Outpost","4",""
"building e outpost.tga","Building","D:\AI_upscaling\AoMEE\reports\materials_xml\building e outpost_death_0.mtrl.xml","building E Outpost","0",""
"building e outpost.tga","Building","D:\AI_upscaling\AoMEE\reports\materials_xml\building e outpost_death_1.mtrl.xml","building E Outpost","4",""
"building_e_monumentbase_map.tga","Building","D:\AI_upscaling\AoMEE\reports\materials_xml\building e pyramid_1.mtrl.xml","Building_E_MonumentBase_Map","0",""
"building_e_monumentbase_map.tga","Building","D:\AI_upscaling\AoMEE\reports\materials_xml\building e pyramid_2.mtrl.xml","Building_E_MonumentBase_Map","4",""
"building e ra wonder02.tga","Building","D:\AI_upscaling\AoMEE\reports\materials_xml\building e ra wonder con1_4.mtrl.xml","building E Ra Wonder02","0",""
"building e ra wonder02.tga","Building","D:\AI_upscaling\AoMEE\reports\materials_xml\building e ra wonder con1_5.mtrl.xml","building E Ra Wonder02","4",""
"building e ra wonder02.tga","Building","D:\AI_upscaling\AoMEE\reports\materials_xml\building e ra wonder con2_1.mtrl.xml","building E Ra Wonder02","0",""
"building e ra wonder02.tga","Building","D:\AI_upscaling\AoMEE\reports\materials_xml\building e ra wonder con2_2.mtrl.xml","building E Ra Wonder02","4",""
"building e ra wonder02.tga","Building","D:\AI_upscaling\AoMEE\reports\materials_xml\building e ra wonder con3_4.mtrl.xml","building E Ra Wonder02","0",""
"building e ra wonder02.tga","Building","D:\AI_upscaling\AoMEE\reports\materials_xml\building e ra wonder con3_5.mtrl.xml","building E Ra Wonder02","4",""
"building e ra wonder02.tga","Building","D:\AI_upscaling\AoMEE\reports\materials_xml\building e ra wonder_1.mtrl.xml","building E Ra Wonder02","0",""
"building e ra wonder02.tga","Building","D:\AI_upscaling\AoMEE\reports\materials_xml\building e ra wonder_2.mtrl.xml","building E Ra Wonder02","4",""
"building e ra wonder02.tga","Building","D:\AI_upscaling\AoMEE\reports\materials_xml\building e ra wonder_death_1.mtrl.xml","building E Ra Wonder02","0",""
"building e ra wonder02.tga","Building","D:\AI_upscaling\AoMEE\reports\materials_xml\building e ra wonder_death_2.mtrl.xml","building E Ra Wonder02","4",""
"building e set wonder02.tga","Building","D:\AI_upscaling\AoMEE\reports\materials_xml\building e set wonder con2_4.mtrl.xml","building E Set Wonder02","0",""
"building e set wonder02.tga","Building","D:\AI_upscaling\AoMEE\reports\materials_xml\building e set wonder con3_4.mtrl.xml","building E Set Wonder02","0",""
"building e set wonder02.tga","Building","D:\AI_upscaling\AoMEE\reports\materials_xml\building e set wonder_1.mtrl.xml","building E Set Wonder02","0",""
"building e set wonder02.tga","Building","D:\AI_upscaling\AoMEE\reports\materials_xml\building e set wonder_3.mtrl.xml","building E Set Wonder02","4",""
"building e set wonder02.tga","Building","D:\AI_upscaling\AoMEE\reports\materials_xml\building e set wonder_death_1.mtrl.xml","building E Set Wonder02","0",""
"building e set wonder02.tga","Building","D:\AI_upscaling\AoMEE\reports\materials_xml\building e set wonder_death_3.mtrl.xml","building E Set Wonder02","4",""
"building e settlement age2.tga","Building","D:\AI_upscaling\AoMEE\reports\materials_xml\building e settlement age2_2.mtrl.xml","building E Settlement Age2","0",""
"building e settlement age2.tga","Building","D:\AI_upscaling\AoMEE\reports\materials_xml\building e settlement age2_3.mtrl.xml","building E Settlement Age2","4",""
"building e settlement age2.tga","Building","D:\AI_upscaling\AoMEE\reports\materials_xml\building e settlement age2_death_0.mtrl.xml","building E Settlement Age2","0",""
"building e settlement age2.tga","Building","D:\AI_upscaling\AoMEE\reports\materials_xml\building e settlement age2_death_1.mtrl.xml","building E Settlement Age2","4",""
"building e age2.tga","Building","D:\AI_upscaling\AoMEE\reports\materials_xml\building e settlement age2_death_3.mtrl.xml","Building E Age2","0",""
"building e age3 accessories.tga","Building","D:\AI_upscaling\AoMEE\reports\materials_xml\building e settlement age3 fortified_3.mtrl.xml","building E Age3 accessories","0",""
"building e age3 accessories.tga","Building","D:\AI_upscaling\AoMEE\reports\materials_xml\building e settlement age3 fortified_death_3.mtrl.xml","building E Age3 accessories","0",""
"building e age3 accessories.tga","Building","D:\AI_upscaling\AoMEE\reports\materials_xml\building e settlement age3_4.mtrl.xml","building E Age3 accessories","0",""
"building e age3 accessories.tga","Building","D:\AI_upscaling\AoMEE\reports\materials_xml\building e settlement age3_death_3.mtrl.xml","building E Age3 accessories","0",""
"building e settlement age4.tga","Building","D:\AI_upscaling\AoMEE\reports\materials_xml\building e settlement age4 fortified_2.mtrl.xml","building E Settlement Age4","0",""
"building e age3 accessories.tga","Building","D:\AI_upscaling\AoMEE\reports\materials_xml\building e settlement age4 fortified_4.mtrl.xml","building E Age3 accessories","0",""
"building e settlement age4.tga","Building","D:\AI_upscaling\AoMEE\reports\materials_xml\building e settlement age4 fortified_death_1.mtrl.xml","building E Settlement Age4","4",""
"building e settlement age4.tga","Building","D:\AI_upscaling\AoMEE\reports\materials_xml\building e settlement age4_2.mtrl.xml","building E Settlement Age4","0",""
"building e settlement age4.tga","Building","D:\AI_upscaling\AoMEE\reports\materials_xml\building e settlement age4_3.mtrl.xml","building E Settlement Age4","4",""
"building e settlement age4.tga","Building","D:\AI_upscaling\AoMEE\reports\materials_xml\building e settlement age4_death_0.mtrl.xml","building E Settlement Age4","0",""
"building e settlement age4.tga","Building","D:\AI_upscaling\AoMEE\reports\materials_xml\building e settlement age4_death_1.mtrl.xml","building E Settlement Age4","4",""
"building e age2.tga","Building","D:\AI_upscaling\AoMEE\reports\materials_xml\building e shrine_0.mtrl.xml","Building E Age2","0",""
"building e age2.tga","Building","D:\AI_upscaling\AoMEE\reports\materials_xml\building e shrine_1.mtrl.xml","Building E Age2","4",""
"building e age3 accessories.tga","Building","D:\AI_upscaling\AoMEE\reports\materials_xml\building e siege camp age3_5.mtrl.xml","building E Age3 accessories","0",""
"building e age3 accessories.tga","Building","D:\AI_upscaling\AoMEE\reports\materials_xml\building e siege camp age3_death_2.mtrl.xml","building E Age3 accessories","0",""
"building e age4.tga","Building","D:\AI_upscaling\AoMEE\reports\materials_xml\building e siege camp age4_2.mtrl.xml","building E Age4","0",""
"building e age4.tga","Building","D:\AI_upscaling\AoMEE\reports\materials_xml\building e siege camp age4_3.mtrl.xml","building E Age4","4",""
"building e age4.tga","Building","D:\AI_upscaling\AoMEE\reports\materials_xml\building e siege camp age4_death_0.mtrl.xml","building E Age4","0",""
"building e age4.tga","Building","D:\AI_upscaling\AoMEE\reports\materials_xml\building e siege camp age4_death_1.mtrl.xml","building E Age4","4",""
"building e age2.tga","Building","D:\AI_upscaling\AoMEE\reports\materials_xml\building e temple age2_0.mtrl.xml","Building E Age2","0",""
"building e age2.tga","Building","D:\AI_upscaling\AoMEE\reports\materials_xml\building e temple age2_1.mtrl.xml","Building E Age2","4",""
"building e age2.tga","Building","D:\AI_upscaling\AoMEE\reports\materials_xml\building e temple age2_death_0.mtrl.xml","Building E Age2","0",""
"building e age2.tga","Building","D:\AI_upscaling\AoMEE\reports\materials_xml\building e temple age2_death_1.mtrl.xml","Building E Age2","4",""
"building e age4.tga","Building","D:\AI_upscaling\AoMEE\reports\materials_xml\building e temple age4_0.mtrl.xml","building E Age4","0",""
"building e age4.tga","Building","D:\AI_upscaling\AoMEE\reports\materials_xml\building e temple age4_1.mtrl.xml","building E Age4","4",""
"building e age4.tga","Building","D:\AI_upscaling\AoMEE\reports\materials_xml\building e temple age4_death_0.mtrl.xml","building E Age4","0",""
"building e age4.tga","Building","D:\AI_upscaling\AoMEE\reports\materials_xml\building e temple age4_death_1.mtrl.xml","building E Age4","4",""
"building e titan gate map.tga","Building","D:\AI_upscaling\AoMEE\reports\materials_xml\building e titan gate stage1_0.mtrl.xml","Building E Titan Gate Map","0",""
"building e titan gate map.tga","Building","D:\AI_upscaling\AoMEE\reports\materials_xml\building e titan gate stage1_1.mtrl.xml","Building E Titan Gate Map","4",""
"building e titan gate map.tga","Building","D:\AI_upscaling\AoMEE\reports\materials_xml\building e titan gate stage2_0.mtrl.xml","Building E Titan Gate Map","0",""
"building e titan gate map.tga","Building","D:\AI_upscaling\AoMEE\reports\materials_xml\building e titan gate stage2_1.mtrl.xml","Building E Titan Gate Map","4",""
"building e titan gate map.tga","Building","D:\AI_upscaling\AoMEE\reports\materials_xml\building e titan gate stage3_0.mtrl.xml","Building E Titan Gate Map","0",""
"building e titan gate map.tga","Building","D:\AI_upscaling\AoMEE\reports\materials_xml\building e titan gate stage3_1.mtrl.xml","Building E Titan Gate Map","4",""
"building e titan gate map.tga","Building","D:\AI_upscaling\AoMEE\reports\materials_xml\building e titan gate stage4_0.mtrl.xml","Building E Titan Gate Map","0",""
"building e titan gate map.tga","Building","D:\AI_upscaling\AoMEE\reports\materials_xml\building e titan gate stage4_1.mtrl.xml","Building E Titan Gate Map","4",""
"building e age2.tga","Building","D:\AI_upscaling\AoMEE\reports\materials_xml\building e tower age2_0.mtrl.xml","Building E Age2","0",""
"building e age2.tga","Building","D:\AI_upscaling\AoMEE\reports\materials_xml\building e tower age2_1.mtrl.xml","Building E Age2","4",""
"building e shared02 2 map.tga","Building","D:\AI_upscaling\AoMEE\reports\materials_xml\building e tower_0.mtrl.xml","Building E shared02 2 map","0",""
"building e shared01 2 map.tga","Building","D:\AI_upscaling\AoMEE\reports\materials_xml\building e tower_1.mtrl.xml","Building E shared01 2 map","0",""
"building e age2.tga","Building","D:\AI_upscaling\AoMEE\reports\materials_xml\building e tradedock age2_2.mtrl.xml","Building E Age2","0",""
"building e age2.tga","Building","D:\AI_upscaling\AoMEE\reports\materials_xml\building e tradedock age2_3.mtrl.xml","Building E Age2","4",""
"building e age2.tga","Building","D:\AI_upscaling\AoMEE\reports\materials_xml\building e tradedock age2_death_0.mtrl.xml","Building E Age2","0",""
"building e age2.tga","Building","D:\AI_upscaling\AoMEE\reports\materials_xml\building e tradedock age2_death_1.mtrl.xml","Building E Age2","4",""
"building e age3 accessories.tga","Building","D:\AI_upscaling\AoMEE\reports\materials_xml\building e tradedock age3_4.mtrl.xml","building E Age3 accessories","0",""
"building e age3 accessories.tga","Building","D:\AI_upscaling\AoMEE\reports\materials_xml\building e tradedock age3_death_2.mtrl.xml","building E Age3 accessories","0",""
"building e age4.tga","Building","D:\AI_upscaling\AoMEE\reports\materials_xml\building e tradedock age4_2.mtrl.xml","building E Age4","0",""
"building e age4.tga","Building","D:\AI_upscaling\AoMEE\reports\materials_xml\building e tradedock age4_3.mtrl.xml","building E Age4","4",""
"building e age4.tga","Building","D:\AI_upscaling\AoMEE\reports\materials_xml\building e tradedock age4_death_0.mtrl.xml","building E Age4","0",""
"building e age4.tga","Building","D:\AI_upscaling\AoMEE\reports\materials_xml\building e tradedock age4_death_1.mtrl.xml","building E Age4","4",""
"building e wall4.tga","Building","D:\AI_upscaling\AoMEE\reports\materials_xml\building e wallcit long stage1_1.mtrl.xml","Building E Wall4","0",""
"building e wall4.tga","Building","D:\AI_upscaling\AoMEE\reports\materials_xml\building e wallcit long stage1_2.mtrl.xml","Building E Wall4","4",""
"building e wall4.tga","Building","D:\AI_upscaling\AoMEE\reports\materials_xml\building e wallcit long stage2_1.mtrl.xml","Building E Wall4","0",""
"building e wall4.tga","Building","D:\AI_upscaling\AoMEE\reports\materials_xml\building e wallcit long stage2_2.mtrl.xml","Building E Wall4","4",""
"building e wall4.tga","Building","D:\AI_upscaling\AoMEE\reports\materials_xml\building e wallcit long stage3_1.mtrl.xml","Building E Wall4","0",""
"building e wall4.tga","Building","D:\AI_upscaling\AoMEE\reports\materials_xml\building e wallcit long stage3_2.mtrl.xml","Building E Wall4","4",""
"building e wall4.tga","Building","D:\AI_upscaling\AoMEE\reports\materials_xml\building e wallcit long stage3_death_1.mtrl.xml","Building E Wall4","0",""
"building e wall4.tga","Building","D:\AI_upscaling\AoMEE\reports\materials_xml\building e wallcit long stage3_death_2.mtrl.xml","Building E Wall4","4",""
"building e wall4.tga","Building","D:\AI_upscaling\AoMEE\reports\materials_xml\building e wallcit medium stage1_0.mtrl.xml","Building E Wall4","0",""
"building e wall4.tga","Building","D:\AI_upscaling\AoMEE\reports\materials_xml\building e wallcit medium stage1_1.mtrl.xml","Building E Wall4","4",""
"building e wall4.tga","Building","D:\AI_upscaling\AoMEE\reports\materials_xml\building e wallcit medium stage2_0.mtrl.xml","Building E Wall4","0",""
"building e wall4.tga","Building","D:\AI_upscaling\AoMEE\reports\materials_xml\building e wallcit medium stage2_1.mtrl.xml","Building E Wall4","4",""
"building e wall4.tga","Building","D:\AI_upscaling\AoMEE\reports\materials_xml\building e wallcit medium stage3_0.mtrl.xml","Building E Wall4","0",""
"building e wall4.tga","Building","D:\AI_upscaling\AoMEE\reports\materials_xml\building e wallcit medium stage3_1.mtrl.xml","Building E Wall4","4",""
"building e wall4.tga","Building","D:\AI_upscaling\AoMEE\reports\materials_xml\building e wallcit medium stage3_death_0.mtrl.xml","Building E Wall4","0",""
"building e wall4.tga","Building","D:\AI_upscaling\AoMEE\reports\materials_xml\building e wallcit medium stage3_death_1.mtrl.xml","Building E Wall4","4",""
"building e wall4.tga","Building","D:\AI_upscaling\AoMEE\reports\materials_xml\building e wallcit short stage1_0.mtrl.xml","Building E Wall4","0",""
"building e wall4.tga","Building","D:\AI_upscaling\AoMEE\reports\materials_xml\building e wallcit short stage1_1.mtrl.xml","Building E Wall4","4",""
"building e wall4.tga","Building","D:\AI_upscaling\AoMEE\reports\materials_xml\building e wallcit short stage2_0.mtrl.xml","Building E Wall4","0",""
"building e wall4.tga","Building","D:\AI_upscaling\AoMEE\reports\materials_xml\building e wallcit short stage2_1.mtrl.xml","Building E Wall4","4",""
"building e wall4.tga","Building","D:\AI_upscaling\AoMEE\reports\materials_xml\building e wallcit short stage3_0.mtrl.xml","Building E Wall4","0",""
"building e wall4.tga","Building","D:\AI_upscaling\AoMEE\reports\materials_xml\building e wallcit short stage3_1.mtrl.xml","Building E Wall4","4",""
"building e wall4.tga","Building","D:\AI_upscaling\AoMEE\reports\materials_xml\building e wallcit short stage3_death_0.mtrl.xml","Building E Wall4","0",""
"building e wall4.tga","Building","D:\AI_upscaling\AoMEE\reports\materials_xml\building e wallcit short stage3_death_1.mtrl.xml","Building E Wall4","4",""
"building e age3 accessories.tga","Building","D:\AI_upscaling\AoMEE\reports\materials_xml\building e wallcon stage1_3.mtrl.xml","building E Age3 accessories","0",""
"building e age3 accessories.tga","Building","D:\AI_upscaling\AoMEE\reports\materials_xml\building e wallcon stage2_3.mtrl.xml","building E Age3 accessories","0",""
"building e age3 accessories.tga","Building","D:\AI_upscaling\AoMEE\reports\materials_xml\building e wallcon stage3_3.mtrl.xml","building E Age3 accessories","0",""
"building e age3 accessories.tga","Building","D:\AI_upscaling\AoMEE\reports\materials_xml\building e wallcon stage3_death_3.mtrl.xml","building E Age3 accessories","0",""
"building e age3 accessories.tga","Building","D:\AI_upscaling\AoMEE\reports\materials_xml\building e wallconnector age3_2.mtrl.xml","building E Age3 accessories","0",""
"building e wall4.tga","Building","D:\AI_upscaling\AoMEE\reports\materials_xml\building e wallconnector age4_0.mtrl.xml","Building E Wall4","0",""
"building e wall4.tga","Building","D:\AI_upscaling\AoMEE\reports\materials_xml\building e wallconnector age4_1.mtrl.xml","Building E Wall4","4",""
"building e wall4.tga","Building","D:\AI_upscaling\AoMEE\reports\materials_xml\building e wallconnector age4_death_0.mtrl.xml","Building E Wall4","0",""
"building e age3 accessories.tga","Building","D:\AI_upscaling\AoMEE\reports\materials_xml\building e wallfort long stage1_3.mtrl.xml","building E Age3 accessories","0",""
"building e age3 accessories.tga","Building","D:\AI_upscaling\AoMEE\reports\materials_xml\building e wallfort long stage2_3.mtrl.xml","building E Age3 accessories","0",""
"building e age3 accessories.tga","Building","D:\AI_upscaling\AoMEE\reports\materials_xml\building e wallfort long stage3_3.mtrl.xml","building E Age3 accessories","0",""
"building e age3 accessories.tga","Building","D:\AI_upscaling\AoMEE\reports\materials_xml\building e wallfort long stage3_death_3.mtrl.xml","building E Age3 accessories","0",""
"building e age3 accessories.tga","Building","D:\AI_upscaling\AoMEE\reports\materials_xml\building e wallfort medium stage1_3.mtrl.xml","building E Age3 accessories","0",""
"building e age3 accessories.tga","Building","D:\AI_upscaling\AoMEE\reports\materials_xml\building e wallfort medium stage2_3.mtrl.xml","building E Age3 accessories","0",""
"building e age3 accessories.tga","Building","D:\AI_upscaling\AoMEE\reports\materials_xml\building e wallfort medium stage3_3.mtrl.xml","building E Age3 accessories","0",""
"building e age3 accessories.tga","Building","D:\AI_upscaling\AoMEE\reports\materials_xml\building e wallfort medium stage3_death_3.mtrl.xml","building E Age3 accessories","0",""
"building e age3 accessories.tga","Building","D:\AI_upscaling\AoMEE\reports\materials_xml\building e wallfort short stage1_3.mtrl.xml","building E Age3 accessories","0",""
"building e age3 accessories.tga","Building","D:\AI_upscaling\AoMEE\reports\materials_xml\building e wallfort short stage2_3.mtrl.xml","building E Age3 accessories","0",""
"building e age3 accessories.tga","Building","D:\AI_upscaling\AoMEE\reports\materials_xml\building e wallfort short stage3_3.mtrl.xml","building E Age3 accessories","0",""
"building e age3 accessories.tga","Building","D:\AI_upscaling\AoMEE\reports\materials_xml\building e wallfort short stage3_death_3.mtrl.xml","building E Age3 accessories","0",""
"building e age3 accessories.tga","Building","D:\AI_upscaling\AoMEE\reports\materials_xml\building e walllong age3_2.mtrl.xml","building E Age3 accessories","0",""
"building e wall4.tga","Building","D:\AI_upscaling\AoMEE\reports\materials_xml\building e walllong age4_0.mtrl.xml","Building E Wall4","0",""
"building e wall4.tga","Building","D:\AI_upscaling\AoMEE\reports\materials_xml\building e walllong age4_1.mtrl.xml","Building E Wall4","4",""
"building e age3 accessories.tga","Building","D:\AI_upscaling\AoMEE\reports\materials_xml\building e wallmedium age3_2.mtrl.xml","building E Age3 accessories","0",""
"building e wall4.tga","Building","D:\AI_upscaling\AoMEE\reports\materials_xml\building e wallmedium age4_1.mtrl.xml","Building E Wall4","4",""
"building e age3 accessories.tga","Building","D:\AI_upscaling\AoMEE\reports\materials_xml\building e wallshort age3_2.mtrl.xml","building E Age3 accessories","0",""
"building e wall4.tga","Building","D:\AI_upscaling\AoMEE\reports\materials_xml\building e wallshort age4_0.mtrl.xml","Building E Wall4","0",""
"building e wall4.tga","Building","D:\AI_upscaling\AoMEE\reports\materials_xml\building e wallshort age4_1.mtrl.xml","Building E Wall4","4",""
"building e age2.tga","Building","D:\AI_upscaling\AoMEE\reports\materials_xml\building e watch age2_0.mtrl.xml","Building E Age2","0",""
"building e age2.tga","Building","D:\AI_upscaling\AoMEE\reports\materials_xml\building e watch age2_1.mtrl.xml","Building E Age2","4",""
"building e age2.tga","Building","D:\AI_upscaling\AoMEE\reports\materials_xml\building e watch age2_death_0.mtrl.xml","Building E Age2","0",""
"building e age2.tga","Building","D:\AI_upscaling\AoMEE\reports\materials_xml\building e watch age2_death_1.mtrl.xml","Building E Age2","4",""
"building e age3 accessories.tga","Building","D:\AI_upscaling\AoMEE\reports\materials_xml\building e watch age3_2.mtrl.xml","building E Age3 accessories","0",""
"building e age3 accessories.tga","Building","D:\AI_upscaling\AoMEE\reports\materials_xml\building e watch age3_death_2.mtrl.xml","building E Age3 accessories","0",""
"building e age4.tga","Building","D:\AI_upscaling\AoMEE\reports\materials_xml\building e watch age4_0.mtrl.xml","Building E Age4","0",""
"building e age4.tga","Building","D:\AI_upscaling\AoMEE\reports\materials_xml\building e watch age4_1.mtrl.xml","Building E Age4","4",""
"building e age4.tga","Building","D:\AI_upscaling\AoMEE\reports\materials_xml\building e watch age4_death_0.mtrl.xml","Building E Age4","0",""
"building e age4.tga","Building","D:\AI_upscaling\AoMEE\reports\materials_xml\building e watch age4_death_1.mtrl.xml","Building E Age4","4",""
"building e titan gate map.tga","Building","D:\AI_upscaling\AoMEE\reports\materials_xml\building egypt titan gate_dead_0.mtrl.xml","Building E Titan Gate Map","0",""
"building e titan gate map.tga","Building","D:\AI_upscaling\AoMEE\reports\materials_xml\building egypt titan gate_dead_1.mtrl.xml","Building E Titan Gate Map","4",""
"building e titan gate map.tga","Building","D:\AI_upscaling\AoMEE\reports\materials_xml\building egypt titan gate_death_0.mtrl.xml","Building E Titan Gate Map","0",""
"building e titan gate map.tga","Building","D:\AI_upscaling\AoMEE\reports\materials_xml\building egypt titan gate_death_1.mtrl.xml","Building E Titan Gate Map","4",""
"building g wallsage3.tga","Building","D:\AI_upscaling\AoMEE\reports\materials_xml\building g archery range age3_0.mtrl.xml","Building G WallsAge3","0",""
"building g wallsage3.tga","Building","D:\AI_upscaling\AoMEE\reports\materials_xml\building g archery range age3_2.mtrl.xml","Building G WallsAge3","4",""
"building g wallsage3.tga","Building","D:\AI_upscaling\AoMEE\reports\materials_xml\building g archery range age3_death_0.mtrl.xml","Building G WallsAge3","0",""
"building g wallsage1.tga","Building","D:\AI_upscaling\AoMEE\reports\materials_xml\building g archery rangeage1_1.mtrl.xml","Building G WallsAge1","0",""
"building g roofage1.tga","Building","D:\AI_upscaling\AoMEE\reports\materials_xml\building g archery rangeage1_2.mtrl.xml","Building G RoofAge1","0",""
"building g wallsage1.tga","Building","D:\AI_upscaling\AoMEE\reports\materials_xml\building g archery rangeage1_3.mtrl.xml","Building G WallsAge1","4",""
"building g wallsage1.tga","Building","D:\AI_upscaling\AoMEE\reports\materials_xml\building g archery rangeage1_death_0.mtrl.xml","Building G WallsAge1","0",""
"building g roofage1.tga","Building","D:\AI_upscaling\AoMEE\reports\materials_xml\building g archery rangeage1_death_1.mtrl.xml","Building G RoofAge1","0",""
"building g wallsage2.tga","Building","D:\AI_upscaling\AoMEE\reports\materials_xml\building g archery rangeage2_1.mtrl.xml","Building G WallsAge2","0",""
"building g wallsage2.tga","Building","D:\AI_upscaling\AoMEE\reports\materials_xml\building g archery rangeage2_2.mtrl.xml","Building G WallsAge2","4",""
"building g wallsage2.tga","Building","D:\AI_upscaling\AoMEE\reports\materials_xml\building g archery rangeage2_death_1.mtrl.xml","Building G WallsAge2","0",""
"building g wallsage2.tga","Building","D:\AI_upscaling\AoMEE\reports\materials_xml\building g archery rangeage2_death_2.mtrl.xml","Building G WallsAge2","4",""
"building g roofage1.tga","Building","D:\AI_upscaling\AoMEE\reports\materials_xml\building g armoryage1_1.mtrl.xml","Building G RoofAge1","0",""
"building g wallsage1.tga","Building","D:\AI_upscaling\AoMEE\reports\materials_xml\building g armoryage1_2.mtrl.xml","Building G WallsAge1","0",""
"building g wallsage1.tga","Building","D:\AI_upscaling\AoMEE\reports\materials_xml\building g armoryage1_3.mtrl.xml","Building G WallsAge1","4",""
"building g roofage1.tga","Building","D:\AI_upscaling\AoMEE\reports\materials_xml\building g armoryage1_death_0.mtrl.xml","Building G RoofAge1","0",""
"building g wallsage1.tga","Building","D:\AI_upscaling\AoMEE\reports\materials_xml\building g armoryage1_death_1.mtrl.xml","Building G WallsAge1","0",""
"building g wallsage1.tga","Building","D:\AI_upscaling\AoMEE\reports\materials_xml\building g armoryage1_death_2.mtrl.xml","Building G WallsAge1","4",""
"building g wallsage2.tga","Building","D:\AI_upscaling\AoMEE\reports\materials_xml\building g armoryage2_2.mtrl.xml","Building G WallsAge2","0",""
"building g wallsage2.tga","Building","D:\AI_upscaling\AoMEE\reports\materials_xml\building g armoryage2_3.mtrl.xml","Building G WallsAge2","4",""
"building g wallsage2.tga","Building","D:\AI_upscaling\AoMEE\reports\materials_xml\building g armoryage2_death_0.mtrl.xml","Building G WallsAge2","0",""
"building g wallsage3.tga","Building","D:\AI_upscaling\AoMEE\reports\materials_xml\building g armoryage3_1.mtrl.xml","Building G WallsAge3","0",""
"building g wallsage3.tga","Building","D:\AI_upscaling\AoMEE\reports\materials_xml\building g armoryage3_3.mtrl.xml","Building G WallsAge3","4",""
"building g wallsage3.tga","Building","D:\AI_upscaling\AoMEE\reports\materials_xml\building g armoryage3_death_0.mtrl.xml","Building G WallsAge3","0",""
"building g wallsage3.tga","Building","D:\AI_upscaling\AoMEE\reports\materials_xml\building g barracks age3_2.mtrl.xml","Building G WallsAge3","0",""
"building g wallsage3.tga","Building","D:\AI_upscaling\AoMEE\reports\materials_xml\building g barracks age3_3.mtrl.xml","Building G WallsAge3","4",""
"building g wallsage3.tga","Building","D:\AI_upscaling\AoMEE\reports\materials_xml\building g barracks age3_death_0.mtrl.xml","Building G WallsAge3","0",""
"building g roofage1.tga","Building","D:\AI_upscaling\AoMEE\reports\materials_xml\building g barracksage1_1.mtrl.xml","Building G RoofAge1","0",""
"building g wallsage1.tga","Building","D:\AI_upscaling\AoMEE\reports\materials_xml\building g barracksage1_2.mtrl.xml","Building G WallsAge1","0",""
"building g wallsage1.tga","Building","D:\AI_upscaling\AoMEE\reports\materials_xml\building g barracksage1_3.mtrl.xml","Building G WallsAge1","4",""
"building g roofage1.tga","Building","D:\AI_upscaling\AoMEE\reports\materials_xml\building g barracksage1_death_0.mtrl.xml","Building G RoofAge1","0",""
"building g wallsage1.tga","Building","D:\AI_upscaling\AoMEE\reports\materials_xml\building g barracksage1_death_1.mtrl.xml","Building G WallsAge1","0",""
"building g wallsage1.tga","Building","D:\AI_upscaling\AoMEE\reports\materials_xml\building g barracksage1_death_2.mtrl.xml","Building G WallsAge1","4",""
"building g wallsage2.tga","Building","D:\AI_upscaling\AoMEE\reports\materials_xml\building g barracksage2_1.mtrl.xml","Building G WallsAge2","0",""
"building g wallsage2.tga","Building","D:\AI_upscaling\AoMEE\reports\materials_xml\building g barracksage2_3.mtrl.xml","Building G WallsAge2","4",""
"building g wallsage2.tga","Building","D:\AI_upscaling\AoMEE\reports\materials_xml\building g barracksage2_death_0.mtrl.xml","Building G WallsAge2","0",""
"building g wallsage2.tga","Building","D:\AI_upscaling\AoMEE\reports\materials_xml\building g barracksage2_death_2.mtrl.xml","Building G WallsAge2","4",""
"building g fortresswall.tga","Building","D:\AI_upscaling\AoMEE\reports\materials_xml\building g construction fortress2_0.mtrl.xml","Building G FortressWall","0",""
"building g roofage1.tga","Building","D:\AI_upscaling\AoMEE\reports\materials_xml\building g dockage1_2.mtrl.xml","Building G RoofAge1","0",""
"building g wallsage1.tga","Building","D:\AI_upscaling\AoMEE\reports\materials_xml\building g dockage1_3.mtrl.xml","Building G WallsAge1","0",""
"building g wallsage1.tga","Building","D:\AI_upscaling\AoMEE\reports\materials_xml\building g dockage1_4.mtrl.xml","Building G WallsAge1","4",""
"building g roofage1.tga","Building","D:\AI_upscaling\AoMEE\reports\materials_xml\building g dockage1_death_2.mtrl.xml","Building G RoofAge1","0",""
"building g wallsage1.tga","Building","D:\AI_upscaling\AoMEE\reports\materials_xml\building g dockage1_death_3.mtrl.xml","Building G WallsAge1","0",""
"building g wallsage1.tga","Building","D:\AI_upscaling\AoMEE\reports\materials_xml\building g dockage1_death_4.mtrl.xml","Building G WallsAge1","4",""
"building g wallsage2.tga","Building","D:\AI_upscaling\AoMEE\reports\materials_xml\building g dockage2_1.mtrl.xml","Building G WallsAge2","0",""
"building g wallsage2.tga","Building","D:\AI_upscaling\AoMEE\reports\materials_xml\building g dockage2_2.mtrl.xml","Building G WallsAge2","4",""
"building g wallsage1.tga","Building","D:\AI_upscaling\AoMEE\reports\materials_xml\building g dockage2_3.mtrl.xml","Building G WallsAge1","0",""
"building g wallsage2.tga","Building","D:\AI_upscaling\AoMEE\reports\materials_xml\building g dockage2_death_1.mtrl.xml","Building G WallsAge2","0",""
"building g wallsage2.tga","Building","D:\AI_upscaling\AoMEE\reports\materials_xml\building g dockage2_death_2.mtrl.xml","Building G WallsAge2","4",""
"building g wallsage1.tga","Building","D:\AI_upscaling\AoMEE\reports\materials_xml\building g dockage2_death_3.mtrl.xml","Building G WallsAge1","0",""
"building g wallsage3.tga","Building","D:\AI_upscaling\AoMEE\reports\materials_xml\building g dockage3_0.mtrl.xml","Building G WallsAge3","4",""
"building g wallsage3.tga","Building","D:\AI_upscaling\AoMEE\reports\materials_xml\building g dockage3_2.mtrl.xml","Building G WallsAge3","0",""
"building g roofage1.tga","Building","D:\AI_upscaling\AoMEE\reports\materials_xml\building g dockage3_3.mtrl.xml","Building G RoofAge1","0",""
"building g wallsage3.tga","Building","D:\AI_upscaling\AoMEE\reports\materials_xml\building g dockage3_death_0.mtrl.xml","Building G WallsAge3","4",""
"building g wallsage3.tga","Building","D:\AI_upscaling\AoMEE\reports\materials_xml\building g dockage3_death_2.mtrl.xml","Building G WallsAge3","0",""
"building g roofage1.tga","Building","D:\AI_upscaling\AoMEE\reports\materials_xml\building g dockage3_death_3.mtrl.xml","Building G RoofAge1","0",""
"building g fortifiedwall.tga","Building","D:\AI_upscaling\AoMEE\reports\materials_xml\building g fortifiedgate_closed_1.mtrl.xml","Building G Fortifiedwall","4",""
"building g fortifiedwall.tga","Building","D:\AI_upscaling\AoMEE\reports\materials_xml\building g fortifiedgate_closing_0.mtrl.xml","Building G Fortifiedwall","0",""
"building g fortifiedwall.tga","Building","D:\AI_upscaling\AoMEE\reports\materials_xml\building g fortifiedgate_closing_1.mtrl.xml","Building G Fortifiedwall","4",""
"building g fortifiedwall.tga","Building","D:\AI_upscaling\AoMEE\reports\materials_xml\building g fortifiedgate_opening_0.mtrl.xml","Building G Fortifiedwall","0",""
"building g fortifiedwall.tga","Building","D:\AI_upscaling\AoMEE\reports\materials_xml\building g fortifiedgate_opening_1.mtrl.xml","Building G Fortifiedwall","4",""
"building g fortifiedwall.tga","Building","D:\AI_upscaling\AoMEE\reports\materials_xml\building g fortifiedgate_open_0.mtrl.xml","Building G Fortifiedwall","0",""
"building g fortifiedwall.tga","Building","D:\AI_upscaling\AoMEE\reports\materials_xml\building g fortifiedwall connector_0.mtrl.xml","Building G Fortifiedwall","4",""
"building g fortifiedwall.tga","Building","D:\AI_upscaling\AoMEE\reports\materials_xml\building g fortifiedwall connector_death_0.mtrl.xml","Building G Fortifiedwall","4",""
"building g fortifiedwall.tga","Building","D:\AI_upscaling\AoMEE\reports\materials_xml\building g fortifiedwall long_0.mtrl.xml","Building G Fortifiedwall","4",""
"building g fortifiedwall.tga","Building","D:\AI_upscaling\AoMEE\reports\materials_xml\building g fortifiedwall medium_0.mtrl.xml","Building G Fortifiedwall","4",""
"building g fortifiedwall.tga","Building","D:\AI_upscaling\AoMEE\reports\materials_xml\building g fortifiedwall short_0.mtrl.xml","Building G Fortifiedwall","4",""
"building g fortresswall.tga","Building","D:\AI_upscaling\AoMEE\reports\materials_xml\building g fortress age3_1.mtrl.xml","Building G FortressWall","0",""
"building g fortresswall.tga","Building","D:\AI_upscaling\AoMEE\reports\materials_xml\building g fortress age3_3.mtrl.xml","Building G FortressWall","4",""
"building g fortresswall.tga","Building","D:\AI_upscaling\AoMEE\reports\materials_xml\building g fortress age3_death_0.mtrl.xml","Building G FortressWall","0",""
"building g fortresswall.tga","Building","D:\AI_upscaling\AoMEE\reports\materials_xml\building g fortress age3_death_2.mtrl.xml","Building G FortressWall","4",""
"building g fortresswall.tga","Building","D:\AI_upscaling\AoMEE\reports\materials_xml\building g fortress age4_1.mtrl.xml","Building G FortressWall","0",""
"building g fortresswall.tga","Building","D:\AI_upscaling\AoMEE\reports\materials_xml\building g fortress age4_3.mtrl.xml","Building G FortressWall","4",""
"building g fortresswall.tga","Building","D:\AI_upscaling\AoMEE\reports\materials_xml\building g fortress age4_death_0.mtrl.xml","Building G FortressWall","0",""
"building g fortresswall.tga","Building","D:\AI_upscaling\AoMEE\reports\materials_xml\building g fortress age4_death_2.mtrl.xml","Building G FortressWall","4",""
"building g fortifiedwall.tga","Building","D:\AI_upscaling\AoMEE\reports\materials_xml\building g fwall long stage1_0.mtrl.xml","Building G Fortifiedwall","4",""
"building g fortifiedwall.tga","Building","D:\AI_upscaling\AoMEE\reports\materials_xml\building g fwall long stage2_0.mtrl.xml","Building G Fortifiedwall","4",""
"building g fortifiedwall.tga","Building","D:\AI_upscaling\AoMEE\reports\materials_xml\building g fwall long stage3_0.mtrl.xml","Building G Fortifiedwall","4",""
"building g fortifiedwall.tga","Building","D:\AI_upscaling\AoMEE\reports\materials_xml\building g fwall long stage3_death_0.mtrl.xml","Building G Fortifiedwall","4",""
"building g fortifiedwall.tga","Building","D:\AI_upscaling\AoMEE\reports\materials_xml\building g fwall medium stage1_0.mtrl.xml","Building G Fortifiedwall","4",""
"building g fortifiedwall.tga","Building","D:\AI_upscaling\AoMEE\reports\materials_xml\building g fwall medium stage2_0.mtrl.xml","Building G Fortifiedwall","4",""
"building g fortifiedwall.tga","Building","D:\AI_upscaling\AoMEE\reports\materials_xml\building g fwall medium stage3_0.mtrl.xml","Building G Fortifiedwall","4",""
"building g fortifiedwall.tga","Building","D:\AI_upscaling\AoMEE\reports\materials_xml\building g fwall medium stage3_death_0.mtrl.xml","Building G Fortifiedwall","4",""
"building g fortifiedwall.tga","Building","D:\AI_upscaling\AoMEE\reports\materials_xml\building g fwall short stage1_0.mtrl.xml","Building G Fortifiedwall","4",""
"building g fortifiedwall.tga","Building","D:\AI_upscaling\AoMEE\reports\materials_xml\building g fwall short stage2_0.mtrl.xml","Building G Fortifiedwall","4",""
"building g fortifiedwall.tga","Building","D:\AI_upscaling\AoMEE\reports\materials_xml\building g fwall short stage3_0.mtrl.xml","Building G Fortifiedwall","4",""
"building g fortifiedwall.tga","Building","D:\AI_upscaling\AoMEE\reports\materials_xml\building g fwall short stage3_death_0.mtrl.xml","Building G Fortifiedwall","4",""
"building g towers.tga","Building","D:\AI_upscaling\AoMEE\reports\materials_xml\building g guardtower age3_0.mtrl.xml","Building G Towers","0",""
"building g towers.tga","Building","D:\AI_upscaling\AoMEE\reports\materials_xml\building g guardtower age3_1.mtrl.xml","Building G Towers","4",""
"building g towers.tga","Building","D:\AI_upscaling\AoMEE\reports\materials_xml\building g guardtower age3_death_0.mtrl.xml","Building G Towers","0",""
"building g towers.tga","Building","D:\AI_upscaling\AoMEE\reports\materials_xml\building g guardtower age3_death_1.mtrl.xml","Building G Towers","4",""
"building g towers.tga","Building","D:\AI_upscaling\AoMEE\reports\materials_xml\building g guardtower_0.mtrl.xml","Building G Towers","0",""
"building g towers.tga","Building","D:\AI_upscaling\AoMEE\reports\materials_xml\building g guardtower_1.mtrl.xml","Building G Towers","4",""
"building g towers.tga","Building","D:\AI_upscaling\AoMEE\reports\materials_xml\building g guardtower_death_0.mtrl.xml","Building G Towers","0",""
"building g towers.tga","Building","D:\AI_upscaling\AoMEE\reports\materials_xml\building g guardtower_death_1.mtrl.xml","Building G Towers","4",""
"world g hades temple.tga","World/Terrain","D:\AI_upscaling\AoMEE\reports\materials_xml\building g hades temple_0.mtrl.xml","World G Hades Temple","0",""
"world g hades temple.tga","World/Terrain","D:\AI_upscaling\AoMEE\reports\materials_xml\building g hades temple_1.mtrl.xml","World G Hades Temple","4",""
"world g hades temple.tga","World/Terrain","D:\AI_upscaling\AoMEE\reports\materials_xml\building g hades temple_death_0.mtrl.xml","World G Hades Temple","0",""
"world g hades temple.tga","World/Terrain","D:\AI_upscaling\AoMEE\reports\materials_xml\building g hades temple_death_1.mtrl.xml","World G Hades Temple","4",""
"building g hades wonder.tga","Building","D:\AI_upscaling\AoMEE\reports\materials_xml\building g hades wonder_0.mtrl.xml","Building G Hades Wonder","0",""
"building g hades wonder.tga","Building","D:\AI_upscaling\AoMEE\reports\materials_xml\building g hades wonder_2.mtrl.xml","Building G Hades Wonder","4",""
"building g hades wonder.tga","Building","D:\AI_upscaling\AoMEE\reports\materials_xml\building g hades wonder_death_0.mtrl.xml","Building G Hades Wonder","0",""
"building g hades wonder.tga","Building","D:\AI_upscaling\AoMEE\reports\materials_xml\building g hades wonder_death_2.mtrl.xml","Building G Hades Wonder","4",""
"building g hades wonder.tga","Building","D:\AI_upscaling\AoMEE\reports\materials_xml\building g hadeswonder con2_3.mtrl.xml","Building G Hades Wonder","0",""
"building g hades wonder.tga","Building","D:\AI_upscaling\AoMEE\reports\materials_xml\building g hadeswonder con3_4.mtrl.xml","Building G Hades Wonder","0",""
"building g hades wonder.tga","Building","D:\AI_upscaling\AoMEE\reports\materials_xml\building g hadeswonder con3_5.mtrl.xml","Building G Hades Wonder","4",""
"building g age0.tga","Building","D:\AI_upscaling\AoMEE\reports\materials_xml\building g housea age0_1.mtrl.xml","Building G Age0","0",""
"building g age0.tga","Building","D:\AI_upscaling\AoMEE\reports\materials_xml\building g housea age0_2.mtrl.xml","Building G Age0","4",""
"building g age0.tga","Building","D:\AI_upscaling\AoMEE\reports\materials_xml\building g housea age0_death_0.mtrl.xml","Building G Age0","0",""
"building g wallsage1.tga","Building","D:\AI_upscaling\AoMEE\reports\materials_xml\building g housea age1_1.mtrl.xml","Building G WallsAge1","0",""
"building g roofage1.tga","Building","D:\AI_upscaling\AoMEE\reports\materials_xml\building g housea age1_2.mtrl.xml","Building G RoofAge1","0",""
"building g wallsage1.tga","Building","D:\AI_upscaling\AoMEE\reports\materials_xml\building g housea age1_3.mtrl.xml","Building G WallsAge1","4",""
"building g wallsage1.tga","Building","D:\AI_upscaling\AoMEE\reports\materials_xml\building g housea age1_death_0.mtrl.xml","Building G WallsAge1","0",""
"building g roofage1.tga","Building","D:\AI_upscaling\AoMEE\reports\materials_xml\building g housea age1_death_1.mtrl.xml","Building G RoofAge1","0",""
"building g wallsage1.tga","Building","D:\AI_upscaling\AoMEE\reports\materials_xml\building g housea age1_death_2.mtrl.xml","Building G WallsAge1","4",""
"building g wallsage2.tga","Building","D:\AI_upscaling\AoMEE\reports\materials_xml\building g housea age2_1.mtrl.xml","Building G WallsAge2","0",""
"building g wallsage2.tga","Building","D:\AI_upscaling\AoMEE\reports\materials_xml\building g housea age2_3.mtrl.xml","Building G WallsAge2","4",""
"building g wallsage2.tga","Building","D:\AI_upscaling\AoMEE\reports\materials_xml\building g housea age2_death_0.mtrl.xml","Building G WallsAge2","0",""
"building g wallsage2.tga","Building","D:\AI_upscaling\AoMEE\reports\materials_xml\building g housea age2_death_2.mtrl.xml","Building G WallsAge2","4",""
"building g wallsage3.tga","Building","D:\AI_upscaling\AoMEE\reports\materials_xml\building g housea age3_1.mtrl.xml","Building G WallsAge3","0",""
"building g wallsage3.tga","Building","D:\AI_upscaling\AoMEE\reports\materials_xml\building g housea age3_3.mtrl.xml","Building G WallsAge3","4",""
"building g wallsage3.tga","Building","D:\AI_upscaling\AoMEE\reports\materials_xml\building g housea age3_death_0.mtrl.xml","Building G WallsAge3","0",""
"building g wallsage3.tga","Building","D:\AI_upscaling\AoMEE\reports\materials_xml\building g housea age3_death_2.mtrl.xml","Building G WallsAge3","4",""
"building g age0.tga","Building","D:\AI_upscaling\AoMEE\reports\materials_xml\building g houseb age0_1.mtrl.xml","Building G Age0","0",""
"building g age0.tga","Building","D:\AI_upscaling\AoMEE\reports\materials_xml\building g houseb age0_2.mtrl.xml","Building G Age0","4",""
"building g age0.tga","Building","D:\AI_upscaling\AoMEE\reports\materials_xml\building g houseb age0_death_0.mtrl.xml","Building G Age0","0",""
"building g wallsage1.tga","Building","D:\AI_upscaling\AoMEE\reports\materials_xml\building g houseb age1_1.mtrl.xml","Building G WallsAge1","0",""
"building g roofage1.tga","Building","D:\AI_upscaling\AoMEE\reports\materials_xml\building g houseb age1_2.mtrl.xml","Building G RoofAge1","0",""
"building g wallsage1.tga","Building","D:\AI_upscaling\AoMEE\reports\materials_xml\building g houseb age1_3.mtrl.xml","Building G WallsAge1","4",""
"building g wallsage1.tga","Building","D:\AI_upscaling\AoMEE\reports\materials_xml\building g houseb age1_death_0.mtrl.xml","Building G WallsAge1","0",""
"building g roofage1.tga","Building","D:\AI_upscaling\AoMEE\reports\materials_xml\building g houseb age1_death_1.mtrl.xml","Building G RoofAge1","0",""
"building g wallsage1.tga","Building","D:\AI_upscaling\AoMEE\reports\materials_xml\building g houseb age1_death_2.mtrl.xml","Building G WallsAge1","4",""
"building g wallsage2.tga","Building","D:\AI_upscaling\AoMEE\reports\materials_xml\building g houseb age2_1.mtrl.xml","Building G WallsAge2","0",""
"building g wallsage2.tga","Building","D:\AI_upscaling\AoMEE\reports\materials_xml\building g houseb age2_3.mtrl.xml","Building G WallsAge2","4",""
"building g wallsage2.tga","Building","D:\AI_upscaling\AoMEE\reports\materials_xml\building g houseb age2_death_0.mtrl.xml","Building G WallsAge2","0",""
"building g wallsage2.tga","Building","D:\AI_upscaling\AoMEE\reports\materials_xml\building g houseb age2_death_2.mtrl.xml","Building G WallsAge2","4",""
"building g wallsage3.tga","Building","D:\AI_upscaling\AoMEE\reports\materials_xml\building g houseb age3_1.mtrl.xml","Building G WallsAge3","0",""
"building g wallsage3.tga","Building","D:\AI_upscaling\AoMEE\reports\materials_xml\building g houseb age3_3.mtrl.xml","Building G WallsAge3","4",""
"building g wallsage3.tga","Building","D:\AI_upscaling\AoMEE\reports\materials_xml\building g houseb age3_death_0.mtrl.xml","Building G WallsAge3","0",""
"building g wallsage3.tga","Building","D:\AI_upscaling\AoMEE\reports\materials_xml\building g houseb age3_death_2.mtrl.xml","Building G WallsAge3","4",""
"building g age0.tga","Building","D:\AI_upscaling\AoMEE\reports\materials_xml\building g housec age0_1.mtrl.xml","Building G Age0","0",""
"building g age0.tga","Building","D:\AI_upscaling\AoMEE\reports\materials_xml\building g housec age0_2.mtrl.xml","Building G Age0","4",""
"building g age0.tga","Building","D:\AI_upscaling\AoMEE\reports\materials_xml\building g housec age0_death_0.mtrl.xml","Building G Age0","0",""
"building g wallsage1.tga","Building","D:\AI_upscaling\AoMEE\reports\materials_xml\building g housec age1_1.mtrl.xml","Building G WallsAge1","0",""
"building g roofage1.tga","Building","D:\AI_upscaling\AoMEE\reports\materials_xml\building g housec age1_2.mtrl.xml","Building G RoofAge1","0",""
"building g wallsage1.tga","Building","D:\AI_upscaling\AoMEE\reports\materials_xml\building g housec age1_3.mtrl.xml","Building G WallsAge1","4",""
"building g roofage1.tga","Building","D:\AI_upscaling\AoMEE\reports\materials_xml\building g housec age1_death_1.mtrl.xml","Building G RoofAge1","0",""
"building g wallsage1.tga","Building","D:\AI_upscaling\AoMEE\reports\materials_xml\building g housec age1_death_2.mtrl.xml","Building G WallsAge1","4",""
"building g wallsage2.tga","Building","D:\AI_upscaling\AoMEE\reports\materials_xml\building g housec age2_1.mtrl.xml","Building G WallsAge2","0",""
"building g wallsage2.tga","Building","D:\AI_upscaling\AoMEE\reports\materials_xml\building g housec age2_3.mtrl.xml","Building G WallsAge2","4",""
"building g wallsage2.tga","Building","D:\AI_upscaling\AoMEE\reports\materials_xml\building g housec age2_death_0.mtrl.xml","Building G WallsAge2","0",""
"building g wallsage2.tga","Building","D:\AI_upscaling\AoMEE\reports\materials_xml\building g housec age2_death_2.mtrl.xml","Building G WallsAge2","4",""
"building g wallsage3.tga","Building","D:\AI_upscaling\AoMEE\reports\materials_xml\building g housec age3_1.mtrl.xml","Building G WallsAge3","0",""
"building g wallsage3.tga","Building","D:\AI_upscaling\AoMEE\reports\materials_xml\building g housec age3_3.mtrl.xml","Building G WallsAge3","4",""
"building g wallsage3.tga","Building","D:\AI_upscaling\AoMEE\reports\materials_xml\building g housec age3_death_0.mtrl.xml","Building G WallsAge3","0",""
"building g wallsage3.tga","Building","D:\AI_upscaling\AoMEE\reports\materials_xml\building g housec age3_death_2.mtrl.xml","Building G WallsAge3","4",""
"building g wallsage2.tga","Building","D:\AI_upscaling\AoMEE\reports\materials_xml\building g marketage2_2.mtrl.xml","Building G WallsAge2","0",""
"building g wallsage2.tga","Building","D:\AI_upscaling\AoMEE\reports\materials_xml\building g marketage2_3.mtrl.xml","Building G WallsAge2","4",""
"building g wallsage2.tga","Building","D:\AI_upscaling\AoMEE\reports\materials_xml\building g marketage2_death_1.mtrl.xml","Building G WallsAge2","0",""
"building g wallsage2.tga","Building","D:\AI_upscaling\AoMEE\reports\materials_xml\building g marketage2_death_2.mtrl.xml","Building G WallsAge2","4",""
"building g wallsage3.tga","Building","D:\AI_upscaling\AoMEE\reports\materials_xml\building g marketage3_1.mtrl.xml","Building G WallsAge3","0",""
"building g wallsage3.tga","Building","D:\AI_upscaling\AoMEE\reports\materials_xml\building g marketage3_3.mtrl.xml","Building G WallsAge3","4",""
"building g wallsage3.tga","Building","D:\AI_upscaling\AoMEE\reports\materials_xml\building g marketage3_death_0.mtrl.xml","Building G WallsAge3","0",""
"building g wallsage3.tga","Building","D:\AI_upscaling\AoMEE\reports\materials_xml\building g marketage3_death_2.mtrl.xml","Building G WallsAge3","4",""
"building g age0.tga","Building","D:\AI_upscaling\AoMEE\reports\materials_xml\building g mining campage0_0.mtrl.xml","Building G Age0","0",""
"building g age0.tga","Building","D:\AI_upscaling\AoMEE\reports\materials_xml\building g mining campage0_1.mtrl.xml","Building G Age0","4",""
"building g age0.tga","Building","D:\AI_upscaling\AoMEE\reports\materials_xml\building g mining campage0_death_0.mtrl.xml","Building G Age0","0",""
"building g age0.tga","Building","D:\AI_upscaling\AoMEE\reports\materials_xml\building g mining campage0_death_1.mtrl.xml","Building G Age0","4",""
"building g settlementage1.tga","Building","D:\AI_upscaling\AoMEE\reports\materials_xml\building g mining campage1_0.mtrl.xml","Building G SettlementAge1","0",""
"building g settlementage1.tga","Building","D:\AI_upscaling\AoMEE\reports\materials_xml\building g mining campage1_1.mtrl.xml","Building G SettlementAge1","4",""
"building g settlementage1.tga","Building","D:\AI_upscaling\AoMEE\reports\materials_xml\building g mining campage1_death_0.mtrl.xml","Building G SettlementAge1","0",""
"building g settlementage1.tga","Building","D:\AI_upscaling\AoMEE\reports\materials_xml\building g mining campage1_death_1.mtrl.xml","Building G SettlementAge1","4",""
"building g settlementage2.tga","Building","D:\AI_upscaling\AoMEE\reports\materials_xml\building g mining campage2_0.mtrl.xml","Building G SettlementAge2","0",""
"building g settlementage2.tga","Building","D:\AI_upscaling\AoMEE\reports\materials_xml\building g mining campage2_1.mtrl.xml","Building G SettlementAge2","4",""
"building g settlementage2.tga","Building","D:\AI_upscaling\AoMEE\reports\materials_xml\building g mining campage2_death_0.mtrl.xml","Building G SettlementAge2","0",""
"building g settlementage2.tga","Building","D:\AI_upscaling\AoMEE\reports\materials_xml\building g mining campage2_death_1.mtrl.xml","Building G SettlementAge2","4",""
"building g settlementage3.tga","Building","D:\AI_upscaling\AoMEE\reports\materials_xml\building g mining campage3_0.mtrl.xml","Building G SettlementAge3","0",""
"building g settlementage3.tga","Building","D:\AI_upscaling\AoMEE\reports\materials_xml\building g mining campage3_1.mtrl.xml","Building G SettlementAge3","4",""
"building g settlementage2.tga","Building","D:\AI_upscaling\AoMEE\reports\materials_xml\building g mining campage3_2.mtrl.xml","Building G SettlementAge2","0",""
"building g settlementage3.tga","Building","D:\AI_upscaling\AoMEE\reports\materials_xml\building g mining campage3_death_0.mtrl.xml","Building G SettlementAge3","0",""
"building g settlementage3.tga","Building","D:\AI_upscaling\AoMEE\reports\materials_xml\building g mining campage3_death_1.mtrl.xml","Building G SettlementAge3","4",""
"building g settlementage2.tga","Building","D:\AI_upscaling\AoMEE\reports\materials_xml\building g mining campage3_death_2.mtrl.xml","Building G SettlementAge2","0",""
"building g wonder.tga","Building","D:\AI_upscaling\AoMEE\reports\materials_xml\building g poisiden wonder con2_3.mtrl.xml","Building G Wonder","0",""
"building g wonder.tga","Building","D:\AI_upscaling\AoMEE\reports\materials_xml\building g poisiden wonder con2_4.mtrl.xml","Building G Wonder","4",""
"building g wonder.tga","Building","D:\AI_upscaling\AoMEE\reports\materials_xml\building g poisiden wonder con3_0.mtrl.xml","Building G Wonder","0",""
"building g wonder.tga","Building","D:\AI_upscaling\AoMEE\reports\materials_xml\building g poisiden wonder con3_1.mtrl.xml","Building G Wonder","4",""
"building g settlementage1.tga","Building","D:\AI_upscaling\AoMEE\reports\materials_xml\building g settlement01_1.mtrl.xml","Building G SettlementAge1","0",""
"building g settlementage1.tga","Building","D:\AI_upscaling\AoMEE\reports\materials_xml\building g settlement01_2.mtrl.xml","Building G SettlementAge1","4",""
"building g settlementage1.tga","Building","D:\AI_upscaling\AoMEE\reports\materials_xml\building g settlement01_death_0.mtrl.xml","Building G SettlementAge1","0",""
"building g settlementage1.tga","Building","D:\AI_upscaling\AoMEE\reports\materials_xml\building g settlement01_death_1.mtrl.xml","Building G SettlementAge1","4",""
"building g settlementage2.tga","Building","D:\AI_upscaling\AoMEE\reports\materials_xml\building g settlement02fortified_1.mtrl.xml","Building G SettlementAge2","0",""
"building g settlementage2.tga","Building","D:\AI_upscaling\AoMEE\reports\materials_xml\building g settlement02fortified_2.mtrl.xml","Building G SettlementAge2","4",""
"building g settlementage2.tga","Building","D:\AI_upscaling\AoMEE\reports\materials_xml\building g settlement02fortified_death_0.mtrl.xml","Building G SettlementAge2","0",""
"building g settlementage2.tga","Building","D:\AI_upscaling\AoMEE\reports\materials_xml\building g settlement02fortified_death_1.mtrl.xml","Building G SettlementAge2","4",""
"building g settlementage2.tga","Building","D:\AI_upscaling\AoMEE\reports\materials_xml\building g settlement02_1.mtrl.xml","Building G SettlementAge2","0",""
"building g settlementage2.tga","Building","D:\AI_upscaling\AoMEE\reports\materials_xml\building g settlement02_2.mtrl.xml","Building G SettlementAge2","4",""
"building g settlementage2.tga","Building","D:\AI_upscaling\AoMEE\reports\materials_xml\building g settlement02_death_0.mtrl.xml","Building G SettlementAge2","0",""
"building g settlementage2.tga","Building","D:\AI_upscaling\AoMEE\reports\materials_xml\building g settlement02_death_1.mtrl.xml","Building G SettlementAge2","4",""
"building g settlementage3.tga","Building","D:\AI_upscaling\AoMEE\reports\materials_xml\building g settlement03_1.mtrl.xml","Building G SettlementAge3","0",""
"building g settlementage3.tga","Building","D:\AI_upscaling\AoMEE\reports\materials_xml\building g settlement03_3.mtrl.xml","Building G SettlementAge3","4",""
"building g settlementage3.tga","Building","D:\AI_upscaling\AoMEE\reports\materials_xml\building g settlement03_death_0.mtrl.xml","Building G SettlementAge3","0",""
"building g settlementage3.tga","Building","D:\AI_upscaling\AoMEE\reports\materials_xml\building g settlement03_death_2.mtrl.xml","Building G SettlementAge3","4",""
"building g age0.tga","Building","D:\AI_upscaling\AoMEE\reports\materials_xml\building g settlement0_1.mtrl.xml","Building G Age0","0",""
"building g age0.tga","Building","D:\AI_upscaling\AoMEE\reports\materials_xml\building g settlement0_2.mtrl.xml","Building G Age0","4",""
"building g age0.tga","Building","D:\AI_upscaling\AoMEE\reports\materials_xml\building g settlement0_death_0.mtrl.xml","Building G Age0","0",""
"building g age0.tga","Building","D:\AI_upscaling\AoMEE\reports\materials_xml\building g settlement0_death_1.mtrl.xml","Building G Age0","4",""
"building g settlementage3.tga","Building","D:\AI_upscaling\AoMEE\reports\materials_xml\building g settlementfortified_1.mtrl.xml","Building G SettlementAge3","0",""
"building g settlementage3.tga","Building","D:\AI_upscaling\AoMEE\reports\materials_xml\building g settlementfortified_2.mtrl.xml","Building G SettlementAge3","4",""
"building g fortress.tga","Building","D:\AI_upscaling\AoMEE\reports\materials_xml\building g settlementfortified_3.mtrl.xml","Building G Fortress","0",""
"building g fortressroof.tga","Building","D:\AI_upscaling\AoMEE\reports\materials_xml\building g settlementfortified_4.mtrl.xml","Building G FortressRoof","0",""
"building g settlementage3.tga","Building","D:\AI_upscaling\AoMEE\reports\materials_xml\building g settlementfortified_death_0.mtrl.xml","Building G SettlementAge3","0",""
"building g settlementage3.tga","Building","D:\AI_upscaling\AoMEE\reports\materials_xml\building g settlementfortified_death_1.mtrl.xml","Building G SettlementAge3","4",""
"building g fortress.tga","Building","D:\AI_upscaling\AoMEE\reports\materials_xml\building g settlementfortified_death_2.mtrl.xml","Building G Fortress","0",""
"building g fortressroof.tga","Building","D:\AI_upscaling\AoMEE\reports\materials_xml\building g settlementfortified_death_3.mtrl.xml","Building G FortressRoof","0",""
"building g shrine.tga","Building","D:\AI_upscaling\AoMEE\reports\materials_xml\building g shrine_0.mtrl.xml","Building G Shrine","0",""
"building g shrine.tga","Building","D:\AI_upscaling\AoMEE\reports\materials_xml\building g shrine_1.mtrl.xml","Building G Shrine","4",""
"building g shrine.tga","Building","D:\AI_upscaling\AoMEE\reports\materials_xml\building g shrine_death_0.mtrl.xml","Building G Shrine","0",""
"building g shrine.tga","Building","D:\AI_upscaling\AoMEE\reports\materials_xml\building g shrine_death_1.mtrl.xml","Building G Shrine","4",""
"building g wallsage3.tga","Building","D:\AI_upscaling\AoMEE\reports\materials_xml\building g stable age3_2.mtrl.xml","Building G WallsAge3","0",""
"building g wallsage3.tga","Building","D:\AI_upscaling\AoMEE\reports\materials_xml\building g stable age3_3.mtrl.xml","Building G WallsAge3","4",""
"building g wallsage3.tga","Building","D:\AI_upscaling\AoMEE\reports\materials_xml\building g stable age3_death_1.mtrl.xml","Building G WallsAge3","0",""
"building g wallsage3.tga","Building","D:\AI_upscaling\AoMEE\reports\materials_xml\building g stable age3_death_2.mtrl.xml","Building G WallsAge3","4",""
"building g wallsage1.tga","Building","D:\AI_upscaling\AoMEE\reports\materials_xml\building g stableage1_1.mtrl.xml","Building G WallsAge1","4",""
"building g roofage1.tga","Building","D:\AI_upscaling\AoMEE\reports\materials_xml\building g stableage1_2.mtrl.xml","Building G RoofAge1","0",""
"building g wallsage1.tga","Building","D:\AI_upscaling\AoMEE\reports\materials_xml\building g stableage1_death_0.mtrl.xml","Building G WallsAge1","4",""
"building g roofage1.tga","Building","D:\AI_upscaling\AoMEE\reports\materials_xml\building g stableage1_death_1.mtrl.xml","Building G RoofAge1","0",""
"building g wallsage2.tga","Building","D:\AI_upscaling\AoMEE\reports\materials_xml\building g stableage2_2.mtrl.xml","Building G WallsAge2","0",""
"building g wallsage2.tga","Building","D:\AI_upscaling\AoMEE\reports\materials_xml\building g stableage2_3.mtrl.xml","Building G WallsAge2","4",""
"building g wallsage2.tga","Building","D:\AI_upscaling\AoMEE\reports\materials_xml\building g stableage2_death_1.mtrl.xml","Building G WallsAge2","0",""
"building g wallsage2.tga","Building","D:\AI_upscaling\AoMEE\reports\materials_xml\building g stableage2_death_2.mtrl.xml","Building G WallsAge2","4",""
"building g age0.tga","Building","D:\AI_upscaling\AoMEE\reports\materials_xml\building g storehouseage0_0.mtrl.xml","Building G Age0","0",""
"building g age0.tga","Building","D:\AI_upscaling\AoMEE\reports\materials_xml\building g storehouseage0_1.mtrl.xml","Building G Age0","4",""
"building g age0.tga","Building","D:\AI_upscaling\AoMEE\reports\materials_xml\building g storehouseage0_death_0.mtrl.xml","Building G Age0","0",""
"building g age0.tga","Building","D:\AI_upscaling\AoMEE\reports\materials_xml\building g storehouseage0_death_1.mtrl.xml","Building G Age0","4",""
"building g roofage1.tga","Building","D:\AI_upscaling\AoMEE\reports\materials_xml\building g storehouseage1_0.mtrl.xml","Building G RoofAge1","0",""
"building g wallsage1.tga","Building","D:\AI_upscaling\AoMEE\reports\materials_xml\building g storehouseage1_1.mtrl.xml","Building G WallsAge1","0",""
"building g roofage1.tga","Building","D:\AI_upscaling\AoMEE\reports\materials_xml\building g storehouseage1_2.mtrl.xml","Building G RoofAge1","4",""
"building g roofage1.tga","Building","D:\AI_upscaling\AoMEE\reports\materials_xml\building g storehouseage1_death_0.mtrl.xml","Building G RoofAge1","0",""
"building g wallsage1.tga","Building","D:\AI_upscaling\AoMEE\reports\materials_xml\building g storehouseage1_death_1.mtrl.xml","Building G WallsAge1","0",""
"building g roofage1.tga","Building","D:\AI_upscaling\AoMEE\reports\materials_xml\building g storehouseage1_death_2.mtrl.xml","Building G RoofAge1","4",""
"building g wallsage2.tga","Building","D:\AI_upscaling\AoMEE\reports\materials_xml\building g storehouseage2_1.mtrl.xml","Building G WallsAge2","0",""
"building g wallsage2.tga","Building","D:\AI_upscaling\AoMEE\reports\materials_xml\building g storehouseage2_2.mtrl.xml","Building G WallsAge2","4",""
"building g wallsage2.tga","Building","D:\AI_upscaling\AoMEE\reports\materials_xml\building g storehouseage2_death_1.mtrl.xml","Building G WallsAge2","0",""
"building g wallsage2.tga","Building","D:\AI_upscaling\AoMEE\reports\materials_xml\building g storehouseage2_death_2.mtrl.xml","Building G WallsAge2","4",""
"building g wallsage2.tga","Building","D:\AI_upscaling\AoMEE\reports\materials_xml\building g storehouseage3_1.mtrl.xml","Building G WallsAge2","0",""
"building g wallsage2.tga","Building","D:\AI_upscaling\AoMEE\reports\materials_xml\building g storehouseage3_2.mtrl.xml","Building G WallsAge2","4",""
"building g wallsage2.tga","Building","D:\AI_upscaling\AoMEE\reports\materials_xml\building g storehouseage3_death_1.mtrl.xml","Building G WallsAge2","0",""
"building g wallsage2.tga","Building","D:\AI_upscaling\AoMEE\reports\materials_xml\building g storehouseage3_death_2.mtrl.xml","Building G WallsAge2","4",""
"building g templeage1.tga","Building","D:\AI_upscaling\AoMEE\reports\materials_xml\building g templeage0_0.mtrl.xml","Building G TempleAge1","0",""
"building g templeage1.tga","Building","D:\AI_upscaling\AoMEE\reports\materials_xml\building g templeage0_1.mtrl.xml","Building G TempleAge1","4",""
"building g age0.tga","Building","D:\AI_upscaling\AoMEE\reports\materials_xml\building g templeage0_2.mtrl.xml","Building G Age0","0",""
"building g age0.tga","Building","D:\AI_upscaling\AoMEE\reports\materials_xml\building g templeage0_3.mtrl.xml","Building G Age0","4",""
"building g templeage1.tga","Building","D:\AI_upscaling\AoMEE\reports\materials_xml\building g templeage0_death_0.mtrl.xml","Building G TempleAge1","0",""
"building g templeage1.tga","Building","D:\AI_upscaling\AoMEE\reports\materials_xml\building g templeage0_death_1.mtrl.xml","Building G TempleAge1","4",""
"building g age0.tga","Building","D:\AI_upscaling\AoMEE\reports\materials_xml\building g templeage0_death_2.mtrl.xml","Building G Age0","0",""
"building g age0.tga","Building","D:\AI_upscaling\AoMEE\reports\materials_xml\building g templeage0_death_3.mtrl.xml","Building G Age0","4",""
"building g templeage1.tga","Building","D:\AI_upscaling\AoMEE\reports\materials_xml\building g templeage1_0.mtrl.xml","Building G TempleAge1","0",""
"building g templeage1.tga","Building","D:\AI_upscaling\AoMEE\reports\materials_xml\building g templeage1_1.mtrl.xml","Building G TempleAge1","4",""
"building g templeage1.tga","Building","D:\AI_upscaling\AoMEE\reports\materials_xml\building g templeage1_death_0.mtrl.xml","Building G TempleAge1","0",""
"building g templeage1.tga","Building","D:\AI_upscaling\AoMEE\reports\materials_xml\building g templeage1_death_1.mtrl.xml","Building G TempleAge1","4",""
"building g templeage2.tga","Building","D:\AI_upscaling\AoMEE\reports\materials_xml\building g templeage2_0.mtrl.xml","Building G TempleAge2","0",""
"building g templeage2.tga","Building","D:\AI_upscaling\AoMEE\reports\materials_xml\building g templeage2_1.mtrl.xml","Building G TempleAge2","4",""
"building g templeage2.tga","Building","D:\AI_upscaling\AoMEE\reports\materials_xml\building g templeage2_death_0.mtrl.xml","Building G TempleAge2","0",""
"building g templeage2.tga","Building","D:\AI_upscaling\AoMEE\reports\materials_xml\building g templeage2_death_1.mtrl.xml","Building G TempleAge2","4",""
"building g temple.tga","Building","D:\AI_upscaling\AoMEE\reports\materials_xml\building g templeage3_0.mtrl.xml","Building G Temple","0",""
"building g temple.tga","Building","D:\AI_upscaling\AoMEE\reports\materials_xml\building g templeage3_2.mtrl.xml","Building G Temple","4",""
"building g temple.tga","Building","D:\AI_upscaling\AoMEE\reports\materials_xml\building g templeage3_death_0.mtrl.xml","Building G Temple","0",""
"building g temple.tga","Building","D:\AI_upscaling\AoMEE\reports\materials_xml\building g templeage3_death_2.mtrl.xml","Building G Temple","4",""
"building g roofage1.tga","Building","D:\AI_upscaling\AoMEE\reports\materials_xml\building g tradedockage0_1.mtrl.xml","Building G RoofAge1","0",""
"building g age0.tga","Building","D:\AI_upscaling\AoMEE\reports\materials_xml\building g tradedockage0_2.mtrl.xml","Building G Age0","4",""
"building g age0.tga","Building","D:\AI_upscaling\AoMEE\reports\materials_xml\building g tradedockage0_3.mtrl.xml","Building G Age0","0",""
"building g roofage1.tga","Building","D:\AI_upscaling\AoMEE\reports\materials_xml\building g tradedockage0_death_0.mtrl.xml","Building G RoofAge1","0",""
"building g age0.tga","Building","D:\AI_upscaling\AoMEE\reports\materials_xml\building g tradedockage0_death_1.mtrl.xml","Building G Age0","4",""
"building g age0.tga","Building","D:\AI_upscaling\AoMEE\reports\materials_xml\building g tradedockage0_death_2.mtrl.xml","Building G Age0","0",""
"building g roofage1.tga","Building","D:\AI_upscaling\AoMEE\reports\materials_xml\building g tradedockage1_1.mtrl.xml","Building G RoofAge1","0",""
"building g wallsage1.tga","Building","D:\AI_upscaling\AoMEE\reports\materials_xml\building g tradedockage1_2.mtrl.xml","Building G WallsAge1","4",""
"building g wallsage1.tga","Building","D:\AI_upscaling\AoMEE\reports\materials_xml\building g tradedockage1_3.mtrl.xml","Building G WallsAge1","0",""
"building g roofage1.tga","Building","D:\AI_upscaling\AoMEE\reports\materials_xml\building g tradedockage1_death_0.mtrl.xml","Building G RoofAge1","0",""
"building g wallsage1.tga","Building","D:\AI_upscaling\AoMEE\reports\materials_xml\building g tradedockage1_death_1.mtrl.xml","Building G WallsAge1","4",""
"building g wallsage1.tga","Building","D:\AI_upscaling\AoMEE\reports\materials_xml\building g tradedockage1_death_2.mtrl.xml","Building G WallsAge1","0",""
"building g roofage1.tga","Building","D:\AI_upscaling\AoMEE\reports\materials_xml\building g tradedockage2_2.mtrl.xml","Building G RoofAge1","0",""
"building g wallsage2.tga","Building","D:\AI_upscaling\AoMEE\reports\materials_xml\building g tradedockage2_3.mtrl.xml","Building G WallsAge2","4",""
"building g wallsage2.tga","Building","D:\AI_upscaling\AoMEE\reports\materials_xml\building g tradedockage2_4.mtrl.xml","Building G WallsAge2","0",""
"building g roofage1.tga","Building","D:\AI_upscaling\AoMEE\reports\materials_xml\building g tradedockage2_death_1.mtrl.xml","Building G RoofAge1","0",""
"building g wallsage2.tga","Building","D:\AI_upscaling\AoMEE\reports\materials_xml\building g tradedockage2_death_2.mtrl.xml","Building G WallsAge2","4",""
"building g wallsage2.tga","Building","D:\AI_upscaling\AoMEE\reports\materials_xml\building g tradedockage2_death_3.mtrl.xml","Building G WallsAge2","0",""
"building g wallsage2.tga","Building","D:\AI_upscaling\AoMEE\reports\materials_xml\building g tradedockage3_2.mtrl.xml","Building G WallsAge2","4",""
"building g wallsage2.tga","Building","D:\AI_upscaling\AoMEE\reports\materials_xml\building g tradedockage3_3.mtrl.xml","Building G WallsAge2","0",""
"building g roofage1.tga","Building","D:\AI_upscaling\AoMEE\reports\materials_xml\building g tradedockage3_4.mtrl.xml","Building G RoofAge1","0",""
"building g wallsage2.tga","Building","D:\AI_upscaling\AoMEE\reports\materials_xml\building g tradedockage3_death_1.mtrl.xml","Building G WallsAge2","4",""
"building g wallsage2.tga","Building","D:\AI_upscaling\AoMEE\reports\materials_xml\building g tradedockage3_death_2.mtrl.xml","Building G WallsAge2","0",""
"building g roofage1.tga","Building","D:\AI_upscaling\AoMEE\reports\materials_xml\building g tradedockage3_death_3.mtrl.xml","Building G RoofAge1","0",""
"building g shared05 2 map.tga","Building","D:\AI_upscaling\AoMEE\reports\materials_xml\building g wall long_0.mtrl.xml","Building G Shared05 2 map","0",""
"building g shared05 2 map.tga","Building","D:\AI_upscaling\AoMEE\reports\materials_xml\building g wall long_1.mtrl.xml","Building G Shared05 2 map","4",""
"building g shared05 2 map.tga","Building","D:\AI_upscaling\AoMEE\reports\materials_xml\building g wall medium_0.mtrl.xml","Building G Shared05 2 map","0",""
"building g shared05 2 map.tga","Building","D:\AI_upscaling\AoMEE\reports\materials_xml\building g wall medium_1.mtrl.xml","Building G Shared05 2 map","4",""
"building g shared05 2 map.tga","Building","D:\AI_upscaling\AoMEE\reports\materials_xml\building g wall short_0.mtrl.xml","Building G Shared05 2 map","0",""
"building g shared05 2 map.tga","Building","D:\AI_upscaling\AoMEE\reports\materials_xml\building g wall short_1.mtrl.xml","Building G Shared05 2 map","4",""
"building g shared05 2 map.tga","Building","D:\AI_upscaling\AoMEE\reports\materials_xml\building g wallconnector_0.mtrl.xml","Building G Shared05 2 map","0",""
"building g shared05 2 map.tga","Building","D:\AI_upscaling\AoMEE\reports\materials_xml\building g wallconnector_1.mtrl.xml","Building G Shared05 2 map","4",""
"building g shared05 2 map.tga","Building","D:\AI_upscaling\AoMEE\reports\materials_xml\building g wallconnector_death_0.mtrl.xml","Building G Shared05 2 map","0",""
"building g shared05 2 map.tga","Building","D:\AI_upscaling\AoMEE\reports\materials_xml\building g wallconnector_death_1.mtrl.xml","Building G Shared05 2 map","4",""
"building g shared05 2 map.tga","Building","D:\AI_upscaling\AoMEE\reports\materials_xml\building g wallstone stage1_0.mtrl.xml","Building G Shared05 2 map","0",""
"building g shared05 2 map.tga","Building","D:\AI_upscaling\AoMEE\reports\materials_xml\building g wallstone stage2_0.mtrl.xml","Building G Shared05 2 map","0",""
"building g shared05 2 map.tga","Building","D:\AI_upscaling\AoMEE\reports\materials_xml\building g wallstone stage2_1.mtrl.xml","Building G Shared05 2 map","4",""
"building g shared05 2 map.tga","Building","D:\AI_upscaling\AoMEE\reports\materials_xml\building g wallstone stage3_0.mtrl.xml","Building G Shared05 2 map","0",""
"building g shared05 2 map.tga","Building","D:\AI_upscaling\AoMEE\reports\materials_xml\building g wallstone stage3_1.mtrl.xml","Building G Shared05 2 map","4",""
"building g shared05 2 map.tga","Building","D:\AI_upscaling\AoMEE\reports\materials_xml\building g wallstone stage3_death_0.mtrl.xml","Building G Shared05 2 map","0",""
"building g shared05 2 map.tga","Building","D:\AI_upscaling\AoMEE\reports\materials_xml\building g wallstone stage3_death_1.mtrl.xml","Building G Shared05 2 map","4",""
"building g shared05 2 map.tga","Building","D:\AI_upscaling\AoMEE\reports\materials_xml\building g wallstonemedium stage1_0.mtrl.xml","Building G Shared05 2 map","0",""
"building g shared05 2 map.tga","Building","D:\AI_upscaling\AoMEE\reports\materials_xml\building g wallstonemedium stage1_1.mtrl.xml","Building G Shared05 2 map","4",""
"building g shared05 2 map.tga","Building","D:\AI_upscaling\AoMEE\reports\materials_xml\building g wallstonemedium stage2_0.mtrl.xml","Building G Shared05 2 map","0",""
"building g shared05 2 map.tga","Building","D:\AI_upscaling\AoMEE\reports\materials_xml\building g wallstonemedium stage2_1.mtrl.xml","Building G Shared05 2 map","4",""
"building g shared05 2 map.tga","Building","D:\AI_upscaling\AoMEE\reports\materials_xml\building g wallstonemedium stage3_0.mtrl.xml","Building G Shared05 2 map","0",""
"building g shared05 2 map.tga","Building","D:\AI_upscaling\AoMEE\reports\materials_xml\building g wallstonemedium stage3_1.mtrl.xml","Building G Shared05 2 map","4",""
"building g shared05 2 map.tga","Building","D:\AI_upscaling\AoMEE\reports\materials_xml\building g wallstonemedium stage3_death_0.mtrl.xml","Building G Shared05 2 map","0",""
"building g shared05 2 map.tga","Building","D:\AI_upscaling\AoMEE\reports\materials_xml\building g wallstonemedium stage3_death_1.mtrl.xml","Building G Shared05 2 map","4",""
"building g shared05 2 map.tga","Building","D:\AI_upscaling\AoMEE\reports\materials_xml\building g wallstoneshort stage1_1.mtrl.xml","Building G Shared05 2 map","4",""
"building g shared05 2 map.tga","Building","D:\AI_upscaling\AoMEE\reports\materials_xml\building g wallstoneshort stage2_0.mtrl.xml","Building G Shared05 2 map","0",""
"building g shared05 2 map.tga","Building","D:\AI_upscaling\AoMEE\reports\materials_xml\building g wallstoneshort stage2_1.mtrl.xml","Building G Shared05 2 map","4",""
"building g shared05 2 map.tga","Building","D:\AI_upscaling\AoMEE\reports\materials_xml\building g wallstoneshort stage3_0.mtrl.xml","Building G Shared05 2 map","0",""
"building g shared05 2 map.tga","Building","D:\AI_upscaling\AoMEE\reports\materials_xml\building g wallstoneshort stage3_1.mtrl.xml","Building G Shared05 2 map","4",""
"building g shared05 2 map.tga","Building","D:\AI_upscaling\AoMEE\reports\materials_xml\building g wallstoneshort stage3_death_0.mtrl.xml","Building G Shared05 2 map","0",""
"building g shared05 2 map.tga","Building","D:\AI_upscaling\AoMEE\reports\materials_xml\building g wallstoneshort stage3_death_1.mtrl.xml","Building G Shared05 2 map","4",""
"building g towers.tga","Building","D:\AI_upscaling\AoMEE\reports\materials_xml\building g watchtower age3_0.mtrl.xml","Building G Towers","0",""
"building g towers.tga","Building","D:\AI_upscaling\AoMEE\reports\materials_xml\building g watchtower age3_1.mtrl.xml","Building G Towers","4",""
"building g towers.tga","Building","D:\AI_upscaling\AoMEE\reports\materials_xml\building g watchtower age3_death_0.mtrl.xml","Building G Towers","0",""
"building g towers.tga","Building","D:\AI_upscaling\AoMEE\reports\materials_xml\building g watchtower age3_death_1.mtrl.xml","Building G Towers","4",""
"building g towers.tga","Building","D:\AI_upscaling\AoMEE\reports\materials_xml\building g watchtower age4_0.mtrl.xml","Building G Towers","0",""
"building g towers.tga","Building","D:\AI_upscaling\AoMEE\reports\materials_xml\building g watchtower age4_1.mtrl.xml","Building G Towers","4",""
"building g towers.tga","Building","D:\AI_upscaling\AoMEE\reports\materials_xml\building g watchtower age4_death_0.mtrl.xml","Building G Towers","0",""
"building g towers.tga","Building","D:\AI_upscaling\AoMEE\reports\materials_xml\building g watchtower age4_death_1.mtrl.xml","Building G Towers","4",""
"building g towers.tga","Building","D:\AI_upscaling\AoMEE\reports\materials_xml\building g watchtower_0.mtrl.xml","Building G Towers","0",""
"building g towers.tga","Building","D:\AI_upscaling\AoMEE\reports\materials_xml\building g watchtower_1.mtrl.xml","Building G Towers","4",""
"building g towers.tga","Building","D:\AI_upscaling\AoMEE\reports\materials_xml\building g watchtower_death_0.mtrl.xml","Building G Towers","0",""
"building g towers.tga","Building","D:\AI_upscaling\AoMEE\reports\materials_xml\building g watchtower_death_1.mtrl.xml","Building G Towers","4",""
"building g wonder.tga","Building","D:\AI_upscaling\AoMEE\reports\materials_xml\building g wonder_0.mtrl.xml","Building G Wonder","0",""
"building g fortressroof.tga","Building","D:\AI_upscaling\AoMEE\reports\materials_xml\building g wonder_1.mtrl.xml","Building G FortressRoof","0",""
"building g wonder.tga","Building","D:\AI_upscaling\AoMEE\reports\materials_xml\building g wonder_2.mtrl.xml","Building G Wonder","4",""
"building g wonder.tga","Building","D:\AI_upscaling\AoMEE\reports\materials_xml\building g wonder_death_0.mtrl.xml","Building G Wonder","0",""
"building g fortressroof.tga","Building","D:\AI_upscaling\AoMEE\reports\materials_xml\building g wonder_death_1.mtrl.xml","Building G FortressRoof","0",""
"building g wonder.tga","Building","D:\AI_upscaling\AoMEE\reports\materials_xml\building g wonder_death_2.mtrl.xml","Building G Wonder","4",""
"building g zues wonder01.tga","Building","D:\AI_upscaling\AoMEE\reports\materials_xml\building g zeus wonder con2_3.mtrl.xml","Building G Zues Wonder01","4",""
"building g zues wonder01.tga","Building","D:\AI_upscaling\AoMEE\reports\materials_xml\building g zeus wonder con2_4.mtrl.xml","Building G Zues Wonder01","0",""
"building g zues wonder01.tga","Building","D:\AI_upscaling\AoMEE\reports\materials_xml\building g zeus wonder con3_4.mtrl.xml","Building G Zues Wonder01","0",""
"building g zues wonder01.tga","Building","D:\AI_upscaling\AoMEE\reports\materials_xml\building g zeus wonder con3_5.mtrl.xml","Building G Zues Wonder01","4",""
"building g zues wonder01.tga","Building","D:\AI_upscaling\AoMEE\reports\materials_xml\building g zeus wonder_1.mtrl.xml","Building G Zues Wonder01","4",""
"building g zues wonder01.tga","Building","D:\AI_upscaling\AoMEE\reports\materials_xml\building g zeus wonder_2.mtrl.xml","Building G Zues Wonder01","0",""
"building g zues wonder01.tga","Building","D:\AI_upscaling\AoMEE\reports\materials_xml\building g zeus wonder_death_1.mtrl.xml","Building G Zues Wonder01","4",""
"building g zues wonder01.tga","Building","D:\AI_upscaling\AoMEE\reports\materials_xml\building g zeus wonder_death_2.mtrl.xml","Building G Zues Wonder01","0",""
"building n shared01 3 map.tga","Building","D:\AI_upscaling\AoMEE\reports\materials_xml\building n armoryage3_1.mtrl.xml","Building N Shared01 3 map","0",""
"building n shared01 3 map.tga","Building","D:\AI_upscaling\AoMEE\reports\materials_xml\building n armoryage3_death_0.mtrl.xml","Building N Shared01 3 map","0",""
"building n shared01 3 map.tga","Building","D:\AI_upscaling\AoMEE\reports\materials_xml\building n armoryage3_death_2.mtrl.xml","Building N Shared01 3 map","4",""
"building n shared01 3 map.tga","Building","D:\AI_upscaling\AoMEE\reports\materials_xml\building n barracksage3_1.mtrl.xml","Building N Shared01 3 map","0",""
"building n shared01 3 map.tga","Building","D:\AI_upscaling\AoMEE\reports\materials_xml\building n barracksage3_2.mtrl.xml","Building N Shared01 3 map","4",""
"building n shared01 3 map.tga","Building","D:\AI_upscaling\AoMEE\reports\materials_xml\building n barracksage3_death_0.mtrl.xml","Building N Shared01 3 map","0",""
"building n shared01 3 map.tga","Building","D:\AI_upscaling\AoMEE\reports\materials_xml\building n barracksage3_death_1.mtrl.xml","Building N Shared01 3 map","4",""
"building n shared01 1 map.tga","Building","D:\AI_upscaling\AoMEE\reports\materials_xml\building n dock age1_0.mtrl.xml","Building N Shared01 1 map","0",""
"building n shared01 3 map.tga","Building","D:\AI_upscaling\AoMEE\reports\materials_xml\building n dock age1_1.mtrl.xml","Building N Shared01 3 map","0",""
"building n shared01 1 map.tga","Building","D:\AI_upscaling\AoMEE\reports\materials_xml\building n dock age1_2.mtrl.xml","Building N Shared01 1 map","4",""
"building n shared01 1 map.tga","Building","D:\AI_upscaling\AoMEE\reports\materials_xml\building n dock age1_death_0.mtrl.xml","Building N Shared01 1 map","0",""
"building n shared01 3 map.tga","Building","D:\AI_upscaling\AoMEE\reports\materials_xml\building n dock age1_death_1.mtrl.xml","Building N Shared01 3 map","0",""
"building n shared01 1 map.tga","Building","D:\AI_upscaling\AoMEE\reports\materials_xml\building n dock age1_death_2.mtrl.xml","Building N Shared01 1 map","4",""
"building n shared01 3 map.tga","Building","D:\AI_upscaling\AoMEE\reports\materials_xml\building n dock age2_death_2.mtrl.xml","Building N Shared01 3 map","0",""
"building n shared01 3 map.tga","Building","D:\AI_upscaling\AoMEE\reports\materials_xml\building n dock age3_0.mtrl.xml","Building N Shared01 3 map","0",""
"building n shared01 3 map.tga","Building","D:\AI_upscaling\AoMEE\reports\materials_xml\building n dock age3_1.mtrl.xml","Building N Shared01 3 map","4",""
"building n shared01 3 map.tga","Building","D:\AI_upscaling\AoMEE\reports\materials_xml\building n dock age3_death_0.mtrl.xml","Building N Shared01 3 map","0",""
"building n shared01 3 map.tga","Building","D:\AI_upscaling\AoMEE\reports\materials_xml\building n dock age3_death_1.mtrl.xml","Building N Shared01 3 map","4",""
"building n shared01 3 map.tga","Building","D:\AI_upscaling\AoMEE\reports\materials_xml\building n hillfort_2.mtrl.xml","Building N Shared01 3 map","0",""
"building n shared01 3 map.tga","Building","D:\AI_upscaling\AoMEE\reports\materials_xml\building n hillfort_death_1.mtrl.xml","Building N Shared01 3 map","0",""
"building n shared01 1 map.tga","Building","D:\AI_upscaling\AoMEE\reports\materials_xml\building n housea age1_1.mtrl.xml","Building N Shared01 1 map","0",""
"building n shared01 1 map.tga","Building","D:\AI_upscaling\AoMEE\reports\materials_xml\building n housea age1_2.mtrl.xml","Building N Shared01 1 map","4",""
"building n shared01 1 map.tga","Building","D:\AI_upscaling\AoMEE\reports\materials_xml\building n housea age1_death_0.mtrl.xml","Building N Shared01 1 map","0",""
"building n shared01 1 map.tga","Building","D:\AI_upscaling\AoMEE\reports\materials_xml\building n housea age1_death_1.mtrl.xml","Building N Shared01 1 map","4",""
"building n shared01 3 map.tga","Building","D:\AI_upscaling\AoMEE\reports\materials_xml\building n housea age3_1.mtrl.xml","Building N Shared01 3 map","0",""
"building n shared01 3 map.tga","Building","D:\AI_upscaling\AoMEE\reports\materials_xml\building n housea age3_2.mtrl.xml","Building N Shared01 3 map","4",""
"building n shared01 3 map.tga","Building","D:\AI_upscaling\AoMEE\reports\materials_xml\building n housea age3_death_0.mtrl.xml","Building N Shared01 3 map","0",""
"building n shared01 3 map.tga","Building","D:\AI_upscaling\AoMEE\reports\materials_xml\building n housea age3_death_1.mtrl.xml","Building N Shared01 3 map","4",""
"building n shared01 1 map.tga","Building","D:\AI_upscaling\AoMEE\reports\materials_xml\building n houseb age1_1.mtrl.xml","Building N Shared01 1 map","0",""
"building n shared01 1 map.tga","Building","D:\AI_upscaling\AoMEE\reports\materials_xml\building n houseb age1_2.mtrl.xml","Building N Shared01 1 map","4",""
"building n shared01 1 map.tga","Building","D:\AI_upscaling\AoMEE\reports\materials_xml\building n houseb age1_death_0.mtrl.xml","Building N Shared01 1 map","0",""
"building n shared01 1 map.tga","Building","D:\AI_upscaling\AoMEE\reports\materials_xml\building n houseb age1_death_1.mtrl.xml","Building N Shared01 1 map","4",""
"building n shared01 3 map.tga","Building","D:\AI_upscaling\AoMEE\reports\materials_xml\building n houseb age3_1.mtrl.xml","Building N Shared01 3 map","0",""
"building n shared01 3 map.tga","Building","D:\AI_upscaling\AoMEE\reports\materials_xml\building n houseb age3_2.mtrl.xml","Building N Shared01 3 map","4",""
"building n shared01 3 map.tga","Building","D:\AI_upscaling\AoMEE\reports\materials_xml\building n houseb age3_death_0.mtrl.xml","Building N Shared01 3 map","0",""
"building n shared01 3 map.tga","Building","D:\AI_upscaling\AoMEE\reports\materials_xml\building n houseb age3_death_1.mtrl.xml","Building N Shared01 3 map","4",""
"building n shared01 1 map.tga","Building","D:\AI_upscaling\AoMEE\reports\materials_xml\building n housec age1_1.mtrl.xml","Building N Shared01 1 map","0",""
"building n shared01 1 map.tga","Building","D:\AI_upscaling\AoMEE\reports\materials_xml\building n housec age1_death_0.mtrl.xml","Building N Shared01 1 map","0",""
"building n shared01 1 map.tga","Building","D:\AI_upscaling\AoMEE\reports\materials_xml\building n housec age1_death_1.mtrl.xml","Building N Shared01 1 map","4",""
"building n shared01 3 map.tga","Building","D:\AI_upscaling\AoMEE\reports\materials_xml\building n housec age3_1.mtrl.xml","Building N Shared01 3 map","0",""
"building n shared01 3 map.tga","Building","D:\AI_upscaling\AoMEE\reports\materials_xml\building n housec age3_2.mtrl.xml","Building N Shared01 3 map","4",""
"building n shared01 3 map.tga","Building","D:\AI_upscaling\AoMEE\reports\materials_xml\building n housec age3_death_0.mtrl.xml","Building N Shared01 3 map","0",""
"building n shared01 3 map.tga","Building","D:\AI_upscaling\AoMEE\reports\materials_xml\building n housec age3_death_1.mtrl.xml","Building N Shared01 3 map","4",""
"building n shared01 3 map.tga","Building","D:\AI_upscaling\AoMEE\reports\materials_xml\building n marketage3_4.mtrl.xml","Building N Shared01 3 map","0",""
"building n shared01 3 map.tga","Building","D:\AI_upscaling\AoMEE\reports\materials_xml\building n marketage3_death_3.mtrl.xml","Building N Shared01 3 map","0",""
"building n settlementage1.tga","Building","D:\AI_upscaling\AoMEE\reports\materials_xml\building n settlement01_1.mtrl.xml","Building N SettlementAge1","0",""
"building n settlementage1.tga","Building","D:\AI_upscaling\AoMEE\reports\materials_xml\building n settlement01_3.mtrl.xml","Building N SettlementAge1","4",""
"building n settlementage1.tga","Building","D:\AI_upscaling\AoMEE\reports\materials_xml\building n settlement01_death_0.mtrl.xml","Building N SettlementAge1","0",""
"building n settlementage1.tga","Building","D:\AI_upscaling\AoMEE\reports\materials_xml\building n settlement01_death_2.mtrl.xml","Building N SettlementAge1","4",""
"building n settlementage2.tga","Building","D:\AI_upscaling\AoMEE\reports\materials_xml\building n settlement02_1.mtrl.xml","Building N SettlementAge2","0",""
"building n settlementage2.tga","Building","D:\AI_upscaling\AoMEE\reports\materials_xml\building n settlement02_3.mtrl.xml","Building N SettlementAge2","4",""
"building n settlementage2.tga","Building","D:\AI_upscaling\AoMEE\reports\materials_xml\building n settlement02_death_0.mtrl.xml","Building N SettlementAge2","0",""
"building n settlementage2.tga","Building","D:\AI_upscaling\AoMEE\reports\materials_xml\building n settlement02_death_2.mtrl.xml","Building N SettlementAge2","4",""
"building n settlementage3.tga","Building","D:\AI_upscaling\AoMEE\reports\materials_xml\building n settlement03 fortified_1.mtrl.xml","Building N SettlementAge3","0",""
"building n shared06 2 map.tga","Building","D:\AI_upscaling\AoMEE\reports\materials_xml\building n settlement03 fortified_2.mtrl.xml","Building N Shared06 2 map","4",""
"building n settlementage3.tga","Building","D:\AI_upscaling\AoMEE\reports\materials_xml\building n settlement03 fortified_3.mtrl.xml","Building N SettlementAge3","4",""
"building n settlementage3.tga","Building","D:\AI_upscaling\AoMEE\reports\materials_xml\building n settlement03 fortified_death_0.mtrl.xml","Building N SettlementAge3","0",""
"building n shared06 2 map.tga","Building","D:\AI_upscaling\AoMEE\reports\materials_xml\building n settlement03 fortified_death_1.mtrl.xml","Building N Shared06 2 map","4",""
"building n settlementage3.tga","Building","D:\AI_upscaling\AoMEE\reports\materials_xml\building n settlement03 fortified_death_2.mtrl.xml","Building N SettlementAge3","4",""
"building n settlementage3.tga","Building","D:\AI_upscaling\AoMEE\reports\materials_xml\building n settlement03_1.mtrl.xml","Building N SettlementAge3","0",""
"building n settlementage3.tga","Building","D:\AI_upscaling\AoMEE\reports\materials_xml\building n settlement03_3.mtrl.xml","Building N SettlementAge3","4",""
"building n settlementage3.tga","Building","D:\AI_upscaling\AoMEE\reports\materials_xml\building n settlement03_death_0.mtrl.xml","Building N SettlementAge3","0",""
"building n settlementage3.tga","Building","D:\AI_upscaling\AoMEE\reports\materials_xml\building n settlement03_death_2.mtrl.xml","Building N SettlementAge3","4",""
"building n shared06 2 map.tga","Building","D:\AI_upscaling\AoMEE\reports\materials_xml\building n settlement04 fortified_2.mtrl.xml","Building N Shared06 2 map","4",""
"building n shared06 2 map.tga","Building","D:\AI_upscaling\AoMEE\reports\materials_xml\building n settlement04 fortified_death_1.mtrl.xml","Building N Shared06 2 map","4",""
"building n templeage1.tga","Building","D:\AI_upscaling\AoMEE\reports\materials_xml\building n templeage1_0.mtrl.xml","Building N TempleAge1","0",""
"building n templeage1.tga","Building","D:\AI_upscaling\AoMEE\reports\materials_xml\building n templeage1_1.mtrl.xml","Building N TempleAge1","4",""
"building n templeage1.tga","Building","D:\AI_upscaling\AoMEE\reports\materials_xml\building n templeage1_death_1.mtrl.xml","Building N TempleAge1","4",""
"building n templeage2.tga","Building","D:\AI_upscaling\AoMEE\reports\materials_xml\building n templeage2_0.mtrl.xml","Building N TempleAge2","0",""
"building n templeage2.tga","Building","D:\AI_upscaling\AoMEE\reports\materials_xml\building n templeage2_1.mtrl.xml","Building N TempleAge2","4",""
"building n templeage2.tga","Building","D:\AI_upscaling\AoMEE\reports\materials_xml\building n templeage2_death_0.mtrl.xml","Building N TempleAge2","0",""
"building n templeage2.tga","Building","D:\AI_upscaling\AoMEE\reports\materials_xml\building n templeage2_death_1.mtrl.xml","Building N TempleAge2","4",""
"building n templeage3.tga","Building","D:\AI_upscaling\AoMEE\reports\materials_xml\building n templeage3_0.mtrl.xml","Building N TempleAge3","0",""
"building n templeage3.tga","Building","D:\AI_upscaling\AoMEE\reports\materials_xml\building n templeage3_1.mtrl.xml","Building N TempleAge3","4",""
"building n templeage3.tga","Building","D:\AI_upscaling\AoMEE\reports\materials_xml\building n templeage3_death_0.mtrl.xml","Building N TempleAge3","0",""
"building n templeage3.tga","Building","D:\AI_upscaling\AoMEE\reports\materials_xml\building n templeage3_death_1.mtrl.xml","Building N TempleAge3","4",""
"building n templeage3.tga","Building","D:\AI_upscaling\AoMEE\reports\materials_xml\building n templeage4_0.mtrl.xml","Building N TempleAge3","0",""
"building n templeage3.tga","Building","D:\AI_upscaling\AoMEE\reports\materials_xml\building n templeage4_1.mtrl.xml","Building N TempleAge3","4",""
"building n templeage3.tga","Building","D:\AI_upscaling\AoMEE\reports\materials_xml\building n templeage4_death_0.mtrl.xml","Building N TempleAge3","0",""
"building n templeage3.tga","Building","D:\AI_upscaling\AoMEE\reports\materials_xml\building n templeage4_death_1.mtrl.xml","Building N TempleAge3","4",""
"building n thorarmory.tga","Building","D:\AI_upscaling\AoMEE\reports\materials_xml\building n thorarmory construction_3.mtrl.xml","Building N ThorArmory","0",""
"building n thorarmory.tga","Building","D:\AI_upscaling\AoMEE\reports\materials_xml\building n thorarmorypump_1.mtrl.xml","Building N ThorArmory","0",""
"building n thorarmory.tga","Building","D:\AI_upscaling\AoMEE\reports\materials_xml\building n thorarmory_1.mtrl.xml","Building N ThorArmory","0",""
"building n thorarmory.tga","Building","D:\AI_upscaling\AoMEE\reports\materials_xml\building n thorarmory_3.mtrl.xml","Building N ThorArmory","4",""
"building n thorarmory.tga","Building","D:\AI_upscaling\AoMEE\reports\materials_xml\building n thorarmory_death_0.mtrl.xml","Building N ThorArmory","0",""
"building n thorarmory.tga","Building","D:\AI_upscaling\AoMEE\reports\materials_xml\building n thorarmory_death_2.mtrl.xml","Building N ThorArmory","4",""
"building n shared01 1 map.tga","Building","D:\AI_upscaling\AoMEE\reports\materials_xml\building n tradedockage1_1.mtrl.xml","Building N Shared01 1 map","0",""
"building n shared01 1 map.tga","Building","D:\AI_upscaling\AoMEE\reports\materials_xml\building n tradedockage1_3.mtrl.xml","Building N Shared01 1 map","4",""
"building n shared01 1 map.tga","Building","D:\AI_upscaling\AoMEE\reports\materials_xml\building n tradedockage1_death_0.mtrl.xml","Building N Shared01 1 map","0",""
"building n shared01 1 map.tga","Building","D:\AI_upscaling\AoMEE\reports\materials_xml\building n tradedockage1_death_2.mtrl.xml","Building N Shared01 1 map","4",""
"building n shared01 3 map.tga","Building","D:\AI_upscaling\AoMEE\reports\materials_xml\building n tradedockage3_2.mtrl.xml","Building N Shared01 3 map","0",""
"building n shared01 3 map.tga","Building","D:\AI_upscaling\AoMEE\reports\materials_xml\building n tradedockage3_3.mtrl.xml","Building N Shared01 3 map","4",""
"building n shared01 3 map.tga","Building","D:\AI_upscaling\AoMEE\reports\materials_xml\building n tradedockage3_death_1.mtrl.xml","Building N Shared01 3 map","0",""
"building n shared01 3 map.tga","Building","D:\AI_upscaling\AoMEE\reports\materials_xml\building n tradedockage3_death_2.mtrl.xml","Building N Shared01 3 map","4",""
"building n shared06 2 map.tga","Building","D:\AI_upscaling\AoMEE\reports\materials_xml\building n wall long stage1_0.mtrl.xml","Building N Shared06 2 map","0",""
"building n shared06 2 map.tga","Building","D:\AI_upscaling\AoMEE\reports\materials_xml\building n wall long stage1_1.mtrl.xml","Building N Shared06 2 map","4",""
"building n shared06 2 map.tga","Building","D:\AI_upscaling\AoMEE\reports\materials_xml\building n wall long stage2_0.mtrl.xml","Building N Shared06 2 map","0",""
"building n shared06 2 map.tga","Building","D:\AI_upscaling\AoMEE\reports\materials_xml\building n wall long stage3_0.mtrl.xml","Building N Shared06 2 map","0",""
"building n shared06 2 map.tga","Building","D:\AI_upscaling\AoMEE\reports\materials_xml\building n wall long stage3_1.mtrl.xml","Building N Shared06 2 map","4",""
"building n shared06 2 map.tga","Building","D:\AI_upscaling\AoMEE\reports\materials_xml\building n wall long stage3_death_0.mtrl.xml","Building N Shared06 2 map","0",""
"building n shared06 2 map.tga","Building","D:\AI_upscaling\AoMEE\reports\materials_xml\building n wall long stage3_death_1.mtrl.xml","Building N Shared06 2 map","4",""
"building n shared06 2 map.tga","Building","D:\AI_upscaling\AoMEE\reports\materials_xml\building n wall long_0.mtrl.xml","Building N Shared06 2 map","0",""
"building n shared06 2 map.tga","Building","D:\AI_upscaling\AoMEE\reports\materials_xml\building n wall long_1.mtrl.xml","Building N Shared06 2 map","4",""
"building n shared06 2 map.tga","Building","D:\AI_upscaling\AoMEE\reports\materials_xml\building n wall medium stage1_0.mtrl.xml","Building N Shared06 2 map","0",""
"building n shared06 2 map.tga","Building","D:\AI_upscaling\AoMEE\reports\materials_xml\building n wall medium stage1_1.mtrl.xml","Building N Shared06 2 map","4",""
"building n shared06 2 map.tga","Building","D:\AI_upscaling\AoMEE\reports\materials_xml\building n wall medium stage2_0.mtrl.xml","Building N Shared06 2 map","0",""
"building n shared06 2 map.tga","Building","D:\AI_upscaling\AoMEE\reports\materials_xml\building n wall medium stage2_1.mtrl.xml","Building N Shared06 2 map","4",""
"building n shared06 2 map.tga","Building","D:\AI_upscaling\AoMEE\reports\materials_xml\building n wall medium stage3_0.mtrl.xml","Building N Shared06 2 map","0",""
"building n shared06 2 map.tga","Building","D:\AI_upscaling\AoMEE\reports\materials_xml\building n wall medium stage3_1.mtrl.xml","Building N Shared06 2 map","4",""
"building n shared06 2 map.tga","Building","D:\AI_upscaling\AoMEE\reports\materials_xml\building n wall medium stage3_death_0.mtrl.xml","Building N Shared06 2 map","0",""
"building n shared06 2 map.tga","Building","D:\AI_upscaling\AoMEE\reports\materials_xml\building n wall medium stage3_death_1.mtrl.xml","Building N Shared06 2 map","4",""
"building n shared06 2 map.tga","Building","D:\AI_upscaling\AoMEE\reports\materials_xml\building n wall medium_0.mtrl.xml","Building N Shared06 2 map","0",""
"building n shared06 2 map.tga","Building","D:\AI_upscaling\AoMEE\reports\materials_xml\building n wall medium_1.mtrl.xml","Building N Shared06 2 map","4",""
"building n shared06 2 map.tga","Building","D:\AI_upscaling\AoMEE\reports\materials_xml\building n wall short stage1_0.mtrl.xml","Building N Shared06 2 map","0",""
"building n shared06 2 map.tga","Building","D:\AI_upscaling\AoMEE\reports\materials_xml\building n wall short stage1_1.mtrl.xml","Building N Shared06 2 map","4",""
"building n shared06 2 map.tga","Building","D:\AI_upscaling\AoMEE\reports\materials_xml\building n wall short stage2_0.mtrl.xml","Building N Shared06 2 map","0",""
"building n shared06 2 map.tga","Building","D:\AI_upscaling\AoMEE\reports\materials_xml\building n wall short stage2_1.mtrl.xml","Building N Shared06 2 map","4",""
"building n shared06 2 map.tga","Building","D:\AI_upscaling\AoMEE\reports\materials_xml\building n wall short stage3_1.mtrl.xml","Building N Shared06 2 map","4",""
"building n shared06 2 map.tga","Building","D:\AI_upscaling\AoMEE\reports\materials_xml\building n wall short stage3_death_0.mtrl.xml","Building N Shared06 2 map","0",""
"building n shared06 2 map.tga","Building","D:\AI_upscaling\AoMEE\reports\materials_xml\building n wall short stage3_death_1.mtrl.xml","Building N Shared06 2 map","4",""
"building n shared06 2 map.tga","Building","D:\AI_upscaling\AoMEE\reports\materials_xml\building n wall short_0.mtrl.xml","Building N Shared06 2 map","0",""
"building n shared06 2 map.tga","Building","D:\AI_upscaling\AoMEE\reports\materials_xml\building n wall short_1.mtrl.xml","Building N Shared06 2 map","4",""
"building n shared06 2 map.tga","Building","D:\AI_upscaling\AoMEE\reports\materials_xml\building n wallconnector_0.mtrl.xml","Building N Shared06 2 map","0",""
"building n shared06 2 map.tga","Building","D:\AI_upscaling\AoMEE\reports\materials_xml\building n wallconnector_1.mtrl.xml","Building N Shared06 2 map","4",""
"building n shared06 2 map.tga","Building","D:\AI_upscaling\AoMEE\reports\materials_xml\building n wallconnector_death_0.mtrl.xml","Building N Shared06 2 map","0",""
"building n shared06 2 map.tga","Building","D:\AI_upscaling\AoMEE\reports\materials_xml\building n wallconnector_death_1.mtrl.xml","Building N Shared06 2 map","4",""
"building n shared06 2 map.tga","Building","D:\AI_upscaling\AoMEE\reports\materials_xml\building wall long_0.mtrl.xml","Building N Shared06 2 map","0",""
"building n shared06 2 map.tga","Building","D:\AI_upscaling\AoMEE\reports\materials_xml\building wall long_1.mtrl.xml","Building N Shared06 2 map","4",""
"building n shared06 2 map.tga","Building","D:\AI_upscaling\AoMEE\reports\materials_xml\building wall medium_0.mtrl.xml","Building N Shared06 2 map","0",""
"building n shared06 2 map.tga","Building","D:\AI_upscaling\AoMEE\reports\materials_xml\building wall medium_1.mtrl.xml","Building N Shared06 2 map","4",""
"building n shared06 2 map.tga","Building","D:\AI_upscaling\AoMEE\reports\materials_xml\building wall short_0.mtrl.xml","Building N Shared06 2 map","0",""
"building n shared06 2 map.tga","Building","D:\AI_upscaling\AoMEE\reports\materials_xml\building wall short_1.mtrl.xml","Building N Shared06 2 map","4",""
"building n shared06 2 map.tga","Building","D:\AI_upscaling\AoMEE\reports\materials_xml\building wallconnector_0.mtrl.xml","Building N Shared06 2 map","0",""
"building n shared06 2 map.tga","Building","D:\AI_upscaling\AoMEE\reports\materials_xml\building wallconnector_1.mtrl.xml","Building N Shared06 2 map","4",""
"building x roof age1.tga","Building","D:\AI_upscaling\AoMEE\reports\materials_xml\building x armory age1_0.mtrl.xml","Building X Roof Age1","0",""
"building x roof age1.tga","Building","D:\AI_upscaling\AoMEE\reports\materials_xml\building x armory age1_4.mtrl.xml","Building X Roof Age1","4",""
"building x roof age1.tga","Building","D:\AI_upscaling\AoMEE\reports\materials_xml\building x armory age1_death_0.mtrl.xml","Building X Roof Age1","0",""
"building x roof age1.tga","Building","D:\AI_upscaling\AoMEE\reports\materials_xml\building x armory age1_death_2.mtrl.xml","Building X Roof Age1","4",""
"building x wall age3.tga","Building","D:\AI_upscaling\AoMEE\reports\materials_xml\building x armory age3_0.mtrl.xml","Building X Wall Age3","4",""
"building x wall age3.tga","Building","D:\AI_upscaling\AoMEE\reports\materials_xml\building x armory age3_death_0.mtrl.xml","Building X Wall Age3","4",""
"building x roof age1.tga","Building","D:\AI_upscaling\AoMEE\reports\materials_xml\building x ballista tower age2_0.mtrl.xml","Building X Roof Age1","4",""
"building x roof age1.tga","Building","D:\AI_upscaling\AoMEE\reports\materials_xml\building x ballista tower age2_death_0.mtrl.xml","Building X Roof Age1","4",""
"building x roof age1.tga","Building","D:\AI_upscaling\AoMEE\reports\materials_xml\building x ballista tower age3_0.mtrl.xml","Building X Roof Age1","4",""
"building x roof age1.tga","Building","D:\AI_upscaling\AoMEE\reports\materials_xml\building x ballista tower age3_death_0.mtrl.xml","Building X Roof Age1","4",""
"building x roof age1.tga","Building","D:\AI_upscaling\AoMEE\reports\materials_xml\building x ballista tower age4_0.mtrl.xml","Building X Roof Age1","4",""
"building x roof age1.tga","Building","D:\AI_upscaling\AoMEE\reports\materials_xml\building x ballista tower age4_death_0.mtrl.xml","Building X Roof Age1","4",""
"building x roof age1.tga","Building","D:\AI_upscaling\AoMEE\reports\materials_xml\building x barracks age1_0.mtrl.xml","Building X Roof Age1","4",""
"building x roof age1.tga","Building","D:\AI_upscaling\AoMEE\reports\materials_xml\building x barracks age1_2.mtrl.xml","Building X Roof Age1","0",""
"building x roof age1.tga","Building","D:\AI_upscaling\AoMEE\reports\materials_xml\building x barracks age1_death_0.mtrl.xml","Building X Roof Age1","0",""
"building x roof age1.tga","Building","D:\AI_upscaling\AoMEE\reports\materials_xml\building x barracks age1_death_2.mtrl.xml","Building X Roof Age1","4",""
"building x wall age3.tga","Building","D:\AI_upscaling\AoMEE\reports\materials_xml\building x barracks age3_2.mtrl.xml","Building X Wall Age3","4",""
"building x wall age3.tga","Building","D:\AI_upscaling\AoMEE\reports\materials_xml\building x barracks age3_death_1.mtrl.xml","Building X Wall Age3","4",""
"building x palace age3.tga","Building","D:\AI_upscaling\AoMEE\reports\materials_xml\building x construction palace2 age3_3.mtrl.xml","Building X Palace Age3","0",""
"building x palace age2.tga","Building","D:\AI_upscaling\AoMEE\reports\materials_xml\building x construction palace2_3.mtrl.xml","Building X Palace Age2","0",""
"building x roof age0.tga","Building","D:\AI_upscaling\AoMEE\reports\materials_xml\building x dock age0_0.mtrl.xml","Building X Roof Age0","0",""
"building x roof age0.tga","Building","D:\AI_upscaling\AoMEE\reports\materials_xml\building x dock age0_1.mtrl.xml","Building X Roof Age0","4",""
"building x roof age0.tga","Building","D:\AI_upscaling\AoMEE\reports\materials_xml\building x dock age0_death_0.mtrl.xml","Building X Roof Age0","0",""
"building x roof age0.tga","Building","D:\AI_upscaling\AoMEE\reports\materials_xml\building x dock age0_death_1.mtrl.xml","Building X Roof Age0","4",""
"building x roof age1.tga","Building","D:\AI_upscaling\AoMEE\reports\materials_xml\building x dock age1_2.mtrl.xml","Building X Roof Age1","0",""
"building x roof age1.tga","Building","D:\AI_upscaling\AoMEE\reports\materials_xml\building x dock age1_3.mtrl.xml","Building X Roof Age1","4",""
"building x roof age1.tga","Building","D:\AI_upscaling\AoMEE\reports\materials_xml\building x dock age1_death_0.mtrl.xml","Building X Roof Age1","4",""
"building x roof age1.tga","Building","D:\AI_upscaling\AoMEE\reports\materials_xml\building x dock age1_death_2.mtrl.xml","Building X Roof Age1","0",""
"building x wall age3.tga","Building","D:\AI_upscaling\AoMEE\reports\materials_xml\building x dock age3_2.mtrl.xml","Building X Wall Age3","4",""
"building x wall age3.tga","Building","D:\AI_upscaling\AoMEE\reports\materials_xml\building x dock age3_death_2.mtrl.xml","Building X Wall Age3","4",""
"building x roof age1.tga","Building","D:\AI_upscaling\AoMEE\reports\materials_xml\building x guard tower age2_0.mtrl.xml","Building X Roof Age1","4",""
"building x roof age1.tga","Building","D:\AI_upscaling\AoMEE\reports\materials_xml\building x guard tower age2_death_0.mtrl.xml","Building X Roof Age1","4",""
"building x roof age1.tga","Building","D:\AI_upscaling\AoMEE\reports\materials_xml\building x guard tower age3_0.mtrl.xml","Building X Roof Age1","4",""
"building x roof age1.tga","Building","D:\AI_upscaling\AoMEE\reports\materials_xml\building x guard tower age3_death_0.mtrl.xml","Building X Roof Age1","4",""
"building x roof age1.tga","Building","D:\AI_upscaling\AoMEE\reports\materials_xml\building x guard tower age4_0.mtrl.xml","Building X Roof Age1","4",""
"building x roof age1.tga","Building","D:\AI_upscaling\AoMEE\reports\materials_xml\building x guard tower age4_death_0.mtrl.xml","Building X Roof Age1","4",""
"building x tower watch2.tga","Building","D:\AI_upscaling\AoMEE\reports\materials_xml\building x guard tower_0.mtrl.xml","building x tower watch2","4",""
"building x tower watch2.tga","Building","D:\AI_upscaling\AoMEE\reports\materials_xml\building x guard tower_1.mtrl.xml","building x tower watch2","0",""
"building x tower watch2.tga","Building","D:\AI_upscaling\AoMEE\reports\materials_xml\building x guard tower_death_1.mtrl.xml","building x tower watch2","0",""
"building x roof age0.tga","Building","D:\AI_upscaling\AoMEE\reports\materials_xml\building x guild age0_0.mtrl.xml","Building X Roof Age0","4",""
"building x roof age0.tga","Building","D:\AI_upscaling\AoMEE\reports\materials_xml\building x guild age0_1.mtrl.xml","Building X Roof Age0","0",""
"sfx g plenty.tga","Other","D:\AI_upscaling\AoMEE\reports\materials_xml\building x guild age0_6.mtrl.xml","SFX G Plenty","0",""
"building x roof age0.tga","Building","D:\AI_upscaling\AoMEE\reports\materials_xml\building x guild age0_death_0.mtrl.xml","Building X Roof Age0","4",""
"building x roof age0.tga","Building","D:\AI_upscaling\AoMEE\reports\materials_xml\building x guild age0_death_1.mtrl.xml","Building X Roof Age0","0",""
"building x roof age1.tga","Building","D:\AI_upscaling\AoMEE\reports\materials_xml\building x guild age1_2.mtrl.xml","Building X Roof Age1","4",""
"sfx g plenty.tga","Other","D:\AI_upscaling\AoMEE\reports\materials_xml\building x guild age1_4.mtrl.xml","SFX G Plenty","0",""
"building x roof age1.tga","Building","D:\AI_upscaling\AoMEE\reports\materials_xml\building x guild age1_6.mtrl.xml","Building X Roof Age1","0",""
"building x roof age1.tga","Building","D:\AI_upscaling\AoMEE\reports\materials_xml\building x guild age1_death_1.mtrl.xml","Building X Roof Age1","4",""
"sfx g plenty.tga","Other","D:\AI_upscaling\AoMEE\reports\materials_xml\building x guild age1_death_3.mtrl.xml","SFX G Plenty","0",""
"building x roof age1.tga","Building","D:\AI_upscaling\AoMEE\reports\materials_xml\building x guild age1_death_4.mtrl.xml","Building X Roof Age1","0",""
"sfx g plenty.tga","Other","D:\AI_upscaling\AoMEE\reports\materials_xml\building x guild age2_1.mtrl.xml","SFX G Plenty","0",""
"sfx g plenty.tga","Other","D:\AI_upscaling\AoMEE\reports\materials_xml\building x guild age2_death_0.mtrl.xml","SFX G Plenty","0",""
"sfx g plenty.tga","Other","D:\AI_upscaling\AoMEE\reports\materials_xml\building x guild age3_1.mtrl.xml","SFX G Plenty","0",""
"building x wall age3.tga","Building","D:\AI_upscaling\AoMEE\reports\materials_xml\building x guild age3_5.mtrl.xml","Building X Wall Age3","4",""
"building x wall age3.tga","Building","D:\AI_upscaling\AoMEE\reports\materials_xml\building x guild age3_death_0.mtrl.xml","Building X Wall Age3","4",""
"kronos wonder map2.tga","Building","D:\AI_upscaling\AoMEE\reports\materials_xml\building x kronos wonder con 3_0.mtrl.xml","Kronos Wonder Map2","0",""
"kronos wonder map2.tga","Building","D:\AI_upscaling\AoMEE\reports\materials_xml\building x kronos wonder con 3_5.mtrl.xml","Kronos Wonder Map2","4",""
"kronos wonder map2.tga","Building","D:\AI_upscaling\AoMEE\reports\materials_xml\building x kronos wonder con 4_1.mtrl.xml","Kronos Wonder Map2","0",""
"kronos wonder map2.tga","Building","D:\AI_upscaling\AoMEE\reports\materials_xml\building x kronos wonder con 4_3.mtrl.xml","Kronos Wonder Map2","4",""
"building x roof age0.tga","Building","D:\AI_upscaling\AoMEE\reports\materials_xml\building x manor a age0_0.mtrl.xml","Building X Roof Age0","4",""
"building x roof age0.tga","Building","D:\AI_upscaling\AoMEE\reports\materials_xml\building x manor a age0_1.mtrl.xml","Building X Roof Age0","0",""
"building x roof age0.tga","Building","D:\AI_upscaling\AoMEE\reports\materials_xml\building x manor a age0_death_0.mtrl.xml","Building X Roof Age0","4",""
"building x roof age0.tga","Building","D:\AI_upscaling\AoMEE\reports\materials_xml\building x manor a age0_death_1.mtrl.xml","Building X Roof Age0","0",""
"building x roof age1.tga","Building","D:\AI_upscaling\AoMEE\reports\materials_xml\building x manor a age1_0.mtrl.xml","Building X Roof Age1","4",""
"building x roof age1.tga","Building","D:\AI_upscaling\AoMEE\reports\materials_xml\building x manor a age1_1.mtrl.xml","Building X Roof Age1","0",""
"building x roof age1.tga","Building","D:\AI_upscaling\AoMEE\reports\materials_xml\building x manor a age1_death_0.mtrl.xml","Building X Roof Age1","4",""
"building x roof age1.tga","Building","D:\AI_upscaling\AoMEE\reports\materials_xml\building x manor a age1_death_1.mtrl.xml","Building X Roof Age1","0",""
"building x wall age3.tga","Building","D:\AI_upscaling\AoMEE\reports\materials_xml\building x manor a age3_1.mtrl.xml","Building X Wall Age3","4",""
"building x wall age3.tga","Building","D:\AI_upscaling\AoMEE\reports\materials_xml\building x manor a age3_death_0.mtrl.xml","Building X Wall Age3","4",""
"building x roof age0.tga","Building","D:\AI_upscaling\AoMEE\reports\materials_xml\building x manor b age0_1.mtrl.xml","Building X Roof Age0","4",""
"building x roof age0.tga","Building","D:\AI_upscaling\AoMEE\reports\materials_xml\building x manor b age0_3.mtrl.xml","Building X Roof Age0","0",""
"building x roof age0.tga","Building","D:\AI_upscaling\AoMEE\reports\materials_xml\building x manor b age0_death_0.mtrl.xml","Building X Roof Age0","4",""
"building x roof age0.tga","Building","D:\AI_upscaling\AoMEE\reports\materials_xml\building x manor b age0_death_2.mtrl.xml","Building X Roof Age0","0",""
"building x roof age1.tga","Building","D:\AI_upscaling\AoMEE\reports\materials_xml\building x manor b age1_1.mtrl.xml","Building X Roof Age1","4",""
"building x roof age1.tga","Building","D:\AI_upscaling\AoMEE\reports\materials_xml\building x manor b age1_3.mtrl.xml","Building X Roof Age1","0",""
"building x roof age1.tga","Building","D:\AI_upscaling\AoMEE\reports\materials_xml\building x manor b age1_death_0.mtrl.xml","Building X Roof Age1","4",""
"building x roof age1.tga","Building","D:\AI_upscaling\AoMEE\reports\materials_xml\building x manor b age1_death_2.mtrl.xml","Building X Roof Age1","0",""
"building x wall age3.tga","Building","D:\AI_upscaling\AoMEE\reports\materials_xml\building x manor b age3_2.mtrl.xml","Building X Wall Age3","4",""
"building x wall age3.tga","Building","D:\AI_upscaling\AoMEE\reports\materials_xml\building x manor b age3_death_0.mtrl.xml","Building X Wall Age3","4",""
"building x roof age0.tga","Building","D:\AI_upscaling\AoMEE\reports\materials_xml\building x manor c age0_0.mtrl.xml","Building X Roof Age0","4",""
"building x roof age0.tga","Building","D:\AI_upscaling\AoMEE\reports\materials_xml\building x manor c age0_1.mtrl.xml","Building X Roof Age0","0",""
"building x roof age0.tga","Building","D:\AI_upscaling\AoMEE\reports\materials_xml\building x manor c age0_death_0.mtrl.xml","Building X Roof Age0","4",""
"building x roof age0.tga","Building","D:\AI_upscaling\AoMEE\reports\materials_xml\building x manor c age0_death_1.mtrl.xml","Building X Roof Age0","0",""
"building x roof age1.tga","Building","D:\AI_upscaling\AoMEE\reports\materials_xml\building x manor c age1_0.mtrl.xml","Building X Roof Age1","0",""
"building x roof age1.tga","Building","D:\AI_upscaling\AoMEE\reports\materials_xml\building x manor c age1_3.mtrl.xml","Building X Roof Age1","4",""
"building x roof age1.tga","Building","D:\AI_upscaling\AoMEE\reports\materials_xml\building x manor c age1_death_0.mtrl.xml","Building X Roof Age1","0",""
"building x roof age1.tga","Building","D:\AI_upscaling\AoMEE\reports\materials_xml\building x manor c age1_death_2.mtrl.xml","Building X Roof Age1","4",""
"building x wall age3.tga","Building","D:\AI_upscaling\AoMEE\reports\materials_xml\building x manor c age3_0.mtrl.xml","Building X Wall Age3","4",""
"building x wall age3.tga","Building","D:\AI_upscaling\AoMEE\reports\materials_xml\building x manor c age3_death_0.mtrl.xml","Building X Wall Age3","4",""
"building x wall age3.tga","Building","D:\AI_upscaling\AoMEE\reports\materials_xml\building x market age3_1.mtrl.xml","Building X Wall Age3","4",""
"building x wall age3.tga","Building","D:\AI_upscaling\AoMEE\reports\materials_xml\building x market age3_death_0.mtrl.xml","Building X Wall Age3","4",""
"oranos wonder map.tga","Building","D:\AI_upscaling\AoMEE\reports\materials_xml\building x oranos wonder con 3_0.mtrl.xml","Oranos Wonder Map","0",""
"oranos wonder map1.tga","Building","D:\AI_upscaling\AoMEE\reports\materials_xml\building x oranos wonder con 3_1.mtrl.xml","Oranos Wonder Map1","0",""
"oranos wonder map1.tga","Building","D:\AI_upscaling\AoMEE\reports\materials_xml\building x oranos wonder con 3_2.mtrl.xml","Oranos Wonder Map1","4",""
"oranos wonder map.tga","Building","D:\AI_upscaling\AoMEE\reports\materials_xml\building x oranos wonder con 3_3.mtrl.xml","Oranos Wonder Map","0",""
"oranos wonder map1.tga","Building","D:\AI_upscaling\AoMEE\reports\materials_xml\building x oranos wonder con 4_0.mtrl.xml","Oranos Wonder Map1","0",""
"oranos wonder map.tga","Building","D:\AI_upscaling\AoMEE\reports\materials_xml\building x oranos wonder con 4_1.mtrl.xml","Oranos Wonder Map","0",""
"oranos wonder map.tga","Building","D:\AI_upscaling\AoMEE\reports\materials_xml\building x oranos wonder con 4_3.mtrl.xml","Oranos Wonder Map","4",""
"oranos wonder map1.tga","Building","D:\AI_upscaling\AoMEE\reports\materials_xml\building x oranos wonder con 4_4.mtrl.xml","Oranos Wonder Map1","4",""
"oranos wonder map.tga","Building","D:\AI_upscaling\AoMEE\reports\materials_xml\building x oranos wonder con 4_6.mtrl.xml","Oranos Wonder Map","0",""
"building x palace age2.tga","Building","D:\AI_upscaling\AoMEE\reports\materials_xml\building x palace age2_0.mtrl.xml","Building X Palace Age2","4",""
"building x palace age2.tga","Building","D:\AI_upscaling\AoMEE\reports\materials_xml\building x palace age2_death_0.mtrl.xml","Building X Palace Age2","4",""
"building x wall age3.tga","Building","D:\AI_upscaling\AoMEE\reports\materials_xml\building x palace age3_1.mtrl.xml","Building X Wall Age3","4",""
"building x palace age3.tga","Building","D:\AI_upscaling\AoMEE\reports\materials_xml\building x palace age3_3.mtrl.xml","Building X Palace Age3","4",""
"building x wall age3.tga","Building","D:\AI_upscaling\AoMEE\reports\materials_xml\building x palace age3_death_1.mtrl.xml","Building X Wall Age3","4",""
"building x palace age3.tga","Building","D:\AI_upscaling\AoMEE\reports\materials_xml\building x palace age3_death_3.mtrl.xml","Building X Palace Age3","4",""
"building x roof age0.tga","Building","D:\AI_upscaling\AoMEE\reports\materials_xml\building x settlement age0_0.mtrl.xml","Building X Roof Age0","0",""
"building x roof age0.tga","Building","D:\AI_upscaling\AoMEE\reports\materials_xml\building x settlement age0_1.mtrl.xml","Building X Roof Age0","4",""
"building x roof age0.tga","Building","D:\AI_upscaling\AoMEE\reports\materials_xml\building x settlement age0_death_0.mtrl.xml","Building X Roof Age0","0",""
"building x roof age0.tga","Building","D:\AI_upscaling\AoMEE\reports\materials_xml\building x settlement age0_death_1.mtrl.xml","Building X Roof Age0","4",""
"building x roof age1.tga","Building","D:\AI_upscaling\AoMEE\reports\materials_xml\building x settlement age1_0.mtrl.xml","Building X Roof Age1","0",""
"building x roof age1.tga","Building","D:\AI_upscaling\AoMEE\reports\materials_xml\building x settlement age1_1.mtrl.xml","Building X Roof Age1","4",""
"building x roof age1.tga","Building","D:\AI_upscaling\AoMEE\reports\materials_xml\building x settlement age1_death_0.mtrl.xml","Building X Roof Age1","0",""
"building x roof age1.tga","Building","D:\AI_upscaling\AoMEE\reports\materials_xml\building x settlement age1_death_1.mtrl.xml","Building X Roof Age1","4",""
"building g settlementage1.tga","Building","D:\AI_upscaling\AoMEE\reports\materials_xml\building x settlement age2 fortified_4.mtrl.xml","Building G SettlementAge1","0",""
"building g settlementage1.tga","Building","D:\AI_upscaling\AoMEE\reports\materials_xml\building x settlement age2 fortified_death_3.mtrl.xml","Building G SettlementAge1","0",""
"building g settlementage1.tga","Building","D:\AI_upscaling\AoMEE\reports\materials_xml\building x settlement age2_3.mtrl.xml","Building G SettlementAge1","0",""
"building g settlementage1.tga","Building","D:\AI_upscaling\AoMEE\reports\materials_xml\building x settlement age2_death_3.mtrl.xml","Building G SettlementAge1","0",""
"building x wall age3.tga","Building","D:\AI_upscaling\AoMEE\reports\materials_xml\building x settlement age3 fortified_0.mtrl.xml","Building X Wall Age3","4",""
"building g settlementage1.tga","Building","D:\AI_upscaling\AoMEE\reports\materials_xml\building x settlement age3 fortified_2.mtrl.xml","Building G SettlementAge1","0",""
"building x wall age3.tga","Building","D:\AI_upscaling\AoMEE\reports\materials_xml\building x settlement age3 fortified_death_0.mtrl.xml","Building X Wall Age3","4",""
"building g settlementage1.tga","Building","D:\AI_upscaling\AoMEE\reports\materials_xml\building x settlement age3 fortified_death_1.mtrl.xml","Building G SettlementAge1","0",""
"building x wall age3.tga","Building","D:\AI_upscaling\AoMEE\reports\materials_xml\building x settlement age3_0.mtrl.xml","Building X Wall Age3","4",""
"building g settlementage1.tga","Building","D:\AI_upscaling\AoMEE\reports\materials_xml\building x settlement age3_3.mtrl.xml","Building G SettlementAge1","0",""
"building x wall age3.tga","Building","D:\AI_upscaling\AoMEE\reports\materials_xml\building x settlement age3_death_0.mtrl.xml","Building X Wall Age3","4",""
"building g settlementage1.tga","Building","D:\AI_upscaling\AoMEE\reports\materials_xml\building x settlement age3_death_2.mtrl.xml","Building G SettlementAge1","0",""
"building x roof age1.tga","Building","D:\AI_upscaling\AoMEE\reports\materials_xml\building x specialist age1_2.mtrl.xml","Building X Roof Age1","0",""
"building x roof age1.tga","Building","D:\AI_upscaling\AoMEE\reports\materials_xml\building x specialist age1_death_2.mtrl.xml","Building X Roof Age1","0",""
"building x roof age1.tga","Building","D:\AI_upscaling\AoMEE\reports\materials_xml\building x specialist age1_death_3.mtrl.xml","Building X Roof Age1","4",""
"building x wall age3.tga","Building","D:\AI_upscaling\AoMEE\reports\materials_xml\building x specialist age3_2.mtrl.xml","Building X Wall Age3","4",""
"building x wall age3.tga","Building","D:\AI_upscaling\AoMEE\reports\materials_xml\building x specialist age3_death_1.mtrl.xml","Building X Wall Age3","4",""
"building x roof age0.tga","Building","D:\AI_upscaling\AoMEE\reports\materials_xml\building x temple age0_1.mtrl.xml","Building X Roof Age0","4",""
"building x roof age0.tga","Building","D:\AI_upscaling\AoMEE\reports\materials_xml\building x temple age0_3.mtrl.xml","Building X Roof Age0","0",""
"building x roof age0.tga","Building","D:\AI_upscaling\AoMEE\reports\materials_xml\building x temple age0_death_1.mtrl.xml","Building X Roof Age0","4",""
"building x roof age0.tga","Building","D:\AI_upscaling\AoMEE\reports\materials_xml\building x temple age0_death_3.mtrl.xml","Building X Roof Age0","0",""
"building x roof age1.tga","Building","D:\AI_upscaling\AoMEE\reports\materials_xml\building x temple age1_1.mtrl.xml","Building X Roof Age1","4",""
"building x roof age1.tga","Building","D:\AI_upscaling\AoMEE\reports\materials_xml\building x temple age1_2.mtrl.xml","Building X Roof Age1","0",""
"building x roof age1.tga","Building","D:\AI_upscaling\AoMEE\reports\materials_xml\building x temple age1_death_1.mtrl.xml","Building X Roof Age1","4",""
"building x roof age1.tga","Building","D:\AI_upscaling\AoMEE\reports\materials_xml\building x temple age1_death_2.mtrl.xml","Building X Roof Age1","0",""
"building x wall age3.tga","Building","D:\AI_upscaling\AoMEE\reports\materials_xml\building x temple age3_3.mtrl.xml","Building X Wall Age3","4",""
"building x wall age3.tga","Building","D:\AI_upscaling\AoMEE\reports\materials_xml\building x temple age3_death_1.mtrl.xml","Building X Wall Age3","4",""
"building x titangate.tga","Building","D:\AI_upscaling\AoMEE\reports\materials_xml\building x titan gate stage1_0.mtrl.xml","Building x TitanGate","0",""
"building x titangate.tga","Building","D:\AI_upscaling\AoMEE\reports\materials_xml\building x titan gate stage1_1.mtrl.xml","Building x TitanGate","4",""
"building x titangate.tga","Building","D:\AI_upscaling\AoMEE\reports\materials_xml\building x titan gate stage2_0.mtrl.xml","Building x TitanGate","0",""
"building x titangate.tga","Building","D:\AI_upscaling\AoMEE\reports\materials_xml\building x titan gate stage2_1.mtrl.xml","Building x TitanGate","4",""
"building x titangate.tga","Building","D:\AI_upscaling\AoMEE\reports\materials_xml\building x titan gate stage3_0.mtrl.xml","Building x TitanGate","0",""
"building x titangate.tga","Building","D:\AI_upscaling\AoMEE\reports\materials_xml\building x titan gate stage3_1.mtrl.xml","Building x TitanGate","4",""
"building x titangate.tga","Building","D:\AI_upscaling\AoMEE\reports\materials_xml\building x titan gate stage4_0.mtrl.xml","Building x TitanGate","0",""
"building x titangate.tga","Building","D:\AI_upscaling\AoMEE\reports\materials_xml\building x titan gate stage4_1.mtrl.xml","Building x TitanGate","4",""
"building x titangate.tga","Building","D:\AI_upscaling\AoMEE\reports\materials_xml\building x titan gate_dead_0.mtrl.xml","Building x TitanGate","0",""
"building x titangate.tga","Building","D:\AI_upscaling\AoMEE\reports\materials_xml\building x titan gate_dead_1.mtrl.xml","Building x TitanGate","4",""
"building x titangate.tga","Building","D:\AI_upscaling\AoMEE\reports\materials_xml\building x titan gate_death_0.mtrl.xml","Building x TitanGate","0",""
"building x titangate.tga","Building","D:\AI_upscaling\AoMEE\reports\materials_xml\building x titan gate_death_1.mtrl.xml","Building x TitanGate","4",""
"building x roof age1.tga","Building","D:\AI_upscaling\AoMEE\reports\materials_xml\building x tower age2_0.mtrl.xml","Building X Roof Age1","4",""
"building x wall bronze.tga","Building","D:\AI_upscaling\AoMEE\reports\materials_xml\building x wall bronze connector stage 1 death_1.mtrl.xml","Building X Wall Bronze","0",""
"building x wall bronze.tga","Building","D:\AI_upscaling\AoMEE\reports\materials_xml\building x wall bronze connector stage 1 death_2.mtrl.xml","Building X Wall Bronze","4",""
"building x wall bronze.tga","Building","D:\AI_upscaling\AoMEE\reports\materials_xml\building x wall bronze connector stage 2 death_1.mtrl.xml","Building X Wall Bronze","0",""
"building x wall bronze.tga","Building","D:\AI_upscaling\AoMEE\reports\materials_xml\building x wall bronze connector stage 2 death_2.mtrl.xml","Building X Wall Bronze","4",""
"building x wall bronze.tga","Building","D:\AI_upscaling\AoMEE\reports\materials_xml\building x wall bronze connector stage 3 death_1.mtrl.xml","Building X Wall Bronze","0",""
"building x wall bronze.tga","Building","D:\AI_upscaling\AoMEE\reports\materials_xml\building x wall bronze connector stage 3 death_2.mtrl.xml","Building X Wall Bronze","4",""
"building x wall bronze.tga","Building","D:\AI_upscaling\AoMEE\reports\materials_xml\building x wall bronze connector stage 4 death_1.mtrl.xml","Building X Wall Bronze","0",""
"building x wall bronze.tga","Building","D:\AI_upscaling\AoMEE\reports\materials_xml\building x wall bronze connector stage 4 death_2.mtrl.xml","Building X Wall Bronze","4",""
"building x wall bronze.tga","Building","D:\AI_upscaling\AoMEE\reports\materials_xml\building x wall bronze connector_0.mtrl.xml","Building X Wall Bronze","0",""
"building x wall bronze.tga","Building","D:\AI_upscaling\AoMEE\reports\materials_xml\building x wall bronze connector_1.mtrl.xml","Building X Wall Bronze","4",""
"building x wall bronze.tga","Building","D:\AI_upscaling\AoMEE\reports\materials_xml\building x wall bronze long stage 1 death_0.mtrl.xml","Building X Wall Bronze","0",""
"building x wall bronze.tga","Building","D:\AI_upscaling\AoMEE\reports\materials_xml\building x wall bronze long stage 1 death_1.mtrl.xml","Building X Wall Bronze","4",""
"building x wall bronze.tga","Building","D:\AI_upscaling\AoMEE\reports\materials_xml\building x wall bronze long stage 2 death_1.mtrl.xml","Building X Wall Bronze","0",""
"building x wall bronze.tga","Building","D:\AI_upscaling\AoMEE\reports\materials_xml\building x wall bronze long stage 2 death_2.mtrl.xml","Building X Wall Bronze","4",""
"building x wall bronze.tga","Building","D:\AI_upscaling\AoMEE\reports\materials_xml\building x wall bronze long stage 3 death_1.mtrl.xml","Building X Wall Bronze","0",""
"building x wall bronze.tga","Building","D:\AI_upscaling\AoMEE\reports\materials_xml\building x wall bronze long stage 3 death_2.mtrl.xml","Building X Wall Bronze","4",""
"building x wall bronze.tga","Building","D:\AI_upscaling\AoMEE\reports\materials_xml\building x wall bronze long stage 4 death_1.mtrl.xml","Building X Wall Bronze","0",""
"building x wall bronze.tga","Building","D:\AI_upscaling\AoMEE\reports\materials_xml\building x wall bronze long stage 4 death_2.mtrl.xml","Building X Wall Bronze","4",""
"building x wall bronze.tga","Building","D:\AI_upscaling\AoMEE\reports\materials_xml\building x wall bronze long_0.mtrl.xml","Building X Wall Bronze","0",""
"building x wall bronze.tga","Building","D:\AI_upscaling\AoMEE\reports\materials_xml\building x wall bronze long_1.mtrl.xml","Building X Wall Bronze","4",""
"building x wall bronze.tga","Building","D:\AI_upscaling\AoMEE\reports\materials_xml\building x wall bronze med stage 1 death_1.mtrl.xml","Building X Wall Bronze","0",""
"building x wall bronze.tga","Building","D:\AI_upscaling\AoMEE\reports\materials_xml\building x wall bronze med stage 1 death_2.mtrl.xml","Building X Wall Bronze","4",""
"building x wall bronze.tga","Building","D:\AI_upscaling\AoMEE\reports\materials_xml\building x wall bronze med stage 2 death_1.mtrl.xml","Building X Wall Bronze","0",""
"building x wall bronze.tga","Building","D:\AI_upscaling\AoMEE\reports\materials_xml\building x wall bronze med stage 2 death_2.mtrl.xml","Building X Wall Bronze","4",""
"building x wall bronze.tga","Building","D:\AI_upscaling\AoMEE\reports\materials_xml\building x wall bronze med stage 3 death_1.mtrl.xml","Building X Wall Bronze","0",""
"building x wall bronze.tga","Building","D:\AI_upscaling\AoMEE\reports\materials_xml\building x wall bronze med stage 3 death_2.mtrl.xml","Building X Wall Bronze","4",""
"building x wall bronze.tga","Building","D:\AI_upscaling\AoMEE\reports\materials_xml\building x wall bronze med stage 4 death_1.mtrl.xml","Building X Wall Bronze","0",""
"building x wall bronze.tga","Building","D:\AI_upscaling\AoMEE\reports\materials_xml\building x wall bronze med stage 4 death_2.mtrl.xml","Building X Wall Bronze","4",""
"building x wall bronze.tga","Building","D:\AI_upscaling\AoMEE\reports\materials_xml\building x wall bronze med_0.mtrl.xml","Building X Wall Bronze","0",""
"building x wall bronze.tga","Building","D:\AI_upscaling\AoMEE\reports\materials_xml\building x wall bronze med_1.mtrl.xml","Building X Wall Bronze","4",""
"building x wall bronze.tga","Building","D:\AI_upscaling\AoMEE\reports\materials_xml\building x wall bronze short_0.mtrl.xml","Building X Wall Bronze","0",""
"building x wall bronze.tga","Building","D:\AI_upscaling\AoMEE\reports\materials_xml\building x wall bronze short_1.mtrl.xml","Building X Wall Bronze","4",""
"building x wall bronze.tga","Building","D:\AI_upscaling\AoMEE\reports\materials_xml\building x wall bronze small stage 1 death_1.mtrl.xml","Building X Wall Bronze","0",""
"building x wall bronze.tga","Building","D:\AI_upscaling\AoMEE\reports\materials_xml\building x wall bronze small stage 1 death_2.mtrl.xml","Building X Wall Bronze","4",""
"building x wall bronze.tga","Building","D:\AI_upscaling\AoMEE\reports\materials_xml\building x wall bronze small stage 2 death_1.mtrl.xml","Building X Wall Bronze","0",""
"building x wall bronze.tga","Building","D:\AI_upscaling\AoMEE\reports\materials_xml\building x wall bronze small stage 2 death_2.mtrl.xml","Building X Wall Bronze","4",""
"building x wall bronze.tga","Building","D:\AI_upscaling\AoMEE\reports\materials_xml\building x wall bronze small stage 3 death_1.mtrl.xml","Building X Wall Bronze","0",""
"building x wall bronze.tga","Building","D:\AI_upscaling\AoMEE\reports\materials_xml\building x wall bronze small stage 3 death_2.mtrl.xml","Building X Wall Bronze","4",""
"building x wall bronze.tga","Building","D:\AI_upscaling\AoMEE\reports\materials_xml\building x wall bronze small stage 4 death_1.mtrl.xml","Building X Wall Bronze","0",""
"building x wall bronze.tga","Building","D:\AI_upscaling\AoMEE\reports\materials_xml\building x wall bronze small stage 4 death_2.mtrl.xml","Building X Wall Bronze","4",""
"building x wall iron.tga","Building","D:\AI_upscaling\AoMEE\reports\materials_xml\building x wall iron connector stage 1 death_1.mtrl.xml","Building X Wall Iron","0",""
"building x wall iron.tga","Building","D:\AI_upscaling\AoMEE\reports\materials_xml\building x wall iron connector stage 1 death_2.mtrl.xml","Building X Wall Iron","4",""
"building x wall iron.tga","Building","D:\AI_upscaling\AoMEE\reports\materials_xml\building x wall iron connector stage 2 death_1.mtrl.xml","Building X Wall Iron","0",""
"building x wall iron.tga","Building","D:\AI_upscaling\AoMEE\reports\materials_xml\building x wall iron connector stage 2 death_2.mtrl.xml","Building X Wall Iron","4",""
"building x wall iron.tga","Building","D:\AI_upscaling\AoMEE\reports\materials_xml\building x wall iron connector stage 3 death_1.mtrl.xml","Building X Wall Iron","0",""
"building x wall iron.tga","Building","D:\AI_upscaling\AoMEE\reports\materials_xml\building x wall iron connector stage 3 death_2.mtrl.xml","Building X Wall Iron","4",""
"building x wall iron.tga","Building","D:\AI_upscaling\AoMEE\reports\materials_xml\building x wall iron connector stage 4 death_1.mtrl.xml","Building X Wall Iron","0",""
"building x wall iron.tga","Building","D:\AI_upscaling\AoMEE\reports\materials_xml\building x wall iron connector stage 4 death_2.mtrl.xml","Building X Wall Iron","4",""
"building x wall iron.tga","Building","D:\AI_upscaling\AoMEE\reports\materials_xml\building x wall iron connector_0.mtrl.xml","Building X Wall Iron","0",""
"building x wall iron.tga","Building","D:\AI_upscaling\AoMEE\reports\materials_xml\building x wall iron connector_1.mtrl.xml","Building X Wall Iron","4",""
"building x wall iron.tga","Building","D:\AI_upscaling\AoMEE\reports\materials_xml\building x wall iron long stage 1 death_1.mtrl.xml","Building X Wall Iron","0",""
"building x wall iron.tga","Building","D:\AI_upscaling\AoMEE\reports\materials_xml\building x wall iron long stage 1 death_2.mtrl.xml","Building X Wall Iron","4",""
"building x wall iron.tga","Building","D:\AI_upscaling\AoMEE\reports\materials_xml\building x wall iron long stage 2 death_1.mtrl.xml","Building X Wall Iron","0",""
"building x wall iron.tga","Building","D:\AI_upscaling\AoMEE\reports\materials_xml\building x wall iron long stage 2 death_2.mtrl.xml","Building X Wall Iron","4",""
"building x wall iron.tga","Building","D:\AI_upscaling\AoMEE\reports\materials_xml\building x wall iron long stage 3 death_1.mtrl.xml","Building X Wall Iron","0",""
"building x wall iron.tga","Building","D:\AI_upscaling\AoMEE\reports\materials_xml\building x wall iron long stage 3 death_2.mtrl.xml","Building X Wall Iron","4",""
"building x wall iron.tga","Building","D:\AI_upscaling\AoMEE\reports\materials_xml\building x wall iron long stage 4 death_1.mtrl.xml","Building X Wall Iron","0",""
"building x wall iron.tga","Building","D:\AI_upscaling\AoMEE\reports\materials_xml\building x wall iron long stage 4 death_2.mtrl.xml","Building X Wall Iron","4",""
"building x wall iron.tga","Building","D:\AI_upscaling\AoMEE\reports\materials_xml\building x wall iron long_0.mtrl.xml","Building X Wall Iron","0",""
"building x wall iron.tga","Building","D:\AI_upscaling\AoMEE\reports\materials_xml\building x wall iron long_1.mtrl.xml","Building X Wall Iron","4",""
"building x wall iron.tga","Building","D:\AI_upscaling\AoMEE\reports\materials_xml\building x wall iron med stage 1 death_1.mtrl.xml","Building X Wall Iron","0",""
"building x wall iron.tga","Building","D:\AI_upscaling\AoMEE\reports\materials_xml\building x wall iron med stage 1 death_2.mtrl.xml","Building X Wall Iron","4",""
"building x wall iron.tga","Building","D:\AI_upscaling\AoMEE\reports\materials_xml\building x wall iron med stage 2 death_1.mtrl.xml","Building X Wall Iron","0",""
"building x wall iron.tga","Building","D:\AI_upscaling\AoMEE\reports\materials_xml\building x wall iron med stage 2 death_2.mtrl.xml","Building X Wall Iron","4",""
"building x wall iron.tga","Building","D:\AI_upscaling\AoMEE\reports\materials_xml\building x wall iron med stage 3 death_1.mtrl.xml","Building X Wall Iron","0",""
"building x wall iron.tga","Building","D:\AI_upscaling\AoMEE\reports\materials_xml\building x wall iron med stage 3 death_2.mtrl.xml","Building X Wall Iron","4",""
"building x wall iron.tga","Building","D:\AI_upscaling\AoMEE\reports\materials_xml\building x wall iron med stage 4 death_1.mtrl.xml","Building X Wall Iron","0",""
"building x wall iron.tga","Building","D:\AI_upscaling\AoMEE\reports\materials_xml\building x wall iron med stage 4 death_2.mtrl.xml","Building X Wall Iron","4",""
"building x wall iron.tga","Building","D:\AI_upscaling\AoMEE\reports\materials_xml\building x wall iron med_0.mtrl.xml","Building X Wall Iron","0",""
"building x wall iron.tga","Building","D:\AI_upscaling\AoMEE\reports\materials_xml\building x wall iron med_1.mtrl.xml","Building X Wall Iron","4",""
"building x wall iron.tga","Building","D:\AI_upscaling\AoMEE\reports\materials_xml\building x wall iron short_0.mtrl.xml","Building X Wall Iron","0",""
"building x wall iron.tga","Building","D:\AI_upscaling\AoMEE\reports\materials_xml\building x wall iron short_1.mtrl.xml","Building X Wall Iron","4",""
"building x wall iron.tga","Building","D:\AI_upscaling\AoMEE\reports\materials_xml\building x wall iron small stage 1 death_1.mtrl.xml","Building X Wall Iron","0",""
"building x wall iron.tga","Building","D:\AI_upscaling\AoMEE\reports\materials_xml\building x wall iron small stage 1 death_2.mtrl.xml","Building X Wall Iron","4",""
"building x wall iron.tga","Building","D:\AI_upscaling\AoMEE\reports\materials_xml\building x wall iron small stage 2 death_1.mtrl.xml","Building X Wall Iron","0",""
"building x wall iron.tga","Building","D:\AI_upscaling\AoMEE\reports\materials_xml\building x wall iron small stage 2 death_2.mtrl.xml","Building X Wall Iron","4",""
"building x wall iron.tga","Building","D:\AI_upscaling\AoMEE\reports\materials_xml\building x wall iron small stage 3 death_1.mtrl.xml","Building X Wall Iron","0",""
"building x wall iron.tga","Building","D:\AI_upscaling\AoMEE\reports\materials_xml\building x wall iron small stage 3 death_2.mtrl.xml","Building X Wall Iron","4",""
"building x wall iron.tga","Building","D:\AI_upscaling\AoMEE\reports\materials_xml\building x wall iron small stage 4 death_1.mtrl.xml","Building X Wall Iron","0",""
"building x wall iron.tga","Building","D:\AI_upscaling\AoMEE\reports\materials_xml\building x wall iron small stage 4 death_2.mtrl.xml","Building X Wall Iron","4",""
"building x wall oreichalkos.tga","Building","D:\AI_upscaling\AoMEE\reports\materials_xml\building x wall oreichalkos connector stage 1 death_1.mtrl.xml","Building X Wall Oreichalkos","0",""
"building x wall oreichalkos.tga","Building","D:\AI_upscaling\AoMEE\reports\materials_xml\building x wall oreichalkos connector stage 2 death_0.mtrl.xml","Building X Wall Oreichalkos","0",""
"building x wall oreichalkos.tga","Building","D:\AI_upscaling\AoMEE\reports\materials_xml\building x wall oreichalkos connector stage 2 death_1.mtrl.xml","Building X Wall Oreichalkos","4",""
"building x wall oreichalkos.tga","Building","D:\AI_upscaling\AoMEE\reports\materials_xml\building x wall oreichalkos connector stage 3 death_0.mtrl.xml","Building X Wall Oreichalkos","0",""
"building x wall oreichalkos.tga","Building","D:\AI_upscaling\AoMEE\reports\materials_xml\building x wall oreichalkos connector stage 3 death_1.mtrl.xml","Building X Wall Oreichalkos","4",""
"building x wall oreichalkos.tga","Building","D:\AI_upscaling\AoMEE\reports\materials_xml\building x wall oreichalkos connector stage 4 death_0.mtrl.xml","Building X Wall Oreichalkos","0",""
"building x wall oreichalkos.tga","Building","D:\AI_upscaling\AoMEE\reports\materials_xml\building x wall oreichalkos connector stage 4 death_1.mtrl.xml","Building X Wall Oreichalkos","4",""
"building x wall oreichalkos.tga","Building","D:\AI_upscaling\AoMEE\reports\materials_xml\building x wall oreichalkos connector_0.mtrl.xml","Building X Wall Oreichalkos","0",""
"building x wall oreichalkos.tga","Building","D:\AI_upscaling\AoMEE\reports\materials_xml\building x wall oreichalkos connector_1.mtrl.xml","Building X Wall Oreichalkos","4",""
"building x wall oreichalkos.tga","Building","D:\AI_upscaling\AoMEE\reports\materials_xml\building x wall oreichalkos long stage 1 death_1.mtrl.xml","Building X Wall Oreichalkos","0",""
"building x wall oreichalkos.tga","Building","D:\AI_upscaling\AoMEE\reports\materials_xml\building x wall oreichalkos long stage 1 death_2.mtrl.xml","Building X Wall Oreichalkos","4",""
"building x wall oreichalkos.tga","Building","D:\AI_upscaling\AoMEE\reports\materials_xml\building x wall oreichalkos long stage 2 death_1.mtrl.xml","Building X Wall Oreichalkos","0",""
"building x wall oreichalkos.tga","Building","D:\AI_upscaling\AoMEE\reports\materials_xml\building x wall oreichalkos long stage 2 death_2.mtrl.xml","Building X Wall Oreichalkos","4",""
"building x wall oreichalkos.tga","Building","D:\AI_upscaling\AoMEE\reports\materials_xml\building x wall oreichalkos long stage 3 death_1.mtrl.xml","Building X Wall Oreichalkos","0",""
"building x wall oreichalkos.tga","Building","D:\AI_upscaling\AoMEE\reports\materials_xml\building x wall oreichalkos long stage 3 death_2.mtrl.xml","Building X Wall Oreichalkos","4",""
"building x wall oreichalkos.tga","Building","D:\AI_upscaling\AoMEE\reports\materials_xml\building x wall oreichalkos long stage 4 death_1.mtrl.xml","Building X Wall Oreichalkos","0",""
"building x wall oreichalkos.tga","Building","D:\AI_upscaling\AoMEE\reports\materials_xml\building x wall oreichalkos long stage 4 death_2.mtrl.xml","Building X Wall Oreichalkos","4",""
"building x wall oreichalkos.tga","Building","D:\AI_upscaling\AoMEE\reports\materials_xml\building x wall oreichalkos long_0.mtrl.xml","Building X Wall Oreichalkos","0",""
"building x wall oreichalkos.tga","Building","D:\AI_upscaling\AoMEE\reports\materials_xml\building x wall oreichalkos long_1.mtrl.xml","Building X Wall Oreichalkos","4",""
"building x wall oreichalkos.tga","Building","D:\AI_upscaling\AoMEE\reports\materials_xml\building x wall oreichalkos med stage 1 death_1.mtrl.xml","Building X Wall Oreichalkos","0",""
"building x wall oreichalkos.tga","Building","D:\AI_upscaling\AoMEE\reports\materials_xml\building x wall oreichalkos med stage 1 death_2.mtrl.xml","Building X Wall Oreichalkos","4",""
"building x wall oreichalkos.tga","Building","D:\AI_upscaling\AoMEE\reports\materials_xml\building x wall oreichalkos med stage 2 death_1.mtrl.xml","Building X Wall Oreichalkos","0",""
"building x wall oreichalkos.tga","Building","D:\AI_upscaling\AoMEE\reports\materials_xml\building x wall oreichalkos med stage 2 death_2.mtrl.xml","Building X Wall Oreichalkos","4",""
"building x wall oreichalkos.tga","Building","D:\AI_upscaling\AoMEE\reports\materials_xml\building x wall oreichalkos med stage 3 death_1.mtrl.xml","Building X Wall Oreichalkos","0",""
"building x wall oreichalkos.tga","Building","D:\AI_upscaling\AoMEE\reports\materials_xml\building x wall oreichalkos med stage 3 death_2.mtrl.xml","Building X Wall Oreichalkos","4",""
"building x wall oreichalkos.tga","Building","D:\AI_upscaling\AoMEE\reports\materials_xml\building x wall oreichalkos med stage 4 death_1.mtrl.xml","Building X Wall Oreichalkos","0",""
"building x wall oreichalkos.tga","Building","D:\AI_upscaling\AoMEE\reports\materials_xml\building x wall oreichalkos med stage 4 death_2.mtrl.xml","Building X Wall Oreichalkos","4",""
"building x wall oreichalkos.tga","Building","D:\AI_upscaling\AoMEE\reports\materials_xml\building x wall oreichalkos medium_0.mtrl.xml","Building X Wall Oreichalkos","0",""
"building x wall oreichalkos.tga","Building","D:\AI_upscaling\AoMEE\reports\materials_xml\building x wall oreichalkos med_0.mtrl.xml","Building X Wall Oreichalkos","0",""
"building x wall oreichalkos.tga","Building","D:\AI_upscaling\AoMEE\reports\materials_xml\building x wall oreichalkos med_1.mtrl.xml","Building X Wall Oreichalkos","4",""
"building x wall oreichalkos.tga","Building","D:\AI_upscaling\AoMEE\reports\materials_xml\building x wall oreichalkos short stage 1 death_1.mtrl.xml","Building X Wall Oreichalkos","0",""
"building x wall oreichalkos.tga","Building","D:\AI_upscaling\AoMEE\reports\materials_xml\building x wall oreichalkos short stage 1 death_2.mtrl.xml","Building X Wall Oreichalkos","4",""
"building x wall oreichalkos.tga","Building","D:\AI_upscaling\AoMEE\reports\materials_xml\building x wall oreichalkos short stage 2 death_1.mtrl.xml","Building X Wall Oreichalkos","0",""
"building x wall oreichalkos.tga","Building","D:\AI_upscaling\AoMEE\reports\materials_xml\building x wall oreichalkos short stage 2 death_2.mtrl.xml","Building X Wall Oreichalkos","4",""
"building x wall oreichalkos.tga","Building","D:\AI_upscaling\AoMEE\reports\materials_xml\building x wall oreichalkos short stage 3 death_1.mtrl.xml","Building X Wall Oreichalkos","0",""
"building x wall oreichalkos.tga","Building","D:\AI_upscaling\AoMEE\reports\materials_xml\building x wall oreichalkos short stage 3 death_2.mtrl.xml","Building X Wall Oreichalkos","4",""
"building x wall oreichalkos.tga","Building","D:\AI_upscaling\AoMEE\reports\materials_xml\building x wall oreichalkos short stage 4 death_1.mtrl.xml","Building X Wall Oreichalkos","0",""
"building x wall oreichalkos.tga","Building","D:\AI_upscaling\AoMEE\reports\materials_xml\building x wall oreichalkos short stage 4 death_2.mtrl.xml","Building X Wall Oreichalkos","4",""
"building x wall oreichalkos.tga","Building","D:\AI_upscaling\AoMEE\reports\materials_xml\building x wall oreichalkos short_0.mtrl.xml","Building X Wall Oreichalkos","0",""
"building x wall oreichalkos.tga","Building","D:\AI_upscaling\AoMEE\reports\materials_xml\building x wall oreichalkos short_1.mtrl.xml","Building X Wall Oreichalkos","4",""
"building x wall stone.tga","Building","D:\AI_upscaling\AoMEE\reports\materials_xml\building x wall stone connector stage 1 destruction_0.mtrl.xml","building x wall stone","0",""
"building x wall stone.tga","Building","D:\AI_upscaling\AoMEE\reports\materials_xml\building x wall stone connector stage 1 destruction_1.mtrl.xml","building x wall stone","4",""
"building x wall stone.tga","Building","D:\AI_upscaling\AoMEE\reports\materials_xml\building x wall stone connector stage 2 destruction_0.mtrl.xml","building x wall stone","0",""
"building x wall stone.tga","Building","D:\AI_upscaling\AoMEE\reports\materials_xml\building x wall stone connector stage 2 destruction_1.mtrl.xml","building x wall stone","4",""
"building x wall stone.tga","Building","D:\AI_upscaling\AoMEE\reports\materials_xml\building x wall stone connector stage 3 destruction_0.mtrl.xml","building x wall stone","0",""
"building x wall stone.tga","Building","D:\AI_upscaling\AoMEE\reports\materials_xml\building x wall stone connector stage 3 destruction_1.mtrl.xml","building x wall stone","4",""
"building x wall stone.tga","Building","D:\AI_upscaling\AoMEE\reports\materials_xml\building x wall stone connector stage 4 death_0.mtrl.xml","building x wall stone","0",""
"building x wall stone.tga","Building","D:\AI_upscaling\AoMEE\reports\materials_xml\building x wall stone connector stage 4 death_1.mtrl.xml","building x wall stone","4",""
"building x wall stone.tga","Building","D:\AI_upscaling\AoMEE\reports\materials_xml\building x wall stone connector_0.mtrl.xml","building x wall stone","0",""
"building x wall stone.tga","Building","D:\AI_upscaling\AoMEE\reports\materials_xml\building x wall stone connector_1.mtrl.xml","building x wall stone","4",""
"building x wall stone.tga","Building","D:\AI_upscaling\AoMEE\reports\materials_xml\building x wall stone long stage 1 destruction_1.mtrl.xml","building x wall stone","0",""
"building x wall stone.tga","Building","D:\AI_upscaling\AoMEE\reports\materials_xml\building x wall stone long stage 2 destruction_1.mtrl.xml","building x wall stone","0",""
"building x wall stone.tga","Building","D:\AI_upscaling\AoMEE\reports\materials_xml\building x wall stone long stage 2 destruction_2.mtrl.xml","building x wall stone","4",""
"building x wall stone.tga","Building","D:\AI_upscaling\AoMEE\reports\materials_xml\building x wall stone long stage 3 destruction_1.mtrl.xml","building x wall stone","0",""
"building x wall stone.tga","Building","D:\AI_upscaling\AoMEE\reports\materials_xml\building x wall stone long stage 3 destruction_2.mtrl.xml","building x wall stone","4",""
"building x wall stone.tga","Building","D:\AI_upscaling\AoMEE\reports\materials_xml\building x wall stone long stage 4 death_1.mtrl.xml","building x wall stone","0",""
"building x wall stone.tga","Building","D:\AI_upscaling\AoMEE\reports\materials_xml\building x wall stone long stage 4 death_2.mtrl.xml","building x wall stone","4",""
"building x wall stone.tga","Building","D:\AI_upscaling\AoMEE\reports\materials_xml\building x wall stone long_0.mtrl.xml","building x wall stone","0",""
"building x wall stone.tga","Building","D:\AI_upscaling\AoMEE\reports\materials_xml\building x wall stone long_1.mtrl.xml","building x wall stone","4",""
"building x wall stone.tga","Building","D:\AI_upscaling\AoMEE\reports\materials_xml\building x wall stone med stage 1 destruction_1.mtrl.xml","building x wall stone","0",""
"building x wall stone.tga","Building","D:\AI_upscaling\AoMEE\reports\materials_xml\building x wall stone med stage 1 destruction_2.mtrl.xml","building x wall stone","4",""
"building x wall stone.tga","Building","D:\AI_upscaling\AoMEE\reports\materials_xml\building x wall stone med stage 2 destruction_1.mtrl.xml","building x wall stone","0",""
"building x wall stone.tga","Building","D:\AI_upscaling\AoMEE\reports\materials_xml\building x wall stone med stage 2 destruction_2.mtrl.xml","building x wall stone","4",""
"building x wall stone.tga","Building","D:\AI_upscaling\AoMEE\reports\materials_xml\building x wall stone med stage 3 destruction_1.mtrl.xml","building x wall stone","0",""
"building x wall stone.tga","Building","D:\AI_upscaling\AoMEE\reports\materials_xml\building x wall stone med stage 3 destruction_2.mtrl.xml","building x wall stone","4",""
"building x wall stone.tga","Building","D:\AI_upscaling\AoMEE\reports\materials_xml\building x wall stone med stage 3_death_1.mtrl.xml","building x wall stone","0",""
"building x wall stone.tga","Building","D:\AI_upscaling\AoMEE\reports\materials_xml\building x wall stone med stage 3_death_2.mtrl.xml","building x wall stone","4",""
"building x wall stone.tga","Building","D:\AI_upscaling\AoMEE\reports\materials_xml\building x wall stone med stage 4 death_1.mtrl.xml","building x wall stone","0",""
"building x wall stone.tga","Building","D:\AI_upscaling\AoMEE\reports\materials_xml\building x wall stone med stage 4 death_2.mtrl.xml","building x wall stone","4",""
"building x wall stone.tga","Building","D:\AI_upscaling\AoMEE\reports\materials_xml\building x wall stone med_1.mtrl.xml","building x wall stone","4",""
"building x wall stone.tga","Building","D:\AI_upscaling\AoMEE\reports\materials_xml\building x wall stone short stage 1 destruction_1.mtrl.xml","building x wall stone","0",""
"building x wall stone.tga","Building","D:\AI_upscaling\AoMEE\reports\materials_xml\building x wall stone short stage 1 destruction_2.mtrl.xml","building x wall stone","4",""
"building x wall stone.tga","Building","D:\AI_upscaling\AoMEE\reports\materials_xml\building x wall stone short stage 2 destruction_1.mtrl.xml","building x wall stone","0",""
"building x wall stone.tga","Building","D:\AI_upscaling\AoMEE\reports\materials_xml\building x wall stone short stage 2 destruction_2.mtrl.xml","building x wall stone","4",""
"building x wall stone.tga","Building","D:\AI_upscaling\AoMEE\reports\materials_xml\building x wall stone short stage 3 destruction_1.mtrl.xml","building x wall stone","0",""
"building x wall stone.tga","Building","D:\AI_upscaling\AoMEE\reports\materials_xml\building x wall stone short stage 3 destruction_2.mtrl.xml","building x wall stone","4",""
"building x wall stone.tga","Building","D:\AI_upscaling\AoMEE\reports\materials_xml\building x wall stone short stage 4 death_1.mtrl.xml","building x wall stone","0",""
"building x wall stone.tga","Building","D:\AI_upscaling\AoMEE\reports\materials_xml\building x wall stone short stage 4 death_2.mtrl.xml","building x wall stone","4",""
"building x wall stone.tga","Building","D:\AI_upscaling\AoMEE\reports\materials_xml\building x wall stone short_0.mtrl.xml","building x wall stone","0",""
"building x wall stone.tga","Building","D:\AI_upscaling\AoMEE\reports\materials_xml\building x wall stone short_1.mtrl.xml","building x wall stone","4",""
"building x wall stone.tga","Building","D:\AI_upscaling\AoMEE\reports\materials_xml\building x wallconnector age2_0.mtrl.xml","Building X wall stone","5",""
"building x wall bronze.tga","Building","D:\AI_upscaling\AoMEE\reports\materials_xml\building x wallconnector age3_0.mtrl.xml","Building X wall bronze","5",""
"building x wall stone.tga","Building","D:\AI_upscaling\AoMEE\reports\materials_xml\building x walllong age2_0.mtrl.xml","Building X wall stone","5",""
"building x wall bronze.tga","Building","D:\AI_upscaling\AoMEE\reports\materials_xml\building x walllong age3_0.mtrl.xml","Building X wall bronze","5",""
"building x wall stone.tga","Building","D:\AI_upscaling\AoMEE\reports\materials_xml\building x wallmedium age2_0.mtrl.xml","Building X wall stone","5",""
"building x wall bronze.tga","Building","D:\AI_upscaling\AoMEE\reports\materials_xml\building x wallmedium age3_0.mtrl.xml","Building X wall bronze","5",""
"building x wall bronze.tga","Building","D:\AI_upscaling\AoMEE\reports\materials_xml\building x wallong age3_0.mtrl.xml","Building X wall bronze","5",""
"building x wall stone.tga","Building","D:\AI_upscaling\AoMEE\reports\materials_xml\building x wallshort age2_0.mtrl.xml","Building X wall stone","5",""
"building x wall bronze.tga","Building","D:\AI_upscaling\AoMEE\reports\materials_xml\building x wallshort age3_0.mtrl.xml","Building X wall bronze","5",""
"building x roof age1.tga","Building","D:\AI_upscaling\AoMEE\reports\materials_xml\building x watch tower age2_death_0.mtrl.xml","Building X Roof Age1","4",""
"building x tower watch2.tga","Building","D:\AI_upscaling\AoMEE\reports\materials_xml\building x watch tower age3_0.mtrl.xml","Building X Tower Watch2","0",""
"building x tower watch2.tga","Building","D:\AI_upscaling\AoMEE\reports\materials_xml\building x watch tower age3_1.mtrl.xml","Building X Tower Watch2","4",""
"building x roof age1.tga","Building","D:\AI_upscaling\AoMEE\reports\materials_xml\building x watch tower age3_death_0.mtrl.xml","Building X Roof Age1","4",""
"building x tower watch3.tga","Building","D:\AI_upscaling\AoMEE\reports\materials_xml\building x watch tower age4_0.mtrl.xml","Building X Tower Watch3","0",""
"building x tower watch3.tga","Building","D:\AI_upscaling\AoMEE\reports\materials_xml\building x watch tower age4_1.mtrl.xml","Building X Tower Watch3","4",""
"building x tower watch2.tga","Building","D:\AI_upscaling\AoMEE\reports\materials_xml\building x watch tower_0.mtrl.xml","building x tower watch2","4",""
"building x tower watch2.tga","Building","D:\AI_upscaling\AoMEE\reports\materials_xml\building x watch tower_1.mtrl.xml","building x tower watch2","0",""
"building x tower watch2.tga","Building","D:\AI_upscaling\AoMEE\reports\materials_xml\building x watch tower_death_0.mtrl.xml","building x tower watch2","4",""
"building x tower watch2.tga","Building","D:\AI_upscaling\AoMEE\reports\materials_xml\building x watch tower_death_1.mtrl.xml","building x tower watch2","0",""
"building x tower watch3.tga","Building","D:\AI_upscaling\AoMEE\reports\materials_xml\building x watchtower_death_0.mtrl.xml","building x tower watch3","4",""
"building x tower watch3.tga","Building","D:\AI_upscaling\AoMEE\reports\materials_xml\building x watchtower_death_1.mtrl.xml","building x tower watch3","0",""
"kronos wonder map2.tga","Building","D:\AI_upscaling\AoMEE\reports\materials_xml\building x wonder kronos_0.mtrl.xml","Kronos Wonder Map2","0",""
"kronos wonder map2.tga","Building","D:\AI_upscaling\AoMEE\reports\materials_xml\building x wonder kronos_2.mtrl.xml","Kronos Wonder Map2","4",""
"kronos wonder map2.tga","Building","D:\AI_upscaling\AoMEE\reports\materials_xml\building x wonder kronos_death_0.mtrl.xml","Kronos Wonder Map2","0",""
"kronos wonder map2.tga","Building","D:\AI_upscaling\AoMEE\reports\materials_xml\building x wonder kronos_death_2.mtrl.xml","Kronos Wonder Map2","4",""
"oranos wonder map1.tga","Building","D:\AI_upscaling\AoMEE\reports\materials_xml\building x wonder oranos_1.mtrl.xml","Oranos Wonder Map1","0",""
"oranos wonder map.tga","Building","D:\AI_upscaling\AoMEE\reports\materials_xml\building x wonder oranos_2.mtrl.xml","Oranos Wonder Map","0",""
"oranos wonder map1.tga","Building","D:\AI_upscaling\AoMEE\reports\materials_xml\building x wonder oranos_4.mtrl.xml","Oranos Wonder Map1","4",""
"oranos wonder map.tga","Building","D:\AI_upscaling\AoMEE\reports\materials_xml\building x wonder oranos_5.mtrl.xml","Oranos Wonder Map","4",""
"oranos wonder map1.tga","Building","D:\AI_upscaling\AoMEE\reports\materials_xml\building x wonder oranos_death_1.mtrl.xml","Oranos Wonder Map1","0",""
"oranos wonder map.tga","Building","D:\AI_upscaling\AoMEE\reports\materials_xml\building x wonder oranos_death_2.mtrl.xml","Oranos Wonder Map","0",""
"cavalry g hippikon head bronze.tga","Other","D:\AI_upscaling\AoMEE\reports\materials_xml\cavalry g hippikon head bronze_0.mtrl.xml","Cavalry G Hippikon Head Bronze","4",""
"cavalry g hippikon head copper.tga","Other","D:\AI_upscaling\AoMEE\reports\materials_xml\cavalry g hippikon head copper_0.mtrl.xml","Cavalry G Hippikon Head Copper","4",""
"cavalry g hippikon head iron.tga","Other","D:\AI_upscaling\AoMEE\reports\materials_xml\cavalry g hippikon head iron_0.mtrl.xml","Cavalry G Hippikon Head Iron","4",""
"cavalry g hippikon horse standard.tga","Other","D:\AI_upscaling\AoMEE\reports\materials_xml\cavalry g hippikon_attacka_2.mtrl.xml","Cavalry G Hippikon Horse Standard","0",""
"cavalry g hippikon horse standard.tga","Other","D:\AI_upscaling\AoMEE\reports\materials_xml\cavalry g hippikon_attacka_3.mtrl.xml","Cavalry G Hippikon Horse Standard","4",""
"cavalry g hippikon horse standard.tga","Other","D:\AI_upscaling\AoMEE\reports\materials_xml\cavalry g hippikon_attackb_2.mtrl.xml","Cavalry G Hippikon Horse Standard","0",""
"cavalry g hippikon horse standard.tga","Other","D:\AI_upscaling\AoMEE\reports\materials_xml\cavalry g hippikon_attackc_2.mtrl.xml","Cavalry G Hippikon Horse Standard","0",""
"cavalry g hippikon horse standard.tga","Other","D:\AI_upscaling\AoMEE\reports\materials_xml\cavalry g hippikon_attackc_3.mtrl.xml","Cavalry G Hippikon Horse Standard","4",""
"cavalry g hippikon horse standard.tga","Other","D:\AI_upscaling\AoMEE\reports\materials_xml\cavalry g hippikon_boreda_2.mtrl.xml","Cavalry G Hippikon Horse Standard","0",""
"cavalry g hippikon horse standard.tga","Other","D:\AI_upscaling\AoMEE\reports\materials_xml\cavalry g hippikon_boreda_3.mtrl.xml","Cavalry G Hippikon Horse Standard","4",""
"cavalry g hippikon horse standard.tga","Other","D:\AI_upscaling\AoMEE\reports\materials_xml\cavalry g hippikon_boredb_0.mtrl.xml","Cavalry G Hippikon Horse Standard","0",""
"cavalry g hippikon horse standard.tga","Other","D:\AI_upscaling\AoMEE\reports\materials_xml\cavalry g hippikon_boredb_1.mtrl.xml","Cavalry G Hippikon Horse Standard","4",""
"cavalry g hippikon horse standard.tga","Other","D:\AI_upscaling\AoMEE\reports\materials_xml\cavalry g hippikon_deatha_2.mtrl.xml","Cavalry G Hippikon Horse Standard","0",""
"cavalry g hippikon horse standard.tga","Other","D:\AI_upscaling\AoMEE\reports\materials_xml\cavalry g hippikon_deatha_3.mtrl.xml","Cavalry G Hippikon Horse Standard","4",""
"cavalry g hippikon horse standard.tga","Other","D:\AI_upscaling\AoMEE\reports\materials_xml\cavalry g hippikon_flaila_0.mtrl.xml","Cavalry G Hippikon Horse Standard","0",""
"cavalry g hippikon horse standard.tga","Other","D:\AI_upscaling\AoMEE\reports\materials_xml\cavalry g hippikon_flaila_1.mtrl.xml","Cavalry G Hippikon Horse Standard","4",""
"cavalry g hippikon horse standard.tga","Other","D:\AI_upscaling\AoMEE\reports\materials_xml\cavalry g hippikon_idlea_2.mtrl.xml","Cavalry G Hippikon Horse Standard","0",""
"cavalry g hippikon horse standard.tga","Other","D:\AI_upscaling\AoMEE\reports\materials_xml\cavalry g hippikon_idlea_3.mtrl.xml","Cavalry G Hippikon Horse Standard","4",""
"cavalry g hippikon horse standard.tga","Other","D:\AI_upscaling\AoMEE\reports\materials_xml\cavalry g hippikon_walka_2.mtrl.xml","Cavalry G Hippikon Horse Standard","0",""
"cavalry g hippikon horse standard.tga","Other","D:\AI_upscaling\AoMEE\reports\materials_xml\cavalry g hippikon_walka_3.mtrl.xml","Cavalry G Hippikon Horse Standard","4",""
"cavalry g prodromos horse standard.tga","Other","D:\AI_upscaling\AoMEE\reports\materials_xml\cavalry g prodromos_attacka_2.mtrl.xml","Cavalry G Prodromos Horse Standard","0",""
"cavalry g prodromos horse standard.tga","Other","D:\AI_upscaling\AoMEE\reports\materials_xml\cavalry g prodromos_attacka_3.mtrl.xml","Cavalry G Prodromos Horse Standard","4",""
"cavalry g prodromos horse standard.tga","Other","D:\AI_upscaling\AoMEE\reports\materials_xml\cavalry g prodromos_attackb_2.mtrl.xml","Cavalry G Prodromos Horse Standard","0",""
"cavalry g prodromos horse standard.tga","Other","D:\AI_upscaling\AoMEE\reports\materials_xml\cavalry g prodromos_attackb_3.mtrl.xml","Cavalry G Prodromos Horse Standard","4",""
"cavalry g prodromos horse standard.tga","Other","D:\AI_upscaling\AoMEE\reports\materials_xml\cavalry g prodromos_attackc_2.mtrl.xml","Cavalry G Prodromos Horse Standard","0",""
"cavalry g prodromos horse standard.tga","Other","D:\AI_upscaling\AoMEE\reports\materials_xml\cavalry g prodromos_attackc_3.mtrl.xml","Cavalry G Prodromos Horse Standard","4",""
"cavalry g prodromos horse standard.tga","Other","D:\AI_upscaling\AoMEE\reports\materials_xml\cavalry g prodromos_boreda_2.mtrl.xml","Cavalry G Prodromos Horse Standard","0",""
"cavalry g prodromos horse standard.tga","Other","D:\AI_upscaling\AoMEE\reports\materials_xml\cavalry g prodromos_boreda_3.mtrl.xml","Cavalry G Prodromos Horse Standard","4",""
"cavalry g prodromos horse standard.tga","Other","D:\AI_upscaling\AoMEE\reports\materials_xml\cavalry g prodromos_boredb_2.mtrl.xml","Cavalry G Prodromos Horse Standard","0",""
"cavalry g prodromos horse standard.tga","Other","D:\AI_upscaling\AoMEE\reports\materials_xml\cavalry g prodromos_boredb_3.mtrl.xml","Cavalry G Prodromos Horse Standard","4",""
"cavalry g prodromos horse standard.tga","Other","D:\AI_upscaling\AoMEE\reports\materials_xml\cavalry g prodromos_deatha_2.mtrl.xml","Cavalry G Prodromos Horse Standard","0",""
"cavalry g prodromos horse standard.tga","Other","D:\AI_upscaling\AoMEE\reports\materials_xml\cavalry g prodromos_deatha_3.mtrl.xml","Cavalry G Prodromos Horse Standard","4",""
"cavalry g prodromos horse standard.tga","Other","D:\AI_upscaling\AoMEE\reports\materials_xml\cavalry g prodromos_flaila_2.mtrl.xml","Cavalry G Prodromos Horse Standard","0",""
"cavalry g prodromos horse standard.tga","Other","D:\AI_upscaling\AoMEE\reports\materials_xml\cavalry g prodromos_flaila_3.mtrl.xml","Cavalry G Prodromos Horse Standard","4",""
"cavalry g prodromos horse standard.tga","Other","D:\AI_upscaling\AoMEE\reports\materials_xml\cavalry g prodromos_idlea_2.mtrl.xml","Cavalry G Prodromos Horse Standard","0",""
"cavalry g prodromos horse standard.tga","Other","D:\AI_upscaling\AoMEE\reports\materials_xml\cavalry g prodromos_idlea_3.mtrl.xml","Cavalry G Prodromos Horse Standard","4",""
"cavalry g prodromos horse standard.tga","Other","D:\AI_upscaling\AoMEE\reports\materials_xml\cavalry g prodromos_walka_2.mtrl.xml","Cavalry G Prodromos Horse Standard","0",""
"cavalry g prodromos horse standard.tga","Other","D:\AI_upscaling\AoMEE\reports\materials_xml\cavalry g prodromos_walka_3.mtrl.xml","Cavalry G Prodromos Horse Standard","4",""
"scenario g circe.tga","Other","D:\AI_upscaling\AoMEE\reports\materials_xml\circe_aomsp24spellcast_0.mtrl.xml","Scenario G Circe","0",""
"scenario g circe.tga","Other","D:\AI_upscaling\AoMEE\reports\materials_xml\circe_aomsp24spellcast_1.mtrl.xml","Scenario G Circe","4",""
"scenario g circe.tga","Other","D:\AI_upscaling\AoMEE\reports\materials_xml\circe_aomsp24spellcast_2.mtrl.xml","Scenario G Circe","0",""
"scenario g circe head.tga","Other","D:\AI_upscaling\AoMEE\reports\materials_xml\circe_aomsp24spellcast_3.mtrl.xml","Scenario G Circe Head","0",""
"building e age2.tga","Building","D:\AI_upscaling\AoMEE\reports\materials_xml\copy of building e market age2_0.mtrl.xml","Building E Age2","0",""
"building e age2.tga","Building","D:\AI_upscaling\AoMEE\reports\materials_xml\copy of building e market age2_1.mtrl.xml","Building E Age2","4",""
"special g pegasus.tga","Other","D:\AI_upscaling\AoMEE\reports\materials_xml\hero g belerophon_attacka_6.mtrl.xml","Special G Pegasus","0",""
"special g pegasus.tga","Other","D:\AI_upscaling\AoMEE\reports\materials_xml\hero g belerophon_boreda_5.mtrl.xml","Special G Pegasus","0",""
"special g pegasus.tga","Other","D:\AI_upscaling\AoMEE\reports\materials_xml\hero g belerophon_boredc_3.mtrl.xml","Special G Pegasus","0",""
"special g pegasus.tga","Other","D:\AI_upscaling\AoMEE\reports\materials_xml\hero g belerophon_carrybored_6.mtrl.xml","Special G Pegasus","0",""
"special g pegasus.tga","Other","D:\AI_upscaling\AoMEE\reports\materials_xml\hero g belerophon_carryidle_3.mtrl.xml","Special G Pegasus","0",""
"special g pegasus.tga","Other","D:\AI_upscaling\AoMEE\reports\materials_xml\hero g belerophon_carry_4.mtrl.xml","Special G Pegasus","0",""
"special g pegasus.tga","Other","D:\AI_upscaling\AoMEE\reports\materials_xml\hero g belerophon_deatha_4.mtrl.xml","Special G Pegasus","0",""
"special g pegasus.tga","Other","D:\AI_upscaling\AoMEE\reports\materials_xml\hero g belerophon_flaila_4.mtrl.xml","Special G Pegasus","0",""
"special g pegasus.tga","Other","D:\AI_upscaling\AoMEE\reports\materials_xml\hero g belerophon_idlea_5.mtrl.xml","Special G Pegasus","0",""
"special g pegasus.tga","Other","D:\AI_upscaling\AoMEE\reports\materials_xml\hero g belerophon_jumpattacka_6.mtrl.xml","Special G Pegasus","0",""
"special g pegasus.tga","Other","D:\AI_upscaling\AoMEE\reports\materials_xml\hero g belerophon_walka_6.mtrl.xml","Special G Pegasus","0",""
"scenario g circe head.tga","Other","D:\AI_upscaling\AoMEE\reports\materials_xml\hero g circe_attacka_1.mtrl.xml","Scenario G Circe Head","0",""
"scenario g circe.tga","Other","D:\AI_upscaling\AoMEE\reports\materials_xml\hero g circe_attacka_2.mtrl.xml","Scenario G Circe","0",""
"scenario g circe.tga","Other","D:\AI_upscaling\AoMEE\reports\materials_xml\hero g circe_attacka_3.mtrl.xml","Scenario G Circe","4",""
"scenario g circe.tga","Other","D:\AI_upscaling\AoMEE\reports\materials_xml\hero g circe_attacka_4.mtrl.xml","Scenario G Circe","0",""
"scenario g circe head.tga","Other","D:\AI_upscaling\AoMEE\reports\materials_xml\hero g circe_boreda_1.mtrl.xml","Scenario G Circe Head","0",""
"scenario g circe.tga","Other","D:\AI_upscaling\AoMEE\reports\materials_xml\hero g circe_boreda_2.mtrl.xml","Scenario G Circe","0",""
"scenario g circe.tga","Other","D:\AI_upscaling\AoMEE\reports\materials_xml\hero g circe_boreda_3.mtrl.xml","Scenario G Circe","4",""
"scenario g circe.tga","Other","D:\AI_upscaling\AoMEE\reports\materials_xml\hero g circe_boreda_4.mtrl.xml","Scenario G Circe","0",""
"scenario g circe.tga","Other","D:\AI_upscaling\AoMEE\reports\materials_xml\hero g circe_carrya_0.mtrl.xml","Scenario G Circe","0",""
"scenario g circe.tga","Other","D:\AI_upscaling\AoMEE\reports\materials_xml\hero g circe_carrya_1.mtrl.xml","Scenario G Circe","4",""
"scenario g circe.tga","Other","D:\AI_upscaling\AoMEE\reports\materials_xml\hero g circe_carrya_2.mtrl.xml","Scenario G Circe","0",""
"scenario g circe head.tga","Other","D:\AI_upscaling\AoMEE\reports\materials_xml\hero g circe_carrya_3.mtrl.xml","Scenario G Circe Head","0",""
"scenario g circe.tga","Other","D:\AI_upscaling\AoMEE\reports\materials_xml\hero g circe_carryboreda_0.mtrl.xml","Scenario G Circe","0",""
"scenario g circe.tga","Other","D:\AI_upscaling\AoMEE\reports\materials_xml\hero g circe_carryboreda_1.mtrl.xml","Scenario G Circe","4",""
"scenario g circe.tga","Other","D:\AI_upscaling\AoMEE\reports\materials_xml\hero g circe_carryboreda_2.mtrl.xml","Scenario G Circe","0",""
"scenario g circe head.tga","Other","D:\AI_upscaling\AoMEE\reports\materials_xml\hero g circe_carryboreda_3.mtrl.xml","Scenario G Circe Head","0",""
"scenario g circe.tga","Other","D:\AI_upscaling\AoMEE\reports\materials_xml\hero g circe_carryidlea_0.mtrl.xml","Scenario G Circe","0",""
"scenario g circe.tga","Other","D:\AI_upscaling\AoMEE\reports\materials_xml\hero g circe_carryidlea_1.mtrl.xml","Scenario G Circe","4",""
"scenario g circe.tga","Other","D:\AI_upscaling\AoMEE\reports\materials_xml\hero g circe_carryidlea_2.mtrl.xml","Scenario G Circe","0",""
"scenario g circe head.tga","Other","D:\AI_upscaling\AoMEE\reports\materials_xml\hero g circe_carryidlea_3.mtrl.xml","Scenario G Circe Head","0",""
"scenario g circe.tga","Other","D:\AI_upscaling\AoMEE\reports\materials_xml\hero g circe_deatha_1.mtrl.xml","Scenario G Circe","0",""
"scenario g circe.tga","Other","D:\AI_upscaling\AoMEE\reports\materials_xml\hero g circe_deatha_2.mtrl.xml","Scenario G Circe","4",""
"scenario g circe.tga","Other","D:\AI_upscaling\AoMEE\reports\materials_xml\hero g circe_deatha_3.mtrl.xml","Scenario G Circe","0",""
"scenario g circe head.tga","Other","D:\AI_upscaling\AoMEE\reports\materials_xml\hero g circe_deatha_4.mtrl.xml","Scenario G Circe Head","0",""
"scenario g circe head.tga","Other","D:\AI_upscaling\AoMEE\reports\materials_xml\hero g circe_flaila_0.mtrl.xml","Scenario G Circe Head","0",""
"scenario g circe.tga","Other","D:\AI_upscaling\AoMEE\reports\materials_xml\hero g circe_flaila_1.mtrl.xml","Scenario G Circe","0",""
"scenario g circe.tga","Other","D:\AI_upscaling\AoMEE\reports\materials_xml\hero g circe_flaila_2.mtrl.xml","Scenario G Circe","4",""
"scenario g circe.tga","Other","D:\AI_upscaling\AoMEE\reports\materials_xml\hero g circe_flaila_3.mtrl.xml","Scenario G Circe","0",""
"scenario g circe.tga","Other","D:\AI_upscaling\AoMEE\reports\materials_xml\hero g circe_idlea_0.mtrl.xml","Scenario G Circe","0",""
"scenario g circe.tga","Other","D:\AI_upscaling\AoMEE\reports\materials_xml\hero g circe_idlea_1.mtrl.xml","Scenario G Circe","4",""
"scenario g circe.tga","Other","D:\AI_upscaling\AoMEE\reports\materials_xml\hero g circe_idlea_2.mtrl.xml","Scenario G Circe","0",""
"scenario g circe head.tga","Other","D:\AI_upscaling\AoMEE\reports\materials_xml\hero g circe_idlea_3.mtrl.xml","Scenario G Circe Head","0",""
"scenario g circe.tga","Other","D:\AI_upscaling\AoMEE\reports\materials_xml\hero g circe_spellcasta_0.mtrl.xml","Scenario G Circe","0",""
"scenario g circe.tga","Other","D:\AI_upscaling\AoMEE\reports\materials_xml\hero g circe_spellcasta_1.mtrl.xml","Scenario G Circe","4",""
"scenario g circe.tga","Other","D:\AI_upscaling\AoMEE\reports\materials_xml\hero g circe_spellcasta_2.mtrl.xml","Scenario G Circe","0",""
"scenario g circe head.tga","Other","D:\AI_upscaling\AoMEE\reports\materials_xml\hero g circe_spellcasta_3.mtrl.xml","Scenario G Circe Head","0",""
"scenario g circe.tga","Other","D:\AI_upscaling\AoMEE\reports\materials_xml\hero g circe_walka_0.mtrl.xml","Scenario G Circe","0",""
"scenario g circe.tga","Other","D:\AI_upscaling\AoMEE\reports\materials_xml\hero g circe_walka_1.mtrl.xml","Scenario G Circe","4",""
"scenario g circe.tga","Other","D:\AI_upscaling\AoMEE\reports\materials_xml\hero g circe_walka_2.mtrl.xml","Scenario G Circe","0",""
"scenario g circe head.tga","Other","D:\AI_upscaling\AoMEE\reports\materials_xml\hero g circe_walka_3.mtrl.xml","Scenario G Circe Head","0",""
"hero g heracles head.tga","Character/Unit","D:\AI_upscaling\AoMEE\reports\materials_xml\hero g heracles_attacka_1.mtrl.xml","Hero G Heracles Head","0",""
"hero g heracles head.tga","Character/Unit","D:\AI_upscaling\AoMEE\reports\materials_xml\hero g heracles_attacka_6.mtrl.xml","Hero G Heracles Head","0",""
"hero g heracles head.tga","Character/Unit","D:\AI_upscaling\AoMEE\reports\materials_xml\hero g heracles_boreda_3.mtrl.xml","Hero G Heracles Head","0",""
"hero g heracles head.tga","Character/Unit","D:\AI_upscaling\AoMEE\reports\materials_xml\hero g heracles_boreda_4.mtrl.xml","Hero G Heracles Head","0",""
"hero g heracles head.tga","Character/Unit","D:\AI_upscaling\AoMEE\reports\materials_xml\hero g heracles_carrya_2.mtrl.xml","Hero G Heracles Head","0",""
"hero g heracles head.tga","Character/Unit","D:\AI_upscaling\AoMEE\reports\materials_xml\hero g heracles_carrya_5.mtrl.xml","Hero G Heracles Head","0",""
"hero g heracles head.tga","Character/Unit","D:\AI_upscaling\AoMEE\reports\materials_xml\hero g heracles_carrybored_0.mtrl.xml","Hero G Heracles Head","0",""
"hero g heracles head.tga","Character/Unit","D:\AI_upscaling\AoMEE\reports\materials_xml\hero g heracles_carrybored_4.mtrl.xml","Hero G Heracles Head","0",""
"hero g heracles head.tga","Character/Unit","D:\AI_upscaling\AoMEE\reports\materials_xml\hero g heracles_carryidle_0.mtrl.xml","Hero G Heracles Head","0",""
"hero g heracles head.tga","Character/Unit","D:\AI_upscaling\AoMEE\reports\materials_xml\hero g heracles_carryidle_4.mtrl.xml","Hero G Heracles Head","0",""
"hero g heracles head.tga","Character/Unit","D:\AI_upscaling\AoMEE\reports\materials_xml\hero g heracles_deatha_3.mtrl.xml","Hero G Heracles Head","0",""
"hero g heracles head.tga","Character/Unit","D:\AI_upscaling\AoMEE\reports\materials_xml\hero g heracles_deatha_4.mtrl.xml","Hero G Heracles Head","0",""
"hero g heracles head.tga","Character/Unit","D:\AI_upscaling\AoMEE\reports\materials_xml\hero g heracles_flaila_4.mtrl.xml","Hero G Heracles Head","0",""
"hero g heracles head.tga","Character/Unit","D:\AI_upscaling\AoMEE\reports\materials_xml\hero g heracles_flaila_6.mtrl.xml","Hero G Heracles Head","0",""
"hero g heracles head.tga","Character/Unit","D:\AI_upscaling\AoMEE\reports\materials_xml\hero g heracles_idlea_4.mtrl.xml","Hero G Heracles Head","0",""
"hero g heracles head.tga","Character/Unit","D:\AI_upscaling\AoMEE\reports\materials_xml\hero g heracles_idlea_6.mtrl.xml","Hero G Heracles Head","0",""
"hero g heracles head.tga","Character/Unit","D:\AI_upscaling\AoMEE\reports\materials_xml\hero g heracles_walka_2.mtrl.xml","Hero G Heracles Head","0",""
"hero g heracles head.tga","Character/Unit","D:\AI_upscaling\AoMEE\reports\materials_xml\hero g heracles_walka_6.mtrl.xml","Hero G Heracles Head","0",""
"hero g theseus shield.tga","Character/Unit","D:\AI_upscaling\AoMEE\reports\materials_xml\hero g theseus_attacka_4.mtrl.xml","Hero G Theseus Shield","0",""
"hero g theseus shield.tga","Character/Unit","D:\AI_upscaling\AoMEE\reports\materials_xml\hero g theseus_attacka_5.mtrl.xml","Hero G Theseus Shield","4",""
"hero g theseus shield.tga","Character/Unit","D:\AI_upscaling\AoMEE\reports\materials_xml\hero g theseus_boreda_4.mtrl.xml","Hero G Theseus Shield","0",""
"hero g theseus shield.tga","Character/Unit","D:\AI_upscaling\AoMEE\reports\materials_xml\hero g theseus_boreda_5.mtrl.xml","Hero G Theseus Shield","4",""
"hero g theseus shield.tga","Character/Unit","D:\AI_upscaling\AoMEE\reports\materials_xml\hero g theseus_carrybored_4.mtrl.xml","Hero G Theseus Shield","0",""
"hero g theseus shield.tga","Character/Unit","D:\AI_upscaling\AoMEE\reports\materials_xml\hero g theseus_carrybored_5.mtrl.xml","Hero G Theseus Shield","4",""
"hero g theseus shield.tga","Character/Unit","D:\AI_upscaling\AoMEE\reports\materials_xml\hero g theseus_carryidle_4.mtrl.xml","Hero G Theseus Shield","0",""
"hero g theseus shield.tga","Character/Unit","D:\AI_upscaling\AoMEE\reports\materials_xml\hero g theseus_carryidle_5.mtrl.xml","Hero G Theseus Shield","4",""
"hero g theseus shield.tga","Character/Unit","D:\AI_upscaling\AoMEE\reports\materials_xml\hero g theseus_carry_4.mtrl.xml","Hero G Theseus Shield","0",""
"hero g theseus shield.tga","Character/Unit","D:\AI_upscaling\AoMEE\reports\materials_xml\hero g theseus_carry_5.mtrl.xml","Hero G Theseus Shield","4",""
"hero g theseus shield.tga","Character/Unit","D:\AI_upscaling\AoMEE\reports\materials_xml\hero g theseus_deatha_4.mtrl.xml","Hero G Theseus Shield","0",""
"hero g theseus shield.tga","Character/Unit","D:\AI_upscaling\AoMEE\reports\materials_xml\hero g theseus_deatha_5.mtrl.xml","Hero G Theseus Shield","4",""
"hero g theseus shield.tga","Character/Unit","D:\AI_upscaling\AoMEE\reports\materials_xml\hero g theseus_flaila_5.mtrl.xml","Hero G Theseus Shield","4",""
"hero g theseus shield.tga","Character/Unit","D:\AI_upscaling\AoMEE\reports\materials_xml\hero g theseus_idlea_4.mtrl.xml","Hero G Theseus Shield","0",""
"hero g theseus shield.tga","Character/Unit","D:\AI_upscaling\AoMEE\reports\materials_xml\hero g theseus_idlea_5.mtrl.xml","Hero G Theseus Shield","4",""
"hero g theseus shield.tga","Character/Unit","D:\AI_upscaling\AoMEE\reports\materials_xml\hero g theseus_walka_4.mtrl.xml","Hero G Theseus Shield","0",""
"hero g theseus shield.tga","Character/Unit","D:\AI_upscaling\AoMEE\reports\materials_xml\hero g theseus_walka_5.mtrl.xml","Hero G Theseus Shield","4",""
"infantry g hoplite head iron.tga","Other","D:\AI_upscaling\AoMEE\reports\materials_xml\infantry g hoplite head iron_0.mtrl.xml","Infantry G Hoplite Head Iron","0",""
"infantry g hoplite head iron.tga","Other","D:\AI_upscaling\AoMEE\reports\materials_xml\infantry g hoplite head iron_1.mtrl.xml","Infantry G Hoplite Head Iron","4",""
"infantry g myrmidon head iron.tga","Other","D:\AI_upscaling\AoMEE\reports\materials_xml\infantry g myrmidon head iron_0.mtrl.xml","Infantry G Myrmidon Head Iron","0",""
"infantry g myrmidon head iron.tga","Other","D:\AI_upscaling\AoMEE\reports\materials_xml\infantry g myrmidon head iron_1.mtrl.xml","Infantry G Myrmidon Head Iron","4",""
"infantry g myrmidon head iron.tga","Other","D:\AI_upscaling\AoMEE\reports\materials_xml\infantry g myrmidon_attacka_2.mtrl.xml","Infantry G Myrmidon Head Iron","4",""
"infantry g myrmidon head iron.tga","Other","D:\AI_upscaling\AoMEE\reports\materials_xml\infantry g myrmidon_attackb_2.mtrl.xml","Infantry G Myrmidon Head Iron","4",""
"infantry g myrmidon head iron.tga","Other","D:\AI_upscaling\AoMEE\reports\materials_xml\infantry g myrmidon_boreda_2.mtrl.xml","Infantry G Myrmidon Head Iron","4",""
"infantry g myrmidon head iron.tga","Other","D:\AI_upscaling\AoMEE\reports\materials_xml\infantry g myrmidon_deatha_2.mtrl.xml","Infantry G Myrmidon Head Iron","6",""
"infantry g myrmidon head iron.tga","Other","D:\AI_upscaling\AoMEE\reports\materials_xml\infantry g myrmidon_flaila_2.mtrl.xml","Infantry G Myrmidon Head Iron","4",""
"infantry g myrmidon head iron.tga","Other","D:\AI_upscaling\AoMEE\reports\materials_xml\infantry g myrmidon_idlea_2.mtrl.xml","Infantry G Myrmidon Head Iron","4",""
"infantry g myrmidon head iron.tga","Other","D:\AI_upscaling\AoMEE\reports\materials_xml\infantry g myrmidon_walka_2.mtrl.xml","Infantry G Myrmidon Head Iron","4",""
"animal cow a map.tga","Animal","D:\AI_upscaling\AoMEE\reports\materials_xml\lp animal cow_boreda_0.mtrl.xml","Animal Cow A map","0",""
"animal cow a map.tga","Animal","D:\AI_upscaling\AoMEE\reports\materials_xml\lp animal cow_boreda_1.mtrl.xml","Animal Cow A map","4",""
"animal cow a map.tga","Animal","D:\AI_upscaling\AoMEE\reports\materials_xml\lp animal cow_boreda_2.mtrl.xml","Animal Cow A map","0",""
"animal cow a map.tga","Animal","D:\AI_upscaling\AoMEE\reports\materials_xml\lp animal cow_boredb_0.mtrl.xml","Animal Cow A map","0",""
"animal cow a map.tga","Animal","D:\AI_upscaling\AoMEE\reports\materials_xml\lp animal cow_boredb_1.mtrl.xml","Animal Cow A map","4",""
"animal cow a map.tga","Animal","D:\AI_upscaling\AoMEE\reports\materials_xml\lp animal cow_boredb_2.mtrl.xml","Animal Cow A map","0",""
"animal cow a map.tga","Animal","D:\AI_upscaling\AoMEE\reports\materials_xml\lp animal cow_boredc_0.mtrl.xml","Animal Cow A map","0",""
"animal cow a map.tga","Animal","D:\AI_upscaling\AoMEE\reports\materials_xml\lp animal cow_boredc_1.mtrl.xml","Animal Cow A map","4",""
"animal cow a map.tga","Animal","D:\AI_upscaling\AoMEE\reports\materials_xml\lp animal cow_boredc_2.mtrl.xml","Animal Cow A map","0",""
"animal cow a map.tga","Animal","D:\AI_upscaling\AoMEE\reports\materials_xml\lp animal cow_flaila_0.mtrl.xml","Animal Cow A map","0",""
"animal cow a map.tga","Animal","D:\AI_upscaling\AoMEE\reports\materials_xml\lp animal cow_flaila_1.mtrl.xml","Animal Cow A map","4",""
"animal cow a map.tga","Animal","D:\AI_upscaling\AoMEE\reports\materials_xml\lp animal cow_flaila_2.mtrl.xml","Animal Cow A map","0",""
"animal cow a map.tga","Animal","D:\AI_upscaling\AoMEE\reports\materials_xml\lp animal cow_idlea_0.mtrl.xml","Animal Cow A map","0",""
"animal cow a map.tga","Animal","D:\AI_upscaling\AoMEE\reports\materials_xml\lp animal cow_idlea_1.mtrl.xml","Animal Cow A map","4",""
"animal cow a map.tga","Animal","D:\AI_upscaling\AoMEE\reports\materials_xml\lp animal cow_idlea_2.mtrl.xml","Animal Cow A map","0",""
"animal cow a map.tga","Animal","D:\AI_upscaling\AoMEE\reports\materials_xml\lp animal cow_runa_0.mtrl.xml","Animal Cow A map","0",""
"animal cow a map.tga","Animal","D:\AI_upscaling\AoMEE\reports\materials_xml\lp animal cow_runa_1.mtrl.xml","Animal Cow A map","4",""
"animal cow a map.tga","Animal","D:\AI_upscaling\AoMEE\reports\materials_xml\lp animal cow_runa_2.mtrl.xml","Animal Cow A map","0",""
"animal cow a map.tga","Animal","D:\AI_upscaling\AoMEE\reports\materials_xml\lp animal cow_walka_0.mtrl.xml","Animal Cow A map","0",""
"animal cow a map.tga","Animal","D:\AI_upscaling\AoMEE\reports\materials_xml\lp animal cow_walka_1.mtrl.xml","Animal Cow A map","4",""
"animal cow a map.tga","Animal","D:\AI_upscaling\AoMEE\reports\materials_xml\lp animal cow_walka_2.mtrl.xml","Animal Cow A map","0",""
"animal goatnubian map.tga","Animal","D:\AI_upscaling\AoMEE\reports\materials_xml\lp animal goatnubian fat_boreda_0.mtrl.xml","Animal GoatNubian map","0",""
"animal goatnubian map.tga","Animal","D:\AI_upscaling\AoMEE\reports\materials_xml\lp animal goatnubian fat_boreda_1.mtrl.xml","Animal GoatNubian map","4",""
"animal goatnubian map.tga","Animal","D:\AI_upscaling\AoMEE\reports\materials_xml\lp animal goatnubian fat_deatha_0.mtrl.xml","Animal GoatNubian map","0",""
"animal goatnubian map.tga","Animal","D:\AI_upscaling\AoMEE\reports\materials_xml\lp animal goatnubian fat_deatha_1.mtrl.xml","Animal GoatNubian map","4",""
"animal goatnubian map.tga","Animal","D:\AI_upscaling\AoMEE\reports\materials_xml\lp animal goatnubian fat_idlea_0.mtrl.xml","Animal GoatNubian map","0",""
"animal goatnubian map.tga","Animal","D:\AI_upscaling\AoMEE\reports\materials_xml\lp animal goatnubian fat_idlea_1.mtrl.xml","Animal GoatNubian map","4",""
"animal goatnubian map.tga","Animal","D:\AI_upscaling\AoMEE\reports\materials_xml\lp animal goatnubian fat_idleb_0.mtrl.xml","Animal GoatNubian map","0",""
"animal goatnubian map.tga","Animal","D:\AI_upscaling\AoMEE\reports\materials_xml\lp animal goatnubian fat_idleb_1.mtrl.xml","Animal GoatNubian map","4",""
"animal goatnubian map.tga","Animal","D:\AI_upscaling\AoMEE\reports\materials_xml\lp animal goatnubian fat_idlec_0.mtrl.xml","Animal GoatNubian map","0",""
"animal goatnubian map.tga","Animal","D:\AI_upscaling\AoMEE\reports\materials_xml\lp animal goatnubian fat_idlec_1.mtrl.xml","Animal GoatNubian map","4",""
"animal goatnubian map.tga","Animal","D:\AI_upscaling\AoMEE\reports\materials_xml\lp animal goatnubian fat_walka_0.mtrl.xml","Animal GoatNubian map","0",""
"animal goatnubian map.tga","Animal","D:\AI_upscaling\AoMEE\reports\materials_xml\lp animal goatnubian fat_walka_1.mtrl.xml","Animal GoatNubian map","4",""
"animal goatnubian map.tga","Animal","D:\AI_upscaling\AoMEE\reports\materials_xml\lp animal goatnubian_boreda_0.mtrl.xml","Animal GoatNubian map","0",""
"animal goatnubian map.tga","Animal","D:\AI_upscaling\AoMEE\reports\materials_xml\lp animal goatnubian_boreda_1.mtrl.xml","Animal GoatNubian map","4",""
"animal goatnubian map.tga","Animal","D:\AI_upscaling\AoMEE\reports\materials_xml\lp animal goatnubian_deatha_0.mtrl.xml","Animal GoatNubian map","0",""
"animal goatnubian map.tga","Animal","D:\AI_upscaling\AoMEE\reports\materials_xml\lp animal goatnubian_deatha_1.mtrl.xml","Animal GoatNubian map","4",""
"animal goatnubian map.tga","Animal","D:\AI_upscaling\AoMEE\reports\materials_xml\lp animal goatnubian_idlea_0.mtrl.xml","Animal GoatNubian map","0",""
"animal goatnubian map.tga","Animal","D:\AI_upscaling\AoMEE\reports\materials_xml\lp animal goatnubian_idlea_1.mtrl.xml","Animal GoatNubian map","4",""
"animal goatnubian map.tga","Animal","D:\AI_upscaling\AoMEE\reports\materials_xml\lp animal goatnubian_idleb_0.mtrl.xml","Animal GoatNubian map","0",""
"animal goatnubian map.tga","Animal","D:\AI_upscaling\AoMEE\reports\materials_xml\lp animal goatnubian_idleb_1.mtrl.xml","Animal GoatNubian map","4",""
"animal goatnubian map.tga","Animal","D:\AI_upscaling\AoMEE\reports\materials_xml\lp animal goatnubian_idlec_0.mtrl.xml","Animal GoatNubian map","0",""
"animal goatnubian map.tga","Animal","D:\AI_upscaling\AoMEE\reports\materials_xml\lp animal goatnubian_idlec_1.mtrl.xml","Animal GoatNubian map","4",""
"animal goatnubian map.tga","Animal","D:\AI_upscaling\AoMEE\reports\materials_xml\lp animal goatnubian_walka_0.mtrl.xml","Animal GoatNubian map","0",""
"animal goatnubian map.tga","Animal","D:\AI_upscaling\AoMEE\reports\materials_xml\lp animal goatnubian_walka_1.mtrl.xml","Animal GoatNubian map","4",""
"building e age2.tga","Building","D:\AI_upscaling\AoMEE\reports\materials_xml\lp building e armory age2_0.mtrl.xml","Building E Age2","0",""
"building e age2.tga","Building","D:\AI_upscaling\AoMEE\reports\materials_xml\lp building e armory age2_1.mtrl.xml","Building E Age2","4",""
"building e age2.tga","Building","D:\AI_upscaling\AoMEE\reports\materials_xml\lp building e armory age2_death_0.mtrl.xml","Building E Age2","0",""
"building e age2.tga","Building","D:\AI_upscaling\AoMEE\reports\materials_xml\lp building e armory age2_death_1.mtrl.xml","Building E Age2","4",""
"building e age3 accessories.tga","Building","D:\AI_upscaling\AoMEE\reports\materials_xml\lp building e armory age3_2.mtrl.xml","building E Age3 accessories","0",""
"building e age3 accessories.tga","Building","D:\AI_upscaling\AoMEE\reports\materials_xml\lp building e armory age3_death_2.mtrl.xml","building E Age3 accessories","0",""
"building e age4.tga","Building","D:\AI_upscaling\AoMEE\reports\materials_xml\lp building e armory age4_0.mtrl.xml","building E Age4","4",""
"building e age4.tga","Building","D:\AI_upscaling\AoMEE\reports\materials_xml\lp building e armory age4_death_0.mtrl.xml","building E Age4","4",""
"building e age4.tga","Building","D:\AI_upscaling\AoMEE\reports\materials_xml\lp building e ballista tower age4_0.mtrl.xml","Building E Age4","0",""
"building e age4.tga","Building","D:\AI_upscaling\AoMEE\reports\materials_xml\lp building e ballista tower age4_1.mtrl.xml","Building E Age4","4",""
"building e age4.tga","Building","D:\AI_upscaling\AoMEE\reports\materials_xml\lp building e ballista tower age4_death_0.mtrl.xml","Building E Age4","0",""
"building e age4.tga","Building","D:\AI_upscaling\AoMEE\reports\materials_xml\lp building e ballista tower age4_death_1.mtrl.xml","Building E Age4","4",""
"building e age2.tga","Building","D:\AI_upscaling\AoMEE\reports\materials_xml\lp building e barracks age2_2.mtrl.xml","Building E Age2","0",""
"building e age2.tga","Building","D:\AI_upscaling\AoMEE\reports\materials_xml\lp building e barracks age2_death_1.mtrl.xml","Building E Age2","4",""
"building e age2.tga","Building","D:\AI_upscaling\AoMEE\reports\materials_xml\lp building e barracks age2_death_2.mtrl.xml","Building E Age2","0",""
"building e age3 accessories.tga","Building","D:\AI_upscaling\AoMEE\reports\materials_xml\lp building e barracks age3_2.mtrl.xml","building E Age3 accessories","0",""
"building e age3 accessories.tga","Building","D:\AI_upscaling\AoMEE\reports\materials_xml\lp building e barracks age3_death_2.mtrl.xml","building E Age3 accessories","0",""
"building e age4.tga","Building","D:\AI_upscaling\AoMEE\reports\materials_xml\lp building e barracks age4_0.mtrl.xml","building E Age4","0",""
"building e age4.tga","Building","D:\AI_upscaling\AoMEE\reports\materials_xml\lp building e barracks age4_1.mtrl.xml","building E Age4","4",""
"building e age4.tga","Building","D:\AI_upscaling\AoMEE\reports\materials_xml\lp building e barracks age4_death_0.mtrl.xml","building E Age4","0",""
"building e age4.tga","Building","D:\AI_upscaling\AoMEE\reports\materials_xml\lp building e barracks age4_death_1.mtrl.xml","building E Age4","4",""
"building e age2.tga","Building","D:\AI_upscaling\AoMEE\reports\materials_xml\lp building e granary age2_0.mtrl.xml","Building E Age2","0",""
"building e age2.tga","Building","D:\AI_upscaling\AoMEE\reports\materials_xml\lp building e granary age2_1.mtrl.xml","Building E Age2","4",""
"building e age2.tga","Building","D:\AI_upscaling\AoMEE\reports\materials_xml\lp building e granary age2_death_0.mtrl.xml","Building E Age2","0",""
"building e age2.tga","Building","D:\AI_upscaling\AoMEE\reports\materials_xml\lp building e granary age2_death_1.mtrl.xml","Building E Age2","4",""
"building e age3 accessories.tga","Building","D:\AI_upscaling\AoMEE\reports\materials_xml\lp building e granary age3_2.mtrl.xml","building E Age3 accessories","0",""
"building e age3 accessories.tga","Building","D:\AI_upscaling\AoMEE\reports\materials_xml\lp building e granary age3_death_2.mtrl.xml","building E Age3 accessories","0",""
"building e age4.tga","Building","D:\AI_upscaling\AoMEE\reports\materials_xml\lp building e granary age4_0.mtrl.xml","Building E Age4","4",""
"building e age4.tga","Building","D:\AI_upscaling\AoMEE\reports\materials_xml\lp building e granary age4_death_0.mtrl.xml","Building E Age4","4",""
"building e age3 accessories.tga","Building","D:\AI_upscaling\AoMEE\reports\materials_xml\lp building e guard tower age3_2.mtrl.xml","building E Age3 accessories","0",""
"building e age3 accessories.tga","Building","D:\AI_upscaling\AoMEE\reports\materials_xml\lp building e guard tower age3_death_2.mtrl.xml","building E Age3 accessories","0",""
"building e age4.tga","Building","D:\AI_upscaling\AoMEE\reports\materials_xml\lp building e guard tower age4_0.mtrl.xml","Building E Age4","0",""
"building e age4.tga","Building","D:\AI_upscaling\AoMEE\reports\materials_xml\lp building e guard tower age4_1.mtrl.xml","Building E Age4","4",""
"building e age4.tga","Building","D:\AI_upscaling\AoMEE\reports\materials_xml\lp building e guard tower age4_death_0.mtrl.xml","Building E Age4","0",""
"building e age4.tga","Building","D:\AI_upscaling\AoMEE\reports\materials_xml\lp building e guard tower age4_death_1.mtrl.xml","Building E Age4","4",""
"building e age3 accessories.tga","Building","D:\AI_upscaling\AoMEE\reports\materials_xml\lp building e housea age1_1.mtrl.xml","building E Age3 accessories","0",""
"building e age3 accessories.tga","Building","D:\AI_upscaling\AoMEE\reports\materials_xml\lp building e housea age1_death_1.mtrl.xml","building E Age3 accessories","0",""
"building e age2.tga","Building","D:\AI_upscaling\AoMEE\reports\materials_xml\lp building e housea age2_0.mtrl.xml","Building E Age2","0",""
"building e age2.tga","Building","D:\AI_upscaling\AoMEE\reports\materials_xml\lp building e housea age2_1.mtrl.xml","Building E Age2","4",""
"building e age2.tga","Building","D:\AI_upscaling\AoMEE\reports\materials_xml\lp building e housea age2_death_0.mtrl.xml","Building E Age2","0",""
"building e age2.tga","Building","D:\AI_upscaling\AoMEE\reports\materials_xml\lp building e housea age2_death_1.mtrl.xml","Building E Age2","4",""
"building e age3 accessories.tga","Building","D:\AI_upscaling\AoMEE\reports\materials_xml\lp building e housea age3_2.mtrl.xml","building E Age3 accessories","0",""
"building e age3 accessories.tga","Building","D:\AI_upscaling\AoMEE\reports\materials_xml\lp building e housea age3_death_2.mtrl.xml","building E Age3 accessories","0",""
"building e age4.tga","Building","D:\AI_upscaling\AoMEE\reports\materials_xml\lp building e housea age4_0.mtrl.xml","Building E Age4","0",""
"building e age4.tga","Building","D:\AI_upscaling\AoMEE\reports\materials_xml\lp building e housea age4_1.mtrl.xml","Building E Age4","4",""
"building e age4.tga","Building","D:\AI_upscaling\AoMEE\reports\materials_xml\lp building e housea age4_death_0.mtrl.xml","Building E Age4","0",""
"building e age4.tga","Building","D:\AI_upscaling\AoMEE\reports\materials_xml\lp building e housea age4_death_1.mtrl.xml","Building E Age4","4",""
"building e age3 accessories.tga","Building","D:\AI_upscaling\AoMEE\reports\materials_xml\lp building e houseb age1_1.mtrl.xml","building E Age3 accessories","0",""
"building e age3 accessories.tga","Building","D:\AI_upscaling\AoMEE\reports\materials_xml\lp building e houseb age1_death_1.mtrl.xml","building E Age3 accessories","0",""
"building e age2.tga","Building","D:\AI_upscaling\AoMEE\reports\materials_xml\lp building e houseb age2_0.mtrl.xml","Building E Age2","0",""
"building e age2.tga","Building","D:\AI_upscaling\AoMEE\reports\materials_xml\lp building e houseb age2_1.mtrl.xml","Building E Age2","4",""
"building e age2.tga","Building","D:\AI_upscaling\AoMEE\reports\materials_xml\lp building e houseb age2_death_0.mtrl.xml","Building E Age2","0",""
"building e age2.tga","Building","D:\AI_upscaling\AoMEE\reports\materials_xml\lp building e houseb age2_death_1.mtrl.xml","Building E Age2","4",""
"building e age3 accessories.tga","Building","D:\AI_upscaling\AoMEE\reports\materials_xml\lp building e houseb age3_2.mtrl.xml","building E Age3 accessories","0",""
"building e age3 accessories.tga","Building","D:\AI_upscaling\AoMEE\reports\materials_xml\lp building e houseb age3_death_2.mtrl.xml","building E Age3 accessories","0",""
"building e age4.tga","Building","D:\AI_upscaling\AoMEE\reports\materials_xml\lp building e houseb age4_0.mtrl.xml","Building E Age4","0",""
"building e age4.tga","Building","D:\AI_upscaling\AoMEE\reports\materials_xml\lp building e houseb age4_1.mtrl.xml","Building E Age4","4",""
"building e age4.tga","Building","D:\AI_upscaling\AoMEE\reports\materials_xml\lp building e houseb age4_death_0.mtrl.xml","Building E Age4","0",""
"building e age4.tga","Building","D:\AI_upscaling\AoMEE\reports\materials_xml\lp building e houseb age4_death_1.mtrl.xml","Building E Age4","4",""
"building e age3 accessories.tga","Building","D:\AI_upscaling\AoMEE\reports\materials_xml\lp building e housec age1_1.mtrl.xml","building E Age3 accessories","0",""
"building e age3 accessories.tga","Building","D:\AI_upscaling\AoMEE\reports\materials_xml\lp building e housec age1_death_1.mtrl.xml","building E Age3 accessories","0",""
"building e age2.tga","Building","D:\AI_upscaling\AoMEE\reports\materials_xml\lp building e housec age2_0.mtrl.xml","Building E Age2","0",""
"building e age2.tga","Building","D:\AI_upscaling\AoMEE\reports\materials_xml\lp building e housec age2_1.mtrl.xml","Building E Age2","4",""
"building e age2.tga","Building","D:\AI_upscaling\AoMEE\reports\materials_xml\lp building e housec age2_death_0.mtrl.xml","Building E Age2","0",""
"building e age2.tga","Building","D:\AI_upscaling\AoMEE\reports\materials_xml\lp building e housec age2_death_1.mtrl.xml","Building E Age2","4",""
"building e age3 accessories.tga","Building","D:\AI_upscaling\AoMEE\reports\materials_xml\lp building e housec age3_2.mtrl.xml","building E Age3 accessories","0",""
"building e age3 accessories.tga","Building","D:\AI_upscaling\AoMEE\reports\materials_xml\lp building e housec age3_death_2.mtrl.xml","building E Age3 accessories","0",""
"building e age4.tga","Building","D:\AI_upscaling\AoMEE\reports\materials_xml\lp building e housec age4_0.mtrl.xml","Building E Age4","0",""
"building e age4.tga","Building","D:\AI_upscaling\AoMEE\reports\materials_xml\lp building e housec age4_1.mtrl.xml","Building E Age4","4",""
"building e age4.tga","Building","D:\AI_upscaling\AoMEE\reports\materials_xml\lp building e housec age4_death_0.mtrl.xml","Building E Age4","0",""
"building e age4.tga","Building","D:\AI_upscaling\AoMEE\reports\materials_xml\lp building e housec age4_death_1.mtrl.xml","Building E Age4","4",""
"building e lighthouse.tga","Building","D:\AI_upscaling\AoMEE\reports\materials_xml\lp building e lighthouse_death_0.mtrl.xml","Building E Lighthouse","0",""
"building e lighthouse.tga","Building","D:\AI_upscaling\AoMEE\reports\materials_xml\lp building e lighthouse_death_1.mtrl.xml","Building E Lighthouse","4",""
"building e age2.tga","Building","D:\AI_upscaling\AoMEE\reports\materials_xml\lp building e lumbercamp age2_0.mtrl.xml","Building E Age2","4",""
"building e age3 accessories.tga","Building","D:\AI_upscaling\AoMEE\reports\materials_xml\lp building e lumbercamp age2_2.mtrl.xml","building E Age3 accessories","0",""
"building e age2.tga","Building","D:\AI_upscaling\AoMEE\reports\materials_xml\lp building e lumbercamp age2_death_0.mtrl.xml","Building E Age2","4",""
"building e age3 accessories.tga","Building","D:\AI_upscaling\AoMEE\reports\materials_xml\lp building e lumbercamp age2_death_2.mtrl.xml","building E Age3 accessories","0",""
"building e age3 accessories.tga","Building","D:\AI_upscaling\AoMEE\reports\materials_xml\lp building e lumbercamp age3_2.mtrl.xml","building E Age3 accessories","0",""
"building e age3 accessories.tga","Building","D:\AI_upscaling\AoMEE\reports\materials_xml\lp building e lumbercamp age3_death_2.mtrl.xml","building E Age3 accessories","0",""
"building e age4.tga","Building","D:\AI_upscaling\AoMEE\reports\materials_xml\lp building e lumbercamp age4_0.mtrl.xml","Building E Age4","0",""
"building e age4.tga","Building","D:\AI_upscaling\AoMEE\reports\materials_xml\lp building e lumbercamp age4_1.mtrl.xml","Building E Age4","4",""
"building e age3 accessories.tga","Building","D:\AI_upscaling\AoMEE\reports\materials_xml\lp building e lumbercamp age4_2.mtrl.xml","building E Age3 accessories","0",""
"building e age4.tga","Building","D:\AI_upscaling\AoMEE\reports\materials_xml\lp building e lumbercamp age4_death_0.mtrl.xml","Building E Age4","0",""
"building e age4.tga","Building","D:\AI_upscaling\AoMEE\reports\materials_xml\lp building e lumbercamp age4_death_1.mtrl.xml","Building E Age4","4",""
"building e age3 accessories.tga","Building","D:\AI_upscaling\AoMEE\reports\materials_xml\lp building e lumbercamp age4_death_2.mtrl.xml","building E Age3 accessories","0",""
"building e age3 accessories.tga","Building","D:\AI_upscaling\AoMEE\reports\materials_xml\lp building e market age3_death_2.mtrl.xml","building E Age3 accessories","0",""
"building e age4.tga","Building","D:\AI_upscaling\AoMEE\reports\materials_xml\lp building e market age4_0.mtrl.xml","building E Age4","0",""
"building e age4.tga","Building","D:\AI_upscaling\AoMEE\reports\materials_xml\lp building e market age4_1.mtrl.xml","building E Age4","4",""
"building e age4.tga","Building","D:\AI_upscaling\AoMEE\reports\materials_xml\lp building e market age4_death_0.mtrl.xml","building E Age4","0",""
"building e age4.tga","Building","D:\AI_upscaling\AoMEE\reports\materials_xml\lp building e market age4_death_1.mtrl.xml","building E Age4","4",""
"building e age2.tga","Building","D:\AI_upscaling\AoMEE\reports\materials_xml\lp building e mining camp age 2_0.mtrl.xml","Building E Age2","0",""
"building e age2.tga","Building","D:\AI_upscaling\AoMEE\reports\materials_xml\lp building e mining camp age 2_1.mtrl.xml","Building E Age2","4",""
"building e age2.tga","Building","D:\AI_upscaling\AoMEE\reports\materials_xml\lp building e mining camp age 2_death_0.mtrl.xml","Building E Age2","0",""
"building e age2.tga","Building","D:\AI_upscaling\AoMEE\reports\materials_xml\lp building e mining camp age 2_death_1.mtrl.xml","Building E Age2","4",""
"building e age3 accessories.tga","Building","D:\AI_upscaling\AoMEE\reports\materials_xml\lp building e mining camp age 2_death_3.mtrl.xml","building E Age3 accessories","0",""
"building e age4.tga","Building","D:\AI_upscaling\AoMEE\reports\materials_xml\lp building e mining camp age 4_0.mtrl.xml","Building E Age4","0",""
"building e age4.tga","Building","D:\AI_upscaling\AoMEE\reports\materials_xml\lp building e mining camp age 4_1.mtrl.xml","Building E Age4","4",""
"building e age4.tga","Building","D:\AI_upscaling\AoMEE\reports\materials_xml\lp building e mining camp age 4_death_0.mtrl.xml","Building E Age4","0",""
"building e age4.tga","Building","D:\AI_upscaling\AoMEE\reports\materials_xml\lp building e mining camp age 4_death_1.mtrl.xml","Building E Age4","4",""
"building e monument platforms.tga","Building","D:\AI_upscaling\AoMEE\reports\materials_xml\lp building e monument1 stand_0.mtrl.xml","building E Monument platforms","0",""
"building e monument platforms.tga","Building","D:\AI_upscaling\AoMEE\reports\materials_xml\lp building e monument1 stand_1.mtrl.xml","building E Monument platforms","4",""
"building e monument platforms.tga","Building","D:\AI_upscaling\AoMEE\reports\materials_xml\lp building e monument3 stand_0.mtrl.xml","building E Monument platforms","4",""
"building e monument platforms.tga","Building","D:\AI_upscaling\AoMEE\reports\materials_xml\lp building e monument4 stand_0.mtrl.xml","building E Monument platforms","0",""
"building e monument platforms.tga","Building","D:\AI_upscaling\AoMEE\reports\materials_xml\lp building e monument4 stand_1.mtrl.xml","building E Monument platforms","4",""
"building e monument platforms.tga","Building","D:\AI_upscaling\AoMEE\reports\materials_xml\lp building e monument5 ra construction_0.mtrl.xml","building E Monument platforms","0",""
"building e monument platforms.tga","Building","D:\AI_upscaling\AoMEE\reports\materials_xml\lp building e monument5 set construction_0.mtrl.xml","building E Monument platforms","0",""
"building e monument platforms.tga","Building","D:\AI_upscaling\AoMEE\reports\materials_xml\lp building e monument5 stand_0.mtrl.xml","building E Monument platforms","0",""
"building e monument platforms.tga","Building","D:\AI_upscaling\AoMEE\reports\materials_xml\lp building e monument5 stand_1.mtrl.xml","building E Monument platforms","4",""
"building e outpost.tga","Building","D:\AI_upscaling\AoMEE\reports\materials_xml\lp building e outpost_death_0.mtrl.xml","building E Outpost","0",""
"building e outpost.tga","Building","D:\AI_upscaling\AoMEE\reports\materials_xml\lp building e outpost_death_1.mtrl.xml","building E Outpost","4",""
"building e settlement age2.tga","Building","D:\AI_upscaling\AoMEE\reports\materials_xml\lp building e settlement age2_0.mtrl.xml","building E Settlement Age2","0",""
"building e settlement age2.tga","Building","D:\AI_upscaling\AoMEE\reports\materials_xml\lp building e settlement age2_1.mtrl.xml","building E Settlement Age2","4",""
"building e settlement age2.tga","Building","D:\AI_upscaling\AoMEE\reports\materials_xml\lp building e settlement age2_death_0.mtrl.xml","building E Settlement Age2","0",""
"building e settlement age2.tga","Building","D:\AI_upscaling\AoMEE\reports\materials_xml\lp building e settlement age2_death_1.mtrl.xml","building E Settlement Age2","4",""
"building e age3 accessories.tga","Building","D:\AI_upscaling\AoMEE\reports\materials_xml\lp building e settlement age3 fortified_2.mtrl.xml","building E Age3 accessories","0",""
"building e age3 accessories.tga","Building","D:\AI_upscaling\AoMEE\reports\materials_xml\lp building e settlement age3 fortified_death_3.mtrl.xml","building E Age3 accessories","0",""
"building e age3 accessories.tga","Building","D:\AI_upscaling\AoMEE\reports\materials_xml\lp building e settlement age3_2.mtrl.xml","building E Age3 accessories","0",""
"building e settlement age4.tga","Building","D:\AI_upscaling\AoMEE\reports\materials_xml\lp building e settlement age4 fortified_0.mtrl.xml","building E Settlement Age4","0",""
"building e settlement age4.tga","Building","D:\AI_upscaling\AoMEE\reports\materials_xml\lp building e settlement age4 fortified_1.mtrl.xml","building E Settlement Age4","4",""
"building e settlement age4.tga","Building","D:\AI_upscaling\AoMEE\reports\materials_xml\lp building e settlement age4 fortified_death_0.mtrl.xml","building E Settlement Age4","0",""
"building e settlement age4.tga","Building","D:\AI_upscaling\AoMEE\reports\materials_xml\lp building e settlement age4 fortified_death_1.mtrl.xml","building E Settlement Age4","4",""
"building e settlement age4.tga","Building","D:\AI_upscaling\AoMEE\reports\materials_xml\lp building e settlement age4_0.mtrl.xml","building E Settlement Age4","0",""
"building e settlement age4.tga","Building","D:\AI_upscaling\AoMEE\reports\materials_xml\lp building e settlement age4_1.mtrl.xml","building E Settlement Age4","4",""
"building e settlement age4.tga","Building","D:\AI_upscaling\AoMEE\reports\materials_xml\lp building e settlement age4_death_0.mtrl.xml","building E Settlement Age4","0",""
"building e settlement age4.tga","Building","D:\AI_upscaling\AoMEE\reports\materials_xml\lp building e settlement age4_death_1.mtrl.xml","building E Settlement Age4","4",""
"building e age3 accessories.tga","Building","D:\AI_upscaling\AoMEE\reports\materials_xml\lp building e siege camp age3_2.mtrl.xml","building E Age3 accessories","0",""
"building e age3 accessories.tga","Building","D:\AI_upscaling\AoMEE\reports\materials_xml\lp building e siege camp age3_death_2.mtrl.xml","building E Age3 accessories","0",""
"building e age4.tga","Building","D:\AI_upscaling\AoMEE\reports\materials_xml\lp building e siege camp age4_0.mtrl.xml","building E Age4","0",""
"building e age4.tga","Building","D:\AI_upscaling\AoMEE\reports\materials_xml\lp building e siege camp age4_1.mtrl.xml","building E Age4","4",""
"building e age4.tga","Building","D:\AI_upscaling\AoMEE\reports\materials_xml\lp building e siege camp age4_death_0.mtrl.xml","building E Age4","0",""
"building e age4.tga","Building","D:\AI_upscaling\AoMEE\reports\materials_xml\lp building e siege camp age4_death_1.mtrl.xml","building E Age4","4",""
"building e age2.tga","Building","D:\AI_upscaling\AoMEE\reports\materials_xml\lp building e temple age2_0.mtrl.xml","Building E Age2","0",""
"building e age2.tga","Building","D:\AI_upscaling\AoMEE\reports\materials_xml\lp building e temple age2_1.mtrl.xml","Building E Age2","4",""
"building e age2.tga","Building","D:\AI_upscaling\AoMEE\reports\materials_xml\lp building e temple age2_death_1.mtrl.xml","Building E Age2","4",""
"building e age4.tga","Building","D:\AI_upscaling\AoMEE\reports\materials_xml\lp building e temple age4_0.mtrl.xml","building E Age4","0",""
"building e age4.tga","Building","D:\AI_upscaling\AoMEE\reports\materials_xml\lp building e temple age4_1.mtrl.xml","building E Age4","4",""
"building e age4.tga","Building","D:\AI_upscaling\AoMEE\reports\materials_xml\lp building e temple age4_death_0.mtrl.xml","building E Age4","0",""
"building e age4.tga","Building","D:\AI_upscaling\AoMEE\reports\materials_xml\lp building e temple age4_death_1.mtrl.xml","building E Age4","4",""
"building e age2.tga","Building","D:\AI_upscaling\AoMEE\reports\materials_xml\lp building e tradedock age2_0.mtrl.xml","Building E Age2","0",""
"building e age2.tga","Building","D:\AI_upscaling\AoMEE\reports\materials_xml\lp building e tradedock age2_1.mtrl.xml","Building E Age2","4",""
"building e age2.tga","Building","D:\AI_upscaling\AoMEE\reports\materials_xml\lp building e tradedock age2_death_0.mtrl.xml","Building E Age2","0",""
"building e age2.tga","Building","D:\AI_upscaling\AoMEE\reports\materials_xml\lp building e tradedock age2_death_1.mtrl.xml","Building E Age2","4",""
"building e age3 accessories.tga","Building","D:\AI_upscaling\AoMEE\reports\materials_xml\lp building e tradedock age3_death_2.mtrl.xml","building E Age3 accessories","0",""
"building e age4.tga","Building","D:\AI_upscaling\AoMEE\reports\materials_xml\lp building e tradedock age4_0.mtrl.xml","building E Age4","0",""
"building e age4.tga","Building","D:\AI_upscaling\AoMEE\reports\materials_xml\lp building e tradedock age4_1.mtrl.xml","building E Age4","4",""
"building e age4.tga","Building","D:\AI_upscaling\AoMEE\reports\materials_xml\lp building e tradedock age4_death_0.mtrl.xml","building E Age4","4",""
"building e wall4.tga","Building","D:\AI_upscaling\AoMEE\reports\materials_xml\lp building e wallcit long stage1_0.mtrl.xml","Building E Wall4","0",""
"building e wall4.tga","Building","D:\AI_upscaling\AoMEE\reports\materials_xml\lp building e wallcit long stage1_1.mtrl.xml","Building E Wall4","4",""
"building e wall4.tga","Building","D:\AI_upscaling\AoMEE\reports\materials_xml\lp building e wallcit long stage2_0.mtrl.xml","Building E Wall4","0",""
"building e wall4.tga","Building","D:\AI_upscaling\AoMEE\reports\materials_xml\lp building e wallcit long stage2_1.mtrl.xml","Building E Wall4","4",""
"building e wall4.tga","Building","D:\AI_upscaling\AoMEE\reports\materials_xml\lp building e wallcit long stage3_0.mtrl.xml","Building E Wall4","0",""
"building e wall4.tga","Building","D:\AI_upscaling\AoMEE\reports\materials_xml\lp building e wallcit long stage3_1.mtrl.xml","Building E Wall4","4",""
"building e wall4.tga","Building","D:\AI_upscaling\AoMEE\reports\materials_xml\lp building e wallcit long stage3_death_0.mtrl.xml","Building E Wall4","0",""
"building e wall4.tga","Building","D:\AI_upscaling\AoMEE\reports\materials_xml\lp building e wallcit long stage3_death_1.mtrl.xml","Building E Wall4","4",""
"building e wall4.tga","Building","D:\AI_upscaling\AoMEE\reports\materials_xml\lp building e wallcit medium stage1_0.mtrl.xml","Building E Wall4","0",""
"building e wall4.tga","Building","D:\AI_upscaling\AoMEE\reports\materials_xml\lp building e wallcit medium stage1_1.mtrl.xml","Building E Wall4","4",""
"building e wall4.tga","Building","D:\AI_upscaling\AoMEE\reports\materials_xml\lp building e wallcit medium stage2_0.mtrl.xml","Building E Wall4","0",""
"building e wall4.tga","Building","D:\AI_upscaling\AoMEE\reports\materials_xml\lp building e wallcit medium stage2_1.mtrl.xml","Building E Wall4","4",""
"building e wall4.tga","Building","D:\AI_upscaling\AoMEE\reports\materials_xml\lp building e wallcit medium stage3_0.mtrl.xml","Building E Wall4","0",""
"building e wall4.tga","Building","D:\AI_upscaling\AoMEE\reports\materials_xml\lp building e wallcit medium stage3_1.mtrl.xml","Building E Wall4","4",""
"building e wall4.tga","Building","D:\AI_upscaling\AoMEE\reports\materials_xml\lp building e wallcit medium stage3_death_0.mtrl.xml","Building E Wall4","0",""
"building e wall4.tga","Building","D:\AI_upscaling\AoMEE\reports\materials_xml\lp building e wallcit medium stage3_death_1.mtrl.xml","Building E Wall4","4",""
"building e wall4.tga","Building","D:\AI_upscaling\AoMEE\reports\materials_xml\lp building e wallcit short stage1_0.mtrl.xml","Building E Wall4","0",""
"building e wall4.tga","Building","D:\AI_upscaling\AoMEE\reports\materials_xml\lp building e wallcit short stage1_1.mtrl.xml","Building E Wall4","4",""
"building e wall4.tga","Building","D:\AI_upscaling\AoMEE\reports\materials_xml\lp building e wallcit short stage2_0.mtrl.xml","Building E Wall4","0",""
"building e wall4.tga","Building","D:\AI_upscaling\AoMEE\reports\materials_xml\lp building e wallcit short stage2_1.mtrl.xml","Building E Wall4","4",""
"building e wall4.tga","Building","D:\AI_upscaling\AoMEE\reports\materials_xml\lp building e wallcit short stage3_0.mtrl.xml","Building E Wall4","0",""
"building e wall4.tga","Building","D:\AI_upscaling\AoMEE\reports\materials_xml\lp building e wallcit short stage3_1.mtrl.xml","Building E Wall4","4",""
"building e wall4.tga","Building","D:\AI_upscaling\AoMEE\reports\materials_xml\lp building e wallcit short stage3_death_0.mtrl.xml","Building E Wall4","0",""
"building e wall4.tga","Building","D:\AI_upscaling\AoMEE\reports\materials_xml\lp building e wallcit short stage3_death_1.mtrl.xml","Building E Wall4","4",""
"building e age3 accessories.tga","Building","D:\AI_upscaling\AoMEE\reports\materials_xml\lp building e wallcon stage1_2.mtrl.xml","building E Age3 accessories","0",""
"building e age3 accessories.tga","Building","D:\AI_upscaling\AoMEE\reports\materials_xml\lp building e wallcon stage2_2.mtrl.xml","building E Age3 accessories","0",""
"building e age3 accessories.tga","Building","D:\AI_upscaling\AoMEE\reports\materials_xml\lp building e wallcon stage3_2.mtrl.xml","building E Age3 accessories","0",""
"building e age3 accessories.tga","Building","D:\AI_upscaling\AoMEE\reports\materials_xml\lp building e wallcon stage3_death_2.mtrl.xml","building E Age3 accessories","0",""
"building e age3 accessories.tga","Building","D:\AI_upscaling\AoMEE\reports\materials_xml\lp building e wallfort long stage1_2.mtrl.xml","building E Age3 accessories","0",""
"building e age3 accessories.tga","Building","D:\AI_upscaling\AoMEE\reports\materials_xml\lp building e wallfort long stage2_2.mtrl.xml","building E Age3 accessories","0",""
"building e age3 accessories.tga","Building","D:\AI_upscaling\AoMEE\reports\materials_xml\lp building e wallfort long stage3_2.mtrl.xml","building E Age3 accessories","0",""
"building e age3 accessories.tga","Building","D:\AI_upscaling\AoMEE\reports\materials_xml\lp building e wallfort long stage3_death_2.mtrl.xml","building E Age3 accessories","0",""
"building e age3 accessories.tga","Building","D:\AI_upscaling\AoMEE\reports\materials_xml\lp building e wallfort medium stage1_2.mtrl.xml","building E Age3 accessories","0",""
"building e age3 accessories.tga","Building","D:\AI_upscaling\AoMEE\reports\materials_xml\lp building e wallfort medium stage2_2.mtrl.xml","building E Age3 accessories","0",""
"building e age3 accessories.tga","Building","D:\AI_upscaling\AoMEE\reports\materials_xml\lp building e wallfort medium stage3_2.mtrl.xml","building E Age3 accessories","0",""
"building e age3 accessories.tga","Building","D:\AI_upscaling\AoMEE\reports\materials_xml\lp building e wallfort medium stage3_death_2.mtrl.xml","building E Age3 accessories","0",""
"building e age3 accessories.tga","Building","D:\AI_upscaling\AoMEE\reports\materials_xml\lp building e wallfort short stage1_2.mtrl.xml","building E Age3 accessories","0",""
"building e age3 accessories.tga","Building","D:\AI_upscaling\AoMEE\reports\materials_xml\lp building e wallfort short stage2_2.mtrl.xml","building E Age3 accessories","0",""
"building e age3 accessories.tga","Building","D:\AI_upscaling\AoMEE\reports\materials_xml\lp building e wallfort short stage3_2.mtrl.xml","building E Age3 accessories","0",""
"building e age3 accessories.tga","Building","D:\AI_upscaling\AoMEE\reports\materials_xml\lp building e wallfort short stage3_death_2.mtrl.xml","building E Age3 accessories","0",""
"building e age3 accessories.tga","Building","D:\AI_upscaling\AoMEE\reports\materials_xml\lp building e watch age1_2.mtrl.xml","building E Age3 accessories","0",""
"building e age2.tga","Building","D:\AI_upscaling\AoMEE\reports\materials_xml\lp building e watch age2_0.mtrl.xml","Building E Age2","0",""
"building e age2.tga","Building","D:\AI_upscaling\AoMEE\reports\materials_xml\lp building e watch age2_1.mtrl.xml","Building E Age2","4",""
"building e age2.tga","Building","D:\AI_upscaling\AoMEE\reports\materials_xml\lp building e watch age2_death_0.mtrl.xml","Building E Age2","0",""
"building e age2.tga","Building","D:\AI_upscaling\AoMEE\reports\materials_xml\lp building e watch age2_death_1.mtrl.xml","Building E Age2","4",""
"building e age3 accessories.tga","Building","D:\AI_upscaling\AoMEE\reports\materials_xml\lp building e watch age3_2.mtrl.xml","building E Age3 accessories","0",""
"building e age3 accessories.tga","Building","D:\AI_upscaling\AoMEE\reports\materials_xml\lp building e watch age3_death_2.mtrl.xml","building E Age3 accessories","0",""
"building e age4.tga","Building","D:\AI_upscaling\AoMEE\reports\materials_xml\lp building e watch age4_0.mtrl.xml","Building E Age4","0",""
"building e age4.tga","Building","D:\AI_upscaling\AoMEE\reports\materials_xml\lp building e watch age4_1.mtrl.xml","Building E Age4","4",""
"building e age4.tga","Building","D:\AI_upscaling\AoMEE\reports\materials_xml\lp building e watch age4_death_0.mtrl.xml","Building E Age4","0",""
"building e age4.tga","Building","D:\AI_upscaling\AoMEE\reports\materials_xml\lp building e watch age4_death_1.mtrl.xml","Building E Age4","4",""
"building g wallsage3.tga","Building","D:\AI_upscaling\AoMEE\reports\materials_xml\lp building g archery range age3_0.mtrl.xml","Building G WallsAge3","0",""
"building g wallsage3.tga","Building","D:\AI_upscaling\AoMEE\reports\materials_xml\lp building g archery range age3_2.mtrl.xml","Building G WallsAge3","4",""
"building g wallsage3.tga","Building","D:\AI_upscaling\AoMEE\reports\materials_xml\lp building g archery range age3_death_0.mtrl.xml","Building G WallsAge3","0",""
"building g wallsage1.tga","Building","D:\AI_upscaling\AoMEE\reports\materials_xml\lp building g archery rangeage1_0.mtrl.xml","Building G WallsAge1","0",""
"building g roofage1.tga","Building","D:\AI_upscaling\AoMEE\reports\materials_xml\lp building g archery rangeage1_1.mtrl.xml","Building G RoofAge1","0",""
"building g wallsage1.tga","Building","D:\AI_upscaling\AoMEE\reports\materials_xml\lp building g archery rangeage1_2.mtrl.xml","Building G WallsAge1","4",""
"building g wallsage1.tga","Building","D:\AI_upscaling\AoMEE\reports\materials_xml\lp building g archery rangeage1_death_0.mtrl.xml","Building G WallsAge1","0",""
"building g roofage1.tga","Building","D:\AI_upscaling\AoMEE\reports\materials_xml\lp building g archery rangeage1_death_1.mtrl.xml","Building G RoofAge1","0",""
"building g wallsage2.tga","Building","D:\AI_upscaling\AoMEE\reports\materials_xml\lp building g archery rangeage2_1.mtrl.xml","Building G WallsAge2","0",""
"building g wallsage2.tga","Building","D:\AI_upscaling\AoMEE\reports\materials_xml\lp building g archery rangeage2_2.mtrl.xml","Building G WallsAge2","4",""
"building g wallsage2.tga","Building","D:\AI_upscaling\AoMEE\reports\materials_xml\lp building g archery rangeage2_death_1.mtrl.xml","Building G WallsAge2","0",""
"building g wallsage2.tga","Building","D:\AI_upscaling\AoMEE\reports\materials_xml\lp building g archery rangeage2_death_2.mtrl.xml","Building G WallsAge2","4",""
"building g wallsage1.tga","Building","D:\AI_upscaling\AoMEE\reports\materials_xml\lp building g armoryage1_0.mtrl.xml","Building G WallsAge1","0",""
"building g roofage1.tga","Building","D:\AI_upscaling\AoMEE\reports\materials_xml\lp building g armoryage1_1.mtrl.xml","Building G RoofAge1","0",""
"building g wallsage1.tga","Building","D:\AI_upscaling\AoMEE\reports\materials_xml\lp building g armoryage1_2.mtrl.xml","Building G WallsAge1","4",""
"building g wallsage1.tga","Building","D:\AI_upscaling\AoMEE\reports\materials_xml\lp building g armoryage1_death_0.mtrl.xml","Building G WallsAge1","0",""
"building g roofage1.tga","Building","D:\AI_upscaling\AoMEE\reports\materials_xml\lp building g armoryage1_death_1.mtrl.xml","Building G RoofAge1","0",""
"building g wallsage1.tga","Building","D:\AI_upscaling\AoMEE\reports\materials_xml\lp building g armoryage1_death_2.mtrl.xml","Building G WallsAge1","4",""
"building g wallsage2.tga","Building","D:\AI_upscaling\AoMEE\reports\materials_xml\lp building g armoryage2_1.mtrl.xml","Building G WallsAge2","0",""
"building g wallsage2.tga","Building","D:\AI_upscaling\AoMEE\reports\materials_xml\lp building g armoryage2_2.mtrl.xml","Building G WallsAge2","4",""
"building g wallsage2.tga","Building","D:\AI_upscaling\AoMEE\reports\materials_xml\lp building g armoryage2_death_0.mtrl.xml","Building G WallsAge2","0",""
"building g wallsage3.tga","Building","D:\AI_upscaling\AoMEE\reports\materials_xml\lp building g armoryage3_0.mtrl.xml","Building G WallsAge3","0",""
"building g wallsage3.tga","Building","D:\AI_upscaling\AoMEE\reports\materials_xml\lp building g armoryage3_2.mtrl.xml","Building G WallsAge3","4",""
"building g wallsage3.tga","Building","D:\AI_upscaling\AoMEE\reports\materials_xml\lp building g armoryage3_death_0.mtrl.xml","Building G WallsAge3","0",""
"building g wallsage3.tga","Building","D:\AI_upscaling\AoMEE\reports\materials_xml\lp building g barracks age3_1.mtrl.xml","Building G WallsAge3","0",""
"building g wallsage3.tga","Building","D:\AI_upscaling\AoMEE\reports\materials_xml\lp building g barracks age3_2.mtrl.xml","Building G WallsAge3","4",""
"building g wallsage3.tga","Building","D:\AI_upscaling\AoMEE\reports\materials_xml\lp building g barracks age3_death_1.mtrl.xml","Building G WallsAge3","0",""
"building g wallsage3.tga","Building","D:\AI_upscaling\AoMEE\reports\materials_xml\lp building g barracks age3_death_2.mtrl.xml","Building G WallsAge3","4",""
"building g roofage1.tga","Building","D:\AI_upscaling\AoMEE\reports\materials_xml\lp building g barracksage1_0.mtrl.xml","Building G RoofAge1","0",""
"building g wallsage1.tga","Building","D:\AI_upscaling\AoMEE\reports\materials_xml\lp building g barracksage1_1.mtrl.xml","Building G WallsAge1","0",""
"building g wallsage1.tga","Building","D:\AI_upscaling\AoMEE\reports\materials_xml\lp building g barracksage1_2.mtrl.xml","Building G WallsAge1","4",""
"building g roofage1.tga","Building","D:\AI_upscaling\AoMEE\reports\materials_xml\lp building g barracksage1_death_0.mtrl.xml","Building G RoofAge1","0",""
"building g wallsage1.tga","Building","D:\AI_upscaling\AoMEE\reports\materials_xml\lp building g barracksage1_death_1.mtrl.xml","Building G WallsAge1","0",""
"building g wallsage1.tga","Building","D:\AI_upscaling\AoMEE\reports\materials_xml\lp building g barracksage1_death_2.mtrl.xml","Building G WallsAge1","4",""
"building g wallsage2.tga","Building","D:\AI_upscaling\AoMEE\reports\materials_xml\lp building g barracksage2_0.mtrl.xml","Building G WallsAge2","0",""
"building g wallsage2.tga","Building","D:\AI_upscaling\AoMEE\reports\materials_xml\lp building g barracksage2_2.mtrl.xml","Building G WallsAge2","4",""
"building g wallsage2.tga","Building","D:\AI_upscaling\AoMEE\reports\materials_xml\lp building g barracksage2_death_0.mtrl.xml","Building G WallsAge2","0",""
"building g wallsage2.tga","Building","D:\AI_upscaling\AoMEE\reports\materials_xml\lp building g barracksage2_death_2.mtrl.xml","Building G WallsAge2","4",""
"building g fortresswall.tga","Building","D:\AI_upscaling\AoMEE\reports\materials_xml\lp building g construction fortress2_0.mtrl.xml","Building G FortressWall","0",""
"building g fortresswall.tga","Building","D:\AI_upscaling\AoMEE\reports\materials_xml\lp building g fortress age3_0.mtrl.xml","Building G FortressWall","0",""
"building g fortresswall.tga","Building","D:\AI_upscaling\AoMEE\reports\materials_xml\lp building g fortress age3_2.mtrl.xml","Building G FortressWall","4",""
"building g fortresswall.tga","Building","D:\AI_upscaling\AoMEE\reports\materials_xml\lp building g fortress age3_death_0.mtrl.xml","Building G FortressWall","0",""
"building g fortresswall.tga","Building","D:\AI_upscaling\AoMEE\reports\materials_xml\lp building g fortress age3_death_2.mtrl.xml","Building G FortressWall","4",""
"building g fortresswall.tga","Building","D:\AI_upscaling\AoMEE\reports\materials_xml\lp building g fortress age4_0.mtrl.xml","Building G FortressWall","0",""
"building g fortresswall.tga","Building","D:\AI_upscaling\AoMEE\reports\materials_xml\lp building g fortress age4_2.mtrl.xml","Building G FortressWall","4",""
"building g fortresswall.tga","Building","D:\AI_upscaling\AoMEE\reports\materials_xml\lp building g fortress age4_death_0.mtrl.xml","Building G FortressWall","0",""
"building g fortresswall.tga","Building","D:\AI_upscaling\AoMEE\reports\materials_xml\lp building g fortress age4_death_2.mtrl.xml","Building G FortressWall","4",""
"building g fortifiedwall.tga","Building","D:\AI_upscaling\AoMEE\reports\materials_xml\lp building g fwall long stage1_0.mtrl.xml","Building G Fortifiedwall","4",""
"building g fortifiedwall.tga","Building","D:\AI_upscaling\AoMEE\reports\materials_xml\lp building g fwall long stage2_0.mtrl.xml","Building G Fortifiedwall","4",""
"building g fortifiedwall.tga","Building","D:\AI_upscaling\AoMEE\reports\materials_xml\lp building g fwall long stage3_0.mtrl.xml","Building G Fortifiedwall","4",""
"building g fortifiedwall.tga","Building","D:\AI_upscaling\AoMEE\reports\materials_xml\lp building g fwall long stage3_death_0.mtrl.xml","Building G Fortifiedwall","4",""
"building g fortifiedwall.tga","Building","D:\AI_upscaling\AoMEE\reports\materials_xml\lp building g fwall medium stage1_0.mtrl.xml","Building G Fortifiedwall","4",""
"building g fortifiedwall.tga","Building","D:\AI_upscaling\AoMEE\reports\materials_xml\lp building g fwall medium stage2_0.mtrl.xml","Building G Fortifiedwall","4",""
"building g fortifiedwall.tga","Building","D:\AI_upscaling\AoMEE\reports\materials_xml\lp building g fwall medium stage3_0.mtrl.xml","Building G Fortifiedwall","4",""
"building g fortifiedwall.tga","Building","D:\AI_upscaling\AoMEE\reports\materials_xml\lp building g fwall medium stage3_death_0.mtrl.xml","Building G Fortifiedwall","4",""
"building g fortifiedwall.tga","Building","D:\AI_upscaling\AoMEE\reports\materials_xml\lp building g fwall short stage1_0.mtrl.xml","Building G Fortifiedwall","4",""
"building g fortifiedwall.tga","Building","D:\AI_upscaling\AoMEE\reports\materials_xml\lp building g fwall short stage2_0.mtrl.xml","Building G Fortifiedwall","4",""
"building g fortifiedwall.tga","Building","D:\AI_upscaling\AoMEE\reports\materials_xml\lp building g fwall short stage3_0.mtrl.xml","Building G Fortifiedwall","4",""
"building g fortifiedwall.tga","Building","D:\AI_upscaling\AoMEE\reports\materials_xml\lp building g fwall short stage3_death_0.mtrl.xml","Building G Fortifiedwall","4",""
"building g towers.tga","Building","D:\AI_upscaling\AoMEE\reports\materials_xml\lp building g guardtower age3_0.mtrl.xml","Building G Towers","0",""
"building g towers.tga","Building","D:\AI_upscaling\AoMEE\reports\materials_xml\lp building g guardtower age3_1.mtrl.xml","Building G Towers","4",""
"building g towers.tga","Building","D:\AI_upscaling\AoMEE\reports\materials_xml\lp building g guardtower age3_death_0.mtrl.xml","Building G Towers","0",""
"building g towers.tga","Building","D:\AI_upscaling\AoMEE\reports\materials_xml\lp building g guardtower age3_death_1.mtrl.xml","Building G Towers","4",""
"building g towers.tga","Building","D:\AI_upscaling\AoMEE\reports\materials_xml\lp building g guardtower_0.mtrl.xml","Building G Towers","0",""
"building g towers.tga","Building","D:\AI_upscaling\AoMEE\reports\materials_xml\lp building g guardtower_1.mtrl.xml","Building G Towers","4",""
"building g towers.tga","Building","D:\AI_upscaling\AoMEE\reports\materials_xml\lp building g guardtower_death_0.mtrl.xml","Building G Towers","0",""
"building g towers.tga","Building","D:\AI_upscaling\AoMEE\reports\materials_xml\lp building g guardtower_death_1.mtrl.xml","Building G Towers","4",""
"building g hades wonder.tga","Building","D:\AI_upscaling\AoMEE\reports\materials_xml\lp building g hades wonder_0.mtrl.xml","Building G Hades Wonder","0",""
"building g hades wonder.tga","Building","D:\AI_upscaling\AoMEE\reports\materials_xml\lp building g hades wonder_2.mtrl.xml","Building G Hades Wonder","4",""
"building g hades wonder.tga","Building","D:\AI_upscaling\AoMEE\reports\materials_xml\lp building g hades wonder_death_0.mtrl.xml","Building G Hades Wonder","0",""
"building g hades wonder.tga","Building","D:\AI_upscaling\AoMEE\reports\materials_xml\lp building g hades wonder_death_2.mtrl.xml","Building G Hades Wonder","4",""
"building g age0.tga","Building","D:\AI_upscaling\AoMEE\reports\materials_xml\lp building g housea age0_0.mtrl.xml","Building G Age0","0",""
"building g age0.tga","Building","D:\AI_upscaling\AoMEE\reports\materials_xml\lp building g housea age0_1.mtrl.xml","Building G Age0","4",""
"building g age0.tga","Building","D:\AI_upscaling\AoMEE\reports\materials_xml\lp building g housea age0_death_0.mtrl.xml","Building G Age0","0",""
"building g wallsage1.tga","Building","D:\AI_upscaling\AoMEE\reports\materials_xml\lp building g housea age1_0.mtrl.xml","Building G WallsAge1","0",""
"building g roofage1.tga","Building","D:\AI_upscaling\AoMEE\reports\materials_xml\lp building g housea age1_1.mtrl.xml","Building G RoofAge1","0",""
"building g wallsage1.tga","Building","D:\AI_upscaling\AoMEE\reports\materials_xml\lp building g housea age1_2.mtrl.xml","Building G WallsAge1","4",""
"building g wallsage1.tga","Building","D:\AI_upscaling\AoMEE\reports\materials_xml\lp building g housea age1_death_0.mtrl.xml","Building G WallsAge1","0",""
"building g roofage1.tga","Building","D:\AI_upscaling\AoMEE\reports\materials_xml\lp building g housea age1_death_1.mtrl.xml","Building G RoofAge1","0",""
"building g wallsage1.tga","Building","D:\AI_upscaling\AoMEE\reports\materials_xml\lp building g housea age1_death_2.mtrl.xml","Building G WallsAge1","4",""
"building g wallsage2.tga","Building","D:\AI_upscaling\AoMEE\reports\materials_xml\lp building g housea age2_0.mtrl.xml","Building G WallsAge2","0",""
"building g wallsage2.tga","Building","D:\AI_upscaling\AoMEE\reports\materials_xml\lp building g housea age2_2.mtrl.xml","Building G WallsAge2","4",""
"building g wallsage2.tga","Building","D:\AI_upscaling\AoMEE\reports\materials_xml\lp building g housea age2_death_0.mtrl.xml","Building G WallsAge2","0",""
"building g wallsage2.tga","Building","D:\AI_upscaling\AoMEE\reports\materials_xml\lp building g housea age2_death_2.mtrl.xml","Building G WallsAge2","4",""
"building g wallsage3.tga","Building","D:\AI_upscaling\AoMEE\reports\materials_xml\lp building g housea age3_0.mtrl.xml","Building G WallsAge3","0",""
"building g wallsage3.tga","Building","D:\AI_upscaling\AoMEE\reports\materials_xml\lp building g housea age3_2.mtrl.xml","Building G WallsAge3","4",""
"building g wallsage3.tga","Building","D:\AI_upscaling\AoMEE\reports\materials_xml\lp building g housea age3_death_0.mtrl.xml","Building G WallsAge3","0",""
"building g wallsage3.tga","Building","D:\AI_upscaling\AoMEE\reports\materials_xml\lp building g housea age3_death_2.mtrl.xml","Building G WallsAge3","4",""
"building g age0.tga","Building","D:\AI_upscaling\AoMEE\reports\materials_xml\lp building g houseb age0_0.mtrl.xml","Building G Age0","0",""
"building g age0.tga","Building","D:\AI_upscaling\AoMEE\reports\materials_xml\lp building g houseb age0_1.mtrl.xml","Building G Age0","4",""
"building g age0.tga","Building","D:\AI_upscaling\AoMEE\reports\materials_xml\lp building g houseb age0_death_0.mtrl.xml","Building G Age0","0",""
"building g wallsage1.tga","Building","D:\AI_upscaling\AoMEE\reports\materials_xml\lp building g houseb age1_0.mtrl.xml","Building G WallsAge1","0",""
"building g roofage1.tga","Building","D:\AI_upscaling\AoMEE\reports\materials_xml\lp building g houseb age1_1.mtrl.xml","Building G RoofAge1","0",""
"building g wallsage1.tga","Building","D:\AI_upscaling\AoMEE\reports\materials_xml\lp building g houseb age1_2.mtrl.xml","Building G WallsAge1","4",""
"building g wallsage1.tga","Building","D:\AI_upscaling\AoMEE\reports\materials_xml\lp building g houseb age1_death_0.mtrl.xml","Building G WallsAge1","0",""
"building g roofage1.tga","Building","D:\AI_upscaling\AoMEE\reports\materials_xml\lp building g houseb age1_death_1.mtrl.xml","Building G RoofAge1","0",""
"building g wallsage1.tga","Building","D:\AI_upscaling\AoMEE\reports\materials_xml\lp building g houseb age1_death_2.mtrl.xml","Building G WallsAge1","4",""
"building g wallsage2.tga","Building","D:\AI_upscaling\AoMEE\reports\materials_xml\lp building g houseb age2_0.mtrl.xml","Building G WallsAge2","0",""
"building g wallsage2.tga","Building","D:\AI_upscaling\AoMEE\reports\materials_xml\lp building g houseb age2_2.mtrl.xml","Building G WallsAge2","4",""
"building g wallsage2.tga","Building","D:\AI_upscaling\AoMEE\reports\materials_xml\lp building g houseb age2_death_0.mtrl.xml","Building G WallsAge2","0",""
"building g wallsage2.tga","Building","D:\AI_upscaling\AoMEE\reports\materials_xml\lp building g houseb age2_death_2.mtrl.xml","Building G WallsAge2","4",""
"building g wallsage3.tga","Building","D:\AI_upscaling\AoMEE\reports\materials_xml\lp building g houseb age3_0.mtrl.xml","Building G WallsAge3","0",""
"building g wallsage3.tga","Building","D:\AI_upscaling\AoMEE\reports\materials_xml\lp building g houseb age3_2.mtrl.xml","Building G WallsAge3","4",""
"building g wallsage3.tga","Building","D:\AI_upscaling\AoMEE\reports\materials_xml\lp building g houseb age3_death_0.mtrl.xml","Building G WallsAge3","0",""
"building g age0.tga","Building","D:\AI_upscaling\AoMEE\reports\materials_xml\lp building g housec age0_0.mtrl.xml","Building G Age0","0",""
"building g age0.tga","Building","D:\AI_upscaling\AoMEE\reports\materials_xml\lp building g housec age0_1.mtrl.xml","Building G Age0","4",""
"building g age0.tga","Building","D:\AI_upscaling\AoMEE\reports\materials_xml\lp building g housec age0_death_0.mtrl.xml","Building G Age0","0",""
"building g wallsage1.tga","Building","D:\AI_upscaling\AoMEE\reports\materials_xml\lp building g housec age1_0.mtrl.xml","Building G WallsAge1","0",""
"building g roofage1.tga","Building","D:\AI_upscaling\AoMEE\reports\materials_xml\lp building g housec age1_1.mtrl.xml","Building G RoofAge1","0",""
"building g wallsage1.tga","Building","D:\AI_upscaling\AoMEE\reports\materials_xml\lp building g housec age1_2.mtrl.xml","Building G WallsAge1","4",""
"building g wallsage1.tga","Building","D:\AI_upscaling\AoMEE\reports\materials_xml\lp building g housec age1_death_0.mtrl.xml","Building G WallsAge1","0",""
"building g roofage1.tga","Building","D:\AI_upscaling\AoMEE\reports\materials_xml\lp building g housec age1_death_1.mtrl.xml","Building G RoofAge1","0",""
"building g wallsage1.tga","Building","D:\AI_upscaling\AoMEE\reports\materials_xml\lp building g housec age1_death_2.mtrl.xml","Building G WallsAge1","4",""
"building g wallsage2.tga","Building","D:\AI_upscaling\AoMEE\reports\materials_xml\lp building g housec age2_0.mtrl.xml","Building G WallsAge2","0",""
"building g wallsage2.tga","Building","D:\AI_upscaling\AoMEE\reports\materials_xml\lp building g housec age2_2.mtrl.xml","Building G WallsAge2","4",""
"building g wallsage2.tga","Building","D:\AI_upscaling\AoMEE\reports\materials_xml\lp building g housec age2_death_0.mtrl.xml","Building G WallsAge2","0",""
"building g wallsage2.tga","Building","D:\AI_upscaling\AoMEE\reports\materials_xml\lp building g housec age2_death_2.mtrl.xml","Building G WallsAge2","4",""
"building g wallsage3.tga","Building","D:\AI_upscaling\AoMEE\reports\materials_xml\lp building g housec age3_0.mtrl.xml","Building G WallsAge3","0",""
"building g wallsage3.tga","Building","D:\AI_upscaling\AoMEE\reports\materials_xml\lp building g housec age3_2.mtrl.xml","Building G WallsAge3","4",""
"building g wallsage3.tga","Building","D:\AI_upscaling\AoMEE\reports\materials_xml\lp building g housec age3_death_0.mtrl.xml","Building G WallsAge3","0",""
"building g wallsage3.tga","Building","D:\AI_upscaling\AoMEE\reports\materials_xml\lp building g housec age3_death_2.mtrl.xml","Building G WallsAge3","4",""
"building g wallsage2.tga","Building","D:\AI_upscaling\AoMEE\reports\materials_xml\lp building g marketage2_1.mtrl.xml","Building G WallsAge2","0",""
"building g wallsage2.tga","Building","D:\AI_upscaling\AoMEE\reports\materials_xml\lp building g marketage2_2.mtrl.xml","Building G WallsAge2","4",""
"building g wallsage2.tga","Building","D:\AI_upscaling\AoMEE\reports\materials_xml\lp building g marketage2_death_1.mtrl.xml","Building G WallsAge2","0",""
"building g wallsage2.tga","Building","D:\AI_upscaling\AoMEE\reports\materials_xml\lp building g marketage2_death_2.mtrl.xml","Building G WallsAge2","4",""
"building g wallsage3.tga","Building","D:\AI_upscaling\AoMEE\reports\materials_xml\lp building g marketage3_0.mtrl.xml","Building G WallsAge3","0",""
"building g wallsage3.tga","Building","D:\AI_upscaling\AoMEE\reports\materials_xml\lp building g marketage3_2.mtrl.xml","Building G WallsAge3","4",""
"building g wallsage3.tga","Building","D:\AI_upscaling\AoMEE\reports\materials_xml\lp building g marketage3_death_0.mtrl.xml","Building G WallsAge3","0",""
"building g age0.tga","Building","D:\AI_upscaling\AoMEE\reports\materials_xml\lp building g mining campage0_0.mtrl.xml","Building G Age0","0",""
"building g age0.tga","Building","D:\AI_upscaling\AoMEE\reports\materials_xml\lp building g mining campage0_1.mtrl.xml","Building G Age0","4",""
"building g age0.tga","Building","D:\AI_upscaling\AoMEE\reports\materials_xml\lp building g mining campage0_death_0.mtrl.xml","Building G Age0","0",""
"building g age0.tga","Building","D:\AI_upscaling\AoMEE\reports\materials_xml\lp building g mining campage0_death_1.mtrl.xml","Building G Age0","4",""
"building g settlementage1.tga","Building","D:\AI_upscaling\AoMEE\reports\materials_xml\lp building g mining campage1_0.mtrl.xml","Building G SettlementAge1","0",""
"building g settlementage1.tga","Building","D:\AI_upscaling\AoMEE\reports\materials_xml\lp building g mining campage1_1.mtrl.xml","Building G SettlementAge1","4",""
"building g settlementage1.tga","Building","D:\AI_upscaling\AoMEE\reports\materials_xml\lp building g mining campage1_death_0.mtrl.xml","Building G SettlementAge1","0",""
"building g settlementage1.tga","Building","D:\AI_upscaling\AoMEE\reports\materials_xml\lp building g mining campage1_death_1.mtrl.xml","Building G SettlementAge1","4",""
"building g settlementage2.tga","Building","D:\AI_upscaling\AoMEE\reports\materials_xml\lp building g mining campage2_death_0.mtrl.xml","Building G SettlementAge2","0",""
"building g settlementage2.tga","Building","D:\AI_upscaling\AoMEE\reports\materials_xml\lp building g mining campage2_death_1.mtrl.xml","Building G SettlementAge2","4",""
"building g settlementage3.tga","Building","D:\AI_upscaling\AoMEE\reports\materials_xml\lp building g mining campage3_0.mtrl.xml","Building G SettlementAge3","0",""
"building g settlementage3.tga","Building","D:\AI_upscaling\AoMEE\reports\materials_xml\lp building g mining campage3_1.mtrl.xml","Building G SettlementAge3","4",""
"building g settlementage2.tga","Building","D:\AI_upscaling\AoMEE\reports\materials_xml\lp building g mining campage3_2.mtrl.xml","Building G SettlementAge2","0",""
"building g settlementage3.tga","Building","D:\AI_upscaling\AoMEE\reports\materials_xml\lp building g mining campage3_death_0.mtrl.xml","Building G SettlementAge3","0",""
"building g settlementage3.tga","Building","D:\AI_upscaling\AoMEE\reports\materials_xml\lp building g mining campage3_death_1.mtrl.xml","Building G SettlementAge3","4",""
"building g settlementage2.tga","Building","D:\AI_upscaling\AoMEE\reports\materials_xml\lp building g mining campage3_death_2.mtrl.xml","Building G SettlementAge2","0",""
"building g settlementage1.tga","Building","D:\AI_upscaling\AoMEE\reports\materials_xml\lp building g settlement01_0.mtrl.xml","Building G SettlementAge1","0",""
"building g settlementage1.tga","Building","D:\AI_upscaling\AoMEE\reports\materials_xml\lp building g settlement01_1.mtrl.xml","Building G SettlementAge1","4",""
"building g settlementage1.tga","Building","D:\AI_upscaling\AoMEE\reports\materials_xml\lp building g settlement01_death_0.mtrl.xml","Building G SettlementAge1","0",""
"building g settlementage1.tga","Building","D:\AI_upscaling\AoMEE\reports\materials_xml\lp building g settlement01_death_1.mtrl.xml","Building G SettlementAge1","4",""
"building g settlementage2.tga","Building","D:\AI_upscaling\AoMEE\reports\materials_xml\lp building g settlement02fortified_1.mtrl.xml","Building G SettlementAge2","4",""
"building g settlementage2.tga","Building","D:\AI_upscaling\AoMEE\reports\materials_xml\lp building g settlement02fortified_death_0.mtrl.xml","Building G SettlementAge2","0",""
"building g settlementage2.tga","Building","D:\AI_upscaling\AoMEE\reports\materials_xml\lp building g settlement02fortified_death_1.mtrl.xml","Building G SettlementAge2","4",""
"building g settlementage2.tga","Building","D:\AI_upscaling\AoMEE\reports\materials_xml\lp building g settlement02_0.mtrl.xml","Building G SettlementAge2","0",""
"building g settlementage2.tga","Building","D:\AI_upscaling\AoMEE\reports\materials_xml\lp building g settlement02_2.mtrl.xml","Building G SettlementAge2","4",""
"building g settlementage2.tga","Building","D:\AI_upscaling\AoMEE\reports\materials_xml\lp building g settlement02_death_0.mtrl.xml","Building G SettlementAge2","0",""
"building g settlementage2.tga","Building","D:\AI_upscaling\AoMEE\reports\materials_xml\lp building g settlement02_death_2.mtrl.xml","Building G SettlementAge2","4",""
"building g settlementage3.tga","Building","D:\AI_upscaling\AoMEE\reports\materials_xml\lp building g settlement03_0.mtrl.xml","Building G SettlementAge3","0",""
"building g settlementage3.tga","Building","D:\AI_upscaling\AoMEE\reports\materials_xml\lp building g settlement03_2.mtrl.xml","Building G SettlementAge3","4",""
"building g settlementage3.tga","Building","D:\AI_upscaling\AoMEE\reports\materials_xml\lp building g settlement03_death_0.mtrl.xml","Building G SettlementAge3","0",""
"building g settlementage3.tga","Building","D:\AI_upscaling\AoMEE\reports\materials_xml\lp building g settlement03_death_2.mtrl.xml","Building G SettlementAge3","4",""
"building g age0.tga","Building","D:\AI_upscaling\AoMEE\reports\materials_xml\lp building g settlement0_0.mtrl.xml","Building G Age0","0",""
"building g age0.tga","Building","D:\AI_upscaling\AoMEE\reports\materials_xml\lp building g settlement0_1.mtrl.xml","Building G Age0","4",""
"building g age0.tga","Building","D:\AI_upscaling\AoMEE\reports\materials_xml\lp building g settlement0_death_0.mtrl.xml","Building G Age0","0",""
"building g age0.tga","Building","D:\AI_upscaling\AoMEE\reports\materials_xml\lp building g settlement0_death_1.mtrl.xml","Building G Age0","4",""
"building g settlementage3.tga","Building","D:\AI_upscaling\AoMEE\reports\materials_xml\lp building g settlementfortified_0.mtrl.xml","Building G SettlementAge3","0",""
"building g settlementage3.tga","Building","D:\AI_upscaling\AoMEE\reports\materials_xml\lp building g settlementfortified_1.mtrl.xml","Building G SettlementAge3","4",""
"building g fortress.tga","Building","D:\AI_upscaling\AoMEE\reports\materials_xml\lp building g settlementfortified_2.mtrl.xml","Building G Fortress","0",""
"building g settlementage3.tga","Building","D:\AI_upscaling\AoMEE\reports\materials_xml\lp building g settlementfortified_death_0.mtrl.xml","Building G SettlementAge3","0",""
"building g settlementage3.tga","Building","D:\AI_upscaling\AoMEE\reports\materials_xml\lp building g settlementfortified_death_1.mtrl.xml","Building G SettlementAge3","4",""
"building g fortress.tga","Building","D:\AI_upscaling\AoMEE\reports\materials_xml\lp building g settlementfortified_death_2.mtrl.xml","Building G Fortress","0",""
"building g wallsage3.tga","Building","D:\AI_upscaling\AoMEE\reports\materials_xml\lp building g stable age3_1.mtrl.xml","Building G WallsAge3","0",""
"building g wallsage3.tga","Building","D:\AI_upscaling\AoMEE\reports\materials_xml\lp building g stable age3_death_1.mtrl.xml","Building G WallsAge3","0",""
"building g wallsage3.tga","Building","D:\AI_upscaling\AoMEE\reports\materials_xml\lp building g stable age3_death_2.mtrl.xml","Building G WallsAge3","4",""
"building g wallsage1.tga","Building","D:\AI_upscaling\AoMEE\reports\materials_xml\lp building g stableage1_0.mtrl.xml","Building G WallsAge1","4",""
"building g roofage1.tga","Building","D:\AI_upscaling\AoMEE\reports\materials_xml\lp building g stableage1_1.mtrl.xml","Building G RoofAge1","0",""
"building g wallsage1.tga","Building","D:\AI_upscaling\AoMEE\reports\materials_xml\lp building g stableage1_death_0.mtrl.xml","Building G WallsAge1","4",""
"building g roofage1.tga","Building","D:\AI_upscaling\AoMEE\reports\materials_xml\lp building g stableage1_death_1.mtrl.xml","Building G RoofAge1","0",""
"building g wallsage2.tga","Building","D:\AI_upscaling\AoMEE\reports\materials_xml\lp building g stableage2_1.mtrl.xml","Building G WallsAge2","0",""
"building g wallsage2.tga","Building","D:\AI_upscaling\AoMEE\reports\materials_xml\lp building g stableage2_2.mtrl.xml","Building G WallsAge2","4",""
"building g wallsage2.tga","Building","D:\AI_upscaling\AoMEE\reports\materials_xml\lp building g stableage2_death_1.mtrl.xml","Building G WallsAge2","0",""
"building g wallsage2.tga","Building","D:\AI_upscaling\AoMEE\reports\materials_xml\lp building g stableage2_death_2.mtrl.xml","Building G WallsAge2","4",""
"building g age0.tga","Building","D:\AI_upscaling\AoMEE\reports\materials_xml\lp building g storehouseage0_0.mtrl.xml","Building G Age0","0",""
"building g age0.tga","Building","D:\AI_upscaling\AoMEE\reports\materials_xml\lp building g storehouseage0_1.mtrl.xml","Building G Age0","4",""
"building g age0.tga","Building","D:\AI_upscaling\AoMEE\reports\materials_xml\lp building g storehouseage0_death_0.mtrl.xml","Building G Age0","0",""
"building g age0.tga","Building","D:\AI_upscaling\AoMEE\reports\materials_xml\lp building g storehouseage0_death_1.mtrl.xml","Building G Age0","4",""
"building g roofage1.tga","Building","D:\AI_upscaling\AoMEE\reports\materials_xml\lp building g storehouseage1_0.mtrl.xml","Building G RoofAge1","0",""
"building g wallsage1.tga","Building","D:\AI_upscaling\AoMEE\reports\materials_xml\lp building g storehouseage1_1.mtrl.xml","Building G WallsAge1","0",""
"building g roofage1.tga","Building","D:\AI_upscaling\AoMEE\reports\materials_xml\lp building g storehouseage1_2.mtrl.xml","Building G RoofAge1","4",""
"building g roofage1.tga","Building","D:\AI_upscaling\AoMEE\reports\materials_xml\lp building g storehouseage1_death_0.mtrl.xml","Building G RoofAge1","0",""
"building g wallsage1.tga","Building","D:\AI_upscaling\AoMEE\reports\materials_xml\lp building g storehouseage1_death_1.mtrl.xml","Building G WallsAge1","0",""
"building g roofage1.tga","Building","D:\AI_upscaling\AoMEE\reports\materials_xml\lp building g storehouseage1_death_2.mtrl.xml","Building G RoofAge1","4",""
"building g wallsage2.tga","Building","D:\AI_upscaling\AoMEE\reports\materials_xml\lp building g storehouseage2_1.mtrl.xml","Building G WallsAge2","0",""
"building g wallsage2.tga","Building","D:\AI_upscaling\AoMEE\reports\materials_xml\lp building g storehouseage2_2.mtrl.xml","Building G WallsAge2","4",""
"building g wallsage2.tga","Building","D:\AI_upscaling\AoMEE\reports\materials_xml\lp building g storehouseage2_death_1.mtrl.xml","Building G WallsAge2","0",""
"building g wallsage2.tga","Building","D:\AI_upscaling\AoMEE\reports\materials_xml\lp building g storehouseage2_death_2.mtrl.xml","Building G WallsAge2","4",""
"building g wallsage2.tga","Building","D:\AI_upscaling\AoMEE\reports\materials_xml\lp building g storehouseage3_1.mtrl.xml","Building G WallsAge2","0",""
"building g wallsage2.tga","Building","D:\AI_upscaling\AoMEE\reports\materials_xml\lp building g storehouseage3_2.mtrl.xml","Building G WallsAge2","4",""
"building g wallsage2.tga","Building","D:\AI_upscaling\AoMEE\reports\materials_xml\lp building g storehouseage3_death_1.mtrl.xml","Building G WallsAge2","0",""
"building g wallsage2.tga","Building","D:\AI_upscaling\AoMEE\reports\materials_xml\lp building g storehouseage3_death_2.mtrl.xml","Building G WallsAge2","4",""
"building g templeage1.tga","Building","D:\AI_upscaling\AoMEE\reports\materials_xml\lp building g templeage0_0.mtrl.xml","Building G TempleAge1","0",""
"building g age0.tga","Building","D:\AI_upscaling\AoMEE\reports\materials_xml\lp building g templeage0_1.mtrl.xml","Building G Age0","4",""
"building g age0.tga","Building","D:\AI_upscaling\AoMEE\reports\materials_xml\lp building g templeage0_death_1.mtrl.xml","Building G Age0","4",""
"building g templeage1.tga","Building","D:\AI_upscaling\AoMEE\reports\materials_xml\lp building g templeage1_0.mtrl.xml","Building G TempleAge1","0",""
"building g templeage1.tga","Building","D:\AI_upscaling\AoMEE\reports\materials_xml\lp building g templeage1_1.mtrl.xml","Building G TempleAge1","4",""
"building g templeage1.tga","Building","D:\AI_upscaling\AoMEE\reports\materials_xml\lp building g templeage1_death_0.mtrl.xml","Building G TempleAge1","0",""
"building g templeage1.tga","Building","D:\AI_upscaling\AoMEE\reports\materials_xml\lp building g templeage1_death_1.mtrl.xml","Building G TempleAge1","4",""
"building g templeage2.tga","Building","D:\AI_upscaling\AoMEE\reports\materials_xml\lp building g templeage2_0.mtrl.xml","Building G TempleAge2","0",""
"building g templeage2.tga","Building","D:\AI_upscaling\AoMEE\reports\materials_xml\lp building g templeage2_1.mtrl.xml","Building G TempleAge2","4",""
"building g templeage2.tga","Building","D:\AI_upscaling\AoMEE\reports\materials_xml\lp building g templeage2_death_0.mtrl.xml","Building G TempleAge2","0",""
"building g templeage2.tga","Building","D:\AI_upscaling\AoMEE\reports\materials_xml\lp building g templeage2_death_1.mtrl.xml","Building G TempleAge2","4",""
"building g temple.tga","Building","D:\AI_upscaling\AoMEE\reports\materials_xml\lp building g templeage3_0.mtrl.xml","Building G Temple","0",""
"building g temple.tga","Building","D:\AI_upscaling\AoMEE\reports\materials_xml\lp building g templeage3_2.mtrl.xml","Building G Temple","4",""
"building g temple.tga","Building","D:\AI_upscaling\AoMEE\reports\materials_xml\lp building g templeage3_death_0.mtrl.xml","Building G Temple","0",""
"building g temple.tga","Building","D:\AI_upscaling\AoMEE\reports\materials_xml\lp building g templeage3_death_2.mtrl.xml","Building G Temple","4",""
"building g roofage1.tga","Building","D:\AI_upscaling\AoMEE\reports\materials_xml\lp building g tradedockage0_0.mtrl.xml","Building G RoofAge1","0",""
"building g age0.tga","Building","D:\AI_upscaling\AoMEE\reports\materials_xml\lp building g tradedockage0_1.mtrl.xml","Building G Age0","4",""
"building g age0.tga","Building","D:\AI_upscaling\AoMEE\reports\materials_xml\lp building g tradedockage0_2.mtrl.xml","Building G Age0","0",""
"building g roofage1.tga","Building","D:\AI_upscaling\AoMEE\reports\materials_xml\lp building g tradedockage0_death_0.mtrl.xml","Building G RoofAge1","0",""
"building g age0.tga","Building","D:\AI_upscaling\AoMEE\reports\materials_xml\lp building g tradedockage0_death_1.mtrl.xml","Building G Age0","4",""
"building g age0.tga","Building","D:\AI_upscaling\AoMEE\reports\materials_xml\lp building g tradedockage0_death_2.mtrl.xml","Building G Age0","0",""
"building g roofage1.tga","Building","D:\AI_upscaling\AoMEE\reports\materials_xml\lp building g tradedockage1_0.mtrl.xml","Building G RoofAge1","0",""
"building g wallsage1.tga","Building","D:\AI_upscaling\AoMEE\reports\materials_xml\lp building g tradedockage1_1.mtrl.xml","Building G WallsAge1","4",""
"building g wallsage1.tga","Building","D:\AI_upscaling\AoMEE\reports\materials_xml\lp building g tradedockage1_2.mtrl.xml","Building G WallsAge1","0",""
"building g roofage1.tga","Building","D:\AI_upscaling\AoMEE\reports\materials_xml\lp building g tradedockage1_death_0.mtrl.xml","Building G RoofAge1","0",""
"building g wallsage1.tga","Building","D:\AI_upscaling\AoMEE\reports\materials_xml\lp building g tradedockage1_death_1.mtrl.xml","Building G WallsAge1","4",""
"building g wallsage1.tga","Building","D:\AI_upscaling\AoMEE\reports\materials_xml\lp building g tradedockage1_death_2.mtrl.xml","Building G WallsAge1","0",""
"building g roofage1.tga","Building","D:\AI_upscaling\AoMEE\reports\materials_xml\lp building g tradedockage2_1.mtrl.xml","Building G RoofAge1","0",""
"building g wallsage2.tga","Building","D:\AI_upscaling\AoMEE\reports\materials_xml\lp building g tradedockage2_2.mtrl.xml","Building G WallsAge2","4",""
"building g wallsage2.tga","Building","D:\AI_upscaling\AoMEE\reports\materials_xml\lp building g tradedockage2_3.mtrl.xml","Building G WallsAge2","0",""
"building g roofage1.tga","Building","D:\AI_upscaling\AoMEE\reports\materials_xml\lp building g tradedockage2_death_1.mtrl.xml","Building G RoofAge1","0",""
"building g wallsage2.tga","Building","D:\AI_upscaling\AoMEE\reports\materials_xml\lp building g tradedockage2_death_2.mtrl.xml","Building G WallsAge2","4",""
"building g wallsage2.tga","Building","D:\AI_upscaling\AoMEE\reports\materials_xml\lp building g tradedockage2_death_3.mtrl.xml","Building G WallsAge2","0",""
"building g wallsage2.tga","Building","D:\AI_upscaling\AoMEE\reports\materials_xml\lp building g tradedockage3_1.mtrl.xml","Building G WallsAge2","4",""
"building g wallsage2.tga","Building","D:\AI_upscaling\AoMEE\reports\materials_xml\lp building g tradedockage3_2.mtrl.xml","Building G WallsAge2","0",""
"building g roofage1.tga","Building","D:\AI_upscaling\AoMEE\reports\materials_xml\lp building g tradedockage3_3.mtrl.xml","Building G RoofAge1","0",""
"building g wallsage2.tga","Building","D:\AI_upscaling\AoMEE\reports\materials_xml\lp building g tradedockage3_death_1.mtrl.xml","Building G WallsAge2","4",""
"building g roofage1.tga","Building","D:\AI_upscaling\AoMEE\reports\materials_xml\lp building g tradedockage3_death_3.mtrl.xml","Building G RoofAge1","0",""
"building g shared05 2 map.tga","Building","D:\AI_upscaling\AoMEE\reports\materials_xml\lp building g wallstone stage1_0.mtrl.xml","Building G Shared05 2 map","0",""
"building g shared05 2 map.tga","Building","D:\AI_upscaling\AoMEE\reports\materials_xml\lp building g wallstone stage1_1.mtrl.xml","Building G Shared05 2 map","4",""
"building g shared05 2 map.tga","Building","D:\AI_upscaling\AoMEE\reports\materials_xml\lp building g wallstone stage2_0.mtrl.xml","Building G Shared05 2 map","0",""
"building g shared05 2 map.tga","Building","D:\AI_upscaling\AoMEE\reports\materials_xml\lp building g wallstone stage2_1.mtrl.xml","Building G Shared05 2 map","4",""
"building g shared05 2 map.tga","Building","D:\AI_upscaling\AoMEE\reports\materials_xml\lp building g wallstone stage3_0.mtrl.xml","Building G Shared05 2 map","0",""
"building g shared05 2 map.tga","Building","D:\AI_upscaling\AoMEE\reports\materials_xml\lp building g wallstone stage3_1.mtrl.xml","Building G Shared05 2 map","4",""
"building g shared05 2 map.tga","Building","D:\AI_upscaling\AoMEE\reports\materials_xml\lp building g wallstone stage3_death_0.mtrl.xml","Building G Shared05 2 map","0",""
"building g shared05 2 map.tga","Building","D:\AI_upscaling\AoMEE\reports\materials_xml\lp building g wallstone stage3_death_1.mtrl.xml","Building G Shared05 2 map","4",""
"building g shared05 2 map.tga","Building","D:\AI_upscaling\AoMEE\reports\materials_xml\lp building g wallstonemedium stage1_0.mtrl.xml","Building G Shared05 2 map","0",""
"building g shared05 2 map.tga","Building","D:\AI_upscaling\AoMEE\reports\materials_xml\lp building g wallstonemedium stage1_1.mtrl.xml","Building G Shared05 2 map","4",""
"building g shared05 2 map.tga","Building","D:\AI_upscaling\AoMEE\reports\materials_xml\lp building g wallstonemedium stage2_0.mtrl.xml","Building G Shared05 2 map","0",""
"building g shared05 2 map.tga","Building","D:\AI_upscaling\AoMEE\reports\materials_xml\lp building g wallstonemedium stage2_1.mtrl.xml","Building G Shared05 2 map","4",""
"building g shared05 2 map.tga","Building","D:\AI_upscaling\AoMEE\reports\materials_xml\lp building g wallstonemedium stage3_0.mtrl.xml","Building G Shared05 2 map","0",""
"building g shared05 2 map.tga","Building","D:\AI_upscaling\AoMEE\reports\materials_xml\lp building g wallstonemedium stage3_1.mtrl.xml","Building G Shared05 2 map","4",""
"building g shared05 2 map.tga","Building","D:\AI_upscaling\AoMEE\reports\materials_xml\lp building g wallstonemedium stage3_death_0.mtrl.xml","Building G Shared05 2 map","0",""
"building g shared05 2 map.tga","Building","D:\AI_upscaling\AoMEE\reports\materials_xml\lp building g wallstonemedium stage3_death_1.mtrl.xml","Building G Shared05 2 map","4",""
"building g shared05 2 map.tga","Building","D:\AI_upscaling\AoMEE\reports\materials_xml\lp building g wallstoneshort stage1_0.mtrl.xml","Building G Shared05 2 map","0",""
"building g shared05 2 map.tga","Building","D:\AI_upscaling\AoMEE\reports\materials_xml\lp building g wallstoneshort stage1_1.mtrl.xml","Building G Shared05 2 map","4",""
"building g shared05 2 map.tga","Building","D:\AI_upscaling\AoMEE\reports\materials_xml\lp building g wallstoneshort stage2_0.mtrl.xml","Building G Shared05 2 map","0",""
"building g shared05 2 map.tga","Building","D:\AI_upscaling\AoMEE\reports\materials_xml\lp building g wallstoneshort stage2_1.mtrl.xml","Building G Shared05 2 map","4",""
"building g shared05 2 map.tga","Building","D:\AI_upscaling\AoMEE\reports\materials_xml\lp building g wallstoneshort stage3_0.mtrl.xml","Building G Shared05 2 map","0",""
"building g shared05 2 map.tga","Building","D:\AI_upscaling\AoMEE\reports\materials_xml\lp building g wallstoneshort stage3_1.mtrl.xml","Building G Shared05 2 map","4",""
"building g shared05 2 map.tga","Building","D:\AI_upscaling\AoMEE\reports\materials_xml\lp building g wallstoneshort stage3_death_0.mtrl.xml","Building G Shared05 2 map","0",""
"building g shared05 2 map.tga","Building","D:\AI_upscaling\AoMEE\reports\materials_xml\lp building g wallstoneshort stage3_death_1.mtrl.xml","Building G Shared05 2 map","4",""
"building g towers.tga","Building","D:\AI_upscaling\AoMEE\reports\materials_xml\lp building g watchtower age3_0.mtrl.xml","Building G Towers","0",""
"building g towers.tga","Building","D:\AI_upscaling\AoMEE\reports\materials_xml\lp building g watchtower age3_1.mtrl.xml","Building G Towers","4",""
"building g towers.tga","Building","D:\AI_upscaling\AoMEE\reports\materials_xml\lp building g watchtower age3_death_0.mtrl.xml","Building G Towers","0",""
"building g towers.tga","Building","D:\AI_upscaling\AoMEE\reports\materials_xml\lp building g watchtower age3_death_1.mtrl.xml","Building G Towers","4",""
"building g towers.tga","Building","D:\AI_upscaling\AoMEE\reports\materials_xml\lp building g watchtower age4_0.mtrl.xml","Building G Towers","0",""
"building g towers.tga","Building","D:\AI_upscaling\AoMEE\reports\materials_xml\lp building g watchtower age4_1.mtrl.xml","Building G Towers","4",""
"building g towers.tga","Building","D:\AI_upscaling\AoMEE\reports\materials_xml\lp building g watchtower age4_death_0.mtrl.xml","Building G Towers","0",""
"building g towers.tga","Building","D:\AI_upscaling\AoMEE\reports\materials_xml\lp building g watchtower age4_death_1.mtrl.xml","Building G Towers","4",""
"building g towers.tga","Building","D:\AI_upscaling\AoMEE\reports\materials_xml\lp building g watchtower_0.mtrl.xml","Building G Towers","0",""
"building g towers.tga","Building","D:\AI_upscaling\AoMEE\reports\materials_xml\lp building g watchtower_1.mtrl.xml","Building G Towers","4",""
"building g towers.tga","Building","D:\AI_upscaling\AoMEE\reports\materials_xml\lp building g watchtower_death_0.mtrl.xml","Building G Towers","0",""
"building g towers.tga","Building","D:\AI_upscaling\AoMEE\reports\materials_xml\lp building g watchtower_death_1.mtrl.xml","Building G Towers","4",""
"building g wonder.tga","Building","D:\AI_upscaling\AoMEE\reports\materials_xml\lp building g wonder_0.mtrl.xml","Building G Wonder","0",""
"building g fortressroof.tga","Building","D:\AI_upscaling\AoMEE\reports\materials_xml\lp building g wonder_1.mtrl.xml","Building G FortressRoof","0",""
"building g wonder.tga","Building","D:\AI_upscaling\AoMEE\reports\materials_xml\lp building g wonder_2.mtrl.xml","Building G Wonder","4",""
"building g wonder.tga","Building","D:\AI_upscaling\AoMEE\reports\materials_xml\lp building g wonder_death_0.mtrl.xml","Building G Wonder","0",""
"building g fortressroof.tga","Building","D:\AI_upscaling\AoMEE\reports\materials_xml\lp building g wonder_death_1.mtrl.xml","Building G FortressRoof","0",""
"building g wonder.tga","Building","D:\AI_upscaling\AoMEE\reports\materials_xml\lp building g wonder_death_2.mtrl.xml","Building G Wonder","4",""
"building g zues wonder01.tga","Building","D:\AI_upscaling\AoMEE\reports\materials_xml\lp building g zeus wonder_0.mtrl.xml","Building G Zues Wonder01","0",""
"building g zues wonder01.tga","Building","D:\AI_upscaling\AoMEE\reports\materials_xml\lp building g zeus wonder_1.mtrl.xml","Building G Zues Wonder01","4",""
"building g zues wonder01.tga","Building","D:\AI_upscaling\AoMEE\reports\materials_xml\lp building g zeus wonder_death_0.mtrl.xml","Building G Zues Wonder01","0",""
"building g zues wonder01.tga","Building","D:\AI_upscaling\AoMEE\reports\materials_xml\lp building g zeus wonder_death_1.mtrl.xml","Building G Zues Wonder01","4",""
"building n shared01 3 map.tga","Building","D:\AI_upscaling\AoMEE\reports\materials_xml\lp building n armoryage3_0.mtrl.xml","Building N Shared01 3 map","0",""
"building n shared01 3 map.tga","Building","D:\AI_upscaling\AoMEE\reports\materials_xml\lp building n armoryage3_2.mtrl.xml","Building N Shared01 3 map","4",""
"building n shared01 3 map.tga","Building","D:\AI_upscaling\AoMEE\reports\materials_xml\lp building n armoryage3_death_0.mtrl.xml","Building N Shared01 3 map","0",""
"building n shared01 3 map.tga","Building","D:\AI_upscaling\AoMEE\reports\materials_xml\lp building n armoryage3_death_2.mtrl.xml","Building N Shared01 3 map","4",""
"building n shared01 3 map.tga","Building","D:\AI_upscaling\AoMEE\reports\materials_xml\lp building n barracksage3_0.mtrl.xml","Building N Shared01 3 map","0",""
"building n shared01 3 map.tga","Building","D:\AI_upscaling\AoMEE\reports\materials_xml\lp building n barracksage3_1.mtrl.xml","Building N Shared01 3 map","4",""
"building n shared01 3 map.tga","Building","D:\AI_upscaling\AoMEE\reports\materials_xml\lp building n barracksage3_death_0.mtrl.xml","Building N Shared01 3 map","0",""
"building n shared01 3 map.tga","Building","D:\AI_upscaling\AoMEE\reports\materials_xml\lp building n barracksage3_death_1.mtrl.xml","Building N Shared01 3 map","4",""
"building n shared01 3 map.tga","Building","D:\AI_upscaling\AoMEE\reports\materials_xml\lp building n hillfort_1.mtrl.xml","Building N Shared01 3 map","0",""
"building n shared01 3 map.tga","Building","D:\AI_upscaling\AoMEE\reports\materials_xml\lp building n hillfort_death_1.mtrl.xml","Building N Shared01 3 map","0",""
"building n shared01 1 map.tga","Building","D:\AI_upscaling\AoMEE\reports\materials_xml\lp building n housea age1_0.mtrl.xml","Building N Shared01 1 map","0",""
"building n shared01 1 map.tga","Building","D:\AI_upscaling\AoMEE\reports\materials_xml\lp building n housea age1_1.mtrl.xml","Building N Shared01 1 map","4",""
"building n shared01 1 map.tga","Building","D:\AI_upscaling\AoMEE\reports\materials_xml\lp building n housea age1_death_0.mtrl.xml","Building N Shared01 1 map","0",""
"building n shared01 1 map.tga","Building","D:\AI_upscaling\AoMEE\reports\materials_xml\lp building n housea age1_death_1.mtrl.xml","Building N Shared01 1 map","4",""
"building n shared01 3 map.tga","Building","D:\AI_upscaling\AoMEE\reports\materials_xml\lp building n housea age3_0.mtrl.xml","Building N Shared01 3 map","0",""
"building n shared01 3 map.tga","Building","D:\AI_upscaling\AoMEE\reports\materials_xml\lp building n housea age3_1.mtrl.xml","Building N Shared01 3 map","4",""
"building n shared01 3 map.tga","Building","D:\AI_upscaling\AoMEE\reports\materials_xml\lp building n housea age3_death_0.mtrl.xml","Building N Shared01 3 map","0",""
"building n shared01 3 map.tga","Building","D:\AI_upscaling\AoMEE\reports\materials_xml\lp building n housea age3_death_1.mtrl.xml","Building N Shared01 3 map","4",""
"building n shared01 1 map.tga","Building","D:\AI_upscaling\AoMEE\reports\materials_xml\lp building n houseb age1_0.mtrl.xml","Building N Shared01 1 map","0",""
"building n shared01 1 map.tga","Building","D:\AI_upscaling\AoMEE\reports\materials_xml\lp building n houseb age1_1.mtrl.xml","Building N Shared01 1 map","4",""
"building n shared01 1 map.tga","Building","D:\AI_upscaling\AoMEE\reports\materials_xml\lp building n houseb age1_death_0.mtrl.xml","Building N Shared01 1 map","0",""
"building n shared01 1 map.tga","Building","D:\AI_upscaling\AoMEE\reports\materials_xml\lp building n houseb age1_death_1.mtrl.xml","Building N Shared01 1 map","4",""
"building n shared01 3 map.tga","Building","D:\AI_upscaling\AoMEE\reports\materials_xml\lp building n houseb age3_0.mtrl.xml","Building N Shared01 3 map","0",""
"building n shared01 3 map.tga","Building","D:\AI_upscaling\AoMEE\reports\materials_xml\lp building n houseb age3_1.mtrl.xml","Building N Shared01 3 map","4",""
"building n shared01 3 map.tga","Building","D:\AI_upscaling\AoMEE\reports\materials_xml\lp building n houseb age3_death_0.mtrl.xml","Building N Shared01 3 map","0",""
"building n shared01 3 map.tga","Building","D:\AI_upscaling\AoMEE\reports\materials_xml\lp building n houseb age3_death_1.mtrl.xml","Building N Shared01 3 map","4",""
"building n shared01 1 map.tga","Building","D:\AI_upscaling\AoMEE\reports\materials_xml\lp building n housec age1_0.mtrl.xml","Building N Shared01 1 map","0",""
"building n shared01 1 map.tga","Building","D:\AI_upscaling\AoMEE\reports\materials_xml\lp building n housec age1_1.mtrl.xml","Building N Shared01 1 map","4",""
"building n shared01 1 map.tga","Building","D:\AI_upscaling\AoMEE\reports\materials_xml\lp building n housec age1_death_0.mtrl.xml","Building N Shared01 1 map","0",""
"building n shared01 1 map.tga","Building","D:\AI_upscaling\AoMEE\reports\materials_xml\lp building n housec age1_death_1.mtrl.xml","Building N Shared01 1 map","4",""
"building n shared01 3 map.tga","Building","D:\AI_upscaling\AoMEE\reports\materials_xml\lp building n housec age3_0.mtrl.xml","Building N Shared01 3 map","0",""
"building n shared01 3 map.tga","Building","D:\AI_upscaling\AoMEE\reports\materials_xml\lp building n housec age3_1.mtrl.xml","Building N Shared01 3 map","4",""
"building n shared01 3 map.tga","Building","D:\AI_upscaling\AoMEE\reports\materials_xml\lp building n housec age3_death_0.mtrl.xml","Building N Shared01 3 map","0",""
"building n shared01 3 map.tga","Building","D:\AI_upscaling\AoMEE\reports\materials_xml\lp building n housec age3_death_1.mtrl.xml","Building N Shared01 3 map","4",""
"building n shared01 3 map.tga","Building","D:\AI_upscaling\AoMEE\reports\materials_xml\lp building n marketage3_0.mtrl.xml","Building N Shared01 3 map","0",""
"building n shared01 3 map.tga","Building","D:\AI_upscaling\AoMEE\reports\materials_xml\lp building n marketage3_death_2.mtrl.xml","Building N Shared01 3 map","0",""
"building n settlementage1.tga","Building","D:\AI_upscaling\AoMEE\reports\materials_xml\lp building n settlement01_0.mtrl.xml","Building N SettlementAge1","0",""
"building n settlementage1.tga","Building","D:\AI_upscaling\AoMEE\reports\materials_xml\lp building n settlement01_2.mtrl.xml","Building N SettlementAge1","4",""
"building n settlementage1.tga","Building","D:\AI_upscaling\AoMEE\reports\materials_xml\lp building n settlement01_death_0.mtrl.xml","Building N SettlementAge1","0",""
"building n settlementage2.tga","Building","D:\AI_upscaling\AoMEE\reports\materials_xml\lp building n settlement02_0.mtrl.xml","Building N SettlementAge2","0",""
"building n settlementage2.tga","Building","D:\AI_upscaling\AoMEE\reports\materials_xml\lp building n settlement02_1.mtrl.xml","Building N SettlementAge2","4",""
"building n settlementage2.tga","Building","D:\AI_upscaling\AoMEE\reports\materials_xml\lp building n settlement02_death_0.mtrl.xml","Building N SettlementAge2","0",""
"building n settlementage2.tga","Building","D:\AI_upscaling\AoMEE\reports\materials_xml\lp building n settlement02_death_1.mtrl.xml","Building N SettlementAge2","4",""
"building n settlementage3.tga","Building","D:\AI_upscaling\AoMEE\reports\materials_xml\lp building n settlement03 fortified_0.mtrl.xml","Building N SettlementAge3","0",""
"building n shared06 2 map.tga","Building","D:\AI_upscaling\AoMEE\reports\materials_xml\lp building n settlement03 fortified_1.mtrl.xml","Building N Shared06 2 map","4",""
"building n settlementage3.tga","Building","D:\AI_upscaling\AoMEE\reports\materials_xml\lp building n settlement03 fortified_2.mtrl.xml","Building N SettlementAge3","4",""
"building n settlementage3.tga","Building","D:\AI_upscaling\AoMEE\reports\materials_xml\lp building n settlement03 fortified_death_0.mtrl.xml","Building N SettlementAge3","0",""
"building n shared06 2 map.tga","Building","D:\AI_upscaling\AoMEE\reports\materials_xml\lp building n settlement03 fortified_death_1.mtrl.xml","Building N Shared06 2 map","4",""
"building n settlementage3.tga","Building","D:\AI_upscaling\AoMEE\reports\materials_xml\lp building n settlement03 fortified_death_2.mtrl.xml","Building N SettlementAge3","4",""
"building n settlementage3.tga","Building","D:\AI_upscaling\AoMEE\reports\materials_xml\lp building n settlement03_0.mtrl.xml","Building N SettlementAge3","0",""
"building n settlementage3.tga","Building","D:\AI_upscaling\AoMEE\reports\materials_xml\lp building n settlement03_1.mtrl.xml","Building N SettlementAge3","4",""
"building n settlementage3.tga","Building","D:\AI_upscaling\AoMEE\reports\materials_xml\lp building n settlement03_death_0.mtrl.xml","Building N SettlementAge3","0",""
"building n settlementage3.tga","Building","D:\AI_upscaling\AoMEE\reports\materials_xml\lp building n settlement03_death_1.mtrl.xml","Building N SettlementAge3","4",""
"building n shared06 2 map.tga","Building","D:\AI_upscaling\AoMEE\reports\materials_xml\lp building n settlement04 fortified_1.mtrl.xml","Building N Shared06 2 map","4",""
"building n shared06 2 map.tga","Building","D:\AI_upscaling\AoMEE\reports\materials_xml\lp building n settlement04 fortified_death_1.mtrl.xml","Building N Shared06 2 map","4",""
"building n templeage1.tga","Building","D:\AI_upscaling\AoMEE\reports\materials_xml\lp building n templeage1_0.mtrl.xml","Building N TempleAge1","0",""
"building n templeage1.tga","Building","D:\AI_upscaling\AoMEE\reports\materials_xml\lp building n templeage1_1.mtrl.xml","Building N TempleAge1","4",""
"building n templeage1.tga","Building","D:\AI_upscaling\AoMEE\reports\materials_xml\lp building n templeage1_death_0.mtrl.xml","Building N TempleAge1","0",""
"building n templeage1.tga","Building","D:\AI_upscaling\AoMEE\reports\materials_xml\lp building n templeage1_death_1.mtrl.xml","Building N TempleAge1","4",""
"building n templeage2.tga","Building","D:\AI_upscaling\AoMEE\reports\materials_xml\lp building n templeage2_0.mtrl.xml","Building N TempleAge2","0",""
"building n templeage2.tga","Building","D:\AI_upscaling\AoMEE\reports\materials_xml\lp building n templeage2_death_0.mtrl.xml","Building N TempleAge2","0",""
"building n templeage2.tga","Building","D:\AI_upscaling\AoMEE\reports\materials_xml\lp building n templeage2_death_1.mtrl.xml","Building N TempleAge2","4",""
"building n templeage3.tga","Building","D:\AI_upscaling\AoMEE\reports\materials_xml\lp building n templeage3_0.mtrl.xml","Building N TempleAge3","0",""
"building n templeage3.tga","Building","D:\AI_upscaling\AoMEE\reports\materials_xml\lp building n templeage3_1.mtrl.xml","Building N TempleAge3","4",""
"building n templeage3.tga","Building","D:\AI_upscaling\AoMEE\reports\materials_xml\lp building n templeage3_death_0.mtrl.xml","Building N TempleAge3","0",""
"building n templeage3.tga","Building","D:\AI_upscaling\AoMEE\reports\materials_xml\lp building n templeage3_death_1.mtrl.xml","Building N TempleAge3","4",""
"building n templeage3.tga","Building","D:\AI_upscaling\AoMEE\reports\materials_xml\lp building n templeage4_0.mtrl.xml","Building N TempleAge3","0",""
"building n templeage3.tga","Building","D:\AI_upscaling\AoMEE\reports\materials_xml\lp building n templeage4_1.mtrl.xml","Building N TempleAge3","4",""
"building n templeage3.tga","Building","D:\AI_upscaling\AoMEE\reports\materials_xml\lp building n templeage4_death_0.mtrl.xml","Building N TempleAge3","0",""
"building n templeage3.tga","Building","D:\AI_upscaling\AoMEE\reports\materials_xml\lp building n templeage4_death_1.mtrl.xml","Building N TempleAge3","4",""
"building n thorarmory.tga","Building","D:\AI_upscaling\AoMEE\reports\materials_xml\lp building n thorarmorypump_0.mtrl.xml","Building N ThorArmory","0",""
"building n thorarmory.tga","Building","D:\AI_upscaling\AoMEE\reports\materials_xml\lp building n thorarmory_0.mtrl.xml","Building N ThorArmory","0",""
"building n thorarmory.tga","Building","D:\AI_upscaling\AoMEE\reports\materials_xml\lp building n thorarmory_2.mtrl.xml","Building N ThorArmory","4",""
"building n thorarmory.tga","Building","D:\AI_upscaling\AoMEE\reports\materials_xml\lp building n thorarmory_death_0.mtrl.xml","Building N ThorArmory","0",""
"building n thorarmory.tga","Building","D:\AI_upscaling\AoMEE\reports\materials_xml\lp building n thorarmory_death_2.mtrl.xml","Building N ThorArmory","4",""
"building n shared01 1 map.tga","Building","D:\AI_upscaling\AoMEE\reports\materials_xml\lp building n towerage1_0.mtrl.xml","Building N Shared01 1 map","0",""
"building n shared01 1 map.tga","Building","D:\AI_upscaling\AoMEE\reports\materials_xml\lp building n towerage1_1.mtrl.xml","Building N Shared01 1 map","4",""
"building n shared01 1 map.tga","Building","D:\AI_upscaling\AoMEE\reports\materials_xml\lp building n tradedockage1_2.mtrl.xml","Building N Shared01 1 map","4",""
"building n shared01 1 map.tga","Building","D:\AI_upscaling\AoMEE\reports\materials_xml\lp building n tradedockage1_death_0.mtrl.xml","Building N Shared01 1 map","0",""
"building n shared01 1 map.tga","Building","D:\AI_upscaling\AoMEE\reports\materials_xml\lp building n tradedockage1_death_2.mtrl.xml","Building N Shared01 1 map","4",""
"building n shared01 3 map.tga","Building","D:\AI_upscaling\AoMEE\reports\materials_xml\lp building n tradedockage3_2.mtrl.xml","Building N Shared01 3 map","4",""
"building n shared01 3 map.tga","Building","D:\AI_upscaling\AoMEE\reports\materials_xml\lp building n tradedockage3_death_1.mtrl.xml","Building N Shared01 3 map","0",""
"building n shared01 3 map.tga","Building","D:\AI_upscaling\AoMEE\reports\materials_xml\lp building n tradedockage3_death_2.mtrl.xml","Building N Shared01 3 map","4",""
"building n shared06 2 map.tga","Building","D:\AI_upscaling\AoMEE\reports\materials_xml\lp building n wall long stage1_0.mtrl.xml","Building N Shared06 2 map","0",""
"building n shared06 2 map.tga","Building","D:\AI_upscaling\AoMEE\reports\materials_xml\lp building n wall long stage1_1.mtrl.xml","Building N Shared06 2 map","4",""
"building n shared06 2 map.tga","Building","D:\AI_upscaling\AoMEE\reports\materials_xml\lp building n wall long stage2_0.mtrl.xml","Building N Shared06 2 map","0",""
"building n shared06 2 map.tga","Building","D:\AI_upscaling\AoMEE\reports\materials_xml\lp building n wall long stage2_1.mtrl.xml","Building N Shared06 2 map","4",""
"building n shared06 2 map.tga","Building","D:\AI_upscaling\AoMEE\reports\materials_xml\lp building n wall long stage3_0.mtrl.xml","Building N Shared06 2 map","0",""
"building n shared06 2 map.tga","Building","D:\AI_upscaling\AoMEE\reports\materials_xml\lp building n wall long stage3_1.mtrl.xml","Building N Shared06 2 map","4",""
"building n shared06 2 map.tga","Building","D:\AI_upscaling\AoMEE\reports\materials_xml\lp building n wall long stage3_death_0.mtrl.xml","Building N Shared06 2 map","0",""
"building n shared06 2 map.tga","Building","D:\AI_upscaling\AoMEE\reports\materials_xml\lp building n wall long stage3_death_1.mtrl.xml","Building N Shared06 2 map","4",""
"building n shared06 2 map.tga","Building","D:\AI_upscaling\AoMEE\reports\materials_xml\lp building n wall medium stage1_0.mtrl.xml","Building N Shared06 2 map","0",""
"building n shared06 2 map.tga","Building","D:\AI_upscaling\AoMEE\reports\materials_xml\lp building n wall medium stage1_1.mtrl.xml","Building N Shared06 2 map","4",""
"building n shared06 2 map.tga","Building","D:\AI_upscaling\AoMEE\reports\materials_xml\lp building n wall medium stage2_0.mtrl.xml","Building N Shared06 2 map","0",""
"building n shared06 2 map.tga","Building","D:\AI_upscaling\AoMEE\reports\materials_xml\lp building n wall medium stage2_1.mtrl.xml","Building N Shared06 2 map","4",""
"building n shared06 2 map.tga","Building","D:\AI_upscaling\AoMEE\reports\materials_xml\lp building n wall medium stage3_0.mtrl.xml","Building N Shared06 2 map","0",""
"building n shared06 2 map.tga","Building","D:\AI_upscaling\AoMEE\reports\materials_xml\lp building n wall medium stage3_1.mtrl.xml","Building N Shared06 2 map","4",""
"building n shared06 2 map.tga","Building","D:\AI_upscaling\AoMEE\reports\materials_xml\lp building n wall medium stage3_death_0.mtrl.xml","Building N Shared06 2 map","0",""
"building n shared06 2 map.tga","Building","D:\AI_upscaling\AoMEE\reports\materials_xml\lp building n wall medium stage3_death_1.mtrl.xml","Building N Shared06 2 map","4",""
"building n shared06 2 map.tga","Building","D:\AI_upscaling\AoMEE\reports\materials_xml\lp building n wall short stage1_0.mtrl.xml","Building N Shared06 2 map","0",""
"building n shared06 2 map.tga","Building","D:\AI_upscaling\AoMEE\reports\materials_xml\lp building n wall short stage1_1.mtrl.xml","Building N Shared06 2 map","4",""
"building n shared06 2 map.tga","Building","D:\AI_upscaling\AoMEE\reports\materials_xml\lp building n wall short stage2_1.mtrl.xml","Building N Shared06 2 map","4",""
"building n shared06 2 map.tga","Building","D:\AI_upscaling\AoMEE\reports\materials_xml\lp building n wall short stage3_0.mtrl.xml","Building N Shared06 2 map","0",""
"building n shared06 2 map.tga","Building","D:\AI_upscaling\AoMEE\reports\materials_xml\lp building n wall short stage3_1.mtrl.xml","Building N Shared06 2 map","4",""
"building n shared06 2 map.tga","Building","D:\AI_upscaling\AoMEE\reports\materials_xml\lp building n wall short stage3_death_0.mtrl.xml","Building N Shared06 2 map","0",""
"building n shared06 2 map.tga","Building","D:\AI_upscaling\AoMEE\reports\materials_xml\lp building n wall short stage3_death_1.mtrl.xml","Building N Shared06 2 map","4",""
"building x roof age1.tga","Building","D:\AI_upscaling\AoMEE\reports\materials_xml\lp building x armory age1_1.mtrl.xml","Building X Roof Age1","0",""
"building x roof age1.tga","Building","D:\AI_upscaling\AoMEE\reports\materials_xml\lp building x armory age1_3.mtrl.xml","Building X Roof Age1","4",""
"building x roof age1.tga","Building","D:\AI_upscaling\AoMEE\reports\materials_xml\lp building x armory age1_death_1.mtrl.xml","Building X Roof Age1","0",""
"building x roof age1.tga","Building","D:\AI_upscaling\AoMEE\reports\materials_xml\lp building x armory age1_death_3.mtrl.xml","Building X Roof Age1","4",""
"building x wall age3.tga","Building","D:\AI_upscaling\AoMEE\reports\materials_xml\lp building x armory age3_0.mtrl.xml","Building X Wall Age3","4",""
"building x wall age3.tga","Building","D:\AI_upscaling\AoMEE\reports\materials_xml\lp building x armory age3_death_0.mtrl.xml","Building X Wall Age3","4",""
"building x roof age1.tga","Building","D:\AI_upscaling\AoMEE\reports\materials_xml\lp building x barracks age1_0.mtrl.xml","Building X Roof Age1","4",""
"building x roof age1.tga","Building","D:\AI_upscaling\AoMEE\reports\materials_xml\lp building x barracks age1_2.mtrl.xml","Building X Roof Age1","0",""
"building x roof age1.tga","Building","D:\AI_upscaling\AoMEE\reports\materials_xml\lp building x barracks age1_death_0.mtrl.xml","Building X Roof Age1","4",""
"building x roof age1.tga","Building","D:\AI_upscaling\AoMEE\reports\materials_xml\lp building x barracks age1_death_2.mtrl.xml","Building X Roof Age1","0",""
"building x wall age3.tga","Building","D:\AI_upscaling\AoMEE\reports\materials_xml\lp building x barracks age3_1.mtrl.xml","Building X Wall Age3","4",""
"building x wall age3.tga","Building","D:\AI_upscaling\AoMEE\reports\materials_xml\lp building x barracks age3_death_1.mtrl.xml","Building X Wall Age3","4",""
"building x roof age0.tga","Building","D:\AI_upscaling\AoMEE\reports\materials_xml\lp building x dock age0_0.mtrl.xml","Building X Roof Age0","0",""
"building x roof age0.tga","Building","D:\AI_upscaling\AoMEE\reports\materials_xml\lp building x dock age0_2.mtrl.xml","Building X Roof Age0","4",""
"building x roof age0.tga","Building","D:\AI_upscaling\AoMEE\reports\materials_xml\lp building x dock age0_death_0.mtrl.xml","Building X Roof Age0","0",""
"building x roof age0.tga","Building","D:\AI_upscaling\AoMEE\reports\materials_xml\lp building x dock age0_death_2.mtrl.xml","Building X Roof Age0","4",""
"building x roof age1.tga","Building","D:\AI_upscaling\AoMEE\reports\materials_xml\lp building x dock age1_0.mtrl.xml","Building X Roof Age1","0",""
"building x roof age1.tga","Building","D:\AI_upscaling\AoMEE\reports\materials_xml\lp building x dock age1_3.mtrl.xml","Building X Roof Age1","4",""
"building x roof age1.tga","Building","D:\AI_upscaling\AoMEE\reports\materials_xml\lp building x dock age1_death_0.mtrl.xml","Building X Roof Age1","0",""
"building x roof age1.tga","Building","D:\AI_upscaling\AoMEE\reports\materials_xml\lp building x dock age1_death_3.mtrl.xml","Building X Roof Age1","4",""
"building x wall age3.tga","Building","D:\AI_upscaling\AoMEE\reports\materials_xml\lp building x dock age3_1.mtrl.xml","Building X Wall Age3","4",""
"building x wall age3.tga","Building","D:\AI_upscaling\AoMEE\reports\materials_xml\lp building x dock age3_death_1.mtrl.xml","Building X Wall Age3","4",""
"building x tower watch2.tga","Building","D:\AI_upscaling\AoMEE\reports\materials_xml\lp building x guard tower_0.mtrl.xml","building x tower watch2","4",""
"building x tower watch2.tga","Building","D:\AI_upscaling\AoMEE\reports\materials_xml\lp building x guard tower_1.mtrl.xml","building x tower watch2","0",""
"building x tower watch2.tga","Building","D:\AI_upscaling\AoMEE\reports\materials_xml\lp building x guard tower_death_0.mtrl.xml","building x tower watch2","4",""
"building x tower watch2.tga","Building","D:\AI_upscaling\AoMEE\reports\materials_xml\lp building x guard tower_death_1.mtrl.xml","building x tower watch2","0",""
"building x roof age0.tga","Building","D:\AI_upscaling\AoMEE\reports\materials_xml\lp building x guild age0_0.mtrl.xml","Building X Roof Age0","4",""
"building x roof age0.tga","Building","D:\AI_upscaling\AoMEE\reports\materials_xml\lp building x guild age0_1.mtrl.xml","Building X Roof Age0","0",""
"building x roof age0.tga","Building","D:\AI_upscaling\AoMEE\reports\materials_xml\lp building x guild age0_death_0.mtrl.xml","Building X Roof Age0","4",""
"building x roof age0.tga","Building","D:\AI_upscaling\AoMEE\reports\materials_xml\lp building x guild age0_death_1.mtrl.xml","Building X Roof Age0","0",""
"building x roof age1.tga","Building","D:\AI_upscaling\AoMEE\reports\materials_xml\lp building x guild age1_0.mtrl.xml","Building X Roof Age1","4",""
"building x roof age1.tga","Building","D:\AI_upscaling\AoMEE\reports\materials_xml\lp building x guild age1_3.mtrl.xml","Building X Roof Age1","0",""
"building x roof age1.tga","Building","D:\AI_upscaling\AoMEE\reports\materials_xml\lp building x guild age1_death_0.mtrl.xml","Building X Roof Age1","4",""
"building x roof age1.tga","Building","D:\AI_upscaling\AoMEE\reports\materials_xml\lp building x guild age1_death_3.mtrl.xml","Building X Roof Age1","0",""
"building x wall age3.tga","Building","D:\AI_upscaling\AoMEE\reports\materials_xml\lp building x guild age3_1.mtrl.xml","Building X Wall Age3","4",""
"building x wall age3.tga","Building","D:\AI_upscaling\AoMEE\reports\materials_xml\lp building x guild age3_death_1.mtrl.xml","Building X Wall Age3","4",""
"building x roof age0.tga","Building","D:\AI_upscaling\AoMEE\reports\materials_xml\lp building x manor a age0_0.mtrl.xml","Building X Roof Age0","4",""
"building x roof age0.tga","Building","D:\AI_upscaling\AoMEE\reports\materials_xml\lp building x manor a age0_1.mtrl.xml","Building X Roof Age0","0",""
"building x roof age0.tga","Building","D:\AI_upscaling\AoMEE\reports\materials_xml\lp building x manor a age0_death_0.mtrl.xml","Building X Roof Age0","4",""
"building x roof age0.tga","Building","D:\AI_upscaling\AoMEE\reports\materials_xml\lp building x manor a age0_death_1.mtrl.xml","Building X Roof Age0","0",""
"building x roof age1.tga","Building","D:\AI_upscaling\AoMEE\reports\materials_xml\lp building x manor a age1_0.mtrl.xml","Building X Roof Age1","0",""
"building x roof age1.tga","Building","D:\AI_upscaling\AoMEE\reports\materials_xml\lp building x manor a age1_1.mtrl.xml","Building X Roof Age1","4",""
"building x roof age1.tga","Building","D:\AI_upscaling\AoMEE\reports\materials_xml\lp building x manor a age1_death_0.mtrl.xml","Building X Roof Age1","0",""
"building x roof age1.tga","Building","D:\AI_upscaling\AoMEE\reports\materials_xml\lp building x manor a age1_death_1.mtrl.xml","Building X Roof Age1","4",""
"building x wall age3.tga","Building","D:\AI_upscaling\AoMEE\reports\materials_xml\lp building x manor a age3_0.mtrl.xml","Building X Wall Age3","4",""
"building x wall age3.tga","Building","D:\AI_upscaling\AoMEE\reports\materials_xml\lp building x manor a age3_death_0.mtrl.xml","Building X Wall Age3","4",""
"building x roof age0.tga","Building","D:\AI_upscaling\AoMEE\reports\materials_xml\lp building x manor b age0_0.mtrl.xml","Building X Roof Age0","0",""
"building x roof age0.tga","Building","D:\AI_upscaling\AoMEE\reports\materials_xml\lp building x manor b age0_1.mtrl.xml","Building X Roof Age0","4",""
"building x roof age0.tga","Building","D:\AI_upscaling\AoMEE\reports\materials_xml\lp building x manor b age0_death_0.mtrl.xml","Building X Roof Age0","0",""
"building x roof age0.tga","Building","D:\AI_upscaling\AoMEE\reports\materials_xml\lp building x manor b age0_death_1.mtrl.xml","Building X Roof Age0","4",""
"building x roof age1.tga","Building","D:\AI_upscaling\AoMEE\reports\materials_xml\lp building x manor b age1_0.mtrl.xml","Building X Roof Age1","0",""
"building x roof age1.tga","Building","D:\AI_upscaling\AoMEE\reports\materials_xml\lp building x manor b age1_1.mtrl.xml","Building X Roof Age1","4",""
"building x roof age1.tga","Building","D:\AI_upscaling\AoMEE\reports\materials_xml\lp building x manor b age1_death_0.mtrl.xml","Building X Roof Age1","0",""
"building x roof age1.tga","Building","D:\AI_upscaling\AoMEE\reports\materials_xml\lp building x manor b age1_death_1.mtrl.xml","Building X Roof Age1","4",""
"building x wall age3.tga","Building","D:\AI_upscaling\AoMEE\reports\materials_xml\lp building x manor b age3_0.mtrl.xml","Building X Wall Age3","4",""
"building x wall age3.tga","Building","D:\AI_upscaling\AoMEE\reports\materials_xml\lp building x manor b age3_death_0.mtrl.xml","Building X Wall Age3","4",""
"building x roof age0.tga","Building","D:\AI_upscaling\AoMEE\reports\materials_xml\lp building x manor c age0_0.mtrl.xml","Building X Roof Age0","0",""
"building x roof age0.tga","Building","D:\AI_upscaling\AoMEE\reports\materials_xml\lp building x manor c age0_1.mtrl.xml","Building X Roof Age0","4",""
"building x roof age0.tga","Building","D:\AI_upscaling\AoMEE\reports\materials_xml\lp building x manor c age0_death_0.mtrl.xml","Building X Roof Age0","0",""
"building x roof age0.tga","Building","D:\AI_upscaling\AoMEE\reports\materials_xml\lp building x manor c age0_death_1.mtrl.xml","Building X Roof Age0","4",""
"building x roof age1.tga","Building","D:\AI_upscaling\AoMEE\reports\materials_xml\lp building x manor c age1_0.mtrl.xml","Building X Roof Age1","4",""
"building x roof age1.tga","Building","D:\AI_upscaling\AoMEE\reports\materials_xml\lp building x manor c age1_death_0.mtrl.xml","Building X Roof Age1","4",""
"building x roof age1.tga","Building","D:\AI_upscaling\AoMEE\reports\materials_xml\lp building x manor c age1_death_1.mtrl.xml","Building X Roof Age1","0",""
"building x wall age3.tga","Building","D:\AI_upscaling\AoMEE\reports\materials_xml\lp building x manor c age3_0.mtrl.xml","Building X Wall Age3","4",""
"building x wall age3.tga","Building","D:\AI_upscaling\AoMEE\reports\materials_xml\lp building x manor c age3_death_0.mtrl.xml","Building X Wall Age3","4",""
"building x wall age3.tga","Building","D:\AI_upscaling\AoMEE\reports\materials_xml\lp building x market age3_death_0.mtrl.xml","Building X Wall Age3","4",""
"building x palace age2.tga","Building","D:\AI_upscaling\AoMEE\reports\materials_xml\lp building x palace age2_death_2.mtrl.xml","Building X Palace Age2","4",""
"building x wall age3.tga","Building","D:\AI_upscaling\AoMEE\reports\materials_xml\lp building x palace age3_1.mtrl.xml","Building X Wall Age3","4",""
"building x palace age3.tga","Building","D:\AI_upscaling\AoMEE\reports\materials_xml\lp building x palace age3_2.mtrl.xml","Building X Palace Age3","4",""
"building x wall age3.tga","Building","D:\AI_upscaling\AoMEE\reports\materials_xml\lp building x palace age3_death_1.mtrl.xml","Building X Wall Age3","4",""
"building x palace age3.tga","Building","D:\AI_upscaling\AoMEE\reports\materials_xml\lp building x palace age3_death_2.mtrl.xml","Building X Palace Age3","4",""
"building x roof age0.tga","Building","D:\AI_upscaling\AoMEE\reports\materials_xml\lp building x settlement age0_0.mtrl.xml","Building X Roof Age0","0",""
"building x roof age0.tga","Building","D:\AI_upscaling\AoMEE\reports\materials_xml\lp building x settlement age0_2.mtrl.xml","Building X Roof Age0","4",""
"building x roof age0.tga","Building","D:\AI_upscaling\AoMEE\reports\materials_xml\lp building x settlement age0_death_0.mtrl.xml","Building X Roof Age0","0",""
"building x roof age0.tga","Building","D:\AI_upscaling\AoMEE\reports\materials_xml\lp building x settlement age0_death_2.mtrl.xml","Building X Roof Age0","4",""
"building x roof age0.tga","Building","D:\AI_upscaling\AoMEE\reports\materials_xml\lp building x settlement age1_0.mtrl.xml","Building X Roof Age0","0",""
"building x roof age1.tga","Building","D:\AI_upscaling\AoMEE\reports\materials_xml\lp building x settlement age1_2.mtrl.xml","Building X Roof Age1","0",""
"building x roof age1.tga","Building","D:\AI_upscaling\AoMEE\reports\materials_xml\lp building x settlement age1_3.mtrl.xml","Building X Roof Age1","4",""
"building x roof age0.tga","Building","D:\AI_upscaling\AoMEE\reports\materials_xml\lp building x settlement age1_death_0.mtrl.xml","Building X Roof Age0","0",""
"building x roof age1.tga","Building","D:\AI_upscaling\AoMEE\reports\materials_xml\lp building x settlement age1_death_2.mtrl.xml","Building X Roof Age1","0",""
"building x roof age1.tga","Building","D:\AI_upscaling\AoMEE\reports\materials_xml\lp building x settlement age1_death_3.mtrl.xml","Building X Roof Age1","4",""
"building x roof age0.tga","Building","D:\AI_upscaling\AoMEE\reports\materials_xml\lp building x settlement age2_0.mtrl.xml","Building X Roof Age0","0",""
"building x roof age0.tga","Building","D:\AI_upscaling\AoMEE\reports\materials_xml\lp building x settlement age2_death_0.mtrl.xml","Building X Roof Age0","0",""
"building x wall age3.tga","Building","D:\AI_upscaling\AoMEE\reports\materials_xml\lp building x settlement age3 fortified_0.mtrl.xml","Building X Wall Age3","4",""
"building x wall age3.tga","Building","D:\AI_upscaling\AoMEE\reports\materials_xml\lp building x settlement age3 fortified_death_0.mtrl.xml","Building X Wall Age3","4",""
"building x roof age0.tga","Building","D:\AI_upscaling\AoMEE\reports\materials_xml\lp building x settlement age3_0.mtrl.xml","Building X Roof Age0","0",""
"building x wall age3.tga","Building","D:\AI_upscaling\AoMEE\reports\materials_xml\lp building x settlement age3_1.mtrl.xml","Building X Wall Age3","4",""
"building x roof age0.tga","Building","D:\AI_upscaling\AoMEE\reports\materials_xml\lp building x settlement age3_death_0.mtrl.xml","Building X Roof Age0","0",""
"building x wall age3.tga","Building","D:\AI_upscaling\AoMEE\reports\materials_xml\lp building x settlement age3_death_1.mtrl.xml","Building X Wall Age3","4",""
"building x roof age1.tga","Building","D:\AI_upscaling\AoMEE\reports\materials_xml\lp building x specialist age1_0.mtrl.xml","Building X Roof Age1","4",""
"building x roof age1.tga","Building","D:\AI_upscaling\AoMEE\reports\materials_xml\lp building x specialist age1_1.mtrl.xml","Building X Roof Age1","0",""
"building x roof age1.tga","Building","D:\AI_upscaling\AoMEE\reports\materials_xml\lp building x specialist age1_death_0.mtrl.xml","Building X Roof Age1","4",""
"building x roof age1.tga","Building","D:\AI_upscaling\AoMEE\reports\materials_xml\lp building x specialist age1_death_1.mtrl.xml","Building X Roof Age1","0",""
"building x wall age3.tga","Building","D:\AI_upscaling\AoMEE\reports\materials_xml\lp building x specialist age3_1.mtrl.xml","Building X Wall Age3","4",""
"building x wall age3.tga","Building","D:\AI_upscaling\AoMEE\reports\materials_xml\lp building x specialist age3_death_1.mtrl.xml","Building X Wall Age3","4",""
"building x roof age0.tga","Building","D:\AI_upscaling\AoMEE\reports\materials_xml\lp building x temple age0_2.mtrl.xml","Building X Roof Age0","0",""
"building x roof age0.tga","Building","D:\AI_upscaling\AoMEE\reports\materials_xml\lp building x temple age0_3.mtrl.xml","Building X Roof Age0","4",""
"building x roof age0.tga","Building","D:\AI_upscaling\AoMEE\reports\materials_xml\lp building x temple age0_death_2.mtrl.xml","Building X Roof Age0","0",""
"building x roof age0.tga","Building","D:\AI_upscaling\AoMEE\reports\materials_xml\lp building x temple age0_death_3.mtrl.xml","Building X Roof Age0","4",""
"building x roof age1.tga","Building","D:\AI_upscaling\AoMEE\reports\materials_xml\lp building x temple age1_0.mtrl.xml","Building X Roof Age1","0",""
"building x roof age1.tga","Building","D:\AI_upscaling\AoMEE\reports\materials_xml\lp building x temple age1_3.mtrl.xml","Building X Roof Age1","4",""
"building x roof age1.tga","Building","D:\AI_upscaling\AoMEE\reports\materials_xml\lp building x temple age1_death_0.mtrl.xml","Building X Roof Age1","0",""
"building x roof age1.tga","Building","D:\AI_upscaling\AoMEE\reports\materials_xml\lp building x temple age1_death_3.mtrl.xml","Building X Roof Age1","4",""
"building x wall age3.tga","Building","D:\AI_upscaling\AoMEE\reports\materials_xml\lp building x temple age3_2.mtrl.xml","Building X Wall Age3","4",""
"building x wall age3.tga","Building","D:\AI_upscaling\AoMEE\reports\materials_xml\lp building x temple age3_death_2.mtrl.xml","Building X Wall Age3","4",""
"building x tower watch2.tga","Building","D:\AI_upscaling\AoMEE\reports\materials_xml\lp building x watch tower_0.mtrl.xml","building x tower watch2","4",""
"building x tower watch2.tga","Building","D:\AI_upscaling\AoMEE\reports\materials_xml\lp building x watch tower_1.mtrl.xml","building x tower watch2","0",""
"building x tower watch2.tga","Building","D:\AI_upscaling\AoMEE\reports\materials_xml\lp building x watch tower_death_0.mtrl.xml","building x tower watch2","4",""
"building x tower watch2.tga","Building","D:\AI_upscaling\AoMEE\reports\materials_xml\lp building x watch tower_death_1.mtrl.xml","building x tower watch2","0",""
"kronos wonder map2.tga","Building","D:\AI_upscaling\AoMEE\reports\materials_xml\lp building x wonder kronos_0.mtrl.xml","Kronos Wonder Map2","0",""
"kronos wonder map2.tga","Building","D:\AI_upscaling\AoMEE\reports\materials_xml\lp building x wonder kronos_2.mtrl.xml","Kronos Wonder Map2","4",""
"kronos wonder map2.tga","Building","D:\AI_upscaling\AoMEE\reports\materials_xml\lp building x wonder kronos_death_0.mtrl.xml","Kronos Wonder Map2","0",""
"kronos wonder map2.tga","Building","D:\AI_upscaling\AoMEE\reports\materials_xml\lp building x wonder kronos_death_2.mtrl.xml","Kronos Wonder Map2","4",""
"oranos wonder map.tga","Building","D:\AI_upscaling\AoMEE\reports\materials_xml\lp building x wonder oranos_0.mtrl.xml","Oranos Wonder Map","0",""
"oranos wonder map.tga","Building","D:\AI_upscaling\AoMEE\reports\materials_xml\lp building x wonder oranos_2.mtrl.xml","Oranos Wonder Map","4",""
"oranos wonder map1.tga","Building","D:\AI_upscaling\AoMEE\reports\materials_xml\lp building x wonder oranos_3.mtrl.xml","Oranos Wonder Map1","0",""
"oranos wonder map1.tga","Building","D:\AI_upscaling\AoMEE\reports\materials_xml\lp building x wonder oranos_4.mtrl.xml","Oranos Wonder Map1","4",""
"oranos wonder map.tga","Building","D:\AI_upscaling\AoMEE\reports\materials_xml\lp building x wonder oranos_death_0.mtrl.xml","Oranos Wonder Map","0",""
"oranos wonder map.tga","Building","D:\AI_upscaling\AoMEE\reports\materials_xml\lp building x wonder oranos_death_2.mtrl.xml","Oranos Wonder Map","4",""
"oranos wonder map1.tga","Building","D:\AI_upscaling\AoMEE\reports\materials_xml\lp building x wonder oranos_death_3.mtrl.xml","Oranos Wonder Map1","0",""
"oranos wonder map1.tga","Building","D:\AI_upscaling\AoMEE\reports\materials_xml\lp building x wonder oranos_death_4.mtrl.xml","Oranos Wonder Map1","4",""
"scenario g circe head.tga","Other","D:\AI_upscaling\AoMEE\reports\materials_xml\lp circe_aomsp24spellcast_1.mtrl.xml","Scenario G Circe Head","0",""
"scenario g circe.tga","Other","D:\AI_upscaling\AoMEE\reports\materials_xml\lp circe_aomsp24spellcast_2.mtrl.xml","Scenario G Circe","0",""
"scenario g circe.tga","Other","D:\AI_upscaling\AoMEE\reports\materials_xml\lp circe_aomsp24spellcast_3.mtrl.xml","Scenario G Circe","4",""
"scenario g circe.tga","Other","D:\AI_upscaling\AoMEE\reports\materials_xml\lp circe_aomsp24spellcast_4.mtrl.xml","Scenario G Circe","0",""
"special g pegasus.tga","Other","D:\AI_upscaling\AoMEE\reports\materials_xml\lp hero g belerophon_attacka_6.mtrl.xml","Special G Pegasus","0",""
"special g pegasus.tga","Other","D:\AI_upscaling\AoMEE\reports\materials_xml\lp hero g belerophon_boreda_5.mtrl.xml","Special G Pegasus","0",""
"special g pegasus.tga","Other","D:\AI_upscaling\AoMEE\reports\materials_xml\lp hero g belerophon_boredc_3.mtrl.xml","Special G Pegasus","0",""
"special g pegasus.tga","Other","D:\AI_upscaling\AoMEE\reports\materials_xml\lp hero g belerophon_carrybored_6.mtrl.xml","Special G Pegasus","0",""
"special g pegasus.tga","Other","D:\AI_upscaling\AoMEE\reports\materials_xml\lp hero g belerophon_carryidle_3.mtrl.xml","Special G Pegasus","0",""
"special g pegasus.tga","Other","D:\AI_upscaling\AoMEE\reports\materials_xml\lp hero g belerophon_carry_4.mtrl.xml","Special G Pegasus","0",""
"special g pegasus.tga","Other","D:\AI_upscaling\AoMEE\reports\materials_xml\lp hero g belerophon_deatha_4.mtrl.xml","Special G Pegasus","0",""
"special g pegasus.tga","Other","D:\AI_upscaling\AoMEE\reports\materials_xml\lp hero g belerophon_flaila_4.mtrl.xml","Special G Pegasus","0",""
"special g pegasus.tga","Other","D:\AI_upscaling\AoMEE\reports\materials_xml\lp hero g belerophon_idlea_5.mtrl.xml","Special G Pegasus","0",""
"special g pegasus.tga","Other","D:\AI_upscaling\AoMEE\reports\materials_xml\lp hero g belerophon_jumpattacka_6.mtrl.xml","Special G Pegasus","0",""
"special g pegasus.tga","Other","D:\AI_upscaling\AoMEE\reports\materials_xml\lp hero g belerophon_walka_6.mtrl.xml","Special G Pegasus","0",""
"scenario g circe head.tga","Other","D:\AI_upscaling\AoMEE\reports\materials_xml\lp hero g circe_attacka_0.mtrl.xml","Scenario G Circe Head","0",""
"scenario g circe.tga","Other","D:\AI_upscaling\AoMEE\reports\materials_xml\lp hero g circe_attacka_1.mtrl.xml","Scenario G Circe","0",""
"scenario g circe.tga","Other","D:\AI_upscaling\AoMEE\reports\materials_xml\lp hero g circe_attacka_2.mtrl.xml","Scenario G Circe","4",""
"scenario g circe.tga","Other","D:\AI_upscaling\AoMEE\reports\materials_xml\lp hero g circe_attacka_3.mtrl.xml","Scenario G Circe","0",""
"scenario g circe head.tga","Other","D:\AI_upscaling\AoMEE\reports\materials_xml\lp hero g circe_boreda_1.mtrl.xml","Scenario G Circe Head","0",""
"scenario g circe.tga","Other","D:\AI_upscaling\AoMEE\reports\materials_xml\lp hero g circe_boreda_2.mtrl.xml","Scenario G Circe","0",""
"scenario g circe.tga","Other","D:\AI_upscaling\AoMEE\reports\materials_xml\lp hero g circe_boreda_3.mtrl.xml","Scenario G Circe","4",""
"scenario g circe.tga","Other","D:\AI_upscaling\AoMEE\reports\materials_xml\lp hero g circe_boreda_4.mtrl.xml","Scenario G Circe","0",""
"scenario g circe head.tga","Other","D:\AI_upscaling\AoMEE\reports\materials_xml\lp hero g circe_carrya_1.mtrl.xml","Scenario G Circe Head","0",""
"scenario g circe.tga","Other","D:\AI_upscaling\AoMEE\reports\materials_xml\lp hero g circe_carrya_2.mtrl.xml","Scenario G Circe","0",""
"scenario g circe.tga","Other","D:\AI_upscaling\AoMEE\reports\materials_xml\lp hero g circe_carrya_3.mtrl.xml","Scenario G Circe","4",""
"scenario g circe.tga","Other","D:\AI_upscaling\AoMEE\reports\materials_xml\lp hero g circe_carrya_4.mtrl.xml","Scenario G Circe","0",""
"scenario g circe head.tga","Other","D:\AI_upscaling\AoMEE\reports\materials_xml\lp hero g circe_carryboreda_1.mtrl.xml","Scenario G Circe Head","0",""
"scenario g circe.tga","Other","D:\AI_upscaling\AoMEE\reports\materials_xml\lp hero g circe_carryboreda_2.mtrl.xml","Scenario G Circe","0",""
"scenario g circe.tga","Other","D:\AI_upscaling\AoMEE\reports\materials_xml\lp hero g circe_carryboreda_3.mtrl.xml","Scenario G Circe","4",""
"scenario g circe.tga","Other","D:\AI_upscaling\AoMEE\reports\materials_xml\lp hero g circe_carryboreda_4.mtrl.xml","Scenario G Circe","0",""
"scenario g circe head.tga","Other","D:\AI_upscaling\AoMEE\reports\materials_xml\lp hero g circe_carryidlea_1.mtrl.xml","Scenario G Circe Head","0",""
"scenario g circe.tga","Other","D:\AI_upscaling\AoMEE\reports\materials_xml\lp hero g circe_carryidlea_2.mtrl.xml","Scenario G Circe","0",""
"scenario g circe.tga","Other","D:\AI_upscaling\AoMEE\reports\materials_xml\lp hero g circe_carryidlea_3.mtrl.xml","Scenario G Circe","4",""
"scenario g circe.tga","Other","D:\AI_upscaling\AoMEE\reports\materials_xml\lp hero g circe_carryidlea_4.mtrl.xml","Scenario G Circe","0",""
"scenario g circe head.tga","Other","D:\AI_upscaling\AoMEE\reports\materials_xml\lp hero g circe_deatha_0.mtrl.xml","Scenario G Circe Head","0",""
"scenario g circe.tga","Other","D:\AI_upscaling\AoMEE\reports\materials_xml\lp hero g circe_deatha_1.mtrl.xml","Scenario G Circe","0",""
"scenario g circe.tga","Other","D:\AI_upscaling\AoMEE\reports\materials_xml\lp hero g circe_deatha_3.mtrl.xml","Scenario G Circe","0",""
"scenario g circe.tga","Other","D:\AI_upscaling\AoMEE\reports\materials_xml\lp hero g circe_flaila_1.mtrl.xml","Scenario G Circe","0",""
"scenario g circe.tga","Other","D:\AI_upscaling\AoMEE\reports\materials_xml\lp hero g circe_flaila_2.mtrl.xml","Scenario G Circe","4",""
"scenario g circe.tga","Other","D:\AI_upscaling\AoMEE\reports\materials_xml\lp hero g circe_flaila_3.mtrl.xml","Scenario G Circe","0",""
"scenario g circe head.tga","Other","D:\AI_upscaling\AoMEE\reports\materials_xml\lp hero g circe_flaila_4.mtrl.xml","Scenario G Circe Head","0",""
"scenario g circe.tga","Other","D:\AI_upscaling\AoMEE\reports\materials_xml\lp hero g circe_idlea_1.mtrl.xml","Scenario G Circe","4",""
"scenario g circe.tga","Other","D:\AI_upscaling\AoMEE\reports\materials_xml\lp hero g circe_idlea_2.mtrl.xml","Scenario G Circe","0",""
"scenario g circe head.tga","Other","D:\AI_upscaling\AoMEE\reports\materials_xml\lp hero g circe_idlea_3.mtrl.xml","Scenario G Circe Head","0",""
"scenario g circe head.tga","Other","D:\AI_upscaling\AoMEE\reports\materials_xml\lp hero g circe_spellcasta_1.mtrl.xml","Scenario G Circe Head","0",""
"scenario g circe.tga","Other","D:\AI_upscaling\AoMEE\reports\materials_xml\lp hero g circe_spellcasta_2.mtrl.xml","Scenario G Circe","0",""
"scenario g circe.tga","Other","D:\AI_upscaling\AoMEE\reports\materials_xml\lp hero g circe_spellcasta_3.mtrl.xml","Scenario G Circe","4",""
"scenario g circe.tga","Other","D:\AI_upscaling\AoMEE\reports\materials_xml\lp hero g circe_spellcasta_4.mtrl.xml","Scenario G Circe","0",""
"scenario g circe.tga","Other","D:\AI_upscaling\AoMEE\reports\materials_xml\lp hero g circe_walka_0.mtrl.xml","Scenario G Circe","0",""
"scenario g circe.tga","Other","D:\AI_upscaling\AoMEE\reports\materials_xml\lp hero g circe_walka_1.mtrl.xml","Scenario G Circe","4",""
"scenario g circe.tga","Other","D:\AI_upscaling\AoMEE\reports\materials_xml\lp hero g circe_walka_2.mtrl.xml","Scenario G Circe","0",""
"scenario g circe head.tga","Other","D:\AI_upscaling\AoMEE\reports\materials_xml\lp hero g circe_walka_3.mtrl.xml","Scenario G Circe Head","0",""
"hero g heracles head.tga","Character/Unit","D:\AI_upscaling\AoMEE\reports\materials_xml\lp hero g heracles_attacka_2.mtrl.xml","Hero G Heracles Head","0",""
"hero g heracles head.tga","Character/Unit","D:\AI_upscaling\AoMEE\reports\materials_xml\lp hero g heracles_attacka_4.mtrl.xml","Hero G Heracles Head","0",""
"hero g heracles head.tga","Character/Unit","D:\AI_upscaling\AoMEE\reports\materials_xml\lp hero g heracles_boreda_4.mtrl.xml","Hero G Heracles Head","0",""
"hero g heracles head.tga","Character/Unit","D:\AI_upscaling\AoMEE\reports\materials_xml\lp hero g heracles_boreda_6.mtrl.xml","Hero G Heracles Head","0",""
"hero g heracles head.tga","Character/Unit","D:\AI_upscaling\AoMEE\reports\materials_xml\lp hero g heracles_bored_4.mtrl.xml","Hero G Heracles Head","0",""
"hero g heracles head.tga","Character/Unit","D:\AI_upscaling\AoMEE\reports\materials_xml\lp hero g heracles_bored_6.mtrl.xml","Hero G Heracles Head","0",""
"hero g heracles head.tga","Character/Unit","D:\AI_upscaling\AoMEE\reports\materials_xml\lp hero g heracles_carrya_0.mtrl.xml","Hero G Heracles Head","0",""
"hero g heracles head.tga","Character/Unit","D:\AI_upscaling\AoMEE\reports\materials_xml\lp hero g heracles_carrya_3.mtrl.xml","Hero G Heracles Head","0",""
"hero g heracles head.tga","Character/Unit","D:\AI_upscaling\AoMEE\reports\materials_xml\lp hero g heracles_carrybored_2.mtrl.xml","Hero G Heracles Head","0",""
"hero g heracles head.tga","Character/Unit","D:\AI_upscaling\AoMEE\reports\materials_xml\lp hero g heracles_carrybored_4.mtrl.xml","Hero G Heracles Head","0",""
"hero g heracles head.tga","Character/Unit","D:\AI_upscaling\AoMEE\reports\materials_xml\lp hero g heracles_carryidle_2.mtrl.xml","Hero G Heracles Head","0",""
"hero g heracles head.tga","Character/Unit","D:\AI_upscaling\AoMEE\reports\materials_xml\lp hero g heracles_carryidle_4.mtrl.xml","Hero G Heracles Head","0",""
"hero g heracles head.tga","Character/Unit","D:\AI_upscaling\AoMEE\reports\materials_xml\lp hero g heracles_death_4.mtrl.xml","Hero G Heracles Head","0",""
"hero g heracles head.tga","Character/Unit","D:\AI_upscaling\AoMEE\reports\materials_xml\lp hero g heracles_death_5.mtrl.xml","Hero G Heracles Head","0",""
"hero g heracles head.tga","Character/Unit","D:\AI_upscaling\AoMEE\reports\materials_xml\lp hero g heracles_idlea_2.mtrl.xml","Hero G Heracles Head","0",""
"hero g heracles head.tga","Character/Unit","D:\AI_upscaling\AoMEE\reports\materials_xml\lp hero g heracles_idlea_6.mtrl.xml","Hero G Heracles Head","0",""
"hero g heracles head.tga","Character/Unit","D:\AI_upscaling\AoMEE\reports\materials_xml\lp hero g heracles_walka_0.mtrl.xml","Hero G Heracles Head","0",""
"hero g heracles head.tga","Character/Unit","D:\AI_upscaling\AoMEE\reports\materials_xml\lp hero g heracles_walka_3.mtrl.xml","Hero G Heracles Head","0",""
"hero g theseus shield.tga","Character/Unit","D:\AI_upscaling\AoMEE\reports\materials_xml\lp hero g theseus_attacka_4.mtrl.xml","Hero G Theseus Shield","0",""
"hero g theseus shield.tga","Character/Unit","D:\AI_upscaling\AoMEE\reports\materials_xml\lp hero g theseus_attacka_5.mtrl.xml","Hero G Theseus Shield","4",""
"hero g theseus shield.tga","Character/Unit","D:\AI_upscaling\AoMEE\reports\materials_xml\lp hero g theseus_boreda_4.mtrl.xml","Hero G Theseus Shield","0",""
"hero g theseus shield.tga","Character/Unit","D:\AI_upscaling\AoMEE\reports\materials_xml\lp hero g theseus_boreda_5.mtrl.xml","Hero G Theseus Shield","4",""
"hero g theseus shield.tga","Character/Unit","D:\AI_upscaling\AoMEE\reports\materials_xml\lp hero g theseus_carrybored_4.mtrl.xml","Hero G Theseus Shield","0",""
"hero g theseus shield.tga","Character/Unit","D:\AI_upscaling\AoMEE\reports\materials_xml\lp hero g theseus_carrybored_5.mtrl.xml","Hero G Theseus Shield","4",""
"hero g theseus shield.tga","Character/Unit","D:\AI_upscaling\AoMEE\reports\materials_xml\lp hero g theseus_carryidle_4.mtrl.xml","Hero G Theseus Shield","0",""
"hero g theseus shield.tga","Character/Unit","D:\AI_upscaling\AoMEE\reports\materials_xml\lp hero g theseus_carryidle_5.mtrl.xml","Hero G Theseus Shield","4",""
"hero g theseus shield.tga","Character/Unit","D:\AI_upscaling\AoMEE\reports\materials_xml\lp hero g theseus_carry_4.mtrl.xml","Hero G Theseus Shield","0",""
"hero g theseus shield.tga","Character/Unit","D:\AI_upscaling\AoMEE\reports\materials_xml\lp hero g theseus_carry_5.mtrl.xml","Hero G Theseus Shield","4",""
"hero g theseus shield.tga","Character/Unit","D:\AI_upscaling\AoMEE\reports\materials_xml\lp hero g theseus_deatha_4.mtrl.xml","Hero G Theseus Shield","0",""
"hero g theseus shield.tga","Character/Unit","D:\AI_upscaling\AoMEE\reports\materials_xml\lp hero g theseus_deatha_5.mtrl.xml","Hero G Theseus Shield","4",""
"hero g theseus shield.tga","Character/Unit","D:\AI_upscaling\AoMEE\reports\materials_xml\lp hero g theseus_flaila_4.mtrl.xml","Hero G Theseus Shield","0",""
"hero g theseus shield.tga","Character/Unit","D:\AI_upscaling\AoMEE\reports\materials_xml\lp hero g theseus_flaila_5.mtrl.xml","Hero G Theseus Shield","4",""
"hero g theseus shield.tga","Character/Unit","D:\AI_upscaling\AoMEE\reports\materials_xml\lp hero g theseus_idlea_4.mtrl.xml","Hero G Theseus Shield","0",""
"hero g theseus shield.tga","Character/Unit","D:\AI_upscaling\AoMEE\reports\materials_xml\lp hero g theseus_idlea_5.mtrl.xml","Hero G Theseus Shield","4",""
"hero g theseus shield.tga","Character/Unit","D:\AI_upscaling\AoMEE\reports\materials_xml\lp hero g theseus_walka_4.mtrl.xml","Hero G Theseus Shield","0",""
"hero g theseus shield.tga","Character/Unit","D:\AI_upscaling\AoMEE\reports\materials_xml\lp hero g theseus_walka_5.mtrl.xml","Hero G Theseus Shield","4",""
"siege n ballista bolt.tga","Other","D:\AI_upscaling\AoMEE\reports\materials_xml\lp nohuskarl_aomsp33midspeared_0.mtrl.xml","Siege N Ballista Bolt","0",""
"siege n ballista bolt.tga","Other","D:\AI_upscaling\AoMEE\reports\materials_xml\lp nohuskarl_aomsp33midspeared_1.mtrl.xml","Siege N Ballista Bolt","4",""
"scenario n reginleif map.tga","Other","D:\AI_upscaling\AoMEE\reports\materials_xml\lp scenario n reginleif_boreda_2.mtrl.xml","Scenario N Reginleif map","0",""
"scenario n reginleif map.tga","Other","D:\AI_upscaling\AoMEE\reports\materials_xml\lp scenario n reginleif_boredb_0.mtrl.xml","Scenario N Reginleif map","0",""
"scenario n reginleif map.tga","Other","D:\AI_upscaling\AoMEE\reports\materials_xml\lp scenario n reginleif_boredb_1.mtrl.xml","Scenario N Reginleif map","4",""
"scenario n reginleif map.tga","Other","D:\AI_upscaling\AoMEE\reports\materials_xml\lp scenario n reginleif_carrya_0.mtrl.xml","Scenario N Reginleif map","0",""
"scenario n reginleif map.tga","Other","D:\AI_upscaling\AoMEE\reports\materials_xml\lp scenario n reginleif_carrya_1.mtrl.xml","Scenario N Reginleif map","4",""
"scenario n reginleif map.tga","Other","D:\AI_upscaling\AoMEE\reports\materials_xml\lp scenario n reginleif_carryboreda_0.mtrl.xml","Scenario N Reginleif map","0",""
"scenario n reginleif map.tga","Other","D:\AI_upscaling\AoMEE\reports\materials_xml\lp scenario n reginleif_carryboreda_1.mtrl.xml","Scenario N Reginleif map","4",""
"scenario n reginleif map.tga","Other","D:\AI_upscaling\AoMEE\reports\materials_xml\lp scenario n reginleif_carryidlea_0.mtrl.xml","Scenario N Reginleif map","0",""
"scenario n reginleif map.tga","Other","D:\AI_upscaling\AoMEE\reports\materials_xml\lp scenario n reginleif_carryidlea_1.mtrl.xml","Scenario N Reginleif map","4",""
"scenario n reginleif map.tga","Other","D:\AI_upscaling\AoMEE\reports\materials_xml\lp scenario n reginleif_deatha_2.mtrl.xml","Scenario N Reginleif map","0",""
"scenario n reginleif map.tga","Other","D:\AI_upscaling\AoMEE\reports\materials_xml\lp scenario n reginleif_deatha_3.mtrl.xml","Scenario N Reginleif map","4",""
"scenario n reginleif map.tga","Other","D:\AI_upscaling\AoMEE\reports\materials_xml\lp scenario n reginleif_flaila_0.mtrl.xml","Scenario N Reginleif map","0",""
"scenario n reginleif map.tga","Other","D:\AI_upscaling\AoMEE\reports\materials_xml\lp scenario n reginleif_flaila_1.mtrl.xml","Scenario N Reginleif map","4",""
"scenario n reginleif map.tga","Other","D:\AI_upscaling\AoMEE\reports\materials_xml\lp scenario n reginleif_heala_0.mtrl.xml","Scenario N Reginleif map","0",""
"scenario n reginleif map.tga","Other","D:\AI_upscaling\AoMEE\reports\materials_xml\lp scenario n reginleif_heala_1.mtrl.xml","Scenario N Reginleif map","4",""
"scenario n reginleif map.tga","Other","D:\AI_upscaling\AoMEE\reports\materials_xml\lp scenario n reginleif_idlea_2.mtrl.xml","Scenario N Reginleif map","0",""
"scenario n reginleif map.tga","Other","D:\AI_upscaling\AoMEE\reports\materials_xml\lp scenario n reginleif_idlea_3.mtrl.xml","Scenario N Reginleif map","4",""
"scenario n reginleif map.tga","Other","D:\AI_upscaling\AoMEE\reports\materials_xml\lp scenario n reginleif_rangedattacka_2.mtrl.xml","Scenario N Reginleif map","0",""
"scenario n reginleif map.tga","Other","D:\AI_upscaling\AoMEE\reports\materials_xml\lp scenario n reginleif_rangedattacka_3.mtrl.xml","Scenario N Reginleif map","4",""
"scenario n reginleif map.tga","Other","D:\AI_upscaling\AoMEE\reports\materials_xml\lp scenario n reginleif_recovera_2.mtrl.xml","Scenario N Reginleif map","0",""
"scenario n reginleif map.tga","Other","D:\AI_upscaling\AoMEE\reports\materials_xml\lp scenario n reginleif_recovera_3.mtrl.xml","Scenario N Reginleif map","4",""
"scenario n reginleif map.tga","Other","D:\AI_upscaling\AoMEE\reports\materials_xml\lp scenario n reginleif_walka_0.mtrl.xml","Scenario N Reginleif map","0",""
"scenario n reginleif map.tga","Other","D:\AI_upscaling\AoMEE\reports\materials_xml\lp scenario n reginleif_walka_1.mtrl.xml","Scenario N Reginleif map","4",""
"sfx g plenty.tga","Other","D:\AI_upscaling\AoMEE\reports\materials_xml\lp sfx g plenty koth_0.mtrl.xml","SFX G Plenty","0",""
"sfx g plenty.tga","Other","D:\AI_upscaling\AoMEE\reports\materials_xml\lp sfx g plenty koth_1.mtrl.xml","SFX G Plenty","4",""
"sfx g plenty.tga","Other","D:\AI_upscaling\AoMEE\reports\materials_xml\lp sfx g plenty_0.mtrl.xml","SFX G Plenty","0",""
"sfx g plenty.tga","Other","D:\AI_upscaling\AoMEE\reports\materials_xml\lp sfx g plenty_1.mtrl.xml","SFX G Plenty","4",""
"siege e catapult.tga","Other","D:\AI_upscaling\AoMEE\reports\materials_xml\lp siege e catapult_attacka_1.mtrl.xml","Siege E Catapult","0",""
"siege e catapult.tga","Other","D:\AI_upscaling\AoMEE\reports\materials_xml\lp siege e catapult_attacka_2.mtrl.xml","Siege E Catapult","1",""
"siege e catapult.tga","Other","D:\AI_upscaling\AoMEE\reports\materials_xml\lp siege e catapult_deatha_1.mtrl.xml","Siege E Catapult","0",""
"siege e catapult.tga","Other","D:\AI_upscaling\AoMEE\reports\materials_xml\lp siege e catapult_deatha_2.mtrl.xml","Siege E Catapult","3",""
"siege e catapult.tga","Other","D:\AI_upscaling\AoMEE\reports\materials_xml\lp siege e catapult_idlea_1.mtrl.xml","Siege E Catapult","0",""
"siege e catapult.tga","Other","D:\AI_upscaling\AoMEE\reports\materials_xml\lp siege e catapult_idlea_2.mtrl.xml","Siege E Catapult","1",""
"siege e catapult.tga","Other","D:\AI_upscaling\AoMEE\reports\materials_xml\lp siege e catapult_walka_1.mtrl.xml","Siege E Catapult","0",""
"siege e catapult.tga","Other","D:\AI_upscaling\AoMEE\reports\materials_xml\lp siege e catapult_walka_2.mtrl.xml","Siege E Catapult","1",""
"siege g petrobolos.tga","Other","D:\AI_upscaling\AoMEE\reports\materials_xml\lp siege g petrobolos_idlea_1.mtrl.xml","Siege G Petrobolos","4",""
"siege g petrobolos.tga","Other","D:\AI_upscaling\AoMEE\reports\materials_xml\lp siege g petrobolos_walka_1.mtrl.xml","Siege G Petrobolos","0",""
"siege g petrobolos.tga","Other","D:\AI_upscaling\AoMEE\reports\materials_xml\lp siege g petrobolos_walka_2.mtrl.xml","Siege G Petrobolos","4",""
"siege n ballista.tga","Other","D:\AI_upscaling\AoMEE\reports\materials_xml\lp siege n ballista_attacka_0.mtrl.xml","Siege N Ballista","0",""
"siege n ballista.tga","Other","D:\AI_upscaling\AoMEE\reports\materials_xml\lp siege n ballista_attacka_1.mtrl.xml","Siege N Ballista","3",""
"siege n ballista bolt.tga","Other","D:\AI_upscaling\AoMEE\reports\materials_xml\lp siege n ballista_attacka_2.mtrl.xml","Siege N Ballista Bolt","0",""
"siege n ballista bolt.tga","Other","D:\AI_upscaling\AoMEE\reports\materials_xml\lp siege n ballista_attacka_3.mtrl.xml","Siege N Ballista Bolt","1",""
"siege n ballista bolt.tga","Other","D:\AI_upscaling\AoMEE\reports\materials_xml\lp siege n ballista_deatha_0.mtrl.xml","Siege N Ballista Bolt","0",""
"siege n ballista bolt.tga","Other","D:\AI_upscaling\AoMEE\reports\materials_xml\lp siege n ballista_deatha_1.mtrl.xml","Siege N Ballista Bolt","3",""
"siege n ballista.tga","Other","D:\AI_upscaling\AoMEE\reports\materials_xml\lp siege n ballista_deatha_2.mtrl.xml","Siege N Ballista","0",""
"siege n ballista.tga","Other","D:\AI_upscaling\AoMEE\reports\materials_xml\lp siege n ballista_deatha_3.mtrl.xml","Siege N Ballista","3",""
"siege n ballista bolt.tga","Other","D:\AI_upscaling\AoMEE\reports\materials_xml\lp siege n ballista_idlea_0.mtrl.xml","Siege N Ballista Bolt","0",""
"siege n ballista bolt.tga","Other","D:\AI_upscaling\AoMEE\reports\materials_xml\lp siege n ballista_idlea_1.mtrl.xml","Siege N Ballista Bolt","1",""
"siege n ballista.tga","Other","D:\AI_upscaling\AoMEE\reports\materials_xml\lp siege n ballista_idlea_2.mtrl.xml","Siege N Ballista","0",""
"siege n ballista bolt.tga","Other","D:\AI_upscaling\AoMEE\reports\materials_xml\lp siege n ballista_walka_0.mtrl.xml","Siege N Ballista Bolt","0",""
"siege n ballista bolt.tga","Other","D:\AI_upscaling\AoMEE\reports\materials_xml\lp siege n ballista_walka_1.mtrl.xml","Siege N Ballista Bolt","1",""
"siege n ballista.tga","Other","D:\AI_upscaling\AoMEE\reports\materials_xml\lp siege n ballista_walka_2.mtrl.xml","Siege N Ballista","0",""
"siege n ballista.tga","Other","D:\AI_upscaling\AoMEE\reports\materials_xml\lp siege n ballista_walka_3.mtrl.xml","Siege N Ballista","3",""
"special e petesuchos.tga","Other","D:\AI_upscaling\AoMEE\reports\materials_xml\lp special e petesuchos_attacka_0.mtrl.xml","Special E Petesuchos","0",""
"special e petesuchos.tga","Other","D:\AI_upscaling\AoMEE\reports\materials_xml\lp special e petesuchos_attacka_1.mtrl.xml","Special E Petesuchos","4",""
"special e petesuchos.tga","Other","D:\AI_upscaling\AoMEE\reports\materials_xml\lp special e petesuchos_birtha_0.mtrl.xml","Special E Petesuchos","0",""
"special e petesuchos.tga","Other","D:\AI_upscaling\AoMEE\reports\materials_xml\lp special e petesuchos_birtha_1.mtrl.xml","Special E Petesuchos","4",""
"special e petesuchos.tga","Other","D:\AI_upscaling\AoMEE\reports\materials_xml\lp special e petesuchos_boreda_0.mtrl.xml","Special E Petesuchos","0",""
"special e petesuchos.tga","Other","D:\AI_upscaling\AoMEE\reports\materials_xml\lp special e petesuchos_boreda_1.mtrl.xml","Special E Petesuchos","4",""
"special e petesuchos.tga","Other","D:\AI_upscaling\AoMEE\reports\materials_xml\lp special e petesuchos_deatha_0.mtrl.xml","Special E Petesuchos","0",""
"special e petesuchos.tga","Other","D:\AI_upscaling\AoMEE\reports\materials_xml\lp special e petesuchos_deatha_1.mtrl.xml","Special E Petesuchos","6",""
"special e petesuchos.tga","Other","D:\AI_upscaling\AoMEE\reports\materials_xml\lp special e petesuchos_flaila_0.mtrl.xml","Special E Petesuchos","0",""
"special e petesuchos.tga","Other","D:\AI_upscaling\AoMEE\reports\materials_xml\lp special e petesuchos_flaila_1.mtrl.xml","Special E Petesuchos","4",""
"special e petesuchos.tga","Other","D:\AI_upscaling\AoMEE\reports\materials_xml\lp special e petesuchos_idlea_0.mtrl.xml","Special E Petesuchos","0",""
"special e petesuchos.tga","Other","D:\AI_upscaling\AoMEE\reports\materials_xml\lp special e petesuchos_idlea_1.mtrl.xml","Special E Petesuchos","4",""
"special e petesuchos.tga","Other","D:\AI_upscaling\AoMEE\reports\materials_xml\lp special e petesuchos_specialattacka_0.mtrl.xml","Special E Petesuchos","0",""
"special e petesuchos.tga","Other","D:\AI_upscaling\AoMEE\reports\materials_xml\lp special e petesuchos_specialattacka_1.mtrl.xml","Special E Petesuchos","4",""
"special e petesuchos.tga","Other","D:\AI_upscaling\AoMEE\reports\materials_xml\lp special e petesuchos_walka_0.mtrl.xml","Special E Petesuchos","0",""
"special e petesuchos.tga","Other","D:\AI_upscaling\AoMEE\reports\materials_xml\lp special e petesuchos_walka_1.mtrl.xml","Special E Petesuchos","4",""
"special e roc basket.tga","Other","D:\AI_upscaling\AoMEE\reports\materials_xml\lp special e roc_deatha_0.mtrl.xml","Special E Roc Basket","0",""
"special e roc basket.tga","Other","D:\AI_upscaling\AoMEE\reports\materials_xml\lp special e roc_deatha_1.mtrl.xml","Special E Roc Basket","4",""
"special e roc basket.tga","Other","D:\AI_upscaling\AoMEE\reports\materials_xml\lp special e roc_flaila_0.mtrl.xml","Special E Roc Basket","0",""
"special e roc basket.tga","Other","D:\AI_upscaling\AoMEE\reports\materials_xml\lp special e roc_flaila_1.mtrl.xml","Special E Roc Basket","4",""
"special e roc basket.tga","Other","D:\AI_upscaling\AoMEE\reports\materials_xml\lp special e roc_idlea_0.mtrl.xml","Special E Roc Basket","0",""
"special e roc basket.tga","Other","D:\AI_upscaling\AoMEE\reports\materials_xml\lp special e roc_idlea_1.mtrl.xml","Special E Roc Basket","4",""
"special e roc basket.tga","Other","D:\AI_upscaling\AoMEE\reports\materials_xml\lp special e roc_walka_0.mtrl.xml","Special E Roc Basket","0",""
"special e roc basket.tga","Other","D:\AI_upscaling\AoMEE\reports\materials_xml\lp special e roc_walka_1.mtrl.xml","Special E Roc Basket","4",""
"special g centaur low.tga","Other","D:\AI_upscaling\AoMEE\reports\materials_xml\lp special g centaur_attacka_1.mtrl.xml","Special G Centaur Low","0",""
"special g centaur low.tga","Other","D:\AI_upscaling\AoMEE\reports\materials_xml\lp special g centaur_attacka_2.mtrl.xml","Special G Centaur Low","1",""
"special g centaur low.tga","Other","D:\AI_upscaling\AoMEE\reports\materials_xml\lp special g centaur_attackb_0.mtrl.xml","Special G Centaur Low","0",""
"special g centaur low.tga","Other","D:\AI_upscaling\AoMEE\reports\materials_xml\lp special g centaur_attackb_2.mtrl.xml","Special G Centaur Low","1",""
"special g centaur low.tga","Other","D:\AI_upscaling\AoMEE\reports\materials_xml\lp special g centaur_birtha_0.mtrl.xml","Special G Centaur Low","0",""
"special g centaur low.tga","Other","D:\AI_upscaling\AoMEE\reports\materials_xml\lp special g centaur_birtha_1.mtrl.xml","Special G Centaur Low","1",""
"special g centaur low.tga","Other","D:\AI_upscaling\AoMEE\reports\materials_xml\lp special g centaur_boreda_0.mtrl.xml","Special G Centaur Low","0",""
"special g centaur low.tga","Other","D:\AI_upscaling\AoMEE\reports\materials_xml\lp special g centaur_boreda_1.mtrl.xml","Special G Centaur Low","1",""
"special g centaur low.tga","Other","D:\AI_upscaling\AoMEE\reports\materials_xml\lp special g centaur_boredb_0.mtrl.xml","Special G Centaur Low","0",""
"special g centaur low.tga","Other","D:\AI_upscaling\AoMEE\reports\materials_xml\lp special g centaur_boredb_1.mtrl.xml","Special G Centaur Low","1",""
"special g centaur low.tga","Other","D:\AI_upscaling\AoMEE\reports\materials_xml\lp special g centaur_deatha_0.mtrl.xml","Special G Centaur Low","0",""
"special g centaur low.tga","Other","D:\AI_upscaling\AoMEE\reports\materials_xml\lp special g centaur_deatha_1.mtrl.xml","Special G Centaur Low","1",""
"special g centaur low.tga","Other","D:\AI_upscaling\AoMEE\reports\materials_xml\lp special g centaur_flaila_0.mtrl.xml","Special G Centaur Low","0",""
"special g centaur low.tga","Other","D:\AI_upscaling\AoMEE\reports\materials_xml\lp special g centaur_flaila_1.mtrl.xml","Special G Centaur Low","1",""
"special g centaur low.tga","Other","D:\AI_upscaling\AoMEE\reports\materials_xml\lp special g centaur_idlea_0.mtrl.xml","Special G Centaur Low","0",""
"special g centaur low.tga","Other","D:\AI_upscaling\AoMEE\reports\materials_xml\lp special g centaur_idlea_1.mtrl.xml","Special G Centaur Low","1",""
"special g centaur low.tga","Other","D:\AI_upscaling\AoMEE\reports\materials_xml\lp special g centaur_specialattacka_0.mtrl.xml","Special G Centaur Low","0",""
"special g centaur low.tga","Other","D:\AI_upscaling\AoMEE\reports\materials_xml\lp special g centaur_specialattacka_1.mtrl.xml","Special G Centaur Low","1",""
"special g centaur low.tga","Other","D:\AI_upscaling\AoMEE\reports\materials_xml\lp special g centaur_walka_0.mtrl.xml","Special G Centaur Low","0",""
"special g centaur low.tga","Other","D:\AI_upscaling\AoMEE\reports\materials_xml\lp special g centaur_walka_1.mtrl.xml","Special G Centaur Low","1",""
"special g cyclops.tga","Other","D:\AI_upscaling\AoMEE\reports\materials_xml\lp special g cyclops_attacka_1.mtrl.xml","Special G Cyclops","0",""
"special g cyclops.tga","Other","D:\AI_upscaling\AoMEE\reports\materials_xml\lp special g cyclops_attacka_2.mtrl.xml","Special G Cyclops","1",""
"special g cyclops.tga","Other","D:\AI_upscaling\AoMEE\reports\materials_xml\lp special g cyclops_attackb_1.mtrl.xml","Special G Cyclops","0",""
"special g cyclops.tga","Other","D:\AI_upscaling\AoMEE\reports\materials_xml\lp special g cyclops_attackb_2.mtrl.xml","Special G Cyclops","1",""
"special g cyclops.tga","Other","D:\AI_upscaling\AoMEE\reports\materials_xml\lp special g cyclops_birtha_1.mtrl.xml","Special G Cyclops","0",""
"special g cyclops.tga","Other","D:\AI_upscaling\AoMEE\reports\materials_xml\lp special g cyclops_birtha_2.mtrl.xml","Special G Cyclops","1",""
"special g cyclops.tga","Other","D:\AI_upscaling\AoMEE\reports\materials_xml\lp special g cyclops_boreda_1.mtrl.xml","Special G Cyclops","0",""
"special g cyclops.tga","Other","D:\AI_upscaling\AoMEE\reports\materials_xml\lp special g cyclops_boreda_2.mtrl.xml","Special G Cyclops","1",""
"special g cyclops.tga","Other","D:\AI_upscaling\AoMEE\reports\materials_xml\lp special g cyclops_boredb_1.mtrl.xml","Special G Cyclops","0",""
"special g cyclops.tga","Other","D:\AI_upscaling\AoMEE\reports\materials_xml\lp special g cyclops_boredb_2.mtrl.xml","Special G Cyclops","1",""
"special g cyclops.tga","Other","D:\AI_upscaling\AoMEE\reports\materials_xml\lp special g cyclops_deathb_1.mtrl.xml","Special G Cyclops","0",""
"special g cyclops.tga","Other","D:\AI_upscaling\AoMEE\reports\materials_xml\lp special g cyclops_deathb_2.mtrl.xml","Special G Cyclops","3",""
"special g cyclops.tga","Other","D:\AI_upscaling\AoMEE\reports\materials_xml\lp special g cyclops_flaila_1.mtrl.xml","Special G Cyclops","0",""
"special g cyclops.tga","Other","D:\AI_upscaling\AoMEE\reports\materials_xml\lp special g cyclops_flaila_2.mtrl.xml","Special G Cyclops","1",""
"special g cyclops.tga","Other","D:\AI_upscaling\AoMEE\reports\materials_xml\lp special g cyclops_humanthrow_1.mtrl.xml","Special G Cyclops","0",""
"special g cyclops.tga","Other","D:\AI_upscaling\AoMEE\reports\materials_xml\lp special g cyclops_humanthrow_2.mtrl.xml","Special G Cyclops","1",""
"special g cyclops.tga","Other","D:\AI_upscaling\AoMEE\reports\materials_xml\lp special g cyclops_idlea_1.mtrl.xml","Special G Cyclops","0",""
"special g cyclops.tga","Other","D:\AI_upscaling\AoMEE\reports\materials_xml\lp special g cyclops_idlea_2.mtrl.xml","Special G Cyclops","1",""
"special g cyclops.tga","Other","D:\AI_upscaling\AoMEE\reports\materials_xml\lp special g cyclops_walka_1.mtrl.xml","Special G Cyclops","0",""
"special g cyclops.tga","Other","D:\AI_upscaling\AoMEE\reports\materials_xml\lp special g cyclops_walka_2.mtrl.xml","Special G Cyclops","1",""
"platform map.tga","Other","D:\AI_upscaling\AoMEE\reports\materials_xml\lp statue x gaia base_0.mtrl.xml","Platform Map","0",""
"platform map.tga","Other","D:\AI_upscaling\AoMEE\reports\materials_xml\lp statue x gaia base_1.mtrl.xml","Platform Map","4",""
"platform map.tga","Other","D:\AI_upscaling\AoMEE\reports\materials_xml\lp statue x kronos base_0.mtrl.xml","Platform Map","0",""
"platform map.tga","Other","D:\AI_upscaling\AoMEE\reports\materials_xml\lp statue x kronos base_1.mtrl.xml","Platform Map","4",""
"platform map.tga","Other","D:\AI_upscaling\AoMEE\reports\materials_xml\lp statue x oranos base_0.mtrl.xml","Platform Map","0",""
"platform map.tga","Other","D:\AI_upscaling\AoMEE\reports\materials_xml\lp statue x oranos base_1.mtrl.xml","Platform Map","4",""
"trade e caravan basket.tga","Other","D:\AI_upscaling\AoMEE\reports\materials_xml\lp trade e caravan loaded_boreda_0.mtrl.xml","Trade E Caravan Basket","0",""
"trade e caravan basket.tga","Other","D:\AI_upscaling\AoMEE\reports\materials_xml\lp trade e caravan loaded_boreda_1.mtrl.xml","Trade E Caravan Basket","4",""
"trade e caravan basket.tga","Other","D:\AI_upscaling\AoMEE\reports\materials_xml\lp trade e caravan loaded_boredb_0.mtrl.xml","Trade E Caravan Basket","0",""
"trade e caravan basket.tga","Other","D:\AI_upscaling\AoMEE\reports\materials_xml\lp trade e caravan loaded_boredb_1.mtrl.xml","Trade E Caravan Basket","4",""
"trade e caravan basket.tga","Other","D:\AI_upscaling\AoMEE\reports\materials_xml\lp trade e caravan loaded_deatha_1.mtrl.xml","Trade E Caravan Basket","0",""
"trade e caravan basket.tga","Other","D:\AI_upscaling\AoMEE\reports\materials_xml\lp trade e caravan loaded_deatha_2.mtrl.xml","Trade E Caravan Basket","4",""
"trade e caravan basket.tga","Other","D:\AI_upscaling\AoMEE\reports\materials_xml\lp trade e caravan loaded_flaila_0.mtrl.xml","Trade E Caravan Basket","0",""
"trade e caravan basket.tga","Other","D:\AI_upscaling\AoMEE\reports\materials_xml\lp trade e caravan loaded_flaila_1.mtrl.xml","Trade E Caravan Basket","4",""
"trade e caravan basket.tga","Other","D:\AI_upscaling\AoMEE\reports\materials_xml\lp trade e caravan loaded_idlea_0.mtrl.xml","Trade E Caravan Basket","0",""
"trade e caravan basket.tga","Other","D:\AI_upscaling\AoMEE\reports\materials_xml\lp trade e caravan loaded_idlea_1.mtrl.xml","Trade E Caravan Basket","4",""
"trade e caravan basket.tga","Other","D:\AI_upscaling\AoMEE\reports\materials_xml\lp trade e caravan loaded_walka_0.mtrl.xml","Trade E Caravan Basket","0",""
"trade e caravan basket.tga","Other","D:\AI_upscaling\AoMEE\reports\materials_xml\lp trade e caravan loaded_walka_1.mtrl.xml","Trade E Caravan Basket","4",""
"trade e caravan basket.tga","Other","D:\AI_upscaling\AoMEE\reports\materials_xml\lp trade e caravan_boreda_0.mtrl.xml","Trade E Caravan Basket","0",""
"trade e caravan basket.tga","Other","D:\AI_upscaling\AoMEE\reports\materials_xml\lp trade e caravan_boreda_1.mtrl.xml","Trade E Caravan Basket","4",""
"trade e caravan basket.tga","Other","D:\AI_upscaling\AoMEE\reports\materials_xml\lp trade e caravan_deatha_0.mtrl.xml","Trade E Caravan Basket","0",""
"trade e caravan basket.tga","Other","D:\AI_upscaling\AoMEE\reports\materials_xml\lp trade e caravan_deatha_1.mtrl.xml","Trade E Caravan Basket","4",""
"trade e caravan basket.tga","Other","D:\AI_upscaling\AoMEE\reports\materials_xml\lp trade e caravan_flaila_0.mtrl.xml","Trade E Caravan Basket","0",""
"trade e caravan basket.tga","Other","D:\AI_upscaling\AoMEE\reports\materials_xml\lp trade e caravan_flaila_1.mtrl.xml","Trade E Caravan Basket","4",""
"trade e caravan basket.tga","Other","D:\AI_upscaling\AoMEE\reports\materials_xml\lp trade e caravan_idlea_0.mtrl.xml","Trade E Caravan Basket","0",""
"trade e caravan basket.tga","Other","D:\AI_upscaling\AoMEE\reports\materials_xml\lp trade e caravan_idlea_1.mtrl.xml","Trade E Caravan Basket","4",""
"trade e caravan basket.tga","Other","D:\AI_upscaling\AoMEE\reports\materials_xml\lp trade e caravan_walka_0.mtrl.xml","Trade E Caravan Basket","0",""
"trade e caravan basket.tga","Other","D:\AI_upscaling\AoMEE\reports\materials_xml\lp trade e caravan_walka_1.mtrl.xml","Trade E Caravan Basket","4",""
"villager n oxcart.tga","Other","D:\AI_upscaling\AoMEE\reports\materials_xml\lp villager n oxcart_boreda_0.mtrl.xml","Villager N Oxcart","0",""
"villager n oxcart.tga","Other","D:\AI_upscaling\AoMEE\reports\materials_xml\lp villager n oxcart_boreda_1.mtrl.xml","Villager N Oxcart","4",""
"villager n oxcart.tga","Other","D:\AI_upscaling\AoMEE\reports\materials_xml\lp villager n oxcart_deatha_0.mtrl.xml","Villager N Oxcart","0",""
"villager n oxcart.tga","Other","D:\AI_upscaling\AoMEE\reports\materials_xml\lp villager n oxcart_deatha_1.mtrl.xml","Villager N Oxcart","4",""
"villager n oxcart.tga","Other","D:\AI_upscaling\AoMEE\reports\materials_xml\lp villager n oxcart_flaila_0.mtrl.xml","Villager N Oxcart","0",""
"villager n oxcart.tga","Other","D:\AI_upscaling\AoMEE\reports\materials_xml\lp villager n oxcart_flaila_1.mtrl.xml","Villager N Oxcart","4",""
"villager n oxcart.tga","Other","D:\AI_upscaling\AoMEE\reports\materials_xml\lp villager n oxcart_idlea_0.mtrl.xml","Villager N Oxcart","0",""
"villager n oxcart.tga","Other","D:\AI_upscaling\AoMEE\reports\materials_xml\lp villager n oxcart_idlea_1.mtrl.xml","Villager N Oxcart","4",""
"villager n oxcart.tga","Other","D:\AI_upscaling\AoMEE\reports\materials_xml\lp villager n oxcart_walka_0.mtrl.xml","Villager N Oxcart","0",""
"villager n oxcart.tga","Other","D:\AI_upscaling\AoMEE\reports\materials_xml\lp villager n oxcart_walka_1.mtrl.xml","Villager N Oxcart","4",""
"world e statue isis.tga","World/Terrain","D:\AI_upscaling\AoMEE\reports\materials_xml\lp world e isis stand_0.mtrl.xml","World E Statue Isis","0",""
"world e statue isis.tga","World/Terrain","D:\AI_upscaling\AoMEE\reports\materials_xml\lp world e isis stand_1.mtrl.xml","World E Statue Isis","4",""
"world e statue isis.tga","World/Terrain","D:\AI_upscaling\AoMEE\reports\materials_xml\lp world e ra stand_0.mtrl.xml","World E Statue Isis","0",""
"world e statue isis.tga","World/Terrain","D:\AI_upscaling\AoMEE\reports\materials_xml\lp world e ra stand_1.mtrl.xml","World E Statue Isis","4",""
"world e statue isis.tga","World/Terrain","D:\AI_upscaling\AoMEE\reports\materials_xml\lp world e set stand_0.mtrl.xml","World E Statue Isis","0",""
"world e statue isis.tga","World/Terrain","D:\AI_upscaling\AoMEE\reports\materials_xml\lp world e set stand_1.mtrl.xml","World E Statue Isis","4",""
"world e statue isis.tga","World/Terrain","D:\AI_upscaling\AoMEE\reports\materials_xml\lp world egyptian stand_0.mtrl.xml","World E Statue Isis","0",""
"world e statue isis.tga","World/Terrain","D:\AI_upscaling\AoMEE\reports\materials_xml\lp world egyptian stand_1.mtrl.xml","World E Statue Isis","4",""
"special e roc basket.tga","Other","D:\AI_upscaling\AoMEE\reports\materials_xml\lp world roc tent_0.mtrl.xml","Special E Roc Basket","0",""
"special e roc basket.tga","Other","D:\AI_upscaling\AoMEE\reports\materials_xml\lp world roc tent_1.mtrl.xml","Special E Roc Basket","4",""
"building g wallsage3.tga","Building","D:\AI_upscaling\AoMEE\reports\materials_xml\miniatlantis_1.mtrl.xml","Building G WallsAge3","0",""
"building g wallsage3.tga","Building","D:\AI_upscaling\AoMEE\reports\materials_xml\miniatlantis_3.mtrl.xml","Building G WallsAge3","4",""
"building g fortifiedwall.tga","Building","D:\AI_upscaling\AoMEE\reports\materials_xml\miniatlantis_4.mtrl.xml","Building G Fortifiedwall","4",""
"infantry g myrmidon head iron.tga","Other","D:\AI_upscaling\AoMEE\reports\materials_xml\myrmidon_x03comehere_2.mtrl.xml","Infantry G Myrmidon Head Iron","4",""
"infantry g myrmidon head iron.tga","Other","D:\AI_upscaling\AoMEE\reports\materials_xml\myrmidon_x03youtell_2.mtrl.xml","Infantry G Myrmidon Head Iron","4",""
"siege n ballista bolt.tga","Other","D:\AI_upscaling\AoMEE\reports\materials_xml\naval x siege ship_attacka_0.mtrl.xml","Siege N Ballista Bolt","0",""
"siege n ballista bolt.tga","Other","D:\AI_upscaling\AoMEE\reports\materials_xml\naval x siege ship_attacka_1.mtrl.xml","Siege N Ballista Bolt","4",""
"siege n ballista bolt.tga","Other","D:\AI_upscaling\AoMEE\reports\materials_xml\naval x siege ship_boreda_0.mtrl.xml","Siege N Ballista Bolt","0",""
"siege n ballista bolt.tga","Other","D:\AI_upscaling\AoMEE\reports\materials_xml\naval x siege ship_boreda_1.mtrl.xml","Siege N Ballista Bolt","4",""
"siege n ballista bolt.tga","Other","D:\AI_upscaling\AoMEE\reports\materials_xml\naval x siege ship_deatha_0.mtrl.xml","Siege N Ballista Bolt","0",""
"siege n ballista bolt.tga","Other","D:\AI_upscaling\AoMEE\reports\materials_xml\naval x siege ship_deatha_1.mtrl.xml","Siege N Ballista Bolt","4",""
"siege n ballista bolt.tga","Other","D:\AI_upscaling\AoMEE\reports\materials_xml\naval x siege ship_idlea_0.mtrl.xml","Siege N Ballista Bolt","0",""
"siege n ballista bolt.tga","Other","D:\AI_upscaling\AoMEE\reports\materials_xml\naval x siege ship_idlea_1.mtrl.xml","Siege N Ballista Bolt","4",""
"siege n ballista bolt.tga","Other","D:\AI_upscaling\AoMEE\reports\materials_xml\naval x siege ship_walka_0.mtrl.xml","Siege N Ballista Bolt","0",""
"siege n ballista bolt.tga","Other","D:\AI_upscaling\AoMEE\reports\materials_xml\naval x siege ship_walka_1.mtrl.xml","Siege N Ballista Bolt","4",""
"siege n ballista bolt.tga","Other","D:\AI_upscaling\AoMEE\reports\materials_xml\nohuskarl_aomsp33midspeared_0.mtrl.xml","Siege N Ballista Bolt","0",""
"siege n ballista bolt.tga","Other","D:\AI_upscaling\AoMEE\reports\materials_xml\nohuskarl_aomsp33midspeared_1.mtrl.xml","Siege N Ballista Bolt","4",""
"building e shared02 2 map.tga","Building","D:\AI_upscaling\AoMEE\reports\materials_xml\obelisk_1.mtrl.xml","Building E shared02 2 map","4",""
"cine g poseidon stone.tga","Other","D:\AI_upscaling\AoMEE\reports\materials_xml\poseidona_aomsp35finaldeathidle_5.mtrl.xml","Cine G Poseidon Stone","4",""
"cine g poseidon stone.tga","Other","D:\AI_upscaling\AoMEE\reports\materials_xml\poseidona_aomsp35finaldeath_5.mtrl.xml","Cine G Poseidon Stone","0",""
"cine g poseidon stone.tga","Other","D:\AI_upscaling\AoMEE\reports\materials_xml\poseidona_aomsp35finaldeath_7.mtrl.xml","Cine G Poseidon Stone","4",""
"cine g poseidon stone.tga","Other","D:\AI_upscaling\AoMEE\reports\materials_xml\poseidona_aomsp35finale_7.mtrl.xml","Cine G Poseidon Stone","0",""
"cine g poseidon stone.tga","Other","D:\AI_upscaling\AoMEE\reports\materials_xml\poseidona_aomsp35finale_8.mtrl.xml","Cine G Poseidon Stone","4",""
"projectile a ballista arrow.tga","Other","D:\AI_upscaling\AoMEE\reports\materials_xml\projectile a ballista arrow_0.mtrl.xml","Projectile A Ballista Arrow","4",""
"projectile a ballista arrow.tga","Other","D:\AI_upscaling\AoMEE\reports\materials_xml\projectile a ballista arrow_1.mtrl.xml","Projectile A Ballista Arrow","4",""
"projectile a ballista arrow.tga","Other","D:\AI_upscaling\AoMEE\reports\materials_xml\projectile a ballista arrow_boreda_0.mtrl.xml","Projectile A Ballista Arrow","4",""
"projectile a ballista arrow.tga","Other","D:\AI_upscaling\AoMEE\reports\materials_xml\projectile a ballista arrow_boreda_1.mtrl.xml","Projectile A Ballista Arrow","4",""
"special e roc basket.tga","Other","D:\AI_upscaling\AoMEE\reports\materials_xml\roc_x07drop_0.mtrl.xml","Special E Roc Basket","0",""
"special e roc basket.tga","Other","D:\AI_upscaling\AoMEE\reports\materials_xml\roc_x07drop_1.mtrl.xml","Special E Roc Basket","4",""
"scenario n reginleif map.tga","Other","D:\AI_upscaling\AoMEE\reports\materials_xml\scenario n reginleif_boreda_2.mtrl.xml","Scenario N Reginleif map","0",""
"scenario n reginleif map.tga","Other","D:\AI_upscaling\AoMEE\reports\materials_xml\scenario n reginleif_boreda_3.mtrl.xml","Scenario N Reginleif map","4",""
"scenario n reginleif map.tga","Other","D:\AI_upscaling\AoMEE\reports\materials_xml\scenario n reginleif_boredb_2.mtrl.xml","Scenario N Reginleif map","0",""
"scenario n reginleif map.tga","Other","D:\AI_upscaling\AoMEE\reports\materials_xml\scenario n reginleif_boredb_3.mtrl.xml","Scenario N Reginleif map","4",""
"scenario n reginleif map.tga","Other","D:\AI_upscaling\AoMEE\reports\materials_xml\scenario n reginleif_carrya_2.mtrl.xml","Scenario N Reginleif map","0",""
"scenario n reginleif map.tga","Other","D:\AI_upscaling\AoMEE\reports\materials_xml\scenario n reginleif_carrya_3.mtrl.xml","Scenario N Reginleif map","4",""
"scenario n reginleif map.tga","Other","D:\AI_upscaling\AoMEE\reports\materials_xml\scenario n reginleif_carryboreda_2.mtrl.xml","Scenario N Reginleif map","0",""
"scenario n reginleif map.tga","Other","D:\AI_upscaling\AoMEE\reports\materials_xml\scenario n reginleif_carryboreda_3.mtrl.xml","Scenario N Reginleif map","4",""
"scenario n reginleif map.tga","Other","D:\AI_upscaling\AoMEE\reports\materials_xml\scenario n reginleif_carryidlea_2.mtrl.xml","Scenario N Reginleif map","0",""
"scenario n reginleif map.tga","Other","D:\AI_upscaling\AoMEE\reports\materials_xml\scenario n reginleif_carryidlea_3.mtrl.xml","Scenario N Reginleif map","4",""
"scenario n reginleif map.tga","Other","D:\AI_upscaling\AoMEE\reports\materials_xml\scenario n reginleif_deatha_2.mtrl.xml","Scenario N Reginleif map","0",""
"scenario n reginleif map.tga","Other","D:\AI_upscaling\AoMEE\reports\materials_xml\scenario n reginleif_deatha_3.mtrl.xml","Scenario N Reginleif map","4",""
"scenario n reginleif map.tga","Other","D:\AI_upscaling\AoMEE\reports\materials_xml\scenario n reginleif_flaila_2.mtrl.xml","Scenario N Reginleif map","0",""
"scenario n reginleif map.tga","Other","D:\AI_upscaling\AoMEE\reports\materials_xml\scenario n reginleif_flaila_3.mtrl.xml","Scenario N Reginleif map","4",""
"scenario n reginleif map.tga","Other","D:\AI_upscaling\AoMEE\reports\materials_xml\scenario n reginleif_heala_2.mtrl.xml","Scenario N Reginleif map","0",""
"scenario n reginleif map.tga","Other","D:\AI_upscaling\AoMEE\reports\materials_xml\scenario n reginleif_heala_3.mtrl.xml","Scenario N Reginleif map","4",""
"scenario n reginleif map.tga","Other","D:\AI_upscaling\AoMEE\reports\materials_xml\scenario n reginleif_idlea_2.mtrl.xml","Scenario N Reginleif map","0",""
"scenario n reginleif map.tga","Other","D:\AI_upscaling\AoMEE\reports\materials_xml\scenario n reginleif_idlea_3.mtrl.xml","Scenario N Reginleif map","4",""
"scenario n reginleif map.tga","Other","D:\AI_upscaling\AoMEE\reports\materials_xml\scenario n reginleif_rangedattacka_2.mtrl.xml","Scenario N Reginleif map","0",""
"scenario n reginleif map.tga","Other","D:\AI_upscaling\AoMEE\reports\materials_xml\scenario n reginleif_rangedattacka_3.mtrl.xml","Scenario N Reginleif map","4",""
"scenario n reginleif map.tga","Other","D:\AI_upscaling\AoMEE\reports\materials_xml\scenario n reginleif_recovera_2.mtrl.xml","Scenario N Reginleif map","0",""
"scenario n reginleif map.tga","Other","D:\AI_upscaling\AoMEE\reports\materials_xml\scenario n reginleif_recovera_3.mtrl.xml","Scenario N Reginleif map","4",""
"scenario n reginleif map.tga","Other","D:\AI_upscaling\AoMEE\reports\materials_xml\scenario n reginleif_walka_2.mtrl.xml","Scenario N Reginleif map","0",""
"scenario n reginleif map.tga","Other","D:\AI_upscaling\AoMEE\reports\materials_xml\scenario n reginleif_walka_3.mtrl.xml","Scenario N Reginleif map","4",""
"scenario t troy wall long.tga","Building","D:\AI_upscaling\AoMEE\reports\materials_xml\scenario t wall connector_0.mtrl.xml","scenario t troy wall long","0",""
"scenario t troy wall long.tga","Building","D:\AI_upscaling\AoMEE\reports\materials_xml\scenario t wall connector_1.mtrl.xml","scenario t troy wall long","4",""
"scenario t troy wall long.tga","Building","D:\AI_upscaling\AoMEE\reports\materials_xml\scenario t wall gate deadb_1.mtrl.xml","scenario t troy wall long","0",""
"scenario t troy wall long.tga","Building","D:\AI_upscaling\AoMEE\reports\materials_xml\scenario t wall gate deadb_2.mtrl.xml","scenario t troy wall long","4",""
"scenario t troy wall long dead.tga","Building","D:\AI_upscaling\AoMEE\reports\materials_xml\scenario t wall gate dead_1.mtrl.xml","scenario t troy wall long dead","0",""
"scenario t troy wall long dead.tga","Building","D:\AI_upscaling\AoMEE\reports\materials_xml\scenario t wall gate dead_2.mtrl.xml","scenario t troy wall long dead","4",""
"scenario t troy wall long dead.tga","Building","D:\AI_upscaling\AoMEE\reports\materials_xml\scenario t wall gateb_0.mtrl.xml","scenario t troy wall long dead","4",""
"scenario t troy wall long dead.tga","Building","D:\AI_upscaling\AoMEE\reports\materials_xml\scenario t wall gateb_1.mtrl.xml","scenario t troy wall long dead","0",""
"scenario t troy wall long dead.tga","Building","D:\AI_upscaling\AoMEE\reports\materials_xml\scenario t wall gateb_closing_0.mtrl.xml","scenario t troy wall long dead","4",""
"scenario t troy wall long dead.tga","Building","D:\AI_upscaling\AoMEE\reports\materials_xml\scenario t wall gateb_closing_1.mtrl.xml","scenario t troy wall long dead","0",""
"scenario t troy wall long dead.tga","Building","D:\AI_upscaling\AoMEE\reports\materials_xml\scenario t wall gateb_opening_0.mtrl.xml","scenario t troy wall long dead","4",""
"scenario t troy wall long dead.tga","Building","D:\AI_upscaling\AoMEE\reports\materials_xml\scenario t wall gateb_opening_1.mtrl.xml","scenario t troy wall long dead","0",""
"scenario t troy wall long.tga","Building","D:\AI_upscaling\AoMEE\reports\materials_xml\scenario t wall gate_1.mtrl.xml","scenario t troy wall long","0",""
"scenario t troy wall long.tga","Building","D:\AI_upscaling\AoMEE\reports\materials_xml\scenario t wall gate_2.mtrl.xml","scenario t troy wall long","4",""
"scenario t troy wall long.tga","Building","D:\AI_upscaling\AoMEE\reports\materials_xml\scenario t wall gate_close_1.mtrl.xml","scenario t troy wall long","0",""
"scenario t troy wall long.tga","Building","D:\AI_upscaling\AoMEE\reports\materials_xml\scenario t wall gate_close_2.mtrl.xml","scenario t troy wall long","4",""
"scenario t troy wall long.tga","Building","D:\AI_upscaling\AoMEE\reports\materials_xml\scenario t wall gate_closing_1.mtrl.xml","scenario t troy wall long","0",""
"scenario t troy wall long.tga","Building","D:\AI_upscaling\AoMEE\reports\materials_xml\scenario t wall gate_closing_2.mtrl.xml","scenario t troy wall long","4",""
"scenario t troy wall long.tga","Building","D:\AI_upscaling\AoMEE\reports\materials_xml\scenario t wall gate_opening_1.mtrl.xml","scenario t troy wall long","0",""
"scenario t troy wall long.tga","Building","D:\AI_upscaling\AoMEE\reports\materials_xml\scenario t wall gate_opening_2.mtrl.xml","scenario t troy wall long","4",""
"scenario t troy wall long.tga","Building","D:\AI_upscaling\AoMEE\reports\materials_xml\scenario t wall gate_open_1.mtrl.xml","scenario t troy wall long","0",""
"scenario t troy wall long.tga","Building","D:\AI_upscaling\AoMEE\reports\materials_xml\scenario t wall gate_open_2.mtrl.xml","scenario t troy wall long","4",""
"scenario t troy wall long.tga","Building","D:\AI_upscaling\AoMEE\reports\materials_xml\scenario t wall long_0.mtrl.xml","scenario t troy wall long","0",""
"scenario t troy wall long.tga","Building","D:\AI_upscaling\AoMEE\reports\materials_xml\scenario t wall long_1.mtrl.xml","scenario t troy wall long","4",""
"scenario t troy wall long.tga","Building","D:\AI_upscaling\AoMEE\reports\materials_xml\scenario t wall short_0.mtrl.xml","scenario t troy wall long","0",""
"scenario t troy wall long.tga","Building","D:\AI_upscaling\AoMEE\reports\materials_xml\scenario t wall short_1.mtrl.xml","scenario t troy wall long","4",""
"siege e catapult.tga","Other","D:\AI_upscaling\AoMEE\reports\materials_xml\seige e catapult_dead_1.mtrl.xml","Siege E Catapult","4",""
"siege e catapult.tga","Other","D:\AI_upscaling\AoMEE\reports\materials_xml\seige e catapult_dead_2.mtrl.xml","Siege E Catapult","0",""
"sfx e citadel age4.tga","Other","D:\AI_upscaling\AoMEE\reports\materials_xml\sfx e age4 citadel_0.mtrl.xml","SFX E Citadel Age4","0",""
"sfx e citadel age4.tga","Other","D:\AI_upscaling\AoMEE\reports\materials_xml\sfx e age4 citadel_1.mtrl.xml","SFX E Citadel Age4","4",""
"sfx e citadel age4.tga","Other","D:\AI_upscaling\AoMEE\reports\materials_xml\sfx e age4 citadel_birtha_0.mtrl.xml","SFX E Citadel Age4","0",""
"sfx e citadel age4.tga","Other","D:\AI_upscaling\AoMEE\reports\materials_xml\sfx e age4 citadel_birtha_1.mtrl.xml","SFX E Citadel Age4","4",""
"sfx e citadel age4.tga","Other","D:\AI_upscaling\AoMEE\reports\materials_xml\sfx e age4 citadel_deatha_0.mtrl.xml","SFX E Citadel Age4","0",""
"sfx e citadel age4.tga","Other","D:\AI_upscaling\AoMEE\reports\materials_xml\sfx e age4 citadel_deatha_1.mtrl.xml","SFX E Citadel Age4","4",""
"sfx e citadel.tga","Other","D:\AI_upscaling\AoMEE\reports\materials_xml\sfx e citadel_0.mtrl.xml","SFX E Citadel","0",""
"sfx e citadel.tga","Other","D:\AI_upscaling\AoMEE\reports\materials_xml\sfx e citadel_1.mtrl.xml","SFX E Citadel","4",""
"sfx e citadel.tga","Other","D:\AI_upscaling\AoMEE\reports\materials_xml\sfx e citadel_birtha_0.mtrl.xml","SFX E Citadel","0",""
"sfx e citadel.tga","Other","D:\AI_upscaling\AoMEE\reports\materials_xml\sfx e citadel_birtha_1.mtrl.xml","SFX E Citadel","4",""
"sfx e citadel.tga","Other","D:\AI_upscaling\AoMEE\reports\materials_xml\sfx e citadel_deatha_0.mtrl.xml","SFX E Citadel","0",""
"sfx e citadel.tga","Other","D:\AI_upscaling\AoMEE\reports\materials_xml\sfx e citadel_deatha_1.mtrl.xml","SFX E Citadel","4",""
"sfx g plenty.tga","Other","D:\AI_upscaling\AoMEE\reports\materials_xml\sfx g plenty koth_0.mtrl.xml","SFX G Plenty","0",""
"sfx g plenty.tga","Other","D:\AI_upscaling\AoMEE\reports\materials_xml\sfx g plenty koth_1.mtrl.xml","SFX G Plenty","4",""
"sfx g plenty.tga","Other","D:\AI_upscaling\AoMEE\reports\materials_xml\sfx g plenty_0.mtrl.xml","SFX G Plenty","0",""
"sfx g plenty.tga","Other","D:\AI_upscaling\AoMEE\reports\materials_xml\sfx g plenty_1.mtrl.xml","SFX G Plenty","4",""
"siege c sitting tiger.tga","Other","D:\AI_upscaling\AoMEE\reports\materials_xml\siege c sitting tiger_attacka_0.mtrl.xml","Siege C Sitting Tiger","4",""
"siege c sitting tiger.tga","Other","D:\AI_upscaling\AoMEE\reports\materials_xml\siege c sitting tiger_deatha_0.mtrl.xml","Siege C Sitting Tiger","4",""
"siege c sitting tiger.tga","Other","D:\AI_upscaling\AoMEE\reports\materials_xml\siege c sitting tiger_idlea_0.mtrl.xml","Siege C Sitting Tiger","4",""
"siege c sitting tiger.tga","Other","D:\AI_upscaling\AoMEE\reports\materials_xml\siege c sitting tiger_walka_0.mtrl.xml","Siege C Sitting Tiger","4",""
"siege e catapult.tga","Other","D:\AI_upscaling\AoMEE\reports\materials_xml\siege e catapult_attacka_0.mtrl.xml","Siege E Catapult","0",""
"siege e catapult.tga","Other","D:\AI_upscaling\AoMEE\reports\materials_xml\siege e catapult_attacka_1.mtrl.xml","Siege E Catapult","4",""
"siege e catapult.tga","Other","D:\AI_upscaling\AoMEE\reports\materials_xml\siege e catapult_deatha_0.mtrl.xml","Siege E Catapult","0",""
"siege e catapult.tga","Other","D:\AI_upscaling\AoMEE\reports\materials_xml\siege e catapult_deatha_1.mtrl.xml","Siege E Catapult","0",""
"siege e catapult.tga","Other","D:\AI_upscaling\AoMEE\reports\materials_xml\siege e catapult_deatha_2.mtrl.xml","Siege E Catapult","4",""
"siege e catapult.tga","Other","D:\AI_upscaling\AoMEE\reports\materials_xml\siege e catapult_idlea_1.mtrl.xml","Siege E Catapult","0",""
"siege e catapult.tga","Other","D:\AI_upscaling\AoMEE\reports\materials_xml\siege e catapult_idlea_2.mtrl.xml","Siege E Catapult","4",""
"siege e catapult.tga","Other","D:\AI_upscaling\AoMEE\reports\materials_xml\siege e catapult_walka_0.mtrl.xml","Siege E Catapult","0",""
"siege e catapult.tga","Other","D:\AI_upscaling\AoMEE\reports\materials_xml\siege e catapult_walka_2.mtrl.xml","Siege E Catapult","4",""
"siege g petrobolos iron.tga","Other","D:\AI_upscaling\AoMEE\reports\materials_xml\siege g petrobolos attacka_0.mtrl.xml","Siege G Petrobolos Iron","0",""
"siege g petrobolos iron.tga","Other","D:\AI_upscaling\AoMEE\reports\materials_xml\siege g petrobolos attacka_1.mtrl.xml","Siege G Petrobolos Iron","4",""
"siege g petrobolos.tga","Other","D:\AI_upscaling\AoMEE\reports\materials_xml\siege g petrobolos_attacka_1.mtrl.xml","Siege G Petrobolos","0",""
"siege g petrobolos.tga","Other","D:\AI_upscaling\AoMEE\reports\materials_xml\siege g petrobolos_attacka_2.mtrl.xml","Siege G Petrobolos","4",""
"siege g petrobolos.tga","Other","D:\AI_upscaling\AoMEE\reports\materials_xml\siege g petrobolos_deatha_0.mtrl.xml","Siege G Petrobolos","0",""
"siege g petrobolos.tga","Other","D:\AI_upscaling\AoMEE\reports\materials_xml\siege g petrobolos_deatha_1.mtrl.xml","Siege G Petrobolos","4",""
"siege g petrobolos.tga","Other","D:\AI_upscaling\AoMEE\reports\materials_xml\siege g petrobolos_idlea_0.mtrl.xml","Siege G Petrobolos","0",""
"siege g petrobolos.tga","Other","D:\AI_upscaling\AoMEE\reports\materials_xml\siege g petrobolos_idlea_1.mtrl.xml","Siege G Petrobolos","4",""
"siege g petrobolos.tga","Other","D:\AI_upscaling\AoMEE\reports\materials_xml\siege g petrobolos_walka_1.mtrl.xml","Siege G Petrobolos","0",""
"siege g petrobolos.tga","Other","D:\AI_upscaling\AoMEE\reports\materials_xml\siege g petrobolos_walka_2.mtrl.xml","Siege G Petrobolos","4",""
"siege n ballista bolt iron.tga","Other","D:\AI_upscaling\AoMEE\reports\materials_xml\siege n ballista projectile iron_0.mtrl.xml","Siege N Ballista Bolt Iron","0",""
"siege n ballista bolt iron.tga","Other","D:\AI_upscaling\AoMEE\reports\materials_xml\siege n ballista projectile iron_1.mtrl.xml","Siege N Ballista Bolt Iron","4",""
"siege n ballista bolt.tga","Other","D:\AI_upscaling\AoMEE\reports\materials_xml\siege n ballista projectile_0.mtrl.xml","Siege N Ballista Bolt","0",""
"siege n ballista bolt.tga","Other","D:\AI_upscaling\AoMEE\reports\materials_xml\siege n ballista projectile_1.mtrl.xml","Siege N Ballista Bolt","4",""
"siege n ballista bolt.tga","Other","D:\AI_upscaling\AoMEE\reports\materials_xml\siege n ballista_attacka_0.mtrl.xml","Siege N Ballista Bolt","0",""
"siege n ballista bolt.tga","Other","D:\AI_upscaling\AoMEE\reports\materials_xml\siege n ballista_attacka_1.mtrl.xml","Siege N Ballista Bolt","4",""
"siege n ballista.tga","Other","D:\AI_upscaling\AoMEE\reports\materials_xml\siege n ballista_attacka_2.mtrl.xml","Siege N Ballista","0",""
"siege n ballista.tga","Other","D:\AI_upscaling\AoMEE\reports\materials_xml\siege n ballista_attacka_3.mtrl.xml","Siege N Ballista","4",""
"siege n ballista bolt.tga","Other","D:\AI_upscaling\AoMEE\reports\materials_xml\siege n ballista_deatha_0.mtrl.xml","Siege N Ballista Bolt","0",""
"siege n ballista bolt.tga","Other","D:\AI_upscaling\AoMEE\reports\materials_xml\siege n ballista_deatha_1.mtrl.xml","Siege N Ballista Bolt","4",""
"siege n ballista.tga","Other","D:\AI_upscaling\AoMEE\reports\materials_xml\siege n ballista_deatha_2.mtrl.xml","Siege N Ballista","0",""
"siege n ballista.tga","Other","D:\AI_upscaling\AoMEE\reports\materials_xml\siege n ballista_deatha_3.mtrl.xml","Siege N Ballista","4",""
"siege n ballista bolt.tga","Other","D:\AI_upscaling\AoMEE\reports\materials_xml\siege n ballista_idlea_0.mtrl.xml","Siege N Ballista Bolt","0",""
"siege n ballista bolt.tga","Other","D:\AI_upscaling\AoMEE\reports\materials_xml\siege n ballista_idlea_1.mtrl.xml","Siege N Ballista Bolt","4",""
"siege n ballista.tga","Other","D:\AI_upscaling\AoMEE\reports\materials_xml\siege n ballista_idlea_2.mtrl.xml","Siege N Ballista","0",""
"siege n ballista.tga","Other","D:\AI_upscaling\AoMEE\reports\materials_xml\siege n ballista_idlea_3.mtrl.xml","Siege N Ballista","4",""
"siege n ballista bolt.tga","Other","D:\AI_upscaling\AoMEE\reports\materials_xml\siege n ballista_walka_0.mtrl.xml","Siege N Ballista Bolt","0",""
"siege n ballista bolt.tga","Other","D:\AI_upscaling\AoMEE\reports\materials_xml\siege n ballista_walka_1.mtrl.xml","Siege N Ballista Bolt","4",""
"siege n ballista.tga","Other","D:\AI_upscaling\AoMEE\reports\materials_xml\siege n ballista_walka_2.mtrl.xml","Siege N Ballista","0",""
"siege n ballista.tga","Other","D:\AI_upscaling\AoMEE\reports\materials_xml\siege n ballista_walka_3.mtrl.xml","Siege N Ballista","4",""
"siege c sitting tiger.tga","Other","D:\AI_upscaling\AoMEE\reports\materials_xml\special c sitting tiger_attacka_0.mtrl.xml","Siege C Sitting Tiger","4",""
"siege c sitting tiger.tga","Other","D:\AI_upscaling\AoMEE\reports\materials_xml\special c sitting tiger_walka_0.mtrl.xml","Siege C Sitting Tiger","4",""
"special e petesuchos.tga","Other","D:\AI_upscaling\AoMEE\reports\materials_xml\special e petesuchos_attacka_0.mtrl.xml","Special E Petesuchos","0",""
"special e petesuchos.tga","Other","D:\AI_upscaling\AoMEE\reports\materials_xml\special e petesuchos_attacka_1.mtrl.xml","Special E Petesuchos","4",""
"special e petesuchos.tga","Other","D:\AI_upscaling\AoMEE\reports\materials_xml\special e petesuchos_birtha_0.mtrl.xml","Special E Petesuchos","0",""
"special e petesuchos.tga","Other","D:\AI_upscaling\AoMEE\reports\materials_xml\special e petesuchos_birtha_1.mtrl.xml","Special E Petesuchos","4",""
"special e petesuchos.tga","Other","D:\AI_upscaling\AoMEE\reports\materials_xml\special e petesuchos_boreda_0.mtrl.xml","Special E Petesuchos","0",""
"special e petesuchos.tga","Other","D:\AI_upscaling\AoMEE\reports\materials_xml\special e petesuchos_boreda_1.mtrl.xml","Special E Petesuchos","4",""
"special e petesuchos.tga","Other","D:\AI_upscaling\AoMEE\reports\materials_xml\special e petesuchos_deatha_0.mtrl.xml","Special E Petesuchos","0",""
"special e petesuchos.tga","Other","D:\AI_upscaling\AoMEE\reports\materials_xml\special e petesuchos_deatha_1.mtrl.xml","Special E Petesuchos","6",""
"special e petesuchos.tga","Other","D:\AI_upscaling\AoMEE\reports\materials_xml\special e petesuchos_flaila_0.mtrl.xml","Special E Petesuchos","0",""
"special e petesuchos.tga","Other","D:\AI_upscaling\AoMEE\reports\materials_xml\special e petesuchos_flaila_1.mtrl.xml","Special E Petesuchos","4",""
"special e petesuchos.tga","Other","D:\AI_upscaling\AoMEE\reports\materials_xml\special e petesuchos_idlea_0.mtrl.xml","Special E Petesuchos","0",""
"special e petesuchos.tga","Other","D:\AI_upscaling\AoMEE\reports\materials_xml\special e petesuchos_idlea_1.mtrl.xml","Special E Petesuchos","4",""
"special e petesuchos.tga","Other","D:\AI_upscaling\AoMEE\reports\materials_xml\special e petesuchos_specialattacka_0.mtrl.xml","Special E Petesuchos","0",""
"special e petesuchos.tga","Other","D:\AI_upscaling\AoMEE\reports\materials_xml\special e petesuchos_specialattacka_1.mtrl.xml","Special E Petesuchos","4",""
"special e petesuchos.tga","Other","D:\AI_upscaling\AoMEE\reports\materials_xml\special e petesuchos_walka_0.mtrl.xml","Special E Petesuchos","0",""
"special e petesuchos.tga","Other","D:\AI_upscaling\AoMEE\reports\materials_xml\special e petesuchos_walka_1.mtrl.xml","Special E Petesuchos","4",""
"special e roc basket.tga","Other","D:\AI_upscaling\AoMEE\reports\materials_xml\special e roc_deatha_3.mtrl.xml","Special E Roc Basket","0",""
"special e roc basket.tga","Other","D:\AI_upscaling\AoMEE\reports\materials_xml\special e roc_deatha_4.mtrl.xml","Special E Roc Basket","4",""
"special e roc basket.tga","Other","D:\AI_upscaling\AoMEE\reports\materials_xml\special e roc_flaila_3.mtrl.xml","Special E Roc Basket","0",""
"special e roc basket.tga","Other","D:\AI_upscaling\AoMEE\reports\materials_xml\special e roc_flaila_4.mtrl.xml","Special E Roc Basket","4",""
"special e roc basket.tga","Other","D:\AI_upscaling\AoMEE\reports\materials_xml\special e roc_idlea_3.mtrl.xml","Special E Roc Basket","0",""
"special e roc basket.tga","Other","D:\AI_upscaling\AoMEE\reports\materials_xml\special e roc_idlea_4.mtrl.xml","Special E Roc Basket","4",""
"special e roc basket.tga","Other","D:\AI_upscaling\AoMEE\reports\materials_xml\special e roc_walka_3.mtrl.xml","Special E Roc Basket","0",""
"special e roc basket.tga","Other","D:\AI_upscaling\AoMEE\reports\materials_xml\special e roc_walka_4.mtrl.xml","Special E Roc Basket","4",""
"special g centaur.tga","Other","D:\AI_upscaling\AoMEE\reports\materials_xml\special g centaur_attacka_1.mtrl.xml","Special G Centaur","0",""
"special g centaur.tga","Other","D:\AI_upscaling\AoMEE\reports\materials_xml\special g centaur_attacka_2.mtrl.xml","Special G Centaur","4",""
"special g centaur.tga","Other","D:\AI_upscaling\AoMEE\reports\materials_xml\special g centaur_attackb_1.mtrl.xml","Special G Centaur","0",""
"special g centaur.tga","Other","D:\AI_upscaling\AoMEE\reports\materials_xml\special g centaur_attackb_2.mtrl.xml","Special G Centaur","4",""
"special g centaur.tga","Other","D:\AI_upscaling\AoMEE\reports\materials_xml\special g centaur_birtha_1.mtrl.xml","Special G Centaur","0",""
"special g centaur.tga","Other","D:\AI_upscaling\AoMEE\reports\materials_xml\special g centaur_birtha_2.mtrl.xml","Special G Centaur","4",""
"special g centaur.tga","Other","D:\AI_upscaling\AoMEE\reports\materials_xml\special g centaur_boreda_1.mtrl.xml","Special G Centaur","0",""
"special g centaur.tga","Other","D:\AI_upscaling\AoMEE\reports\materials_xml\special g centaur_boreda_2.mtrl.xml","Special G Centaur","4",""
"special g centaur.tga","Other","D:\AI_upscaling\AoMEE\reports\materials_xml\special g centaur_boredb_1.mtrl.xml","Special G Centaur","0",""
"special g centaur.tga","Other","D:\AI_upscaling\AoMEE\reports\materials_xml\special g centaur_boredb_2.mtrl.xml","Special G Centaur","4",""
"special g centaur.tga","Other","D:\AI_upscaling\AoMEE\reports\materials_xml\special g centaur_deatha_1.mtrl.xml","Special G Centaur","0",""
"special g centaur.tga","Other","D:\AI_upscaling\AoMEE\reports\materials_xml\special g centaur_deatha_2.mtrl.xml","Special G Centaur","6",""
"special g centaur.tga","Other","D:\AI_upscaling\AoMEE\reports\materials_xml\special g centaur_flaila_1.mtrl.xml","Special G Centaur","0",""
"special g centaur.tga","Other","D:\AI_upscaling\AoMEE\reports\materials_xml\special g centaur_flaila_2.mtrl.xml","Special G Centaur","4",""
"special g centaur.tga","Other","D:\AI_upscaling\AoMEE\reports\materials_xml\special g centaur_idlea_1.mtrl.xml","Special G Centaur","0",""
"special g centaur.tga","Other","D:\AI_upscaling\AoMEE\reports\materials_xml\special g centaur_idlea_2.mtrl.xml","Special G Centaur","4",""
"special g centaur.tga","Other","D:\AI_upscaling\AoMEE\reports\materials_xml\special g centaur_specialattacka_1.mtrl.xml","Special G Centaur","0",""
"special g centaur.tga","Other","D:\AI_upscaling\AoMEE\reports\materials_xml\special g centaur_specialattacka_2.mtrl.xml","Special G Centaur","4",""
"special g centaur.tga","Other","D:\AI_upscaling\AoMEE\reports\materials_xml\special g centaur_walka_1.mtrl.xml","Special G Centaur","0",""
"special g centaur.tga","Other","D:\AI_upscaling\AoMEE\reports\materials_xml\special g centaur_walka_2.mtrl.xml","Special G Centaur","4",""
"special g cyclops.tga","Other","D:\AI_upscaling\AoMEE\reports\materials_xml\special g cyclops_attacka_1.mtrl.xml","Special G Cyclops","0",""
"special g cyclops.tga","Other","D:\AI_upscaling\AoMEE\reports\materials_xml\special g cyclops_attacka_2.mtrl.xml","Special G Cyclops","4",""
"special g cyclops.tga","Other","D:\AI_upscaling\AoMEE\reports\materials_xml\special g cyclops_attackb_1.mtrl.xml","Special G Cyclops","0",""
"special g cyclops.tga","Other","D:\AI_upscaling\AoMEE\reports\materials_xml\special g cyclops_attackb_2.mtrl.xml","Special G Cyclops","4",""
"special g cyclops.tga","Other","D:\AI_upscaling\AoMEE\reports\materials_xml\special g cyclops_birtha_1.mtrl.xml","Special G Cyclops","0",""
"special g cyclops.tga","Other","D:\AI_upscaling\AoMEE\reports\materials_xml\special g cyclops_birtha_2.mtrl.xml","Special G Cyclops","4",""
"special g cyclops.tga","Other","D:\AI_upscaling\AoMEE\reports\materials_xml\special g cyclops_boreda_1.mtrl.xml","Special G Cyclops","0",""
"special g cyclops.tga","Other","D:\AI_upscaling\AoMEE\reports\materials_xml\special g cyclops_boreda_2.mtrl.xml","Special G Cyclops","4",""
"special g cyclops.tga","Other","D:\AI_upscaling\AoMEE\reports\materials_xml\special g cyclops_boredb_1.mtrl.xml","Special G Cyclops","0",""
"special g cyclops.tga","Other","D:\AI_upscaling\AoMEE\reports\materials_xml\special g cyclops_boredb_2.mtrl.xml","Special G Cyclops","4",""
"special g cyclops.tga","Other","D:\AI_upscaling\AoMEE\reports\materials_xml\special g cyclops_deathb_1.mtrl.xml","Special G Cyclops","0",""
"special g cyclops.tga","Other","D:\AI_upscaling\AoMEE\reports\materials_xml\special g cyclops_deathb_2.mtrl.xml","Special G Cyclops","6",""
"special g cyclops.tga","Other","D:\AI_upscaling\AoMEE\reports\materials_xml\special g cyclops_flaila_1.mtrl.xml","Special G Cyclops","0",""
"special g cyclops.tga","Other","D:\AI_upscaling\AoMEE\reports\materials_xml\special g cyclops_flaila_2.mtrl.xml","Special G Cyclops","4",""
"special g cyclops.tga","Other","D:\AI_upscaling\AoMEE\reports\materials_xml\special g cyclops_humanthrow_1.mtrl.xml","Special G Cyclops","0",""
"special g cyclops.tga","Other","D:\AI_upscaling\AoMEE\reports\materials_xml\special g cyclops_humanthrow_2.mtrl.xml","Special G Cyclops","4",""
"special g cyclops.tga","Other","D:\AI_upscaling\AoMEE\reports\materials_xml\special g cyclops_idlea_1.mtrl.xml","Special G Cyclops","0",""
"special g cyclops.tga","Other","D:\AI_upscaling\AoMEE\reports\materials_xml\special g cyclops_idlea_2.mtrl.xml","Special G Cyclops","4",""
"special g cyclops.tga","Other","D:\AI_upscaling\AoMEE\reports\materials_xml\special g cyclops_walka_1.mtrl.xml","Special G Cyclops","0",""
"special g cyclops.tga","Other","D:\AI_upscaling\AoMEE\reports\materials_xml\special g cyclops_walka_2.mtrl.xml","Special G Cyclops","4",""
"special g pegasus.tga","Other","D:\AI_upscaling\AoMEE\reports\materials_xml\special g pegasus_boreda_2.mtrl.xml","Special G Pegasus","0",""
"special g pegasus.tga","Other","D:\AI_upscaling\AoMEE\reports\materials_xml\special g pegasus_deatha_2.mtrl.xml","Special G Pegasus","0",""
"special g pegasus.tga","Other","D:\AI_upscaling\AoMEE\reports\materials_xml\special g pegasus_flaila_2.mtrl.xml","Special G Pegasus","0",""
"special g pegasus.tga","Other","D:\AI_upscaling\AoMEE\reports\materials_xml\special g pegasus_flya_2.mtrl.xml","Special G Pegasus","0",""
"special g pegasus.tga","Other","D:\AI_upscaling\AoMEE\reports\materials_xml\special g pegasus_idlea_2.mtrl.xml","Special G Pegasus","0",""
"platform map.tga","Other","D:\AI_upscaling\AoMEE\reports\materials_xml\statue x gaia base_0.mtrl.xml","Platform Map","0",""
"platform map.tga","Other","D:\AI_upscaling\AoMEE\reports\materials_xml\statue x gaia base_1.mtrl.xml","Platform Map","4",""
"platform map.tga","Other","D:\AI_upscaling\AoMEE\reports\materials_xml\statue x kronos base_0.mtrl.xml","Platform Map","0",""
"platform map.tga","Other","D:\AI_upscaling\AoMEE\reports\materials_xml\statue x kronos base_1.mtrl.xml","Platform Map","4",""
"platform map.tga","Other","D:\AI_upscaling\AoMEE\reports\materials_xml\statue x oranos base_0.mtrl.xml","Platform Map","0",""
"platform map.tga","Other","D:\AI_upscaling\AoMEE\reports\materials_xml\statue x oranos base_1.mtrl.xml","Platform Map","4",""
"statue x oranos map.tga","Other","D:\AI_upscaling\AoMEE\reports\materials_xml\statue x oranos_0.mtrl.xml","Statue X Oranos Map","0",""
"statue x oranos map.tga","Other","D:\AI_upscaling\AoMEE\reports\materials_xml\statue x oranos_1.mtrl.xml","Statue X Oranos Map","4",""
"statue x oranos map.tga","Other","D:\AI_upscaling\AoMEE\reports\materials_xml\statue x oranos_death_0.mtrl.xml","Statue X Oranos Map","0",""
"statue x oranos map.tga","Other","D:\AI_upscaling\AoMEE\reports\materials_xml\statue x oranos_death_1.mtrl.xml","Statue X Oranos Map","4",""
"building g wallsage1.tga","Building","D:\AI_upscaling\AoMEE\reports\materials_xml\titan x promethean_aomx07housecrush_0.mtrl.xml","Building G WallsAge1","0",""
"building g roofage1.tga","Building","D:\AI_upscaling\AoMEE\reports\materials_xml\titan x promethean_aomx07housecrush_1.mtrl.xml","Building G RoofAge1","0",""
"building g wallsage1.tga","Building","D:\AI_upscaling\AoMEE\reports\materials_xml\titan x promethean_aomx07housecrush_2.mtrl.xml","Building G WallsAge1","4",""
"building g wallsage1.tga","Building","D:\AI_upscaling\AoMEE\reports\materials_xml\titan x promethean_aomx07killroc_0.mtrl.xml","Building G WallsAge1","0",""
"building g roofage1.tga","Building","D:\AI_upscaling\AoMEE\reports\materials_xml\titan x promethean_aomx07killroc_1.mtrl.xml","Building G RoofAge1","0",""
"special e roc basket.tga","Other","D:\AI_upscaling\AoMEE\reports\materials_xml\titan x promethean_aomx07killroc_5.mtrl.xml","Special E Roc Basket","0",""
"trade e caravan basket.tga","Other","D:\AI_upscaling\AoMEE\reports\materials_xml\trade e caravan loaded_boreda_2.mtrl.xml","Trade E Caravan Basket","0",""
"trade e caravan basket.tga","Other","D:\AI_upscaling\AoMEE\reports\materials_xml\trade e caravan loaded_boreda_3.mtrl.xml","Trade E Caravan Basket","4",""
"trade e caravan basket.tga","Other","D:\AI_upscaling\AoMEE\reports\materials_xml\trade e caravan loaded_deatha_2.mtrl.xml","Trade E Caravan Basket","0",""
"trade e caravan basket.tga","Other","D:\AI_upscaling\AoMEE\reports\materials_xml\trade e caravan loaded_deatha_3.mtrl.xml","Trade E Caravan Basket","4",""
"trade e caravan basket.tga","Other","D:\AI_upscaling\AoMEE\reports\materials_xml\trade e caravan loaded_flaila_2.mtrl.xml","Trade E Caravan Basket","0",""
"trade e caravan basket.tga","Other","D:\AI_upscaling\AoMEE\reports\materials_xml\trade e caravan loaded_flaila_3.mtrl.xml","Trade E Caravan Basket","4",""
"trade e caravan basket.tga","Other","D:\AI_upscaling\AoMEE\reports\materials_xml\trade e caravan loaded_idlea_2.mtrl.xml","Trade E Caravan Basket","0",""
"trade e caravan basket.tga","Other","D:\AI_upscaling\AoMEE\reports\materials_xml\trade e caravan loaded_idlea_3.mtrl.xml","Trade E Caravan Basket","4",""
"trade e caravan basket.tga","Other","D:\AI_upscaling\AoMEE\reports\materials_xml\trade e caravan loaded_walka_2.mtrl.xml","Trade E Caravan Basket","0",""
"trade e caravan basket.tga","Other","D:\AI_upscaling\AoMEE\reports\materials_xml\trade e caravan loaded_walka_3.mtrl.xml","Trade E Caravan Basket","4",""
"trade e caravan basket.tga","Other","D:\AI_upscaling\AoMEE\reports\materials_xml\trade e caravan_boreda_2.mtrl.xml","Trade E Caravan Basket","0",""
"trade e caravan basket.tga","Other","D:\AI_upscaling\AoMEE\reports\materials_xml\trade e caravan_boreda_3.mtrl.xml","Trade E Caravan Basket","4",""
"trade e caravan basket.tga","Other","D:\AI_upscaling\AoMEE\reports\materials_xml\trade e caravan_boredb_1.mtrl.xml","Trade E Caravan Basket","0",""
"trade e caravan basket.tga","Other","D:\AI_upscaling\AoMEE\reports\materials_xml\trade e caravan_boredb_2.mtrl.xml","Trade E Caravan Basket","4",""
"trade e caravan basket.tga","Other","D:\AI_upscaling\AoMEE\reports\materials_xml\trade e caravan_deatha_2.mtrl.xml","Trade E Caravan Basket","0",""
"trade e caravan basket.tga","Other","D:\AI_upscaling\AoMEE\reports\materials_xml\trade e caravan_deatha_3.mtrl.xml","Trade E Caravan Basket","4",""
"trade e caravan basket.tga","Other","D:\AI_upscaling\AoMEE\reports\materials_xml\trade e caravan_flaila_2.mtrl.xml","Trade E Caravan Basket","0",""
"trade e caravan basket.tga","Other","D:\AI_upscaling\AoMEE\reports\materials_xml\trade e caravan_flaila_3.mtrl.xml","Trade E Caravan Basket","4",""
"trade e caravan basket.tga","Other","D:\AI_upscaling\AoMEE\reports\materials_xml\trade e caravan_idlea_2.mtrl.xml","Trade E Caravan Basket","0",""
"trade e caravan basket.tga","Other","D:\AI_upscaling\AoMEE\reports\materials_xml\trade e caravan_idlea_3.mtrl.xml","Trade E Caravan Basket","4",""
"trade e caravan basket.tga","Other","D:\AI_upscaling\AoMEE\reports\materials_xml\trade e caravan_walka_2.mtrl.xml","Trade E Caravan Basket","0",""
"trade e caravan basket.tga","Other","D:\AI_upscaling\AoMEE\reports\materials_xml\trade e caravan_walka_3.mtrl.xml","Trade E Caravan Basket","4",""
"trade g caravan cargo.tga","Other","D:\AI_upscaling\AoMEE\reports\materials_xml\trade g donkey_bored_2.mtrl.xml","Trade G Caravan Cargo","0",""
"trade g caravan cargo.tga","Other","D:\AI_upscaling\AoMEE\reports\materials_xml\trade g donkey_bored_3.mtrl.xml","Trade G Caravan Cargo","4",""
"trade g caravan cargo.tga","Other","D:\AI_upscaling\AoMEE\reports\materials_xml\trade g donkey_death_2.mtrl.xml","Trade G Caravan Cargo","0",""
"trade g caravan cargo.tga","Other","D:\AI_upscaling\AoMEE\reports\materials_xml\trade g donkey_death_3.mtrl.xml","Trade G Caravan Cargo","4",""
"trade g caravan cargo.tga","Other","D:\AI_upscaling\AoMEE\reports\materials_xml\trade g donkey_flail_2.mtrl.xml","Trade G Caravan Cargo","0",""
"trade g caravan cargo.tga","Other","D:\AI_upscaling\AoMEE\reports\materials_xml\trade g donkey_flail_3.mtrl.xml","Trade G Caravan Cargo","4",""
"trade g caravan cargo.tga","Other","D:\AI_upscaling\AoMEE\reports\materials_xml\trade g donkey_idle_2.mtrl.xml","Trade G Caravan Cargo","0",""
"trade g caravan cargo.tga","Other","D:\AI_upscaling\AoMEE\reports\materials_xml\trade g donkey_idle_3.mtrl.xml","Trade G Caravan Cargo","4",""
"trade g caravan cargo.tga","Other","D:\AI_upscaling\AoMEE\reports\materials_xml\trade g donkey_loadedbored_0.mtrl.xml","Trade G Caravan Cargo","4",""
"trade g caravan cargo.tga","Other","D:\AI_upscaling\AoMEE\reports\materials_xml\trade g donkey_loadedbored_1.mtrl.xml","Trade G Caravan Cargo","0",""
"trade g caravan cargo.tga","Other","D:\AI_upscaling\AoMEE\reports\materials_xml\trade g donkey_loadeddeath_0.mtrl.xml","Trade G Caravan Cargo","0",""
"trade g caravan cargo.tga","Other","D:\AI_upscaling\AoMEE\reports\materials_xml\trade g donkey_loadeddeath_1.mtrl.xml","Trade G Caravan Cargo","4",""
"trade g caravan cargo.tga","Other","D:\AI_upscaling\AoMEE\reports\materials_xml\trade g donkey_loadedflail_2.mtrl.xml","Trade G Caravan Cargo","0",""
"trade g caravan cargo.tga","Other","D:\AI_upscaling\AoMEE\reports\materials_xml\trade g donkey_loadedflail_3.mtrl.xml","Trade G Caravan Cargo","4",""
"trade g caravan cargo.tga","Other","D:\AI_upscaling\AoMEE\reports\materials_xml\trade g donkey_loadedidle_2.mtrl.xml","Trade G Caravan Cargo","0",""
"trade g caravan cargo.tga","Other","D:\AI_upscaling\AoMEE\reports\materials_xml\trade g donkey_loadedidle_3.mtrl.xml","Trade G Caravan Cargo","4",""
"trade g caravan cargo.tga","Other","D:\AI_upscaling\AoMEE\reports\materials_xml\trade g donkey_loadedwalk_2.mtrl.xml","Trade G Caravan Cargo","0",""
"trade g caravan cargo.tga","Other","D:\AI_upscaling\AoMEE\reports\materials_xml\trade g donkey_loadedwalk_3.mtrl.xml","Trade G Caravan Cargo","4",""
"trade g caravan cargo.tga","Other","D:\AI_upscaling\AoMEE\reports\materials_xml\trade g donkey_walk_2.mtrl.xml","Trade G Caravan Cargo","0",""
"trade g caravan cargo.tga","Other","D:\AI_upscaling\AoMEE\reports\materials_xml\trade g donkey_walk_3.mtrl.xml","Trade G Caravan Cargo","4",""
"villager n oxcart.tga","Other","D:\AI_upscaling\AoMEE\reports\materials_xml\villager n oxcart_boreda_0.mtrl.xml","Villager N Oxcart","0",""
"villager n oxcart.tga","Other","D:\AI_upscaling\AoMEE\reports\materials_xml\villager n oxcart_boreda_1.mtrl.xml","Villager N Oxcart","4",""
"villager n oxcart.tga","Other","D:\AI_upscaling\AoMEE\reports\materials_xml\villager n oxcart_deatha_2.mtrl.xml","Villager N Oxcart","0",""
"villager n oxcart.tga","Other","D:\AI_upscaling\AoMEE\reports\materials_xml\villager n oxcart_deatha_5.mtrl.xml","Villager N Oxcart","4",""
"villager n oxcart.tga","Other","D:\AI_upscaling\AoMEE\reports\materials_xml\villager n oxcart_flaila_0.mtrl.xml","Villager N Oxcart","0",""
"villager n oxcart.tga","Other","D:\AI_upscaling\AoMEE\reports\materials_xml\villager n oxcart_flaila_1.mtrl.xml","Villager N Oxcart","4",""
"villager n oxcart.tga","Other","D:\AI_upscaling\AoMEE\reports\materials_xml\villager n oxcart_idlea_0.mtrl.xml","Villager N Oxcart","0",""
"villager n oxcart.tga","Other","D:\AI_upscaling\AoMEE\reports\materials_xml\villager n oxcart_idlea_1.mtrl.xml","Villager N Oxcart","4",""
"villager n oxcart.tga","Other","D:\AI_upscaling\AoMEE\reports\materials_xml\villager n oxcart_walka_0.mtrl.xml","Villager N Oxcart","0",""
"villager n oxcart.tga","Other","D:\AI_upscaling\AoMEE\reports\materials_xml\villager n oxcart_walka_1.mtrl.xml","Villager N Oxcart","4",""
"building g roofage1.tga","Building","D:\AI_upscaling\AoMEE\reports\materials_xml\world a atlantis_10.mtrl.xml","Building G RoofAge1","0",""
"building g wallsage2.tga","Building","D:\AI_upscaling\AoMEE\reports\materials_xml\world a atlantis_11.mtrl.xml","Building G WallsAge2","4",""
"building g wallsage2.tga","Building","D:\AI_upscaling\AoMEE\reports\materials_xml\world a atlantis_12.mtrl.xml","Building G WallsAge2","0",""
"building g zues wonder01.tga","Building","D:\AI_upscaling\AoMEE\reports\materials_xml\world a atlantis_5.mtrl.xml","Building G Zues Wonder01","4",""
"building g zues wonder01.tga","Building","D:\AI_upscaling\AoMEE\reports\materials_xml\world a atlantis_6.mtrl.xml","Building G Zues Wonder01","0",""
"building e lighthouse.tga","Building","D:\AI_upscaling\AoMEE\reports\materials_xml\world a atlantis_7.mtrl.xml","Building E Lighthouse","0",""
"building e lighthouse.tga","Building","D:\AI_upscaling\AoMEE\reports\materials_xml\world a atlantis_8.mtrl.xml","Building E Lighthouse","4",""
"world e statue isis.tga","World/Terrain","D:\AI_upscaling\AoMEE\reports\materials_xml\world a excavation 100_1.mtrl.xml","World E Statue Isis","0",""
"world e statue isis.tga","World/Terrain","D:\AI_upscaling\AoMEE\reports\materials_xml\world a excavation 35_1.mtrl.xml","World E Statue Isis","0",""
"world e statue isis.tga","World/Terrain","D:\AI_upscaling\AoMEE\reports\materials_xml\world a excavation 70_1.mtrl.xml","World E Statue Isis","0",""
"building g settlementage2.tga","Building","D:\AI_upscaling\AoMEE\reports\materials_xml\world a zues uwpassage exit_1.mtrl.xml","Building G SettlementAge2","0",""
"world c statue nuwa stand.tga","World/Terrain","D:\AI_upscaling\AoMEE\reports\materials_xml\world c statue fuxi stand_0.mtrl.xml","world c statue nuwa stand","4",""
"world c statue nuwa stand.tga","World/Terrain","D:\AI_upscaling\AoMEE\reports\materials_xml\world c statue nuwa stand_0.mtrl.xml","world c statue nuwa stand","4",""
"world c statue nuwa stand.tga","World/Terrain","D:\AI_upscaling\AoMEE\reports\materials_xml\world c statue shennong stand_0.mtrl.xml","world c statue nuwa stand","4",""
"siege e catapult.tga","Other","D:\AI_upscaling\AoMEE\reports\materials_xml\world e catapult broken_1.mtrl.xml","Siege E Catapult","0",""
"siege e catapult.tga","Other","D:\AI_upscaling\AoMEE\reports\materials_xml\world e catapult broken_2.mtrl.xml","Siege E Catapult","4",""
"siege e catapult.tga","Other","D:\AI_upscaling\AoMEE\reports\materials_xml\world e catapult broken_3.mtrl.xml","Siege E Catapult","0",""
"building e age2.tga","Building","D:\AI_upscaling\AoMEE\reports\materials_xml\world e debris b age2_0.mtrl.xml","Building E Age2","0",""
"building e age4.tga","Building","D:\AI_upscaling\AoMEE\reports\materials_xml\world e debris b age4_0.mtrl.xml","Building E Age4","0",""
"building e age2.tga","Building","D:\AI_upscaling\AoMEE\reports\materials_xml\world e debris c age2_0.mtrl.xml","Building E Age2","0",""
"building e age4.tga","Building","D:\AI_upscaling\AoMEE\reports\materials_xml\world e debris c age4_0.mtrl.xml","Building E Age4","0",""
"building e age2.tga","Building","D:\AI_upscaling\AoMEE\reports\materials_xml\world e debris d age2_0.mtrl.xml","Building E Age2","0",""
"building e age4.tga","Building","D:\AI_upscaling\AoMEE\reports\materials_xml\world e debris d age4_0.mtrl.xml","Building E Age4","0",""
"building e age2.tga","Building","D:\AI_upscaling\AoMEE\reports\materials_xml\world e debris e age2_0.mtrl.xml","Building E Age2","0",""
"building e age4.tga","Building","D:\AI_upscaling\AoMEE\reports\materials_xml\world e debris e age4_0.mtrl.xml","Building E Age4","0",""
"building e age2.tga","Building","D:\AI_upscaling\AoMEE\reports\materials_xml\world e debris f age2_0.mtrl.xml","Building E Age2","0",""
"building e age4.tga","Building","D:\AI_upscaling\AoMEE\reports\materials_xml\world e debris f age4_0.mtrl.xml","Building E Age4","0",""
"building e age2.tga","Building","D:\AI_upscaling\AoMEE\reports\materials_xml\world e debris g age2_0.mtrl.xml","Building E Age2","0",""
"building e age4.tga","Building","D:\AI_upscaling\AoMEE\reports\materials_xml\world e debris g age4_0.mtrl.xml","Building E Age4","0",""
"world e statue isis.tga","World/Terrain","D:\AI_upscaling\AoMEE\reports\materials_xml\world e isis stand_0.mtrl.xml","World E Statue Isis","0",""
"world e statue isis.tga","World/Terrain","D:\AI_upscaling\AoMEE\reports\materials_xml\world e isis stand_1.mtrl.xml","World E Statue Isis","4",""
"world e statue isis.tga","World/Terrain","D:\AI_upscaling\AoMEE\reports\materials_xml\world e statue isis_0.mtrl.xml","World E Statue Isis","0",""
"world e statue isis.tga","World/Terrain","D:\AI_upscaling\AoMEE\reports\materials_xml\world e statue isis_1.mtrl.xml","World E Statue Isis","4",""
"world e statue isis.tga","World/Terrain","D:\AI_upscaling\AoMEE\reports\materials_xml\world e statue isis_death_0.mtrl.xml","World E Statue Isis","0",""
"world e statue isis.tga","World/Terrain","D:\AI_upscaling\AoMEE\reports\materials_xml\world e statue isis_death_1.mtrl.xml","World E Statue Isis","4",""
"world e tent.tga","World/Terrain","D:\AI_upscaling\AoMEE\reports\materials_xml\world e tent_0.mtrl.xml","World E Tent","0",""
"building g age0.tga","Building","D:\AI_upscaling\AoMEE\reports\materials_xml\world g debris a age1_0.mtrl.xml","Building G Age0","0",""
"building g settlementage1.tga","Building","D:\AI_upscaling\AoMEE\reports\materials_xml\world g debris a age2_0.mtrl.xml","Building G SettlementAge1","0",""
"building g settlementage2.tga","Building","D:\AI_upscaling\AoMEE\reports\materials_xml\world g debris a age3_0.mtrl.xml","Building G SettlementAge2","0",""
"building g settlementage3.tga","Building","D:\AI_upscaling\AoMEE\reports\materials_xml\world g debris a age4_0.mtrl.xml","Building G SettlementAge3","0",""
"building g age0.tga","Building","D:\AI_upscaling\AoMEE\reports\materials_xml\world g debris b age1_0.mtrl.xml","Building G Age0","0",""
"building g settlementage1.tga","Building","D:\AI_upscaling\AoMEE\reports\materials_xml\world g debris b age2_0.mtrl.xml","Building G SettlementAge1","0",""
"building g settlementage2.tga","Building","D:\AI_upscaling\AoMEE\reports\materials_xml\world g debris b age3_0.mtrl.xml","Building G SettlementAge2","0",""
"building g settlementage3.tga","Building","D:\AI_upscaling\AoMEE\reports\materials_xml\world g debris b age4_0.mtrl.xml","Building G SettlementAge3","0",""
"building g age0.tga","Building","D:\AI_upscaling\AoMEE\reports\materials_xml\world g debris c age1_0.mtrl.xml","Building G Age0","0",""
"building g settlementage1.tga","Building","D:\AI_upscaling\AoMEE\reports\materials_xml\world g debris c age2_0.mtrl.xml","Building G SettlementAge1","0",""
"building g settlementage2.tga","Building","D:\AI_upscaling\AoMEE\reports\materials_xml\world g debris c age3_0.mtrl.xml","Building G SettlementAge2","0",""
"building g settlementage3.tga","Building","D:\AI_upscaling\AoMEE\reports\materials_xml\world g debris c age4_0.mtrl.xml","Building G SettlementAge3","0",""
"building g age0.tga","Building","D:\AI_upscaling\AoMEE\reports\materials_xml\world g debris d age1_0.mtrl.xml","Building G Age0","0",""
"building g settlementage1.tga","Building","D:\AI_upscaling\AoMEE\reports\materials_xml\world g debris d age2_0.mtrl.xml","Building G SettlementAge1","0",""
"building g settlementage2.tga","Building","D:\AI_upscaling\AoMEE\reports\materials_xml\world g debris d age3_0.mtrl.xml","Building G SettlementAge2","0",""
"building g settlementage3.tga","Building","D:\AI_upscaling\AoMEE\reports\materials_xml\world g debris d age4_0.mtrl.xml","Building G SettlementAge3","0",""
"building g age0.tga","Building","D:\AI_upscaling\AoMEE\reports\materials_xml\world g debris e age1_0.mtrl.xml","Building G Age0","0",""
"building g settlementage2.tga","Building","D:\AI_upscaling\AoMEE\reports\materials_xml\world g debris e age2_0.mtrl.xml","Building G SettlementAge2","0",""
"building g settlementage3.tga","Building","D:\AI_upscaling\AoMEE\reports\materials_xml\world g debris e age4_0.mtrl.xml","Building G SettlementAge3","0",""
"building g settlementage2.tga","Building","D:\AI_upscaling\AoMEE\reports\materials_xml\world g debris f age2_0.mtrl.xml","Building G SettlementAge2","0",""
"building g settlementage3.tga","Building","D:\AI_upscaling\AoMEE\reports\materials_xml\world g debris f age4_0.mtrl.xml","Building G SettlementAge3","0",""
"building g age0.tga","Building","D:\AI_upscaling\AoMEE\reports\materials_xml\world g debris g age1_0.mtrl.xml","Building G Age0","0",""
"building g settlementage1.tga","Building","D:\AI_upscaling\AoMEE\reports\materials_xml\world g debris g age2_0.mtrl.xml","Building G SettlementAge1","0",""
"building g settlementage2.tga","Building","D:\AI_upscaling\AoMEE\reports\materials_xml\world g debris g age3_0.mtrl.xml","Building G SettlementAge2","0",""
"building g settlementage3.tga","Building","D:\AI_upscaling\AoMEE\reports\materials_xml\world g debris g age4_0.mtrl.xml","Building G SettlementAge3","0",""
"world g statue hades.tga","World/Terrain","D:\AI_upscaling\AoMEE\reports\materials_xml\world g hades stand_0.mtrl.xml","World G Statue Hades","0",""
"world g statue hades.tga","World/Terrain","D:\AI_upscaling\AoMEE\reports\materials_xml\world g hades stand_1.mtrl.xml","World G Statue Hades","4",""
"siege g petrobolos.tga","Other","D:\AI_upscaling\AoMEE\reports\materials_xml\world g petrobolos broken_0.mtrl.xml","Siege G Petrobolos","0",""
"siege g petrobolos.tga","Other","D:\AI_upscaling\AoMEE\reports\materials_xml\world g petrobolos broken_1.mtrl.xml","Siege G Petrobolos","4",""
"world g statue hades.tga","World/Terrain","D:\AI_upscaling\AoMEE\reports\materials_xml\world g statue hades_0.mtrl.xml","World G Statue Hades","0",""
"world g statue hades.tga","World/Terrain","D:\AI_upscaling\AoMEE\reports\materials_xml\world g statue hades_1.mtrl.xml","World G Statue Hades","4",""
"world g statue hades.tga","World/Terrain","D:\AI_upscaling\AoMEE\reports\materials_xml\world g statue hades_death_0.mtrl.xml","World G Statue Hades","0",""
"world g statue hades.tga","World/Terrain","D:\AI_upscaling\AoMEE\reports\materials_xml\world g statue hades_death_1.mtrl.xml","World G Statue Hades","4",""
"cine g poseidon stone.tga","Other","D:\AI_upscaling\AoMEE\reports\materials_xml\world g statue poseidon hp_0.mtrl.xml","Cine G Poseidon Stone","0",""
"cine g poseidon stone.tga","Other","D:\AI_upscaling\AoMEE\reports\materials_xml\world g statue poseidon hp_1.mtrl.xml","Cine G Poseidon Stone","4",""
"cine g poseidon stone.tga","Other","D:\AI_upscaling\AoMEE\reports\materials_xml\world g statue poseidon large with trident_0.mtrl.xml","Cine G Poseidon Stone","0",""
"cine g poseidon stone.tga","Other","D:\AI_upscaling\AoMEE\reports\materials_xml\world g statue poseidon large without trident_0.mtrl.xml","Cine G Poseidon Stone","0",""
"world g statue zeus.tga","World/Terrain","D:\AI_upscaling\AoMEE\reports\materials_xml\world g statue zeus_0.mtrl.xml","World G Statue Zeus","0",""
"world g statue zeus.tga","World/Terrain","D:\AI_upscaling\AoMEE\reports\materials_xml\world g statue zeus_1.mtrl.xml","World G Statue Zeus","4",""
"world g statue zeus.tga","World/Terrain","D:\AI_upscaling\AoMEE\reports\materials_xml\world g statue zeus_death_0.mtrl.xml","World G Statue Zeus","0",""
"world g statue zeus.tga","World/Terrain","D:\AI_upscaling\AoMEE\reports\materials_xml\world g statue zeus_death_1.mtrl.xml","World G Statue Zeus","4",""
"world g statue zeus.tga","World/Terrain","D:\AI_upscaling\AoMEE\reports\materials_xml\world g zeus stand_0.mtrl.xml","World G Statue Zeus","0",""
"world g statue zeus.tga","World/Terrain","D:\AI_upscaling\AoMEE\reports\materials_xml\world g zeus stand_1.mtrl.xml","World G Statue Zeus","4",""
"siege n ballista bolt.tga","Other","D:\AI_upscaling\AoMEE\reports\materials_xml\world n ballista broken_0.mtrl.xml","Siege N Ballista Bolt","0",""
"siege n ballista bolt.tga","Other","D:\AI_upscaling\AoMEE\reports\materials_xml\world n ballista broken_1.mtrl.xml","Siege N Ballista Bolt","4",""
"siege n ballista.tga","Other","D:\AI_upscaling\AoMEE\reports\materials_xml\world n ballista broken_2.mtrl.xml","Siege N Ballista","0",""
"siege n ballista.tga","Other","D:\AI_upscaling\AoMEE\reports\materials_xml\world n ballista broken_3.mtrl.xml","Siege N Ballista","4",""
"building n settlementage1.tga","Building","D:\AI_upscaling\AoMEE\reports\materials_xml\world n debris a age1_0.mtrl.xml","Building N SettlementAge1","0",""
"building n settlementage2.tga","Building","D:\AI_upscaling\AoMEE\reports\materials_xml\world n debris a age2_0.mtrl.xml","Building N SettlementAge2","0",""
"building n settlementage3.tga","Building","D:\AI_upscaling\AoMEE\reports\materials_xml\world n debris a age3_0.mtrl.xml","Building N SettlementAge3","0",""
"building n settlementage3.tga","Building","D:\AI_upscaling\AoMEE\reports\materials_xml\world n debris a age4_0.mtrl.xml","Building N SettlementAge3","0",""
"building n settlementage1.tga","Building","D:\AI_upscaling\AoMEE\reports\materials_xml\world n debris b age1_0.mtrl.xml","Building N SettlementAge1","0",""
"building n settlementage2.tga","Building","D:\AI_upscaling\AoMEE\reports\materials_xml\world n debris b age2_0.mtrl.xml","Building N SettlementAge2","0",""
"building n settlementage3.tga","Building","D:\AI_upscaling\AoMEE\reports\materials_xml\world n debris b age3_0.mtrl.xml","Building N SettlementAge3","0",""
"building n settlementage3.tga","Building","D:\AI_upscaling\AoMEE\reports\materials_xml\world n debris b age4_0.mtrl.xml","Building N SettlementAge3","0",""
"building n settlementage1.tga","Building","D:\AI_upscaling\AoMEE\reports\materials_xml\world n debris c age1_0.mtrl.xml","Building N SettlementAge1","0",""
"building n settlementage2.tga","Building","D:\AI_upscaling\AoMEE\reports\materials_xml\world n debris c age2_0.mtrl.xml","Building N SettlementAge2","0",""
"building n settlementage3.tga","Building","D:\AI_upscaling\AoMEE\reports\materials_xml\world n debris c age3_0.mtrl.xml","Building N SettlementAge3","0",""
"building n settlementage1.tga","Building","D:\AI_upscaling\AoMEE\reports\materials_xml\world n debris d age1_0.mtrl.xml","Building N SettlementAge1","0",""
"building n settlementage2.tga","Building","D:\AI_upscaling\AoMEE\reports\materials_xml\world n debris d age2_0.mtrl.xml","Building N SettlementAge2","0",""
"building n settlementage3.tga","Building","D:\AI_upscaling\AoMEE\reports\materials_xml\world n debris d age3_0.mtrl.xml","Building N SettlementAge3","0",""
"building n settlementage1.tga","Building","D:\AI_upscaling\AoMEE\reports\materials_xml\world n debris e age1_0.mtrl.xml","Building N SettlementAge1","0",""
"building n settlementage3.tga","Building","D:\AI_upscaling\AoMEE\reports\materials_xml\world n debris e age3_0.mtrl.xml","Building N SettlementAge3","0",""
"building n settlementage1.tga","Building","D:\AI_upscaling\AoMEE\reports\materials_xml\world n debris f age1_0.mtrl.xml","Building N SettlementAge1","0",""
"building n settlementage2.tga","Building","D:\AI_upscaling\AoMEE\reports\materials_xml\world n debris f age2_0.mtrl.xml","Building N SettlementAge2","0",""
"building n settlementage3.tga","Building","D:\AI_upscaling\AoMEE\reports\materials_xml\world n debris f age3_0.mtrl.xml","Building N SettlementAge3","0",""
"building n settlementage1.tga","Building","D:\AI_upscaling\AoMEE\reports\materials_xml\world n debris g age1_0.mtrl.xml","Building N SettlementAge1","0",""
"building n settlementage2.tga","Building","D:\AI_upscaling\AoMEE\reports\materials_xml\world n debris g age2_0.mtrl.xml","Building N SettlementAge2","0",""
"building n settlementage3.tga","Building","D:\AI_upscaling\AoMEE\reports\materials_xml\world n debris g age3_0.mtrl.xml","Building N SettlementAge3","0",""
"special e roc basket.tga","Other","D:\AI_upscaling\AoMEE\reports\materials_xml\world roc tent_0.mtrl.xml","Special E Roc Basket","0",""
"special e roc basket.tga","Other","D:\AI_upscaling\AoMEE\reports\materials_xml\world roc tent_1.mtrl.xml","Special E Roc Basket","4",""
"building x roof age0.tga","Building","D:\AI_upscaling\AoMEE\reports\materials_xml\world x debris a age1_0.mtrl.xml","Building X Roof Age0","0",""
"building x roof age1.tga","Building","D:\AI_upscaling\AoMEE\reports\materials_xml\world x debris a age2_0.mtrl.xml","Building X Roof Age1","0",""
"building x roof age0.tga","Building","D:\AI_upscaling\AoMEE\reports\materials_xml\world x debris b age1_0.mtrl.xml","Building X Roof Age0","0",""
"building x roof age1.tga","Building","D:\AI_upscaling\AoMEE\reports\materials_xml\world x debris b age2_0.mtrl.xml","Building X Roof Age1","0",""
"building x wall age3.tga","Building","D:\AI_upscaling\AoMEE\reports\materials_xml\world x debris b age4_0.mtrl.xml","Building X Wall Age3","0",""
"building x roof age0.tga","Building","D:\AI_upscaling\AoMEE\reports\materials_xml\world x debris c age1_0.mtrl.xml","Building X Roof Age0","0",""
"building x roof age1.tga","Building","D:\AI_upscaling\AoMEE\reports\materials_xml\world x debris c age2_0.mtrl.xml","Building X Roof Age1","0",""
"building x wall age3.tga","Building","D:\AI_upscaling\AoMEE\reports\materials_xml\world x debris c age4_0.mtrl.xml","Building X Wall Age3","0",""
"building x roof age0.tga","Building","D:\AI_upscaling\AoMEE\reports\materials_xml\world x debris d age1_0.mtrl.xml","Building X Roof Age0","0",""
"building x roof age1.tga","Building","D:\AI_upscaling\AoMEE\reports\materials_xml\world x debris d age2_0.mtrl.xml","Building X Roof Age1","0",""
"building x roof age0.tga","Building","D:\AI_upscaling\AoMEE\reports\materials_xml\world x debris e age1_0.mtrl.xml","Building X Roof Age0","0",""
"building x roof age1.tga","Building","D:\AI_upscaling\AoMEE\reports\materials_xml\world x debris e age2_0.mtrl.xml","Building X Roof Age1","0",""
"building x wall age3.tga","Building","D:\AI_upscaling\AoMEE\reports\materials_xml\world x debris e age4_0.mtrl.xml","Building X Wall Age3","0",""
"building x roof age0.tga","Building","D:\AI_upscaling\AoMEE\reports\materials_xml\world x debris f age1_0.mtrl.xml","Building X Roof Age0","0",""
"building x roof age1.tga","Building","D:\AI_upscaling\AoMEE\reports\materials_xml\world x debris f age2_0.mtrl.xml","Building X Roof Age1","0",""
"building x wall age3.tga","Building","D:\AI_upscaling\AoMEE\reports\materials_xml\world x debris f age4_0.mtrl.xml","Building X Wall Age3","0",""
"building x roof age0.tga","Building","D:\AI_upscaling\AoMEE\reports\materials_xml\world x debris g age1_0.mtrl.xml","Building X Roof Age0","0",""
"building x roof age1.tga","Building","D:\AI_upscaling\AoMEE\reports\materials_xml\world x debris g age2_0.mtrl.xml","Building X Roof Age1","0",""
"building x wall age3.tga","Building","D:\AI_upscaling\AoMEE\reports\materials_xml\world x debris g age4_0.mtrl.xml","Building X Wall Age3","0",""
