"Filename","Category","Width","Height","BTI_AlphaBits","BTI_Format","TGA_AlphaType","TGA_AlphaValues","OpaquePixels","OpaqueCoveragePct","CoverageGroup","BTIFile"
"animal chicken.tga","","32","32","0","BC3","Binary","1","1024","100","75-100%","D:\AI_upscaling\AoMEE\extracted\textures\animal chicken.bti"
"animal fish anchovy.tga","","32","16","0","BC3","Binary","1","512","100","75-100%","D:\AI_upscaling\AoMEE\extracted\textures\animal fish anchovy.bti"
"animal fish herring.tga","","32","16","0","BC3","Binary","1","512","100","75-100%","D:\AI_upscaling\AoMEE\extracted\textures\animal fish herring.bti"
"animal fish mahi.tga","","32","16","0","BC3","Binary","1","512","100","75-100%","D:\AI_upscaling\AoMEE\extracted\textures\animal fish mahi.bti"
"animal fish perch.tga","","32","16","0","BC3","Binary","1","512","100","75-100%","D:\AI_upscaling\AoMEE\extracted\textures\animal fish perch.bti"
"animal fish salmon.tga","","32","16","0","BC3","Binary","1","512","100","75-100%","D:\AI_upscaling\AoMEE\extracted\textures\animal fish salmon.bti"
"animal rooster.tga","","32","32","0","BC3","Binary","1","1024","100","75-100%","D:\AI_upscaling\AoMEE\extracted\textures\animal rooster.bti"
"attachments a club.tga","","32","16","0","BC3","Binary","1","512","100","75-100%","D:\AI_upscaling\AoMEE\extracted\textures\attachments a club.bti"
"attachments a skeleton.tga","","64","64","0","BC3","Binary","1","4096","100","75-100%","D:\AI_upscaling\AoMEE\extracted\textures\attachments a skeleton.bti"
"attachments a sling.tga","","64","32","0","BC3","Binary","1","2048","100","75-100%","D:\AI_upscaling\AoMEE\extracted\textures\attachments a sling.bti"
"attachments g polyphemus club.tga","","32","32","0","BC3","Binary","1","1024","100","75-100%","D:\AI_upscaling\AoMEE\extracted\textures\attachments g polyphemus club.bti"
"background chinese opaque.tga","","32","32","0","DeflatedRGBA8","Binary","1","1024","100","75-100%","D:\AI_upscaling\AoMEE\extracted\textures\ui\background chinese opaque.bti"
"background egypt opaque.tga","","32","32","0","DeflatedRGBA8","Binary","1","1024","100","75-100%","D:\AI_upscaling\AoMEE\extracted\textures\ui\background egypt opaque.bti"
"background fade blue.tga","","256","16","0","DeflatedRGBA8","Binary","1","4096","100","75-100%","D:\AI_upscaling\AoMEE\extracted\textures\ui\background fade blue.bti"
"background fade green.tga","","256","16","0","DeflatedRGBA8","Binary","1","4096","100","75-100%","D:\AI_upscaling\AoMEE\extracted\textures\ui\background fade green.bti"
"background fade red.tga","","256","16","0","DeflatedRGBA8","Binary","1","4096","100","75-100%","D:\AI_upscaling\AoMEE\extracted\textures\ui\background fade red.bti"
"background fade yellow.tga","","256","16","0","DeflatedRGBA8","Binary","1","4096","100","75-100%","D:\AI_upscaling\AoMEE\extracted\textures\ui\background fade yellow.bti"
"background greek opaque.tga","","32","32","0","DeflatedRGBA8","Binary","1","1024","100","75-100%","D:\AI_upscaling\AoMEE\extracted\textures\ui\background greek opaque.bti"
"background norse opaque.tga","","32","32","0","DeflatedRGBA8","Binary","1","1024","100","75-100%","D:\AI_upscaling\AoMEE\extracted\textures\ui\background norse opaque.bti"
"building g temple statues map.tga","","256","256","0","BC3","Binary","1","65536","100","75-100%","D:\AI_upscaling\AoMEE\extracted\textures\building g temple statues map.bti"
"building g wonder destructed.tga","","256","256","0","BC3","Binary","1","65536","100","75-100%","D:\AI_upscaling\AoMEE\extracted\textures\building g wonder destructed.bti"
"building x sky temple roof.tga","","128","128","0","BC3","Binary","1","16384","100","75-100%","D:\AI_upscaling\AoMEE\extracted\textures\building x sky temple roof.bti"
"projectile a siege rock map.tga","","64","64","0","BC3","Binary","1","4096","100","75-100%","D:\AI_upscaling\AoMEE\extracted\textures\projectile a siege rock map.bti"
"scenario a dwarven forge belt.tga","","64","16","0","BC3","Binary","1","1024","100","75-100%","D:\AI_upscaling\AoMEE\extracted\textures\scenario a dwarven forge belt.bti"
"scenario a dwarven forge shared a.tga","","256","256","0","BC3","Binary","1","65536","100","75-100%","D:\AI_upscaling\AoMEE\extracted\textures\scenario a dwarven forge shared a.bti"
"scenario a dwarven forge shared b.tga","","256","256","0","BC3","Binary","1","65536","100","75-100%","D:\AI_upscaling\AoMEE\extracted\textures\scenario a dwarven forge shared b.bti"
"sfx a ip glow.tga","","128","64","0","BC3","Binary","1","8192","100","75-100%","D:\AI_upscaling\AoMEE\extracted\textures\sfx a ip glow.bti"
"sfx a lighthouse glow.tga","","32","16","0","BC3","Binary","1","512","100","75-100%","D:\AI_upscaling\AoMEE\extracted\textures\sfx a lighthouse glow.bti"
"sfx a rain sunlight.tga","","32","64","0","BC3","Binary","1","2048","100","75-100%","D:\AI_upscaling\AoMEE\extracted\textures\sfx a rain sunlight.bti"
"sfx a rainbow.tga","","128","64","0","BC3","Binary","1","8192","100","75-100%","D:\AI_upscaling\AoMEE\extracted\textures\sfx a rainbow.bti"
"sfx b lighthouse glow.tga","","64","64","0","BC3","Binary","1","4096","100","75-100%","D:\AI_upscaling\AoMEE\extracted\textures\sfx b lighthouse glow.bti"
"sfx c ip glow.tga","","128","64","0","BC3","Binary","1","8192","100","75-100%","D:\AI_upscaling\AoMEE\extracted\textures\sfx c ip glow.bti"
"sfx g lightning skyflash.tga","","128","128","0","BC3","Binary","1","16384","100","75-100%","D:\AI_upscaling\AoMEE\extracted\textures\sfx g lightning skyflash.bti"
"sfx n frost ice block unit.tga","","128","128","0","BC3","Binary","1","16384","100","75-100%","D:\AI_upscaling\AoMEE\extracted\textures\sfx n frost ice block unit.bti"
"siege g petrobolos projectile.tga","","32","32","0","BC3","Binary","1","1024","100","75-100%","D:\AI_upscaling\AoMEE\extracted\textures\siege g petrobolos projectile.bti"
"special e phoenix.tga","","64","64","0","BC3","Binary","1","4096","100","75-100%","D:\AI_upscaling\AoMEE\extracted\textures\special e phoenix.bti"
"special n frost giant head upgrade.tga","","64","64","0","BC3","Binary","1","4096","100","75-100%","D:\AI_upscaling\AoMEE\extracted\textures\special n frost giant head upgrade.bti"
"special n frost giant head.tga","","64","64","0","BC3","Binary","1","4096","100","75-100%","D:\AI_upscaling\AoMEE\extracted\textures\special n frost giant head.bti"
"ui background blue opaque.tga","","32","32","0","DeflatedRGBA8","Binary","1","1024","100","75-100%","D:\AI_upscaling\AoMEE\extracted\textures\ui\ui background blue opaque.bti"
"ui background dark blue opaque.tga","","32","32","0","DeflatedRGBA8","Binary","1","1024","100","75-100%","D:\AI_upscaling\AoMEE\extracted\textures\ui\ui background dark blue opaque.bti"
"ui background yellow opaque.tga","","8","8","0","DeflatedRGBA8","Binary","1","64","100","75-100%","D:\AI_upscaling\AoMEE\extracted\textures\ui\ui background yellow opaque.bti"
"ui progress bar flair.tga","","32","128","0","DeflatedRGBA8","Binary","1","4096","100","75-100%","D:\AI_upscaling\AoMEE\extracted\textures\ui\ui progress bar flair.bti"
"ui text chat box grey.tga","","32","32","0","DeflatedRGBA8","Binary","1","1024","100","75-100%","D:\AI_upscaling\AoMEE\extracted\textures\ui\ui text chat box grey.bti"
"ui text chat box.tga","","32","32","0","DeflatedRGBA8","Binary","1","1024","100","75-100%","D:\AI_upscaling\AoMEE\extracted\textures\ui\ui text chat box.bti"
"ui text chat box.tga","","32","32","0","DeflatedRGBA8","Binary","1","1024","100","75-100%","D:\AI_upscaling\AoMEE\extracted\dlc-frontend\textures\ui\ui text chat box.bti"
"villager e female head.tga","","32","32","0","BC3","Binary","1","1024","100","75-100%","D:\AI_upscaling\AoMEE\extracted\textures\villager e female head.bti"
"villager g female head.tga","","32","32","0","BC3","Binary","1","1024","100","75-100%","D:\AI_upscaling\AoMEE\extracted\textures\villager g female head.bti"
"villager n female head.tga","","32","32","0","BC3","Binary","1","1024","100","75-100%","D:\AI_upscaling\AoMEE\extracted\textures\villager n female head.bti"
"ui line yellow vertical.tga","","8","256","0","DeflatedRGBA8","MultiValue","221","8","0.391","0-10%","D:\AI_upscaling\AoMEE\extracted\textures\ui\ui line yellow vertical.bti"
"ui line yellow.tga","","256","8","0","DeflatedRGBA8","MultiValue","227","8","0.391","0-10%","D:\AI_upscaling\AoMEE\extracted\textures\ui\ui line yellow.bti"
"animal flying purple hippo.tga","","256","128","1","BC3","Binary","1","0","0","0-10%","D:\AI_upscaling\AoMEE\extracted\textures\animal flying purple hippo.bti"
"animal prmonkey.tga","","128","128","1","BC3","Binary","1","0","0","0-10%","D:\AI_upscaling\AoMEE\extracted\textures\animal prmonkey.bti"
"building e age3a accessories.tga","","256","256","1","BC3","Binary","1","0","0","0-10%","D:\AI_upscaling\AoMEE\extracted\textures\building e age3a accessories.bti"
"building e age4 accessories.tga","","256","256","1","BC3","Binary","1","0","0","0-10%","D:\AI_upscaling\AoMEE\extracted\textures\building e age4 accessories.bti"
"building e age4roof.tga","","256","256","1","BC3","Binary","1","0","0","0-10%","D:\AI_upscaling\AoMEE\extracted\textures\building e age4roof.bti"
"building e monument2.tga","","128","128","1","BC3","Binary","1","0","0","0-10%","D:\AI_upscaling\AoMEE\extracted\textures\building e monument2.bti"
"building e monument4.tga","","256","256","1","BC3","Binary","1","0","0","0-10%","D:\AI_upscaling\AoMEE\extracted\textures\building e monument4.bti"
"building e ra wonder01.tga","","256","256","1","BC3","Binary","1","0","0","0-10%","D:\AI_upscaling\AoMEE\extracted\textures\building e ra wonder01.bti"
"building e set wonder01.tga","","256","256","1","BC3","Binary","1","0","0","0-10%","D:\AI_upscaling\AoMEE\extracted\textures\building e set wonder01.bti"
"building e set wonder03.tga","","256","256","1","BC3","Binary","1","0","0","0-10%","D:\AI_upscaling\AoMEE\extracted\textures\building e set wonder03.bti"
"building e titan gate rocks.tga","","128","128","1","BC3","Binary","1","0","0","0-10%","D:\AI_upscaling\AoMEE\extracted\textures\building e titan gate rocks.bti"
"building g fortresswall2.tga","","256","256","1","BC3","Binary","1","0","0","0-10%","D:\AI_upscaling\AoMEE\extracted\textures\building g fortresswall2.bti"
"building g titan gate rocks.tga","","128","128","1","BC3","Binary","1","0","0","0-10%","D:\AI_upscaling\AoMEE\extracted\textures\building g titan gate rocks.bti"
"building n thorarmory1.tga","","256","256","1","BC3","Binary","1","0","0","0-10%","D:\AI_upscaling\AoMEE\extracted\textures\building n thorarmory1.bti"
"building n titan gate rocks.tga","","128","128","1","BC3","Binary","1","0","0","0-10%","D:\AI_upscaling\AoMEE\extracted\textures\building n titan gate rocks.bti"
"cavalry g hetairoi head iron.tga","","32","32","1","BC3","Binary","1","0","0","0-10%","D:\AI_upscaling\AoMEE\extracted\textures\cavalry g hetairoi head iron.bti"
"hero g athena head low map.tga","","32","32","1","BC3","Binary","1","0","0","0-10%","D:\AI_upscaling\AoMEE\extracted\textures\hero g athena head low map.bti"
"infantry e spearman shield map.tga","","32","32","1","BC3","Binary","1","0","0","0-10%","D:\AI_upscaling\AoMEE\extracted\textures\infantry e spearman shield map.bti"
"lp g militia.tga","","64","32","1","BC3","Binary","1","0","0","0-10%","D:\AI_upscaling\AoMEE\extracted\textures\lp g militia.bti"
"scenario a gate ram.tga","","256","256","1","BC3","Binary","1","0","0","0-10%","D:\AI_upscaling\AoMEE\extracted\textures\scenario a gate ram.bti"
"scenario e great box cart.tga","","128","128","1","BC3","Binary","1","0","0","0-10%","D:\AI_upscaling\AoMEE\extracted\textures\scenario e great box cart.bti"
"scenario g arkantos god map.tga","","128","128","1","BC3","Binary","1","0","0","0-10%","D:\AI_upscaling\AoMEE\extracted\textures\scenario g arkantos god map.bti"
"scenario n dwarven mine inside.tga","","256","128","1","BC3","Binary","1","0","0","0-10%","D:\AI_upscaling\AoMEE\extracted\textures\scenario n dwarven mine inside.bti"
"scenario n dwarven mine opening.tga","","256","256","1","BC3","Binary","1","0","0","0-10%","D:\AI_upscaling\AoMEE\extracted\textures\scenario n dwarven mine opening.bti"
"scenario n dwarven mine outside.tga","","256","128","1","BC3","Binary","1","0","0","0-10%","D:\AI_upscaling\AoMEE\extracted\textures\scenario n dwarven mine outside.bti"
"scenario n thors hammer.tga","","128","128","1","BC3","Binary","1","0","0","0-10%","D:\AI_upscaling\AoMEE\extracted\textures\scenario n thors hammer.bti"
"sfx g lightning bolt.tga","","64","32","1","BC3","Binary","1","0","0","0-10%","D:\AI_upscaling\AoMEE\extracted\textures\sfx g lightning bolt.bti"
"sfx n dwarven mine.tga","","256","256","1","BC3","Binary","1","0","0","0-10%","D:\AI_upscaling\AoMEE\extracted\textures\sfx n dwarven mine.bti"
"siege e catapult projectile.tga","","32","32","1","BC3","Binary","1","0","0","0-10%","D:\AI_upscaling\AoMEE\extracted\textures\siege e catapult projectile.bti"
"special e roc.tga","","128","128","1","BC3","Binary","1","0","0","0-10%","D:\AI_upscaling\AoMEE\extracted\textures\special e roc.bti"
"special e scorpion man head.tga","","32","32","1","BC3","Binary","1","0","0","0-10%","D:\AI_upscaling\AoMEE\extracted\textures\special e scorpion man head.bti"
"special n king folstag.tga","","64","64","1","BC3","Binary","1","0","0","0-10%","D:\AI_upscaling\AoMEE\extracted\textures\special n king folstag.bti"
"special n valkyrie low.tga","","128","64","1","BC3","Binary","1","0","0","0-10%","D:\AI_upscaling\AoMEE\extracted\textures\special n valkyrie low.bti"
"statue x kronos map.tga","","128","128","1","BC3","Binary","1","0","0","0-10%","D:\AI_upscaling\AoMEE\extracted\textures\statue x kronos map.bti"
"titan x golem map2.tga","","256","256","1","BC3","Binary","1","0","0","0-10%","D:\AI_upscaling\AoMEE\extracted\textures\titan x golem map2.bti"
"trade e caravan cargo.tga","","64","64","1","BC3","Binary","1","0","0","0-10%","D:\AI_upscaling\AoMEE\extracted\textures\trade e caravan cargo.bti"
"world a gold map.tga","","256","256","1","BC3","Binary","1","0","0","0-10%","D:\AI_upscaling\AoMEE\extracted\textures\world a gold map.bti"
"world a relic armor of achilles.tga","","128","64","1","BC3","Binary","1","0","0","0-10%","D:\AI_upscaling\AoMEE\extracted\textures\world a relic armor of achilles.bti"
"world a relic eye of horus.tga","","128","64","1","BC3","Binary","1","0","0","0-10%","D:\AI_upscaling\AoMEE\extracted\textures\world a relic eye of horus.bti"
"world a relic fetters of fenrir.tga","","128","64","1","BC3","Binary","1","0","0","0-10%","D:\AI_upscaling\AoMEE\extracted\textures\world a relic fetters of fenrir.bti"
"world a relic golden bridle of pegasus.tga","","128","64","1","BC3","Binary","1","0","0","0-10%","D:\AI_upscaling\AoMEE\extracted\textures\world a relic golden bridle of pegasus.bti"
"world a relic head of orpheus.tga","","128","64","1","BC3","Binary","1","0","0","0-10%","D:\AI_upscaling\AoMEE\extracted\textures\world a relic head of orpheus.bti"
"world a relic ring of the nibelung.tga","","128","64","1","BC3","Binary","1","0","0","0-10%","D:\AI_upscaling\AoMEE\extracted\textures\world a relic ring of the nibelung.bti"
"world a relic ship of fingernails.tga","","128","64","1","BC3","Binary","1","0","0","0-10%","D:\AI_upscaling\AoMEE\extracted\textures\world a relic ship of fingernails.bti"
"world a relic the wedjat eye.tga","","128","64","1","BC3","Binary","1","0","0","0-10%","D:\AI_upscaling\AoMEE\extracted\textures\world a relic the wedjat eye.bti"
"world g statue poseidon base.tga","","64","32","1","BC3","Binary","1","0","0","0-10%","D:\AI_upscaling\AoMEE\extracted\textures\world g statue poseidon base.bti"
"world g zues uwpassage.tga","","256","256","1","BC3","Binary","1","0","0","0-10%","D:\AI_upscaling\AoMEE\extracted\textures\world g zues uwpassage.bti"
"world g zuesstairs.tga","","128","128","1","BC3","Binary","1","0","0","0-10%","D:\AI_upscaling\AoMEE\extracted\textures\world g zuesstairs.bti"
"building e outpost.tga","","256","256","1","BC3","Binary","2","172","0.262","0-10%","D:\AI_upscaling\AoMEE\extracted\textures\building e outpost.bti"
"building g shrine.tga","","256","256","1","BC3","Binary","2","208","0.317","0-10%","D:\AI_upscaling\AoMEE\extracted\textures\building g shrine.bti"
"hero g heracles head.tga","","64","32","1","BC3","Binary","2","8","0.391","0-10%","D:\AI_upscaling\AoMEE\extracted\textures\hero g heracles head.bti"
"oranos wonder map.tga","","256","256","1","BC3","Binary","2","260","0.397","0-10%","D:\AI_upscaling\AoMEE\extracted\textures\oranos wonder map.bti"
"building g roofage1.tga","","256","256","1","BC3","Binary","2","270","0.412","0-10%","D:\AI_upscaling\AoMEE\extracted\textures\building g roofage1.bti"
"building x titangate.tga","","256","256","1","BC3","Binary","2","272","0.415","0-10%","D:\AI_upscaling\AoMEE\extracted\textures\building x titangate.bti"
"building x palace age2.tga","","256","256","1","BC3","Binary","2","384","0.586","0-10%","D:\AI_upscaling\AoMEE\extracted\textures\building x palace age2.bti"
"building n thorarmory.tga","","256","256","1","BC3","Binary","2","564","0.861","0-10%","D:\AI_upscaling\AoMEE\extracted\textures\building n thorarmory.bti"
"building g fortress.tga","","256","256","1","BC3","Binary","2","648","0.989","0-10%","D:\AI_upscaling\AoMEE\extracted\textures\building g fortress.bti"
"building x wall iron.tga","","256","256","1","BC3","Binary","2","865","1.32","0-10%","D:\AI_upscaling\AoMEE\extracted\textures\building x wall iron.bti"
"building x roof age0.tga","","256","256","1","BC3","Binary","2","868","1.324","0-10%","D:\AI_upscaling\AoMEE\extracted\textures\building x roof age0.bti"
"building x wall stone.tga","","256","256","1","BC3","Binary","2","876","1.337","0-10%","D:\AI_upscaling\AoMEE\extracted\textures\building x wall stone.bti"
"building n templeage1.tga","","256","256","1","BC3","Binary","2","879","1.341","0-10%","D:\AI_upscaling\AoMEE\extracted\textures\building n templeage1.bti"
"building n templeage2.tga","","256","256","1","BC3","Binary","2","879","1.341","0-10%","D:\AI_upscaling\AoMEE\extracted\textures\building n templeage2.bti"
"building n templeage3.tga","","256","256","1","BC3","Binary","2","879","1.341","0-10%","D:\AI_upscaling\AoMEE\extracted\textures\building n templeage3.bti"
"platform map.tga","","128","32","1","BC3","Binary","2","56","1.367","0-10%","D:\AI_upscaling\AoMEE\extracted\textures\platform map.bti"
"building n shared06 2 map.tga","","256","256","1","BC3","Binary","2","898","1.37","0-10%","D:\AI_upscaling\AoMEE\extracted\textures\building n shared06 2 map.bti"
"building g age0.tga","","256","256","1","BC3","Binary","2","923","1.408","0-10%","D:\AI_upscaling\AoMEE\extracted\textures\building g age0.bti"
"building x tower watch4.tga","","256","256","1","BC3","Binary","2","924","1.41","0-10%","D:\AI_upscaling\AoMEE\extracted\textures\building x tower watch4.bti"
"building g settlementage1.tga","","256","256","1","BC3","Binary","2","933","1.424","0-10%","D:\AI_upscaling\AoMEE\extracted\textures\building g settlementage1.bti"
"building g settlementage3.tga","","256","256","1","BC3","Binary","2","933","1.424","0-10%","D:\AI_upscaling\AoMEE\extracted\textures\building g settlementage3.bti"
"building x wall bronze.tga","","256","256","1","BC3","Binary","2","936","1.428","0-10%","D:\AI_upscaling\AoMEE\extracted\textures\building x wall bronze.bti"
"building n settlementage1.tga","","256","256","1","BC3","Binary","2","940","1.434","0-10%","D:\AI_upscaling\AoMEE\extracted\textures\building n settlementage1.bti"
"building n settlementage2.tga","","256","256","1","BC3","Binary","2","950","1.45","0-10%","D:\AI_upscaling\AoMEE\extracted\textures\building n settlementage2.bti"
"infantry x trident soldier head hero.tga","","64","16","1","BC3","Binary","2","15","1.465","0-10%","D:\AI_upscaling\AoMEE\extracted\textures\infantry x trident soldier head hero.bti"
"building g templeage2.tga","","256","256","1","BC3","Binary","2","969","1.479","0-10%","D:\AI_upscaling\AoMEE\extracted\textures\building g templeage2.bti"
"building g templeage1.tga","","256","256","1","BC3","Binary","2","993","1.515","0-10%","D:\AI_upscaling\AoMEE\extracted\textures\building g templeage1.bti"
"building x tower watch2.tga","","256","256","1","BC3","Binary","2","994","1.517","0-10%","D:\AI_upscaling\AoMEE\extracted\textures\building x tower watch2.bti"
"building x tower watch3.tga","","256","256","1","BC3","Binary","2","994","1.517","0-10%","D:\AI_upscaling\AoMEE\extracted\textures\building x tower watch3.bti"
"building e age2 accessories burnt.tga","","256","256","1","BC3","Binary","2","1000","1.526","0-10%","D:\AI_upscaling\AoMEE\extracted\textures\building e age2 accessories burnt.bti"
"building_e_monumentbase_map.tga","","256","256","1","BC3","Binary","2","1024","1.562","0-10%","D:\AI_upscaling\AoMEE\extracted\textures\building_e_monumentbase_map.bti"
"building e lighthouse.tga","","256","256","1","BC3","Binary","2","1045","1.595","0-10%","D:\AI_upscaling\AoMEE\extracted\textures\building e lighthouse.bti"
"building g wonder.tga","","256","256","1","BC3","Binary","2","1047","1.598","0-10%","D:\AI_upscaling\AoMEE\extracted\textures\building g wonder.bti"
"building e age3 accessories.tga","","256","256","1","BC3","Binary","2","1058","1.614","0-10%","D:\AI_upscaling\AoMEE\extracted\textures\building e age3 accessories.bti"
"building e shared02 2 map.tga","","256","256","1","BC3","Binary","2","1058","1.614","0-10%","D:\AI_upscaling\AoMEE\extracted\textures\building e shared02 2 map.bti"
"building n settlementage3.tga","","256","256","1","BC3","Binary","2","1076","1.642","0-10%","D:\AI_upscaling\AoMEE\extracted\textures\building n settlementage3.bti"
"building g settlementage2.tga","","256","256","1","BC3","Binary","2","1078","1.645","0-10%","D:\AI_upscaling\AoMEE\extracted\textures\building g settlementage2.bti"
"world g hades temple.tga","","256","256","1","BC3","Binary","2","1096","1.672","0-10%","D:\AI_upscaling\AoMEE\extracted\textures\world g hades temple.bti"
"building x palace age3.tga","","256","256","1","BC3","Binary","2","1100","1.678","0-10%","D:\AI_upscaling\AoMEE\extracted\textures\building x palace age3.bti"
"building n shared01 1 map.tga","","256","256","1","BC3","Binary","2","1113","1.698","0-10%","D:\AI_upscaling\AoMEE\extracted\textures\building n shared01 1 map.bti"
"building g towers.tga","","256","256","1","BC3","Binary","2","1122","1.712","0-10%","D:\AI_upscaling\AoMEE\extracted\textures\building g towers.bti"
"world e statue isis.tga","","128","128","1","BC3","Binary","2","287","1.752","0-10%","D:\AI_upscaling\AoMEE\extracted\textures\world e statue isis.bti"
"villager n oxcart.tga","","128","128","1","BC3","Binary","2","294","1.794","0-10%","D:\AI_upscaling\AoMEE\extracted\textures\villager n oxcart.bti"
"building g fortifiedwall.tga","","256","256","1","BC3","Binary","2","1182","1.804","0-10%","D:\AI_upscaling\AoMEE\extracted\textures\building g fortifiedwall.bti"
"animal goatnubian map.tga","","64","64","1","BC3","Binary","2","74","1.807","0-10%","D:\AI_upscaling\AoMEE\extracted\textures\animal goatnubian map.bti"
"building e wall4.tga","","256","256","1","BC3","Binary","2","1240","1.892","0-10%","D:\AI_upscaling\AoMEE\extracted\textures\building e wall4.bti"
"world g statue hades.tga","","128","128","1","BC3","Binary","2","318","1.941","0-10%","D:\AI_upscaling\AoMEE\extracted\textures\world g statue hades.bti"
"oranos wonder map1.tga","","256","256","1","BC3","Binary","2","1280","1.953","0-10%","D:\AI_upscaling\AoMEE\extracted\textures\oranos wonder map1.bti"
"building g temple.tga","","256","256","1","BC3","Binary","2","1308","1.996","0-10%","D:\AI_upscaling\AoMEE\extracted\textures\building g temple.bti"
"building n shared01 3 map.tga","","256","256","1","BC3","Binary","2","1308","1.996","0-10%","D:\AI_upscaling\AoMEE\extracted\textures\building n shared01 3 map.bti"
"cavalry g hippikon horse copper.tga","","128","128","1","BC3","Binary","2","1639","10.004","10-25%","D:\AI_upscaling\AoMEE\extracted\textures\cavalry g hippikon horse copper.bti"
"cavalry g prodromos horse copper.tga","","128","128","1","BC3","Binary","2","1639","10.004","10-25%","D:\AI_upscaling\AoMEE\extracted\textures\cavalry g prodromos horse copper.bti"
"archer g toxotes head bronze.tga","","32","32","1","BC3","Binary","2","103","10.059","10-25%","D:\AI_upscaling\AoMEE\extracted\textures\archer g toxotes head bronze.bti"
"archer g toxotes head copper.tga","","32","32","1","BC3","Binary","2","103","10.059","10-25%","D:\AI_upscaling\AoMEE\extracted\textures\archer g toxotes head copper.bti"
"archer g toxotes head iron.tga","","32","32","1","BC3","Binary","2","103","10.059","10-25%","D:\AI_upscaling\AoMEE\extracted\textures\archer g toxotes head iron.bti"
"archer g toxotes head standard.tga","","32","32","1","BC3","Binary","2","103","10.059","10-25%","D:\AI_upscaling\AoMEE\extracted\textures\archer g toxotes head standard.bti"
"infantry g hypaspist head bronze.tga","","32","32","1","BC3","Binary","2","103","10.059","10-25%","D:\AI_upscaling\AoMEE\extracted\textures\infantry g hypaspist head bronze.bti"
"infantry g hypaspist head copper.tga","","32","32","1","BC3","Binary","2","103","10.059","10-25%","D:\AI_upscaling\AoMEE\extracted\textures\infantry g hypaspist head copper.bti"
"infantry g hypaspist head iron.tga","","32","32","1","BC3","Binary","2","103","10.059","10-25%","D:\AI_upscaling\AoMEE\extracted\textures\infantry g hypaspist head iron.bti"
"infantry g hypaspist head standard.tga","","32","32","1","BC3","Binary","2","103","10.059","10-25%","D:\AI_upscaling\AoMEE\extracted\textures\infantry g hypaspist head standard.bti"
"special g centaur head upgrade.tga","","32","32","1","BC3","Binary","2","103","10.059","10-25%","D:\AI_upscaling\AoMEE\extracted\textures\special g centaur head upgrade.bti"
"cine x mp melagius head.tga","","16","16","1","BC3","Binary","2","26","10.156","10-25%","D:\AI_upscaling\AoMEE\extracted\textures\cine x mp melagius head.bti"
"sfx g sentinel.tga","","128","128","1","BC3","Binary","2","1726","10.535","10-25%","D:\AI_upscaling\AoMEE\extracted\textures\sfx g sentinel.bti"
"archer n throwing axeman low bronze.tga","","32","32","1","BC3","Binary","2","108","10.547","10-25%","D:\AI_upscaling\AoMEE\extracted\textures\archer n throwing axeman low bronze.bti"
"archer n throwing axeman low copper.tga","","32","32","1","BC3","Binary","2","108","10.547","10-25%","D:\AI_upscaling\AoMEE\extracted\textures\archer n throwing axeman low copper.bti"
"archer n throwing axeman low iron.tga","","32","32","1","BC3","Binary","2","108","10.547","10-25%","D:\AI_upscaling\AoMEE\extracted\textures\archer n throwing axeman low iron.bti"
"archer n throwing axeman low standard.tga","","32","32","1","BC3","Binary","2","108","10.547","10-25%","D:\AI_upscaling\AoMEE\extracted\textures\archer n throwing axeman low standard.bti"
"cavalry g cataphract head iron.tga","","32","32","1","BC3","Binary","2","109","10.645","10-25%","D:\AI_upscaling\AoMEE\extracted\textures\cavalry g cataphract head iron.bti"
"special n jormund brood hump.tga","","64","128","1","BC3","Binary","2","896","10.938","10-25%","D:\AI_upscaling\AoMEE\extracted\textures\special n jormund brood hump.bti"
"animal caribou map.tga","","64","64","1","BC3","Binary","1","4096","100","75-100%","D:\AI_upscaling\AoMEE\extracted\textures\animal caribou map.bti"
"attachments a axe map.tga","","32","32","1","BC3","Binary","1","1024","100","75-100%","D:\AI_upscaling\AoMEE\extracted\textures\attachments a axe map.bti"
"attachments a shovel.tga","","64","8","1","BC3","Binary","1","512","100","75-100%","D:\AI_upscaling\AoMEE\extracted\textures\attachments a shovel.bti"
"attachments n shield cinepirateship map.tga","","64","64","1","BC3","Binary","1","4096","100","75-100%","D:\AI_upscaling\AoMEE\extracted\textures\attachments n shield cinepirateship map.bti"
"building e isis wonder03.tga","","256","256","1","BC3","Binary","1","65536","100","75-100%","D:\AI_upscaling\AoMEE\extracted\textures\building e isis wonder03.bti"
"building e monument1.tga","","128","128","1","BC3","Binary","1","16384","100","75-100%","D:\AI_upscaling\AoMEE\extracted\textures\building e monument1.bti"
"building e monument3.tga","","128","128","1","BC3","Binary","1","16384","100","75-100%","D:\AI_upscaling\AoMEE\extracted\textures\building e monument3.bti"
"cine a kemsyt head bag.tga","","128","128","1","BC3","Binary","1","16384","100","75-100%","D:\AI_upscaling\AoMEE\extracted\textures\cine a kemsyt head bag.bti"
"cine spear map.tga","","128","256","1","BC3","Binary","1","32768","100","75-100%","D:\AI_upscaling\AoMEE\extracted\textures\cine spear map.bti"
"cine x trident soldier helmet.tga","","128","128","1","BC3","Binary","1","16384","100","75-100%","D:\AI_upscaling\AoMEE\extracted\textures\cine x trident soldier helmet.bti"
"hero g achilles.tga","","64","64","1","BC3","Binary","1","4096","100","75-100%","D:\AI_upscaling\AoMEE\extracted\textures\hero g achilles.bti"
"hero g ajax.tga","","64","64","1","BC3","Binary","1","4096","100","75-100%","D:\AI_upscaling\AoMEE\extracted\textures\hero g ajax.bti"
"hero g atalanta.tga","","32","32","1","BC3","Binary","1","1024","100","75-100%","D:\AI_upscaling\AoMEE\extracted\textures\hero g atalanta.bti"
"hero g chiron.tga","","64","64","1","BC3","Binary","1","4096","100","75-100%","D:\AI_upscaling\AoMEE\extracted\textures\hero g chiron.bti"
"hero g heracles.tga","","64","64","1","BC3","Binary","1","4096","100","75-100%","D:\AI_upscaling\AoMEE\extracted\textures\hero g heracles.bti"
"hero g hippolyta.tga","","64","64","1","BC3","Binary","1","4096","100","75-100%","D:\AI_upscaling\AoMEE\extracted\textures\hero g hippolyta.bti"
"hero g theseus.tga","","64","64","1","BC3","Binary","1","4096","100","75-100%","D:\AI_upscaling\AoMEE\extracted\textures\hero g theseus.bti"
"hero n ragnorok female head.tga","","32","32","1","BC3","Binary","1","1024","100","75-100%","D:\AI_upscaling\AoMEE\extracted\textures\hero n ragnorok female head.bti"
"hero n ragnorok male head.tga","","32","32","1","BC3","Binary","1","1024","100","75-100%","D:\AI_upscaling\AoMEE\extracted\textures\hero n ragnorok male head.bti"
"infantry e mercenary head.tga","","32","32","1","BC3","Binary","1","1024","100","75-100%","D:\AI_upscaling\AoMEE\extracted\textures\infantry e mercenary head.bti"
"infantry x trident soldier head iron.tga","","64","16","1","BC3","Binary","1","1024","100","75-100%","D:\AI_upscaling\AoMEE\extracted\textures\infantry x trident soldier head iron.bti"
"scenario u chronos hand.tga","","256","256","1","BC3","Binary","1","65536","100","75-100%","D:\AI_upscaling\AoMEE\extracted\textures\scenario u chronos hand.bti"
"sfx g plenty decal.tga","","256","256","1","BC3","Binary","1","65536","100","75-100%","D:\AI_upscaling\AoMEE\extracted\textures\sfx g plenty decal.bti"
"sfx g plenty shadow.tga","","256","256","1","BC3","Binary","1","65536","100","75-100%","D:\AI_upscaling\AoMEE\extracted\textures\sfx g plenty shadow.bti"
"siege g trojan horse.tga","","256","256","1","BC3","Binary","1","65536","100","75-100%","D:\AI_upscaling\AoMEE\extracted\textures\siege g trojan horse.bti"
"special g agamemnon head.tga","","64","64","1","BC3","Binary","1","4096","100","75-100%","D:\AI_upscaling\AoMEE\extracted\textures\special g agamemnon head.bti"
"special g athena head.tga","","128","64","1","BC3","Binary","1","8192","100","75-100%","D:\AI_upscaling\AoMEE\extracted\textures\special g athena head.bti"
"special g underworld shade.tga","","64","64","1","BC3","Binary","1","4096","100","75-100%","D:\AI_upscaling\AoMEE\extracted\textures\special g underworld shade.bti"
"temp santa head.tga","","64","64","1","BC3","Binary","1","4096","100","75-100%","D:\AI_upscaling\AoMEE\extracted\textures\temp santa head.bti"
"titan n troll hammer map.tga","","128","128","1","BC3","Binary","1","16384","100","75-100%","D:\AI_upscaling\AoMEE\extracted\textures\titan n troll hammer map.bti"
"titan n troll map1.tga","","256","256","1","BC3","Binary","1","65536","100","75-100%","D:\AI_upscaling\AoMEE\extracted\textures\titan n troll map1.bti"
"villager g atlantean male head.tga","","32","32","1","BC3","Binary","1","1024","100","75-100%","D:\AI_upscaling\AoMEE\extracted\textures\villager g atlantean male head.bti"
"world a fountain.tga","","64","64","1","BC3","Binary","1","4096","100","75-100%","D:\AI_upscaling\AoMEE\extracted\textures\world a fountain.bti"
"world a jade map.tga","","256","256","1","BC3","Binary","1","65536","100","75-100%","D:\AI_upscaling\AoMEE\extracted\textures\world a jade map.bti"
"world a relic monkey.tga","","128","64","1","BC3","Binary","1","8192","100","75-100%","D:\AI_upscaling\AoMEE\extracted\textures\world a relic monkey.bti"
"world e brazier map.tga","","64","64","1","BC3","Binary","1","4096","100","75-100%","D:\AI_upscaling\AoMEE\extracted\textures\world e brazier map.bti"
"world g brazier map.tga","","64","64","1","BC3","Binary","1","4096","100","75-100%","D:\AI_upscaling\AoMEE\extracted\textures\world g brazier map.bti"
"world g statue base.tga","","64","32","1","BC3","Binary","1","2048","100","75-100%","D:\AI_upscaling\AoMEE\extracted\textures\world g statue base.bti"
"world n brazier map.tga","","64","64","1","BC3","Binary","1","4096","100","75-100%","D:\AI_upscaling\AoMEE\extracted\textures\world n brazier map.bti"
"special e phoenix egg.tga","","64","64","1","BC3","Binary","2","512","12.5","10-25%","D:\AI_upscaling\AoMEE\extracted\textures\special e phoenix egg.bti"
"infantry e spearman iron.tga","","64","64","1","BC3","Binary","2","535","13.062","10-25%","D:\AI_upscaling\AoMEE\extracted\textures\infantry e spearman iron.bti"
"special n einheriar upgrade.tga","","64","64","1","BC3","Binary","2","550","13.428","10-25%","D:\AI_upscaling\AoMEE\extracted\textures\special n einheriar upgrade.bti"
"special n einheriar.tga","","64","64","1","BC3","Binary","2","550","13.428","10-25%","D:\AI_upscaling\AoMEE\extracted\textures\special n einheriar.bti"
"special n raven.tga","","64","64","1","BC3","Binary","2","560","13.672","10-25%","D:\AI_upscaling\AoMEE\extracted\textures\special n raven.bti"
"scenario theocrat staff.tga","","32","8","1","BC3","Binary","2","40","15.625","10-25%","D:\AI_upscaling\AoMEE\extracted\textures\scenario theocrat staff.bti"
"world e statue ra.tga","","128","128","1","BC3","Binary","2","2606","15.906","10-25%","D:\AI_upscaling\AoMEE\extracted\textures\world e statue ra.bti"
"special e priest head.tga","","32","16","1","BC3","Binary","2","84","16.406","10-25%","D:\AI_upscaling\AoMEE\extracted\textures\special e priest head.bti"
"cine g ajax old map.tga","","256","256","1","BC3","Binary","2","11191","17.076","10-25%","D:\AI_upscaling\AoMEE\extracted\textures\cine g ajax old map.bti"
"cavalry g hippikon standard.tga","","64","64","1","BC3","Binary","2","773","18.872","10-25%","D:\AI_upscaling\AoMEE\extracted\textures\cavalry g hippikon standard.bti"
"infantry x swordsman bronze.tga","","64","64","1","BC3","Binary","2","791","19.312","10-25%","D:\AI_upscaling\AoMEE\extracted\textures\infantry x swordsman bronze.bti"
"infantry x swordsman copper.tga","","64","64","1","BC3","Binary","2","791","19.312","10-25%","D:\AI_upscaling\AoMEE\extracted\textures\infantry x swordsman copper.bti"
"infantry x swordsman hero.tga","","64","64","1","BC3","Binary","2","791","19.312","10-25%","D:\AI_upscaling\AoMEE\extracted\textures\infantry x swordsman hero.bti"
"infantry x swordsman iron.tga","","64","64","1","BC3","Binary","2","791","19.312","10-25%","D:\AI_upscaling\AoMEE\extracted\textures\infantry x swordsman iron.bti"
"infantry x swordsman standard.tga","","64","64","1","BC3","Binary","2","791","19.312","10-25%","D:\AI_upscaling\AoMEE\extracted\textures\infantry x swordsman standard.bti"
"building e isis wonder02.tga","","256","256","1","BC3","Binary","2","1337","2.04","0-10%","D:\AI_upscaling\AoMEE\extracted\textures\building e isis wonder02.bti"
"building e isis wonder01.tga","","256","256","1","BC3","Binary","2","1344","2.051","0-10%","D:\AI_upscaling\AoMEE\extracted\textures\building e isis wonder01.bti"
"building x roof age1.tga","","256","256","1","BC3","Binary","2","1364","2.081","0-10%","D:\AI_upscaling\AoMEE\extracted\textures\building x roof age1.bti"
"building e ra wonder02.tga","","256","256","1","BC3","Binary","2","1374","2.097","0-10%","D:\AI_upscaling\AoMEE\extracted\textures\building e ra wonder02.bti"
"sfx g plenty.tga","","256","256","1","BC3","Binary","2","1381","2.107","0-10%","D:\AI_upscaling\AoMEE\extracted\textures\sfx g plenty.bti"
"building e set wonder02.tga","","256","256","1","BC3","Binary","2","1404","2.142","0-10%","D:\AI_upscaling\AoMEE\extracted\textures\building e set wonder02.bti"
"special g centaur low.tga","","128","64","1","BC3","Binary","2","184","2.246","0-10%","D:\AI_upscaling\AoMEE\extracted\textures\special g centaur low.bti"
"building e monument platforms.tga","","256","256","1","BC3","Binary","2","1475","2.251","0-10%","D:\AI_upscaling\AoMEE\extracted\textures\building e monument platforms.bti"
"building x wall oreichalkos.tga","","256","256","1","BC3","Binary","2","1496","2.283","0-10%","D:\AI_upscaling\AoMEE\extracted\textures\building x wall oreichalkos.bti"
"kronos wonder map2.tga","","256","256","1","BC3","Binary","2","1510","2.304","0-10%","D:\AI_upscaling\AoMEE\extracted\textures\kronos wonder map2.bti"
"building g hades wonder.tga","","256","256","1","BC3","Binary","2","1536","2.344","0-10%","D:\AI_upscaling\AoMEE\extracted\textures\building g hades wonder.bti"
"building g wallsage2.tga","","256","256","1","BC3","Binary","2","1596","2.435","0-10%","D:\AI_upscaling\AoMEE\extracted\textures\building g wallsage2.bti"
"building g fortresswall.tga","","256","256","1","BC3","Binary","2","1615","2.464","0-10%","D:\AI_upscaling\AoMEE\extracted\textures\building g fortresswall.bti"
"animal cow a map.tga","","128","128","1","BC3","Binary","2","440","2.686","0-10%","D:\AI_upscaling\AoMEE\extracted\textures\animal cow a map.bti"
"animal cow b map.tga","","128","128","1","BC3","Binary","2","440","2.686","0-10%","D:\AI_upscaling\AoMEE\extracted\textures\animal cow b map.bti"
"animal cow c map.tga","","128","128","1","BC3","Binary","2","440","2.686","0-10%","D:\AI_upscaling\AoMEE\extracted\textures\animal cow c map.bti"
"building g zues wonder01.tga","","256","256","1","BC3","Binary","2","1813","2.766","0-10%","D:\AI_upscaling\AoMEE\extracted\textures\building g zues wonder01.bti"
"building e titan gate map.tga","","256","256","1","BC3","Binary","2","1852","2.826","0-10%","D:\AI_upscaling\AoMEE\extracted\textures\building e titan gate map.bti"
"statue x oranos map.tga","","128","128","1","BC3","Binary","2","469","2.863","0-10%","D:\AI_upscaling\AoMEE\extracted\textures\statue x oranos map.bti"
"scenario g circe head.tga","","32","32","1","BC3","Binary","2","30","2.93","0-10%","D:\AI_upscaling\AoMEE\extracted\textures\scenario g circe head.bti"
"cavalry g hippikon copper.tga","","64","64","1","BC3","Binary","2","898","21.924","10-25%","D:\AI_upscaling\AoMEE\extracted\textures\cavalry g hippikon copper.bti"
"world a bouy.tga","","32","32","1","BC3","Binary","2","232","22.656","10-25%","D:\AI_upscaling\AoMEE\extracted\textures\world a bouy.bti"
"hero g belerophon.tga","","64","64","1","BC3","Binary","2","945","23.071","10-25%","D:\AI_upscaling\AoMEE\extracted\textures\hero g belerophon.bti"
"world a waypoint flag.tga","","128","64","1","BC3","Binary","2","2048","25","10-25%","D:\AI_upscaling\AoMEE\extracted\textures\world a waypoint flag.bti"
"hero n hero low.tga","","64","64","1","BC3","Binary","2","1150","28.076","25-50%","D:\AI_upscaling\AoMEE\extracted\textures\hero n hero low.bti"
"cavalry e chariot horse map.tga","","128","128","1","BC3","Binary","2","4733","28.888","25-50%","D:\AI_upscaling\AoMEE\extracted\textures\cavalry e chariot horse map.bti"
"building e age2 burnt.tga","","256","256","1","BC3","Binary","2","2012","3.07","0-10%","D:\AI_upscaling\AoMEE\extracted\textures\building e age2 burnt.bti"
"building e age2.tga","","256","256","1","BC3","Binary","2","2012","3.07","0-10%","D:\AI_upscaling\AoMEE\extracted\textures\building e age2.bti"
"building e settlement age2.tga","","256","256","1","BC3","Binary","2","2012","3.07","0-10%","D:\AI_upscaling\AoMEE\extracted\textures\building e settlement age2.bti"
"building e shared01 2 map.tga","","256","256","1","BC3","Binary","2","2012","3.07","0-10%","D:\AI_upscaling\AoMEE\extracted\textures\building e shared01 2 map.bti"
"building g wallsage1.tga","","256","256","1","BC3","Binary","2","2061","3.145","0-10%","D:\AI_upscaling\AoMEE\extracted\textures\building g wallsage1.bti"
"building g wallsage3.tga","","256","256","1","BC3","Binary","2","2199","3.355","0-10%","D:\AI_upscaling\AoMEE\extracted\textures\building g wallsage3.bti"
"world g statue zeus.tga","","128","128","1","BC3","Binary","2","554","3.381","0-10%","D:\AI_upscaling\AoMEE\extracted\textures\world g statue zeus.bti"
"cavalry g hippikon head bronze.tga","","32","32","1","BC3","Binary","2","35","3.418","0-10%","D:\AI_upscaling\AoMEE\extracted\textures\cavalry g hippikon head bronze.bti"
"cavalry g hippikon head copper.tga","","32","32","1","BC3","Binary","2","35","3.418","0-10%","D:\AI_upscaling\AoMEE\extracted\textures\cavalry g hippikon head copper.bti"
"cavalry g hippikon head iron.tga","","32","32","1","BC3","Binary","2","35","3.418","0-10%","D:\AI_upscaling\AoMEE\extracted\textures\cavalry g hippikon head iron.bti"
"building g shared05 2 map.tga","","256","256","1","BC3","Binary","2","2268","3.461","0-10%","D:\AI_upscaling\AoMEE\extracted\textures\building g shared05 2 map.bti"
"scenario t troy wall long dead.tga","","256","256","1","BC3","Binary","2","2304","3.516","0-10%","D:\AI_upscaling\AoMEE\extracted\textures\scenario t troy wall long dead.bti"
"scenario t troy wall long deadb.tga","","256","256","1","BC3","Binary","2","2304","3.516","0-10%","D:\AI_upscaling\AoMEE\extracted\textures\scenario t troy wall long deadb.bti"
"scenario t troy wall long.tga","","256","256","1","BC3","Binary","2","2304","3.516","0-10%","D:\AI_upscaling\AoMEE\extracted\textures\scenario t troy wall long.bti"
"building g fortressroof.tga","","256","256","1","BC3","Binary","2","2348","3.583","0-10%","D:\AI_upscaling\AoMEE\extracted\textures\building g fortressroof.bti"
"special e roc basket.tga","","128","128","1","BC3","Binary","2","615","3.754","0-10%","D:\AI_upscaling\AoMEE\extracted\textures\special e roc basket.bti"
"cavalry x javelin copper.tga","","64","64","1","BC3","Binary","2","1274","31.104","25-50%","D:\AI_upscaling\AoMEE\extracted\textures\cavalry x javelin copper.bti"
"cavalry x javelin standard.tga","","64","64","1","BC3","Binary","2","1274","31.104","25-50%","D:\AI_upscaling\AoMEE\extracted\textures\cavalry x javelin standard.bti"
"archer g peltast low copper.tga","","32","32","1","BC3","Binary","2","321","31.348","25-50%","D:\AI_upscaling\AoMEE\extracted\textures\archer g peltast low copper.bti"
"cavalry e war elephant basket standard.tga","","64","64","1","BC3","Binary","2","169","4.126","0-10%","D:\AI_upscaling\AoMEE\extracted\textures\cavalry e war elephant basket standard.bti"
"siege n ballista iron.tga","","64","64","1","BC3","Binary","2","169","4.126","0-10%","D:\AI_upscaling\AoMEE\extracted\textures\siege n ballista iron.bti"
"siege n ballista.tga","","64","64","1","BC3","Binary","2","169","4.126","0-10%","D:\AI_upscaling\AoMEE\extracted\textures\siege n ballista.bti"
"sfx e citadel age4.tga","","256","256","1","BC3","Binary","2","2802","4.276","0-10%","D:\AI_upscaling\AoMEE\extracted\textures\sfx e citadel age4.bti"
"sfx e citadel.tga","","256","256","1","BC3","Binary","2","2802","4.276","0-10%","D:\AI_upscaling\AoMEE\extracted\textures\sfx e citadel.bti"
"cine g poseidon stone.tga","","256","256","1","BC3","Binary","2","2806","4.282","0-10%","D:\AI_upscaling\AoMEE\extracted\textures\cine g poseidon stone.bti"
"special e petesuchos.tga","","128","128","1","BC3","Binary","2","716","4.37","0-10%","D:\AI_upscaling\AoMEE\extracted\textures\special e petesuchos.bti"
"special g centaur upgrade.tga","","64","64","1","BC3","Binary","2","190","4.639","0-10%","D:\AI_upscaling\AoMEE\extracted\textures\special g centaur upgrade.bti"
"special g centaur.tga","","64","64","1","BC3","Binary","2","190","4.639","0-10%","D:\AI_upscaling\AoMEE\extracted\textures\special g centaur.bti"
"special g cyclops upgrade.tga","","128","128","1","BC3","Binary","2","784","4.785","0-10%","D:\AI_upscaling\AoMEE\extracted\textures\special g cyclops upgrade.bti"
"special g cyclops.tga","","128","128","1","BC3","Binary","2","784","4.785","0-10%","D:\AI_upscaling\AoMEE\extracted\textures\special g cyclops.bti"
"world g garrison flag.tga","","64","32","1","BC3","Binary","2","972","47.461","25-50%","D:\AI_upscaling\AoMEE\extracted\textures\world g garrison flag.bti"
"building e age4.tga","","256","256","1","BC3","Binary","2","3376","5.151","0-10%","D:\AI_upscaling\AoMEE\extracted\textures\building e age4.bti"
"building e settlement age4.tga","","256","256","1","BC3","Binary","2","3376","5.151","0-10%","D:\AI_upscaling\AoMEE\extracted\textures\building e settlement age4.bti"
"world g shrine map.tga","","128","128","1","BC3","Binary","2","915","5.585","0-10%","D:\AI_upscaling\AoMEE\extracted\textures\world g shrine map.bti"
"siege g petrobolos iron.tga","","64","64","1","BC3","Binary","2","230","5.615","0-10%","D:\AI_upscaling\AoMEE\extracted\textures\siege g petrobolos iron.bti"
"siege g petrobolos.tga","","64","64","1","BC3","Binary","2","230","5.615","0-10%","D:\AI_upscaling\AoMEE\extracted\textures\siege g petrobolos.bti"
"trade g caravan cargo.tga","","64","64","1","BC3","Binary","2","242","5.908","0-10%","D:\AI_upscaling\AoMEE\extracted\textures\trade g caravan cargo.bti"
"low infantry g normal head bronze.tga","","32","16","1","BC3","Binary","2","256","50","25-50%","D:\AI_upscaling\AoMEE\extracted\textures\low infantry g normal head bronze.bti"
"low infantry g normal head copper.tga","","32","16","1","BC3","Binary","2","256","50","25-50%","D:\AI_upscaling\AoMEE\extracted\textures\low infantry g normal head copper.bti"
"low infantry g normal head iron.tga","","32","16","1","BC3","Binary","2","256","50","25-50%","D:\AI_upscaling\AoMEE\extracted\textures\low infantry g normal head iron.bti"
"low infantry g normal head standard.tga","","32","16","1","BC3","Binary","2","256","50","25-50%","D:\AI_upscaling\AoMEE\extracted\textures\low infantry g normal head standard.bti"
"scenario n reginleif map.tga","","64","64","1","BC3","Binary","2","248","6.055","0-10%","D:\AI_upscaling\AoMEE\extracted\textures\scenario n reginleif map.bti"
"world e tent.tga","","128","128","1","BC3","Binary","2","1046","6.384","0-10%","D:\AI_upscaling\AoMEE\extracted\textures\world e tent.bti"
"infantry e chariot archer iron map.tga","","64","64","1","BC3","Binary","2","264","6.445","0-10%","D:\AI_upscaling\AoMEE\extracted\textures\infantry e chariot archer iron map.bti"
"scenario g circe.tga","","64","64","1","BC3","Binary","2","271","6.616","0-10%","D:\AI_upscaling\AoMEE\extracted\textures\scenario g circe.bti"
"siege e catapult iron.tga","","64","64","1","BC3","Binary","2","271","6.616","0-10%","D:\AI_upscaling\AoMEE\extracted\textures\siege e catapult iron.bti"
"siege e catapult.tga","","64","64","1","BC3","Binary","2","271","6.616","0-10%","D:\AI_upscaling\AoMEE\extracted\textures\siege e catapult.bti"
"siege g petrobolos tire low.tga","","16","16","1","BC3","Binary","2","181","70.703","50-75%","D:\AI_upscaling\AoMEE\extracted\textures\siege g petrobolos tire low.bti"
"command time shift icons 32.tga","","32","32","1","DeflatedRGBA8","Binary","2","814","79.492","75-100%","D:\AI_upscaling\AoMEE\extracted\textures\icons\command time shift icons 32.bti"
"cavalry g hippikon horse standard.tga","","128","128","1","BC3","Binary","2","1396","8.521","0-10%","D:\AI_upscaling\AoMEE\extracted\textures\cavalry g hippikon horse standard.bti"
"cavalry g prodromos horse standard.tga","","128","128","1","BC3","Binary","2","1396","8.521","0-10%","D:\AI_upscaling\AoMEE\extracted\textures\cavalry g prodromos horse standard.bti"
"special g pegasus.tga","","128","128","1","BC3","Binary","2","1396","8.521","0-10%","D:\AI_upscaling\AoMEE\extracted\textures\special g pegasus.bti"
"projectile a ballista arrow iron.tga","","64","16","1","BC3","Binary","2","88","8.594","0-10%","D:\AI_upscaling\AoMEE\extracted\textures\projectile a ballista arrow iron.bti"
"projectile a ballista arrow.tga","","64","16","1","BC3","Binary","2","88","8.594","0-10%","D:\AI_upscaling\AoMEE\extracted\textures\projectile a ballista arrow.bti"
"siege n ballista bolt iron.tga","","64","16","1","BC3","Binary","2","88","8.594","0-10%","D:\AI_upscaling\AoMEE\extracted\textures\siege n ballista bolt iron.bti"
"siege n ballista bolt.tga","","64","16","1","BC3","Binary","2","88","8.594","0-10%","D:\AI_upscaling\AoMEE\extracted\textures\siege n ballista bolt.bti"
"infantry g myrmidon head iron.tga","","64","32","1","BC3","Binary","2","179","8.74","0-10%","D:\AI_upscaling\AoMEE\extracted\textures\infantry g myrmidon head iron.bti"
"archer g peltast cape bronze.tga","","64","64","1","BC3","Binary","2","3314","80.908","75-100%","D:\AI_upscaling\AoMEE\extracted\textures\archer g peltast cape bronze.bti"
"archer g peltast cape copper.tga","","64","64","1","BC3","Binary","2","3314","80.908","75-100%","D:\AI_upscaling\AoMEE\extracted\textures\archer g peltast cape copper.bti"
"archer g peltast cape iron.tga","","64","64","1","BC3","Binary","2","3314","80.908","75-100%","D:\AI_upscaling\AoMEE\extracted\textures\archer g peltast cape iron.bti"
"archer g peltast cape standard.tga","","64","64","1","BC3","Binary","2","3314","80.908","75-100%","D:\AI_upscaling\AoMEE\extracted\textures\archer g peltast cape standard.bti"
"world a relic standard.tga","","64","64","1","BC3","Binary","2","3392","82.812","75-100%","D:\AI_upscaling\AoMEE\extracted\textures\world a relic standard.bti"
"trade e caravan basket.tga","","128","128","1","BC3","Binary","2","1477","9.015","0-10%","D:\AI_upscaling\AoMEE\extracted\textures\trade e caravan basket.bti"
"hero g theseus shield.tga","","64","32","1","BC3","Binary","2","204","9.961","0-10%","D:\AI_upscaling\AoMEE\extracted\textures\hero g theseus shield.bti"
"infantry g hoplite head iron.tga","","32","32","1","BC3","Binary","2","102","9.961","0-10%","D:\AI_upscaling\AoMEE\extracted\textures\infantry g hoplite head iron.bti"
"infantry g hypaspist map.tga","","64","64","1","BC3","Binary","2","3853","94.067","75-100%","D:\AI_upscaling\AoMEE\extracted\textures\infantry g hypaspist map.bti"
"building n wonder.tga","","256","256","1","BC3","MultiValue","3","351","0.536","0-10%","D:\AI_upscaling\AoMEE\extracted\textures\building n wonder.bti"
"building n temple.tga","","256","256","1","BC3","MultiValue","3","574","0.876","0-10%","D:\AI_upscaling\AoMEE\extracted\textures\building n temple.bti"
"titan x kronos.tga","","256","256","1","BC3","MultiValue","3","583","0.89","0-10%","D:\AI_upscaling\AoMEE\extracted\textures\titan x kronos.bti"
"building x temple age0.tga","","256","256","1","BC3","MultiValue","3","620","0.946","0-10%","D:\AI_upscaling\AoMEE\extracted\textures\building x temple age0.bti"
"world n tent.tga","","128","128","1","BC3","MultiValue","3","165","1.007","0-10%","D:\AI_upscaling\AoMEE\extracted\textures\world n tent.bti"
"building n shared02 2 map.tga","","256","256","1","BC3","MultiValue","3","691","1.054","0-10%","D:\AI_upscaling\AoMEE\extracted\textures\building n shared02 2 map.bti"
"special e mummy map.tga","","64","64","1","BC3","MultiValue","3","45","1.099","0-10%","D:\AI_upscaling\AoMEE\extracted\textures\special e mummy map.bti"
"special g chimera.tga","","128","128","1","BC3","MultiValue","3","180","1.099","0-10%","D:\AI_upscaling\AoMEE\extracted\textures\special g chimera.bti"
"special g sea turtle.tga","","256","256","1","BC3","MultiValue","3","721","1.1","0-10%","D:\AI_upscaling\AoMEE\extracted\textures\special g sea turtle.bti"
"gaia wonder map2.tga","","256","256","1","BC3","MultiValue","3","771","1.176","0-10%","D:\AI_upscaling\AoMEE\extracted\textures\gaia wonder map2.bti"
"special g hydra map.tga","","128","128","1","BC3","MultiValue","3","197","1.202","0-10%","D:\AI_upscaling\AoMEE\extracted\textures\special g hydra map.bti"
"lp cine x krios.tga","","128","128","1","BC3","MultiValue","3","198","1.208","0-10%","D:\AI_upscaling\AoMEE\extracted\textures\lp cine x krios.bti"
"special g nemean lion.tga","","128","128","1","BC3","MultiValue","3","223","1.361","0-10%","D:\AI_upscaling\AoMEE\extracted\textures\special g nemean lion.bti"
"cavalry n raiding cavalry horse bronze.tga","","128","128","1","BC3","MultiValue","3","232","1.416","0-10%","D:\AI_upscaling\AoMEE\extracted\textures\cavalry n raiding cavalry horse bronze.bti"
"cavalry n raiding cavalry horse copper.tga","","128","128","1","BC3","MultiValue","3","232","1.416","0-10%","D:\AI_upscaling\AoMEE\extracted\textures\cavalry n raiding cavalry horse copper.bti"
"cavalry n raiding cavalry horse iron.tga","","128","128","1","BC3","MultiValue","3","232","1.416","0-10%","D:\AI_upscaling\AoMEE\extracted\textures\cavalry n raiding cavalry horse iron.bti"
"cavalry n raiding cavalry horse standard.tga","","128","128","1","BC3","MultiValue","3","232","1.416","0-10%","D:\AI_upscaling\AoMEE\extracted\textures\cavalry n raiding cavalry horse standard.bti"
"building n wallage4.tga","","256","256","1","BC3","MultiValue","3","936","1.428","0-10%","D:\AI_upscaling\AoMEE\extracted\textures\building n wallage4.bti"
"siege g petrobolos low.tga","","64","64","1","BC3","MultiValue","3","62","1.514","0-10%","D:\AI_upscaling\AoMEE\extracted\textures\siege g petrobolos low.bti"
"cine x krios.tga","","256","256","1","BC3","MultiValue","3","1012","1.544","0-10%","D:\AI_upscaling\AoMEE\extracted\textures\cine x krios.bti"
"building n tower.tga","","256","128","1","BC3","MultiValue","3","523","1.596","0-10%","D:\AI_upscaling\AoMEE\extracted\textures\building n tower.bti"
"world e statue set.tga","","128","128","1","BC3","MultiValue","3","262","1.599","0-10%","D:\AI_upscaling\AoMEE\extracted\textures\world e statue set.bti"
"titan g cerebus map2.tga","","256","256","1","BC3","MultiValue","3","1051","1.604","0-10%","D:\AI_upscaling\AoMEE\extracted\textures\titan g cerebus map2.bti"
"building n hillfort.tga","","256","256","1","BC3","MultiValue","3","1103","1.683","0-10%","D:\AI_upscaling\AoMEE\extracted\textures\building n hillfort.bti"
"animal pig map.tga","","64","64","1","BC3","MultiValue","3","69","1.685","0-10%","D:\AI_upscaling\AoMEE\extracted\textures\animal pig map.bti"
"building n shrine.tga","","128","128","1","BC3","MultiValue","3","292","1.782","0-10%","D:\AI_upscaling\AoMEE\extracted\textures\building n shrine.bti"
"building n settlementage4.tga","","256","256","1","BC3","MultiValue","3","1224","1.868","0-10%","D:\AI_upscaling\AoMEE\extracted\textures\building n settlementage4.bti"
"building e age2 wall.tga","","256","256","1","BC3","MultiValue","3","1281","1.955","0-10%","D:\AI_upscaling\AoMEE\extracted\textures\building e age2 wall.bti"
"world n statue odin.tga","","128","128","1","BC3","MultiValue","3","323","1.971","0-10%","D:\AI_upscaling\AoMEE\extracted\textures\world n statue odin.bti"
"cine x hp automatonmap.tga","","256","256","1","BC3","MultiValue","3","6558","10.007","10-25%","D:\AI_upscaling\AoMEE\extracted\textures\cine x hp automatonmap.bti"
"cine n reginleif weapons map.tga","","256","256","1","BC3","MultiValue","3","6585","10.048","10-25%","D:\AI_upscaling\AoMEE\extracted\textures\cine n reginleif weapons map.bti"
"cavalry e war elephant rider standard.tga","","64","64","1","BC3","MultiValue","3","412","10.059","10-25%","D:\AI_upscaling\AoMEE\extracted\textures\cavalry e war elephant rider standard.bti"
"attachments x shield champion.tga","","128","64","1","BC3","MultiValue","3","841","10.266","10-25%","D:\AI_upscaling\AoMEE\extracted\textures\attachments x shield champion.bti"
"attachments x shield hero.tga","","128","64","1","BC3","MultiValue","3","841","10.266","10-25%","D:\AI_upscaling\AoMEE\extracted\textures\attachments x shield hero.bti"
"building c titan gate door map.tga","","128","128","1","BC3","MultiValue","135","1682","10.266","10-25%","D:\AI_upscaling\AoMEE\extracted\textures\building c titan gate door map.bti"
"special g shade.tga","","64","64","1","BC3","MultiValue","3","421","10.278","10-25%","D:\AI_upscaling\AoMEE\extracted\textures\special g shade.bti"
"special n jarl cape map.tga","","32","32","1","BC3","MultiValue","3","108","10.547","10-25%","D:\AI_upscaling\AoMEE\extracted\textures\special n jarl cape map.bti"
"trash weapon.tga","","128","64","1","BC3","MultiValue","3","865","10.559","10-25%","D:\AI_upscaling\AoMEE\extracted\textures\trash weapon.bti"
"cavalry g hippikon horse bronze.tga","","128","128","1","BC3","MultiValue","3","1734","10.583","10-25%","D:\AI_upscaling\AoMEE\extracted\textures\cavalry g hippikon horse bronze.bti"
"cavalry g hippikon horse iron.tga","","128","128","1","BC3","MultiValue","3","1734","10.583","10-25%","D:\AI_upscaling\AoMEE\extracted\textures\cavalry g hippikon horse iron.bti"
"cavalry g prodromos horse bronze.tga","","128","128","1","BC3","MultiValue","3","1734","10.583","10-25%","D:\AI_upscaling\AoMEE\extracted\textures\cavalry g prodromos horse bronze.bti"
"cavalry g prodromos horse iron.tga","","128","128","1","BC3","MultiValue","3","1734","10.583","10-25%","D:\AI_upscaling\AoMEE\extracted\textures\cavalry g prodromos horse iron.bti"
"villager x pony.tga","","64","64","1","BC3","MultiValue","3","435","10.62","10-25%","D:\AI_upscaling\AoMEE\extracted\textures\villager x pony.bti"
"trade g caravan donkey.tga","","64","64","1","BC3","MultiValue","3","439","10.718","10-25%","D:\AI_upscaling\AoMEE\extracted\textures\trade g caravan donkey.bti"
"archer n normal bronze.tga","","64","64","1","BC3","MultiValue","41","441","10.767","10-25%","D:\AI_upscaling\AoMEE\extracted\textures\archer n normal bronze.bti"
"archer n normal copper.tga","","64","64","1","BC3","MultiValue","41","441","10.767","10-25%","D:\AI_upscaling\AoMEE\extracted\textures\archer n normal copper.bti"
"archer n normal iron.tga","","64","64","1","BC3","MultiValue","41","441","10.767","10-25%","D:\AI_upscaling\AoMEE\extracted\textures\archer n normal iron.bti"
"infantry n bondi bronze.tga","","64","64","1","BC3","MultiValue","41","441","10.767","10-25%","D:\AI_upscaling\AoMEE\extracted\textures\infantry n bondi bronze.bti"
"infantry n bondi copper.tga","","64","64","1","BC3","MultiValue","41","441","10.767","10-25%","D:\AI_upscaling\AoMEE\extracted\textures\infantry n bondi copper.bti"
"infantry n bondi iron.tga","","64","64","1","BC3","MultiValue","41","441","10.767","10-25%","D:\AI_upscaling\AoMEE\extracted\textures\infantry n bondi iron.bti"
"infantry e mercenary.tga","","64","64","1","BC3","MultiValue","3","444","10.84","10-25%","D:\AI_upscaling\AoMEE\extracted\textures\infantry e mercenary.bti"
"cine x kastor adult.tga","","256","256","1","BC3","MultiValue","3","7133","10.884","10-25%","D:\AI_upscaling\AoMEE\extracted\textures\cine x kastor adult.bti"
"sfx meteorite splat decal.tga","","128","128","1","BC3","MultiValue","3","1817","11.09","10-25%","D:\AI_upscaling\AoMEE\extracted\textures\sfx meteorite splat decal.bti"
"infantry x 2 sword fighter hero.tga","","64","64","1","BC3","MultiValue","3","458","11.182","10-25%","D:\AI_upscaling\AoMEE\extracted\textures\infantry x 2 sword fighter hero.bti"
"infantry x 2 sword fighter iron.tga","","64","64","1","BC3","MultiValue","3","458","11.182","10-25%","D:\AI_upscaling\AoMEE\extracted\textures\infantry x 2 sword fighter iron.bti"
"special g agamemnon.tga","","128","128","1","BC3","MultiValue","3","1876","11.45","10-25%","D:\AI_upscaling\AoMEE\extracted\textures\special g agamemnon.bti"
"attachments g shield bronze.tga","","128","64","1","BC3","MultiValue","3","947","11.56","10-25%","D:\AI_upscaling\AoMEE\extracted\textures\attachments g shield bronze.bti"
"toxotemap.tga","","256","256","1","BC3","MultiValue","3","7710","11.765","10-25%","D:\AI_upscaling\AoMEE\extracted\textures\toxotemap.bti"
"cine g ajax map.tga","","256","256","1","BC3","MultiValue","3","7776","11.865","10-25%","D:\AI_upscaling\AoMEE\extracted\textures\cine g ajax map.bti"
"cine n huskarl cape.tga","","128","128","1","BC3","MultiValue","3","1960","11.963","10-25%","D:\AI_upscaling\AoMEE\extracted\textures\cine n huskarl cape.bti"
"villager e male standard.tga","","64","64","1","BC3","MultiValue","3","495","12.085","10-25%","D:\AI_upscaling\AoMEE\extracted\textures\villager e male standard.bti"
"hero g belerophon shield.tga","","64","32","1","BC3","MultiValue","3","248","12.109","10-25%","D:\AI_upscaling\AoMEE\extracted\textures\hero g belerophon shield.bti"
"hero g bellerophon shield.tga","","64","32","1","BC3","MultiValue","3","248","12.109","10-25%","D:\AI_upscaling\AoMEE\extracted\textures\hero g bellerophon shield.bti"
"attachments x shield heavy.tga","","128","64","1","BC3","MultiValue","3","993","12.122","10-25%","D:\AI_upscaling\AoMEE\extracted\textures\attachments x shield heavy.bti"
"mu x atlantean hundred giant map.tga","","128","128","1","BC3","MultiValue","3","2005","12.238","10-25%","D:\AI_upscaling\AoMEE\extracted\textures\mu x atlantean hundred giant map.bti"
"attachments x shield medium.tga","","128","64","1","BC3","MultiValue","3","1022","12.476","10-25%","D:\AI_upscaling\AoMEE\extracted\textures\attachments x shield medium.bti"
"hero x kastor.tga","","64","64","1","BC3","MultiValue","3","512","12.5","10-25%","D:\AI_upscaling\AoMEE\extracted\textures\hero x kastor.bti"
"cavalry x javelin bronze.tga","","64","64","1","BC3","MultiValue","3","520","12.695","10-25%","D:\AI_upscaling\AoMEE\extracted\textures\cavalry x javelin bronze.bti"
"cavalry x javelin hero.tga","","64","64","1","BC3","MultiValue","3","520","12.695","10-25%","D:\AI_upscaling\AoMEE\extracted\textures\cavalry x javelin hero.bti"
"cavalry x javelin iron.tga","","64","64","1","BC3","MultiValue","3","520","12.695","10-25%","D:\AI_upscaling\AoMEE\extracted\textures\cavalry x javelin iron.bti"
"attachments n shield iron.tga","","128","64","1","BC3","MultiValue","3","1058","12.915","10-25%","D:\AI_upscaling\AoMEE\extracted\textures\attachments n shield iron.bti"
"cavalry e war elephant rider bronze.tga","","64","64","1","BC3","MultiValue","3","529","12.915","10-25%","D:\AI_upscaling\AoMEE\extracted\textures\cavalry e war elephant rider bronze.bti"
"cavalry e war elephant rider iron.tga","","64","64","1","BC3","MultiValue","3","529","12.915","10-25%","D:\AI_upscaling\AoMEE\extracted\textures\cavalry e war elephant rider iron.bti"
"trade x caravan.tga","","64","64","1","BC3","MultiValue","3","540","13.184","10-25%","D:\AI_upscaling\AoMEE\extracted\textures\trade x caravan.bti"
"attachments a shields map.tga","","128","128","1","BC3","MultiValue","3","2194","13.391","10-25%","D:\AI_upscaling\AoMEE\extracted\textures\attachments a shields map.bti"
"attachments e shield iron.tga","","128","64","1","BC3","MultiValue","3","1104","13.477","10-25%","D:\AI_upscaling\AoMEE\extracted\textures\attachments e shield iron.bti"
"cine x hp melagiusmap.tga","","256","256","1","BC3","MultiValue","3","8844","13.495","10-25%","D:\AI_upscaling\AoMEE\extracted\textures\cine x hp melagiusmap.bti"
"cine a brokk map.tga","","256","256","1","BC3","MultiValue","3","8889","13.564","10-25%","D:\AI_upscaling\AoMEE\extracted\textures\cine a brokk map.bti"
"cine a eitri map.tga","","256","256","1","BC3","MultiValue","3","8889","13.564","10-25%","D:\AI_upscaling\AoMEE\extracted\textures\cine a eitri map.bti"
"cavalry g hetairoi bronze.tga","","64","64","1","BC3","MultiValue","3","560","13.672","10-25%","D:\AI_upscaling\AoMEE\extracted\textures\cavalry g hetairoi bronze.bti"
"cavalry g hetairoi copper.tga","","64","64","1","BC3","MultiValue","3","560","13.672","10-25%","D:\AI_upscaling\AoMEE\extracted\textures\cavalry g hetairoi copper.bti"
"infantry x trident soldier hero.tga","","64","64","1","BC3","MultiValue","3","562","13.721","10-25%","D:\AI_upscaling\AoMEE\extracted\textures\infantry x trident soldier hero.bti"
"infantry x trident soldier iron.tga","","64","64","1","BC3","MultiValue","3","562","13.721","10-25%","D:\AI_upscaling\AoMEE\extracted\textures\infantry x trident soldier iron.bti"
"mu x atlantean flying medic map.tga","","128","128","1","BC3","MultiValue","3","2250","13.733","10-25%","D:\AI_upscaling\AoMEE\extracted\textures\mu x atlantean flying medic map.bti"
"mu x nereid rider map.tga","","128","128","1","BC3","MultiValue","3","2250","13.733","10-25%","D:\AI_upscaling\AoMEE\extracted\textures\mu x nereid rider map.bti"
"archer g crossbowman.tga","","64","64","1","BC3","MultiValue","3","565","13.794","10-25%","D:\AI_upscaling\AoMEE\extracted\textures\archer g crossbowman.bti"
"attachments e shield bronze.tga","","128","64","1","BC3","MultiValue","3","1139","13.904","10-25%","D:\AI_upscaling\AoMEE\extracted\textures\attachments e shield bronze.bti"
"attachments g shield iron.tga","","128","64","1","BC3","MultiValue","3","1141","13.928","10-25%","D:\AI_upscaling\AoMEE\extracted\textures\attachments g shield iron.bti"
"world a underworld passage color transform.tga","","64","64","1","BC3","MultiValue","3","572","13.965","10-25%","D:\AI_upscaling\AoMEE\extracted\textures\world a underworld passage color transform.bti"
"attachments g shield copper.tga","","128","64","1","BC3","MultiValue","3","1145","13.977","10-25%","D:\AI_upscaling\AoMEE\extracted\textures\attachments g shield copper.bti"
"special n jormund brood.tga","","128","128","1","BC3","MultiValue","3","2301","14.044","10-25%","D:\AI_upscaling\AoMEE\extracted\textures\special n jormund brood.bti"
"cine g chiron map.tga","","256","256","1","BC3","MultiValue","3","9226","14.078","10-25%","D:\AI_upscaling\AoMEE\extracted\textures\cine g chiron map.bti"
"cine g amanra map.tga","","256","256","1","BC3","MultiValue","3","9273","14.149","10-25%","D:\AI_upscaling\AoMEE\extracted\textures\cine g amanra map.bti"
"infantry x maceman bronze.tga","","64","64","1","BC3","MultiValue","3","585","14.282","10-25%","D:\AI_upscaling\AoMEE\extracted\textures\infantry x maceman bronze.bti"
"infantry x maceman copper.tga","","64","64","1","BC3","MultiValue","3","585","14.282","10-25%","D:\AI_upscaling\AoMEE\extracted\textures\infantry x maceman copper.bti"
"infantry x maceman hero.tga","","64","64","1","BC3","MultiValue","3","585","14.282","10-25%","D:\AI_upscaling\AoMEE\extracted\textures\infantry x maceman hero.bti"
"infantry x maceman iron.tga","","64","64","1","BC3","MultiValue","3","585","14.282","10-25%","D:\AI_upscaling\AoMEE\extracted\textures\infantry x maceman iron.bti"
"infantry x maceman standard.tga","","64","64","1","BC3","MultiValue","3","585","14.282","10-25%","D:\AI_upscaling\AoMEE\extracted\textures\infantry x maceman standard.bti"
"scenario g kastor map.tga","","64","64","1","BC3","MultiValue","3","588","14.355","10-25%","D:\AI_upscaling\AoMEE\extracted\textures\scenario g kastor map.bti"
"cine e setna.tga","","256","256","1","BC3","MultiValue","3","9420","14.374","10-25%","D:\AI_upscaling\AoMEE\extracted\textures\cine e setna.bti"
"special g chimera tail.tga","","64","64","1","BC3","MultiValue","3","598","14.6","10-25%","D:\AI_upscaling\AoMEE\extracted\textures\special g chimera tail.bti"
"archer x bronze.tga","","64","64","1","BC3","MultiValue","3","601","14.673","10-25%","D:\AI_upscaling\AoMEE\extracted\textures\archer x bronze.bti"
"archer x copper.tga","","64","64","1","BC3","MultiValue","3","601","14.673","10-25%","D:\AI_upscaling\AoMEE\extracted\textures\archer x copper.bti"
"archer x hero.tga","","64","64","1","BC3","MultiValue","3","601","14.673","10-25%","D:\AI_upscaling\AoMEE\extracted\textures\archer x hero.bti"
"archer x iron.tga","","64","64","1","BC3","MultiValue","3","601","14.673","10-25%","D:\AI_upscaling\AoMEE\extracted\textures\archer x iron.bti"
"archer x standard.tga","","64","64","1","BC3","MultiValue","3","601","14.673","10-25%","D:\AI_upscaling\AoMEE\extracted\textures\archer x standard.bti"
"special g colossus map.tga","","128","128","1","BC3","MultiValue","3","2413","14.728","10-25%","D:\AI_upscaling\AoMEE\extracted\textures\special g colossus map.bti"
"hero n ragnorok female.tga","","64","64","1","BC3","MultiValue","3","622","15.186","10-25%","D:\AI_upscaling\AoMEE\extracted\textures\hero n ragnorok female.bti"
"villager n female.tga","","64","64","1","BC3","MultiValue","3","622","15.186","10-25%","D:\AI_upscaling\AoMEE\extracted\textures\villager n female.bti"
"trash.tga","","256","256","1","BC3","MultiValue","3","10143","15.477","10-25%","D:\AI_upscaling\AoMEE\extracted\textures\trash.bti"
"cavalry g cataphract iron.tga","","64","64","1","BC3","MultiValue","3","634","15.479","10-25%","D:\AI_upscaling\AoMEE\extracted\textures\cavalry g cataphract iron.bti"
"archer g peltast iron.tga","","64","64","1","BC3","MultiValue","3","645","15.747","10-25%","D:\AI_upscaling\AoMEE\extracted\textures\archer g peltast iron.bti"
"cine g amanra old map.tga","","256","256","1","BC3","MultiValue","3","10334","15.768","10-25%","D:\AI_upscaling\AoMEE\extracted\textures\cine g amanra old map.bti"
"mu x automation map.tga","","64","64","1","BC3","MultiValue","3","649","15.845","10-25%","D:\AI_upscaling\AoMEE\extracted\textures\mu x automation map.bti"
"cine e axeman.tga","","256","256","1","BC3","MultiValue","3","10403","15.874","10-25%","D:\AI_upscaling\AoMEE\extracted\textures\cine e axeman.bti"
"cine a arkantosman map.tga","","256","256","1","BC3","MultiValue","3","10428","15.912","10-25%","D:\AI_upscaling\AoMEE\extracted\textures\cine a arkantosman map.bti"
"greekheromap.tga","","256","256","1","BC3","MultiValue","3","10491","16.008","10-25%","D:\AI_upscaling\AoMEE\extracted\textures\greekheromap.bti"
"attachments e shield copper.tga","","128","64","1","BC3","MultiValue","3","1315","16.052","10-25%","D:\AI_upscaling\AoMEE\extracted\textures\attachments e shield copper.bti"
"cine x hp arcusmap.tga","","256","256","1","BC3","MultiValue","3","10540","16.083","10-25%","D:\AI_upscaling\AoMEE\extracted\textures\cine x hp arcusmap.bti"
"attachments n shield copper.tga","","128","64","1","BC3","MultiValue","3","1324","16.162","10-25%","D:\AI_upscaling\AoMEE\extracted\textures\attachments n shield copper.bti"
"special g scylla.tga","","256","256","1","BC3","MultiValue","3","10657","16.261","10-25%","D:\AI_upscaling\AoMEE\extracted\textures\special g scylla.bti"
"hoplitemap.tga","","256","256","1","BC3","MultiValue","3","10659","16.264","10-25%","D:\AI_upscaling\AoMEE\extracted\textures\hoplitemap.bti"
"archer g peltast low standard.tga","","32","32","1","BC3","MultiValue","3","167","16.309","10-25%","D:\AI_upscaling\AoMEE\extracted\textures\archer g peltast low standard.bti"
"scenario e setna map.tga","","64","64","1","BC3","MultiValue","3","688","16.797","10-25%","D:\AI_upscaling\AoMEE\extracted\textures\scenario e setna map.bti"
"scenario b amanra map.tga","","64","64","1","BC3","MultiValue","3","692","16.895","10-25%","D:\AI_upscaling\AoMEE\extracted\textures\scenario b amanra map.bti"
"archer e slinger iron.tga","","64","64","1","BC3","MultiValue","3","694","16.943","10-25%","D:\AI_upscaling\AoMEE\extracted\textures\archer e slinger iron.bti"
"g hypaspist highmodelmap.tga","","256","256","1","BC3","MultiValue","3","11221","17.122","10-25%","D:\AI_upscaling\AoMEE\extracted\textures\g hypaspist highmodelmap.bti"
"infantry g hoplite copper.tga","","64","64","1","BC3","MultiValue","3","708","17.285","10-25%","D:\AI_upscaling\AoMEE\extracted\textures\infantry g hoplite copper.bti"
"attachments n shield bronze.tga","","128","64","1","BC3","MultiValue","3","1421","17.346","10-25%","D:\AI_upscaling\AoMEE\extracted\textures\attachments n shield bronze.bti"
"cine a arkantos map.tga","","256","256","1","BC3","MultiValue","3","11477","17.513","10-25%","D:\AI_upscaling\AoMEE\extracted\textures\cine a arkantos map.bti"
"hero g achilles cape.tga","","64","32","1","BC3","MultiValue","18","361","17.627","10-25%","D:\AI_upscaling\AoMEE\extracted\textures\hero g achilles cape.bti"
"siege x chieroballista man upgrade.tga","","64","64","1","BC3","MultiValue","3","739","18.042","10-25%","D:\AI_upscaling\AoMEE\extracted\textures\siege x chieroballista man upgrade.bti"
"siege x chieroballista man.tga","","64","64","1","BC3","MultiValue","3","739","18.042","10-25%","D:\AI_upscaling\AoMEE\extracted\textures\siege x chieroballista man.bti"
"cavalry e camelry map.tga","","64","64","1","BC3","MultiValue","3","746","18.213","10-25%","D:\AI_upscaling\AoMEE\extracted\textures\cavalry e camelry map.bti"
"cine e infantry map.tga","","256","256","1","BC3","MultiValue","3","11974","18.271","10-25%","D:\AI_upscaling\AoMEE\extracted\textures\cine e infantry map.bti"
"hero g perseus standard.tga","","64","64","1","BC3","MultiValue","3","759","18.53","10-25%","D:\AI_upscaling\AoMEE\extracted\textures\hero g perseus standard.bti"
"scenario c shun.tga","","128","128","1","BC3","MultiValue","98","3064","18.701","10-25%","D:\AI_upscaling\AoMEE\extracted\textures\scenario c shun.bti"
"infantry g hoplite standard.tga","","64","64","1","BC3","MultiValue","3","786","19.189","10-25%","D:\AI_upscaling\AoMEE\extracted\textures\infantry g hoplite standard.bti"
"mu x atlantean lampedes map.tga","","128","128","1","BC3","MultiValue","3","3189","19.464","10-25%","D:\AI_upscaling\AoMEE\extracted\textures\mu x atlantean lampedes map.bti"
"archer n throwing axeman iron.tga","","64","64","1","BC3","MultiValue","3","805","19.653","10-25%","D:\AI_upscaling\AoMEE\extracted\textures\archer n throwing axeman iron.bti"
"special n valkyrie upgrade.tga","","64","64","1","BC3","MultiValue","3","812","19.824","10-25%","D:\AI_upscaling\AoMEE\extracted\textures\special n valkyrie upgrade.bti"
"special e scarab map.tga","","128","128","1","BC3","MultiValue","3","337","2.057","0-10%","D:\AI_upscaling\AoMEE\extracted\textures\special e scarab map.bti"
"special g hydra land.tga","","256","256","1","BC3","MultiValue","3","1393","2.126","0-10%","D:\AI_upscaling\AoMEE\extracted\textures\special g hydra land.bti"
"mu x behemoth map.tga","","256","256","1","BC3","MultiValue","3","1492","2.277","0-10%","D:\AI_upscaling\AoMEE\extracted\textures\mu x behemoth map.bti"
"building x sky temple.tga","","256","256","1","BC3","MultiValue","3","1536","2.344","0-10%","D:\AI_upscaling\AoMEE\extracted\textures\building x sky temple.bti"
"sfx g animal magnetism.tga","","128","128","1","BC3","MultiValue","3","384","2.344","0-10%","D:\AI_upscaling\AoMEE\extracted\textures\sfx g animal magnetism.bti"
"building n shared03 2 map.tga","","256","256","1","BC3","MultiValue","3","1584","2.417","0-10%","D:\AI_upscaling\AoMEE\extracted\textures\building n shared03 2 map.bti"
"siege x fire siphon upgrade.tga","","128","128","1","BC3","MultiValue","3","396","2.417","0-10%","D:\AI_upscaling\AoMEE\extracted\textures\siege x fire siphon upgrade.bti"
"siege x fire siphon.tga","","128","128","1","BC3","MultiValue","3","396","2.417","0-10%","D:\AI_upscaling\AoMEE\extracted\textures\siege x fire siphon.bti"
"cavalry x javelin horse hero.tga","","128","128","1","BC3","MultiValue","3","404","2.466","0-10%","D:\AI_upscaling\AoMEE\extracted\textures\cavalry x javelin horse hero.bti"
"cavalry x javelin horse iron.tga","","128","128","1","BC3","MultiValue","3","404","2.466","0-10%","D:\AI_upscaling\AoMEE\extracted\textures\cavalry x javelin horse iron.bti"
"cavalry g hetairoi horse iron.tga","","128","128","1","BC3","MultiValue","3","419","2.557","0-10%","D:\AI_upscaling\AoMEE\extracted\textures\cavalry g hetairoi horse iron.bti"
"animal goat map.tga","","64","64","1","BC3","MultiValue","3","107","2.612","0-10%","D:\AI_upscaling\AoMEE\extracted\textures\animal goat map.bti"
"world n statue thor.tga","","128","128","1","BC3","MultiValue","3","433","2.643","0-10%","D:\AI_upscaling\AoMEE\extracted\textures\world n statue thor.bti"
"building n shared04 2 map.tga","","256","256","1","BC3","MultiValue","3","1743","2.66","0-10%","D:\AI_upscaling\AoMEE\extracted\textures\building n shared04 2 map.bti"
"siege n ballista map.tga","","256","256","1","BC3","MultiValue","3","1774","2.707","0-10%","D:\AI_upscaling\AoMEE\extracted\textures\siege n ballista map.bti"
"building e age1.tga","","256","256","1","BC3","MultiValue","3","1810","2.762","0-10%","D:\AI_upscaling\AoMEE\extracted\textures\building e age1.bti"
"building e settlement age1.tga","","256","256","1","BC3","MultiValue","3","1810","2.762","0-10%","D:\AI_upscaling\AoMEE\extracted\textures\building e settlement age1.bti"
"world n statue loki.tga","","128","128","1","BC3","MultiValue","3","461","2.814","0-10%","D:\AI_upscaling\AoMEE\extracted\textures\world n statue loki.bti"
"hero g heracles shield.tga","","64","32","1","BC3","MultiValue","3","58","2.832","0-10%","D:\AI_upscaling\AoMEE\extracted\textures\hero g heracles shield.bti"
"cyclops high.tga","","256","256","1","BC3","MultiValue","3","1871","2.855","0-10%","D:\AI_upscaling\AoMEE\extracted\textures\cyclops high.bti"
"building n shared01 2 map.tga","","256","256","1","BC3","MultiValue","3","1873","2.858","0-10%","D:\AI_upscaling\AoMEE\extracted\textures\building n shared01 2 map.bti"
"building c accessories.tga","","256","256","1","BC3","MultiValue","95","1890","2.884","0-10%","D:\AI_upscaling\AoMEE\extracted\textures\building c accessories.bti"
"special e priest.tga","","64","64","1","BC3","MultiValue","3","822","20.068","10-25%","D:\AI_upscaling\AoMEE\extracted\textures\special e priest.bti"
"scenario x amanra map.tga","","64","64","1","BC3","MultiValue","3","845","20.63","10-25%","D:\AI_upscaling\AoMEE\extracted\textures\scenario x amanra map.bti"
"special x oracle hero.tga","","64","64","1","BC3","MultiValue","3","847","20.679","10-25%","D:\AI_upscaling\AoMEE\extracted\textures\special x oracle hero.bti"
"special x oracle.tga","","64","64","1","BC3","MultiValue","3","847","20.679","10-25%","D:\AI_upscaling\AoMEE\extracted\textures\special x oracle.bti"
"cavalry x lancer bronze.tga","","64","64","1","BC3","MultiValue","3","855","20.874","10-25%","D:\AI_upscaling\AoMEE\extracted\textures\cavalry x lancer bronze.bti"
"cavalry x lancer copper.tga","","64","64","1","BC3","MultiValue","3","855","20.874","10-25%","D:\AI_upscaling\AoMEE\extracted\textures\cavalry x lancer copper.bti"
"cavalry x lancer iron.tga","","64","64","1","BC3","MultiValue","3","855","20.874","10-25%","D:\AI_upscaling\AoMEE\extracted\textures\cavalry x lancer iron.bti"
"cavalry x lancer standard.tga","","64","64","1","BC3","MultiValue","3","855","20.874","10-25%","D:\AI_upscaling\AoMEE\extracted\textures\cavalry x lancer standard.bti"
"scenario n brokk standard.tga","","64","64","1","BC3","MultiValue","3","855","20.874","10-25%","D:\AI_upscaling\AoMEE\extracted\textures\scenario n brokk standard.bti"
"infantry g hoplite bronze.tga","","64","64","1","BC3","MultiValue","3","857","20.923","10-25%","D:\AI_upscaling\AoMEE\extracted\textures\infantry g hoplite bronze.bti"
"special n valkyrie map.tga","","128","128","1","BC3","MultiValue","3","3446","21.033","10-25%","D:\AI_upscaling\AoMEE\extracted\textures\special n valkyrie map.bti"
"cavalry g hippikon iron.tga","","64","64","1","BC3","MultiValue","3","868","21.191","10-25%","D:\AI_upscaling\AoMEE\extracted\textures\cavalry g hippikon iron.bti"
"special e avenger map.tga","","128","128","1","BC3","MultiValue","3","3480","21.24","10-25%","D:\AI_upscaling\AoMEE\extracted\textures\special e avenger map.bti"
"cavalry g hippikon bronze.tga","","64","64","1","BC3","MultiValue","3","877","21.411","10-25%","D:\AI_upscaling\AoMEE\extracted\textures\cavalry g hippikon bronze.bti"
"infantry g hoplite iron.tga","","64","64","1","BC3","MultiValue","3","880","21.484","10-25%","D:\AI_upscaling\AoMEE\extracted\textures\infantry g hoplite iron.bti"
"archer g toxotes bronze.tga","","64","64","1","BC3","MultiValue","3","882","21.533","10-25%","D:\AI_upscaling\AoMEE\extracted\textures\archer g toxotes bronze.bti"
"archer e slinger bronze.tga","","64","64","1","BC3","MultiValue","3","884","21.582","10-25%","D:\AI_upscaling\AoMEE\extracted\textures\archer e slinger bronze.bti"
"villager x male hero.tga","","64","64","1","BC3","MultiValue","3","884","21.582","10-25%","D:\AI_upscaling\AoMEE\extracted\textures\villager x male hero.bti"
"villager x male.tga","","64","64","1","BC3","MultiValue","3","884","21.582","10-25%","D:\AI_upscaling\AoMEE\extracted\textures\villager x male.bti"
"infantry x trident soldier shield hero.tga","","32","64","1","BC3","MultiValue","3","444","21.68","10-25%","D:\AI_upscaling\AoMEE\extracted\textures\infantry x trident soldier shield hero.bti"
"infantry x trident soldier shield iron.tga","","32","64","1","BC3","MultiValue","3","444","21.68","10-25%","D:\AI_upscaling\AoMEE\extracted\textures\infantry x trident soldier shield iron.bti"
"cavalry n jarl standard.tga","","64","64","1","BC3","MultiValue","3","892","21.777","10-25%","D:\AI_upscaling\AoMEE\extracted\textures\cavalry n jarl standard.bti"
"archer e slinger copper.tga","","64","64","1","BC3","MultiValue","3","900","21.973","10-25%","D:\AI_upscaling\AoMEE\extracted\textures\archer e slinger copper.bti"
"scenario n eitri standard.tga","","64","64","1","BC3","MultiValue","3","910","22.217","10-25%","D:\AI_upscaling\AoMEE\extracted\textures\scenario n eitri standard.bti"
"infantry n ulfsark scout.tga","","64","64","1","BC3","MultiValue","40","934","22.803","10-25%","D:\AI_upscaling\AoMEE\extracted\textures\infantry n ulfsark scout.bti"
"villager x female hero.tga","","64","64","1","BC3","MultiValue","3","934","22.803","10-25%","D:\AI_upscaling\AoMEE\extracted\textures\villager x female hero.bti"
"villager x female.tga","","64","64","1","BC3","MultiValue","3","934","22.803","10-25%","D:\AI_upscaling\AoMEE\extracted\textures\villager x female.bti"
"hero x ajax.tga","","64","64","1","BC3","MultiValue","3","944","23.047","10-25%","D:\AI_upscaling\AoMEE\extracted\textures\hero x ajax.bti"
"cavalry g hetairoi iron.tga","","64","64","1","BC3","MultiValue","3","966","23.584","10-25%","D:\AI_upscaling\AoMEE\extracted\textures\cavalry g hetairoi iron.bti"
"archer g toxotes iron.tga","","64","64","1","BC3","MultiValue","3","995","24.292","10-25%","D:\AI_upscaling\AoMEE\extracted\textures\archer g toxotes iron.bti"
"butterfly.tga","","32","32","1","BC3","MultiValue","3","252","24.609","10-25%","D:\AI_upscaling\AoMEE\extracted\textures\butterfly.bti"
"cine n hersir.tga","","256","256","1","BC3","MultiValue","3","16155","24.651","10-25%","D:\AI_upscaling\AoMEE\extracted\textures\cine n hersir.bti"
"scenario g chiron map.tga","","64","64","1","BC3","MultiValue","3","1014","24.756","10-25%","D:\AI_upscaling\AoMEE\extracted\textures\scenario g chiron map.bti"
"cine n ulfsark.tga","","256","256","1","BC3","MultiValue","3","16248","24.792","10-25%","D:\AI_upscaling\AoMEE\extracted\textures\cine n ulfsark.bti"
"infantry e axeman bronze.tga","","64","64","1","BC3","MultiValue","3","1017","24.829","10-25%","D:\AI_upscaling\AoMEE\extracted\textures\infantry e axeman bronze.bti"
"infantry e axeman iron.tga","","64","64","1","BC3","MultiValue","3","1018","24.854","10-25%","D:\AI_upscaling\AoMEE\extracted\textures\infantry e axeman iron.bti"
"infantry e axeman copper.tga","","64","64","1","BC3","MultiValue","3","1023","24.976","10-25%","D:\AI_upscaling\AoMEE\extracted\textures\infantry e axeman copper.bti"
"special e pharaoh head.tga","","64","32","1","BC3","MultiValue","3","518","25.293","25-50%","D:\AI_upscaling\AoMEE\extracted\textures\special e pharaoh head.bti"
"scenario g arkantos man map.tga","","128","128","1","BC3","MultiValue","3","4196","25.61","25-50%","D:\AI_upscaling\AoMEE\extracted\textures\scenario g arkantos man map.bti"
"archer g peltast low bronze.tga","","32","32","1","BC3","MultiValue","3","266","25.977","25-50%","D:\AI_upscaling\AoMEE\extracted\textures\archer g peltast low bronze.bti"
"archer g peltast low iron.tga","","32","32","1","BC3","MultiValue","3","266","25.977","25-50%","D:\AI_upscaling\AoMEE\extracted\textures\archer g peltast low iron.bti"
"hero n hero.tga","","128","128","1","BC3","MultiValue","3","4300","26.245","25-50%","D:\AI_upscaling\AoMEE\extracted\textures\hero n hero.bti"
"hero n hersir.tga","","128","128","1","BC3","MultiValue","3","4300","26.245","25-50%","D:\AI_upscaling\AoMEE\extracted\textures\hero n hersir.bti"
"cavalry n raiding cavalry bronze.tga","","64","64","1","BC3","MultiValue","3","1102","26.904","25-50%","D:\AI_upscaling\AoMEE\extracted\textures\cavalry n raiding cavalry bronze.bti"
"cavalry n raiding cavalry copper.tga","","64","64","1","BC3","MultiValue","3","1102","26.904","25-50%","D:\AI_upscaling\AoMEE\extracted\textures\cavalry n raiding cavalry copper.bti"
"cavalry n raiding cavalry iron.tga","","64","64","1","BC3","MultiValue","3","1102","26.904","25-50%","D:\AI_upscaling\AoMEE\extracted\textures\cavalry n raiding cavalry iron.bti"
"cavalry n raiding cavalry standard.tga","","64","64","1","BC3","MultiValue","3","1102","26.904","25-50%","D:\AI_upscaling\AoMEE\extracted\textures\cavalry n raiding cavalry standard.bti"
"scenario g arkantos map.tga","","128","128","1","BC3","MultiValue","3","4531","27.655","25-50%","D:\AI_upscaling\AoMEE\extracted\textures\scenario g arkantos map.bti"
"hero n ragnorok male.tga","","64","64","1","BC3","MultiValue","3","1140","27.832","25-50%","D:\AI_upscaling\AoMEE\extracted\textures\hero n ragnorok male.bti"
"villager n male standard.tga","","64","64","1","BC3","MultiValue","3","1140","27.832","25-50%","D:\AI_upscaling\AoMEE\extracted\textures\villager n male standard.bti"
"archer g peltast bronze.tga","","64","64","1","BC3","MultiValue","3","1147","28.003","25-50%","D:\AI_upscaling\AoMEE\extracted\textures\archer g peltast bronze.bti"
"mu x servant of oceanus map.tga","","128","128","1","BC3","MultiValue","3","4597","28.058","25-50%","D:\AI_upscaling\AoMEE\extracted\textures\mu x servant of oceanus map.bti"
"special e anubite iron.tga","","128","128","1","BC3","MultiValue","3","4603","28.094","25-50%","D:\AI_upscaling\AoMEE\extracted\textures\special e anubite iron.bti"
"mu x atlantean manowar map.tga","","128","128","1","BC3","MultiValue","3","4618","28.186","25-50%","D:\AI_upscaling\AoMEE\extracted\textures\mu x atlantean manowar map.bti"
"sfx e son of osiris head.tga","","32","32","1","BC3","MultiValue","3","289","28.223","25-50%","D:\AI_upscaling\AoMEE\extracted\textures\sfx e son of osiris head.bti"
"infantry g myrmidon iron.tga","","64","64","1","BC3","MultiValue","3","1180","28.809","25-50%","D:\AI_upscaling\AoMEE\extracted\textures\infantry g myrmidon iron.bti"
"special e anubite.tga","","128","128","1","BC3","MultiValue","3","4723","28.827","25-50%","D:\AI_upscaling\AoMEE\extracted\textures\special e anubite.bti"
"hero g jason shield.tga","","64","32","1","BC3","MultiValue","3","592","28.906","25-50%","D:\AI_upscaling\AoMEE\extracted\textures\hero g jason shield.bti"
"archer n throwing axeman bronze.tga","","64","64","1","BC3","MultiValue","3","1190","29.053","25-50%","D:\AI_upscaling\AoMEE\extracted\textures\archer n throwing axeman bronze.bti"
"hero g hercules.tga","","64","64","1","BC3","MultiValue","3","1191","29.077","25-50%","D:\AI_upscaling\AoMEE\extracted\textures\hero g hercules.bti"
"forkboy map.tga","","128","128","1","BC3","MultiValue","3","4808","29.346","25-50%","D:\AI_upscaling\AoMEE\extracted\textures\forkboy map.bti"
"archer g toxotes copper.tga","","64","64","1","BC3","MultiValue","3","1204","29.395","25-50%","D:\AI_upscaling\AoMEE\extracted\textures\archer g toxotes copper.bti"
"cavalry g prodromos bronze.tga","","64","64","1","BC3","MultiValue","3","1206","29.443","25-50%","D:\AI_upscaling\AoMEE\extracted\textures\cavalry g prodromos bronze.bti"
"cavalry g prodromos copper.tga","","64","64","1","BC3","MultiValue","3","1206","29.443","25-50%","D:\AI_upscaling\AoMEE\extracted\textures\cavalry g prodromos copper.bti"
"cavalry g prodromos iron.tga","","64","64","1","BC3","MultiValue","3","1206","29.443","25-50%","D:\AI_upscaling\AoMEE\extracted\textures\cavalry g prodromos iron.bti"
"cavalry e chariot archer iron.tga","","256","256","1","BC3","MultiValue","3","19369","29.555","25-50%","D:\AI_upscaling\AoMEE\extracted\textures\cavalry e chariot archer iron.bti"
"scenario g skult map.tga","","64","64","1","BC3","MultiValue","3","1215","29.663","25-50%","D:\AI_upscaling\AoMEE\extracted\textures\scenario g skult map.bti"
"cavalry e camelry bronze.tga","","64","64","1","BC3","MultiValue","3","1221","29.81","25-50%","D:\AI_upscaling\AoMEE\extracted\textures\cavalry e camelry bronze.bti"
"cavalry e chariot archer bronze.tga","","256","256","1","BC3","MultiValue","3","19557","29.842","25-50%","D:\AI_upscaling\AoMEE\extracted\textures\cavalry e chariot archer bronze.bti"
"cine x hp arcusweaponsmap.tga","","128","128","1","BC3","MultiValue","3","512","3.125","0-10%","D:\AI_upscaling\AoMEE\extracted\textures\cine x hp arcusweaponsmap.bti"
"special g scylla map.tga","","128","128","1","BC3","MultiValue","3","542","3.308","0-10%","D:\AI_upscaling\AoMEE\extracted\textures\special g scylla map.bti"
"cinematic naval g trireme.tga","","256","256","1","BC3","MultiValue","3","2202","3.36","0-10%","D:\AI_upscaling\AoMEE\extracted\textures\cinematic naval g trireme.bti"
"siege g helepolis iron.tga","","256","128","1","BC3","MultiValue","3","1103","3.366","0-10%","D:\AI_upscaling\AoMEE\extracted\textures\siege g helepolis iron.bti"
"siege g helepolis.tga","","256","128","1","BC3","MultiValue","3","1103","3.366","0-10%","D:\AI_upscaling\AoMEE\extracted\textures\siege g helepolis.bti"
"building n odin wonder01.tga","","256","256","1","BC3","MultiValue","3","2218","3.384","0-10%","D:\AI_upscaling\AoMEE\extracted\textures\building n odin wonder01.bti"
"special g carcinos.tga","","128","128","1","BC3","MultiValue","3","561","3.424","0-10%","D:\AI_upscaling\AoMEE\extracted\textures\special g carcinos.bti"
"hero g polyphemus shield.tga","","64","32","1","BC3","MultiValue","3","71","3.467","0-10%","D:\AI_upscaling\AoMEE\extracted\textures\hero g polyphemus shield.bti"
"building n titan gate map.tga","","256","256","1","BC3","MultiValue","3","2291","3.496","0-10%","D:\AI_upscaling\AoMEE\extracted\textures\building n titan gate map.bti"
"special n giant.tga","","128","128","1","BC3","MultiValue","3","573","3.497","0-10%","D:\AI_upscaling\AoMEE\extracted\textures\special n giant.bti"
"temp santa body.tga","","128","128","1","BC3","MultiValue","3","573","3.497","0-10%","D:\AI_upscaling\AoMEE\extracted\textures\temp santa body.bti"
"world n loki statue map.tga","","128","128","1","BC3","MultiValue","3","584","3.564","0-10%","D:\AI_upscaling\AoMEE\extracted\textures\world n loki statue map.bti"
"world n thor statue map.tga","","128","128","1","BC3","MultiValue","3","584","3.564","0-10%","D:\AI_upscaling\AoMEE\extracted\textures\world n thor statue map.bti"
"cavalry e camelry camel copper.tga","","128","128","1","BC3","MultiValue","3","585","3.571","0-10%","D:\AI_upscaling\AoMEE\extracted\textures\cavalry e camelry camel copper.bti"
"cavalry e camelry camel bronze.tga","","128","128","1","BC3","MultiValue","3","586","3.577","0-10%","D:\AI_upscaling\AoMEE\extracted\textures\cavalry e camelry camel bronze.bti"
"cavalry e camelry camel iron.tga","","128","128","1","BC3","MultiValue","3","588","3.589","0-10%","D:\AI_upscaling\AoMEE\extracted\textures\cavalry e camelry camel iron.bti"
"special n giant map.tga","","64","64","1","BC3","MultiValue","3","149","3.638","0-10%","D:\AI_upscaling\AoMEE\extracted\textures\special n giant map.bti"
"mu x dryad.tga","","128","128","1","BC3","MultiValue","3","614","3.748","0-10%","D:\AI_upscaling\AoMEE\extracted\textures\mu x dryad.bti"
"scenario e great box.tga","","256","256","1","BC3","MultiValue","3","2551","3.893","0-10%","D:\AI_upscaling\AoMEE\extracted\textures\scenario e great box.bti"
"building x mirror tower.tga","","256","128","1","BC3","MultiValue","3","1292","3.943","0-10%","D:\AI_upscaling\AoMEE\extracted\textures\building x mirror tower.bti"
"cavalry x javelin horse bronze.tga","","128","128","1","BC3","MultiValue","3","647","3.949","0-10%","D:\AI_upscaling\AoMEE\extracted\textures\cavalry x javelin horse bronze.bti"
"special g manticore.tga","","128","128","1","BC3","MultiValue","3","648","3.955","0-10%","D:\AI_upscaling\AoMEE\extracted\textures\special g manticore.bti"
"sfx a walking woods.tga","","128","128","1","BC3","MultiValue","3","650","3.967","0-10%","D:\AI_upscaling\AoMEE\extracted\textures\sfx a walking woods.bti"
"cine a jarl map.tga","","256","256","1","BC3","MultiValue","3","2602","3.97","0-10%","D:\AI_upscaling\AoMEE\extracted\textures\cine a jarl map.bti"
"cavalry e camelry iron.tga","","64","64","1","BC3","MultiValue","3","1229","30.005","25-50%","D:\AI_upscaling\AoMEE\extracted\textures\cavalry e camelry iron.bti"
"infantry e spearman standard.tga","","64","64","1","BC3","MultiValue","3","1252","30.566","25-50%","D:\AI_upscaling\AoMEE\extracted\textures\infantry e spearman standard.bti"
"infantry e spearman copper.tga","","64","64","1","BC3","MultiValue","3","1273","31.079","25-50%","D:\AI_upscaling\AoMEE\extracted\textures\infantry e spearman copper.bti"
"infantry e spearman bronze.tga","","64","64","1","BC3","MultiValue","3","1275","31.128","25-50%","D:\AI_upscaling\AoMEE\extracted\textures\infantry e spearman bronze.bti"
"mu x oracle.tga","","64","64","1","BC3","MultiValue","3","1288","31.445","25-50%","D:\AI_upscaling\AoMEE\extracted\textures\mu x oracle.bti"
"villager g atlantean male.tga","","64","64","1","BC3","MultiValue","3","1295","31.616","25-50%","D:\AI_upscaling\AoMEE\extracted\textures\villager g atlantean male.bti"
"sfx e son of osiris.tga","","64","64","1","BC3","MultiValue","3","1299","31.714","25-50%","D:\AI_upscaling\AoMEE\extracted\textures\sfx e son of osiris.bti"
"archer e slinger standard.tga","","64","64","1","BC3","MultiValue","3","1305","31.86","25-50%","D:\AI_upscaling\AoMEE\extracted\textures\archer e slinger standard.bti"
"archer n throwing axeman copper.tga","","64","64","1","BC3","MultiValue","3","1319","32.202","25-50%","D:\AI_upscaling\AoMEE\extracted\textures\archer n throwing axeman copper.bti"
"infantry g hypaspist copper.tga","","64","64","1","BC3","MultiValue","3","1337","32.642","25-50%","D:\AI_upscaling\AoMEE\extracted\textures\infantry g hypaspist copper.bti"
"infantry g hypaspist bronze.tga","","64","64","1","BC3","MultiValue","3","1345","32.837","25-50%","D:\AI_upscaling\AoMEE\extracted\textures\infantry g hypaspist bronze.bti"
"infantry g hypaspist iron.tga","","64","64","1","BC3","MultiValue","3","1345","32.837","25-50%","D:\AI_upscaling\AoMEE\extracted\textures\infantry g hypaspist iron.bti"
"archer g peltast head bronze.tga","","32","32","1","BC3","MultiValue","3","349","34.082","25-50%","D:\AI_upscaling\AoMEE\extracted\textures\archer g peltast head bronze.bti"
"archer g peltast head copper.tga","","32","32","1","BC3","MultiValue","3","349","34.082","25-50%","D:\AI_upscaling\AoMEE\extracted\textures\archer g peltast head copper.bti"
"archer g peltast head iron.tga","","32","32","1","BC3","MultiValue","3","349","34.082","25-50%","D:\AI_upscaling\AoMEE\extracted\textures\archer g peltast head iron.bti"
"archer g peltast head standard.tga","","32","32","1","BC3","MultiValue","3","349","34.082","25-50%","D:\AI_upscaling\AoMEE\extracted\textures\archer g peltast head standard.bti"
"cavalry e chariot archer copper.tga","","256","256","1","BC3","MultiValue","3","22563","34.428","25-50%","D:\AI_upscaling\AoMEE\extracted\textures\cavalry e chariot archer copper.bti"
"archer g toxotes standard.tga","","64","64","1","BC3","MultiValue","3","1432","34.961","25-50%","D:\AI_upscaling\AoMEE\extracted\textures\archer g toxotes standard.bti"
"hero g jason standard.tga","","64","64","1","BC3","MultiValue","3","1433","34.985","25-50%","D:\AI_upscaling\AoMEE\extracted\textures\hero g jason standard.bti"
"cavalry e camelry standard.tga","","64","64","1","BC3","MultiValue","3","1450","35.4","25-50%","D:\AI_upscaling\AoMEE\extracted\textures\cavalry e camelry standard.bti"
"cine g old man map.tga","","256","256","1","BC3","MultiValue","3","23479","35.826","25-50%","D:\AI_upscaling\AoMEE\extracted\textures\cine g old man map.bti"
"special g hippocampus.tga","","128","128","1","BC3","MultiValue","3","5955","36.346","25-50%","D:\AI_upscaling\AoMEE\extracted\textures\special g hippocampus.bti"
"infantry n ulfsark bronze.tga","","64","64","1","BC3","MultiValue","3","1494","36.475","25-50%","D:\AI_upscaling\AoMEE\extracted\textures\infantry n ulfsark bronze.bti"
"infantry n ulfsark copper.tga","","64","64","1","BC3","MultiValue","3","1494","36.475","25-50%","D:\AI_upscaling\AoMEE\extracted\textures\infantry n ulfsark copper.bti"
"infantry n ulfsark iron.tga","","64","64","1","BC3","MultiValue","3","1494","36.475","25-50%","D:\AI_upscaling\AoMEE\extracted\textures\infantry n ulfsark iron.bti"
"infantry n ulfsark standard.tga","","64","64","1","BC3","MultiValue","3","1494","36.475","25-50%","D:\AI_upscaling\AoMEE\extracted\textures\infantry n ulfsark standard.bti"
"archer c crossbowman bowstring.tga","","32","4","1","BC2","MultiValue","8","48","37.5","25-50%","D:\AI_upscaling\AoMEE\extracted\textures\archer c crossbowman bowstring.bti"
"cavalry e camelry camel standard.tga","","128","128","1","BC3","MultiValue","3","657","4.01","0-10%","D:\AI_upscaling\AoMEE\extracted\textures\cavalry e camelry camel standard.bti"
"special g golem map.tga","","256","256","1","BC3","MultiValue","22","2637","4.024","0-10%","D:\AI_upscaling\AoMEE\extracted\textures\special g golem map.bti"
"special n fenris.tga","","128","128","1","BC3","MultiValue","3","673","4.108","0-10%","D:\AI_upscaling\AoMEE\extracted\textures\special n fenris.bti"
"cine a jarl horse map.tga","","256","256","1","BC3","MultiValue","3","2703","4.124","0-10%","D:\AI_upscaling\AoMEE\extracted\textures\cine a jarl horse map.bti"
"special g cyclops map.tga","","128","128","1","BC3","MultiValue","3","678","4.138","0-10%","D:\AI_upscaling\AoMEE\extracted\textures\special g cyclops map.bti"
"cavalry e mercenary horse standard.tga","","128","128","1","BC3","MultiValue","3","684","4.175","0-10%","D:\AI_upscaling\AoMEE\extracted\textures\cavalry e mercenary horse standard.bti"
"cavalry n jarl horse bronze.tga","","128","128","1","BC3","MultiValue","3","687","4.193","0-10%","D:\AI_upscaling\AoMEE\extracted\textures\cavalry n jarl horse bronze.bti"
"building e age3.tga","","256","256","1","BC3","MultiValue","3","2761","4.213","0-10%","D:\AI_upscaling\AoMEE\extracted\textures\building e age3.bti"
"building e settlement age3.tga","","256","256","1","BC3","MultiValue","3","2761","4.213","0-10%","D:\AI_upscaling\AoMEE\extracted\textures\building e settlement age3.bti"
"building e shared01 3 map.tga","","256","256","1","BC3","MultiValue","3","2761","4.213","0-10%","D:\AI_upscaling\AoMEE\extracted\textures\building e shared01 3 map.bti"
"cavalry g cataphract horse iron.tga","","128","128","1","BC3","MultiValue","3","701","4.279","0-10%","D:\AI_upscaling\AoMEE\extracted\textures\cavalry g cataphract horse iron.bti"
"siege x chieroballista downgrade.tga","","128","128","1","BC3","MultiValue","3","704","4.297","0-10%","D:\AI_upscaling\AoMEE\extracted\textures\siege x chieroballista downgrade.bti"
"siege x chieroballista.tga","","128","128","1","BC3","MultiValue","3","704","4.297","0-10%","D:\AI_upscaling\AoMEE\extracted\textures\siege x chieroballista.bti"
"world g statue poseidon.tga","","128","128","1","BC3","MultiValue","3","710","4.333","0-10%","D:\AI_upscaling\AoMEE\extracted\textures\world g statue poseidon.bti"
"cavalry e war elephant copper.tga","","256","128","1","BC3","MultiValue","3","1442","4.401","0-10%","D:\AI_upscaling\AoMEE\extracted\textures\cavalry e war elephant copper.bti"
"cavalry x lancer horse bronze.tga","","128","128","1","BC3","MultiValue","3","721","4.401","0-10%","D:\AI_upscaling\AoMEE\extracted\textures\cavalry x lancer horse bronze.bti"
"cavalry x lancer horse hero.tga","","128","128","1","BC3","MultiValue","3","721","4.401","0-10%","D:\AI_upscaling\AoMEE\extracted\textures\cavalry x lancer horse hero.bti"
"cavalry x lancer horse iron.tga","","128","128","1","BC3","MultiValue","3","721","4.401","0-10%","D:\AI_upscaling\AoMEE\extracted\textures\cavalry x lancer horse iron.bti"
"titan g cerebus map1.tga","","256","256","1","BC3","MultiValue","3","2950","4.501","0-10%","D:\AI_upscaling\AoMEE\extracted\textures\titan g cerebus map1.bti"
"world x gaia  statue map.tga","","128","128","1","BC3","MultiValue","3","743","4.535","0-10%","D:\AI_upscaling\AoMEE\extracted\textures\world x gaia  statue map.bti"
"building g titan gate door map.tga","","128","128","1","BC3","MultiValue","3","751","4.584","0-10%","D:\AI_upscaling\AoMEE\extracted\textures\building g titan gate door map.bti"
"scenario u shade.tga","","64","64","1","BC3","MultiValue","3","189","4.614","0-10%","D:\AI_upscaling\AoMEE\extracted\textures\scenario u shade.bti"
"cavalry n jarl horse iron.tga","","128","128","1","BC3","MultiValue","3","759","4.633","0-10%","D:\AI_upscaling\AoMEE\extracted\textures\cavalry n jarl horse iron.bti"
"building n loki wonder02.tga","","256","256","1","BC3","MultiValue","3","3075","4.692","0-10%","D:\AI_upscaling\AoMEE\extracted\textures\building n loki wonder02.bti"
"cine g hoplite shield.tga","","128","64","1","BC3","MultiValue","3","388","4.736","0-10%","D:\AI_upscaling\AoMEE\extracted\textures\cine g hoplite shield.bti"
"cavalry n jarl horse copper.tga","","128","128","1","BC3","MultiValue","3","791","4.828","0-10%","D:\AI_upscaling\AoMEE\extracted\textures\cavalry n jarl horse copper.bti"
"lp mu x stymphalian bird map.tga","","128","128","1","BC3","MultiValue","3","798","4.871","0-10%","D:\AI_upscaling\AoMEE\extracted\textures\lp mu x stymphalian bird map.bti"
"world a tents map.tga","","256","256","1","BC3","MultiValue","3","3208","4.895","0-10%","D:\AI_upscaling\AoMEE\extracted\textures\world a tents map.bti"
"world n odin statue map.tga","","128","128","1","BC3","MultiValue","3","803","4.901","0-10%","D:\AI_upscaling\AoMEE\extracted\textures\world n odin statue map.bti"
"titan n troll map2.tga","","256","256","1","BC3","MultiValue","3","3238","4.941","0-10%","D:\AI_upscaling\AoMEE\extracted\textures\titan n troll map2.bti"
"archer g peltast copper.tga","","64","64","1","BC3","MultiValue","3","1646","40.186","25-50%","D:\AI_upscaling\AoMEE\extracted\textures\archer g peltast copper.bti"
"infantry g hypaspist standard.tga","","64","64","1","BC3","MultiValue","3","1706","41.65","25-50%","D:\AI_upscaling\AoMEE\extracted\textures\infantry g hypaspist standard.bti"
"villager g male standard.tga","","64","64","1","BC3","MultiValue","3","1750","42.725","25-50%","D:\AI_upscaling\AoMEE\extracted\textures\villager g male standard.bti"
"cavalry e camelry copper.tga","","64","64","1","BC3","MultiValue","3","1797","43.872","25-50%","D:\AI_upscaling\AoMEE\extracted\textures\cavalry e camelry copper.bti"
"waypoint.tga","","64","64","1","BC3","MultiValue","3","1819","44.409","25-50%","D:\AI_upscaling\AoMEE\extracted\textures\waypoint.bti"
"infantry e axeman standard.tga","","64","64","1","BC3","MultiValue","3","1868","45.605","25-50%","D:\AI_upscaling\AoMEE\extracted\textures\infantry e axeman standard.bti"
"villager e female.tga","","64","64","1","BC3","MultiValue","3","2007","48.999","25-50%","D:\AI_upscaling\AoMEE\extracted\textures\villager e female.bti"
"villager n ox.tga","","64","64","1","BC3","MultiValue","3","206","5.029","0-10%","D:\AI_upscaling\AoMEE\extracted\textures\villager n ox.bti"
"mu x stymphalian bird map.tga","","256","256","1","BC3","MultiValue","3","3311","5.052","0-10%","D:\AI_upscaling\AoMEE\extracted\textures\mu x stymphalian bird map.bti"
"building e obelisk.tga","","256","128","1","BC3","MultiValue","3","1692","5.164","0-10%","D:\AI_upscaling\AoMEE\extracted\textures\building e obelisk.bti"
"cavalry x javelin horse copper.tga","","128","128","1","BC3","MultiValue","3","856","5.225","0-10%","D:\AI_upscaling\AoMEE\extracted\textures\cavalry x javelin horse copper.bti"
"cavalry x javelin horse standard.tga","","128","128","1","BC3","MultiValue","3","856","5.225","0-10%","D:\AI_upscaling\AoMEE\extracted\textures\cavalry x javelin horse standard.bti"
"special n frost giant upgrade.tga","","128","128","1","BC3","MultiValue","3","861","5.255","0-10%","D:\AI_upscaling\AoMEE\extracted\textures\special n frost giant upgrade.bti"
"special n frost giant.tga","","128","128","1","BC3","MultiValue","3","861","5.255","0-10%","D:\AI_upscaling\AoMEE\extracted\textures\special n frost giant.bti"
"special n king folstag upgrade.tga","","128","128","1","BC3","MultiValue","3","861","5.255","0-10%","D:\AI_upscaling\AoMEE\extracted\textures\special n king folstag upgrade.bti"
"statue x gaia map.tga","","128","128","1","BC3","MultiValue","3","861","5.255","0-10%","D:\AI_upscaling\AoMEE\extracted\textures\statue x gaia map.bti"
"world g tent.tga","","128","128","1","BC3","MultiValue","3","864","5.273","0-10%","D:\AI_upscaling\AoMEE\extracted\textures\world g tent.bti"
"cavalry g scout horse.tga","","128","128","1","BC3","MultiValue","3","873","5.328","0-10%","D:\AI_upscaling\AoMEE\extracted\textures\cavalry g scout horse.bti"
"mu x promethean map.tga","","64","64","1","BC3","MultiValue","3","220","5.371","0-10%","D:\AI_upscaling\AoMEE\extracted\textures\mu x promethean map.bti"
"cavalry n jarl horse standard.tga","","128","128","1","BC3","MultiValue","3","891","5.438","0-10%","D:\AI_upscaling\AoMEE\extracted\textures\cavalry n jarl horse standard.bti"
"special e sphinx.tga","","128","128","1","BC3","MultiValue","3","901","5.499","0-10%","D:\AI_upscaling\AoMEE\extracted\textures\special e sphinx.bti"
"cavalry n jarl copper.tga","","64","64","1","BC3","MultiValue","3","226","5.518","0-10%","D:\AI_upscaling\AoMEE\extracted\textures\cavalry n jarl copper.bti"
"siege n ram iron.tga","","128","128","1","BC3","MultiValue","3","909","5.548","0-10%","D:\AI_upscaling\AoMEE\extracted\textures\siege n ram iron.bti"
"siege n ram.tga","","128","128","1","BC3","MultiValue","3","909","5.548","0-10%","D:\AI_upscaling\AoMEE\extracted\textures\siege n ram.bti"
"special n battle boar.tga","","128","128","1","BC3","MultiValue","3","909","5.548","0-10%","D:\AI_upscaling\AoMEE\extracted\textures\special n battle boar.bti"
"agamemnon map.tga","","256","256","1","BC3","MultiValue","3","3645","5.562","0-10%","D:\AI_upscaling\AoMEE\extracted\textures\agamemnon map.bti"
"cavalry e war elephant iron.tga","","256","128","1","BC3","MultiValue","3","1877","5.728","0-10%","D:\AI_upscaling\AoMEE\extracted\textures\cavalry e war elephant iron.bti"
"cavalry e war elephant bronze.tga","","256","128","1","BC3","MultiValue","3","1902","5.804","0-10%","D:\AI_upscaling\AoMEE\extracted\textures\cavalry e war elephant bronze.bti"
"naval e pirate ship.tga","","256","256","1","BC3","MultiValue","3","3880","5.92","0-10%","D:\AI_upscaling\AoMEE\extracted\textures\naval e pirate ship.bti"
"scenario e guardian.tga","","128","128","1","BC3","MultiValue","3","977","5.963","0-10%","D:\AI_upscaling\AoMEE\extracted\textures\scenario e guardian.bti"
"infantry g militia.tga","","64","64","1","BC3","MultiValue","3","2136","52.148","50-75%","D:\AI_upscaling\AoMEE\extracted\textures\infantry g militia.bti"
"scenario e great box camel.tga","","256","256","1","BC3","MultiValue","3","34571","52.751","50-75%","D:\AI_upscaling\AoMEE\extracted\textures\scenario e great box camel.bti"
"villager g female.tga","","64","64","1","BC3","MultiValue","3","2164","52.832","50-75%","D:\AI_upscaling\AoMEE\extracted\textures\villager g female.bti"
"archer n throwing axeman standard.tga","","64","64","1","BC3","MultiValue","3","2168","52.93","50-75%","D:\AI_upscaling\AoMEE\extracted\textures\archer n throwing axeman standard.bti"
"archer g peltast standard.tga","","64","64","1","BC3","MultiValue","3","2201","53.735","50-75%","D:\AI_upscaling\AoMEE\extracted\textures\archer g peltast standard.bti"
"building g titan gate map.tga","","256","256","1","BC3","MultiValue","3","37942","57.895","50-75%","D:\AI_upscaling\AoMEE\extracted\textures\building g titan gate map.bti"
"cine a jarl helmet map.tga","","128","128","1","BC3","MultiValue","3","988","6.03","0-10%","D:\AI_upscaling\AoMEE\extracted\textures\cine a jarl helmet map.bti"
"trade e caravan camel.tga","","128","128","1","BC3","MultiValue","3","990","6.042","0-10%","D:\AI_upscaling\AoMEE\extracted\textures\trade e caravan camel.bti"
"trade n caravan cargo.tga","","128","128","1","BC3","MultiValue","3","1022","6.238","0-10%","D:\AI_upscaling\AoMEE\extracted\textures\trade n caravan cargo.bti"
"cavalry e war elephant basket copper.tga","","64","64","1","BC3","MultiValue","3","258","6.299","0-10%","D:\AI_upscaling\AoMEE\extracted\textures\cavalry e war elephant basket copper.bti"
"special e pharaoh.tga","","64","64","1","BC3","MultiValue","3","259","6.323","0-10%","D:\AI_upscaling\AoMEE\extracted\textures\special e pharaoh.bti"
"sfx a serpent.tga","","64","64","1","BC3","MultiValue","3","261","6.372","0-10%","D:\AI_upscaling\AoMEE\extracted\textures\sfx a serpent.bti"
"athenamap.tga","","256","256","1","BC3","MultiValue","3","4182","6.381","0-10%","D:\AI_upscaling\AoMEE\extracted\textures\athenamap.bti"
"scenario theocrat.tga","","64","64","1","BC3","MultiValue","3","267","6.519","0-10%","D:\AI_upscaling\AoMEE\extracted\textures\scenario theocrat.bti"
"special n troll.tga","","128","128","1","BC3","MultiValue","3","1080","6.592","0-10%","D:\AI_upscaling\AoMEE\extracted\textures\special n troll.bti"
"cine x trident soldier shield.tga","","256","256","1","BC3","MultiValue","3","4344","6.628","0-10%","D:\AI_upscaling\AoMEE\extracted\textures\cine x trident soldier shield.bti"
"cavalry x lancer horse copper.tga","","128","128","1","BC3","MultiValue","3","1094","6.677","0-10%","D:\AI_upscaling\AoMEE\extracted\textures\cavalry x lancer horse copper.bti"
"cavalry x lancer horse standard.tga","","128","128","1","BC3","MultiValue","3","1094","6.677","0-10%","D:\AI_upscaling\AoMEE\extracted\textures\cavalry x lancer horse standard.bti"
"sfx a healing spring stone.tga","","256","256","1","BC3","MultiValue","3","4410","6.729","0-10%","D:\AI_upscaling\AoMEE\extracted\textures\sfx a healing spring stone.bti"
"hero g atalanta shield.tga","","64","32","1","BC3","MultiValue","3","143","6.982","0-10%","D:\AI_upscaling\AoMEE\extracted\textures\hero g atalanta shield.bti"
"cavalry g prodromos standard.tga","","64","64","1","BC3","MultiValue","3","2585","63.11","50-75%","D:\AI_upscaling\AoMEE\extracted\textures\cavalry g prodromos standard.bti"
"scenario g odysseus map.tga","","64","64","1","BC3","MultiValue","3","2665","65.063","50-75%","D:\AI_upscaling\AoMEE\extracted\textures\scenario g odysseus map.bti"
"scenario g old man map.tga","","64","64","1","BC3","MultiValue","3","2690","65.674","50-75%","D:\AI_upscaling\AoMEE\extracted\textures\scenario g old man map.bti"
"special g medusa map.tga","","64","64","1","BC3","MultiValue","3","2695","65.796","50-75%","D:\AI_upscaling\AoMEE\extracted\textures\special g medusa map.bti"
"world n garrison flag.tga","","64","32","1","BC3","MultiValue","3","1362","66.504","50-75%","D:\AI_upscaling\AoMEE\extracted\textures\world n garrison flag.bti"
"world e garrison flag.tga","","64","32","1","BC3","MultiValue","3","1377","67.236","50-75%","D:\AI_upscaling\AoMEE\extracted\textures\world e garrison flag.bti"
"special g medusa.tga","","128","128","1","BC3","MultiValue","3","11130","67.932","50-75%","D:\AI_upscaling\AoMEE\extracted\textures\special g medusa.bti"
"naval n utility map.tga","","256","256","1","BC3","MultiValue","3","45006","68.674","50-75%","D:\AI_upscaling\AoMEE\extracted\textures\naval n utility map.bti"
"special e wadjet.tga","","128","128","1","BC3","MultiValue","3","11386","69.495","50-75%","D:\AI_upscaling\AoMEE\extracted\textures\special e wadjet.bti"
"infantry e spearman map.tga","","64","64","1","BC3","MultiValue","3","2858","69.775","50-75%","D:\AI_upscaling\AoMEE\extracted\textures\infantry e spearman map.bti"
"special g athena.tga","","128","128","1","BC3","MultiValue","3","1148","7.007","0-10%","D:\AI_upscaling\AoMEE\extracted\textures\special g athena.bti"
"infantry n huskarl bronze.tga","","64","64","1","BC3","MultiValue","3","291","7.104","0-10%","D:\AI_upscaling\AoMEE\extracted\textures\infantry n huskarl bronze.bti"
"infantry n huskarl copper.tga","","64","64","1","BC3","MultiValue","3","291","7.104","0-10%","D:\AI_upscaling\AoMEE\extracted\textures\infantry n huskarl copper.bti"
"infantry n huskarl iron.tga","","64","64","1","BC3","MultiValue","3","291","7.104","0-10%","D:\AI_upscaling\AoMEE\extracted\textures\infantry n huskarl iron.bti"
"infantry n huskarl standard.tga","","64","64","1","BC3","MultiValue","3","291","7.104","0-10%","D:\AI_upscaling\AoMEE\extracted\textures\infantry n huskarl standard.bti"
"special g chimera map.tga","","64","64","1","BC3","MultiValue","3","292","7.129","0-10%","D:\AI_upscaling\AoMEE\extracted\textures\special g chimera map.bti"
"cine g kastor map.tga","","256","256","1","BC3","MultiValue","3","4693","7.161","0-10%","D:\AI_upscaling\AoMEE\extracted\textures\cine g kastor map.bti"
"cavalry n jarl bronze.tga","","64","64","1","BC3","MultiValue","3","295","7.202","0-10%","D:\AI_upscaling\AoMEE\extracted\textures\cavalry n jarl bronze.bti"
"cavalry n jarl iron.tga","","64","64","1","BC3","MultiValue","3","295","7.202","0-10%","D:\AI_upscaling\AoMEE\extracted\textures\cavalry n jarl iron.bti"
"attachments mu x automaton.tga","","64","64","1","BC3","MultiValue","3","302","7.373","0-10%","D:\AI_upscaling\AoMEE\extracted\textures\attachments mu x automaton.bti"
"cavalry e war elephant basket iron.tga","","64","64","1","BC3","MultiValue","3","305","7.446","0-10%","D:\AI_upscaling\AoMEE\extracted\textures\cavalry e war elephant basket iron.bti"
"theocrat map.tga","","256","256","1","BC3","MultiValue","3","4929","7.521","0-10%","D:\AI_upscaling\AoMEE\extracted\textures\theocrat map.bti"
"scenario c gargarensis map.tga","","128","128","1","BC3","MultiValue","3","1247","7.611","0-10%","D:\AI_upscaling\AoMEE\extracted\textures\scenario c gargarensis map.bti"
"special n fire giant.tga","","128","128","1","BC3","MultiValue","3","1253","7.648","0-10%","D:\AI_upscaling\AoMEE\extracted\textures\special n fire giant.bti"
"titan x promethean 1.tga","","256","256","1","BC3","MultiValue","3","5082","7.755","0-10%","D:\AI_upscaling\AoMEE\extracted\textures\titan x promethean 1.bti"
"naval g all wrecked.tga","","256","256","1","BC3","MultiValue","3","48727","74.352","50-75%","D:\AI_upscaling\AoMEE\extracted\textures\naval g all wrecked.bti"
"naval g all.tga","","256","256","1","BC3","MultiValue","3","48727","74.352","50-75%","D:\AI_upscaling\AoMEE\extracted\textures\naval g all.bti"
"scenario n thors hammer cart.tga","","128","64","1","BC3","MultiValue","3","6098","74.438","50-75%","D:\AI_upscaling\AoMEE\extracted\textures\scenario n thors hammer cart.bti"
"infantry e axeman map.tga","","64","64","1","BC3","MultiValue","3","3055","74.585","50-75%","D:\AI_upscaling\AoMEE\extracted\textures\infantry e axeman map.bti"
"naval e all.tga","","256","256","1","BC3","MultiValue","3","49494","75.522","75-100%","D:\AI_upscaling\AoMEE\extracted\textures\naval e all.bti"
"siege n catapult map.tga","","256","256","1","BC3","MultiValue","3","49693","75.826","75-100%","D:\AI_upscaling\AoMEE\extracted\textures\siege n catapult map.bti"
"archer e slinger map.tga","","64","64","1","BC3","MultiValue","3","3108","75.879","75-100%","D:\AI_upscaling\AoMEE\extracted\textures\archer e slinger map.bti"
"naval x all.tga","","256","256","1","BC3","MultiValue","3","49751","75.914","75-100%","D:\AI_upscaling\AoMEE\extracted\textures\naval x all.bti"
"infantry g hoplite map_01.tga","","64","64","1","BC3","MultiValue","3","3138","76.611","75-100%","D:\AI_upscaling\AoMEE\extracted\textures\infantry g hoplite map_01.bti"
"infantry g hoplite map_02.tga","","64","64","1","BC3","MultiValue","3","3138","76.611","75-100%","D:\AI_upscaling\AoMEE\extracted\textures\infantry g hoplite map_02.bti"
"infantry g hoplite map_03.tga","","64","64","1","BC3","MultiValue","3","3138","76.611","75-100%","D:\AI_upscaling\AoMEE\extracted\textures\infantry g hoplite map_03.bti"
"infantry g hoplite map_04.tga","","64","64","1","BC3","MultiValue","3","3138","76.611","75-100%","D:\AI_upscaling\AoMEE\extracted\textures\infantry g hoplite map_04.bti"
"test flags.tga","","128","128","1","BC3","MultiValue","3","12868","78.54","75-100%","D:\AI_upscaling\AoMEE\extracted\textures\test flags.bti"
"cine x hp fanaticmap.tga","","256","256","1","BC3","MultiValue","3","5254","8.017","0-10%","D:\AI_upscaling\AoMEE\extracted\textures\cine x hp fanaticmap.bti"
"cavalry e war elephant basket bronze.tga","","64","64","1","BC3","MultiValue","3","329","8.032","0-10%","D:\AI_upscaling\AoMEE\extracted\textures\cavalry e war elephant basket bronze.bti"
"cine n huskarl.tga","","256","256","1","BC3","MultiValue","3","5266","8.035","0-10%","D:\AI_upscaling\AoMEE\extracted\textures\cine n huskarl.bti"
"hero g athena low map.tga","","64","64","1","BC3","MultiValue","3","330","8.057","0-10%","D:\AI_upscaling\AoMEE\extracted\textures\hero g athena low map.bti"
"cine x trident soldier.tga","","256","256","1","BC3","MultiValue","3","5308","8.099","0-10%","D:\AI_upscaling\AoMEE\extracted\textures\cine x trident soldier.bti"
"trade n caravan ox.tga","","128","128","1","BC3","MultiValue","3","1351","8.246","0-10%","D:\AI_upscaling\AoMEE\extracted\textures\trade n caravan ox.bti"
"hero g chiron shield.tga","","64","32","1","BC3","MultiValue","3","170","8.301","0-10%","D:\AI_upscaling\AoMEE\extracted\textures\hero g chiron shield.bti"
"building x wall age2.tga","","256","256","1","BC3","MultiValue","3","5538","8.45","0-10%","D:\AI_upscaling\AoMEE\extracted\textures\building x wall age2.bti"
"scenario c kamos.tga","","128","128","1","BC3","MultiValue","3","1401","8.551","0-10%","D:\AI_upscaling\AoMEE\extracted\textures\scenario c kamos.bti"
"cavalry e war elephant rider copper.tga","","64","64","1","BC3","MultiValue","3","354","8.643","0-10%","D:\AI_upscaling\AoMEE\extracted\textures\cavalry e war elephant rider copper.bti"
"infantry n ulfsark map.tga","","64","64","1","BC3","MultiValue","3","354","8.643","0-10%","D:\AI_upscaling\AoMEE\extracted\textures\infantry n ulfsark map.bti"
"mu x atlantean satyr map.tga","","128","128","1","BC3","MultiValue","3","1445","8.82","0-10%","D:\AI_upscaling\AoMEE\extracted\textures\mu x atlantean satyr map.bti"
"infantry n bondi standard.tga","","64","64","1","BC3","MultiValue","20","362","8.838","0-10%","D:\AI_upscaling\AoMEE\extracted\textures\infantry n bondi standard.bti"
"naval n kraken upgrade.tga","","128","64","1","BC3","MultiValue","3","724","8.838","0-10%","D:\AI_upscaling\AoMEE\extracted\textures\naval n kraken upgrade.bti"
"naval n kraken.tga","","128","64","1","BC3","MultiValue","3","724","8.838","0-10%","D:\AI_upscaling\AoMEE\extracted\textures\naval n kraken.bti"
"cine a skult map.tga","","256","256","1","BC3","MultiValue","3","5896","8.997","0-10%","D:\AI_upscaling\AoMEE\extracted\textures\cine a skult map.bti"
"cavalry x lancer cape iron.tga","","32","64","1","BC3","MultiValue","3","1684","82.227","75-100%","D:\AI_upscaling\AoMEE\extracted\textures\cavalry x lancer cape iron.bti"
"infantry x trident soldier cape iron.tga","","32","64","1","BC3","MultiValue","3","1710","83.496","75-100%","D:\AI_upscaling\AoMEE\extracted\textures\infantry x trident soldier cape iron.bti"
"infantry n bondi head bronze.tga","","32","32","1","BC3","MultiValue","4","900","87.891","75-100%","D:\AI_upscaling\AoMEE\extracted\textures\infantry n bondi head bronze.bti"
"infantry n bondi head copper.tga","","32","32","1","BC3","MultiValue","4","900","87.891","75-100%","D:\AI_upscaling\AoMEE\extracted\textures\infantry n bondi head copper.bti"
"infantry n bondi head iron.tga","","32","32","1","BC3","MultiValue","4","900","87.891","75-100%","D:\AI_upscaling\AoMEE\extracted\textures\infantry n bondi head iron.bti"
"infantry n bondi head standard.tga","","32","32","1","BC3","MultiValue","4","900","87.891","75-100%","D:\AI_upscaling\AoMEE\extracted\textures\infantry n bondi head standard.bti"
"special g minotaur.tga","","128","128","1","BC3","MultiValue","3","1486","9.07","0-10%","D:\AI_upscaling\AoMEE\extracted\textures\special g minotaur.bti"
"gine g kamos map.tga","","256","256","1","BC3","MultiValue","3","6012","9.174","0-10%","D:\AI_upscaling\AoMEE\extracted\textures\gine g kamos map.bti"
"special e apep map.tga","","128","128","1","BC3","MultiValue","3","1503","9.174","0-10%","D:\AI_upscaling\AoMEE\extracted\textures\special e apep map.bti"
"cine n reginleif map.tga","","256","256","1","BC3","MultiValue","3","6028","9.198","0-10%","D:\AI_upscaling\AoMEE\extracted\textures\cine n reginleif map.bti"
"special e scorpion man upgrade.tga","","128","128","1","BC3","MultiValue","3","1514","9.241","0-10%","D:\AI_upscaling\AoMEE\extracted\textures\special e scorpion man upgrade.bti"
"special e scorpion man.tga","","128","128","1","BC3","MultiValue","3","1514","9.241","0-10%","D:\AI_upscaling\AoMEE\extracted\textures\special e scorpion man.bti"
"lp mu x argus map.tga","","128","128","1","BC3","MultiValue","3","1518","9.265","0-10%","D:\AI_upscaling\AoMEE\extracted\textures\lp mu x argus map.bti"
"special g medusa low map.tga","","64","64","1","BC3","MultiValue","3","382","9.326","0-10%","D:\AI_upscaling\AoMEE\extracted\textures\special g medusa low map.bti"
"cine g gargarensis map.tga","","256","256","1","BC3","MultiValue","3","6173","9.419","0-10%","D:\AI_upscaling\AoMEE\extracted\textures\cine g gargarensis map.bti"
"mu x argus map.tga","","256","256","1","BC3","MultiValue","3","6490","9.903","0-10%","D:\AI_upscaling\AoMEE\extracted\textures\mu x argus map.bti"
"scenario n reginleif weapons map.tga","","64","64","1","BC3","MultiValue","3","406","9.912","0-10%","D:\AI_upscaling\AoMEE\extracted\textures\scenario n reginleif weapons map.bti"
"special n troll bag.tga","","64","32","1","BC3","MultiValue","3","203","9.912","0-10%","D:\AI_upscaling\AoMEE\extracted\textures\special n troll bag.bti"
"archer e slinger head bronze.tga","","32","32","1","BC3","MultiValue","3","102","9.961","0-10%","D:\AI_upscaling\AoMEE\extracted\textures\archer e slinger head bronze.bti"
"archer e slinger head copper.tga","","32","32","1","BC3","MultiValue","3","102","9.961","0-10%","D:\AI_upscaling\AoMEE\extracted\textures\archer e slinger head copper.bti"
"archer e slinger head iron.tga","","32","32","1","BC3","MultiValue","3","102","9.961","0-10%","D:\AI_upscaling\AoMEE\extracted\textures\archer e slinger head iron.bti"
"archer e slinger head standard.tga","","32","32","1","BC3","MultiValue","3","102","9.961","0-10%","D:\AI_upscaling\AoMEE\extracted\textures\archer e slinger head standard.bti"
"cine x trident soldier cape.tga","","128","256","1","BC3","MultiValue","3","30136","91.968","75-100%","D:\AI_upscaling\AoMEE\extracted\textures\cine x trident soldier cape.bti"
"scenario u ferryman map.tga","","64","64","1","BC3","MultiValue","3","3986","97.314","75-100%","D:\AI_upscaling\AoMEE\extracted\textures\scenario u ferryman map.bti"
"building e shrine.tga","","256","256","1","BC3","MultiValue","3","64803","98.882","75-100%","D:\AI_upscaling\AoMEE\extracted\textures\building e shrine.bti"
"archer c crossbowman head standard.tga","","32","32","4","BC3","Binary","1","0","0","0-10%","D:\AI_upscaling\AoMEE\extracted\textures\archer c crossbowman head standard.bti"
"archer c mounted archer head bronze.tga","","32","32","4","BC3","Binary","1","0","0","0-10%","D:\AI_upscaling\AoMEE\extracted\textures\archer c mounted archer head bronze.bti"
"archer c mounted archer head copper.tga","","32","32","4","BC3","Binary","1","0","0","0-10%","D:\AI_upscaling\AoMEE\extracted\textures\archer c mounted archer head copper.bti"
"archer c mounted archer head iron.tga","","32","32","4","BC3","Binary","1","0","0","0-10%","D:\AI_upscaling\AoMEE\extracted\textures\archer c mounted archer head iron.bti"
"archer c mounted archer head standard.tga","","32","32","4","BC3","Binary","1","0","0","0-10%","D:\AI_upscaling\AoMEE\extracted\textures\archer c mounted archer head standard.bti"
"archer n normal head bronze.tga","","32","32","4","BC3","Binary","1","0","0","0-10%","D:\AI_upscaling\AoMEE\extracted\textures\archer n normal head bronze.bti"
"archer n normal head copper.tga","","32","32","4","BC3","Binary","1","0","0","0-10%","D:\AI_upscaling\AoMEE\extracted\textures\archer n normal head copper.bti"
"archer n normal head iron.tga","","32","32","4","BC3","Binary","1","0","0","0-10%","D:\AI_upscaling\AoMEE\extracted\textures\archer n normal head iron.bti"
"archer n normal head standard.tga","","32","32","4","BC3","Binary","1","0","0","0-10%","D:\AI_upscaling\AoMEE\extracted\textures\archer n normal head standard.bti"
"building c roofage1.tga","","256","256","4","BC3","Binary","1","0","0","0-10%","D:\AI_upscaling\AoMEE\extracted\textures\building c roofage1.bti"
"building c roofage2.tga","","256","256","4","BC3","Binary","1","0","0","0-10%","D:\AI_upscaling\AoMEE\extracted\textures\building c roofage2.bti"
"building c roofage3.tga","","256","256","4","BC3","Binary","1","0","0","0-10%","D:\AI_upscaling\AoMEE\extracted\textures\building c roofage3.bti"
"building c roofage4.tga","","256","256","4","BC3","Binary","1","0","0","0-10%","D:\AI_upscaling\AoMEE\extracted\textures\building c roofage4.bti"
"building c special.tga","","256","256","4","BC3","Binary","1","0","0","0-10%","D:\AI_upscaling\AoMEE\extracted\textures\building c special.bti"
"building c titan gate rocks.tga","","128","128","4","BC3","Binary","1","0","0","0-10%","D:\AI_upscaling\AoMEE\extracted\textures\building c titan gate rocks.bti"
"building c wonder city floor.tga","","256","256","4","BC3","Binary","1","0","0","0-10%","D:\AI_upscaling\AoMEE\extracted\textures\building c wonder city floor.bti"
"building c wonder city roof.tga","","256","256","4","BC3","Binary","1","0","0","0-10%","D:\AI_upscaling\AoMEE\extracted\textures\building c wonder city roof.bti"
"building c wonder city walls.tga","","256","256","4","BC3","Binary","1","0","0","0-10%","D:\AI_upscaling\AoMEE\extracted\textures\building c wonder city walls.bti"
"building c wonder palace floor.tga","","256","256","4","BC3","Binary","1","0","0","0-10%","D:\AI_upscaling\AoMEE\extracted\textures\building c wonder palace floor.bti"
"building c wonder palace roof.tga","","256","256","4","BC3","Binary","1","0","0","0-10%","D:\AI_upscaling\AoMEE\extracted\textures\building c wonder palace roof.bti"
"building e fortress accessories02.tga","","256","256","4","BC3","Binary","1","0","0","0-10%","D:\AI_upscaling\AoMEE\extracted\textures\building e fortress accessories02.bti"
"building e fortress.tga","","256","256","4","BC3","Binary","1","0","0","0-10%","D:\AI_upscaling\AoMEE\extracted\textures\building e fortress.bti"
"cine c emperor.tga","","512","512","4","BC3","Binary","1","0","0","0-10%","D:\AI_upscaling\AoMEE\extracted\textures\cine c emperor.bti"
"hero c monk head.tga","","32","32","4","BC3","Binary","1","0","0","0-10%","D:\AI_upscaling\AoMEE\extracted\textures\hero c monk head.bti"
"hero c monk weapon.tga","","16","128","4","BC3","Binary","1","0","0","0-10%","D:\AI_upscaling\AoMEE\extracted\textures\hero c monk weapon.bti"
"hero g physician head.tga","","32","32","4","BC3","Binary","1","0","0","0-10%","D:\AI_upscaling\AoMEE\extracted\textures\hero g physician head.bti"
"scenario c danzhu head.tga","","32","32","4","BC3","Binary","1","0","0","0-10%","D:\AI_upscaling\AoMEE\extracted\textures\scenario c danzhu head.bti"
"scenario c shun head.tga","","32","32","4","BC3","Binary","1","0","0","0-10%","D:\AI_upscaling\AoMEE\extracted\textures\scenario c shun head.bti"
"scenario c zhi head.tga","","64","64","4","BC3","Binary","1","0","0","0-10%","D:\AI_upscaling\AoMEE\extracted\textures\scenario c zhi head.bti"
"sfx c growth vines.tga","","64","64","4","BC3","Binary","1","0","0","0-10%","D:\AI_upscaling\AoMEE\extracted\textures\sfx c growth vines.bti"
"trade c caravan.tga","","64","64","4","BC3","Binary","1","0","0","0-10%","D:\AI_upscaling\AoMEE\extracted\textures\trade c caravan.bti"
"world c dam.tga","","128","128","4","BC3","Binary","1","0","0","0-10%","D:\AI_upscaling\AoMEE\extracted\textures\world c dam.bti"
"world c statue shennong head.tga","","64","64","4","BC3","Binary","1","0","0","0-10%","D:\AI_upscaling\AoMEE\extracted\textures\world c statue shennong head.bti"
"building c wonder temple.tga","","256","256","4","BC3","Binary","2","572","0.873","0-10%","D:\AI_upscaling\AoMEE\extracted\textures\building c wonder temple.bti"
"building c earthen wall.tga","","256","256","4","BC3","Binary","2","1252","1.91","0-10%","D:\AI_upscaling\AoMEE\extracted\textures\building c earthen wall.bti"
"building c fortified wall.tga","","256","256","4","BC3","Binary","2","1252","1.91","0-10%","D:\AI_upscaling\AoMEE\extracted\textures\building c fortified wall.bti"
"building c great wall.tga","","256","256","4","BC3","Binary","2","1252","1.91","0-10%","D:\AI_upscaling\AoMEE\extracted\textures\building c great wall.bti"
"building c stone wall.tga","","256","256","4","BC3","Binary","2","1252","1.91","0-10%","D:\AI_upscaling\AoMEE\extracted\textures\building c stone wall.bti"
"animal duck map.tga","","64","64","4","BC3","Binary","1","4096","100","75-100%","D:\AI_upscaling\AoMEE\extracted\textures\animal duck map.bti"
"animal lizard map.tga","","64","64","4","BC3","Binary","1","4096","100","75-100%","D:\AI_upscaling\AoMEE\extracted\textures\animal lizard map.bti"
"animal tiger map.tga","","128","128","4","BC3","Binary","1","16384","100","75-100%","D:\AI_upscaling\AoMEE\extracted\textures\animal tiger map.bti"
"attachment c halberd head bronze.tga","","32","32","4","BC3","Binary","1","1024","100","75-100%","D:\AI_upscaling\AoMEE\extracted\textures\attachment c halberd head bronze.bti"
"attachment c halberd head copper.tga","","32","32","4","BC3","Binary","1","1024","100","75-100%","D:\AI_upscaling\AoMEE\extracted\textures\attachment c halberd head copper.bti"
"attachment c halberd head iron.tga","","32","32","4","BC3","Binary","1","1024","100","75-100%","D:\AI_upscaling\AoMEE\extracted\textures\attachment c halberd head iron.bti"
"attachment c halberd head standard.tga","","32","32","4","BC3","Binary","1","1024","100","75-100%","D:\AI_upscaling\AoMEE\extracted\textures\attachment c halberd head standard.bti"
"attachments c fire lance.tga","","64","128","4","BC3","Binary","1","8192","100","75-100%","D:\AI_upscaling\AoMEE\extracted\textures\attachments c fire lance.bti"
"attachments c halberd bronze.tga","","128","16","4","BC3","Binary","1","2048","100","75-100%","D:\AI_upscaling\AoMEE\extracted\textures\attachments c halberd bronze.bti"
"attachments c halberd copper.tga","","128","16","4","BC3","Binary","1","2048","100","75-100%","D:\AI_upscaling\AoMEE\extracted\textures\attachments c halberd copper.bti"
"attachments c halberd iron.tga","","128","16","4","BC3","Binary","1","2048","100","75-100%","D:\AI_upscaling\AoMEE\extracted\textures\attachments c halberd iron.bti"
"attachments c halberd standard.tga","","128","16","4","BC3","Binary","1","2048","100","75-100%","D:\AI_upscaling\AoMEE\extracted\textures\attachments c halberd standard.bti"
"attachments c sword jiaolong.tga","","32","16","4","BC3","Binary","1","512","100","75-100%","D:\AI_upscaling\AoMEE\extracted\textures\attachments c sword jiaolong.bti"
"cine c shun spear.tga","","128","256","4","BC3","Binary","1","32768","100","75-100%","D:\AI_upscaling\AoMEE\extracted\textures\cine c shun spear.bti"
"hero c general cape.tga","","128","128","4","BC3","Binary","1","16384","100","75-100%","D:\AI_upscaling\AoMEE\extracted\textures\hero c general cape.bti"
"siege c sitting tiger projectile.tga","","32","32","4","BC3","Binary","1","1024","100","75-100%","D:\AI_upscaling\AoMEE\extracted\textures\siege c sitting tiger projectile.bti"
"temp santa hat.tga","","64","64","4","BC3","Binary","1","4096","100","75-100%","D:\AI_upscaling\AoMEE\extracted\textures\temp santa hat.bti"
"hero c general flag.tga","","128","64","4","BC3","Binary","2","1295","15.808","10-25%","D:\AI_upscaling\AoMEE\extracted\textures\hero c general flag.bti"
"building c tower age2.tga","","256","256","4","BC3","Binary","2","1372","2.094","0-10%","D:\AI_upscaling\AoMEE\extracted\textures\building c tower age2.bti"
"building c tower age3.tga","","256","256","4","BC3","Binary","2","1372","2.094","0-10%","D:\AI_upscaling\AoMEE\extracted\textures\building c tower age3.bti"
"building c tower age4.tga","","256","256","4","BC3","Binary","2","1372","2.094","0-10%","D:\AI_upscaling\AoMEE\extracted\textures\building c tower age4.bti"
"world c statue nuwa stand.tga","","32","64","4","BC3","Binary","2","64","3.125","0-10%","D:\AI_upscaling\AoMEE\extracted\textures\world c statue nuwa stand.bti"
"infantry e khopesh head bronze.tga","","64","32","4","BC3","Binary","2","1017","49.658","25-50%","D:\AI_upscaling\AoMEE\extracted\textures\infantry e khopesh head bronze.bti"
"infantry e khopesh head copper.tga","","64","32","4","BC3","Binary","2","1017","49.658","25-50%","D:\AI_upscaling\AoMEE\extracted\textures\infantry e khopesh head copper.bti"
"infantry e khopesh head iron.tga","","64","32","4","BC3","Binary","2","1017","49.658","25-50%","D:\AI_upscaling\AoMEE\extracted\textures\infantry e khopesh head iron.bti"
"infantry e khopesh head standard.tga","","64","32","4","BC3","Binary","2","1017","49.658","25-50%","D:\AI_upscaling\AoMEE\extracted\textures\infantry e khopesh head standard.bti"
"siege c sitting tiger iron.tga","","64","64","4","BC3","Binary","2","245","5.981","0-10%","D:\AI_upscaling\AoMEE\extracted\textures\siege c sitting tiger iron.bti"
"siege c sitting tiger.tga","","64","64","4","BC3","Binary","2","245","5.981","0-10%","D:\AI_upscaling\AoMEE\extracted\textures\siege c sitting tiger.bti"
"building e fortress accessories.tga","","256","256","4","BC3","MultiValue","31","0","0","0-10%","D:\AI_upscaling\AoMEE\extracted\textures\building e fortress accessories.bti"
"building e wonder accessories.tga","","256","256","4","BC3","MultiValue","30","0","0","0-10%","D:\AI_upscaling\AoMEE\extracted\textures\building e wonder accessories.bti"
"naval g giant turtle.tga","","256","256","4","BC3","MultiValue","244","0","0","0-10%","D:\AI_upscaling\AoMEE\extracted\textures\naval g giant turtle.bti"
"special g giant turtle.tga","","256","256","4","BC3","MultiValue","244","0","0","0-10%","D:\AI_upscaling\AoMEE\extracted\textures\special g giant turtle.bti"
"special g pegasus wings.tga","","64","64","4","BC3","MultiValue","42","0","0","0-10%","D:\AI_upscaling\AoMEE\extracted\textures\special g pegasus wings.bti"
"titan e ra pads map.tga","","64","64","4","BC3","MultiValue","172","0","0","0-10%","D:\AI_upscaling\AoMEE\extracted\textures\titan e ra pads map.bti"
"titan e ra skirt map.tga","","256","256","4","BC3","MultiValue","239","0","0","0-10%","D:\AI_upscaling\AoMEE\extracted\textures\titan e ra skirt map.bti"
"titan x gaia.tga","","256","256","4","BC3","MultiValue","165","0","0","0-10%","D:\AI_upscaling\AoMEE\extracted\textures\titan x gaia.bti"
"titan x golem map1.tga","","256","256","4","BC3","MultiValue","242","0","0","0-10%","D:\AI_upscaling\AoMEE\extracted\textures\titan x golem map1.bti"
"building c wonder palace walls.tga","","256","256","4","BC3","MultiValue","11","16","0.024","0-10%","D:\AI_upscaling\AoMEE\extracted\textures\building c wonder palace walls.bti"
"archer c mounted archer horse bronze.tga","","128","128","4","BC3","MultiValue","70","64","0.391","0-10%","D:\AI_upscaling\AoMEE\extracted\textures\archer c mounted archer horse bronze.bti"
"archer c mounted archer horse copper.tga","","128","128","4","BC3","MultiValue","70","64","0.391","0-10%","D:\AI_upscaling\AoMEE\extracted\textures\archer c mounted archer horse copper.bti"
"archer c mounted archer horse iron.tga","","128","128","4","BC3","MultiValue","70","64","0.391","0-10%","D:\AI_upscaling\AoMEE\extracted\textures\archer c mounted archer horse iron.bti"
"archer c mounted archer horse standard.tga","","128","128","4","BC3","MultiValue","70","64","0.391","0-10%","D:\AI_upscaling\AoMEE\extracted\textures\archer c mounted archer horse standard.bti"
"building c wallsage1.tga","","256","256","4","BC3","MultiValue","11","312","0.476","0-10%","D:\AI_upscaling\AoMEE\extracted\textures\building c wallsage1.bti"
"building c wallsage2.tga","","256","256","4","BC3","MultiValue","11","312","0.476","0-10%","D:\AI_upscaling\AoMEE\extracted\textures\building c wallsage2.bti"
"building c wallsage3.tga","","256","256","4","BC3","MultiValue","11","312","0.476","0-10%","D:\AI_upscaling\AoMEE\extracted\textures\building c wallsage3.bti"
"building c wallsage4.tga","","256","256","4","BC3","MultiValue","11","312","0.476","0-10%","D:\AI_upscaling\AoMEE\extracted\textures\building c wallsage4.bti"
"hero c general head.tga","","32","32","4","BC3","MultiValue","48","9","0.879","0-10%","D:\AI_upscaling\AoMEE\extracted\textures\hero c general head.bti"
"animal yak.tga","","128","128","4","BC3","MultiValue","14","168","1.025","0-10%","D:\AI_upscaling\AoMEE\extracted\textures\animal yak.bti"
"animal white tiger map.tga","","128","128","4","BC3","MultiValue","12","169","1.031","0-10%","D:\AI_upscaling\AoMEE\extracted\textures\animal white tiger map.bti"
"cine c danzhu.tga","","256","256","4","BC3","MultiValue","101","772","1.178","0-10%","D:\AI_upscaling\AoMEE\extracted\textures\cine c danzhu.bti"
"cavalry c chariot horse standard.tga","","128","128","4","BC3","MultiValue","111","265","1.617","0-10%","D:\AI_upscaling\AoMEE\extracted\textures\cavalry c chariot horse standard.bti"
"scenario c danzhu.tga","","128","128","4","BC3","MultiValue","55","277","1.691","0-10%","D:\AI_upscaling\AoMEE\extracted\textures\scenario c danzhu.bti"
"hero g physician.tga","","64","64","4","BC3","MultiValue","83","71","1.733","0-10%","D:\AI_upscaling\AoMEE\extracted\textures\hero g physician.bti"
"special c vermillion bird.tga","","256","256","4","BC3","MultiValue","111","1303","1.988","0-10%","D:\AI_upscaling\AoMEE\extracted\textures\special c vermillion bird.bti"
"archer c crossbowman standard.tga","","64","64","4","BC3","MultiValue","104","430","10.498","10-25%","D:\AI_upscaling\AoMEE\extracted\textures\archer c crossbowman standard.bti"
"cavalry c chariot bronze.tga","","128","128","4","BC3","MultiValue","78","1750","10.681","10-25%","D:\AI_upscaling\AoMEE\extracted\textures\cavalry c chariot bronze.bti"
"cavalry c chariot copper.tga","","128","128","4","BC3","MultiValue","78","1750","10.681","10-25%","D:\AI_upscaling\AoMEE\extracted\textures\cavalry c chariot copper.bti"
"cavalry c chariot iron.tga","","128","128","4","BC3","MultiValue","78","1750","10.681","10-25%","D:\AI_upscaling\AoMEE\extracted\textures\cavalry c chariot iron.bti"
"cavalry c chariot standard.tga","","128","128","4","BC3","MultiValue","78","1750","10.681","10-25%","D:\AI_upscaling\AoMEE\extracted\textures\cavalry c chariot standard.bti"
"archer c crossbowman bronze.tga","","64","64","4","BC3","MultiValue","93","460","11.23","10-25%","D:\AI_upscaling\AoMEE\extracted\textures\archer c crossbowman bronze.bti"
"archer c crossbowman copper.tga","","64","64","4","BC3","MultiValue","93","460","11.23","10-25%","D:\AI_upscaling\AoMEE\extracted\textures\archer c crossbowman copper.bti"
"archer c crossbowman iron.tga","","64","64","4","BC3","MultiValue","93","460","11.23","10-25%","D:\AI_upscaling\AoMEE\extracted\textures\archer c crossbowman iron.bti"
"special c terracotta soldier.tga","","128","128","4","BC3","MultiValue","8","1904","11.621","10-25%","D:\AI_upscaling\AoMEE\extracted\textures\special c terracotta soldier.bti"
"cavalry c scout iron.tga","","64","64","4","BC3","MultiValue","95","550","13.428","10-25%","D:\AI_upscaling\AoMEE\extracted\textures\cavalry c scout iron.bti"
"cine c jiaolong.tga","","256","256","4","BC3","MultiValue","216","9429","14.388","10-25%","D:\AI_upscaling\AoMEE\extracted\textures\cine c jiaolong.bti"
"siege c fire lance iron.tga","","64","64","4","BC3","MultiValue","102","592","14.453","10-25%","D:\AI_upscaling\AoMEE\extracted\textures\siege c fire lance iron.bti"
"archer n normal standard.tga","","64","64","4","BC3","MultiValue","8","595","14.526","10-25%","D:\AI_upscaling\AoMEE\extracted\textures\archer n normal standard.bti"
"special c azure dragon.tga","","256","128","4","BC3","MultiValue","189","4858","14.825","10-25%","D:\AI_upscaling\AoMEE\extracted\textures\special c azure dragon.bti"
"infantry c halberdier iron.tga","","64","64","4","BC3","MultiValue","114","636","15.527","10-25%","D:\AI_upscaling\AoMEE\extracted\textures\infantry c halberdier iron.bti"
"cavalry c cataphract horse bronze.tga","","128","128","4","BC3","MultiValue","77","2557","15.607","10-25%","D:\AI_upscaling\AoMEE\extracted\textures\cavalry c cataphract horse bronze.bti"
"cavalry c cataphract horse copper.tga","","128","128","4","BC3","MultiValue","77","2557","15.607","10-25%","D:\AI_upscaling\AoMEE\extracted\textures\cavalry c cataphract horse copper.bti"
"cavalry c cataphract horse iron.tga","","128","128","4","BC3","MultiValue","77","2557","15.607","10-25%","D:\AI_upscaling\AoMEE\extracted\textures\cavalry c cataphract horse iron.bti"
"cavalry c cataphract horse standard.tga","","128","128","4","BC3","MultiValue","77","2557","15.607","10-25%","D:\AI_upscaling\AoMEE\extracted\textures\cavalry c cataphract horse standard.bti"
"special c monkey king.tga","","128","256","4","BC3","MultiValue","175","5355","16.342","10-25%","D:\AI_upscaling\AoMEE\extracted\textures\special c monkey king.bti"
"cavalry c cataphract copper.tga","","64","64","4","BC3","MultiValue","79","692","16.895","10-25%","D:\AI_upscaling\AoMEE\extracted\textures\cavalry c cataphract copper.bti"
"scenario c jiaolong.tga","","256","256","4","BC3","MultiValue","180","11254","17.172","10-25%","D:\AI_upscaling\AoMEE\extracted\textures\scenario c jiaolong.bti"
"hero c general horse.tga","","128","128","4","BC3","MultiValue","140","365","2.228","0-10%","D:\AI_upscaling\AoMEE\extracted\textures\hero c general horse.bti"
"hero c monk.tga","","64","64","4","BC3","MultiValue","79","94","2.295","0-10%","D:\AI_upscaling\AoMEE\extracted\textures\hero c monk.bti"
"cavalry c chariot horse bronze.tga","","256","256","4","BC3","MultiValue","145","1555","2.373","0-10%","D:\AI_upscaling\AoMEE\extracted\textures\cavalry c chariot horse bronze.bti"
"cavalry c chariot horse iron.tga","","256","256","4","BC3","MultiValue","145","1555","2.373","0-10%","D:\AI_upscaling\AoMEE\extracted\textures\cavalry c chariot horse iron.bti"
"special c salamander.tga","","128","128","4","BC3","MultiValue","153","427","2.606","0-10%","D:\AI_upscaling\AoMEE\extracted\textures\special c salamander.bti"
"siege x onager iron.tga","","64","64","4","BC3","MultiValue","4","122","2.979","0-10%","D:\AI_upscaling\AoMEE\extracted\textures\siege x onager iron.bti"
"siege x onager.tga","","64","64","4","BC3","MultiValue","4","122","2.979","0-10%","D:\AI_upscaling\AoMEE\extracted\textures\siege x onager.bti"
"cine c shun.tga","","512","512","4","BC3","MultiValue","252","52562","20.051","10-25%","D:\AI_upscaling\AoMEE\extracted\textures\cine c shun.bti"
"special c jiangshi head.tga","","32","32","4","BC3","MultiValue","33","220","21.484","10-25%","D:\AI_upscaling\AoMEE\extracted\textures\special c jiangshi head.bti"
"cavalry c scout bronze.tga","","64","64","4","BC3","MultiValue","96","891","21.753","10-25%","D:\AI_upscaling\AoMEE\extracted\textures\cavalry c scout bronze.bti"
"siege c fire lance bronze.tga","","64","64","4","BC3","MultiValue","99","993","24.243","10-25%","D:\AI_upscaling\AoMEE\extracted\textures\siege c fire lance bronze.bti"
"siege c fire lance.tga","","64","64","4","BC3","MultiValue","100","993","24.243","10-25%","D:\AI_upscaling\AoMEE\extracted\textures\siege c fire lance.bti"
"infantry e khopesh standard.tga","","64","64","4","BC3","MultiValue","45","1079","26.343","25-50%","D:\AI_upscaling\AoMEE\extracted\textures\infantry e khopesh standard.bti"
"cavalry c scout head bronze.tga","","32","32","4","BC3","MultiValue","31","274","26.758","25-50%","D:\AI_upscaling\AoMEE\extracted\textures\cavalry c scout head bronze.bti"
"cavalry c scout head copper.tga","","32","32","4","BC3","MultiValue","31","274","26.758","25-50%","D:\AI_upscaling\AoMEE\extracted\textures\cavalry c scout head copper.bti"
"cavalry c scout head iron.tga","","32","32","4","BC3","MultiValue","31","274","26.758","25-50%","D:\AI_upscaling\AoMEE\extracted\textures\cavalry c scout head iron.bti"
"cavalry c scout head standard.tga","","32","32","4","BC3","MultiValue","31","274","26.758","25-50%","D:\AI_upscaling\AoMEE\extracted\textures\cavalry c scout head standard.bti"
"infantry c halberdier bronze.tga","","64","64","4","BC3","MultiValue","108","1128","27.539","25-50%","D:\AI_upscaling\AoMEE\extracted\textures\infantry c halberdier bronze.bti"
"infantry e khopesh iron.tga","","64","64","4","BC3","MultiValue","92","1139","27.808","25-50%","D:\AI_upscaling\AoMEE\extracted\textures\infantry e khopesh iron.bti"
"infantry e khopesh bronze.tga","","64","64","4","BC3","MultiValue","89","1163","28.394","25-50%","D:\AI_upscaling\AoMEE\extracted\textures\infantry e khopesh bronze.bti"
"cavalry c scout copper.tga","","64","64","4","BC3","MultiValue","84","1164","28.418","25-50%","D:\AI_upscaling\AoMEE\extracted\textures\cavalry c scout copper.bti"
"hero c immortal.tga","","64","64","4","BC3","MultiValue","70","1228","29.98","25-50%","D:\AI_upscaling\AoMEE\extracted\textures\hero c immortal.bti"
"naval c all.tga","","256","256","4","BC3","MultiValue","158","1984","3.027","0-10%","D:\AI_upscaling\AoMEE\extracted\textures\naval c all.bti"
"siege c fire lance head bronze.tga","","64","32","4","BC3","MultiValue","18","80","3.906","0-10%","D:\AI_upscaling\AoMEE\extracted\textures\siege c fire lance head bronze.bti"
"siege c fire lance head iron.tga","","64","32","4","BC3","MultiValue","18","80","3.906","0-10%","D:\AI_upscaling\AoMEE\extracted\textures\siege c fire lance head iron.bti"
"siege c fire lance head.tga","","64","32","4","BC3","MultiValue","18","80","3.906","0-10%","D:\AI_upscaling\AoMEE\extracted\textures\siege c fire lance head.bti"
"trade c caravan cargo.tga","","64","64","4","BC3","MultiValue","25","162","3.955","0-10%","D:\AI_upscaling\AoMEE\extracted\textures\trade c caravan cargo.bti"
"special c earth dragon.tga","","256","256","4","BC3","MultiValue","243","21975","33.531","25-50%","D:\AI_upscaling\AoMEE\extracted\textures\special c earth dragon.bti"
"cavalry c cataphract standard.tga","","64","64","4","BC3","MultiValue","96","1374","33.545","25-50%","D:\AI_upscaling\AoMEE\extracted\textures\cavalry c cataphract standard.bti"
"infantry c halberdier copper.tga","","64","64","4","BC3","MultiValue","95","1380","33.691","25-50%","D:\AI_upscaling\AoMEE\extracted\textures\infantry c halberdier copper.bti"
"attachments c flag naval.tga","","64","32","4","BC3","MultiValue","14","727","35.498","25-50%","D:\AI_upscaling\AoMEE\extracted\textures\attachments c flag naval.bti"
"cavalry c charioteer iron.tga","","256","256","4","BC3","MultiValue","194","24359","37.169","25-50%","D:\AI_upscaling\AoMEE\extracted\textures\cavalry c charioteer iron.bti"
"infantry e khopesh copper.tga","","64","64","4","BC3","MultiValue","126","1523","37.183","25-50%","D:\AI_upscaling\AoMEE\extracted\textures\infantry e khopesh copper.bti"
"cavalry c charioteer bronze.tga","","256","256","4","BC3","MultiValue","188","25508","38.922","25-50%","D:\AI_upscaling\AoMEE\extracted\textures\cavalry c charioteer bronze.bti"
"villager c male standard.tga","","64","64","4","BC3","MultiValue","35","1605","39.185","25-50%","D:\AI_upscaling\AoMEE\extracted\textures\villager c male standard.bti"
"world c statue shennong.tga","","128","128","4","BC3","MultiValue","9","728","4.443","0-10%","D:\AI_upscaling\AoMEE\extracted\textures\world c statue shennong.bti"
"Animal William Walrus Map.tga","","256","256","4","BC3","MultiValue","68","3081","4.701","0-10%","D:\AI_upscaling\AoMEE\extracted\textures\Animal William Walrus Map.bti"
"titan c pangu.tga","","1024","512","4","BC3","MultiValue","229","25211","4.809","0-10%","D:\AI_upscaling\AoMEE\extracted\textures\titan c pangu.bti"
"infantry c halberdier standard.tga","","64","64","4","BC3","MultiValue","88","1702","41.553","25-50%","D:\AI_upscaling\AoMEE\extracted\textures\infantry c halberdier standard.bti"
"sfx c earth dragon hole.tga","","256","256","4","BC3","MultiValue","256","28232","43.079","25-50%","D:\AI_upscaling\AoMEE\extracted\textures\sfx c earth dragon hole.bti"
"cavalry c scout standard.tga","","64","64","4","BC3","MultiValue","106","1782","43.506","25-50%","D:\AI_upscaling\AoMEE\extracted\textures\cavalry c scout standard.bti"
"cine c zhi.tga","","256","256","4","BC3","MultiValue","254","29308","44.72","25-50%","D:\AI_upscaling\AoMEE\extracted\textures\cine c zhi.bti"
"world a underworld crator.tga","","256","256","4","BC3","MultiValue","256","29480","44.983","25-50%","D:\AI_upscaling\AoMEE\extracted\textures\world a underworld crator.bti"
"world c statue nuwa.tga","","128","128","4","BC3","MultiValue","131","927","5.658","0-10%","D:\AI_upscaling\AoMEE\extracted\textures\world c statue nuwa.bti"
"special c dragon turtle.tga","","256","256","4","BC3","MultiValue","143","3841","5.861","0-10%","D:\AI_upscaling\AoMEE\extracted\textures\special c dragon turtle.bti"
"villager c female.tga","","256","256","4","BC3","MultiValue","145","32779","50.017","50-75%","D:\AI_upscaling\AoMEE\extracted\textures\villager c female.bti"
"cavalry c charioteer standard.tga","","256","256","4","BC3","MultiValue","190","33157","50.594","50-75%","D:\AI_upscaling\AoMEE\extracted\textures\cavalry c charioteer standard.bti"
"special c jiangshi.tga","","128","128","4","BC3","MultiValue","81","9488","57.91","50-75%","D:\AI_upscaling\AoMEE\extracted\textures\special c jiangshi.bti"
"Special C Pixiu.tga","","512","256","4","BC3","MultiValue","232","7869","6.004","0-10%","D:\AI_upscaling\AoMEE\extracted\textures\Special C Pixiu.bti"
"scenario c zhi.tga","","128","128","4","BC3","MultiValue","77","10757","65.656","50-75%","D:\AI_upscaling\AoMEE\extracted\textures\scenario c zhi.bti"
"hero c general flag alpha.tga","","32","32","4","BC3","MultiValue","4","673","65.723","50-75%","D:\AI_upscaling\AoMEE\extracted\textures\hero c general flag alpha.bti"
"special c vermillion bird wing.tga","","256","128","4","BC3","MultiValue","244","2352","7.178","0-10%","D:\AI_upscaling\AoMEE\extracted\textures\special c vermillion bird wing.bti"
"cavalry c scout horse standard.tga","","128","128","4","BC3","MultiValue","120","1260","7.69","0-10%","D:\AI_upscaling\AoMEE\extracted\textures\cavalry c scout horse standard.bti"
"cavalry c cataphract head bronze.tga","","32","32","4","BC3","MultiValue","18","80","7.812","0-10%","D:\AI_upscaling\AoMEE\extracted\textures\cavalry c cataphract head bronze.bti"
"cavalry c cataphract head copper.tga","","32","32","4","BC3","MultiValue","18","80","7.812","0-10%","D:\AI_upscaling\AoMEE\extracted\textures\cavalry c cataphract head copper.bti"
"cavalry c cataphract head iron.tga","","32","32","4","BC3","MultiValue","18","80","7.812","0-10%","D:\AI_upscaling\AoMEE\extracted\textures\cavalry c cataphract head iron.bti"
"cavalry c cataphract head standard.tga","","32","32","4","BC3","MultiValue","18","80","7.812","0-10%","D:\AI_upscaling\AoMEE\extracted\textures\cavalry c cataphract head standard.bti"
"infantry c halberdier head bronze.tga","","32","32","4","BC3","MultiValue","18","80","7.812","0-10%","D:\AI_upscaling\AoMEE\extracted\textures\infantry c halberdier head bronze.bti"
"infantry c halberdier head copper.tga","","32","32","4","BC3","MultiValue","18","80","7.812","0-10%","D:\AI_upscaling\AoMEE\extracted\textures\infantry c halberdier head copper.bti"
"infantry c halberdier head iron.tga","","32","32","4","BC3","MultiValue","18","80","7.812","0-10%","D:\AI_upscaling\AoMEE\extracted\textures\infantry c halberdier head iron.bti"
"infantry c halberdier head standard.tga","","32","32","4","BC3","MultiValue","18","80","7.812","0-10%","D:\AI_upscaling\AoMEE\extracted\textures\infantry c halberdier head standard.bti"
"special c terracotta soldier head.tga","","32","32","4","BC3","MultiValue","18","80","7.812","0-10%","D:\AI_upscaling\AoMEE\extracted\textures\special c terracotta soldier head.bti"
"cavalry c scout horse bronze.tga","","128","128","4","BC3","MultiValue","109","1366","8.337","0-10%","D:\AI_upscaling\AoMEE\extracted\textures\cavalry c scout horse bronze.bti"
"cavalry c scout horse copper.tga","","128","128","4","BC3","MultiValue","109","1366","8.337","0-10%","D:\AI_upscaling\AoMEE\extracted\textures\cavalry c scout horse copper.bti"
"cavalry c scout horse iron.tga","","128","128","4","BC3","MultiValue","109","1366","8.337","0-10%","D:\AI_upscaling\AoMEE\extracted\textures\cavalry c scout horse iron.bti"
"cavalry c cataphract bronze.tga","","64","64","4","BC3","MultiValue","101","355","8.667","0-10%","D:\AI_upscaling\AoMEE\extracted\textures\cavalry c cataphract bronze.bti"
"cavalry c cataphract iron.tga","","64","64","4","BC3","MultiValue","101","355","8.667","0-10%","D:\AI_upscaling\AoMEE\extracted\textures\cavalry c cataphract iron.bti"
"scenario c jiaolong head.tga","","64","64","4","BC3","MultiValue","36","362","8.838","0-10%","D:\AI_upscaling\AoMEE\extracted\textures\scenario c jiaolong head.bti"
"archer c mounted archer bronze.tga","","64","64","4","BC3","MultiValue","25","390","9.521","0-10%","D:\AI_upscaling\AoMEE\extracted\textures\archer c mounted archer bronze.bti"
"archer c mounted archer copper.tga","","64","64","4","BC3","MultiValue","25","390","9.521","0-10%","D:\AI_upscaling\AoMEE\extracted\textures\archer c mounted archer copper.bti"
"archer c mounted archer iron.tga","","64","64","4","BC3","MultiValue","24","390","9.521","0-10%","D:\AI_upscaling\AoMEE\extracted\textures\archer c mounted archer iron.bti"
"archer c mounted archer standard.tga","","64","64","4","BC3","MultiValue","24","390","9.521","0-10%","D:\AI_upscaling\AoMEE\extracted\textures\archer c mounted archer standard.bti"
"archer c crossbowman head bronze.tga","","32","32","4","BC3","MultiValue","60","99","9.668","0-10%","D:\AI_upscaling\AoMEE\extracted\textures\archer c crossbowman head bronze.bti"
"archer c crossbowman head copper.tga","","32","32","4","BC3","MultiValue","60","99","9.668","0-10%","D:\AI_upscaling\AoMEE\extracted\textures\archer c crossbowman head copper.bti"
"archer c crossbowman head iron.tga","","32","32","4","BC3","MultiValue","60","99","9.668","0-10%","D:\AI_upscaling\AoMEE\extracted\textures\archer c crossbowman head iron.bti"
"hero c general.tga","","128","128","4","BC3","MultiValue","139","1595","9.735","0-10%","D:\AI_upscaling\AoMEE\extracted\textures\hero c general.bti"
"cine c shun shoulder.tga","","128","128","4","BC3","MultiValue","4","15840","96.68","75-100%","D:\AI_upscaling\AoMEE\extracted\textures\cine c shun shoulder.bti"
"building c props.tga","","256","256","4","BC3","MultiValue","69","65048","99.255","75-100%","D:\AI_upscaling\AoMEE\extracted\textures\building c props.bti"
