"BTIFile","Filename","Line"
"D:\AI_upscaling\AoMEE\extracted\dlc-frontend\textures\ui\ui text chat box.bti","ui text chat box","alpha=0 noalphatest fmt=DeflatedRGBA8"
"D:\AI_upscaling\AoMEE\extracted\textures\agamemnon map.bti","agamemnon map","alpha=1 noalphatest fmt=BC3"
"D:\AI_upscaling\AoMEE\extracted\textures\animal caribou map.bti","animal caribou map","alpha=1 noalphatest fmt=BC3"
"D:\AI_upscaling\AoMEE\extracted\textures\animal chicken.bti","animal chicken","alpha=0 noalphatest fmt=BC3"
"D:\AI_upscaling\AoMEE\extracted\textures\animal cow a map.bti","animal cow a map","alpha=1 noalphatest fmt=BC3"
"D:\AI_upscaling\AoMEE\extracted\textures\animal cow b map.bti","animal cow b map","alpha=1 noalphatest fmt=BC3"
"D:\AI_upscaling\AoMEE\extracted\textures\animal cow c map.bti","animal cow c map","alpha=1 noalphatest fmt=BC3"
"D:\AI_upscaling\AoMEE\extracted\textures\animal duck map.bti","animal duck map","alpha=4 noalphatest fmt=BC3"
"D:\AI_upscaling\AoMEE\extracted\textures\animal fish anchovy.bti","animal fish anchovy","alpha=0 noalphatest fmt=BC3"
"D:\AI_upscaling\AoMEE\extracted\textures\animal fish herring.bti","animal fish herring","alpha=0 noalphatest fmt=BC3"
"D:\AI_upscaling\AoMEE\extracted\textures\animal fish mahi.bti","animal fish mahi","alpha=0 noalphatest fmt=BC3"
"D:\AI_upscaling\AoMEE\extracted\textures\animal fish perch.bti","animal fish perch","alpha=0 noalphatest fmt=BC3"
"D:\AI_upscaling\AoMEE\extracted\textures\animal fish salmon.bti","animal fish salmon","alpha=0 noalphatest fmt=BC3"
"D:\AI_upscaling\AoMEE\extracted\textures\animal flying purple hippo.bti","animal flying purple hippo","alpha=1 noalphatest fmt=BC3"
"D:\AI_upscaling\AoMEE\extracted\textures\animal goat map.bti","animal goat map","alpha=1 noalphatest fmt=BC3"
"D:\AI_upscaling\AoMEE\extracted\textures\animal goatnubian map.bti","animal goatnubian map","alpha=1 noalphatest fmt=BC3"
"D:\AI_upscaling\AoMEE\extracted\textures\animal lizard map.bti","animal lizard map","alpha=4 noalphatest fmt=BC3"
"D:\AI_upscaling\AoMEE\extracted\textures\animal pig map.bti","animal pig map","alpha=1 noalphatest fmt=BC3"
"D:\AI_upscaling\AoMEE\extracted\textures\animal prmonkey.bti","animal prmonkey","alpha=1 noalphatest fmt=BC3"
"D:\AI_upscaling\AoMEE\extracted\textures\animal rooster.bti","animal rooster","alpha=0 noalphatest fmt=BC3"
"D:\AI_upscaling\AoMEE\extracted\textures\animal tiger map.bti","animal tiger map","alpha=4 noalphatest fmt=BC3"
"D:\AI_upscaling\AoMEE\extracted\textures\animal white tiger map.bti","animal white tiger map","alpha=4 noalphatest fmt=BC3"
"D:\AI_upscaling\AoMEE\extracted\textures\Animal William Walrus Map.bti","Animal William Walrus Map","alpha=4 noalphatest fmt=BC3"
"D:\AI_upscaling\AoMEE\extracted\textures\animal yak.bti","animal yak","alpha=4 noalphatest fmt=BC3"
"D:\AI_upscaling\AoMEE\extracted\textures\archer c crossbowman bowstring.bti","archer c crossbowman bowstring","alpha=1 noalphatest fmt=BC2"
"D:\AI_upscaling\AoMEE\extracted\textures\archer c crossbowman bronze.bti","archer c crossbowman bronze","alpha=4 noalphatest fmt=BC3"
"D:\AI_upscaling\AoMEE\extracted\textures\archer c crossbowman copper.bti","archer c crossbowman copper","alpha=4 noalphatest fmt=BC3"
"D:\AI_upscaling\AoMEE\extracted\textures\archer c crossbowman head bronze.bti","archer c crossbowman head bronze","alpha=4 noalphatest fmt=BC3"
"D:\AI_upscaling\AoMEE\extracted\textures\archer c crossbowman head copper.bti","archer c crossbowman head copper","alpha=4 noalphatest fmt=BC3"
"D:\AI_upscaling\AoMEE\extracted\textures\archer c crossbowman head iron.bti","archer c crossbowman head iron","alpha=4 noalphatest fmt=BC3"
"D:\AI_upscaling\AoMEE\extracted\textures\archer c crossbowman head standard.bti","archer c crossbowman head standard","alpha=4 noalphatest fmt=BC3"
"D:\AI_upscaling\AoMEE\extracted\textures\archer c crossbowman iron.bti","archer c crossbowman iron","alpha=4 noalphatest fmt=BC3"
"D:\AI_upscaling\AoMEE\extracted\textures\archer c crossbowman standard.bti","archer c crossbowman standard","alpha=4 noalphatest fmt=BC3"
"D:\AI_upscaling\AoMEE\extracted\textures\archer c mounted archer bronze.bti","archer c mounted archer bronze","alpha=4 noalphatest fmt=BC3"
"D:\AI_upscaling\AoMEE\extracted\textures\archer c mounted archer copper.bti","archer c mounted archer copper","alpha=4 noalphatest fmt=BC3"
"D:\AI_upscaling\AoMEE\extracted\textures\archer c mounted archer head bronze.bti","archer c mounted archer head bronze","alpha=4 noalphatest fmt=BC3"
"D:\AI_upscaling\AoMEE\extracted\textures\archer c mounted archer head copper.bti","archer c mounted archer head copper","alpha=4 noalphatest fmt=BC3"
"D:\AI_upscaling\AoMEE\extracted\textures\archer c mounted archer head iron.bti","archer c mounted archer head iron","alpha=4 noalphatest fmt=BC3"
"D:\AI_upscaling\AoMEE\extracted\textures\archer c mounted archer head standard.bti","archer c mounted archer head standard","alpha=4 noalphatest fmt=BC3"
"D:\AI_upscaling\AoMEE\extracted\textures\archer c mounted archer horse bronze.bti","archer c mounted archer horse bronze","alpha=4 noalphatest fmt=BC3"
"D:\AI_upscaling\AoMEE\extracted\textures\archer c mounted archer horse copper.bti","archer c mounted archer horse copper","alpha=4 noalphatest fmt=BC3"
"D:\AI_upscaling\AoMEE\extracted\textures\archer c mounted archer horse iron.bti","archer c mounted archer horse iron","alpha=4 noalphatest fmt=BC3"
"D:\AI_upscaling\AoMEE\extracted\textures\archer c mounted archer horse standard.bti","archer c mounted archer horse standard","alpha=4 noalphatest fmt=BC3"
"D:\AI_upscaling\AoMEE\extracted\textures\archer c mounted archer iron.bti","archer c mounted archer iron","alpha=4 noalphatest fmt=BC3"
"D:\AI_upscaling\AoMEE\extracted\textures\archer c mounted archer standard.bti","archer c mounted archer standard","alpha=4 noalphatest fmt=BC3"
"D:\AI_upscaling\AoMEE\extracted\textures\archer e slinger bronze.bti","archer e slinger bronze","alpha=1 noalphatest fmt=BC3"
"D:\AI_upscaling\AoMEE\extracted\textures\archer e slinger copper.bti","archer e slinger copper","alpha=1 noalphatest fmt=BC3"
"D:\AI_upscaling\AoMEE\extracted\textures\archer e slinger head bronze.bti","archer e slinger head bronze","alpha=1 noalphatest fmt=BC3"
"D:\AI_upscaling\AoMEE\extracted\textures\archer e slinger head copper.bti","archer e slinger head copper","alpha=1 noalphatest fmt=BC3"
"D:\AI_upscaling\AoMEE\extracted\textures\archer e slinger head iron.bti","archer e slinger head iron","alpha=1 noalphatest fmt=BC3"
"D:\AI_upscaling\AoMEE\extracted\textures\archer e slinger head standard.bti","archer e slinger head standard","alpha=1 noalphatest fmt=BC3"
"D:\AI_upscaling\AoMEE\extracted\textures\archer e slinger iron.bti","archer e slinger iron","alpha=1 noalphatest fmt=BC3"
"D:\AI_upscaling\AoMEE\extracted\textures\archer e slinger map.bti","archer e slinger map","alpha=1 noalphatest fmt=BC3"
"D:\AI_upscaling\AoMEE\extracted\textures\archer e slinger standard.bti","archer e slinger standard","alpha=1 noalphatest fmt=BC3"
"D:\AI_upscaling\AoMEE\extracted\textures\archer g crossbowman.bti","archer g crossbowman","alpha=1 noalphatest fmt=BC3"
"D:\AI_upscaling\AoMEE\extracted\textures\archer g peltast bronze.bti","archer g peltast bronze","alpha=1 noalphatest fmt=BC3"
"D:\AI_upscaling\AoMEE\extracted\textures\archer g peltast cape bronze.bti","archer g peltast cape bronze","alpha=1 noalphatest fmt=BC3"
"D:\AI_upscaling\AoMEE\extracted\textures\archer g peltast cape copper.bti","archer g peltast cape copper","alpha=1 noalphatest fmt=BC3"
"D:\AI_upscaling\AoMEE\extracted\textures\archer g peltast cape iron.bti","archer g peltast cape iron","alpha=1 noalphatest fmt=BC3"
"D:\AI_upscaling\AoMEE\extracted\textures\archer g peltast cape standard.bti","archer g peltast cape standard","alpha=1 noalphatest fmt=BC3"
"D:\AI_upscaling\AoMEE\extracted\textures\archer g peltast copper.bti","archer g peltast copper","alpha=1 noalphatest fmt=BC3"
"D:\AI_upscaling\AoMEE\extracted\textures\archer g peltast head bronze.bti","archer g peltast head bronze","alpha=1 noalphatest fmt=BC3"
"D:\AI_upscaling\AoMEE\extracted\textures\archer g peltast head copper.bti","archer g peltast head copper","alpha=1 noalphatest fmt=BC3"
"D:\AI_upscaling\AoMEE\extracted\textures\archer g peltast head iron.bti","archer g peltast head iron","alpha=1 noalphatest fmt=BC3"
"D:\AI_upscaling\AoMEE\extracted\textures\archer g peltast head standard.bti","archer g peltast head standard","alpha=1 noalphatest fmt=BC3"
"D:\AI_upscaling\AoMEE\extracted\textures\archer g peltast iron.bti","archer g peltast iron","alpha=1 noalphatest fmt=BC3"
"D:\AI_upscaling\AoMEE\extracted\textures\archer g peltast low bronze.bti","archer g peltast low bronze","alpha=1 noalphatest fmt=BC3"
"D:\AI_upscaling\AoMEE\extracted\textures\archer g peltast low copper.bti","archer g peltast low copper","alpha=1 noalphatest fmt=BC3"
"D:\AI_upscaling\AoMEE\extracted\textures\archer g peltast low iron.bti","archer g peltast low iron","alpha=1 noalphatest fmt=BC3"
"D:\AI_upscaling\AoMEE\extracted\textures\archer g peltast low standard.bti","archer g peltast low standard","alpha=1 noalphatest fmt=BC3"
"D:\AI_upscaling\AoMEE\extracted\textures\archer g peltast standard.bti","archer g peltast standard","alpha=1 noalphatest fmt=BC3"
"D:\AI_upscaling\AoMEE\extracted\textures\archer g toxotes bronze.bti","archer g toxotes bronze","alpha=1 noalphatest fmt=BC3"
"D:\AI_upscaling\AoMEE\extracted\textures\archer g toxotes copper.bti","archer g toxotes copper","alpha=1 noalphatest fmt=BC3"
"D:\AI_upscaling\AoMEE\extracted\textures\archer g toxotes head bronze.bti","archer g toxotes head bronze","alpha=1 noalphatest fmt=BC3"
"D:\AI_upscaling\AoMEE\extracted\textures\archer g toxotes head copper.bti","archer g toxotes head copper","alpha=1 noalphatest fmt=BC3"
"D:\AI_upscaling\AoMEE\extracted\textures\archer g toxotes head iron.bti","archer g toxotes head iron","alpha=1 noalphatest fmt=BC3"
"D:\AI_upscaling\AoMEE\extracted\textures\archer g toxotes head standard.bti","archer g toxotes head standard","alpha=1 noalphatest fmt=BC3"
"D:\AI_upscaling\AoMEE\extracted\textures\archer g toxotes iron.bti","archer g toxotes iron","alpha=1 noalphatest fmt=BC3"
"D:\AI_upscaling\AoMEE\extracted\textures\archer g toxotes standard.bti","archer g toxotes standard","alpha=1 noalphatest fmt=BC3"
"D:\AI_upscaling\AoMEE\extracted\textures\archer n normal bronze.bti","archer n normal bronze","alpha=1 noalphatest fmt=BC3"
"D:\AI_upscaling\AoMEE\extracted\textures\archer n normal copper.bti","archer n normal copper","alpha=1 noalphatest fmt=BC3"
"D:\AI_upscaling\AoMEE\extracted\textures\archer n normal head bronze.bti","archer n normal head bronze","alpha=4 noalphatest fmt=BC3"
"D:\AI_upscaling\AoMEE\extracted\textures\archer n normal head copper.bti","archer n normal head copper","alpha=4 noalphatest fmt=BC3"
"D:\AI_upscaling\AoMEE\extracted\textures\archer n normal head iron.bti","archer n normal head iron","alpha=4 noalphatest fmt=BC3"
"D:\AI_upscaling\AoMEE\extracted\textures\archer n normal head standard.bti","archer n normal head standard","alpha=4 noalphatest fmt=BC3"
"D:\AI_upscaling\AoMEE\extracted\textures\archer n normal iron.bti","archer n normal iron","alpha=1 noalphatest fmt=BC3"
"D:\AI_upscaling\AoMEE\extracted\textures\archer n normal standard.bti","archer n normal standard","alpha=4 noalphatest fmt=BC3"
"D:\AI_upscaling\AoMEE\extracted\textures\archer n throwing axeman bronze.bti","archer n throwing axeman bronze","alpha=1 noalphatest fmt=BC3"
"D:\AI_upscaling\AoMEE\extracted\textures\archer n throwing axeman copper.bti","archer n throwing axeman copper","alpha=1 noalphatest fmt=BC3"
"D:\AI_upscaling\AoMEE\extracted\textures\archer n throwing axeman iron.bti","archer n throwing axeman iron","alpha=1 noalphatest fmt=BC3"
"D:\AI_upscaling\AoMEE\extracted\textures\archer n throwing axeman low bronze.bti","archer n throwing axeman low bronze","alpha=1 noalphatest fmt=BC3"
"D:\AI_upscaling\AoMEE\extracted\textures\archer n throwing axeman low copper.bti","archer n throwing axeman low copper","alpha=1 noalphatest fmt=BC3"
"D:\AI_upscaling\AoMEE\extracted\textures\archer n throwing axeman low iron.bti","archer n throwing axeman low iron","alpha=1 noalphatest fmt=BC3"
"D:\AI_upscaling\AoMEE\extracted\textures\archer n throwing axeman low standard.bti","archer n throwing axeman low standard","alpha=1 noalphatest fmt=BC3"
"D:\AI_upscaling\AoMEE\extracted\textures\archer n throwing axeman standard.bti","archer n throwing axeman standard","alpha=1 noalphatest fmt=BC3"
"D:\AI_upscaling\AoMEE\extracted\textures\archer x bronze.bti","archer x bronze","alpha=1 noalphatest fmt=BC3"
"D:\AI_upscaling\AoMEE\extracted\textures\archer x copper.bti","archer x copper","alpha=1 noalphatest fmt=BC3"
"D:\AI_upscaling\AoMEE\extracted\textures\archer x hero.bti","archer x hero","alpha=1 noalphatest fmt=BC3"
"D:\AI_upscaling\AoMEE\extracted\textures\archer x iron.bti","archer x iron","alpha=1 noalphatest fmt=BC3"
"D:\AI_upscaling\AoMEE\extracted\textures\archer x standard.bti","archer x standard","alpha=1 noalphatest fmt=BC3"
"D:\AI_upscaling\AoMEE\extracted\textures\athenamap.bti","athenamap","alpha=1 noalphatest fmt=BC3"
"D:\AI_upscaling\AoMEE\extracted\textures\attachment c halberd head bronze.bti","attachment c halberd head bronze","alpha=4 noalphatest fmt=BC3"
"D:\AI_upscaling\AoMEE\extracted\textures\attachment c halberd head copper.bti","attachment c halberd head copper","alpha=4 noalphatest fmt=BC3"
"D:\AI_upscaling\AoMEE\extracted\textures\attachment c halberd head iron.bti","attachment c halberd head iron","alpha=4 noalphatest fmt=BC3"
"D:\AI_upscaling\AoMEE\extracted\textures\attachment c halberd head standard.bti","attachment c halberd head standard","alpha=4 noalphatest fmt=BC3"
"D:\AI_upscaling\AoMEE\extracted\textures\attachments a axe map.bti","attachments a axe map","alpha=1 noalphatest fmt=BC3"
"D:\AI_upscaling\AoMEE\extracted\textures\attachments a club.bti","attachments a club","alpha=0 noalphatest fmt=BC3"
"D:\AI_upscaling\AoMEE\extracted\textures\attachments a shields map.bti","attachments a shields map","alpha=1 noalphatest fmt=BC3"
"D:\AI_upscaling\AoMEE\extracted\textures\attachments a shovel.bti","attachments a shovel","alpha=1 noalphatest fmt=BC3"
"D:\AI_upscaling\AoMEE\extracted\textures\attachments a skeleton.bti","attachments a skeleton","alpha=0 noalphatest fmt=BC3"
"D:\AI_upscaling\AoMEE\extracted\textures\attachments a sling.bti","attachments a sling","alpha=0 noalphatest fmt=BC3"
"D:\AI_upscaling\AoMEE\extracted\textures\attachments c fire lance.bti","attachments c fire lance","alpha=4 noalphatest fmt=BC3"
"D:\AI_upscaling\AoMEE\extracted\textures\attachments c flag naval.bti","attachments c flag naval","alpha=4 noalphatest fmt=BC3"
"D:\AI_upscaling\AoMEE\extracted\textures\attachments c halberd bronze.bti","attachments c halberd bronze","alpha=4 noalphatest fmt=BC3"
"D:\AI_upscaling\AoMEE\extracted\textures\attachments c halberd copper.bti","attachments c halberd copper","alpha=4 noalphatest fmt=BC3"
"D:\AI_upscaling\AoMEE\extracted\textures\attachments c halberd iron.bti","attachments c halberd iron","alpha=4 noalphatest fmt=BC3"
"D:\AI_upscaling\AoMEE\extracted\textures\attachments c halberd standard.bti","attachments c halberd standard","alpha=4 noalphatest fmt=BC3"
"D:\AI_upscaling\AoMEE\extracted\textures\attachments c sword jiaolong.bti","attachments c sword jiaolong","alpha=4 noalphatest fmt=BC3"
"D:\AI_upscaling\AoMEE\extracted\textures\attachments e shield bronze.bti","attachments e shield bronze","alpha=1 noalphatest fmt=BC3"
"D:\AI_upscaling\AoMEE\extracted\textures\attachments e shield copper.bti","attachments e shield copper","alpha=1 noalphatest fmt=BC3"
"D:\AI_upscaling\AoMEE\extracted\textures\attachments e shield iron.bti","attachments e shield iron","alpha=1 noalphatest fmt=BC3"
"D:\AI_upscaling\AoMEE\extracted\textures\attachments g polyphemus club.bti","attachments g polyphemus club","alpha=0 noalphatest fmt=BC3"
"D:\AI_upscaling\AoMEE\extracted\textures\attachments g shield bronze.bti","attachments g shield bronze","alpha=1 noalphatest fmt=BC3"
"D:\AI_upscaling\AoMEE\extracted\textures\attachments g shield copper.bti","attachments g shield copper","alpha=1 noalphatest fmt=BC3"
"D:\AI_upscaling\AoMEE\extracted\textures\attachments g shield iron.bti","attachments g shield iron","alpha=1 noalphatest fmt=BC3"
"D:\AI_upscaling\AoMEE\extracted\textures\attachments mu x automaton.bti","attachments mu x automaton","alpha=1 noalphatest fmt=BC3"
"D:\AI_upscaling\AoMEE\extracted\textures\attachments n shield bronze.bti","attachments n shield bronze","alpha=1 noalphatest fmt=BC3"
"D:\AI_upscaling\AoMEE\extracted\textures\attachments n shield cinepirateship map.bti","attachments n shield cinepirateship map","alpha=1 noalphatest fmt=BC3"
"D:\AI_upscaling\AoMEE\extracted\textures\attachments n shield copper.bti","attachments n shield copper","alpha=1 noalphatest fmt=BC3"
"D:\AI_upscaling\AoMEE\extracted\textures\attachments n shield iron.bti","attachments n shield iron","alpha=1 noalphatest fmt=BC3"
"D:\AI_upscaling\AoMEE\extracted\textures\attachments x shield champion.bti","attachments x shield champion","alpha=1 noalphatest fmt=BC3"
"D:\AI_upscaling\AoMEE\extracted\textures\attachments x shield heavy.bti","attachments x shield heavy","alpha=1 noalphatest fmt=BC3"
"D:\AI_upscaling\AoMEE\extracted\textures\attachments x shield hero.bti","attachments x shield hero","alpha=1 noalphatest fmt=BC3"
"D:\AI_upscaling\AoMEE\extracted\textures\attachments x shield medium.bti","attachments x shield medium","alpha=1 noalphatest fmt=BC3"
"D:\AI_upscaling\AoMEE\extracted\textures\building c accessories.bti","building c accessories","alpha=1 noalphatest fmt=BC3"
"D:\AI_upscaling\AoMEE\extracted\textures\building c earthen wall.bti","building c earthen wall","alpha=4 noalphatest fmt=BC3"
"D:\AI_upscaling\AoMEE\extracted\textures\building c fortified wall.bti","building c fortified wall","alpha=4 noalphatest fmt=BC3"
"D:\AI_upscaling\AoMEE\extracted\textures\building c great wall.bti","building c great wall","alpha=4 noalphatest fmt=BC3"
"D:\AI_upscaling\AoMEE\extracted\textures\building c props.bti","building c props","alpha=4 noalphatest fmt=BC3"
"D:\AI_upscaling\AoMEE\extracted\textures\building c roofage1.bti","building c roofage1","alpha=4 noalphatest fmt=BC3"
"D:\AI_upscaling\AoMEE\extracted\textures\building c roofage2.bti","building c roofage2","alpha=4 noalphatest fmt=BC3"
"D:\AI_upscaling\AoMEE\extracted\textures\building c roofage3.bti","building c roofage3","alpha=4 noalphatest fmt=BC3"
"D:\AI_upscaling\AoMEE\extracted\textures\building c roofage4.bti","building c roofage4","alpha=4 noalphatest fmt=BC3"
"D:\AI_upscaling\AoMEE\extracted\textures\building c special.bti","building c special","alpha=4 noalphatest fmt=BC3"
"D:\AI_upscaling\AoMEE\extracted\textures\building c stone wall.bti","building c stone wall","alpha=4 noalphatest fmt=BC3"
"D:\AI_upscaling\AoMEE\extracted\textures\building c titan gate door map.bti","building c titan gate door map","alpha=1 noalphatest fmt=BC3"
"D:\AI_upscaling\AoMEE\extracted\textures\building c titan gate rocks.bti","building c titan gate rocks","alpha=4 noalphatest fmt=BC3"
"D:\AI_upscaling\AoMEE\extracted\textures\building c tower age2.bti","building c tower age2","alpha=4 noalphatest fmt=BC3"
"D:\AI_upscaling\AoMEE\extracted\textures\building c tower age3.bti","building c tower age3","alpha=4 noalphatest fmt=BC3"
"D:\AI_upscaling\AoMEE\extracted\textures\building c tower age4.bti","building c tower age4","alpha=4 noalphatest fmt=BC3"
"D:\AI_upscaling\AoMEE\extracted\textures\building c wallsage1.bti","building c wallsage1","alpha=4 noalphatest fmt=BC3"
"D:\AI_upscaling\AoMEE\extracted\textures\building c wallsage2.bti","building c wallsage2","alpha=4 noalphatest fmt=BC3"
"D:\AI_upscaling\AoMEE\extracted\textures\building c wallsage3.bti","building c wallsage3","alpha=4 noalphatest fmt=BC3"
"D:\AI_upscaling\AoMEE\extracted\textures\building c wallsage4.bti","building c wallsage4","alpha=4 noalphatest fmt=BC3"
"D:\AI_upscaling\AoMEE\extracted\textures\building c wonder city floor.bti","building c wonder city floor","alpha=4 noalphatest fmt=BC3"
"D:\AI_upscaling\AoMEE\extracted\textures\building c wonder city roof.bti","building c wonder city roof","alpha=4 noalphatest fmt=BC3"
"D:\AI_upscaling\AoMEE\extracted\textures\building c wonder city walls.bti","building c wonder city walls","alpha=4 noalphatest fmt=BC3"
"D:\AI_upscaling\AoMEE\extracted\textures\building c wonder palace floor.bti","building c wonder palace floor","alpha=4 noalphatest fmt=BC3"
"D:\AI_upscaling\AoMEE\extracted\textures\building c wonder palace roof.bti","building c wonder palace roof","alpha=4 noalphatest fmt=BC3"
"D:\AI_upscaling\AoMEE\extracted\textures\building c wonder palace walls.bti","building c wonder palace walls","alpha=4 noalphatest fmt=BC3"
"D:\AI_upscaling\AoMEE\extracted\textures\building c wonder temple.bti","building c wonder temple","alpha=4 noalphatest fmt=BC3"
"D:\AI_upscaling\AoMEE\extracted\textures\building e age1.bti","building e age1","alpha=1 noalphatest fmt=BC3"
"D:\AI_upscaling\AoMEE\extracted\textures\building e age2 accessories burnt.bti","building e age2 accessories burnt","alpha=1 noalphatest fmt=BC3"
"D:\AI_upscaling\AoMEE\extracted\textures\building e age2 burnt.bti","building e age2 burnt","alpha=1 noalphatest fmt=BC3"
"D:\AI_upscaling\AoMEE\extracted\textures\building e age2 wall.bti","building e age2 wall","alpha=1 noalphatest fmt=BC3"
"D:\AI_upscaling\AoMEE\extracted\textures\building e age2.bti","building e age2","alpha=1 noalphatest fmt=BC3"
"D:\AI_upscaling\AoMEE\extracted\textures\building e age3 accessories.bti","building e age3 accessories","alpha=1 noalphatest fmt=BC3"
"D:\AI_upscaling\AoMEE\extracted\textures\building e age3.bti","building e age3","alpha=1 noalphatest fmt=BC3"
"D:\AI_upscaling\AoMEE\extracted\textures\building e age3a accessories.bti","building e age3a accessories","alpha=1 noalphatest fmt=BC3"
"D:\AI_upscaling\AoMEE\extracted\textures\building e age4 accessories.bti","building e age4 accessories","alpha=1 noalphatest fmt=BC3"
"D:\AI_upscaling\AoMEE\extracted\textures\building e age4.bti","building e age4","alpha=1 noalphatest fmt=BC3"
"D:\AI_upscaling\AoMEE\extracted\textures\building e age4roof.bti","building e age4roof","alpha=1 noalphatest fmt=BC3"
"D:\AI_upscaling\AoMEE\extracted\textures\building e fortress accessories.bti","building e fortress accessories","alpha=4 noalphatest fmt=BC3"
"D:\AI_upscaling\AoMEE\extracted\textures\building e fortress accessories02.bti","building e fortress accessories02","alpha=4 noalphatest fmt=BC3"
"D:\AI_upscaling\AoMEE\extracted\textures\building e fortress.bti","building e fortress","alpha=4 noalphatest fmt=BC3"
"D:\AI_upscaling\AoMEE\extracted\textures\building e isis wonder01.bti","building e isis wonder01","alpha=1 noalphatest fmt=BC3"
"D:\AI_upscaling\AoMEE\extracted\textures\building e isis wonder02.bti","building e isis wonder02","alpha=1 noalphatest fmt=BC3"
"D:\AI_upscaling\AoMEE\extracted\textures\building e isis wonder03.bti","building e isis wonder03","alpha=1 noalphatest fmt=BC3"
"D:\AI_upscaling\AoMEE\extracted\textures\building e lighthouse.bti","building e lighthouse","alpha=1 noalphatest fmt=BC3"
"D:\AI_upscaling\AoMEE\extracted\textures\building e monument platforms.bti","building e monument platforms","alpha=1 noalphatest fmt=BC3"
"D:\AI_upscaling\AoMEE\extracted\textures\building e monument1.bti","building e monument1","alpha=1 noalphatest fmt=BC3"
"D:\AI_upscaling\AoMEE\extracted\textures\building e monument2.bti","building e monument2","alpha=1 noalphatest fmt=BC3"
"D:\AI_upscaling\AoMEE\extracted\textures\building e monument3.bti","building e monument3","alpha=1 noalphatest fmt=BC3"
"D:\AI_upscaling\AoMEE\extracted\textures\building e monument4.bti","building e monument4","alpha=1 noalphatest fmt=BC3"
"D:\AI_upscaling\AoMEE\extracted\textures\building e obelisk.bti","building e obelisk","alpha=1 noalphatest fmt=BC3"
"D:\AI_upscaling\AoMEE\extracted\textures\building e outpost.bti","building e outpost","alpha=1 noalphatest fmt=BC3"
"D:\AI_upscaling\AoMEE\extracted\textures\building e ra wonder01.bti","building e ra wonder01","alpha=1 noalphatest fmt=BC3"
"D:\AI_upscaling\AoMEE\extracted\textures\building e ra wonder02.bti","building e ra wonder02","alpha=1 noalphatest fmt=BC3"
"D:\AI_upscaling\AoMEE\extracted\textures\building e set wonder01.bti","building e set wonder01","alpha=1 noalphatest fmt=BC3"
"D:\AI_upscaling\AoMEE\extracted\textures\building e set wonder02.bti","building e set wonder02","alpha=1 noalphatest fmt=BC3"
"D:\AI_upscaling\AoMEE\extracted\textures\building e set wonder03.bti","building e set wonder03","alpha=1 noalphatest fmt=BC3"
"D:\AI_upscaling\AoMEE\extracted\textures\building e settlement age1.bti","building e settlement age1","alpha=1 noalphatest fmt=BC3"
"D:\AI_upscaling\AoMEE\extracted\textures\building e settlement age2.bti","building e settlement age2","alpha=1 noalphatest fmt=BC3"
"D:\AI_upscaling\AoMEE\extracted\textures\building e settlement age3.bti","building e settlement age3","alpha=1 noalphatest fmt=BC3"
"D:\AI_upscaling\AoMEE\extracted\textures\building e settlement age4.bti","building e settlement age4","alpha=1 noalphatest fmt=BC3"
"D:\AI_upscaling\AoMEE\extracted\textures\building e shared01 2 map.bti","building e shared01 2 map","alpha=1 noalphatest fmt=BC3"
"D:\AI_upscaling\AoMEE\extracted\textures\building e shared01 3 map.bti","building e shared01 3 map","alpha=1 noalphatest fmt=BC3"
"D:\AI_upscaling\AoMEE\extracted\textures\building e shared02 2 map.bti","building e shared02 2 map","alpha=1 noalphatest fmt=BC3"
"D:\AI_upscaling\AoMEE\extracted\textures\building e shrine.bti","building e shrine","alpha=1 noalphatest fmt=BC3"
"D:\AI_upscaling\AoMEE\extracted\textures\building e titan gate map.bti","building e titan gate map","alpha=1 noalphatest fmt=BC3"
"D:\AI_upscaling\AoMEE\extracted\textures\building e titan gate rocks.bti","building e titan gate rocks","alpha=1 noalphatest fmt=BC3"
"D:\AI_upscaling\AoMEE\extracted\textures\building e wall4.bti","building e wall4","alpha=1 noalphatest fmt=BC3"
"D:\AI_upscaling\AoMEE\extracted\textures\building e wonder accessories.bti","building e wonder accessories","alpha=4 noalphatest fmt=BC3"
"D:\AI_upscaling\AoMEE\extracted\textures\building g age0.bti","building g age0","alpha=1 noalphatest fmt=BC3"
"D:\AI_upscaling\AoMEE\extracted\textures\building g fortifiedwall.bti","building g fortifiedwall","alpha=1 noalphatest fmt=BC3"
"D:\AI_upscaling\AoMEE\extracted\textures\building g fortress.bti","building g fortress","alpha=1 noalphatest fmt=BC3"
"D:\AI_upscaling\AoMEE\extracted\textures\building g fortressroof.bti","building g fortressroof","alpha=1 noalphatest fmt=BC3"
"D:\AI_upscaling\AoMEE\extracted\textures\building g fortresswall.bti","building g fortresswall","alpha=1 noalphatest fmt=BC3"
"D:\AI_upscaling\AoMEE\extracted\textures\building g fortresswall2.bti","building g fortresswall2","alpha=1 noalphatest fmt=BC3"
"D:\AI_upscaling\AoMEE\extracted\textures\building g hades wonder.bti","building g hades wonder","alpha=1 noalphatest fmt=BC3"
"D:\AI_upscaling\AoMEE\extracted\textures\building g roofage1.bti","building g roofage1","alpha=1 noalphatest fmt=BC3"
"D:\AI_upscaling\AoMEE\extracted\textures\building g settlementage1.bti","building g settlementage1","alpha=1 noalphatest fmt=BC3"
"D:\AI_upscaling\AoMEE\extracted\textures\building g settlementage2.bti","building g settlementage2","alpha=1 noalphatest fmt=BC3"
"D:\AI_upscaling\AoMEE\extracted\textures\building g settlementage3.bti","building g settlementage3","alpha=1 noalphatest fmt=BC3"
"D:\AI_upscaling\AoMEE\extracted\textures\building g shared05 2 map.bti","building g shared05 2 map","alpha=1 noalphatest fmt=BC3"
"D:\AI_upscaling\AoMEE\extracted\textures\building g shrine.bti","building g shrine","alpha=1 noalphatest fmt=BC3"
"D:\AI_upscaling\AoMEE\extracted\textures\building g temple statues map.bti","building g temple statues map","alpha=0 noalphatest fmt=BC3"
"D:\AI_upscaling\AoMEE\extracted\textures\building g temple.bti","building g temple","alpha=1 noalphatest fmt=BC3"
"D:\AI_upscaling\AoMEE\extracted\textures\building g templeage1.bti","building g templeage1","alpha=1 noalphatest fmt=BC3"
"D:\AI_upscaling\AoMEE\extracted\textures\building g templeage2.bti","building g templeage2","alpha=1 noalphatest fmt=BC3"
"D:\AI_upscaling\AoMEE\extracted\textures\building g titan gate door map.bti","building g titan gate door map","alpha=1 noalphatest fmt=BC3"
"D:\AI_upscaling\AoMEE\extracted\textures\building g titan gate map.bti","building g titan gate map","alpha=1 noalphatest fmt=BC3"
"D:\AI_upscaling\AoMEE\extracted\textures\building g titan gate rocks.bti","building g titan gate rocks","alpha=1 noalphatest fmt=BC3"
"D:\AI_upscaling\AoMEE\extracted\textures\building g towers.bti","building g towers","alpha=1 noalphatest fmt=BC3"
"D:\AI_upscaling\AoMEE\extracted\textures\building g wallsage1.bti","building g wallsage1","alpha=1 noalphatest fmt=BC3"
"D:\AI_upscaling\AoMEE\extracted\textures\building g wallsage2.bti","building g wallsage2","alpha=1 noalphatest fmt=BC3"
"D:\AI_upscaling\AoMEE\extracted\textures\building g wallsage3.bti","building g wallsage3","alpha=1 noalphatest fmt=BC3"
"D:\AI_upscaling\AoMEE\extracted\textures\building g wonder destructed.bti","building g wonder destructed","alpha=0 noalphatest fmt=BC3"
"D:\AI_upscaling\AoMEE\extracted\textures\building g wonder.bti","building g wonder","alpha=1 noalphatest fmt=BC3"
"D:\AI_upscaling\AoMEE\extracted\textures\building g zues wonder01.bti","building g zues wonder01","alpha=1 noalphatest fmt=BC3"
"D:\AI_upscaling\AoMEE\extracted\textures\building n hillfort.bti","building n hillfort","alpha=1 noalphatest fmt=BC3"
"D:\AI_upscaling\AoMEE\extracted\textures\building n loki wonder02.bti","building n loki wonder02","alpha=1 noalphatest fmt=BC3"
"D:\AI_upscaling\AoMEE\extracted\textures\building n odin wonder01.bti","building n odin wonder01","alpha=1 noalphatest fmt=BC3"
"D:\AI_upscaling\AoMEE\extracted\textures\building n settlementage1.bti","building n settlementage1","alpha=1 noalphatest fmt=BC3"
"D:\AI_upscaling\AoMEE\extracted\textures\building n settlementage2.bti","building n settlementage2","alpha=1 noalphatest fmt=BC3"
"D:\AI_upscaling\AoMEE\extracted\textures\building n settlementage3.bti","building n settlementage3","alpha=1 noalphatest fmt=BC3"
"D:\AI_upscaling\AoMEE\extracted\textures\building n settlementage4.bti","building n settlementage4","alpha=1 noalphatest fmt=BC3"
"D:\AI_upscaling\AoMEE\extracted\textures\building n shared01 1 map.bti","building n shared01 1 map","alpha=1 noalphatest fmt=BC3"
"D:\AI_upscaling\AoMEE\extracted\textures\building n shared01 2 map.bti","building n shared01 2 map","alpha=1 noalphatest fmt=BC3"
"D:\AI_upscaling\AoMEE\extracted\textures\building n shared01 3 map.bti","building n shared01 3 map","alpha=1 noalphatest fmt=BC3"
"D:\AI_upscaling\AoMEE\extracted\textures\building n shared02 2 map.bti","building n shared02 2 map","alpha=1 noalphatest fmt=BC3"
"D:\AI_upscaling\AoMEE\extracted\textures\building n shared03 2 map.bti","building n shared03 2 map","alpha=1 noalphatest fmt=BC3"
"D:\AI_upscaling\AoMEE\extracted\textures\building n shared04 2 map.bti","building n shared04 2 map","alpha=1 noalphatest fmt=BC3"
"D:\AI_upscaling\AoMEE\extracted\textures\building n shared06 2 map.bti","building n shared06 2 map","alpha=1 noalphatest fmt=BC3"
"D:\AI_upscaling\AoMEE\extracted\textures\building n shrine.bti","building n shrine","alpha=1 noalphatest fmt=BC3"
"D:\AI_upscaling\AoMEE\extracted\textures\building n temple.bti","building n temple","alpha=1 noalphatest fmt=BC3"
"D:\AI_upscaling\AoMEE\extracted\textures\building n templeage1.bti","building n templeage1","alpha=1 noalphatest fmt=BC3"
"D:\AI_upscaling\AoMEE\extracted\textures\building n templeage2.bti","building n templeage2","alpha=1 noalphatest fmt=BC3"
"D:\AI_upscaling\AoMEE\extracted\textures\building n templeage3.bti","building n templeage3","alpha=1 noalphatest fmt=BC3"
"D:\AI_upscaling\AoMEE\extracted\textures\building n thorarmory.bti","building n thorarmory","alpha=1 noalphatest fmt=BC3"
"D:\AI_upscaling\AoMEE\extracted\textures\building n thorarmory1.bti","building n thorarmory1","alpha=1 noalphatest fmt=BC3"
"D:\AI_upscaling\AoMEE\extracted\textures\building n titan gate map.bti","building n titan gate map","alpha=1 noalphatest fmt=BC3"
"D:\AI_upscaling\AoMEE\extracted\textures\building n titan gate rocks.bti","building n titan gate rocks","alpha=1 noalphatest fmt=BC3"
"D:\AI_upscaling\AoMEE\extracted\textures\building n tower.bti","building n tower","alpha=1 noalphatest fmt=BC3"
"D:\AI_upscaling\AoMEE\extracted\textures\building n wallage4.bti","building n wallage4","alpha=1 noalphatest fmt=BC3"
"D:\AI_upscaling\AoMEE\extracted\textures\building n wonder.bti","building n wonder","alpha=1 noalphatest fmt=BC3"
"D:\AI_upscaling\AoMEE\extracted\textures\building x mirror tower.bti","building x mirror tower","alpha=1 noalphatest fmt=BC3"
"D:\AI_upscaling\AoMEE\extracted\textures\building x palace age2.bti","building x palace age2","alpha=1 noalphatest fmt=BC3"
"D:\AI_upscaling\AoMEE\extracted\textures\building x palace age3.bti","building x palace age3","alpha=1 noalphatest fmt=BC3"
"D:\AI_upscaling\AoMEE\extracted\textures\building x roof age0.bti","building x roof age0","alpha=1 noalphatest fmt=BC3"
"D:\AI_upscaling\AoMEE\extracted\textures\building x roof age1.bti","building x roof age1","alpha=1 noalphatest fmt=BC3"
"D:\AI_upscaling\AoMEE\extracted\textures\building x sky temple roof.bti","building x sky temple roof","alpha=0 noalphatest fmt=BC3"
"D:\AI_upscaling\AoMEE\extracted\textures\building x sky temple.bti","building x sky temple","alpha=1 noalphatest fmt=BC3"
"D:\AI_upscaling\AoMEE\extracted\textures\building x temple age0.bti","building x temple age0","alpha=1 noalphatest fmt=BC3"
"D:\AI_upscaling\AoMEE\extracted\textures\building x titangate.bti","building x titangate","alpha=1 noalphatest fmt=BC3"
"D:\AI_upscaling\AoMEE\extracted\textures\building x tower watch2.bti","building x tower watch2","alpha=1 noalphatest fmt=BC3"
"D:\AI_upscaling\AoMEE\extracted\textures\building x tower watch3.bti","building x tower watch3","alpha=1 noalphatest fmt=BC3"
"D:\AI_upscaling\AoMEE\extracted\textures\building x tower watch4.bti","building x tower watch4","alpha=1 noalphatest fmt=BC3"
"D:\AI_upscaling\AoMEE\extracted\textures\building x wall age2.bti","building x wall age2","alpha=1 noalphatest fmt=BC3"
"D:\AI_upscaling\AoMEE\extracted\textures\building x wall bronze.bti","building x wall bronze","alpha=1 noalphatest fmt=BC3"
"D:\AI_upscaling\AoMEE\extracted\textures\building x wall iron.bti","building x wall iron","alpha=1 noalphatest fmt=BC3"
"D:\AI_upscaling\AoMEE\extracted\textures\building x wall oreichalkos.bti","building x wall oreichalkos","alpha=1 noalphatest fmt=BC3"
"D:\AI_upscaling\AoMEE\extracted\textures\building x wall stone.bti","building x wall stone","alpha=1 noalphatest fmt=BC3"
"D:\AI_upscaling\AoMEE\extracted\textures\building_e_monumentbase_map.bti","building_e_monumentbase_map","alpha=1 noalphatest fmt=BC3"
"D:\AI_upscaling\AoMEE\extracted\textures\butterfly.bti","butterfly","alpha=1 noalphatest fmt=BC3"
"D:\AI_upscaling\AoMEE\extracted\textures\cavalry c cataphract bronze.bti","cavalry c cataphract bronze","alpha=4 noalphatest fmt=BC3"
"D:\AI_upscaling\AoMEE\extracted\textures\cavalry c cataphract copper.bti","cavalry c cataphract copper","alpha=4 noalphatest fmt=BC3"
"D:\AI_upscaling\AoMEE\extracted\textures\cavalry c cataphract head bronze.bti","cavalry c cataphract head bronze","alpha=4 noalphatest fmt=BC3"
"D:\AI_upscaling\AoMEE\extracted\textures\cavalry c cataphract head copper.bti","cavalry c cataphract head copper","alpha=4 noalphatest fmt=BC3"
"D:\AI_upscaling\AoMEE\extracted\textures\cavalry c cataphract head iron.bti","cavalry c cataphract head iron","alpha=4 noalphatest fmt=BC3"
"D:\AI_upscaling\AoMEE\extracted\textures\cavalry c cataphract head standard.bti","cavalry c cataphract head standard","alpha=4 noalphatest fmt=BC3"
"D:\AI_upscaling\AoMEE\extracted\textures\cavalry c cataphract horse bronze.bti","cavalry c cataphract horse bronze","alpha=4 noalphatest fmt=BC3"
"D:\AI_upscaling\AoMEE\extracted\textures\cavalry c cataphract horse copper.bti","cavalry c cataphract horse copper","alpha=4 noalphatest fmt=BC3"
"D:\AI_upscaling\AoMEE\extracted\textures\cavalry c cataphract horse iron.bti","cavalry c cataphract horse iron","alpha=4 noalphatest fmt=BC3"
"D:\AI_upscaling\AoMEE\extracted\textures\cavalry c cataphract horse standard.bti","cavalry c cataphract horse standard","alpha=4 noalphatest fmt=BC3"
"D:\AI_upscaling\AoMEE\extracted\textures\cavalry c cataphract iron.bti","cavalry c cataphract iron","alpha=4 noalphatest fmt=BC3"
"D:\AI_upscaling\AoMEE\extracted\textures\cavalry c cataphract standard.bti","cavalry c cataphract standard","alpha=4 noalphatest fmt=BC3"
"D:\AI_upscaling\AoMEE\extracted\textures\cavalry c chariot bronze.bti","cavalry c chariot bronze","alpha=4 noalphatest fmt=BC3"
"D:\AI_upscaling\AoMEE\extracted\textures\cavalry c chariot copper.bti","cavalry c chariot copper","alpha=4 noalphatest fmt=BC3"
"D:\AI_upscaling\AoMEE\extracted\textures\cavalry c chariot horse bronze.bti","cavalry c chariot horse bronze","alpha=4 noalphatest fmt=BC3"
"D:\AI_upscaling\AoMEE\extracted\textures\cavalry c chariot horse iron.bti","cavalry c chariot horse iron","alpha=4 noalphatest fmt=BC3"
"D:\AI_upscaling\AoMEE\extracted\textures\cavalry c chariot horse standard.bti","cavalry c chariot horse standard","alpha=4 noalphatest fmt=BC3"
"D:\AI_upscaling\AoMEE\extracted\textures\cavalry c chariot iron.bti","cavalry c chariot iron","alpha=4 noalphatest fmt=BC3"
"D:\AI_upscaling\AoMEE\extracted\textures\cavalry c chariot standard.bti","cavalry c chariot standard","alpha=4 noalphatest fmt=BC3"
"D:\AI_upscaling\AoMEE\extracted\textures\cavalry c charioteer bronze.bti","cavalry c charioteer bronze","alpha=4 noalphatest fmt=BC3"
"D:\AI_upscaling\AoMEE\extracted\textures\cavalry c charioteer iron.bti","cavalry c charioteer iron","alpha=4 noalphatest fmt=BC3"
"D:\AI_upscaling\AoMEE\extracted\textures\cavalry c charioteer standard.bti","cavalry c charioteer standard","alpha=4 noalphatest fmt=BC3"
"D:\AI_upscaling\AoMEE\extracted\textures\cavalry c scout bronze.bti","cavalry c scout bronze","alpha=4 noalphatest fmt=BC3"
"D:\AI_upscaling\AoMEE\extracted\textures\cavalry c scout copper.bti","cavalry c scout copper","alpha=4 noalphatest fmt=BC3"
"D:\AI_upscaling\AoMEE\extracted\textures\cavalry c scout head bronze.bti","cavalry c scout head bronze","alpha=4 noalphatest fmt=BC3"
"D:\AI_upscaling\AoMEE\extracted\textures\cavalry c scout head copper.bti","cavalry c scout head copper","alpha=4 noalphatest fmt=BC3"
"D:\AI_upscaling\AoMEE\extracted\textures\cavalry c scout head iron.bti","cavalry c scout head iron","alpha=4 noalphatest fmt=BC3"
"D:\AI_upscaling\AoMEE\extracted\textures\cavalry c scout head standard.bti","cavalry c scout head standard","alpha=4 noalphatest fmt=BC3"
"D:\AI_upscaling\AoMEE\extracted\textures\cavalry c scout horse bronze.bti","cavalry c scout horse bronze","alpha=4 noalphatest fmt=BC3"
"D:\AI_upscaling\AoMEE\extracted\textures\cavalry c scout horse copper.bti","cavalry c scout horse copper","alpha=4 noalphatest fmt=BC3"
"D:\AI_upscaling\AoMEE\extracted\textures\cavalry c scout horse iron.bti","cavalry c scout horse iron","alpha=4 noalphatest fmt=BC3"
"D:\AI_upscaling\AoMEE\extracted\textures\cavalry c scout horse standard.bti","cavalry c scout horse standard","alpha=4 noalphatest fmt=BC3"
"D:\AI_upscaling\AoMEE\extracted\textures\cavalry c scout iron.bti","cavalry c scout iron","alpha=4 noalphatest fmt=BC3"
"D:\AI_upscaling\AoMEE\extracted\textures\cavalry c scout standard.bti","cavalry c scout standard","alpha=4 noalphatest fmt=BC3"
"D:\AI_upscaling\AoMEE\extracted\textures\cavalry e camelry bronze.bti","cavalry e camelry bronze","alpha=1 noalphatest fmt=BC3"
"D:\AI_upscaling\AoMEE\extracted\textures\cavalry e camelry camel bronze.bti","cavalry e camelry camel bronze","alpha=1 noalphatest fmt=BC3"
"D:\AI_upscaling\AoMEE\extracted\textures\cavalry e camelry camel copper.bti","cavalry e camelry camel copper","alpha=1 noalphatest fmt=BC3"
"D:\AI_upscaling\AoMEE\extracted\textures\cavalry e camelry camel iron.bti","cavalry e camelry camel iron","alpha=1 noalphatest fmt=BC3"
"D:\AI_upscaling\AoMEE\extracted\textures\cavalry e camelry camel standard.bti","cavalry e camelry camel standard","alpha=1 noalphatest fmt=BC3"
"D:\AI_upscaling\AoMEE\extracted\textures\cavalry e camelry copper.bti","cavalry e camelry copper","alpha=1 noalphatest fmt=BC3"
"D:\AI_upscaling\AoMEE\extracted\textures\cavalry e camelry iron.bti","cavalry e camelry iron","alpha=1 noalphatest fmt=BC3"
"D:\AI_upscaling\AoMEE\extracted\textures\cavalry e camelry map.bti","cavalry e camelry map","alpha=1 noalphatest fmt=BC3"
"D:\AI_upscaling\AoMEE\extracted\textures\cavalry e camelry standard.bti","cavalry e camelry standard","alpha=1 noalphatest fmt=BC3"
"D:\AI_upscaling\AoMEE\extracted\textures\cavalry e chariot archer bronze.bti","cavalry e chariot archer bronze","alpha=1 noalphatest fmt=BC3"
"D:\AI_upscaling\AoMEE\extracted\textures\cavalry e chariot archer copper.bti","cavalry e chariot archer copper","alpha=1 noalphatest fmt=BC3"
"D:\AI_upscaling\AoMEE\extracted\textures\cavalry e chariot archer iron.bti","cavalry e chariot archer iron","alpha=1 noalphatest fmt=BC3"
"D:\AI_upscaling\AoMEE\extracted\textures\cavalry e chariot horse map.bti","cavalry e chariot horse map","alpha=1 noalphatest fmt=BC3"
"D:\AI_upscaling\AoMEE\extracted\textures\cavalry e mercenary horse standard.bti","cavalry e mercenary horse standard","alpha=1 noalphatest fmt=BC3"
"D:\AI_upscaling\AoMEE\extracted\textures\cavalry e war elephant basket bronze.bti","cavalry e war elephant basket bronze","alpha=1 noalphatest fmt=BC3"
"D:\AI_upscaling\AoMEE\extracted\textures\cavalry e war elephant basket copper.bti","cavalry e war elephant basket copper","alpha=1 noalphatest fmt=BC3"
"D:\AI_upscaling\AoMEE\extracted\textures\cavalry e war elephant basket iron.bti","cavalry e war elephant basket iron","alpha=1 noalphatest fmt=BC3"
"D:\AI_upscaling\AoMEE\extracted\textures\cavalry e war elephant basket standard.bti","cavalry e war elephant basket standard","alpha=1 noalphatest fmt=BC3"
"D:\AI_upscaling\AoMEE\extracted\textures\cavalry e war elephant bronze.bti","cavalry e war elephant bronze","alpha=1 noalphatest fmt=BC3"
"D:\AI_upscaling\AoMEE\extracted\textures\cavalry e war elephant copper.bti","cavalry e war elephant copper","alpha=1 noalphatest fmt=BC3"
"D:\AI_upscaling\AoMEE\extracted\textures\cavalry e war elephant iron.bti","cavalry e war elephant iron","alpha=1 noalphatest fmt=BC3"
"D:\AI_upscaling\AoMEE\extracted\textures\cavalry e war elephant rider bronze.bti","cavalry e war elephant rider bronze","alpha=1 noalphatest fmt=BC3"
"D:\AI_upscaling\AoMEE\extracted\textures\cavalry e war elephant rider copper.bti","cavalry e war elephant rider copper","alpha=1 noalphatest fmt=BC3"
"D:\AI_upscaling\AoMEE\extracted\textures\cavalry e war elephant rider iron.bti","cavalry e war elephant rider iron","alpha=1 noalphatest fmt=BC3"
"D:\AI_upscaling\AoMEE\extracted\textures\cavalry e war elephant rider standard.bti","cavalry e war elephant rider standard","alpha=1 noalphatest fmt=BC3"
"D:\AI_upscaling\AoMEE\extracted\textures\cavalry g cataphract head iron.bti","cavalry g cataphract head iron","alpha=1 noalphatest fmt=BC3"
"D:\AI_upscaling\AoMEE\extracted\textures\cavalry g cataphract horse iron.bti","cavalry g cataphract horse iron","alpha=1 noalphatest fmt=BC3"
"D:\AI_upscaling\AoMEE\extracted\textures\cavalry g cataphract iron.bti","cavalry g cataphract iron","alpha=1 noalphatest fmt=BC3"
"D:\AI_upscaling\AoMEE\extracted\textures\cavalry g hetairoi bronze.bti","cavalry g hetairoi bronze","alpha=1 noalphatest fmt=BC3"
"D:\AI_upscaling\AoMEE\extracted\textures\cavalry g hetairoi copper.bti","cavalry g hetairoi copper","alpha=1 noalphatest fmt=BC3"
"D:\AI_upscaling\AoMEE\extracted\textures\cavalry g hetairoi head iron.bti","cavalry g hetairoi head iron","alpha=1 noalphatest fmt=BC3"
"D:\AI_upscaling\AoMEE\extracted\textures\cavalry g hetairoi horse iron.bti","cavalry g hetairoi horse iron","alpha=1 noalphatest fmt=BC3"
"D:\AI_upscaling\AoMEE\extracted\textures\cavalry g hetairoi iron.bti","cavalry g hetairoi iron","alpha=1 noalphatest fmt=BC3"
"D:\AI_upscaling\AoMEE\extracted\textures\cavalry g hippikon bronze.bti","cavalry g hippikon bronze","alpha=1 noalphatest fmt=BC3"
"D:\AI_upscaling\AoMEE\extracted\textures\cavalry g hippikon copper.bti","cavalry g hippikon copper","alpha=1 noalphatest fmt=BC3"
"D:\AI_upscaling\AoMEE\extracted\textures\cavalry g hippikon head bronze.bti","cavalry g hippikon head bronze","alpha=1 noalphatest fmt=BC3"
"D:\AI_upscaling\AoMEE\extracted\textures\cavalry g hippikon head copper.bti","cavalry g hippikon head copper","alpha=1 noalphatest fmt=BC3"
"D:\AI_upscaling\AoMEE\extracted\textures\cavalry g hippikon head iron.bti","cavalry g hippikon head iron","alpha=1 noalphatest fmt=BC3"
"D:\AI_upscaling\AoMEE\extracted\textures\cavalry g hippikon horse bronze.bti","cavalry g hippikon horse bronze","alpha=1 noalphatest fmt=BC3"
"D:\AI_upscaling\AoMEE\extracted\textures\cavalry g hippikon horse copper.bti","cavalry g hippikon horse copper","alpha=1 noalphatest fmt=BC3"
"D:\AI_upscaling\AoMEE\extracted\textures\cavalry g hippikon horse iron.bti","cavalry g hippikon horse iron","alpha=1 noalphatest fmt=BC3"
"D:\AI_upscaling\AoMEE\extracted\textures\cavalry g hippikon horse standard.bti","cavalry g hippikon horse standard","alpha=1 noalphatest fmt=BC3"
"D:\AI_upscaling\AoMEE\extracted\textures\cavalry g hippikon iron.bti","cavalry g hippikon iron","alpha=1 noalphatest fmt=BC3"
"D:\AI_upscaling\AoMEE\extracted\textures\cavalry g hippikon standard.bti","cavalry g hippikon standard","alpha=1 noalphatest fmt=BC3"
"D:\AI_upscaling\AoMEE\extracted\textures\cavalry g prodromos bronze.bti","cavalry g prodromos bronze","alpha=1 noalphatest fmt=BC3"
"D:\AI_upscaling\AoMEE\extracted\textures\cavalry g prodromos copper.bti","cavalry g prodromos copper","alpha=1 noalphatest fmt=BC3"
"D:\AI_upscaling\AoMEE\extracted\textures\cavalry g prodromos horse bronze.bti","cavalry g prodromos horse bronze","alpha=1 noalphatest fmt=BC3"
"D:\AI_upscaling\AoMEE\extracted\textures\cavalry g prodromos horse copper.bti","cavalry g prodromos horse copper","alpha=1 noalphatest fmt=BC3"
"D:\AI_upscaling\AoMEE\extracted\textures\cavalry g prodromos horse iron.bti","cavalry g prodromos horse iron","alpha=1 noalphatest fmt=BC3"
"D:\AI_upscaling\AoMEE\extracted\textures\cavalry g prodromos horse standard.bti","cavalry g prodromos horse standard","alpha=1 noalphatest fmt=BC3"
"D:\AI_upscaling\AoMEE\extracted\textures\cavalry g prodromos iron.bti","cavalry g prodromos iron","alpha=1 noalphatest fmt=BC3"
"D:\AI_upscaling\AoMEE\extracted\textures\cavalry g prodromos standard.bti","cavalry g prodromos standard","alpha=1 noalphatest fmt=BC3"
"D:\AI_upscaling\AoMEE\extracted\textures\cavalry g scout horse.bti","cavalry g scout horse","alpha=1 noalphatest fmt=BC3"
"D:\AI_upscaling\AoMEE\extracted\textures\cavalry n jarl bronze.bti","cavalry n jarl bronze","alpha=1 noalphatest fmt=BC3"
"D:\AI_upscaling\AoMEE\extracted\textures\cavalry n jarl copper.bti","cavalry n jarl copper","alpha=1 noalphatest fmt=BC3"
"D:\AI_upscaling\AoMEE\extracted\textures\cavalry n jarl horse bronze.bti","cavalry n jarl horse bronze","alpha=1 noalphatest fmt=BC3"
"D:\AI_upscaling\AoMEE\extracted\textures\cavalry n jarl horse copper.bti","cavalry n jarl horse copper","alpha=1 noalphatest fmt=BC3"
"D:\AI_upscaling\AoMEE\extracted\textures\cavalry n jarl horse iron.bti","cavalry n jarl horse iron","alpha=1 noalphatest fmt=BC3"
"D:\AI_upscaling\AoMEE\extracted\textures\cavalry n jarl horse standard.bti","cavalry n jarl horse standard","alpha=1 noalphatest fmt=BC3"
"D:\AI_upscaling\AoMEE\extracted\textures\cavalry n jarl iron.bti","cavalry n jarl iron","alpha=1 noalphatest fmt=BC3"
"D:\AI_upscaling\AoMEE\extracted\textures\cavalry n jarl standard.bti","cavalry n jarl standard","alpha=1 noalphatest fmt=BC3"
"D:\AI_upscaling\AoMEE\extracted\textures\cavalry n raiding cavalry bronze.bti","cavalry n raiding cavalry bronze","alpha=1 noalphatest fmt=BC3"
"D:\AI_upscaling\AoMEE\extracted\textures\cavalry n raiding cavalry copper.bti","cavalry n raiding cavalry copper","alpha=1 noalphatest fmt=BC3"
"D:\AI_upscaling\AoMEE\extracted\textures\cavalry n raiding cavalry horse bronze.bti","cavalry n raiding cavalry horse bronze","alpha=1 noalphatest fmt=BC3"
"D:\AI_upscaling\AoMEE\extracted\textures\cavalry n raiding cavalry horse copper.bti","cavalry n raiding cavalry horse copper","alpha=1 noalphatest fmt=BC3"
"D:\AI_upscaling\AoMEE\extracted\textures\cavalry n raiding cavalry horse iron.bti","cavalry n raiding cavalry horse iron","alpha=1 noalphatest fmt=BC3"
"D:\AI_upscaling\AoMEE\extracted\textures\cavalry n raiding cavalry horse standard.bti","cavalry n raiding cavalry horse standard","alpha=1 noalphatest fmt=BC3"
"D:\AI_upscaling\AoMEE\extracted\textures\cavalry n raiding cavalry iron.bti","cavalry n raiding cavalry iron","alpha=1 noalphatest fmt=BC3"
"D:\AI_upscaling\AoMEE\extracted\textures\cavalry n raiding cavalry standard.bti","cavalry n raiding cavalry standard","alpha=1 noalphatest fmt=BC3"
"D:\AI_upscaling\AoMEE\extracted\textures\cavalry x javelin bronze.bti","cavalry x javelin bronze","alpha=1 noalphatest fmt=BC3"
"D:\AI_upscaling\AoMEE\extracted\textures\cavalry x javelin copper.bti","cavalry x javelin copper","alpha=1 noalphatest fmt=BC3"
"D:\AI_upscaling\AoMEE\extracted\textures\cavalry x javelin hero.bti","cavalry x javelin hero","alpha=1 noalphatest fmt=BC3"
"D:\AI_upscaling\AoMEE\extracted\textures\cavalry x javelin horse bronze.bti","cavalry x javelin horse bronze","alpha=1 noalphatest fmt=BC3"
"D:\AI_upscaling\AoMEE\extracted\textures\cavalry x javelin horse copper.bti","cavalry x javelin horse copper","alpha=1 noalphatest fmt=BC3"
"D:\AI_upscaling\AoMEE\extracted\textures\cavalry x javelin horse hero.bti","cavalry x javelin horse hero","alpha=1 noalphatest fmt=BC3"
"D:\AI_upscaling\AoMEE\extracted\textures\cavalry x javelin horse iron.bti","cavalry x javelin horse iron","alpha=1 noalphatest fmt=BC3"
"D:\AI_upscaling\AoMEE\extracted\textures\cavalry x javelin horse standard.bti","cavalry x javelin horse standard","alpha=1 noalphatest fmt=BC3"
"D:\AI_upscaling\AoMEE\extracted\textures\cavalry x javelin iron.bti","cavalry x javelin iron","alpha=1 noalphatest fmt=BC3"
"D:\AI_upscaling\AoMEE\extracted\textures\cavalry x javelin standard.bti","cavalry x javelin standard","alpha=1 noalphatest fmt=BC3"
"D:\AI_upscaling\AoMEE\extracted\textures\cavalry x lancer bronze.bti","cavalry x lancer bronze","alpha=1 noalphatest fmt=BC3"
"D:\AI_upscaling\AoMEE\extracted\textures\cavalry x lancer cape iron.bti","cavalry x lancer cape iron","alpha=1 noalphatest fmt=BC3"
"D:\AI_upscaling\AoMEE\extracted\textures\cavalry x lancer copper.bti","cavalry x lancer copper","alpha=1 noalphatest fmt=BC3"
"D:\AI_upscaling\AoMEE\extracted\textures\cavalry x lancer horse bronze.bti","cavalry x lancer horse bronze","alpha=1 noalphatest fmt=BC3"
"D:\AI_upscaling\AoMEE\extracted\textures\cavalry x lancer horse copper.bti","cavalry x lancer horse copper","alpha=1 noalphatest fmt=BC3"
"D:\AI_upscaling\AoMEE\extracted\textures\cavalry x lancer horse hero.bti","cavalry x lancer horse hero","alpha=1 noalphatest fmt=BC3"
"D:\AI_upscaling\AoMEE\extracted\textures\cavalry x lancer horse iron.bti","cavalry x lancer horse iron","alpha=1 noalphatest fmt=BC3"
"D:\AI_upscaling\AoMEE\extracted\textures\cavalry x lancer horse standard.bti","cavalry x lancer horse standard","alpha=1 noalphatest fmt=BC3"
"D:\AI_upscaling\AoMEE\extracted\textures\cavalry x lancer iron.bti","cavalry x lancer iron","alpha=1 noalphatest fmt=BC3"
"D:\AI_upscaling\AoMEE\extracted\textures\cavalry x lancer standard.bti","cavalry x lancer standard","alpha=1 noalphatest fmt=BC3"
"D:\AI_upscaling\AoMEE\extracted\textures\cine a arkantos map.bti","cine a arkantos map","alpha=1 noalphatest fmt=BC3"
"D:\AI_upscaling\AoMEE\extracted\textures\cine a arkantosman map.bti","cine a arkantosman map","alpha=1 noalphatest fmt=BC3"
"D:\AI_upscaling\AoMEE\extracted\textures\cine a brokk map.bti","cine a brokk map","alpha=1 noalphatest fmt=BC3"
"D:\AI_upscaling\AoMEE\extracted\textures\cine a eitri map.bti","cine a eitri map","alpha=1 noalphatest fmt=BC3"
"D:\AI_upscaling\AoMEE\extracted\textures\cine a jarl helmet map.bti","cine a jarl helmet map","alpha=1 noalphatest fmt=BC3"
"D:\AI_upscaling\AoMEE\extracted\textures\cine a jarl horse map.bti","cine a jarl horse map","alpha=1 noalphatest fmt=BC3"
"D:\AI_upscaling\AoMEE\extracted\textures\cine a jarl map.bti","cine a jarl map","alpha=1 noalphatest fmt=BC3"
"D:\AI_upscaling\AoMEE\extracted\textures\cine a kemsyt head bag.bti","cine a kemsyt head bag","alpha=1 noalphatest fmt=BC3"
"D:\AI_upscaling\AoMEE\extracted\textures\cine a skult map.bti","cine a skult map","alpha=1 noalphatest fmt=BC3"
"D:\AI_upscaling\AoMEE\extracted\textures\cine c danzhu.bti","cine c danzhu","alpha=4 noalphatest fmt=BC3"
"D:\AI_upscaling\AoMEE\extracted\textures\cine c emperor.bti","cine c emperor","alpha=4 noalphatest fmt=BC3"
"D:\AI_upscaling\AoMEE\extracted\textures\cine c jiaolong.bti","cine c jiaolong","alpha=4 noalphatest fmt=BC3"
"D:\AI_upscaling\AoMEE\extracted\textures\cine c shun shoulder.bti","cine c shun shoulder","alpha=4 noalphatest fmt=BC3"
"D:\AI_upscaling\AoMEE\extracted\textures\cine c shun spear.bti","cine c shun spear","alpha=4 noalphatest fmt=BC3"
"D:\AI_upscaling\AoMEE\extracted\textures\cine c shun.bti","cine c shun","alpha=4 noalphatest fmt=BC3"
"D:\AI_upscaling\AoMEE\extracted\textures\cine c zhi.bti","cine c zhi","alpha=4 noalphatest fmt=BC3"
"D:\AI_upscaling\AoMEE\extracted\textures\cine e axeman.bti","cine e axeman","alpha=1 noalphatest fmt=BC3"
"D:\AI_upscaling\AoMEE\extracted\textures\cine e infantry map.bti","cine e infantry map","alpha=1 noalphatest fmt=BC3"
"D:\AI_upscaling\AoMEE\extracted\textures\cine e setna.bti","cine e setna","alpha=1 noalphatest fmt=BC3"
"D:\AI_upscaling\AoMEE\extracted\textures\cine g ajax map.bti","cine g ajax map","alpha=1 noalphatest fmt=BC3"
"D:\AI_upscaling\AoMEE\extracted\textures\cine g ajax old map.bti","cine g ajax old map","alpha=1 noalphatest fmt=BC3"
"D:\AI_upscaling\AoMEE\extracted\textures\cine g amanra map.bti","cine g amanra map","alpha=1 noalphatest fmt=BC3"
"D:\AI_upscaling\AoMEE\extracted\textures\cine g amanra old map.bti","cine g amanra old map","alpha=1 noalphatest fmt=BC3"
"D:\AI_upscaling\AoMEE\extracted\textures\cine g chiron map.bti","cine g chiron map","alpha=1 noalphatest fmt=BC3"
"D:\AI_upscaling\AoMEE\extracted\textures\cine g gargarensis map.bti","cine g gargarensis map","alpha=1 noalphatest fmt=BC3"
"D:\AI_upscaling\AoMEE\extracted\textures\cine g hoplite shield.bti","cine g hoplite shield","alpha=1 noalphatest fmt=BC3"
"D:\AI_upscaling\AoMEE\extracted\textures\cine g kastor map.bti","cine g kastor map","alpha=1 noalphatest fmt=BC3"
"D:\AI_upscaling\AoMEE\extracted\textures\cine g old man map.bti","cine g old man map","alpha=1 noalphatest fmt=BC3"
"D:\AI_upscaling\AoMEE\extracted\textures\cine g poseidon stone.bti","cine g poseidon stone","alpha=1 noalphatest fmt=BC3"
"D:\AI_upscaling\AoMEE\extracted\textures\cine n hersir.bti","cine n hersir","alpha=1 noalphatest fmt=BC3"
"D:\AI_upscaling\AoMEE\extracted\textures\cine n huskarl cape.bti","cine n huskarl cape","alpha=1 noalphatest fmt=BC3"
"D:\AI_upscaling\AoMEE\extracted\textures\cine n huskarl.bti","cine n huskarl","alpha=1 noalphatest fmt=BC3"
"D:\AI_upscaling\AoMEE\extracted\textures\cine n reginleif map.bti","cine n reginleif map","alpha=1 noalphatest fmt=BC3"
"D:\AI_upscaling\AoMEE\extracted\textures\cine n reginleif weapons map.bti","cine n reginleif weapons map","alpha=1 noalphatest fmt=BC3"
"D:\AI_upscaling\AoMEE\extracted\textures\cine n ulfsark.bti","cine n ulfsark","alpha=1 noalphatest fmt=BC3"
"D:\AI_upscaling\AoMEE\extracted\textures\cine spear map.bti","cine spear map","alpha=1 noalphatest fmt=BC3"
"D:\AI_upscaling\AoMEE\extracted\textures\cine x hp arcusmap.bti","cine x hp arcusmap","alpha=1 noalphatest fmt=BC3"
"D:\AI_upscaling\AoMEE\extracted\textures\cine x hp arcusweaponsmap.bti","cine x hp arcusweaponsmap","alpha=1 noalphatest fmt=BC3"
"D:\AI_upscaling\AoMEE\extracted\textures\cine x hp automatonmap.bti","cine x hp automatonmap","alpha=1 noalphatest fmt=BC3"
"D:\AI_upscaling\AoMEE\extracted\textures\cine x hp fanaticmap.bti","cine x hp fanaticmap","alpha=1 noalphatest fmt=BC3"
"D:\AI_upscaling\AoMEE\extracted\textures\cine x hp melagiusmap.bti","cine x hp melagiusmap","alpha=1 noalphatest fmt=BC3"
"D:\AI_upscaling\AoMEE\extracted\textures\cine x kastor adult.bti","cine x kastor adult","alpha=1 noalphatest fmt=BC3"
"D:\AI_upscaling\AoMEE\extracted\textures\cine x krios.bti","cine x krios","alpha=1 noalphatest fmt=BC3"
"D:\AI_upscaling\AoMEE\extracted\textures\cine x mp melagius head.bti","cine x mp melagius head","alpha=1 noalphatest fmt=BC3"
"D:\AI_upscaling\AoMEE\extracted\textures\cine x trident soldier cape.bti","cine x trident soldier cape","alpha=1 noalphatest fmt=BC3"
"D:\AI_upscaling\AoMEE\extracted\textures\cine x trident soldier helmet.bti","cine x trident soldier helmet","alpha=1 noalphatest fmt=BC3"
"D:\AI_upscaling\AoMEE\extracted\textures\cine x trident soldier shield.bti","cine x trident soldier shield","alpha=1 noalphatest fmt=BC3"
"D:\AI_upscaling\AoMEE\extracted\textures\cine x trident soldier.bti","cine x trident soldier","alpha=1 noalphatest fmt=BC3"
"D:\AI_upscaling\AoMEE\extracted\textures\cinematic naval g trireme.bti","cinematic naval g trireme","alpha=1 noalphatest fmt=BC3"
"D:\AI_upscaling\AoMEE\extracted\textures\cyclops high.bti","cyclops high","alpha=1 noalphatest fmt=BC3"
"D:\AI_upscaling\AoMEE\extracted\textures\forkboy map.bti","forkboy map","alpha=1 noalphatest fmt=BC3"
"D:\AI_upscaling\AoMEE\extracted\textures\g hypaspist highmodelmap.bti","g hypaspist highmodelmap","alpha=1 noalphatest fmt=BC3"
"D:\AI_upscaling\AoMEE\extracted\textures\gaia wonder map2.bti","gaia wonder map2","alpha=1 noalphatest fmt=BC3"
"D:\AI_upscaling\AoMEE\extracted\textures\gine g kamos map.bti","gine g kamos map","alpha=1 noalphatest fmt=BC3"
"D:\AI_upscaling\AoMEE\extracted\textures\greekheromap.bti","greekheromap","alpha=1 noalphatest fmt=BC3"
"D:\AI_upscaling\AoMEE\extracted\textures\hero c general cape.bti","hero c general cape","alpha=4 noalphatest fmt=BC3"
"D:\AI_upscaling\AoMEE\extracted\textures\hero c general flag alpha.bti","hero c general flag alpha","alpha=4 noalphatest fmt=BC3"
"D:\AI_upscaling\AoMEE\extracted\textures\hero c general flag.bti","hero c general flag","alpha=4 noalphatest fmt=BC3"
"D:\AI_upscaling\AoMEE\extracted\textures\hero c general head.bti","hero c general head","alpha=4 noalphatest fmt=BC3"
"D:\AI_upscaling\AoMEE\extracted\textures\hero c general horse.bti","hero c general horse","alpha=4 noalphatest fmt=BC3"
"D:\AI_upscaling\AoMEE\extracted\textures\hero c general.bti","hero c general","alpha=4 noalphatest fmt=BC3"
"D:\AI_upscaling\AoMEE\extracted\textures\hero c immortal.bti","hero c immortal","alpha=4 noalphatest fmt=BC3"
"D:\AI_upscaling\AoMEE\extracted\textures\hero c monk head.bti","hero c monk head","alpha=4 noalphatest fmt=BC3"
"D:\AI_upscaling\AoMEE\extracted\textures\hero c monk weapon.bti","hero c monk weapon","alpha=4 noalphatest fmt=BC3"
"D:\AI_upscaling\AoMEE\extracted\textures\hero c monk.bti","hero c monk","alpha=4 noalphatest fmt=BC3"
"D:\AI_upscaling\AoMEE\extracted\textures\hero g achilles cape.bti","hero g achilles cape","alpha=1 noalphatest fmt=BC3"
"D:\AI_upscaling\AoMEE\extracted\textures\hero g achilles.bti","hero g achilles","alpha=1 noalphatest fmt=BC3"
"D:\AI_upscaling\AoMEE\extracted\textures\hero g ajax.bti","hero g ajax","alpha=1 noalphatest fmt=BC3"
"D:\AI_upscaling\AoMEE\extracted\textures\hero g atalanta shield.bti","hero g atalanta shield","alpha=1 noalphatest fmt=BC3"
"D:\AI_upscaling\AoMEE\extracted\textures\hero g atalanta.bti","hero g atalanta","alpha=1 noalphatest fmt=BC3"
"D:\AI_upscaling\AoMEE\extracted\textures\hero g athena head low map.bti","hero g athena head low map","alpha=1 noalphatest fmt=BC3"
"D:\AI_upscaling\AoMEE\extracted\textures\hero g athena low map.bti","hero g athena low map","alpha=1 noalphatest fmt=BC3"
"D:\AI_upscaling\AoMEE\extracted\textures\hero g belerophon shield.bti","hero g belerophon shield","alpha=1 noalphatest fmt=BC3"
"D:\AI_upscaling\AoMEE\extracted\textures\hero g belerophon.bti","hero g belerophon","alpha=1 noalphatest fmt=BC3"
"D:\AI_upscaling\AoMEE\extracted\textures\hero g bellerophon shield.bti","hero g bellerophon shield","alpha=1 noalphatest fmt=BC3"
"D:\AI_upscaling\AoMEE\extracted\textures\hero g chiron shield.bti","hero g chiron shield","alpha=1 noalphatest fmt=BC3"
"D:\AI_upscaling\AoMEE\extracted\textures\hero g chiron.bti","hero g chiron","alpha=1 noalphatest fmt=BC3"
"D:\AI_upscaling\AoMEE\extracted\textures\hero g heracles head.bti","hero g heracles head","alpha=1 noalphatest fmt=BC3"
"D:\AI_upscaling\AoMEE\extracted\textures\hero g heracles shield.bti","hero g heracles shield","alpha=1 noalphatest fmt=BC3"
"D:\AI_upscaling\AoMEE\extracted\textures\hero g heracles.bti","hero g heracles","alpha=1 noalphatest fmt=BC3"
"D:\AI_upscaling\AoMEE\extracted\textures\hero g hercules.bti","hero g hercules","alpha=1 noalphatest fmt=BC3"
"D:\AI_upscaling\AoMEE\extracted\textures\hero g hippolyta.bti","hero g hippolyta","alpha=1 noalphatest fmt=BC3"
"D:\AI_upscaling\AoMEE\extracted\textures\hero g jason shield.bti","hero g jason shield","alpha=1 noalphatest fmt=BC3"
"D:\AI_upscaling\AoMEE\extracted\textures\hero g jason standard.bti","hero g jason standard","alpha=1 noalphatest fmt=BC3"
"D:\AI_upscaling\AoMEE\extracted\textures\hero g perseus standard.bti","hero g perseus standard","alpha=1 noalphatest fmt=BC3"
"D:\AI_upscaling\AoMEE\extracted\textures\hero g physician head.bti","hero g physician head","alpha=4 noalphatest fmt=BC3"
"D:\AI_upscaling\AoMEE\extracted\textures\hero g physician.bti","hero g physician","alpha=4 noalphatest fmt=BC3"
"D:\AI_upscaling\AoMEE\extracted\textures\hero g polyphemus shield.bti","hero g polyphemus shield","alpha=1 noalphatest fmt=BC3"
"D:\AI_upscaling\AoMEE\extracted\textures\hero g theseus shield.bti","hero g theseus shield","alpha=1 noalphatest fmt=BC3"
"D:\AI_upscaling\AoMEE\extracted\textures\hero g theseus.bti","hero g theseus","alpha=1 noalphatest fmt=BC3"
"D:\AI_upscaling\AoMEE\extracted\textures\hero n hero low.bti","hero n hero low","alpha=1 noalphatest fmt=BC3"
"D:\AI_upscaling\AoMEE\extracted\textures\hero n hero.bti","hero n hero","alpha=1 noalphatest fmt=BC3"
"D:\AI_upscaling\AoMEE\extracted\textures\hero n hersir.bti","hero n hersir","alpha=1 noalphatest fmt=BC3"
"D:\AI_upscaling\AoMEE\extracted\textures\hero n ragnorok female head.bti","hero n ragnorok female head","alpha=1 noalphatest fmt=BC3"
"D:\AI_upscaling\AoMEE\extracted\textures\hero n ragnorok female.bti","hero n ragnorok female","alpha=1 noalphatest fmt=BC3"
"D:\AI_upscaling\AoMEE\extracted\textures\hero n ragnorok male head.bti","hero n ragnorok male head","alpha=1 noalphatest fmt=BC3"
"D:\AI_upscaling\AoMEE\extracted\textures\hero n ragnorok male.bti","hero n ragnorok male","alpha=1 noalphatest fmt=BC3"
"D:\AI_upscaling\AoMEE\extracted\textures\hero x ajax.bti","hero x ajax","alpha=1 noalphatest fmt=BC3"
"D:\AI_upscaling\AoMEE\extracted\textures\hero x kastor.bti","hero x kastor","alpha=1 noalphatest fmt=BC3"
"D:\AI_upscaling\AoMEE\extracted\textures\hoplitemap.bti","hoplitemap","alpha=1 noalphatest fmt=BC3"
"D:\AI_upscaling\AoMEE\extracted\textures\icons\command time shift icons 32.bti","command time shift icons 32","alpha=1 noalphatest fmt=DeflatedRGBA8"
"D:\AI_upscaling\AoMEE\extracted\textures\infantry c halberdier bronze.bti","infantry c halberdier bronze","alpha=4 noalphatest fmt=BC3"
"D:\AI_upscaling\AoMEE\extracted\textures\infantry c halberdier copper.bti","infantry c halberdier copper","alpha=4 noalphatest fmt=BC3"
"D:\AI_upscaling\AoMEE\extracted\textures\infantry c halberdier head bronze.bti","infantry c halberdier head bronze","alpha=4 noalphatest fmt=BC3"
"D:\AI_upscaling\AoMEE\extracted\textures\infantry c halberdier head copper.bti","infantry c halberdier head copper","alpha=4 noalphatest fmt=BC3"
"D:\AI_upscaling\AoMEE\extracted\textures\infantry c halberdier head iron.bti","infantry c halberdier head iron","alpha=4 noalphatest fmt=BC3"
"D:\AI_upscaling\AoMEE\extracted\textures\infantry c halberdier head standard.bti","infantry c halberdier head standard","alpha=4 noalphatest fmt=BC3"
"D:\AI_upscaling\AoMEE\extracted\textures\infantry c halberdier iron.bti","infantry c halberdier iron","alpha=4 noalphatest fmt=BC3"
"D:\AI_upscaling\AoMEE\extracted\textures\infantry c halberdier standard.bti","infantry c halberdier standard","alpha=4 noalphatest fmt=BC3"
"D:\AI_upscaling\AoMEE\extracted\textures\infantry e axeman bronze.bti","infantry e axeman bronze","alpha=1 noalphatest fmt=BC3"
"D:\AI_upscaling\AoMEE\extracted\textures\infantry e axeman copper.bti","infantry e axeman copper","alpha=1 noalphatest fmt=BC3"
"D:\AI_upscaling\AoMEE\extracted\textures\infantry e axeman iron.bti","infantry e axeman iron","alpha=1 noalphatest fmt=BC3"
"D:\AI_upscaling\AoMEE\extracted\textures\infantry e axeman map.bti","infantry e axeman map","alpha=1 noalphatest fmt=BC3"
"D:\AI_upscaling\AoMEE\extracted\textures\infantry e axeman standard.bti","infantry e axeman standard","alpha=1 noalphatest fmt=BC3"
"D:\AI_upscaling\AoMEE\extracted\textures\infantry e chariot archer iron map.bti","infantry e chariot archer iron map","alpha=1 noalphatest fmt=BC3"
"D:\AI_upscaling\AoMEE\extracted\textures\infantry e khopesh bronze.bti","infantry e khopesh bronze","alpha=4 noalphatest fmt=BC3"
"D:\AI_upscaling\AoMEE\extracted\textures\infantry e khopesh copper.bti","infantry e khopesh copper","alpha=4 noalphatest fmt=BC3"
"D:\AI_upscaling\AoMEE\extracted\textures\infantry e khopesh head bronze.bti","infantry e khopesh head bronze","alpha=4 noalphatest fmt=BC3"
"D:\AI_upscaling\AoMEE\extracted\textures\infantry e khopesh head copper.bti","infantry e khopesh head copper","alpha=4 noalphatest fmt=BC3"
"D:\AI_upscaling\AoMEE\extracted\textures\infantry e khopesh head iron.bti","infantry e khopesh head iron","alpha=4 noalphatest fmt=BC3"
"D:\AI_upscaling\AoMEE\extracted\textures\infantry e khopesh head standard.bti","infantry e khopesh head standard","alpha=4 noalphatest fmt=BC3"
"D:\AI_upscaling\AoMEE\extracted\textures\infantry e khopesh iron.bti","infantry e khopesh iron","alpha=4 noalphatest fmt=BC3"
"D:\AI_upscaling\AoMEE\extracted\textures\infantry e khopesh standard.bti","infantry e khopesh standard","alpha=4 noalphatest fmt=BC3"
"D:\AI_upscaling\AoMEE\extracted\textures\infantry e mercenary head.bti","infantry e mercenary head","alpha=1 noalphatest fmt=BC3"
"D:\AI_upscaling\AoMEE\extracted\textures\infantry e mercenary.bti","infantry e mercenary","alpha=1 noalphatest fmt=BC3"
"D:\AI_upscaling\AoMEE\extracted\textures\infantry e spearman bronze.bti","infantry e spearman bronze","alpha=1 noalphatest fmt=BC3"
"D:\AI_upscaling\AoMEE\extracted\textures\infantry e spearman copper.bti","infantry e spearman copper","alpha=1 noalphatest fmt=BC3"
"D:\AI_upscaling\AoMEE\extracted\textures\infantry e spearman iron.bti","infantry e spearman iron","alpha=1 noalphatest fmt=BC3"
"D:\AI_upscaling\AoMEE\extracted\textures\infantry e spearman map.bti","infantry e spearman map","alpha=1 noalphatest fmt=BC3"
"D:\AI_upscaling\AoMEE\extracted\textures\infantry e spearman shield map.bti","infantry e spearman shield map","alpha=1 noalphatest fmt=BC3"
"D:\AI_upscaling\AoMEE\extracted\textures\infantry e spearman standard.bti","infantry e spearman standard","alpha=1 noalphatest fmt=BC3"
"D:\AI_upscaling\AoMEE\extracted\textures\infantry g hoplite bronze.bti","infantry g hoplite bronze","alpha=1 noalphatest fmt=BC3"
"D:\AI_upscaling\AoMEE\extracted\textures\infantry g hoplite copper.bti","infantry g hoplite copper","alpha=1 noalphatest fmt=BC3"
"D:\AI_upscaling\AoMEE\extracted\textures\infantry g hoplite head iron.bti","infantry g hoplite head iron","alpha=1 noalphatest fmt=BC3"
"D:\AI_upscaling\AoMEE\extracted\textures\infantry g hoplite iron.bti","infantry g hoplite iron","alpha=1 noalphatest fmt=BC3"
"D:\AI_upscaling\AoMEE\extracted\textures\infantry g hoplite map_01.bti","infantry g hoplite map_01","alpha=1 noalphatest fmt=BC3"
"D:\AI_upscaling\AoMEE\extracted\textures\infantry g hoplite map_02.bti","infantry g hoplite map_02","alpha=1 noalphatest fmt=BC3"
"D:\AI_upscaling\AoMEE\extracted\textures\infantry g hoplite map_03.bti","infantry g hoplite map_03","alpha=1 noalphatest fmt=BC3"
"D:\AI_upscaling\AoMEE\extracted\textures\infantry g hoplite map_04.bti","infantry g hoplite map_04","alpha=1 noalphatest fmt=BC3"
"D:\AI_upscaling\AoMEE\extracted\textures\infantry g hoplite standard.bti","infantry g hoplite standard","alpha=1 noalphatest fmt=BC3"
"D:\AI_upscaling\AoMEE\extracted\textures\infantry g hypaspist bronze.bti","infantry g hypaspist bronze","alpha=1 noalphatest fmt=BC3"
"D:\AI_upscaling\AoMEE\extracted\textures\infantry g hypaspist copper.bti","infantry g hypaspist copper","alpha=1 noalphatest fmt=BC3"
"D:\AI_upscaling\AoMEE\extracted\textures\infantry g hypaspist head bronze.bti","infantry g hypaspist head bronze","alpha=1 noalphatest fmt=BC3"
"D:\AI_upscaling\AoMEE\extracted\textures\infantry g hypaspist head copper.bti","infantry g hypaspist head copper","alpha=1 noalphatest fmt=BC3"
"D:\AI_upscaling\AoMEE\extracted\textures\infantry g hypaspist head iron.bti","infantry g hypaspist head iron","alpha=1 noalphatest fmt=BC3"
"D:\AI_upscaling\AoMEE\extracted\textures\infantry g hypaspist head standard.bti","infantry g hypaspist head standard","alpha=1 noalphatest fmt=BC3"
"D:\AI_upscaling\AoMEE\extracted\textures\infantry g hypaspist iron.bti","infantry g hypaspist iron","alpha=1 noalphatest fmt=BC3"
"D:\AI_upscaling\AoMEE\extracted\textures\infantry g hypaspist map.bti","infantry g hypaspist map","alpha=1 noalphatest fmt=BC3"
"D:\AI_upscaling\AoMEE\extracted\textures\infantry g hypaspist standard.bti","infantry g hypaspist standard","alpha=1 noalphatest fmt=BC3"
"D:\AI_upscaling\AoMEE\extracted\textures\infantry g militia.bti","infantry g militia","alpha=1 noalphatest fmt=BC3"
"D:\AI_upscaling\AoMEE\extracted\textures\infantry g myrmidon head iron.bti","infantry g myrmidon head iron","alpha=1 noalphatest fmt=BC3"
"D:\AI_upscaling\AoMEE\extracted\textures\infantry g myrmidon iron.bti","infantry g myrmidon iron","alpha=1 noalphatest fmt=BC3"
"D:\AI_upscaling\AoMEE\extracted\textures\infantry n bondi bronze.bti","infantry n bondi bronze","alpha=1 noalphatest fmt=BC3"
"D:\AI_upscaling\AoMEE\extracted\textures\infantry n bondi copper.bti","infantry n bondi copper","alpha=1 noalphatest fmt=BC3"
"D:\AI_upscaling\AoMEE\extracted\textures\infantry n bondi head bronze.bti","infantry n bondi head bronze","alpha=1 noalphatest fmt=BC3"
"D:\AI_upscaling\AoMEE\extracted\textures\infantry n bondi head copper.bti","infantry n bondi head copper","alpha=1 noalphatest fmt=BC3"
"D:\AI_upscaling\AoMEE\extracted\textures\infantry n bondi head iron.bti","infantry n bondi head iron","alpha=1 noalphatest fmt=BC3"
"D:\AI_upscaling\AoMEE\extracted\textures\infantry n bondi head standard.bti","infantry n bondi head standard","alpha=1 noalphatest fmt=BC3"
"D:\AI_upscaling\AoMEE\extracted\textures\infantry n bondi iron.bti","infantry n bondi iron","alpha=1 noalphatest fmt=BC3"
"D:\AI_upscaling\AoMEE\extracted\textures\infantry n bondi standard.bti","infantry n bondi standard","alpha=1 noalphatest fmt=BC3"
"D:\AI_upscaling\AoMEE\extracted\textures\infantry n huskarl bronze.bti","infantry n huskarl bronze","alpha=1 noalphatest fmt=BC3"
"D:\AI_upscaling\AoMEE\extracted\textures\infantry n huskarl copper.bti","infantry n huskarl copper","alpha=1 noalphatest fmt=BC3"
"D:\AI_upscaling\AoMEE\extracted\textures\infantry n huskarl iron.bti","infantry n huskarl iron","alpha=1 noalphatest fmt=BC3"
"D:\AI_upscaling\AoMEE\extracted\textures\infantry n huskarl standard.bti","infantry n huskarl standard","alpha=1 noalphatest fmt=BC3"
"D:\AI_upscaling\AoMEE\extracted\textures\infantry n ulfsark bronze.bti","infantry n ulfsark bronze","alpha=1 noalphatest fmt=BC3"
"D:\AI_upscaling\AoMEE\extracted\textures\infantry n ulfsark copper.bti","infantry n ulfsark copper","alpha=1 noalphatest fmt=BC3"
"D:\AI_upscaling\AoMEE\extracted\textures\infantry n ulfsark iron.bti","infantry n ulfsark iron","alpha=1 noalphatest fmt=BC3"
"D:\AI_upscaling\AoMEE\extracted\textures\infantry n ulfsark map.bti","infantry n ulfsark map","alpha=1 noalphatest fmt=BC3"
"D:\AI_upscaling\AoMEE\extracted\textures\infantry n ulfsark scout.bti","infantry n ulfsark scout","alpha=1 noalphatest fmt=BC3"
"D:\AI_upscaling\AoMEE\extracted\textures\infantry n ulfsark standard.bti","infantry n ulfsark standard","alpha=1 noalphatest fmt=BC3"
"D:\AI_upscaling\AoMEE\extracted\textures\infantry x 2 sword fighter hero.bti","infantry x 2 sword fighter hero","alpha=1 noalphatest fmt=BC3"
"D:\AI_upscaling\AoMEE\extracted\textures\infantry x 2 sword fighter iron.bti","infantry x 2 sword fighter iron","alpha=1 noalphatest fmt=BC3"
"D:\AI_upscaling\AoMEE\extracted\textures\infantry x maceman bronze.bti","infantry x maceman bronze","alpha=1 noalphatest fmt=BC3"
"D:\AI_upscaling\AoMEE\extracted\textures\infantry x maceman copper.bti","infantry x maceman copper","alpha=1 noalphatest fmt=BC3"
"D:\AI_upscaling\AoMEE\extracted\textures\infantry x maceman hero.bti","infantry x maceman hero","alpha=1 noalphatest fmt=BC3"
"D:\AI_upscaling\AoMEE\extracted\textures\infantry x maceman iron.bti","infantry x maceman iron","alpha=1 noalphatest fmt=BC3"
"D:\AI_upscaling\AoMEE\extracted\textures\infantry x maceman standard.bti","infantry x maceman standard","alpha=1 noalphatest fmt=BC3"
"D:\AI_upscaling\AoMEE\extracted\textures\infantry x swordsman bronze.bti","infantry x swordsman bronze","alpha=1 noalphatest fmt=BC3"
"D:\AI_upscaling\AoMEE\extracted\textures\infantry x swordsman copper.bti","infantry x swordsman copper","alpha=1 noalphatest fmt=BC3"
"D:\AI_upscaling\AoMEE\extracted\textures\infantry x swordsman hero.bti","infantry x swordsman hero","alpha=1 noalphatest fmt=BC3"
"D:\AI_upscaling\AoMEE\extracted\textures\infantry x swordsman iron.bti","infantry x swordsman iron","alpha=1 noalphatest fmt=BC3"
"D:\AI_upscaling\AoMEE\extracted\textures\infantry x swordsman standard.bti","infantry x swordsman standard","alpha=1 noalphatest fmt=BC3"
"D:\AI_upscaling\AoMEE\extracted\textures\infantry x trident soldier cape iron.bti","infantry x trident soldier cape iron","alpha=1 noalphatest fmt=BC3"
"D:\AI_upscaling\AoMEE\extracted\textures\infantry x trident soldier head hero.bti","infantry x trident soldier head hero","alpha=1 noalphatest fmt=BC3"
"D:\AI_upscaling\AoMEE\extracted\textures\infantry x trident soldier head iron.bti","infantry x trident soldier head iron","alpha=1 noalphatest fmt=BC3"
"D:\AI_upscaling\AoMEE\extracted\textures\infantry x trident soldier hero.bti","infantry x trident soldier hero","alpha=1 noalphatest fmt=BC3"
"D:\AI_upscaling\AoMEE\extracted\textures\infantry x trident soldier iron.bti","infantry x trident soldier iron","alpha=1 noalphatest fmt=BC3"
"D:\AI_upscaling\AoMEE\extracted\textures\infantry x trident soldier shield hero.bti","infantry x trident soldier shield hero","alpha=1 noalphatest fmt=BC3"
"D:\AI_upscaling\AoMEE\extracted\textures\infantry x trident soldier shield iron.bti","infantry x trident soldier shield iron","alpha=1 noalphatest fmt=BC3"
"D:\AI_upscaling\AoMEE\extracted\textures\kronos wonder map2.bti","kronos wonder map2","alpha=1 noalphatest fmt=BC3"
"D:\AI_upscaling\AoMEE\extracted\textures\low infantry g normal head bronze.bti","low infantry g normal head bronze","alpha=1 noalphatest fmt=BC3"
"D:\AI_upscaling\AoMEE\extracted\textures\low infantry g normal head copper.bti","low infantry g normal head copper","alpha=1 noalphatest fmt=BC3"
"D:\AI_upscaling\AoMEE\extracted\textures\low infantry g normal head iron.bti","low infantry g normal head iron","alpha=1 noalphatest fmt=BC3"
"D:\AI_upscaling\AoMEE\extracted\textures\low infantry g normal head standard.bti","low infantry g normal head standard","alpha=1 noalphatest fmt=BC3"
"D:\AI_upscaling\AoMEE\extracted\textures\lp cine x krios.bti","lp cine x krios","alpha=1 noalphatest fmt=BC3"
"D:\AI_upscaling\AoMEE\extracted\textures\lp g militia.bti","lp g militia","alpha=1 noalphatest fmt=BC3"
"D:\AI_upscaling\AoMEE\extracted\textures\lp mu x argus map.bti","lp mu x argus map","alpha=1 noalphatest fmt=BC3"
"D:\AI_upscaling\AoMEE\extracted\textures\lp mu x stymphalian bird map.bti","lp mu x stymphalian bird map","alpha=1 noalphatest fmt=BC3"
"D:\AI_upscaling\AoMEE\extracted\textures\mu x argus map.bti","mu x argus map","alpha=1 noalphatest fmt=BC3"
"D:\AI_upscaling\AoMEE\extracted\textures\mu x atlantean flying medic map.bti","mu x atlantean flying medic map","alpha=1 noalphatest fmt=BC3"
"D:\AI_upscaling\AoMEE\extracted\textures\mu x atlantean hundred giant map.bti","mu x atlantean hundred giant map","alpha=1 noalphatest fmt=BC3"
"D:\AI_upscaling\AoMEE\extracted\textures\mu x atlantean lampedes map.bti","mu x atlantean lampedes map","alpha=1 noalphatest fmt=BC3"
"D:\AI_upscaling\AoMEE\extracted\textures\mu x atlantean manowar map.bti","mu x atlantean manowar map","alpha=1 noalphatest fmt=BC3"
"D:\AI_upscaling\AoMEE\extracted\textures\mu x atlantean satyr map.bti","mu x atlantean satyr map","alpha=1 noalphatest fmt=BC3"
"D:\AI_upscaling\AoMEE\extracted\textures\mu x automation map.bti","mu x automation map","alpha=1 noalphatest fmt=BC3"
"D:\AI_upscaling\AoMEE\extracted\textures\mu x behemoth map.bti","mu x behemoth map","alpha=1 noalphatest fmt=BC3"
"D:\AI_upscaling\AoMEE\extracted\textures\mu x dryad.bti","mu x dryad","alpha=1 noalphatest fmt=BC3"
"D:\AI_upscaling\AoMEE\extracted\textures\mu x nereid rider map.bti","mu x nereid rider map","alpha=1 noalphatest fmt=BC3"
"D:\AI_upscaling\AoMEE\extracted\textures\mu x oracle.bti","mu x oracle","alpha=1 noalphatest fmt=BC3"
"D:\AI_upscaling\AoMEE\extracted\textures\mu x promethean map.bti","mu x promethean map","alpha=1 noalphatest fmt=BC3"
"D:\AI_upscaling\AoMEE\extracted\textures\mu x servant of oceanus map.bti","mu x servant of oceanus map","alpha=1 noalphatest fmt=BC3"
"D:\AI_upscaling\AoMEE\extracted\textures\mu x stymphalian bird map.bti","mu x stymphalian bird map","alpha=1 noalphatest fmt=BC3"
"D:\AI_upscaling\AoMEE\extracted\textures\naval c all.bti","naval c all","alpha=4 noalphatest fmt=BC3"
"D:\AI_upscaling\AoMEE\extracted\textures\naval e all.bti","naval e all","alpha=1 noalphatest fmt=BC3"
"D:\AI_upscaling\AoMEE\extracted\textures\naval e pirate ship.bti","naval e pirate ship","alpha=1 noalphatest fmt=BC3"
"D:\AI_upscaling\AoMEE\extracted\textures\naval g all wrecked.bti","naval g all wrecked","alpha=1 noalphatest fmt=BC3"
"D:\AI_upscaling\AoMEE\extracted\textures\naval g all.bti","naval g all","alpha=1 noalphatest fmt=BC3"
"D:\AI_upscaling\AoMEE\extracted\textures\naval g giant turtle.bti","naval g giant turtle","alpha=4 noalphatest fmt=BC3"
"D:\AI_upscaling\AoMEE\extracted\textures\naval n kraken upgrade.bti","naval n kraken upgrade","alpha=1 noalphatest fmt=BC3"
"D:\AI_upscaling\AoMEE\extracted\textures\naval n kraken.bti","naval n kraken","alpha=1 noalphatest fmt=BC3"
"D:\AI_upscaling\AoMEE\extracted\textures\naval n utility map.bti","naval n utility map","alpha=1 noalphatest fmt=BC3"
"D:\AI_upscaling\AoMEE\extracted\textures\naval x all.bti","naval x all","alpha=1 noalphatest fmt=BC3"
"D:\AI_upscaling\AoMEE\extracted\textures\oranos wonder map.bti","oranos wonder map","alpha=1 noalphatest fmt=BC3"
"D:\AI_upscaling\AoMEE\extracted\textures\oranos wonder map1.bti","oranos wonder map1","alpha=1 noalphatest fmt=BC3"
"D:\AI_upscaling\AoMEE\extracted\textures\platform map.bti","platform map","alpha=1 noalphatest fmt=BC3"
"D:\AI_upscaling\AoMEE\extracted\textures\projectile a ballista arrow iron.bti","projectile a ballista arrow iron","alpha=1 noalphatest fmt=BC3"
"D:\AI_upscaling\AoMEE\extracted\textures\projectile a ballista arrow.bti","projectile a ballista arrow","alpha=1 noalphatest fmt=BC3"
"D:\AI_upscaling\AoMEE\extracted\textures\projectile a siege rock map.bti","projectile a siege rock map","alpha=0 noalphatest fmt=BC3"
"D:\AI_upscaling\AoMEE\extracted\textures\scenario a dwarven forge belt.bti","scenario a dwarven forge belt","alpha=0 noalphatest fmt=BC3"
"D:\AI_upscaling\AoMEE\extracted\textures\scenario a dwarven forge shared a.bti","scenario a dwarven forge shared a","alpha=0 noalphatest fmt=BC3"
"D:\AI_upscaling\AoMEE\extracted\textures\scenario a dwarven forge shared b.bti","scenario a dwarven forge shared b","alpha=0 noalphatest fmt=BC3"
"D:\AI_upscaling\AoMEE\extracted\textures\scenario a gate ram.bti","scenario a gate ram","alpha=1 noalphatest fmt=BC3"
"D:\AI_upscaling\AoMEE\extracted\textures\scenario b amanra map.bti","scenario b amanra map","alpha=1 noalphatest fmt=BC3"
"D:\AI_upscaling\AoMEE\extracted\textures\scenario c danzhu head.bti","scenario c danzhu head","alpha=4 noalphatest fmt=BC3"
"D:\AI_upscaling\AoMEE\extracted\textures\scenario c danzhu.bti","scenario c danzhu","alpha=4 noalphatest fmt=BC3"
"D:\AI_upscaling\AoMEE\extracted\textures\scenario c gargarensis map.bti","scenario c gargarensis map","alpha=1 noalphatest fmt=BC3"
"D:\AI_upscaling\AoMEE\extracted\textures\scenario c jiaolong head.bti","scenario c jiaolong head","alpha=4 noalphatest fmt=BC3"
"D:\AI_upscaling\AoMEE\extracted\textures\scenario c jiaolong.bti","scenario c jiaolong","alpha=4 noalphatest fmt=BC3"
"D:\AI_upscaling\AoMEE\extracted\textures\scenario c kamos.bti","scenario c kamos","alpha=1 noalphatest fmt=BC3"
"D:\AI_upscaling\AoMEE\extracted\textures\scenario c shun head.bti","scenario c shun head","alpha=4 noalphatest fmt=BC3"
"D:\AI_upscaling\AoMEE\extracted\textures\scenario c shun.bti","scenario c shun","alpha=1 noalphatest fmt=BC3"
"D:\AI_upscaling\AoMEE\extracted\textures\scenario c zhi head.bti","scenario c zhi head","alpha=4 noalphatest fmt=BC3"
"D:\AI_upscaling\AoMEE\extracted\textures\scenario c zhi.bti","scenario c zhi","alpha=4 noalphatest fmt=BC3"
"D:\AI_upscaling\AoMEE\extracted\textures\scenario e great box camel.bti","scenario e great box camel","alpha=1 noalphatest fmt=BC3"
"D:\AI_upscaling\AoMEE\extracted\textures\scenario e great box cart.bti","scenario e great box cart","alpha=1 noalphatest fmt=BC3"
"D:\AI_upscaling\AoMEE\extracted\textures\scenario e great box.bti","scenario e great box","alpha=1 noalphatest fmt=BC3"
"D:\AI_upscaling\AoMEE\extracted\textures\scenario e guardian.bti","scenario e guardian","alpha=1 noalphatest fmt=BC3"
"D:\AI_upscaling\AoMEE\extracted\textures\scenario e setna map.bti","scenario e setna map","alpha=1 noalphatest fmt=BC3"
"D:\AI_upscaling\AoMEE\extracted\textures\scenario g arkantos god map.bti","scenario g arkantos god map","alpha=1 noalphatest fmt=BC3"
"D:\AI_upscaling\AoMEE\extracted\textures\scenario g arkantos man map.bti","scenario g arkantos man map","alpha=1 noalphatest fmt=BC3"
"D:\AI_upscaling\AoMEE\extracted\textures\scenario g arkantos map.bti","scenario g arkantos map","alpha=1 noalphatest fmt=BC3"
"D:\AI_upscaling\AoMEE\extracted\textures\scenario g chiron map.bti","scenario g chiron map","alpha=1 noalphatest fmt=BC3"
"D:\AI_upscaling\AoMEE\extracted\textures\scenario g circe head.bti","scenario g circe head","alpha=1 noalphatest fmt=BC3"
"D:\AI_upscaling\AoMEE\extracted\textures\scenario g circe.bti","scenario g circe","alpha=1 noalphatest fmt=BC3"
"D:\AI_upscaling\AoMEE\extracted\textures\scenario g kastor map.bti","scenario g kastor map","alpha=1 noalphatest fmt=BC3"
"D:\AI_upscaling\AoMEE\extracted\textures\scenario g odysseus map.bti","scenario g odysseus map","alpha=1 noalphatest fmt=BC3"
"D:\AI_upscaling\AoMEE\extracted\textures\scenario g old man map.bti","scenario g old man map","alpha=1 noalphatest fmt=BC3"
"D:\AI_upscaling\AoMEE\extracted\textures\scenario g skult map.bti","scenario g skult map","alpha=1 noalphatest fmt=BC3"
"D:\AI_upscaling\AoMEE\extracted\textures\scenario n brokk standard.bti","scenario n brokk standard","alpha=1 noalphatest fmt=BC3"
"D:\AI_upscaling\AoMEE\extracted\textures\scenario n dwarven mine inside.bti","scenario n dwarven mine inside","alpha=1 noalphatest fmt=BC3"
"D:\AI_upscaling\AoMEE\extracted\textures\scenario n dwarven mine opening.bti","scenario n dwarven mine opening","alpha=1 noalphatest fmt=BC3"
"D:\AI_upscaling\AoMEE\extracted\textures\scenario n dwarven mine outside.bti","scenario n dwarven mine outside","alpha=1 noalphatest fmt=BC3"
"D:\AI_upscaling\AoMEE\extracted\textures\scenario n eitri standard.bti","scenario n eitri standard","alpha=1 noalphatest fmt=BC3"
"D:\AI_upscaling\AoMEE\extracted\textures\scenario n reginleif map.bti","scenario n reginleif map","alpha=1 noalphatest fmt=BC3"
"D:\AI_upscaling\AoMEE\extracted\textures\scenario n reginleif weapons map.bti","scenario n reginleif weapons map","alpha=1 noalphatest fmt=BC3"
"D:\AI_upscaling\AoMEE\extracted\textures\scenario n thors hammer cart.bti","scenario n thors hammer cart","alpha=1 noalphatest fmt=BC3"
"D:\AI_upscaling\AoMEE\extracted\textures\scenario n thors hammer.bti","scenario n thors hammer","alpha=1 noalphatest fmt=BC3"
"D:\AI_upscaling\AoMEE\extracted\textures\scenario t troy wall long dead.bti","scenario t troy wall long dead","alpha=1 noalphatest fmt=BC3"
"D:\AI_upscaling\AoMEE\extracted\textures\scenario t troy wall long deadb.bti","scenario t troy wall long deadb","alpha=1 noalphatest fmt=BC3"
"D:\AI_upscaling\AoMEE\extracted\textures\scenario t troy wall long.bti","scenario t troy wall long","alpha=1 noalphatest fmt=BC3"
"D:\AI_upscaling\AoMEE\extracted\textures\scenario theocrat staff.bti","scenario theocrat staff","alpha=1 noalphatest fmt=BC3"
"D:\AI_upscaling\AoMEE\extracted\textures\scenario theocrat.bti","scenario theocrat","alpha=1 noalphatest fmt=BC3"
"D:\AI_upscaling\AoMEE\extracted\textures\scenario u chronos hand.bti","scenario u chronos hand","alpha=1 noalphatest fmt=BC3"
"D:\AI_upscaling\AoMEE\extracted\textures\scenario u ferryman map.bti","scenario u ferryman map","alpha=1 noalphatest fmt=BC3"
"D:\AI_upscaling\AoMEE\extracted\textures\scenario u shade.bti","scenario u shade","alpha=1 noalphatest fmt=BC3"
"D:\AI_upscaling\AoMEE\extracted\textures\scenario x amanra map.bti","scenario x amanra map","alpha=1 noalphatest fmt=BC3"
"D:\AI_upscaling\AoMEE\extracted\textures\sfx a healing spring stone.bti","sfx a healing spring stone","alpha=1 noalphatest fmt=BC3"
"D:\AI_upscaling\AoMEE\extracted\textures\sfx a ip glow.bti","sfx a ip glow","alpha=0 noalphatest fmt=BC3"
"D:\AI_upscaling\AoMEE\extracted\textures\sfx a lighthouse glow.bti","sfx a lighthouse glow","alpha=0 noalphatest fmt=BC3"
"D:\AI_upscaling\AoMEE\extracted\textures\sfx a rain sunlight.bti","sfx a rain sunlight","alpha=0 noalphatest fmt=BC3"
"D:\AI_upscaling\AoMEE\extracted\textures\sfx a rainbow.bti","sfx a rainbow","alpha=0 noalphatest fmt=BC3"
"D:\AI_upscaling\AoMEE\extracted\textures\sfx a serpent.bti","sfx a serpent","alpha=1 noalphatest fmt=BC3"
"D:\AI_upscaling\AoMEE\extracted\textures\sfx a walking woods.bti","sfx a walking woods","alpha=1 noalphatest fmt=BC3"
"D:\AI_upscaling\AoMEE\extracted\textures\sfx b lighthouse glow.bti","sfx b lighthouse glow","alpha=0 noalphatest fmt=BC3"
"D:\AI_upscaling\AoMEE\extracted\textures\sfx c earth dragon hole.bti","sfx c earth dragon hole","alpha=4 noalphatest fmt=BC3"
"D:\AI_upscaling\AoMEE\extracted\textures\sfx c growth vines.bti","sfx c growth vines","alpha=4 noalphatest fmt=BC3"
"D:\AI_upscaling\AoMEE\extracted\textures\sfx c ip glow.bti","sfx c ip glow","alpha=0 noalphatest fmt=BC3"
"D:\AI_upscaling\AoMEE\extracted\textures\sfx e citadel age4.bti","sfx e citadel age4","alpha=1 noalphatest fmt=BC3"
"D:\AI_upscaling\AoMEE\extracted\textures\sfx e citadel.bti","sfx e citadel","alpha=1 noalphatest fmt=BC3"
"D:\AI_upscaling\AoMEE\extracted\textures\sfx e son of osiris head.bti","sfx e son of osiris head","alpha=1 noalphatest fmt=BC3"
"D:\AI_upscaling\AoMEE\extracted\textures\sfx e son of osiris.bti","sfx e son of osiris","alpha=1 noalphatest fmt=BC3"
"D:\AI_upscaling\AoMEE\extracted\textures\sfx g animal magnetism.bti","sfx g animal magnetism","alpha=1 noalphatest fmt=BC3"
"D:\AI_upscaling\AoMEE\extracted\textures\sfx g lightning bolt.bti","sfx g lightning bolt","alpha=1 noalphatest fmt=BC3"
"D:\AI_upscaling\AoMEE\extracted\textures\sfx g lightning skyflash.bti","sfx g lightning skyflash","alpha=0 noalphatest fmt=BC3"
"D:\AI_upscaling\AoMEE\extracted\textures\sfx g plenty decal.bti","sfx g plenty decal","alpha=1 noalphatest fmt=BC3"
"D:\AI_upscaling\AoMEE\extracted\textures\sfx g plenty shadow.bti","sfx g plenty shadow","alpha=1 noalphatest fmt=BC3"
"D:\AI_upscaling\AoMEE\extracted\textures\sfx g plenty.bti","sfx g plenty","alpha=1 noalphatest fmt=BC3"
"D:\AI_upscaling\AoMEE\extracted\textures\sfx g sentinel.bti","sfx g sentinel","alpha=1 noalphatest fmt=BC3"
"D:\AI_upscaling\AoMEE\extracted\textures\sfx meteorite splat decal.bti","sfx meteorite splat decal","alpha=1 noalphatest fmt=BC3"
"D:\AI_upscaling\AoMEE\extracted\textures\sfx n dwarven mine.bti","sfx n dwarven mine","alpha=1 noalphatest fmt=BC3"
"D:\AI_upscaling\AoMEE\extracted\textures\sfx n frost ice block unit.bti","sfx n frost ice block unit","alpha=0 noalphatest fmt=BC3"
"D:\AI_upscaling\AoMEE\extracted\textures\siege c fire lance bronze.bti","siege c fire lance bronze","alpha=4 noalphatest fmt=BC3"
"D:\AI_upscaling\AoMEE\extracted\textures\siege c fire lance head bronze.bti","siege c fire lance head bronze","alpha=4 noalphatest fmt=BC3"
"D:\AI_upscaling\AoMEE\extracted\textures\siege c fire lance head iron.bti","siege c fire lance head iron","alpha=4 noalphatest fmt=BC3"
"D:\AI_upscaling\AoMEE\extracted\textures\siege c fire lance head.bti","siege c fire lance head","alpha=4 noalphatest fmt=BC3"
"D:\AI_upscaling\AoMEE\extracted\textures\siege c fire lance iron.bti","siege c fire lance iron","alpha=4 noalphatest fmt=BC3"
"D:\AI_upscaling\AoMEE\extracted\textures\siege c fire lance.bti","siege c fire lance","alpha=4 noalphatest fmt=BC3"
"D:\AI_upscaling\AoMEE\extracted\textures\siege c sitting tiger iron.bti","siege c sitting tiger iron","alpha=4 noalphatest fmt=BC3"
"D:\AI_upscaling\AoMEE\extracted\textures\siege c sitting tiger projectile.bti","siege c sitting tiger projectile","alpha=4 noalphatest fmt=BC3"
"D:\AI_upscaling\AoMEE\extracted\textures\siege c sitting tiger.bti","siege c sitting tiger","alpha=4 noalphatest fmt=BC3"
"D:\AI_upscaling\AoMEE\extracted\textures\siege e catapult iron.bti","siege e catapult iron","alpha=1 noalphatest fmt=BC3"
"D:\AI_upscaling\AoMEE\extracted\textures\siege e catapult projectile.bti","siege e catapult projectile","alpha=1 noalphatest fmt=BC3"
"D:\AI_upscaling\AoMEE\extracted\textures\siege e catapult.bti","siege e catapult","alpha=1 noalphatest fmt=BC3"
"D:\AI_upscaling\AoMEE\extracted\textures\siege g helepolis iron.bti","siege g helepolis iron","alpha=1 noalphatest fmt=BC3"
"D:\AI_upscaling\AoMEE\extracted\textures\siege g helepolis.bti","siege g helepolis","alpha=1 noalphatest fmt=BC3"
"D:\AI_upscaling\AoMEE\extracted\textures\siege g petrobolos iron.bti","siege g petrobolos iron","alpha=1 noalphatest fmt=BC3"
"D:\AI_upscaling\AoMEE\extracted\textures\siege g petrobolos low.bti","siege g petrobolos low","alpha=1 noalphatest fmt=BC3"
"D:\AI_upscaling\AoMEE\extracted\textures\siege g petrobolos projectile.bti","siege g petrobolos projectile","alpha=0 noalphatest fmt=BC3"
"D:\AI_upscaling\AoMEE\extracted\textures\siege g petrobolos tire low.bti","siege g petrobolos tire low","alpha=1 noalphatest fmt=BC3"
"D:\AI_upscaling\AoMEE\extracted\textures\siege g petrobolos.bti","siege g petrobolos","alpha=1 noalphatest fmt=BC3"
"D:\AI_upscaling\AoMEE\extracted\textures\siege g trojan horse.bti","siege g trojan horse","alpha=1 noalphatest fmt=BC3"
"D:\AI_upscaling\AoMEE\extracted\textures\siege n ballista bolt iron.bti","siege n ballista bolt iron","alpha=1 noalphatest fmt=BC3"
"D:\AI_upscaling\AoMEE\extracted\textures\siege n ballista bolt.bti","siege n ballista bolt","alpha=1 noalphatest fmt=BC3"
"D:\AI_upscaling\AoMEE\extracted\textures\siege n ballista iron.bti","siege n ballista iron","alpha=1 noalphatest fmt=BC3"
"D:\AI_upscaling\AoMEE\extracted\textures\siege n ballista map.bti","siege n ballista map","alpha=1 noalphatest fmt=BC3"
"D:\AI_upscaling\AoMEE\extracted\textures\siege n ballista.bti","siege n ballista","alpha=1 noalphatest fmt=BC3"
"D:\AI_upscaling\AoMEE\extracted\textures\siege n catapult map.bti","siege n catapult map","alpha=1 noalphatest fmt=BC3"
"D:\AI_upscaling\AoMEE\extracted\textures\siege n ram iron.bti","siege n ram iron","alpha=1 noalphatest fmt=BC3"
"D:\AI_upscaling\AoMEE\extracted\textures\siege n ram.bti","siege n ram","alpha=1 noalphatest fmt=BC3"
"D:\AI_upscaling\AoMEE\extracted\textures\siege x chieroballista downgrade.bti","siege x chieroballista downgrade","alpha=1 noalphatest fmt=BC3"
"D:\AI_upscaling\AoMEE\extracted\textures\siege x chieroballista man upgrade.bti","siege x chieroballista man upgrade","alpha=1 noalphatest fmt=BC3"
"D:\AI_upscaling\AoMEE\extracted\textures\siege x chieroballista man.bti","siege x chieroballista man","alpha=1 noalphatest fmt=BC3"
"D:\AI_upscaling\AoMEE\extracted\textures\siege x chieroballista.bti","siege x chieroballista","alpha=1 noalphatest fmt=BC3"
"D:\AI_upscaling\AoMEE\extracted\textures\siege x fire siphon upgrade.bti","siege x fire siphon upgrade","alpha=1 noalphatest fmt=BC3"
"D:\AI_upscaling\AoMEE\extracted\textures\siege x fire siphon.bti","siege x fire siphon","alpha=1 noalphatest fmt=BC3"
"D:\AI_upscaling\AoMEE\extracted\textures\siege x onager iron.bti","siege x onager iron","alpha=4 noalphatest fmt=BC3"
"D:\AI_upscaling\AoMEE\extracted\textures\siege x onager.bti","siege x onager","alpha=4 noalphatest fmt=BC3"
"D:\AI_upscaling\AoMEE\extracted\textures\special c azure dragon.bti","special c azure dragon","alpha=4 noalphatest fmt=BC3"
"D:\AI_upscaling\AoMEE\extracted\textures\special c dragon turtle.bti","special c dragon turtle","alpha=4 noalphatest fmt=BC3"
"D:\AI_upscaling\AoMEE\extracted\textures\special c earth dragon.bti","special c earth dragon","alpha=4 noalphatest fmt=BC3"
"D:\AI_upscaling\AoMEE\extracted\textures\special c jiangshi head.bti","special c jiangshi head","alpha=4 noalphatest fmt=BC3"
"D:\AI_upscaling\AoMEE\extracted\textures\special c jiangshi.bti","special c jiangshi","alpha=4 noalphatest fmt=BC3"
"D:\AI_upscaling\AoMEE\extracted\textures\special c monkey king.bti","special c monkey king","alpha=4 noalphatest fmt=BC3"
"D:\AI_upscaling\AoMEE\extracted\textures\Special C Pixiu.bti","Special C Pixiu","alpha=4 noalphatest fmt=BC3"
"D:\AI_upscaling\AoMEE\extracted\textures\special c salamander.bti","special c salamander","alpha=4 noalphatest fmt=BC3"
"D:\AI_upscaling\AoMEE\extracted\textures\special c terracotta soldier head.bti","special c terracotta soldier head","alpha=4 noalphatest fmt=BC3"
"D:\AI_upscaling\AoMEE\extracted\textures\special c terracotta soldier.bti","special c terracotta soldier","alpha=4 noalphatest fmt=BC3"
"D:\AI_upscaling\AoMEE\extracted\textures\special c vermillion bird wing.bti","special c vermillion bird wing","alpha=4 noalphatest fmt=BC3"
"D:\AI_upscaling\AoMEE\extracted\textures\special c vermillion bird.bti","special c vermillion bird","alpha=4 noalphatest fmt=BC3"
"D:\AI_upscaling\AoMEE\extracted\textures\special e anubite iron.bti","special e anubite iron","alpha=1 noalphatest fmt=BC3"
"D:\AI_upscaling\AoMEE\extracted\textures\special e anubite.bti","special e anubite","alpha=1 noalphatest fmt=BC3"
"D:\AI_upscaling\AoMEE\extracted\textures\special e apep map.bti","special e apep map","alpha=1 noalphatest fmt=BC3"
"D:\AI_upscaling\AoMEE\extracted\textures\special e avenger map.bti","special e avenger map","alpha=1 noalphatest fmt=BC3"
"D:\AI_upscaling\AoMEE\extracted\textures\special e mummy map.bti","special e mummy map","alpha=1 noalphatest fmt=BC3"
"D:\AI_upscaling\AoMEE\extracted\textures\special e petesuchos.bti","special e petesuchos","alpha=1 noalphatest fmt=BC3"
"D:\AI_upscaling\AoMEE\extracted\textures\special e pharaoh head.bti","special e pharaoh head","alpha=1 noalphatest fmt=BC3"
"D:\AI_upscaling\AoMEE\extracted\textures\special e pharaoh.bti","special e pharaoh","alpha=1 noalphatest fmt=BC3"
"D:\AI_upscaling\AoMEE\extracted\textures\special e phoenix egg.bti","special e phoenix egg","alpha=1 noalphatest fmt=BC3"
"D:\AI_upscaling\AoMEE\extracted\textures\special e phoenix.bti","special e phoenix","alpha=0 noalphatest fmt=BC3"
"D:\AI_upscaling\AoMEE\extracted\textures\special e priest head.bti","special e priest head","alpha=1 noalphatest fmt=BC3"
"D:\AI_upscaling\AoMEE\extracted\textures\special e priest.bti","special e priest","alpha=1 noalphatest fmt=BC3"
"D:\AI_upscaling\AoMEE\extracted\textures\special e roc basket.bti","special e roc basket","alpha=1 noalphatest fmt=BC3"
"D:\AI_upscaling\AoMEE\extracted\textures\special e roc.bti","special e roc","alpha=1 noalphatest fmt=BC3"
"D:\AI_upscaling\AoMEE\extracted\textures\special e scarab map.bti","special e scarab map","alpha=1 noalphatest fmt=BC3"
"D:\AI_upscaling\AoMEE\extracted\textures\special e scorpion man head.bti","special e scorpion man head","alpha=1 noalphatest fmt=BC3"
"D:\AI_upscaling\AoMEE\extracted\textures\special e scorpion man upgrade.bti","special e scorpion man upgrade","alpha=1 noalphatest fmt=BC3"
"D:\AI_upscaling\AoMEE\extracted\textures\special e scorpion man.bti","special e scorpion man","alpha=1 noalphatest fmt=BC3"
"D:\AI_upscaling\AoMEE\extracted\textures\special e sphinx.bti","special e sphinx","alpha=1 noalphatest fmt=BC3"
"D:\AI_upscaling\AoMEE\extracted\textures\special e wadjet.bti","special e wadjet","alpha=1 noalphatest fmt=BC3"
"D:\AI_upscaling\AoMEE\extracted\textures\special g agamemnon head.bti","special g agamemnon head","alpha=1 noalphatest fmt=BC3"
"D:\AI_upscaling\AoMEE\extracted\textures\special g agamemnon.bti","special g agamemnon","alpha=1 noalphatest fmt=BC3"
"D:\AI_upscaling\AoMEE\extracted\textures\special g athena head.bti","special g athena head","alpha=1 noalphatest fmt=BC3"
"D:\AI_upscaling\AoMEE\extracted\textures\special g athena.bti","special g athena","alpha=1 noalphatest fmt=BC3"
"D:\AI_upscaling\AoMEE\extracted\textures\special g carcinos.bti","special g carcinos","alpha=1 noalphatest fmt=BC3"
"D:\AI_upscaling\AoMEE\extracted\textures\special g centaur head upgrade.bti","special g centaur head upgrade","alpha=1 noalphatest fmt=BC3"
"D:\AI_upscaling\AoMEE\extracted\textures\special g centaur low.bti","special g centaur low","alpha=1 noalphatest fmt=BC3"
"D:\AI_upscaling\AoMEE\extracted\textures\special g centaur upgrade.bti","special g centaur upgrade","alpha=1 noalphatest fmt=BC3"
"D:\AI_upscaling\AoMEE\extracted\textures\special g centaur.bti","special g centaur","alpha=1 noalphatest fmt=BC3"
"D:\AI_upscaling\AoMEE\extracted\textures\special g chimera map.bti","special g chimera map","alpha=1 noalphatest fmt=BC3"
"D:\AI_upscaling\AoMEE\extracted\textures\special g chimera tail.bti","special g chimera tail","alpha=1 noalphatest fmt=BC3"
"D:\AI_upscaling\AoMEE\extracted\textures\special g chimera.bti","special g chimera","alpha=1 noalphatest fmt=BC3"
"D:\AI_upscaling\AoMEE\extracted\textures\special g colossus map.bti","special g colossus map","alpha=1 noalphatest fmt=BC3"
"D:\AI_upscaling\AoMEE\extracted\textures\special g cyclops map.bti","special g cyclops map","alpha=1 noalphatest fmt=BC3"
"D:\AI_upscaling\AoMEE\extracted\textures\special g cyclops upgrade.bti","special g cyclops upgrade","alpha=1 noalphatest fmt=BC3"
"D:\AI_upscaling\AoMEE\extracted\textures\special g cyclops.bti","special g cyclops","alpha=1 noalphatest fmt=BC3"
"D:\AI_upscaling\AoMEE\extracted\textures\special g giant turtle.bti","special g giant turtle","alpha=4 noalphatest fmt=BC3"
"D:\AI_upscaling\AoMEE\extracted\textures\special g golem map.bti","special g golem map","alpha=1 noalphatest fmt=BC3"
"D:\AI_upscaling\AoMEE\extracted\textures\special g hippocampus.bti","special g hippocampus","alpha=1 noalphatest fmt=BC3"
"D:\AI_upscaling\AoMEE\extracted\textures\special g hydra land.bti","special g hydra land","alpha=1 noalphatest fmt=BC3"
"D:\AI_upscaling\AoMEE\extracted\textures\special g hydra map.bti","special g hydra map","alpha=1 noalphatest fmt=BC3"
"D:\AI_upscaling\AoMEE\extracted\textures\special g manticore.bti","special g manticore","alpha=1 noalphatest fmt=BC3"
"D:\AI_upscaling\AoMEE\extracted\textures\special g medusa low map.bti","special g medusa low map","alpha=1 noalphatest fmt=BC3"
"D:\AI_upscaling\AoMEE\extracted\textures\special g medusa map.bti","special g medusa map","alpha=1 noalphatest fmt=BC3"
"D:\AI_upscaling\AoMEE\extracted\textures\special g medusa.bti","special g medusa","alpha=1 noalphatest fmt=BC3"
"D:\AI_upscaling\AoMEE\extracted\textures\special g minotaur.bti","special g minotaur","alpha=1 noalphatest fmt=BC3"
"D:\AI_upscaling\AoMEE\extracted\textures\special g nemean lion.bti","special g nemean lion","alpha=1 noalphatest fmt=BC3"
"D:\AI_upscaling\AoMEE\extracted\textures\special g pegasus wings.bti","special g pegasus wings","alpha=4 noalphatest fmt=BC3"
"D:\AI_upscaling\AoMEE\extracted\textures\special g pegasus.bti","special g pegasus","alpha=1 noalphatest fmt=BC3"
"D:\AI_upscaling\AoMEE\extracted\textures\special g scylla map.bti","special g scylla map","alpha=1 noalphatest fmt=BC3"
"D:\AI_upscaling\AoMEE\extracted\textures\special g scylla.bti","special g scylla","alpha=1 noalphatest fmt=BC3"
"D:\AI_upscaling\AoMEE\extracted\textures\special g sea turtle.bti","special g sea turtle","alpha=1 noalphatest fmt=BC3"
"D:\AI_upscaling\AoMEE\extracted\textures\special g shade.bti","special g shade","alpha=1 noalphatest fmt=BC3"
"D:\AI_upscaling\AoMEE\extracted\textures\special g underworld shade.bti","special g underworld shade","alpha=1 noalphatest fmt=BC3"
"D:\AI_upscaling\AoMEE\extracted\textures\special n battle boar.bti","special n battle boar","alpha=1 noalphatest fmt=BC3"
"D:\AI_upscaling\AoMEE\extracted\textures\special n einheriar upgrade.bti","special n einheriar upgrade","alpha=1 noalphatest fmt=BC3"
"D:\AI_upscaling\AoMEE\extracted\textures\special n einheriar.bti","special n einheriar","alpha=1 noalphatest fmt=BC3"
"D:\AI_upscaling\AoMEE\extracted\textures\special n fenris.bti","special n fenris","alpha=1 noalphatest fmt=BC3"
"D:\AI_upscaling\AoMEE\extracted\textures\special n fire giant.bti","special n fire giant","alpha=1 noalphatest fmt=BC3"
"D:\AI_upscaling\AoMEE\extracted\textures\special n frost giant head upgrade.bti","special n frost giant head upgrade","alpha=0 noalphatest fmt=BC3"
"D:\AI_upscaling\AoMEE\extracted\textures\special n frost giant head.bti","special n frost giant head","alpha=0 noalphatest fmt=BC3"
"D:\AI_upscaling\AoMEE\extracted\textures\special n frost giant upgrade.bti","special n frost giant upgrade","alpha=1 noalphatest fmt=BC3"
"D:\AI_upscaling\AoMEE\extracted\textures\special n frost giant.bti","special n frost giant","alpha=1 noalphatest fmt=BC3"
"D:\AI_upscaling\AoMEE\extracted\textures\special n giant map.bti","special n giant map","alpha=1 noalphatest fmt=BC3"
"D:\AI_upscaling\AoMEE\extracted\textures\special n giant.bti","special n giant","alpha=1 noalphatest fmt=BC3"
"D:\AI_upscaling\AoMEE\extracted\textures\special n jarl cape map.bti","special n jarl cape map","alpha=1 noalphatest fmt=BC3"
"D:\AI_upscaling\AoMEE\extracted\textures\special n jormund brood hump.bti","special n jormund brood hump","alpha=1 noalphatest fmt=BC3"
"D:\AI_upscaling\AoMEE\extracted\textures\special n jormund brood.bti","special n jormund brood","alpha=1 noalphatest fmt=BC3"
"D:\AI_upscaling\AoMEE\extracted\textures\special n king folstag upgrade.bti","special n king folstag upgrade","alpha=1 noalphatest fmt=BC3"
"D:\AI_upscaling\AoMEE\extracted\textures\special n king folstag.bti","special n king folstag","alpha=1 noalphatest fmt=BC3"
"D:\AI_upscaling\AoMEE\extracted\textures\special n raven.bti","special n raven","alpha=1 noalphatest fmt=BC3"
"D:\AI_upscaling\AoMEE\extracted\textures\special n troll bag.bti","special n troll bag","alpha=1 noalphatest fmt=BC3"
"D:\AI_upscaling\AoMEE\extracted\textures\special n troll.bti","special n troll","alpha=1 noalphatest fmt=BC3"
"D:\AI_upscaling\AoMEE\extracted\textures\special n valkyrie low.bti","special n valkyrie low","alpha=1 noalphatest fmt=BC3"
"D:\AI_upscaling\AoMEE\extracted\textures\special n valkyrie map.bti","special n valkyrie map","alpha=1 noalphatest fmt=BC3"
"D:\AI_upscaling\AoMEE\extracted\textures\special n valkyrie upgrade.bti","special n valkyrie upgrade","alpha=1 noalphatest fmt=BC3"
"D:\AI_upscaling\AoMEE\extracted\textures\special x oracle hero.bti","special x oracle hero","alpha=1 noalphatest fmt=BC3"
"D:\AI_upscaling\AoMEE\extracted\textures\special x oracle.bti","special x oracle","alpha=1 noalphatest fmt=BC3"
"D:\AI_upscaling\AoMEE\extracted\textures\statue x gaia map.bti","statue x gaia map","alpha=1 noalphatest fmt=BC3"
"D:\AI_upscaling\AoMEE\extracted\textures\statue x kronos map.bti","statue x kronos map","alpha=1 noalphatest fmt=BC3"
"D:\AI_upscaling\AoMEE\extracted\textures\statue x oranos map.bti","statue x oranos map","alpha=1 noalphatest fmt=BC3"
"D:\AI_upscaling\AoMEE\extracted\textures\temp santa body.bti","temp santa body","alpha=1 noalphatest fmt=BC3"
"D:\AI_upscaling\AoMEE\extracted\textures\temp santa hat.bti","temp santa hat","alpha=4 noalphatest fmt=BC3"
"D:\AI_upscaling\AoMEE\extracted\textures\temp santa head.bti","temp santa head","alpha=1 noalphatest fmt=BC3"
"D:\AI_upscaling\AoMEE\extracted\textures\test flags.bti","test flags","alpha=1 noalphatest fmt=BC3"
"D:\AI_upscaling\AoMEE\extracted\textures\theocrat map.bti","theocrat map","alpha=1 noalphatest fmt=BC3"
"D:\AI_upscaling\AoMEE\extracted\textures\titan c pangu.bti","titan c pangu","alpha=4 noalphatest fmt=BC3"
"D:\AI_upscaling\AoMEE\extracted\textures\titan e ra pads map.bti","titan e ra pads map","alpha=4 noalphatest fmt=BC3"
"D:\AI_upscaling\AoMEE\extracted\textures\titan e ra skirt map.bti","titan e ra skirt map","alpha=4 noalphatest fmt=BC3"
"D:\AI_upscaling\AoMEE\extracted\textures\titan g cerebus map1.bti","titan g cerebus map1","alpha=1 noalphatest fmt=BC3"
"D:\AI_upscaling\AoMEE\extracted\textures\titan g cerebus map2.bti","titan g cerebus map2","alpha=1 noalphatest fmt=BC3"
"D:\AI_upscaling\AoMEE\extracted\textures\titan n troll hammer map.bti","titan n troll hammer map","alpha=1 noalphatest fmt=BC3"
"D:\AI_upscaling\AoMEE\extracted\textures\titan n troll map1.bti","titan n troll map1","alpha=1 noalphatest fmt=BC3"
"D:\AI_upscaling\AoMEE\extracted\textures\titan n troll map2.bti","titan n troll map2","alpha=1 noalphatest fmt=BC3"
"D:\AI_upscaling\AoMEE\extracted\textures\titan x gaia.bti","titan x gaia","alpha=4 noalphatest fmt=BC3"
"D:\AI_upscaling\AoMEE\extracted\textures\titan x golem map1.bti","titan x golem map1","alpha=4 noalphatest fmt=BC3"
"D:\AI_upscaling\AoMEE\extracted\textures\titan x golem map2.bti","titan x golem map2","alpha=1 noalphatest fmt=BC3"
"D:\AI_upscaling\AoMEE\extracted\textures\titan x kronos.bti","titan x kronos","alpha=1 noalphatest fmt=BC3"
"D:\AI_upscaling\AoMEE\extracted\textures\titan x promethean 1.bti","titan x promethean 1","alpha=1 noalphatest fmt=BC3"
"D:\AI_upscaling\AoMEE\extracted\textures\toxotemap.bti","toxotemap","alpha=1 noalphatest fmt=BC3"
"D:\AI_upscaling\AoMEE\extracted\textures\trade c caravan cargo.bti","trade c caravan cargo","alpha=4 noalphatest fmt=BC3"
"D:\AI_upscaling\AoMEE\extracted\textures\trade c caravan.bti","trade c caravan","alpha=4 noalphatest fmt=BC3"
"D:\AI_upscaling\AoMEE\extracted\textures\trade e caravan basket.bti","trade e caravan basket","alpha=1 noalphatest fmt=BC3"
"D:\AI_upscaling\AoMEE\extracted\textures\trade e caravan camel.bti","trade e caravan camel","alpha=1 noalphatest fmt=BC3"
"D:\AI_upscaling\AoMEE\extracted\textures\trade e caravan cargo.bti","trade e caravan cargo","alpha=1 noalphatest fmt=BC3"
"D:\AI_upscaling\AoMEE\extracted\textures\trade g caravan cargo.bti","trade g caravan cargo","alpha=1 noalphatest fmt=BC3"
"D:\AI_upscaling\AoMEE\extracted\textures\trade g caravan donkey.bti","trade g caravan donkey","alpha=1 noalphatest fmt=BC3"
"D:\AI_upscaling\AoMEE\extracted\textures\trade n caravan cargo.bti","trade n caravan cargo","alpha=1 noalphatest fmt=BC3"
"D:\AI_upscaling\AoMEE\extracted\textures\trade n caravan ox.bti","trade n caravan ox","alpha=1 noalphatest fmt=BC3"
"D:\AI_upscaling\AoMEE\extracted\textures\trade x caravan.bti","trade x caravan","alpha=1 noalphatest fmt=BC3"
"D:\AI_upscaling\AoMEE\extracted\textures\trash weapon.bti","trash weapon","alpha=1 noalphatest fmt=BC3"
"D:\AI_upscaling\AoMEE\extracted\textures\trash.bti","trash","alpha=1 noalphatest fmt=BC3"
"D:\AI_upscaling\AoMEE\extracted\textures\ui\background chinese opaque.bti","background chinese opaque","alpha=0 noalphatest fmt=DeflatedRGBA8"
"D:\AI_upscaling\AoMEE\extracted\textures\ui\background egypt opaque.bti","background egypt opaque","alpha=0 noalphatest fmt=DeflatedRGBA8"
"D:\AI_upscaling\AoMEE\extracted\textures\ui\background fade blue.bti","background fade blue","alpha=0 noalphatest fmt=DeflatedRGBA8"
"D:\AI_upscaling\AoMEE\extracted\textures\ui\background fade green.bti","background fade green","alpha=0 noalphatest fmt=DeflatedRGBA8"
"D:\AI_upscaling\AoMEE\extracted\textures\ui\background fade red.bti","background fade red","alpha=0 noalphatest fmt=DeflatedRGBA8"
"D:\AI_upscaling\AoMEE\extracted\textures\ui\background fade yellow.bti","background fade yellow","alpha=0 noalphatest fmt=DeflatedRGBA8"
"D:\AI_upscaling\AoMEE\extracted\textures\ui\background greek opaque.bti","background greek opaque","alpha=0 noalphatest fmt=DeflatedRGBA8"
"D:\AI_upscaling\AoMEE\extracted\textures\ui\background norse opaque.bti","background norse opaque","alpha=0 noalphatest fmt=DeflatedRGBA8"
"D:\AI_upscaling\AoMEE\extracted\textures\ui\ui .net passport logo.bti","ui .net passport logo","alpha=0 noalphatest fmt=DeflatedRGBA8"
"D:\AI_upscaling\AoMEE\extracted\textures\ui\ui background blue opaque.bti","ui background blue opaque","alpha=0 noalphatest fmt=DeflatedRGBA8"
"D:\AI_upscaling\AoMEE\extracted\textures\ui\ui background dark blue opaque.bti","ui background dark blue opaque","alpha=0 noalphatest fmt=DeflatedRGBA8"
"D:\AI_upscaling\AoMEE\extracted\textures\ui\ui background yellow opaque.bti","ui background yellow opaque","alpha=0 noalphatest fmt=DeflatedRGBA8"
"D:\AI_upscaling\AoMEE\extracted\textures\ui\ui line yellow vertical.bti","ui line yellow vertical","alpha=0 noalphatest fmt=DeflatedRGBA8"
"D:\AI_upscaling\AoMEE\extracted\textures\ui\ui line yellow.bti","ui line yellow","alpha=0 noalphatest fmt=DeflatedRGBA8"
"D:\AI_upscaling\AoMEE\extracted\textures\ui\ui progress bar flair.bti","ui progress bar flair","alpha=0 noalphatest fmt=DeflatedRGBA8"
"D:\AI_upscaling\AoMEE\extracted\textures\ui\ui text chat box grey.bti","ui text chat box grey","alpha=0 noalphatest fmt=DeflatedRGBA8"
"D:\AI_upscaling\AoMEE\extracted\textures\ui\ui text chat box.bti","ui text chat box","alpha=0 noalphatest fmt=DeflatedRGBA8"
"D:\AI_upscaling\AoMEE\extracted\textures\villager c female.bti","villager c female","alpha=4 noalphatest fmt=BC3"
"D:\AI_upscaling\AoMEE\extracted\textures\villager c male standard.bti","villager c male standard","alpha=4 noalphatest fmt=BC3"
"D:\AI_upscaling\AoMEE\extracted\textures\villager e female head.bti","villager e female head","alpha=0 noalphatest fmt=BC3"
"D:\AI_upscaling\AoMEE\extracted\textures\villager e female.bti","villager e female","alpha=1 noalphatest fmt=BC3"
"D:\AI_upscaling\AoMEE\extracted\textures\villager e male standard.bti","villager e male standard","alpha=1 noalphatest fmt=BC3"
"D:\AI_upscaling\AoMEE\extracted\textures\villager g atlantean male head.bti","villager g atlantean male head","alpha=1 noalphatest fmt=BC3"
"D:\AI_upscaling\AoMEE\extracted\textures\villager g atlantean male.bti","villager g atlantean male","alpha=1 noalphatest fmt=BC3"
"D:\AI_upscaling\AoMEE\extracted\textures\villager g female head.bti","villager g female head","alpha=0 noalphatest fmt=BC3"
"D:\AI_upscaling\AoMEE\extracted\textures\villager g female.bti","villager g female","alpha=1 noalphatest fmt=BC3"
"D:\AI_upscaling\AoMEE\extracted\textures\villager g male standard.bti","villager g male standard","alpha=1 noalphatest fmt=BC3"
"D:\AI_upscaling\AoMEE\extracted\textures\villager n female head.bti","villager n female head","alpha=0 noalphatest fmt=BC3"
"D:\AI_upscaling\AoMEE\extracted\textures\villager n female.bti","villager n female","alpha=1 noalphatest fmt=BC3"
"D:\AI_upscaling\AoMEE\extracted\textures\villager n male standard.bti","villager n male standard","alpha=1 noalphatest fmt=BC3"
"D:\AI_upscaling\AoMEE\extracted\textures\villager n ox.bti","villager n ox","alpha=1 noalphatest fmt=BC3"
"D:\AI_upscaling\AoMEE\extracted\textures\villager n oxcart.bti","villager n oxcart","alpha=1 noalphatest fmt=BC3"
"D:\AI_upscaling\AoMEE\extracted\textures\villager x female hero.bti","villager x female hero","alpha=1 noalphatest fmt=BC3"
"D:\AI_upscaling\AoMEE\extracted\textures\villager x female.bti","villager x female","alpha=1 noalphatest fmt=BC3"
"D:\AI_upscaling\AoMEE\extracted\textures\villager x male hero.bti","villager x male hero","alpha=1 noalphatest fmt=BC3"
"D:\AI_upscaling\AoMEE\extracted\textures\villager x male.bti","villager x male","alpha=1 noalphatest fmt=BC3"
"D:\AI_upscaling\AoMEE\extracted\textures\villager x pony.bti","villager x pony","alpha=1 noalphatest fmt=BC3"
"D:\AI_upscaling\AoMEE\extracted\textures\waypoint.bti","waypoint","alpha=1 noalphatest fmt=BC3"
"D:\AI_upscaling\AoMEE\extracted\textures\world a bouy.bti","world a bouy","alpha=1 noalphatest fmt=BC3"
"D:\AI_upscaling\AoMEE\extracted\textures\world a fountain.bti","world a fountain","alpha=1 noalphatest fmt=BC3"
"D:\AI_upscaling\AoMEE\extracted\textures\world a gold map.bti","world a gold map","alpha=1 noalphatest fmt=BC3"
"D:\AI_upscaling\AoMEE\extracted\textures\world a jade map.bti","world a jade map","alpha=1 noalphatest fmt=BC3"
"D:\AI_upscaling\AoMEE\extracted\textures\world a relic armor of achilles.bti","world a relic armor of achilles","alpha=1 noalphatest fmt=BC3"
"D:\AI_upscaling\AoMEE\extracted\textures\world a relic eye of horus.bti","world a relic eye of horus","alpha=1 noalphatest fmt=BC3"
"D:\AI_upscaling\AoMEE\extracted\textures\world a relic fetters of fenrir.bti","world a relic fetters of fenrir","alpha=1 noalphatest fmt=BC3"
"D:\AI_upscaling\AoMEE\extracted\textures\world a relic golden bridle of pegasus.bti","world a relic golden bridle of pegasus","alpha=1 noalphatest fmt=BC3"
"D:\AI_upscaling\AoMEE\extracted\textures\world a relic head of orpheus.bti","world a relic head of orpheus","alpha=1 noalphatest fmt=BC3"
"D:\AI_upscaling\AoMEE\extracted\textures\world a relic monkey.bti","world a relic monkey","alpha=1 noalphatest fmt=BC3"
"D:\AI_upscaling\AoMEE\extracted\textures\world a relic ring of the nibelung.bti","world a relic ring of the nibelung","alpha=1 noalphatest fmt=BC3"
"D:\AI_upscaling\AoMEE\extracted\textures\world a relic ship of fingernails.bti","world a relic ship of fingernails","alpha=1 noalphatest fmt=BC3"
"D:\AI_upscaling\AoMEE\extracted\textures\world a relic standard.bti","world a relic standard","alpha=1 noalphatest fmt=BC3"
"D:\AI_upscaling\AoMEE\extracted\textures\world a relic the wedjat eye.bti","world a relic the wedjat eye","alpha=1 noalphatest fmt=BC3"
"D:\AI_upscaling\AoMEE\extracted\textures\world a tents map.bti","world a tents map","alpha=1 noalphatest fmt=BC3"
"D:\AI_upscaling\AoMEE\extracted\textures\world a underworld crator.bti","world a underworld crator","alpha=4 noalphatest fmt=BC3"
"D:\AI_upscaling\AoMEE\extracted\textures\world a underworld passage color transform.bti","world a underworld passage color transform","alpha=1 noalphatest fmt=BC3"
"D:\AI_upscaling\AoMEE\extracted\textures\world a waypoint flag.bti","world a waypoint flag","alpha=1 noalphatest fmt=BC3"
"D:\AI_upscaling\AoMEE\extracted\textures\world c dam.bti","world c dam","alpha=4 noalphatest fmt=BC3"
"D:\AI_upscaling\AoMEE\extracted\textures\world c statue nuwa stand.bti","world c statue nuwa stand","alpha=4 noalphatest fmt=BC3"
"D:\AI_upscaling\AoMEE\extracted\textures\world c statue nuwa.bti","world c statue nuwa","alpha=4 noalphatest fmt=BC3"
"D:\AI_upscaling\AoMEE\extracted\textures\world c statue shennong head.bti","world c statue shennong head","alpha=4 noalphatest fmt=BC3"
"D:\AI_upscaling\AoMEE\extracted\textures\world c statue shennong.bti","world c statue shennong","alpha=4 noalphatest fmt=BC3"
"D:\AI_upscaling\AoMEE\extracted\textures\world e brazier map.bti","world e brazier map","alpha=1 noalphatest fmt=BC3"
"D:\AI_upscaling\AoMEE\extracted\textures\world e garrison flag.bti","world e garrison flag","alpha=1 noalphatest fmt=BC3"
"D:\AI_upscaling\AoMEE\extracted\textures\world e statue isis.bti","world e statue isis","alpha=1 noalphatest fmt=BC3"
"D:\AI_upscaling\AoMEE\extracted\textures\world e statue ra.bti","world e statue ra","alpha=1 noalphatest fmt=BC3"
"D:\AI_upscaling\AoMEE\extracted\textures\world e statue set.bti","world e statue set","alpha=1 noalphatest fmt=BC3"
"D:\AI_upscaling\AoMEE\extracted\textures\world e tent.bti","world e tent","alpha=1 noalphatest fmt=BC3"
"D:\AI_upscaling\AoMEE\extracted\textures\world g brazier map.bti","world g brazier map","alpha=1 noalphatest fmt=BC3"
"D:\AI_upscaling\AoMEE\extracted\textures\world g garrison flag.bti","world g garrison flag","alpha=1 noalphatest fmt=BC3"
"D:\AI_upscaling\AoMEE\extracted\textures\world g hades temple.bti","world g hades temple","alpha=1 noalphatest fmt=BC3"
"D:\AI_upscaling\AoMEE\extracted\textures\world g shrine map.bti","world g shrine map","alpha=1 noalphatest fmt=BC3"
"D:\AI_upscaling\AoMEE\extracted\textures\world g statue base.bti","world g statue base","alpha=1 noalphatest fmt=BC3"
"D:\AI_upscaling\AoMEE\extracted\textures\world g statue hades.bti","world g statue hades","alpha=1 noalphatest fmt=BC3"
"D:\AI_upscaling\AoMEE\extracted\textures\world g statue poseidon base.bti","world g statue poseidon base","alpha=1 noalphatest fmt=BC3"
"D:\AI_upscaling\AoMEE\extracted\textures\world g statue poseidon.bti","world g statue poseidon","alpha=1 noalphatest fmt=BC3"
"D:\AI_upscaling\AoMEE\extracted\textures\world g statue zeus.bti","world g statue zeus","alpha=1 noalphatest fmt=BC3"
"D:\AI_upscaling\AoMEE\extracted\textures\world g tent.bti","world g tent","alpha=1 noalphatest fmt=BC3"
"D:\AI_upscaling\AoMEE\extracted\textures\world g zues uwpassage.bti","world g zues uwpassage","alpha=1 noalphatest fmt=BC3"
"D:\AI_upscaling\AoMEE\extracted\textures\world g zuesstairs.bti","world g zuesstairs","alpha=1 noalphatest fmt=BC3"
"D:\AI_upscaling\AoMEE\extracted\textures\world n brazier map.bti","world n brazier map","alpha=1 noalphatest fmt=BC3"
"D:\AI_upscaling\AoMEE\extracted\textures\world n garrison flag.bti","world n garrison flag","alpha=1 noalphatest fmt=BC3"
"D:\AI_upscaling\AoMEE\extracted\textures\world n loki statue map.bti","world n loki statue map","alpha=1 noalphatest fmt=BC3"
"D:\AI_upscaling\AoMEE\extracted\textures\world n odin statue map.bti","world n odin statue map","alpha=1 noalphatest fmt=BC3"
"D:\AI_upscaling\AoMEE\extracted\textures\world n statue loki.bti","world n statue loki","alpha=1 noalphatest fmt=BC3"
"D:\AI_upscaling\AoMEE\extracted\textures\world n statue odin.bti","world n statue odin","alpha=1 noalphatest fmt=BC3"
"D:\AI_upscaling\AoMEE\extracted\textures\world n statue thor.bti","world n statue thor","alpha=1 noalphatest fmt=BC3"
"D:\AI_upscaling\AoMEE\extracted\textures\world n tent.bti","world n tent","alpha=1 noalphatest fmt=BC3"
"D:\AI_upscaling\AoMEE\extracted\textures\world n thor statue map.bti","world n thor statue map","alpha=1 noalphatest fmt=BC3"
"D:\AI_upscaling\AoMEE\extracted\textures\world x gaia  statue map.bti","world x gaia  statue map","alpha=1 noalphatest fmt=BC3"
