Path,Filename,Width,Height,Pixels,Mode,HasAlpha,TransparentPixels,PartialAlphaPixels,OpaquePixels,AlphaValueCount,FileSizeKB
textures\agamemnon map.tga,agamemnon map.tga,256,256,65536,RGBA,True,61815,76,3645,3,256.0
textures\animal aurochs map.tga,animal aurochs map.tga,64,64,4096,RGBA,True,0,0,4096,1,16.0
textures\animal baboon corpse bodya.tga,animal baboon corpse bodya.tga,32,32,1024,RGBA,True,472,552,0,88,4.0
textures\animal baboon corpse skeletona.tga,animal baboon corpse skeletona.tga,32,32,1024,RGBA,True,707,317,0,68,4.0
textures\animal baboon map.tga,animal baboon map.tga,64,64,4096,RGBA,True,0,0,4096,1,16.0
textures\animal bear corpse bodya.tga,animal bear corpse bodya.tga,32,32,1024,RGBA,True,563,461,0,50,4.0
textures\animal bear corpse skeletona.tga,animal bear corpse skeletona.tga,32,32,1024,RGBA,True,621,403,0,94,4.0
textures\animal bear map.tga,animal bear map.tga,64,64,4096,RGBA,True,0,0,4096,1,16.0
textures\animal bearlaser beam map.tga,animal bearlaser beam map.tga,64,64,4096,RGBA,True,0,0,4096,1,16.0
textures\animal bearlaser cape map.tga,animal bearlaser cape map.tga,32,32,1024,RGBA,True,0,0,1024,1,4.0
textures\animal bearlaser map.tga,animal bearlaser map.tga,64,64,4096,RGBA,True,0,0,4096,1,16.0
textures\animal boar corpse bodya.tga,animal boar corpse bodya.tga,32,32,1024,RGBA,True,553,471,0,69,4.0
textures\animal boar corpse skeletona.tga,animal boar corpse skeletona.tga,32,32,1024,RGBA,True,659,365,0,81,4.0
textures\animal boar map.tga,animal boar map.tga,64,64,4096,RGBA,True,0,0,4096,1,16.0
textures\animal camel map.tga,animal camel map.tga,64,64,4096,RGBA,True,0,0,4096,1,16.0
textures\animal caribou antlers map.tga,animal caribou antlers map.tga,32,32,1024,RGBA,True,788,54,182,3,4.0
textures\animal caribou corpse bodya.tga,animal caribou corpse bodya.tga,32,32,1024,RGBA,True,573,451,0,56,4.0
textures\animal caribou corpse skeletona.tga,animal caribou corpse skeletona.tga,32,32,1024,RGBA,True,722,302,0,58,4.0
textures\animal caribou map.tga,animal caribou map.tga,64,64,4096,RGBA,True,0,0,4096,1,16.0
textures\animal chicken corpse bodya.tga,animal chicken corpse bodya.tga,32,32,1024,RGBA,True,533,491,0,61,4.0
textures\animal chicken corpse skeletona.tga,animal chicken corpse skeletona.tga,32,32,1024,RGBA,True,743,281,0,66,4.0
textures\animal chicken map.tga,animal chicken map.tga,64,64,4096,RGBA,True,0,0,4096,1,16.0
textures\animal chicken.tga,animal chicken.tga,32,32,1024,RGBA,True,0,0,1024,1,4.0
textures\animal cow a map.tga,animal cow a map.tga,128,128,16384,RGBA,True,15944,0,440,2,64.0
textures\animal cow b map.tga,animal cow b map.tga,128,128,16384,RGBA,True,15944,0,440,2,64.0
textures\animal cow c map.tga,animal cow c map.tga,128,128,16384,RGBA,True,15944,0,440,2,64.0
textures\animal cow corpse bodya.tga,animal cow corpse bodya.tga,32,32,1024,RGBA,True,587,437,0,71,4.0
textures\animal cow corpse skeletona.tga,animal cow corpse skeletona.tga,32,32,1024,RGBA,True,736,288,0,66,4.0
textures\animal cow map.tga,animal cow map.tga,64,64,4096,RGBA,True,0,0,4096,1,16.0
textures\animal crocodile corpse bodya.tga,animal crocodile corpse bodya.tga,64,32,2048,RGBA,True,1207,841,0,113,8.0
textures\animal crocodile corpse skeletona.tga,animal crocodile corpse skeletona.tga,64,32,2048,RGBA,True,1540,508,0,89,8.0
textures\animal crocodile map.tga,animal crocodile map.tga,64,64,4096,RGBA,True,0,0,4096,1,16.0
textures\animal crowned crane corpse bodya.tga,animal crowned crane corpse bodya.tga,32,16,512,RGBA,True,228,284,0,67,2.0
textures\animal crowned crane corpse skeletona.tga,animal crowned crane corpse skeletona.tga,32,16,512,RGBA,True,417,95,0,29,2.0
textures\animal crowned crane map.tga,animal crowned crane map.tga,64,64,4096,RGBA,True,0,0,4096,1,16.0
textures\animal deer corpse bodya.tga,animal deer corpse bodya.tga,32,32,1024,RGBA,True,463,561,0,92,4.0
textures\animal deer corpse skeletona.tga,animal deer corpse skeletona.tga,32,32,1024,RGBA,True,719,305,0,63,4.0
textures\animal deer map.tga,animal deer map.tga,64,64,4096,RGBA,True,275,16,3805,3,16.0
textures\animal dove.tga,animal dove.tga,128,64,8192,RGBA,True,0,0,8192,1,32.0
textures\animal duck map.tga,animal duck map.tga,64,64,4096,RGBA,True,0,0,4096,1,16.0
textures\animal eagle map.tga,animal eagle map.tga,64,64,4096,RGBA,True,1430,152,2514,3,16.0
textures\animal elephant map.tga,animal elephant map.tga,128,128,16384,RGBA,True,0,0,16384,1,64.0
textures\animal elk corpse bodya.tga,animal elk corpse bodya.tga,32,32,1024,RGBA,True,589,435,0,67,4.0
textures\animal elk corpse skeletona.tga,animal elk corpse skeletona.tga,32,32,1024,RGBA,True,731,293,0,78,4.0
textures\animal elk map.tga,animal elk map.tga,64,64,4096,RGBA,True,828,37,3231,3,16.0
textures\animal fish anchovy.tga,animal fish anchovy.tga,32,16,512,RGBA,True,0,0,512,1,2.0
textures\animal fish herring.tga,animal fish herring.tga,32,16,512,RGBA,True,0,0,512,1,2.0
textures\animal fish mahi.tga,animal fish mahi.tga,32,16,512,RGBA,True,0,0,512,1,2.0
textures\animal fish perch.tga,animal fish perch.tga,32,16,512,RGBA,True,0,0,512,1,2.0
textures\animal fish salmon.tga,animal fish salmon.tga,32,16,512,RGBA,True,0,0,512,1,2.0
textures\animal flying purple hippo.tga,animal flying purple hippo.tga,256,128,32768,RGBA,True,32768,0,0,1,128.0
textures\animal flying purple love.tga,animal flying purple love.tga,32,32,1024,RGBA,True,338,686,0,36,4.0
textures\animal flying purple rainbow.tga,animal flying purple rainbow.tga,32,32,1024,RGBA,True,0,0,1024,1,4.0
textures\animal gazelle corpse bodya.tga,animal gazelle corpse bodya.tga,32,32,1024,RGBA,True,493,531,0,83,4.0
textures\animal gazelle corpse skeletona.tga,animal gazelle corpse skeletona.tga,32,32,1024,RGBA,True,710,314,0,84,4.0
textures\animal gazelle map.tga,animal gazelle map.tga,64,64,4096,RGBA,True,0,0,4096,1,16.0
textures\animal giraffe corpse bodya.tga,animal giraffe corpse bodya.tga,64,64,4096,RGBA,True,2806,1290,0,117,16.0
textures\animal giraffe corpse skeletona.tga,animal giraffe corpse skeletona.tga,64,64,4096,RGBA,True,3478,618,0,85,16.0
textures\animal giraffe map.tga,animal giraffe map.tga,128,128,16384,RGBA,True,0,0,16384,1,64.0
textures\animal goat corpse bodya.tga,animal goat corpse bodya.tga,32,32,1024,RGBA,True,548,476,0,41,4.0
textures\animal goat corpse skeletona.tga,animal goat corpse skeletona.tga,32,32,1024,RGBA,True,640,384,0,87,4.0
textures\animal goat map.tga,animal goat map.tga,64,64,4096,RGBA,True,3978,11,107,3,16.0
textures\animal goatnubian map.tga,animal goatnubian map.tga,64,64,4096,RGBA,True,4022,0,74,2,16.0
textures\animal hawk map.tga,animal hawk map.tga,64,64,4096,RGBA,True,1815,37,2244,3,16.0
textures\animal hawk.tga,animal hawk.tga,64,64,4096,RGBA,True,1799,42,2255,3,16.0
textures\animal hippo corpse bodya.tga,animal hippo corpse bodya.tga,32,64,2048,RGBA,True,473,1575,0,112,8.0
textures\animal hippo corpse skeletona.tga,animal hippo corpse skeletona.tga,32,64,2048,RGBA,True,1212,836,0,121,8.0
textures\animal hippo map.tga,animal hippo map.tga,128,128,16384,RGBA,True,0,0,16384,1,64.0
textures\animal horse map.tga,animal horse map.tga,64,64,4096,RGBA,True,0,0,4096,1,16.0
textures\animal hyena corpse bodya.tga,animal hyena corpse bodya.tga,32,32,1024,RGBA,True,595,429,0,62,4.0
textures\animal hyena corpse skeletona.tga,animal hyena corpse skeletona.tga,32,32,1024,RGBA,True,777,247,0,51,4.0
textures\animal hyena map.tga,animal hyena map.tga,64,64,4096,RGBA,True,0,0,4096,1,16.0
textures\animal lion corpse bodya.tga,animal lion corpse bodya.tga,32,32,1024,RGBA,True,498,526,0,79,4.0
textures\animal lion corpse skeletona.tga,animal lion corpse skeletona.tga,32,32,1024,RGBA,True,721,303,0,76,4.0
textures\animal lion map.tga,animal lion map.tga,64,64,4096,RGBA,True,0,0,4096,1,16.0
textures\animal lizard corpse bodya.tga,animal lizard corpse bodya.tga,64,32,2048,RGBA,True,1252,796,0,42,8.0
textures\animal lizard corpse skeletona.tga,animal lizard corpse skeletona.tga,64,32,2048,RGBA,True,1543,505,0,34,8.0
textures\animal lizard map.tga,animal lizard map.tga,64,64,4096,RGBA,True,0,0,4096,1,16.0
textures\animal monkey corpse bodya.tga,animal monkey corpse bodya.tga,32,32,1024,RGBA,True,413,611,0,85,4.0
textures\animal monkey corpse skeletona.tga,animal monkey corpse skeletona.tga,32,32,1024,RGBA,True,702,322,0,80,4.0
textures\animal monkey map.tga,animal monkey map.tga,64,64,4096,RGBA,True,0,0,4096,1,16.0
textures\animal musk ox.tga,animal musk ox.tga,128,128,16384,RGBA,True,16384,0,0,1,64.0
textures\animal orca map.tga,animal orca map.tga,128,128,16384,RGBA,True,0,0,16384,1,64.0
textures\animal panda bear corpse bodya.tga,animal panda bear corpse bodya.tga,32,32,1024,RGBA,True,0,0,1024,1,4.0
textures\animal panda bear corpse skeletona.tga,animal panda bear corpse skeletona.tga,32,32,1024,RGBA,True,655,369,0,41,4.0
textures\animal panda bear icon.tga,animal panda bear icon.tga,64,64,4096,RGBA,True,0,0,4096,1,16.0
textures\animal panda bear map.tga,animal panda bear map.tga,64,64,4096,RGBA,True,0,0,4096,1,16.0
textures\animal pig map.tga,animal pig map.tga,64,64,4096,RGBA,True,4022,5,69,3,16.0
textures\animal polar bear map.tga,animal polar bear map.tga,64,64,4096,RGBA,True,0,0,4096,1,16.0
textures\animal prmonkey.tga,animal prmonkey.tga,128,128,16384,RGBA,True,16384,0,0,1,64.0
textures\animal ram map.tga,animal ram map.tga,64,64,4096,RGBA,True,0,0,4096,1,16.0
textures\animal rhino corpse bodya.tga,animal rhino corpse bodya.tga,64,64,4096,RGBA,True,2218,1878,0,103,16.0
textures\animal rhino corpse skeletona.tga,animal rhino corpse skeletona.tga,64,64,4096,RGBA,True,3279,817,0,113,16.0
textures\animal rhino map.tga,animal rhino map.tga,128,128,16384,RGBA,True,0,0,16384,1,64.0
textures\animal rooster.tga,animal rooster.tga,32,32,1024,RGBA,True,0,0,1024,1,4.0
textures\animal sea gull.tga,animal sea gull.tga,64,32,2048,RGBA,True,0,0,2048,1,8.0
textures\animal shark map.tga,animal shark map.tga,64,32,2048,RGBA,True,0,0,2048,1,8.0
textures\animal tiger corpse bodya.tga,animal tiger corpse bodya.tga,32,32,1024,RGBA,True,546,478,0,37,4.0
textures\animal tiger corpse skeletona.tga,animal tiger corpse skeletona.tga,32,32,1024,RGBA,True,722,302,0,37,4.0
textures\animal tiger icon.tga,animal tiger icon.tga,64,64,4096,RGBA,True,0,0,4096,1,16.0
textures\animal tiger map.tga,animal tiger map.tga,128,128,16384,RGBA,True,0,0,16384,1,64.0
textures\animal wallrus corpse bodya.tga,animal wallrus corpse bodya.tga,32,32,1024,RGBA,True,563,461,0,76,4.0
textures\animal wallrus corpse skeletona.tga,animal wallrus corpse skeletona.tga,32,32,1024,RGBA,True,800,224,0,59,4.0
textures\animal walrus map.tga,animal walrus map.tga,64,64,4096,RGBA,True,0,0,4096,1,16.0
textures\animal water buffalo corpse bodya.tga,animal water buffalo corpse bodya.tga,32,32,1024,RGBA,True,587,437,0,71,4.0
textures\animal water buffalo corpse skeletona.tga,animal water buffalo corpse skeletona.tga,32,32,1024,RGBA,True,736,288,0,66,4.0
textures\animal waterbuffalo map.tga,animal waterbuffalo map.tga,64,64,4096,RGBA,True,0,0,4096,1,16.0
textures\animal whale map.tga,animal whale map.tga,128,128,16384,RGBA,True,0,0,16384,1,64.0
textures\animal white tiger map.tga,animal white tiger map.tga,128,128,16384,RGBA,True,15951,264,169,12,64.0
textures\Animal William Walrus Map.tga,Animal William Walrus Map.tga,256,256,65536,RGBA,True,62161,294,3081,68,256.0
textures\animal wolf arctic map.tga,animal wolf arctic map.tga,256,256,65536,RGBA,True,0,0,65536,1,256.0
textures\animal wolf artic map.tga,animal wolf artic map.tga,256,256,65536,RGBA,True,0,0,65536,1,256.0
textures\animal wolf corpse bodya.tga,animal wolf corpse bodya.tga,32,32,1024,RGBA,True,487,537,0,73,4.0
textures\animal wolf corpse skeletona.tga,animal wolf corpse skeletona.tga,32,32,1024,RGBA,True,724,300,0,78,4.0
textures\animal wolf map.tga,animal wolf map.tga,64,64,4096,RGBA,True,0,0,4096,1,16.0
textures\animal yak.tga,animal yak.tga,128,128,16384,RGBA,True,15811,405,168,14,64.0
textures\animal zebra map.tga,animal zebra map.tga,128,128,16384,RGBA,True,0,0,16384,1,64.0
textures\ankh.tga,ankh.tga,32,32,1024,RGBA,True,589,435,0,136,4.0
textures\archer c chu ko nu icon.tga,archer c chu ko nu icon.tga,64,64,4096,RGBA,True,0,0,4096,1,16.0
textures\archer c crossbowman bowstring.tga,archer c crossbowman bowstring.tga,32,4,128,RGBA,True,44,36,48,8,0.5
textures\archer c crossbowman bronze.tga,archer c crossbowman bronze.tga,64,64,4096,RGBA,True,3152,484,460,93,16.0
textures\archer c crossbowman copper.tga,archer c crossbowman copper.tga,64,64,4096,RGBA,True,3152,484,460,93,16.0
textures\archer c crossbowman head bronze.tga,archer c crossbowman head bronze.tga,32,32,1024,RGBA,True,708,217,99,60,4.0
textures\archer c crossbowman head copper.tga,archer c crossbowman head copper.tga,32,32,1024,RGBA,True,708,217,99,60,4.0
textures\archer c crossbowman head iron.tga,archer c crossbowman head iron.tga,32,32,1024,RGBA,True,708,217,99,60,4.0
textures\archer c crossbowman head standard.tga,archer c crossbowman head standard.tga,32,32,1024,RGBA,True,1024,0,0,1,4.0
textures\archer c crossbowman iron.tga,archer c crossbowman iron.tga,64,64,4096,RGBA,True,3152,484,460,93,16.0
textures\archer c crossbowman standard.tga,archer c crossbowman standard.tga,64,64,4096,RGBA,True,3133,533,430,104,16.0
textures\archer c mounted archer bronze.tga,archer c mounted archer bronze.tga,64,64,4096,RGBA,True,3597,109,390,25,16.0
textures\archer c mounted archer copper.tga,archer c mounted archer copper.tga,64,64,4096,RGBA,True,3597,109,390,25,16.0
textures\archer c mounted archer head bronze.tga,archer c mounted archer head bronze.tga,32,32,1024,RGBA,True,1024,0,0,1,4.0
textures\archer c mounted archer head copper.tga,archer c mounted archer head copper.tga,32,32,1024,RGBA,True,1024,0,0,1,4.0
textures\archer c mounted archer head iron.tga,archer c mounted archer head iron.tga,32,32,1024,RGBA,True,1024,0,0,1,4.0
textures\archer c mounted archer head standard.tga,archer c mounted archer head standard.tga,32,32,1024,RGBA,True,1024,0,0,1,4.0
textures\archer c mounted archer horse bronze.tga,archer c mounted archer horse bronze.tga,128,128,16384,RGBA,True,16004,316,64,70,64.0
textures\archer c mounted archer horse copper.tga,archer c mounted archer horse copper.tga,128,128,16384,RGBA,True,16004,316,64,70,64.0
textures\archer c mounted archer horse iron.tga,archer c mounted archer horse iron.tga,128,128,16384,RGBA,True,16004,316,64,70,64.0
textures\archer c mounted archer horse standard.tga,archer c mounted archer horse standard.tga,128,128,16384,RGBA,True,16004,316,64,70,64.0
textures\archer c mounted archer icon.tga,archer c mounted archer icon.tga,64,64,4096,RGBA,True,0,0,4096,1,16.0
textures\archer c mounted archer iron.tga,archer c mounted archer iron.tga,64,64,4096,RGBA,True,3597,109,390,24,16.0
textures\archer c mounted archer standard.tga,archer c mounted archer standard.tga,64,64,4096,RGBA,True,3597,109,390,24,16.0
textures\archer e slinger bronze.tga,archer e slinger bronze.tga,64,64,4096,RGBA,True,3175,37,884,3,16.0
textures\archer e slinger copper.tga,archer e slinger copper.tga,64,64,4096,RGBA,True,3175,21,900,3,16.0
textures\archer e slinger corpse bodya.tga,archer e slinger corpse bodya.tga,32,32,1024,RGBA,True,542,482,0,83,4.0
textures\archer e slinger corpse skeletona.tga,archer e slinger corpse skeletona.tga,32,32,1024,RGBA,True,751,273,0,54,4.0
textures\archer e slinger head bronze.tga,archer e slinger head bronze.tga,32,32,1024,RGBA,True,917,5,102,3,4.0
textures\archer e slinger head copper.tga,archer e slinger head copper.tga,32,32,1024,RGBA,True,917,5,102,3,4.0
textures\archer e slinger head iron.tga,archer e slinger head iron.tga,32,32,1024,RGBA,True,917,5,102,3,4.0
textures\archer e slinger head standard.tga,archer e slinger head standard.tga,32,32,1024,RGBA,True,917,5,102,3,4.0
textures\archer e slinger iron.tga,archer e slinger iron.tga,64,64,4096,RGBA,True,3327,75,694,3,16.0
textures\archer e slinger map.tga,archer e slinger map.tga,64,64,4096,RGBA,True,972,16,3108,3,16.0
textures\archer e slinger standard.tga,archer e slinger standard.tga,64,64,4096,RGBA,True,2743,48,1305,3,16.0
textures\archer g crossbow.tga,archer g crossbow.tga,64,64,4096,RGBA,True,2077,10,2009,3,16.0
textures\archer g crossbowman corpse bodya.tga,archer g crossbowman corpse bodya.tga,32,32,1024,RGBA,True,733,291,0,70,4.0
textures\archer g crossbowman corpse skeletona.tga,archer g crossbowman corpse skeletona.tga,32,32,1024,RGBA,True,733,291,0,70,4.0
textures\archer g crossbowman head.tga,archer g crossbowman head.tga,32,32,1024,RGBA,True,0,0,1024,1,4.0
textures\archer g crossbowman.tga,archer g crossbowman.tga,64,64,4096,RGBA,True,3526,5,565,3,16.0
textures\archer g peltast bronze.tga,archer g peltast bronze.tga,64,64,4096,RGBA,True,2927,22,1147,3,16.0
textures\archer g peltast cape bronze.tga,archer g peltast cape bronze.tga,64,64,4096,RGBA,True,782,0,3314,2,16.0
textures\archer g peltast cape copper.tga,archer g peltast cape copper.tga,64,64,4096,RGBA,True,782,0,3314,2,16.0
textures\archer g peltast cape iron.tga,archer g peltast cape iron.tga,64,64,4096,RGBA,True,782,0,3314,2,16.0
textures\archer g peltast cape standard.tga,archer g peltast cape standard.tga,64,64,4096,RGBA,True,782,0,3314,2,16.0
textures\archer g peltast cape.tga,archer g peltast cape.tga,32,32,1024,RGBA,True,0,0,1024,1,4.0
textures\archer g peltast copper.tga,archer g peltast copper.tga,64,64,4096,RGBA,True,2434,16,1646,3,16.0
textures\archer g peltast corpse bodya.tga,archer g peltast corpse bodya.tga,32,32,1024,RGBA,True,673,351,0,64,4.0
textures\archer g peltast corpse skeletona.tga,archer g peltast corpse skeletona.tga,32,32,1024,RGBA,True,670,354,0,79,4.0
textures\archer g peltast head bronze.tga,archer g peltast head bronze.tga,32,32,1024,RGBA,True,654,21,349,3,4.0
textures\archer g peltast head copper.tga,archer g peltast head copper.tga,32,32,1024,RGBA,True,654,21,349,3,4.0
textures\archer g peltast head iron.tga,archer g peltast head iron.tga,32,32,1024,RGBA,True,654,21,349,3,4.0
textures\archer g peltast head standard.tga,archer g peltast head standard.tga,32,32,1024,RGBA,True,654,21,349,3,4.0
textures\archer g peltast iron.tga,archer g peltast iron.tga,64,64,4096,RGBA,True,3418,33,645,3,16.0
textures\archer g peltast low bronze.tga,archer g peltast low bronze.tga,32,32,1024,RGBA,True,736,22,266,3,4.0
textures\archer g peltast low copper.tga,archer g peltast low copper.tga,32,32,1024,RGBA,True,703,0,321,2,4.0
textures\archer g peltast low iron.tga,archer g peltast low iron.tga,32,32,1024,RGBA,True,736,22,266,3,4.0
textures\archer g peltast low standard.tga,archer g peltast low standard.tga,32,32,1024,RGBA,True,847,10,167,3,4.0
textures\archer g peltast standard.tga,archer g peltast standard.tga,64,64,4096,RGBA,True,1873,22,2201,3,16.0
textures\archer g toxotes bronze.tga,archer g toxotes bronze.tga,64,64,4096,RGBA,True,3176,38,882,3,16.0
textures\archer g toxotes copper.tga,archer g toxotes copper.tga,64,64,4096,RGBA,True,2850,42,1204,3,16.0
textures\archer g toxotes corpse bodya.tga,archer g toxotes corpse bodya.tga,32,32,1024,RGBA,True,623,401,0,74,4.0
textures\archer g toxotes corpse skeletona.tga,archer g toxotes corpse skeletona.tga,32,32,1024,RGBA,True,764,260,0,44,4.0
textures\archer g toxotes head bronze.tga,archer g toxotes head bronze.tga,32,32,1024,RGBA,True,921,0,103,2,4.0
textures\archer g toxotes head copper.tga,archer g toxotes head copper.tga,32,32,1024,RGBA,True,921,0,103,2,4.0
textures\archer g toxotes head iron.tga,archer g toxotes head iron.tga,32,32,1024,RGBA,True,921,0,103,2,4.0
textures\archer g toxotes head standard.tga,archer g toxotes head standard.tga,32,32,1024,RGBA,True,921,0,103,2,4.0
textures\archer g toxotes iron.tga,archer g toxotes iron.tga,64,64,4096,RGBA,True,3080,21,995,3,16.0
textures\archer g toxotes standard.tga,archer g toxotes standard.tga,64,64,4096,RGBA,True,2620,44,1432,3,16.0
textures\archer n normal bronze.tga,archer n normal bronze.tga,64,64,4096,RGBA,True,3461,194,441,41,16.0
textures\archer n normal copper.tga,archer n normal copper.tga,64,64,4096,RGBA,True,3461,194,441,41,16.0
textures\archer n normal head bronze.tga,archer n normal head bronze.tga,32,32,1024,RGBA,True,1024,0,0,1,4.0
textures\archer n normal head copper.tga,archer n normal head copper.tga,32,32,1024,RGBA,True,1024,0,0,1,4.0
textures\archer n normal head iron.tga,archer n normal head iron.tga,32,32,1024,RGBA,True,1024,0,0,1,4.0
textures\archer n normal head standard.tga,archer n normal head standard.tga,32,32,1024,RGBA,True,1024,0,0,1,4.0
textures\archer n normal iron.tga,archer n normal iron.tga,64,64,4096,RGBA,True,3461,194,441,41,16.0
textures\archer n normal standard.tga,archer n normal standard.tga,64,64,4096,RGBA,True,3416,85,595,8,16.0
textures\archer n throwing axeman axe map.tga,archer n throwing axeman axe map.tga,16,32,512,RGBA,True,293,11,208,3,2.0
textures\archer n throwing axeman bronze.tga,archer n throwing axeman bronze.tga,64,64,4096,RGBA,True,2829,77,1190,3,16.0
textures\archer n throwing axeman copper.tga,archer n throwing axeman copper.tga,64,64,4096,RGBA,True,2711,66,1319,3,16.0
textures\archer n throwing axeman corpse bodya.tga,archer n throwing axeman corpse bodya.tga,32,32,1024,RGBA,True,652,372,0,70,4.0
textures\archer n throwing axeman corpse skeletona.tga,archer n throwing axeman corpse skeletona.tga,32,32,1024,RGBA,True,647,377,0,78,4.0
textures\archer n throwing axeman head bronze.tga,archer n throwing axeman head bronze.tga,32,32,1024,RGBA,True,0,0,1024,1,4.0
textures\archer n throwing axeman head copper.tga,archer n throwing axeman head copper.tga,32,32,1024,RGBA,True,0,0,1024,1,4.0
textures\archer n throwing axeman head iron.tga,archer n throwing axeman head iron.tga,32,32,1024,RGBA,True,0,0,1024,1,4.0
textures\archer n throwing axeman head low bronze.tga,archer n throwing axeman head low bronze.tga,16,16,256,RGBA,True,0,0,256,1,1.0
textures\archer n throwing axeman head low copper.tga,archer n throwing axeman head low copper.tga,16,16,256,RGBA,True,0,0,256,1,1.0
textures\archer n throwing axeman head low iron.tga,archer n throwing axeman head low iron.tga,16,16,256,RGBA,True,0,0,256,1,1.0
textures\archer n throwing axeman head low standard.tga,archer n throwing axeman head low standard.tga,16,16,256,RGBA,True,0,0,256,1,1.0
textures\archer n throwing axeman head standard.tga,archer n throwing axeman head standard.tga,32,32,1024,RGBA,True,0,0,1024,1,4.0
textures\archer n throwing axeman iron.tga,archer n throwing axeman iron.tga,64,64,4096,RGBA,True,3258,33,805,3,16.0
textures\archer n throwing axeman low bronze.tga,archer n throwing axeman low bronze.tga,32,32,1024,RGBA,True,916,0,108,2,4.0
textures\archer n throwing axeman low copper.tga,archer n throwing axeman low copper.tga,32,32,1024,RGBA,True,916,0,108,2,4.0
textures\archer n throwing axeman low iron.tga,archer n throwing axeman low iron.tga,32,32,1024,RGBA,True,916,0,108,2,4.0
textures\archer n throwing axeman low standard.tga,archer n throwing axeman low standard.tga,32,32,1024,RGBA,True,916,0,108,2,4.0
textures\archer n throwing axeman standard.tga,archer n throwing axeman standard.tga,64,64,4096,RGBA,True,1923,5,2168,3,16.0
textures\archer x arcus corpse bodya.tga,archer x arcus corpse bodya.tga,32,32,1024,RGBA,True,725,299,0,58,4.0
textures\archer x arcus corpse skeletona.tga,archer x arcus corpse skeletona.tga,32,32,1024,RGBA,True,884,140,0,2,4.0
textures\archer x bronze.tga,archer x bronze.tga,64,64,4096,RGBA,True,3484,11,601,3,16.0
textures\archer x copper.tga,archer x copper.tga,64,64,4096,RGBA,True,3484,11,601,3,16.0
textures\archer x hero.tga,archer x hero.tga,64,64,4096,RGBA,True,3484,11,601,3,16.0
textures\archer x iron.tga,archer x iron.tga,64,64,4096,RGBA,True,3484,11,601,3,16.0
textures\archer x standard.tga,archer x standard.tga,64,64,4096,RGBA,True,3484,11,601,3,16.0
textures\arrow_down.tga,arrow_down.tga,32,32,1024,RGBA,True,0,0,1024,1,4.0
textures\arrow_up.tga,arrow_up.tga,32,32,1024,RGBA,True,0,0,1024,1,4.0
textures\ashbow.tga,ashbow.tga,16,32,512,RGBA,True,0,0,512,1,2.0
textures\ashbowquiver.tga,ashbowquiver.tga,32,32,1024,RGBA,True,0,0,1024,1,4.0
textures\athenamap.tga,athenamap.tga,256,256,65536,RGBA,True,61285,69,4182,3,256.0
textures\attachment c halberd head bronze.tga,attachment c halberd head bronze.tga,32,32,1024,RGBA,True,0,0,1024,1,4.0
textures\attachment c halberd head copper.tga,attachment c halberd head copper.tga,32,32,1024,RGBA,True,0,0,1024,1,4.0
textures\attachment c halberd head iron.tga,attachment c halberd head iron.tga,32,32,1024,RGBA,True,0,0,1024,1,4.0
textures\attachment c halberd head standard.tga,attachment c halberd head standard.tga,32,32,1024,RGBA,True,0,0,1024,1,4.0
textures\attachment g gargarensis trident.tga,attachment g gargarensis trident.tga,64,64,4096,RGBA,True,0,0,4096,1,16.0
textures\attachment g spear.tga,attachment g spear.tga,128,128,16384,RGBA,True,0,0,16384,1,64.0
textures\attachment g spear_01.tga,attachment g spear_01.tga,128,128,16384,RGBA,True,0,0,16384,1,64.0
textures\attachments a arrow map.tga,attachments a arrow map.tga,32,32,1024,RGBA,True,684,10,330,3,4.0
textures\attachments a arrow.tga,attachments a arrow.tga,32,16,512,RGBA,True,220,0,292,2,2.0
textures\attachments a axe map.tga,attachments a axe map.tga,32,32,1024,RGBA,True,0,0,1024,1,4.0
textures\attachments a blood spurt map.tga,attachments a blood spurt map.tga,32,32,1024,RGBA,True,475,549,0,102,4.0
textures\attachments a bow bronze.tga,attachments a bow bronze.tga,64,16,1024,RGBA,True,0,0,1024,1,4.0
textures\attachments a bow copper.tga,attachments a bow copper.tga,64,16,1024,RGBA,True,0,0,1024,1,4.0
textures\attachments a bow iron.tga,attachments a bow iron.tga,64,16,1024,RGBA,True,0,0,1024,1,4.0
textures\attachments a bow map.tga,attachments a bow map.tga,64,32,2048,RGBA,True,0,0,2048,1,8.0
textures\attachments a bow standard.tga,attachments a bow standard.tga,64,16,1024,RGBA,True,0,0,1024,1,4.0
textures\attachments a club.tga,attachments a club.tga,32,16,512,RGBA,True,0,0,512,1,2.0
textures\attachments a footprint siege.tga,attachments a footprint siege.tga,16,32,512,RGBA,True,75,437,0,71,2.0
textures\attachments a footstep animal.tga,attachments a footstep animal.tga,32,32,1024,RGBA,True,540,484,0,93,4.0
textures\attachments a footstep bare.tga,attachments a footstep bare.tga,32,32,1024,RGBA,True,97,927,0,55,4.0
textures\attachments a footstep elephant.tga,attachments a footstep elephant.tga,32,32,1024,RGBA,True,390,634,0,65,4.0
textures\attachments a footstep horse.tga,attachments a footstep horse.tga,32,32,1024,RGBA,True,0,1024,0,83,4.0
textures\attachments a footstep portable ram.tga,attachments a footstep portable ram.tga,64,64,4096,RGBA,True,3017,1079,0,50,16.0
textures\attachments a footstep prometheanbig.tga,attachments a footstep prometheanbig.tga,32,32,1024,RGBA,True,503,521,0,66,4.0
textures\attachments a footstep scarab.tga,attachments a footstep scarab.tga,32,32,1024,RGBA,True,589,435,0,105,4.0
textures\attachments a hammer map.tga,attachments a hammer map.tga,32,32,1024,RGBA,True,0,0,1024,1,4.0
textures\attachments a hoe map.tga,attachments a hoe map.tga,32,32,1024,RGBA,True,0,0,1024,1,4.0
textures\attachments a picks map.tga,attachments a picks map.tga,16,16,256,RGBA,True,0,0,256,1,1.0
textures\attachments a quiver.tga,attachments a quiver.tga,32,16,512,RGBA,True,0,0,512,1,2.0
textures\attachments a resources map.tga,attachments a resources map.tga,128,64,8192,RGBA,True,0,0,8192,1,32.0
textures\attachments a seeds.tga,attachments a seeds.tga,32,32,1024,RGBA,True,820,15,189,3,4.0
textures\attachments a shields map.tga,attachments a shields map.tga,128,128,16384,RGBA,True,14034,156,2194,3,64.0
textures\attachments a shovel.tga,attachments a shovel.tga,64,8,512,RGBA,True,0,0,512,1,2.0
textures\attachments a skeleton.tga,attachments a skeleton.tga,64,64,4096,RGBA,True,0,0,4096,1,16.0
textures\attachments a sling.tga,attachments a sling.tga,64,32,2048,RGBA,True,0,0,2048,1,8.0
textures\attachments a spear bronze.tga,attachments a spear bronze.tga,128,16,2048,RGBA,True,1018,22,1008,3,8.0
textures\attachments a spear copper.tga,attachments a spear copper.tga,128,16,2048,RGBA,True,204,22,1822,3,8.0
textures\attachments a spear iron.tga,attachments a spear iron.tga,128,16,2048,RGBA,True,1194,0,854,2,8.0
textures\attachments a spear standard.tga,attachments a spear standard.tga,128,16,2048,RGBA,True,204,22,1822,3,8.0
textures\attachments a sword swoosh.tga,attachments a sword swoosh.tga,64,64,4096,RGBA,True,0,0,4096,1,16.0
textures\attachments a trident map.tga,attachments a trident map.tga,32,32,1024,RGBA,True,0,0,1024,1,4.0
textures\attachments a wheel solid.tga,attachments a wheel solid.tga,64,64,4096,RGBA,True,876,1757,1463,53,16.0
textures\attachments a wheel spoked.tga,attachments a wheel spoked.tga,64,64,4096,RGBA,True,2140,372,1584,77,16.0
textures\attachments c fire lance.tga,attachments c fire lance.tga,64,128,8192,RGBA,True,0,0,8192,1,32.0
textures\attachments c flag naval.tga,attachments c flag naval.tga,64,32,2048,RGBA,True,856,465,727,14,8.0
textures\attachments c halberd bronze.tga,attachments c halberd bronze.tga,128,16,2048,RGBA,True,0,0,2048,1,8.0
textures\attachments c halberd copper.tga,attachments c halberd copper.tga,128,16,2048,RGBA,True,0,0,2048,1,8.0
textures\attachments c halberd iron.tga,attachments c halberd iron.tga,128,16,2048,RGBA,True,0,0,2048,1,8.0
textures\attachments c halberd standard.tga,attachments c halberd standard.tga,128,16,2048,RGBA,True,0,0,2048,1,8.0
textures\attachments c sword jiaolong.tga,attachments c sword jiaolong.tga,32,16,512,RGBA,True,0,0,512,1,2.0
textures\attachments e axe bronze.tga,attachments e axe bronze.tga,32,32,1024,RGBA,True,544,32,448,3,4.0
textures\attachments e axe copper.tga,attachments e axe copper.tga,32,32,1024,RGBA,True,606,32,386,3,4.0
textures\attachments e axe iron.tga,attachments e axe iron.tga,32,32,1024,RGBA,True,542,22,460,3,4.0
textures\attachments e axe standard.tga,attachments e axe standard.tga,32,32,1024,RGBA,True,188,54,782,3,4.0
textures\attachments e osiris weapons.tga,attachments e osiris weapons.tga,64,64,4096,RGBA,True,0,0,4096,1,16.0
textures\attachments e shield bronze.tga,attachments e shield bronze.tga,128,64,8192,RGBA,True,6922,131,1139,3,32.0
textures\attachments e shield copper.tga,attachments e shield copper.tga,128,64,8192,RGBA,True,6820,57,1315,3,32.0
textures\attachments e shield iron.tga,attachments e shield iron.tga,128,64,8192,RGBA,True,6966,122,1104,3,32.0
textures\attachments e sling stone map.tga,attachments e sling stone map.tga,16,16,256,RGBA,True,89,167,0,43,1.0
textures\attachments e sword bronze.tga,attachments e sword bronze.tga,32,16,512,RGBA,True,267,0,245,2,2.0
textures\attachments e sword copper.tga,attachments e sword copper.tga,32,16,512,RGBA,True,271,32,209,3,2.0
textures\attachments e sword iron.tga,attachments e sword iron.tga,32,16,512,RGBA,True,248,0,264,2,2.0
textures\attachments e sword standard.tga,attachments e sword standard.tga,32,16,512,RGBA,True,234,32,246,3,2.0
textures\attachments g polyphemus club.tga,attachments g polyphemus club.tga,32,32,1024,RGBA,True,0,0,1024,1,4.0
textures\attachments g shield bronze.tga,attachments g shield bronze.tga,128,64,8192,RGBA,True,7059,186,947,3,32.0
textures\attachments g shield copper.tga,attachments g shield copper.tga,128,64,8192,RGBA,True,7000,47,1145,3,32.0
textures\attachments g shield iron cine.tga,attachments g shield iron cine.tga,32,32,1024,RGBA,True,0,0,1024,1,4.0
textures\attachments g shield iron.tga,attachments g shield iron.tga,128,64,8192,RGBA,True,6908,143,1141,3,32.0
textures\attachments g sword bronze.tga,attachments g sword bronze.tga,32,16,512,RGBA,True,254,0,258,2,2.0
textures\attachments g sword copper.tga,attachments g sword copper.tga,32,16,512,RGBA,True,254,0,258,2,2.0
textures\attachments g sword iron.tga,attachments g sword iron.tga,32,16,512,RGBA,True,254,0,258,2,2.0
textures\attachments g sword standard.tga,attachments g sword standard.tga,32,16,512,RGBA,True,254,0,258,2,2.0
textures\attachments mu x automaton.tga,attachments mu x automaton.tga,64,64,4096,RGBA,True,3746,48,302,3,16.0
textures\attachments n axe bronze.tga,attachments n axe bronze.tga,32,32,1024,RGBA,True,378,11,635,3,4.0
textures\attachments n axe copper.tga,attachments n axe copper.tga,32,32,1024,RGBA,True,275,5,744,3,4.0
textures\attachments n axe iron.tga,attachments n axe iron.tga,32,32,1024,RGBA,True,353,10,661,3,4.0
textures\attachments n axe standard.tga,attachments n axe standard.tga,32,32,1024,RGBA,True,267,16,741,3,4.0
textures\attachments n oxcart wheel.tga,attachments n oxcart wheel.tga,64,64,4096,RGBA,True,899,395,2802,65,16.0
textures\attachments n shield bronze.tga,attachments n shield bronze.tga,128,64,8192,RGBA,True,6734,37,1421,3,32.0
textures\attachments n shield cinepirateship map.tga,attachments n shield cinepirateship map.tga,64,64,4096,RGBA,True,0,0,4096,1,16.0
textures\attachments n shield copper.tga,attachments n shield copper.tga,128,64,8192,RGBA,True,6799,69,1324,3,32.0
textures\attachments n shield iron.tga,attachments n shield iron.tga,128,64,8192,RGBA,True,7044,90,1058,3,32.0
textures\attachments n sword bronze.tga,attachments n sword bronze.tga,32,16,512,RGBA,True,264,0,248,2,2.0
textures\attachments n sword copper.tga,attachments n sword copper.tga,32,16,512,RGBA,True,264,0,248,2,2.0
textures\attachments n sword iron.tga,attachments n sword iron.tga,32,16,512,RGBA,True,264,0,248,2,2.0
textures\attachments n sword standard.tga,attachments n sword standard.tga,32,16,512,RGBA,True,264,0,248,2,2.0
textures\attachments scenario e osiris weapons.tga,attachments scenario e osiris weapons.tga,64,64,4096,RGBA,True,0,0,4096,1,16.0
textures\attachments x double sword bronze.tga,attachments x double sword bronze.tga,32,16,512,RGBA,True,270,0,242,2,2.0
textures\attachments x double sword copper.tga,attachments x double sword copper.tga,32,16,512,RGBA,True,270,0,242,2,2.0
textures\attachments x double sword iron.tga,attachments x double sword iron.tga,32,16,512,RGBA,True,269,0,243,2,2.0
textures\attachments x double sword standard.tga,attachments x double sword standard.tga,32,16,512,RGBA,True,270,0,242,2,2.0
textures\attachments x lance bronze.tga,attachments x lance bronze.tga,64,16,1024,RGBA,True,550,22,452,3,4.0
textures\attachments x lance copper.tga,attachments x lance copper.tga,64,16,1024,RGBA,True,550,22,452,3,4.0
textures\attachments x lance iron.tga,attachments x lance iron.tga,64,16,1024,RGBA,True,550,22,452,3,4.0
textures\attachments x lance standard.tga,attachments x lance standard.tga,64,16,1024,RGBA,True,550,22,452,3,4.0
textures\attachments x mace bronze.tga,attachments x mace bronze.tga,64,16,1024,RGBA,True,831,0,193,2,4.0
textures\attachments x mace copper.tga,attachments x mace copper.tga,64,16,1024,RGBA,True,831,0,193,2,4.0
textures\attachments x mace iron.tga,attachments x mace iron.tga,64,16,1024,RGBA,True,831,0,193,2,4.0
textures\attachments x mace standard.tga,attachments x mace standard.tga,64,16,1024,RGBA,True,831,0,193,2,4.0
textures\attachments x mace.tga,attachments x mace.tga,32,32,1024,RGBA,True,0,0,1024,1,4.0
textures\attachments x shield champion.tga,attachments x shield champion.tga,128,64,8192,RGBA,True,7217,134,841,3,32.0
textures\attachments x shield heavy.tga,attachments x shield heavy.tga,128,64,8192,RGBA,True,7058,141,993,3,32.0
textures\attachments x shield hero.tga,attachments x shield hero.tga,128,64,8192,RGBA,True,7217,134,841,3,32.0
textures\attachments x shield medium.tga,attachments x shield medium.tga,128,64,8192,RGBA,True,7059,111,1022,3,32.0
textures\attachments x sword bronze.tga,attachments x sword bronze.tga,32,16,512,RGBA,True,303,0,209,2,2.0
textures\attachments x sword copper.tga,attachments x sword copper.tga,32,16,512,RGBA,True,300,0,212,2,2.0
textures\attachments x sword iron.tga,attachments x sword iron.tga,32,16,512,RGBA,True,303,0,209,2,2.0
textures\attachments x sword standard.tga,attachments x sword standard.tga,32,16,512,RGBA,True,300,0,212,2,2.0
textures\bastardblade.tga,bastardblade.tga,16,32,512,RGBA,True,0,0,512,1,2.0
textures\bastardhilt.tga,bastardhilt.tga,8,16,128,RGBA,True,0,0,128,1,0.5
textures\bella.tga,bella.tga,128,128,16384,RGBA,True,0,0,16384,1,64.0
textures\bevel_round_in.tga,bevel_round_in.tga,32,32,1024,RGBA,True,0,0,1024,1,4.0
textures\bevel_round_out.tga,bevel_round_out.tga,32,32,1024,RGBA,True,0,0,1024,1,4.0
textures\bevel_square_in.tga,bevel_square_in.tga,32,32,1024,RGBA,True,784,240,0,4,4.0
textures\bevel_square_out.tga,bevel_square_out.tga,32,32,1024,RGBA,True,784,240,0,4,4.0
textures\blackcircle.tga,blackcircle.tga,16,16,256,RGBA,True,128,128,0,33,1.0
textures\blackedgecorner.tga,blackedgecorner.tga,16,16,256,RGBA,True,129,127,0,18,1.0
textures\blacklshape.tga,blacklshape.tga,16,16,256,RGBA,True,80,176,0,54,1.0
textures\blackonecorner.tga,blackonecorner.tga,16,16,256,RGBA,True,225,31,0,13,1.0
textures\blackoneedge.tga,blackoneedge.tga,16,16,256,RGBA,True,160,96,0,7,1.0
textures\blackround.tga,blackround.tga,64,64,4096,RGBA,True,622,3474,0,85,16.0
textures\blacktwocorners.tga,blacktwocorners.tga,16,16,256,RGBA,True,194,62,0,13,1.0
textures\blacktwoedges.tga,blacktwoedges.tga,16,16,256,RGBA,True,64,192,0,7,1.0
textures\blacktwooppositecorners.tga,blacktwooppositecorners.tga,16,16,256,RGBA,True,194,62,0,13,1.0
textures\blackushape.tga,blackushape.tga,16,16,256,RGBA,True,6,250,0,43,1.0
textures\blanktree.tga,blanktree.tga,8,8,64,RGBA,True,0,0,64,1,0.3
textures\blendtwoedgesbhcity .tga,blendtwoedgesbhcity .tga,32,32,1024,RGBA,True,0,0,1024,1,4.0
textures\blessed construction field.tga,blessed construction field.tga,128,128,16384,RGBA,True,8208,8176,0,187,64.0
textures\blessed construction sparkle.tga,blessed construction sparkle.tga,64,64,4096,RGBA,True,0,0,4096,1,16.0
textures\blood.tga,blood.tga,64,64,4096,RGBA,True,2331,1765,0,160,16.0
textures\blue.tga,blue.tga,32,32,1024,RGBA,True,0,0,1024,1,4.0
textures\bluesparkle.tga,bluesparkle.tga,128,128,16384,RGBA,True,14957,1427,0,144,64.0
textures\boat c fire ship chinese icon.tga,boat c fire ship chinese icon.tga,64,64,4096,RGBA,True,0,0,4096,1,16.0
textures\boat c fishing boat icon.tga,boat c fishing boat icon.tga,64,64,4096,RGBA,True,0,0,4096,1,16.0
textures\boat c junk icon.tga,boat c junk icon.tga,64,64,4096,RGBA,True,0,0,4096,1,16.0
textures\boat c siege ship chinese icon.tga,boat c siege ship chinese icon.tga,64,64,4096,RGBA,True,0,0,4096,1,16.0
textures\boat c transport icon.tga,boat c transport icon.tga,64,64,4096,RGBA,True,0,0,4096,1,16.0
textures\bottom tab in.tga,bottom tab in.tga,32,64,2048,RGBA,True,0,0,2048,1,8.0
textures\bottom tab out.tga,bottom tab out.tga,32,64,2048,RGBA,True,0,0,2048,1,8.0
textures\building attachments.tga,building attachments.tga,256,256,65536,RGBA,True,30811,813,33912,3,256.0
textures\building c accessories.tga,building c accessories.tga,256,256,65536,RGBA,True,62490,1156,1890,95,256.0
textures\building c armory age2 shadow.tga,building c armory age2 shadow.tga,64,64,4096,RGBA,True,4096,0,0,1,16.0
textures\building c barracks age2 shadow.tga,building c barracks age2 shadow.tga,64,64,4096,RGBA,True,1577,2519,0,41,16.0
textures\building c castle age3 shadow.tga,building c castle age3 shadow.tga,64,64,4096,RGBA,True,4096,0,0,1,16.0
textures\building c dock age1 shadow.tga,building c dock age1 shadow.tga,64,64,4096,RGBA,True,4096,0,0,1,16.0
textures\building c earthen wall.tga,building c earthen wall.tga,256,256,65536,RGBA,True,64284,0,1252,2,256.0
textures\building c fortified wall.tga,building c fortified wall.tga,256,256,65536,RGBA,True,64284,0,1252,2,256.0
textures\building c garden age1 decal.tga,building c garden age1 decal.tga,256,256,65536,RGBA,True,35059,14042,16435,74,256.0
textures\building c garden age1 shadow.tga,building c garden age1 shadow.tga,64,64,4096,RGBA,True,4096,0,0,1,16.0
textures\building c garden age3 decal.tga,building c garden age3 decal.tga,256,256,65536,RGBA,True,35059,14042,16435,74,256.0
textures\building c great wall.tga,building c great wall.tga,256,256,65536,RGBA,True,64284,0,1252,2,256.0
textures\building c guardtower shadow.tga,building c guardtower shadow.tga,64,64,4096,RGBA,True,4096,0,0,1,16.0
textures\building c housea age1 shadow.tga,building c housea age1 shadow.tga,64,64,4096,RGBA,True,4096,0,0,1,16.0
textures\building c houseb age1 shadow.tga,building c houseb age1 shadow.tga,64,64,4096,RGBA,True,4096,0,0,1,16.0
textures\building c housec age1 shadow.tga,building c housec age1 shadow.tga,64,64,4096,RGBA,True,4096,0,0,1,16.0
textures\building c market age3 shadow.tga,building c market age3 shadow.tga,64,64,4096,RGBA,True,4096,0,0,1,16.0
textures\building c props.tga,building c props.tga,256,256,65536,RGBA,True,204,284,65048,69,256.0
textures\building c roofage1.tga,building c roofage1.tga,256,256,65536,RGBA,True,65536,0,0,1,256.0
textures\building c roofage2.tga,building c roofage2.tga,256,256,65536,RGBA,True,65536,0,0,1,256.0
textures\building c roofage3.tga,building c roofage3.tga,256,256,65536,RGBA,True,65536,0,0,1,256.0
textures\building c roofage4.tga,building c roofage4.tga,256,256,65536,RGBA,True,65536,0,0,1,256.0
textures\building c settlement age1 shadow.tga,building c settlement age1 shadow.tga,64,64,4096,RGBA,True,4096,0,0,1,16.0
textures\building c special.tga,building c special.tga,256,256,65536,RGBA,True,65536,0,0,1,256.0
textures\building c stable age2 shadow.tga,building c stable age2 shadow.tga,64,64,4096,RGBA,True,4096,0,0,1,16.0
textures\building c stone wall.tga,building c stone wall.tga,256,256,65536,RGBA,True,64284,0,1252,2,256.0
textures\building c storage pit age1 shadow.tga,building c storage pit age1 shadow.tga,64,64,4096,RGBA,True,4096,0,0,1,16.0
textures\building c temple age1 shadow.tga,building c temple age1 shadow.tga,64,64,4096,RGBA,True,4096,0,0,1,16.0
textures\building c titan gate decal.tga,building c titan gate decal.tga,256,256,65536,RGBA,True,28998,36538,0,243,256.0
textures\building c titan gate door map.tga,building c titan gate door map.tga,128,128,16384,RGBA,True,13369,1333,1682,135,64.0
textures\building c titan gate map.tga,building c titan gate map.tga,256,256,65536,RGBA,True,54129,243,11164,3,256.0
textures\building c titan gate rocks.tga,building c titan gate rocks.tga,128,128,16384,RGBA,True,16384,0,0,1,64.0
textures\building c tower age2.tga,building c tower age2.tga,256,256,65536,RGBA,True,64164,0,1372,2,256.0
textures\building c tower age3.tga,building c tower age3.tga,256,256,65536,RGBA,True,64164,0,1372,2,256.0
textures\building c tower age4.tga,building c tower age4.tga,256,256,65536,RGBA,True,64164,0,1372,2,256.0
textures\building c wallsage1.tga,building c wallsage1.tga,256,256,65536,RGBA,True,56800,8424,312,11,256.0
textures\building c wallsage2.tga,building c wallsage2.tga,256,256,65536,RGBA,True,56800,8424,312,11,256.0
textures\building c wallsage3.tga,building c wallsage3.tga,256,256,65536,RGBA,True,56800,8424,312,11,256.0
textures\building c wallsage4.tga,building c wallsage4.tga,256,256,65536,RGBA,True,56800,8424,312,11,256.0
textures\building c watchtower shadow.tga,building c watchtower shadow.tga,64,64,4096,RGBA,True,4096,0,0,1,16.0
textures\building c wonder city floor.tga,building c wonder city floor.tga,256,256,65536,RGBA,True,65536,0,0,1,256.0
textures\building c wonder city roof.tga,building c wonder city roof.tga,256,256,65536,RGBA,True,65536,0,0,1,256.0
textures\building c wonder city shadow.tga,building c wonder city shadow.tga,64,64,4096,RGBA,True,4096,0,0,1,16.0
textures\building c wonder city walls.tga,building c wonder city walls.tga,256,256,65536,RGBA,True,65536,0,0,1,256.0
textures\building c wonder palace floor.tga,building c wonder palace floor.tga,256,256,65536,RGBA,True,65536,0,0,1,256.0
textures\building c wonder palace roof.tga,building c wonder palace roof.tga,256,256,65536,RGBA,True,65536,0,0,1,256.0
textures\building c wonder palace shadow.tga,building c wonder palace shadow.tga,64,64,4096,RGBA,True,4096,0,0,1,16.0
textures\building c wonder palace walls.tga,building c wonder palace walls.tga,256,256,65536,RGBA,True,64007,1513,16,11,256.0
textures\building c wonder temple shadow.tga,building c wonder temple shadow.tga,64,64,4096,RGBA,True,4096,0,0,1,16.0
textures\building c wonder temple.tga,building c wonder temple.tga,256,256,65536,RGBA,True,64964,0,572,2,256.0
textures\building construction 3x3 shadow.tga,building construction 3x3 shadow.tga,64,64,4096,RGBA,True,2518,1578,0,89,16.0
textures\building construction 5x2.tga,building construction 5x2.tga,32,64,2048,RGBA,True,1064,984,0,118,8.0
textures\building construction armory shadow.tga,building construction armory shadow.tga,64,64,4096,RGBA,True,1062,3034,0,185,16.0
textures\building construction connectorwalla shadow.tga,building construction connectorwalla shadow.tga,64,64,4096,RGBA,True,2023,2073,0,159,16.0
textures\building construction guild shadow.tga,building construction guild shadow.tga,64,64,4096,RGBA,True,2105,1991,0,81,16.0
textures\building construction large shadow.tga,building construction large shadow.tga,64,64,4096,RGBA,True,1034,3062,0,213,16.0
textures\building construction longwalla shadow.tga,building construction longwalla shadow.tga,128,32,4096,RGBA,True,1751,2345,0,150,16.0
textures\building construction manor shadow.tga,building construction manor shadow.tga,64,64,4096,RGBA,True,1475,2621,0,114,16.0
textures\building construction medium shadow.tga,building construction medium shadow.tga,64,64,4096,RGBA,True,1236,2860,0,148,16.0
textures\building construction small shadow.tga,building construction small shadow.tga,64,64,4096,RGBA,True,1679,2417,0,162,16.0
textures\building construction sp shadow.tga,building construction sp shadow.tga,64,64,4096,RGBA,True,2518,1578,0,89,16.0
textures\building construction specialist shadow.tga,building construction specialist shadow.tga,64,64,4096,RGBA,True,1097,2999,0,181,16.0
textures\building construction xlarge shadow.tga,building construction xlarge shadow.tga,64,64,4096,RGBA,True,1705,2391,0,171,16.0
textures\building construction xsmall shadow.tga,building construction xsmall shadow.tga,64,64,4096,RGBA,True,1852,2244,0,150,16.0
textures\building construction.tga,building construction.tga,256,256,65536,RGBA,True,42727,80,22729,3,256.0
textures\building destruction egypt.tga,building destruction egypt.tga,128,128,16384,RGBA,True,11339,515,4530,3,64.0
textures\building destruction greek.tga,building destruction greek.tga,128,128,16384,RGBA,True,11563,523,4298,3,64.0
textures\building destruction norse.tga,building destruction norse.tga,128,128,16384,RGBA,True,11324,547,4513,3,64.0
textures\building e academy shadow.tga,building e academy shadow.tga,64,64,4096,RGBA,True,1481,2615,0,56,16.0
textures\building e age1 accessories.tga,building e age1 accessories.tga,256,256,65536,RGBA,True,0,0,65536,1,256.0
textures\building e age1.tga,building e age1.tga,256,256,65536,RGBA,True,63436,290,1810,3,256.0
textures\building e age2 accessories burnt.tga,building e age2 accessories burnt.tga,256,256,65536,RGBA,True,64536,0,1000,2,256.0
textures\building e age2 accessories.tga,building e age2 accessories.tga,256,256,65536,RGBA,True,1778,184,63574,3,256.0
textures\building e age2 burnt.tga,building e age2 burnt.tga,256,256,65536,RGBA,True,63524,0,2012,2,256.0
textures\building e age2 wall.tga,building e age2 wall.tga,256,256,65536,RGBA,True,64244,11,1281,3,256.0
textures\building e age2.tga,building e age2.tga,256,256,65536,RGBA,True,63524,0,2012,2,256.0
textures\building e age3 accessories.tga,building e age3 accessories.tga,256,256,65536,RGBA,True,64478,0,1058,2,256.0
textures\building e age3.tga,building e age3.tga,256,256,65536,RGBA,True,62770,5,2761,3,256.0
textures\building e age3a accessories.tga,building e age3a accessories.tga,256,256,65536,RGBA,True,65536,0,0,1,256.0
textures\building e age4 accessories.tga,building e age4 accessories.tga,256,256,65536,RGBA,True,65536,0,0,1,256.0
textures\building e age4.tga,building e age4.tga,256,256,65536,RGBA,True,62160,0,3376,2,256.0
textures\building e age4roof.tga,building e age4roof.tga,256,256,65536,RGBA,True,65536,0,0,1,256.0
textures\building e archery range age2 shadow.tga,building e archery range age2 shadow.tga,64,64,4096,RGBA,True,1996,2100,0,12,16.0
textures\building e archery range shadow age2.tga,building e archery range shadow age2.tga,64,64,4096,RGBA,True,1792,2304,0,62,16.0
textures\building e archery range shadow age3.tga,building e archery range shadow age3.tga,64,64,4096,RGBA,True,1792,2304,0,62,16.0
textures\building e archery range shadow.tga,building e archery range shadow.tga,64,64,4096,RGBA,True,1792,2304,0,62,16.0
textures\building e armory shadow age2.tga,building e armory shadow age2.tga,64,64,4096,RGBA,True,1909,2187,0,16,16.0
textures\building e armory shadow age3.tga,building e armory shadow age3.tga,64,64,4096,RGBA,True,1824,2272,0,9,16.0
textures\building e armory shadow.tga,building e armory shadow.tga,64,64,4096,RGBA,True,1543,2553,0,173,16.0
textures\building e ballista tower shadow.tga,building e ballista tower shadow.tga,32,32,1024,RGBA,True,508,516,0,6,4.0
textures\building e barracks age1 shadow.tga,building e barracks age1 shadow.tga,64,64,4096,RGBA,True,1816,2280,0,6,16.0
textures\building e barracks age2 shadow.tga,building e barracks age2 shadow.tga,64,64,4096,RGBA,True,1762,2334,0,6,16.0
textures\building e barracks age3 shadow.tga,building e barracks age3 shadow.tga,64,64,4096,RGBA,True,1850,2246,0,5,16.0
textures\building e barracks age4 shadow.tga,building e barracks age4 shadow.tga,64,64,4096,RGBA,True,1697,2399,0,6,16.0
textures\building e barracks shadow age2.tga,building e barracks shadow age2.tga,64,64,4096,RGBA,True,2072,2024,0,79,16.0
textures\building e barracks shadow.tga,building e barracks shadow.tga,64,64,4096,RGBA,True,1346,2750,0,100,16.0
textures\building e charioteria age3 shadow.tga,building e charioteria age3 shadow.tga,64,64,4096,RGBA,True,2194,1902,0,14,16.0
textures\building e constructiontemple.tga,building e constructiontemple.tga,64,64,4096,RGBA,True,1166,2930,0,214,16.0
textures\building e dock age1 shadow.tga,building e dock age1 shadow.tga,64,64,4096,RGBA,True,2148,1948,0,4,16.0
textures\building e dock boat.tga,building e dock boat.tga,256,256,65536,RGBA,True,0,0,65536,1,256.0
textures\building e fortress accessories.tga,building e fortress accessories.tga,256,256,65536,RGBA,True,64593,943,0,31,256.0
textures\building e fortress accessories02.tga,building e fortress accessories02.tga,256,256,65536,RGBA,True,65536,0,0,1,256.0
textures\building e fortress age3.tga,building e fortress age3.tga,256,256,65536,RGBA,True,0,0,65536,1,256.0
textures\building e fortress shadow.tga,building e fortress shadow.tga,64,64,4096,RGBA,True,1089,3007,0,5,16.0
textures\building e fortress.tga,building e fortress.tga,256,256,65536,RGBA,True,65536,0,0,1,256.0
textures\building e gate shadow.tga,building e gate shadow.tga,64,16,1024,RGBA,True,664,360,0,2,4.0
textures\building e granary shadow age2.tga,building e granary shadow age2.tga,32,32,1024,RGBA,True,479,545,0,2,4.0
textures\building e granary shadow.tga,building e granary shadow.tga,64,64,4096,RGBA,True,1973,2123,0,13,16.0
textures\building e guard tower shadow.tga,building e guard tower shadow.tga,32,32,1024,RGBA,True,540,484,0,4,4.0
textures\building e house a shadow.tga,building e house a shadow.tga,32,32,1024,RGBA,True,426,598,0,4,4.0
textures\building e house b shadow.tga,building e house b shadow.tga,32,32,1024,RGBA,True,432,592,0,2,4.0
textures\building e housea shadow age1.tga,building e housea shadow age1.tga,32,32,1024,RGBA,True,421,603,0,4,4.0
textures\building e housea shadow age2.tga,building e housea shadow age2.tga,32,32,1024,RGBA,True,466,558,0,4,4.0
textures\building e housea shadow age3.tga,building e housea shadow age3.tga,32,32,1024,RGBA,True,439,585,0,3,4.0
textures\building e housea shadow age4.tga,building e housea shadow age4.tga,32,32,1024,RGBA,True,478,546,0,3,4.0
textures\building e houseb shadow age1.tga,building e houseb shadow age1.tga,32,32,1024,RGBA,True,463,561,0,2,4.0
textures\building e houseb shadow age2.tga,building e houseb shadow age2.tga,32,32,1024,RGBA,True,452,572,0,2,4.0
textures\building e houseb shadow age3.tga,building e houseb shadow age3.tga,32,32,1024,RGBA,True,523,501,0,2,4.0
textures\building e houseb shadow age4.tga,building e houseb shadow age4.tga,32,32,1024,RGBA,True,523,501,0,2,4.0
textures\building e housec shadow age1.tga,building e housec shadow age1.tga,32,32,1024,RGBA,True,512,512,0,2,4.0
textures\building e housec shadow age2.tga,building e housec shadow age2.tga,32,32,1024,RGBA,True,474,550,0,4,4.0
textures\building e housec shadow age3.tga,building e housec shadow age3.tga,32,32,1024,RGBA,True,495,529,0,2,4.0
textures\building e housec shadow age4.tga,building e housec shadow age4.tga,32,32,1024,RGBA,True,526,498,0,2,4.0
textures\building e isis wonder con2 shadow.tga,building e isis wonder con2 shadow.tga,128,128,16384,RGBA,True,10288,6096,0,35,64.0
textures\building e isis wonder con3 shadow.tga,building e isis wonder con3 shadow.tga,128,128,16384,RGBA,True,6229,10155,0,26,64.0
textures\building e isis wonder shadow.tga,building e isis wonder shadow.tga,64,64,4096,RGBA,True,1556,2540,0,4,16.0
textures\building e isis wonder01.tga,building e isis wonder01.tga,256,256,65536,RGBA,True,64192,0,1344,2,256.0
textures\building e isis wonder02.tga,building e isis wonder02.tga,256,256,65536,RGBA,True,64199,0,1337,2,256.0
textures\building e isis wonder03.tga,building e isis wonder03.tga,256,256,65536,RGBA,True,0,0,65536,1,256.0
textures\building e lighthouse fence.tga,building e lighthouse fence.tga,32,32,1024,RGBA,True,636,0,388,2,4.0
textures\building e lighthouse shadow.tga,building e lighthouse shadow.tga,64,64,4096,RGBA,True,1966,2130,0,7,16.0
textures\building e lighthouse.tga,building e lighthouse.tga,256,256,65536,RGBA,True,64491,0,1045,2,256.0
textures\building e lumbercamp age1 shadow.tga,building e lumbercamp age1 shadow.tga,32,32,1024,RGBA,True,361,663,0,4,4.0
textures\building e lumbercamp age2 shadow.tga,building e lumbercamp age2 shadow.tga,32,32,1024,RGBA,True,374,650,0,4,4.0
textures\building e lumbercamp age3 shadow.tga,building e lumbercamp age3 shadow.tga,32,32,1024,RGBA,True,340,684,0,3,4.0
textures\building e lumbercamp shadow.tga,building e lumbercamp shadow.tga,32,32,1024,RGBA,True,361,663,0,4,4.0
textures\building e market age2 shadow.tga,building e market age2 shadow.tga,64,64,4096,RGBA,True,1878,2218,0,10,16.0
textures\building e market age3 shadow.tga,building e market age3 shadow.tga,64,64,4096,RGBA,True,2122,1974,0,10,16.0
textures\building e market age4 shadow.tga,building e market age4 shadow.tga,64,64,4096,RGBA,True,2282,1814,0,5,16.0
textures\building e market shadow age2.tga,building e market shadow age2.tga,64,64,4096,RGBA,True,2020,2076,0,10,16.0
textures\building e market shadow.tga,building e market shadow.tga,64,64,4096,RGBA,True,2556,1540,0,84,16.0
textures\building e mining camp shadow.tga,building e mining camp shadow.tga,32,32,1024,RGBA,True,394,630,0,17,4.0
textures\building e misc b shadow.tga,building e misc b shadow.tga,64,64,4096,RGBA,True,2905,1191,0,62,16.0
textures\building e monument platforms.tga,building e monument platforms.tga,256,256,65536,RGBA,True,64061,0,1475,2,256.0
textures\building e monument shadow.tga,building e monument shadow.tga,32,64,2048,RGBA,True,789,1259,0,47,8.0
textures\building e monument1 lp.tga,building e monument1 lp.tga,64,128,8192,RGBA,True,6516,37,1639,3,32.0
textures\building e monument1.tga,building e monument1.tga,128,128,16384,RGBA,True,0,0,16384,1,64.0
textures\building e monument2 lp.tga,building e monument2 lp.tga,64,128,8192,RGBA,True,6331,99,1762,3,32.0
textures\building e monument2.tga,building e monument2.tga,128,128,16384,RGBA,True,16384,0,0,1,64.0
textures\building e monument3 lp.tga,building e monument3 lp.tga,64,128,8192,RGBA,True,5953,42,2197,3,32.0
textures\building e monument3.tga,building e monument3.tga,128,128,16384,RGBA,True,0,0,16384,1,64.0
textures\building e monument4 lp.tga,building e monument4 lp.tga,64,128,8192,RGBA,True,3784,74,4334,3,32.0
textures\building e monument4.tga,building e monument4.tga,256,256,65536,RGBA,True,65536,0,0,1,256.0
textures\building e monument4dood.tga,building e monument4dood.tga,128,128,16384,RGBA,True,0,0,16384,1,64.0
textures\building e monument5 isis lp.tga,building e monument5 isis lp.tga,128,128,16384,RGBA,True,13084,75,3225,3,64.0
textures\building e monument5 isis.tga,building e monument5 isis.tga,128,128,16384,RGBA,True,0,0,16384,1,64.0
textures\building e monument5 ra lp.tga,building e monument5 ra lp.tga,128,128,16384,RGBA,True,13418,93,2873,3,64.0
textures\building e monument5 ra.tga,building e monument5 ra.tga,128,128,16384,RGBA,True,0,0,16384,1,64.0
textures\building e monument5 set lp.tga,building e monument5 set lp.tga,128,128,16384,RGBA,True,13641,42,2701,3,64.0
textures\building e monument5 set.tga,building e monument5 set.tga,128,128,16384,RGBA,True,0,0,16384,1,64.0
textures\building e monument5.tga,building e monument5.tga,32,32,1024,RGBA,True,392,632,0,3,4.0
textures\building e obelisk.tga,building e obelisk.tga,256,128,32768,RGBA,True,31066,10,1692,3,128.0
textures\building e osiris pyramid dead.tga,building e osiris pyramid dead.tga,512,512,262144,RGBA,True,0,0,262144,1,1024.0
textures\building e osiris pyramid shadow.tga,building e osiris pyramid shadow.tga,128,128,16384,RGBA,True,3262,13122,0,73,64.0
textures\building e osiris pyramid.tga,building e osiris pyramid.tga,256,256,65536,RGBA,True,0,0,65536,1,256.0
textures\building e outpost.tga,building e outpost.tga,256,256,65536,RGBA,True,65364,0,172,2,256.0
textures\building e props.tga,building e props.tga,256,256,65536,RGBA,True,0,0,65536,1,256.0
textures\building e pyramid shadow.tga,building e pyramid shadow.tga,64,64,4096,RGBA,True,48,4048,0,17,16.0
textures\building e pyramid.tga,building e pyramid.tga,256,256,65536,RGBA,True,0,0,65536,1,256.0
textures\building e ra wonder con2 shadow.tga,building e ra wonder con2 shadow.tga,128,128,16384,RGBA,True,7468,8916,0,46,64.0
textures\building e ra wonder con3 shadow.tga,building e ra wonder con3 shadow.tga,128,128,16384,RGBA,True,2169,14215,0,5,64.0
textures\building e ra wonder shadow.tga,building e ra wonder shadow.tga,128,128,16384,RGBA,True,3280,13104,0,2,64.0
textures\building e ra wonder01.tga,building e ra wonder01.tga,256,256,65536,RGBA,True,65536,0,0,1,256.0
textures\building e ra wonder02.tga,building e ra wonder02.tga,256,256,65536,RGBA,True,64162,0,1374,2,256.0
textures\building e set wonder con2 shadow.tga,building e set wonder con2 shadow.tga,128,128,16384,RGBA,True,7791,8593,0,85,64.0
textures\building e set wonder con3 shadow.tga,building e set wonder con3 shadow.tga,128,128,16384,RGBA,True,8880,7504,0,71,64.0
textures\building e set wonder shadow.tga,building e set wonder shadow.tga,64,64,4096,RGBA,True,1560,2536,0,2,16.0
textures\building e set wonder01.tga,building e set wonder01.tga,256,256,65536,RGBA,True,65536,0,0,1,256.0
textures\building e set wonder02.tga,building e set wonder02.tga,256,256,65536,RGBA,True,64132,0,1404,2,256.0
textures\building e set wonder03.tga,building e set wonder03.tga,256,256,65536,RGBA,True,65536,0,0,1,256.0
textures\building e settlement age1 shadow.tga,building e settlement age1 shadow.tga,64,64,4096,RGBA,True,2149,1947,0,5,16.0
textures\building e settlement age1.tga,building e settlement age1.tga,256,256,65536,RGBA,True,63436,290,1810,3,256.0
textures\building e settlement age2 shadow.tga,building e settlement age2 shadow.tga,64,64,4096,RGBA,True,2035,2061,0,34,16.0
textures\building e settlement age2.tga,building e settlement age2.tga,256,256,65536,RGBA,True,63524,0,2012,2,256.0
textures\building e settlement age3 fortified shadow.tga,building e settlement age3 fortified shadow.tga,64,64,4096,RGBA,True,1817,2279,0,4,16.0
textures\building e settlement age3 shadow.tga,building e settlement age3 shadow.tga,64,64,4096,RGBA,True,1955,2141,0,6,16.0
textures\building e settlement age3.tga,building e settlement age3.tga,256,256,65536,RGBA,True,62770,5,2761,3,256.0
textures\building e settlement age4 shadow.tga,building e settlement age4 shadow.tga,64,64,4096,RGBA,True,1970,2126,0,4,16.0
textures\building e settlement age4.tga,building e settlement age4.tga,256,256,65536,RGBA,True,62160,0,3376,2,256.0
textures\building e settlement02 shadow.tga,building e settlement02 shadow.tga,64,64,4096,RGBA,True,2294,1802,0,109,16.0
textures\building e settlement03 shadow.tga,building e settlement03 shadow.tga,64,64,4096,RGBA,True,2143,1953,0,101,16.0
textures\building e shared01 2 map.tga,building e shared01 2 map.tga,256,256,65536,RGBA,True,63524,0,2012,2,256.0
textures\building e shared01 3 map.tga,building e shared01 3 map.tga,256,256,65536,RGBA,True,62770,5,2761,3,256.0
textures\building e shared02 2 map.tga,building e shared02 2 map.tga,256,256,65536,RGBA,True,64478,0,1058,2,256.0
textures\building e shrine age1.tga,building e shrine age1.tga,64,64,4096,RGBA,True,0,0,4096,1,16.0
textures\building e shrine shadow age1.tga,building e shrine shadow age1.tga,64,64,4096,RGBA,True,0,0,4096,1,16.0
textures\building e shrine shadow.tga,building e shrine shadow.tga,64,64,4096,RGBA,True,1766,2330,0,6,16.0
textures\building e shrine.tga,building e shrine.tga,256,256,65536,RGBA,True,669,64,64803,3,256.0
textures\building e shrine02.tga,building e shrine02.tga,256,256,65536,RGBA,True,0,0,65536,1,256.0
textures\building e siege camp age2 shadow.tga,building e siege camp age2 shadow.tga,64,64,4096,RGBA,True,1551,2545,0,8,16.0
textures\building e siege camp age3 shadow.tga,building e siege camp age3 shadow.tga,64,64,4096,RGBA,True,1939,2157,0,2,16.0
textures\building e siegeconstruction.tga,building e siegeconstruction.tga,64,64,4096,RGBA,True,781,3315,0,217,16.0
textures\building e stable age2 shadow.tga,building e stable age2 shadow.tga,64,64,4096,RGBA,True,2081,2015,0,12,16.0
textures\building e stable shadow.tga,building e stable shadow.tga,64,64,4096,RGBA,True,1895,2201,0,183,16.0
textures\building e statue c base.tga,building e statue c base.tga,128,128,16384,RGBA,True,0,0,16384,1,64.0
textures\building e statue c.tga,building e statue c.tga,128,128,16384,RGBA,True,0,0,16384,1,64.0
textures\building e storehouse shadow.tga,building e storehouse shadow.tga,64,64,4096,RGBA,True,2077,2019,0,85,16.0
textures\building e temple age1 shadow.tga,building e temple age1 shadow.tga,64,64,4096,RGBA,True,826,3270,0,2,16.0
textures\building e temple age2 shadow.tga,building e temple age2 shadow.tga,64,64,4096,RGBA,True,768,3328,0,2,16.0
textures\building e temple age3 shadow.tga,building e temple age3 shadow.tga,64,64,4096,RGBA,True,736,3360,0,2,16.0
textures\building e temple b shadow.tga,building e temple b shadow.tga,64,64,4096,RGBA,True,983,3113,0,8,16.0
textures\building e temple shadow age1.tga,building e temple shadow age1.tga,64,64,4096,RGBA,True,0,0,4096,1,16.0
textures\building e temple shadow.tga,building e temple shadow.tga,64,64,4096,RGBA,True,2376,1720,0,26,16.0
textures\building e titan gate map.tga,building e titan gate map.tga,256,256,65536,RGBA,True,63684,0,1852,2,256.0
textures\building e titan gate rocks.tga,building e titan gate rocks.tga,128,128,16384,RGBA,True,16384,0,0,1,64.0
textures\building e towncenter shadow age2.tga,building e towncenter shadow age2.tga,64,64,4096,RGBA,True,1957,2139,0,2,16.0
textures\building e towncenter shadow.tga,building e towncenter shadow.tga,64,64,4096,RGBA,True,1566,2530,0,126,16.0
textures\building e tradedock shadow age1.tga,building e tradedock shadow age1.tga,64,64,4096,RGBA,True,1513,2583,0,2,16.0
textures\building e tradedock shadow age2.tga,building e tradedock shadow age2.tga,64,64,4096,RGBA,True,1255,2841,0,4,16.0
textures\building e tradedock shadow age3.tga,building e tradedock shadow age3.tga,64,64,4096,RGBA,True,1255,2841,0,4,16.0
textures\building e tradedock shadow.tga,building e tradedock shadow.tga,64,64,4096,RGBA,True,1255,2841,0,4,16.0
textures\building e underground passage egyptian.tga,building e underground passage egyptian.tga,256,256,65536,RGBA,True,0,0,65536,1,256.0
textures\building e wall4.tga,building e wall4.tga,256,256,65536,RGBA,True,64296,0,1240,2,256.0
textures\building e wallconnector age2 shadow.tga,building e wallconnector age2 shadow.tga,32,32,1024,RGBA,True,540,484,0,2,4.0
textures\building e wallconnector age3 shadow.tga,building e wallconnector age3 shadow.tga,32,32,1024,RGBA,True,624,400,0,2,4.0
textures\building e walllong age2 shadow.tga,building e walllong age2 shadow.tga,32,32,1024,RGBA,True,576,448,0,2,4.0
textures\building e walllong age3 shadow.tga,building e walllong age3 shadow.tga,32,32,1024,RGBA,True,304,720,0,2,4.0
textures\building e walllong age4 shadow.tga,building e walllong age4 shadow.tga,64,16,1024,RGBA,True,453,571,0,53,4.0
textures\building e wallshort age2 shadow.tga,building e wallshort age2 shadow.tga,32,32,1024,RGBA,True,632,392,0,2,4.0
textures\building e wallshort age3 shadow.tga,building e wallshort age3 shadow.tga,32,32,1024,RGBA,True,352,672,0,2,4.0
textures\building e wonder accessories.tga,building e wonder accessories.tga,256,256,65536,RGBA,True,63318,2218,0,30,256.0
textures\building e wonder shadow.tga,building e wonder shadow.tga,64,64,4096,RGBA,True,2032,2064,0,7,16.0
textures\building falling leaf.tga,building falling leaf.tga,64,64,4096,RGBA,True,3611,49,436,3,16.0
textures\building g age0.tga,building g age0.tga,256,256,65536,RGBA,True,64613,0,923,2,256.0
textures\building g archery range shadow.tga,building g archery range shadow.tga,64,64,4096,RGBA,True,2193,1903,0,112,16.0
textures\building g archery rangeage1 shadow.tga,building g archery rangeage1 shadow.tga,64,64,4096,RGBA,True,2127,1969,0,77,16.0
textures\building g archery rangeage2 shadow.tga,building g archery rangeage2 shadow.tga,64,64,4096,RGBA,True,2091,2005,0,87,16.0
textures\building g archery rangeage3 shadow.tga,building g archery rangeage3 shadow.tga,64,64,4096,RGBA,True,1949,2147,0,70,16.0
textures\building g arconstruction shadow.tga,building g arconstruction shadow.tga,64,64,4096,RGBA,True,976,3120,0,225,16.0
textures\building g armory destructed shadow.tga,building g armory destructed shadow.tga,64,64,4096,RGBA,True,1492,2604,0,202,16.0
textures\building g armory shadow.tga,building g armory shadow.tga,64,64,4096,RGBA,True,819,3277,0,80,16.0
textures\building g armoryage2 shadow.tga,building g armoryage2 shadow.tga,64,64,4096,RGBA,True,1640,2456,0,96,16.0
textures\building g armoryage3 shadow.tga,building g armoryage3 shadow.tga,64,64,4096,RGBA,True,1741,2355,0,76,16.0
textures\building g armoryconstruction shadow.tga,building g armoryconstruction shadow.tga,64,64,4096,RGBA,True,975,3121,0,215,16.0
textures\building g barracks destructed shadow.tga,building g barracks destructed shadow.tga,64,64,4096,RGBA,True,2051,2045,0,74,16.0
textures\building g barracks shadow.tga,building g barracks shadow.tga,64,64,4096,RGBA,True,776,3320,0,85,16.0
textures\building g barracksage1 shadow.tga,building g barracksage1 shadow.tga,64,64,4096,RGBA,True,1862,2234,0,63,16.0
textures\building g barracksage2 shadow.tga,building g barracksage2 shadow.tga,64,64,4096,RGBA,True,1834,2262,0,50,16.0
textures\building g barracksage3 shadow.tga,building g barracksage3 shadow.tga,64,64,4096,RGBA,True,1580,2516,0,50,16.0
textures\building g barracksconstruction shadow.tga,building g barracksconstruction shadow.tga,64,64,4096,RGBA,True,911,3185,0,237,16.0
textures\building g colomnshadow.tga,building g colomnshadow.tga,16,16,256,RGBA,True,71,185,0,56,1.0
textures\building g constructiontemple.tga,building g constructiontemple.tga,64,64,4096,RGBA,True,773,3323,0,216,16.0
textures\building g destroyed.tga,building g destroyed.tga,256,256,65536,RGBA,True,0,0,65536,1,256.0
textures\building g dockage1 shadow.tga,building g dockage1 shadow.tga,64,64,4096,RGBA,True,1243,2853,0,53,16.0
textures\building g fortifiedwall.tga,building g fortifiedwall.tga,256,256,65536,RGBA,True,64354,0,1182,2,256.0
textures\building g fortress cinematic shadow.tga,building g fortress cinematic shadow.tga,64,64,4096,RGBA,True,2480,1616,0,26,16.0
textures\building g fortress destructed shadow.tga,building g fortress destructed shadow.tga,64,64,4096,RGBA,True,1777,2319,0,37,16.0
textures\building g fortress shadow.tga,building g fortress shadow.tga,64,64,4096,RGBA,True,876,3220,0,77,16.0
textures\building g fortress.tga,building g fortress.tga,256,256,65536,RGBA,True,64888,0,648,2,256.0
textures\building g fortressconstruction shadow.tga,building g fortressconstruction shadow.tga,64,64,4096,RGBA,True,880,3216,0,226,16.0
textures\building g fortressroof.tga,building g fortressroof.tga,256,256,65536,RGBA,True,63188,0,2348,2,256.0
textures\building g fortresswall destructed.tga,building g fortresswall destructed.tga,256,256,65536,RGBA,True,0,0,65536,1,256.0
textures\building g fortresswall.tga,building g fortresswall.tga,256,256,65536,RGBA,True,63921,0,1615,2,256.0
textures\building g fortresswall2 destructed.tga,building g fortresswall2 destructed.tga,256,256,65536,RGBA,True,0,0,65536,1,256.0
textures\building g fortresswall2.tga,building g fortresswall2.tga,256,256,65536,RGBA,True,65536,0,0,1,256.0
textures\building g gate open shadow.tga,building g gate open shadow.tga,64,16,1024,RGBA,True,939,85,0,9,4.0
textures\building g gate shadow.tga,building g gate shadow.tga,64,16,1024,RGBA,True,772,252,0,25,4.0
textures\building g gateall.tga,building g gateall.tga,256,64,16384,RGBA,True,0,0,16384,1,64.0
textures\building g granary destroyed shadow.tga,building g granary destroyed shadow.tga,32,32,1024,RGBA,True,562,462,0,57,4.0
textures\building g granaryconstruction shadow.tga,building g granaryconstruction shadow.tga,64,64,4096,RGBA,True,900,3196,0,222,16.0
textures\building g hades temple shadow.tga,building g hades temple shadow.tga,64,64,4096,RGBA,True,1280,2816,0,61,16.0
textures\building g hades wonder shadow.tga,building g hades wonder shadow.tga,128,128,16384,RGBA,True,6858,9526,0,57,64.0
textures\building g hades wonder.tga,building g hades wonder.tga,256,256,65536,RGBA,True,64000,0,1536,2,256.0
textures\building g hades wonder01.tga,building g hades wonder01.tga,256,256,65536,RGBA,True,1100,5,64431,3,256.0
textures\building g hadeswonder 2 shadow.tga,building g hadeswonder 2 shadow.tga,128,128,16384,RGBA,True,3311,13073,0,242,64.0
textures\building g hadeswonder 3 shadow.tga,building g hadeswonder 3 shadow.tga,128,128,16384,RGBA,True,1639,14745,0,242,64.0
textures\building g house destructed shadow.tga,building g house destructed shadow.tga,64,64,4096,RGBA,True,2638,1458,0,43,16.0
textures\building g housea age1 shadow.tga,building g housea age1 shadow.tga,32,32,1024,RGBA,True,463,561,0,21,4.0
textures\building g houseb age1 shadow.tga,building g houseb age1 shadow.tga,32,32,1024,RGBA,True,509,515,0,20,4.0
textures\building g housec age1 shadow.tga,building g housec age1 shadow.tga,32,32,1024,RGBA,True,508,516,0,21,4.0
textures\building g market shadow.tga,building g market shadow.tga,64,64,4096,RGBA,True,1801,2295,0,138,16.0
textures\building g marketage2 shadow.tga,building g marketage2 shadow.tga,64,64,4096,RGBA,True,1683,2413,0,73,16.0
textures\building g marketage3 shadow.tga,building g marketage3 shadow.tga,64,64,4096,RGBA,True,1683,2413,0,73,16.0
textures\building g marketconstruction shadow.tga,building g marketconstruction shadow.tga,64,64,4096,RGBA,True,711,3385,0,217,16.0
textures\building g mineconstruction shadow.tga,building g mineconstruction shadow.tga,64,64,4096,RGBA,True,1466,2630,0,186,16.0
textures\building g mining camp shadow.tga,building g mining camp shadow.tga,64,64,4096,RGBA,True,2764,1332,0,199,16.0
textures\building g mining campage1 shadow.tga,building g mining campage1 shadow.tga,64,64,4096,RGBA,True,2067,2029,0,78,16.0
textures\building g poswonder 1 shadow.tga,building g poswonder 1 shadow.tga,128,128,16384,RGBA,True,7330,9054,0,241,64.0
textures\building g poswonder 2 shadow.tga,building g poswonder 2 shadow.tga,128,128,16384,RGBA,True,7265,9119,0,243,64.0
textures\building g poswonder 3 shadow.tga,building g poswonder 3 shadow.tga,128,128,16384,RGBA,True,3441,12943,0,243,64.0
textures\building g roofage1.tga,building g roofage1.tga,256,256,65536,RGBA,True,65266,0,270,2,256.0
textures\building g roofage2.tga,building g roofage2.tga,256,256,65536,RGBA,True,5046,0,60490,2,256.0
textures\building g roofage3.tga,building g roofage3.tga,256,256,65536,RGBA,True,1850,0,63686,2,256.0
textures\building g ruin a shadow.tga,building g ruin a shadow.tga,64,64,4096,RGBA,True,2466,1630,0,37,16.0
textures\building g ruin c shadow.tga,building g ruin c shadow.tga,64,64,4096,RGBA,True,2479,1617,0,40,16.0
textures\building g ruins.tga,building g ruins.tga,128,64,8192,RGBA,True,0,0,8192,1,32.0
textures\building g settlement02 shadow.tga,building g settlement02 shadow.tga,64,64,4096,RGBA,True,2403,1693,0,79,16.0
textures\building g settlement02.tga,building g settlement02.tga,256,256,65536,RGBA,True,18000,46,47490,3,256.0
textures\building g settlement03 shadow.tga,building g settlement03 shadow.tga,64,64,4096,RGBA,True,2118,1978,0,86,16.0
textures\building g settlementage1 shadow.tga,building g settlementage1 shadow.tga,64,64,4096,RGBA,True,2469,1627,0,67,16.0
textures\building g settlementage1.tga,building g settlementage1.tga,256,256,65536,RGBA,True,64603,0,933,2,256.0
textures\building g settlementage2.tga,building g settlementage2.tga,256,256,65536,RGBA,True,64458,0,1078,2,256.0
textures\building g settlementage3.tga,building g settlementage3.tga,256,256,65536,RGBA,True,64603,0,933,2,256.0
textures\building g settlementfence.tga,building g settlementfence.tga,128,128,16384,RGBA,True,8507,69,7808,3,64.0
textures\building g settlementfortified shadow.tga,building g settlementfortified shadow.tga,64,64,4096,RGBA,True,1606,2490,0,67,16.0
textures\building g shared01 2 map.tga,building g shared01 2 map.tga,256,256,65536,RGBA,True,0,0,65536,1,256.0
textures\building g shared05 2 map.tga,building g shared05 2 map.tga,256,256,65536,RGBA,True,63268,0,2268,2,256.0
textures\building g shrine shadow.tga,building g shrine shadow.tga,64,64,4096,RGBA,True,1901,2195,0,56,16.0
textures\building g shrine.tga,building g shrine.tga,256,256,65536,RGBA,True,65328,0,208,2,256.0
textures\building g siegecamp shadow.tga,building g siegecamp shadow.tga,64,64,4096,RGBA,True,1830,2266,0,154,16.0
textures\building g siegecampconstruction shadow.tga,building g siegecampconstruction shadow.tga,64,64,4096,RGBA,True,1787,2309,0,224,16.0
textures\building g stable destroyed shadow.tga,building g stable destroyed shadow.tga,64,64,4096,RGBA,True,1710,2386,0,88,16.0
textures\building g stable shadow.tga,building g stable shadow.tga,64,64,4096,RGBA,True,2092,2004,0,124,16.0
textures\building g stableage1 shadow.tga,building g stableage1 shadow.tga,64,64,4096,RGBA,True,2018,2078,0,83,16.0
textures\building g stableage2 shadow.tga,building g stableage2 shadow.tga,64,64,4096,RGBA,True,1995,2101,0,84,16.0
textures\building g stableage3 shadow.tga,building g stableage3 shadow.tga,64,64,4096,RGBA,True,2004,2092,0,80,16.0
textures\building g stableconstruction shadow.tga,building g stableconstruction shadow.tga,64,64,4096,RGBA,True,807,3289,0,235,16.0
textures\building g storehouse destructed shadow.tga,building g storehouse destructed shadow.tga,64,64,4096,RGBA,True,2754,1342,0,38,16.0
textures\building g storehouse shadow.tga,building g storehouse shadow.tga,64,64,4096,RGBA,True,2029,2067,0,82,16.0
textures\building g storehouseage1 shadow.tga,building g storehouseage1 shadow.tga,64,64,4096,RGBA,True,2103,1993,0,103,16.0
textures\building g tcconstruction shadow.tga,building g tcconstruction shadow.tga,64,64,4096,RGBA,True,1115,2981,0,225,16.0
textures\building g temple shadow.tga,building g temple shadow.tga,64,64,4096,RGBA,True,1536,2560,0,27,16.0
textures\building g temple statues map.tga,building g temple statues map.tga,256,256,65536,RGBA,True,0,0,65536,1,256.0
textures\building g temple.tga,building g temple.tga,256,256,65536,RGBA,True,64228,0,1308,2,256.0
textures\building g templeage1 shadow.tga,building g templeage1 shadow.tga,64,64,4096,RGBA,True,1855,2241,0,24,16.0
textures\building g templeage1.tga,building g templeage1.tga,256,256,65536,RGBA,True,64543,0,993,2,256.0
textures\building g templeage2.tga,building g templeage2.tga,256,256,65536,RGBA,True,64567,0,969,2,256.0
textures\building g titan gate door map.tga,building g titan gate door map.tga,128,128,16384,RGBA,True,15558,75,751,3,64.0
textures\building g titan gate map.tga,building g titan gate map.tga,256,256,65536,RGBA,True,26951,643,37942,3,256.0
textures\building g titan gate rocks.tga,building g titan gate rocks.tga,128,128,16384,RGBA,True,16384,0,0,1,64.0
textures\building g towerbasearea.tga,building g towerbasearea.tga,128,128,16384,RGBA,True,3879,12505,0,240,64.0
textures\building g towerconstruction shadow.tga,building g towerconstruction shadow.tga,64,64,4096,RGBA,True,1454,2642,0,166,16.0
textures\building g towers.tga,building g towers.tga,256,256,65536,RGBA,True,64414,0,1122,2,256.0
textures\building g towncenter shadow.tga,building g towncenter shadow.tga,64,64,4096,RGBA,True,1594,2502,0,88,16.0
textures\building g tradedock shadow.tga,building g tradedock shadow.tga,64,64,4096,RGBA,True,1051,3045,0,55,16.0
textures\building g underground passage greek b.tga,building g underground passage greek b.tga,256,256,65536,RGBA,True,0,0,65536,1,256.0
textures\building g underground passage greek.tga,building g underground passage greek.tga,256,256,65536,RGBA,True,0,0,65536,1,256.0
textures\building g wall large shadow.tga,building g wall large shadow.tga,128,32,4096,RGBA,True,972,3124,0,33,16.0
textures\building g wallbasearea 2 map.tga,building g wallbasearea 2 map.tga,64,256,16384,RGBA,True,2498,13886,0,244,64.0
textures\building g wallconnector shadow.tga,building g wallconnector shadow.tga,32,32,1024,RGBA,True,405,619,0,19,4.0
textures\building g wallsage1.tga,building g wallsage1.tga,256,256,65536,RGBA,True,63475,0,2061,2,256.0
textures\building g wallsage2.tga,building g wallsage2.tga,256,256,65536,RGBA,True,63940,0,1596,2,256.0
textures\building g wallsage3.tga,building g wallsage3.tga,256,256,65536,RGBA,True,63337,0,2199,2,256.0
textures\building g watchtower shadow.tga,building g watchtower shadow.tga,32,32,1024,RGBA,True,356,668,0,28,4.0
textures\building g wonder destructed.tga,building g wonder destructed.tga,256,256,65536,RGBA,True,0,0,65536,1,256.0
textures\building g wonder.tga,building g wonder.tga,256,256,65536,RGBA,True,64489,0,1047,2,256.0
textures\building g wondershadow.tga,building g wondershadow.tga,64,64,4096,RGBA,True,1233,2863,0,52,16.0
textures\building g zeus 2 shadow.tga,building g zeus 2 shadow.tga,128,128,16384,RGBA,True,3866,12518,0,242,64.0
textures\building g zeus 3 shadow.tga,building g zeus 3 shadow.tga,128,128,16384,RGBA,True,3365,13019,0,241,64.0
textures\building g zeus wonder shadow.tga,building g zeus wonder shadow.tga,128,128,16384,RGBA,True,5213,11171,0,61,64.0
textures\building g zues wonder.tga,building g zues wonder.tga,256,256,65536,RGBA,True,364,0,65172,2,256.0
textures\building g zues wonder01.tga,building g zues wonder01.tga,256,256,65536,RGBA,True,63723,0,1813,2,256.0
textures\building gate.tga,building gate.tga,64,64,4096,RGBA,True,0,0,4096,1,16.0
textures\building lion statue icon.tga,building lion statue icon.tga,32,32,1024,RGBA,True,0,0,1024,1,4.0
textures\building misc stairs.tga,building misc stairs.tga,128,32,4096,RGBA,True,0,0,4096,1,16.0
textures\building n archery range shadow.tga,building n archery range shadow.tga,64,64,4096,RGBA,True,2301,1795,0,94,16.0
textures\building n archery rangeage1 shadow.tga,building n archery rangeage1 shadow.tga,64,64,4096,RGBA,True,2593,1503,0,70,16.0
textures\building n archery rangeage3 shadow.tga,building n archery rangeage3 shadow.tga,64,64,4096,RGBA,True,2588,1508,0,95,16.0
textures\building n armory destructed shadow.tga,building n armory destructed shadow.tga,64,64,4096,RGBA,True,2433,1663,0,35,16.0
textures\building n armory shadow.tga,building n armory shadow.tga,64,64,4096,RGBA,True,1812,2284,0,94,16.0
textures\building n armoryage3 shadow.tga,building n armoryage3 shadow.tga,64,64,4096,RGBA,True,1927,2169,0,95,16.0
textures\building n barracks shadow.tga,building n barracks shadow.tga,64,64,4096,RGBA,True,1883,2213,0,85,16.0
textures\building n barracksage1 shadow.tga,building n barracksage1 shadow.tga,64,64,4096,RGBA,True,1988,2108,0,69,16.0
textures\building n barracksage3 shadow.tga,building n barracksage3 shadow.tga,64,64,4096,RGBA,True,2099,1997,0,103,16.0
textures\building n barracksage4 shadow.tga,building n barracksage4 shadow.tga,64,64,4096,RGBA,True,1383,2713,0,89,16.0
textures\building n barracksconstruction shadow.tga,building n barracksconstruction shadow.tga,64,64,4096,RGBA,True,925,3171,0,235,16.0
textures\building n constructiontemple.tga,building n constructiontemple.tga,64,64,4096,RGBA,True,825,3271,0,226,16.0
textures\building n destructed.tga,building n destructed.tga,256,256,65536,RGBA,True,0,0,65536,1,256.0
textures\building n dock shadow.tga,building n dock shadow.tga,64,64,4096,RGBA,True,2029,2067,0,61,16.0
textures\building n dock.tga,building n dock.tga,256,256,65536,RGBA,True,0,0,65536,1,256.0
textures\building n gateall.tga,building n gateall.tga,256,64,16384,RGBA,True,0,0,16384,1,64.0
textures\building n hillfort shadow.tga,building n hillfort shadow.tga,64,64,4096,RGBA,True,1368,2728,0,37,16.0
textures\building n hillfort.tga,building n hillfort.tga,256,256,65536,RGBA,True,64389,44,1103,3,256.0
textures\building n house a shadow.tga,building n house a shadow.tga,32,32,1024,RGBA,True,452,572,0,46,4.0
textures\building n house b shadow.tga,building n house b shadow.tga,32,32,1024,RGBA,True,497,527,0,55,4.0
textures\building n house c shadow.tga,building n house c shadow.tga,32,32,1024,RGBA,True,370,654,0,37,4.0
textures\building n house destructed shadow.tga,building n house destructed shadow.tga,64,64,4096,RGBA,True,2411,1685,0,35,16.0
textures\building n loki 1 shadow.tga,building n loki 1 shadow.tga,128,128,16384,RGBA,True,5752,10632,0,243,64.0
textures\building n loki 2 shadow.tga,building n loki 2 shadow.tga,128,128,16384,RGBA,True,5299,11085,0,244,64.0
textures\building n loki 3 shadow.tga,building n loki 3 shadow.tga,128,128,16384,RGBA,True,5851,10533,0,241,64.0
textures\building n loki wonder shadow.tga,building n loki wonder shadow.tga,128,128,16384,RGBA,True,8725,7659,0,150,64.0
textures\building n loki wonder01.tga,building n loki wonder01.tga,256,256,65536,RGBA,True,0,0,65536,1,256.0
textures\building n loki wonder02.tga,building n loki wonder02.tga,256,256,65536,RGBA,True,61988,473,3075,3,256.0
textures\building n longhouse destructed shadow.tga,building n longhouse destructed shadow.tga,64,64,4096,RGBA,True,2318,1778,0,53,16.0
textures\building n majortemple shadow.tga,building n majortemple shadow.tga,64,64,4096,RGBA,True,2278,1818,0,130,16.0
textures\building n market shadow.tga,building n market shadow.tga,64,64,4096,RGBA,True,1624,2472,0,66,16.0
textures\building n marketage3 shadow.tga,building n marketage3 shadow.tga,64,64,4096,RGBA,True,1885,2211,0,44,16.0
textures\building n mining camp shadow.tga,building n mining camp shadow.tga,64,64,4096,RGBA,True,2385,1711,0,128,16.0
textures\building n odin 2 shadow.tga,building n odin 2 shadow.tga,128,128,16384,RGBA,True,1256,15128,0,243,64.0
textures\building n odin wonder shadow.tga,building n odin wonder shadow.tga,128,128,16384,RGBA,True,4594,11790,0,83,64.0
textures\building n odin wonder.tga,building n odin wonder.tga,256,256,65536,RGBA,True,1398,21,64117,3,256.0
textures\building n odin wonder01.tga,building n odin wonder01.tga,256,256,65536,RGBA,True,63302,16,2218,3,256.0
textures\building n ravens.tga,building n ravens.tga,256,256,65536,RGBA,True,64610,161,765,3,256.0
textures\building n settlement02 shadow.tga,building n settlement02 shadow.tga,64,64,4096,RGBA,True,2279,1817,0,75,16.0
textures\building n settlement03 fortified shadow.tga,building n settlement03 fortified shadow.tga,64,64,4096,RGBA,True,1769,2327,0,118,16.0
textures\building n settlement03 shadow.tga,building n settlement03 shadow.tga,64,64,4096,RGBA,True,1677,2419,0,132,16.0
textures\building n settlementage1 shadow.tga,building n settlementage1 shadow.tga,64,64,4096,RGBA,True,2083,2013,0,94,16.0
textures\building n settlementage1.tga,building n settlementage1.tga,256,256,65536,RGBA,True,64596,0,940,2,256.0
textures\building n settlementage2.tga,building n settlementage2.tga,256,256,65536,RGBA,True,64586,0,950,2,256.0
textures\building n settlementage3.tga,building n settlementage3.tga,256,256,65536,RGBA,True,64460,0,1076,2,256.0
textures\building n settlementage4.tga,building n settlementage4.tga,256,256,65536,RGBA,True,64302,10,1224,3,256.0
textures\building n shared01 1 map.tga,building n shared01 1 map.tga,256,256,65536,RGBA,True,64423,0,1113,2,256.0
textures\building n shared01 2 map.tga,building n shared01 2 map.tga,256,256,65536,RGBA,True,63573,90,1873,3,256.0
textures\building n shared01 3 map.tga,building n shared01 3 map.tga,256,256,65536,RGBA,True,64228,0,1308,2,256.0
textures\building n shared02 2 map.tga,building n shared02 2 map.tga,256,256,65536,RGBA,True,64813,32,691,3,256.0
textures\building n shared03 2 map.tga,building n shared03 2 map.tga,256,256,65536,RGBA,True,63927,25,1584,3,256.0
textures\building n shared04 2 map.tga,building n shared04 2 map.tga,256,256,65536,RGBA,True,63762,31,1743,3,256.0
textures\building n shared06 2 map.tga,building n shared06 2 map.tga,256,256,65536,RGBA,True,64638,0,898,2,256.0
textures\building n shrine shadow.tga,building n shrine shadow.tga,64,64,4096,RGBA,True,2351,1745,0,115,16.0
textures\building n shrine.tga,building n shrine.tga,128,128,16384,RGBA,True,16065,27,292,3,64.0
textures\building n siege camp shadow.tga,building n siege camp shadow.tga,64,64,4096,RGBA,True,1887,2209,0,147,16.0
textures\building n stable shadow.tga,building n stable shadow.tga,64,64,4096,RGBA,True,2173,1923,0,163,16.0
textures\building n stableage1 shadow.tga,building n stableage1 shadow.tga,64,64,4096,RGBA,True,2310,1786,0,98,16.0
textures\building n stableage3 shadow.tga,building n stableage3 shadow.tga,64,64,4096,RGBA,True,1966,2130,0,105,16.0
textures\building n storehouse shadow.tga,building n storehouse shadow.tga,64,64,4096,RGBA,True,2012,2084,0,93,16.0
textures\building n temple shadow.tga,building n temple shadow.tga,64,64,4096,RGBA,True,1456,2640,0,124,16.0
textures\building n temple.tga,building n temple.tga,256,256,65536,RGBA,True,64941,21,574,3,256.0
textures\building n templeage1 shadow.tga,building n templeage1 shadow.tga,64,64,4096,RGBA,True,1463,2633,0,106,16.0
textures\building n templeage1.tga,building n templeage1.tga,256,256,65536,RGBA,True,64657,0,879,2,256.0
textures\building n templeage2.tga,building n templeage2.tga,256,256,65536,RGBA,True,64657,0,879,2,256.0
textures\building n templeage3.tga,building n templeage3.tga,256,256,65536,RGBA,True,64657,0,879,2,256.0
textures\building n thor 1 shadow.tga,building n thor 1 shadow.tga,128,128,16384,RGBA,True,6768,9616,0,243,64.0
textures\building n thor 2 shadow.tga,building n thor 2 shadow.tga,128,128,16384,RGBA,True,4705,11679,0,243,64.0
textures\building n thor 4 shadow.tga,building n thor 4 shadow.tga,128,128,16384,RGBA,True,3781,12603,0,245,64.0
textures\building n thorarmory shadow.tga,building n thorarmory shadow.tga,64,64,4096,RGBA,True,1278,2818,0,126,16.0
textures\building n thorarmory.tga,building n thorarmory.tga,256,256,65536,RGBA,True,64972,0,564,2,256.0
textures\building n thorarmory1.tga,building n thorarmory1.tga,256,256,65536,RGBA,True,65536,0,0,1,256.0
textures\building n thorarmoryshadow.tga,building n thorarmoryshadow.tga,64,64,4096,RGBA,True,1338,2758,0,97,16.0
textures\building n titan gate map.tga,building n titan gate map.tga,256,256,65536,RGBA,True,62875,370,2291,3,256.0
textures\building n titan gate rocks.tga,building n titan gate rocks.tga,128,128,16384,RGBA,True,16384,0,0,1,64.0
textures\building n tower shadow.tga,building n tower shadow.tga,32,32,1024,RGBA,True,273,751,0,36,4.0
textures\building n tower.tga,building n tower.tga,256,128,32768,RGBA,True,32234,11,523,3,128.0
textures\building n towncenter shadow.tga,building n towncenter shadow.tga,64,64,4096,RGBA,True,2044,2052,0,87,16.0
textures\building n towncenterage1 shadow.tga,building n towncenterage1 shadow.tga,64,64,4096,RGBA,True,2547,1549,0,93,16.0
textures\building n wallage4.tga,building n wallage4.tga,256,256,65536,RGBA,True,64590,10,936,3,256.0
textures\building n wonder falling leaves.tga,building n wonder falling leaves.tga,64,64,4096,RGBA,True,4012,10,74,3,16.0
textures\building n wonder.tga,building n wonder.tga,256,256,65536,RGBA,True,65160,25,351,3,256.0
textures\building n wonderbranch.tga,building n wonderbranch.tga,128,128,16384,RGBA,True,14592,174,1618,3,64.0
textures\building n wonderleaf.tga,building n wonderleaf.tga,256,256,65536,RGBA,True,45026,1194,19316,3,256.0
textures\building n wonderrune.tga,building n wonderrune.tga,128,128,16384,RGBA,True,0,0,16384,1,64.0
textures\building n wondershadow.tga,building n wondershadow.tga,128,128,16384,RGBA,True,5143,11241,0,177,64.0
textures\building outpost shadow.tga,building outpost shadow.tga,32,32,1024,RGBA,True,474,550,0,66,4.0
textures\building pharoah statue icon.tga,building pharoah statue icon.tga,32,32,1024,RGBA,True,0,0,1024,1,4.0
textures\building pot.tga,building pot.tga,32,16,512,RGBA,True,0,0,512,1,2.0
textures\building props.tga,building props.tga,256,256,65536,RGBA,True,306,32,65198,3,256.0
textures\building rubble10x10 shadow.tga,building rubble10x10 shadow.tga,64,64,4096,RGBA,True,1543,2553,0,44,16.0
textures\building rubble12x12 shadow.tga,building rubble12x12 shadow.tga,64,64,4096,RGBA,True,1320,2776,0,41,16.0
textures\building rubble4x4 shadow.tga,building rubble4x4 shadow.tga,64,64,4096,RGBA,True,2246,1850,0,42,16.0
textures\building rubble8x8 shadow.tga,building rubble8x8 shadow.tga,64,64,4096,RGBA,True,1551,2545,0,89,16.0
textures\building settlement shadow.tga,building settlement shadow.tga,64,64,4096,RGBA,True,2659,1437,0,70,16.0
textures\building settlement.tga,building settlement.tga,256,256,65536,RGBA,True,6697,149,58690,3,256.0
textures\building sfx outpost glow.tga,building sfx outpost glow.tga,64,64,4096,RGBA,True,0,0,4096,1,16.0
textures\building town center icon 64.tga,building town center icon 64.tga,64,64,4096,RGBA,True,1437,2659,0,114,16.0
textures\building town center icon.tga,building town center icon.tga,32,32,1024,RGBA,True,299,725,0,76,4.0
textures\building towncenter icon.tga,building towncenter icon.tga,64,64,4096,RGBA,True,0,0,4096,1,16.0
textures\building vase.tga,building vase.tga,256,128,32768,RGBA,True,25705,180,6883,3,128.0
textures\building vines01.tga,building vines01.tga,64,64,4096,RGBA,True,3381,102,613,3,16.0
textures\building wall damage.tga,building wall damage.tga,256,256,65536,RGBA,True,48938,2457,14141,3,256.0
textures\building wall to gate icon 64.tga,building wall to gate icon 64.tga,64,64,4096,RGBA,True,0,0,4096,1,16.0
textures\building wall to gate icon.tga,building wall to gate icon.tga,32,32,1024,RGBA,True,0,0,1024,1,4.0
textures\building x armory age1 shadow.tga,building x armory age1 shadow.tga,64,64,4096,RGBA,True,1154,2942,0,70,16.0
textures\building x armory age2 shadow.tga,building x armory age2 shadow.tga,64,64,4096,RGBA,True,1197,2899,0,77,16.0
textures\building x barracks age2 shadow.tga,building x barracks age2 shadow.tga,64,64,4096,RGBA,True,1744,2352,0,64,16.0
textures\building x bronze gate.tga,building x bronze gate.tga,256,64,16384,RGBA,True,0,0,16384,1,64.0
textures\building x construction palace shadow.tga,building x construction palace shadow.tga,64,64,4096,RGBA,True,1023,3073,0,220,16.0
textures\building x construction temple.tga,building x construction temple.tga,64,64,4096,RGBA,True,850,3246,0,213,16.0
textures\building x dock.tga,building x dock.tga,256,256,65536,RGBA,True,0,0,65536,1,256.0
textures\building x gaia wonder con shadow.tga,building x gaia wonder con shadow.tga,128,128,16384,RGBA,True,7113,9271,0,81,64.0
textures\building x guard tower shadow.tga,building x guard tower shadow.tga,32,32,1024,RGBA,True,173,851,0,47,4.0
textures\building x guild age2 shadow.tga,building x guild age2 shadow.tga,64,64,4096,RGBA,True,1515,2581,0,81,16.0
textures\building x guild age2.tga,building x guild age2.tga,256,256,65536,RGBA,True,2036,40,63460,3,256.0
textures\building x iron gate.tga,building x iron gate.tga,256,64,16384,RGBA,True,0,0,16384,1,64.0
textures\building x kronos wonder con 3 shadow.tga,building x kronos wonder con 3 shadow.tga,128,128,16384,RGBA,True,5705,10679,0,80,64.0
textures\building x kronos wonder con 4 shadow.tga,building x kronos wonder con 4 shadow.tga,128,128,16384,RGBA,True,5440,10944,0,78,64.0
textures\building x manor a age2 shadow.tga,building x manor a age2 shadow.tga,64,64,4096,RGBA,True,1383,2713,0,76,16.0
textures\building x manor b age2 shadow.tga,building x manor b age2 shadow.tga,64,64,4096,RGBA,True,1138,2958,0,55,16.0
textures\building x manor c age2 shadow.tga,building x manor c age2 shadow.tga,64,64,4096,RGBA,True,679,3417,0,73,16.0
textures\building x market age2 shadow.tga,building x market age2 shadow.tga,64,64,4096,RGBA,True,1306,2790,0,74,16.0
textures\building x mirror tower shadow.tga,building x mirror tower shadow.tga,64,64,4096,RGBA,True,2018,2078,0,80,16.0
textures\building x mirror tower.tga,building x mirror tower.tga,256,128,32768,RGBA,True,31460,16,1292,3,128.0
textures\building x oranos wonder con 3 shadow.tga,building x oranos wonder con 3 shadow.tga,128,128,16384,RGBA,True,8651,7733,0,81,64.0
textures\building x oranos wonder con 4 shadow.tga,building x oranos wonder con 4 shadow.tga,128,128,16384,RGBA,True,6051,10333,0,80,64.0
textures\building x oreichalkos gate.tga,building x oreichalkos gate.tga,256,128,32768,RGBA,True,0,0,32768,1,128.0
textures\building x palace age2 shadow.tga,building x palace age2 shadow.tga,64,64,4096,RGBA,True,1099,2997,0,48,16.0
textures\building x palace age2.tga,building x palace age2.tga,256,256,65536,RGBA,True,65152,0,384,2,256.0
textures\building x palace age3.tga,building x palace age3.tga,256,256,65536,RGBA,True,64436,0,1100,2,256.0
textures\building x palace roof age3.tga,building x palace roof age3.tga,128,128,16384,RGBA,True,0,0,16384,1,64.0
textures\building x palace roof.tga,building x palace roof.tga,128,128,16384,RGBA,True,0,0,16384,1,64.0
textures\building x roof age0.tga,building x roof age0.tga,256,256,65536,RGBA,True,64668,0,868,2,256.0
textures\building x roof age1.tga,building x roof age1.tga,256,256,65536,RGBA,True,64172,0,1364,2,256.0
textures\building x roof age2.tga,building x roof age2.tga,256,256,65536,RGBA,True,0,0,65536,1,256.0
textures\building x roof age3.tga,building x roof age3.tga,256,256,65536,RGBA,True,1976,0,63560,2,256.0
textures\building x settlement age0 shadow.tga,building x settlement age0 shadow.tga,64,64,4096,RGBA,True,1340,2756,0,64,16.0
textures\building x settlement age1 shadow.tga,building x settlement age1 shadow.tga,64,64,4096,RGBA,True,1403,2693,0,60,16.0
textures\building x settlement age2 fortified shadow.tga,building x settlement age2 fortified shadow.tga,64,64,4096,RGBA,True,768,3328,0,74,16.0
textures\building x settlement age2 shadow.tga,building x settlement age2 shadow.tga,64,64,4096,RGBA,True,1519,2577,0,99,16.0
textures\building x shared age0.tga,building x shared age0.tga,256,256,65536,RGBA,True,0,0,65536,1,256.0
textures\building x shared age3.tga,building x shared age3.tga,256,256,65536,RGBA,True,0,0,65536,1,256.0
textures\building x sky temple roof.tga,building x sky temple roof.tga,128,128,16384,RGBA,True,0,0,16384,1,64.0
textures\building x sky temple shadow.tga,building x sky temple shadow.tga,64,64,4096,RGBA,True,1230,2866,0,32,16.0
textures\building x sky temple.tga,building x sky temple.tga,256,256,65536,RGBA,True,63932,68,1536,3,256.0
textures\building x specialist age2 shadow.tga,building x specialist age2 shadow.tga,64,64,4096,RGBA,True,1816,2280,0,52,16.0
textures\building x statue stand in.tga,building x statue stand in.tga,256,256,65536,RGBA,True,0,0,65536,1,256.0
textures\building x stone wall.tga,building x stone wall.tga,256,256,65536,RGBA,True,0,0,65536,1,256.0
textures\building x temple age0 shadow.tga,building x temple age0 shadow.tga,64,64,4096,RGBA,True,1201,2895,0,60,16.0
textures\building x temple age0.tga,building x temple age0.tga,256,256,65536,RGBA,True,64767,149,620,3,256.0
textures\building x temple age1 shadow.tga,building x temple age1 shadow.tga,64,64,4096,RGBA,True,1201,2895,0,60,16.0
textures\building x temple age1.tga,building x temple age1.tga,256,256,65536,RGBA,True,0,0,65536,1,256.0
textures\building x temple age2 shadow.tga,building x temple age2 shadow.tga,64,64,4096,RGBA,True,1077,3019,0,65,16.0
textures\building x temple age2.tga,building x temple age2.tga,256,256,65536,RGBA,True,0,0,65536,1,256.0
textures\building x temple age3 shadow.tga,building x temple age3 shadow.tga,64,64,4096,RGBA,True,307,3789,0,62,16.0
textures\building x temple age3.tga,building x temple age3.tga,256,256,65536,RGBA,True,0,0,65536,1,256.0
textures\building x temple og1 25.tga,building x temple og1 25.tga,256,256,65536,RGBA,True,0,0,65536,1,256.0
textures\building x temple og1 50.tga,building x temple og1 50.tga,256,256,65536,RGBA,True,0,0,65536,1,256.0
textures\building x temple og1 75.tga,building x temple og1 75.tga,256,256,65536,RGBA,True,0,0,65536,1,256.0
textures\building x temple og1.tga,building x temple og1.tga,256,256,65536,RGBA,True,0,0,65536,1,256.0
textures\building x temple og2 25.tga,building x temple og2 25.tga,256,256,65536,RGBA,True,0,0,65536,1,256.0
textures\building x temple og2 50.tga,building x temple og2 50.tga,256,256,65536,RGBA,True,0,0,65536,1,256.0
textures\building x temple og2 75.tga,building x temple og2 75.tga,256,256,65536,RGBA,True,0,0,65536,1,256.0
textures\building x temple og2.tga,building x temple og2.tga,256,256,65536,RGBA,True,0,0,65536,1,256.0
textures\building x titangate.tga,building x titangate.tga,256,256,65536,RGBA,True,65264,0,272,2,256.0
textures\building x tower watch.tga,building x tower watch.tga,256,256,65536,RGBA,True,31232,267,34037,3,256.0
textures\building x tower watch2.tga,building x tower watch2.tga,256,256,65536,RGBA,True,64542,0,994,2,256.0
textures\building x tower watch3.tga,building x tower watch3.tga,256,256,65536,RGBA,True,64542,0,994,2,256.0
textures\building x tower watch4.tga,building x tower watch4.tga,256,256,65536,RGBA,True,64612,0,924,2,256.0
textures\building x towers.tga,building x towers.tga,256,256,65536,RGBA,True,63595,16,1925,3,256.0
textures\building x wall age2.tga,building x wall age2.tga,256,256,65536,RGBA,True,59936,62,5538,3,256.0
textures\building x wall age3.tga,building x wall age3.tga,256,256,65536,RGBA,True,64330,0,1206,2,256.0
textures\building x wall bronze.tga,building x wall bronze.tga,256,256,65536,RGBA,True,64600,0,936,2,256.0
textures\building x wall iron.tga,building x wall iron.tga,256,256,65536,RGBA,True,64671,0,865,2,256.0
textures\building x wall oreichalkos damage.tga,building x wall oreichalkos damage.tga,256,256,65536,RGBA,True,0,0,65536,1,256.0
textures\building x wall oreichalkos.tga,building x wall oreichalkos.tga,256,256,65536,RGBA,True,64040,0,1496,2,256.0
textures\building x wall stone.tga,building x wall stone.tga,256,256,65536,RGBA,True,64660,0,876,2,256.0
textures\building x watch tower shadow.tga,building x watch tower shadow.tga,32,32,1024,RGBA,True,173,851,0,47,4.0
textures\building x wonder gaia shadow.tga,building x wonder gaia shadow.tga,64,64,4096,RGBA,True,965,3131,0,120,16.0
textures\building x wonder kronos shadow.tga,building x wonder kronos shadow.tga,64,64,4096,RGBA,True,601,3495,0,74,16.0
textures\building x wonder oranos shadow.tga,building x wonder oranos shadow.tga,128,128,16384,RGBA,True,4102,12282,0,65,64.0
textures\buildingestatue01.tga,buildingestatue01.tga,256,256,65536,RGBA,True,0,0,65536,1,256.0
textures\buildingshadow_decal.tga,buildingshadow_decal.tga,32,32,1024,RGBA,True,0,1024,0,11,4.0
textures\buildingshadow_decaltc.tga,buildingshadow_decaltc.tga,32,32,1024,RGBA,True,336,688,0,34,4.0
textures\building_e_monumentbase_map.tga,building_e_monumentbase_map.tga,256,256,65536,RGBA,True,64512,0,1024,2,256.0
textures\burst.tga,burst.tga,128,128,16384,RGBA,True,3514,12870,0,15,64.0
textures\bush01.tga,bush01.tga,32,128,4096,RGBA,True,0,0,4096,1,16.0
textures\butterfly.tga,butterfly.tga,32,32,1024,RGBA,True,735,37,252,3,4.0
textures\cavalry c cataphract bronze.tga,cavalry c cataphract bronze.tga,64,64,4096,RGBA,True,3277,464,355,101,16.0
textures\cavalry c cataphract copper.tga,cavalry c cataphract copper.tga,64,64,4096,RGBA,True,3000,404,692,79,16.0
textures\cavalry c cataphract head bronze.tga,cavalry c cataphract head bronze.tga,32,32,1024,RGBA,True,907,37,80,18,4.0
textures\cavalry c cataphract head copper.tga,cavalry c cataphract head copper.tga,32,32,1024,RGBA,True,907,37,80,18,4.0
textures\cavalry c cataphract head iron.tga,cavalry c cataphract head iron.tga,32,32,1024,RGBA,True,907,37,80,18,4.0
textures\cavalry c cataphract head standard.tga,cavalry c cataphract head standard.tga,32,32,1024,RGBA,True,907,37,80,18,4.0
textures\cavalry c cataphract horse bronze.tga,cavalry c cataphract horse bronze.tga,128,128,16384,RGBA,True,13022,805,2557,77,64.0
textures\cavalry c cataphract horse copper.tga,cavalry c cataphract horse copper.tga,128,128,16384,RGBA,True,13022,805,2557,77,64.0
textures\cavalry c cataphract horse iron.tga,cavalry c cataphract horse iron.tga,128,128,16384,RGBA,True,13022,805,2557,77,64.0
textures\cavalry c cataphract horse standard.tga,cavalry c cataphract horse standard.tga,128,128,16384,RGBA,True,13022,805,2557,77,64.0
textures\cavalry c cataphract icon.tga,cavalry c cataphract icon.tga,64,64,4096,RGBA,True,0,0,4096,1,16.0
textures\cavalry c cataphract iron.tga,cavalry c cataphract iron.tga,64,64,4096,RGBA,True,3277,464,355,101,16.0
textures\cavalry c cataphract standard.tga,cavalry c cataphract standard.tga,64,64,4096,RGBA,True,2223,499,1374,96,16.0
textures\cavalry c chariot bronze.tga,cavalry c chariot bronze.tga,128,128,16384,RGBA,True,13837,797,1750,78,64.0
textures\cavalry c chariot copper.tga,cavalry c chariot copper.tga,128,128,16384,RGBA,True,13837,797,1750,78,64.0
textures\cavalry c chariot horse bronze.tga,cavalry c chariot horse bronze.tga,256,256,65536,RGBA,True,62739,1242,1555,145,256.0
textures\cavalry c chariot horse iron.tga,cavalry c chariot horse iron.tga,256,256,65536,RGBA,True,62739,1242,1555,145,256.0
textures\cavalry c chariot horse standard.tga,cavalry c chariot horse standard.tga,128,128,16384,RGBA,True,15587,532,265,111,64.0
textures\cavalry c chariot iron.tga,cavalry c chariot iron.tga,128,128,16384,RGBA,True,13837,797,1750,78,64.0
textures\cavalry c chariot standard.tga,cavalry c chariot standard.tga,128,128,16384,RGBA,True,13837,797,1750,78,64.0
textures\cavalry c charioteer bronze.tga,cavalry c charioteer bronze.tga,256,256,65536,RGBA,True,37844,2184,25508,188,256.0
textures\cavalry c charioteer iron.tga,cavalry c charioteer iron.tga,256,256,65536,RGBA,True,39127,2050,24359,194,256.0
textures\cavalry c charioteer standard.tga,cavalry c charioteer standard.tga,256,256,65536,RGBA,True,30320,2059,33157,190,256.0
textures\cavalry c scout bronze.tga,cavalry c scout bronze.tga,64,64,4096,RGBA,True,2592,613,891,96,16.0
textures\cavalry c scout copper.tga,cavalry c scout copper.tga,64,64,4096,RGBA,True,2382,550,1164,84,16.0
textures\cavalry c scout head bronze.tga,cavalry c scout head bronze.tga,32,32,1024,RGBA,True,665,85,274,31,4.0
textures\cavalry c scout head copper.tga,cavalry c scout head copper.tga,32,32,1024,RGBA,True,665,85,274,31,4.0
textures\cavalry c scout head iron.tga,cavalry c scout head iron.tga,32,32,1024,RGBA,True,665,85,274,31,4.0
textures\cavalry c scout head standard.tga,cavalry c scout head standard.tga,32,32,1024,RGBA,True,665,85,274,31,4.0
textures\cavalry c scout horse bronze.tga,cavalry c scout horse bronze.tga,128,128,16384,RGBA,True,14291,727,1366,109,64.0
textures\cavalry c scout horse copper.tga,cavalry c scout horse copper.tga,128,128,16384,RGBA,True,14291,727,1366,109,64.0
textures\cavalry c scout horse iron.tga,cavalry c scout horse iron.tga,128,128,16384,RGBA,True,14291,727,1366,109,64.0
textures\cavalry c scout horse standard.tga,cavalry c scout horse standard.tga,128,128,16384,RGBA,True,14386,738,1260,120,64.0
textures\cavalry c scout icon.tga,cavalry c scout icon.tga,64,64,4096,RGBA,True,0,0,4096,1,16.0
textures\cavalry c scout iron.tga,cavalry c scout iron.tga,64,64,4096,RGBA,True,3090,456,550,95,16.0
textures\cavalry c scout standard.tga,cavalry c scout standard.tga,64,64,4096,RGBA,True,1500,814,1782,106,16.0
textures\cavalry c war chariot icon.tga,cavalry c war chariot icon.tga,64,64,4096,RGBA,True,0,0,4096,1,16.0
textures\cavalry e camelry bronze.tga,cavalry e camelry bronze.tga,64,64,4096,RGBA,True,2838,37,1221,3,16.0
textures\cavalry e camelry camel bronze.tga,cavalry e camelry camel bronze.tga,128,128,16384,RGBA,True,15773,25,586,3,64.0
textures\cavalry e camelry camel copper.tga,cavalry e camelry camel copper.tga,128,128,16384,RGBA,True,15774,25,585,3,64.0
textures\cavalry e camelry camel iron.tga,cavalry e camelry camel iron.tga,128,128,16384,RGBA,True,15776,20,588,3,64.0
textures\cavalry e camelry camel map.tga,cavalry e camelry camel map.tga,64,64,4096,RGBA,True,3663,26,407,3,16.0
textures\cavalry e camelry camel standard.tga,cavalry e camelry camel standard.tga,128,128,16384,RGBA,True,15696,31,657,3,64.0
textures\cavalry e camelry copper.tga,cavalry e camelry copper.tga,64,64,4096,RGBA,True,2284,15,1797,3,16.0
textures\cavalry e camelry corpse bodya.tga,cavalry e camelry corpse bodya.tga,64,64,4096,RGBA,True,2807,1289,0,74,16.0
textures\cavalry e camelry head bronze.tga,cavalry e camelry head bronze.tga,32,32,1024,RGBA,True,0,0,1024,1,4.0
textures\cavalry e camelry head copper.tga,cavalry e camelry head copper.tga,32,32,1024,RGBA,True,0,0,1024,1,4.0
textures\cavalry e camelry head iron.tga,cavalry e camelry head iron.tga,32,32,1024,RGBA,True,0,0,1024,1,4.0
textures\cavalry e camelry head standard.tga,cavalry e camelry head standard.tga,32,32,1024,RGBA,True,0,0,1024,1,4.0
textures\cavalry e camelry iron.tga,cavalry e camelry iron.tga,64,64,4096,RGBA,True,2851,16,1229,3,16.0
textures\cavalry e camelry map.tga,cavalry e camelry map.tga,64,64,4096,RGBA,True,3323,27,746,3,16.0
textures\cavalry e camelry skeletona.tga,cavalry e camelry skeletona.tga,64,64,4096,RGBA,True,3210,886,0,83,16.0
textures\cavalry e camelry standard.tga,cavalry e camelry standard.tga,64,64,4096,RGBA,True,2631,15,1450,3,16.0
textures\cavalry e chariot archer bronze.tga,cavalry e chariot archer bronze.tga,256,256,65536,RGBA,True,45914,65,19557,3,256.0
textures\cavalry e chariot archer copper.tga,cavalry e chariot archer copper.tga,256,256,65536,RGBA,True,42914,59,22563,3,256.0
textures\cavalry e chariot archer corpse bodya.tga,cavalry e chariot archer corpse bodya.tga,64,128,8192,RGBA,True,5830,2362,0,114,32.0
textures\cavalry e chariot archer iron.tga,cavalry e chariot archer iron.tga,256,256,65536,RGBA,True,46097,70,19369,3,256.0
textures\cavalry e chariot archer skeletona.tga,cavalry e chariot archer skeletona.tga,64,128,8192,RGBA,True,6593,1599,0,87,32.0
textures\cavalry e chariot chariot map.tga,cavalry e chariot chariot map.tga,128,128,16384,RGBA,True,6506,0,9878,2,64.0
textures\cavalry e chariot horse map.tga,cavalry e chariot horse map.tga,128,128,16384,RGBA,True,11651,0,4733,2,64.0
textures\cavalry e chariot map.tga,cavalry e chariot map.tga,64,64,4096,RGBA,True,3050,0,1046,2,16.0
textures\cavalry e mercenary corpse bodya.tga,cavalry e mercenary corpse bodya.tga,64,64,4096,RGBA,True,2744,1352,0,78,16.0
textures\cavalry e mercenary horse iron.tga,cavalry e mercenary horse iron.tga,128,128,16384,RGBA,True,0,0,16384,1,64.0
textures\cavalry e mercenary horse standard.tga,cavalry e mercenary horse standard.tga,128,128,16384,RGBA,True,15644,56,684,3,64.0
textures\cavalry e mercenary skeletona.tga,cavalry e mercenary skeletona.tga,64,64,4096,RGBA,True,3085,1011,0,116,16.0
textures\cavalry e war elephant basket bronze.tga,cavalry e war elephant basket bronze.tga,64,64,4096,RGBA,True,3751,16,329,3,16.0
textures\cavalry e war elephant basket copper.tga,cavalry e war elephant basket copper.tga,64,64,4096,RGBA,True,3795,43,258,3,16.0
textures\cavalry e war elephant basket iron.tga,cavalry e war elephant basket iron.tga,64,64,4096,RGBA,True,3754,37,305,3,16.0
textures\cavalry e war elephant basket standard.tga,cavalry e war elephant basket standard.tga,64,64,4096,RGBA,True,3927,0,169,2,16.0
textures\cavalry e war elephant bronze.tga,cavalry e war elephant bronze.tga,256,128,32768,RGBA,True,30768,98,1902,3,128.0
textures\cavalry e war elephant copper.tga,cavalry e war elephant copper.tga,256,128,32768,RGBA,True,31173,153,1442,3,128.0
textures\cavalry e war elephant corpse bodya.tga,cavalry e war elephant corpse bodya.tga,128,128,16384,RGBA,True,12056,4328,0,106,64.0
textures\cavalry e war elephant head bronze.tga,cavalry e war elephant head bronze.tga,32,32,1024,RGBA,True,0,0,1024,1,4.0
textures\cavalry e war elephant head copper.tga,cavalry e war elephant head copper.tga,32,32,1024,RGBA,True,0,0,1024,1,4.0
textures\cavalry e war elephant head iron.tga,cavalry e war elephant head iron.tga,32,32,1024,RGBA,True,0,0,1024,1,4.0
textures\cavalry e war elephant head standard.tga,cavalry e war elephant head standard.tga,32,32,1024,RGBA,True,0,0,1024,1,4.0
textures\cavalry e war elephant iron.tga,cavalry e war elephant iron.tga,256,128,32768,RGBA,True,30750,141,1877,3,128.0
textures\cavalry e war elephant rider bronze.tga,cavalry e war elephant rider bronze.tga,64,64,4096,RGBA,True,3551,16,529,3,16.0
textures\cavalry e war elephant rider copper.tga,cavalry e war elephant rider copper.tga,64,64,4096,RGBA,True,3722,20,354,3,16.0
textures\cavalry e war elephant rider iron.tga,cavalry e war elephant rider iron.tga,64,64,4096,RGBA,True,3551,16,529,3,16.0
textures\cavalry e war elephant rider standard.tga,cavalry e war elephant rider standard.tga,64,64,4096,RGBA,True,3673,11,412,3,16.0
textures\cavalry e war elephant skeletona.tga,cavalry e war elephant skeletona.tga,128,128,16384,RGBA,True,0,16384,0,176,64.0
textures\cavalry e war elephant tusks bronze.tga,cavalry e war elephant tusks bronze.tga,32,32,1024,RGBA,True,0,0,1024,1,4.0
textures\cavalry e war elephant tusks copper.tga,cavalry e war elephant tusks copper.tga,32,32,1024,RGBA,True,0,0,1024,1,4.0
textures\cavalry e war elephant tusks iron.tga,cavalry e war elephant tusks iron.tga,32,32,1024,RGBA,True,0,0,1024,1,4.0
textures\cavalry e war elephant tusks standard.tga,cavalry e war elephant tusks standard.tga,32,32,1024,RGBA,True,0,0,1024,1,4.0
textures\cavalry g cataphract corpse bodya.tga,cavalry g cataphract corpse bodya.tga,64,64,4096,RGBA,True,2632,1464,0,94,16.0
textures\cavalry g cataphract head iron.tga,cavalry g cataphract head iron.tga,32,32,1024,RGBA,True,915,0,109,2,4.0
textures\cavalry g cataphract horse iron.tga,cavalry g cataphract horse iron.tga,128,128,16384,RGBA,True,15650,33,701,3,64.0
textures\cavalry g cataphract iron.tga,cavalry g cataphract iron.tga,64,64,4096,RGBA,True,3457,5,634,3,16.0
textures\cavalry g cataphract skeletona.tga,cavalry g cataphract skeletona.tga,64,64,4096,RGBA,True,3081,1015,0,117,16.0
textures\cavalry g hetairoi bronze.tga,cavalry g hetairoi bronze.tga,64,64,4096,RGBA,True,3514,22,560,3,16.0
textures\cavalry g hetairoi cape.tga,cavalry g hetairoi cape.tga,32,32,1024,RGBA,True,0,0,1024,1,4.0
textures\cavalry g hetairoi copper.tga,cavalry g hetairoi copper.tga,64,64,4096,RGBA,True,3514,22,560,3,16.0
textures\cavalry g hetairoi corpse bodya.tga,cavalry g hetairoi corpse bodya.tga,64,64,4096,RGBA,True,2578,1518,0,89,16.0
textures\cavalry g hetairoi head iron.tga,cavalry g hetairoi head iron.tga,32,32,1024,RGBA,True,1024,0,0,1,4.0
textures\cavalry g hetairoi horse iron.tga,cavalry g hetairoi horse iron.tga,128,128,16384,RGBA,True,15939,26,419,3,64.0
textures\cavalry g hetairoi iron.tga,cavalry g hetairoi iron.tga,64,64,4096,RGBA,True,3103,27,966,3,16.0
textures\cavalry g hetairoi skeletona.tga,cavalry g hetairoi skeletona.tga,64,64,4096,RGBA,True,3079,1017,0,115,16.0
textures\cavalry g hippikon bronze.tga,cavalry g hippikon bronze.tga,64,64,4096,RGBA,True,3197,22,877,3,16.0
textures\cavalry g hippikon cape.tga,cavalry g hippikon cape.tga,32,32,1024,RGBA,True,0,0,1024,1,4.0
textures\cavalry g hippikon copper.tga,cavalry g hippikon copper.tga,64,64,4096,RGBA,True,3198,0,898,2,16.0
textures\cavalry g hippikon corpse bodya.tga,cavalry g hippikon corpse bodya.tga,64,64,4096,RGBA,True,2653,1443,0,85,16.0
textures\cavalry g hippikon head bronze.tga,cavalry g hippikon head bronze.tga,32,32,1024,RGBA,True,989,0,35,2,4.0
textures\cavalry g hippikon head copper.tga,cavalry g hippikon head copper.tga,32,32,1024,RGBA,True,989,0,35,2,4.0
textures\cavalry g hippikon head iron.tga,cavalry g hippikon head iron.tga,32,32,1024,RGBA,True,989,0,35,2,4.0
textures\cavalry g hippikon head standard.tga,cavalry g hippikon head standard.tga,32,32,1024,RGBA,True,0,0,1024,1,4.0
textures\cavalry g hippikon horse bronze.tga,cavalry g hippikon horse bronze.tga,128,128,16384,RGBA,True,14628,22,1734,3,64.0
textures\cavalry g hippikon horse copper.tga,cavalry g hippikon horse copper.tga,128,128,16384,RGBA,True,14745,0,1639,2,64.0
textures\cavalry g hippikon horse iron.tga,cavalry g hippikon horse iron.tga,128,128,16384,RGBA,True,14628,22,1734,3,64.0
textures\cavalry g hippikon horse standard.tga,cavalry g hippikon horse standard.tga,128,128,16384,RGBA,True,14988,0,1396,2,64.0
textures\cavalry g hippikon iron.tga,cavalry g hippikon iron.tga,64,64,4096,RGBA,True,3217,11,868,3,16.0
textures\cavalry g hippikon skeletona.tga,cavalry g hippikon skeletona.tga,64,64,4096,RGBA,True,3086,1010,0,116,16.0
textures\cavalry g hippikon standard.tga,cavalry g hippikon standard.tga,64,64,4096,RGBA,True,3323,0,773,2,16.0
textures\cavalry g light cavalry spear map.tga,cavalry g light cavalry spear map.tga,128,8,1024,RGBA,True,588,22,414,3,4.0
textures\cavalry g prodromos bronze.tga,cavalry g prodromos bronze.tga,64,64,4096,RGBA,True,2880,10,1206,3,16.0
textures\cavalry g prodromos copper.tga,cavalry g prodromos copper.tga,64,64,4096,RGBA,True,2880,10,1206,3,16.0
textures\cavalry g prodromos corpse bodya.tga,cavalry g prodromos corpse bodya.tga,64,64,4096,RGBA,True,2683,1413,0,100,16.0
textures\cavalry g prodromos head bronze.tga,cavalry g prodromos head bronze.tga,64,32,2048,RGBA,True,0,0,2048,1,8.0
textures\cavalry g prodromos head copper.tga,cavalry g prodromos head copper.tga,64,32,2048,RGBA,True,0,0,2048,1,8.0
textures\cavalry g prodromos head iron.tga,cavalry g prodromos head iron.tga,64,32,2048,RGBA,True,0,0,2048,1,8.0
textures\cavalry g prodromos head standard.tga,cavalry g prodromos head standard.tga,32,32,1024,RGBA,True,0,0,1024,1,4.0
textures\cavalry g prodromos horse bronze.tga,cavalry g prodromos horse bronze.tga,128,128,16384,RGBA,True,14628,22,1734,3,64.0
textures\cavalry g prodromos horse copper.tga,cavalry g prodromos horse copper.tga,128,128,16384,RGBA,True,14745,0,1639,2,64.0
textures\cavalry g prodromos horse iron.tga,cavalry g prodromos horse iron.tga,128,128,16384,RGBA,True,14628,22,1734,3,64.0
textures\cavalry g prodromos horse standard.tga,cavalry g prodromos horse standard.tga,128,128,16384,RGBA,True,14988,0,1396,2,64.0
textures\cavalry g prodromos iron.tga,cavalry g prodromos iron.tga,64,64,4096,RGBA,True,2880,10,1206,3,16.0
textures\cavalry g prodromos skeletona.tga,cavalry g prodromos skeletona.tga,64,64,4096,RGBA,True,3080,1016,0,115,16.0
textures\cavalry g prodromos standard.tga,cavalry g prodromos standard.tga,64,64,4096,RGBA,True,1500,11,2585,3,16.0
textures\cavalry g scout corpse bodya.tga,cavalry g scout corpse bodya.tga,64,64,4096,RGBA,True,2370,1726,0,109,16.0
textures\cavalry g scout horse.tga,cavalry g scout horse.tga,128,128,16384,RGBA,True,15491,20,873,3,64.0
textures\cavalry g scout skeletona.tga,cavalry g scout skeletona.tga,64,64,4096,RGBA,True,0,4096,0,151,16.0
textures\cavalry n jarl bronze.tga,cavalry n jarl bronze.tga,64,64,4096,RGBA,True,3774,27,295,3,16.0
textures\cavalry n jarl cape.tga,cavalry n jarl cape.tga,32,32,1024,RGBA,True,0,0,1024,1,4.0
textures\cavalry n jarl copper.tga,cavalry n jarl copper.tga,64,64,4096,RGBA,True,3859,11,226,3,16.0
textures\cavalry n jarl corpse bodya.tga,cavalry n jarl corpse bodya.tga,64,64,4096,RGBA,True,2327,1769,0,107,16.0
textures\cavalry n jarl head bronze.tga,cavalry n jarl head bronze.tga,32,32,1024,RGBA,True,0,0,1024,1,4.0
textures\cavalry n jarl head copper.tga,cavalry n jarl head copper.tga,32,32,1024,RGBA,True,0,0,1024,1,4.0
textures\cavalry n jarl head iron.tga,cavalry n jarl head iron.tga,32,32,1024,RGBA,True,0,0,1024,1,4.0
textures\cavalry n jarl head standard.tga,cavalry n jarl head standard.tga,32,32,1024,RGBA,True,0,0,1024,1,4.0
textures\cavalry n jarl horse bronze.tga,cavalry n jarl horse bronze.tga,128,128,16384,RGBA,True,15590,107,687,3,64.0
textures\cavalry n jarl horse copper.tga,cavalry n jarl horse copper.tga,128,128,16384,RGBA,True,15508,85,791,3,64.0
textures\cavalry n jarl horse iron.tga,cavalry n jarl horse iron.tga,128,128,16384,RGBA,True,15509,116,759,3,64.0
textures\cavalry n jarl horse standard.tga,cavalry n jarl horse standard.tga,128,128,16384,RGBA,True,15420,73,891,3,64.0
textures\cavalry n jarl iron.tga,cavalry n jarl iron.tga,64,64,4096,RGBA,True,3774,27,295,3,16.0
textures\cavalry n jarl skeletona.tga,cavalry n jarl skeletona.tga,64,64,4096,RGBA,True,3092,1004,0,113,16.0
textures\cavalry n jarl standard.tga,cavalry n jarl standard.tga,64,64,4096,RGBA,True,3183,21,892,3,16.0
textures\cavalry n raiding cavalry bronze.tga,cavalry n raiding cavalry bronze.tga,64,64,4096,RGBA,True,2989,5,1102,3,16.0
textures\cavalry n raiding cavalry copper.tga,cavalry n raiding cavalry copper.tga,64,64,4096,RGBA,True,2989,5,1102,3,16.0
textures\cavalry n raiding cavalry corpse bodya.tga,cavalry n raiding cavalry corpse bodya.tga,64,64,4096,RGBA,True,2616,1480,0,93,16.0
textures\cavalry n raiding cavalry head bronze.tga,cavalry n raiding cavalry head bronze.tga,32,32,1024,RGBA,True,0,0,1024,1,4.0
textures\cavalry n raiding cavalry head copper.tga,cavalry n raiding cavalry head copper.tga,32,32,1024,RGBA,True,0,0,1024,1,4.0
textures\cavalry n raiding cavalry head iron.tga,cavalry n raiding cavalry head iron.tga,32,32,1024,RGBA,True,0,0,1024,1,4.0
textures\cavalry n raiding cavalry head standard.tga,cavalry n raiding cavalry head standard.tga,32,32,1024,RGBA,True,0,0,1024,1,4.0
textures\cavalry n raiding cavalry horse bronze.tga,cavalry n raiding cavalry horse bronze.tga,128,128,16384,RGBA,True,16136,16,232,3,64.0
textures\cavalry n raiding cavalry horse copper.tga,cavalry n raiding cavalry horse copper.tga,128,128,16384,RGBA,True,16136,16,232,3,64.0
textures\cavalry n raiding cavalry horse iron.tga,cavalry n raiding cavalry horse iron.tga,128,128,16384,RGBA,True,16136,16,232,3,64.0
textures\cavalry n raiding cavalry horse standard.tga,cavalry n raiding cavalry horse standard.tga,128,128,16384,RGBA,True,16136,16,232,3,64.0
textures\cavalry n raiding cavalry iron.tga,cavalry n raiding cavalry iron.tga,64,64,4096,RGBA,True,2989,5,1102,3,16.0
textures\cavalry n raiding cavalry skeletona.tga,cavalry n raiding cavalry skeletona.tga,64,64,4096,RGBA,True,3103,993,0,120,16.0
textures\cavalry n raiding cavalry standard.tga,cavalry n raiding cavalry standard.tga,64,64,4096,RGBA,True,2989,5,1102,3,16.0
textures\cavalry x javelin bronze.tga,cavalry x javelin bronze.tga,64,64,4096,RGBA,True,3544,32,520,3,16.0
textures\cavalry x javelin copper.tga,cavalry x javelin copper.tga,64,64,4096,RGBA,True,2822,0,1274,2,16.0
textures\cavalry x javelin corpse bodya.tga,cavalry x javelin corpse bodya.tga,64,64,4096,RGBA,True,2060,2036,0,90,16.0
textures\cavalry x javelin corpse skeletona.tga,cavalry x javelin corpse skeletona.tga,64,64,4096,RGBA,True,2676,1420,0,145,16.0
textures\cavalry x javelin hero.tga,cavalry x javelin hero.tga,64,64,4096,RGBA,True,3544,32,520,3,16.0
textures\cavalry x javelin horse bronze.tga,cavalry x javelin horse bronze.tga,128,128,16384,RGBA,True,15705,32,647,3,64.0
textures\cavalry x javelin horse copper.tga,cavalry x javelin horse copper.tga,128,128,16384,RGBA,True,15501,27,856,3,64.0
textures\cavalry x javelin horse hero.tga,cavalry x javelin horse hero.tga,128,128,16384,RGBA,True,15937,43,404,3,64.0
textures\cavalry x javelin horse iron.tga,cavalry x javelin horse iron.tga,128,128,16384,RGBA,True,15937,43,404,3,64.0
textures\cavalry x javelin horse standard.tga,cavalry x javelin horse standard.tga,128,128,16384,RGBA,True,15501,27,856,3,64.0
textures\cavalry x javelin iron.tga,cavalry x javelin iron.tga,64,64,4096,RGBA,True,3544,32,520,3,16.0
textures\cavalry x javelin standard.tga,cavalry x javelin standard.tga,64,64,4096,RGBA,True,2822,0,1274,2,16.0
textures\cavalry x lancer bronze.tga,cavalry x lancer bronze.tga,64,64,4096,RGBA,True,3236,5,855,3,16.0
textures\cavalry x lancer cape iron.tga,cavalry x lancer cape iron.tga,32,64,2048,RGBA,True,326,38,1684,3,8.0
textures\cavalry x lancer copper.tga,cavalry x lancer copper.tga,64,64,4096,RGBA,True,3236,5,855,3,16.0
textures\cavalry x lancer corpse bodya.tga,cavalry x lancer corpse bodya.tga,64,64,4096,RGBA,True,2869,1227,0,108,16.0
textures\cavalry x lancer corpse skeletona.tga,cavalry x lancer corpse skeletona.tga,64,64,4096,RGBA,True,3407,689,0,75,16.0
textures\cavalry x lancer hero.tga,cavalry x lancer hero.tga,64,64,4096,RGBA,True,0,0,4096,1,16.0
textures\cavalry x lancer horse bronze.tga,cavalry x lancer horse bronze.tga,128,128,16384,RGBA,True,15625,38,721,3,64.0
textures\cavalry x lancer horse copper.tga,cavalry x lancer horse copper.tga,128,128,16384,RGBA,True,15252,38,1094,3,64.0
textures\cavalry x lancer horse hero.tga,cavalry x lancer horse hero.tga,128,128,16384,RGBA,True,15625,38,721,3,64.0
textures\cavalry x lancer horse iron.tga,cavalry x lancer horse iron.tga,128,128,16384,RGBA,True,15625,38,721,3,64.0
textures\cavalry x lancer horse standard.tga,cavalry x lancer horse standard.tga,128,128,16384,RGBA,True,15252,38,1094,3,64.0
textures\cavalry x lancer iron.tga,cavalry x lancer iron.tga,64,64,4096,RGBA,True,3236,5,855,3,16.0
textures\cavalry x lancer standard.tga,cavalry x lancer standard.tga,64,64,4096,RGBA,True,3236,5,855,3,16.0
textures\chat.tga,chat.tga,16,16,256,RGBA,True,0,0,256,1,1.0
textures\chatlogo.tga,chatlogo.tga,16,16,256,RGBA,True,48,208,0,38,1.0
textures\cin villager x female_dead shadow.tga,cin villager x female_dead shadow.tga,64,64,4096,RGBA,True,3210,886,0,58,16.0
textures\cin villager x male_dead shadow.tga,cin villager x male_dead shadow.tga,64,64,4096,RGBA,True,3403,693,0,60,16.0
textures\cine a arkantos god helmet map.tga,cine a arkantos god helmet map.tga,128,128,16384,RGBA,True,0,0,16384,1,64.0
textures\cine a arkantos god map.tga,cine a arkantos god map.tga,256,256,65536,RGBA,True,0,0,65536,1,256.0
textures\cine a arkantos god shoulder map.tga,cine a arkantos god shoulder map.tga,128,128,16384,RGBA,True,0,0,16384,1,64.0
textures\cine a arkantos helmet low.tga,cine a arkantos helmet low.tga,64,64,4096,RGBA,True,0,0,4096,1,16.0
textures\cine a arkantos helmet.tga,cine a arkantos helmet.tga,256,256,65536,RGBA,True,0,0,65536,1,256.0
textures\cine a arkantos map.tga,cine a arkantos map.tga,256,256,65536,RGBA,True,53974,85,11477,3,256.0
textures\cine a arkantos shoulder map.tga,cine a arkantos shoulder map.tga,128,128,16384,RGBA,True,0,0,16384,1,64.0
textures\cine a arkantosman map.tga,cine a arkantosman map.tga,256,256,65536,RGBA,True,54997,111,10428,3,256.0
textures\cine a arkantosman mapblue.tga,cine a arkantosman mapblue.tga,512,512,262144,RGBA,True,0,0,262144,1,1024.0
textures\cine a arkantosman shoulder map.tga,cine a arkantosman shoulder map.tga,128,128,16384,RGBA,True,0,0,16384,1,64.0
textures\cine a brokk map.tga,cine a brokk map.tga,256,256,65536,RGBA,True,56567,80,8889,3,256.0
textures\cine a eitri map.tga,cine a eitri map.tga,256,256,65536,RGBA,True,56567,80,8889,3,256.0
textures\cine a jarl helmet map.tga,cine a jarl helmet map.tga,128,128,16384,RGBA,True,15309,87,988,3,64.0
textures\cine a jarl horse map.tga,cine a jarl horse map.tga,256,256,65536,RGBA,True,62711,122,2703,3,256.0
textures\cine a jarl map.tga,cine a jarl map.tga,256,256,65536,RGBA,True,62834,100,2602,3,256.0
textures\cine a kemsyt head bag.tga,cine a kemsyt head bag.tga,128,128,16384,RGBA,True,0,0,16384,1,64.0
textures\cine a kemsyt scimitar.tga,cine a kemsyt scimitar.tga,64,64,4096,RGBA,True,0,0,4096,1,16.0
textures\cine a kemsyt.tga,cine a kemsyt.tga,256,256,65536,RGBA,True,0,0,65536,1,256.0
textures\cine a skult map.tga,cine a skult map.tga,256,256,65536,RGBA,True,59560,80,5896,3,256.0
textures\cine axeman map.tga,cine axeman map.tga,128,128,16384,RGBA,True,0,0,16384,1,64.0
textures\cine bow map.tga,cine bow map.tga,32,128,4096,RGBA,True,0,0,4096,1,16.0
textures\cine c danzhu.tga,cine c danzhu.tga,256,256,65536,RGBA,True,63989,775,772,101,256.0
textures\cine c emperor head.tga,cine c emperor head.tga,256,256,65536,RGBA,True,4068,2000,59468,15,256.0
textures\cine c emperor.tga,cine c emperor.tga,512,512,262144,RGBA,True,262144,0,0,1,1024.0
textures\cine c jiaolong.tga,cine c jiaolong.tga,256,256,65536,RGBA,True,53464,2643,9429,216,256.0
textures\cine c shun shoulder.tga,cine c shun shoulder.tga,128,128,16384,RGBA,True,0,544,15840,4,64.0
textures\cine c shun spear.tga,cine c shun spear.tga,128,256,32768,RGBA,True,0,0,32768,1,128.0
textures\cine c shun.tga,cine c shun.tga,512,512,262144,RGBA,True,202802,6780,52562,252,1024.0
textures\cine c zhi.tga,cine c zhi.tga,256,256,65536,RGBA,True,31718,4510,29308,254,256.0
textures\cine e axeman axe.tga,cine e axeman axe.tga,128,128,16384,RGBA,True,0,0,16384,1,64.0
textures\cine e axeman groin.tga,cine e axeman groin.tga,64,128,8192,RGBA,True,0,0,8192,1,32.0
textures\cine e axeman shield.tga,cine e axeman shield.tga,128,128,16384,RGBA,True,0,0,16384,1,64.0
textures\cine e axeman.tga,cine e axeman.tga,256,256,65536,RGBA,True,55058,75,10403,3,256.0
textures\cine e infantry hairmap.tga,cine e infantry hairmap.tga,32,32,1024,RGBA,True,0,0,1024,1,4.0
textures\cine e infantry map.tga,cine e infantry map.tga,256,256,65536,RGBA,True,53529,33,11974,3,256.0
textures\cine e osiris map.tga,cine e osiris map.tga,256,256,65536,RGBA,True,0,1020,64516,4,256.0
textures\cine e setna.tga,cine e setna.tga,256,256,65536,RGBA,True,56069,47,9420,3,256.0
textures\cine g ajax lion head map.tga,cine g ajax lion head map.tga,128,256,32768,RGBA,True,0,0,32768,1,128.0
textures\cine g ajax map.tga,cine g ajax map.tga,256,256,65536,RGBA,True,57626,134,7776,3,256.0
textures\cine g ajax old lion head map.tga,cine g ajax old lion head map.tga,64,128,8192,RGBA,True,0,0,8192,1,32.0
textures\cine g ajax old map.tga,cine g ajax old map.tga,256,256,65536,RGBA,True,54345,0,11191,2,256.0
textures\cine g ajax old shield map.tga,cine g ajax old shield map.tga,128,128,16384,RGBA,True,0,0,16384,1,64.0
textures\cine g ajax old spear map.tga,cine g ajax old spear map.tga,64,128,8192,RGBA,True,0,0,8192,1,32.0
textures\cine g ajax shield map.tga,cine g ajax shield map.tga,128,128,16384,RGBA,True,0,0,16384,1,64.0
textures\cine g ajax.tga,cine g ajax.tga,256,256,65536,RGBA,True,0,0,65536,1,256.0
textures\cine g amanra map.tga,cine g amanra map.tga,256,256,65536,RGBA,True,56098,165,9273,3,256.0
textures\cine g amanra old map.tga,cine g amanra old map.tga,256,256,65536,RGBA,True,54977,225,10334,3,256.0
textures\cine g amanra shield map.tga,cine g amanra shield map.tga,128,128,16384,RGBA,True,0,0,16384,1,64.0
textures\cine g amanra shield old map.tga,cine g amanra shield old map.tga,128,128,16384,RGBA,True,0,0,16384,1,64.0
textures\cine g amanra weapon map.tga,cine g amanra weapon map.tga,64,128,8192,RGBA,True,0,0,8192,1,32.0
textures\cine g amanra weapon old map.tga,cine g amanra weapon old map.tga,64,128,8192,RGBA,True,0,0,8192,1,32.0
textures\cine g chiron map.tga,cine g chiron map.tga,256,256,65536,RGBA,True,56225,85,9226,3,256.0
textures\cine g gargarensis map.tga,cine g gargarensis map.tga,256,256,65536,RGBA,True,59212,151,6173,3,256.0
textures\cine g hoplite shield cine.tga,cine g hoplite shield cine.tga,128,64,8192,RGBA,True,0,0,8192,1,32.0
textures\cine g hoplite shield.tga,cine g hoplite shield.tga,128,64,8192,RGBA,True,7778,26,388,3,32.0
textures\cine g hoplite spear.tga,cine g hoplite spear.tga,128,16,2048,RGBA,True,0,0,2048,1,8.0
textures\cine g kastor map.tga,cine g kastor map.tga,256,256,65536,RGBA,True,60613,230,4693,3,256.0
textures\cine g odysseus map.tga,cine g odysseus map.tga,256,256,65536,RGBA,True,0,0,65536,1,256.0
textures\cine g odysseus quiver map.tga,cine g odysseus quiver map.tga,128,128,16384,RGBA,True,0,0,16384,1,64.0
textures\cine g old man map.tga,cine g old man map.tga,256,256,65536,RGBA,True,41887,170,23479,3,256.0
textures\cine g poseidon pirate trident shadow.tga,cine g poseidon pirate trident shadow.tga,64,16,1024,RGBA,True,813,211,0,45,4.0
textures\cine g poseidon stone.tga,cine g poseidon stone.tga,256,256,65536,RGBA,True,62730,0,2806,2,256.0
textures\cine g poseidon trident.tga,cine g poseidon trident.tga,64,64,4096,RGBA,True,0,0,4096,1,16.0
textures\cine low e axe iron.tga,cine low e axe iron.tga,32,32,1024,RGBA,True,542,482,0,2,4.0
textures\cine n hersir hammer.tga,cine n hersir hammer.tga,64,64,4096,RGBA,True,0,0,4096,1,16.0
textures\cine n hersir.tga,cine n hersir.tga,256,256,65536,RGBA,True,49322,59,16155,3,256.0
textures\cine n huskarl cape.tga,cine n huskarl cape.tga,128,128,16384,RGBA,True,14208,216,1960,3,64.0
textures\cine n huskarl.tga,cine n huskarl.tga,256,256,65536,RGBA,True,60180,90,5266,3,256.0
textures\cine n reginleif map.tga,cine n reginleif map.tga,256,256,65536,RGBA,True,59455,53,6028,3,256.0
textures\cine n reginleif weapons map.tga,cine n reginleif weapons map.tga,256,256,65536,RGBA,True,58929,22,6585,3,256.0
textures\cine n ulfsark cape.tga,cine n ulfsark cape.tga,128,128,16384,RGBA,True,0,0,16384,1,64.0
textures\cine n ulfsark.tga,cine n ulfsark.tga,256,256,65536,RGBA,True,49212,76,16248,3,256.0
textures\cine quiver map.tga,cine quiver map.tga,128,128,16384,RGBA,True,0,0,16384,1,64.0
textures\cine spear map.tga,cine spear map.tga,128,256,32768,RGBA,True,0,0,32768,1,128.0
textures\cine x hp arcusmap.tga,cine x hp arcusmap.tga,256,256,65536,RGBA,True,54875,121,10540,3,256.0
textures\cine x hp arcusweaponsmap.tga,cine x hp arcusweaponsmap.tga,128,128,16384,RGBA,True,15846,26,512,3,64.0
textures\cine x hp automatonmap.tga,cine x hp automatonmap.tga,256,256,65536,RGBA,True,58802,176,6558,3,256.0
textures\cine x hp autoweaponsmap.tga,cine x hp autoweaponsmap.tga,256,256,65536,RGBA,True,4149,0,61387,2,256.0
textures\cine x hp fanaticmap.tga,cine x hp fanaticmap.tga,256,256,65536,RGBA,True,60187,95,5254,3,256.0
textures\cine x hp fanaticweaponsmap.tga,cine x hp fanaticweaponsmap.tga,64,128,8192,RGBA,True,627,32,7533,3,32.0
textures\cine x hp melagiusmap.tga,cine x hp melagiusmap.tga,256,256,65536,RGBA,True,56549,143,8844,3,256.0
textures\cine x kastor adult sword.tga,cine x kastor adult sword.tga,128,64,8192,RGBA,True,0,0,8192,1,32.0
textures\cine x kastor adult.tga,cine x kastor adult.tga,256,256,65536,RGBA,True,58321,82,7133,3,256.0
textures\cine x krios.tga,cine x krios.tga,256,256,65536,RGBA,True,64487,37,1012,3,256.0
textures\cine x kriosred.tga,cine x kriosred.tga,256,256,65536,RGBA,True,0,0,65536,1,256.0
textures\cine x mp melagius head.tga,cine x mp melagius head.tga,16,16,256,RGBA,True,230,0,26,2,1.0
textures\cine x trident soldier cape.tga,cine x trident soldier cape.tga,128,256,32768,RGBA,True,2465,167,30136,3,128.0
textures\cine x trident soldier helmet.tga,cine x trident soldier helmet.tga,128,128,16384,RGBA,True,0,0,16384,1,64.0
textures\cine x trident soldier shield.tga,cine x trident soldier shield.tga,256,256,65536,RGBA,True,60852,340,4344,3,256.0
textures\cine x trident soldier.tga,cine x trident soldier.tga,256,256,65536,RGBA,True,60206,22,5308,3,256.0
textures\cinematic naval g trireme b.tga,cinematic naval g trireme b.tga,128,128,16384,RGBA,True,0,0,16384,1,64.0
textures\cinematic naval g trireme.tga,cinematic naval g trireme.tga,256,256,65536,RGBA,True,63270,64,2202,3,256.0
textures\circles.tga,circles.tga,64,64,4096,RGBA,True,3162,934,0,45,16.0
textures\closebutton.tga,closebutton.tga,16,16,256,RGBA,True,0,256,0,1,1.0
textures\cloud.tga,cloud.tga,512,512,262144,RGBA,True,0,0,262144,1,1024.0
textures\command attack move icon.tga,command attack move icon.tga,32,32,1024,RGBA,True,131,750,143,23,4.0
textures\command god no isis icon.tga,command god no isis icon.tga,32,32,1024,RGBA,True,0,0,1024,1,4.0
textures\curvedbow.tga,curvedbow.tga,16,32,512,RGBA,True,0,0,512,1,2.0
textures\curvedbowquiver.tga,curvedbowquiver.tga,32,32,1024,RGBA,True,0,0,1024,1,4.0
textures\cyclops high.tga,cyclops high.tga,256,256,65536,RGBA,True,63660,5,1871,3,256.0
textures\defaultskyboxbk.tga,defaultskyboxbk.tga,256,256,65536,RGBA,True,0,0,65536,1,256.0
textures\defaultskyboxdn.tga,defaultskyboxdn.tga,256,256,65536,RGBA,True,0,0,65536,1,256.0
textures\defaultskyboxft.tga,defaultskyboxft.tga,256,256,65536,RGBA,True,0,0,65536,1,256.0
textures\defaultskyboxlf.tga,defaultskyboxlf.tga,256,256,65536,RGBA,True,0,0,65536,1,256.0
textures\defaultskyboxrt.tga,defaultskyboxrt.tga,256,256,65536,RGBA,True,0,0,65536,1,256.0
textures\defaultskyboxup.tga,defaultskyboxup.tga,256,256,65536,RGBA,True,0,0,65536,1,256.0
textures\defaultskybox_bk.tga,defaultskybox_bk.tga,256,256,65536,RGBA,True,0,0,65536,1,256.0
textures\defaultskybox_dn.tga,defaultskybox_dn.tga,32,32,1024,RGBA,True,0,0,1024,1,4.0
textures\defaultskybox_fr.tga,defaultskybox_fr.tga,256,256,65536,RGBA,True,0,0,65536,1,256.0
textures\defaultskybox_lf.tga,defaultskybox_lf.tga,256,256,65536,RGBA,True,0,0,65536,1,256.0
textures\defaultskybox_rt.tga,defaultskybox_rt.tga,256,256,65536,RGBA,True,0,0,65536,1,256.0
textures\defaultskybox_up.tga,defaultskybox_up.tga,256,256,65536,RGBA,True,0,0,65536,1,256.0
textures\defaultsub.tga,defaultsub.tga,16,16,256,RGBA,True,0,0,256,1,1.0
textures\dgl_buttons.tga,dgl_buttons.tga,128,128,16384,RGBA,True,0,0,16384,1,64.0
textures\dialog.tga,dialog.tga,128,128,16384,RGBA,True,0,0,16384,1,64.0
textures\dialog_inset.tga,dialog_inset.tga,128,128,16384,RGBA,True,0,0,16384,1,64.0
textures\diplomacy.tga,diplomacy.tga,16,16,256,RGBA,True,0,0,256,1,1.0
textures\dock icon 32x32.tga,dock icon 32x32.tga,32,32,1024,RGBA,True,761,60,203,3,4.0
textures\earth.tga,earth.tga,256,256,65536,RGBA,True,0,0,65536,1,256.0
textures\economic icon 32x32.tga,economic icon 32x32.tga,32,32,1024,RGBA,True,834,16,174,3,4.0
textures\erebusskybox_bk.tga,erebusskybox_bk.tga,256,256,65536,RGBA,True,0,0,65536,1,256.0
textures\erebusskybox_dn.tga,erebusskybox_dn.tga,256,256,65536,RGBA,True,0,0,65536,1,256.0
textures\erebusskybox_fr.tga,erebusskybox_fr.tga,256,256,65536,RGBA,True,0,0,65536,1,256.0
textures\erebusskybox_lf.tga,erebusskybox_lf.tga,256,256,65536,RGBA,True,0,0,65536,1,256.0
textures\erebusskybox_rt.tga,erebusskybox_rt.tga,256,256,65536,RGBA,True,0,0,65536,1,256.0
textures\erebusskybox_up.tga,erebusskybox_up.tga,256,256,65536,RGBA,True,0,0,65536,1,256.0
textures\es_logo.tga,es_logo.tga,256,64,16384,RGBA,True,7736,8648,0,242,64.0
textures\fog01.tga,fog01.tga,64,64,4096,RGBA,True,1976,2120,0,56,16.0
textures\fog02.tga,fog02.tga,128,128,16384,RGBA,True,6574,9810,0,46,64.0
textures\fog03.tga,fog03.tga,64,64,4096,RGBA,True,2055,2041,0,47,16.0
textures\fog04.tga,fog04.tga,128,128,16384,RGBA,True,8992,7392,0,34,64.0
textures\fog05.tga,fog05.tga,64,64,4096,RGBA,True,1976,2120,0,56,16.0
textures\fog06.tga,fog06.tga,64,64,4096,RGBA,True,2055,2041,0,47,16.0
textures\fog07.tga,fog07.tga,128,128,16384,RGBA,True,6574,9810,0,46,64.0
textures\fog08.tga,fog08.tga,128,128,16384,RGBA,True,8992,7392,0,34,64.0
textures\fogcircle.tga,fogcircle.tga,16,16,256,RGBA,True,113,143,0,15,1.0
textures\fogedgecorner.tga,fogedgecorner.tga,16,16,256,RGBA,True,152,104,0,12,1.0
textures\fogedgecorner4.tga,fogedgecorner4.tga,4,4,16,RGBA,True,5,11,0,5,0.1
textures\fogedgecorner8.tga,fogedgecorner8.tga,8,8,64,RGBA,True,24,40,0,10,0.3
textures\fogedgetwocorners.tga,fogedgetwocorners.tga,16,16,256,RGBA,True,128,128,0,12,1.0
textures\fogedgetwocorners4.tga,fogedgetwocorners4.tga,4,4,16,RGBA,True,2,14,0,5,0.1
textures\fogedgetwocorners8.tga,fogedgetwocorners8.tga,8,8,64,RGBA,True,16,48,0,10,0.3
textures\fogfourcorners.tga,fogfourcorners.tga,16,16,256,RGBA,True,160,96,0,8,1.0
textures\fogfourcorners4.tga,fogfourcorners4.tga,4,4,16,RGBA,True,0,16,0,3,0.1
textures\fogfourcorners8.tga,fogfourcorners8.tga,8,8,64,RGBA,True,32,32,0,5,0.3
textures\foglshape.tga,foglshape.tga,16,16,256,RGBA,True,85,171,0,31,1.0
textures\foglshape4.tga,foglshape4.tga,4,4,16,RGBA,True,3,13,0,5,0.1
textures\foglshape8.tga,foglshape8.tga,8,8,64,RGBA,True,16,48,0,22,0.3
textures\foglshapecorner.tga,foglshapecorner.tga,16,16,256,RGBA,True,60,196,0,29,1.0
textures\foglshapecorner4.tga,foglshapecorner4.tga,4,4,16,RGBA,True,0,16,0,7,0.1
textures\foglshapecorner8.tga,foglshapecorner8.tga,8,8,64,RGBA,True,8,56,0,26,0.3
textures\fogonecorner.tga,fogonecorner.tga,16,16,256,RGBA,True,232,24,0,8,1.0
textures\fogonecorner4.tga,fogonecorner4.tga,4,4,16,RGBA,True,12,4,0,4,0.1
textures\fogonecorner8.tga,fogonecorner8.tga,8,8,64,RGBA,True,56,8,0,5,0.3
textures\fogoneedge.tga,fogoneedge.tga,16,16,256,RGBA,True,176,80,0,6,1.0
textures\fogoneedge4.tga,fogoneedge4.tga,4,4,16,RGBA,True,8,8,0,3,0.1
textures\fogoneedge8.tga,fogoneedge8.tga,8,8,64,RGBA,True,32,32,0,6,0.3
textures\fogthreecorners.tga,fogthreecorners.tga,16,16,256,RGBA,True,184,72,0,8,1.0
textures\fogthreecorners4.tga,fogthreecorners4.tga,4,4,16,RGBA,True,7,9,0,3,0.1
textures\fogthreecorners8.tga,fogthreecorners8.tga,8,8,64,RGBA,True,40,24,0,5,0.3
textures\fogtwocorners.tga,fogtwocorners.tga,16,16,256,RGBA,True,208,48,0,8,1.0
textures\fogtwocorners4.tga,fogtwocorners4.tga,4,4,16,RGBA,True,10,6,0,3,0.1
textures\fogtwocorners8.tga,fogtwocorners8.tga,8,8,64,RGBA,True,48,16,0,5,0.3
textures\fogtwoedges.tga,fogtwoedges.tga,16,16,256,RGBA,True,96,160,0,6,1.0
textures\fogtwoedges4.tga,fogtwoedges4.tga,4,4,16,RGBA,True,0,16,0,3,0.1
textures\fogtwoedges8.tga,fogtwoedges8.tga,8,8,64,RGBA,True,0,64,0,5,0.3
textures\fogtwooppositecorners.tga,fogtwooppositecorners.tga,16,16,256,RGBA,True,208,48,0,8,1.0
textures\fogtwooppositecorners4.tga,fogtwooppositecorners4.tga,4,4,16,RGBA,True,10,6,0,3,0.1
textures\fogtwooppositecorners8.tga,fogtwooppositecorners8.tga,8,8,64,RGBA,True,48,16,0,5,0.3
textures\fogushape.tga,fogushape.tga,16,16,256,RGBA,True,0,256,0,19,1.0
textures\fogushape4.tga,fogushape4.tga,4,4,16,RGBA,True,0,16,0,5,0.1
textures\fogushape8.tga,fogushape8.tga,8,8,64,RGBA,True,1,63,0,20,0.3
textures\forkboy map.tga,forkboy map.tga,128,128,16384,RGBA,True,11474,102,4808,3,64.0
textures\g hypaspist highmodelmap.tga,g hypaspist highmodelmap.tga,256,256,65536,RGBA,True,54209,106,11221,3,256.0
textures\g hypaspist map 256.tga,g hypaspist map 256.tga,256,256,65536,RGBA,True,0,0,65536,1,256.0
textures\gaia pool ground.tga,gaia pool ground.tga,256,256,65536,RGBA,True,32141,33395,0,240,256.0
textures\gaia wonder map1.tga,gaia wonder map1.tga,256,256,65536,RGBA,True,6019,278,59239,3,256.0
textures\gaia wonder map2.tga,gaia wonder map2.tga,256,256,65536,RGBA,True,64690,75,771,3,256.0
textures\gaia wonder statue.tga,gaia wonder statue.tga,128,128,16384,RGBA,True,0,0,16384,1,64.0
textures\gaiacreepflowersa.tga,gaiacreepflowersa.tga,128,128,16384,RGBA,True,3948,12436,0,238,64.0
textures\gaiacreepflowersaop.tga,gaiacreepflowersaop.tga,32,32,1024,RGBA,True,624,400,0,2,4.0
textures\gaiaflowers map.tga,gaiaflowers map.tga,64,64,4096,RGBA,True,3245,851,0,122,16.0
textures\general body.tga,general body.tga,64,64,4096,RGBA,True,0,0,4096,1,16.0
textures\general head.tga,general head.tga,32,32,1024,RGBA,True,0,0,1024,1,4.0
textures\general shield.tga,general shield.tga,128,64,8192,RGBA,True,0,0,8192,1,32.0
textures\general sword.tga,general sword.tga,32,16,512,RGBA,True,254,0,258,2,2.0
textures\generate_favor.tga,generate_favor.tga,32,32,1024,RGBA,True,180,844,0,10,4.0
textures\generate_food.tga,generate_food.tga,32,32,1024,RGBA,True,180,844,0,10,4.0
textures\generate_gold.tga,generate_gold.tga,32,32,1024,RGBA,True,180,844,0,10,4.0
textures\generate_wood.tga,generate_wood.tga,32,32,1024,RGBA,True,180,844,0,10,4.0
textures\gine g kamos map.tga,gine g kamos map.tga,256,256,65536,RGBA,True,59336,188,6012,3,256.0
textures\gine g kamos map2.tga,gine g kamos map2.tga,256,256,65536,RGBA,True,0,0,65536,1,256.0
textures\god major hades icon 128.tga,god major hades icon 128.tga,128,128,16384,RGBA,True,0,0,16384,1,64.0
textures\god major loki icon 128.tga,god major loki icon 128.tga,128,128,16384,RGBA,True,0,0,16384,1,64.0
textures\god major ra icon 128.tga,god major ra icon 128.tga,128,128,16384,RGBA,True,0,0,16384,1,64.0
textures\god minor portrait atlantis atlas.tga,god minor portrait atlantis atlas.tga,256,256,65536,RGBA,True,0,0,65536,1,256.0
textures\god minor portrait atlantis hekate.tga,god minor portrait atlantis hekate.tga,256,256,65536,RGBA,True,0,0,65536,1,256.0
textures\god minor portrait atlantis helios.tga,god minor portrait atlantis helios.tga,256,256,65536,RGBA,True,0,0,65536,1,256.0
textures\god minor portrait atlantis hyperion.tga,god minor portrait atlantis hyperion.tga,256,256,65536,RGBA,True,0,0,65536,1,256.0
textures\god minor portrait atlantis leto.tga,god minor portrait atlantis leto.tga,256,256,65536,RGBA,True,0,0,65536,1,256.0
textures\god minor portrait atlantis okeanus.tga,god minor portrait atlantis okeanus.tga,256,256,65536,RGBA,True,0,0,65536,1,256.0
textures\god minor portrait atlantis prometheus.tga,god minor portrait atlantis prometheus.tga,256,256,65536,RGBA,True,0,0,65536,1,256.0
textures\god minor portrait atlantis rheia.tga,god minor portrait atlantis rheia.tga,256,256,65536,RGBA,True,0,0,65536,1,256.0
textures\god minor portrait atlantis theia.tga,god minor portrait atlantis theia.tga,256,256,65536,RGBA,True,0,0,65536,1,256.0
textures\god minor portrait chinese aokuang.tga,god minor portrait chinese aokuang.tga,256,256,65536,RGBA,True,0,0,65536,1,256.0
textures\god minor portrait chinese change.tga,god minor portrait chinese change.tga,256,256,65536,RGBA,True,0,0,65536,1,256.0
textures\god minor portrait chinese chongli.tga,god minor portrait chinese chongli.tga,256,256,65536,RGBA,True,0,0,65536,1,256.0
textures\god minor portrait chinese dabogong.tga,god minor portrait chinese dabogong.tga,256,256,65536,RGBA,True,0,0,65536,1,256.0
textures\god minor portrait chinese hebo.tga,god minor portrait chinese hebo.tga,256,256,65536,RGBA,True,0,0,65536,1,256.0
textures\god minor portrait chinese huangdi.tga,god minor portrait chinese huangdi.tga,256,256,65536,RGBA,True,0,0,65536,1,256.0
textures\god minor portrait chinese sunwukong.tga,god minor portrait chinese sunwukong.tga,256,256,65536,RGBA,True,0,0,65536,1,256.0
textures\god minor portrait chinese xiwangmu.tga,god minor portrait chinese xiwangmu.tga,256,256,65536,RGBA,True,0,0,65536,1,256.0
textures\god minor portrait chinese zhongkui.tga,god minor portrait chinese zhongkui.tga,256,256,65536,RGBA,True,0,0,65536,1,256.0
textures\god minor portrait egypt anubis.tga,god minor portrait egypt anubis.tga,256,256,65536,RGBA,True,0,0,65536,1,256.0
textures\god minor portrait egypt bast.tga,god minor portrait egypt bast.tga,256,256,65536,RGBA,True,0,0,65536,1,256.0
textures\god minor portrait egypt hathor.tga,god minor portrait egypt hathor.tga,256,256,65536,RGBA,True,0,0,65536,1,256.0
textures\god minor portrait egypt horus.tga,god minor portrait egypt horus.tga,256,256,65536,RGBA,True,0,0,65536,1,256.0
textures\god minor portrait egypt nephthys.tga,god minor portrait egypt nephthys.tga,256,256,65536,RGBA,True,0,0,65536,1,256.0
textures\god minor portrait egypt osiris.tga,god minor portrait egypt osiris.tga,256,256,65536,RGBA,True,0,0,65536,1,256.0
textures\god minor portrait egypt ptah.tga,god minor portrait egypt ptah.tga,256,256,65536,RGBA,True,0,0,65536,1,256.0
textures\god minor portrait egypt sekhmet.tga,god minor portrait egypt sekhmet.tga,256,256,65536,RGBA,True,0,0,65536,1,256.0
textures\god minor portrait egypt thoth.tga,god minor portrait egypt thoth.tga,256,256,65536,RGBA,True,0,0,65536,1,256.0
textures\god minor portrait greek aphrodite.tga,god minor portrait greek aphrodite.tga,256,256,65536,RGBA,True,0,0,65536,1,256.0
textures\god minor portrait greek apollo.tga,god minor portrait greek apollo.tga,256,256,65536,RGBA,True,0,0,65536,1,256.0
textures\god minor portrait greek ares.tga,god minor portrait greek ares.tga,256,256,65536,RGBA,True,0,0,65536,1,256.0
textures\god minor portrait greek artemis.tga,god minor portrait greek artemis.tga,256,256,65536,RGBA,True,0,0,65536,1,256.0
textures\god minor portrait greek athena.tga,god minor portrait greek athena.tga,256,256,65536,RGBA,True,0,0,65536,1,256.0
textures\god minor portrait greek dionysus.tga,god minor portrait greek dionysus.tga,256,256,65536,RGBA,True,0,0,65536,1,256.0
textures\god minor portrait greek hephaestus.tga,god minor portrait greek hephaestus.tga,256,256,65536,RGBA,True,0,0,65536,1,256.0
textures\god minor portrait greek hera.tga,god minor portrait greek hera.tga,256,256,65536,RGBA,True,0,0,65536,1,256.0
textures\god minor portrait greek hermes.tga,god minor portrait greek hermes.tga,256,256,65536,RGBA,True,0,0,65536,1,256.0
textures\god minor portrait norse baldr.tga,god minor portrait norse baldr.tga,256,256,65536,RGBA,True,0,0,65536,1,256.0
textures\god minor portrait norse bragi.tga,god minor portrait norse bragi.tga,256,256,65536,RGBA,True,0,0,65536,1,256.0
textures\god minor portrait norse forseti.tga,god minor portrait norse forseti.tga,256,256,65536,RGBA,True,0,0,65536,1,256.0
textures\god minor portrait norse freyja.tga,god minor portrait norse freyja.tga,256,256,65536,RGBA,True,0,0,65536,1,256.0
textures\god minor portrait norse heimdall.tga,god minor portrait norse heimdall.tga,256,256,65536,RGBA,True,0,0,65536,1,256.0
textures\god minor portrait norse hel.tga,god minor portrait norse hel.tga,256,256,65536,RGBA,True,0,0,65536,1,256.0
textures\god minor portrait norse njord.tga,god minor portrait norse njord.tga,256,256,65536,RGBA,True,0,0,65536,1,256.0
textures\god minor portrait norse skadi.tga,god minor portrait norse skadi.tga,256,256,65536,RGBA,True,0,0,65536,1,256.0
textures\god minor portrait norse tyr.tga,god minor portrait norse tyr.tga,256,256,65536,RGBA,True,0,0,65536,1,256.0
textures\god n frost haze map.tga,god n frost haze map.tga,32,32,1024,RGBA,True,268,756,0,9,4.0
textures\god n frost ice map.tga,god n frost ice map.tga,32,32,1024,RGBA,True,550,474,0,50,4.0
textures\god n frost particle map.tga,god n frost particle map.tga,32,32,1024,RGBA,True,700,324,0,39,4.0
textures\god n frost shocksmall map.tga,god n frost shocksmall map.tga,128,128,16384,RGBA,True,11755,4629,0,240,64.0
textures\god n frost shockwave map.tga,god n frost shockwave map.tga,128,128,16384,RGBA,True,11729,4655,0,241,64.0
textures\god n ice block map.tga,god n ice block map.tga,128,128,16384,RGBA,True,0,16384,0,185,64.0
textures\god n ice sheet map.tga,god n ice sheet map.tga,128,128,16384,RGBA,True,3061,13323,0,233,64.0
textures\god n shadow ice map.tga,god n shadow ice map.tga,64,64,4096,RGBA,True,928,3168,0,171,16.0
textures\god power call to arms icon.tga,god power call to arms icon.tga,64,64,4096,RGBA,True,0,0,4096,1,16.0
textures\god power examination icon.tga,god power examination icon.tga,64,64,4096,RGBA,True,0,0,4096,1,16.0
textures\god power firestorm icon.tga,god power firestorm icon.tga,32,32,1024,RGBA,True,0,0,1024,1,4.0
textures\god power flood icon.tga,god power flood icon.tga,64,64,4096,RGBA,True,0,0,4096,1,16.0
textures\god power inferno icon.tga,god power inferno icon.tga,64,64,4096,RGBA,True,0,0,4096,1,16.0
textures\god power journey icon.tga,god power journey icon.tga,128,128,16384,RGBA,True,0,0,16384,1,64.0
textures\god power recreation icon.tga,god power recreation icon.tga,64,64,4096,RGBA,True,0,0,4096,1,16.0
textures\god power uproot icon.tga,god power uproot icon.tga,64,64,4096,RGBA,True,0,0,4096,1,16.0
textures\gold icon 32x32.tga,gold icon 32x32.tga,32,32,1024,RGBA,True,818,0,206,2,4.0
textures\gp x hesperides tree decal.tga,gp x hesperides tree decal.tga,256,256,65536,RGBA,True,22379,43157,0,243,256.0
textures\gp x hesperides tree shadow.tga,gp x hesperides tree shadow.tga,256,256,65536,RGBA,True,22379,43157,0,243,256.0
textures\gp x hesperides tree.tga,gp x hesperides tree.tga,256,256,65536,RGBA,True,16511,964,48061,3,256.0
textures\gp x tartarian gate crack a.tga,gp x tartarian gate crack a.tga,32,128,4096,RGBA,True,1939,2157,0,109,16.0
textures\gp x tartarian gate crack b.tga,gp x tartarian gate crack b.tga,32,128,4096,RGBA,True,1954,2142,0,157,16.0
textures\gp x tartarian gate creature a.tga,gp x tartarian gate creature a.tga,128,128,16384,RGBA,True,0,0,16384,1,64.0
textures\gp x tartarian gate creature b.tga,gp x tartarian gate creature b.tga,128,128,16384,RGBA,True,0,0,16384,1,64.0
textures\gp x tartarian gate creature corpse bodya.tga,gp x tartarian gate creature corpse bodya.tga,64,64,4096,RGBA,True,2266,1830,0,129,16.0
textures\gp x tartarian gate creature corpse skeletona.tga,gp x tartarian gate creature corpse skeletona.tga,64,64,4096,RGBA,True,2146,1950,0,199,16.0
textures\gp x tartarian gate creature.tga,gp x tartarian gate creature.tga,128,128,16384,RGBA,True,0,0,16384,1,64.0
textures\gp x tartarian gate ground.tga,gp x tartarian gate ground.tga,256,256,65536,RGBA,True,9353,56183,0,245,256.0
textures\gp x tartarian gate hole.tga,gp x tartarian gate hole.tga,128,64,8192,RGBA,True,0,0,8192,1,32.0
textures\gp x tartarian gate lavapool.tga,gp x tartarian gate lavapool.tga,128,128,16384,RGBA,True,4705,11679,0,239,64.0
textures\gp x tartarian gate shimmer.tga,gp x tartarian gate shimmer.tga,64,64,4096,RGBA,True,0,0,4096,1,16.0
textures\gp x tartarian gate.tga,gp x tartarian gate.tga,128,128,16384,RGBA,True,0,0,16384,1,64.0
textures\greek button background.tga,greek button background.tga,128,128,16384,RGBA,True,0,0,16384,1,64.0
textures\greekheromap.tga,greekheromap.tga,256,256,65536,RGBA,True,54969,76,10491,3,256.0
textures\greektree01.tga,greektree01.tga,32,64,2048,RGBA,True,1288,760,0,136,8.0
textures\grid1.tga,grid1.tga,128,128,16384,RGBA,True,0,0,16384,1,64.0
textures\hades2.tga,hades2.tga,256,256,65536,RGBA,True,0,0,65536,1,256.0
textures\hammer.tga,hammer.tga,32,32,1024,RGBA,True,388,636,0,125,4.0
textures\hero c general cape.tga,hero c general cape.tga,128,128,16384,RGBA,True,0,0,16384,1,64.0
textures\hero c general flag alpha.tga,hero c general flag alpha.tga,32,32,1024,RGBA,True,320,31,673,4,4.0
textures\hero c general flag.tga,hero c general flag.tga,128,64,8192,RGBA,True,6897,0,1295,2,32.0
textures\hero c general head.tga,hero c general head.tga,32,32,1024,RGBA,True,817,198,9,48,4.0
textures\hero c general horse.tga,hero c general horse.tga,128,128,16384,RGBA,True,14969,1050,365,140,64.0
textures\hero c general icon.tga,hero c general icon.tga,64,64,4096,RGBA,True,0,0,4096,1,16.0
textures\hero c general.tga,hero c general.tga,128,128,16384,RGBA,True,13861,928,1595,139,64.0
textures\hero c immortal icon.tga,hero c immortal icon.tga,64,64,4096,RGBA,True,0,0,4096,1,16.0
textures\hero c immortal.tga,hero c immortal.tga,64,64,4096,RGBA,True,2439,429,1228,70,16.0
textures\hero c monk head.tga,hero c monk head.tga,32,32,1024,RGBA,True,1024,0,0,1,4.0
textures\hero c monk icon.tga,hero c monk icon.tga,64,64,4096,RGBA,True,0,0,4096,1,16.0
textures\hero c monk weapon.tga,hero c monk weapon.tga,16,128,2048,RGBA,True,2048,0,0,1,8.0
textures\hero c monk.tga,hero c monk.tga,64,64,4096,RGBA,True,3479,523,94,79,16.0
textures\hero g achilles cape.tga,hero g achilles cape.tga,64,32,2048,RGBA,True,1440,247,361,18,8.0
textures\hero g achilles corpse bodya.tga,hero g achilles corpse bodya.tga,32,32,1024,RGBA,True,640,384,0,61,4.0
textures\hero g achilles corpse skeletona.tga,hero g achilles corpse skeletona.tga,32,32,1024,RGBA,True,635,389,0,61,4.0
textures\hero g achilles.tga,hero g achilles.tga,128,128,16384,RGBA,True,12035,286,4063,29,64.0
textures\hero g achillies corpse bodya.tga,hero g achillies corpse bodya.tga,32,32,1024,RGBA,True,640,384,0,61,4.0
textures\hero g achillies corpse skeletona.tga,hero g achillies corpse skeletona.tga,32,32,1024,RGBA,True,635,389,0,61,4.0
textures\hero g ajax corpse bodya.tga,hero g ajax corpse bodya.tga,32,32,1024,RGBA,True,645,379,0,63,4.0
textures\hero g ajax corpse skeletona.tga,hero g ajax corpse skeletona.tga,32,32,1024,RGBA,True,599,425,0,81,4.0
textures\hero g ajax shield.tga,hero g ajax shield.tga,64,64,4096,RGBA,True,1548,88,2460,3,16.0
textures\hero g ajax spear.tga,hero g ajax spear.tga,128,16,2048,RGBA,True,1194,0,854,2,8.0
textures\hero g ajax.tga,hero g ajax.tga,64,64,4096,RGBA,True,3570,20,506,3,16.0
textures\hero g atalanta corpse bodya.tga,hero g atalanta corpse bodya.tga,32,32,1024,RGBA,True,645,379,0,63,4.0
textures\hero g atalanta corpse skeletona.tga,hero g atalanta corpse skeletona.tga,32,32,1024,RGBA,True,710,314,0,74,4.0
textures\hero g atalanta head standard.tga,hero g atalanta head standard.tga,32,32,1024,RGBA,True,0,0,1024,1,4.0
textures\hero g atalanta shield.tga,hero g atalanta shield.tga,64,32,2048,RGBA,True,1895,10,143,3,8.0
textures\hero g atalanta.tga,hero g atalanta.tga,64,64,4096,RGBA,True,3842,21,233,3,16.0
textures\hero g athena head low map.tga,hero g athena head low map.tga,32,32,1024,RGBA,True,1024,0,0,1,4.0
textures\hero g athena low map.tga,hero g athena low map.tga,64,64,4096,RGBA,True,3728,38,330,3,16.0
textures\hero g belerophon corpse bodya.tga,hero g belerophon corpse bodya.tga,64,64,4096,RGBA,True,1337,2759,0,99,16.0
textures\hero g belerophon corpse skeletona.tga,hero g belerophon corpse skeletona.tga,64,64,4096,RGBA,True,2650,1446,0,174,16.0
textures\hero g belerophon head.tga,hero g belerophon head.tga,64,32,2048,RGBA,True,0,0,2048,1,8.0
textures\hero g belerophon shield.tga,hero g belerophon shield.tga,64,32,2048,RGBA,True,1790,10,248,3,8.0
textures\hero g belerophon.tga,hero g belerophon.tga,64,64,4096,RGBA,True,3151,0,945,2,16.0
textures\hero g bellerophon shield.tga,hero g bellerophon shield.tga,64,32,2048,RGBA,True,1790,10,248,3,8.0
textures\hero g chiron corpse bodya.tga,hero g chiron corpse bodya.tga,64,64,4096,RGBA,True,1853,2243,0,113,16.0
textures\hero g chiron corpse skeletona.tga,hero g chiron corpse skeletona.tga,64,64,4096,RGBA,True,3057,1039,0,149,16.0
textures\hero g chiron shield.tga,hero g chiron shield.tga,64,32,2048,RGBA,True,1873,5,170,3,8.0
textures\hero g chiron.tga,hero g chiron.tga,256,256,65536,RGBA,True,48512,130,16894,3,256.0
textures\hero g heracles club.tga,hero g heracles club.tga,32,16,512,RGBA,True,0,0,512,1,2.0
textures\hero g heracles head.tga,hero g heracles head.tga,64,32,2048,RGBA,True,2040,0,8,2,8.0
textures\hero g heracles shield.tga,hero g heracles shield.tga,64,32,2048,RGBA,True,1952,38,58,3,8.0
textures\hero g heracles.tga,hero g heracles.tga,64,64,4096,RGBA,True,2894,11,1191,3,16.0
textures\hero g hercules corpse bodya.tga,hero g hercules corpse bodya.tga,32,32,1024,RGBA,True,607,417,0,61,4.0
textures\hero g hercules corpse skeletona.tga,hero g hercules corpse skeletona.tga,32,32,1024,RGBA,True,707,317,0,75,4.0
textures\hero g hercules head.tga,hero g hercules head.tga,64,32,2048,RGBA,True,0,0,2048,1,8.0
textures\hero g hercules.tga,hero g hercules.tga,64,64,4096,RGBA,True,2894,11,1191,3,16.0
textures\hero g hippolyta corpse bodya.tga,hero g hippolyta corpse bodya.tga,32,32,1024,RGBA,True,632,392,0,44,4.0
textures\hero g hippolyta corpse skeletona.tga,hero g hippolyta corpse skeletona.tga,32,32,1024,RGBA,True,767,257,0,85,4.0
textures\hero g hippolyta head standard.tga,hero g hippolyta head standard.tga,32,32,1024,RGBA,True,0,0,1024,1,4.0
textures\hero g hippolyta.tga,hero g hippolyta.tga,64,64,4096,RGBA,True,3404,0,692,2,16.0
textures\hero g jason corpse bodya.tga,hero g jason corpse bodya.tga,32,32,1024,RGBA,True,629,395,0,78,4.0
textures\hero g jason corpse skeletona.tga,hero g jason corpse skeletona.tga,32,32,1024,RGBA,True,702,322,0,67,4.0
textures\hero g jason head standard.tga,hero g jason head standard.tga,32,32,1024,RGBA,True,0,0,1024,1,4.0
textures\hero g jason shield.tga,hero g jason shield.tga,64,32,2048,RGBA,True,1436,20,592,3,8.0
textures\hero g jason standard.tga,hero g jason standard.tga,64,64,4096,RGBA,True,2599,64,1433,3,16.0
textures\hero g melagius corpse bodya.tga,hero g melagius corpse bodya.tga,32,32,1024,RGBA,True,686,338,0,79,4.0
textures\hero g melagius corpse skeletona.tga,hero g melagius corpse skeletona.tga,32,32,1024,RGBA,True,548,476,0,74,4.0
textures\hero g perseus corpse bodya.tga,hero g perseus corpse bodya.tga,32,32,1024,RGBA,True,564,460,0,75,4.0
textures\hero g perseus corpse skeletona.tga,hero g perseus corpse skeletona.tga,32,32,1024,RGBA,True,690,334,0,66,4.0
textures\hero g perseus head standard.tga,hero g perseus head standard.tga,64,32,2048,RGBA,True,0,0,2048,1,8.0
textures\hero g perseus standard.tga,hero g perseus standard.tga,64,64,4096,RGBA,True,3294,43,759,3,16.0
textures\hero g physician head.tga,hero g physician head.tga,32,32,1024,RGBA,True,1024,0,0,1,4.0
textures\hero g physician.tga,hero g physician.tga,64,64,4096,RGBA,True,3500,525,71,83,16.0
textures\hero g polyphemus corpse bodya.tga,hero g polyphemus corpse bodya.tga,64,64,4096,RGBA,True,2234,1862,0,100,16.0
textures\hero g polyphemus corpse skeletona.tga,hero g polyphemus corpse skeletona.tga,64,64,4096,RGBA,True,3240,856,0,131,16.0
textures\hero g polyphemus shield.tga,hero g polyphemus shield.tga,64,32,2048,RGBA,True,1952,25,71,3,8.0
textures\hero g theseus corpse bodya.tga,hero g theseus corpse bodya.tga,32,32,1024,RGBA,True,607,417,0,82,4.0
textures\hero g theseus corpse skeletona.tga,hero g theseus corpse skeletona.tga,32,32,1024,RGBA,True,653,371,0,73,4.0
textures\hero g theseus head standard.tga,hero g theseus head standard.tga,32,32,1024,RGBA,True,0,0,1024,1,4.0
textures\hero g theseus shield.tga,hero g theseus shield.tga,64,32,2048,RGBA,True,1844,0,204,2,8.0
textures\hero g theseus.tga,hero g theseus.tga,64,64,4096,RGBA,True,3831,38,227,3,16.0
textures\hero n hero hammer low.tga,hero n hero hammer low.tga,16,16,256,RGBA,True,0,0,256,1,1.0
textures\hero n hero hammer.tga,hero n hero hammer.tga,32,32,1024,RGBA,True,0,0,1024,1,4.0
textures\hero n hero head low.tga,hero n hero head low.tga,32,32,1024,RGBA,True,0,0,1024,1,4.0
textures\hero n hero head.tga,hero n hero head.tga,64,64,4096,RGBA,True,0,0,4096,1,16.0
textures\hero n hero low.tga,hero n hero low.tga,64,64,4096,RGBA,True,2946,0,1150,2,16.0
textures\hero n hero.tga,hero n hero.tga,128,128,16384,RGBA,True,12057,27,4300,3,64.0
textures\hero n hersir corpse bodya.tga,hero n hersir corpse bodya.tga,32,32,1024,RGBA,True,545,479,0,66,4.0
textures\hero n hersir corpse skeletona.tga,hero n hersir corpse skeletona.tga,32,32,1024,RGBA,True,686,338,0,79,4.0
textures\hero n hersir head.tga,hero n hersir head.tga,64,64,4096,RGBA,True,0,0,4096,1,16.0
textures\hero n hersir.tga,hero n hersir.tga,128,128,16384,RGBA,True,12057,27,4300,3,64.0
textures\hero n ragnorok axe.tga,hero n ragnorok axe.tga,32,32,1024,RGBA,True,278,0,746,2,4.0
textures\hero n ragnorok dwarf corpse bodya.tga,hero n ragnorok dwarf corpse bodya.tga,32,32,1024,RGBA,True,582,442,0,60,4.0
textures\hero n ragnorok dwarf corpse skeletona.tga,hero n ragnorok dwarf corpse skeletona.tga,32,32,1024,RGBA,True,746,278,0,66,4.0
textures\hero n ragnorok female corpse bodya.tga,hero n ragnorok female corpse bodya.tga,32,32,1024,RGBA,True,598,426,0,72,4.0
textures\hero n ragnorok female corpse skeletona.tga,hero n ragnorok female corpse skeletona.tga,32,32,1024,RGBA,True,779,245,0,75,4.0
textures\hero n ragnorok female head.tga,hero n ragnorok female head.tga,32,32,1024,RGBA,True,0,0,1024,1,4.0
textures\hero n ragnorok female.tga,hero n ragnorok female.tga,64,64,4096,RGBA,True,3458,16,622,3,16.0
textures\hero n ragnorok male corpse bodya.tga,hero n ragnorok male corpse bodya.tga,32,32,1024,RGBA,True,570,454,0,62,4.0
textures\hero n ragnorok male corpse skeletona.tga,hero n ragnorok male corpse skeletona.tga,32,32,1024,RGBA,True,787,237,0,67,4.0
textures\hero n ragnorok male head.tga,hero n ragnorok male head.tga,32,32,1024,RGBA,True,0,0,1024,1,4.0
textures\hero n ragnorok male.tga,hero n ragnorok male.tga,64,64,4096,RGBA,True,2945,11,1140,3,16.0
textures\hero x ajax shield.tga,hero x ajax shield.tga,64,64,4096,RGBA,True,1548,88,2460,3,16.0
textures\hero x ajax spear.tga,hero x ajax spear.tga,128,16,2048,RGBA,True,1194,0,854,2,8.0
textures\hero x ajax.tga,hero x ajax.tga,64,64,4096,RGBA,True,3142,10,944,3,16.0
textures\hero x kastor.tga,hero x kastor.tga,64,64,4096,RGBA,True,3573,11,512,3,16.0
textures\hoplitemap cine.tga,hoplitemap cine.tga,256,256,65536,RGBA,True,0,0,65536,1,256.0
textures\hoplitemap.tga,hoplitemap.tga,256,256,65536,RGBA,True,54676,201,10659,3,256.0
textures\house icon 32x32.tga,house icon 32x32.tga,32,32,1024,RGBA,True,727,5,292,3,4.0
textures\icetitan.tga,icetitan.tga,256,256,65536,RGBA,True,0,0,65536,1,256.0
textures\icon object stat attack pierce.tga,icon object stat attack pierce.tga,16,16,256,RGBA,True,0,0,256,1,1.0
textures\icon resource population.tga,icon resource population.tga,32,16,512,RGBA,True,0,0,512,1,2.0
textures\igc stone prop.tga,igc stone prop.tga,128,128,16384,RGBA,True,0,0,16384,1,64.0
textures\improvement acupuncture icon.tga,improvement acupuncture icon.tga,60,60,3600,RGBA,True,0,0,3600,1,14.1
textures\improvement aokuang icon.tga,improvement aokuang icon.tga,64,64,4096,RGBA,True,0,0,4096,1,16.0
textures\improvement bone oracle script icon.tga,improvement bone oracle script icon.tga,64,64,4096,RGBA,True,0,0,4096,1,16.0
textures\improvement burials icon.tga,improvement burials icon.tga,64,64,4096,RGBA,True,0,248,3848,4,16.0
textures\improvement celestial palace icon.tga,improvement celestial palace icon.tga,64,64,4096,RGBA,True,0,0,4096,1,16.0
textures\improvement champion barracks icon.tga,improvement champion barracks icon.tga,64,64,4096,RGBA,True,0,0,4096,1,16.0
textures\improvement change icon.tga,improvement change icon.tga,64,64,4096,RGBA,True,0,0,4096,1,16.0
textures\improvement chongli icon.tga,improvement chongli icon.tga,64,64,4096,RGBA,True,0,0,4096,1,16.0
textures\improvement dabogong icon.tga,improvement dabogong icon.tga,64,64,4096,RGBA,True,0,0,4096,1,16.0
textures\improvement dragon scales icon.tga,improvement dragon scales icon.tga,64,64,4096,RGBA,True,0,0,4096,1,16.0
textures\improvement east sea icon.tga,improvement east sea icon.tga,64,64,4096,RGBA,True,0,0,4096,1,16.0
textures\improvement elixir of immortality icon.tga,improvement elixir of immortality icon.tga,64,64,4096,RGBA,True,0,0,4096,1,16.0
textures\improvement golden banded staff icon.tga,improvement golden banded staff icon.tga,64,64,4096,RGBA,True,0,0,4096,1,16.0
textures\improvement golden peaches icon.tga,improvement golden peaches icon.tga,64,64,4096,RGBA,True,0,0,4096,1,16.0
textures\improvement heavenly fire icon.tga,improvement heavenly fire icon.tga,64,64,4096,RGBA,True,0,0,4096,1,16.0
textures\improvement heavy barracks icon.tga,improvement heavy barracks icon.tga,64,64,4096,RGBA,True,0,0,4096,1,16.0
textures\improvement hebo icon.tga,improvement hebo icon.tga,64,64,4096,RGBA,True,0,0,4096,1,16.0
textures\improvement house altars icon.tga,improvement house altars icon.tga,64,64,4096,RGBA,True,0,0,4096,1,16.0
textures\improvement houyis bow icon.tga,improvement houyis bow icon.tga,64,64,4096,RGBA,True,0,0,4096,1,16.0
textures\improvement huangdi icon.tga,improvement huangdi icon.tga,64,64,4096,RGBA,True,0,0,4096,1,16.0
textures\improvement jade rabbit icon.tga,improvement jade rabbit icon.tga,64,64,4096,RGBA,True,0,0,4096,1,16.0
textures\improvement landlord spirit icon.tga,improvement landlord spirit icon.tga,64,64,4096,RGBA,True,0,0,4096,1,16.0
textures\improvement life drain icon.tga,improvement life drain icon.tga,64,64,4096,RGBA,True,2029,243,1824,79,16.0
textures\improvement lord of the river icon.tga,improvement lord of the river icon.tga,256,256,65536,RGBA,True,0,0,65536,1,256.0
textures\improvement medium barracks icon.tga,improvement medium barracks icon.tga,64,64,4096,RGBA,True,0,0,4096,1,16.0
textures\improvement nezhas defeat icon.tga,improvement nezhas defeat icon.tga,64,64,4096,RGBA,True,0,0,4096,1,16.0
textures\improvement oracle bone script icon.tga,improvement oracle bone script icon.tga,64,64,4096,RGBA,True,0,0,4096,1,16.0
textures\improvement paper talisman icon.tga,improvement paper talisman icon.tga,64,64,4096,RGBA,True,0,0,4096,1,16.0
textures\improvement pillar of the ocean icon.tga,improvement pillar of the ocean icon.tga,64,64,4096,RGBA,True,0,0,4096,1,16.0
textures\improvement stone armor icon.tga,improvement stone armor icon.tga,64,64,4096,RGBA,True,0,0,4096,1,16.0
textures\improvement sunwukong icon.tga,improvement sunwukong icon.tga,64,64,4096,RGBA,True,0,0,4096,1,16.0
textures\improvement tiger spirit icon.tga,improvement tiger spirit icon.tga,64,64,4096,RGBA,True,0,0,4096,1,16.0
textures\improvement wheelbarrow icon.tga,improvement wheelbarrow icon.tga,64,64,4096,RGBA,True,0,0,4096,1,16.0
textures\improvement xiwangmu icon.tga,improvement xiwangmu icon.tga,64,64,4096,RGBA,True,0,0,4096,1,16.0
textures\improvement zhongkui icon.tga,improvement zhongkui icon.tga,64,64,4096,RGBA,True,0,0,4096,1,16.0
textures\infantry c halberdier bronze.tga,infantry c halberdier bronze.tga,64,64,4096,RGBA,True,2282,686,1128,108,16.0
textures\infantry c halberdier copper.tga,infantry c halberdier copper.tga,64,64,4096,RGBA,True,2126,590,1380,95,16.0
textures\infantry c halberdier head bronze.tga,infantry c halberdier head bronze.tga,32,32,1024,RGBA,True,907,37,80,18,4.0
textures\infantry c halberdier head copper.tga,infantry c halberdier head copper.tga,32,32,1024,RGBA,True,907,37,80,18,4.0
textures\infantry c halberdier head iron.tga,infantry c halberdier head iron.tga,32,32,1024,RGBA,True,907,37,80,18,4.0
textures\infantry c halberdier head standard.tga,infantry c halberdier head standard.tga,32,32,1024,RGBA,True,907,37,80,18,4.0
textures\infantry c halberdier icon.tga,infantry c halberdier icon.tga,64,64,4096,RGBA,True,0,0,4096,1,16.0
textures\infantry c halberdier iron.tga,infantry c halberdier iron.tga,64,64,4096,RGBA,True,2808,652,636,114,16.0
textures\infantry c halberdier standard.tga,infantry c halberdier standard.tga,64,64,4096,RGBA,True,1561,833,1702,88,16.0
textures\infantry e axeman axe map.tga,infantry e axeman axe map.tga,32,32,1024,RGBA,True,458,37,529,3,4.0
textures\infantry e axeman bronze.tga,infantry e axeman bronze.tga,64,64,4096,RGBA,True,3064,15,1017,3,16.0
textures\infantry e axeman copper.tga,infantry e axeman copper.tga,64,64,4096,RGBA,True,3058,15,1023,3,16.0
textures\infantry e axeman corpse bodya.tga,infantry e axeman corpse bodya.tga,32,32,1024,RGBA,True,648,376,0,71,4.0
textures\infantry e axeman corpse skeletona.tga,infantry e axeman corpse skeletona.tga,32,32,1024,RGBA,True,739,285,0,75,4.0
textures\infantry e axeman head bronze.tga,infantry e axeman head bronze.tga,32,32,1024,RGBA,True,0,0,1024,1,4.0
textures\infantry e axeman head copper.tga,infantry e axeman head copper.tga,32,32,1024,RGBA,True,0,0,1024,1,4.0
textures\infantry e axeman head iron.tga,infantry e axeman head iron.tga,32,32,1024,RGBA,True,0,0,1024,1,4.0
textures\infantry e axeman head standard.tga,infantry e axeman head standard.tga,32,32,1024,RGBA,True,0,0,1024,1,4.0
textures\infantry e axeman iron.tga,infantry e axeman iron.tga,64,64,4096,RGBA,True,3063,15,1018,3,16.0
textures\infantry e axeman map.tga,infantry e axeman map.tga,64,64,4096,RGBA,True,999,42,3055,3,16.0
textures\infantry e axeman standard.tga,infantry e axeman standard.tga,64,64,4096,RGBA,True,2212,16,1868,3,16.0
textures\infantry e chariot archer iron map.tga,infantry e chariot archer iron map.tga,64,64,4096,RGBA,True,3832,0,264,2,16.0
textures\infantry e khopesh bronze.tga,infantry e khopesh bronze.tga,64,64,4096,RGBA,True,2446,487,1163,89,16.0
textures\infantry e khopesh copper.tga,infantry e khopesh copper.tga,64,64,4096,RGBA,True,1748,825,1523,126,16.0
textures\infantry e khopesh head bronze.tga,infantry e khopesh head bronze.tga,64,32,2048,RGBA,True,1031,0,1017,2,8.0
textures\infantry e khopesh head copper.tga,infantry e khopesh head copper.tga,64,32,2048,RGBA,True,1031,0,1017,2,8.0
textures\infantry e khopesh head iron.tga,infantry e khopesh head iron.tga,64,32,2048,RGBA,True,1031,0,1017,2,8.0
textures\infantry e khopesh head standard.tga,infantry e khopesh head standard.tga,64,32,2048,RGBA,True,1031,0,1017,2,8.0
textures\infantry e khopesh iron.tga,infantry e khopesh iron.tga,64,64,4096,RGBA,True,2429,528,1139,92,16.0
textures\infantry e khopesh standard.tga,infantry e khopesh standard.tga,64,64,4096,RGBA,True,2843,174,1079,45,16.0
textures\infantry e mercenary corpse bodya.tga,infantry e mercenary corpse bodya.tga,32,32,1024,RGBA,True,651,373,0,79,4.0
textures\infantry e mercenary corpse skeletona.tga,infantry e mercenary corpse skeletona.tga,32,32,1024,RGBA,True,692,332,0,69,4.0
textures\infantry e mercenary head.tga,infantry e mercenary head.tga,32,32,1024,RGBA,True,0,0,1024,1,4.0
textures\infantry e mercenary.tga,infantry e mercenary.tga,64,64,4096,RGBA,True,3620,32,444,3,16.0
textures\infantry e spearman bronze.tga,infantry e spearman bronze.tga,64,64,4096,RGBA,True,2816,5,1275,3,16.0
textures\infantry e spearman copper.tga,infantry e spearman copper.tga,64,64,4096,RGBA,True,2818,5,1273,3,16.0
textures\infantry e spearman corpse bodya.tga,infantry e spearman corpse bodya.tga,32,32,1024,RGBA,True,635,389,0,78,4.0
textures\infantry e spearman corpse skeletona.tga,infantry e spearman corpse skeletona.tga,32,32,1024,RGBA,True,748,276,0,77,4.0
textures\infantry e spearman head bronze.tga,infantry e spearman head bronze.tga,64,32,2048,RGBA,True,0,0,2048,1,8.0
textures\infantry e spearman head copper.tga,infantry e spearman head copper.tga,64,32,2048,RGBA,True,0,0,2048,1,8.0
textures\infantry e spearman head iron.tga,infantry e spearman head iron.tga,64,32,2048,RGBA,True,0,0,2048,1,8.0
textures\infantry e spearman head standard.tga,infantry e spearman head standard.tga,32,32,1024,RGBA,True,0,0,1024,1,4.0
textures\infantry e spearman iron.tga,infantry e spearman iron.tga,64,64,4096,RGBA,True,3561,0,535,2,16.0
textures\infantry e spearman map.tga,infantry e spearman map.tga,64,64,4096,RGBA,True,1185,53,2858,3,16.0
textures\infantry e spearman shield map.tga,infantry e spearman shield map.tga,32,32,1024,RGBA,True,1024,0,0,1,4.0
textures\infantry e spearman standard.tga,infantry e spearman standard.tga,64,64,4096,RGBA,True,2839,5,1252,3,16.0
textures\infantry g hoplite bronze.tga,infantry g hoplite bronze.tga,64,64,4096,RGBA,True,3207,32,857,3,16.0
textures\infantry g hoplite copper.tga,infantry g hoplite copper.tga,64,64,4096,RGBA,True,3323,65,708,3,16.0
textures\infantry g hoplite corpse bodya.tga,infantry g hoplite corpse bodya.tga,32,32,1024,RGBA,True,672,352,0,64,4.0
textures\infantry g hoplite corpse skeletona.tga,infantry g hoplite corpse skeletona.tga,32,32,1024,RGBA,True,685,339,0,60,4.0
textures\infantry g hoplite head bronze.tga,infantry g hoplite head bronze.tga,32,32,1024,RGBA,True,0,0,1024,1,4.0
textures\infantry g hoplite head copper.tga,infantry g hoplite head copper.tga,32,32,1024,RGBA,True,0,0,1024,1,4.0
textures\infantry g hoplite head iron cine.tga,infantry g hoplite head iron cine.tga,32,32,1024,RGBA,True,0,0,1024,1,4.0
textures\infantry g hoplite head iron.tga,infantry g hoplite head iron.tga,32,32,1024,RGBA,True,922,0,102,2,4.0
textures\infantry g hoplite head standard.tga,infantry g hoplite head standard.tga,32,32,1024,RGBA,True,0,0,1024,1,4.0
textures\infantry g hoplite iron cine.tga,infantry g hoplite iron cine.tga,64,64,4096,RGBA,True,0,0,4096,1,16.0
textures\infantry g hoplite iron.tga,infantry g hoplite iron.tga,64,64,4096,RGBA,True,3205,11,880,3,16.0
textures\infantry g hoplite map_01.tga,infantry g hoplite map_01.tga,64,64,4096,RGBA,True,894,64,3138,3,16.0
textures\infantry g hoplite map_02.tga,infantry g hoplite map_02.tga,64,64,4096,RGBA,True,894,64,3138,3,16.0
textures\infantry g hoplite map_03.tga,infantry g hoplite map_03.tga,64,64,4096,RGBA,True,894,64,3138,3,16.0
textures\infantry g hoplite map_04.tga,infantry g hoplite map_04.tga,64,64,4096,RGBA,True,894,64,3138,3,16.0
textures\infantry g hoplite standard.tga,infantry g hoplite standard.tga,64,64,4096,RGBA,True,3300,10,786,3,16.0
textures\infantry g hypaspist bronze.tga,infantry g hypaspist bronze.tga,64,64,4096,RGBA,True,2724,27,1345,3,16.0
textures\infantry g hypaspist cape.tga,infantry g hypaspist cape.tga,32,32,1024,RGBA,True,0,0,1024,1,4.0
textures\infantry g hypaspist copper.tga,infantry g hypaspist copper.tga,64,64,4096,RGBA,True,2732,27,1337,3,16.0
textures\infantry g hypaspist corpse bodya.tga,infantry g hypaspist corpse bodya.tga,32,32,1024,RGBA,True,664,360,0,68,4.0
textures\infantry g hypaspist corpse skeletona.tga,infantry g hypaspist corpse skeletona.tga,32,32,1024,RGBA,True,746,278,0,77,4.0
textures\infantry g hypaspist head bronze.tga,infantry g hypaspist head bronze.tga,32,32,1024,RGBA,True,921,0,103,2,4.0
textures\infantry g hypaspist head copper.tga,infantry g hypaspist head copper.tga,32,32,1024,RGBA,True,921,0,103,2,4.0
textures\infantry g hypaspist head iron.tga,infantry g hypaspist head iron.tga,32,32,1024,RGBA,True,921,0,103,2,4.0
textures\infantry g hypaspist head standard.tga,infantry g hypaspist head standard.tga,32,32,1024,RGBA,True,921,0,103,2,4.0
textures\infantry g hypaspist iron.tga,infantry g hypaspist iron.tga,64,64,4096,RGBA,True,2724,27,1345,3,16.0
textures\infantry g hypaspist map.tga,infantry g hypaspist map.tga,64,64,4096,RGBA,True,243,0,3853,2,16.0
textures\infantry g hypaspist standard.tga,infantry g hypaspist standard.tga,64,64,4096,RGBA,True,2379,11,1706,3,16.0
textures\infantry g militia corpse bodya.tga,infantry g militia corpse bodya.tga,32,32,1024,RGBA,True,596,428,0,58,4.0
textures\infantry g militia corpse skeletona.tga,infantry g militia corpse skeletona.tga,32,32,1024,RGBA,True,701,323,0,94,4.0
textures\infantry g militia head.tga,infantry g militia head.tga,64,32,2048,RGBA,True,0,0,2048,1,8.0
textures\infantry g militia.tga,infantry g militia.tga,64,64,4096,RGBA,True,1907,53,2136,3,16.0
textures\infantry g myrmidon corpse bodya.tga,infantry g myrmidon corpse bodya.tga,32,32,1024,RGBA,True,735,289,0,59,4.0
textures\infantry g myrmidon corpse skeletona.tga,infantry g myrmidon corpse skeletona.tga,32,32,1024,RGBA,True,801,223,0,52,4.0
textures\infantry g myrmidon head iron.tga,infantry g myrmidon head iron.tga,64,32,2048,RGBA,True,1869,0,179,2,8.0
textures\infantry g myrmidon iron.tga,infantry g myrmidon iron.tga,64,64,4096,RGBA,True,2874,42,1180,3,16.0
textures\infantry n bondi bronze.tga,infantry n bondi bronze.tga,64,64,4096,RGBA,True,3461,194,441,41,16.0
textures\infantry n bondi copper.tga,infantry n bondi copper.tga,64,64,4096,RGBA,True,3461,194,441,41,16.0
textures\infantry n bondi head bronze.tga,infantry n bondi head bronze.tga,32,32,1024,RGBA,True,0,124,900,4,4.0
textures\infantry n bondi head copper.tga,infantry n bondi head copper.tga,32,32,1024,RGBA,True,0,124,900,4,4.0
textures\infantry n bondi head iron.tga,infantry n bondi head iron.tga,32,32,1024,RGBA,True,0,124,900,4,4.0
textures\infantry n bondi head standard.tga,infantry n bondi head standard.tga,32,32,1024,RGBA,True,0,124,900,4,4.0
textures\infantry n bondi iron.tga,infantry n bondi iron.tga,64,64,4096,RGBA,True,3461,194,441,41,16.0
textures\infantry n bondi standard.tga,infantry n bondi standard.tga,64,64,4096,RGBA,True,3625,109,362,20,16.0
textures\infantry n huskarl bronze.tga,infantry n huskarl bronze.tga,64,64,4096,RGBA,True,3794,11,291,3,16.0
textures\infantry n huskarl cape.tga,infantry n huskarl cape.tga,32,32,1024,RGBA,True,884,32,108,3,4.0
textures\infantry n huskarl copper.tga,infantry n huskarl copper.tga,64,64,4096,RGBA,True,3794,11,291,3,16.0
textures\infantry n huskarl corpse bodya.tga,infantry n huskarl corpse bodya.tga,32,32,1024,RGBA,True,696,328,0,45,4.0
textures\infantry n huskarl corpse skeletona.tga,infantry n huskarl corpse skeletona.tga,32,32,1024,RGBA,True,744,280,0,54,4.0
textures\infantry n huskarl head bronze.tga,infantry n huskarl head bronze.tga,32,32,1024,RGBA,True,0,0,1024,1,4.0
textures\infantry n huskarl head copper.tga,infantry n huskarl head copper.tga,32,32,1024,RGBA,True,0,0,1024,1,4.0
textures\infantry n huskarl head iron.tga,infantry n huskarl head iron.tga,32,32,1024,RGBA,True,0,0,1024,1,4.0
textures\infantry n huskarl head standard.tga,infantry n huskarl head standard.tga,32,32,1024,RGBA,True,0,0,1024,1,4.0
textures\infantry n huskarl iron.tga,infantry n huskarl iron.tga,64,64,4096,RGBA,True,3794,11,291,3,16.0
textures\infantry n huskarl standard.tga,infantry n huskarl standard.tga,64,64,4096,RGBA,True,3794,11,291,3,16.0
textures\infantry n ulfsark bronze.tga,infantry n ulfsark bronze.tga,64,64,4096,RGBA,True,2592,10,1494,3,16.0
textures\infantry n ulfsark cape bronze.tga,infantry n ulfsark cape bronze.tga,32,32,1024,RGBA,True,0,0,1024,1,4.0
textures\infantry n ulfsark cape copper.tga,infantry n ulfsark cape copper.tga,32,32,1024,RGBA,True,0,0,1024,1,4.0
textures\infantry n ulfsark cape iron.tga,infantry n ulfsark cape iron.tga,32,32,1024,RGBA,True,0,0,1024,1,4.0
textures\infantry n ulfsark cape standard.tga,infantry n ulfsark cape standard.tga,32,32,1024,RGBA,True,0,0,1024,1,4.0
textures\infantry n ulfsark copper.tga,infantry n ulfsark copper.tga,64,64,4096,RGBA,True,2592,10,1494,3,16.0
textures\infantry n ulfsark corpse bodya.tga,infantry n ulfsark corpse bodya.tga,32,32,1024,RGBA,True,642,382,0,63,4.0
textures\infantry n ulfsark corpse skeletona.tga,infantry n ulfsark corpse skeletona.tga,32,32,1024,RGBA,True,723,301,0,62,4.0
textures\infantry n ulfsark head bronze.tga,infantry n ulfsark head bronze.tga,64,32,2048,RGBA,True,0,0,2048,1,8.0
textures\infantry n ulfsark head copper.tga,infantry n ulfsark head copper.tga,64,32,2048,RGBA,True,0,0,2048,1,8.0
textures\infantry n ulfsark head iron.tga,infantry n ulfsark head iron.tga,64,32,2048,RGBA,True,0,0,2048,1,8.0
textures\infantry n ulfsark head scout.tga,infantry n ulfsark head scout.tga,64,32,2048,RGBA,True,0,0,2048,1,8.0
textures\infantry n ulfsark head standard.tga,infantry n ulfsark head standard.tga,64,32,2048,RGBA,True,0,0,2048,1,8.0
textures\infantry n ulfsark iron.tga,infantry n ulfsark iron.tga,64,64,4096,RGBA,True,2592,10,1494,3,16.0
textures\infantry n ulfsark map.tga,infantry n ulfsark map.tga,64,64,4096,RGBA,True,3731,11,354,3,16.0
textures\infantry n ulfsark scout.tga,infantry n ulfsark scout.tga,64,64,4096,RGBA,True,3009,153,934,40,16.0
textures\infantry n ulfsark standard.tga,infantry n ulfsark standard.tga,64,64,4096,RGBA,True,2592,10,1494,3,16.0
textures\infantry x 2 sword fighter corpse bodya.tga,infantry x 2 sword fighter corpse bodya.tga,32,32,1024,RGBA,True,690,334,0,74,4.0
textures\infantry x 2 sword fighter corpse skeletona.tga,infantry x 2 sword fighter corpse skeletona.tga,32,32,1024,RGBA,True,927,97,0,2,4.0
textures\infantry x 2 sword fighter hero.tga,infantry x 2 sword fighter hero.tga,64,64,4096,RGBA,True,3612,26,458,3,16.0
textures\infantry x 2 sword fighter iron.tga,infantry x 2 sword fighter iron.tga,64,64,4096,RGBA,True,3612,26,458,3,16.0
textures\infantry x maceman bronze.tga,infantry x maceman bronze.tga,64,64,4096,RGBA,True,3495,16,585,3,16.0
textures\infantry x maceman copper.tga,infantry x maceman copper.tga,64,64,4096,RGBA,True,3495,16,585,3,16.0
textures\infantry x maceman corpse bodya.tga,infantry x maceman corpse bodya.tga,32,32,1024,RGBA,True,691,333,0,94,4.0
textures\infantry x maceman corpse skeletona.tga,infantry x maceman corpse skeletona.tga,32,32,1024,RGBA,True,715,309,0,80,4.0
textures\infantry x maceman hero.tga,infantry x maceman hero.tga,64,64,4096,RGBA,True,3495,16,585,3,16.0
textures\infantry x maceman iron.tga,infantry x maceman iron.tga,64,64,4096,RGBA,True,3495,16,585,3,16.0
textures\infantry x maceman standard.tga,infantry x maceman standard.tga,64,64,4096,RGBA,True,3495,16,585,3,16.0
textures\infantry x swordsman bronze.tga,infantry x swordsman bronze.tga,64,64,4096,RGBA,True,3305,0,791,2,16.0
textures\infantry x swordsman copper.tga,infantry x swordsman copper.tga,64,64,4096,RGBA,True,3305,0,791,2,16.0
textures\infantry x swordsman hero.tga,infantry x swordsman hero.tga,64,64,4096,RGBA,True,3305,0,791,2,16.0
textures\infantry x swordsman iron.tga,infantry x swordsman iron.tga,64,64,4096,RGBA,True,3305,0,791,2,16.0
textures\infantry x swordsman standard.tga,infantry x swordsman standard.tga,64,64,4096,RGBA,True,3305,0,791,2,16.0
textures\infantry x swordsmen corpse bodya.tga,infantry x swordsmen corpse bodya.tga,32,32,1024,RGBA,True,659,365,0,69,4.0
textures\infantry x swordsmen corpse skeletona.tga,infantry x swordsmen corpse skeletona.tga,32,32,1024,RGBA,True,816,208,0,19,4.0
textures\infantry x trident soldier cape iron.tga,infantry x trident soldier cape iron.tga,32,64,2048,RGBA,True,311,27,1710,3,8.0
textures\infantry x trident soldier corpse bodya.tga,infantry x trident soldier corpse bodya.tga,32,32,1024,RGBA,True,597,427,0,71,4.0
textures\infantry x trident soldier corpse skeletona.tga,infantry x trident soldier corpse skeletona.tga,32,32,1024,RGBA,True,943,81,0,2,4.0
textures\infantry x trident soldier head hero.tga,infantry x trident soldier head hero.tga,64,16,1024,RGBA,True,1009,0,15,2,4.0
textures\infantry x trident soldier head iron.tga,infantry x trident soldier head iron.tga,64,16,1024,RGBA,True,0,0,1024,1,4.0
textures\infantry x trident soldier hero.tga,infantry x trident soldier hero.tga,64,64,4096,RGBA,True,3447,87,562,3,16.0
textures\infantry x trident soldier iron.tga,infantry x trident soldier iron.tga,64,64,4096,RGBA,True,3447,87,562,3,16.0
textures\infantry x trident soldier shield hero.tga,infantry x trident soldier shield hero.tga,32,64,2048,RGBA,True,1582,22,444,3,8.0
textures\infantry x trident soldier shield iron.tga,infantry x trident soldier shield iron.tga,32,64,2048,RGBA,True,1582,22,444,3,8.0
textures\infantry x trident soldier trident iron.tga,infantry x trident soldier trident iron.tga,16,32,512,RGBA,True,0,0,512,1,2.0
textures\jceblend.tga,jceblend.tga,32,256,8192,RGBA,True,0,0,8192,1,32.0
textures\jceblendcircle.tga,jceblendcircle.tga,32,32,1024,RGBA,True,0,0,1024,1,4.0
textures\jceblendcircle2.tga,jceblendcircle2.tga,32,32,1024,RGBA,True,0,0,1024,1,4.0
textures\jceblendcircle3.tga,jceblendcircle3.tga,32,32,1024,RGBA,True,0,0,1024,1,4.0
textures\jceblendcorner.tga,jceblendcorner.tga,32,32,1024,RGBA,True,0,0,1024,1,4.0
textures\jceblendcorner2.tga,jceblendcorner2.tga,32,32,1024,RGBA,True,0,0,1024,1,4.0
textures\jceblendedge.tga,jceblendedge.tga,32,32,1024,RGBA,True,0,0,1024,1,4.0
textures\jceblendedge2.tga,jceblendedge2.tga,32,32,1024,RGBA,True,0,0,1024,1,4.0
textures\jceblendedge3.tga,jceblendedge3.tga,32,32,1024,RGBA,True,0,0,1024,1,4.0
textures\jceblendedge4.tga,jceblendedge4.tga,32,32,1024,RGBA,True,0,0,1024,1,4.0
textures\jceblendedge5.tga,jceblendedge5.tga,32,32,1024,RGBA,True,0,0,1024,1,4.0
textures\jceblendedgecorner.tga,jceblendedgecorner.tga,32,32,1024,RGBA,True,0,0,1024,1,4.0
textures\jceblendedgetwocorners.tga,jceblendedgetwocorners.tga,32,32,1024,RGBA,True,0,0,1024,1,4.0
textures\jceblendfourcorners.tga,jceblendfourcorners.tga,32,32,1024,RGBA,True,0,0,1024,1,4.0
textures\jceblendlshape.tga,jceblendlshape.tga,32,32,1024,RGBA,True,0,0,1024,1,4.0
textures\jceblendlshape2.tga,jceblendlshape2.tga,32,32,1024,RGBA,True,0,0,1024,1,4.0
textures\jceblendlshapecorner.tga,jceblendlshapecorner.tga,32,32,1024,RGBA,True,0,0,1024,1,4.0
textures\jceblendthreecorners.tga,jceblendthreecorners.tga,32,32,1024,RGBA,True,0,0,1024,1,4.0
textures\jceblendtwocorners.tga,jceblendtwocorners.tga,32,32,1024,RGBA,True,0,0,1024,1,4.0
textures\jceblendtwoedges.tga,jceblendtwoedges.tga,32,32,1024,RGBA,True,0,0,1024,1,4.0
textures\jceblendtwooppositecorners.tga,jceblendtwooppositecorners.tga,32,32,1024,RGBA,True,0,0,1024,1,4.0
textures\jceblendushape.tga,jceblendushape.tga,32,32,1024,RGBA,True,0,0,1024,1,4.0
textures\jcedirt.tga,jcedirt.tga,256,256,65536,RGBA,True,0,0,65536,1,256.0
textures\kronos wonder map1.tga,kronos wonder map1.tga,256,256,65536,RGBA,True,0,0,65536,1,256.0
textures\kronos wonder map2.tga,kronos wonder map2.tga,256,256,65536,RGBA,True,64026,0,1510,2,256.0
textures\ladder.tga,ladder.tga,64,256,16384,RGBA,True,7840,8544,0,2,64.0
textures\lava crack.tga,lava crack.tga,256,256,65536,RGBA,True,0,0,65536,1,256.0
textures\lava.tga,lava.tga,256,256,65536,RGBA,True,0,0,65536,1,256.0
textures\light.tga,light.tga,64,64,4096,RGBA,True,2212,1884,0,115,16.0
textures\lightning.tga,lightning.tga,32,32,1024,RGBA,True,283,741,0,84,4.0
textures\lionheadmap.tga,lionheadmap.tga,128,256,32768,RGBA,True,0,0,32768,1,128.0
textures\loading_background.tga,loading_background.tga,256,32,8192,RGBA,True,0,0,8192,1,32.0
textures\loading_filler.tga,loading_filler.tga,256,32,8192,RGBA,True,0,0,8192,1,32.0
textures\low infantry g normal head bronze.tga,low infantry g normal head bronze.tga,32,16,512,RGBA,True,256,0,256,2,2.0
textures\low infantry g normal head copper.tga,low infantry g normal head copper.tga,32,16,512,RGBA,True,256,0,256,2,2.0
textures\low infantry g normal head iron.tga,low infantry g normal head iron.tga,32,16,512,RGBA,True,256,0,256,2,2.0
textures\low infantry g normal head standard.tga,low infantry g normal head standard.tga,32,16,512,RGBA,True,256,0,256,2,2.0
textures\lp cavalry x.tga,lp cavalry x.tga,128,128,16384,RGBA,True,212,10,16162,3,64.0
textures\lp cine x krios.tga,lp cine x krios.tga,128,128,16384,RGBA,True,16165,21,198,3,64.0
textures\lp cine x kriosred.tga,lp cine x kriosred.tga,128,128,16384,RGBA,True,0,0,16384,1,64.0
textures\lp e cavalry.tga,lp e cavalry.tga,128,128,16384,RGBA,True,919,21,15444,3,64.0
textures\lp e chariot archer.tga,lp e chariot archer.tga,128,128,16384,RGBA,True,563,55,15766,3,64.0
textures\lp e infantry.tga,lp e infantry.tga,128,64,8192,RGBA,True,268,0,7924,2,32.0
textures\lp e mercenaries.tga,lp e mercenaries.tga,128,64,8192,RGBA,True,647,10,7535,3,32.0
textures\lp e villager.tga,lp e villager.tga,64,64,4096,RGBA,True,0,0,4096,1,16.0
textures\lp g cataphract horse iron.tga,lp g cataphract horse iron.tga,128,128,16384,RGBA,True,0,0,16384,1,64.0
textures\lp g cavalry.tga,lp g cavalry.tga,128,128,16384,RGBA,True,398,5,15981,3,64.0
textures\lp g crossbowman.tga,lp g crossbowman.tga,64,32,2048,RGBA,True,406,0,1642,2,8.0
textures\lp g hetairoi horse iron.tga,lp g hetairoi horse iron.tga,128,128,16384,RGBA,True,0,0,16384,1,64.0
textures\lp g hetairoi.tga,lp g hetairoi.tga,128,64,8192,RGBA,True,693,16,7483,3,32.0
textures\lp g infantry.tga,lp g infantry.tga,128,64,8192,RGBA,True,1032,60,7100,3,32.0
textures\lp g militia.tga,lp g militia.tga,64,32,2048,RGBA,True,2048,0,0,1,8.0
textures\lp g myrmidon.tga,lp g myrmidon.tga,64,32,2048,RGBA,True,165,11,1872,3,8.0
textures\lp g villager.tga,lp g villager.tga,64,64,4096,RGBA,True,0,0,4096,1,16.0
textures\lp infantry archery x.tga,lp infantry archery x.tga,128,64,8192,RGBA,True,849,20,7323,3,32.0
textures\lp mu x argus map.tga,lp mu x argus map.tga,128,128,16384,RGBA,True,14745,121,1518,3,64.0
textures\lp mu x stymphalian bird map.tga,lp mu x stymphalian bird map.tga,128,128,16384,RGBA,True,15453,133,798,3,64.0
textures\lp n cavalry.tga,lp n cavalry.tga,128,128,16384,RGBA,True,1613,11,14760,3,64.0
textures\lp n dwarf.tga,lp n dwarf.tga,64,64,4096,RGBA,True,0,0,4096,1,16.0
textures\lp n infantry.tga,lp n infantry.tga,128,64,8192,RGBA,True,667,11,7514,3,32.0
textures\lp n ragnorok.tga,lp n ragnorok.tga,64,64,4096,RGBA,True,286,0,3810,2,16.0
textures\lp n villager.tga,lp n villager.tga,64,64,4096,RGBA,True,0,0,4096,1,16.0
textures\lp villager trade x.tga,lp villager trade x.tga,128,64,8192,RGBA,True,0,0,8192,1,32.0
textures\medusa stone.tga,medusa stone.tga,128,128,16384,RGBA,True,0,0,16384,1,64.0
textures\menuicon.tga,menuicon.tga,32,16,512,RGBA,True,0,0,512,1,2.0
textures\meteor_shadow.tga,meteor_shadow.tga,64,64,4096,RGBA,True,0,0,4096,1,16.0
textures\military icon 32x32.tga,military icon 32x32.tga,32,32,1024,RGBA,True,674,350,0,2,4.0
textures\minicamp_arrow1.tga,minicamp_arrow1.tga,128,128,16384,RGBA,True,13753,2631,0,31,64.0
textures\minicamp_arrow2.tga,minicamp_arrow2.tga,64,128,8192,RGBA,True,5103,3089,0,31,32.0
textures\minicamp_arrow3a.tga,minicamp_arrow3a.tga,64,64,4096,RGBA,True,3057,1039,0,30,16.0
textures\minicamp_arrow3b.tga,minicamp_arrow3b.tga,64,64,4096,RGBA,True,2788,1308,0,29,16.0
textures\minicamp_BattleBoar.tga,minicamp_BattleBoar.tga,64,64,4096,RGBA,True,1627,2469,0,28,16.0
textures\minicamp_Brokk.tga,minicamp_Brokk.tga,64,64,4096,RGBA,True,2325,1771,0,28,16.0
textures\minicamp_Cave.tga,minicamp_Cave.tga,128,64,8192,RGBA,True,3697,4495,0,28,32.0
textures\minicamp_Eitri.tga,minicamp_Eitri.tga,64,64,4096,RGBA,True,2442,1654,0,29,16.0
textures\minimap_border.tga,minimap_border.tga,128,128,16384,RGBA,True,0,0,16384,1,64.0
textures\minimap_border_c.tga,minimap_border_c.tga,128,128,16384,RGBA,True,0,0,16384,1,64.0
textures\minimap_border_e.tga,minimap_border_e.tga,128,128,16384,RGBA,True,0,0,16384,1,64.0
textures\minimap_border_g.tga,minimap_border_g.tga,128,128,16384,RGBA,True,0,0,16384,1,64.0
textures\minimap_border_n.tga,minimap_border_n.tga,128,128,16384,RGBA,True,0,0,16384,1,64.0
textures\minimap_border_x.tga,minimap_border_x.tga,128,128,16384,RGBA,True,0,0,16384,1,64.0
textures\mining_shadow.tga,mining_shadow.tga,64,64,4096,RGBA,True,1425,2671,0,93,16.0
textures\mini_lightning.tga,mini_lightning.tga,8,8,64,RGBA,True,44,0,20,2,0.3
textures\minotaur ring.tga,minotaur ring.tga,16,16,256,RGBA,True,128,0,128,2,1.0
textures\mu x argus map.tga,mu x argus map.tga,256,256,65536,RGBA,True,58719,327,6490,3,256.0
textures\mu x atlantean flying medic corpse bodya.tga,mu x atlantean flying medic corpse bodya.tga,32,32,1024,RGBA,True,631,393,0,83,4.0
textures\mu x atlantean flying medic corpse skeletona.tga,mu x atlantean flying medic corpse skeletona.tga,32,32,1024,RGBA,True,729,295,0,59,4.0
textures\mu x atlantean flying medic map.tga,mu x atlantean flying medic map.tga,128,128,16384,RGBA,True,14024,110,2250,3,64.0
textures\mu x atlantean hundred giant corpse bodya.tga,mu x atlantean hundred giant corpse bodya.tga,64,64,4096,RGBA,True,2697,1399,0,112,16.0
textures\mu x atlantean hundred giant corpse skeletona.tga,mu x atlantean hundred giant corpse skeletona.tga,64,64,4096,RGBA,True,3177,919,0,89,16.0
textures\mu x atlantean hundred giant map.tga,mu x atlantean hundred giant map.tga,128,128,16384,RGBA,True,14310,69,2005,3,64.0
textures\mu x atlantean lampedes corpse bodya.tga,mu x atlantean lampedes corpse bodya.tga,16,32,512,RGBA,True,250,262,0,62,2.0
textures\mu x atlantean lampedes corpse skeletona.tga,mu x atlantean lampedes corpse skeletona.tga,16,32,512,RGBA,True,423,89,0,2,2.0
textures\mu x atlantean lampedes map.tga,mu x atlantean lampedes map.tga,128,128,16384,RGBA,True,13045,150,3189,3,64.0
textures\mu x atlantean manowar map.tga,mu x atlantean manowar map.tga,128,128,16384,RGBA,True,10962,804,4618,3,64.0
textures\mu x atlantean satyr corpse bodya.tga,mu x atlantean satyr corpse bodya.tga,32,32,1024,RGBA,True,702,322,0,54,4.0
textures\mu x atlantean satyr corpse skeletona.tga,mu x atlantean satyr corpse skeletona.tga,32,32,1024,RGBA,True,782,242,0,55,4.0
textures\mu x atlantean satyr head map.tga,mu x atlantean satyr head map.tga,64,64,4096,RGBA,True,0,0,4096,1,16.0
textures\mu x atlantean satyr map.tga,mu x atlantean satyr map.tga,128,128,16384,RGBA,True,14879,60,1445,3,64.0
textures\mu x automation corpse bodya.tga,mu x automation corpse bodya.tga,32,32,1024,RGBA,True,571,453,0,88,4.0
textures\mu x automation corpse skeletona.tga,mu x automation corpse skeletona.tga,32,32,1024,RGBA,True,780,244,0,17,4.0
textures\mu x automation map.tga,mu x automation map.tga,64,64,4096,RGBA,True,3420,27,649,3,16.0
textures\mu x behemoth corpse bodya.tga,mu x behemoth corpse bodya.tga,32,64,2048,RGBA,True,944,1104,0,86,8.0
textures\mu x behemoth corpse skeletona.tga,mu x behemoth corpse skeletona.tga,32,64,2048,RGBA,True,1299,749,0,146,8.0
textures\mu x behemoth map.tga,mu x behemoth map.tga,256,256,65536,RGBA,True,63943,101,1492,3,256.0
textures\mu x dryad hair.tga,mu x dryad hair.tga,64,32,2048,RGBA,True,991,26,1031,3,8.0
textures\mu x dryad.tga,mu x dryad.tga,128,128,16384,RGBA,True,15738,32,614,3,64.0
textures\mu x nereid rider map.tga,mu x nereid rider map.tga,128,128,16384,RGBA,True,14024,110,2250,3,64.0
textures\mu x nereid shark map.tga,mu x nereid shark map.tga,128,64,8192,RGBA,True,0,0,8192,1,32.0
textures\mu x oracle.tga,mu x oracle.tga,64,64,4096,RGBA,True,2765,43,1288,3,16.0
textures\mu x promethean map.tga,mu x promethean map.tga,64,64,4096,RGBA,True,3825,51,220,3,16.0
textures\mu x servant of oceanus map.tga,mu x servant of oceanus map.tga,128,128,16384,RGBA,True,11673,114,4597,3,64.0
textures\mu x stymphalian bird map.tga,mu x stymphalian bird map.tga,256,256,65536,RGBA,True,61763,462,3311,3,256.0
textures\mu x stymphatian bird projectile.tga,mu x stymphatian bird projectile.tga,32,16,512,RGBA,True,345,5,162,3,2.0
textures\n titan gate ice.tga,n titan gate ice.tga,128,128,16384,RGBA,True,0,0,16384,1,64.0
textures\naval c all.tga,naval c all.tga,256,256,65536,RGBA,True,61319,2233,1984,158,256.0
textures\naval e all.tga,naval e all.tga,256,256,65536,RGBA,True,15499,543,49494,3,256.0
textures\naval e pirate ship.tga,naval e pirate ship.tga,256,256,65536,RGBA,True,61497,159,3880,3,256.0
textures\naval g all wrecked.tga,naval g all wrecked.tga,256,256,65536,RGBA,True,16628,181,48727,3,256.0
textures\naval g all.tga,naval g all.tga,256,256,65536,RGBA,True,16628,181,48727,3,256.0
textures\naval g giant turtle.tga,naval g giant turtle.tga,256,256,65536,RGBA,True,56735,8801,0,244,256.0
textures\naval g war trireme oar splash map.tga,naval g war trireme oar splash map.tga,128,64,8192,RGBA,True,2736,5456,0,208,32.0
textures\naval n all.tga,naval n all.tga,256,256,65536,RGBA,True,15256,166,50114,3,256.0
textures\naval n kraken map.tga,naval n kraken map.tga,256,256,65536,RGBA,True,0,0,65536,1,256.0
textures\naval n kraken upgrade.tga,naval n kraken upgrade.tga,128,64,8192,RGBA,True,7412,56,724,3,32.0
textures\naval n kraken.tga,naval n kraken.tga,128,64,8192,RGBA,True,7412,56,724,3,32.0
textures\naval n utility map.tga,naval n utility map.tga,256,256,65536,RGBA,True,20476,54,45006,3,256.0
textures\naval x all.tga,naval x all.tga,256,256,65536,RGBA,True,15504,281,49751,3,256.0
textures\nightskybox_bk.tga,nightskybox_bk.tga,256,256,65536,RGBA,True,0,0,65536,1,256.0
textures\nightskybox_dn.tga,nightskybox_dn.tga,256,256,65536,RGBA,True,0,0,65536,1,256.0
textures\nightskybox_fr.tga,nightskybox_fr.tga,256,256,65536,RGBA,True,0,0,65536,1,256.0
textures\nightskybox_lf.tga,nightskybox_lf.tga,256,256,65536,RGBA,True,0,0,65536,1,256.0
textures\nightskybox_rt.tga,nightskybox_rt.tga,256,256,65536,RGBA,True,0,0,65536,1,256.0
textures\nightskybox_up.tga,nightskybox_up.tga,256,256,65536,RGBA,True,0,0,65536,1,256.0
textures\noise.tga,noise.tga,256,256,65536,RGBA,True,0,0,65536,1,256.0
textures\normal animal wolf map.tga,normal animal wolf map.tga,64,64,4096,RGBA,True,0,0,4096,1,16.0
textures\norseheromap.tga,norseheromap.tga,256,256,65536,RGBA,True,0,0,65536,1,256.0
textures\norseheromap256.tga,norseheromap256.tga,256,256,65536,RGBA,True,0,0,65536,1,256.0
textures\oranos wonder map.tga,oranos wonder map.tga,256,256,65536,RGBA,True,65276,0,260,2,256.0
textures\oranos wonder map1.tga,oranos wonder map1.tga,256,256,65536,RGBA,True,64256,0,1280,2,256.0
textures\oranos wonder map3.tga,oranos wonder map3.tga,128,128,16384,RGBA,True,0,0,16384,1,64.0
textures\oring1.tga,oring1.tga,64,64,4096,RGBA,True,0,0,4096,1,16.0
textures\palaceshadow.tga,palaceshadow.tga,64,64,4096,RGBA,True,1472,2624,0,85,16.0
textures\palmshadow.tga,palmshadow.tga,16,16,256,RGBA,True,90,166,0,49,1.0
textures\palmshadow_blue.tga,palmshadow_blue.tga,16,16,256,RGBA,True,90,166,0,49,1.0
textures\pickhead.tga,pickhead.tga,16,8,128,RGBA,True,0,0,128,1,0.5
textures\pineshadow.tga,pineshadow.tga,32,32,1024,RGBA,True,301,723,0,54,4.0
textures\pinetreeshadow.tga,pinetreeshadow.tga,64,64,4096,RGBA,True,1163,2933,0,88,16.0
textures\pinetreeshadow2.tga,pinetreeshadow2.tga,64,64,4096,RGBA,True,2406,1690,0,46,16.0
textures\plasmafield.tga,plasmafield.tga,128,128,16384,RGBA,True,8026,8358,0,190,64.0
textures\platform map.tga,platform map.tga,128,32,4096,RGBA,True,4040,0,56,2,16.0
textures\player color texture.tga,player color texture.tga,16,16,256,RGBA,True,0,0,256,1,1.0
textures\projectile a ballista arrow iron.tga,projectile a ballista arrow iron.tga,64,16,1024,RGBA,True,936,0,88,2,4.0
textures\projectile a ballista arrow.tga,projectile a ballista arrow.tga,64,16,1024,RGBA,True,936,0,88,2,4.0
textures\projectile a siege rock map.tga,projectile a siege rock map.tga,64,64,4096,RGBA,True,0,0,4096,1,16.0
textures\quiverfletching.tga,quiverfletching.tga,32,32,1024,RGBA,True,0,0,1024,1,4.0
textures\recognizer-tile.tga,recognizer-tile.tga,128,128,16384,RGBA,True,0,0,16384,1,64.0
textures\red.tga,red.tga,32,32,1024,RGBA,True,0,0,1024,1,4.0
textures\redround.tga,redround.tga,64,64,4096,RGBA,True,622,3474,0,85,16.0
textures\relic icon 16x16.tga,relic icon 16x16.tga,16,16,256,RGBA,True,192,64,0,2,1.0
textures\resizecursor.tga,resizecursor.tga,16,16,256,RGBA,True,201,0,55,2,1.0
textures\ruin01.tga,ruin01.tga,256,256,65536,RGBA,True,0,0,65536,1,256.0
textures\scale_both cursor.tga,scale_both cursor.tga,32,32,1024,RGBA,True,746,0,278,2,4.0
textures\scale_horiz cursor.tga,scale_horiz cursor.tga,32,32,1024,RGBA,True,764,0,260,2,4.0
textures\scale_vert cursor.tga,scale_vert cursor.tga,32,32,1024,RGBA,True,764,0,260,2,4.0
textures\scenario a dwarven building a shadow.tga,scenario a dwarven building a shadow.tga,64,64,4096,RGBA,True,1737,2359,0,29,16.0
textures\scenario a dwarven building b shadow.tga,scenario a dwarven building b shadow.tga,64,64,4096,RGBA,True,1065,3031,0,25,16.0
textures\scenario a dwarven building c shadow.tga,scenario a dwarven building c shadow.tga,64,64,4096,RGBA,True,1560,2536,0,44,16.0
textures\scenario a dwarven forge belt.tga,scenario a dwarven forge belt.tga,64,16,1024,RGBA,True,0,0,1024,1,4.0
textures\scenario a dwarven forge shared a.tga,scenario a dwarven forge shared a.tga,256,256,65536,RGBA,True,0,0,65536,1,256.0
textures\scenario a dwarven forge shared b.tga,scenario a dwarven forge shared b.tga,256,256,65536,RGBA,True,0,0,65536,1,256.0
textures\scenario a gate ram decal.tga,scenario a gate ram decal.tga,128,64,8192,RGBA,True,842,7350,0,72,32.0
textures\scenario a gate ram shadow.tga,scenario a gate ram shadow.tga,128,64,8192,RGBA,True,842,7350,0,72,32.0
textures\scenario a gate ram wall.tga,scenario a gate ram wall.tga,128,64,8192,RGBA,True,0,0,8192,1,32.0
textures\scenario a gate ram.tga,scenario a gate ram.tga,256,256,65536,RGBA,True,65536,0,0,1,256.0
textures\scenario a gate ram100.tga,scenario a gate ram100.tga,256,256,65536,RGBA,True,0,0,65536,1,256.0
textures\scenario a gate ram20.tga,scenario a gate ram20.tga,256,256,65536,RGBA,True,0,0,65536,1,256.0
textures\scenario a gate ram40.tga,scenario a gate ram40.tga,256,256,65536,RGBA,True,0,0,65536,1,256.0
textures\scenario a gate ram60.tga,scenario a gate ram60.tga,256,256,65536,RGBA,True,0,0,65536,1,256.0
textures\scenario a gate ram80.tga,scenario a gate ram80.tga,256,256,65536,RGBA,True,0,0,65536,1,256.0
textures\scenario a pit attachments.tga,scenario a pit attachments.tga,256,128,32768,RGBA,True,8154,259,24355,3,128.0
textures\scenario a pit cliff.tga,scenario a pit cliff.tga,256,256,65536,RGBA,True,0,0,65536,1,256.0
textures\scenario a pit edge.tga,scenario a pit edge.tga,128,64,8192,RGBA,True,0,0,8192,1,32.0
textures\scenario a pit tile cracky edge.tga,scenario a pit tile cracky edge.tga,128,16,2048,RGBA,True,0,0,2048,1,8.0
textures\scenario a pit.tga,scenario a pit.tga,256,256,65536,RGBA,True,0,0,65536,1,256.0
textures\scenario a tartarus door cliff.tga,scenario a tartarus door cliff.tga,256,256,65536,RGBA,True,0,0,65536,1,256.0
textures\scenario a tartarus door cracked a.tga,scenario a tartarus door cracked a.tga,256,256,65536,RGBA,True,0,0,65536,1,256.0
textures\scenario a tartarus door cracked b.tga,scenario a tartarus door cracked b.tga,256,256,65536,RGBA,True,0,0,65536,1,256.0
textures\scenario a tartarus door.tga,scenario a tartarus door.tga,256,256,65536,RGBA,True,0,0,65536,1,256.0
textures\scenario b amanra map.tga,scenario b amanra map.tga,64,64,4096,RGBA,True,3372,32,692,3,16.0
textures\scenario b amanra swordshield map.tga,scenario b amanra swordshield map.tga,128,128,16384,RGBA,True,8088,107,8189,3,64.0
textures\scenario c danzhu head.tga,scenario c danzhu head.tga,32,32,1024,RGBA,True,1024,0,0,1,4.0
textures\scenario c danzhu.tga,scenario c danzhu.tga,128,128,16384,RGBA,True,15752,355,277,55,64.0
textures\scenario c gargarensis map.tga,scenario c gargarensis map.tga,128,128,16384,RGBA,True,15073,64,1247,3,64.0
textures\scenario c jiaolong head.tga,scenario c jiaolong head.tga,64,64,4096,RGBA,True,3614,120,362,36,16.0
textures\scenario c jiaolong.tga,scenario c jiaolong.tga,256,256,65536,RGBA,True,52587,1695,11254,180,256.0
textures\scenario c kamos blade.tga,scenario c kamos blade.tga,16,32,512,RGBA,True,302,11,199,3,2.0
textures\scenario c kamos corpse bodya.tga,scenario c kamos corpse bodya.tga,32,32,1024,RGBA,True,562,462,0,83,4.0
textures\scenario c kamos corpse skeletona.tga,scenario c kamos corpse skeletona.tga,32,32,1024,RGBA,True,663,361,0,91,4.0
textures\scenario c kamos.tga,scenario c kamos.tga,128,128,16384,RGBA,True,14875,108,1401,3,64.0
textures\scenario c kamos2.tga,scenario c kamos2.tga,128,128,16384,RGBA,True,0,0,16384,1,64.0
textures\scenario c shun head.tga,scenario c shun head.tga,32,32,1024,RGBA,True,1024,0,0,1,4.0
textures\scenario c shun.tga,scenario c shun.tga,128,128,16384,RGBA,True,11202,2118,3064,98,64.0
textures\scenario c zhi head.tga,scenario c zhi head.tga,64,64,4096,RGBA,True,4096,0,0,1,16.0
textures\scenario c zhi.tga,scenario c zhi.tga,128,128,16384,RGBA,True,3885,1742,10757,77,64.0
textures\scenario e great box camel.tga,scenario e great box camel.tga,256,256,65536,RGBA,True,30380,585,34571,3,256.0
textures\scenario e great box cart.tga,scenario e great box cart.tga,128,128,16384,RGBA,True,16384,0,0,1,64.0
textures\scenario e great box map.tga,scenario e great box map.tga,256,256,65536,RGBA,True,36162,32,29342,3,256.0
textures\scenario e great box.tga,scenario e great box.tga,256,256,65536,RGBA,True,62931,54,2551,3,256.0
textures\scenario e guardian.tga,scenario e guardian.tga,128,128,16384,RGBA,True,15375,32,977,3,64.0
textures\scenario e jail gates.tga,scenario e jail gates.tga,256,128,32768,RGBA,True,0,0,32768,1,128.0
textures\scenario e kemsyt.tga,scenario e kemsyt.tga,128,128,16384,RGBA,True,0,0,16384,1,64.0
textures\scenario e osiris.tga,scenario e osiris.tga,256,256,65536,RGBA,True,0,0,65536,1,256.0
textures\scenario e setna map.tga,scenario e setna map.tga,64,64,4096,RGBA,True,3381,27,688,3,16.0
textures\scenario e setna staff map.tga,scenario e setna staff map.tga,16,16,256,RGBA,True,148,16,92,3,1.0
textures\scenario e sword bearers corpse bodya.tga,scenario e sword bearers corpse bodya.tga,32,64,2048,RGBA,True,1340,708,0,88,8.0
textures\scenario e sword bearers corpse skeletona.tga,scenario e sword bearers corpse skeletona.tga,32,64,2048,RGBA,True,1638,410,0,103,8.0
textures\scenario g arkantos god map.tga,scenario g arkantos god map.tga,128,128,16384,RGBA,True,16384,0,0,1,64.0
textures\scenario g arkantos head.tga,scenario g arkantos head.tga,32,32,1024,RGBA,True,0,0,1024,1,4.0
textures\scenario g arkantos man map.tga,scenario g arkantos man map.tga,128,128,16384,RGBA,True,12145,43,4196,3,64.0
textures\scenario g arkantos man mapblue.tga,scenario g arkantos man mapblue.tga,128,128,16384,RGBA,True,0,0,16384,1,64.0
textures\scenario g arkantos map.tga,scenario g arkantos map.tga,128,128,16384,RGBA,True,11800,53,4531,3,64.0
textures\scenario g chiron map.tga,scenario g chiron map.tga,64,64,4096,RGBA,True,3022,60,1014,3,16.0
textures\scenario g circe corpse bodya.tga,scenario g circe corpse bodya.tga,32,32,1024,RGBA,True,594,430,0,76,4.0
textures\scenario g circe corpse skeletona.tga,scenario g circe corpse skeletona.tga,32,32,1024,RGBA,True,778,246,0,57,4.0
textures\scenario g circe head.tga,scenario g circe head.tga,32,32,1024,RGBA,True,994,0,30,2,4.0
textures\scenario g circe.tga,scenario g circe.tga,64,64,4096,RGBA,True,3825,0,271,2,16.0
textures\scenario g excavation terrain.tga,scenario g excavation terrain.tga,256,256,65536,RGBA,True,0,0,65536,1,256.0
textures\scenario g kastor corpse bodya.tga,scenario g kastor corpse bodya.tga,32,32,1024,RGBA,True,589,435,0,60,4.0
textures\scenario g kastor corpse skeletona.tga,scenario g kastor corpse skeletona.tga,32,32,1024,RGBA,True,723,301,0,83,4.0
textures\scenario g kastor map.tga,scenario g kastor map.tga,64,64,4096,RGBA,True,3481,27,588,3,16.0
textures\scenario g odysseus corpse bodya.tga,scenario g odysseus corpse bodya.tga,32,32,1024,RGBA,True,633,391,0,79,4.0
textures\scenario g odysseus corpse skeletona.tga,scenario g odysseus corpse skeletona.tga,32,32,1024,RGBA,True,743,281,0,54,4.0
textures\scenario g odysseus map.tga,scenario g odysseus map.tga,64,64,4096,RGBA,True,1389,42,2665,3,16.0
textures\scenario g old man map.tga,scenario g old man map.tga,64,64,4096,RGBA,True,1396,10,2690,3,16.0
textures\scenario g skult map.tga,scenario g skult map.tga,64,64,4096,RGBA,True,2837,44,1215,3,16.0
textures\scenario n brokk head.tga,scenario n brokk head.tga,32,32,1024,RGBA,True,0,0,1024,1,4.0
textures\scenario n brokk standard.tga,scenario n brokk standard.tga,64,64,4096,RGBA,True,3220,21,855,3,16.0
textures\scenario n dwarven mine cliff a.tga,scenario n dwarven mine cliff a.tga,256,128,32768,RGBA,True,3101,308,29359,3,128.0
textures\scenario n dwarven mine cliff b.tga,scenario n dwarven mine cliff b.tga,256,128,32768,RGBA,True,3101,308,29359,3,128.0
textures\scenario n dwarven mine inside.tga,scenario n dwarven mine inside.tga,256,128,32768,RGBA,True,32768,0,0,1,128.0
textures\scenario n dwarven mine opening.tga,scenario n dwarven mine opening.tga,256,256,65536,RGBA,True,65536,0,0,1,256.0
textures\scenario n dwarven mine outside.tga,scenario n dwarven mine outside.tga,256,128,32768,RGBA,True,32768,0,0,1,128.0
textures\scenario n eitri head.tga,scenario n eitri head.tga,32,32,1024,RGBA,True,0,0,1024,1,4.0
textures\scenario n eitri standard.tga,scenario n eitri standard.tga,64,64,4096,RGBA,True,3165,21,910,3,16.0
textures\scenario n flag bearer corpse bodya.tga,scenario n flag bearer corpse bodya.tga,32,32,1024,RGBA,True,436,588,0,79,4.0
textures\scenario n flag bearer corpse skeletona.tga,scenario n flag bearer corpse skeletona.tga,32,32,1024,RGBA,True,767,257,0,84,4.0
textures\scenario n folstag flag.tga,scenario n folstag flag.tga,64,32,2048,RGBA,True,293,16,1739,3,8.0
textures\scenario n hammerdwarves shadow.tga,scenario n hammerdwarves shadow.tga,32,64,2048,RGBA,True,1389,659,0,44,8.0
textures\scenario n pirate ship.tga,scenario n pirate ship.tga,256,256,65536,RGBA,True,18153,1932,45451,72,256.0
textures\scenario n reginleif map.tga,scenario n reginleif map.tga,64,64,4096,RGBA,True,3848,0,248,2,16.0
textures\scenario n reginleif weapons map.tga,scenario n reginleif weapons map.tga,64,64,4096,RGBA,True,3679,11,406,3,16.0
textures\scenario n thors hammer cart.tga,scenario n thors hammer cart.tga,128,64,8192,RGBA,True,1946,148,6098,3,32.0
textures\scenario n thors hammer.tga,scenario n thors hammer.tga,128,128,16384,RGBA,True,16384,0,0,1,64.0
textures\scenario old man head map.tga,scenario old man head map.tga,32,32,1024,RGBA,True,0,0,1024,1,4.0
textures\scenario skult head map.tga,scenario skult head map.tga,32,32,1024,RGBA,True,0,0,1024,1,4.0
textures\scenario t troy gate dead.tga,scenario t troy gate dead.tga,128,128,16384,RGBA,True,0,0,16384,1,64.0
textures\scenario t troy gate deadb.tga,scenario t troy gate deadb.tga,128,128,16384,RGBA,True,0,0,16384,1,64.0
textures\scenario t troy gate.tga,scenario t troy gate.tga,128,128,16384,RGBA,True,0,0,16384,1,64.0
textures\scenario t troy wall long dead.tga,scenario t troy wall long dead.tga,256,256,65536,RGBA,True,63232,0,2304,2,256.0
textures\scenario t troy wall long deadb.tga,scenario t troy wall long deadb.tga,256,256,65536,RGBA,True,63232,0,2304,2,256.0
textures\scenario t troy wall long.tga,scenario t troy wall long.tga,256,256,65536,RGBA,True,63232,0,2304,2,256.0
textures\scenario tamarisk tree icon 64.tga,scenario tamarisk tree icon 64.tga,64,64,4096,RGBA,True,0,0,4096,1,16.0
textures\scenario theocrat head.tga,scenario theocrat head.tga,32,32,1024,RGBA,True,0,0,1024,1,4.0
textures\scenario theocrat staff.tga,scenario theocrat staff.tga,32,8,256,RGBA,True,216,0,40,2,1.0
textures\scenario theocrat.tga,scenario theocrat.tga,64,64,4096,RGBA,True,3824,5,267,3,16.0
textures\scenario u chronos hand.tga,scenario u chronos hand.tga,256,256,65536,RGBA,True,0,0,65536,1,256.0
textures\scenario u ferryman map.tga,scenario u ferryman map.tga,64,64,4096,RGBA,True,88,22,3986,3,16.0
textures\scenario u shade.tga,scenario u shade.tga,64,64,4096,RGBA,True,3897,10,189,3,16.0
textures\scenario x amanra map.tga,scenario x amanra map.tga,64,64,4096,RGBA,True,3209,42,845,3,16.0
textures\scenario x amanra swordshield map.tga,scenario x amanra swordshield map.tga,128,128,16384,RGBA,True,8088,107,8189,3,64.0
textures\screen shot boat wake.tga,screen shot boat wake.tga,32,64,2048,RGBA,True,1201,847,0,121,8.0
textures\settlement icon 32x32.tga,settlement icon 32x32.tga,32,32,1024,RGBA,True,552,0,472,2,4.0
textures\settlment icon 32x32.tga,settlment icon 32x32.tga,32,32,1024,RGBA,True,0,0,1024,1,4.0
textures\sfx a acid flame a.tga,sfx a acid flame a.tga,64,64,4096,RGBA,True,0,0,4096,1,16.0
textures\sfx a acid flame b.tga,sfx a acid flame b.tga,64,64,4096,RGBA,True,0,0,4096,1,16.0
textures\sfx a acid flame c.tga,sfx a acid flame c.tga,64,64,4096,RGBA,True,0,0,4096,1,16.0
textures\sfx a acid flame d.tga,sfx a acid flame d.tga,64,64,4096,RGBA,True,0,0,4096,1,16.0
textures\sfx a acid flame e.tga,sfx a acid flame e.tga,64,64,4096,RGBA,True,0,0,4096,1,16.0
textures\sfx a acid flame f.tga,sfx a acid flame f.tga,64,64,4096,RGBA,True,0,0,4096,1,16.0
textures\sfx a armor human.tga,sfx a armor human.tga,128,128,16384,RGBA,True,0,0,16384,1,64.0
textures\sfx a avalanche snow debris.tga,sfx a avalanche snow debris.tga,64,64,4096,RGBA,True,3287,809,0,74,16.0
textures\sfx a avalanche snow moving.tga,sfx a avalanche snow moving.tga,256,256,65536,RGBA,True,0,0,65536,1,256.0
textures\sfx a avalanche snow.tga,sfx a avalanche snow.tga,256,256,65536,RGBA,True,0,0,65536,1,256.0
textures\sfx a blood a.tga,sfx a blood a.tga,64,64,4096,RGBA,True,2202,1894,0,205,16.0
textures\sfx a blood b.tga,sfx a blood b.tga,64,64,4096,RGBA,True,2179,1917,0,179,16.0
textures\sfx a blood c.tga,sfx a blood c.tga,64,64,4096,RGBA,True,1684,2412,0,194,16.0
textures\sfx a blood flow.tga,sfx a blood flow.tga,64,64,4096,RGBA,True,1042,3054,0,140,16.0
textures\sfx a boat bubbles.tga,sfx a boat bubbles.tga,64,64,4096,RGBA,True,1801,2295,0,176,16.0
textures\sfx a boat ripple small.tga,sfx a boat ripple small.tga,32,64,2048,RGBA,True,1421,627,0,99,8.0
textures\sfx a boat wake cinematic.tga,sfx a boat wake cinematic.tga,128,256,32768,RGBA,True,13040,19728,0,218,128.0
textures\sfx a boat wake large.tga,sfx a boat wake large.tga,64,128,8192,RGBA,True,3205,4987,0,237,32.0
textures\sfx a boat wake small.tga,sfx a boat wake small.tga,32,64,2048,RGBA,True,1201,847,0,122,8.0
textures\sfx a building dust.tga,sfx a building dust.tga,64,64,4096,RGBA,True,999,3097,0,100,16.0
textures\sfx a burning pitch.tga,sfx a burning pitch.tga,16,32,512,RGBA,True,0,0,512,1,2.0
textures\sfx a carnivora water.tga,sfx a carnivora water.tga,128,128,16384,RGBA,True,5984,125,10275,3,64.0
textures\sfx a carnivora.tga,sfx a carnivora.tga,128,128,16384,RGBA,True,5741,160,10483,3,64.0
textures\sfx a deconstruct 2.tga,sfx a deconstruct 2.tga,32,32,1024,RGBA,True,0,0,1024,1,4.0
textures\sfx a deconstruct.tga,sfx a deconstruct.tga,32,32,1024,RGBA,True,0,0,1024,1,4.0
textures\sfx a dust.tga,sfx a dust.tga,128,128,16384,RGBA,True,3118,13266,0,93,64.0
textures\sfx a earthqauke cracka.tga,sfx a earthqauke cracka.tga,128,32,4096,RGBA,True,1969,2127,0,208,16.0
textures\sfx a earthqauke crackb.tga,sfx a earthqauke crackb.tga,128,32,4096,RGBA,True,3038,1058,0,171,16.0
textures\sfx a enrage light.tga,sfx a enrage light.tga,32,32,1024,RGBA,True,0,0,1024,1,4.0
textures\sfx a fire animated.tga,sfx a fire animated.tga,128,128,16384,RGBA,True,0,0,16384,1,64.0
textures\sfx a fire ball orange.tga,sfx a fire ball orange.tga,64,64,4096,RGBA,True,0,0,4096,1,16.0
textures\sfx a fire ball.tga,sfx a fire ball.tga,64,64,4096,RGBA,True,0,0,4096,1,16.0
textures\sfx a fire cast map.tga,sfx a fire cast map.tga,128,128,16384,RGBA,True,0,0,16384,1,64.0
textures\sfx a fire flame a.tga,sfx a fire flame a.tga,64,64,4096,RGBA,True,0,0,4096,1,16.0
textures\sfx a fire flame b.tga,sfx a fire flame b.tga,64,64,4096,RGBA,True,0,0,4096,1,16.0
textures\sfx a fire flame c.tga,sfx a fire flame c.tga,64,64,4096,RGBA,True,0,0,4096,1,16.0
textures\sfx a fire flame d.tga,sfx a fire flame d.tga,64,64,4096,RGBA,True,0,0,4096,1,16.0
textures\sfx a fire flame e.tga,sfx a fire flame e.tga,64,64,4096,RGBA,True,0,0,4096,1,16.0
textures\sfx a fire flame f.tga,sfx a fire flame f.tga,64,64,4096,RGBA,True,0,0,4096,1,16.0
textures\sfx a fire pot bowl.tga,sfx a fire pot bowl.tga,64,64,4096,RGBA,True,0,0,4096,1,16.0
textures\sfx a fire pot_01.tga,sfx a fire pot_01.tga,64,64,4096,RGBA,True,0,0,4096,1,16.0
textures\sfx a fire pot_02.tga,sfx a fire pot_02.tga,64,64,4096,RGBA,True,0,0,4096,1,16.0
textures\sfx a fire pot_03.tga,sfx a fire pot_03.tga,64,64,4096,RGBA,True,0,0,4096,1,16.0
textures\sfx a fire scorch.tga,sfx a fire scorch.tga,64,64,4096,RGBA,True,1783,2313,0,166,16.0
textures\sfx a fire wall.tga,sfx a fire wall.tga,256,128,32768,RGBA,True,0,0,32768,1,128.0
textures\sfx a frost ice block.tga,sfx a frost ice block.tga,128,64,8192,RGBA,True,896,0,7296,2,32.0
textures\sfx a generic boat wake.tga,sfx a generic boat wake.tga,128,128,16384,RGBA,True,2345,14039,0,208,64.0
textures\sfx a generic building wake.tga,sfx a generic building wake.tga,128,128,16384,RGBA,True,10245,6139,0,185,64.0
textures\sfx a generic dust map.tga,sfx a generic dust map.tga,128,128,16384,RGBA,True,2514,13870,0,242,64.0
textures\sfx a generic smoke.tga,sfx a generic smoke.tga,128,128,16384,RGBA,True,3366,13018,0,88,64.0
textures\sfx a heal light.tga,sfx a heal light.tga,32,32,1024,RGBA,True,0,0,1024,1,4.0
textures\sfx a healing spring ground.tga,sfx a healing spring ground.tga,256,256,65536,RGBA,True,32141,33395,0,240,256.0
textures\sfx a healing spring stone.tga,sfx a healing spring stone.tga,256,256,65536,RGBA,True,61047,79,4410,3,256.0
textures\sfx a healing spring water.tga,sfx a healing spring water.tga,64,64,4096,RGBA,True,0,4096,0,29,16.0
textures\sfx a heaven light.tga,sfx a heaven light.tga,32,64,2048,RGBA,True,0,0,2048,1,8.0
textures\sfx a hero glow.tga,sfx a hero glow.tga,64,64,4096,RGBA,True,0,0,4096,1,16.0
textures\sfx a hero soul red.tga,sfx a hero soul red.tga,16,32,512,RGBA,True,0,0,512,1,2.0
textures\sfx a hero soul.tga,sfx a hero soul.tga,16,32,512,RGBA,True,0,0,512,1,2.0
textures\sfx a implode area lightning.tga,sfx a implode area lightning.tga,128,128,16384,RGBA,True,0,0,16384,1,64.0
textures\sfx a implode clouds.tga,sfx a implode clouds.tga,128,128,16384,RGBA,True,0,16384,0,75,64.0
textures\sfx a implode crator.tga,sfx a implode crator.tga,256,256,65536,RGBA,True,12277,53259,0,237,256.0
textures\sfx a implode environment.tga,sfx a implode environment.tga,64,64,4096,RGBA,True,0,0,4096,1,16.0
textures\sfx a implode glow.tga,sfx a implode glow.tga,64,64,4096,RGBA,True,0,0,4096,1,16.0
textures\sfx a implode light ray.tga,sfx a implode light ray.tga,16,128,2048,RGBA,True,0,0,2048,1,8.0
textures\sfx a implode lighting flair.tga,sfx a implode lighting flair.tga,64,64,4096,RGBA,True,0,0,4096,1,16.0
textures\sfx a implode lighting.tga,sfx a implode lighting.tga,64,32,2048,RGBA,True,0,0,2048,1,8.0
textures\sfx a implode ring.tga,sfx a implode ring.tga,128,128,16384,RGBA,True,0,0,16384,1,64.0
textures\sfx a implode shockwave.tga,sfx a implode shockwave.tga,64,32,2048,RGBA,True,0,0,2048,1,8.0
textures\sfx a implode soul suck.tga,sfx a implode soul suck.tga,32,128,4096,RGBA,True,0,0,4096,1,16.0
textures\sfx a implode streak.tga,sfx a implode streak.tga,8,32,256,RGBA,True,0,0,256,1,1.0
textures\sfx a implode.tga,sfx a implode.tga,32,32,1024,RGBA,True,0,0,1024,1,4.0
textures\sfx a implode_dn.tga,sfx a implode_dn.tga,64,64,4096,RGBA,True,0,0,4096,1,16.0
textures\sfx a implode_ft.tga,sfx a implode_ft.tga,64,64,4096,RGBA,True,0,0,4096,1,16.0
textures\sfx a implode_up.tga,sfx a implode_up.tga,64,64,4096,RGBA,True,0,0,4096,1,16.0
textures\sfx a invisible.tga,sfx a invisible.tga,256,256,65536,RGBA,True,0,0,65536,1,256.0
textures\sfx a ip glow.tga,sfx a ip glow.tga,128,64,8192,RGBA,True,0,0,8192,1,32.0
textures\sfx a largeroot glow.tga,sfx a largeroot glow.tga,64,64,4096,RGBA,True,3326,770,0,106,16.0
textures\sfx a lighthouse glow.tga,sfx a lighthouse glow.tga,32,16,512,RGBA,True,0,0,512,1,2.0
textures\sfx a meteor crator large.tga,sfx a meteor crator large.tga,256,256,65536,RGBA,True,12277,53259,0,237,256.0
textures\sfx a meteor crator large_gloss.tga,sfx a meteor crator large_gloss.tga,256,256,65536,RGBA,True,0,0,65536,1,256.0
textures\sfx a meteor crator large_nm.tga,sfx a meteor crator large_nm.tga,256,256,65536,RGBA,True,0,0,65536,1,256.0
textures\sfx a meteor crator large_spec.tga,sfx a meteor crator large_spec.tga,256,256,65536,RGBA,True,0,0,65536,1,256.0
textures\sfx a meteor crator small.tga,sfx a meteor crator small.tga,256,256,65536,RGBA,True,11503,54033,0,245,256.0
textures\sfx a meteor crator small_gloss.tga,sfx a meteor crator small_gloss.tga,256,256,65536,RGBA,True,0,0,65536,1,256.0
textures\sfx a meteor crator small_nm.tga,sfx a meteor crator small_nm.tga,256,256,65536,RGBA,True,0,0,65536,1,256.0
textures\sfx a meteor crator small_spec.tga,sfx a meteor crator small_spec.tga,256,256,65536,RGBA,True,0,0,65536,1,256.0
textures\sfx a meteor dust.tga,sfx a meteor dust.tga,256,256,65536,RGBA,True,28344,37192,0,230,256.0
textures\sfx a meteor mushroom smoke.tga,sfx a meteor mushroom smoke.tga,256,128,32768,RGBA,True,6510,26258,0,166,128.0
textures\sfx a meteor splash.tga,sfx a meteor splash.tga,256,256,65536,RGBA,True,18589,46947,0,245,256.0
textures\sfx a meteor trail fire.tga,sfx a meteor trail fire.tga,64,128,8192,RGBA,True,0,0,8192,1,32.0
textures\sfx a meteor trail smoke.tga,sfx a meteor trail smoke.tga,128,256,32768,RGBA,True,12843,19925,0,244,128.0
textures\sfx a meteorite crator small.tga,sfx a meteorite crator small.tga,128,128,16384,RGBA,True,2338,14046,0,239,64.0
textures\sfx a meteorite crator small_gloss.tga,sfx a meteorite crator small_gloss.tga,128,128,16384,RGBA,True,0,0,16384,1,64.0
textures\sfx a meteorite crator small_nm.tga,sfx a meteorite crator small_nm.tga,128,128,16384,RGBA,True,0,0,16384,1,64.0
textures\sfx a meteorite crator small_spec.tga,sfx a meteorite crator small_spec.tga,128,128,16384,RGBA,True,0,0,16384,1,64.0
textures\sfx a mist cloud.tga,sfx a mist cloud.tga,128,128,16384,RGBA,True,3366,13018,0,92,64.0
textures\sfx a oil.tga,sfx a oil.tga,32,32,1024,RGBA,True,363,661,0,103,4.0
textures\sfx a orca cloud.tga,sfx a orca cloud.tga,64,64,4096,RGBA,True,560,3536,0,76,16.0
textures\sfx a orca wake.tga,sfx a orca wake.tga,32,64,2048,RGBA,True,934,1114,0,95,8.0
textures\sfx a pestilence flies.tga,sfx a pestilence flies.tga,128,128,16384,RGBA,True,16279,105,0,7,64.0
textures\sfx a pestilence smoke.tga,sfx a pestilence smoke.tga,64,64,4096,RGBA,True,737,3359,0,129,16.0
textures\sfx a rain cloud.tga,sfx a rain cloud.tga,128,128,16384,RGBA,True,4817,11567,0,194,64.0
textures\sfx a rain sunlight.tga,sfx a rain sunlight.tga,32,64,2048,RGBA,True,0,0,2048,1,8.0
textures\sfx a rain.tga,sfx a rain.tga,128,128,16384,RGBA,True,15666,718,0,43,64.0
textures\sfx a rainbow.tga,sfx a rainbow.tga,128,64,8192,RGBA,True,0,0,8192,1,32.0
textures\sfx a serpent corpse bodya.tga,sfx a serpent corpse bodya.tga,32,32,1024,RGBA,True,485,539,0,62,4.0
textures\sfx a serpent corpse skeletona.tga,sfx a serpent corpse skeletona.tga,32,32,1024,RGBA,True,697,327,0,63,4.0
textures\sfx a serpent hole.tga,sfx a serpent hole.tga,32,32,1024,RGBA,True,303,721,0,135,4.0
textures\sfx a serpent.tga,sfx a serpent.tga,64,64,4096,RGBA,True,3804,31,261,3,16.0
textures\sfx a shadow mist.tga,sfx a shadow mist.tga,128,128,16384,RGBA,True,7061,9323,0,167,64.0
textures\sfx a shiny water.tga,sfx a shiny water.tga,64,64,4096,RGBA,True,0,0,4096,1,16.0
textures\sfx a shiny water_0.tga,sfx a shiny water_0.tga,64,64,4096,RGBA,True,0,0,4096,1,16.0
textures\sfx a shiny water_1.tga,sfx a shiny water_1.tga,64,64,4096,RGBA,True,0,0,4096,1,16.0
textures\sfx a shiny water_2.tga,sfx a shiny water_2.tga,64,64,4096,RGBA,True,0,0,4096,1,16.0
textures\sfx a shiny water_3.tga,sfx a shiny water_3.tga,64,64,4096,RGBA,True,0,0,4096,1,16.0
textures\sfx a shiny water_4.tga,sfx a shiny water_4.tga,64,64,4096,RGBA,True,0,0,4096,1,16.0
textures\sfx a shiny water_5.tga,sfx a shiny water_5.tga,64,64,4096,RGBA,True,0,0,4096,1,16.0
textures\sfx a snow.tga,sfx a snow.tga,128,128,16384,RGBA,True,16309,25,50,3,64.0
textures\sfx a sparkly.tga,sfx a sparkly.tga,32,32,1024,RGBA,True,0,0,1024,1,4.0
textures\sfx a spy.tga,sfx a spy.tga,64,64,4096,RGBA,True,883,3213,0,160,16.0
textures\sfx a stone map.tga,sfx a stone map.tga,128,128,16384,RGBA,True,0,0,16384,1,64.0
textures\sfx a sunlight.tga,sfx a sunlight.tga,32,32,1024,RGBA,True,0,0,1024,1,4.0
textures\sfx a tornado dirt.tga,sfx a tornado dirt.tga,128,128,16384,RGBA,True,2623,13761,0,241,64.0
textures\sfx a tornado dust.tga,sfx a tornado dust.tga,128,128,16384,RGBA,True,0,0,16384,1,64.0
textures\sfx a tornado fire.tga,sfx a tornado fire.tga,128,128,16384,RGBA,True,2259,14052,73,254,64.0
textures\sfx a tornado flash.tga,sfx a tornado flash.tga,128,128,16384,RGBA,True,0,0,16384,1,64.0
textures\sfx a tornado snow.tga,sfx a tornado snow.tga,128,128,16384,RGBA,True,2626,13758,0,240,64.0
textures\sfx a tornado water.tga,sfx a tornado water.tga,128,128,16384,RGBA,True,1745,14639,0,153,64.0
textures\sfx a tunnel.tga,sfx a tunnel.tga,256,256,65536,RGBA,True,0,0,65536,1,256.0
textures\sfx a undermine dust large.tga,sfx a undermine dust large.tga,128,64,8192,RGBA,True,2069,6123,0,237,32.0
textures\sfx a undermine dust small.tga,sfx a undermine dust small.tga,64,64,4096,RGBA,True,1210,2886,0,214,16.0
textures\sfx a vision sunlight.tga,sfx a vision sunlight.tga,64,64,4096,RGBA,True,0,0,4096,1,16.0
textures\sfx a vortex beem.tga,sfx a vortex beem.tga,32,256,8192,RGBA,True,0,0,8192,1,32.0
textures\sfx a vortex light bands.tga,sfx a vortex light bands.tga,64,64,4096,RGBA,True,0,0,4096,1,16.0
textures\sfx a vortex light ray.tga,sfx a vortex light ray.tga,128,16,2048,RGBA,True,0,0,2048,1,8.0
textures\sfx a vortex sunlight.tga,sfx a vortex sunlight.tga,32,128,4096,RGBA,True,0,0,4096,1,16.0
textures\sfx a vortex swirl.tga,sfx a vortex swirl.tga,128,128,16384,RGBA,True,0,0,16384,1,64.0
textures\sfx a walking woods hole.tga,sfx a walking woods hole.tga,32,32,1024,RGBA,True,190,834,0,78,4.0
textures\sfx a walking woods.tga,sfx a walking woods.tga,128,128,16384,RGBA,True,15673,61,650,3,64.0
textures\sfx a water mist.tga,sfx a water mist.tga,64,64,4096,RGBA,True,918,3178,0,97,16.0
textures\sfx a water mistb.tga,sfx a water mistb.tga,64,64,4096,RGBA,True,1650,2446,0,190,16.0
textures\sfx a waterlilly ripple.tga,sfx a waterlilly ripple.tga,128,128,16384,RGBA,True,12363,4021,0,237,64.0
textures\sfx b lighthouse glow.tga,sfx b lighthouse glow.tga,64,64,4096,RGBA,True,0,0,4096,1,16.0
textures\sfx building dust map.tga,sfx building dust map.tga,64,64,4096,RGBA,True,1972,2124,0,59,16.0
textures\sfx c blessed construction aura.tga,sfx c blessed construction aura.tga,64,64,4096,RGBA,True,0,0,4096,1,16.0
textures\sfx c earth dragon hole.tga,sfx c earth dragon hole.tga,256,256,65536,RGBA,True,7373,29931,28232,256,256.0
textures\sfx c flood.tga,sfx c flood.tga,256,256,65536,RGBA,True,0,0,65536,1,256.0
textures\sfx c geyser decal.tga,sfx c geyser decal.tga,128,128,16384,RGBA,True,1619,12766,1999,256,64.0
textures\sfx c great journey.tga,sfx c great journey.tga,128,128,16384,RGBA,True,3118,13266,0,103,64.0
textures\sfx c growth vines.tga,sfx c growth vines.tga,64,64,4096,RGBA,True,4096,0,0,1,16.0
textures\sfx c imperial examination glow.tga,sfx c imperial examination glow.tga,64,64,4096,RGBA,True,0,0,4096,1,16.0
textures\sfx c ip glow.tga,sfx c ip glow.tga,128,64,8192,RGBA,True,0,0,8192,1,32.0
textures\sfx c myth unit birth effect.tga,sfx c myth unit birth effect.tga,128,64,8192,RGBA,True,0,0,8192,1,32.0
textures\sfx c qilin heal mist.tga,sfx c qilin heal mist.tga,64,64,4096,RGBA,True,0,0,4096,1,16.0
textures\sfx c recreation.tga,sfx c recreation.tga,32,32,1024,RGBA,True,0,0,1024,1,4.0
textures\sfx c shaft.tga,sfx c shaft.tga,32,256,8192,RGBA,True,0,0,8192,1,32.0
textures\sfx c sparkly.tga,sfx c sparkly.tga,32,32,1024,RGBA,True,0,0,1024,1,4.0
textures\sfx c tsunami shockwave.tga,sfx c tsunami shockwave.tga,128,128,16384,RGBA,True,8030,8354,0,111,64.0
textures\sfx c tsunami splash.tga,sfx c tsunami splash.tga,256,256,65536,RGBA,True,18874,46662,0,243,256.0
textures\sfx e ancestors land.tga,sfx e ancestors land.tga,64,64,4096,RGBA,True,835,55,3206,3,16.0
textures\sfx e ancestors water.tga,sfx e ancestors water.tga,128,128,16384,RGBA,True,3818,186,12380,3,64.0
textures\sfx e citadel age4.tga,sfx e citadel age4.tga,256,256,65536,RGBA,True,62734,0,2802,2,256.0
textures\sfx e citadel shadow.tga,sfx e citadel shadow.tga,64,64,4096,RGBA,True,679,3417,0,31,16.0
textures\sfx e citadel.tga,sfx e citadel.tga,256,256,65536,RGBA,True,62734,0,2802,2,256.0
textures\sfx e empower glow.tga,sfx e empower glow.tga,64,64,4096,RGBA,True,0,0,4096,1,16.0
textures\sfx e inferno cloud.tga,sfx e inferno cloud.tga,128,128,16384,RGBA,True,1840,14544,0,184,64.0
textures\sfx e inferno embers.tga,sfx e inferno embers.tga,64,64,4096,RGBA,True,4081,0,15,2,16.0
textures\sfx e inferno ground.tga,sfx e inferno ground.tga,256,128,32768,RGBA,True,7741,4847,20180,250,128.0
textures\sfx e isis monument ring.tga,sfx e isis monument ring.tga,64,64,4096,RGBA,True,0,0,4096,1,16.0
textures\sfx e locust shadow.tga,sfx e locust shadow.tga,64,64,4096,RGBA,True,1506,2590,0,236,16.0
textures\sfx e locust thick map.tga,sfx e locust thick map.tga,128,128,16384,RGBA,True,15227,350,807,3,64.0
textures\sfx e locust thin map.tga,sfx e locust thin map.tga,128,128,16384,RGBA,True,15162,221,1001,3,64.0
textures\sfx e meteor blast map.tga,sfx e meteor blast map.tga,64,32,2048,RGBA,True,1042,1006,0,139,8.0
textures\sfx e meteor map.tga,sfx e meteor map.tga,64,64,4096,RGBA,True,0,0,4096,1,16.0
textures\sfx e meteor shockwave map.tga,sfx e meteor shockwave map.tga,128,128,16384,RGBA,True,6759,9625,0,66,64.0
textures\sfx e myth unit birth effect.tga,sfx e myth unit birth effect.tga,128,64,8192,RGBA,True,0,0,8192,1,32.0
textures\sfx e serpents water.tga,sfx e serpents water.tga,64,64,4096,RGBA,True,0,0,4096,1,16.0
textures\sfx e set animal glow.tga,sfx e set animal glow.tga,64,64,4096,RGBA,True,0,0,4096,1,16.0
textures\sfx e set animal symbol.tga,sfx e set animal symbol.tga,32,32,1024,RGBA,True,0,0,1024,1,4.0
textures\sfx e set gaia animal glow.tga,sfx e set gaia animal glow.tga,64,64,4096,RGBA,True,0,0,4096,1,16.0
textures\sfx e shifting sands dust wave.tga,sfx e shifting sands dust wave.tga,128,128,16384,RGBA,True,1889,14495,0,148,64.0
textures\sfx e son of osiris corpse bodya.tga,sfx e son of osiris corpse bodya.tga,32,32,1024,RGBA,True,541,483,0,58,4.0
textures\sfx e son of osiris corpse skeletona.tga,sfx e son of osiris corpse skeletona.tga,32,32,1024,RGBA,True,759,265,0,57,4.0
textures\sfx e son of osiris head.tga,sfx e son of osiris head.tga,32,32,1024,RGBA,True,691,44,289,3,4.0
textures\sfx e son of osiris.tga,sfx e son of osiris.tga,64,64,4096,RGBA,True,2775,22,1299,3,16.0
textures\sfx e titan crator.tga,sfx e titan crator.tga,256,256,65536,RGBA,True,16977,48559,0,242,256.0
textures\sfx fire ball map.tga,sfx fire ball map.tga,64,64,4096,RGBA,True,0,0,4096,1,16.0
textures\sfx fire ball orange map.tga,sfx fire ball orange map.tga,128,128,16384,RGBA,True,0,0,16384,1,64.0
textures\sfx fire charred ground map.tga,sfx fire charred ground map.tga,128,128,16384,RGBA,True,2362,14022,0,148,64.0
textures\sfx fire flame map.tga,sfx fire flame map.tga,32,32,1024,RGBA,True,0,0,1024,1,4.0
textures\sfx fire patch map.tga,sfx fire patch map.tga,32,32,1024,RGBA,True,0,0,1024,1,4.0
textures\sfx fire pot map.tga,sfx fire pot map.tga,32,32,1024,RGBA,True,0,0,1024,1,4.0
textures\sfx fire puff map.tga,sfx fire puff map.tga,64,64,4096,RGBA,True,0,0,4096,1,16.0
textures\sfx fire smoke map.tga,sfx fire smoke map.tga,64,64,4096,RGBA,True,1187,2909,0,57,16.0
textures\sfx flying debris 1.tga,sfx flying debris 1.tga,32,32,1024,RGBA,True,0,0,1024,1,4.0
textures\sfx flying debris 2.tgs.tga,sfx flying debris 2.tgs.tga,32,32,1024,RGBA,True,0,0,1024,1,4.0
textures\sfx flying debris1.tga,sfx flying debris1.tga,32,32,1024,RGBA,True,600,0,424,2,4.0
textures\sfx flying debris2.tga,sfx flying debris2.tga,32,32,1024,RGBA,True,747,0,277,2,4.0
textures\sfx flying debris3.tga,sfx flying debris3.tga,32,32,1024,RGBA,True,745,16,263,3,4.0
textures\sfx flying debris4.tga,sfx flying debris4.tga,32,32,1024,RGBA,True,804,0,220,2,4.0
textures\sfx flying debris5.tga,sfx flying debris5.tga,32,32,1024,RGBA,True,696,0,328,2,4.0
textures\sfx flying debris6.tga,sfx flying debris6.tga,32,32,1024,RGBA,True,730,0,294,2,4.0
textures\sfx g animal magnetism decal.tga,sfx g animal magnetism decal.tga,128,128,16384,RGBA,True,3253,13131,0,162,64.0
textures\sfx g animal magnetism select.tga,sfx g animal magnetism select.tga,128,128,16384,RGBA,True,15824,560,0,2,64.0
textures\sfx g animal magnetism shadow.tga,sfx g animal magnetism shadow.tga,128,128,16384,RGBA,True,3253,13131,0,162,64.0
textures\sfx g animal magnetism shockwave.tga,sfx g animal magnetism shockwave.tga,64,64,4096,RGBA,True,0,0,4096,1,16.0
textures\sfx g animal magnetism.tga,sfx g animal magnetism.tga,128,128,16384,RGBA,True,15914,86,384,3,64.0
textures\sfx g arkantos flash.tga,sfx g arkantos flash.tga,64,64,4096,RGBA,True,0,0,4096,1,16.0
textures\sfx g arkantos glow.tga,sfx g arkantos glow.tga,64,64,4096,RGBA,True,0,0,4096,1,16.0
textures\sfx g lightning bolt.tga,sfx g lightning bolt.tga,64,32,2048,RGBA,True,2048,0,0,1,8.0
textures\sfx g lightning cloud shadow.tga,sfx g lightning cloud shadow.tga,64,64,4096,RGBA,True,554,3542,0,104,16.0
textures\sfx g lightning cloud.tga,sfx g lightning cloud.tga,128,128,16384,RGBA,True,2162,14222,0,89,64.0
textures\sfx g lightning scorch.tga,sfx g lightning scorch.tga,128,128,16384,RGBA,True,0,16384,0,194,64.0
textures\sfx g lightning skyflash.tga,sfx g lightning skyflash.tga,128,128,16384,RGBA,True,0,0,16384,1,64.0
textures\sfx g lightning spark.tga,sfx g lightning spark.tga,64,64,4096,RGBA,True,4096,0,0,1,16.0
textures\sfx g myth unit birth effect.tga,sfx g myth unit birth effect.tga,64,64,4096,RGBA,True,0,0,4096,1,16.0
textures\sfx g plenty decal.tga,sfx g plenty decal.tga,256,256,65536,RGBA,True,0,0,65536,1,256.0
textures\sfx g plenty glint.tga,sfx g plenty glint.tga,64,64,4096,RGBA,True,0,0,4096,1,16.0
textures\sfx g plenty shadow.tga,sfx g plenty shadow.tga,256,256,65536,RGBA,True,0,0,65536,1,256.0
textures\sfx g plenty.tga,sfx g plenty.tga,256,256,65536,RGBA,True,64155,0,1381,2,256.0
textures\sfx g sentinel weapons.tga,sfx g sentinel weapons.tga,32,32,1024,RGBA,True,0,0,1024,1,4.0
textures\sfx g sentinel.tga,sfx g sentinel.tga,128,128,16384,RGBA,True,14658,0,1726,2,64.0
textures\sfx g titan crator.tga,sfx g titan crator.tga,256,256,65536,RGBA,True,28998,36538,0,243,256.0
textures\sfx meteorite splat decal.tga,sfx meteorite splat decal.tga,128,128,16384,RGBA,True,14407,160,1817,3,64.0
textures\sfx n dwarven mine decal.tga,sfx n dwarven mine decal.tga,128,128,16384,RGBA,True,7467,8917,0,2,64.0
textures\sfx n dwarven mine shadow.tga,sfx n dwarven mine shadow.tga,128,128,16384,RGBA,True,7467,8917,0,2,64.0
textures\sfx n dwarven mine.tga,sfx n dwarven mine.tga,256,256,65536,RGBA,True,65536,0,0,1,256.0
textures\sfx n frost cloud.tga,sfx n frost cloud.tga,128,128,16384,RGBA,True,3366,13018,0,88,64.0
textures\sfx n frost ice block ground.tga,sfx n frost ice block ground.tga,128,128,16384,RGBA,True,3206,13178,0,242,64.0
textures\sfx n frost ice block unit map.tga,sfx n frost ice block unit map.tga,128,128,16384,RGBA,True,0,0,16384,1,64.0
textures\sfx n frost ice block unit.tga,sfx n frost ice block unit.tga,128,128,16384,RGBA,True,0,0,16384,1,64.0
textures\sfx n frost ice block.tga,sfx n frost ice block.tga,128,128,16384,RGBA,True,2314,14070,0,230,64.0
textures\sfx n frost shockwave.tga,sfx n frost shockwave.tga,128,64,8192,RGBA,True,2054,6138,0,215,32.0
textures\sfx n myth unit birth effect.tga,sfx n myth unit birth effect.tga,64,64,4096,RGBA,True,0,0,4096,1,16.0
textures\sfx n nidhogg corpse bodya.tga,sfx n nidhogg corpse bodya.tga,128,128,16384,RGBA,True,9851,6533,0,198,64.0
textures\sfx n nidhogg corpse skeletona.tga,sfx n nidhogg corpse skeletona.tga,128,128,16384,RGBA,True,11803,4581,0,147,64.0
textures\sfx n nidhogg fire breath ground.tga,sfx n nidhogg fire breath ground.tga,64,64,4096,RGBA,True,0,0,4096,1,16.0
textures\sfx n nidhogg fire breath.tga,sfx n nidhogg fire breath.tga,128,128,16384,RGBA,True,0,0,16384,1,64.0
textures\sfx n nidhogg.tga,sfx n nidhogg.tga,256,256,65536,RGBA,True,18075,334,47127,3,256.0
textures\sfx n odin heal effect.tga,sfx n odin heal effect.tga,64,32,2048,RGBA,True,0,0,2048,1,8.0
textures\sfx n snow drift wave.tga,sfx n snow drift wave.tga,128,128,16384,RGBA,True,1889,14495,0,148,64.0
textures\sfx n titan crator.tga,sfx n titan crator.tga,256,256,65536,RGBA,True,18429,47107,0,243,256.0
textures\sfx n tunnel map.tga,sfx n tunnel map.tga,256,256,65536,RGBA,True,0,0,65536,1,256.0
textures\sfx n valkyrie favor blue map.tga,sfx n valkyrie favor blue map.tga,64,64,4096,RGBA,True,0,0,4096,1,16.0
textures\sfx n valkyrie favor green map.tga,sfx n valkyrie favor green map.tga,64,64,4096,RGBA,True,0,0,4096,1,16.0
textures\sfx n well of urd water mist.tga,sfx n well of urd water mist.tga,128,128,16384,RGBA,True,5264,11120,0,139,64.0
textures\sfx shinygold map.tga,sfx shinygold map.tga,64,64,4096,RGBA,True,0,0,4096,1,16.0
textures\sfx shinygold map_0.tga,sfx shinygold map_0.tga,64,64,4096,RGBA,True,0,0,4096,1,16.0
textures\sfx shinygold map_1.tga,sfx shinygold map_1.tga,64,64,4096,RGBA,True,0,0,4096,1,16.0
textures\sfx shinygold map_2.tga,sfx shinygold map_2.tga,64,64,4096,RGBA,True,0,0,4096,1,16.0
textures\sfx shinygold map_3.tga,sfx shinygold map_3.tga,64,64,4096,RGBA,True,0,0,4096,1,16.0
textures\sfx shinygold map_4.tga,sfx shinygold map_4.tga,64,64,4096,RGBA,True,0,0,4096,1,16.0
textures\sfx shinygold map_5.tga,sfx shinygold map_5.tga,64,64,4096,RGBA,True,0,0,4096,1,16.0
textures\sfx shinyice map.tga,sfx shinyice map.tga,64,64,4096,RGBA,True,0,0,4096,1,16.0
textures\sfx shinyice map_0.tga,sfx shinyice map_0.tga,64,64,4096,RGBA,True,0,0,4096,1,16.0
textures\sfx shinyice map_1.tga,sfx shinyice map_1.tga,64,64,4096,RGBA,True,0,0,4096,1,16.0
textures\sfx shinyice map_2.tga,sfx shinyice map_2.tga,64,64,4096,RGBA,True,0,0,4096,1,16.0
textures\sfx shinyice map_3.tga,sfx shinyice map_3.tga,64,64,4096,RGBA,True,0,0,4096,1,16.0
textures\sfx shinyice map_4.tga,sfx shinyice map_4.tga,64,64,4096,RGBA,True,0,0,4096,1,16.0
textures\sfx shinyice map_5.tga,sfx shinyice map_5.tga,64,64,4096,RGBA,True,0,0,4096,1,16.0
textures\sfx snow flake map.tga,sfx snow flake map.tga,32,32,1024,RGBA,True,192,832,0,120,4.0
textures\sfx snow flake multi map.tga,sfx snow flake multi map.tga,64,64,4096,RGBA,True,3794,82,220,3,16.0
textures\sfx snow flake tree map.tga,sfx snow flake tree map.tga,64,64,4096,RGBA,True,0,0,4096,1,16.0
textures\sfx snow flake02 map.tga,sfx snow flake02 map.tga,32,32,1024,RGBA,True,308,0,716,2,4.0
textures\sfx u lava bubble.tga,sfx u lava bubble.tga,32,32,1024,RGBA,True,178,846,0,54,4.0
textures\sfx u lava bubble2.tga,sfx u lava bubble2.tga,32,32,1024,RGBA,True,408,616,0,52,4.0
textures\sfx u lava ground.tga,sfx u lava ground.tga,256,256,65536,RGBA,True,31687,33849,0,8,256.0
textures\sfx u underworld smoke.tga,sfx u underworld smoke.tga,128,128,16384,RGBA,True,4599,11785,0,226,64.0
textures\sfx water wake map.tga,sfx water wake map.tga,64,64,4096,RGBA,True,2613,1483,0,177,16.0
textures\sfx x acid bubble.tga,sfx x acid bubble.tga,32,32,1024,RGBA,True,408,616,0,52,4.0
textures\sfx x acid pot bowl.tga,sfx x acid pot bowl.tga,64,64,4096,RGBA,True,0,0,4096,1,16.0
textures\sfx x argus spit.tga,sfx x argus spit.tga,128,128,16384,RGBA,True,12554,3830,0,190,64.0
textures\sfx x arkantos birth bolt1.tga,sfx x arkantos birth bolt1.tga,128,256,32768,RGBA,True,0,0,32768,1,128.0
textures\sfx x arkantos birth bolt2.tga,sfx x arkantos birth bolt2.tga,128,256,32768,RGBA,True,0,0,32768,1,128.0
textures\sfx x arkantos birth ring.tga,sfx x arkantos birth ring.tga,64,64,4096,RGBA,True,0,0,4096,1,16.0
textures\sfx x arkantos birth steak.tga,sfx x arkantos birth steak.tga,128,128,16384,RGBA,True,0,0,16384,1,64.0
textures\sfx x arkatnos birth veins.tga,sfx x arkatnos birth veins.tga,128,128,16384,RGBA,True,0,0,16384,1,64.0
textures\sfx x automoton sparks.tga,sfx x automoton sparks.tga,64,64,4096,RGBA,True,0,0,4096,1,16.0
textures\sfx x fire siphon spray 01.tga,sfx x fire siphon spray 01.tga,64,64,4096,RGBA,True,0,0,4096,1,16.0
textures\sfx x fire siphon spray.tga,sfx x fire siphon spray.tga,64,64,4096,RGBA,True,0,0,4096,1,16.0
textures\sfx x gaia forest pulse.tga,sfx x gaia forest pulse.tga,128,128,16384,RGBA,True,0,0,16384,1,64.0
textures\sfx x gaia wonder waterfall.tga,sfx x gaia wonder waterfall.tga,64,64,4096,RGBA,True,434,3662,0,189,16.0
textures\sfx x hesperides ring.tga,sfx x hesperides ring.tga,64,64,4096,RGBA,True,0,0,4096,1,16.0
textures\sfx x kronos wonder steam.tga,sfx x kronos wonder steam.tga,128,128,16384,RGBA,True,3532,12852,0,181,64.0
textures\sfx x lampades blood mist.tga,sfx x lampades blood mist.tga,64,64,4096,RGBA,True,0,0,4096,1,16.0
textures\sfx x lampades bolt.tga,sfx x lampades bolt.tga,64,64,4096,RGBA,True,0,0,4096,1,16.0
textures\sfx x lampades flare.tga,sfx x lampades flare.tga,128,128,16384,RGBA,True,0,0,16384,1,64.0
textures\sfx x lampades flaretga.tga,sfx x lampades flaretga.tga,128,128,16384,RGBA,True,0,0,16384,1,64.0
textures\sfx x lighthouse glow 2.tga,sfx x lighthouse glow 2.tga,64,64,4096,RGBA,True,0,0,4096,1,16.0
textures\sfx x lighthouse glow.tga,sfx x lighthouse glow.tga,64,64,4096,RGBA,True,0,0,4096,1,16.0
textures\sfx x mirror tower.tga,sfx x mirror tower.tga,64,64,4096,RGBA,True,0,0,4096,1,16.0
textures\sfx x monster gate mist.tga,sfx x monster gate mist.tga,128,128,16384,RGBA,True,0,0,16384,1,64.0
textures\sfx x monster gate streak.tga,sfx x monster gate streak.tga,64,128,8192,RGBA,True,0,0,8192,1,32.0
textures\sfx x monster gater streak.tga,sfx x monster gater streak.tga,64,128,8192,RGBA,True,0,0,8192,1,32.0
textures\sfx x myth heka shock.tga,sfx x myth heka shock.tga,64,64,4096,RGBA,True,3120,976,0,151,16.0
textures\sfx x oracle los.tga,sfx x oracle los.tga,128,128,16384,RGBA,True,0,0,16384,1,64.0
textures\sfx x servant spray.tga,sfx x servant spray.tga,128,128,16384,RGBA,True,3502,12882,0,243,64.0
textures\sfx x shaft.tga,sfx x shaft.tga,32,256,8192,RGBA,True,0,0,8192,1,32.0
textures\sfx x shockwave unit effect.tga,sfx x shockwave unit effect.tga,128,128,16384,RGBA,True,0,0,16384,1,64.0
textures\sfx x signal tower ring.tga,sfx x signal tower ring.tga,64,64,4096,RGBA,True,0,0,4096,1,16.0
textures\sfx x sky passage glow.tga,sfx x sky passage glow.tga,64,128,8192,RGBA,True,0,0,8192,1,32.0
textures\sfx x sky passage.tga,sfx x sky passage.tga,128,128,16384,RGBA,True,4456,11928,0,214,64.0
textures\sfx x spc temple effect star.tga,sfx x spc temple effect star.tga,128,128,16384,RGBA,True,0,0,16384,1,64.0
textures\sfx x spc temple effect swirl.tga,sfx x spc temple effect swirl.tga,128,128,16384,RGBA,True,0,0,16384,1,64.0
textures\sfx x spider egg bottom.tga,sfx x spider egg bottom.tga,128,128,16384,RGBA,True,7894,8490,0,223,64.0
textures\sfx x spider egg sack.tga,sfx x spider egg sack.tga,128,128,16384,RGBA,True,0,16384,0,1,64.0
textures\sfx x spider egg.tga,sfx x spider egg.tga,64,64,4096,RGBA,True,0,0,4096,1,16.0
textures\sfx x titan atlantean footprint.tga,sfx x titan atlantean footprint.tga,128,128,16384,RGBA,True,5114,11270,0,241,64.0
textures\sfx x titan crator.tga,sfx x titan crator.tga,256,256,65536,RGBA,True,21914,43622,0,244,256.0
textures\sfx x titan fire.tga,sfx x titan fire.tga,64,64,4096,RGBA,True,0,0,4096,1,16.0
textures\sfx x titan ground lightning.tga,sfx x titan ground lightning.tga,128,128,16384,RGBA,True,9610,6774,0,239,64.0
textures\sfx x titan wings.tga,sfx x titan wings.tga,32,64,2048,RGBA,True,0,0,2048,1,8.0
textures\sfx x titan wingsr.tga,sfx x titan wingsr.tga,32,64,2048,RGBA,True,0,0,2048,1,8.0
textures\sfx x vortex portal.tga,sfx x vortex portal.tga,256,256,65536,RGBA,True,65536,0,0,1,256.0
textures\sfx x vortex portal2.tga,sfx x vortex portal2.tga,256,256,65536,RGBA,True,0,0,65536,1,256.0
textures\sfx x vortex portal3.tga,sfx x vortex portal3.tga,256,256,65536,RGBA,True,0,0,65536,1,256.0
textures\sfx x vortex portal4.tga,sfx x vortex portal4.tga,256,256,65536,RGBA,True,0,0,65536,1,256.0
textures\shadow arrow 16x16.tga,shadow arrow 16x16.tga,8,16,128,RGBA,True,86,42,0,24,0.5
textures\shadow cinematic units.tga,shadow cinematic units.tga,32,32,1024,RGBA,True,507,517,0,55,4.0
textures\shadow select circle 128x128.tga,shadow select circle 128x128.tga,128,128,16384,RGBA,True,14872,1512,0,77,64.0
textures\shadow select circle 16x16.tga,shadow select circle 16x16.tga,16,16,256,RGBA,True,88,168,0,18,1.0
textures\shadow select circle 32x32.tga,shadow select circle 32x32.tga,32,32,1024,RGBA,True,692,332,0,28,4.0
textures\shadow select circle 64x64.tga,shadow select circle 64x64.tga,64,64,4096,RGBA,True,3290,806,0,43,16.0
textures\shadow select farm 128x128.tga,shadow select farm 128x128.tga,128,128,16384,RGBA,True,15568,816,0,2,64.0
textures\shadow select gold 128x128.tga,shadow select gold 128x128.tga,128,128,16384,RGBA,True,15708,676,0,2,64.0
textures\shadow select oval 16x32.tga,shadow select oval 16x32.tga,16,32,512,RGBA,True,360,152,0,21,2.0
textures\shadow select oval 32x64.tga,shadow select oval 32x64.tga,32,64,2048,RGBA,True,1484,564,0,52,8.0
textures\shadow select oval 64x128.tga,shadow select oval 64x128.tga,64,128,8192,RGBA,True,6908,1284,0,73,32.0
textures\shadow select square 128x128.tga,shadow select square 128x128.tga,128,128,16384,RGBA,True,15392,992,0,2,64.0
textures\shadow select square 16x128.tga,shadow select square 16x128.tga,128,16,2048,RGBA,True,1504,544,0,2,8.0
textures\shadow select square 16x16.tga,shadow select square 16x16.tga,16,16,256,RGBA,True,196,60,0,2,1.0
textures\shadow select square 16x64.tga,shadow select square 16x64.tga,16,64,1024,RGBA,True,736,288,0,2,4.0
textures\shadow select square 32x128.tga,shadow select square 32x128.tga,128,32,4096,RGBA,True,3488,608,0,2,16.0
textures\shadow select square 32x32.tga,shadow select square 32x32.tga,32,32,1024,RGBA,True,800,224,0,2,4.0
textures\shadow select square 64x256.tga,shadow select square 64x256.tga,256,64,16384,RGBA,True,15136,1248,0,2,64.0
textures\shadow select square 64x64.tga,shadow select square 64x64.tga,64,64,4096,RGBA,True,3616,480,0,2,16.0
textures\shadow select titan gate.tga,shadow select titan gate.tga,128,128,16384,RGBA,True,16016,5,363,3,64.0
textures\shadow select tree 128x128.tga,shadow select tree 128x128.tga,128,128,16384,RGBA,True,15429,955,0,85,64.0
textures\shadow unit air 64x64.tga,shadow unit air 64x64.tga,64,64,4096,RGBA,True,1404,2692,0,24,16.0
textures\shadow unit ballista 32x32.tga,shadow unit ballista 32x32.tga,32,32,1024,RGBA,True,469,555,0,53,4.0
textures\shadow unit cart 32x64.tga,shadow unit cart 32x64.tga,32,64,2048,RGBA,True,745,1303,0,73,8.0
textures\shadow unit catapult 32x64.tga,shadow unit catapult 32x64.tga,32,64,2048,RGBA,True,878,1170,0,83,8.0
textures\shadow unit cavalry 32x64.tga,shadow unit cavalry 32x64.tga,32,64,2048,RGBA,True,733,1315,0,65,8.0
textures\shadow unit chariot 32x64.tga,shadow unit chariot 32x64.tga,32,64,2048,RGBA,True,977,1071,0,77,8.0
textures\shadow unit chicken 16x16.tga,shadow unit chicken 16x16.tga,16,16,256,RGBA,True,134,122,0,19,1.0
textures\shadow unit chieroballista 32x32.tga,shadow unit chieroballista 32x32.tga,32,32,1024,RGBA,True,452,572,0,63,4.0
textures\shadow unit circle 128x128.tga,shadow unit circle 128x128.tga,128,128,16384,RGBA,True,7104,9280,0,28,64.0
textures\shadow unit circle 32x32.tga,shadow unit circle 32x32.tga,32,32,1024,RGBA,True,470,554,0,45,4.0
textures\shadow unit circle 64x64.tga,shadow unit circle 64x64.tga,64,64,4096,RGBA,True,1639,2457,0,42,16.0
textures\shadow unit folstag flag 32x32.tga,shadow unit folstag flag 32x32.tga,32,32,1024,RGBA,True,694,330,0,52,4.0
textures\shadow unit fph.tga,shadow unit fph.tga,32,32,1024,RGBA,True,422,602,0,14,4.0
textures\shadow unit great box 64x128.tga,shadow unit great box 64x128.tga,64,128,8192,RGBA,True,2885,5307,0,89,32.0
textures\shadow unit naval 32x64.tga,shadow unit naval 32x64.tga,32,64,2048,RGBA,True,610,1438,0,47,8.0
textures\shadow unit ram 32x64.tga,shadow unit ram 32x64.tga,32,64,2048,RGBA,True,895,1153,0,66,8.0
textures\shadow unit scarab 32x64.tga,shadow unit scarab 32x64.tga,32,64,2048,RGBA,True,519,1529,0,64,8.0
textures\shadow unit square 16x16.tga,shadow unit square 16x16.tga,16,16,256,RGBA,True,112,144,0,7,1.0
textures\shadow unit square 16x32.tga,shadow unit square 16x32.tga,16,32,512,RGBA,True,12,500,0,11,2.0
textures\shadow unit square 32x32.tga,shadow unit square 32x32.tga,32,32,1024,RGBA,True,48,976,0,19,4.0
textures\shadow unit sword bearers 32x64.tga,shadow unit sword bearers 32x64.tga,32,64,2048,RGBA,True,1089,959,0,69,8.0
textures\shadow unit thors hammer cart 32x64.tga,shadow unit thors hammer cart 32x64.tga,32,64,2048,RGBA,True,883,1165,0,78,8.0
textures\shadow unit thors hammer dwarfs carry 32x64.tga,shadow unit thors hammer dwarfs carry 32x64.tga,32,64,2048,RGBA,True,1316,732,0,57,8.0
textures\shadow unit thors hammer laying down 32x64.tga,shadow unit thors hammer laying down 32x64.tga,32,64,2048,RGBA,True,1131,917,0,56,8.0
textures\shockwall.tga,shockwall.tga,64,64,4096,RGBA,True,0,0,4096,1,16.0
textures\siege c fire lance bronze.tga,siege c fire lance bronze.tga,64,64,4096,RGBA,True,2626,477,993,99,16.0
textures\siege c fire lance head bronze.tga,siege c fire lance head bronze.tga,64,32,2048,RGBA,True,1931,37,80,18,8.0
textures\siege c fire lance head iron.tga,siege c fire lance head iron.tga,64,32,2048,RGBA,True,1931,37,80,18,8.0
textures\siege c fire lance head.tga,siege c fire lance head.tga,64,32,2048,RGBA,True,1931,37,80,18,8.0
textures\siege c fire lance icon.tga,siege c fire lance icon.tga,64,64,4096,RGBA,True,0,0,4096,1,16.0
textures\siege c fire lance iron.tga,siege c fire lance iron.tga,64,64,4096,RGBA,True,2862,642,592,102,16.0
textures\siege c fire lance.tga,siege c fire lance.tga,64,64,4096,RGBA,True,2632,471,993,100,16.0
textures\siege c sitting tiger icon.tga,siege c sitting tiger icon.tga,64,64,4096,RGBA,True,0,0,4096,1,16.0
textures\siege c sitting tiger iron.tga,siege c sitting tiger iron.tga,64,64,4096,RGBA,True,3851,0,245,2,16.0
textures\siege c sitting tiger projectile.tga,siege c sitting tiger projectile.tga,32,32,1024,RGBA,True,0,0,1024,1,4.0
textures\siege c sitting tiger.tga,siege c sitting tiger.tga,64,64,4096,RGBA,True,3851,0,245,2,16.0
textures\siege e catapult corpse bodya.tga,siege e catapult corpse bodya.tga,64,64,4096,RGBA,True,2796,1300,0,2,16.0
textures\siege e catapult iron.tga,siege e catapult iron.tga,64,64,4096,RGBA,True,3825,0,271,2,16.0
textures\siege e catapult projectile.tga,siege e catapult projectile.tga,32,32,1024,RGBA,True,1024,0,0,1,4.0
textures\siege e catapult skeletona.tga,siege e catapult skeletona.tga,64,64,4096,RGBA,True,2125,1971,0,164,16.0
textures\siege e catapult.tga,siege e catapult.tga,64,64,4096,RGBA,True,3825,0,271,2,16.0
textures\siege e tower corpse bodya.tga,siege e tower corpse bodya.tga,64,64,4096,RGBA,True,1996,2100,0,125,16.0
textures\siege e tower iron.tga,siege e tower iron.tga,256,128,32768,RGBA,True,23231,38,9499,3,128.0
textures\siege e tower skeletona.tga,siege e tower skeletona.tga,64,64,4096,RGBA,True,2438,1658,0,112,16.0
textures\siege e tower.tga,siege e tower.tga,256,128,32768,RGBA,True,23231,38,9499,3,128.0
textures\siege g helepolis corpse bodya.tga,siege g helepolis corpse bodya.tga,128,128,16384,RGBA,True,6771,9613,0,195,64.0
textures\siege g helepolis iron.tga,siege g helepolis iron.tga,256,128,32768,RGBA,True,31587,78,1103,3,128.0
textures\siege g helepolis skeletona.tga,siege g helepolis skeletona.tga,128,128,16384,RGBA,True,7474,8910,0,185,64.0
textures\siege g helepolis.tga,siege g helepolis.tga,256,128,32768,RGBA,True,31587,78,1103,3,128.0
textures\siege g petrobolos corpse bodya.tga,siege g petrobolos corpse bodya.tga,64,64,4096,RGBA,True,2192,1904,0,160,16.0
textures\siege g petrobolos iron.tga,siege g petrobolos iron.tga,64,64,4096,RGBA,True,3866,0,230,2,16.0
textures\siege g petrobolos low.tga,siege g petrobolos low.tga,64,64,4096,RGBA,True,4024,10,62,3,16.0
textures\siege g petrobolos projectile.tga,siege g petrobolos projectile.tga,32,32,1024,RGBA,True,0,0,1024,1,4.0
textures\siege g petrobolos skeletona.tga,siege g petrobolos skeletona.tga,64,64,4096,RGBA,True,2685,1411,0,143,16.0
textures\siege g petrobolos tire low.tga,siege g petrobolos tire low.tga,16,16,256,RGBA,True,75,0,181,2,1.0
textures\siege g petrobolos.tga,siege g petrobolos.tga,64,64,4096,RGBA,True,3866,0,230,2,16.0
textures\siege g trojan horse wood shadows a.tga,siege g trojan horse wood shadows a.tga,64,128,8192,RGBA,True,6222,1970,0,103,32.0
textures\siege g trojan horse wood shadows b.tga,siege g trojan horse wood shadows b.tga,64,128,8192,RGBA,True,3029,5163,0,118,32.0
textures\siege g trojan horse wood shadows c.tga,siege g trojan horse wood shadows c.tga,64,128,8192,RGBA,True,2080,6112,0,105,32.0
textures\siege g trojan horse.tga,siege g trojan horse.tga,256,256,65536,RGBA,True,0,0,65536,1,256.0
textures\siege n ballista bolt iron.tga,siege n ballista bolt iron.tga,64,16,1024,RGBA,True,936,0,88,2,4.0
textures\siege n ballista bolt.tga,siege n ballista bolt.tga,64,16,1024,RGBA,True,936,0,88,2,4.0
textures\siege n ballista corpse bodya.tga,siege n ballista corpse bodya.tga,64,64,4096,RGBA,True,2652,1444,0,142,16.0
textures\siege n ballista iron.tga,siege n ballista iron.tga,64,64,4096,RGBA,True,3927,0,169,2,16.0
textures\siege n ballista map.tga,siege n ballista map.tga,256,256,65536,RGBA,True,63752,10,1774,3,256.0
textures\siege n ballista skeletona.tga,siege n ballista skeletona.tga,64,64,4096,RGBA,True,2880,1216,0,121,16.0
textures\siege n ballista.tga,siege n ballista.tga,64,64,4096,RGBA,True,3927,0,169,2,16.0
textures\siege n catapult map.tga,siege n catapult map.tga,256,256,65536,RGBA,True,15681,162,49693,3,256.0
textures\siege n ram corpse bodya.tga,siege n ram corpse bodya.tga,32,32,1024,RGBA,True,640,384,0,61,4.0
textures\siege n ram iron.tga,siege n ram iron.tga,128,128,16384,RGBA,True,15464,11,909,3,64.0
textures\siege n ram ring iron.tga,siege n ram ring iron.tga,32,32,1024,RGBA,True,483,44,497,3,4.0
textures\siege n ram ring.tga,siege n ram ring.tga,32,32,1024,RGBA,True,483,44,497,3,4.0
textures\siege n ram skeletona.tga,siege n ram skeletona.tga,32,32,1024,RGBA,True,635,389,0,61,4.0
textures\siege n ram.tga,siege n ram.tga,128,128,16384,RGBA,True,15464,11,909,3,64.0
textures\siege n tower map.tga,siege n tower map.tga,256,256,65536,RGBA,True,34072,190,31274,3,256.0
textures\siege x chieroballista corpse bodya.tga,siege x chieroballista corpse bodya.tga,64,64,4096,RGBA,True,2975,1121,0,137,16.0
textures\siege x chieroballista corpse skeletona.tga,siege x chieroballista corpse skeletona.tga,64,64,4096,RGBA,True,2915,1181,0,113,16.0
textures\siege x chieroballista downgrade.tga,siege x chieroballista downgrade.tga,128,128,16384,RGBA,True,15659,21,704,3,64.0
textures\siege x chieroballista man upgrade.tga,siege x chieroballista man upgrade.tga,64,64,4096,RGBA,True,3319,38,739,3,16.0
textures\siege x chieroballista man.tga,siege x chieroballista man.tga,64,64,4096,RGBA,True,3319,38,739,3,16.0
textures\siege x chieroballista.tga,siege x chieroballista.tga,128,128,16384,RGBA,True,15659,21,704,3,64.0
textures\siege x fire siphon corpse bodya.tga,siege x fire siphon corpse bodya.tga,64,64,4096,RGBA,True,2492,1604,0,2,16.0
textures\siege x fire siphon corpse skeletona.tga,siege x fire siphon corpse skeletona.tga,64,64,4096,RGBA,True,3109,987,0,2,16.0
textures\siege x fire siphon shadow.tga,siege x fire siphon shadow.tga,32,32,1024,RGBA,True,526,498,0,15,4.0
textures\siege x fire siphon upgrade.tga,siege x fire siphon upgrade.tga,128,128,16384,RGBA,True,15962,26,396,3,64.0
textures\siege x fire siphon.tga,siege x fire siphon.tga,128,128,16384,RGBA,True,15962,26,396,3,64.0
textures\siege x onager iron.tga,siege x onager iron.tga,64,64,4096,RGBA,True,3970,4,122,4,16.0
textures\siege x onager.tga,siege x onager.tga,64,64,4096,RGBA,True,3970,4,122,4,16.0
textures\single wave.tga,single wave.tga,128,64,8192,RGBA,True,3351,4841,0,93,32.0
textures\skyboxbluesky.tga,skyboxbluesky.tga,256,256,65536,RGBA,True,0,0,65536,1,256.0
textures\skyboxbluesky_bk.tga,skyboxbluesky_bk.tga,256,256,65536,RGBA,True,0,0,65536,1,256.0
textures\skyboxbluesky_bk2.tga,skyboxbluesky_bk2.tga,256,256,65536,RGBA,True,0,0,65536,1,256.0
textures\skyboxbluesky_dn.tga,skyboxbluesky_dn.tga,32,32,1024,RGBA,True,0,0,1024,1,4.0
textures\skyboxbluesky_fr.tga,skyboxbluesky_fr.tga,256,256,65536,RGBA,True,0,0,65536,1,256.0
textures\skyboxbluesky_fr2.tga,skyboxbluesky_fr2.tga,256,256,65536,RGBA,True,0,0,65536,1,256.0
textures\skyboxbluesky_lf.tga,skyboxbluesky_lf.tga,256,256,65536,RGBA,True,0,0,65536,1,256.0
textures\skyboxbluesky_lf2.tga,skyboxbluesky_lf2.tga,256,256,65536,RGBA,True,0,0,65536,1,256.0
textures\skyboxbluesky_rt.tga,skyboxbluesky_rt.tga,256,256,65536,RGBA,True,0,0,65536,1,256.0
textures\skyboxbluesky_rt2.tga,skyboxbluesky_rt2.tga,256,256,65536,RGBA,True,0,0,65536,1,256.0
textures\skyboxstormy_bk.tga,skyboxstormy_bk.tga,256,256,65536,RGBA,True,0,0,65536,1,256.0
textures\skyboxstormy_bk2.tga,skyboxstormy_bk2.tga,256,256,65536,RGBA,True,0,0,65536,1,256.0
textures\skyboxstormy_dn.tga,skyboxstormy_dn.tga,32,32,1024,RGBA,True,0,0,1024,1,4.0
textures\skyboxstormy_fr.tga,skyboxstormy_fr.tga,256,256,65536,RGBA,True,0,0,65536,1,256.0
textures\skyboxstormy_fr2.tga,skyboxstormy_fr2.tga,256,256,65536,RGBA,True,0,0,65536,1,256.0
textures\skyboxstormy_lf.tga,skyboxstormy_lf.tga,256,256,65536,RGBA,True,0,0,65536,1,256.0
textures\skyboxstormy_lf2.tga,skyboxstormy_lf2.tga,256,256,65536,RGBA,True,0,0,65536,1,256.0
textures\skyboxstormy_rt.tga,skyboxstormy_rt.tga,256,256,65536,RGBA,True,0,0,65536,1,256.0
textures\skyboxstormy_rt2.tga,skyboxstormy_rt2.tga,256,256,65536,RGBA,True,0,0,65536,1,256.0
textures\skyboxsunset_bk.tga,skyboxsunset_bk.tga,256,256,65536,RGBA,True,0,0,65536,1,256.0
textures\skyboxsunset_bk2.tga,skyboxsunset_bk2.tga,256,256,65536,RGBA,True,0,0,65536,1,256.0
textures\skyboxsunset_dn.tga,skyboxsunset_dn.tga,32,32,1024,RGBA,True,0,0,1024,1,4.0
textures\skyboxsunset_fr.tga,skyboxsunset_fr.tga,256,256,65536,RGBA,True,0,0,65536,1,256.0
textures\skyboxsunset_fr2.tga,skyboxsunset_fr2.tga,256,256,65536,RGBA,True,0,0,65536,1,256.0
textures\skyboxsunset_lf.tga,skyboxsunset_lf.tga,256,256,65536,RGBA,True,0,0,65536,1,256.0
textures\skyboxsunset_lf2.tga,skyboxsunset_lf2.tga,256,256,65536,RGBA,True,0,0,65536,1,256.0
textures\skyboxsunset_rt.tga,skyboxsunset_rt.tga,256,256,65536,RGBA,True,0,0,65536,1,256.0
textures\skyboxsunset_rt2.tga,skyboxsunset_rt2.tga,256,256,65536,RGBA,True,0,0,65536,1,256.0
textures\skyboxsunset_up.tga,skyboxsunset_up.tga,32,32,1024,RGBA,True,0,0,1024,1,4.0
textures\skyboxwinter_bk.tga,skyboxwinter_bk.tga,256,256,65536,RGBA,True,0,0,65536,1,256.0
textures\skyboxwinter_bk2.tga,skyboxwinter_bk2.tga,256,256,65536,RGBA,True,0,0,65536,1,256.0
textures\skyboxwinter_fr.tga,skyboxwinter_fr.tga,256,256,65536,RGBA,True,0,0,65536,1,256.0
textures\skyboxwinter_fr2.tga,skyboxwinter_fr2.tga,256,256,65536,RGBA,True,0,0,65536,1,256.0
textures\skyboxwinter_lf.tga,skyboxwinter_lf.tga,256,256,65536,RGBA,True,0,0,65536,1,256.0
textures\skyboxwinter_lf2.tga,skyboxwinter_lf2.tga,256,256,65536,RGBA,True,0,0,65536,1,256.0
textures\skyboxwinter_rt.tga,skyboxwinter_rt.tga,256,256,65536,RGBA,True,0,0,65536,1,256.0
textures\skyboxwinter_rt2.tga,skyboxwinter_rt2.tga,256,256,65536,RGBA,True,0,0,65536,1,256.0
textures\sliderbutton0.tga,sliderbutton0.tga,32,32,1024,RGBA,True,0,1024,0,1,4.0
textures\sliderbutton0v.tga,sliderbutton0v.tga,32,32,1024,RGBA,True,0,1024,0,1,4.0
textures\sliderbutton1.tga,sliderbutton1.tga,32,32,1024,RGBA,True,0,1024,0,1,4.0
textures\sliderbutton1v.tga,sliderbutton1v.tga,32,32,1024,RGBA,True,0,1024,0,4,4.0
textures\sliderbutton2.tga,sliderbutton2.tga,32,32,1024,RGBA,True,0,1024,0,1,4.0
textures\sliderbutton2v.tga,sliderbutton2v.tga,32,32,1024,RGBA,True,0,1024,0,1,4.0
textures\sliderbutton3.tga,sliderbutton3.tga,32,32,1024,RGBA,True,0,1024,0,1,4.0
textures\sliderbutton3v.tga,sliderbutton3v.tga,32,32,1024,RGBA,True,0,1024,0,2,4.0
textures\sliderpip.tga,sliderpip.tga,32,32,1024,RGBA,True,518,506,0,22,4.0
textures\slider_horiz.tga,slider_horiz.tga,64,16,1024,RGBA,True,0,1024,0,1,4.0
textures\slider_vert.tga,slider_vert.tga,16,64,1024,RGBA,True,0,1024,0,1,4.0
textures\snowflake.tga,snowflake.tga,32,32,1024,RGBA,True,238,786,0,141,4.0
textures\softblendcorner.tga,softblendcorner.tga,32,32,1024,RGBA,True,0,0,1024,1,4.0
textures\softblendedge.tga,softblendedge.tga,32,32,1024,RGBA,True,0,0,1024,1,4.0
textures\softblendlshape.tga,softblendlshape.tga,32,32,1024,RGBA,True,0,0,1024,1,4.0
textures\spc x gaia tree decal.tga,spc x gaia tree decal.tga,256,256,65536,RGBA,True,22379,43157,0,243,256.0
textures\spc x gaia tree shadow.tga,spc x gaia tree shadow.tga,256,256,65536,RGBA,True,22379,43157,0,243,256.0
textures\spc x gaia tree.tga,spc x gaia tree.tga,256,256,65536,RGBA,True,20229,1013,44294,3,256.0
textures\special a snowman.tga,special a snowman.tga,64,64,4096,RGBA,True,0,0,4096,1,16.0
textures\special c azure dragon head.tga,special c azure dragon head.tga,256,128,32768,RGBA,True,5369,1181,26218,206,128.0
textures\special c azure dragon icon.tga,special c azure dragon icon.tga,64,64,4096,RGBA,True,0,0,4096,1,16.0
textures\special c azure dragon.tga,special c azure dragon.tga,256,128,32768,RGBA,True,26643,1267,4858,189,128.0
textures\special c dragon turtle head.tga,special c dragon turtle head.tga,128,128,16384,RGBA,True,1504,322,14558,120,64.0
textures\special c dragon turtle icon.tga,special c dragon turtle icon.tga,64,64,4096,RGBA,True,0,0,4096,1,16.0
textures\special c dragon turtle.tga,special c dragon turtle.tga,256,256,65536,RGBA,True,60633,1062,3841,143,256.0
textures\special c earth dragon b.tga,special c earth dragon b.tga,256,256,65536,RGBA,True,23322,20,42194,4,256.0
textures\special c earth dragon icon.tga,special c earth dragon icon.tga,64,64,4096,RGBA,True,0,0,4096,1,16.0
textures\special c earth dragon.tga,special c earth dragon.tga,256,256,65536,RGBA,True,40836,2725,21975,243,256.0
textures\special c jiangshi head.tga,special c jiangshi head.tga,32,32,1024,RGBA,True,638,166,220,33,4.0
textures\special c jiangshi icon.tga,special c jiangshi icon.tga,64,64,4096,RGBA,True,0,0,4096,1,16.0
textures\special c jiangshi.tga,special c jiangshi.tga,128,128,16384,RGBA,True,5900,996,9488,81,64.0
textures\special c monkey king icon.tga,special c monkey king icon.tga,64,64,4096,RGBA,True,0,0,4096,1,16.0
textures\special c monkey king.tga,special c monkey king.tga,128,256,32768,RGBA,True,26095,1318,5355,175,128.0
textures\special c pixiu icon.tga,special c pixiu icon.tga,64,64,4096,RGBA,True,0,0,4096,1,16.0
textures\Special C Pixiu.tga,Special C Pixiu.tga,512,256,131072,RGBA,True,121102,2101,7869,232,512.0
textures\special c qilin icon.tga,special c qilin icon.tga,64,64,4096,RGBA,True,0,0,4096,1,16.0
textures\special c salamander.tga,special c salamander.tga,128,128,16384,RGBA,True,14660,1297,427,153,64.0
textures\special c terracotta soldier head.tga,special c terracotta soldier head.tga,32,32,1024,RGBA,True,907,37,80,18,4.0
textures\special c terracotta soldier icon.tga,special c terracotta soldier icon.tga,64,64,4096,RGBA,True,0,0,4096,1,16.0
textures\special c terracotta soldier.tga,special c terracotta soldier.tga,128,128,16384,RGBA,True,14216,264,1904,8,64.0
textures\special c vermilion bird icon.tga,special c vermilion bird icon.tga,64,64,4096,RGBA,True,0,0,4096,1,16.0
textures\special c vermillion bird wing alpha.tga,special c vermillion bird wing alpha.tga,256,128,32768,RGBA,True,27559,2857,2352,244,128.0
textures\special c vermillion bird wing.tga,special c vermillion bird wing.tga,256,128,32768,RGBA,True,27559,2857,2352,244,128.0
textures\special c vermillion bird.tga,special c vermillion bird.tga,256,256,65536,RGBA,True,63606,627,1303,111,256.0
textures\special c war salamander icon.tga,special c war salamander icon.tga,64,64,4096,RGBA,True,0,0,4096,1,16.0
textures\special c white tiger icon.tga,special c white tiger icon.tga,64,64,4096,RGBA,True,0,0,4096,1,16.0
textures\special e anubite corpse bodya.tga,special e anubite corpse bodya.tga,64,64,4096,RGBA,True,2961,1135,0,122,16.0
textures\special e anubite corpse skeletona.tga,special e anubite corpse skeletona.tga,64,64,4096,RGBA,True,3480,616,0,38,16.0
textures\special e anubite iron.tga,special e anubite iron.tga,128,128,16384,RGBA,True,11703,78,4603,3,64.0
textures\special e anubite.tga,special e anubite.tga,128,128,16384,RGBA,True,11577,84,4723,3,64.0
textures\special e anubite[pixelxform1].tga,special e anubite[pixelxform1].tga,128,128,16384,RGBA,True,0,0,16384,1,64.0
textures\special e apep map.tga,special e apep map.tga,128,128,16384,RGBA,True,14808,73,1503,3,64.0
textures\special e avenger corpse bodya.tga,special e avenger corpse bodya.tga,64,64,4096,RGBA,True,2393,1703,0,121,16.0
textures\special e avenger corpse skeletona.tga,special e avenger corpse skeletona.tga,64,64,4096,RGBA,True,3098,998,0,153,16.0
textures\special e avenger map.tga,special e avenger map.tga,128,128,16384,RGBA,True,12882,22,3480,3,64.0
textures\special e avenger.tga,special e avenger.tga,128,128,16384,RGBA,True,0,0,16384,1,64.0
textures\special e leviathan fins.tga,special e leviathan fins.tga,128,128,16384,RGBA,True,5831,10553,0,195,64.0
textures\special e leviathan map.tga,special e leviathan map.tga,256,256,65536,RGBA,True,13732,330,51474,3,256.0
textures\special e minion map.tga,special e minion map.tga,64,64,4096,RGBA,True,809,60,3227,3,16.0
textures\special e mummy flies breath.tga,special e mummy flies breath.tga,32,32,1024,RGBA,True,863,20,141,3,4.0
textures\special e mummy flies.tga,special e mummy flies.tga,32,32,1024,RGBA,True,975,10,39,3,4.0
textures\special e mummy map.tga,special e mummy map.tga,64,64,4096,RGBA,True,4041,10,45,3,16.0
textures\special e petesuchos arrow.tga,special e petesuchos arrow.tga,32,16,512,RGBA,True,0,0,512,1,2.0
textures\special e petesuchos ball glow.tga,special e petesuchos ball glow.tga,32,32,1024,RGBA,True,0,0,1024,1,4.0
textures\special e petesuchos beam.tga,special e petesuchos beam.tga,32,32,1024,RGBA,True,0,0,1024,1,4.0
textures\special e petesuchos corpse bodya.tga,special e petesuchos corpse bodya.tga,32,64,2048,RGBA,True,1122,926,0,82,8.0
textures\special e petesuchos corpse skeletona.tga,special e petesuchos corpse skeletona.tga,32,64,2048,RGBA,True,1615,433,0,75,8.0
textures\special e petesuchos.tga,special e petesuchos.tga,128,128,16384,RGBA,True,15668,0,716,2,64.0
textures\special e pharaoh corpse bodya.tga,special e pharaoh corpse bodya.tga,32,32,1024,RGBA,True,592,432,0,71,4.0
textures\special e pharaoh head.tga,special e pharaoh head.tga,64,32,2048,RGBA,True,1470,60,518,3,8.0
textures\special e pharaoh skeletona.tga,special e pharaoh skeletona.tga,32,32,1024,RGBA,True,757,267,0,58,4.0
textures\special e pharaoh.tga,special e pharaoh.tga,64,64,4096,RGBA,True,3790,47,259,3,16.0
textures\special e phoenix egg.tga,special e phoenix egg.tga,64,64,4096,RGBA,True,3584,0,512,2,16.0
textures\special e phoenix shockwave.tga,special e phoenix shockwave.tga,128,128,16384,RGBA,True,0,0,16384,1,64.0
textures\special e phoenix.tga,special e phoenix.tga,64,64,4096,RGBA,True,0,0,4096,1,16.0
textures\special e priest corpse bodya.tga,special e priest corpse bodya.tga,32,32,1024,RGBA,True,602,422,0,77,4.0
textures\special e priest head.tga,special e priest head.tga,32,16,512,RGBA,True,428,0,84,2,2.0
textures\special e priest skeletona.tga,special e priest skeletona.tga,32,32,1024,RGBA,True,760,264,0,53,4.0
textures\special e priest staff.tga,special e priest staff.tga,64,8,512,RGBA,True,24,0,488,2,2.0
textures\special e priest.tga,special e priest.tga,64,64,4096,RGBA,True,3226,48,822,3,16.0
textures\special e roc basket.tga,special e roc basket.tga,128,128,16384,RGBA,True,15769,0,615,2,64.0
textures\special e roc.tga,special e roc.tga,128,128,16384,RGBA,True,16384,0,0,1,64.0
textures\special e scarab blood.tga,special e scarab blood.tga,32,32,1024,RGBA,True,216,808,0,128,4.0
textures\special e scarab corpse bodya.tga,special e scarab corpse bodya.tga,128,128,16384,RGBA,True,9016,7368,0,153,64.0
textures\special e scarab corpse skeletona.tga,special e scarab corpse skeletona.tga,128,128,16384,RGBA,True,11904,4480,0,196,64.0
textures\special e scarab map.tga,special e scarab map.tga,128,128,16384,RGBA,True,16025,22,337,3,64.0
textures\special e scorpion corpse bodya.tga,special e scorpion corpse bodya.tga,64,64,4096,RGBA,True,2205,1891,0,105,16.0
textures\special e scorpion corpse skeletona.tga,special e scorpion corpse skeletona.tga,64,64,4096,RGBA,True,3016,1080,0,122,16.0
textures\special e scorpion man head.tga,special e scorpion man head.tga,32,32,1024,RGBA,True,1024,0,0,1,4.0
textures\special e scorpion man upgrade.tga,special e scorpion man upgrade.tga,128,128,16384,RGBA,True,14865,5,1514,3,64.0
textures\special e scorpion man.tga,special e scorpion man.tga,128,128,16384,RGBA,True,14865,5,1514,3,64.0
textures\special e sphinx corpse bodya.tga,special e sphinx corpse bodya.tga,64,64,4096,RGBA,True,2365,1731,0,119,16.0
textures\special e sphinx corpse skeletona.tga,special e sphinx corpse skeletona.tga,64,64,4096,RGBA,True,3225,871,0,153,16.0
textures\special e sphinx tornado.tga,special e sphinx tornado.tga,128,128,16384,RGBA,True,614,15770,0,210,64.0
textures\special e sphinx.tga,special e sphinx.tga,128,128,16384,RGBA,True,15434,49,901,3,64.0
textures\special e vulture map.tga,special e vulture map.tga,64,64,4096,RGBA,True,783,48,3265,3,16.0
textures\special e wadjet corpse bodya.tga,special e wadjet corpse bodya.tga,64,64,4096,RGBA,True,2433,1663,0,97,16.0
textures\special e wadjet corpse skeletona.tga,special e wadjet corpse skeletona.tga,64,64,4096,RGBA,True,3102,994,0,140,16.0
textures\special e wadjet.tga,special e wadjet.tga,128,128,16384,RGBA,True,4712,286,11386,3,64.0
textures\special g agamemnon head statue.tga,special g agamemnon head statue.tga,64,64,4096,RGBA,True,0,0,4096,1,16.0
textures\special g agamemnon head.tga,special g agamemnon head.tga,64,64,4096,RGBA,True,0,0,4096,1,16.0
textures\special g agamemnon statue.tga,special g agamemnon statue.tga,128,128,16384,RGBA,True,0,0,16384,1,64.0
textures\special g agamemnon.tga,special g agamemnon.tga,128,128,16384,RGBA,True,14443,65,1876,3,64.0
textures\special g athena head.tga,special g athena head.tga,128,64,8192,RGBA,True,0,0,8192,1,32.0
textures\special g athena.tga,special g athena.tga,128,128,16384,RGBA,True,15198,38,1148,3,64.0
textures\special g carcinos.tga,special g carcinos.tga,128,128,16384,RGBA,True,15687,136,561,3,64.0
textures\special g centaur corpse bodya.tga,special g centaur corpse bodya.tga,64,64,4096,RGBA,True,2156,1940,0,109,16.0
textures\special g centaur corpse skeletona.tga,special g centaur corpse skeletona.tga,64,64,4096,RGBA,True,3051,1045,0,145,16.0
textures\special g centaur head upgrade.tga,special g centaur head upgrade.tga,32,32,1024,RGBA,True,921,0,103,2,4.0
textures\special g centaur head.tga,special g centaur head.tga,32,32,1024,RGBA,True,0,0,1024,1,4.0
textures\special g centaur low.tga,special g centaur low.tga,128,64,8192,RGBA,True,8008,0,184,2,32.0
textures\special g centaur upgrade.tga,special g centaur upgrade.tga,64,64,4096,RGBA,True,3906,0,190,2,16.0
textures\special g centaur.tga,special g centaur.tga,64,64,4096,RGBA,True,3906,0,190,2,16.0
textures\special g chimera corpse bodya.tga,special g chimera corpse bodya.tga,64,64,4096,RGBA,True,2196,1900,0,105,16.0
textures\special g chimera corpse skeletona.tga,special g chimera corpse skeletona.tga,32,32,1024,RGBA,True,635,389,0,61,4.0
textures\special g chimera map.tga,special g chimera map.tga,64,64,4096,RGBA,True,3778,26,292,3,16.0
textures\special g chimera tail.tga,special g chimera tail.tga,64,64,4096,RGBA,True,3493,5,598,3,16.0
textures\special g chimera.tga,special g chimera.tga,128,128,16384,RGBA,True,16167,37,180,3,64.0
textures\special g colossus gold.tga,special g colossus gold.tga,128,128,16384,RGBA,True,0,0,16384,1,64.0
textures\special g colossus map.tga,special g colossus map.tga,128,128,16384,RGBA,True,13881,90,2413,3,64.0
textures\special g colossus silver.tga,special g colossus silver.tga,128,128,16384,RGBA,True,0,0,16384,1,64.0
textures\special g colossus sword.tga,special g colossus sword.tga,32,16,512,RGBA,True,0,0,512,1,2.0
textures\special g cyclops corpse bodya.tga,special g cyclops corpse bodya.tga,64,64,4096,RGBA,True,2298,1798,0,83,16.0
textures\special g cyclops corpse skeletona.tga,special g cyclops corpse skeletona.tga,64,64,4096,RGBA,True,3062,1034,0,120,16.0
textures\special g cyclops low.tga,special g cyclops low.tga,64,64,4096,RGBA,True,0,0,4096,1,16.0
textures\special g cyclops map.tga,special g cyclops map.tga,128,128,16384,RGBA,True,15673,33,678,3,64.0
textures\special g cyclops upgrade.tga,special g cyclops upgrade.tga,128,128,16384,RGBA,True,15600,0,784,2,64.0
textures\special g cyclops.tga,special g cyclops.tga,128,128,16384,RGBA,True,15600,0,784,2,64.0
textures\special g giant turtle.tga,special g giant turtle.tga,256,256,65536,RGBA,True,56735,8801,0,244,256.0
textures\special g golem map.tga,special g golem map.tga,256,256,65536,RGBA,True,62819,80,2637,22,256.0
textures\special g harpy map.tga,special g harpy map.tga,64,64,4096,RGBA,True,304,71,3721,3,16.0
textures\special g hippocampus.tga,special g hippocampus.tga,128,128,16384,RGBA,True,10360,69,5955,3,64.0
textures\special g hydra corpse bodya.tga,special g hydra corpse bodya.tga,128,128,16384,RGBA,True,7875,8509,0,160,64.0
textures\special g hydra corpse skeletona.tga,special g hydra corpse skeletona.tga,128,128,16384,RGBA,True,12918,3466,0,187,64.0
textures\special g hydra land.tga,special g hydra land.tga,256,256,65536,RGBA,True,64096,47,1393,3,256.0
textures\special g hydra map.tga,special g hydra map.tga,128,128,16384,RGBA,True,16097,90,197,3,64.0
textures\special g hydra statue.tga,special g hydra statue.tga,256,256,65536,RGBA,True,0,0,65536,1,256.0
textures\special g manticore barbs.tga,special g manticore barbs.tga,32,16,512,RGBA,True,377,5,130,3,2.0
textures\special g manticore corpse bodya.tga,special g manticore corpse bodya.tga,32,64,2048,RGBA,True,923,1125,0,63,8.0
textures\special g manticore corpse skeletona.tga,special g manticore corpse skeletona.tga,32,64,2048,RGBA,True,1306,742,0,142,8.0
textures\special g manticore statue.tga,special g manticore statue.tga,512,512,262144,RGBA,True,0,0,262144,1,1024.0
textures\special g manticore wing statue.tga,special g manticore wing statue.tga,256,256,65536,RGBA,True,34542,30994,0,235,256.0
textures\special g manticore wing.tga,special g manticore wing.tga,64,64,4096,RGBA,True,1826,2270,0,170,16.0
textures\special g manticore.tga,special g manticore.tga,128,128,16384,RGBA,True,15685,51,648,3,64.0
textures\special g medusa corpse bodya.tga,special g medusa corpse bodya.tga,64,64,4096,RGBA,True,2016,2080,0,104,16.0
textures\special g medusa corpse skeletona.tga,special g medusa corpse skeletona.tga,32,32,1024,RGBA,True,635,389,0,61,4.0
textures\special g medusa low map.tga,special g medusa low map.tga,64,64,4096,RGBA,True,3665,49,382,3,16.0
textures\special g medusa map.tga,special g medusa map.tga,64,64,4096,RGBA,True,1374,27,2695,3,16.0
textures\special g medusa upgrade.tga,special g medusa upgrade.tga,128,128,16384,RGBA,True,5079,175,11130,3,64.0
textures\special g medusa.tga,special g medusa.tga,128,128,16384,RGBA,True,5079,175,11130,3,64.0
textures\special g minotaur corpse bodya.tga,special g minotaur corpse bodya.tga,64,64,4096,RGBA,True,2593,1503,0,115,16.0
textures\special g minotaur corpse skeletona.tga,special g minotaur corpse skeletona.tga,64,64,4096,RGBA,True,3108,988,0,161,16.0
textures\special g minotaur.tga,special g minotaur.tga,128,128,16384,RGBA,True,14861,37,1486,3,64.0
textures\special g nemean lion corpse bodya.tga,special g nemean lion corpse bodya.tga,64,64,4096,RGBA,True,2343,1753,0,106,16.0
textures\special g nemean lion corpse skeletona.tga,special g nemean lion corpse skeletona.tga,64,64,4096,RGBA,True,3109,987,0,107,16.0
textures\special g nemean lion soundwave.tga,special g nemean lion soundwave.tga,64,64,4096,RGBA,True,0,0,4096,1,16.0
textures\special g nemean lion statue.tga,special g nemean lion statue.tga,128,128,16384,RGBA,True,0,0,16384,1,64.0
textures\special g nemean lion.tga,special g nemean lion.tga,128,128,16384,RGBA,True,16115,46,223,3,64.0
textures\special g pegasus corpse bodya.tga,special g pegasus corpse bodya.tga,64,64,4096,RGBA,True,1672,2424,0,91,16.0
textures\special g pegasus corpse skeletona.tga,special g pegasus corpse skeletona.tga,64,64,4096,RGBA,True,2638,1458,0,154,16.0
textures\special g pegasus wings.tga,special g pegasus wings.tga,64,64,4096,RGBA,True,3967,129,0,42,16.0
textures\special g pegasus.tga,special g pegasus.tga,128,128,16384,RGBA,True,14988,0,1396,2,64.0
textures\special g polyphemus map.tga,special g polyphemus map.tga,128,128,16384,RGBA,True,0,0,16384,1,64.0
textures\special g scylla map.tga,special g scylla map.tga,128,128,16384,RGBA,True,15821,21,542,3,64.0
textures\special g scylla.tga,special g scylla.tga,256,256,65536,RGBA,True,54698,181,10657,3,256.0
textures\special g sea turtle.tga,special g sea turtle.tga,256,256,65536,RGBA,True,64638,177,721,3,256.0
textures\special g shade.tga,special g shade.tga,64,64,4096,RGBA,True,3664,11,421,3,16.0
textures\special g underworld shade.tga,special g underworld shade.tga,64,64,4096,RGBA,True,0,0,4096,1,16.0
textures\special n battle boar corpse bodya.tga,special n battle boar corpse bodya.tga,64,64,4096,RGBA,True,2429,1667,0,67,16.0
textures\special n battle boar corpse skeletona.tga,special n battle boar corpse skeletona.tga,64,64,4096,RGBA,True,2852,1244,0,100,16.0
textures\special n battle boar.tga,special n battle boar.tga,128,128,16384,RGBA,True,15449,26,909,3,64.0
textures\special n einheriar axe standard.tga,special n einheriar axe standard.tga,32,32,1024,RGBA,True,448,20,556,3,4.0
textures\special n einheriar berserk.tga,special n einheriar berserk.tga,64,64,4096,RGBA,True,0,0,4096,1,16.0
textures\special n einheriar corpse bodya.tga,special n einheriar corpse bodya.tga,64,64,4096,RGBA,True,2511,1585,0,113,16.0
textures\special n einheriar corpse skeletona.tga,special n einheriar corpse skeletona.tga,64,64,4096,RGBA,True,3310,786,0,149,16.0
textures\special n einheriar head.tga,special n einheriar head.tga,64,32,2048,RGBA,True,636,22,1390,3,8.0
textures\special n einheriar horn.tga,special n einheriar horn.tga,32,16,512,RGBA,True,0,0,512,1,2.0
textures\special n einheriar low.tga,special n einheriar low.tga,128,64,8192,RGBA,True,1084,42,7066,3,32.0
textures\special n einheriar upgrade.tga,special n einheriar upgrade.tga,64,64,4096,RGBA,True,3546,0,550,2,16.0
textures\special n einheriar.tga,special n einheriar.tga,64,64,4096,RGBA,True,3546,0,550,2,16.0
textures\special n fenris corpse bodya.tga,special n fenris corpse bodya.tga,64,64,4096,RGBA,True,2545,1551,0,112,16.0
textures\special n fenris corpse skeletona.tga,special n fenris corpse skeletona.tga,64,64,4096,RGBA,True,3153,943,0,159,16.0
textures\special n fenris.tga,special n fenris.tga,128,128,16384,RGBA,True,15678,33,673,3,64.0
textures\special n fire giant footprint map.tga,special n fire giant footprint map.tga,64,64,4096,RGBA,True,1310,2786,0,111,16.0
textures\special n fire giant.tga,special n fire giant.tga,128,128,16384,RGBA,True,15120,11,1253,3,64.0
textures\special n frost giant footprint map.tga,special n frost giant footprint map.tga,64,64,4096,RGBA,True,623,3473,0,191,16.0
textures\special n frost giant footprint01 map.tga,special n frost giant footprint01 map.tga,64,64,4096,RGBA,True,504,3592,0,176,16.0
textures\special n frost giant footprint02 map.tga,special n frost giant footprint02 map.tga,64,64,4096,RGBA,True,782,3314,0,190,16.0
textures\special n frost giant head upgrade.tga,special n frost giant head upgrade.tga,64,64,4096,RGBA,True,0,0,4096,1,16.0
textures\special n frost giant head.tga,special n frost giant head.tga,64,64,4096,RGBA,True,0,0,4096,1,16.0
textures\special n frost giant map.tga,special n frost giant map.tga,128,128,16384,RGBA,True,100,16284,0,212,64.0
textures\special n frost giant mist map.tga,special n frost giant mist map.tga,64,64,4096,RGBA,True,1187,2909,0,57,16.0
textures\special n frost giant upgrade.tga,special n frost giant upgrade.tga,128,128,16384,RGBA,True,15492,31,861,3,64.0
textures\special n frost giant.tga,special n frost giant.tga,128,128,16384,RGBA,True,15492,31,861,3,64.0
textures\special n giant corpse bodya.tga,special n giant corpse bodya.tga,64,64,4096,RGBA,True,2293,1803,0,135,16.0
textures\special n giant corpse skeletona.tga,special n giant corpse skeletona.tga,64,64,4096,RGBA,True,3144,952,0,111,16.0
textures\special n giant corpse.tga,special n giant corpse.tga,64,32,2048,RGBA,True,736,1312,0,155,8.0
textures\special n giant head.tga,special n giant head.tga,64,64,4096,RGBA,True,0,0,4096,1,16.0
textures\special n giant map.tga,special n giant map.tga,64,64,4096,RGBA,True,3925,22,149,3,16.0
textures\special n giant skeleton.tga,special n giant skeleton.tga,64,32,2048,RGBA,True,1360,688,0,109,8.0
textures\special n giant.tga,special n giant.tga,128,128,16384,RGBA,True,15796,15,573,3,64.0
textures\special n jarl cape map.tga,special n jarl cape map.tga,32,32,1024,RGBA,True,884,32,108,3,4.0
textures\special n jormund brood hump.tga,special n jormund brood hump.tga,64,128,8192,RGBA,True,7296,0,896,2,32.0
textures\special n jormund brood.tga,special n jormund brood.tga,128,128,16384,RGBA,True,13853,230,2301,3,64.0
textures\special n king folstag upgrade.tga,special n king folstag upgrade.tga,128,128,16384,RGBA,True,15492,31,861,3,64.0
textures\special n king folstag.tga,special n king folstag.tga,64,64,4096,RGBA,True,4096,0,0,1,16.0
textures\special n raven.tga,special n raven.tga,64,64,4096,RGBA,True,3536,0,560,2,16.0
textures\special n troll bag.tga,special n troll bag.tga,64,32,2048,RGBA,True,1825,20,203,3,8.0
textures\special n troll corpse bodya.tga,special n troll corpse bodya.tga,64,64,4096,RGBA,True,2365,1731,0,135,16.0
textures\special n troll corpse skeletona.tga,special n troll corpse skeletona.tga,64,64,4096,RGBA,True,3203,893,0,108,16.0
textures\special n troll.tga,special n troll.tga,128,128,16384,RGBA,True,15294,10,1080,3,64.0
textures\Special N Trollkarien Map.tga,Special N Trollkarien Map.tga,256,256,65536,RGBA,True,59861,727,4948,141,256.0
textures\special n valkyrie corpse bodya.tga,special n valkyrie corpse bodya.tga,64,64,4096,RGBA,True,2318,1778,0,131,16.0
textures\special n valkyrie corpse skeletona.tga,special n valkyrie corpse skeletona.tga,64,64,4096,RGBA,True,2999,1097,0,102,16.0
textures\special n valkyrie horse map statue.tga,special n valkyrie horse map statue.tga,128,128,16384,RGBA,True,0,0,16384,1,64.0
textures\special n valkyrie horse map.tga,special n valkyrie horse map.tga,128,128,16384,RGBA,True,0,0,16384,1,64.0
textures\special n valkyrie low.tga,special n valkyrie low.tga,128,64,8192,RGBA,True,8192,0,0,1,32.0
textures\special n valkyrie map.tga,special n valkyrie map.tga,128,128,16384,RGBA,True,12911,27,3446,3,64.0
textures\special n valkyrie staute map.tga,special n valkyrie staute map.tga,128,128,16384,RGBA,True,0,0,16384,1,64.0
textures\special n valkyrie upgrade.tga,special n valkyrie upgrade.tga,64,64,4096,RGBA,True,3251,33,812,3,16.0
textures\special x lampades blood.tga,special x lampades blood.tga,32,32,1024,RGBA,True,216,808,0,128,4.0
textures\special x oracle corpse bodya.tga,special x oracle corpse bodya.tga,32,32,1024,RGBA,True,713,311,0,71,4.0
textures\special x oracle corpse skeletona.tga,special x oracle corpse skeletona.tga,32,32,1024,RGBA,True,784,240,0,34,4.0
textures\special x oracle hero.tga,special x oracle hero.tga,64,64,4096,RGBA,True,3216,33,847,3,16.0
textures\special x oracle.tga,special x oracle.tga,64,64,4096,RGBA,True,3216,33,847,3,16.0
textures\special x spider body.tga,special x spider body.tga,128,128,16384,RGBA,True,0,0,16384,1,64.0
textures\special x spider door copy.tga,special x spider door copy.tga,128,128,16384,RGBA,True,0,0,16384,1,64.0
textures\special x spider door.tga,special x spider door.tga,64,64,4096,RGBA,True,744,3352,0,235,16.0
textures\spotlightmc_01.tga,spotlightmc_01.tga,256,128,32768,RGBA,True,0,0,32768,1,128.0
textures\spotlightmc_02.tga,spotlightmc_02.tga,256,128,32768,RGBA,True,0,0,32768,1,128.0
textures\spotlightmc_03.tga,spotlightmc_03.tga,256,128,32768,RGBA,True,0,0,32768,1,128.0
textures\spotlightmc_04.tga,spotlightmc_04.tga,256,128,32768,RGBA,True,0,0,32768,1,128.0
textures\spotlight_01.tga,spotlight_01.tga,256,128,32768,RGBA,True,0,0,32768,1,128.0
textures\spotlight_02.tga,spotlight_02.tga,256,128,32768,RGBA,True,0,0,32768,1,128.0
textures\spotlight_03.tga,spotlight_03.tga,256,128,32768,RGBA,True,0,0,32768,1,128.0
textures\spotlight_04.tga,spotlight_04.tga,256,128,32768,RGBA,True,0,0,32768,1,128.0
textures\spotlight_05.tga,spotlight_05.tga,256,128,32768,RGBA,True,0,0,32768,1,128.0
textures\spotlight_06.tga,spotlight_06.tga,256,128,32768,RGBA,True,0,0,32768,1,128.0
textures\spotlight_07.tga,spotlight_07.tga,256,128,32768,RGBA,True,0,0,32768,1,128.0
textures\spotlight_08.tga,spotlight_08.tga,256,128,32768,RGBA,True,0,0,32768,1,128.0
textures\spotlight_09.tga,spotlight_09.tga,256,128,32768,RGBA,True,0,0,32768,1,128.0
textures\spotlight_10.tga,spotlight_10.tga,256,128,32768,RGBA,True,0,0,32768,1,128.0
textures\spotlight_11.tga,spotlight_11.tga,256,128,32768,RGBA,True,0,0,32768,1,128.0
textures\spotlight_12.tga,spotlight_12.tga,256,128,32768,RGBA,True,0,0,32768,1,128.0
textures\spotlight_13.tga,spotlight_13.tga,256,128,32768,RGBA,True,0,0,32768,1,128.0
textures\spotlight_14.tga,spotlight_14.tga,256,128,32768,RGBA,True,0,0,32768,1,128.0
textures\spotlight_15.tga,spotlight_15.tga,256,128,32768,RGBA,True,0,0,32768,1,128.0
textures\spotlight_16.tga,spotlight_16.tga,256,128,32768,RGBA,True,0,0,32768,1,128.0
textures\spotlight_17.tga,spotlight_17.tga,256,128,32768,RGBA,True,0,0,32768,1,128.0
textures\spotlight_18.tga,spotlight_18.tga,256,128,32768,RGBA,True,0,0,32768,1,128.0
textures\spotlight_19.tga,spotlight_19.tga,256,128,32768,RGBA,True,0,0,32768,1,128.0
textures\spotlight_20.tga,spotlight_20.tga,256,128,32768,RGBA,True,0,0,32768,1,128.0
textures\spotlight_21.tga,spotlight_21.tga,256,128,32768,RGBA,True,0,0,32768,1,128.0
textures\spotlight_22.tga,spotlight_22.tga,256,128,32768,RGBA,True,0,0,32768,1,128.0
textures\spotlight_23.tga,spotlight_23.tga,256,128,32768,RGBA,True,0,0,32768,1,128.0
textures\spotlight_24.tga,spotlight_24.tga,256,128,32768,RGBA,True,0,0,32768,1,128.0
textures\spotlight_25.tga,spotlight_25.tga,256,128,32768,RGBA,True,0,0,32768,1,128.0
textures\spotlight_26.tga,spotlight_26.tga,256,128,32768,RGBA,True,0,0,32768,1,128.0
textures\spotlight_27.tga,spotlight_27.tga,256,128,32768,RGBA,True,0,0,32768,1,128.0
textures\spotlight_28.tga,spotlight_28.tga,256,128,32768,RGBA,True,0,0,32768,1,128.0
textures\spotlight_29.tga,spotlight_29.tga,256,128,32768,RGBA,True,0,0,32768,1,128.0
textures\spotlight_30.tga,spotlight_30.tga,256,128,32768,RGBA,True,0,0,32768,1,128.0
textures\spotlight_31.tga,spotlight_31.tga,256,128,32768,RGBA,True,0,0,32768,1,128.0
textures\spotlight_32.tga,spotlight_32.tga,256,128,32768,RGBA,True,0,0,32768,1,128.0
textures\spotlight_33.tga,spotlight_33.tga,256,128,32768,RGBA,True,0,0,32768,1,128.0
textures\spotlight_34.tga,spotlight_34.tga,256,128,32768,RGBA,True,0,0,32768,1,128.0
textures\spotlight_35.tga,spotlight_35.tga,256,128,32768,RGBA,True,0,0,32768,1,128.0
textures\spotlight_eb.tga,spotlight_eb.tga,256,128,32768,RGBA,True,0,0,32768,1,128.0
textures\spotlight_x01.tga,spotlight_x01.tga,256,128,32768,RGBA,True,0,0,32768,1,128.0
textures\spotlight_x02.tga,spotlight_x02.tga,256,128,32768,RGBA,True,0,0,32768,1,128.0
textures\spotlight_x03.tga,spotlight_x03.tga,256,128,32768,RGBA,True,0,0,32768,1,128.0
textures\spotlight_x04.tga,spotlight_x04.tga,256,128,32768,RGBA,True,0,0,32768,1,128.0
textures\spotlight_x05.tga,spotlight_x05.tga,256,128,32768,RGBA,True,0,0,32768,1,128.0
textures\spotlight_x06.tga,spotlight_x06.tga,256,128,32768,RGBA,True,0,0,32768,1,128.0
textures\spotlight_x07.tga,spotlight_x07.tga,256,128,32768,RGBA,True,0,0,32768,1,128.0
textures\spotlight_x08.tga,spotlight_x08.tga,256,128,32768,RGBA,True,0,0,32768,1,128.0
textures\spotlight_x09.tga,spotlight_x09.tga,256,128,32768,RGBA,True,0,0,32768,1,128.0
textures\spotlight_x10.tga,spotlight_x10.tga,256,128,32768,RGBA,True,0,0,32768,1,128.0
textures\spotlight_x11.tga,spotlight_x11.tga,256,128,32768,RGBA,True,0,0,32768,1,128.0
textures\spotlight_x12.tga,spotlight_x12.tga,256,128,32768,RGBA,True,0,0,32768,1,128.0
textures\spotlight_y01.tga,spotlight_y01.tga,256,128,32768,RGBA,True,0,0,32768,1,128.0
textures\spotlight_y02.tga,spotlight_y02.tga,256,128,32768,RGBA,True,0,0,32768,1,128.0
textures\spotlight_y03.tga,spotlight_y03.tga,256,128,32768,RGBA,True,0,0,32768,1,128.0
textures\spotlight_y04.tga,spotlight_y04.tga,256,128,32768,RGBA,True,0,0,32768,1,128.0
textures\spotlight_y05.tga,spotlight_y05.tga,256,128,32768,RGBA,True,0,0,32768,1,128.0
textures\spotlight_y06.tga,spotlight_y06.tga,256,128,32768,RGBA,True,0,0,32768,1,128.0
textures\spotlight_y07.tga,spotlight_y07.tga,256,128,32768,RGBA,True,0,0,32768,1,128.0
textures\spotlight_y08.tga,spotlight_y08.tga,256,128,32768,RGBA,True,0,0,32768,1,128.0
textures\spotlight_y09.tga,spotlight_y09.tga,256,128,32768,RGBA,True,0,0,32768,1,128.0
textures\sq_shadow.tga,sq_shadow.tga,32,32,1024,RGBA,True,156,868,0,10,4.0
textures\sq_shadow_blue.tga,sq_shadow_blue.tga,32,32,1024,RGBA,True,156,868,0,10,4.0
textures\statue x gaia map.tga,statue x gaia map.tga,128,128,16384,RGBA,True,15491,32,861,3,64.0
textures\statue x kronos map.tga,statue x kronos map.tga,128,128,16384,RGBA,True,16384,0,0,1,64.0
textures\statue x oranos map.tga,statue x oranos map.tga,128,128,16384,RGBA,True,15915,0,469,2,64.0
textures\stormyskybox_bk.tga,stormyskybox_bk.tga,256,256,65536,RGBA,True,0,0,65536,1,256.0
textures\stormyskybox_dn.tga,stormyskybox_dn.tga,256,256,65536,RGBA,True,0,0,65536,1,256.0
textures\stormyskybox_fr.tga,stormyskybox_fr.tga,256,256,65536,RGBA,True,0,0,65536,1,256.0
textures\stormyskybox_lf.tga,stormyskybox_lf.tga,256,256,65536,RGBA,True,0,0,65536,1,256.0
textures\stormyskybox_rt.tga,stormyskybox_rt.tga,256,256,65536,RGBA,True,0,0,65536,1,256.0
textures\stormyskybox_up.tga,stormyskybox_up.tga,256,256,65536,RGBA,True,0,0,65536,1,256.0
textures\strategic map gate 16x16.tga,strategic map gate 16x16.tga,16,16,256,RGBA,True,116,140,0,2,1.0
textures\strategic map wall 16x16.tga,strategic map wall 16x16.tga,16,16,256,RGBA,True,64,192,0,2,1.0
textures\sunsetskybox_bk.tga,sunsetskybox_bk.tga,256,256,65536,RGBA,True,0,0,65536,1,256.0
textures\sunsetskybox_dn.tga,sunsetskybox_dn.tga,256,256,65536,RGBA,True,0,0,65536,1,256.0
textures\sunsetskybox_fr.tga,sunsetskybox_fr.tga,256,256,65536,RGBA,True,0,0,65536,1,256.0
textures\sunsetskybox_lf.tga,sunsetskybox_lf.tga,256,256,65536,RGBA,True,0,0,65536,1,256.0
textures\sunsetskybox_rt.tga,sunsetskybox_rt.tga,256,256,65536,RGBA,True,0,0,65536,1,256.0
textures\sunsetskybox_up.tga,sunsetskybox_up.tga,256,256,65536,RGBA,True,0,0,65536,1,256.0
textures\target.tga,target.tga,8,8,64,RGBA,True,43,21,0,2,0.3
textures\techtree.tga,techtree.tga,16,16,256,RGBA,True,0,0,256,1,1.0
textures\temp santa body.tga,temp santa body.tga,128,128,16384,RGBA,True,15796,15,573,3,64.0
textures\temp santa hat.tga,temp santa hat.tga,64,64,4096,RGBA,True,0,0,4096,1,16.0
textures\temp santa head.tga,temp santa head.tga,64,64,4096,RGBA,True,0,0,4096,1,16.0
textures\terrain cypress decal.tga,terrain cypress decal.tga,32,32,1024,RGBA,True,143,881,0,164,4.0
textures\terrain cypress shadow.tga,terrain cypress shadow.tga,32,32,1024,RGBA,True,143,881,0,164,4.0
textures\terrain e lily pads b.tga,terrain e lily pads b.tga,64,64,4096,RGBA,True,2379,1717,0,146,16.0
textures\terrain e lily pads c.tga,terrain e lily pads c.tga,64,64,4096,RGBA,True,3121,975,0,95,16.0
textures\terrain e lily pads.tga,terrain e lily pads.tga,64,64,4096,RGBA,True,2451,1645,0,8,16.0
textures\terrain e papyrus b.tga,terrain e papyrus b.tga,128,128,16384,RGBA,True,8033,319,8032,3,64.0
textures\terrain e papyrus leaf.tga,terrain e papyrus leaf.tga,64,64,4096,RGBA,True,982,3114,0,170,16.0
textures\terrain e papyrus stalk.tga,terrain e papyrus stalk.tga,128,256,32768,RGBA,True,30531,2237,0,223,128.0
textures\terrain e papyrus.tga,terrain e papyrus.tga,128,128,16384,RGBA,True,7989,331,8064,3,64.0
textures\terrain e rock a.tga,terrain e rock a.tga,128,128,16384,RGBA,True,0,0,16384,1,64.0
textures\terrain e rock formation a.tga,terrain e rock formation a.tga,128,128,16384,RGBA,True,0,0,16384,1,64.0
textures\terrain e shrub a.tga,terrain e shrub a.tga,128,128,16384,RGBA,True,5907,291,10186,3,64.0
textures\terrain e water reeds a.tga,terrain e water reeds a.tga,128,128,16384,RGBA,True,0,0,16384,1,64.0
textures\terrain e water reeds b.tga,terrain e water reeds b.tga,32,64,2048,RGBA,True,0,0,2048,1,8.0
textures\terrain e water reeds.tga,terrain e water reeds.tga,64,64,4096,RGBA,True,2230,58,1808,3,16.0
textures\terrain e water reeds01.tga,terrain e water reeds01.tga,64,128,8192,RGBA,True,2758,330,5104,3,32.0
textures\terrain_e_waterreeds_mapa.tga,terrain_e_waterreeds_mapa.tga,64,64,4096,RGBA,True,1833,2263,0,218,16.0
textures\terrain_e_waterreeds_mapb.tga,terrain_e_waterreeds_mapb.tga,64,64,4096,RGBA,True,1304,2792,0,227,16.0
textures\terrain_e_waterreeds_mapc.tga,terrain_e_waterreeds_mapc.tga,64,64,4096,RGBA,True,2523,1573,0,197,16.0
textures\terrain_largewave_a.tga,terrain_largewave_a.tga,64,64,4096,RGBA,True,0,0,4096,1,16.0
textures\terrain_largewave_b.tga,terrain_largewave_b.tga,64,64,4096,RGBA,True,0,0,4096,1,16.0
textures\terrain_rock_wetsand.tga,terrain_rock_wetsand.tga,128,128,16384,RGBA,True,0,0,16384,1,64.0
textures\terrain_smallwave_a.tga,terrain_smallwave_a.tga,64,64,4096,RGBA,True,0,0,4096,1,16.0
textures\terrain_smallwave_b.tga,terrain_smallwave_b.tga,64,64,4096,RGBA,True,0,0,4096,1,16.0
textures\test flags.tga,test flags.tga,128,128,16384,RGBA,True,3394,122,12868,3,64.0
textures\theocrat map.tga,theocrat map.tga,256,256,65536,RGBA,True,60527,80,4929,3,256.0
textures\timeshift sparkle.tga,timeshift sparkle.tga,64,64,4096,RGBA,True,0,0,4096,1,16.0
textures\timeshift up.tga,timeshift up.tga,32,128,4096,RGBA,True,0,0,4096,1,16.0
textures\titan c pangu.tga,titan c pangu.tga,1024,512,524288,RGBA,True,494903,4174,25211,229,2048.0
textures\titan e ra map.tga,titan e ra map.tga,256,256,65536,RGBA,True,0,0,65536,1,256.0
textures\titan e ra pads map.tga,titan e ra pads map.tga,64,64,4096,RGBA,True,2342,1754,0,172,16.0
textures\titan e ra skirt map.tga,titan e ra skirt map.tga,256,256,65536,RGBA,True,50354,15182,0,239,256.0
textures\titan g cerebus map1.tga,titan g cerebus map1.tga,256,256,65536,RGBA,True,62465,121,2950,3,256.0
textures\titan g cerebus map2.tga,titan g cerebus map2.tga,256,256,65536,RGBA,True,64480,5,1051,3,256.0
textures\titan n troll hammer map.tga,titan n troll hammer map.tga,128,128,16384,RGBA,True,0,0,16384,1,64.0
textures\titan n troll map1.tga,titan n troll map1.tga,256,256,65536,RGBA,True,0,0,65536,1,256.0
textures\titan n troll map2.tga,titan n troll map2.tga,256,256,65536,RGBA,True,62293,5,3238,3,256.0
textures\titan x gaia.tga,titan x gaia.tga,256,256,65536,RGBA,True,63755,1781,0,165,256.0
textures\titan x golem map1.tga,titan x golem map1.tga,256,256,65536,RGBA,True,47860,17676,0,242,256.0
textures\titan x golem map2.tga,titan x golem map2.tga,256,256,65536,RGBA,True,65536,0,0,1,256.0
textures\titan x kronos.tga,titan x kronos.tga,256,256,65536,RGBA,True,64883,70,583,3,256.0
textures\titan x promethean 1.tga,titan x promethean 1.tga,256,256,65536,RGBA,True,60200,254,5082,3,256.0
textures\titan x promethean 2.tga,titan x promethean 2.tga,256,256,65536,RGBA,True,0,0,65536,1,256.0
textures\titlebar.tga,titlebar.tga,32,32,1024,RGBA,True,0,0,1024,1,4.0
textures\tool hammer map.tga,tool hammer map.tga,32,32,1024,RGBA,True,0,0,1024,1,4.0
textures\tower icon 32x32.tga,tower icon 32x32.tga,32,32,1024,RGBA,True,614,410,0,2,4.0
textures\toxotemap.tga,toxotemap.tga,256,256,65536,RGBA,True,57768,58,7710,3,256.0
textures\trade c caravan cargo.tga,trade c caravan cargo.tga,64,64,4096,RGBA,True,3579,355,162,25,16.0
textures\trade c caravan.tga,trade c caravan.tga,128,128,16384,RGBA,True,15176,338,870,83,64.0
textures\trade e caravan basket.tga,trade e caravan basket.tga,128,128,16384,RGBA,True,14907,0,1477,2,64.0
textures\trade e caravan camel.tga,trade e caravan camel.tga,128,128,16384,RGBA,True,15378,16,990,3,64.0
textures\trade e caravan cargo.tga,trade e caravan cargo.tga,64,64,4096,RGBA,True,4096,0,0,1,16.0
textures\trade e caravan corpse bodya.tga,trade e caravan corpse bodya.tga,32,64,2048,RGBA,True,1160,888,0,134,8.0
textures\trade e caravan corpse skeletona.tga,trade e caravan corpse skeletona.tga,32,64,2048,RGBA,True,1634,414,0,74,8.0
textures\trade g caravan cargo.tga,trade g caravan cargo.tga,64,64,4096,RGBA,True,3854,0,242,2,16.0
textures\trade g caravan corpse bodya.tga,trade g caravan corpse bodya.tga,32,32,1024,RGBA,True,471,553,0,94,4.0
textures\trade g caravan corpse skeletona.tga,trade g caravan corpse skeletona.tga,32,32,1024,RGBA,True,711,313,0,88,4.0
textures\trade g caravan donkey.tga,trade g caravan donkey.tga,64,64,4096,RGBA,True,3646,11,439,3,16.0
textures\trade n caravan cargo.tga,trade n caravan cargo.tga,128,128,16384,RGBA,True,15272,90,1022,3,64.0
textures\trade n caravan corpse bodya.tga,trade n caravan corpse bodya.tga,32,32,1024,RGBA,True,405,619,0,96,4.0
textures\trade n caravan corpse skeletona.tga,trade n caravan corpse skeletona.tga,32,32,1024,RGBA,True,550,474,0,76,4.0
textures\trade n caravan ox.tga,trade n caravan ox.tga,128,128,16384,RGBA,True,15008,25,1351,3,64.0
textures\trade x caravan cargo.tga,trade x caravan cargo.tga,32,32,1024,RGBA,True,0,0,1024,1,4.0
textures\trade x caravan.tga,trade x caravan.tga,64,64,4096,RGBA,True,3545,11,540,3,16.0
textures\trash weapon.tga,trash weapon.tga,128,64,8192,RGBA,True,7316,11,865,3,32.0
textures\trash.tga,trash.tga,256,256,65536,RGBA,True,55346,47,10143,3,256.0
textures\Twitch-pause.tga,Twitch-pause.tga,16,16,256,RGBA,True,17,99,140,14,1.0
textures\Twitch-record.tga,Twitch-record.tga,16,16,256,RGBA,True,48,56,152,16,1.0
textures\ui garrison pips.tga,ui garrison pips.tga,128,8,1024,RGBA,True,0,0,1024,1,4.0
textures\ui hitpoint bars.tga,ui hitpoint bars.tga,64,16,1024,RGBA,True,0,0,1024,1,4.0
textures\ui range indicator atlantean.tga,ui range indicator atlantean.tga,64,64,4096,RGBA,True,0,0,4096,1,16.0
textures\ui range indicator chinese.tga,ui range indicator chinese.tga,64,64,4096,RGBA,True,0,0,4096,1,16.0
textures\ui range indicator egypt.tga,ui range indicator egypt.tga,64,64,4096,RGBA,True,0,0,4096,1,16.0
textures\ui range indicator greek.tga,ui range indicator greek.tga,64,64,4096,RGBA,True,0,0,4096,1,16.0
textures\ui range indicator norse.tga,ui range indicator norse.tga,64,64,4096,RGBA,True,0,0,4096,1,16.0
textures\ui range indicator.tga,ui range indicator.tga,64,64,4096,RGBA,True,0,0,4096,1,16.0
textures\uiglow.tga,uiglow.tga,128,32,4096,RGBA,True,2947,1149,0,6,16.0
textures\uiglow2.tga,uiglow2.tga,128,32,4096,RGBA,True,0,4096,0,1,16.0
textures\uimenu.tga,uimenu.tga,128,32,4096,RGBA,True,0,0,4096,1,16.0
textures\uimenucheck.tga,uimenucheck.tga,32,32,1024,RGBA,True,848,176,0,4,4.0
textures\uimenuseparator.tga,uimenuseparator.tga,128,32,4096,RGBA,True,3368,728,0,2,16.0
textures\uimenuuncheck.tga,uimenuuncheck.tga,32,32,1024,RGBA,True,0,0,1024,1,4.0
textures\uimenuunderline.tga,uimenuunderline.tga,32,32,1024,RGBA,True,928,96,0,2,4.0
textures\ui_banners atlantean.tga,ui_banners atlantean.tga,256,256,65536,RGBA,True,16144,26,49366,3,256.0
textures\ui_banners atlantean2.tga,ui_banners atlantean2.tga,256,256,65536,RGBA,True,16144,26,49366,3,256.0
textures\ui_banners egypt.tga,ui_banners egypt.tga,256,256,65536,RGBA,True,15302,26,50208,3,256.0
textures\ui_banners egypt2.tga,ui_banners egypt2.tga,256,256,65536,RGBA,True,15302,26,50208,3,256.0
textures\ui_banners greek.tga,ui_banners greek.tga,256,256,65536,RGBA,True,17073,35,48428,3,256.0
textures\ui_banners greek2.tga,ui_banners greek2.tga,256,256,65536,RGBA,True,17073,35,48428,3,256.0
textures\ui_banners norse.tga,ui_banners norse.tga,256,256,65536,RGBA,True,18838,227,46471,3,256.0
textures\ui_banners norse2.tga,ui_banners norse2.tga,256,256,65536,RGBA,True,18838,227,46471,3,256.0
textures\ui_banners selected atlantean.tga,ui_banners selected atlantean.tga,256,256,65536,RGBA,True,16144,26,49366,3,256.0
textures\ui_banners selected atlantean2.tga,ui_banners selected atlantean2.tga,256,256,65536,RGBA,True,16144,26,49366,3,256.0
textures\ui_banners selected egypt.tga,ui_banners selected egypt.tga,256,256,65536,RGBA,True,15302,26,50208,3,256.0
textures\ui_banners selected egypt2.tga,ui_banners selected egypt2.tga,256,256,65536,RGBA,True,15302,26,50208,3,256.0
textures\ui_banners selected greek.tga,ui_banners selected greek.tga,256,256,65536,RGBA,True,17073,35,48428,3,256.0
textures\ui_banners selected greek2.tga,ui_banners selected greek2.tga,256,256,65536,RGBA,True,17073,35,48428,3,256.0
textures\ui_banners selected norse.tga,ui_banners selected norse.tga,256,256,65536,RGBA,True,18838,227,46471,3,256.0
textures\ui_banners selected norse2.tga,ui_banners selected norse2.tga,256,256,65536,RGBA,True,18838,227,46471,3,256.0
textures\ui_banners.tga,ui_banners.tga,256,256,65536,RGBA,True,17073,35,48428,3,256.0
textures\ui_banners_attack atlantean.tga,ui_banners_attack atlantean.tga,256,256,65536,RGBA,True,16144,26,49366,3,256.0
textures\ui_banners_attack egypt.tga,ui_banners_attack egypt.tga,256,256,65536,RGBA,True,15517,20,49999,3,256.0
textures\ui_banners_attack greek.tga,ui_banners_attack greek.tga,256,256,65536,RGBA,True,17073,35,48428,3,256.0
textures\ui_banners_attack norse.tga,ui_banners_attack norse.tga,256,256,65536,RGBA,True,18572,217,46747,3,256.0
textures\ui_banners_selected.tga,ui_banners_selected.tga,256,256,65536,RGBA,True,17073,35,48428,3,256.0
textures\ui_bottom_shadow.tga,ui_bottom_shadow.tga,64,16,1024,RGBA,True,384,640,0,8,4.0
textures\ui_c_bottombar_a.tga,ui_c_bottombar_a.tga,256,128,32768,RGBA,True,0,0,32768,1,128.0
textures\ui_c_bottombar_a_fuxi.tga,ui_c_bottombar_a_fuxi.tga,640,256,163840,RGBA,True,21939,4115,137786,250,640.0
textures\ui_c_bottombar_a_nuwa.tga,ui_c_bottombar_a_nuwa.tga,640,256,163840,RGBA,True,25865,3099,134876,237,640.0
textures\ui_c_bottombar_a_shennong.tga,ui_c_bottombar_a_shennong.tga,640,256,163840,RGBA,True,24012,7003,132825,238,640.0
textures\ui_c_bottombar_b.tga,ui_c_bottombar_b.tga,256,128,32768,RGBA,True,0,0,32768,1,128.0
textures\ui_c_bottombar_b_fuxi.tga,ui_c_bottombar_b_fuxi.tga,512,256,131072,RGBA,True,0,0,131072,1,512.0
textures\ui_c_bottombar_b_nuwa.tga,ui_c_bottombar_b_nuwa.tga,512,256,131072,RGBA,True,0,0,131072,1,512.0
textures\ui_c_bottombar_b_shennong.tga,ui_c_bottombar_b_shennong.tga,512,256,131072,RGBA,True,0,0,131072,1,512.0
textures\ui_c_bottombar_c.tga,ui_c_bottombar_c.tga,256,128,32768,RGBA,True,0,0,32768,1,128.0
textures\ui_c_bottombar_c_fuxi.tga,ui_c_bottombar_c_fuxi.tga,512,256,131072,RGBA,True,0,66,131006,4,512.0
textures\ui_c_bottombar_c_nuwa.tga,ui_c_bottombar_c_nuwa.tga,512,256,131072,RGBA,True,0,66,131006,4,512.0
textures\ui_c_bottombar_c_shennong.tga,ui_c_bottombar_c_shennong.tga,512,256,131072,RGBA,True,0,66,131006,4,512.0
textures\ui_c_bottombar_d.tga,ui_c_bottombar_d.tga,256,128,32768,RGBA,True,0,0,32768,1,128.0
textures\ui_c_bottombar_d_fuxi.tga,ui_c_bottombar_d_fuxi.tga,640,256,163840,RGBA,True,23419,2617,137804,247,640.0
textures\ui_c_bottombar_d_nuwa.tga,ui_c_bottombar_d_nuwa.tga,640,256,163840,RGBA,True,26984,1891,134965,240,640.0
textures\ui_c_bottombar_d_shennong.tga,ui_c_bottombar_d_shennong.tga,640,256,163840,RGBA,True,25468,5490,132882,243,640.0
textures\ui_c_bottomcap_a.tga,ui_c_bottomcap_a.tga,256,32,8192,RGBA,True,3584,4608,0,9,32.0
textures\ui_c_bottomcap_a_fuxi.tga,ui_c_bottomcap_a_fuxi.tga,512,128,65536,RGBA,True,42787,2111,20638,157,256.0
textures\ui_c_bottomcap_a_nuwa.tga,ui_c_bottomcap_a_nuwa.tga,512,128,65536,RGBA,True,39751,3662,22123,204,256.0
textures\ui_c_bottomcap_a_shennong.tga,ui_c_bottomcap_a_shennong.tga,512,128,65536,RGBA,True,41620,3283,20633,167,256.0
textures\ui_c_bottomcap_b.tga,ui_c_bottomcap_b.tga,256,32,8192,RGBA,True,1264,6928,0,14,32.0
textures\ui_c_bottomcap_b_fuxi.tga,ui_c_bottomcap_b_fuxi.tga,512,64,32768,RGBA,True,3456,753,28559,171,128.0
textures\ui_c_bottomcap_b_nuwa.tga,ui_c_bottomcap_b_nuwa.tga,512,64,32768,RGBA,True,3629,656,28483,139,128.0
textures\ui_c_bottomcap_b_shennong.tga,ui_c_bottomcap_b_shennong.tga,512,64,32768,RGBA,True,4610,1030,27128,122,128.0
textures\ui_c_bottomcap_c.tga,ui_c_bottomcap_c.tga,256,32,8192,RGBA,True,1489,6703,0,13,32.0
textures\ui_c_bottomcap_c_fuxi.tga,ui_c_bottomcap_c_fuxi.tga,512,64,32768,RGBA,True,4235,782,27751,169,128.0
textures\ui_c_bottomcap_c_nuwa.tga,ui_c_bottomcap_c_nuwa.tga,512,64,32768,RGBA,True,4253,734,27781,148,128.0
textures\ui_c_bottomcap_c_shennong.tga,ui_c_bottomcap_c_shennong.tga,512,64,32768,RGBA,True,5389,1055,26324,136,128.0
textures\ui_c_bottomcap_d.tga,ui_c_bottomcap_d.tga,256,32,8192,RGBA,True,3584,4608,0,5,32.0
textures\ui_c_bottomcap_d_fuxi.tga,ui_c_bottomcap_d_fuxi.tga,512,128,65536,RGBA,True,41842,3086,20608,163,256.0
textures\ui_c_bottomcap_d_nuwa.tga,ui_c_bottomcap_d_nuwa.tga,512,128,65536,RGBA,True,41070,3273,21193,191,256.0
textures\ui_c_bottomcap_d_shennong.tga,ui_c_bottomcap_d_shennong.tga,512,128,65536,RGBA,True,41847,3081,20608,163,256.0
textures\ui_c_bottomcap_head1.tga,ui_c_bottomcap_head1.tga,256,32,8192,RGBA,True,6619,1573,0,9,32.0
textures\ui_c_bottomcap_head1_fuxi.tga,ui_c_bottomcap_head1_fuxi.tga,512,64,32768,RGBA,True,18650,1021,13097,202,128.0
textures\ui_c_bottomcap_head1_nuwa.tga,ui_c_bottomcap_head1_nuwa.tga,512,64,32768,RGBA,True,21143,478,11147,127,128.0
textures\ui_c_bottomcap_head1_shennong.tga,ui_c_bottomcap_head1_shennong.tga,512,64,32768,RGBA,True,19707,3378,9683,160,128.0
textures\ui_c_bottomcap_head2.tga,ui_c_bottomcap_head2.tga,256,32,8192,RGBA,True,6780,1412,0,9,32.0
textures\ui_c_bottomcap_head2_fuxi.tga,ui_c_bottomcap_head2_fuxi.tga,512,64,32768,RGBA,True,19515,1023,12230,206,128.0
textures\ui_c_bottomcap_head2_nuwa.tga,ui_c_bottomcap_head2_nuwa.tga,512,64,32768,RGBA,True,21062,627,11079,139,128.0
textures\ui_c_bottomcap_head2_shennong.tga,ui_c_bottomcap_head2_shennong.tga,512,64,32768,RGBA,True,20572,3387,8809,161,128.0
textures\ui_c_menu_.tga,ui_c_menu_.tga,512,128,65536,RGBA,True,35977,1345,28214,17,256.0
textures\ui_c_title_.tga,ui_c_title_.tga,512,128,65536,RGBA,True,10282,0,55254,2,256.0
textures\ui_c_title_titan.tga,ui_c_title_titan.tga,128,64,8192,RGBA,True,2176,6016,0,2,32.0
textures\ui_c_top_bar_.tga,ui_c_top_bar_.tga,512,32,16384,RGBA,True,0,1084,15300,5,64.0
textures\ui_e_bottombar_a.tga,ui_e_bottombar_a.tga,256,128,32768,RGBA,True,0,0,32768,1,128.0
textures\ui_e_bottombar_a2.tga,ui_e_bottombar_a2.tga,256,128,32768,RGBA,True,0,0,32768,1,128.0
textures\ui_e_bottombar_a_isis.tga,ui_e_bottombar_a_isis.tga,640,256,163840,RGBA,True,17530,7408,138902,254,640.0
textures\ui_e_bottombar_a_ra.tga,ui_e_bottombar_a_ra.tga,640,256,163840,RGBA,True,22034,3482,138324,244,640.0
textures\ui_e_bottombar_a_set.tga,ui_e_bottombar_a_set.tga,640,256,163840,RGBA,True,17621,6035,140184,255,640.0
textures\ui_e_bottombar_b isis.tga,ui_e_bottombar_b isis.tga,256,128,32768,RGBA,True,0,0,32768,1,128.0
textures\ui_e_bottombar_b ra.tga,ui_e_bottombar_b ra.tga,256,128,32768,RGBA,True,0,0,32768,1,128.0
textures\ui_e_bottombar_b set.tga,ui_e_bottombar_b set.tga,256,128,32768,RGBA,True,0,0,32768,1,128.0
textures\ui_e_bottombar_b.tga,ui_e_bottombar_b.tga,256,128,32768,RGBA,True,0,0,32768,1,128.0
textures\ui_e_bottombar_b_isis.tga,ui_e_bottombar_b_isis.tga,512,256,131072,RGBA,True,0,0,131072,1,512.0
textures\ui_e_bottombar_b_ra.tga,ui_e_bottombar_b_ra.tga,512,256,131072,RGBA,True,0,0,131072,1,512.0
textures\ui_e_bottombar_b_set.tga,ui_e_bottombar_b_set.tga,512,256,131072,RGBA,True,0,0,131072,1,512.0
textures\ui_e_bottombar_c isis.tga,ui_e_bottombar_c isis.tga,256,128,32768,RGBA,True,0,0,32768,1,128.0
textures\ui_e_bottombar_c ra.tga,ui_e_bottombar_c ra.tga,256,128,32768,RGBA,True,0,0,32768,1,128.0
textures\ui_e_bottombar_c set.tga,ui_e_bottombar_c set.tga,256,128,32768,RGBA,True,0,0,32768,1,128.0
textures\ui_e_bottombar_c.tga,ui_e_bottombar_c.tga,256,128,32768,RGBA,True,0,0,32768,1,128.0
textures\ui_e_bottombar_c_isis.tga,ui_e_bottombar_c_isis.tga,512,256,131072,RGBA,True,0,0,131072,1,512.0
textures\ui_e_bottombar_c_ra.tga,ui_e_bottombar_c_ra.tga,512,256,131072,RGBA,True,0,0,131072,1,512.0
textures\ui_e_bottombar_c_set.tga,ui_e_bottombar_c_set.tga,512,256,131072,RGBA,True,0,0,131072,1,512.0
textures\ui_e_bottombar_d.tga,ui_e_bottombar_d.tga,256,128,32768,RGBA,True,0,0,32768,1,128.0
textures\ui_e_bottombar_d_isis.tga,ui_e_bottombar_d_isis.tga,640,256,163840,RGBA,True,16158,8708,138974,255,640.0
textures\ui_e_bottombar_d_ra.tga,ui_e_bottombar_d_ra.tga,640,256,163840,RGBA,True,22034,3482,138324,244,640.0
textures\ui_e_bottombar_d_set.tga,ui_e_bottombar_d_set.tga,640,256,163840,RGBA,True,15829,7931,140080,255,640.0
textures\ui_e_bottomcap_a.tga,ui_e_bottomcap_a.tga,256,32,8192,RGBA,True,3584,0,4608,2,32.0
textures\ui_e_bottomcap_a_isis.tga,ui_e_bottomcap_a_isis.tga,512,128,65536,RGBA,True,42750,2522,20264,158,256.0
textures\ui_e_bottomcap_a_ra.tga,ui_e_bottomcap_a_ra.tga,512,128,65536,RGBA,True,44511,1474,19551,175,256.0
textures\ui_e_bottomcap_a_set.tga,ui_e_bottomcap_a_set.tga,512,128,65536,RGBA,True,42674,2578,20284,162,256.0
textures\ui_e_bottomcap_b.tga,ui_e_bottomcap_b.tga,256,32,8192,RGBA,True,1329,0,6863,2,32.0
textures\ui_e_bottomcap_b_isis.tga,ui_e_bottomcap_b_isis.tga,512,64,32768,RGBA,True,3224,1236,28308,153,128.0
textures\ui_e_bottomcap_b_ra.tga,ui_e_bottomcap_b_ra.tga,512,64,32768,RGBA,True,2913,1037,28818,160,128.0
textures\ui_e_bottomcap_b_set.tga,ui_e_bottomcap_b_set.tga,512,64,32768,RGBA,True,1948,1423,29397,206,128.0
textures\ui_e_bottomcap_c.tga,ui_e_bottomcap_c.tga,256,32,8192,RGBA,True,1580,5,6607,3,32.0
textures\ui_e_bottomcap_c_isis.tga,ui_e_bottomcap_c_isis.tga,512,64,32768,RGBA,True,3814,1467,27487,179,128.0
textures\ui_e_bottomcap_c_ra.tga,ui_e_bottomcap_c_ra.tga,512,64,32768,RGBA,True,3691,1043,28034,161,128.0
textures\ui_e_bottomcap_c_set.tga,ui_e_bottomcap_c_set.tga,512,64,32768,RGBA,True,2710,1445,28613,202,128.0
textures\ui_e_bottomcap_d.tga,ui_e_bottomcap_d.tga,256,32,8192,RGBA,True,3584,0,4608,2,32.0
textures\ui_e_bottomcap_d_isis.tga,ui_e_bottomcap_d_isis.tga,512,128,65536,RGBA,True,42780,2438,20318,150,256.0
textures\ui_e_bottomcap_d_ra.tga,ui_e_bottomcap_d_ra.tga,512,128,65536,RGBA,True,44396,1482,19658,175,256.0
textures\ui_e_bottomcap_d_set.tga,ui_e_bottomcap_d_set.tga,512,128,65536,RGBA,True,42781,2426,20329,153,256.0
textures\ui_e_bottomcap_head1.tga,ui_e_bottomcap_head1.tga,256,32,8192,RGBA,True,6868,0,1324,2,32.0
textures\ui_e_bottomcap_head1_isis.tga,ui_e_bottomcap_head1_isis.tga,512,64,32768,RGBA,True,18891,3188,10689,225,128.0
textures\ui_e_bottomcap_head1_ra.tga,ui_e_bottomcap_head1_ra.tga,512,64,32768,RGBA,True,18189,2626,11953,203,128.0
textures\ui_e_bottomcap_head1_set.tga,ui_e_bottomcap_head1_set.tga,512,64,32768,RGBA,True,17110,3230,12428,243,128.0
textures\ui_e_bottomcap_head2.tga,ui_e_bottomcap_head2.tga,256,32,8192,RGBA,True,7010,0,1182,2,32.0
textures\ui_e_bottomcap_head2_isis.tga,ui_e_bottomcap_head2_isis.tga,512,64,32768,RGBA,True,19760,3004,10004,241,128.0
textures\ui_e_bottomcap_head2_ra.tga,ui_e_bottomcap_head2_ra.tga,512,64,32768,RGBA,True,19026,2489,11253,203,128.0
textures\ui_e_bottomcap_head2_set.tga,ui_e_bottomcap_head2_set.tga,512,64,32768,RGBA,True,17978,3062,11728,243,128.0
textures\ui_e_menu.tga,ui_e_menu.tga,64,32,2048,RGBA,True,304,0,1744,2,8.0
textures\ui_e_menuicon.tga,ui_e_menuicon.tga,32,32,1024,RGBA,True,0,0,1024,1,4.0
textures\ui_e_menu_isis.tga,ui_e_menu_isis.tga,512,128,65536,RGBA,True,37632,1440,26464,19,256.0
textures\ui_e_menu_ra.tga,ui_e_menu_ra.tga,512,128,65536,RGBA,True,37635,25010,2891,37,256.0
textures\ui_e_menu_set.tga,ui_e_menu_set.tga,512,128,65536,RGBA,True,37635,25010,2891,37,256.0
textures\ui_e_title.tga,ui_e_title.tga,256,64,16384,RGBA,True,2331,0,14053,2,64.0
textures\ui_e_title_isis.tga,ui_e_title_isis.tga,512,128,65536,RGBA,True,10368,0,55168,2,256.0
textures\ui_e_title_ra.tga,ui_e_title_ra.tga,512,128,65536,RGBA,True,10368,0,55168,2,256.0
textures\ui_e_title_set.tga,ui_e_title_set.tga,512,128,65536,RGBA,True,10368,0,55168,2,256.0
textures\ui_e_top_bar.tga,ui_e_top_bar.tga,256,16,4096,RGBA,True,0,0,4096,1,16.0
textures\ui_e_top_bar_isis.tga,ui_e_top_bar_isis.tga,512,32,16384,RGBA,True,0,1120,15264,6,64.0
textures\ui_e_top_bar_ra.tga,ui_e_top_bar_ra.tga,512,32,16384,RGBA,True,0,1120,15264,6,64.0
textures\ui_e_top_bar_set.tga,ui_e_top_bar_set.tga,512,32,16384,RGBA,True,0,1120,15264,6,64.0
textures\ui_generic_background.tga,ui_generic_background.tga,128,128,16384,RGBA,True,0,0,16384,1,64.0
textures\ui_generic_button.tga,ui_generic_button.tga,128,128,16384,RGBA,True,0,0,16384,1,64.0
textures\ui_generic_dark_background.tga,ui_generic_dark_background.tga,64,64,4096,RGBA,True,0,0,4096,1,16.0
textures\ui_generic_dialog_box.tga,ui_generic_dialog_box.tga,128,128,16384,RGBA,True,0,0,16384,1,64.0
textures\ui_generic_ingame_dark_tile.tga,ui_generic_ingame_dark_tile.tga,64,64,4096,RGBA,True,0,0,4096,1,16.0
textures\ui_generic_ingame_tile.tga,ui_generic_ingame_tile.tga,64,64,4096,RGBA,True,0,0,4096,1,16.0
textures\ui_generic_multiplayer_background.tga,ui_generic_multiplayer_background.tga,128,128,16384,RGBA,True,0,0,16384,1,64.0
textures\ui_generic_pregame_background.tga,ui_generic_pregame_background.tga,128,128,16384,RGBA,True,0,0,16384,1,64.0
textures\ui_g_bottombar_a.tga,ui_g_bottombar_a.tga,256,128,32768,RGBA,True,0,0,32768,1,128.0
textures\ui_g_bottombar_a2.tga,ui_g_bottombar_a2.tga,256,128,32768,RGBA,True,0,0,32768,1,128.0
textures\ui_g_bottombar_a3.tga,ui_g_bottombar_a3.tga,256,128,32768,RGBA,True,0,0,32768,1,128.0
textures\ui_g_bottombar_a_hades.tga,ui_g_bottombar_a_hades.tga,640,256,163840,RGBA,True,23349,5402,135089,252,640.0
textures\ui_g_bottombar_a_poseidon.tga,ui_g_bottombar_a_poseidon.tga,640,256,163840,RGBA,True,19292,4870,139678,253,640.0
textures\ui_g_bottombar_a_zeus.tga,ui_g_bottombar_a_zeus.tga,640,256,163840,RGBA,True,21607,5299,136934,240,640.0
textures\ui_g_bottombar_b hades.tga,ui_g_bottombar_b hades.tga,256,128,32768,RGBA,True,0,0,32768,1,128.0
textures\ui_g_bottombar_b poseidon.tga,ui_g_bottombar_b poseidon.tga,256,128,32768,RGBA,True,0,0,32768,1,128.0
textures\ui_g_bottombar_b zeus.tga,ui_g_bottombar_b zeus.tga,256,128,32768,RGBA,True,0,0,32768,1,128.0
textures\ui_g_bottombar_b.tga,ui_g_bottombar_b.tga,256,128,32768,RGBA,True,0,0,32768,1,128.0
textures\ui_g_bottombar_b_hades.tga,ui_g_bottombar_b_hades.tga,512,256,131072,RGBA,True,0,0,131072,1,512.0
textures\ui_g_bottombar_b_poseidon.tga,ui_g_bottombar_b_poseidon.tga,512,256,131072,RGBA,True,0,0,131072,1,512.0
textures\ui_g_bottombar_b_zeus.tga,ui_g_bottombar_b_zeus.tga,512,256,131072,RGBA,True,0,0,131072,1,512.0
textures\ui_g_bottombar_c hades.tga,ui_g_bottombar_c hades.tga,256,128,32768,RGBA,True,0,0,32768,1,128.0
textures\ui_g_bottombar_c poseidon.tga,ui_g_bottombar_c poseidon.tga,256,128,32768,RGBA,True,0,0,32768,1,128.0
textures\ui_g_bottombar_c zeus.tga,ui_g_bottombar_c zeus.tga,256,128,32768,RGBA,True,0,0,32768,1,128.0
textures\ui_g_bottombar_c.tga,ui_g_bottombar_c.tga,256,128,32768,RGBA,True,0,0,32768,1,128.0
textures\ui_g_bottombar_c_hades.tga,ui_g_bottombar_c_hades.tga,512,256,131072,RGBA,True,0,1,131071,2,512.0
textures\ui_g_bottombar_c_poseidon.tga,ui_g_bottombar_c_poseidon.tga,512,256,131072,RGBA,True,0,0,131072,1,512.0
textures\ui_g_bottombar_c_zeus.tga,ui_g_bottombar_c_zeus.tga,512,256,131072,RGBA,True,0,0,131072,1,512.0
textures\ui_g_bottombar_d.tga,ui_g_bottombar_d.tga,256,128,32768,RGBA,True,0,0,32768,1,128.0
textures\ui_g_bottombar_d_hades.tga,ui_g_bottombar_d_hades.tga,640,256,163840,RGBA,True,22041,6762,135037,252,640.0
textures\ui_g_bottombar_d_poseidon.tga,ui_g_bottombar_d_poseidon.tga,640,256,163840,RGBA,True,18573,5663,139604,255,640.0
textures\ui_g_bottombar_d_zeus.tga,ui_g_bottombar_d_zeus.tga,640,256,163840,RGBA,True,20208,6792,136840,246,640.0
textures\ui_g_bottomcap_a.tga,ui_g_bottomcap_a.tga,256,32,8192,RGBA,True,3584,0,4608,2,32.0
textures\ui_g_bottomcap_a_hades.tga,ui_g_bottomcap_a_hades.tga,512,128,65536,RGBA,True,38849,4104,22583,219,256.0
textures\ui_g_bottomcap_a_poseidon.tga,ui_g_bottomcap_a_poseidon.tga,512,128,65536,RGBA,True,32876,6838,25822,253,256.0
textures\ui_g_bottomcap_a_zeus.tga,ui_g_bottomcap_a_zeus.tga,512,128,65536,RGBA,True,41059,3512,20965,223,256.0
textures\ui_g_bottomcap_b.tga,ui_g_bottomcap_b.tga,256,32,8192,RGBA,True,1288,0,6904,2,32.0
textures\ui_g_bottomcap_b_hades.tga,ui_g_bottomcap_b_hades.tga,512,64,32768,RGBA,True,2980,534,29254,101,128.0
textures\ui_g_bottomcap_b_poseidon.tga,ui_g_bottomcap_b_poseidon.tga,512,64,32768,RGBA,True,1744,1555,29469,200,128.0
textures\ui_g_bottomcap_b_zeus.tga,ui_g_bottomcap_b_zeus.tga,512,64,32768,RGBA,True,2525,1121,29122,150,128.0
textures\ui_g_bottomcap_c.tga,ui_g_bottomcap_c.tga,256,32,8192,RGBA,True,1527,0,6665,2,32.0
textures\ui_g_bottomcap_c_hades.tga,ui_g_bottomcap_c_hades.tga,512,64,32768,RGBA,True,3642,548,28578,92,128.0
textures\ui_g_bottomcap_c_poseidon.tga,ui_g_bottomcap_c_poseidon.tga,512,64,32768,RGBA,True,1772,1580,29416,205,128.0
textures\ui_g_bottomcap_c_zeus.tga,ui_g_bottomcap_c_zeus.tga,512,64,32768,RGBA,True,3237,1193,28338,157,128.0
textures\ui_g_bottomcap_d.tga,ui_g_bottomcap_d.tga,256,32,8192,RGBA,True,3584,0,4608,2,32.0
textures\ui_g_bottomcap_d_hades.tga,ui_g_bottomcap_d_hades.tga,512,128,65536,RGBA,True,40187,3606,21743,210,256.0
textures\ui_g_bottomcap_d_poseidon.tga,ui_g_bottomcap_d_poseidon.tga,512,128,65536,RGBA,True,34690,6191,24655,252,256.0
textures\ui_g_bottomcap_d_zeus.tga,ui_g_bottomcap_d_zeus.tga,512,128,65536,RGBA,True,41628,3239,20669,204,256.0
textures\ui_g_bottomcap_head1.tga,ui_g_bottomcap_head1.tga,256,32,8192,RGBA,True,6827,5,1360,3,32.0
textures\ui_g_bottomcap_head1_hades.tga,ui_g_bottomcap_head1_hades.tga,512,64,32768,RGBA,True,19648,1278,11842,174,128.0
textures\ui_g_bottomcap_head1_poseidon.tga,ui_g_bottomcap_head1_poseidon.tga,512,64,32768,RGBA,True,17256,2650,12862,233,128.0
textures\ui_g_bottomcap_head1_zeus.tga,ui_g_bottomcap_head1_zeus.tga,512,64,32768,RGBA,True,14320,3733,14715,211,128.0
textures\ui_g_bottomcap_head2.tga,ui_g_bottomcap_head2.tga,256,32,8192,RGBA,True,6958,0,1234,2,32.0
textures\ui_g_bottomcap_head2_hades.tga,ui_g_bottomcap_head2_hades.tga,512,64,32768,RGBA,True,20523,1284,10961,165,128.0
textures\ui_g_bottomcap_head2_poseidon.tga,ui_g_bottomcap_head2_poseidon.tga,512,64,32768,RGBA,True,17156,3028,12584,244,128.0
textures\ui_g_bottomcap_head2_zeus.tga,ui_g_bottomcap_head2_zeus.tga,512,64,32768,RGBA,True,14677,3806,14285,213,128.0
textures\ui_g_menu.tga,ui_g_menu.tga,64,32,2048,RGBA,True,2048,0,0,1,8.0
textures\ui_g_menu_hades.tga,ui_g_menu_hades.tga,512,128,65536,RGBA,True,37635,27892,9,43,256.0
textures\ui_g_menu_poseidon.tga,ui_g_menu_poseidon.tga,512,128,65536,RGBA,True,37635,27892,9,43,256.0
textures\ui_g_menu_zeus.tga,ui_g_menu_zeus.tga,512,128,65536,RGBA,True,37632,1440,26464,15,256.0
textures\ui_g_title.tga,ui_g_title.tga,256,64,16384,RGBA,True,2912,0,13472,2,64.0
textures\ui_g_title_hades.tga,ui_g_title_hades.tga,512,128,65536,RGBA,True,10282,0,55254,2,256.0
textures\ui_g_title_poseidon.tga,ui_g_title_poseidon.tga,512,128,65536,RGBA,True,10282,0,55254,2,256.0
textures\ui_g_title_zeus.tga,ui_g_title_zeus.tga,512,128,65536,RGBA,True,10282,0,55254,2,256.0
textures\ui_g_top_bar.tga,ui_g_top_bar.tga,256,16,4096,RGBA,True,0,0,4096,1,16.0
textures\ui_g_top_bar_hades.tga,ui_g_top_bar_hades.tga,512,32,16384,RGBA,True,0,1120,15264,6,64.0
textures\ui_g_top_bar_poseidon.tga,ui_g_top_bar_poseidon.tga,512,32,16384,RGBA,True,0,1120,15264,6,64.0
textures\ui_g_top_bar_zeus.tga,ui_g_top_bar_zeus.tga,512,32,16384,RGBA,True,0,1120,15264,6,64.0
textures\ui_iconbevel.tga,ui_iconbevel.tga,32,32,1024,RGBA,True,784,0,240,2,4.0
textures\ui_iconbevel_glow.tga,ui_iconbevel_glow.tga,32,32,1024,RGBA,True,784,0,240,2,4.0
textures\ui_iconbevel_shadow.tga,ui_iconbevel_shadow.tga,64,64,4096,RGBA,True,3678,0,418,2,16.0
textures\ui_iconshadow.tga,ui_iconshadow.tga,32,32,1024,RGBA,True,902,0,122,2,4.0
textures\ui_n_bottombar_a.tga,ui_n_bottombar_a.tga,256,128,32768,RGBA,True,0,0,32768,1,128.0
textures\ui_n_bottombar_a_loki.tga,ui_n_bottombar_a_loki.tga,640,256,163840,RGBA,True,23726,5446,134668,188,640.0
textures\ui_n_bottombar_a_odin.tga,ui_n_bottombar_a_odin.tga,640,256,163840,RGBA,True,20457,4996,138387,253,640.0
textures\ui_n_bottombar_a_thor.tga,ui_n_bottombar_a_thor.tga,640,256,163840,RGBA,True,21537,5827,136476,203,640.0
textures\ui_n_bottombar_b loki.tga,ui_n_bottombar_b loki.tga,256,128,32768,RGBA,True,0,0,32768,1,128.0
textures\ui_n_bottombar_b odin.tga,ui_n_bottombar_b odin.tga,256,128,32768,RGBA,True,0,0,32768,1,128.0
textures\ui_n_bottombar_b thor.tga,ui_n_bottombar_b thor.tga,256,128,32768,RGBA,True,0,0,32768,1,128.0
textures\ui_n_bottombar_b.tga,ui_n_bottombar_b.tga,256,128,32768,RGBA,True,0,0,32768,1,128.0
textures\ui_n_bottombar_b_loki.tga,ui_n_bottombar_b_loki.tga,512,256,131072,RGBA,True,0,0,131072,1,512.0
textures\ui_n_bottombar_b_odin.tga,ui_n_bottombar_b_odin.tga,512,256,131072,RGBA,True,0,0,131072,1,512.0
textures\ui_n_bottombar_b_thor.tga,ui_n_bottombar_b_thor.tga,512,256,131072,RGBA,True,0,0,131072,1,512.0
textures\ui_n_bottombar_c loki.tga,ui_n_bottombar_c loki.tga,256,128,32768,RGBA,True,0,0,32768,1,128.0
textures\ui_n_bottombar_c odin.tga,ui_n_bottombar_c odin.tga,256,128,32768,RGBA,True,0,0,32768,1,128.0
textures\ui_n_bottombar_c thor.tga,ui_n_bottombar_c thor.tga,256,128,32768,RGBA,True,0,0,32768,1,128.0
textures\ui_n_bottombar_c.tga,ui_n_bottombar_c.tga,256,128,32768,RGBA,True,0,0,32768,1,128.0
textures\ui_n_bottombar_c_loki.tga,ui_n_bottombar_c_loki.tga,512,256,131072,RGBA,True,0,0,131072,1,512.0
textures\ui_n_bottombar_c_odin.tga,ui_n_bottombar_c_odin.tga,512,256,131072,RGBA,True,0,0,131072,1,512.0
textures\ui_n_bottombar_c_thor.tga,ui_n_bottombar_c_thor.tga,512,256,131072,RGBA,True,0,0,131072,1,512.0
textures\ui_n_bottombar_d.tga,ui_n_bottombar_d.tga,256,128,32768,RGBA,True,0,0,32768,1,128.0
textures\ui_n_bottombar_d_loki.tga,ui_n_bottombar_d_loki.tga,640,256,163840,RGBA,True,22239,6658,134943,218,640.0
textures\ui_n_bottombar_d_odin.tga,ui_n_bottombar_d_odin.tga,640,256,163840,RGBA,True,20302,5198,138340,255,640.0
textures\ui_n_bottombar_d_thor.tga,ui_n_bottombar_d_thor.tga,640,256,163840,RGBA,True,20305,7150,136385,216,640.0
textures\ui_n_bottomcap_a.tga,ui_n_bottomcap_a.tga,256,32,8192,RGBA,True,3584,0,4608,2,32.0
textures\ui_n_bottomcap_a_loki.tga,ui_n_bottomcap_a_loki.tga,512,128,65536,RGBA,True,35903,6291,23342,169,256.0
textures\ui_n_bottomcap_a_odin.tga,ui_n_bottomcap_a_odin.tga,512,128,65536,RGBA,True,41870,2811,20855,218,256.0
textures\ui_n_bottomcap_a_thor.tga,ui_n_bottomcap_a_thor.tga,512,128,65536,RGBA,True,39089,3628,22819,166,256.0
textures\ui_n_bottomcap_b.tga,ui_n_bottomcap_b.tga,256,32,8192,RGBA,True,1386,0,6806,2,32.0
textures\ui_n_bottomcap_b_loki.tga,ui_n_bottomcap_b_loki.tga,512,64,32768,RGBA,True,1686,2543,28539,152,128.0
textures\ui_n_bottomcap_b_odin.tga,ui_n_bottomcap_b_odin.tga,512,64,32768,RGBA,True,4135,1330,27303,216,128.0
textures\ui_n_bottomcap_b_thor.tga,ui_n_bottomcap_b_thor.tga,512,64,32768,RGBA,True,2262,2300,28206,172,128.0
textures\ui_n_bottomcap_c.tga,ui_n_bottomcap_c.tga,256,32,8192,RGBA,True,1596,0,6596,2,32.0
textures\ui_n_bottomcap_c_loki.tga,ui_n_bottomcap_c_loki.tga,512,64,32768,RGBA,True,2065,2813,27890,175,128.0
textures\ui_n_bottomcap_c_odin.tga,ui_n_bottomcap_c_odin.tga,512,64,32768,RGBA,True,4807,1364,26597,217,128.0
textures\ui_n_bottomcap_c_thor.tga,ui_n_bottomcap_c_thor.tga,512,64,32768,RGBA,True,2401,2397,27970,172,128.0
textures\ui_n_bottomcap_d.tga,ui_n_bottomcap_d.tga,256,32,8192,RGBA,True,3584,0,4608,2,32.0
textures\ui_n_bottomcap_d_loki.tga,ui_n_bottomcap_d_loki.tga,512,128,65536,RGBA,True,37453,5530,22553,172,256.0
textures\ui_n_bottomcap_d_odin.tga,ui_n_bottomcap_d_odin.tga,512,128,65536,RGBA,True,42519,2579,20438,188,256.0
textures\ui_n_bottomcap_d_thor.tga,ui_n_bottomcap_d_thor.tga,512,128,65536,RGBA,True,41264,3209,21063,156,256.0
textures\ui_n_bottomcap_head1.tga,ui_n_bottomcap_head1.tga,256,32,8192,RGBA,True,5636,0,2556,2,32.0
textures\ui_n_bottomcap_head1_loki.tga,ui_n_bottomcap_head1_loki.tga,512,64,32768,RGBA,True,16156,3477,13135,167,128.0
textures\ui_n_bottomcap_head1_odin.tga,ui_n_bottomcap_head1_odin.tga,512,64,32768,RGBA,True,12932,2958,16878,242,128.0
textures\ui_n_bottomcap_head1_thor.tga,ui_n_bottomcap_head1_thor.tga,512,64,32768,RGBA,True,18139,3660,10969,167,128.0
textures\ui_n_bottomcap_head2.tga,ui_n_bottomcap_head2.tga,256,32,8192,RGBA,True,5876,0,2316,2,32.0
textures\ui_n_bottomcap_head2_loki.tga,ui_n_bottomcap_head2_loki.tga,512,64,32768,RGBA,True,16127,3644,12997,176,128.0
textures\ui_n_bottomcap_head2_odin.tga,ui_n_bottomcap_head2_odin.tga,512,64,32768,RGBA,True,13280,2934,16554,248,128.0
textures\ui_n_bottomcap_head2_thor.tga,ui_n_bottomcap_head2_thor.tga,512,64,32768,RGBA,True,17642,3662,11464,172,128.0
textures\ui_n_menu.tga,ui_n_menu.tga,64,32,2048,RGBA,True,280,0,1768,2,8.0
textures\ui_n_menu_loki.tga,ui_n_menu_loki.tga,512,128,65536,RGBA,True,37724,1348,26464,8,256.0
textures\ui_n_menu_odin.tga,ui_n_menu_odin.tga,512,128,65536,RGBA,True,37724,1348,26464,8,256.0
textures\ui_n_menu_thor.tga,ui_n_menu_thor.tga,512,128,65536,RGBA,True,37724,1348,26464,8,256.0
textures\ui_n_title.tga,ui_n_title.tga,256,64,16384,RGBA,True,2364,0,14020,2,64.0
textures\ui_n_title_loki.tga,ui_n_title_loki.tga,512,128,65536,RGBA,True,10282,0,55254,2,256.0
textures\ui_n_title_odin.tga,ui_n_title_odin.tga,512,128,65536,RGBA,True,10282,0,55254,2,256.0
textures\ui_n_title_thor.tga,ui_n_title_thor.tga,512,128,65536,RGBA,True,10282,0,55254,2,256.0
textures\ui_n_top_bar.tga,ui_n_top_bar.tga,256,16,4096,RGBA,True,0,0,4096,1,16.0
textures\ui_n_top_bar_loki.tga,ui_n_top_bar_loki.tga,512,32,16384,RGBA,True,0,0,16384,1,64.0
textures\ui_n_top_bar_odin.tga,ui_n_top_bar_odin.tga,512,32,16384,RGBA,True,0,0,16384,1,64.0
textures\ui_n_top_bar_thor.tga,ui_n_top_bar_thor.tga,512,32,16384,RGBA,True,0,0,16384,1,64.0
textures\ui_popup.tga,ui_popup.tga,128,128,16384,RGBA,True,0,0,16384,1,64.0
textures\ui_statcolorbar.tga,ui_statcolorbar.tga,16,8,128,RGBA,True,0,0,128,1,0.5
textures\ui_statcolorsword.tga,ui_statcolorsword.tga,16,8,128,RGBA,True,84,5,39,3,0.5
textures\ui_statgraybar.tga,ui_statgraybar.tga,16,8,128,RGBA,True,0,0,128,1,0.5
textures\ui_statgraysword.tga,ui_statgraysword.tga,16,8,128,RGBA,True,84,5,39,3,0.5
textures\ui_top_shadow.tga,ui_top_shadow.tga,64,16,1024,RGBA,True,384,640,0,8,4.0
textures\ui_x_bottombar_a.tga,ui_x_bottombar_a.tga,256,128,32768,RGBA,True,0,0,32768,1,128.0
textures\ui_x_bottombar_a_gaia.tga,ui_x_bottombar_a_gaia.tga,640,256,163840,RGBA,True,20438,8306,135096,201,640.0
textures\ui_x_bottombar_a_kronos.tga,ui_x_bottombar_a_kronos.tga,640,256,163840,RGBA,True,22201,7446,134193,200,640.0
textures\ui_x_bottombar_a_oranos.tga,ui_x_bottombar_a_oranos.tga,640,256,163840,RGBA,True,22519,5542,135779,255,640.0
textures\ui_x_bottombar_b.tga,ui_x_bottombar_b.tga,256,128,32768,RGBA,True,0,0,32768,1,128.0
textures\ui_x_bottombar_b_gaia.tga,ui_x_bottombar_b_gaia.tga,512,256,131072,RGBA,True,0,0,131072,1,512.0
textures\ui_x_bottombar_b_kronos.tga,ui_x_bottombar_b_kronos.tga,512,256,131072,RGBA,True,0,0,131072,1,512.0
textures\ui_x_bottombar_b_oranos.tga,ui_x_bottombar_b_oranos.tga,512,256,131072,RGBA,True,0,0,131072,1,512.0
textures\ui_x_bottombar_c.tga,ui_x_bottombar_c.tga,256,128,32768,RGBA,True,0,0,32768,1,128.0
textures\ui_x_bottombar_c_gaia.tga,ui_x_bottombar_c_gaia.tga,512,256,131072,RGBA,True,0,66,131006,4,512.0
textures\ui_x_bottombar_c_kronos.tga,ui_x_bottombar_c_kronos.tga,512,256,131072,RGBA,True,0,66,131006,4,512.0
textures\ui_x_bottombar_c_oranos.tga,ui_x_bottombar_c_oranos.tga,512,256,131072,RGBA,True,0,0,131072,1,512.0
textures\ui_x_bottombar_d.tga,ui_x_bottombar_d.tga,256,128,32768,RGBA,True,0,0,32768,1,128.0
textures\ui_x_bottombar_d_gaia.tga,ui_x_bottombar_d_gaia.tga,640,256,163840,RGBA,True,19290,9568,134982,219,640.0
textures\ui_x_bottombar_d_kronos.tga,ui_x_bottombar_d_kronos.tga,640,256,163840,RGBA,True,25305,4129,134406,218,640.0
textures\ui_x_bottombar_d_oranos.tga,ui_x_bottombar_d_oranos.tga,640,256,163840,RGBA,True,21118,7160,135562,250,640.0
textures\ui_x_bottomcap_a.tga,ui_x_bottomcap_a.tga,256,32,8192,RGBA,True,3576,4616,0,18,32.0
textures\ui_x_bottomcap_a_gaia.tga,ui_x_bottomcap_a_gaia.tga,512,128,65536,RGBA,True,39544,5287,20705,164,256.0
textures\ui_x_bottomcap_a_kronos.tga,ui_x_bottomcap_a_kronos.tga,512,128,65536,RGBA,True,40663,4585,20288,153,256.0
textures\ui_x_bottomcap_a_oranos.tga,ui_x_bottomcap_a_oranos.tga,512,128,65536,RGBA,True,40526,3028,21982,213,256.0
textures\ui_x_bottomcap_b.tga,ui_x_bottomcap_b.tga,256,32,8192,RGBA,True,1257,6935,0,22,32.0
textures\ui_x_bottomcap_b_gaia.tga,ui_x_bottomcap_b_gaia.tga,512,64,32768,RGBA,True,1188,3104,28476,172,128.0
textures\ui_x_bottomcap_b_kronos.tga,ui_x_bottomcap_b_kronos.tga,512,64,32768,RGBA,True,2461,2199,28108,151,128.0
textures\ui_x_bottomcap_b_oranos.tga,ui_x_bottomcap_b_oranos.tga,512,64,32768,RGBA,True,2581,1562,28625,219,128.0
textures\ui_x_bottomcap_c.tga,ui_x_bottomcap_c.tga,256,32,8192,RGBA,True,1475,6717,0,23,32.0
textures\ui_x_bottomcap_c_gaia.tga,ui_x_bottomcap_c_gaia.tga,512,64,32768,RGBA,True,1113,3713,27942,220,128.0
textures\ui_x_bottomcap_c_kronos.tga,ui_x_bottomcap_c_kronos.tga,512,64,32768,RGBA,True,2644,2800,27324,206,128.0
textures\ui_x_bottomcap_c_oranos.tga,ui_x_bottomcap_c_oranos.tga,512,64,32768,RGBA,True,2750,1707,28311,220,128.0
textures\ui_x_bottomcap_d.tga,ui_x_bottomcap_d.tga,256,32,8192,RGBA,True,3088,5104,0,13,32.0
textures\ui_x_bottomcap_d_gaia.tga,ui_x_bottomcap_d_gaia.tga,512,128,65536,RGBA,True,40386,4703,20447,155,256.0
textures\ui_x_bottomcap_d_kronos.tga,ui_x_bottomcap_d_kronos.tga,512,128,65536,RGBA,True,40717,4522,20297,153,256.0
textures\ui_x_bottomcap_d_oranos.tga,ui_x_bottomcap_d_oranos.tga,512,128,65536,RGBA,True,41619,2643,21274,197,256.0
textures\ui_x_bottomcap_head1.tga,ui_x_bottomcap_head1.tga,256,32,8192,RGBA,True,6295,1897,0,16,32.0
textures\ui_x_bottomcap_head1_gaia.tga,ui_x_bottomcap_head1_gaia.tga,512,64,32768,RGBA,True,15490,6269,11009,168,128.0
textures\ui_x_bottomcap_head1_kronos.tga,ui_x_bottomcap_head1_kronos.tga,512,64,32768,RGBA,True,18570,4362,9836,163,128.0
textures\ui_x_bottomcap_head1_oranos.tga,ui_x_bottomcap_head1_oranos.tga,512,64,32768,RGBA,True,17554,3578,11636,246,128.0
textures\ui_x_bottomcap_head2.tga,ui_x_bottomcap_head2.tga,256,32,8192,RGBA,True,6497,1695,0,20,32.0
textures\ui_x_bottomcap_head2_gaia.tga,ui_x_bottomcap_head2_gaia.tga,512,64,32768,RGBA,True,15910,6555,10303,212,128.0
textures\ui_x_bottomcap_head2_kronos.tga,ui_x_bottomcap_head2_kronos.tga,512,64,32768,RGBA,True,18990,4688,9090,200,128.0
textures\ui_x_bottomcap_head2_oranos.tga,ui_x_bottomcap_head2_oranos.tga,512,64,32768,RGBA,True,17870,3641,11257,248,128.0
textures\ui_x_gp_indicator_off.tga,ui_x_gp_indicator_off.tga,16,16,256,RGBA,True,204,52,0,13,1.0
textures\ui_x_gp_indicator_on.tga,ui_x_gp_indicator_on.tga,16,16,256,RGBA,True,49,207,0,52,1.0
textures\ui_x_menu_.tga,ui_x_menu_.tga,512,128,65536,RGBA,True,35977,1357,28202,20,256.0
textures\ui_x_title_.tga,ui_x_title_.tga,512,128,65536,RGBA,True,10282,0,55254,2,256.0
textures\ui_x_title_titan.tga,ui_x_title_titan.tga,128,64,8192,RGBA,True,2176,6016,0,2,32.0
textures\ui_x_top_bar_.tga,ui_x_top_bar_.tga,512,32,16384,RGBA,True,0,1120,15264,6,64.0
textures\vdblack.tga,vdblack.tga,64,64,4096,RGBA,True,0,0,4096,1,16.0
textures\vdblend.tga,vdblend.tga,32,256,8192,RGBA,True,0,0,8192,1,32.0
textures\vdblendcircle.tga,vdblendcircle.tga,32,32,1024,RGBA,True,0,0,1024,1,4.0
textures\vdblendcircle2.tga,vdblendcircle2.tga,32,32,1024,RGBA,True,0,0,1024,1,4.0
textures\vdblendcircle3.tga,vdblendcircle3.tga,32,32,1024,RGBA,True,0,0,1024,1,4.0
textures\vdblendcorner.tga,vdblendcorner.tga,32,32,1024,RGBA,True,0,0,1024,1,4.0
textures\vdblendcorner2.tga,vdblendcorner2.tga,32,32,1024,RGBA,True,0,0,1024,1,4.0
textures\vdblendedge.tga,vdblendedge.tga,32,32,1024,RGBA,True,0,0,1024,1,4.0
textures\vdblendedge2.tga,vdblendedge2.tga,32,32,1024,RGBA,True,0,0,1024,1,4.0
textures\vdblendedge3.tga,vdblendedge3.tga,32,32,1024,RGBA,True,0,0,1024,1,4.0
textures\vdblendedge4.tga,vdblendedge4.tga,32,32,1024,RGBA,True,0,0,1024,1,4.0
textures\vdblendedge5.tga,vdblendedge5.tga,32,32,1024,RGBA,True,0,0,1024,1,4.0
textures\vdblendedgecorner.tga,vdblendedgecorner.tga,32,32,1024,RGBA,True,0,0,1024,1,4.0
textures\vdblendedgetwocorners.tga,vdblendedgetwocorners.tga,32,32,1024,RGBA,True,0,0,1024,1,4.0
textures\vdblendfourcorners.tga,vdblendfourcorners.tga,32,32,1024,RGBA,True,0,0,1024,1,4.0
textures\vdblendlshape.tga,vdblendlshape.tga,32,32,1024,RGBA,True,0,0,1024,1,4.0
textures\vdblendlshape2.tga,vdblendlshape2.tga,32,32,1024,RGBA,True,0,0,1024,1,4.0
textures\vdblendlshapecorner.tga,vdblendlshapecorner.tga,32,32,1024,RGBA,True,0,0,1024,1,4.0
textures\vdblendthreecorners.tga,vdblendthreecorners.tga,32,32,1024,RGBA,True,0,0,1024,1,4.0
textures\vdblendtwocorners.tga,vdblendtwocorners.tga,32,32,1024,RGBA,True,0,0,1024,1,4.0
textures\vdblendtwoedges.tga,vdblendtwoedges.tga,32,32,1024,RGBA,True,0,0,1024,1,4.0
textures\vdblendtwooppositecorners.tga,vdblendtwooppositecorners.tga,32,32,1024,RGBA,True,0,0,1024,1,4.0
textures\vdblendushape.tga,vdblendushape.tga,32,32,1024,RGBA,True,0,0,1024,1,4.0
textures\vdjceblendcorner2.tga,vdjceblendcorner2.tga,32,32,1024,RGBA,True,0,0,1024,1,4.0
textures\vdjceblendedge.tga,vdjceblendedge.tga,32,32,1024,RGBA,True,0,0,1024,1,4.0
textures\vdjceblendedge2.tga,vdjceblendedge2.tga,32,32,1024,RGBA,True,0,0,1024,1,4.0
textures\vdjceblendedge3.tga,vdjceblendedge3.tga,32,32,1024,RGBA,True,0,0,1024,1,4.0
textures\vdjceblendedge4.tga,vdjceblendedge4.tga,32,32,1024,RGBA,True,0,0,1024,1,4.0
textures\vdjceblendedge5.tga,vdjceblendedge5.tga,32,32,1024,RGBA,True,0,0,1024,1,4.0
textures\vdjceblendedgecorner.tga,vdjceblendedgecorner.tga,32,32,1024,RGBA,True,0,0,1024,1,4.0
textures\vdjceblendedgetwocorners.tga,vdjceblendedgetwocorners.tga,32,32,1024,RGBA,True,0,0,1024,1,4.0
textures\villager a male corpse bodya.tga,villager a male corpse bodya.tga,32,32,1024,RGBA,True,617,407,0,92,4.0
textures\villager a male corpse skeletona.tga,villager a male corpse skeletona.tga,32,32,1024,RGBA,True,686,338,0,72,4.0
textures\villager c female.tga,villager c female.tga,256,256,65536,RGBA,True,32135,622,32779,145,256.0
textures\villager c male head.tga,villager c male head.tga,32,32,1024,RGBA,True,0,0,1024,1,4.0
textures\villager c male icon.tga,villager c male icon.tga,64,64,4096,RGBA,True,0,0,4096,1,16.0
textures\villager c male standard.tga,villager c male standard.tga,64,64,4096,RGBA,True,2388,103,1605,35,16.0
textures\villager e female corpse bodya.tga,villager e female corpse bodya.tga,32,32,1024,RGBA,True,565,459,0,88,4.0
textures\villager e female corpse skeletona.tga,villager e female corpse skeletona.tga,32,32,1024,RGBA,True,762,262,0,54,4.0
textures\villager e female head.tga,villager e female head.tga,32,32,1024,RGBA,True,0,0,1024,1,4.0
textures\villager e female.tga,villager e female.tga,64,64,4096,RGBA,True,2078,11,2007,3,16.0
textures\villager e male corpse bodya.tga,villager e male corpse bodya.tga,32,32,1024,RGBA,True,538,486,0,79,4.0
textures\villager e male corpse skeletona.tga,villager e male corpse skeletona.tga,32,32,1024,RGBA,True,699,325,0,87,4.0
textures\villager e male head.tga,villager e male head.tga,32,32,1024,RGBA,True,0,0,1024,1,4.0
textures\villager e male standard.tga,villager e male standard.tga,64,64,4096,RGBA,True,3591,10,495,3,16.0
textures\villager g atlantean male head.tga,villager g atlantean male head.tga,32,32,1024,RGBA,True,0,0,1024,1,4.0
textures\villager g atlantean male.tga,villager g atlantean male.tga,64,64,4096,RGBA,True,2732,69,1295,3,16.0
textures\villager g female corpse bodya.tga,villager g female corpse bodya.tga,32,32,1024,RGBA,True,578,446,0,76,4.0
textures\villager g female corpse skeletona.tga,villager g female corpse skeletona.tga,32,32,1024,RGBA,True,726,298,0,70,4.0
textures\villager g female head.tga,villager g female head.tga,32,32,1024,RGBA,True,0,0,1024,1,4.0
textures\villager g female.tga,villager g female.tga,64,64,4096,RGBA,True,1889,43,2164,3,16.0
textures\villager g male corpse bodya.tga,villager g male corpse bodya.tga,32,32,1024,RGBA,True,617,407,0,92,4.0
textures\villager g male corpse skeletona.tga,villager g male corpse skeletona.tga,32,32,1024,RGBA,True,686,338,0,72,4.0
textures\villager g male head.tga,villager g male head.tga,32,32,1024,RGBA,True,0,0,1024,1,4.0
textures\villager g male standard.tga,villager g male standard.tga,64,64,4096,RGBA,True,2298,48,1750,3,16.0
textures\villager n dwarf corpse bodya.tga,villager n dwarf corpse bodya.tga,32,32,1024,RGBA,True,548,476,0,64,4.0
textures\villager n dwarf corpse skeletona.tga,villager n dwarf corpse skeletona.tga,32,32,1024,RGBA,True,640,384,0,65,4.0
textures\villager n dwarf head.tga,villager n dwarf head.tga,32,32,1024,RGBA,True,0,0,1024,1,4.0
textures\villager n dwarf standard.tga,villager n dwarf standard.tga,64,64,4096,RGBA,True,0,0,4096,1,16.0
textures\villager n female corpse bodya.tga,villager n female corpse bodya.tga,32,32,1024,RGBA,True,579,445,0,90,4.0
textures\villager n female corpse skeletona.tga,villager n female corpse skeletona.tga,32,32,1024,RGBA,True,629,395,0,104,4.0
textures\villager n female head.tga,villager n female head.tga,32,32,1024,RGBA,True,0,0,1024,1,4.0
textures\villager n female.tga,villager n female.tga,64,64,4096,RGBA,True,3458,16,622,3,16.0
textures\villager n male corpse bodya.tga,villager n male corpse bodya.tga,32,32,1024,RGBA,True,639,385,0,64,4.0
textures\villager n male corpse skeletona.tga,villager n male corpse skeletona.tga,32,32,1024,RGBA,True,732,292,0,61,4.0
textures\villager n male head.tga,villager n male head.tga,32,32,1024,RGBA,True,0,0,1024,1,4.0
textures\villager n male standard.tga,villager n male standard.tga,64,64,4096,RGBA,True,2945,11,1140,3,16.0
textures\villager n ox.tga,villager n ox.tga,64,64,4096,RGBA,True,3885,5,206,3,16.0
textures\villager n oxcart corpse bodya.tga,villager n oxcart corpse bodya.tga,64,128,8192,RGBA,True,3334,4858,0,178,32.0
textures\villager n oxcart corpse skeletona.tga,villager n oxcart corpse skeletona.tga,64,128,8192,RGBA,True,4740,3452,0,176,32.0
textures\villager n oxcart.tga,villager n oxcart.tga,128,128,16384,RGBA,True,16090,0,294,2,64.0
textures\villager x crate empty.tga,villager x crate empty.tga,128,64,8192,RGBA,True,2440,58,5694,3,32.0
textures\villager x crate farm.tga,villager x crate farm.tga,128,64,8192,RGBA,True,2440,58,5694,3,32.0
textures\villager x crate gold.tga,villager x crate gold.tga,128,64,8192,RGBA,True,2440,58,5694,3,32.0
textures\villager x crate hunt.tga,villager x crate hunt.tga,128,64,8192,RGBA,True,2440,58,5694,3,32.0
textures\villager x crate wood.tga,villager x crate wood.tga,128,64,8192,RGBA,True,2440,58,5694,3,32.0
textures\villager x female corpse bodya.tga,villager x female corpse bodya.tga,64,64,4096,RGBA,True,2265,1831,0,2,16.0
textures\villager x female corpse skeletona.tga,villager x female corpse skeletona.tga,64,64,4096,RGBA,True,3251,845,0,2,16.0
textures\villager x female hero.tga,villager x female hero.tga,64,64,4096,RGBA,True,3131,31,934,3,16.0
textures\villager x female.tga,villager x female.tga,64,64,4096,RGBA,True,3131,31,934,3,16.0
textures\villager x male corpse bodya.tga,villager x male corpse bodya.tga,64,64,4096,RGBA,True,2563,1533,0,138,16.0
textures\villager x male corpse skeletona.tga,villager x male corpse skeletona.tga,64,64,4096,RGBA,True,3240,856,0,78,16.0
textures\villager x male hero.tga,villager x male hero.tga,64,64,4096,RGBA,True,3181,31,884,3,16.0
textures\villager x male.tga,villager x male.tga,64,64,4096,RGBA,True,3181,31,884,3,16.0
textures\villager x pony.tga,villager x pony.tga,64,64,4096,RGBA,True,3645,16,435,3,16.0
textures\watercrest.tga,watercrest.tga,128,128,16384,RGBA,True,3074,13310,0,11,64.0
textures\waterdecal.tga,waterdecal.tga,256,256,65536,RGBA,True,0,0,65536,1,256.0
textures\waterfalltest.tga,waterfalltest.tga,256,256,65536,RGBA,True,2372,63164,0,244,256.0
textures\waterfalltest2.tga,waterfalltest2.tga,256,256,65536,RGBA,True,2372,63164,0,244,256.0
textures\waterfalltest3.tga,waterfalltest3.tga,128,128,16384,RGBA,True,6157,10227,0,243,64.0
textures\waterfalltestspray.tga,waterfalltestspray.tga,64,64,4096,RGBA,True,918,3178,0,97,16.0
textures\waterfalltestspray2.tga,waterfalltestspray2.tga,64,64,4096,RGBA,True,1650,2446,0,190,16.0
textures\watermark(small).tga,watermark(small).tga,256,32,8192,RGBA,True,2080,6112,0,157,32.0
textures\watermark.tga,watermark.tga,256,64,16384,RGBA,True,12743,402,3239,3,64.0
textures\wave crest.tga,wave crest.tga,256,128,32768,RGBA,True,23389,9379,0,236,128.0
textures\wave crest2.tga,wave crest2.tga,256,128,32768,RGBA,True,14965,17803,0,244,128.0
textures\waypoint.tga,waypoint.tga,64,64,4096,RGBA,True,2223,54,1819,3,16.0
textures\weapon polyphemus club.tga,weapon polyphemus club.tga,32,32,1024,RGBA,True,0,0,1024,1,4.0
textures\world a atlantis walls map.tga,world a atlantis walls map.tga,256,256,65536,RGBA,True,0,0,65536,1,256.0
textures\world a atlantis.tga,world a atlantis.tga,256,256,65536,RGBA,True,0,0,65536,1,256.0
textures\world a atlantisb.tga,world a atlantisb.tga,256,256,65536,RGBA,True,0,0,65536,1,256.0
textures\world a atlantisc.tga,world a atlantisc.tga,64,64,4096,RGBA,True,0,0,4096,1,16.0
textures\world a avalanche.tga,world a avalanche.tga,256,256,65536,RGBA,True,0,0,65536,1,256.0
textures\world a barrels map.tga,world a barrels map.tga,128,128,16384,RGBA,True,6829,52,9503,3,64.0
textures\world a berries decal map.tga,world a berries decal map.tga,32,32,1024,RGBA,True,309,715,0,75,4.0
textures\world a berries shadow map.tga,world a berries shadow map.tga,32,32,1024,RGBA,True,309,715,0,75,4.0
textures\world a berries.tga,world a berries.tga,128,64,8192,RGBA,True,5140,204,2848,3,32.0
textures\world a bolder wall ground.tga,world a bolder wall ground.tga,256,64,16384,RGBA,True,1357,15027,0,240,64.0
textures\world a bouy.tga,world a bouy.tga,32,32,1024,RGBA,True,792,0,232,2,4.0
textures\world a breastplate map.tga,world a breastplate map.tga,128,128,16384,RGBA,True,4027,129,12228,3,64.0
textures\world a bridge wood.tga,world a bridge wood.tga,256,128,32768,RGBA,True,6080,424,26264,3,128.0
textures\world a bush a shadow map.tga,world a bush a shadow map.tga,32,32,1024,RGBA,True,261,763,0,133,4.0
textures\world a bush d shadow map.tga,world a bush d shadow map.tga,32,32,1024,RGBA,True,764,260,0,2,4.0
textures\world a bush short map.tga,world a bush short map.tga,256,128,32768,RGBA,True,16890,565,15313,3,128.0
textures\world a bush.tga,world a bush.tga,128,128,16384,RGBA,True,13657,260,2467,3,64.0
textures\world a campfire decal.tga,world a campfire decal.tga,64,64,4096,RGBA,True,371,3725,0,202,16.0
textures\world a campfire.tga,world a campfire.tga,64,32,2048,RGBA,True,444,48,1556,3,8.0
textures\world a digsite.tga,world a digsite.tga,128,128,16384,RGBA,True,0,0,16384,1,64.0
textures\world a excavation 00 shadow map.tga,world a excavation 00 shadow map.tga,128,128,16384,RGBA,True,2503,13881,0,202,64.0
textures\world a excavation 100 shadow map.tga,world a excavation 100 shadow map.tga,128,128,16384,RGBA,True,4077,12307,0,219,64.0
textures\world a excavation sword.tga,world a excavation sword.tga,64,64,4096,RGBA,True,0,0,4096,1,16.0
textures\world a farm cabbage ground map.tga,world a farm cabbage ground map.tga,128,128,16384,RGBA,True,1608,14776,0,243,64.0
textures\world a farm cabbage ground map1.tga,world a farm cabbage ground map1.tga,128,128,16384,RGBA,True,0,0,16384,1,64.0
textures\world a farm cabbage ground map1_gloss.tga,world a farm cabbage ground map1_gloss.tga,128,128,16384,RGBA,True,0,0,16384,1,64.0
textures\world a farm cabbage ground map1_nm.tga,world a farm cabbage ground map1_nm.tga,128,128,16384,RGBA,True,0,0,16384,1,64.0
textures\world a farm cabbage ground map1_spec.tga,world a farm cabbage ground map1_spec.tga,128,128,16384,RGBA,True,0,0,16384,1,64.0
textures\world a farm cabbage ground map2.tga,world a farm cabbage ground map2.tga,128,128,16384,RGBA,True,0,0,16384,1,64.0
textures\world a farm cabbage ground map2_gloss.tga,world a farm cabbage ground map2_gloss.tga,256,256,65536,RGBA,True,0,0,65536,1,256.0
textures\world a farm cabbage ground map2_nm.tga,world a farm cabbage ground map2_nm.tga,128,128,16384,RGBA,True,0,0,16384,1,64.0
textures\world a farm cabbage ground map2_spec.tga,world a farm cabbage ground map2_spec.tga,128,128,16384,RGBA,True,0,0,16384,1,64.0
textures\world a farm cabbage ground map3.tga,world a farm cabbage ground map3.tga,128,128,16384,RGBA,True,0,0,16384,1,64.0
textures\world a farm cabbage ground map3_gloss.tga,world a farm cabbage ground map3_gloss.tga,128,128,16384,RGBA,True,0,0,16384,1,64.0
textures\world a farm cabbage ground map3_nm.tga,world a farm cabbage ground map3_nm.tga,128,128,16384,RGBA,True,0,0,16384,1,64.0
textures\world a farm cabbage ground map3_spec.tga,world a farm cabbage ground map3_spec.tga,128,128,16384,RGBA,True,0,0,16384,1,64.0
textures\world a farm cabbage ground map4.tga,world a farm cabbage ground map4.tga,128,128,16384,RGBA,True,0,0,16384,1,64.0
textures\world a farm cabbage ground map4_gloss.tga,world a farm cabbage ground map4_gloss.tga,128,128,16384,RGBA,True,0,0,16384,1,64.0
textures\world a farm cabbage ground map4_nm.tga,world a farm cabbage ground map4_nm.tga,128,128,16384,RGBA,True,0,0,16384,1,64.0
textures\world a farm cabbage ground map4_spec.tga,world a farm cabbage ground map4_spec.tga,128,128,16384,RGBA,True,0,0,16384,1,64.0
textures\world a farm cabbage ground map_gloss.tga,world a farm cabbage ground map_gloss.tga,256,256,65536,RGBA,True,0,0,65536,1,256.0
textures\world a farm cabbage ground map_nm.tga,world a farm cabbage ground map_nm.tga,128,128,16384,RGBA,True,0,0,16384,1,64.0
textures\world a farm cabbage ground map_spec.tga,world a farm cabbage ground map_spec.tga,128,128,16384,RGBA,True,0,0,16384,1,64.0
textures\world a farm cabbage selection map.tga,world a farm cabbage selection map.tga,256,256,65536,RGBA,True,0,0,65536,1,256.0
textures\world a farm cabbage01.tga,world a farm cabbage01.tga,256,256,65536,RGBA,True,6328,59208,0,245,256.0
textures\world a farm cabbage01_gloss.tga,world a farm cabbage01_gloss.tga,256,256,65536,RGBA,True,0,0,65536,1,256.0
textures\world a farm cabbage01_nm.tga,world a farm cabbage01_nm.tga,256,256,65536,RGBA,True,0,0,65536,1,256.0
textures\world a farm cabbage01_spec.tga,world a farm cabbage01_spec.tga,256,256,65536,RGBA,True,0,0,65536,1,256.0
textures\world a farm cabbage02.tga,world a farm cabbage02.tga,256,256,65536,RGBA,True,6328,59208,0,245,256.0
textures\world a farm cabbage02_gloss.tga,world a farm cabbage02_gloss.tga,256,256,65536,RGBA,True,0,0,65536,1,256.0
textures\world a farm cabbage02_nm.tga,world a farm cabbage02_nm.tga,256,256,65536,RGBA,True,0,0,65536,1,256.0
textures\world a farm cabbage02_spec.tga,world a farm cabbage02_spec.tga,256,256,65536,RGBA,True,0,0,65536,1,256.0
textures\world a farm cabbage03.tga,world a farm cabbage03.tga,256,256,65536,RGBA,True,6328,59208,0,245,256.0
textures\world a farm cabbage03_gloss.tga,world a farm cabbage03_gloss.tga,256,256,65536,RGBA,True,0,0,65536,1,256.0
textures\world a farm cabbage03_nm.tga,world a farm cabbage03_nm.tga,256,256,65536,RGBA,True,0,0,65536,1,256.0
textures\world a farm cabbage03_spec.tga,world a farm cabbage03_spec.tga,256,256,65536,RGBA,True,0,0,65536,1,256.0
textures\world a farm cabbage04.tga,world a farm cabbage04.tga,256,256,65536,RGBA,True,6088,59448,0,244,256.0
textures\world a farm cabbage04_gloss.tga,world a farm cabbage04_gloss.tga,256,256,65536,RGBA,True,0,0,65536,1,256.0
textures\world a farm cabbage04_nm.tga,world a farm cabbage04_nm.tga,256,256,65536,RGBA,True,0,0,65536,1,256.0
textures\world a farm cabbage04_spec.tga,world a farm cabbage04_spec.tga,256,256,65536,RGBA,True,0,0,65536,1,256.0
textures\world a farm fertile plants.tga,world a farm fertile plants.tga,128,128,16384,RGBA,True,6365,10019,0,241,64.0
textures\world a farm fertile plants_gloss.tga,world a farm fertile plants_gloss.tga,128,128,16384,RGBA,True,0,0,16384,1,64.0
textures\world a farm fertile plants_nm.tga,world a farm fertile plants_nm.tga,128,128,16384,RGBA,True,0,0,16384,1,64.0
textures\world a farm fertile plants_spec.tga,world a farm fertile plants_spec.tga,128,128,16384,RGBA,True,0,0,16384,1,64.0
textures\world a farm ground map.tga,world a farm ground map.tga,256,256,65536,RGBA,True,65536,0,0,1,256.0
textures\world a farm plants map.tga,world a farm plants map.tga,256,256,65536,RGBA,True,64149,85,1302,3,256.0
textures\world a fence stone.tga,world a fence stone.tga,64,32,2048,RGBA,True,0,0,2048,1,8.0
textures\world a fence wood.tga,world a fence wood.tga,64,32,2048,RGBA,True,0,0,2048,1,8.0
textures\world a firewood large shadow.tga,world a firewood large shadow.tga,32,32,1024,RGBA,True,634,390,0,38,4.0
textures\world a firewood medium shadow.tga,world a firewood medium shadow.tga,32,32,1024,RGBA,True,655,369,0,33,4.0
textures\world a firewood small shadow.tga,world a firewood small shadow.tga,32,32,1024,RGBA,True,585,439,0,31,4.0
textures\world a firewood.tga,world a firewood.tga,64,32,2048,RGBA,True,0,0,2048,1,8.0
textures\world a flowers.tga,world a flowers.tga,256,256,65536,RGBA,True,46471,734,18331,3,256.0
textures\world a fountain.tga,world a fountain.tga,64,64,4096,RGBA,True,0,0,4096,1,16.0
textures\world a gold bin.tga,world a gold bin.tga,64,32,2048,RGBA,True,0,0,2048,1,8.0
textures\world a gold decal map.tga,world a gold decal map.tga,256,256,65536,RGBA,True,8158,57378,0,248,256.0
textures\world a gold map.tga,world a gold map.tga,256,256,65536,RGBA,True,65536,0,0,1,256.0
textures\world a gold map_emissive.tga,world a gold map_emissive.tga,256,256,65536,RGBA,True,65536,0,0,1,256.0
textures\world a gold shadow map.tga,world a gold shadow map.tga,128,128,16384,RGBA,True,3346,13038,0,240,64.0
textures\world a grass decal map.tga,world a grass decal map.tga,64,64,4096,RGBA,True,4096,0,0,1,16.0
textures\world a grass map.tga,world a grass map.tga,128,128,16384,RGBA,True,14470,0,1914,2,64.0
textures\world a grass shadow map.tga,world a grass shadow map.tga,64,64,4096,RGBA,True,4096,0,0,1,16.0
textures\world a grassbrown shadow.tga,world a grassbrown shadow.tga,64,64,4096,RGBA,True,1872,2224,0,172,16.0
textures\world a grassbrown.tga,world a grassbrown.tga,128,128,16384,RGBA,True,12864,396,3124,3,64.0
textures\world a ground debris large.tga,world a ground debris large.tga,256,64,16384,RGBA,True,2498,13886,0,244,64.0
textures\world a ground debris medium.tga,world a ground debris medium.tga,128,64,8192,RGBA,True,1667,6525,0,238,32.0
textures\world a ground debris small.tga,world a ground debris small.tga,64,64,4096,RGBA,True,1094,3002,0,218,16.0
textures\world a iron fence.tga,world a iron fence.tga,64,16,1024,RGBA,True,0,0,1024,1,4.0
textures\world a jade decal map.tga,world a jade decal map.tga,128,128,16384,RGBA,True,3559,12825,0,115,64.0
textures\world a jade map.tga,world a jade map.tga,256,256,65536,RGBA,True,0,0,65536,1,256.0
textures\world a jade map_emissive.tga,world a jade map_emissive.tga,256,256,65536,RGBA,True,65536,0,0,1,256.0
textures\world a papyrus shadow map.tga,world a papyrus shadow map.tga,64,64,4096,RGBA,True,2394,1702,0,153,16.0
textures\world a papyrus.tga,world a papyrus.tga,64,64,4096,RGBA,True,2830,77,1189,3,16.0
textures\world a props 1.tga,world a props 1.tga,256,128,32768,RGBA,True,0,0,32768,1,128.0
textures\world a raft.tga,world a raft.tga,64,64,4096,RGBA,True,0,0,4096,1,16.0
textures\world a reeds decal map.tga,world a reeds decal map.tga,64,64,4096,RGBA,True,1872,2224,0,172,16.0
textures\world a reeds map.tga,world a reeds map.tga,128,128,16384,RGBA,True,12266,428,3690,3,64.0
textures\world a reeds shadow map.tga,world a reeds shadow map.tga,64,64,4096,RGBA,True,1872,2224,0,172,16.0
textures\world a relic armor of achilles.tga,world a relic armor of achilles.tga,128,64,8192,RGBA,True,8192,0,0,1,32.0
textures\world a relic arrows of the alfar.tga,world a relic arrows of the alfar.tga,128,64,8192,RGBA,True,1728,0,6464,2,32.0
textures\world a relic eye of horus.tga,world a relic eye of horus.tga,128,64,8192,RGBA,True,8192,0,0,1,32.0
textures\world a relic fetters of fenrir.tga,world a relic fetters of fenrir.tga,128,64,8192,RGBA,True,8192,0,0,1,32.0
textures\world a relic golden bridle of pegasus.tga,world a relic golden bridle of pegasus.tga,128,64,8192,RGBA,True,8192,0,0,1,32.0
textures\world a relic head of orpheus.tga,world a relic head of orpheus.tga,128,64,8192,RGBA,True,8192,0,0,1,32.0
textures\world a relic kithara of apollo.tga,world a relic kithara of apollo.tga,128,64,8192,RGBA,True,704,0,7488,2,32.0
textures\world a relic monkey.tga,world a relic monkey.tga,128,64,8192,RGBA,True,0,0,8192,1,32.0
textures\world a relic ring of the nibelung.tga,world a relic ring of the nibelung.tga,128,64,8192,RGBA,True,8192,0,0,1,32.0
textures\world a relic ship of fingernails.tga,world a relic ship of fingernails.tga,128,64,8192,RGBA,True,8192,0,0,1,32.0
textures\world a relic standard.tga,world a relic standard.tga,64,64,4096,RGBA,True,704,0,3392,2,16.0
textures\world a relic the wedjat eye.tga,world a relic the wedjat eye.tga,128,64,8192,RGBA,True,8192,0,0,1,32.0
textures\world a repeat map.tga,world a repeat map.tga,64,64,4096,RGBA,True,2899,53,1144,3,16.0
textures\world a riverrocks decal map.tga,world a riverrocks decal map.tga,128,128,16384,RGBA,True,5052,11332,0,210,64.0
textures\world a riverrocks map.tga,world a riverrocks map.tga,256,256,65536,RGBA,True,0,0,65536,1,256.0
textures\world a riverrocks shadow map.tga,world a riverrocks shadow map.tga,128,128,16384,RGBA,True,5052,11332,0,210,64.0
textures\world a road 4 intersection.tga,world a road 4 intersection.tga,128,128,16384,RGBA,True,4515,11869,0,102,64.0
textures\world a road corner.tga,world a road corner.tga,128,128,16384,RGBA,True,8666,7718,0,124,64.0
textures\world a road end.tga,world a road end.tga,64,64,4096,RGBA,True,271,3825,0,154,16.0
textures\world a road straight.tga,world a road straight.tga,128,64,8192,RGBA,True,388,7804,0,137,32.0
textures\world a road t section.tga,world a road t section.tga,128,128,16384,RGBA,True,6516,9868,0,128,64.0
textures\world a roasting pig.tga,world a roasting pig.tga,128,64,8192,RGBA,True,444,48,7700,3,32.0
textures\world a rock sprite brown a.tga,world a rock sprite brown a.tga,32,32,1024,RGBA,True,710,314,0,26,4.0
textures\world a rock sprite brown b.tga,world a rock sprite brown b.tga,32,32,1024,RGBA,True,649,375,0,55,4.0
textures\world a rock sprite brown c.tga,world a rock sprite brown c.tga,32,32,1024,RGBA,True,565,459,0,14,4.0
textures\world a rock sprite brown d.tga,world a rock sprite brown d.tga,32,32,1024,RGBA,True,304,720,0,104,4.0
textures\world a rock sprite brown e.tga,world a rock sprite brown e.tga,32,32,1024,RGBA,True,667,357,0,14,4.0
textures\world a rock sprite dirt a.tga,world a rock sprite dirt a.tga,32,32,1024,RGBA,True,726,298,0,9,4.0
textures\world a rock sprite dirt b.tga,world a rock sprite dirt b.tga,32,32,1024,RGBA,True,696,328,0,23,4.0
textures\world a rock sprite dirt c.tga,world a rock sprite dirt c.tga,32,32,1024,RGBA,True,579,445,0,4,4.0
textures\world a rock sprite dirt d.tga,world a rock sprite dirt d.tga,32,32,1024,RGBA,True,415,609,0,45,4.0
textures\world a rock sprite dirt e.tga,world a rock sprite dirt e.tga,32,32,1024,RGBA,True,671,353,0,4,4.0
textures\world a rock sprite dkgrey snow a.tga,world a rock sprite dkgrey snow a.tga,32,32,1024,RGBA,True,252,772,0,141,4.0
textures\world a rock sprite dkgrey snow b.tga,world a rock sprite dkgrey snow b.tga,32,32,1024,RGBA,True,382,642,0,134,4.0
textures\world a rock sprite dkgrey snow c.tga,world a rock sprite dkgrey snow c.tga,32,32,1024,RGBA,True,323,701,0,137,4.0
textures\world a rock sprite dkgrey snow d.tga,world a rock sprite dkgrey snow d.tga,32,32,1024,RGBA,True,297,727,0,148,4.0
textures\world a rock sprite dkgrey snow e.tga,world a rock sprite dkgrey snow e.tga,32,32,1024,RGBA,True,331,693,0,123,4.0
textures\world a rock sprite grey a.tga,world a rock sprite grey a.tga,32,32,1024,RGBA,True,661,363,0,4,4.0
textures\world a rock sprite grey b.tga,world a rock sprite grey b.tga,32,32,1024,RGBA,True,641,383,0,14,4.0
textures\world a rock sprite grey c.tga,world a rock sprite grey c.tga,32,32,1024,RGBA,True,759,265,0,12,4.0
textures\world a rock sprite grey d.tga,world a rock sprite grey d.tga,32,32,1024,RGBA,True,576,448,0,9,4.0
textures\world a rock sprite grey e.tga,world a rock sprite grey e.tga,32,32,1024,RGBA,True,718,306,0,9,4.0
textures\world a rock sprite overgrown a.tga,world a rock sprite overgrown a.tga,32,32,1024,RGBA,True,670,354,0,3,4.0
textures\world a rock sprite overgrown b.tga,world a rock sprite overgrown b.tga,32,32,1024,RGBA,True,641,383,0,6,4.0
textures\world a rock sprite overgrown c.tga,world a rock sprite overgrown c.tga,32,32,1024,RGBA,True,776,248,0,4,4.0
textures\world a rock sprite overgrown d.tga,world a rock sprite overgrown d.tga,32,32,1024,RGBA,True,588,436,0,4,4.0
textures\world a rock sprite overgrown e.tga,world a rock sprite overgrown e.tga,32,32,1024,RGBA,True,718,306,0,3,4.0
textures\world a rock sprites map.tga,world a rock sprites map.tga,128,128,16384,RGBA,True,14119,276,1989,3,64.0
textures\world a rocks decal map.tga,world a rocks decal map.tga,128,128,16384,RGBA,True,5052,11332,0,210,64.0
textures\world a rocks map.tga,world a rocks map.tga,256,256,65536,RGBA,True,0,0,65536,1,256.0
textures\world a rocks map2.tga,world a rocks map2.tga,256,256,65536,RGBA,True,0,0,65536,1,256.0
textures\world a rocks shadow map.tga,world a rocks shadow map.tga,128,128,16384,RGBA,True,5052,11332,0,210,64.0
textures\world a rocks underworld.tga,world a rocks underworld.tga,256,128,32768,RGBA,True,0,0,32768,1,128.0
textures\world a rotting log shadow.tga,world a rotting log shadow.tga,64,32,2048,RGBA,True,825,1223,0,160,8.0
textures\world a rottinglog shadow.tga,world a rottinglog shadow.tga,64,32,2048,RGBA,True,825,1223,0,160,8.0
textures\world a rottinglog.tga,world a rottinglog.tga,32,128,4096,RGBA,True,0,0,4096,1,16.0
textures\world a seaweed decal.tga,world a seaweed decal.tga,32,32,1024,RGBA,True,400,624,0,166,4.0
textures\world a seaweed shadow.tga,world a seaweed shadow.tga,32,32,1024,RGBA,True,400,624,0,166,4.0
textures\world a seaweed.tga,world a seaweed.tga,32,64,2048,RGBA,True,1442,25,581,3,8.0
textures\world a sign.tga,world a sign.tga,64,32,2048,RGBA,True,325,5,1718,3,8.0
textures\world a skeleton.tga,world a skeleton.tga,64,64,4096,RGBA,True,0,0,4096,1,16.0
textures\world a stalagmite.tga,world a stalagmite.tga,256,256,65536,RGBA,True,0,0,65536,1,256.0
textures\world a stick shadow map.tga,world a stick shadow map.tga,32,32,1024,RGBA,True,487,537,0,16,4.0
textures\world a stone blocks shadow.tga,world a stone blocks shadow.tga,32,32,1024,RGBA,True,701,323,0,60,4.0
textures\world a stone blocks.tga,world a stone blocks.tga,128,128,16384,RGBA,True,0,0,16384,1,64.0
textures\world a tamarisk branch.tga,world a tamarisk branch.tga,128,128,16384,RGBA,True,14131,2253,0,160,64.0
textures\world a tamarisk tree decal.tga,world a tamarisk tree decal.tga,128,128,16384,RGBA,True,5985,10399,0,122,64.0
textures\world a tamarisk tree leaf.tga,world a tamarisk tree leaf.tga,256,256,65536,RGBA,True,33584,31952,0,244,256.0
textures\world a tamarisk tree light wood.tga,world a tamarisk tree light wood.tga,64,64,4096,RGBA,True,0,0,4096,1,16.0
textures\world a tamarisk tree shadow.tga,world a tamarisk tree shadow.tga,128,128,16384,RGBA,True,5985,10399,0,122,64.0
textures\world a tamarisk tree.tga,world a tamarisk tree.tga,256,256,65536,RGBA,True,0,0,65536,1,256.0
textures\world a tanrack.tga,world a tanrack.tga,128,64,8192,RGBA,True,2162,160,5870,3,32.0
textures\world a taproot decal.tga,world a taproot decal.tga,256,128,32768,RGBA,True,1299,31469,0,82,128.0
textures\world a taproot insides.tga,world a taproot insides.tga,64,64,4096,RGBA,True,0,0,4096,1,16.0
textures\world a taproot large decal.tga,world a taproot large decal.tga,256,256,65536,RGBA,True,21739,43797,0,241,256.0
textures\world a taproot large shadow.tga,world a taproot large shadow.tga,256,256,65536,RGBA,True,21780,43756,0,2,256.0
textures\world a taproot large.tga,world a taproot large.tga,256,256,65536,RGBA,True,0,0,65536,1,256.0
textures\world a taproot shadow.tga,world a taproot shadow.tga,256,128,32768,RGBA,True,1299,31469,0,82,128.0
textures\world a taproot small decal.tga,world a taproot small decal.tga,64,64,4096,RGBA,True,683,3413,0,49,16.0
textures\world a taproot small shadow.tga,world a taproot small shadow.tga,64,64,4096,RGBA,True,683,3413,0,49,16.0
textures\world a tents map.tga,world a tents map.tga,256,256,65536,RGBA,True,62302,26,3208,3,256.0
textures\world a tree roots map.tga,world a tree roots map.tga,64,64,4096,RGBA,True,2855,128,1113,3,16.0
textures\world a tsunami range indicator.tga,world a tsunami range indicator.tga,64,64,4096,RGBA,True,3000,774,322,85,16.0
textures\world a tunnel decal.tga,world a tunnel decal.tga,32,32,1024,RGBA,True,124,900,0,2,4.0
textures\world a tunnel shadow.tga,world a tunnel shadow.tga,32,32,1024,RGBA,True,124,900,0,2,4.0
textures\world a underworld crator.tga,world a underworld crator.tga,256,256,65536,RGBA,True,8284,27772,29480,256,256.0
textures\world a underworld decal shadow map.tga,world a underworld decal shadow map.tga,128,128,16384,RGBA,True,5052,11332,0,210,64.0
textures\world a underworld passage color transform.tga,world a underworld passage color transform.tga,64,64,4096,RGBA,True,3497,27,572,3,16.0
textures\world a underworld passage crator.tga,world a underworld passage crator.tga,256,256,65536,RGBA,True,9842,55694,0,245,256.0
textures\world a underworld passage rock.tga,world a underworld passage rock.tga,128,64,8192,RGBA,True,0,0,8192,1,32.0
textures\world a underworld rock.tga,world a underworld rock.tga,256,256,65536,RGBA,True,0,0,65536,1,256.0
textures\world a underworld rocks decal map.tga,world a underworld rocks decal map.tga,128,128,16384,RGBA,True,5052,11332,0,210,64.0
textures\world a underworld rocks shadow map.tga,world a underworld rocks shadow map.tga,128,128,16384,RGBA,True,5052,11332,0,210,64.0
textures\world a waterfall blue water.tga,world a waterfall blue water.tga,128,128,16384,RGBA,True,1,0,16383,2,64.0
textures\world a waterfall rocks limestone.tga,world a waterfall rocks limestone.tga,128,128,16384,RGBA,True,0,0,16384,1,64.0
textures\world a waterfall top water.tga,world a waterfall top water.tga,128,128,16384,RGBA,True,6157,10227,0,243,64.0
textures\world a waterfall white water.tga,world a waterfall white water.tga,256,256,65536,RGBA,True,2372,63164,0,244,256.0
textures\world a waterlilly shadow.tga,world a waterlilly shadow.tga,64,64,4096,RGBA,True,1191,2905,0,93,16.0
textures\world a waypoint flag.tga,world a waypoint flag.tga,128,64,8192,RGBA,True,6144,0,2048,2,32.0
textures\world c bamboo tree burnt.tga,world c bamboo tree burnt.tga,128,128,16384,RGBA,True,12249,2315,1820,93,64.0
textures\world c bamboo tree.tga,world c bamboo tree.tga,128,128,16384,RGBA,True,12249,2315,1820,93,64.0
textures\world c dam.tga,world c dam.tga,128,128,16384,RGBA,True,16384,0,0,1,64.0
textures\world c flag.tga,world c flag.tga,128,64,8192,RGBA,True,1810,2221,4161,184,32.0
textures\world c statue fuxi head.tga,world c statue fuxi head.tga,64,64,4096,RGBA,True,4096,0,0,1,16.0
textures\world c statue fuxi.tga,world c statue fuxi.tga,128,128,16384,RGBA,True,15593,223,568,36,64.0
textures\world c statue nuwa stand.tga,world c statue nuwa stand.tga,32,64,2048,RGBA,True,1984,0,64,2,8.0
textures\world c statue nuwa.tga,world c statue nuwa.tga,128,128,16384,RGBA,True,14225,1232,927,131,64.0
textures\world c statue shennong head.tga,world c statue shennong head.tga,64,64,4096,RGBA,True,4096,0,0,1,16.0
textures\world c statue shennong.tga,world c statue shennong.tga,128,128,16384,RGBA,True,15575,81,728,9,64.0
textures\world e brazier map.tga,world e brazier map.tga,64,64,4096,RGBA,True,0,0,4096,1,16.0
textures\world e catapult broken shadow map.tga,world e catapult broken shadow map.tga,128,128,16384,RGBA,True,0,0,16384,1,64.0
textures\world e column.tga,world e column.tga,64,32,2048,RGBA,True,0,0,2048,1,8.0
textures\world e flag.tga,world e flag.tga,128,64,8192,RGBA,True,1639,16,6537,3,32.0
textures\world e fountain spray map.tga,world e fountain spray map.tga,64,64,4096,RGBA,True,1970,2126,0,198,16.0
textures\world e fountain.tga,world e fountain.tga,64,32,2048,RGBA,True,0,0,2048,1,8.0
textures\world e garrison flag.tga,world e garrison flag.tga,64,32,2048,RGBA,True,650,21,1377,3,8.0
textures\world e milestone.tga,world e milestone.tga,32,32,1024,RGBA,True,0,0,1024,1,4.0
textures\world e palm burnt.tga,world e palm burnt.tga,256,256,65536,RGBA,True,53003,672,11861,3,256.0
textures\world e palm decal map.tga,world e palm decal map.tga,64,64,4096,RGBA,True,3735,361,0,71,16.0
textures\world e palm map.tga,world e palm map.tga,256,256,65536,RGBA,True,25860,1066,38610,3,256.0
textures\world e palm mapb.tga,world e palm mapb.tga,256,256,65536,RGBA,True,47797,475,17264,3,256.0
textures\world e palm shadow map.tga,world e palm shadow map.tga,64,64,4096,RGBA,True,3735,361,0,71,16.0
textures\world e palm sprite map.tga,world e palm sprite map.tga,256,256,65536,RGBA,True,46481,421,18634,3,256.0
textures\world e palm stump decal map.tga,world e palm stump decal map.tga,64,64,4096,RGBA,True,3735,361,0,71,16.0
textures\world e palm stump shadow map.tga,world e palm stump shadow map.tga,64,64,4096,RGBA,True,3735,361,0,71,16.0
textures\world e rugs.tga,world e rugs.tga,64,64,4096,RGBA,True,1760,2336,0,2,16.0
textures\world e savannah burnt map.tga,world e savannah burnt map.tga,256,256,65536,RGBA,True,44855,1801,18880,3,256.0
textures\world e savannah map.tga,world e savannah map.tga,256,256,65536,RGBA,True,44855,1801,18880,3,256.0
textures\world e statue anubite base.tga,world e statue anubite base.tga,64,32,2048,RGBA,True,0,0,2048,1,8.0
textures\world e statue anubite.tga,world e statue anubite.tga,128,128,16384,RGBA,True,0,0,16384,1,64.0
textures\world e statue isis sprite.tga,world e statue isis sprite.tga,128,64,8192,RGBA,True,6796,32,1364,3,32.0
textures\world e statue isis.tga,world e statue isis.tga,128,128,16384,RGBA,True,16097,0,287,2,64.0
textures\world e statue ra sprite.tga,world e statue ra sprite.tga,128,64,8192,RGBA,True,5715,54,2423,3,32.0
textures\world e statue ra.tga,world e statue ra.tga,128,128,16384,RGBA,True,13778,0,2606,2,64.0
textures\world e statue set sprite.tga,world e statue set sprite.tga,128,64,8192,RGBA,True,6447,59,1686,3,32.0
textures\world e statue set.tga,world e statue set.tga,128,128,16384,RGBA,True,16091,31,262,3,64.0
textures\world e tent shadow map.tga,world e tent shadow map.tga,64,64,4096,RGBA,True,1650,2446,0,60,16.0
textures\world e tent.tga,world e tent.tga,128,128,16384,RGBA,True,15338,0,1046,2,64.0
textures\world e torch.tga,world e torch.tga,64,32,2048,RGBA,True,0,0,2048,1,8.0
textures\world e weapons 1 shadow map.tga,world e weapons 1 shadow map.tga,32,32,1024,RGBA,True,559,465,0,98,4.0
textures\world e weapons 2 shadow map.tga,world e weapons 2 shadow map.tga,32,32,1024,RGBA,True,547,477,0,89,4.0
textures\world e weapons 3 shadow map.tga,world e weapons 3 shadow map.tga,32,32,1024,RGBA,True,617,407,0,101,4.0
textures\world e weapons 4 shadow map.tga,world e weapons 4 shadow map.tga,32,32,1024,RGBA,True,614,410,0,87,4.0
textures\world g aspen burnt map.tga,world g aspen burnt map.tga,256,256,65536,RGBA,True,50166,965,14405,3,256.0
textures\world g aspen.tga,world g aspen.tga,256,256,65536,RGBA,True,50166,965,14405,3,256.0
textures\world g brazier map.tga,world g brazier map.tga,64,64,4096,RGBA,True,0,0,4096,1,16.0
textures\world g column.tga,world g column.tga,128,64,8192,RGBA,True,0,0,8192,1,32.0
textures\world g flag.tga,world g flag.tga,128,64,8192,RGBA,True,442,43,7707,3,32.0
textures\world g fountain.tga,world g fountain.tga,64,32,2048,RGBA,True,0,0,2048,1,8.0
textures\world g garrison flag.tga,world g garrison flag.tga,64,32,2048,RGBA,True,1076,0,972,2,8.0
textures\world g hades temple.tga,world g hades temple.tga,256,256,65536,RGBA,True,64440,0,1096,2,256.0
textures\world g helmet map.tga,world g helmet map.tga,128,128,16384,RGBA,True,0,0,16384,1,64.0
textures\world g milestone.tga,world g milestone.tga,32,32,1024,RGBA,True,0,0,1024,1,4.0
textures\world g oak burnt.tga,world g oak burnt.tga,256,256,65536,RGBA,True,53812,424,11300,3,256.0
textures\world g oak cinematic map.tga,world g oak cinematic map.tga,256,256,65536,RGBA,True,33796,598,31142,3,256.0
textures\world g oak decal map.tga,world g oak decal map.tga,64,64,4096,RGBA,True,3343,753,0,97,16.0
textures\world g oak mapb.tga,world g oak mapb.tga,256,256,65536,RGBA,True,45115,1847,18574,3,256.0
textures\world g oak shadow map.tga,world g oak shadow map.tga,64,64,4096,RGBA,True,233,3863,0,137,16.0
textures\world g oak sprite b.tga,world g oak sprite b.tga,256,256,65536,RGBA,True,33796,598,31142,3,256.0
textures\world g oak sprite map.tga,world g oak sprite map.tga,256,256,65536,RGBA,True,47307,1452,16777,3,256.0
textures\world g oak stump burnt decal map.tga,world g oak stump burnt decal map.tga,64,64,4096,RGBA,True,2777,1319,0,118,16.0
textures\world g oak stump burnt shadow map.tga,world g oak stump burnt shadow map.tga,64,64,4096,RGBA,True,2777,1319,0,118,16.0
textures\world g oak stump decal map.tga,world g oak stump decal map.tga,64,64,4096,RGBA,True,3343,753,0,97,16.0
textures\world g oak stump shadow map.tga,world g oak stump shadow map.tga,64,64,4096,RGBA,True,3343,753,0,97,16.0
textures\world g oaktree all map.tga,world g oaktree all map.tga,256,256,65536,RGBA,True,39580,2872,23084,3,256.0
textures\world g petrobolos broken shadow map.tga,world g petrobolos broken shadow map.tga,128,128,16384,RGBA,True,0,0,16384,1,64.0
textures\world g shrine map.tga,world g shrine map.tga,128,128,16384,RGBA,True,15469,0,915,2,64.0
textures\world g statue base.tga,world g statue base.tga,64,32,2048,RGBA,True,0,0,2048,1,8.0
textures\world g statue chimera tail.tga,world g statue chimera tail.tga,64,64,4096,RGBA,True,0,0,4096,1,16.0
textures\world g statue chimera.tga,world g statue chimera.tga,128,128,16384,RGBA,True,0,0,16384,1,64.0
textures\world g statue colossus base.tga,world g statue colossus base.tga,64,32,2048,RGBA,True,0,0,2048,1,8.0
textures\world g statue colossus.tga,world g statue colossus.tga,128,128,16384,RGBA,True,0,0,16384,1,64.0
textures\world g statue cyclops.tga,world g statue cyclops.tga,256,256,65536,RGBA,True,0,0,65536,1,256.0
textures\world g statue hades sprite.tga,world g statue hades sprite.tga,128,64,8192,RGBA,True,6613,69,1510,3,32.0
textures\world g statue hades.tga,world g statue hades.tga,128,128,16384,RGBA,True,16066,0,318,2,64.0
textures\world g statue hydra.tga,world g statue hydra.tga,256,256,65536,RGBA,True,0,0,65536,1,256.0
textures\world g statue minotaur axe.tga,world g statue minotaur axe.tga,32,32,1024,RGBA,True,0,0,1024,1,4.0
textures\world g statue minotaur.tga,world g statue minotaur.tga,256,256,65536,RGBA,True,0,0,65536,1,256.0
textures\world g statue poseidon base.tga,world g statue poseidon base.tga,64,32,2048,RGBA,True,2048,0,0,1,8.0
textures\world g statue poseidon sprite.tga,world g statue poseidon sprite.tga,128,64,8192,RGBA,True,6616,79,1497,3,32.0
textures\world g statue poseidon trident.tga,world g statue poseidon trident.tga,32,32,1024,RGBA,True,616,408,0,33,4.0
textures\world g statue poseidon.tga,world g statue poseidon.tga,128,128,16384,RGBA,True,15641,33,710,3,64.0
textures\world g statue zeus seated.tga,world g statue zeus seated.tga,128,128,16384,RGBA,True,0,0,16384,1,64.0
textures\world g statue zeus sprite.tga,world g statue zeus sprite.tga,128,64,8192,RGBA,True,6105,63,2024,3,32.0
textures\world g statue zeus.tga,world g statue zeus.tga,128,128,16384,RGBA,True,15830,0,554,2,64.0
textures\world g tent shadow map.tga,world g tent shadow map.tga,64,64,4096,RGBA,True,2457,1639,0,53,16.0
textures\world g tent.tga,world g tent.tga,128,128,16384,RGBA,True,15444,76,864,3,64.0
textures\world g torch.tga,world g torch.tga,64,32,2048,RGBA,True,0,0,2048,1,8.0
textures\world g weapons 1 shadow map.tga,world g weapons 1 shadow map.tga,32,32,1024,RGBA,True,679,345,0,84,4.0
textures\world g weapons 2 shadow map.tga,world g weapons 2 shadow map.tga,32,32,1024,RGBA,True,596,428,0,85,4.0
textures\world g weapons 3 shadow map.tga,world g weapons 3 shadow map.tga,32,32,1024,RGBA,True,701,323,0,77,4.0
textures\world g weapons 4 shadow map.tga,world g weapons 4 shadow map.tga,32,32,1024,RGBA,True,653,371,0,81,4.0
textures\world g zues uwpassage shadow.tga,world g zues uwpassage shadow.tga,64,64,4096,RGBA,True,1962,2134,0,67,16.0
textures\world g zues uwpassage.tga,world g zues uwpassage.tga,256,256,65536,RGBA,True,65536,0,0,1,256.0
textures\world g zuesstairs.tga,world g zuesstairs.tga,128,128,16384,RGBA,True,16384,0,0,1,64.0
textures\world m marsh stump decal.tga,world m marsh stump decal.tga,32,32,1024,RGBA,True,870,154,0,51,4.0
textures\world m marsh stump shadow.tga,world m marsh stump shadow.tga,32,32,1024,RGBA,True,870,154,0,51,4.0
textures\world m marsh tree burnt map.tga,world m marsh tree burnt map.tga,256,256,65536,RGBA,True,40956,746,23834,3,256.0
textures\world m marsh tree decal.tga,world m marsh tree decal.tga,32,32,1024,RGBA,True,870,154,0,51,4.0
textures\world m marsh tree shadow.tga,world m marsh tree shadow.tga,32,32,1024,RGBA,True,353,671,0,75,4.0
textures\world m marsh tree.tga,world m marsh tree.tga,256,256,65536,RGBA,True,40956,746,23834,3,256.0
textures\world n ballista broken shadow map.tga,world n ballista broken shadow map.tga,64,64,4096,RGBA,True,2683,1413,0,110,16.0
textures\world n brazier map.tga,world n brazier map.tga,64,64,4096,RGBA,True,0,0,4096,1,16.0
textures\world n column.tga,world n column.tga,64,32,2048,RGBA,True,0,0,2048,1,8.0
textures\world n flag.tga,world n flag.tga,128,64,8192,RGBA,True,2874,75,5243,3,32.0
textures\world n fountain.tga,world n fountain.tga,64,32,2048,RGBA,True,0,0,2048,1,8.0
textures\world n garrison flag.tga,world n garrison flag.tga,64,32,2048,RGBA,True,675,11,1362,3,8.0
textures\world n loki statue map.tga,world n loki statue map.tga,128,128,16384,RGBA,True,15684,116,584,3,64.0
textures\world n milestone.tga,world n milestone.tga,64,64,4096,RGBA,True,0,0,4096,1,16.0
textures\world n odin statue antlers map.tga,world n odin statue antlers map.tga,64,64,4096,RGBA,True,1538,2558,0,131,16.0
textures\world n odin statue map.tga,world n odin statue map.tga,128,128,16384,RGBA,True,15491,90,803,3,64.0
textures\world n pine burnt.tga,world n pine burnt.tga,256,256,65536,RGBA,True,53891,621,11024,3,256.0
textures\world n pine decal map.tga,world n pine decal map.tga,64,64,4096,RGBA,True,3735,361,0,71,16.0
textures\world n pine map.tga,world n pine map.tga,256,256,65536,RGBA,True,37197,1983,26356,3,256.0
textures\world n pine map2 dead tree.tga,world n pine map2 dead tree.tga,64,64,4096,RGBA,True,3772,38,286,3,16.0
textures\world n pine map2.tga,world n pine map2.tga,256,256,65536,RGBA,True,32314,1646,31576,3,256.0
textures\world n pine map2snow.tga,world n pine map2snow.tga,256,256,65536,RGBA,True,33202,1616,30718,3,256.0
textures\World N Pine Shadow map.tga,World N Pine Shadow map.tga,64,64,4096,RGBA,True,4096,0,0,1,16.0
textures\world n pine sprite b.tga,world n pine sprite b.tga,256,256,65536,RGBA,True,43617,440,21479,3,256.0
textures\world n pine sprite.tga,world n pine sprite.tga,256,256,65536,RGBA,True,42693,301,22542,3,256.0
textures\world n pine stump decal map.tga,world n pine stump decal map.tga,64,64,4096,RGBA,True,3735,361,0,71,16.0
textures\world n pine stump shadow map.tga,world n pine stump shadow map.tga,64,64,4096,RGBA,True,3735,361,0,71,16.0
textures\world n ram broken shadow map.tga,world n ram broken shadow map.tga,128,128,16384,RGBA,True,0,0,16384,1,64.0
textures\world n rocksnow map.tga,world n rocksnow map.tga,128,128,16384,RGBA,True,0,0,16384,1,64.0
textures\world n rocksymbols grass map.tga,world n rocksymbols grass map.tga,64,64,4096,RGBA,True,2350,1746,0,215,16.0
textures\world n rocksymbols map.tga,world n rocksymbols map.tga,128,128,16384,RGBA,True,0,0,16384,1,64.0
textures\world n rocksymbols shadow map.tga,world n rocksymbols shadow map.tga,32,32,1024,RGBA,True,281,743,0,35,4.0
textures\world n runestone map.tga,world n runestone map.tga,128,128,16384,RGBA,True,0,0,16384,1,64.0
textures\world n runestone shadow map.tga,world n runestone shadow map.tga,32,32,1024,RGBA,True,336,688,0,36,4.0
textures\world n statue loki sprite.tga,world n statue loki sprite.tga,128,64,8192,RGBA,True,6041,25,2126,3,32.0
textures\world n statue loki.tga,world n statue loki.tga,128,128,16384,RGBA,True,15875,48,461,3,64.0
textures\world n statue mountain giant base.tga,world n statue mountain giant base.tga,64,32,2048,RGBA,True,0,0,2048,1,8.0
textures\world n statue mountain giant club.tga,world n statue mountain giant club.tga,32,16,512,RGBA,True,0,0,512,1,2.0
textures\world n statue mountain giant head.tga,world n statue mountain giant head.tga,32,32,1024,RGBA,True,0,0,1024,1,4.0
textures\world n statue mountain giant.tga,world n statue mountain giant.tga,64,64,4096,RGBA,True,0,0,4096,1,16.0
textures\world n statue odin sprite.tga,world n statue odin sprite.tga,128,64,8192,RGBA,True,5938,54,2200,3,32.0
textures\world n statue odin.tga,world n statue odin.tga,128,128,16384,RGBA,True,16008,53,323,3,64.0
textures\world n statue shadow map.tga,world n statue shadow map.tga,32,32,1024,RGBA,True,173,851,0,29,4.0
textures\world n statue thor sprite.tga,world n statue thor sprite.tga,128,64,8192,RGBA,True,5733,48,2411,3,32.0
textures\world n statue thor.tga,world n statue thor.tga,128,128,16384,RGBA,True,15893,58,433,3,64.0
textures\world n statue tree stump.tga,world n statue tree stump.tga,128,128,16384,RGBA,True,0,0,16384,1,64.0
textures\world n tent shadow map.tga,world n tent shadow map.tga,64,64,4096,RGBA,True,2352,1744,0,47,16.0
textures\world n tent.tga,world n tent.tga,128,128,16384,RGBA,True,16199,20,165,3,64.0
textures\world n thor statue map.tga,world n thor statue map.tga,128,128,16384,RGBA,True,15684,116,584,3,64.0
textures\world n torch.tga,world n torch.tga,64,32,2048,RGBA,True,0,0,2048,1,8.0
textures\world n tree all map.tga,world n tree all map.tga,256,256,65536,RGBA,True,37197,1983,26356,3,256.0
textures\world n tree burning map.tga,world n tree burning map.tga,256,256,65536,RGBA,True,52879,601,12056,3,256.0
textures\world n tree roots map.tga,world n tree roots map.tga,64,64,4096,RGBA,True,2855,128,1113,3,16.0
textures\world n weapons 1 shadow map.tga,world n weapons 1 shadow map.tga,32,32,1024,RGBA,True,550,474,0,98,4.0
textures\world n weapons 2 shadow map.tga,world n weapons 2 shadow map.tga,32,32,1024,RGBA,True,642,382,0,89,4.0
textures\world n weapons 3 shadow map.tga,world n weapons 3 shadow map.tga,32,32,1024,RGBA,True,550,474,0,97,4.0
textures\world n weapons 4 shadow map.tga,world n weapons 4 shadow map.tga,32,32,1024,RGBA,True,494,530,0,93,4.0
textures\world n well of urd ground map b.tga,world n well of urd ground map b.tga,256,256,65536,RGBA,True,13536,52000,0,241,256.0
textures\world n well of urd ground map.tga,world n well of urd ground map.tga,256,256,65536,RGBA,True,13177,52359,0,241,256.0
textures\world n well of urd runes map.tga,world n well of urd runes map.tga,128,128,16384,RGBA,True,0,0,16384,1,64.0
textures\world n well of urd.tga,world n well of urd.tga,256,256,65536,RGBA,True,0,0,65536,1,256.0
textures\world t tundra burnt map.tga,world t tundra burnt map.tga,256,256,65536,RGBA,True,45810,476,19250,3,256.0
textures\world t tundra stump decal.tga,world t tundra stump decal.tga,32,32,1024,RGBA,True,877,147,0,35,4.0
textures\world t tundra stump shadow.tga,world t tundra stump shadow.tga,32,32,1024,RGBA,True,877,147,0,35,4.0
textures\world t tundra tree decal.tga,world t tundra tree decal.tga,32,32,1024,RGBA,True,877,147,0,35,4.0
textures\world t tundra tree shadow.tga,world t tundra tree shadow.tga,32,32,1024,RGBA,True,351,673,0,46,4.0
textures\world t tundra tree.tga,world t tundra tree.tga,256,256,65536,RGBA,True,44675,624,20237,3,256.0
textures\world x column brokena shadow.tga,world x column brokena shadow.tga,32,32,1024,RGBA,True,768,256,0,59,4.0
textures\world x column brokenb shadow.tga,world x column brokenb shadow.tga,32,32,1024,RGBA,True,797,227,0,50,4.0
textures\world x column brokenc shadow.tga,world x column brokenc shadow.tga,32,32,1024,RGBA,True,793,231,0,68,4.0
textures\world x column brokend shadow.tga,world x column brokend shadow.tga,32,32,1024,RGBA,True,552,472,0,59,4.0
textures\world x column fallen shadow.tga,world x column fallen shadow.tga,32,32,1024,RGBA,True,792,232,0,11,4.0
textures\world x column shadow.tga,world x column shadow.tga,32,32,1024,RGBA,True,712,312,0,32,4.0
textures\world x column.tga,world x column.tga,128,64,8192,RGBA,True,0,0,8192,1,32.0
textures\world x earth 01.tga,world x earth 01.tga,256,256,65536,RGBA,True,0,0,65536,1,256.0
textures\world x earth 02.tga,world x earth 02.tga,256,256,65536,RGBA,True,0,0,65536,1,256.0
textures\world x earth 03.tga,world x earth 03.tga,256,256,65536,RGBA,True,0,0,65536,1,256.0
textures\world x earth 04.tga,world x earth 04.tga,256,256,65536,RGBA,True,0,0,65536,1,256.0
textures\world x earth map.tga,world x earth map.tga,256,256,65536,RGBA,True,0,0,65536,1,256.0
textures\world x gaia  statue map.tga,world x gaia  statue map.tga,128,128,16384,RGBA,True,15582,59,743,3,64.0
textures\world x lava pit.tga,world x lava pit.tga,256,256,65536,RGBA,True,0,0,65536,1,256.0
textures\world x stars map.tga,world x stars map.tga,256,256,65536,RGBA,True,0,0,65536,1,256.0
textures\world x statue gaia sprite.tga,world x statue gaia sprite.tga,128,64,8192,RGBA,True,4637,95,3460,3,32.0
textures\world x statue kronos sprite.tga,world x statue kronos sprite.tga,128,64,8192,RGBA,True,4391,93,3708,3,32.0
textures\world x statue oranos sprite.tga,world x statue oranos sprite.tga,128,64,8192,RGBA,True,3553,21,4618,3,32.0
textures\world x volcano lava.tga,world x volcano lava.tga,128,128,16384,RGBA,True,0,0,16384,1,64.0
textures\world x volcano.tga,world x volcano.tga,256,256,65536,RGBA,True,0,0,65536,1,256.0
textures\_missingtexture.tga,_missingtexture.tga,256,256,65536,RGBA,True,0,0,65536,1,256.0
textures\cursors\command board icon.tga,command board icon.tga,32,32,1024,RGBA,True,299,0,725,2,4.0
textures\cursors\command cursor icon.tga,command cursor icon.tga,32,32,1024,RGBA,True,546,0,478,2,4.0
textures\cursors\command gather resource icon.tga,command gather resource icon.tga,32,32,1024,RGBA,True,546,0,478,2,4.0
textures\cursors\command god no gaia icon.tga,command god no gaia icon.tga,32,32,1024,RGBA,True,0,0,1024,1,4.0
textures\cursors\command god no gaia mono icon.tga,command god no gaia mono icon.tga,32,32,1024,RGBA,True,0,0,1024,1,4.0
textures\cursors\command god no isis icon.tga,command god no isis icon.tga,32,32,1024,RGBA,True,528,0,496,2,4.0
textures\cursors\command god power icon.tga,command god power icon.tga,32,32,1024,RGBA,True,780,0,244,2,4.0
textures\cursors\command help icon.tga,command help icon.tga,32,32,1024,RGBA,True,809,0,215,2,4.0
textures\cursors\command herdable gaia icon.tga,command herdable gaia icon.tga,32,32,1024,RGBA,True,0,0,1024,1,4.0
textures\cursors\command no god power icon.tga,command no god power icon.tga,32,32,1024,RGBA,True,564,0,460,2,4.0
textures\cursors\command point icon.tga,command point icon.tga,32,32,1024,RGBA,True,546,0,478,2,4.0
textures\cursors\command resource drop off icon.tga,command resource drop off icon.tga,32,32,1024,RGBA,True,489,0,535,2,4.0
textures\cursors\command unboard icon.tga,command unboard icon.tga,32,32,1024,RGBA,True,273,0,751,2,4.0
textures\cursors\cursor black.tga,cursor black.tga,8,8,64,RGBA,True,0,0,64,1,0.3
textures\cursors\cursor.tga,cursor.tga,16,16,256,RGBA,True,161,0,95,2,1.0
textures\cursors\cursor_ankh.tga,cursor_ankh.tga,32,32,1024,RGBA,True,669,0,355,2,4.0
textures\cursors\cursor_attack.tga,cursor_attack.tga,32,32,1024,RGBA,True,806,0,218,2,4.0
textures\cursors\cursor_build.tga,cursor_build.tga,32,32,1024,RGBA,True,748,0,276,2,4.0
textures\cursors\cursor_can't build.tga,cursor_can't build.tga,32,32,1024,RGBA,True,0,0,1024,1,4.0
textures\cursors\cursor_convert.tga,cursor_convert.tga,32,32,1024,RGBA,True,546,0,478,2,4.0
textures\cursors\cursor_dropfood.tga,cursor_dropfood.tga,32,32,1024,RGBA,True,480,0,544,2,4.0
textures\cursors\cursor_dropgold.tga,cursor_dropgold.tga,32,32,1024,RGBA,True,492,0,532,2,4.0
textures\cursors\cursor_dropwood.tga,cursor_dropwood.tga,32,32,1024,RGBA,True,460,0,564,2,4.0
textures\cursors\cursor_empower.tga,cursor_empower.tga,32,32,1024,RGBA,True,669,0,355,2,4.0
textures\cursors\cursor_flare.tga,cursor_flare.tga,32,32,1024,RGBA,True,770,0,254,2,4.0
textures\cursors\cursor_garrison.tga,cursor_garrison.tga,32,32,1024,RGBA,True,299,0,725,2,4.0
textures\cursors\cursor_gather.tga,cursor_gather.tga,32,32,1024,RGBA,True,489,0,535,2,4.0
textures\cursors\cursor_gatherfavor.tga,cursor_gatherfavor.tga,32,32,1024,RGBA,True,552,0,472,2,4.0
textures\cursors\cursor_gatherfood.tga,cursor_gatherfood.tga,32,32,1024,RGBA,True,0,0,1024,1,4.0
textures\cursors\cursor_gathergold.tga,cursor_gathergold.tga,32,32,1024,RGBA,True,0,0,1024,1,4.0
textures\cursors\cursor_gatherwood.tga,cursor_gatherwood.tga,32,32,1024,RGBA,True,0,0,1024,1,4.0
textures\cursors\cursor_guard.tga,cursor_guard.tga,32,32,1024,RGBA,True,315,0,709,2,4.0
textures\cursors\cursor_help.tga,cursor_help.tga,32,32,1024,RGBA,True,546,0,478,2,4.0
textures\cursors\cursor_load.tga,cursor_load.tga,32,32,1024,RGBA,True,299,0,725,2,4.0
textures\cursors\cursor_moveto.tga,cursor_moveto.tga,32,32,1024,RGBA,True,546,0,478,2,4.0
textures\cursors\cursor_no.tga,cursor_no.tga,32,32,1024,RGBA,True,566,0,458,2,4.0
textures\cursors\cursor_patrol.tga,cursor_patrol.tga,32,32,1024,RGBA,True,637,0,387,2,4.0
textures\cursors\cursor_pointer.tga,cursor_pointer.tga,32,32,1024,RGBA,True,546,0,478,2,4.0
textures\cursors\cursor_pray.tga,cursor_pray.tga,32,32,1024,RGBA,True,552,0,472,2,4.0
textures\cursors\cursor_repair.tga,cursor_repair.tga,32,32,1024,RGBA,True,637,0,387,2,4.0
textures\cursors\cursor_unload.tga,cursor_unload.tga,32,32,1024,RGBA,True,273,0,751,2,4.0
textures\cursors\cursor_waiting.tga,cursor_waiting.tga,32,32,1024,RGBA,True,692,0,332,2,4.0
textures\cursors\cursor_workon.tga,cursor_workon.tga,32,32,1024,RGBA,True,637,0,387,2,4.0
textures\cursors\scale_both cursor.tga,scale_both cursor.tga,32,32,1024,RGBA,True,767,0,257,2,4.0
textures\cursors\scale_horiz cursor.tga,scale_horiz cursor.tga,32,32,1024,RGBA,True,768,0,256,2,4.0
textures\cursors\scale_vert cursor.tga,scale_vert cursor.tga,32,32,1024,RGBA,True,768,0,256,2,4.0
textures\icons\aggressive active.tga,aggressive active.tga,32,32,1024,RGBA,True,0,0,1024,1,4.0
textures\icons\aggressive.tga,aggressive.tga,32,32,1024,RGBA,True,134,890,0,15,4.0
textures\icons\alfred icon 64.tga,alfred icon 64.tga,64,64,4096,RGBA,True,4096,0,0,1,16.0
textures\icons\alfred icon.tga,alfred icon.tga,64,64,4096,RGBA,True,4096,0,0,1,16.0
textures\icons\animal aurochs icon 64.tga,animal aurochs icon 64.tga,64,64,4096,RGBA,True,0,0,4096,1,16.0
textures\icons\animal aurochs icon.tga,animal aurochs icon.tga,64,64,4096,RGBA,True,0,0,4096,1,16.0
textures\icons\animal baboon icon 64.tga,animal baboon icon 64.tga,64,64,4096,RGBA,True,0,0,4096,1,16.0
textures\icons\animal baboon icon.tga,animal baboon icon.tga,64,64,4096,RGBA,True,0,0,4096,1,16.0
textures\icons\animal bear icon 64.tga,animal bear icon 64.tga,64,64,4096,RGBA,True,0,0,4096,1,16.0
textures\icons\animal bear icon.tga,animal bear icon.tga,64,64,4096,RGBA,True,0,0,4096,1,16.0
textures\icons\animal boar icon 64.tga,animal boar icon 64.tga,64,64,4096,RGBA,True,0,0,4096,1,16.0
textures\icons\animal boar icon.tga,animal boar icon.tga,64,64,4096,RGBA,True,0,0,4096,1,16.0
textures\icons\animal camel icon 64.tga,animal camel icon 64.tga,64,64,4096,RGBA,True,0,0,4096,1,16.0
textures\icons\animal camel icon.tga,animal camel icon.tga,64,64,4096,RGBA,True,0,0,4096,1,16.0
textures\icons\animal caribou icon 64.tga,animal caribou icon 64.tga,64,64,4096,RGBA,True,0,0,4096,1,16.0
textures\icons\animal caribou icon.tga,animal caribou icon.tga,64,64,4096,RGBA,True,0,0,4096,1,16.0
textures\icons\animal chicken icon 64.tga,animal chicken icon 64.tga,64,64,4096,RGBA,True,0,0,4096,1,16.0
textures\icons\animal chicken icon.tga,animal chicken icon.tga,64,64,4096,RGBA,True,0,0,4096,1,16.0
textures\icons\animal cow icon 64.tga,animal cow icon 64.tga,64,64,4096,RGBA,True,0,0,4096,1,16.0
textures\icons\animal cow icon.tga,animal cow icon.tga,64,64,4096,RGBA,True,0,0,4096,1,16.0
textures\icons\animal crocodile icon 64.tga,animal crocodile icon 64.tga,64,64,4096,RGBA,True,0,0,4096,1,16.0
textures\icons\animal crocodile icon.tga,animal crocodile icon.tga,64,64,4096,RGBA,True,0,0,4096,1,16.0
textures\icons\animal crowned crane icon 64.tga,animal crowned crane icon 64.tga,64,64,4096,RGBA,True,0,0,4096,1,16.0
textures\icons\animal crowned crane icon.tga,animal crowned crane icon.tga,64,64,4096,RGBA,True,0,0,4096,1,16.0
textures\icons\animal deer icon 64.tga,animal deer icon 64.tga,64,64,4096,RGBA,True,0,0,4096,1,16.0
textures\icons\animal deer icon.tga,animal deer icon.tga,64,64,4096,RGBA,True,0,0,4096,1,16.0
textures\icons\animal duck icon.tga,animal duck icon.tga,64,64,4096,RGBA,True,0,0,4096,1,16.0
textures\icons\animal elephant icon 64.tga,animal elephant icon 64.tga,64,64,4096,RGBA,True,0,0,4096,1,16.0
textures\icons\animal elephant icon.tga,animal elephant icon.tga,64,64,4096,RGBA,True,0,0,4096,1,16.0
textures\icons\animal elk icon 64.tga,animal elk icon 64.tga,64,64,4096,RGBA,True,0,0,4096,1,16.0
textures\icons\animal elk icon.tga,animal elk icon.tga,64,64,4096,RGBA,True,0,0,4096,1,16.0
textures\icons\animal fish icon 64.tga,animal fish icon 64.tga,64,64,4096,RGBA,True,0,0,4096,1,16.0
textures\icons\animal fish icon.tga,animal fish icon.tga,64,64,4096,RGBA,True,0,0,4096,1,16.0
textures\icons\animal gazelle icon 64.tga,animal gazelle icon 64.tga,64,64,4096,RGBA,True,0,0,4096,1,16.0
textures\icons\animal gazelle icon.tga,animal gazelle icon.tga,64,64,4096,RGBA,True,0,0,4096,1,16.0
textures\icons\animal giraffe icon 64.tga,animal giraffe icon 64.tga,64,64,4096,RGBA,True,0,0,4096,1,16.0
textures\icons\animal giraffe icon.tga,animal giraffe icon.tga,64,64,4096,RGBA,True,0,0,4096,1,16.0
textures\icons\animal goat icon 64.tga,animal goat icon 64.tga,64,64,4096,RGBA,True,0,0,4096,1,16.0
textures\icons\animal goat icon.tga,animal goat icon.tga,64,64,4096,RGBA,True,0,0,4096,1,16.0
textures\icons\animal hippo icon 64.tga,animal hippo icon 64.tga,64,64,4096,RGBA,True,0,0,4096,1,16.0
textures\icons\animal hippo icon.tga,animal hippo icon.tga,64,64,4096,RGBA,True,0,0,4096,1,16.0
textures\icons\animal hyena icon 64.tga,animal hyena icon 64.tga,64,64,4096,RGBA,True,0,0,4096,1,16.0
textures\icons\animal hyena icon.tga,animal hyena icon.tga,64,64,4096,RGBA,True,0,0,4096,1,16.0
textures\icons\animal lion icon 64.tga,animal lion icon 64.tga,64,64,4096,RGBA,True,0,0,4096,1,16.0
textures\icons\animal lion icon.tga,animal lion icon.tga,64,64,4096,RGBA,True,0,0,4096,1,16.0
textures\icons\animal lizard icon.tga,animal lizard icon.tga,256,256,65536,RGBA,True,0,0,65536,1,256.0
textures\icons\animal monkey icon 64.tga,animal monkey icon 64.tga,64,64,4096,RGBA,True,0,0,4096,1,16.0
textures\icons\animal monkey icon.tga,animal monkey icon.tga,64,64,4096,RGBA,True,0,0,4096,1,16.0
textures\icons\animal panda bear icon.tga,animal panda bear icon.tga,64,64,4096,RGBA,True,0,0,4096,1,16.0
textures\icons\animal pig icon 64.tga,animal pig icon 64.tga,64,64,4096,RGBA,True,0,0,4096,1,16.0
textures\icons\animal pig icon.tga,animal pig icon.tga,64,64,4096,RGBA,True,0,0,4096,1,16.0
textures\icons\animal polar bear icon 64.tga,animal polar bear icon 64.tga,64,64,4096,RGBA,True,0,0,4096,1,16.0
textures\icons\animal polar bear icon.tga,animal polar bear icon.tga,64,64,4096,RGBA,True,0,0,4096,1,16.0
textures\icons\animal ram icon 64.tga,animal ram icon 64.tga,64,64,4096,RGBA,True,0,0,4096,1,16.0
textures\icons\animal ram icon.tga,animal ram icon.tga,64,64,4096,RGBA,True,0,0,4096,1,16.0
textures\icons\animal rhino icon 64.tga,animal rhino icon 64.tga,64,64,4096,RGBA,True,0,0,4096,1,16.0
textures\icons\animal rhino icon.tga,animal rhino icon.tga,64,64,4096,RGBA,True,0,0,4096,1,16.0
textures\icons\animal tiger icon.tga,animal tiger icon.tga,64,64,4096,RGBA,True,0,0,4096,1,16.0
textures\icons\animal walrus icon 64.tga,animal walrus icon 64.tga,64,64,4096,RGBA,True,0,0,4096,1,16.0
textures\icons\animal walrus icon.tga,animal walrus icon.tga,64,64,4096,RGBA,True,0,0,4096,1,16.0
textures\icons\animal waterbuffalo icon 64.tga,animal waterbuffalo icon 64.tga,64,64,4096,RGBA,True,0,0,4096,1,16.0
textures\icons\animal waterbuffalo icon.tga,animal waterbuffalo icon.tga,64,64,4096,RGBA,True,0,0,4096,1,16.0
textures\icons\animal wolf icon 64.tga,animal wolf icon 64.tga,64,64,4096,RGBA,True,0,0,4096,1,16.0
textures\icons\animal wolf icon.tga,animal wolf icon.tga,64,64,4096,RGBA,True,0,0,4096,1,16.0
textures\icons\animal yak icon.tga,animal yak icon.tga,64,64,4096,RGBA,True,0,0,4096,1,16.0
textures\icons\animal zebra icon 64.tga,animal zebra icon 64.tga,64,64,4096,RGBA,True,0,0,4096,1,16.0
textures\icons\animal zebra icon.tga,animal zebra icon.tga,64,64,4096,RGBA,True,0,0,4096,1,16.0
textures\icons\archer c chu ko nu icon.tga,archer c chu ko nu icon.tga,64,64,4096,RGBA,True,0,0,4096,1,16.0
textures\icons\archer c mounted archer icon.tga,archer c mounted archer icon.tga,64,64,4096,RGBA,True,0,0,4096,1,16.0
textures\icons\archer e slinger icon 64.tga,archer e slinger icon 64.tga,64,64,4096,RGBA,True,0,0,4096,1,16.0
textures\icons\archer e slinger icon.tga,archer e slinger icon.tga,64,64,4096,RGBA,True,0,0,4096,1,16.0
textures\icons\archer g crossbowman icon 64.tga,archer g crossbowman icon 64.tga,64,64,4096,RGBA,True,0,0,4096,1,16.0
textures\icons\archer g crossbowman icon.tga,archer g crossbowman icon.tga,64,64,4096,RGBA,True,0,0,4096,1,16.0
textures\icons\archer g peltast icon 64.tga,archer g peltast icon 64.tga,64,64,4096,RGBA,True,0,0,4096,1,16.0
textures\icons\archer g peltast icon.tga,archer g peltast icon.tga,64,64,4096,RGBA,True,0,0,4096,1,16.0
textures\icons\archer g toxotes icon 64.tga,archer g toxotes icon 64.tga,64,64,4096,RGBA,True,0,0,4096,1,16.0
textures\icons\archer g toxotes icon.tga,archer g toxotes icon.tga,64,64,4096,RGBA,True,0,0,4096,1,16.0
textures\icons\archer n bogsveigir icon.tga,archer n bogsveigir icon.tga,64,64,4096,RGBA,True,0,0,4096,1,16.0
textures\icons\archer n throwing axeman icon 64.tga,archer n throwing axeman icon 64.tga,64,64,4096,RGBA,True,0,0,4096,1,16.0
textures\icons\archer n throwing axeman icon.tga,archer n throwing axeman icon.tga,64,64,4096,RGBA,True,0,0,4096,1,16.0
textures\icons\archer x arcus hero icons 32.tga,archer x arcus hero icons 32.tga,64,64,4096,RGBA,True,0,0,4096,1,16.0
textures\icons\archer x arcus hero icons 64.tga,archer x arcus hero icons 64.tga,64,64,4096,RGBA,True,0,0,4096,1,16.0
textures\icons\archer x arcus icons 32.tga,archer x arcus icons 32.tga,64,64,4096,RGBA,True,0,0,4096,1,16.0
textures\icons\archer x arcus icons 64.tga,archer x arcus icons 64.tga,64,64,4096,RGBA,True,0,0,4096,1,16.0
textures\icons\bella 32.tga,bella 32.tga,64,64,4096,RGBA,True,0,0,4096,1,16.0
textures\icons\bella 64.tga,bella 64.tga,64,64,4096,RGBA,True,0,0,4096,1,16.0
textures\icons\bevel 32x16 square out.tga,bevel 32x16 square out.tga,32,16,512,RGBA,True,0,0,512,1,2.0
textures\icons\bevel profileframe.tga,bevel profileframe.tga,64,64,4096,RGBA,True,3600,0,496,2,16.0
textures\icons\bevel square gold in.tga,bevel square gold in.tga,64,64,4096,RGBA,True,2704,0,1392,2,16.0
textures\icons\bevel square gold out.tga,bevel square gold out.tga,64,64,4096,RGBA,True,2704,0,1392,2,16.0
textures\icons\bevel square in.tga,bevel square in.tga,64,64,4096,RGBA,True,2704,0,1392,2,16.0
textures\icons\bevel square out.tga,bevel square out.tga,64,64,4096,RGBA,True,2704,0,1392,2,16.0
textures\icons\bevel square red in.tga,bevel square red in.tga,32,32,1024,RGBA,True,732,292,0,16,4.0
textures\icons\bevel square red out.tga,bevel square red out.tga,32,32,1024,RGBA,True,1024,0,0,1,4.0
textures\icons\bevel square.tga,bevel square.tga,64,64,4096,RGBA,True,3712,0,384,2,16.0
textures\icons\bevel thinframe.tga,bevel thinframe.tga,32,32,1024,RGBA,True,896,0,128,2,4.0
textures\icons\boat c fishing icon.tga,boat c fishing icon.tga,64,64,4096,RGBA,True,0,0,4096,1,16.0
textures\icons\boat e fishing boat icon 64.tga,boat e fishing boat icon 64.tga,64,64,4096,RGBA,True,0,0,4096,1,16.0
textures\icons\boat e fishing boat icon.tga,boat e fishing boat icon.tga,64,64,4096,RGBA,True,0,0,4096,1,16.0
textures\icons\boat e kebenit icon 64.tga,boat e kebenit icon 64.tga,64,64,4096,RGBA,True,0,0,4096,1,16.0
textures\icons\boat e kebenit icon.tga,boat e kebenit icon.tga,64,64,4096,RGBA,True,0,0,4096,1,16.0
textures\icons\boat e ramming galley icon 64.tga,boat e ramming galley icon 64.tga,64,64,4096,RGBA,True,0,0,4096,1,16.0
textures\icons\boat e ramming galley icon.tga,boat e ramming galley icon.tga,64,64,4096,RGBA,True,0,0,4096,1,16.0
textures\icons\boat e transport icon 64.tga,boat e transport icon 64.tga,64,64,4096,RGBA,True,0,0,4096,1,16.0
textures\icons\boat e transport icon.tga,boat e transport icon.tga,64,64,4096,RGBA,True,0,0,4096,1,16.0
textures\icons\boat e warbarge icon 64.tga,boat e warbarge icon 64.tga,64,64,4096,RGBA,True,0,0,4096,1,16.0
textures\icons\boat e warbarge icon.tga,boat e warbarge icon.tga,64,64,4096,RGBA,True,0,0,4096,1,16.0
textures\icons\boat g argo icon 64.tga,boat g argo icon 64.tga,64,64,4096,RGBA,True,0,0,4096,1,16.0
textures\icons\boat g argo icon.tga,boat g argo icon.tga,64,64,4096,RGBA,True,0,0,4096,1,16.0
textures\icons\boat g fishing boat icon 64.tga,boat g fishing boat icon 64.tga,64,64,4096,RGBA,True,0,0,4096,1,16.0
textures\icons\boat g fishing boat icon.tga,boat g fishing boat icon.tga,64,64,4096,RGBA,True,0,0,4096,1,16.0
textures\icons\boat g juggernaught icon 64.tga,boat g juggernaught icon 64.tga,64,64,4096,RGBA,True,0,0,4096,1,16.0
textures\icons\boat g juggernaught icon.tga,boat g juggernaught icon.tga,64,64,4096,RGBA,True,0,0,4096,1,16.0
textures\icons\boat g pentekonter icon 64.tga,boat g pentekonter icon 64.tga,64,64,4096,RGBA,True,0,0,4096,1,16.0
textures\icons\boat g pentekonter icon.tga,boat g pentekonter icon.tga,64,64,4096,RGBA,True,0,0,4096,1,16.0
textures\icons\boat g transport icon 64.tga,boat g transport icon 64.tga,64,64,4096,RGBA,True,0,0,4096,1,16.0
textures\icons\boat g transport icon.tga,boat g transport icon.tga,64,64,4096,RGBA,True,0,0,4096,1,16.0
textures\icons\boat g trireme icon 64.tga,boat g trireme icon 64.tga,64,64,4096,RGBA,True,0,0,4096,1,16.0
textures\icons\boat g trireme icon.tga,boat g trireme icon.tga,64,64,4096,RGBA,True,0,0,4096,1,16.0
textures\icons\boat n dragonship icon 64.tga,boat n dragonship icon 64.tga,64,64,4096,RGBA,True,0,0,4096,1,16.0
textures\icons\boat n dragonship icon.tga,boat n dragonship icon.tga,64,64,4096,RGBA,True,0,0,4096,1,16.0
textures\icons\boat n drakkar icon 64.tga,boat n drakkar icon 64.tga,64,64,4096,RGBA,True,0,0,4096,1,16.0
textures\icons\boat n drakkar icon.tga,boat n drakkar icon.tga,64,64,4096,RGBA,True,0,0,4096,1,16.0
textures\icons\boat n fishing boat icon 64.tga,boat n fishing boat icon 64.tga,64,64,4096,RGBA,True,0,0,4096,1,16.0
textures\icons\boat n fishing boat icon.tga,boat n fishing boat icon.tga,64,64,4096,RGBA,True,0,0,4096,1,16.0
textures\icons\boat n longboat icon 64.tga,boat n longboat icon 64.tga,64,64,4096,RGBA,True,0,0,4096,1,16.0
textures\icons\boat n longboat icon.tga,boat n longboat icon.tga,64,64,4096,RGBA,True,0,0,4096,1,16.0
textures\icons\boat n transport icon 64.tga,boat n transport icon 64.tga,64,64,4096,RGBA,True,0,0,4096,1,16.0
textures\icons\boat n transport icon.tga,boat n transport icon.tga,64,64,4096,RGBA,True,0,0,4096,1,16.0
textures\icons\boat x bireme icons 32.tga,boat x bireme icons 32.tga,64,64,4096,RGBA,True,0,0,4096,1,16.0
textures\icons\boat x bireme icons 64.tga,boat x bireme icons 64.tga,64,64,4096,RGBA,True,0,0,4096,1,16.0
textures\icons\boat x fire ship atlantean icons 32.tga,boat x fire ship atlantean icons 32.tga,64,64,4096,RGBA,True,0,0,4096,1,16.0
textures\icons\boat x fire ship atlantean icons 64.tga,boat x fire ship atlantean icons 64.tga,64,64,4096,RGBA,True,0,0,4096,1,16.0
textures\icons\boat x fishing ship atlantean icons 32.tga,boat x fishing ship atlantean icons 32.tga,64,64,4096,RGBA,True,0,0,4096,1,16.0
textures\icons\boat x fishing ship atlantean icons 64.tga,boat x fishing ship atlantean icons 64.tga,64,64,4096,RGBA,True,0,0,4096,1,16.0
textures\icons\boat x siege ship atlantean icons 32.tga,boat x siege ship atlantean icons 32.tga,64,64,4096,RGBA,True,0,0,4096,1,16.0
textures\icons\boat x siege ship atlantean icons 64.tga,boat x siege ship atlantean icons 64.tga,64,64,4096,RGBA,True,0,0,4096,1,16.0
textures\icons\boat x transport ship atlantean icons 32.tga,boat x transport ship atlantean icons 32.tga,64,64,4096,RGBA,True,0,0,4096,1,16.0
textures\icons\boat x transport ship atlantean icons 64.tga,boat x transport ship atlantean icons 64.tga,64,64,4096,RGBA,True,0,0,4096,1,16.0
textures\icons\building academy icon 64 .tga,building academy icon 64 .tga,64,64,4096,RGBA,True,0,0,4096,1,16.0
textures\icons\building academy icon.tga,building academy icon.tga,64,64,4096,RGBA,True,0,0,4096,1,16.0
textures\icons\building archery range icon 64.tga,building archery range icon 64.tga,64,64,4096,RGBA,True,0,0,4096,1,16.0
textures\icons\building archery range icon.tga,building archery range icon.tga,64,64,4096,RGBA,True,0,0,4096,1,16.0
textures\icons\building armory icon 64.tga,building armory icon 64.tga,64,64,4096,RGBA,True,0,0,4096,1,16.0
textures\icons\building armory icon.tga,building armory icon.tga,64,64,4096,RGBA,True,0,0,4096,1,16.0
textures\icons\building barracks icon 64.tga,building barracks icon 64.tga,64,64,4096,RGBA,True,0,0,4096,1,16.0
textures\icons\building barracks icon.tga,building barracks icon.tga,64,64,4096,RGBA,True,0,0,4096,1,16.0
textures\icons\building barracks icons 128.tga,building barracks icons 128.tga,128,128,16384,RGBA,True,0,0,16384,1,64.0
textures\icons\building barracks icons 32.tga,building barracks icons 32.tga,64,64,4096,RGBA,True,0,0,4096,1,16.0
textures\icons\building barracks icons 64.tga,building barracks icons 64.tga,64,64,4096,RGBA,True,0,0,4096,1,16.0
textures\icons\building bronze wall icons 32.tga,building bronze wall icons 32.tga,64,64,4096,RGBA,True,0,0,4096,1,16.0
textures\icons\building bronze wall icons 64.tga,building bronze wall icons 64.tga,64,64,4096,RGBA,True,0,0,4096,1,16.0
textures\icons\building chinese fortress icon.tga,building chinese fortress icon.tga,64,64,4096,RGBA,True,0,0,4096,1,16.0
textures\icons\building dock icon 64.tga,building dock icon 64.tga,64,64,4096,RGBA,True,0,0,4096,1,16.0
textures\icons\building dock icon.tga,building dock icon.tga,64,64,4096,RGBA,True,0,0,4096,1,16.0
textures\icons\building garden icon.tga,building garden icon.tga,64,64,4096,RGBA,True,0,0,4096,1,16.0
textures\icons\building granary icon 64.tga,building granary icon 64.tga,64,64,4096,RGBA,True,0,0,4096,1,16.0
textures\icons\building granary icon.tga,building granary icon.tga,64,64,4096,RGBA,True,0,0,4096,1,16.0
textures\icons\building guard tower icon 64.tga,building guard tower icon 64.tga,64,64,4096,RGBA,True,0,0,4096,1,16.0
textures\icons\building guard tower icon.tga,building guard tower icon.tga,64,64,4096,RGBA,True,0,0,4096,1,16.0
textures\icons\building guild icons 128.tga,building guild icons 128.tga,128,128,16384,RGBA,True,0,0,16384,1,64.0
textures\icons\building guild icons 32.tga,building guild icons 32.tga,64,64,4096,RGBA,True,0,0,4096,1,16.0
textures\icons\building guild icons 64.tga,building guild icons 64.tga,64,64,4096,RGBA,True,0,0,4096,1,16.0
textures\icons\building house icon 64.tga,building house icon 64.tga,64,64,4096,RGBA,True,0,0,4096,1,16.0
textures\icons\building house icon.tga,building house icon.tga,64,64,4096,RGBA,True,0,0,4096,1,16.0
textures\icons\building iron wall icons 32.tga,building iron wall icons 32.tga,64,64,4096,RGBA,True,0,0,4096,1,16.0
textures\icons\building iron wall icons 64.tga,building iron wall icons 64.tga,64,64,4096,RGBA,True,0,0,4096,1,16.0
textures\icons\building lighthouse icon 64.tga,building lighthouse icon 64.tga,64,64,4096,RGBA,True,0,0,4096,1,16.0
textures\icons\building lighthouse icon.tga,building lighthouse icon.tga,64,64,4096,RGBA,True,0,0,4096,1,16.0
textures\icons\building lion statue icon 64.tga,building lion statue icon 64.tga,64,64,4096,RGBA,True,0,0,4096,1,16.0
textures\icons\building lumbercamp icon 64.tga,building lumbercamp icon 64.tga,64,64,4096,RGBA,True,0,0,4096,1,16.0
textures\icons\building lumbercamp icon.tga,building lumbercamp icon.tga,64,64,4096,RGBA,True,0,0,4096,1,16.0
textures\icons\building manor icons 128.tga,building manor icons 128.tga,128,128,16384,RGBA,True,0,0,16384,1,64.0
textures\icons\building manor icons 32.tga,building manor icons 32.tga,64,64,4096,RGBA,True,0,0,4096,1,16.0
textures\icons\building manor icons 64.tga,building manor icons 64.tga,64,64,4096,RGBA,True,0,0,4096,1,16.0
textures\icons\building market icon 64.tga,building market icon 64.tga,64,64,4096,RGBA,True,0,0,4096,1,16.0
textures\icons\building market icon.tga,building market icon.tga,64,64,4096,RGBA,True,0,0,4096,1,16.0
textures\icons\building mining camp icon 64.tga,building mining camp icon 64.tga,64,64,4096,RGBA,True,0,0,4096,1,16.0
textures\icons\building mining camp icon.tga,building mining camp icon.tga,64,64,4096,RGBA,True,0,0,4096,1,16.0
textures\icons\building monument five icon 64.tga,building monument five icon 64.tga,64,64,4096,RGBA,True,0,0,4096,1,16.0
textures\icons\building monument five icon.tga,building monument five icon.tga,64,64,4096,RGBA,True,0,0,4096,1,16.0
textures\icons\building monument four icon 64.tga,building monument four icon 64.tga,64,64,4096,RGBA,True,0,0,4096,1,16.0
textures\icons\building monument four icon.tga,building monument four icon.tga,64,64,4096,RGBA,True,0,0,4096,1,16.0
textures\icons\building monument one icon 64.tga,building monument one icon 64.tga,64,64,4096,RGBA,True,0,0,4096,1,16.0
textures\icons\building monument one icon.tga,building monument one icon.tga,64,64,4096,RGBA,True,0,0,4096,1,16.0
textures\icons\building monument three icon 64.tga,building monument three icon 64.tga,64,64,4096,RGBA,True,0,0,4096,1,16.0
textures\icons\building monument three icon.tga,building monument three icon.tga,64,64,4096,RGBA,True,0,0,4096,1,16.0
textures\icons\building monument two icon 64.tga,building monument two icon 64.tga,64,64,4096,RGBA,True,0,0,4096,1,16.0
textures\icons\building monument two icon.tga,building monument two icon.tga,64,64,4096,RGBA,True,0,0,4096,1,16.0
textures\icons\building norse shrine icon 64.tga,building norse shrine icon 64.tga,64,64,4096,RGBA,True,0,0,4096,1,16.0
textures\icons\building norse shrine icon.tga,building norse shrine icon.tga,64,64,4096,RGBA,True,0,0,4096,1,16.0
textures\icons\building orichalkos wall icons 32.tga,building orichalkos wall icons 32.tga,64,64,4096,RGBA,True,0,0,4096,1,16.0
textures\icons\building orichalkos wall icons 64.tga,building orichalkos wall icons 64.tga,64,64,4096,RGBA,True,0,0,4096,1,16.0
textures\icons\building osiris pyramid icon 64.tga,building osiris pyramid icon 64.tga,64,64,4096,RGBA,True,0,0,4096,1,16.0
textures\icons\building osiris pyramid icon.tga,building osiris pyramid icon.tga,64,64,4096,RGBA,True,0,0,4096,1,16.0
textures\icons\building outpost icon 64.tga,building outpost icon 64.tga,64,64,4096,RGBA,True,0,0,4096,1,16.0
textures\icons\building outpost icon.tga,building outpost icon.tga,64,64,4096,RGBA,True,0,0,4096,1,16.0
textures\icons\building palace icons 128.tga,building palace icons 128.tga,128,128,16384,RGBA,True,0,0,16384,1,64.0
textures\icons\building palace icons 32.tga,building palace icons 32.tga,64,64,4096,RGBA,True,0,0,4096,1,16.0
textures\icons\building palace icons 64.tga,building palace icons 64.tga,64,64,4096,RGBA,True,0,0,4096,1,16.0
textures\icons\building pharaoh statue icon 64.tga,building pharaoh statue icon 64.tga,64,64,4096,RGBA,True,0,0,4096,1,16.0
textures\icons\building sentry tower icon 64.tga,building sentry tower icon 64.tga,64,64,4096,RGBA,True,0,0,4096,1,16.0
textures\icons\building sentry tower icon.tga,building sentry tower icon.tga,64,64,4096,RGBA,True,0,0,4096,1,16.0
textures\icons\building settlement icon 64.tga,building settlement icon 64.tga,64,64,4096,RGBA,True,0,0,4096,1,16.0
textures\icons\building settlement icon.tga,building settlement icon.tga,64,64,4096,RGBA,True,0,0,4096,1,16.0
textures\icons\building siege workshop icon 64.tga,building siege workshop icon 64.tga,64,64,4096,RGBA,True,0,0,4096,1,16.0
textures\icons\building siege workshop icon.tga,building siege workshop icon.tga,64,64,4096,RGBA,True,0,0,4096,1,16.0
textures\icons\building skytemple icons 128.tga,building skytemple icons 128.tga,128,128,16384,RGBA,True,0,0,16384,1,64.0
textures\icons\building skytemple icons 32.tga,building skytemple icons 32.tga,64,64,4096,RGBA,True,0,0,4096,1,16.0
textures\icons\building skytemple icons 64.tga,building skytemple icons 64.tga,64,64,4096,RGBA,True,0,0,4096,1,16.0
textures\icons\building specialist icons 128.tga,building specialist icons 128.tga,128,128,16384,RGBA,True,0,0,16384,1,64.0
textures\icons\building specialist icons 32.tga,building specialist icons 32.tga,64,64,4096,RGBA,True,0,0,4096,1,16.0
textures\icons\building specialist icons 64.tga,building specialist icons 64.tga,64,64,4096,RGBA,True,0,0,4096,1,16.0
textures\icons\building stable icon 64.tga,building stable icon 64.tga,64,64,4096,RGBA,True,0,0,4096,1,16.0
textures\icons\building stable icon.tga,building stable icon.tga,64,64,4096,RGBA,True,0,0,4096,1,16.0
textures\icons\building storage pit icon.tga,building storage pit icon.tga,64,64,4096,RGBA,True,4096,0,0,1,16.0
textures\icons\building storehouse icon 64.tga,building storehouse icon 64.tga,64,64,4096,RGBA,True,0,0,4096,1,16.0
textures\icons\building storehouse icon.tga,building storehouse icon.tga,64,64,4096,RGBA,True,0,0,4096,1,16.0
textures\icons\building temple icon 64.tga,building temple icon 64.tga,64,64,4096,RGBA,True,0,0,4096,1,16.0
textures\icons\building temple icon.tga,building temple icon.tga,64,64,4096,RGBA,True,0,0,4096,1,16.0
textures\icons\building titan gate icons 128.tga,building titan gate icons 128.tga,128,128,16384,RGBA,True,0,0,16384,1,64.0
textures\icons\building titan gate icons 32.tga,building titan gate icons 32.tga,64,64,4096,RGBA,True,0,0,4096,1,16.0
textures\icons\building titan gate icons 64.tga,building titan gate icons 64.tga,64,64,4096,RGBA,True,0,0,4096,1,16.0
textures\icons\building tower mirror icons 128.tga,building tower mirror icons 128.tga,128,128,16384,RGBA,True,0,0,16384,1,64.0
textures\icons\building tower mirror icons 32.tga,building tower mirror icons 32.tga,64,64,4096,RGBA,True,0,0,4096,1,16.0
textures\icons\building tower mirror icons 64.tga,building tower mirror icons 64.tga,64,64,4096,RGBA,True,0,0,4096,1,16.0
textures\icons\building town center atlanis icons 128.tga,building town center atlanis icons 128.tga,128,128,16384,RGBA,True,0,0,16384,1,64.0
textures\icons\building town center atlanis icons 32.tga,building town center atlanis icons 32.tga,64,64,4096,RGBA,True,0,0,4096,1,16.0
textures\icons\building town center atlanis icons 64.tga,building town center atlanis icons 64.tga,64,64,4096,RGBA,True,0,0,4096,1,16.0
textures\icons\building town center atlantis icons 32.tga,building town center atlantis icons 32.tga,64,64,4096,RGBA,True,0,0,4096,1,16.0
textures\icons\building town center atlantis icons 64.tga,building town center atlantis icons 64.tga,64,64,4096,RGBA,True,0,0,4096,1,16.0
textures\icons\building town center chinese icon.tga,building town center chinese icon.tga,64,64,4096,RGBA,True,0,0,4096,1,16.0
textures\icons\building town center egypt icon 64.tga,building town center egypt icon 64.tga,64,64,4096,RGBA,True,0,0,4096,1,16.0
textures\icons\building town center egypt icon.tga,building town center egypt icon.tga,64,64,4096,RGBA,True,0,0,4096,1,16.0
textures\icons\building town center greek icon 64.tga,building town center greek icon 64.tga,64,64,4096,RGBA,True,0,0,4096,1,16.0
textures\icons\building town center greek icon.tga,building town center greek icon.tga,64,64,4096,RGBA,True,0,0,4096,1,16.0
textures\icons\building town center norse icon 64.tga,building town center norse icon 64.tga,64,64,4096,RGBA,True,0,0,4096,1,16.0
textures\icons\building town center norse icon.tga,building town center norse icon.tga,64,64,4096,RGBA,True,0,0,4096,1,16.0
textures\icons\building university icons 128.tga,building university icons 128.tga,128,128,16384,RGBA,True,0,0,16384,1,64.0
textures\icons\building university icons 32.tga,building university icons 32.tga,64,64,4096,RGBA,True,0,0,4096,1,16.0
textures\icons\building university icons 64.tga,building university icons 64.tga,64,64,4096,RGBA,True,0,0,4096,1,16.0
textures\icons\building wall icon 64.tga,building wall icon 64.tga,64,64,4096,RGBA,True,0,0,4096,1,16.0
textures\icons\building wall icon.tga,building wall icon.tga,64,64,4096,RGBA,True,0,0,4096,1,16.0
textures\icons\building wall to gate icon 64.tga,building wall to gate icon 64.tga,64,64,4096,RGBA,True,0,0,4096,1,16.0
textures\icons\building wall to gate icon.tga,building wall to gate icon.tga,64,64,4096,RGBA,True,0,0,4096,1,16.0
textures\icons\building watch tower icon 64.tga,building watch tower icon 64.tga,64,64,4096,RGBA,True,0,0,4096,1,16.0
textures\icons\building watch tower icon.tga,building watch tower icon.tga,64,64,4096,RGBA,True,0,0,4096,1,16.0
textures\icons\building wonder icon 64.tga,building wonder icon 64.tga,64,64,4096,RGBA,True,0,0,4096,1,16.0
textures\icons\building wonder icon.tga,building wonder icon.tga,64,64,4096,RGBA,True,0,0,4096,1,16.0
textures\icons\buyfood.tga,buyfood.tga,32,32,1024,RGBA,True,0,0,1024,1,4.0
textures\icons\buywood.tga,buywood.tga,32,32,1024,RGBA,True,0,0,1024,1,4.0
textures\icons\cavalry c cataphract icon.tga,cavalry c cataphract icon.tga,64,64,4096,RGBA,True,0,0,4096,1,16.0
textures\icons\cavalry c general icon.tga,cavalry c general icon.tga,64,64,4096,RGBA,True,0,0,4096,1,16.0
textures\icons\cavalry c scout icon.tga,cavalry c scout icon.tga,64,64,4096,RGBA,True,0,0,4096,1,16.0
textures\icons\cavalry c war chariot icon.tga,cavalry c war chariot icon.tga,64,64,4096,RGBA,True,0,0,4096,1,16.0
textures\icons\cavalry e camelry icon 64.tga,cavalry e camelry icon 64.tga,64,64,4096,RGBA,True,0,0,4096,1,16.0
textures\icons\cavalry e camelry icon.tga,cavalry e camelry icon.tga,64,64,4096,RGBA,True,0,0,4096,1,16.0
textures\icons\cavalry e chariot archer icon 64.tga,cavalry e chariot archer icon 64.tga,64,64,4096,RGBA,True,0,0,4096,1,16.0
textures\icons\cavalry e chariot archer icon.tga,cavalry e chariot archer icon.tga,64,64,4096,RGBA,True,0,0,4096,1,16.0
textures\icons\cavalry e mercenary icon 64.tga,cavalry e mercenary icon 64.tga,64,64,4096,RGBA,True,0,0,4096,1,16.0
textures\icons\cavalry e mercenary icon.tga,cavalry e mercenary icon.tga,64,64,4096,RGBA,True,0,0,4096,1,16.0
textures\icons\cavalry g cataphract icon 64.tga,cavalry g cataphract icon 64.tga,64,64,4096,RGBA,True,0,0,4096,1,16.0
textures\icons\cavalry g cataphract icon.tga,cavalry g cataphract icon.tga,64,64,4096,RGBA,True,0,0,4096,1,16.0
textures\icons\cavalry g hetairoi icon 64.tga,cavalry g hetairoi icon 64.tga,64,64,4096,RGBA,True,0,0,4096,1,16.0
textures\icons\cavalry g hetairoi icon.tga,cavalry g hetairoi icon.tga,64,64,4096,RGBA,True,0,0,4096,1,16.0
textures\icons\cavalry g hippikon icon 64.tga,cavalry g hippikon icon 64.tga,64,64,4096,RGBA,True,0,0,4096,1,16.0
textures\icons\cavalry g hippikon icon.tga,cavalry g hippikon icon.tga,64,64,4096,RGBA,True,0,0,4096,1,16.0
textures\icons\cavalry g prodromos icon 64.tga,cavalry g prodromos icon 64.tga,64,64,4096,RGBA,True,0,0,4096,1,16.0
textures\icons\cavalry g prodromos icon.tga,cavalry g prodromos icon.tga,64,64,4096,RGBA,True,0,0,4096,1,16.0
textures\icons\cavalry g scout icon 64.tga,cavalry g scout icon 64.tga,64,64,4096,RGBA,True,0,0,4096,1,16.0
textures\icons\cavalry g scout icon.tga,cavalry g scout icon.tga,64,64,4096,RGBA,True,0,0,4096,1,16.0
textures\icons\cavalry n jarl icon 64.tga,cavalry n jarl icon 64.tga,64,64,4096,RGBA,True,0,0,4096,1,16.0
textures\icons\cavalry n jarl icon.tga,cavalry n jarl icon.tga,64,64,4096,RGBA,True,0,0,4096,1,16.0
textures\icons\cavalry n raiding cavalry icon 64.tga,cavalry n raiding cavalry icon 64.tga,64,64,4096,RGBA,True,0,0,4096,1,16.0
textures\icons\cavalry n raiding cavalry icon.tga,cavalry n raiding cavalry icon.tga,64,64,4096,RGBA,True,0,0,4096,1,16.0
textures\icons\cavalry war elephant icon 64.tga,cavalry war elephant icon 64.tga,64,64,4096,RGBA,True,0,0,4096,1,16.0
textures\icons\cavalry war elephant icon.tga,cavalry war elephant icon.tga,64,64,4096,RGBA,True,0,0,4096,1,16.0
textures\icons\cavalry x jav cav hero icons 32.tga,cavalry x jav cav hero icons 32.tga,64,64,4096,RGBA,True,0,0,4096,1,16.0
textures\icons\cavalry x jav cav hero icons 64.tga,cavalry x jav cav hero icons 64.tga,64,64,4096,RGBA,True,0,0,4096,1,16.0
textures\icons\cavalry x jav cav icons 32.tga,cavalry x jav cav icons 32.tga,64,64,4096,RGBA,True,0,0,4096,1,16.0
textures\icons\cavalry x jav cav icons 64.tga,cavalry x jav cav icons 64.tga,64,64,4096,RGBA,True,0,0,4096,1,16.0
textures\icons\cavalry x lancer hero icons 32.tga,cavalry x lancer hero icons 32.tga,64,64,4096,RGBA,True,0,0,4096,1,16.0
textures\icons\cavalry x lancer hero icons 64.tga,cavalry x lancer hero icons 64.tga,64,64,4096,RGBA,True,0,0,4096,1,16.0
textures\icons\cavalry x lancer icons 32.tga,cavalry x lancer icons 32.tga,64,64,4096,RGBA,True,0,0,4096,1,16.0
textures\icons\cavalry x lancer icons 64.tga,cavalry x lancer icons 64.tga,64,64,4096,RGBA,True,0,0,4096,1,16.0
textures\icons\chargebar empty.tga,chargebar empty.tga,64,8,512,RGBA,True,0,0,512,1,2.0
textures\icons\chargebar health.tga,chargebar health.tga,64,8,512,RGBA,True,0,0,512,1,2.0
textures\icons\chargebar power.tga,chargebar power.tga,64,8,512,RGBA,True,0,0,512,1,2.0
textures\icons\chat icon.tga,chat icon.tga,32,16,512,RGBA,True,4,508,0,2,2.0
textures\icons\command attack move icon.tga,command attack move icon.tga,32,32,1024,RGBA,True,126,779,119,44,4.0
textures\icons\command back to work icon.tga,command back to work icon.tga,32,32,1024,RGBA,True,210,814,0,5,4.0
textures\icons\command cancel town bell icon.tga,command cancel town bell icon.tga,32,32,1024,RGBA,True,0,0,1024,1,4.0
textures\icons\command clear gather icon.tga,command clear gather icon.tga,32,32,1024,RGBA,True,117,907,0,15,4.0
textures\icons\command create ulfsark icon.tga,command create ulfsark icon.tga,32,32,1024,RGBA,True,166,0,858,2,4.0
textures\icons\command dangerous gaia icon.tga,command dangerous gaia icon.tga,32,32,1024,RGBA,True,570,454,0,2,4.0
textures\icons\command defend unit icon.tga,command defend unit icon.tga,32,32,1024,RGBA,True,95,929,0,2,4.0
textures\icons\command empower icon.tga,command empower icon.tga,32,32,1024,RGBA,True,165,859,0,5,4.0
textures\icons\command garrison icon.tga,command garrison icon.tga,32,32,1024,RGBA,True,118,906,0,15,4.0
textures\icons\command guard icon.tga,command guard icon.tga,64,64,4096,RGBA,True,0,0,4096,1,16.0
textures\icons\command herdable gaia icon.tga,command herdable gaia icon.tga,32,32,1024,RGBA,True,1024,0,0,1,4.0
textures\icons\command panel combat icon.tga,command panel combat icon.tga,32,32,1024,RGBA,True,184,840,0,16,4.0
textures\icons\command panel icon.tga,command panel icon.tga,32,32,1024,RGBA,True,184,840,0,16,4.0
textures\icons\command patrol icon.tga,command patrol icon.tga,32,32,1024,RGBA,True,120,904,0,15,4.0
textures\icons\command repair icon.tga,command repair icon.tga,32,32,1024,RGBA,True,120,904,0,15,4.0
textures\icons\command repeat off icon.tga,command repeat off icon.tga,32,32,1024,RGBA,True,120,904,0,10,4.0
textures\icons\command repeat on icon.tga,command repeat on icon.tga,32,32,1024,RGBA,True,120,904,0,10,4.0
textures\icons\command repeat rollover icon.tga,command repeat rollover icon.tga,32,32,1024,RGBA,True,120,904,0,10,4.0
textures\icons\command return to main icon.tga,command return to main icon.tga,32,32,1024,RGBA,True,159,865,0,5,4.0
textures\icons\command set gather icon.tga,command set gather icon.tga,32,32,1024,RGBA,True,120,904,0,15,4.0
textures\icons\command stop icon.tga,command stop icon.tga,32,32,1024,RGBA,True,180,844,0,16,4.0
textures\icons\command summon all workers icon.tga,command summon all workers icon.tga,32,32,1024,RGBA,True,137,887,0,14,4.0
textures\icons\command time shift icons 32.tga,command time shift icons 32.tga,32,32,1024,RGBA,True,210,0,814,2,4.0
textures\icons\command time shift icons 64.tga,command time shift icons 64.tga,64,64,4096,RGBA,True,0,0,4096,1,16.0
textures\icons\command tower garrison icon.tga,command tower garrison icon.tga,32,32,1024,RGBA,True,0,0,1024,1,4.0
textures\icons\command town bell icon.tga,command town bell icon.tga,32,32,1024,RGBA,True,120,904,0,15,4.0
textures\icons\command unboard icon.tga,command unboard icon.tga,32,32,1024,RGBA,True,120,904,0,15,4.0
textures\icons\command ungarrison icon.tga,command ungarrison icon.tga,32,32,1024,RGBA,True,120,904,0,15,4.0
textures\icons\defensive active.tga,defensive active.tga,32,32,1024,RGBA,True,0,0,1024,1,4.0
textures\icons\defensive.tga,defensive.tga,32,32,1024,RGBA,True,184,840,0,16,4.0
textures\icons\delete.tga,delete.tga,32,32,1024,RGBA,True,175,849,0,14,4.0
textures\icons\detailedhelp.tga,detailedhelp.tga,16,16,256,RGBA,True,199,57,0,3,1.0
textures\icons\e charge bar.tga,e charge bar.tga,64,8,512,RGBA,True,0,0,512,1,2.0
textures\icons\editor brushsettings.tga,editor brushsettings.tga,32,32,1024,RGBA,True,0,0,1024,1,4.0
textures\icons\editor canyon.tga,editor canyon.tga,16,16,256,RGBA,True,0,0,256,1,1.0
textures\icons\editor cinematics.tga,editor cinematics.tga,32,32,1024,RGBA,True,0,0,1024,1,4.0
textures\icons\editor cliff.tga,editor cliff.tga,32,32,1024,RGBA,True,0,0,1024,1,4.0
textures\icons\editor copy.tga,editor copy.tga,32,32,1024,RGBA,True,0,0,1024,1,4.0
textures\icons\editor cut.tga,editor cut.tga,16,16,256,RGBA,True,0,0,256,1,1.0
textures\icons\editor delete.tga,editor delete.tga,16,16,256,RGBA,True,0,0,256,1,1.0
textures\icons\editor deleteunit.tga,editor deleteunit.tga,32,32,1024,RGBA,True,0,0,1024,1,4.0
textures\icons\editor edit water.tga,editor edit water.tga,32,32,1024,RGBA,True,0,0,1024,1,4.0
textures\icons\editor forest.tga,editor forest.tga,32,32,1024,RGBA,True,0,0,1024,1,4.0
textures\icons\editor lake.tga,editor lake.tga,16,16,256,RGBA,True,0,0,256,1,1.0
textures\icons\editor letterboxbars.tga,editor letterboxbars.tga,32,32,1024,RGBA,True,0,0,1024,1,4.0
textures\icons\editor lighting.tga,editor lighting.tga,32,32,1024,RGBA,True,0,0,1024,1,4.0
textures\icons\editor load.tga,editor load.tga,32,32,1024,RGBA,True,0,0,1024,1,4.0
textures\icons\editor mountain.tga,editor mountain.tga,32,32,1024,RGBA,True,0,0,1024,1,4.0
textures\icons\editor moveunit.tga,editor moveunit.tga,32,32,1024,RGBA,True,0,0,1024,1,4.0
textures\icons\editor new.tga,editor new.tga,32,32,1024,RGBA,True,0,0,1024,1,4.0
textures\icons\editor ocean.tga,editor ocean.tga,16,16,256,RGBA,True,0,0,256,1,1.0
textures\icons\editor open.tga,editor open.tga,32,32,1024,RGBA,True,0,0,1024,1,4.0
textures\icons\editor paintterrain.tga,editor paintterrain.tga,32,32,1024,RGBA,True,0,0,1024,1,4.0
textures\icons\editor paste.tga,editor paste.tga,32,32,1024,RGBA,True,0,0,1024,1,4.0
textures\icons\editor placeunit.tga,editor placeunit.tga,32,32,1024,RGBA,True,0,0,1024,1,4.0
textures\icons\editor raiselowerterrain.tga,editor raiselowerterrain.tga,32,32,1024,RGBA,True,0,0,1024,1,4.0
textures\icons\editor redo.tga,editor redo.tga,32,32,1024,RGBA,True,0,0,1024,1,4.0
textures\icons\editor river.tga,editor river.tga,32,32,1024,RGBA,True,0,0,1024,1,4.0
textures\icons\editor roughen.tga,editor roughen.tga,32,32,1024,RGBA,True,0,0,1024,1,4.0
textures\icons\editor sampleelevation.tga,editor sampleelevation.tga,32,32,1024,RGBA,True,0,0,1024,1,4.0
textures\icons\editor sampleterrain.tga,editor sampleterrain.tga,32,32,1024,RGBA,True,0,0,1024,1,4.0
textures\icons\editor save.tga,editor save.tga,32,32,1024,RGBA,True,0,0,1024,1,4.0
textures\icons\editor smooth.tga,editor smooth.tga,32,32,1024,RGBA,True,0,0,1024,1,4.0
textures\icons\editor triggers.tga,editor triggers.tga,32,32,1024,RGBA,True,0,0,1024,1,4.0
textures\icons\editor undo.tga,editor undo.tga,32,32,1024,RGBA,True,0,0,1024,1,4.0
textures\icons\fish.tga,fish.tga,64,64,4096,RGBA,True,0,0,4096,1,16.0
textures\icons\flag icon 64.tga,flag icon 64.tga,64,64,4096,RGBA,True,0,0,4096,1,16.0
textures\icons\food.tga,food.tga,32,32,1024,RGBA,True,570,454,0,2,4.0
textures\icons\formation box active icon.tga,formation box active icon.tga,32,32,1024,RGBA,True,0,0,1024,1,4.0
textures\icons\formation box icon.tga,formation box icon.tga,32,32,1024,RGBA,True,68,956,0,16,4.0
textures\icons\formation line active icon.tga,formation line active icon.tga,32,32,1024,RGBA,True,0,0,1024,1,4.0
textures\icons\formation line icon.tga,formation line icon.tga,32,32,1024,RGBA,True,167,857,0,6,4.0
textures\icons\formation mixed active icon.tga,formation mixed active icon.tga,32,32,1024,RGBA,True,0,0,1024,1,4.0
textures\icons\formation mixed icon.tga,formation mixed icon.tga,32,32,1024,RGBA,True,163,861,0,12,4.0
textures\icons\formation spread active icon.tga,formation spread active icon.tga,32,32,1024,RGBA,True,0,0,1024,1,4.0
textures\icons\formation spread icon.tga,formation spread icon.tga,32,32,1024,RGBA,True,74,950,0,16,4.0
textures\icons\friendhosting.tga,friendhosting.tga,16,16,256,RGBA,True,116,0,140,2,1.0
textures\icons\friendingame.tga,friendingame.tga,16,16,256,RGBA,True,59,0,197,2,1.0
textures\icons\friendoffline.tga,friendoffline.tga,16,16,256,RGBA,True,74,0,182,2,1.0
textures\icons\friendonline.tga,friendonline.tga,16,16,256,RGBA,True,101,0,155,2,1.0
textures\icons\g charge bar.tga,g charge bar.tga,64,8,512,RGBA,True,0,0,512,1,2.0
textures\icons\gathericon.tga,gathericon.tga,8,8,64,RGBA,True,0,0,64,1,0.3
textures\icons\generate favor.tga,generate favor.tga,32,32,1024,RGBA,True,175,849,0,14,4.0
textures\icons\generate food.tga,generate food.tga,32,32,1024,RGBA,True,175,849,0,14,4.0
textures\icons\generate gold.tga,generate gold.tga,32,32,1024,RGBA,True,175,849,0,14,4.0
textures\icons\generate wood.tga,generate wood.tga,32,32,1024,RGBA,True,175,849,0,14,4.0
textures\icons\generate_favor.tga,generate_favor.tga,32,32,1024,RGBA,True,175,849,0,14,4.0
textures\icons\generate_food.tga,generate_food.tga,32,32,1024,RGBA,True,175,849,0,14,4.0
textures\icons\generate_gold.tga,generate_gold.tga,32,32,1024,RGBA,True,175,849,0,14,4.0
textures\icons\generate_wood.tga,generate_wood.tga,32,32,1024,RGBA,True,175,849,0,14,4.0
textures\icons\god major atlas icons 64.tga,god major atlas icons 64.tga,64,64,4096,RGBA,True,0,0,4096,1,16.0
textures\icons\god major fuxi icon 128.tga,god major fuxi icon 128.tga,128,128,16384,RGBA,True,0,16384,0,1,64.0
textures\icons\god major fuxi icon 64.tga,god major fuxi icon 64.tga,64,64,4096,RGBA,True,0,4096,0,1,16.0
textures\icons\god major gaia icons 64.tga,god major gaia icons 64.tga,64,64,4096,RGBA,True,0,0,4096,1,16.0
textures\icons\god major hades icon 128.tga,god major hades icon 128.tga,128,128,16384,RGBA,True,0,0,16384,1,64.0
textures\icons\god major hades icon 64.tga,god major hades icon 64.tga,64,64,4096,RGBA,True,0,0,4096,1,16.0
textures\icons\god major hekate icons 64.tga,god major hekate icons 64.tga,64,64,4096,RGBA,True,0,0,4096,1,16.0
textures\icons\god major helios icons 64.tga,god major helios icons 64.tga,64,64,4096,RGBA,True,0,0,4096,1,16.0
textures\icons\god major hyperion icons 64.tga,god major hyperion icons 64.tga,64,64,4096,RGBA,True,0,0,4096,1,16.0
textures\icons\god major isis icon 128.tga,god major isis icon 128.tga,128,128,16384,RGBA,True,0,0,16384,1,64.0
textures\icons\god major isis icon 64.tga,god major isis icon 64.tga,64,64,4096,RGBA,True,0,0,4096,1,16.0
textures\icons\god major kronos icons 64.tga,god major kronos icons 64.tga,64,64,4096,RGBA,True,0,0,4096,1,16.0
textures\icons\god major leto icons 64.tga,god major leto icons 64.tga,64,64,4096,RGBA,True,0,0,4096,1,16.0
textures\icons\god major loki icon 128.tga,god major loki icon 128.tga,128,128,16384,RGBA,True,0,0,16384,1,64.0
textures\icons\god major loki icon 64.tga,god major loki icon 64.tga,64,64,4096,RGBA,True,0,0,4096,1,16.0
textures\icons\god major nuwa icon 128.tga,god major nuwa icon 128.tga,128,128,16384,RGBA,True,0,16384,0,1,64.0
textures\icons\god major nuwa icon 64.tga,god major nuwa icon 64.tga,64,64,4096,RGBA,True,0,4096,0,1,16.0
textures\icons\god major odin icon 128.tga,god major odin icon 128.tga,128,128,16384,RGBA,True,0,0,16384,1,64.0
textures\icons\god major odin icon 64.tga,god major odin icon 64.tga,64,64,4096,RGBA,True,0,0,4096,1,16.0
textures\icons\god major okeanus icons 64.tga,god major okeanus icons 64.tga,64,64,4096,RGBA,True,0,0,4096,1,16.0
textures\icons\god major ouranos icons 64.tga,god major ouranos icons 64.tga,64,64,4096,RGBA,True,0,0,4096,1,16.0
textures\icons\god major poseidon icon 128.tga,god major poseidon icon 128.tga,128,128,16384,RGBA,True,0,0,16384,1,64.0
textures\icons\god major poseidon icon 64.tga,god major poseidon icon 64.tga,64,64,4096,RGBA,True,0,0,4096,1,16.0
textures\icons\god major prometheus icons 64.tga,god major prometheus icons 64.tga,64,64,4096,RGBA,True,0,0,4096,1,16.0
textures\icons\god major ra icon 128.tga,god major ra icon 128.tga,128,128,16384,RGBA,True,0,0,16384,1,64.0
textures\icons\god major ra icon 64.tga,god major ra icon 64.tga,64,64,4096,RGBA,True,0,0,4096,1,16.0
textures\icons\god major rheia icons 64.tga,god major rheia icons 64.tga,64,64,4096,RGBA,True,0,0,4096,1,16.0
textures\icons\god major set icon 128.tga,god major set icon 128.tga,128,128,16384,RGBA,True,0,0,16384,1,64.0
textures\icons\god major set icon 64.tga,god major set icon 64.tga,64,64,4096,RGBA,True,0,0,4096,1,16.0
textures\icons\god major shennong icon 128.tga,god major shennong icon 128.tga,128,128,16384,RGBA,True,0,16384,0,1,64.0
textures\icons\god major shennong icon 64.tga,god major shennong icon 64.tga,64,64,4096,RGBA,True,0,4096,0,1,16.0
textures\icons\god major theia icons 64.tga,god major theia icons 64.tga,64,64,4096,RGBA,True,0,0,4096,1,16.0
textures\icons\god major thor icon 128.tga,god major thor icon 128.tga,128,128,16384,RGBA,True,0,0,16384,1,64.0
textures\icons\god major thor icon 64.tga,god major thor icon 64.tga,64,64,4096,RGBA,True,0,0,4096,1,16.0
textures\icons\god major zeus icon 128.tga,god major zeus icon 128.tga,128,128,16384,RGBA,True,0,0,16384,1,64.0
textures\icons\god major zeus icon 64.tga,god major zeus icon 64.tga,64,64,4096,RGBA,True,0,0,4096,1,16.0
textures\icons\god power ancestors icon 64.tga,god power ancestors icon 64.tga,64,64,4096,RGBA,True,0,0,4096,1,16.0
textures\icons\god power ancestors icon.tga,god power ancestors icon.tga,64,64,4096,RGBA,True,0,0,4096,1,16.0
textures\icons\god power animal magnet icon 64.tga,god power animal magnet icon 64.tga,64,64,4096,RGBA,True,0,0,4096,1,16.0
textures\icons\god power animal magnet icon.tga,god power animal magnet icon.tga,64,64,4096,RGBA,True,0,0,4096,1,16.0
textures\icons\god power arkantosman icon.tga,god power arkantosman icon.tga,32,32,1024,RGBA,True,0,0,1024,1,4.0
textures\icons\god power audrey icons 32.tga,god power audrey icons 32.tga,64,64,4096,RGBA,True,0,0,4096,1,16.0
textures\icons\god power audrey icons 64.tga,god power audrey icons 64.tga,64,64,4096,RGBA,True,0,0,4096,1,16.0
textures\icons\god power bolt icon 64.tga,god power bolt icon 64.tga,64,64,4096,RGBA,True,0,0,4096,1,16.0
textures\icons\god power bolt icon.tga,god power bolt icon.tga,64,64,4096,RGBA,True,0,0,4096,1,16.0
textures\icons\god power bronze icon 64.tga,god power bronze icon 64.tga,64,64,4096,RGBA,True,0,0,4096,1,16.0
textures\icons\god power bronze icon.tga,god power bronze icon.tga,64,64,4096,RGBA,True,0,0,4096,1,16.0
textures\icons\god power call to arms icon.tga,god power call to arms icon.tga,64,64,4096,RGBA,True,0,0,4096,1,16.0
textures\icons\god power cease fire icon 64.tga,god power cease fire icon 64.tga,64,64,4096,RGBA,True,0,0,4096,1,16.0
textures\icons\god power cease fire icon.tga,god power cease fire icon.tga,64,64,4096,RGBA,True,0,0,4096,1,16.0
textures\icons\god power chaos icons 32.tga,god power chaos icons 32.tga,32,32,1024,RGBA,True,0,0,1024,1,4.0
textures\icons\god power chaos icons 64.tga,god power chaos icons 64.tga,32,32,1024,RGBA,True,0,0,1024,1,4.0
textures\icons\god power citadel icon 64.tga,god power citadel icon 64.tga,64,64,4096,RGBA,True,0,0,4096,1,16.0
textures\icons\god power citadel icon.tga,god power citadel icon.tga,64,64,4096,RGBA,True,0,0,4096,1,16.0
textures\icons\god power create gold icon 64.tga,god power create gold icon 64.tga,64,64,4096,RGBA,True,0,0,4096,1,16.0
textures\icons\god power create gold icon.tga,god power create gold icon.tga,64,64,4096,RGBA,True,0,0,4096,1,16.0
textures\icons\god power curse icon 64.tga,god power curse icon 64.tga,64,64,4096,RGBA,True,0,0,4096,1,16.0
textures\icons\god power curse icon.tga,god power curse icon.tga,64,64,4096,RGBA,True,0,0,4096,1,16.0
textures\icons\god power deconstruct icons 32.tga,god power deconstruct icons 32.tga,64,64,4096,RGBA,True,0,0,4096,1,16.0
textures\icons\god power deconstruct icons 64.tga,god power deconstruct icons 64.tga,64,64,4096,RGBA,True,0,0,4096,1,16.0
textures\icons\god power deconstruction icons 32.tga,god power deconstruction icons 32.tga,64,64,4096,RGBA,True,0,0,4096,1,16.0
textures\icons\god power deconstruction icons 64.tga,god power deconstruction icons 64.tga,64,64,4096,RGBA,True,0,0,4096,1,16.0
textures\icons\god power dryad icons 32.tga,god power dryad icons 32.tga,64,64,4096,RGBA,True,0,0,4096,1,16.0
textures\icons\god power dryad icons 64.tga,god power dryad icons 64.tga,64,64,4096,RGBA,True,0,0,4096,1,16.0
textures\icons\god power earthquake icon 64.tga,god power earthquake icon 64.tga,64,64,4096,RGBA,True,0,0,4096,1,16.0
textures\icons\god power earthquake icon.tga,god power earthquake icon.tga,64,64,4096,RGBA,True,0,0,4096,1,16.0
textures\icons\god power eclipse icon 64.tga,god power eclipse icon 64.tga,64,64,4096,RGBA,True,0,0,4096,1,16.0
textures\icons\god power eclipse icon.tga,god power eclipse icon.tga,64,64,4096,RGBA,True,0,0,4096,1,16.0
textures\icons\god power examination icon.tga,god power examination icon.tga,64,64,4096,RGBA,True,0,0,4096,1,16.0
textures\icons\god power fimbulwinter icon 64.tga,god power fimbulwinter icon 64.tga,64,64,4096,RGBA,True,0,0,4096,1,16.0
textures\icons\god power fimbulwinter icon.tga,god power fimbulwinter icon.tga,64,64,4096,RGBA,True,0,0,4096,1,16.0
textures\icons\god power firestorm icon 64.tga,god power firestorm icon 64.tga,64,64,4096,RGBA,True,0,0,4096,1,16.0
textures\icons\god power firestorm icon.tga,god power firestorm icon.tga,64,64,4096,RGBA,True,0,0,4096,1,16.0
textures\icons\god power flaming weapons icon 64.tga,god power flaming weapons icon 64.tga,64,64,4096,RGBA,True,0,0,4096,1,16.0
textures\icons\god power flaming weapons icon.tga,god power flaming weapons icon.tga,64,64,4096,RGBA,True,0,0,4096,1,16.0
textures\icons\god power frost icon 64.tga,god power frost icon 64.tga,64,64,4096,RGBA,True,0,0,4096,1,16.0
textures\icons\god power frost icon.tga,god power frost icon.tga,64,64,4096,RGBA,True,0,0,4096,1,16.0
textures\icons\god power gaia forest icons 32.tga,god power gaia forest icons 32.tga,64,64,4096,RGBA,True,0,0,4096,1,16.0
textures\icons\god power gaia forest icons 64.tga,god power gaia forest icons 64.tga,64,64,4096,RGBA,True,0,0,4096,1,16.0
textures\icons\god power goats icon.tga,god power goats icon.tga,64,64,4096,RGBA,True,0,0,4096,1,16.0
textures\icons\god power great hunt icon 64.tga,god power great hunt icon 64.tga,64,64,4096,RGBA,True,0,0,4096,1,16.0
textures\icons\god power great hunt icon.tga,god power great hunt icon.tga,64,64,4096,RGBA,True,0,0,4096,1,16.0
textures\icons\god power healing spring icon 64.tga,god power healing spring icon 64.tga,64,64,4096,RGBA,True,0,0,4096,1,16.0
textures\icons\god power healing spring icon.tga,god power healing spring icon.tga,64,64,4096,RGBA,True,0,0,4096,1,16.0
textures\icons\god power hesperides icons 32.tga,god power hesperides icons 32.tga,64,64,4096,RGBA,True,0,0,4096,1,16.0
textures\icons\god power hesperides icons 64.tga,god power hesperides icons 64.tga,64,64,4096,RGBA,True,0,0,4096,1,16.0
textures\icons\god power implode icons 32.tga,god power implode icons 32.tga,64,64,4096,RGBA,True,0,0,4096,1,16.0
textures\icons\god power implode icons 64.tga,god power implode icons 64.tga,64,64,4096,RGBA,True,0,0,4096,1,16.0
textures\icons\god power inferno icon 64.tga,god power inferno icon 64.tga,64,64,4096,RGBA,True,0,0,4096,1,16.0
textures\icons\god power inferno icon.tga,god power inferno icon.tga,64,64,4096,RGBA,True,0,0,4096,1,16.0
textures\icons\god power lightning icon 64.tga,god power lightning icon 64.tga,64,64,4096,RGBA,True,0,0,4096,1,16.0
textures\icons\god power lightning icon.tga,god power lightning icon.tga,64,64,4096,RGBA,True,0,0,4096,1,16.0
textures\icons\god power locust swarm icon 64.tga,god power locust swarm icon 64.tga,64,64,4096,RGBA,True,0,0,4096,1,16.0
textures\icons\god power locust swarm icon.tga,god power locust swarm icon.tga,64,64,4096,RGBA,True,0,0,4096,1,16.0
textures\icons\god power meteor icon 64.tga,god power meteor icon 64.tga,64,64,4096,RGBA,True,0,0,4096,1,16.0
textures\icons\god power meteor icon.tga,god power meteor icon.tga,64,64,4096,RGBA,True,0,0,4096,1,16.0
textures\icons\god power nidhogg icon 64.tga,god power nidhogg icon 64.tga,64,64,4096,RGBA,True,0,0,4096,1,16.0
textures\icons\god power nidhogg icon.tga,god power nidhogg icon.tga,64,64,4096,RGBA,True,0,0,4096,1,16.0
textures\icons\god power pestilence icon 64.tga,god power pestilence icon 64.tga,64,64,4096,RGBA,True,0,0,4096,1,16.0
textures\icons\god power pestilence icon.tga,god power pestilence icon.tga,64,64,4096,RGBA,True,0,0,4096,1,16.0
textures\icons\god power plenty icon 64.tga,god power plenty icon 64.tga,64,64,4096,RGBA,True,0,0,4096,1,16.0
textures\icons\god power plenty icon.tga,god power plenty icon.tga,64,64,4096,RGBA,True,0,0,4096,1,16.0
textures\icons\god power prosperity icon 64.tga,god power prosperity icon 64.tga,64,64,4096,RGBA,True,0,0,4096,1,16.0
textures\icons\god power prosperity icon.tga,god power prosperity icon.tga,64,64,4096,RGBA,True,0,0,4096,1,16.0
textures\icons\god power ragnarok icon 64.tga,god power ragnarok icon 64.tga,64,64,4096,RGBA,True,0,0,4096,1,16.0
textures\icons\god power ragnarok icon.tga,god power ragnarok icon.tga,64,64,4096,RGBA,True,0,0,4096,1,16.0
textures\icons\god power rain icon 64.tga,god power rain icon 64.tga,64,64,4096,RGBA,True,0,0,4096,1,16.0
textures\icons\god power rain icon.tga,god power rain icon.tga,64,64,4096,RGBA,True,0,0,4096,1,16.0
textures\icons\god power restoration icon 64.tga,god power restoration icon 64.tga,64,64,4096,RGBA,True,0,0,4096,1,16.0
textures\icons\god power restoration icon.tga,god power restoration icon.tga,64,64,4096,RGBA,True,0,0,4096,1,16.0
textures\icons\god power reverse time icon.tga,god power reverse time icon.tga,32,32,1024,RGBA,True,0,0,1024,1,4.0
textures\icons\god power reverse time icons 32.tga,god power reverse time icons 32.tga,64,64,4096,RGBA,True,0,0,4096,1,16.0
textures\icons\god power reverse time icons 64.tga,god power reverse time icons 64.tga,64,64,4096,RGBA,True,0,0,4096,1,16.0
textures\icons\god power sand storm icon.tga,god power sand storm icon.tga,64,64,4096,RGBA,True,0,0,4096,1,16.0
textures\icons\god power seed of gaia icons 32.tga,god power seed of gaia icons 32.tga,64,64,4096,RGBA,True,0,0,4096,1,16.0
textures\icons\god power seed of gaia icons 64.tga,god power seed of gaia icons 64.tga,64,64,4096,RGBA,True,0,0,4096,1,16.0
textures\icons\god power sentinel icon 64.tga,god power sentinel icon 64.tga,64,64,4096,RGBA,True,0,0,4096,1,16.0
textures\icons\god power sentinel icon.tga,god power sentinel icon.tga,64,64,4096,RGBA,True,0,0,4096,1,16.0
textures\icons\god power shifting sand icon 64.tga,god power shifting sand icon 64.tga,64,64,4096,RGBA,True,0,0,4096,1,16.0
textures\icons\god power shifting sand icon.tga,god power shifting sand icon.tga,64,64,4096,RGBA,True,0,0,4096,1,16.0
textures\icons\god power shifting sands icon.tga,god power shifting sands icon.tga,64,64,4096,RGBA,True,0,0,4096,1,16.0
textures\icons\god power snake plague icon 64.tga,god power snake plague icon 64.tga,64,64,4096,RGBA,True,0,0,4096,1,16.0
textures\icons\god power snake plague icon.tga,god power snake plague icon.tga,64,64,4096,RGBA,True,0,0,4096,1,16.0
textures\icons\god power son of osiris icon 64.tga,god power son of osiris icon 64.tga,64,64,4096,RGBA,True,0,0,4096,1,16.0
textures\icons\god power son of osiris icon.tga,god power son of osiris icon.tga,64,64,4096,RGBA,True,0,0,4096,1,16.0
textures\icons\god power spider eggs icons 32.tga,god power spider eggs icons 32.tga,64,64,4096,RGBA,True,0,0,4096,1,16.0
textures\icons\god power spider eggs icons 64.tga,god power spider eggs icons 64.tga,64,64,4096,RGBA,True,0,0,4096,1,16.0
textures\icons\god power spy icon 64.tga,god power spy icon 64.tga,64,64,4096,RGBA,True,0,0,4096,1,16.0
textures\icons\god power spy icon.tga,god power spy icon.tga,64,64,4096,RGBA,True,0,0,4096,1,16.0
textures\icons\god power tartarian gate icons 32.tga,god power tartarian gate icons 32.tga,64,64,4096,RGBA,True,0,0,4096,1,16.0
textures\icons\god power tartarian gate icons 64.tga,god power tartarian gate icons 64.tga,64,64,4096,RGBA,True,0,0,4096,1,16.0
textures\icons\god power thunder clap icons 32.tga,god power thunder clap icons 32.tga,64,64,4096,RGBA,True,0,0,4096,1,16.0
textures\icons\god power thunder clap icons 64.tga,god power thunder clap icons 64.tga,64,64,4096,RGBA,True,0,0,4096,1,16.0
textures\icons\god power timber icon.tga,god power timber icon.tga,64,64,4096,RGBA,True,0,0,4096,1,16.0
textures\icons\god power tornado icon 64.tga,god power tornado icon 64.tga,64,64,4096,RGBA,True,0,0,4096,1,16.0
textures\icons\god power tornado icon.tga,god power tornado icon.tga,64,64,4096,RGBA,True,0,0,4096,1,16.0
textures\icons\god power traitors icons 32.tga,god power traitors icons 32.tga,64,64,4096,RGBA,True,0,0,4096,1,16.0
textures\icons\god power traitors icons 64.tga,god power traitors icons 64.tga,64,64,4096,RGBA,True,0,0,4096,1,16.0
textures\icons\god power trap door spiders icons 32.tga,god power trap door spiders icons 32.tga,64,64,4096,RGBA,True,0,0,4096,1,16.0
textures\icons\god power trap door spiders icons 64.tga,god power trap door spiders icons 64.tga,64,64,4096,RGBA,True,0,0,4096,1,16.0
textures\icons\god power undermine icon 64.tga,god power undermine icon 64.tga,64,64,4096,RGBA,True,0,0,4096,1,16.0
textures\icons\god power undermine icon.tga,god power undermine icon.tga,64,64,4096,RGBA,True,0,0,4096,1,16.0
textures\icons\god power underworld passage icon 64.tga,god power underworld passage icon 64.tga,64,64,4096,RGBA,True,0,0,4096,1,16.0
textures\icons\god power underworld passage icon.tga,god power underworld passage icon.tga,64,64,4096,RGBA,True,0,0,4096,1,16.0
textures\icons\god power uproot icon.tga,god power uproot icon.tga,64,64,4096,RGBA,True,0,0,4096,1,16.0
textures\icons\god power valor icons 32.tga,god power valor icons 32.tga,64,64,4096,RGBA,True,0,0,4096,1,16.0
textures\icons\god power valor icons 64.tga,god power valor icons 64.tga,64,64,4096,RGBA,True,0,0,4096,1,16.0
textures\icons\god power vision icon 64.tga,god power vision icon 64.tga,64,64,4096,RGBA,True,0,0,4096,1,16.0
textures\icons\god power vision icon.tga,god power vision icon.tga,64,64,4096,RGBA,True,0,0,4096,1,16.0
textures\icons\god power vortex icons 32.tga,god power vortex icons 32.tga,64,64,4096,RGBA,True,0,0,4096,1,16.0
textures\icons\god power vortex icons 64.tga,god power vortex icons 64.tga,64,64,4096,RGBA,True,0,0,4096,1,16.0
textures\icons\god power walking woods icon 64.tga,god power walking woods icon 64.tga,64,64,4096,RGBA,True,0,0,4096,1,16.0
textures\icons\god power walking woods icon.tga,god power walking woods icon.tga,64,64,4096,RGBA,True,0,0,4096,1,16.0
textures\icons\god power wonder deconstruction icons 32.tga,god power wonder deconstruction icons 32.tga,64,64,4096,RGBA,True,0,0,4096,1,16.0
textures\icons\god power wonder deconstruction icons 64.tga,god power wonder deconstruction icons 64.tga,64,64,4096,RGBA,True,0,0,4096,1,16.0
textures\icons\gold.tga,gold.tga,32,32,1024,RGBA,True,318,706,0,2,4.0
textures\icons\guard.tga,guard.tga,32,32,1024,RGBA,True,184,840,0,16,4.0
textures\icons\hero c general icon.tga,hero c general icon.tga,64,64,4096,RGBA,True,0,0,4096,1,16.0
textures\icons\hero c immortal icon.tga,hero c immortal icon.tga,64,64,4096,RGBA,True,0,0,4096,1,16.0
textures\icons\hero c monk icon.tga,hero c monk icon.tga,64,64,4096,RGBA,True,0,0,4096,1,16.0
textures\icons\hero g achilles icon 64.tga,hero g achilles icon 64.tga,64,64,4096,RGBA,True,0,0,4096,1,16.0
textures\icons\hero g achilles.tga,hero g achilles.tga,64,64,4096,RGBA,True,0,0,4096,1,16.0
textures\icons\hero g ajax icon 64.tga,hero g ajax icon 64.tga,64,64,4096,RGBA,True,0,0,4096,1,16.0
textures\icons\hero g ajax.tga,hero g ajax.tga,64,64,4096,RGBA,True,0,0,4096,1,16.0
textures\icons\hero g atalanta icon 64.tga,hero g atalanta icon 64.tga,64,64,4096,RGBA,True,0,0,4096,1,16.0
textures\icons\hero g atalanta icon.tga,hero g atalanta icon.tga,64,64,4096,RGBA,True,0,0,4096,1,16.0
textures\icons\hero g atalanta.tga,hero g atalanta.tga,32,32,1024,RGBA,True,0,0,1024,1,4.0
textures\icons\hero g bellerophon icon 64.tga,hero g bellerophon icon 64.tga,64,64,4096,RGBA,True,0,0,4096,1,16.0
textures\icons\hero g bellerophon.tga,hero g bellerophon.tga,64,64,4096,RGBA,True,0,0,4096,1,16.0
textures\icons\hero g chiron icon 64.tga,hero g chiron icon 64.tga,64,64,4096,RGBA,True,0,0,4096,1,16.0
textures\icons\hero g chiron.tga,hero g chiron.tga,64,64,4096,RGBA,True,0,0,4096,1,16.0
textures\icons\hero g circe icon 64.tga,hero g circe icon 64.tga,64,64,4096,RGBA,True,0,0,4096,1,16.0
textures\icons\hero g circe.tga,hero g circe.tga,64,64,4096,RGBA,True,0,0,4096,1,16.0
textures\icons\hero g heracles.tga,hero g heracles.tga,64,64,4096,RGBA,True,0,0,4096,1,16.0
textures\icons\hero g hercules icon 64.tga,hero g hercules icon 64.tga,64,64,4096,RGBA,True,0,0,4096,1,16.0
textures\icons\hero g hippolyta.tga,hero g hippolyta.tga,64,64,4096,RGBA,True,0,0,4096,1,16.0
textures\icons\hero g hyppolyta icon 64.tga,hero g hyppolyta icon 64.tga,64,64,4096,RGBA,True,0,0,4096,1,16.0
textures\icons\hero g icon.tga,hero g icon.tga,32,32,1024,RGBA,True,0,0,1024,1,4.0
textures\icons\hero g jason icon 64.tga,hero g jason icon 64.tga,64,64,4096,RGBA,True,0,0,4096,1,16.0
textures\icons\hero g jason.tga,hero g jason.tga,64,64,4096,RGBA,True,0,0,4096,1,16.0
textures\icons\hero g oddeysseus.tga,hero g oddeysseus.tga,64,64,4096,RGBA,True,0,0,4096,1,16.0
textures\icons\hero g odysseus icon 64.tga,hero g odysseus icon 64.tga,64,64,4096,RGBA,True,0,0,4096,1,16.0
textures\icons\hero g perseus icon 64.tga,hero g perseus icon 64.tga,64,64,4096,RGBA,True,0,0,4096,1,16.0
textures\icons\hero g perseus icon.tga,hero g perseus icon.tga,64,64,4096,RGBA,True,0,0,4096,1,16.0
textures\icons\hero g physician icon.tga,hero g physician icon.tga,64,64,4096,RGBA,True,0,0,4096,1,16.0
textures\icons\hero g polyphemus icon 64.tga,hero g polyphemus icon 64.tga,64,64,4096,RGBA,True,0,0,4096,1,16.0
textures\icons\hero g polyphemus.tga,hero g polyphemus.tga,64,64,4096,RGBA,True,0,0,4096,1,16.0
textures\icons\hero g theseus icon 64.tga,hero g theseus icon 64.tga,64,64,4096,RGBA,True,0,0,4096,1,16.0
textures\icons\hero g theseus.tga,hero g theseus.tga,64,64,4096,RGBA,True,0,0,4096,1,16.0
textures\icons\hero n hersir icon 64.tga,hero n hersir icon 64.tga,64,64,4096,RGBA,True,0,0,4096,1,16.0
textures\icons\hero n hersir icon.tga,hero n hersir icon.tga,64,64,4096,RGBA,True,0,0,4096,1,16.0
textures\icons\hero n ragnarok icon 64.tga,hero n ragnarok icon 64.tga,64,64,4096,RGBA,True,0,0,4096,1,16.0
textures\icons\hero n ragnarok icon.tga,hero n ragnarok icon.tga,64,64,4096,RGBA,True,0,0,4096,1,16.0
textures\icons\icon achievement age 1.tga,icon achievement age 1.tga,32,32,1024,RGBA,True,214,810,0,16,4.0
textures\icons\icon achievement age 2.tga,icon achievement age 2.tga,32,32,1024,RGBA,True,214,810,0,16,4.0
textures\icons\icon achievement age 3.tga,icon achievement age 3.tga,32,32,1024,RGBA,True,199,825,0,16,4.0
textures\icons\icon achievement age 4.tga,icon achievement age 4.tga,32,32,1024,RGBA,True,121,903,0,14,4.0
textures\icons\icon bamboo tree.tga,icon bamboo tree.tga,64,64,4096,RGBA,True,0,0,4096,1,16.0
textures\icons\icon building academy.tga,icon building academy.tga,64,64,4096,RGBA,True,0,0,4096,1,16.0
textures\icons\icon building archery range.tga,icon building archery range.tga,64,64,4096,RGBA,True,0,0,4096,1,16.0
textures\icons\icon building armory.tga,icon building armory.tga,64,64,4096,RGBA,True,0,0,4096,1,16.0
textures\icons\icon building ballista tower 64.tga,icon building ballista tower 64.tga,64,64,4096,RGBA,True,0,0,4096,1,16.0
textures\icons\icon building ballista tower.tga,icon building ballista tower.tga,64,64,4096,RGBA,True,0,0,4096,1,16.0
textures\icons\icon building barracks.tga,icon building barracks.tga,64,64,4096,RGBA,True,0,0,4096,1,16.0
textures\icons\icon building charioteria.tga,icon building charioteria.tga,32,32,1024,RGBA,True,0,0,1024,1,4.0
textures\icons\icon building dock.tga,icon building dock.tga,64,64,4096,RGBA,True,0,0,4096,1,16.0
textures\icons\icon building egypt migdol 64.tga,icon building egypt migdol 64.tga,64,64,4096,RGBA,True,0,0,4096,1,16.0
textures\icons\icon building egypt migdol.tga,icon building egypt migdol.tga,64,64,4096,RGBA,True,0,0,4096,1,16.0
textures\icons\icon building farm 64.tga,icon building farm 64.tga,64,64,4096,RGBA,True,0,0,4096,1,16.0
textures\icons\icon building farm.tga,icon building farm.tga,64,64,4096,RGBA,True,0,0,4096,1,16.0
textures\icons\icon building forge.tga,icon building forge.tga,32,32,1024,RGBA,True,0,0,1024,1,4.0
textures\icons\icon building fortress.tga,icon building fortress.tga,32,32,1024,RGBA,True,0,0,1024,1,4.0
textures\icons\icon building granary.tga,icon building granary.tga,64,64,4096,RGBA,True,0,0,4096,1,16.0
textures\icons\icon building greek fortress 64.tga,icon building greek fortress 64.tga,64,64,4096,RGBA,True,0,0,4096,1,16.0
textures\icons\icon building greek fortress.tga,icon building greek fortress.tga,64,64,4096,RGBA,True,0,0,4096,1,16.0
textures\icons\icon building guard tower.tga,icon building guard tower.tga,32,32,1024,RGBA,True,0,0,1024,1,4.0
textures\icons\icon building house 64.tga,icon building house 64.tga,64,64,4096,RGBA,True,0,0,4096,1,16.0
textures\icons\icon building house.tga,icon building house.tga,64,64,4096,RGBA,True,0,0,4096,1,16.0
textures\icons\icon building lighthouse 64.tga,icon building lighthouse 64.tga,64,64,4096,RGBA,True,0,0,4096,1,16.0
textures\icons\icon building lighthouse.tga,icon building lighthouse.tga,64,64,4096,RGBA,True,0,0,4096,1,16.0
textures\icons\icon building lumbercamp.tga,icon building lumbercamp.tga,64,64,4096,RGBA,True,0,0,4096,1,16.0
textures\icons\icon building market 64.tga,icon building market 64.tga,64,64,4096,RGBA,True,0,0,4096,1,16.0
textures\icons\icon building market.tga,icon building market.tga,64,64,4096,RGBA,True,0,0,4096,1,16.0
textures\icons\icon building mine.tga,icon building mine.tga,32,32,1024,RGBA,True,0,0,1024,1,4.0
textures\icons\icon building mining camp 64.tga,icon building mining camp 64.tga,64,64,4096,RGBA,True,0,0,4096,1,16.0
textures\icons\icon building mining camp.tga,icon building mining camp.tga,64,64,4096,RGBA,True,0,0,4096,1,16.0
textures\icons\icon building monument.tga,icon building monument.tga,32,32,1024,RGBA,True,0,0,1024,1,4.0
textures\icons\icon building norse fortress 64.tga,icon building norse fortress 64.tga,64,64,4096,RGBA,True,0,0,4096,1,16.0
textures\icons\icon building norse fortress.tga,icon building norse fortress.tga,64,64,4096,RGBA,True,0,0,4096,1,16.0
textures\icons\icon building outpost.tga,icon building outpost.tga,64,64,4096,RGBA,True,0,0,4096,1,16.0
textures\icons\icon building range.tga,icon building range.tga,32,32,1024,RGBA,True,0,0,1024,1,4.0
textures\icons\icon building shrine 64.tga,icon building shrine 64.tga,64,64,4096,RGBA,True,0,0,4096,1,16.0
textures\icons\icon building siege camp.tga,icon building siege camp.tga,64,64,4096,RGBA,True,0,0,4096,1,16.0
textures\icons\icon building stable.tga,icon building stable.tga,64,64,4096,RGBA,True,0,0,4096,1,16.0
textures\icons\icon building storehouse.tga,icon building storehouse.tga,64,64,4096,RGBA,True,0,0,4096,1,16.0
textures\icons\icon building temple 64.tga,icon building temple 64.tga,64,64,4096,RGBA,True,0,0,4096,1,16.0
textures\icons\icon building temple.tga,icon building temple.tga,64,64,4096,RGBA,True,0,0,4096,1,16.0
textures\icons\icon building wall to gate 64.tga,icon building wall to gate 64.tga,64,64,4096,RGBA,True,0,0,4096,1,16.0
textures\icons\icon building wall to gate.tga,icon building wall to gate.tga,64,64,4096,RGBA,True,0,0,4096,1,16.0
textures\icons\icon building wonder 64.tga,icon building wonder 64.tga,64,64,4096,RGBA,True,0,0,4096,1,16.0
textures\icons\icon building wonder.tga,icon building wonder.tga,64,64,4096,RGBA,True,0,0,4096,1,16.0
textures\icons\icon building wooden fence 64.tga,icon building wooden fence 64.tga,64,64,4096,RGBA,True,0,0,4096,1,16.0
textures\icons\icon building wooden fence.tga,icon building wooden fence.tga,64,64,4096,RGBA,True,0,0,4096,1,16.0
textures\icons\icon c titan gate placement.tga,icon c titan gate placement.tga,128,128,16384,RGBA,True,11103,5281,0,16,64.0
textures\icons\icon camera fast forward.tga,icon camera fast forward.tga,32,32,1024,RGBA,True,0,0,1024,1,4.0
textures\icons\icon camera pause.tga,icon camera pause.tga,32,32,1024,RGBA,True,0,0,1024,1,4.0
textures\icons\icon camera play.tga,icon camera play.tga,32,32,1024,RGBA,True,0,0,1024,1,4.0
textures\icons\icon camera reverse.tga,icon camera reverse.tga,32,32,1024,RGBA,True,0,0,1024,1,4.0
textures\icons\icon camera step backward.tga,icon camera step backward.tga,32,32,1024,RGBA,True,0,0,1024,1,4.0
textures\icons\icon camera step forward.tga,icon camera step forward.tga,32,32,1024,RGBA,True,0,0,1024,1,4.0
textures\icons\icon camera stop.tga,icon camera stop.tga,32,32,1024,RGBA,True,0,0,1024,1,4.0
textures\icons\icon class anti archer.tga,icon class anti archer.tga,32,32,1024,RGBA,True,662,362,0,16,4.0
textures\icons\icon class anti building.tga,icon class anti building.tga,32,32,1024,RGBA,True,502,522,0,16,4.0
textures\icons\icon class anti cavalry.tga,icon class anti cavalry.tga,32,32,1024,RGBA,True,511,513,0,16,4.0
textures\icons\icon class anti infantry.tga,icon class anti infantry.tga,32,32,1024,RGBA,True,724,300,0,16,4.0
textures\icons\icon class anti monster.tga,icon class anti monster.tga,32,32,1024,RGBA,True,577,447,0,16,4.0
textures\icons\icon class anti siege.tga,icon class anti siege.tga,32,32,1024,RGBA,True,471,553,0,16,4.0
textures\icons\icon class archery.tga,icon class archery.tga,32,32,1024,RGBA,True,672,352,0,16,4.0
textures\icons\icon class building.tga,icon class building.tga,32,32,1024,RGBA,True,500,524,0,16,4.0
textures\icons\icon class cavalry.tga,icon class cavalry.tga,32,32,1024,RGBA,True,584,440,0,16,4.0
textures\icons\icon class civilian.tga,icon class civilian.tga,32,32,1024,RGBA,True,749,275,0,16,4.0
textures\icons\icon class crush.tga,icon class crush.tga,32,32,1024,RGBA,True,724,300,0,16,4.0
textures\icons\icon class dangerous animal.tga,icon class dangerous animal.tga,32,32,1024,RGBA,True,254,770,0,16,4.0
textures\icons\icon class harmless animal.tga,icon class harmless animal.tga,32,32,1024,RGBA,True,215,809,0,16,4.0
textures\icons\icon class infantry.tga,icon class infantry.tga,32,32,1024,RGBA,True,710,314,0,16,4.0
textures\icons\icon class monster.tga,icon class monster.tga,32,32,1024,RGBA,True,621,403,0,16,4.0
textures\icons\icon class siege.tga,icon class siege.tga,32,32,1024,RGBA,True,522,502,0,16,4.0
textures\icons\icon debug minimap.tga,icon debug minimap.tga,8,8,64,RGBA,True,28,0,36,2,0.3
textures\icons\icon e titan gate placement.tga,icon e titan gate placement.tga,128,128,16384,RGBA,True,11103,5281,0,16,64.0
textures\icons\icon g titan gate placement.tga,icon g titan gate placement.tga,128,128,16384,RGBA,True,11103,5281,0,16,64.0
textures\icons\icon gold mine 64.tga,icon gold mine 64.tga,64,64,4096,RGBA,True,0,0,4096,1,16.0
textures\icons\icon gold mine.tga,icon gold mine.tga,64,64,4096,RGBA,True,0,0,4096,1,16.0
textures\icons\icon marsh tree icons 32.tga,icon marsh tree icons 32.tga,64,64,4096,RGBA,True,0,0,4096,1,16.0
textures\icons\icon marsh tree icons 64.tga,icon marsh tree icons 64.tga,64,64,4096,RGBA,True,0,0,4096,1,16.0
textures\icons\icon n titan gate placement.tga,icon n titan gate placement.tga,128,128,16384,RGBA,True,11103,5281,0,16,64.0
textures\icons\icon oak tree 64.tga,icon oak tree 64.tga,64,64,4096,RGBA,True,0,0,4096,1,16.0
textures\icons\icon oak tree.tga,icon oak tree.tga,64,64,4096,RGBA,True,0,0,4096,1,16.0
textures\icons\icon object fountain 64.tga,icon object fountain 64.tga,64,64,4096,RGBA,True,0,0,4096,1,16.0
textures\icons\icon object stat armor normal.tga,icon object stat armor normal.tga,16,16,256,RGBA,True,7,249,0,11,1.0
textures\icons\icon object stat armor pierce.tga,icon object stat armor pierce.tga,16,16,256,RGBA,True,12,244,0,9,1.0
textures\icons\icon object stat attack crush.tga,icon object stat attack crush.tga,16,16,256,RGBA,True,80,176,0,10,1.0
textures\icons\icon object stat attack normal.tga,icon object stat attack normal.tga,16,16,256,RGBA,True,102,154,0,11,1.0
textures\icons\icon object stat attack pierce.tga,icon object stat attack pierce.tga,16,16,256,RGBA,True,86,170,0,11,1.0
textures\icons\icon object stat capacity.tga,icon object stat capacity.tga,16,16,256,RGBA,True,66,190,0,14,1.0
textures\icons\icon object stat flying.tga,icon object stat flying.tga,32,32,1024,RGBA,True,0,0,1024,1,4.0
textures\icons\icon object stat hit point.tga,icon object stat hit point.tga,16,16,256,RGBA,True,38,218,0,15,1.0
textures\icons\icon object stat infantry.tga,icon object stat infantry.tga,32,32,1024,RGBA,True,0,0,1024,1,4.0
textures\icons\icon object stat range normal.tga,icon object stat range normal.tga,16,16,256,RGBA,True,76,180,0,10,1.0
textures\icons\icon object stat range.tga,icon object stat range.tga,16,16,256,RGBA,True,20,236,0,10,1.0
textures\icons\icon object stat ship.tga,icon object stat ship.tga,32,32,1024,RGBA,True,0,0,1024,1,4.0
textures\icons\icon object stat siege.tga,icon object stat siege.tga,32,32,1024,RGBA,True,0,0,1024,1,4.0
textures\icons\icon palm tree 64.tga,icon palm tree 64.tga,64,64,4096,RGBA,True,0,0,4096,1,16.0
textures\icons\icon palm tree.tga,icon palm tree.tga,64,64,4096,RGBA,True,0,0,4096,1,16.0
textures\icons\icon pine snow tree 64.tga,icon pine snow tree 64.tga,64,64,4096,RGBA,True,0,0,4096,1,16.0
textures\icons\icon pine tree 64.tga,icon pine tree 64.tga,64,64,4096,RGBA,True,0,0,4096,1,16.0
textures\icons\icon pine tree.tga,icon pine tree.tga,64,64,4096,RGBA,True,0,0,4096,1,16.0
textures\icons\icon resource favor full.tga,icon resource favor full.tga,32,16,512,RGBA,True,134,378,0,14,2.0
textures\icons\icon resource favor.tga,icon resource favor.tga,32,16,512,RGBA,True,134,378,0,14,2.0
textures\icons\icon resource food.tga,icon resource food.tga,32,16,512,RGBA,True,107,405,0,11,2.0
textures\icons\icon resource gold.tga,icon resource gold.tga,32,16,512,RGBA,True,150,362,0,13,2.0
textures\icons\icon resource population.tga,icon resource population.tga,32,16,512,RGBA,True,195,317,0,16,2.0
textures\icons\icon resource wood.tga,icon resource wood.tga,32,16,512,RGBA,True,70,442,0,13,2.0
textures\icons\icon savannah tree 64.tga,icon savannah tree 64.tga,64,64,4096,RGBA,True,0,0,4096,1,16.0
textures\icons\icon savannah tree.tga,icon savannah tree.tga,64,64,4096,RGBA,True,0,0,4096,1,16.0
textures\icons\icon settlement.tga,icon settlement.tga,16,16,256,RGBA,True,163,0,93,2,1.0
textures\icons\icon settlementminimap 4x4.tga,icon settlementminimap 4x4.tga,4,4,16,RGBA,True,2,14,0,7,0.1
textures\icons\icon settlementminimap.tga,icon settlementminimap.tga,8,8,64,RGBA,True,30,34,0,2,0.3
textures\icons\icon titangate.tga,icon titangate.tga,16,16,256,RGBA,True,167,0,89,2,1.0
textures\icons\icon titanminimap 8x8.tga,icon titanminimap 8x8.tga,8,8,64,RGBA,True,31,33,0,2,0.3
textures\icons\icon tundra tree icons 32.tga,icon tundra tree icons 32.tga,64,64,4096,RGBA,True,0,0,4096,1,16.0
textures\icons\icon tundra tree icons 64.tga,icon tundra tree icons 64.tga,64,64,4096,RGBA,True,0,0,4096,1,16.0
textures\icons\icon unit relic.tga,icon unit relic.tga,32,32,1024,RGBA,True,0,0,1024,1,4.0
textures\icons\icon wonderminimap 8x8.tga,icon wonderminimap 8x8.tga,8,8,64,RGBA,True,30,34,0,2,0.3
textures\icons\icon wonderminimap.tga,icon wonderminimap.tga,16,16,256,RGBA,True,126,130,0,2,1.0
textures\icons\icon x titan gate placement.tga,icon x titan gate placement.tga,128,128,16384,RGBA,True,11103,5281,0,16,64.0
textures\icons\improvement acupuncture icon.tga,improvement acupuncture icon.tga,60,60,3600,RGBA,True,0,0,3600,1,14.1
textures\icons\improvement adze of wepwawet icon 64.tga,improvement adze of wepwawet icon 64.tga,64,64,4096,RGBA,True,0,0,4096,1,16.0
textures\icons\improvement adze of wepwawet icon.tga,improvement adze of wepwawet icon.tga,64,64,4096,RGBA,True,0,0,4096,1,16.0
textures\icons\improvement aegis shield icon.tga,improvement aegis shield icon.tga,32,32,1024,RGBA,True,0,0,1024,1,4.0
textures\icons\improvement ageis shield icon 64.tga,improvement ageis shield icon 64.tga,32,32,1024,RGBA,True,0,0,1024,1,4.0
textures\icons\improvement alluvial clay icons 32.tga,improvement alluvial clay icons 32.tga,64,64,4096,RGBA,True,0,0,4096,1,16.0
textures\icons\improvement alluvial clay icons 64.tga,improvement alluvial clay icons 64.tga,64,64,4096,RGBA,True,0,0,4096,1,16.0
textures\icons\improvement ambassadors icon 64.tga,improvement ambassadors icon 64.tga,64,64,4096,RGBA,True,0,0,4096,1,16.0
textures\icons\improvement ambassadors icon.tga,improvement ambassadors icon.tga,64,64,4096,RGBA,True,0,0,4096,1,16.0
textures\icons\improvement anastrophe icon 64.tga,improvement anastrophe icon 64.tga,64,64,4096,RGBA,True,0,0,4096,1,16.0
textures\icons\improvement anastrophe icon.tga,improvement anastrophe icon.tga,64,64,4096,RGBA,True,0,0,4096,1,16.0
textures\icons\improvement ancient destroyer icon.tga,improvement ancient destroyer icon.tga,64,64,4096,RGBA,True,0,0,4096,1,16.0
textures\icons\improvement anubis icon.tga,improvement anubis icon.tga,64,64,4096,RGBA,True,0,0,4096,1,16.0
textures\icons\improvement aokuang icon.tga,improvement aokuang icon.tga,64,64,4096,RGBA,True,0,0,4096,1,16.0
textures\icons\improvement aphrodite icon.tga,improvement aphrodite icon.tga,64,64,4096,RGBA,True,0,0,4096,1,16.0
textures\icons\improvement apollo icon.tga,improvement apollo icon.tga,64,64,4096,RGBA,True,0,0,4096,1,16.0
textures\icons\improvement architects icon 64.tga,improvement architects icon 64.tga,64,64,4096,RGBA,True,0,0,4096,1,16.0
textures\icons\improvement architects icon.tga,improvement architects icon.tga,64,64,4096,RGBA,True,0,0,4096,1,16.0
textures\icons\improvement arctic gale icon 64.tga,improvement arctic gale icon 64.tga,64,64,4096,RGBA,True,0,0,4096,1,16.0
textures\icons\improvement arctic gale icon.tga,improvement arctic gale icon.tga,64,64,4096,RGBA,True,0,0,4096,1,16.0
textures\icons\improvement arctic wind icon 64.tga,improvement arctic wind icon 64.tga,64,64,4096,RGBA,True,0,0,4096,1,16.0
textures\icons\improvement arctic wind icon.tga,improvement arctic wind icon.tga,64,64,4096,RGBA,True,0,0,4096,1,16.0
textures\icons\improvement ares icon.tga,improvement ares icon.tga,64,64,4096,RGBA,True,0,0,4096,1,16.0
textures\icons\improvement artemis icon.tga,improvement artemis icon.tga,64,64,4096,RGBA,True,0,0,4096,1,16.0
textures\icons\improvement asper blood icons 32.tga,improvement asper blood icons 32.tga,64,64,4096,RGBA,True,0,0,4096,1,16.0
textures\icons\improvement asper blood icons 64.tga,improvement asper blood icons 64.tga,64,64,4096,RGBA,True,0,0,4096,1,16.0
textures\icons\improvement atef crown icon 64.tga,improvement atef crown icon 64.tga,64,64,4096,RGBA,True,0,0,4096,1,16.0
textures\icons\improvement atef crown icon.tga,improvement atef crown icon.tga,64,64,4096,RGBA,True,0,0,4096,1,16.0
textures\icons\improvement athena icon.tga,improvement athena icon.tga,64,64,4096,RGBA,True,0,0,4096,1,16.0
textures\icons\improvement athenian wall icon 64.tga,improvement athenian wall icon 64.tga,64,64,4096,RGBA,True,0,0,4096,1,16.0
textures\icons\improvement athenian wall icon.tga,improvement athenian wall icon.tga,64,64,4096,RGBA,True,0,0,4096,1,16.0
textures\icons\improvement aurora borealis icon.tga,improvement aurora borealis icon.tga,64,64,4096,RGBA,True,0,0,4096,1,16.0
textures\icons\improvement aurora borealis icon64.tga,improvement aurora borealis icon64.tga,64,64,4096,RGBA,True,0,0,4096,1,16.0
textures\icons\improvement axe of muspell icons 32.tga,improvement axe of muspell icons 32.tga,64,64,4096,RGBA,True,0,0,4096,1,16.0
textures\icons\improvement axe of muspell icons 64.tga,improvement axe of muspell icons 64.tga,64,64,4096,RGBA,True,0,0,4096,1,16.0
textures\icons\improvement bacchanalia icon 64.tga,improvement bacchanalia icon 64.tga,64,64,4096,RGBA,True,0,0,4096,1,16.0
textures\icons\improvement bacchanalia icon.tga,improvement bacchanalia icon.tga,64,64,4096,RGBA,True,0,0,4096,1,16.0
textures\icons\improvement back to work icon.tga,improvement back to work icon.tga,32,32,1024,RGBA,True,210,814,0,5,4.0
textures\icons\improvement baldr icon.tga,improvement baldr icon.tga,64,64,4096,RGBA,True,0,0,4096,1,16.0
textures\icons\improvement ballista tower icon 64.tga,improvement ballista tower icon 64.tga,64,64,4096,RGBA,True,0,0,4096,1,16.0
textures\icons\improvement ballista tower icon.tga,improvement ballista tower icon.tga,64,64,4096,RGBA,True,0,0,4096,1,16.0
textures\icons\improvement bast icon.tga,improvement bast icon.tga,64,64,4096,RGBA,True,0,0,4096,1,16.0
textures\icons\improvement beast slayer icons 32.tga,improvement beast slayer icons 32.tga,64,64,4096,RGBA,True,0,0,4096,1,16.0
textures\icons\improvement beast slayer icons 64.tga,improvement beast slayer icons 64.tga,64,64,4096,RGBA,True,0,0,4096,1,16.0
textures\icons\improvement berserkergang icon 64.tga,improvement berserkergang icon 64.tga,64,64,4096,RGBA,True,0,0,4096,1,16.0
textures\icons\improvement berserkergang icon.tga,improvement berserkergang icon.tga,64,64,4096,RGBA,True,0,0,4096,1,16.0
textures\icons\improvement bite of the shark icons 32.tga,improvement bite of the shark icons 32.tga,64,64,4096,RGBA,True,0,0,4096,1,16.0
textures\icons\improvement bite of the shark icons 64.tga,improvement bite of the shark icons 64.tga,64,64,4096,RGBA,True,0,0,4096,1,16.0
textures\icons\improvement blessing icon.tga,improvement blessing icon.tga,32,32,1024,RGBA,True,0,0,1024,1,4.0
textures\icons\improvement bone bow icon 64.tga,improvement bone bow icon 64.tga,64,64,4096,RGBA,True,0,0,4096,1,16.0
textures\icons\improvement bone bow icon.tga,improvement bone bow icon.tga,64,64,4096,RGBA,True,0,0,4096,1,16.0
textures\icons\improvement bone oracle script icon.tga,improvement bone oracle script icon.tga,64,64,4096,RGBA,True,4096,0,0,1,16.0
textures\icons\improvement book of thoth icon 64.tga,improvement book of thoth icon 64.tga,64,64,4096,RGBA,True,0,0,4096,1,16.0
textures\icons\improvement book of thoth icon.tga,improvement book of thoth icon.tga,64,64,4096,RGBA,True,0,0,4096,1,16.0
textures\icons\improvement bountiful harvest icon 64.tga,improvement bountiful harvest icon 64.tga,64,64,4096,RGBA,True,0,0,4096,1,16.0
textures\icons\improvement bountiful harvest icon.tga,improvement bountiful harvest icon.tga,64,64,4096,RGBA,True,0,0,4096,1,16.0
textures\icons\improvement bow saw icon 64.tga,improvement bow saw icon 64.tga,64,64,4096,RGBA,True,0,0,4096,1,16.0
textures\icons\improvement bow saw icon.tga,improvement bow saw icon.tga,64,64,4096,RGBA,True,0,0,4096,1,16.0
textures\icons\improvement bragi icon.tga,improvement bragi icon.tga,64,64,4096,RGBA,True,0,0,4096,1,16.0
textures\icons\improvement bravery icon 64.tga,improvement bravery icon 64.tga,64,64,4096,RGBA,True,0,0,4096,1,16.0
textures\icons\improvement bravery icon.tga,improvement bravery icon.tga,64,64,4096,RGBA,True,0,0,4096,1,16.0
textures\icons\improvement bronze colossus icon 64.tga,improvement bronze colossus icon 64.tga,64,64,4096,RGBA,True,0,0,4096,1,16.0
textures\icons\improvement bronze colossus icon.tga,improvement bronze colossus icon.tga,64,64,4096,RGBA,True,0,0,4096,1,16.0
textures\icons\improvement bronze mail icon 64.tga,improvement bronze mail icon 64.tga,64,64,4096,RGBA,True,0,0,4096,1,16.0
textures\icons\improvement bronze mail icon.tga,improvement bronze mail icon.tga,64,64,4096,RGBA,True,0,0,4096,1,16.0
textures\icons\improvement bronze shields icon 64.tga,improvement bronze shields icon 64.tga,64,64,4096,RGBA,True,0,0,4096,1,16.0
textures\icons\improvement bronze shields icon.tga,improvement bronze shields icon.tga,64,64,4096,RGBA,True,0,0,4096,1,16.0
textures\icons\improvement bronze wall icons 128.tga,improvement bronze wall icons 128.tga,32,32,1024,RGBA,True,0,0,1024,1,4.0
textures\icons\improvement bronze wall icons 32.tga,improvement bronze wall icons 32.tga,64,64,4096,RGBA,True,0,0,4096,1,16.0
textures\icons\improvement bronze wall icons 64.tga,improvement bronze wall icons 64.tga,64,64,4096,RGBA,True,0,0,4096,1,16.0
textures\icons\improvement bronze weapons icon 64.tga,improvement bronze weapons icon 64.tga,64,64,4096,RGBA,True,0,0,4096,1,16.0
textures\icons\improvement bronze weapons icon.tga,improvement bronze weapons icon.tga,64,64,4096,RGBA,True,0,0,4096,1,16.0
textures\icons\improvement bull minotaur icon 64.tga,improvement bull minotaur icon 64.tga,64,64,4096,RGBA,True,0,0,4096,1,16.0
textures\icons\improvement bull minotaur icon.tga,improvement bull minotaur icon.tga,64,64,4096,RGBA,True,0,0,4096,1,16.0
textures\icons\improvement burials icon.tga,improvement burials icon.tga,64,64,4096,RGBA,True,0,248,3848,3,16.0
textures\icons\improvement burning pitch icon 64.tga,improvement burning pitch icon 64.tga,64,64,4096,RGBA,True,0,0,4096,1,16.0
textures\icons\improvement burning pitch icon.tga,improvement burning pitch icon.tga,64,64,4096,RGBA,True,0,0,4096,1,16.0
textures\icons\improvement call of valhalla icon 64.tga,improvement call of valhalla icon 64.tga,64,64,4096,RGBA,True,0,0,4096,1,16.0
textures\icons\improvement call of valhalla icon.tga,improvement call of valhalla icon.tga,64,64,4096,RGBA,True,0,0,4096,1,16.0
textures\icons\improvement cancel town bell icon.tga,improvement cancel town bell icon.tga,32,32,1024,RGBA,True,0,0,1024,1,4.0
textures\icons\improvement carpenters icon 64.tga,improvement carpenters icon 64.tga,64,64,4096,RGBA,True,0,0,4096,1,16.0
textures\icons\improvement carpenters icon.tga,improvement carpenters icon.tga,64,64,4096,RGBA,True,0,0,4096,1,16.0
textures\icons\improvement carrier pigeons icon 64.tga,improvement carrier pigeons icon 64.tga,64,64,4096,RGBA,True,0,0,4096,1,16.0
textures\icons\improvement carrier pigeons icon.tga,improvement carrier pigeons icon.tga,64,64,4096,RGBA,True,0,0,4096,1,16.0
textures\icons\improvement celerity icons 32.tga,improvement celerity icons 32.tga,64,64,4096,RGBA,True,0,0,4096,1,16.0
textures\icons\improvement celerity icons 64.tga,improvement celerity icons 64.tga,64,64,4096,RGBA,True,0,0,4096,1,16.0
textures\icons\improvement celestial palace icon.tga,improvement celestial palace icon.tga,64,64,4096,RGBA,True,0,0,4096,1,16.0
textures\icons\improvement champion archer icon 64.tga,improvement champion archer icon 64.tga,64,64,4096,RGBA,True,0,0,4096,1,16.0
textures\icons\improvement champion archer icon.tga,improvement champion archer icon.tga,64,64,4096,RGBA,True,0,0,4096,1,16.0
textures\icons\improvement champion axemen icon 64.tga,improvement champion axemen icon 64.tga,64,64,4096,RGBA,True,0,0,4096,1,16.0
textures\icons\improvement champion axemen icon.tga,improvement champion axemen icon.tga,64,64,4096,RGBA,True,0,0,4096,1,16.0
textures\icons\improvement champion barracks icon.tga,improvement champion barracks icon.tga,64,64,4096,RGBA,True,0,0,4096,1,16.0
textures\icons\improvement champion camelry icon 64.tga,improvement champion camelry icon 64.tga,64,64,4096,RGBA,True,0,0,4096,1,16.0
textures\icons\improvement champion camelry icon.tga,improvement champion camelry icon.tga,64,64,4096,RGBA,True,0,0,4096,1,16.0
textures\icons\improvement champion cavalry icon 64.tga,improvement champion cavalry icon 64.tga,64,64,4096,RGBA,True,0,0,4096,1,16.0
textures\icons\improvement champion cavalry icon.tga,improvement champion cavalry icon.tga,64,64,4096,RGBA,True,0,0,4096,1,16.0
textures\icons\improvement champion chariots icon 64.tga,improvement champion chariots icon 64.tga,64,64,4096,RGBA,True,0,0,4096,1,16.0
textures\icons\improvement champion chariots icon.tga,improvement champion chariots icon.tga,64,64,4096,RGBA,True,0,0,4096,1,16.0
textures\icons\improvement champion chieroballista icons 32.tga,improvement champion chieroballista icons 32.tga,64,64,4096,RGBA,True,0,0,4096,1,16.0
textures\icons\improvement champion chieroballista icons 64.tga,improvement champion chieroballista icons 64.tga,64,64,4096,RGBA,True,0,0,4096,1,16.0
textures\icons\improvement champion elephant icon 64.tga,improvement champion elephant icon 64.tga,64,64,4096,RGBA,True,0,0,4096,1,16.0
textures\icons\improvement champion elephant icon.tga,improvement champion elephant icon.tga,64,64,4096,RGBA,True,0,0,4096,1,16.0
textures\icons\improvement champion infantry icon 64.tga,improvement champion infantry icon 64.tga,64,64,4096,RGBA,True,0,0,4096,1,16.0
textures\icons\improvement champion infantry icon.tga,improvement champion infantry icon.tga,64,64,4096,RGBA,True,0,0,4096,1,16.0
textures\icons\improvement champion khopesh icon.tga,improvement champion khopesh icon.tga,64,64,4096,RGBA,True,0,0,4096,1,16.0
textures\icons\improvement champion slinger icon 64.tga,improvement champion slinger icon 64.tga,64,64,4096,RGBA,True,0,0,4096,1,16.0
textures\icons\improvement champion slinger icon.tga,improvement champion slinger icon.tga,64,64,4096,RGBA,True,0,0,4096,1,16.0
textures\icons\improvement champion spearmen icon 64.tga,improvement champion spearmen icon 64.tga,64,64,4096,RGBA,True,0,0,4096,1,16.0
textures\icons\improvement champion spearmen icon.tga,improvement champion spearmen icon.tga,64,64,4096,RGBA,True,0,0,4096,1,16.0
textures\icons\improvement change icon.tga,improvement change icon.tga,64,64,4096,RGBA,True,0,0,4096,1,16.0
textures\icons\improvement channels icons 32.tga,improvement channels icons 32.tga,64,64,4096,RGBA,True,0,0,4096,1,16.0
textures\icons\improvement channels icons 64.tga,improvement channels icons 64.tga,64,64,4096,RGBA,True,0,0,4096,1,16.0
textures\icons\improvement chongli icon.tga,improvement chongli icon.tga,64,64,4096,RGBA,True,0,0,4096,1,16.0
textures\icons\improvement citadel wall icon 64.tga,improvement citadel wall icon 64.tga,64,64,4096,RGBA,True,0,0,4096,1,16.0
textures\icons\improvement citadel wall icon.tga,improvement citadel wall icon.tga,64,64,4096,RGBA,True,0,0,4096,1,16.0
textures\icons\improvement city of the dead icon 64.tga,improvement city of the dead icon 64.tga,64,64,4096,RGBA,True,0,0,4096,1,16.0
textures\icons\improvement city of the dead icon.tga,improvement city of the dead icon.tga,64,64,4096,RGBA,True,0,0,4096,1,16.0
textures\icons\improvement cladding icon 64.tga,improvement cladding icon 64.tga,64,64,4096,RGBA,True,0,0,4096,1,16.0
textures\icons\improvement cladding icon.tga,improvement cladding icon.tga,64,64,4096,RGBA,True,0,0,4096,1,16.0
textures\icons\improvement coinage icon 64.tga,improvement coinage icon 64.tga,64,64,4096,RGBA,True,0,0,4096,1,16.0
textures\icons\improvement coinage icon.tga,improvement coinage icon.tga,64,64,4096,RGBA,True,0,0,4096,1,16.0
textures\icons\improvement conscript archers icon 64.tga,improvement conscript archers icon 64.tga,64,64,4096,RGBA,True,0,0,4096,1,16.0
textures\icons\improvement conscript archers icon.tga,improvement conscript archers icon.tga,64,64,4096,RGBA,True,0,0,4096,1,16.0
textures\icons\improvement conscript barracks icon.tga,improvement conscript barracks icon.tga,64,64,4096,RGBA,True,0,0,4096,1,16.0
textures\icons\improvement conscript barracks soldiers icon.tga,improvement conscript barracks soldiers icon.tga,64,64,4096,RGBA,True,0,0,4096,1,16.0
textures\icons\improvement conscript cavalry icon 64.tga,improvement conscript cavalry icon 64.tga,64,64,4096,RGBA,True,0,0,4096,1,16.0
textures\icons\improvement conscript cavalry icon.tga,improvement conscript cavalry icon.tga,64,64,4096,RGBA,True,0,0,4096,1,16.0
textures\icons\improvement conscript hillfort icon.tga,improvement conscript hillfort icon.tga,64,64,4096,RGBA,True,0,0,4096,1,16.0
textures\icons\improvement conscript hillfort solders icon.tga,improvement conscript hillfort solders icon.tga,64,64,4096,RGBA,True,0,0,4096,1,16.0
textures\icons\improvement conscript infantry icon 64.tga,improvement conscript infantry icon 64.tga,64,64,4096,RGBA,True,0,0,4096,1,16.0
textures\icons\improvement conscript infantry icon.tga,improvement conscript infantry icon.tga,64,64,4096,RGBA,True,0,0,4096,1,16.0
textures\icons\improvement conscript longhouse icon.tga,improvement conscript longhouse icon.tga,64,64,4096,RGBA,True,0,0,4096,1,16.0
textures\icons\improvement conscript longhouse soldiers icon.tga,improvement conscript longhouse soldiers icon.tga,64,64,4096,RGBA,True,0,0,4096,1,16.0
textures\icons\improvement conscript mainline icons 32.tga,improvement conscript mainline icons 32.tga,64,64,4096,RGBA,True,0,0,4096,1,16.0
textures\icons\improvement conscript mainline icons 64.tga,improvement conscript mainline icons 64.tga,64,64,4096,RGBA,True,0,0,4096,1,16.0
textures\icons\improvement conscript migdol icon.tga,improvement conscript migdol icon.tga,64,64,4096,RGBA,True,0,0,4096,1,16.0
textures\icons\improvement conscript migdol soldiers icon.tga,improvement conscript migdol soldiers icon.tga,64,64,4096,RGBA,True,0,0,4096,1,16.0
textures\icons\improvement conscript naval icon 64.tga,improvement conscript naval icon 64.tga,64,64,4096,RGBA,True,0,0,4096,1,16.0
textures\icons\improvement conscript naval icon.tga,improvement conscript naval icon.tga,64,64,4096,RGBA,True,0,0,4096,1,16.0
textures\icons\improvement conscript palace icons 32.tga,improvement conscript palace icons 32.tga,64,64,4096,RGBA,True,0,0,4096,1,16.0
textures\icons\improvement conscript palace icons 64.tga,improvement conscript palace icons 64.tga,64,64,4096,RGBA,True,0,0,4096,1,16.0
textures\icons\improvement conscript specialty icons 32.tga,improvement conscript specialty icons 32.tga,64,64,4096,RGBA,True,0,0,4096,1,16.0
textures\icons\improvement conscript specialty icons 64.tga,improvement conscript specialty icons 64.tga,64,64,4096,RGBA,True,0,0,4096,1,16.0
textures\icons\improvement copper mail icon 64.tga,improvement copper mail icon 64.tga,64,64,4096,RGBA,True,0,0,4096,1,16.0
textures\icons\improvement copper mail icon.tga,improvement copper mail icon.tga,64,64,4096,RGBA,True,0,0,4096,1,16.0
textures\icons\improvement copper shields icon 64.tga,improvement copper shields icon 64.tga,64,64,4096,RGBA,True,0,0,4096,1,16.0
textures\icons\improvement copper shields icon.tga,improvement copper shields icon.tga,64,64,4096,RGBA,True,0,0,4096,1,16.0
textures\icons\improvement copper weapons icon 64.tga,improvement copper weapons icon 64.tga,64,64,4096,RGBA,True,0,0,4096,1,16.0
textures\icons\improvement copper weapons icon.tga,improvement copper weapons icon.tga,64,64,4096,RGBA,True,0,0,4096,1,16.0
textures\icons\improvement crenelations icon 64.tga,improvement crenelations icon 64.tga,64,64,4096,RGBA,True,0,0,4096,1,16.0
textures\icons\improvement crenelations icon.tga,improvement crenelations icon.tga,64,64,4096,RGBA,True,0,0,4096,1,16.0
textures\icons\improvement crio sphinx icon 64.tga,improvement crio sphinx icon 64.tga,64,64,4096,RGBA,True,0,0,4096,1,16.0
textures\icons\improvement crio sphinx icon.tga,improvement crio sphinx icon.tga,64,64,4096,RGBA,True,0,0,4096,1,16.0
textures\icons\improvement crocodopolis icon 64.tga,improvement crocodopolis icon 64.tga,64,64,4096,RGBA,True,0,0,4096,1,16.0
textures\icons\improvement crocodopolis icon.tga,improvement crocodopolis icon.tga,64,64,4096,RGBA,True,0,0,4096,1,16.0
textures\icons\improvement dabogong icon.tga,improvement dabogong icon.tga,64,64,4096,RGBA,True,0,0,4096,1,16.0
textures\icons\improvement deimos sword of dread icon 64.tga,improvement deimos sword of dread icon 64.tga,64,64,4096,RGBA,True,0,0,4096,1,16.0
textures\icons\improvement deimos sword of dread icon.tga,improvement deimos sword of dread icon.tga,64,64,4096,RGBA,True,0,0,4096,1,16.0
textures\icons\improvement demon slayer icon.tga,improvement demon slayer icon.tga,64,64,4096,RGBA,True,0,0,4096,1,16.0
textures\icons\improvement desert wind icon 64.tga,improvement desert wind icon 64.tga,64,64,4096,RGBA,True,0,0,4096,1,16.0
textures\icons\improvement desert wind icon.tga,improvement desert wind icon.tga,64,64,4096,RGBA,True,0,0,4096,1,16.0
textures\icons\improvement dionysos icon.tga,improvement dionysos icon.tga,64,64,4096,RGBA,True,0,0,4096,1,16.0
textures\icons\improvement divine blood icon icon 64.tga,improvement divine blood icon icon 64.tga,64,64,4096,RGBA,True,0,0,4096,1,16.0
textures\icons\improvement divine blood icon.tga,improvement divine blood icon.tga,64,64,4096,RGBA,True,0,0,4096,1,16.0
textures\icons\improvement domestication icon.tga,improvement domestication icon.tga,64,64,4096,RGBA,True,0,0,4096,1,16.0
textures\icons\improvement draft horses icon 64.tga,improvement draft horses icon 64.tga,64,64,4096,RGBA,True,0,0,4096,1,16.0
textures\icons\improvement draft horses icon.tga,improvement draft horses icon.tga,64,64,4096,RGBA,True,0,0,4096,1,16.0
textures\icons\improvement dragon scales icon.tga,improvement dragon scales icon.tga,64,64,4096,RGBA,True,0,0,4096,1,16.0
textures\icons\improvement dragonscale shields icon 64.tga,improvement dragonscale shields icon 64.tga,64,64,4096,RGBA,True,0,0,4096,1,16.0
textures\icons\improvement dwarven auger icon 64.tga,improvement dwarven auger icon 64.tga,64,64,4096,RGBA,True,0,0,4096,1,16.0
textures\icons\improvement dwarven auger icon.tga,improvement dwarven auger icon.tga,64,64,4096,RGBA,True,0,0,4096,1,16.0
textures\icons\improvement dwarven mail icon 64.tga,improvement dwarven mail icon 64.tga,64,64,4096,RGBA,True,0,0,4096,1,16.0
textures\icons\improvement dwarven mail icon.tga,improvement dwarven mail icon.tga,64,64,4096,RGBA,True,0,0,4096,1,16.0
textures\icons\improvement dwarven shields icon 64.tga,improvement dwarven shields icon 64.tga,64,64,4096,RGBA,True,0,0,4096,1,16.0
textures\icons\improvement dwarven shields icon.tga,improvement dwarven shields icon.tga,64,64,4096,RGBA,True,0,0,4096,1,16.0
textures\icons\improvement dwarven weapons icon 64.tga,improvement dwarven weapons icon 64.tga,64,64,4096,RGBA,True,0,0,4096,1,16.0
textures\icons\improvement dwarven weapons icon.tga,improvement dwarven weapons icon.tga,64,64,4096,RGBA,True,0,0,4096,1,16.0
textures\icons\improvement earthen wall icon.tga,improvement earthen wall icon.tga,64,64,4096,RGBA,True,0,0,4096,1,16.0
textures\icons\improvement east sea icon.tga,improvement east sea icon.tga,64,64,4096,RGBA,True,0,0,4096,1,16.0
textures\icons\improvement electrum bullets icon 64.tga,improvement electrum bullets icon 64.tga,64,64,4096,RGBA,True,0,0,4096,1,16.0
textures\icons\improvement electrum bullets icon.tga,improvement electrum bullets icon.tga,64,64,4096,RGBA,True,0,0,4096,1,16.0
textures\icons\improvement elixir of immortality icon.tga,improvement elixir of immortality icon.tga,64,64,4096,RGBA,True,0,0,4096,1,16.0
textures\icons\improvement elminer kettle icon 64.tga,improvement elminer kettle icon 64.tga,64,64,4096,RGBA,True,0,0,4096,1,16.0
textures\icons\improvement elminer kettle icon.tga,improvement elminer kettle icon.tga,64,64,4096,RGBA,True,0,0,4096,1,16.0
textures\icons\improvement enclosed decks icon 64.tga,improvement enclosed decks icon 64.tga,64,64,4096,RGBA,True,0,0,4096,1,16.0
textures\icons\improvement enclosed decks icon.tga,improvement enclosed decks icon.tga,64,64,4096,RGBA,True,0,0,4096,1,16.0
textures\icons\improvement engineers icon 64.tga,improvement engineers icon 64.tga,64,64,4096,RGBA,True,0,0,4096,1,16.0
textures\icons\improvement engineers icon.tga,improvement engineers icon.tga,64,64,4096,RGBA,True,0,0,4096,1,16.0
textures\icons\improvement enyos bow of horror icon 64.tga,improvement enyos bow of horror icon 64.tga,64,64,4096,RGBA,True,0,0,4096,1,16.0
textures\icons\improvement enyos bow of horror icon.tga,improvement enyos bow of horror icon.tga,64,64,4096,RGBA,True,0,0,4096,1,16.0
textures\icons\improvement eyes in the forest icon 64.tga,improvement eyes in the forest icon 64.tga,64,64,4096,RGBA,True,0,0,4096,1,16.0
textures\icons\improvement eyes in the forest icon.tga,improvement eyes in the forest icon.tga,64,64,4096,RGBA,True,0,0,4096,1,16.0
textures\icons\improvement eyes of atlas icons 32.tga,improvement eyes of atlas icons 32.tga,64,64,4096,RGBA,True,0,0,4096,1,16.0
textures\icons\improvement eyes of atlas icons 64.tga,improvement eyes of atlas icons 64.tga,64,64,4096,RGBA,True,0,0,4096,1,16.0
textures\icons\improvement face of the gorgon icon 64.tga,improvement face of the gorgon icon 64.tga,64,64,4096,RGBA,True,0,0,4096,1,16.0
textures\icons\improvement face of the gorgon icon.tga,improvement face of the gorgon icon.tga,64,64,4096,RGBA,True,0,0,4096,1,16.0
textures\icons\improvement feet of the jackal icon 64.tga,improvement feet of the jackal icon 64.tga,64,64,4096,RGBA,True,0,0,4096,1,16.0
textures\icons\improvement feet of the jackal icon.tga,improvement feet of the jackal icon.tga,64,64,4096,RGBA,True,0,0,4096,1,16.0
textures\icons\improvement feral icon 64.tga,improvement feral icon 64.tga,64,64,4096,RGBA,True,0,0,4096,1,16.0
textures\icons\improvement feral icon.tga,improvement feral icon.tga,64,64,4096,RGBA,True,0,0,4096,1,16.0
textures\icons\improvement five grains icon.tga,improvement five grains icon.tga,64,64,4096,RGBA,True,0,0,4096,1,16.0
textures\icons\improvement flames of typhon icon.tga,improvement flames of typhon icon.tga,64,64,4096,RGBA,True,0,0,4096,1,16.0
textures\icons\improvement flood control icon 64.tga,improvement flood control icon 64.tga,64,64,4096,RGBA,True,0,0,4096,1,16.0
textures\icons\improvement flood control icon.tga,improvement flood control icon.tga,64,64,4096,RGBA,True,0,0,4096,1,16.0
textures\icons\improvement flood of the nile icon 64.tga,improvement flood of the nile icon 64.tga,64,64,4096,RGBA,True,0,0,4096,1,16.0
textures\icons\improvement flood of the nile icon.tga,improvement flood of the nile icon.tga,64,64,4096,RGBA,True,0,0,4096,1,16.0
textures\icons\improvement focus icons 32.tga,improvement focus icons 32.tga,64,64,4096,RGBA,True,0,0,4096,1,16.0
textures\icons\improvement focus icons 64.tga,improvement focus icons 64.tga,64,64,4096,RGBA,True,0,0,4096,1,16.0
textures\icons\improvement forge of olympus icon 64.tga,improvement forge of olympus icon 64.tga,64,64,4096,RGBA,True,0,0,4096,1,16.0
textures\icons\improvement forge of olympus icon.tga,improvement forge of olympus icon.tga,64,64,4096,RGBA,True,0,0,4096,1,16.0
textures\icons\improvement forseti icon.tga,improvement forseti icon.tga,64,64,4096,RGBA,True,0,0,4096,1,16.0
textures\icons\improvement fortified town center icon 64.tga,improvement fortified town center icon 64.tga,64,64,4096,RGBA,True,0,0,4096,1,16.0
textures\icons\improvement fortified town center icon.tga,improvement fortified town center icon.tga,64,64,4096,RGBA,True,0,0,4096,1,16.0
textures\icons\improvement fortified wall icon 64.tga,improvement fortified wall icon 64.tga,64,64,4096,RGBA,True,0,0,4096,1,16.0
textures\icons\improvement fortified wall icon.tga,improvement fortified wall icon.tga,64,64,4096,RGBA,True,0,0,4096,1,16.0
textures\icons\improvement freyja icon.tga,improvement freyja icon.tga,64,64,4096,RGBA,True,0,0,4096,1,16.0
textures\icons\improvement frigg icon.tga,improvement frigg icon.tga,64,64,4096,RGBA,True,0,0,4096,1,16.0
textures\icons\improvement funeral barge icon 64.tga,improvement funeral barge icon 64.tga,64,64,4096,RGBA,True,0,0,4096,1,16.0
textures\icons\improvement funeral barge icon.tga,improvement funeral barge icon.tga,64,64,4096,RGBA,True,0,0,4096,1,16.0
textures\icons\improvement funeral rites icon 64.tga,improvement funeral rites icon 64.tga,64,64,4096,RGBA,True,0,0,4096,1,16.0
textures\icons\improvement funeral rites icon.tga,improvement funeral rites icon.tga,64,64,4096,RGBA,True,0,0,4096,1,16.0
textures\icons\improvement garrison icon.tga,improvement garrison icon.tga,32,32,1024,RGBA,True,118,906,0,15,4.0
textures\icons\improvement gemino icons 32.tga,improvement gemino icons 32.tga,64,64,4096,RGBA,True,0,0,4096,1,16.0
textures\icons\improvement gemino icons 64.tga,improvement gemino icons 64.tga,64,64,4096,RGBA,True,0,0,4096,1,16.0
textures\icons\improvement golden apples icon 64.tga,improvement golden apples icon 64.tga,64,64,4096,RGBA,True,0,0,4096,1,16.0
textures\icons\improvement golden apples icon.tga,improvement golden apples icon.tga,64,64,4096,RGBA,True,0,0,4096,1,16.0
textures\icons\improvement golden banded staff icon.tga,improvement golden banded staff icon.tga,64,64,4096,RGBA,True,0,0,4096,1,16.0
textures\icons\improvement golden peaches icon.tga,improvement golden peaches icon.tga,64,64,4096,RGBA,True,0,0,4096,1,16.0
textures\icons\improvement granite blood icon 64.tga,improvement granite blood icon 64.tga,64,64,4096,RGBA,True,0,0,4096,1,16.0
textures\icons\improvement granite blood icon.tga,improvement granite blood icon.tga,64,64,4096,RGBA,True,0,0,4096,1,16.0
textures\icons\improvement great wall icon.tga,improvement great wall icon.tga,64,64,4096,RGBA,True,0,0,4096,1,16.0
textures\icons\improvement greatest of fifty icon 64.tga,improvement greatest of fifty icon 64.tga,64,64,4096,RGBA,True,0,0,4096,1,16.0
textures\icons\improvement greatest of fifty icon.tga,improvement greatest of fifty icon.tga,64,64,4096,RGBA,True,0,0,4096,1,16.0
textures\icons\improvement guard icon 64.tga,improvement guard icon 64.tga,64,64,4096,RGBA,True,0,0,4096,1,16.0
textures\icons\improvement guard icon.tga,improvement guard icon.tga,64,64,4096,RGBA,True,0,0,4096,1,16.0
textures\icons\improvement guard tower icon 64.tga,improvement guard tower icon 64.tga,64,64,4096,RGBA,True,0,0,4096,1,16.0
textures\icons\improvement guard tower icon.tga,improvement guard tower icon.tga,64,64,4096,RGBA,True,0,0,4096,1,16.0
textures\icons\improvement guardian icons 32.tga,improvement guardian icons 32.tga,64,64,4096,RGBA,True,0,0,4096,1,16.0
textures\icons\improvement guardian icons 64.tga,improvement guardian icons 64.tga,64,64,4096,RGBA,True,0,0,4096,1,16.0
textures\icons\improvement hall of thanes icon 64.tga,improvement hall of thanes icon 64.tga,64,64,4096,RGBA,True,0,0,4096,1,16.0
textures\icons\improvement hall of thanes icon.tga,improvement hall of thanes icon.tga,64,64,4096,RGBA,True,0,0,4096,1,16.0
textures\icons\improvement halo of the sun icons 32.tga,improvement halo of the sun icons 32.tga,64,64,4096,RGBA,True,0,0,4096,1,16.0
textures\icons\improvement halo of the sun icons 64.tga,improvement halo of the sun icons 64.tga,64,64,4096,RGBA,True,0,0,4096,1,16.0
textures\icons\improvement hamar troll icon 64.tga,improvement hamar troll icon 64.tga,64,64,4096,RGBA,True,0,0,4096,1,16.0
textures\icons\improvement hamar troll icon.tga,improvement hamar troll icon.tga,64,64,4096,RGBA,True,0,0,4096,1,16.0
textures\icons\improvement hand axe icon 64.tga,improvement hand axe icon 64.tga,64,64,4096,RGBA,True,0,0,4096,1,16.0
textures\icons\improvement hand axe icon.tga,improvement hand axe icon.tga,64,64,4096,RGBA,True,0,0,4096,1,16.0
textures\icons\improvement hands of the pharaoh icons 32.tga,improvement hands of the pharaoh icons 32.tga,64,64,4096,RGBA,True,0,0,4096,1,16.0
textures\icons\improvement hands of the pharaoh icons 64.tga,improvement hands of the pharaoh icons 64.tga,64,64,4096,RGBA,True,0,0,4096,1,16.0
textures\icons\improvement hathor icon.tga,improvement hathor icon.tga,64,64,4096,RGBA,True,0,0,4096,1,16.0
textures\icons\improvement heart of the titans icons 32.tga,improvement heart of the titans icons 32.tga,64,64,4096,RGBA,True,0,0,4096,1,16.0
textures\icons\improvement heart of the titans icons 64.tga,improvement heart of the titans icons 64.tga,64,64,4096,RGBA,True,0,0,4096,1,16.0
textures\icons\improvement heavenly fire icon.tga,improvement heavenly fire icon.tga,64,64,4096,RGBA,True,0,0,4096,1,16.0
textures\icons\improvement heavy archer icon 64.tga,improvement heavy archer icon 64.tga,64,64,4096,RGBA,True,0,0,4096,1,16.0
textures\icons\improvement heavy archer icon.tga,improvement heavy archer icon.tga,64,64,4096,RGBA,True,0,0,4096,1,16.0
textures\icons\improvement heavy axemen icon 64.tga,improvement heavy axemen icon 64.tga,64,64,4096,RGBA,True,0,0,4096,1,16.0
textures\icons\improvement heavy axemen icon.tga,improvement heavy axemen icon.tga,64,64,4096,RGBA,True,0,0,4096,1,16.0
textures\icons\improvement heavy barracks icon.tga,improvement heavy barracks icon.tga,64,64,4096,RGBA,True,0,0,4096,1,16.0
textures\icons\improvement heavy camelry icon.tga,improvement heavy camelry icon.tga,64,64,4096,RGBA,True,0,0,4096,1,16.0
textures\icons\improvement heavy cavalry icon 64.tga,improvement heavy cavalry icon 64.tga,64,64,4096,RGBA,True,0,0,4096,1,16.0
textures\icons\improvement heavy cavalry icon.tga,improvement heavy cavalry icon.tga,64,64,4096,RGBA,True,0,0,4096,1,16.0
textures\icons\improvement heavy chariots icon 64.tga,improvement heavy chariots icon 64.tga,64,64,4096,RGBA,True,0,0,4096,1,16.0
textures\icons\improvement heavy chariots icon.tga,improvement heavy chariots icon.tga,64,64,4096,RGBA,True,0,0,4096,1,16.0
textures\icons\improvement heavy chieroballista icons 32.tga,improvement heavy chieroballista icons 32.tga,64,64,4096,RGBA,True,0,0,4096,1,16.0
textures\icons\improvement heavy chieroballista icons 64.tga,improvement heavy chieroballista icons 64.tga,64,64,4096,RGBA,True,0,0,4096,1,16.0
textures\icons\improvement heavy elephant icon 64.tga,improvement heavy elephant icon 64.tga,64,64,4096,RGBA,True,0,0,4096,1,16.0
textures\icons\improvement heavy elephant icon.tga,improvement heavy elephant icon.tga,64,64,4096,RGBA,True,0,0,4096,1,16.0
textures\icons\improvement heavy fireships icons 32.tga,improvement heavy fireships icons 32.tga,64,64,4096,RGBA,True,0,0,4096,1,16.0
textures\icons\improvement heavy fireships icons 64.tga,improvement heavy fireships icons 64.tga,64,64,4096,RGBA,True,0,0,4096,1,16.0
textures\icons\improvement heavy infantry icon 64.tga,improvement heavy infantry icon 64.tga,64,64,4096,RGBA,True,0,0,4096,1,16.0
textures\icons\improvement heavy infantry icon.tga,improvement heavy infantry icon.tga,64,64,4096,RGBA,True,0,0,4096,1,16.0
textures\icons\improvement heavy khopesh icon.tga,improvement heavy khopesh icon.tga,64,64,4096,RGBA,True,0,0,4096,1,16.0
textures\icons\improvement heavy slinger icon 64.tga,improvement heavy slinger icon 64.tga,64,64,4096,RGBA,True,0,0,4096,1,16.0
textures\icons\improvement heavy slinger icon.tga,improvement heavy slinger icon.tga,64,64,4096,RGBA,True,0,0,4096,1,16.0
textures\icons\improvement heavy spearmen icon 64.tga,improvement heavy spearmen icon 64.tga,64,64,4096,RGBA,True,0,0,4096,1,16.0
textures\icons\improvement heavy spearmen icon.tga,improvement heavy spearmen icon.tga,64,64,4096,RGBA,True,0,0,4096,1,16.0
textures\icons\improvement hebo icon.tga,improvement hebo icon.tga,64,64,4096,RGBA,True,0,0,4096,1,16.0
textures\icons\improvement heimdall icon.tga,improvement heimdall icon.tga,64,64,4096,RGBA,True,0,0,4096,1,16.0
textures\icons\improvement hel icon.tga,improvement hel icon.tga,64,64,4096,RGBA,True,0,0,4096,1,16.0
textures\icons\improvement hephaestus icon.tga,improvement hephaestus icon.tga,64,64,4096,RGBA,True,0,0,4096,1,16.0
textures\icons\improvement hephaestus revenge icons 32.tga,improvement hephaestus revenge icons 32.tga,64,64,4096,RGBA,True,0,0,4096,1,16.0
textures\icons\improvement hephaestus revenge icons 64.tga,improvement hephaestus revenge icons 64.tga,64,64,4096,RGBA,True,0,0,4096,1,16.0
textures\icons\improvement hera icon.tga,improvement hera icon.tga,64,64,4096,RGBA,True,0,0,4096,1,16.0
textures\icons\improvement hermes icon.tga,improvement hermes icon.tga,64,64,4096,RGBA,True,0,0,4096,1,16.0
textures\icons\improvement heroic fleet icons 32.tga,improvement heroic fleet icons 32.tga,64,64,4096,RGBA,True,0,0,4096,1,16.0
textures\icons\improvement heroic fleet icons 64.tga,improvement heroic fleet icons 64.tga,64,64,4096,RGBA,True,0,0,4096,1,16.0
textures\icons\improvement heroic renewal icons 32.tga,improvement heroic renewal icons 32.tga,64,64,4096,RGBA,True,0,0,4096,1,16.0
textures\icons\improvement heroic renewal icons 64.tga,improvement heroic renewal icons 64.tga,64,64,4096,RGBA,True,0,0,4096,1,16.0
textures\icons\improvement hieraco sphinx icon 64.tga,improvement hieraco sphinx icon 64.tga,64,64,4096,RGBA,True,0,0,4096,1,16.0
textures\icons\improvement hieraco sphinx icon.tga,improvement hieraco sphinx icon.tga,64,64,4096,RGBA,True,0,0,4096,1,16.0
textures\icons\improvement horns of consecration icons 32.tga,improvement horns of consecration icons 32.tga,64,64,4096,RGBA,True,0,0,4096,1,16.0
textures\icons\improvement horns of consecration icons 64.tga,improvement horns of consecration icons 64.tga,64,64,4096,RGBA,True,0,0,4096,1,16.0
textures\icons\improvement horus icon.tga,improvement horus icon.tga,64,64,4096,RGBA,True,0,0,4096,1,16.0
textures\icons\improvement house altars icon.tga,improvement house altars icon.tga,64,64,4096,RGBA,True,0,0,4096,1,16.0
textures\icons\improvement houyis bow icon.tga,improvement houyis bow icon.tga,64,64,4096,RGBA,True,0,0,4096,1,16.0
textures\icons\improvement huangdi icon.tga,improvement huangdi icon.tga,64,64,4096,RGBA,True,0,0,4096,1,16.0
textures\icons\improvement hunting dogs icon 64.tga,improvement hunting dogs icon 64.tga,64,64,4096,RGBA,True,0,0,4096,1,16.0
textures\icons\improvement hunting dogs icon.tga,improvement hunting dogs icon.tga,64,64,4096,RGBA,True,0,0,4096,1,16.0
textures\icons\improvement huntress axe icon 64.tga,improvement huntress axe icon 64.tga,64,64,4096,RGBA,True,0,0,4096,1,16.0
textures\icons\improvement huntress axe icon.tga,improvement huntress axe icon.tga,64,64,4096,RGBA,True,0,0,4096,1,16.0
textures\icons\improvement husbandry icon 64.tga,improvement husbandry icon 64.tga,64,64,4096,RGBA,True,0,0,4096,1,16.0
textures\icons\improvement husbandry icon.tga,improvement husbandry icon.tga,64,64,4096,RGBA,True,0,0,4096,1,16.0
textures\icons\improvement iron colossus icon 64.tga,improvement iron colossus icon 64.tga,64,64,4096,RGBA,True,0,0,4096,1,16.0
textures\icons\improvement iron colossus icon.tga,improvement iron colossus icon.tga,64,64,4096,RGBA,True,0,0,4096,1,16.0
textures\icons\improvement iron mail icon 64.tga,improvement iron mail icon 64.tga,64,64,4096,RGBA,True,0,0,4096,1,16.0
textures\icons\improvement iron mail icon.tga,improvement iron mail icon.tga,64,64,4096,RGBA,True,0,0,4096,1,16.0
textures\icons\improvement iron shields icon 64.tga,improvement iron shields icon 64.tga,64,64,4096,RGBA,True,0,0,4096,1,16.0
textures\icons\improvement iron shields icon.tga,improvement iron shields icon.tga,64,64,4096,RGBA,True,0,0,4096,1,16.0
textures\icons\improvement iron wall icons 128.tga,improvement iron wall icons 128.tga,32,32,1024,RGBA,True,0,0,1024,1,4.0
textures\icons\improvement iron wall icons 32.tga,improvement iron wall icons 32.tga,64,64,4096,RGBA,True,0,0,4096,1,16.0
textures\icons\improvement iron wall icons 64.tga,improvement iron wall icons 64.tga,64,64,4096,RGBA,True,0,0,4096,1,16.0
textures\icons\improvement iron weapons icon 64.tga,improvement iron weapons icon 64.tga,64,64,4096,RGBA,True,0,0,4096,1,16.0
textures\icons\improvement iron weapons icon.tga,improvement iron weapons icon.tga,64,64,4096,RGBA,True,0,0,4096,1,16.0
textures\icons\improvement irrigation icon 64.tga,improvement irrigation icon 64.tga,64,64,4096,RGBA,True,0,0,4096,1,16.0
textures\icons\improvement irrigation icon.tga,improvement irrigation icon.tga,64,64,4096,RGBA,True,0,0,4096,1,16.0
textures\icons\improvement jade rabbit icon.tga,improvement jade rabbit icon.tga,64,64,4096,RGBA,True,4096,0,0,1,16.0
textures\icons\improvement lance of stone icons 32.tga,improvement lance of stone icons 32.tga,64,64,4096,RGBA,True,0,0,4096,1,16.0
textures\icons\improvement lance of stone icons 64.tga,improvement lance of stone icons 64.tga,64,64,4096,RGBA,True,0,0,4096,1,16.0
textures\icons\improvement landlord spirit icon.tga,improvement landlord spirit icon.tga,64,64,4096,RGBA,True,0,0,4096,1,16.0
textures\icons\improvement leather frame shield icon 64.tga,improvement leather frame shield icon 64.tga,64,64,4096,RGBA,True,0,0,4096,1,16.0
textures\icons\improvement leather frame shield icon.tga,improvement leather frame shield icon.tga,64,64,4096,RGBA,True,0,0,4096,1,16.0
textures\icons\improvement lemurian descendant icons 32.tga,improvement lemurian descendant icons 32.tga,64,64,4096,RGBA,True,0,0,4096,1,16.0
textures\icons\improvement lemurian descendant icons 64.tga,improvement lemurian descendant icons 64.tga,64,64,4096,RGBA,True,0,0,4096,1,16.0
textures\icons\improvement levy archers icon 64.tga,improvement levy archers icon 64.tga,64,64,4096,RGBA,True,0,0,4096,1,16.0
textures\icons\improvement levy archers icon.tga,improvement levy archers icon.tga,64,64,4096,RGBA,True,0,0,4096,1,16.0
textures\icons\improvement levy barracks icon 64.tga,improvement levy barracks icon 64.tga,64,64,4096,RGBA,True,0,0,4096,1,16.0
textures\icons\improvement levy barracks icon.tga,improvement levy barracks icon.tga,64,64,4096,RGBA,True,0,0,4096,1,16.0
textures\icons\improvement levy cavalry icon 64.tga,improvement levy cavalry icon 64.tga,64,64,4096,RGBA,True,0,0,4096,1,16.0
textures\icons\improvement levy cavalry icon.tga,improvement levy cavalry icon.tga,64,64,4096,RGBA,True,0,0,4096,1,16.0
textures\icons\improvement levy hillfort icon 64.tga,improvement levy hillfort icon 64.tga,64,64,4096,RGBA,True,0,0,4096,1,16.0
textures\icons\improvement levy hillfort icon.tga,improvement levy hillfort icon.tga,64,64,4096,RGBA,True,0,0,4096,1,16.0
textures\icons\improvement levy infantry icon 64.tga,improvement levy infantry icon 64.tga,64,64,4096,RGBA,True,0,0,4096,1,16.0
textures\icons\improvement levy infantry icon.tga,improvement levy infantry icon.tga,64,64,4096,RGBA,True,0,0,4096,1,16.0
textures\icons\improvement levy longhouse icon 64.tga,improvement levy longhouse icon 64.tga,64,64,4096,RGBA,True,0,0,4096,1,16.0
textures\icons\improvement levy longhouse icon.tga,improvement levy longhouse icon.tga,64,64,4096,RGBA,True,0,0,4096,1,16.0
textures\icons\improvement levy mainline icons 32.tga,improvement levy mainline icons 32.tga,64,64,4096,RGBA,True,0,0,4096,1,16.0
textures\icons\improvement levy mainline icons 64.tga,improvement levy mainline icons 64.tga,64,64,4096,RGBA,True,0,0,4096,1,16.0
textures\icons\improvement levy migdol icon 64.tga,improvement levy migdol icon 64.tga,64,64,4096,RGBA,True,0,0,4096,1,16.0
textures\icons\improvement levy migdol icon.tga,improvement levy migdol icon.tga,64,64,4096,RGBA,True,0,0,4096,1,16.0
textures\icons\improvement levy palace icons 32.tga,improvement levy palace icons 32.tga,64,64,4096,RGBA,True,0,0,4096,1,16.0
textures\icons\improvement levy palace icons 64.tga,improvement levy palace icons 64.tga,64,64,4096,RGBA,True,0,0,4096,1,16.0
textures\icons\improvement levy specialty icons 32.tga,improvement levy specialty icons 32.tga,64,64,4096,RGBA,True,0,0,4096,1,16.0
textures\icons\improvement levy specialty icons 64.tga,improvement levy specialty icons 64.tga,64,64,4096,RGBA,True,0,0,4096,1,16.0
textures\icons\improvement life drain icon.tga,improvement life drain icon.tga,64,64,4096,RGBA,True,0,0,4096,1,16.0
textures\icons\improvement lone wanderer icon 64.tga,improvement lone wanderer icon 64.tga,64,64,4096,RGBA,True,0,0,4096,1,16.0
textures\icons\improvement lone wanderer icon.tga,improvement lone wanderer icon.tga,64,64,4096,RGBA,True,0,0,4096,1,16.0
textures\icons\improvement long serpent icon 64.tga,improvement long serpent icon 64.tga,64,64,4096,RGBA,True,0,0,4096,1,16.0
textures\icons\improvement long serpent icon.tga,improvement long serpent icon.tga,64,64,4096,RGBA,True,0,0,4096,1,16.0
textures\icons\improvement lord of the horses icon icon 64.tga,improvement lord of the horses icon icon 64.tga,64,64,4096,RGBA,True,0,0,4096,1,16.0
textures\icons\improvement lord of the horses icon.tga,improvement lord of the horses icon.tga,64,64,4096,RGBA,True,0,0,4096,1,16.0
textures\icons\improvement lord of the river icon.tga,improvement lord of the river icon.tga,256,256,65536,RGBA,True,0,0,65536,1,256.0
textures\icons\improvement mail of orichalkos icons 32.tga,improvement mail of orichalkos icons 32.tga,64,64,4096,RGBA,True,0,0,4096,1,16.0
textures\icons\improvement mail of orichalkos icons 64.tga,improvement mail of orichalkos icons 64.tga,64,64,4096,RGBA,True,0,0,4096,1,16.0
textures\icons\improvement masons icon 64.tga,improvement masons icon 64.tga,64,64,4096,RGBA,True,0,0,4096,1,16.0
textures\icons\improvement masons icon.tga,improvement masons icon.tga,64,64,4096,RGBA,True,0,0,4096,1,16.0
textures\icons\improvement medium archer icon 64.tga,improvement medium archer icon 64.tga,64,64,4096,RGBA,True,0,0,4096,1,16.0
textures\icons\improvement medium archer icon.tga,improvement medium archer icon.tga,64,64,4096,RGBA,True,0,0,4096,1,16.0
textures\icons\improvement medium axemen icon 64.tga,improvement medium axemen icon 64.tga,64,64,4096,RGBA,True,0,0,4096,1,16.0
textures\icons\improvement medium axemen icon.tga,improvement medium axemen icon.tga,64,64,4096,RGBA,True,0,0,4096,1,16.0
textures\icons\improvement medium barracks icon.tga,improvement medium barracks icon.tga,64,64,4096,RGBA,True,0,0,4096,1,16.0
textures\icons\improvement medium cavalry icon 64.tga,improvement medium cavalry icon 64.tga,64,64,4096,RGBA,True,0,0,4096,1,16.0
textures\icons\improvement medium cavalry icon.tga,improvement medium cavalry icon.tga,64,64,4096,RGBA,True,0,0,4096,1,16.0
textures\icons\improvement medium infantry icon 64.tga,improvement medium infantry icon 64.tga,64,64,4096,RGBA,True,0,0,4096,1,16.0
textures\icons\improvement medium infantry icon.tga,improvement medium infantry icon.tga,64,64,4096,RGBA,True,0,0,4096,1,16.0
textures\icons\improvement medium khopesh icon.tga,improvement medium khopesh icon.tga,64,64,4096,RGBA,True,0,0,4096,1,16.0
textures\icons\improvement medium slinger icon 64.tga,improvement medium slinger icon 64.tga,64,64,4096,RGBA,True,0,0,4096,1,16.0
textures\icons\improvement medium slinger icon.tga,improvement medium slinger icon.tga,64,64,4096,RGBA,True,0,0,4096,1,16.0
textures\icons\improvement medium spearmen icon 64.tga,improvement medium spearmen icon 64.tga,64,64,4096,RGBA,True,0,0,4096,1,16.0
textures\icons\improvement medium spearmen icon.tga,improvement medium spearmen icon.tga,64,64,4096,RGBA,True,0,0,4096,1,16.0
textures\icons\improvement medjay icon.tga,improvement medjay icon.tga,64,64,4096,RGBA,True,0,0,4096,1,16.0
textures\icons\improvement meteoric iron mail icon 64.tga,improvement meteoric iron mail icon 64.tga,64,64,4096,RGBA,True,0,0,4096,1,16.0
textures\icons\improvement meteoric iron mail icon.tga,improvement meteoric iron mail icon.tga,64,64,4096,RGBA,True,0,0,4096,1,16.0
textures\icons\improvement milkstones icons 32.tga,improvement milkstones icons 32.tga,64,64,4096,RGBA,True,0,0,4096,1,16.0
textures\icons\improvement milkstones icons 64.tga,improvement milkstones icons 64.tga,64,64,4096,RGBA,True,0,0,4096,1,16.0
textures\icons\improvement mithril breastplate icon 64.tga,improvement mithril breastplate icon 64.tga,64,64,4096,RGBA,True,0,0,4096,1,16.0
textures\icons\improvement mithril breastplate icon.tga,improvement mithril breastplate icon.tga,64,64,4096,RGBA,True,0,0,4096,1,16.0
textures\icons\improvement monsterous rage icon 64.tga,improvement monsterous rage icon 64.tga,64,64,4096,RGBA,True,0,0,4096,1,16.0
textures\icons\improvement monsterous rage icon.tga,improvement monsterous rage icon.tga,64,64,4096,RGBA,True,0,0,4096,1,16.0
textures\icons\improvement murder holes icon 64.tga,improvement murder holes icon 64.tga,64,64,4096,RGBA,True,0,0,4096,1,16.0
textures\icons\improvement murder holes icon.tga,improvement murder holes icon.tga,64,64,4096,RGBA,True,0,0,4096,1,16.0
textures\icons\improvement mythic rejuvenation icons 32.tga,improvement mythic rejuvenation icons 32.tga,64,64,4096,RGBA,True,0,0,4096,1,16.0
textures\icons\improvement mythic rejuvenation icons 64.tga,improvement mythic rejuvenation icons 64.tga,64,64,4096,RGBA,True,0,0,4096,1,16.0
textures\icons\improvement naval oxybeles icon 64.tga,improvement naval oxybeles icon 64.tga,64,64,4096,RGBA,True,0,0,4096,1,16.0
textures\icons\improvement naval oxybeles icon.tga,improvement naval oxybeles icon.tga,64,64,4096,RGBA,True,0,0,4096,1,16.0
textures\icons\improvement necropolis icon 64.tga,improvement necropolis icon 64.tga,64,64,4096,RGBA,True,0,0,4096,1,16.0
textures\icons\improvement necropolis icon.tga,improvement necropolis icon.tga,64,64,4096,RGBA,True,0,0,4096,1,16.0
textures\icons\improvement nephthys icon.tga,improvement nephthys icon.tga,64,64,4096,RGBA,True,0,0,4096,1,16.0
textures\icons\improvement new kingdom icon 64.tga,improvement new kingdom icon 64.tga,64,64,4096,RGBA,True,0,0,4096,1,16.0
textures\icons\improvement new kingdom icon.tga,improvement new kingdom icon.tga,64,64,4096,RGBA,True,0,0,4096,1,16.0
textures\icons\improvement nezhas defeat icon.tga,improvement nezhas defeat icon.tga,64,64,4096,RGBA,True,0,0,4096,1,16.0
textures\icons\improvement njord icon.tga,improvement njord icon.tga,64,64,4096,RGBA,True,0,0,4096,1,16.0
textures\icons\improvement olympic patronage icon 64.tga,improvement olympic patronage icon 64.tga,64,64,4096,RGBA,True,0,0,4096,1,16.0
textures\icons\improvement olympic patronage icon.tga,improvement olympic patronage icon.tga,64,64,4096,RGBA,True,0,0,4096,1,16.0
textures\icons\improvement omniscience icon 64.tga,improvement omniscience icon 64.tga,64,64,4096,RGBA,True,0,0,4096,1,16.0
textures\icons\improvement omniscience icon.tga,improvement omniscience icon.tga,64,64,4096,RGBA,True,0,0,4096,1,16.0
textures\icons\improvement oracle bone script icon.tga,improvement oracle bone script icon.tga,64,64,4096,RGBA,True,4096,0,0,1,16.0
textures\icons\improvement oracle icon 64.tga,improvement oracle icon 64.tga,64,64,4096,RGBA,True,0,0,4096,1,16.0
textures\icons\improvement oracle icon.tga,improvement oracle icon.tga,64,64,4096,RGBA,True,0,0,4096,1,16.0
textures\icons\improvement orichalkos wall icons 128.tga,improvement orichalkos wall icons 128.tga,32,32,1024,RGBA,True,0,0,1024,1,4.0
textures\icons\improvement orichalkos wall icons 32.tga,improvement orichalkos wall icons 32.tga,64,64,4096,RGBA,True,0,0,4096,1,16.0
textures\icons\improvement orichalkos wall icons 64.tga,improvement orichalkos wall icons 64.tga,64,64,4096,RGBA,True,0,0,4096,1,16.0
textures\icons\improvement osiris icon.tga,improvement osiris icon.tga,64,64,4096,RGBA,True,0,0,4096,1,16.0
textures\icons\improvement paper talisman icon.tga,improvement paper talisman icon.tga,64,64,4096,RGBA,True,0,0,4096,1,16.0
textures\icons\improvement patrol icon.tga,improvement patrol icon.tga,32,32,1024,RGBA,True,120,904,0,15,4.0
textures\icons\improvement petrified icons 32.tga,improvement petrified icons 32.tga,64,64,4096,RGBA,True,0,0,4096,1,16.0
textures\icons\improvement petrified icons 64.tga,improvement petrified icons 64.tga,64,64,4096,RGBA,True,0,0,4096,1,16.0
textures\icons\improvement phobos spear of panic icon 64.tga,improvement phobos spear of panic icon 64.tga,64,64,4096,RGBA,True,0,0,4096,1,16.0
textures\icons\improvement phobos spear of panic icon.tga,improvement phobos spear of panic icon.tga,64,64,4096,RGBA,True,0,0,4096,1,16.0
textures\icons\improvement pickaxe icon 64.tga,improvement pickaxe icon 64.tga,64,64,4096,RGBA,True,0,0,4096,1,16.0
textures\icons\improvement pickaxe icon.tga,improvement pickaxe icon.tga,64,64,4096,RGBA,True,0,0,4096,1,16.0
textures\icons\improvement pig sticker icon 64.tga,improvement pig sticker icon 64.tga,64,64,4096,RGBA,True,0,0,4096,1,16.0
textures\icons\improvement pig sticker icon.tga,improvement pig sticker icon.tga,64,64,4096,RGBA,True,0,0,4096,1,16.0
textures\icons\improvement pillar of the ocean icon.tga,improvement pillar of the ocean icon.tga,64,64,4096,RGBA,True,0,0,4096,1,16.0
textures\icons\improvement plow icon 64.tga,improvement plow icon 64.tga,64,64,4096,RGBA,True,0,0,4096,1,16.0
textures\icons\improvement plow icon.tga,improvement plow icon.tga,64,64,4096,RGBA,True,0,0,4096,1,16.0
textures\icons\improvement poseidons secret icons 32.tga,improvement poseidons secret icons 32.tga,64,64,4096,RGBA,True,0,0,4096,1,16.0
textures\icons\improvement poseidons secret icons 64.tga,improvement poseidons secret icons 64.tga,64,64,4096,RGBA,True,0,0,4096,1,16.0
textures\icons\improvement ptah icon.tga,improvement ptah icon.tga,64,64,4096,RGBA,True,0,0,4096,1,16.0
textures\icons\improvement purse seine icon 64.tga,improvement purse seine icon 64.tga,64,64,4096,RGBA,True,0,0,4096,1,16.0
textures\icons\improvement purse seine icon.tga,improvement purse seine icon.tga,64,64,4096,RGBA,True,0,0,4096,1,16.0
textures\icons\improvement quarry icon 64.tga,improvement quarry icon 64.tga,64,64,4096,RGBA,True,0,0,4096,1,16.0
textures\icons\improvement quarry icon.tga,improvement quarry icon.tga,64,64,4096,RGBA,True,0,0,4096,1,16.0
textures\icons\improvement ram of the wind icon 64.tga,improvement ram of the wind icon 64.tga,64,64,4096,RGBA,True,0,0,4096,1,16.0
textures\icons\improvement ram of the wind icon.tga,improvement ram of the wind icon.tga,64,64,4096,RGBA,True,0,0,4096,1,16.0
textures\icons\improvement rammed earth icon.tga,improvement rammed earth icon.tga,64,64,4096,RGBA,True,0,0,4096,1,16.0
textures\icons\improvement rampage icon 64.tga,improvement rampage icon 64.tga,64,64,4096,RGBA,True,0,0,4096,1,16.0
textures\icons\improvement rampage icon.tga,improvement rampage icon.tga,64,64,4096,RGBA,True,0,0,4096,1,16.0
textures\icons\improvement reinforced hull icon.tga,improvement reinforced hull icon.tga,64,64,4096,RGBA,True,0,0,4096,1,16.0
textures\icons\improvement reinforced ram icon 64.tga,improvement reinforced ram icon 64.tga,64,64,4096,RGBA,True,0,0,4096,1,16.0
textures\icons\improvement rheias gift icons 32.tga,improvement rheias gift icons 32.tga,64,64,4096,RGBA,True,0,0,4096,1,16.0
textures\icons\improvement rheias gift icons 64.tga,improvement rheias gift icons 64.tga,64,64,4096,RGBA,True,0,0,4096,1,16.0
textures\icons\improvement rime icon 64.tga,improvement rime icon 64.tga,64,64,4096,RGBA,True,0,0,4096,1,16.0
textures\icons\improvement rime icon.tga,improvement rime icon.tga,64,64,4096,RGBA,True,0,0,4096,1,16.0
textures\icons\improvement ring giver icon 64.tga,improvement ring giver icon 64.tga,64,64,4096,RGBA,True,0,0,4096,1,16.0
textures\icons\improvement ring giver icon.tga,improvement ring giver icon.tga,64,64,4096,RGBA,True,0,0,4096,1,16.0
textures\icons\improvement roar of orthus icon 64.tga,improvement roar of orthus icon 64.tga,64,64,4096,RGBA,True,0,0,4096,1,16.0
textures\icons\improvement roar of orthus icon.tga,improvement roar of orthus icon.tga,64,64,4096,RGBA,True,0,0,4096,1,16.0
textures\icons\improvement sacred cats icon 64.tga,improvement sacred cats icon 64.tga,64,64,4096,RGBA,True,0,0,4096,1,16.0
textures\icons\improvement sacred cats icon.tga,improvement sacred cats icon.tga,64,64,4096,RGBA,True,0,0,4096,1,16.0
textures\icons\improvement sacrifices icon.tga,improvement sacrifices icon.tga,64,64,4096,RGBA,True,0,0,4096,1,16.0
textures\icons\improvement safe passage icons 32.tga,improvement safe passage icons 32.tga,64,64,4096,RGBA,True,0,0,4096,1,16.0
textures\icons\improvement safe passage icons 64.tga,improvement safe passage icons 64.tga,64,64,4096,RGBA,True,0,0,4096,1,16.0
textures\icons\improvement safeguard icon 64.tga,improvement safeguard icon 64.tga,64,64,4096,RGBA,True,0,0,4096,1,16.0
textures\icons\improvement safeguard icon.tga,improvement safeguard icon.tga,64,64,4096,RGBA,True,0,0,4096,1,16.0
textures\icons\improvement salt amphora icon 64.tga,improvement salt amphora icon 64.tga,64,64,4096,RGBA,True,0,0,4096,1,16.0
textures\icons\improvement salt amphora icon.tga,improvement salt amphora icon.tga,64,64,4096,RGBA,True,0,0,4096,1,16.0
textures\icons\improvement sarissa icon 64.tga,improvement sarissa icon 64.tga,64,64,4096,RGBA,True,0,0,4096,1,16.0
textures\icons\improvement sarissa icon.tga,improvement sarissa icon.tga,64,64,4096,RGBA,True,0,0,4096,1,16.0
textures\icons\improvement scalloped axe icon 64.tga,improvement scalloped axe icon 64.tga,64,64,4096,RGBA,True,0,0,4096,1,16.0
textures\icons\improvement scalloped axe icon.tga,improvement scalloped axe icon.tga,64,64,4096,RGBA,True,0,0,4096,1,16.0
textures\icons\improvement secrets of the titans icons 32.tga,improvement secrets of the titans icons 32.tga,64,64,4096,RGBA,True,0,0,4096,1,16.0
textures\icons\improvement secrets of the titans icons 64.tga,improvement secrets of the titans icons 64.tga,64,64,4096,RGBA,True,0,0,4096,1,16.0
textures\icons\improvement seed of gaia icons 32.tga,improvement seed of gaia icons 32.tga,64,64,4096,RGBA,True,0,0,4096,1,16.0
textures\icons\improvement seed of gaia icons 64.tga,improvement seed of gaia icons 64.tga,64,64,4096,RGBA,True,0,0,4096,1,16.0
textures\icons\improvement sekhmet icon.tga,improvement sekhmet icon.tga,64,64,4096,RGBA,True,0,0,4096,1,16.0
textures\icons\improvement sentry tower icon 64.tga,improvement sentry tower icon 64.tga,64,64,4096,RGBA,True,0,0,4096,1,16.0
textures\icons\improvement sentry tower icon.tga,improvement sentry tower icon.tga,64,64,4096,RGBA,True,0,0,4096,1,16.0
textures\icons\improvement serpent spear icon 64.tga,improvement serpent spear icon 64.tga,64,64,4096,RGBA,True,0,0,4096,1,16.0
textures\icons\improvement serpent spear icon.tga,improvement serpent spear icon.tga,64,64,4096,RGBA,True,0,0,4096,1,16.0
textures\icons\improvement shaduf icon 64.tga,improvement shaduf icon 64.tga,64,64,4096,RGBA,True,0,0,4096,1,16.0
textures\icons\improvement shaduf icon.tga,improvement shaduf icon.tga,64,64,4096,RGBA,True,0,0,4096,1,16.0
textures\icons\improvement shaft mine icon 64.tga,improvement shaft mine icon 64.tga,64,64,4096,RGBA,True,0,0,4096,1,16.0
textures\icons\improvement shaft mine icon.tga,improvement shaft mine icon.tga,64,64,4096,RGBA,True,0,0,4096,1,16.0
textures\icons\improvement shafts of plague icon 64.tga,improvement shafts of plague icon 64.tga,64,64,4096,RGBA,True,0,0,4096,1,16.0
textures\icons\improvement shafts of plague icon.tga,improvement shafts of plague icon.tga,64,64,4096,RGBA,True,0,0,4096,1,16.0
textures\icons\improvement signal fires icon 64.tga,improvement signal fires icon 64.tga,64,64,4096,RGBA,True,0,0,4096,1,16.0
textures\icons\improvement signal fires icon.tga,improvement signal fires icon.tga,64,64,4096,RGBA,True,0,0,4096,1,16.0
textures\icons\improvement skin of rhino icon 64.tga,improvement skin of rhino icon 64.tga,64,64,4096,RGBA,True,0,0,4096,1,16.0
textures\icons\improvement skin of the rhino icon.tga,improvement skin of the rhino icon.tga,64,64,4096,RGBA,True,0,0,4096,1,16.0
textures\icons\improvement slings of the sun icon 64.tga,improvement slings of the sun icon 64.tga,64,64,4096,RGBA,True,0,0,4096,1,16.0
textures\icons\improvement slings of the sun icon.tga,improvement slings of the sun icon.tga,64,64,4096,RGBA,True,0,0,4096,1,16.0
textures\icons\improvement sons of sleipnir icon 64.tga,improvement sons of sleipnir icon 64.tga,64,64,4096,RGBA,True,0,0,4096,1,16.0
textures\icons\improvement sons of sleipnir icon.tga,improvement sons of sleipnir icon.tga,64,64,4096,RGBA,True,0,0,4096,1,16.0
textures\icons\improvement spear on the horizon icon 64.tga,improvement spear on the horizon icon 64.tga,64,64,4096,RGBA,True,0,0,4096,1,16.0
textures\icons\improvement spear on the horizon icon.tga,improvement spear on the horizon icon.tga,64,64,4096,RGBA,True,0,0,4096,1,16.0
textures\icons\improvement spirit of maat icon 64.tga,improvement spirit of maat icon 64.tga,64,64,4096,RGBA,True,0,0,4096,1,16.0
textures\icons\improvement spirit of maat icon.tga,improvement spirit of maat icon.tga,64,64,4096,RGBA,True,0,0,4096,1,16.0
textures\icons\improvement spirited charge icon 64.tga,improvement spirited charge icon 64.tga,64,64,4096,RGBA,True,0,0,4096,1,16.0
textures\icons\improvement spirited charge icon.tga,improvement spirited charge icon.tga,64,64,4096,RGBA,True,0,0,4096,1,16.0
textures\icons\improvement stirrup icon.tga,improvement stirrup icon.tga,64,64,4096,RGBA,True,0,0,4096,1,16.0
textures\icons\improvement stone armor icon.tga,improvement stone armor icon.tga,64,64,4096,RGBA,True,0,0,4096,1,16.0
textures\icons\improvement stone wall icon 64.tga,improvement stone wall icon 64.tga,64,64,4096,RGBA,True,0,0,4096,1,16.0
textures\icons\improvement stone wall icon.tga,improvement stone wall icon.tga,64,64,4096,RGBA,True,0,0,4096,1,16.0
textures\icons\improvement stones of red linen icon 64.tga,improvement stones of red linen icon 64.tga,64,64,4096,RGBA,True,0,0,4096,1,16.0
textures\icons\improvement stones of red linen icon.tga,improvement stones of red linen icon.tga,64,64,4096,RGBA,True,0,0,4096,1,16.0
textures\icons\improvement sun dried brick icon 64.tga,improvement sun dried brick icon 64.tga,64,64,4096,RGBA,True,0,0,4096,1,16.0
textures\icons\improvement sun dried brick icon.tga,improvement sun dried brick icon.tga,64,64,4096,RGBA,True,0,0,4096,1,16.0
textures\icons\improvement sun ray icon 64.tga,improvement sun ray icon 64.tga,64,64,4096,RGBA,True,0,0,4096,1,16.0
textures\icons\improvement sun ray icon.tga,improvement sun ray icon.tga,64,64,4096,RGBA,True,0,0,4096,1,16.0
textures\icons\improvement sunwukong icon.tga,improvement sunwukong icon.tga,64,64,4096,RGBA,True,0,0,4096,1,16.0
textures\icons\improvement swine array icon 64.tga,improvement swine array icon 64.tga,64,64,4096,RGBA,True,0,0,4096,1,16.0
textures\icons\improvement swine array icon.tga,improvement swine array icon.tga,64,64,4096,RGBA,True,0,0,4096,1,16.0
textures\icons\improvement sylvan lore icon 64.tga,improvement sylvan lore icon 64.tga,64,64,4096,RGBA,True,0,0,4096,1,16.0
textures\icons\improvement sylvan lore icon.tga,improvement sylvan lore icon.tga,64,64,4096,RGBA,True,0,0,4096,1,16.0
textures\icons\improvement tax collectors icon 64.tga,improvement tax collectors icon 64.tga,64,64,4096,RGBA,True,0,0,4096,1,16.0
textures\icons\improvement tax collectors icon.tga,improvement tax collectors icon.tga,64,64,4096,RGBA,True,0,0,4096,1,16.0
textures\icons\improvement temple of healing icon 64.tga,improvement temple of healing icon 64.tga,64,64,4096,RGBA,True,0,0,4096,1,16.0
textures\icons\improvement temple of healing icon.tga,improvement temple of healing icon.tga,64,64,4096,RGBA,True,0,0,4096,1,16.0
textures\icons\improvement thoth icon.tga,improvement thoth icon.tga,64,64,4096,RGBA,True,0,0,4096,1,16.0
textures\icons\improvement thracian horses icon 64.tga,improvement thracian horses icon 64.tga,64,64,4096,RGBA,True,0,0,4096,1,16.0
textures\icons\improvement thracian horses icon.tga,improvement thracian horses icon.tga,64,64,4096,RGBA,True,0,0,4096,1,16.0
textures\icons\improvement thundering hooves icon 64.tga,improvement thundering hooves icon 64.tga,64,64,4096,RGBA,True,0,0,4096,1,16.0
textures\icons\improvement thundering hooves icon.tga,improvement thundering hooves icon.tga,64,64,4096,RGBA,True,0,0,4096,1,16.0
textures\icons\improvement thurisaz rune icon 64.tga,improvement thurisaz rune icon 64.tga,64,64,4096,RGBA,True,0,0,4096,1,16.0
textures\icons\improvement thurisaz rune icon.tga,improvement thurisaz rune icon.tga,64,64,4096,RGBA,True,0,0,4096,1,16.0
textures\icons\improvement tiger spirit icon.tga,improvement tiger spirit icon.tga,64,64,4096,RGBA,True,0,0,4096,1,16.0
textures\icons\improvement titan shield icons 32.tga,improvement titan shield icons 32.tga,64,64,4096,RGBA,True,0,0,4096,1,16.0
textures\icons\improvement titan shield icons 64.tga,improvement titan shield icons 64.tga,64,64,4096,RGBA,True,0,0,4096,1,16.0
textures\icons\improvement tower garrison icon.tga,improvement tower garrison icon.tga,32,32,1024,RGBA,True,0,0,1024,1,4.0
textures\icons\improvement town bell icon.tga,improvement town bell icon.tga,32,32,1024,RGBA,True,120,904,0,15,4.0
textures\icons\improvement trierarch icon 64.tga,improvement trierarch icon 64.tga,64,64,4096,RGBA,True,0,0,4096,1,16.0
textures\icons\improvement trierarch icon.tga,improvement trierarch icon.tga,64,64,4096,RGBA,True,0,0,4096,1,16.0
textures\icons\improvement tusks of apedemak icon 64.tga,improvement tusks of apedemak icon 64.tga,64,64,4096,RGBA,True,0,0,4096,1,16.0
textures\icons\improvement tusks of apedemak icon.tga,improvement tusks of apedemak icon.tga,64,64,4096,RGBA,True,0,0,4096,1,16.0
textures\icons\improvement tyr icon.tga,improvement tyr icon.tga,64,64,4096,RGBA,True,0,0,4096,1,16.0
textures\icons\improvement unbrideled anger icon.tga,improvement unbrideled anger icon.tga,64,64,4096,RGBA,True,0,0,4096,1,16.0
textures\icons\improvement ungarrison icon.tga,improvement ungarrison icon.tga,32,32,1024,RGBA,True,120,904,0,15,4.0
textures\icons\improvement valley of the kings icon 64.tga,improvement valley of the kings icon 64.tga,64,64,4096,RGBA,True,0,0,4096,1,16.0
textures\icons\improvement valley of the kings icon.tga,improvement valley of the kings icon.tga,64,64,4096,RGBA,True,0,0,4096,1,16.0
textures\icons\improvement vengeance icon 64.tga,improvement vengeance icon 64.tga,64,64,4096,RGBA,True,0,0,4096,1,16.0
textures\icons\improvement vengeance icon.tga,improvement vengeance icon.tga,64,64,4096,RGBA,True,0,0,4096,1,16.0
textures\icons\improvement volcanic forge icons 32.tga,improvement volcanic forge icons 32.tga,64,64,4096,RGBA,True,0,0,4096,1,16.0
textures\icons\improvement volcanic forge icons 64.tga,improvement volcanic forge icons 64.tga,64,64,4096,RGBA,True,0,0,4096,1,16.0
textures\icons\improvement watch tower icon 64.tga,improvement watch tower icon 64.tga,64,64,4096,RGBA,True,0,0,4096,1,16.0
textures\icons\improvement watch tower icon.tga,improvement watch tower icon.tga,64,64,4096,RGBA,True,0,0,4096,1,16.0
textures\icons\improvement wealth of erebus icon 64.tga,improvement wealth of erebus icon 64.tga,64,64,4096,RGBA,True,0,0,4096,1,16.0
textures\icons\improvement wealth of erebus icon.tga,improvement wealth of erebus icon.tga,64,64,4096,RGBA,True,0,0,4096,1,16.0
textures\icons\improvement weapon of the titans icon 64.tga,improvement weapon of the titans icon 64.tga,64,64,4096,RGBA,True,0,0,4096,1,16.0
textures\icons\improvement weapon of the titans icon.tga,improvement weapon of the titans icon.tga,64,64,4096,RGBA,True,0,0,4096,1,16.0
textures\icons\improvement weightless mace icons 32.tga,improvement weightless mace icons 32.tga,64,64,4096,RGBA,True,0,0,4096,1,16.0
textures\icons\improvement weightless mace icons 64.tga,improvement weightless mace icons 64.tga,64,64,4096,RGBA,True,0,0,4096,1,16.0
textures\icons\improvement wheelbarrow icon.tga,improvement wheelbarrow icon.tga,64,64,4096,RGBA,True,0,0,4096,1,16.0
textures\icons\improvement will of kronos icon 64.tga,improvement will of kronos icon 64.tga,64,64,4096,RGBA,True,0,0,4096,1,16.0
textures\icons\improvement will of kronos icon.tga,improvement will of kronos icon.tga,64,64,4096,RGBA,True,0,0,4096,1,16.0
textures\icons\improvement winged messenger icon 64.tga,improvement winged messenger icon 64.tga,64,64,4096,RGBA,True,0,0,4096,1,16.0
textures\icons\improvement winged messenger icon.tga,improvement winged messenger icon.tga,64,64,4096,RGBA,True,0,0,4096,1,16.0
textures\icons\improvement wrath of the deep icon 64.tga,improvement wrath of the deep icon 64.tga,64,64,4096,RGBA,True,0,0,4096,1,16.0
textures\icons\improvement wrath of the deep icon.tga,improvement wrath of the deep icon.tga,64,64,4096,RGBA,True,0,0,4096,1,16.0
textures\icons\improvement xiwangmu icon.tga,improvement xiwangmu icon.tga,64,64,4096,RGBA,True,0,0,4096,1,16.0
textures\icons\improvement zhongkui icon.tga,improvement zhongkui icon.tga,64,64,4096,RGBA,True,0,0,4096,1,16.0
textures\icons\infantry c guardsman icon.tga,infantry c guardsman icon.tga,64,64,4096,RGBA,True,0,0,4096,1,16.0
textures\icons\infantry c halberdier icon.tga,infantry c halberdier icon.tga,64,64,4096,RGBA,True,0,0,4096,1,16.0
textures\icons\infantry e axeman icon 64.tga,infantry e axeman icon 64.tga,64,64,4096,RGBA,True,0,0,4096,1,16.0
textures\icons\infantry e axeman icon.tga,infantry e axeman icon.tga,64,64,4096,RGBA,True,0,0,4096,1,16.0
textures\icons\infantry e khopesh icon.tga,infantry e khopesh icon.tga,64,64,4096,RGBA,True,0,0,4096,1,16.0
textures\icons\infantry e mercenary icon 64.tga,infantry e mercenary icon 64.tga,64,64,4096,RGBA,True,0,0,4096,1,16.0
textures\icons\infantry e mercenary icon.tga,infantry e mercenary icon.tga,64,64,4096,RGBA,True,0,0,4096,1,16.0
textures\icons\infantry e spearman icon 64.tga,infantry e spearman icon 64.tga,64,64,4096,RGBA,True,0,0,4096,1,16.0
textures\icons\infantry e spearman icon.tga,infantry e spearman icon.tga,64,64,4096,RGBA,True,0,0,4096,1,16.0
textures\icons\infantry g hoplite icon 64.tga,infantry g hoplite icon 64.tga,64,64,4096,RGBA,True,0,0,4096,1,16.0
textures\icons\infantry g hoplite icon.tga,infantry g hoplite icon.tga,64,64,4096,RGBA,True,0,0,4096,1,16.0
textures\icons\infantry g hypaspist icon 64.tga,infantry g hypaspist icon 64.tga,64,64,4096,RGBA,True,0,0,4096,1,16.0
textures\icons\infantry g hypaspist icon.tga,infantry g hypaspist icon.tga,64,64,4096,RGBA,True,0,0,4096,1,16.0
textures\icons\infantry g militia icon 64.tga,infantry g militia icon 64.tga,64,64,4096,RGBA,True,0,0,4096,1,16.0
textures\icons\infantry g militia icon.tga,infantry g militia icon.tga,64,64,4096,RGBA,True,0,0,4096,1,16.0
textures\icons\infantry g myrmidon icon 64.tga,infantry g myrmidon icon 64.tga,64,64,4096,RGBA,True,0,0,4096,1,16.0
textures\icons\infantry g myrmidon icon.tga,infantry g myrmidon icon.tga,64,64,4096,RGBA,True,0,0,4096,1,16.0
textures\icons\infantry n bondi icon 64.tga,infantry n bondi icon 64.tga,64,64,4096,RGBA,True,0,0,4096,1,16.0
textures\icons\infantry n bondi icon.tga,infantry n bondi icon.tga,64,64,4096,RGBA,True,0,0,4096,1,16.0
textures\icons\infantry n giant icon.tga,infantry n giant icon.tga,32,32,1024,RGBA,True,0,0,1024,1,4.0
textures\icons\infantry n hero icon.tga,infantry n hero icon.tga,32,32,1024,RGBA,True,0,0,1024,1,4.0
textures\icons\infantry n hirdman icon.tga,infantry n hirdman icon.tga,32,32,1024,RGBA,True,0,0,1024,1,4.0
textures\icons\infantry n huskarl icon 64.tga,infantry n huskarl icon 64.tga,64,64,4096,RGBA,True,0,0,4096,1,16.0
textures\icons\infantry n huskarl icon.tga,infantry n huskarl icon.tga,64,64,4096,RGBA,True,0,0,4096,1,16.0
textures\icons\infantry n skult icon 64.tga,infantry n skult icon 64.tga,64,64,4096,RGBA,True,0,0,4096,1,16.0
textures\icons\infantry n skult icon.tga,infantry n skult icon.tga,64,64,4096,RGBA,True,0,0,4096,1,16.0
textures\icons\infantry n ulfsark icon 64.tga,infantry n ulfsark icon 64.tga,64,64,4096,RGBA,True,0,0,4096,1,16.0
textures\icons\infantry n ulfsark icon.tga,infantry n ulfsark icon.tga,64,64,4096,RGBA,True,0,0,4096,1,16.0
textures\icons\infantry x fanatic hero icons 32.tga,infantry x fanatic hero icons 32.tga,64,64,4096,RGBA,True,0,0,4096,1,16.0
textures\icons\infantry x fanatic hero icons 64.tga,infantry x fanatic hero icons 64.tga,64,64,4096,RGBA,True,0,0,4096,1,16.0
textures\icons\infantry x fanatic icons 32.tga,infantry x fanatic icons 32.tga,64,64,4096,RGBA,True,0,0,4096,1,16.0
textures\icons\infantry x fanatic icons 64.tga,infantry x fanatic icons 64.tga,64,64,4096,RGBA,True,0,0,4096,1,16.0
textures\icons\infantry x maceman hero icons 32.tga,infantry x maceman hero icons 32.tga,64,64,4096,RGBA,True,0,0,4096,1,16.0
textures\icons\infantry x maceman hero icons 64.tga,infantry x maceman hero icons 64.tga,64,64,4096,RGBA,True,0,0,4096,1,16.0
textures\icons\infantry x maceman icons 32.tga,infantry x maceman icons 32.tga,64,64,4096,RGBA,True,0,0,4096,1,16.0
textures\icons\infantry x maceman icons 64.tga,infantry x maceman icons 64.tga,64,64,4096,RGBA,True,0,0,4096,1,16.0
textures\icons\infantry x murmillo hero icons 32.tga,infantry x murmillo hero icons 32.tga,64,64,4096,RGBA,True,0,0,4096,1,16.0
textures\icons\infantry x murmillo hero icons 64.tga,infantry x murmillo hero icons 64.tga,64,64,4096,RGBA,True,0,0,4096,1,16.0
textures\icons\infantry x murmillo icons 32.tga,infantry x murmillo icons 32.tga,64,64,4096,RGBA,True,0,0,4096,1,16.0
textures\icons\infantry x murmillo icons 64.tga,infantry x murmillo icons 64.tga,64,64,4096,RGBA,True,0,0,4096,1,16.0
textures\icons\infantry x oracle hero icons 32.tga,infantry x oracle hero icons 32.tga,64,64,4096,RGBA,True,0,0,4096,1,16.0
textures\icons\infantry x oracle hero icons 64.tga,infantry x oracle hero icons 64.tga,64,64,4096,RGBA,True,0,0,4096,1,16.0
textures\icons\infantry x oracle icons 32.tga,infantry x oracle icons 32.tga,64,64,4096,RGBA,True,0,0,4096,1,16.0
textures\icons\infantry x oracle icons 64.tga,infantry x oracle icons 64.tga,64,64,4096,RGBA,True,0,0,4096,1,16.0
textures\icons\infantry x protector hero icons 32.tga,infantry x protector hero icons 32.tga,64,64,4096,RGBA,True,0,0,4096,1,16.0
textures\icons\infantry x protector hero icons 64.tga,infantry x protector hero icons 64.tga,64,64,4096,RGBA,True,0,0,4096,1,16.0
textures\icons\infantry x protector icons 32.tga,infantry x protector icons 32.tga,64,64,4096,RGBA,True,0,0,4096,1,16.0
textures\icons\infantry x protector icons 64.tga,infantry x protector icons 64.tga,64,64,4096,RGBA,True,0,0,4096,1,16.0
textures\icons\ism.tga,ism.tga,8,8,64,RGBA,True,28,36,0,2,0.3
textures\icons\line of sight.tga,line of sight.tga,64,64,4096,RGBA,True,0,0,4096,1,16.0
textures\icons\menuicon.tga,menuicon.tga,32,32,1024,RGBA,True,275,0,749,2,4.0
textures\icons\myth unit icon 32x32.tga,myth unit icon 32x32.tga,32,32,1024,RGBA,True,0,0,1024,1,4.0
textures\icons\n charge bar.tga,n charge bar.tga,64,8,512,RGBA,True,0,0,512,1,2.0
textures\icons\passive active.tga,passive active.tga,32,32,1024,RGBA,True,0,0,1024,1,4.0
textures\icons\passive.tga,passive.tga,32,32,1024,RGBA,True,144,880,0,11,4.0
textures\icons\postgame titan gate.tga,postgame titan gate.tga,16,16,256,RGBA,True,0,0,256,1,1.0
textures\icons\quit.tga,quit.tga,16,16,256,RGBA,True,0,0,256,1,1.0
textures\icons\relic animal part icon 64.tga,relic animal part icon 64.tga,64,64,4096,RGBA,True,0,0,4096,1,16.0
textures\icons\relic animal part icon.tga,relic animal part icon.tga,64,64,4096,RGBA,True,0,0,4096,1,16.0
textures\icons\relic armor icon 64.tga,relic armor icon 64.tga,64,64,4096,RGBA,True,0,0,4096,1,16.0
textures\icons\relic armor icon.tga,relic armor icon.tga,64,64,4096,RGBA,True,0,0,4096,1,16.0
textures\icons\relic chest icon 64.tga,relic chest icon 64.tga,64,64,4096,RGBA,True,0,0,4096,1,16.0
textures\icons\relic chest icon.tga,relic chest icon.tga,64,64,4096,RGBA,True,0,0,4096,1,16.0
textures\icons\relic shield icon 64.tga,relic shield icon 64.tga,64,64,4096,RGBA,True,0,0,4096,1,16.0
textures\icons\relic shield icon.tga,relic shield icon.tga,64,64,4096,RGBA,True,0,0,4096,1,16.0
textures\icons\relic vase icon 64.tga,relic vase icon 64.tga,64,64,4096,RGBA,True,0,0,4096,1,16.0
textures\icons\relic vase icon.tga,relic vase icon.tga,64,64,4096,RGBA,True,0,0,4096,1,16.0
textures\icons\relic weapons icon 64.tga,relic weapons icon 64.tga,64,64,4096,RGBA,True,0,0,4096,1,16.0
textures\icons\relic weapons icon.tga,relic weapons icon.tga,64,64,4096,RGBA,True,0,0,4096,1,16.0
textures\icons\scenario arkantos icon 64.tga,scenario arkantos icon 64.tga,64,64,4096,RGBA,True,0,0,4096,1,16.0
textures\icons\scenario arkantos icon.tga,scenario arkantos icon.tga,64,64,4096,RGBA,True,0,0,4096,1,16.0
textures\icons\scenario boulder wall icon 64.tga,scenario boulder wall icon 64.tga,64,64,4096,RGBA,True,0,0,4096,1,16.0
textures\icons\scenario brokk icon 64.tga,scenario brokk icon 64.tga,64,64,4096,RGBA,True,0,0,4096,1,16.0
textures\icons\scenario brokk icon.tga,scenario brokk icon.tga,64,64,4096,RGBA,True,0,0,4096,1,16.0
textures\icons\scenario c danzhu icon.tga,scenario c danzhu icon.tga,64,64,4096,RGBA,True,0,0,4096,1,16.0
textures\icons\scenario c jiaolong icon.tga,scenario c jiaolong icon.tga,64,64,4096,RGBA,True,0,0,4096,1,16.0
textures\icons\scenario c shun icon.tga,scenario c shun icon.tga,64,64,4096,RGBA,True,0,0,4096,1,16.0
textures\icons\scenario c zhi icon.tga,scenario c zhi icon.tga,64,64,4096,RGBA,True,0,0,4096,1,16.0
textures\icons\scenario dig pile icon 64.tga,scenario dig pile icon 64.tga,64,64,4096,RGBA,True,0,0,4096,1,16.0
textures\icons\scenario eitri icon 64.tga,scenario eitri icon 64.tga,64,64,4096,RGBA,True,0,0,4096,1,16.0
textures\icons\scenario eitri icon.tga,scenario eitri icon.tga,64,64,4096,RGBA,True,0,0,4096,1,16.0
textures\icons\scenario excavation icon 64.tga,scenario excavation icon 64.tga,64,64,4096,RGBA,True,0,0,4096,1,16.0
textures\icons\scenario folstag flag.tga,scenario folstag flag.tga,64,64,4096,RGBA,True,0,0,4096,1,16.0
textures\icons\scenario folstag icon 64.tga,scenario folstag icon 64.tga,64,64,4096,RGBA,True,0,0,4096,1,16.0
textures\icons\scenario folstag icon.tga,scenario folstag icon.tga,64,64,4096,RGBA,True,0,0,4096,1,16.0
textures\icons\scenario g gargarensis icon 64.tga,scenario g gargarensis icon 64.tga,64,64,4096,RGBA,True,0,0,4096,1,16.0
textures\icons\scenario g gargarensis icon.tga,scenario g gargarensis icon.tga,64,64,4096,RGBA,True,0,0,4096,1,16.0
textures\icons\scenario g kamos icon 64.tga,scenario g kamos icon 64.tga,64,64,4096,RGBA,True,0,0,4096,1,16.0
textures\icons\scenario g kamos icon.tga,scenario g kamos icon.tga,64,64,4096,RGBA,True,0,0,4096,1,16.0
textures\icons\scenario g troy wall icon 64.tga,scenario g troy wall icon 64.tga,64,64,4096,RGBA,True,0,0,4096,1,16.0
textures\icons\scenario g troy wall icon.tga,scenario g troy wall icon.tga,64,64,4096,RGBA,True,0,0,4096,1,16.0
textures\icons\scenario god statue.tga,scenario god statue.tga,64,64,4096,RGBA,True,0,0,4096,1,16.0
textures\icons\scenario hades gate icon 64.tga,scenario hades gate icon 64.tga,64,64,4096,RGBA,True,0,0,4096,1,16.0
textures\icons\scenario kemsyt icon 64.tga,scenario kemsyt icon 64.tga,64,64,4096,RGBA,True,0,0,4096,1,16.0
textures\icons\scenario kemsyt icon.tga,scenario kemsyt icon.tga,64,64,4096,RGBA,True,0,0,4096,1,16.0
textures\icons\scenario n greta forkbeard icon.tga,scenario n greta forkbeard icon.tga,64,64,4096,RGBA,True,0,0,4096,1,16.0
textures\icons\scenario n pirate ship icon 64.tga,scenario n pirate ship icon 64.tga,64,64,4096,RGBA,True,0,0,4096,1,16.0
textures\icons\scenario n reginleif icon 64.tga,scenario n reginleif icon 64.tga,64,64,4096,RGBA,True,0,0,4096,1,16.0
textures\icons\scenario n reginleif icon.tga,scenario n reginleif icon.tga,64,64,4096,RGBA,True,0,0,4096,1,16.0
textures\icons\scenario sign icon 64.tga,scenario sign icon 64.tga,64,64,4096,RGBA,True,0,0,4096,1,16.0
textures\icons\scenario sign icon.tga,scenario sign icon.tga,64,64,4096,RGBA,True,0,0,4096,1,16.0
textures\icons\scenario sleeping guardian icon 64.tga,scenario sleeping guardian icon 64.tga,64,64,4096,RGBA,True,0,0,4096,1,16.0
textures\icons\scenario sleeping guardian icon.tga,scenario sleeping guardian icon.tga,64,64,4096,RGBA,True,0,0,4096,1,16.0
textures\icons\scenario swordbearers icon 64.tga,scenario swordbearers icon 64.tga,64,64,4096,RGBA,True,0,0,4096,1,16.0
textures\icons\scenario swordbearers icon.tga,scenario swordbearers icon.tga,64,64,4096,RGBA,True,0,0,4096,1,16.0
textures\icons\scenario tamarisk tree icon 64.tga,scenario tamarisk tree icon 64.tga,64,64,4096,RGBA,True,0,0,4096,1,16.0
textures\icons\scenario taproot icon 64.tga,scenario taproot icon 64.tga,64,64,4096,RGBA,True,0,0,4096,1,16.0
textures\icons\scenario theocrat icon 64.tga,scenario theocrat icon 64.tga,64,64,4096,RGBA,True,0,0,4096,1,16.0
textures\icons\scenario thors hammer icon 64.tga,scenario thors hammer icon 64.tga,64,64,4096,RGBA,True,0,0,4096,1,16.0
textures\icons\scenario trident icon 64.tga,scenario trident icon 64.tga,64,64,4096,RGBA,True,0,0,4096,1,16.0
textures\icons\scenario troy wall icon 64.tga,scenario troy wall icon 64.tga,64,64,4096,RGBA,True,0,0,4096,1,16.0
textures\icons\scenario x folstag icons 32.tga,scenario x folstag icons 32.tga,64,64,4096,RGBA,True,0,0,4096,1,16.0
textures\icons\scenario x folstag icons 64.tga,scenario x folstag icons 64.tga,64,64,4096,RGBA,True,0,0,4096,1,16.0
textures\icons\scenario x gaia pool icons 32.tga,scenario x gaia pool icons 32.tga,64,64,4096,RGBA,True,0,0,4096,1,16.0
textures\icons\scenario x gaia pool icons 64.tga,scenario x gaia pool icons 64.tga,64,64,4096,RGBA,True,0,0,4096,1,16.0
textures\icons\scenario x general icons 32.tga,scenario x general icons 32.tga,64,64,4096,RGBA,True,0,0,4096,1,16.0
textures\icons\scenario x general icons 64.tga,scenario x general icons 64.tga,64,64,4096,RGBA,True,0,0,4096,1,16.0
textures\icons\scenario x kastor icons 32.tga,scenario x kastor icons 32.tga,64,64,4096,RGBA,True,0,0,4096,1,16.0
textures\icons\scenario x kastor icons 64.tga,scenario x kastor icons 64.tga,64,64,4096,RGBA,True,0,0,4096,1,16.0
textures\icons\scenario x kronny icons 32.tga,scenario x kronny icons 32.tga,64,64,4096,RGBA,True,0,0,4096,1,16.0
textures\icons\scenario x kronny icons 64.tga,scenario x kronny icons 64.tga,64,64,4096,RGBA,True,0,0,4096,1,16.0
textures\icons\scenario x statue chimera icons.tga,scenario x statue chimera icons.tga,64,64,4096,RGBA,True,0,0,4096,1,16.0
textures\icons\scenario x statue cyclops icons.tga,scenario x statue cyclops icons.tga,64,64,4096,RGBA,True,0,0,4096,1,16.0
textures\icons\scenario x statue general icons.tga,scenario x statue general icons.tga,64,64,4096,RGBA,True,0,0,4096,1,16.0
textures\icons\scenario x statue hydra icons.tga,scenario x statue hydra icons.tga,64,64,4096,RGBA,True,0,0,4096,1,16.0
textures\icons\scenario x statue manticore icons.tga,scenario x statue manticore icons.tga,64,64,4096,RGBA,True,0,0,4096,1,16.0
textures\icons\scenario x statue nemean lion icons.tga,scenario x statue nemean lion icons.tga,64,64,4096,RGBA,True,0,0,4096,1,16.0
textures\icons\scenario x statue valkyrie icons.tga,scenario x statue valkyrie icons.tga,64,64,4096,RGBA,True,0,0,4096,1,16.0
textures\icons\scenario x summoning tree icons.tga,scenario x summoning tree icons.tga,64,64,4096,RGBA,True,0,0,4096,1,16.0
textures\icons\scenario x titan kronos icons 32.tga,scenario x titan kronos icons 32.tga,64,64,4096,RGBA,True,0,0,4096,1,16.0
textures\icons\scenario x titan kronos icons 64.tga,scenario x titan kronos icons 64.tga,64,64,4096,RGBA,True,0,0,4096,1,16.0
textures\icons\scenerio x statue chimera icons.tga,scenerio x statue chimera icons.tga,64,64,4096,RGBA,True,0,0,4096,1,16.0
textures\icons\seige_camp.tga,seige_camp.tga,32,32,1024,RGBA,True,0,0,1024,1,4.0
textures\icons\sellfood.tga,sellfood.tga,32,32,1024,RGBA,True,0,0,1024,1,4.0
textures\icons\sellwood.tga,sellwood.tga,32,32,1024,RGBA,True,0,0,1024,1,4.0
textures\icons\siege ballista icon.tga,siege ballista icon.tga,32,32,1024,RGBA,True,0,0,1024,1,4.0
textures\icons\siege c sitting tiger icon.tga,siege c sitting tiger icon.tga,64,64,4096,RGBA,True,0,0,4096,1,16.0
textures\icons\siege catapult icon 64.tga,siege catapult icon 64.tga,64,64,4096,RGBA,True,0,0,4096,1,16.0
textures\icons\siege catapult icon.tga,siege catapult icon.tga,64,64,4096,RGBA,True,0,0,4096,1,16.0
textures\icons\siege e catapult icon 64.tga,siege e catapult icon 64.tga,64,64,4096,RGBA,True,0,0,4096,1,16.0
textures\icons\siege e catapult icon.tga,siege e catapult icon.tga,64,64,4096,RGBA,True,0,0,4096,1,16.0
textures\icons\siege e siege tower icon 64.tga,siege e siege tower icon 64.tga,64,64,4096,RGBA,True,0,0,4096,1,16.0
textures\icons\siege e siege tower icon.tga,siege e siege tower icon.tga,64,64,4096,RGBA,True,0,0,4096,1,16.0
textures\icons\siege e tower icon.tga,siege e tower icon.tga,32,32,1024,RGBA,True,0,0,1024,1,4.0
textures\icons\siege g helepolis icon 64.tga,siege g helepolis icon 64.tga,64,64,4096,RGBA,True,0,0,4096,1,16.0
textures\icons\siege g helepolis icon.tga,siege g helepolis icon.tga,64,64,4096,RGBA,True,0,0,4096,1,16.0
textures\icons\siege g petrobolos icon 64.tga,siege g petrobolos icon 64.tga,64,64,4096,RGBA,True,0,0,4096,1,16.0
textures\icons\siege g petrobolos icon.tga,siege g petrobolos icon.tga,64,64,4096,RGBA,True,0,0,4096,1,16.0
textures\icons\siege g tower icon.tga,siege g tower icon.tga,32,32,1024,RGBA,True,0,0,1024,1,4.0
textures\icons\siege n ballista icon 64.tga,siege n ballista icon 64.tga,64,64,4096,RGBA,True,0,0,4096,1,16.0
textures\icons\siege n ballista icon.tga,siege n ballista icon.tga,64,64,4096,RGBA,True,0,0,4096,1,16.0
textures\icons\siege n catapult icon.tga,siege n catapult icon.tga,32,32,1024,RGBA,True,0,0,1024,1,4.0
textures\icons\siege n portable ram icon 64.tga,siege n portable ram icon 64.tga,64,64,4096,RGBA,True,0,0,4096,1,16.0
textures\icons\siege n portable ram icon.tga,siege n portable ram icon.tga,64,64,4096,RGBA,True,0,0,4096,1,16.0
textures\icons\siege n tower icon.tga,siege n tower icon.tga,32,32,1024,RGBA,True,0,0,1024,1,4.0
textures\icons\siege portable ram icon.tga,siege portable ram icon.tga,32,32,1024,RGBA,True,0,0,1024,1,4.0
textures\icons\siege tower icon.tga,siege tower icon.tga,32,32,1024,RGBA,True,0,0,1024,1,4.0
textures\icons\siege trojan horse icon 64.tga,siege trojan horse icon 64.tga,64,64,4096,RGBA,True,0,0,4096,1,16.0
textures\icons\siege trojan horse icon.tga,siege trojan horse icon.tga,64,64,4096,RGBA,True,0,0,4096,1,16.0
textures\icons\siege x chieroballista icons 32.tga,siege x chieroballista icons 32.tga,64,64,4096,RGBA,True,0,0,4096,1,16.0
textures\icons\siege x chieroballista icons 64.tga,siege x chieroballista icons 64.tga,64,64,4096,RGBA,True,0,0,4096,1,16.0
textures\icons\siege x fire siphon icons 32.tga,siege x fire siphon icons 32.tga,64,64,4096,RGBA,True,0,0,4096,1,16.0
textures\icons\siege x fire siphon icons 64.tga,siege x fire siphon icons 64.tga,64,64,4096,RGBA,True,0,0,4096,1,16.0
textures\icons\siege x onager icon.tga,siege x onager icon.tga,64,64,4096,RGBA,True,0,0,4096,1,16.0
textures\icons\spcx kastor icon 32.tga,spcx kastor icon 32.tga,64,64,4096,RGBA,True,0,0,4096,1,16.0
textures\icons\spcx kastor icon 64.tga,spcx kastor icon 64.tga,64,64,4096,RGBA,True,0,0,4096,1,16.0
textures\icons\spear 1_ico.tga,spear 1_ico.tga,32,32,1024,RGBA,True,0,0,1024,1,4.0
textures\icons\spear 2_ico.tga,spear 2_ico.tga,32,32,1024,RGBA,True,0,0,1024,1,4.0
textures\icons\special a titan promethean icon 64.tga,special a titan promethean icon 64.tga,64,64,4096,RGBA,True,0,0,4096,1,16.0
textures\icons\special c dragon turtle icon.tga,special c dragon turtle icon.tga,64,64,4096,RGBA,True,0,248,3848,3,16.0
textures\icons\special c titan icon.tga,special c titan icon.tga,64,64,4096,RGBA,True,0,0,4096,1,16.0
textures\icons\special e amanra icon 64.tga,special e amanra icon 64.tga,64,64,4096,RGBA,True,0,0,4096,1,16.0
textures\icons\special e amanra icon.tga,special e amanra icon.tga,64,64,4096,RGBA,True,0,0,4096,1,16.0
textures\icons\special e anubite icon 64.tga,special e anubite icon 64.tga,64,64,4096,RGBA,True,0,0,4096,1,16.0
textures\icons\special e anubite icon.tga,special e anubite icon.tga,64,64,4096,RGBA,True,0,0,4096,1,16.0
textures\icons\special e avenger icon 64.tga,special e avenger icon 64.tga,64,64,4096,RGBA,True,0,0,4096,1,16.0
textures\icons\special e avenger icon.tga,special e avenger icon.tga,64,64,4096,RGBA,True,0,0,4096,1,16.0
textures\icons\special e chimera icon 64.tga,special e chimera icon 64.tga,64,64,4096,RGBA,True,0,0,4096,1,16.0
textures\icons\special e chimera icon.tga,special e chimera icon.tga,64,64,4096,RGBA,True,0,0,4096,1,16.0
textures\icons\special e leviathan icon 64.tga,special e leviathan icon 64.tga,64,64,4096,RGBA,True,0,0,4096,1,16.0
textures\icons\special e leviathan icon.tga,special e leviathan icon.tga,64,64,4096,RGBA,True,0,0,4096,1,16.0
textures\icons\special e mercenary cavalry icon 64.tga,special e mercenary cavalry icon 64.tga,64,64,4096,RGBA,True,0,0,4096,1,16.0
textures\icons\special e mercenary cavalry icon.tga,special e mercenary cavalry icon.tga,64,64,4096,RGBA,True,0,0,4096,1,16.0
textures\icons\special e mercenary icon 64.tga,special e mercenary icon 64.tga,64,64,4096,RGBA,True,0,0,4096,1,16.0
textures\icons\special e mercenary icon.tga,special e mercenary icon.tga,64,64,4096,RGBA,True,0,0,4096,1,16.0
textures\icons\special e minion icon 64.tga,special e minion icon 64.tga,64,64,4096,RGBA,True,0,0,4096,1,16.0
textures\icons\special e minion icon.tga,special e minion icon.tga,64,64,4096,RGBA,True,0,0,4096,1,16.0
textures\icons\special e mummy icon 64.tga,special e mummy icon 64.tga,64,64,4096,RGBA,True,0,0,4096,1,16.0
textures\icons\special e mummy icon.tga,special e mummy icon.tga,64,64,4096,RGBA,True,0,0,4096,1,16.0
textures\icons\special e osiris box icon 64.tga,special e osiris box icon 64.tga,64,64,4096,RGBA,True,0,0,4096,1,16.0
textures\icons\special e petosuchus icon 64.tga,special e petosuchus icon 64.tga,64,64,4096,RGBA,True,0,0,4096,1,16.0
textures\icons\special e petosuchus icon.tga,special e petosuchus icon.tga,64,64,4096,RGBA,True,0,0,4096,1,16.0
textures\icons\special e pharaoh icon 64.tga,special e pharaoh icon 64.tga,64,64,4096,RGBA,True,0,0,4096,1,16.0
textures\icons\special e pharaoh icon.tga,special e pharaoh icon.tga,64,64,4096,RGBA,True,0,0,4096,1,16.0
textures\icons\special e phoenix egg icon 64.tga,special e phoenix egg icon 64.tga,64,64,4096,RGBA,True,0,0,4096,1,16.0
textures\icons\special e phoenix egg icon.tga,special e phoenix egg icon.tga,64,64,4096,RGBA,True,0,0,4096,1,16.0
textures\icons\special e phoenix icon 64.tga,special e phoenix icon 64.tga,64,64,4096,RGBA,True,0,0,4096,1,16.0
textures\icons\special e phoenix icon.tga,special e phoenix icon.tga,64,64,4096,RGBA,True,0,0,4096,1,16.0
textures\icons\special e priest icon 64.tga,special e priest icon 64.tga,64,64,4096,RGBA,True,0,0,4096,1,16.0
textures\icons\special e priest icon.tga,special e priest icon.tga,64,64,4096,RGBA,True,0,0,4096,1,16.0
textures\icons\special e roc icon 64.tga,special e roc icon 64.tga,64,64,4096,RGBA,True,0,0,4096,1,16.0
textures\icons\special e roc icon.tga,special e roc icon.tga,64,64,4096,RGBA,True,0,0,4096,1,16.0
textures\icons\special e scarab icon 64.tga,special e scarab icon 64.tga,64,64,4096,RGBA,True,0,0,4096,1,16.0
textures\icons\special e scarab icon.tga,special e scarab icon.tga,64,64,4096,RGBA,True,0,0,4096,1,16.0
textures\icons\special e scorpion man icon.tga,special e scorpion man icon.tga,64,64,4096,RGBA,True,0,0,4096,1,16.0
textures\icons\special e scorpionman icon 64.tga,special e scorpionman icon 64.tga,64,64,4096,RGBA,True,0,0,4096,1,16.0
textures\icons\special e scorpionman icon.tga,special e scorpionman icon.tga,64,64,4096,RGBA,True,0,0,4096,1,16.0
textures\icons\special e serpent icon 64.tga,special e serpent icon 64.tga,64,64,4096,RGBA,True,0,0,4096,1,16.0
textures\icons\special e serpent icon.tga,special e serpent icon.tga,64,64,4096,RGBA,True,0,0,4096,1,16.0
textures\icons\special e setna icon 64.tga,special e setna icon 64.tga,64,64,4096,RGBA,True,0,0,4096,1,16.0
textures\icons\special e setna icon.tga,special e setna icon.tga,64,64,4096,RGBA,True,0,0,4096,1,16.0
textures\icons\special e shaba ka icon 64.tga,special e shaba ka icon 64.tga,64,64,4096,RGBA,True,0,0,4096,1,16.0
textures\icons\special e shaba ka icon.tga,special e shaba ka icon.tga,64,64,4096,RGBA,True,0,0,4096,1,16.0
textures\icons\special e son of osiris icon 64.tga,special e son of osiris icon 64.tga,64,64,4096,RGBA,True,0,0,4096,1,16.0
textures\icons\special e son of osiris icon.tga,special e son of osiris icon.tga,64,64,4096,RGBA,True,0,0,4096,1,16.0
textures\icons\special e sphinx icon 64.tga,special e sphinx icon 64.tga,64,64,4096,RGBA,True,0,0,4096,1,16.0
textures\icons\special e sphinx icon.tga,special e sphinx icon.tga,64,64,4096,RGBA,True,0,0,4096,1,16.0
textures\icons\special e vulture icon 64.tga,special e vulture icon 64.tga,64,64,4096,RGBA,True,0,0,4096,1,16.0
textures\icons\special e vulture icon.tga,special e vulture icon.tga,64,64,4096,RGBA,True,0,0,4096,1,16.0
textures\icons\special e wadjet icon 64.tga,special e wadjet icon 64.tga,64,64,4096,RGBA,True,0,0,4096,1,16.0
textures\icons\special e wadjet icon.tga,special e wadjet icon.tga,64,64,4096,RGBA,True,0,0,4096,1,16.0
textures\icons\special g agamemnon icon 64.tga,special g agamemnon icon 64.tga,64,64,4096,RGBA,True,0,0,4096,1,16.0
textures\icons\special g agamemnon icon.tga,special g agamemnon icon.tga,64,64,4096,RGBA,True,0,0,4096,1,16.0
textures\icons\special g argo icon 64.tga,special g argo icon 64.tga,64,64,4096,RGBA,True,0,0,4096,1,16.0
textures\icons\special g argo icon.tga,special g argo icon.tga,64,64,4096,RGBA,True,0,0,4096,1,16.0
textures\icons\special g arkantos icon 64.tga,special g arkantos icon 64.tga,64,64,4096,RGBA,True,0,0,4096,1,16.0
textures\icons\special g arkantos icon.tga,special g arkantos icon.tga,64,64,4096,RGBA,True,0,0,4096,1,16.0
textures\icons\special g bronze colossus icon 64.tga,special g bronze colossus icon 64.tga,64,64,4096,RGBA,True,0,0,4096,1,16.0
textures\icons\special g bronze colossus icon.tga,special g bronze colossus icon.tga,64,64,4096,RGBA,True,0,0,4096,1,16.0
textures\icons\special g carcinos icon 64.tga,special g carcinos icon 64.tga,64,64,4096,RGBA,True,0,0,4096,1,16.0
textures\icons\special g carcinos icon.tga,special g carcinos icon.tga,64,64,4096,RGBA,True,0,0,4096,1,16.0
textures\icons\special g centaur icon 64.tga,special g centaur icon 64.tga,64,64,4096,RGBA,True,0,0,4096,1,16.0
textures\icons\special g centaur icon.tga,special g centaur icon.tga,64,64,4096,RGBA,True,0,0,4096,1,16.0
textures\icons\special g chimera icon 64.tga,special g chimera icon 64.tga,64,64,4096,RGBA,True,0,0,4096,1,16.0
textures\icons\special g chimera icon.tga,special g chimera icon.tga,64,64,4096,RGBA,True,0,0,4096,1,16.0
textures\icons\special g circe icon 64.tga,special g circe icon 64.tga,64,64,4096,RGBA,True,0,0,4096,1,16.0
textures\icons\special g circe icon.tga,special g circe icon.tga,64,64,4096,RGBA,True,0,0,4096,1,16.0
textures\icons\special g colossus icon 64.tga,special g colossus icon 64.tga,64,64,4096,RGBA,True,0,0,4096,1,16.0
textures\icons\special g colossus icon.tga,special g colossus icon.tga,64,64,4096,RGBA,True,0,0,4096,1,16.0
textures\icons\special g copper colossus icon 64.tga,special g copper colossus icon 64.tga,64,64,4096,RGBA,True,0,0,4096,1,16.0
textures\icons\special g copper colossus icon.tga,special g copper colossus icon.tga,64,64,4096,RGBA,True,0,0,4096,1,16.0
textures\icons\special g cyclops icon 64.tga,special g cyclops icon 64.tga,64,64,4096,RGBA,True,0,0,4096,1,16.0
textures\icons\special g cyclops icon.tga,special g cyclops icon.tga,64,64,4096,RGBA,True,0,0,4096,1,16.0
textures\icons\special g god statue icon 64.tga,special g god statue icon 64.tga,64,64,4096,RGBA,True,0,0,4096,1,16.0
textures\icons\special g griffon icon.tga,special g griffon icon.tga,32,32,1024,RGBA,True,0,0,1024,1,4.0
textures\icons\special g hades ram icon 64.tga,special g hades ram icon 64.tga,64,64,4096,RGBA,True,0,0,4096,1,16.0
textures\icons\special g harpy icon.tga,special g harpy icon.tga,32,32,1024,RGBA,True,0,0,1024,1,4.0
textures\icons\special g hippocampus icon 64.tga,special g hippocampus icon 64.tga,64,64,4096,RGBA,True,0,0,4096,1,16.0
textures\icons\special g hippocampus icon.tga,special g hippocampus icon.tga,64,64,4096,RGBA,True,0,0,4096,1,16.0
textures\icons\special g hydra icon 64.tga,special g hydra icon 64.tga,64,64,4096,RGBA,True,0,0,4096,1,16.0
textures\icons\special g hydra icon.tga,special g hydra icon.tga,64,64,4096,RGBA,True,0,0,4096,1,16.0
textures\icons\special g iron colossus icon 64.tga,special g iron colossus icon 64.tga,64,64,4096,RGBA,True,0,0,4096,1,16.0
textures\icons\special g iron colossus icon.tga,special g iron colossus icon.tga,64,64,4096,RGBA,True,0,0,4096,1,16.0
textures\icons\special g kastor icon 64.tga,special g kastor icon 64.tga,64,64,4096,RGBA,True,0,0,4096,1,16.0
textures\icons\special g kastor icon.tga,special g kastor icon.tga,64,64,4096,RGBA,True,0,0,4096,1,16.0
textures\icons\special g manticore icon 64.tga,special g manticore icon 64.tga,64,64,4096,RGBA,True,0,0,4096,1,16.0
textures\icons\special g manticore icon.tga,special g manticore icon.tga,64,64,4096,RGBA,True,0,0,4096,1,16.0
textures\icons\special g medusa icon 64.tga,special g medusa icon 64.tga,64,64,4096,RGBA,True,0,0,4096,1,16.0
textures\icons\special g medusa icon.tga,special g medusa icon.tga,64,64,4096,RGBA,True,0,0,4096,1,16.0
textures\icons\special g minotaur icon 64.tga,special g minotaur icon 64.tga,64,64,4096,RGBA,True,0,0,4096,1,16.0
textures\icons\special g minotaur icon.tga,special g minotaur icon.tga,64,64,4096,RGBA,True,0,0,4096,1,16.0
textures\icons\special g nemean lion icon 64.tga,special g nemean lion icon 64.tga,64,64,4096,RGBA,True,0,0,4096,1,16.0
textures\icons\special g nemean lion icon.tga,special g nemean lion icon.tga,64,64,4096,RGBA,True,0,0,4096,1,16.0
textures\icons\special g pegasus icon 64.tga,special g pegasus icon 64.tga,64,64,4096,RGBA,True,0,0,4096,1,16.0
textures\icons\special g pegasus icon.tga,special g pegasus icon.tga,64,64,4096,RGBA,True,0,0,4096,1,16.0
textures\icons\special g scylla icon 64.tga,special g scylla icon 64.tga,64,64,4096,RGBA,True,0,0,4096,1,16.0
textures\icons\special g scylla icon.tga,special g scylla icon.tga,64,64,4096,RGBA,True,0,0,4096,1,16.0
textures\icons\special g sea turtle icon 64.tga,special g sea turtle icon 64.tga,64,64,4096,RGBA,True,0,0,4096,1,16.0
textures\icons\special g sea turtle icon.tga,special g sea turtle icon.tga,64,64,4096,RGBA,True,0,0,4096,1,16.0
textures\icons\special g shade icon 64.tga,special g shade icon 64.tga,64,64,4096,RGBA,True,0,0,4096,1,16.0
textures\icons\special g shade icon.tga,special g shade icon.tga,64,64,4096,RGBA,True,0,0,4096,1,16.0
textures\icons\special kraken bits icon 64.tga,special kraken bits icon 64.tga,64,64,4096,RGBA,True,0,0,4096,1,16.0
textures\icons\special n battle boar icon 64.tga,special n battle boar icon 64.tga,64,64,4096,RGBA,True,0,0,4096,1,16.0
textures\icons\special n battle boar icon.tga,special n battle boar icon.tga,64,64,4096,RGBA,True,0,0,4096,1,16.0
textures\icons\special n einheriar icon 64.tga,special n einheriar icon 64.tga,64,64,4096,RGBA,True,0,0,4096,1,16.0
textures\icons\special n einheriar icon.tga,special n einheriar icon.tga,64,64,4096,RGBA,True,0,0,4096,1,16.0
textures\icons\special n fenris wolf icon 64.tga,special n fenris wolf icon 64.tga,64,64,4096,RGBA,True,0,0,4096,1,16.0
textures\icons\special n fenris wolf icon.tga,special n fenris wolf icon.tga,64,64,4096,RGBA,True,0,0,4096,1,16.0
textures\icons\special n fire giant icon 64.tga,special n fire giant icon 64.tga,64,64,4096,RGBA,True,0,0,4096,1,16.0
textures\icons\special n fire giant icon.tga,special n fire giant icon.tga,64,64,4096,RGBA,True,0,0,4096,1,16.0
textures\icons\special n frost giant icon 64.tga,special n frost giant icon 64.tga,64,64,4096,RGBA,True,0,0,4096,1,16.0
textures\icons\special n frost giant icon.tga,special n frost giant icon.tga,64,64,4096,RGBA,True,0,0,4096,1,16.0
textures\icons\special n jormund brood icon 64.tga,special n jormund brood icon 64.tga,64,64,4096,RGBA,True,0,0,4096,1,16.0
textures\icons\special n jormund brood icon.tga,special n jormund brood icon.tga,64,64,4096,RGBA,True,0,0,4096,1,16.0
textures\icons\special n kraken icon 64.tga,special n kraken icon 64.tga,64,64,4096,RGBA,True,0,0,4096,1,16.0
textures\icons\special n kraken icon.tga,special n kraken icon.tga,64,64,4096,RGBA,True,0,0,4096,1,16.0
textures\icons\special n mountain giant icon 64.tga,special n mountain giant icon 64.tga,64,64,4096,RGBA,True,0,0,4096,1,16.0
textures\icons\special n mountain giant icon.tga,special n mountain giant icon.tga,64,64,4096,RGBA,True,0,0,4096,1,16.0
textures\icons\special n nidhogg icon 64.tga,special n nidhogg icon 64.tga,64,64,4096,RGBA,True,0,0,4096,1,16.0
textures\icons\special n nidhogg icon.tga,special n nidhogg icon.tga,64,64,4096,RGBA,True,0,0,4096,1,16.0
textures\icons\special n raven icon 64.tga,special n raven icon 64.tga,64,64,4096,RGBA,True,0,0,4096,1,16.0
textures\icons\special n raven icon.tga,special n raven icon.tga,64,64,4096,RGBA,True,0,0,4096,1,16.0
textures\icons\special n titan.tga,special n titan.tga,32,32,1024,RGBA,True,0,0,1024,1,4.0
textures\icons\special n troll icon 64.tga,special n troll icon 64.tga,64,64,4096,RGBA,True,0,0,4096,1,16.0
textures\icons\special n trollkarien icon.tga,special n trollkarien icon.tga,64,64,4096,RGBA,True,0,0,4096,1,16.0
textures\icons\special n valkyrie icon 64.tga,special n valkyrie icon 64.tga,64,64,4096,RGBA,True,0,0,4096,1,16.0
textures\icons\special n valkyrie icon.tga,special n valkyrie icon.tga,64,64,4096,RGBA,True,0,0,4096,1,16.0
textures\icons\special x argus icons 32.tga,special x argus icons 32.tga,64,64,4096,RGBA,True,0,0,4096,1,16.0
textures\icons\special x argus icons 64.tga,special x argus icons 64.tga,64,64,4096,RGBA,True,0,0,4096,1,16.0
textures\icons\special x atlantean titan icons 32.tga,special x atlantean titan icons 32.tga,64,64,4096,RGBA,True,0,0,4096,1,16.0
textures\icons\special x atlantean titan icons 64.tga,special x atlantean titan icons 64.tga,64,64,4096,RGBA,True,0,0,4096,1,16.0
textures\icons\special x automaton icons 32.tga,special x automaton icons 32.tga,64,64,4096,RGBA,True,0,0,4096,1,16.0
textures\icons\special x automaton icons 64.tga,special x automaton icons 64.tga,64,64,4096,RGBA,True,0,0,4096,1,16.0
textures\icons\special x behemoth icons 32.tga,special x behemoth icons 32.tga,64,64,4096,RGBA,True,0,0,4096,1,16.0
textures\icons\special x behemoth icons 64.tga,special x behemoth icons 64.tga,64,64,4096,RGBA,True,0,0,4096,1,16.0
textures\icons\special x flying medic icons 32.tga,special x flying medic icons 32.tga,64,64,4096,RGBA,True,0,0,4096,1,16.0
textures\icons\special x flying medic icons 64.tga,special x flying medic icons 64.tga,64,64,4096,RGBA,True,0,0,4096,1,16.0
textures\icons\special x gate spawn icons 32.tga,special x gate spawn icons 32.tga,64,64,4096,RGBA,True,0,0,4096,1,16.0
textures\icons\special x gate spawn icons 64.tga,special x gate spawn icons 64.tga,64,64,4096,RGBA,True,0,0,4096,1,16.0
textures\icons\special x heka gigantes icons 32.tga,special x heka gigantes icons 32.tga,64,64,4096,RGBA,True,0,0,4096,1,16.0
textures\icons\special x heka gigantes icons 64.tga,special x heka gigantes icons 64.tga,64,64,4096,RGBA,True,0,0,4096,1,16.0
textures\icons\special x lampades icons 32.tga,special x lampades icons 32.tga,64,64,4096,RGBA,True,0,0,4096,1,16.0
textures\icons\special x lampades icons 64.tga,special x lampades icons 64.tga,64,64,4096,RGBA,True,0,0,4096,1,16.0
textures\icons\special x man o war icons 32.tga,special x man o war icons 32.tga,64,64,4096,RGBA,True,0,0,4096,1,16.0
textures\icons\special x man o war icons 64.tga,special x man o war icons 64.tga,64,64,4096,RGBA,True,0,0,4096,1,16.0
textures\icons\special x nereid icons 32.tga,special x nereid icons 32.tga,64,64,4096,RGBA,True,0,0,4096,1,16.0
textures\icons\special x nereid icons 64.tga,special x nereid icons 64.tga,64,64,4096,RGBA,True,0,0,4096,1,16.0
textures\icons\special x neyeid icons 32.tga,special x neyeid icons 32.tga,64,64,4096,RGBA,True,0,0,4096,1,16.0
textures\icons\special x neyeid icons 64.tga,special x neyeid icons 64.tga,64,64,4096,RGBA,True,0,0,4096,1,16.0
textures\icons\special x promethean icons 32.tga,special x promethean icons 32.tga,64,64,4096,RGBA,True,0,0,4096,1,16.0
textures\icons\special x promethean icons 64.tga,special x promethean icons 64.tga,64,64,4096,RGBA,True,0,0,4096,1,16.0
textures\icons\special x promethean small icons 32.tga,special x promethean small icons 32.tga,64,64,4096,RGBA,True,0,0,4096,1,16.0
textures\icons\special x promethean small icons 64.tga,special x promethean small icons 64.tga,64,64,4096,RGBA,True,0,0,4096,1,16.0
textures\icons\special x satyr icons 32.tga,special x satyr icons 32.tga,64,64,4096,RGBA,True,0,0,4096,1,16.0
textures\icons\special x satyr icons 64.tga,special x satyr icons 64.tga,64,64,4096,RGBA,True,0,0,4096,1,16.0
textures\icons\special x servant icons 32.tga,special x servant icons 32.tga,64,64,4096,RGBA,True,0,0,4096,1,16.0
textures\icons\special x servant icons 64.tga,special x servant icons 64.tga,64,64,4096,RGBA,True,0,0,4096,1,16.0
textures\icons\special x small promethean icons 32.tga,special x small promethean icons 32.tga,64,64,4096,RGBA,True,0,0,4096,1,16.0
textures\icons\special x small promethean icons 64.tga,special x small promethean icons 64.tga,64,64,4096,RGBA,True,0,0,4096,1,16.0
textures\icons\special x small promethian icons 32.tga,special x small promethian icons 32.tga,64,64,4096,RGBA,True,0,0,4096,1,16.0
textures\icons\special x small promethian icons 64.tga,special x small promethian icons 64.tga,64,64,4096,RGBA,True,0,0,4096,1,16.0
textures\icons\special x stymphalian bird icons 32.tga,special x stymphalian bird icons 32.tga,64,64,4096,RGBA,True,0,0,4096,1,16.0
textures\icons\special x stymphalian bird icons 64.tga,special x stymphalian bird icons 64.tga,64,64,4096,RGBA,True,0,0,4096,1,16.0
textures\icons\special x titan egyptian 64.tga,special x titan egyptian 64.tga,64,64,4096,RGBA,True,0,0,4096,1,16.0
textures\icons\special x titan gaia icons 32.tga,special x titan gaia icons 32.tga,64,64,4096,RGBA,True,0,0,4096,1,16.0
textures\icons\special x titan gaia icons 64.tga,special x titan gaia icons 64.tga,64,64,4096,RGBA,True,0,0,4096,1,16.0
textures\icons\special x titan greek 64.tga,special x titan greek 64.tga,64,64,4096,RGBA,True,0,0,4096,1,16.0
textures\icons\special x titan icons 32.tga,special x titan icons 32.tga,64,64,4096,RGBA,True,0,0,4096,1,16.0
textures\icons\special x titan icons 64.tga,special x titan icons 64.tga,64,64,4096,RGBA,True,0,0,4096,1,16.0
textures\icons\special x titan norse 64.tga,special x titan norse 64.tga,64,64,4096,RGBA,True,0,0,4096,1,16.0
textures\icons\star.tga,star.tga,16,16,256,RGBA,True,172,84,0,13,1.0
textures\icons\trade c caravan.tga,trade c caravan.tga,64,64,4096,RGBA,True,4096,0,0,1,16.0
textures\icons\trade e caravan icon 64.tga,trade e caravan icon 64.tga,64,64,4096,RGBA,True,0,0,4096,1,16.0
textures\icons\trade e caravan icon.tga,trade e caravan icon.tga,64,64,4096,RGBA,True,0,0,4096,1,16.0
textures\icons\trade g caravan icon 64.tga,trade g caravan icon 64.tga,64,64,4096,RGBA,True,0,0,4096,1,16.0
textures\icons\trade g caravan icon.tga,trade g caravan icon.tga,64,64,4096,RGBA,True,0,0,4096,1,16.0
textures\icons\trade n caravan icon 64.tga,trade n caravan icon 64.tga,64,64,4096,RGBA,True,0,0,4096,1,16.0
textures\icons\trade n caravan icon.tga,trade n caravan icon.tga,64,64,4096,RGBA,True,0,0,4096,1,16.0
textures\icons\trade x caravan icons 32.tga,trade x caravan icons 32.tga,64,64,4096,RGBA,True,0,0,4096,1,16.0
textures\icons\trade x caravan icons 64.tga,trade x caravan icons 64.tga,64,64,4096,RGBA,True,0,0,4096,1,16.0
textures\icons\ui minimap combat in.tga,ui minimap combat in.tga,32,32,1024,RGBA,True,156,868,0,16,4.0
textures\icons\ui minimap combat.tga,ui minimap combat.tga,32,32,1024,RGBA,True,156,868,0,16,4.0
textures\icons\ui minimap default .tga,ui minimap default .tga,32,32,1024,RGBA,True,170,854,0,16,4.0
textures\icons\ui minimap default in.tga,ui minimap default in.tga,32,32,1024,RGBA,True,170,854,0,16,4.0
textures\icons\ui minimap default.tga,ui minimap default.tga,32,32,1024,RGBA,True,0,0,1024,1,4.0
textures\icons\ui minimap flare in.tga,ui minimap flare in.tga,32,32,1024,RGBA,True,173,851,0,15,4.0
textures\icons\ui minimap flare.tga,ui minimap flare.tga,32,32,1024,RGBA,True,173,851,0,16,4.0
textures\icons\ui minimap home in.tga,ui minimap home in.tga,32,32,1024,RGBA,True,127,897,0,16,4.0
textures\icons\ui minimap home.tga,ui minimap home.tga,32,32,1024,RGBA,True,127,897,0,16,4.0
textures\icons\ui minimap resource in.tga,ui minimap resource in.tga,32,32,1024,RGBA,True,151,873,0,16,4.0
textures\icons\ui minimap resource.tga,ui minimap resource.tga,32,32,1024,RGBA,True,151,873,0,16,4.0
textures\icons\ui_egyptian_button.tga,ui_egyptian_button.tga,128,128,16384,RGBA,True,0,0,16384,1,64.0
textures\icons\ui_egyptian_dialog_box.tga,ui_egyptian_dialog_box.tga,128,128,16384,RGBA,True,0,0,16384,1,64.0
textures\icons\ui_egyptian_dialog_button.tga,ui_egyptian_dialog_button.tga,128,128,16384,RGBA,True,0,0,16384,1,64.0
textures\icons\ui_e_furledbanner.tga,ui_e_furledbanner.tga,32,32,1024,RGBA,True,70,954,0,5,4.0
textures\icons\ui_e_menuicon.tga,ui_e_menuicon.tga,64,32,2048,RGBA,True,0,0,2048,1,8.0
textures\icons\ui_generic_button.tga,ui_generic_button.tga,128,128,16384,RGBA,True,0,0,16384,1,64.0
textures\icons\ui_generic_chat.tga,ui_generic_chat.tga,16,16,256,RGBA,True,0,0,256,1,1.0
textures\icons\ui_generic_dialog_button.tga,ui_generic_dialog_button.tga,128,128,16384,RGBA,True,0,0,16384,1,64.0
textures\icons\ui_generic_diplomacy.tga,ui_generic_diplomacy.tga,16,16,256,RGBA,True,21,235,0,12,1.0
textures\icons\ui_generic_diplomacy_allied.tga,ui_generic_diplomacy_allied.tga,16,16,256,RGBA,True,81,175,0,16,1.0
textures\icons\ui_generic_diplomacy_enemy.tga,ui_generic_diplomacy_enemy.tga,16,16,256,RGBA,True,27,229,0,10,1.0
textures\icons\ui_generic_diplomacy_neutral.tga,ui_generic_diplomacy_neutral.tga,16,16,256,RGBA,True,21,235,0,12,1.0
textures\icons\ui_generic_diplomacy_self.tga,ui_generic_diplomacy_self.tga,16,16,256,RGBA,True,81,175,0,15,1.0
textures\icons\ui_generic_minimap_rotation.tga,ui_generic_minimap_rotation.tga,32,32,1024,RGBA,True,0,0,1024,1,4.0
textures\icons\ui_g_furledbanner.tga,ui_g_furledbanner.tga,32,32,1024,RGBA,True,138,886,0,11,4.0
textures\icons\ui_n_furledbanner.tga,ui_n_furledbanner.tga,32,32,1024,RGBA,True,201,823,0,10,4.0
textures\icons\ui_n_maprotate.tga,ui_n_maprotate.tga,32,32,1024,RGBA,True,495,0,529,2,4.0
textures\icons\ui_n_menuicon.tga,ui_n_menuicon.tga,64,32,2048,RGBA,True,0,0,2048,1,8.0
textures\icons\ui_n_minimize_arrow_button.tga,ui_n_minimize_arrow_button.tga,32,32,1024,RGBA,True,0,0,1024,1,4.0
textures\icons\ui_n_minimize_arrow_holder.tga,ui_n_minimize_arrow_holder.tga,64,32,2048,RGBA,True,2048,0,0,1,8.0
textures\icons\ui_x_furledbanner.tga,ui_x_furledbanner.tga,32,32,1024,RGBA,True,147,0,877,2,4.0
textures\icons\ui_x_title_titan.tga,ui_x_title_titan.tga,128,64,8192,RGBA,True,0,0,8192,1,32.0
textures\icons\unit argus icons 32.tga,unit argus icons 32.tga,64,64,4096,RGBA,True,0,0,4096,1,16.0
textures\icons\unit argus icons 64.tga,unit argus icons 64.tga,64,64,4096,RGBA,True,0,0,4096,1,16.0
textures\icons\unit e archer icon.tga,unit e archer icon.tga,32,32,1024,RGBA,True,0,0,1024,1,4.0
textures\icons\unit e axeman icon.tga,unit e axeman icon.tga,32,32,1024,RGBA,True,0,0,1024,1,4.0
textures\icons\unit e pharaoh icon 64.tga,unit e pharaoh icon 64.tga,64,64,4096,RGBA,True,0,0,4096,1,16.0
textures\icons\unit e pharaoh icon.tga,unit e pharaoh icon.tga,64,64,4096,RGBA,True,0,0,4096,1,16.0
textures\icons\unit e priest icon 64.tga,unit e priest icon 64.tga,64,64,4096,RGBA,True,0,0,4096,1,16.0
textures\icons\unit e priest icon.tga,unit e priest icon.tga,32,32,1024,RGBA,True,0,0,1024,1,4.0
textures\icons\unit e villager icon.tga,unit e villager icon.tga,32,32,1024,RGBA,True,0,0,1024,1,4.0
textures\icons\unit g villager icon.tga,unit g villager icon.tga,32,32,1024,RGBA,True,0,0,1024,1,4.0
textures\icons\unit n villager icon.tga,unit n villager icon.tga,32,32,1024,RGBA,True,0,0,1024,1,4.0
textures\icons\vengence_ico.tga,vengence_ico.tga,32,32,1024,RGBA,True,0,0,1024,1,4.0
textures\icons\villager c male icon.tga,villager c male icon.tga,64,64,4096,RGBA,True,0,0,4096,1,16.0
textures\icons\villager e male icon 64.tga,villager e male icon 64.tga,64,64,4096,RGBA,True,0,0,4096,1,16.0
textures\icons\villager e male icon.tga,villager e male icon.tga,64,64,4096,RGBA,True,0,0,4096,1,16.0
textures\icons\villager g male icon 64.tga,villager g male icon 64.tga,64,64,4096,RGBA,True,0,0,4096,1,16.0
textures\icons\villager g male icon.tga,villager g male icon.tga,64,64,4096,RGBA,True,0,0,4096,1,16.0
textures\icons\villager n dwarf icon 64.tga,villager n dwarf icon 64.tga,64,64,4096,RGBA,True,0,0,4096,1,16.0
textures\icons\villager n dwarf icon.tga,villager n dwarf icon.tga,64,64,4096,RGBA,True,0,0,4096,1,16.0
textures\icons\villager n male icon 64.tga,villager n male icon 64.tga,64,64,4096,RGBA,True,0,0,4096,1,16.0
textures\icons\villager n male icon.tga,villager n male icon.tga,64,64,4096,RGBA,True,0,0,4096,1,16.0
textures\icons\villager n oxcart icon 64.tga,villager n oxcart icon 64.tga,64,64,4096,RGBA,True,0,0,4096,1,16.0
textures\icons\villager n oxcart icon.tga,villager n oxcart icon.tga,64,64,4096,RGBA,True,0,0,4096,1,16.0
textures\icons\villager x male hero icons 32.tga,villager x male hero icons 32.tga,64,64,4096,RGBA,True,0,0,4096,1,16.0
textures\icons\villager x male hero icons 64.tga,villager x male hero icons 64.tga,64,64,4096,RGBA,True,0,0,4096,1,16.0
textures\icons\villager x male icons 32.tga,villager x male icons 32.tga,64,64,4096,RGBA,True,0,0,4096,1,16.0
textures\icons\villager x male icons 64.tga,villager x male icons 64.tga,64,64,4096,RGBA,True,0,0,4096,1,16.0
textures\icons\villager.tga,villager.tga,32,32,1024,RGBA,True,0,0,1024,1,4.0
textures\icons\wonder.tga,wonder.tga,16,16,256,RGBA,True,0,0,256,1,1.0
textures\icons\wood 64.tga,wood 64.tga,64,64,4096,RGBA,True,0,0,4096,1,16.0
textures\icons\wood.tga,wood.tga,64,64,4096,RGBA,True,0,0,4096,1,16.0
textures\icons\world berry bush icon 64.tga,world berry bush icon 64.tga,64,64,4096,RGBA,True,0,0,4096,1,16.0
textures\icons\world column icon 64.tga,world column icon 64.tga,64,64,4096,RGBA,True,0,0,4096,1,16.0
textures\icons\world dead tree icon 64.tga,world dead tree icon 64.tga,64,64,4096,RGBA,True,0,0,4096,1,16.0
textures\icons\world hawk icon 64.tga,world hawk icon 64.tga,64,64,4096,RGBA,True,0,0,4096,1,16.0
textures\icons\world obelisk icon 64.tga,world obelisk icon 64.tga,64,64,4096,RGBA,True,0,0,4096,1,16.0
textures\icons\world tent icon 64.tga,world tent icon 64.tga,64,64,4096,RGBA,True,0,0,4096,1,16.0
textures\icons\world torch icon 64.tga,world torch icon 64.tga,64,64,4096,RGBA,True,0,0,4096,1,16.0
textures\terrain\2vdblendcircle2bh.tga,2vdblendcircle2bh.tga,32,32,1024,RGBA,True,546,379,99,121,4.0
textures\terrain\2vdblendcircle3bh.tga,2vdblendcircle3bh.tga,32,32,1024,RGBA,True,506,500,18,176,4.0
textures\terrain\2vdblendcirclebh.tga,2vdblendcirclebh.tga,32,32,1024,RGBA,True,596,410,18,134,4.0
textures\terrain\2vdblendcorner2bh.tga,2vdblendcorner2bh.tga,32,32,1024,RGBA,True,85,101,838,65,4.0
textures\terrain\2vdblendcornerbh.tga,2vdblendcornerbh.tga,32,32,1024,RGBA,True,73,170,781,86,4.0
textures\terrain\2vdblendedge4bh.tga,2vdblendedge4bh.tga,32,32,1024,RGBA,True,310,159,555,91,4.0
textures\terrain\2vdblendedge5bh.tga,2vdblendedge5bh.tga,32,32,1024,RGBA,True,406,103,515,66,4.0
textures\terrain\2vdblendedge6bh.tga,2vdblendedge6bh.tga,32,32,1024,RGBA,True,343,204,477,40,4.0
textures\terrain\2vdblendedge7bh.tga,2vdblendedge7bh.tga,32,32,1024,RGBA,True,373,149,502,69,4.0
textures\terrain\2vdblendedgebh.tga,2vdblendedgebh.tga,32,32,1024,RGBA,True,365,208,451,76,4.0
textures\terrain\2vdblendedgecornerbh.tga,2vdblendedgecornerbh.tga,32,32,1024,RGBA,True,378,459,187,201,4.0
textures\terrain\2vdblendedgetwocornersbh.tga,2vdblendedgetwocornersbh.tga,32,32,1024,RGBA,True,432,424,168,183,4.0
textures\terrain\2vdblendfourcornersbh.tga,2vdblendfourcornersbh.tga,32,32,1024,RGBA,True,129,628,267,215,4.0
textures\terrain\2vdblendlshape2bh.tga,2vdblendlshape2bh.tga,32,32,1024,RGBA,True,716,100,208,51,4.0
textures\terrain\2vdblendlshapebh.tga,2vdblendlshapebh.tga,32,32,1024,RGBA,True,653,148,223,76,4.0
textures\terrain\2vdblendlshapecornerbh.tga,2vdblendlshapecornerbh.tga,32,32,1024,RGBA,True,524,371,129,156,4.0
textures\terrain\2vdblendthreecornersbh.tga,2vdblendthreecornersbh.tga,32,32,1024,RGBA,True,165,397,462,166,4.0
textures\terrain\2vdblendtwocornersbh.tga,2vdblendtwocornersbh.tga,32,32,1024,RGBA,True,132,291,601,162,4.0
textures\terrain\2vdblendtwoedgesbh.tga,2vdblendtwoedgesbh.tga,32,32,1024,RGBA,True,490,443,91,197,4.0
textures\terrain\2vdblendtwooppositecornersbh.tga,2vdblendtwooppositecornersbh.tga,32,32,1024,RGBA,True,106,378,540,191,4.0
textures\terrain\2vdblendushapebh.tga,2vdblendushapebh.tga,32,32,1024,RGBA,True,838,108,78,43,4.0
textures\terrain\alpha.tga,alpha.tga,256,256,65536,RGBA,True,65536,0,0,1,256.0
textures\terrain\black.tga,black.tga,256,256,65536,RGBA,True,0,0,65536,1,256.0
textures\terrain\blackrock.tga,blackrock.tga,256,256,65536,RGBA,True,0,0,65536,1,256.0
textures\terrain\blackrock_gloss.tga,blackrock_gloss.tga,256,256,65536,RGBA,True,0,0,65536,1,256.0
textures\terrain\blackrock_spec.tga,blackrock_spec.tga,256,256,65536,RGBA,True,0,0,65536,1,256.0
textures\terrain\blackwater.tga,blackwater.tga,256,256,65536,RGBA,True,0,0,65536,1,256.0
textures\terrain\blackwater0001.tga,blackwater0001.tga,256,256,65536,RGBA,True,0,0,65536,1,256.0
textures\terrain\blackwater0002.tga,blackwater0002.tga,256,256,65536,RGBA,True,0,0,65536,1,256.0
textures\terrain\blackwater0003.tga,blackwater0003.tga,256,256,65536,RGBA,True,0,0,65536,1,256.0
textures\terrain\blackwater0004.tga,blackwater0004.tga,256,256,65536,RGBA,True,0,0,65536,1,256.0
textures\terrain\blackwater0005.tga,blackwater0005.tga,256,256,65536,RGBA,True,0,0,65536,1,256.0
textures\terrain\blackwater0006.tga,blackwater0006.tga,256,256,65536,RGBA,True,0,0,65536,1,256.0
textures\terrain\blackwater0007.tga,blackwater0007.tga,256,256,65536,RGBA,True,0,0,65536,1,256.0
textures\terrain\blackwater0008.tga,blackwater0008.tga,256,256,65536,RGBA,True,0,0,65536,1,256.0
textures\terrain\blackwater_spec.tga,blackwater_spec.tga,256,256,65536,RGBA,True,0,0,65536,1,256.0
textures\terrain\black_gloss.tga,black_gloss.tga,256,256,65536,RGBA,True,0,0,65536,1,256.0
textures\terrain\black_spec.tga,black_spec.tga,256,256,65536,RGBA,True,0,0,65536,1,256.0
textures\terrain\blendcircle2bh.tga,blendcircle2bh.tga,32,32,1024,RGBA,True,526,410,88,177,4.0
textures\terrain\blendcircle3bh.tga,blendcircle3bh.tga,32,32,1024,RGBA,True,541,386,97,179,4.0
textures\terrain\blendcirclebh.tga,blendcirclebh.tga,32,32,1024,RGBA,True,578,365,81,172,4.0
textures\terrain\blendcorner2bh.tga,blendcorner2bh.tga,32,32,1024,RGBA,True,47,206,771,128,4.0
textures\terrain\blendcorner2shorebh.tga,blendcorner2shorebh.tga,32,32,1024,RGBA,True,803,221,0,111,4.0
textures\terrain\blendcornerbh.tga,blendcornerbh.tga,32,32,1024,RGBA,True,47,206,771,128,4.0
textures\terrain\blendcornercreep.tga,blendcornercreep.tga,32,32,1024,RGBA,True,70,195,759,43,4.0
textures\terrain\blendcornercreep2.tga,blendcornercreep2.tga,32,32,1024,RGBA,True,70,195,759,43,4.0
textures\terrain\blendcornershore2bh.tga,blendcornershore2bh.tga,32,32,1024,RGBA,True,0,181,843,106,4.0
textures\terrain\blendcornershorebh.tga,blendcornershorebh.tga,32,32,1024,RGBA,True,0,210,814,124,4.0
textures\terrain\blendedge4bh.tga,blendedge4bh.tga,32,32,1024,RGBA,True,203,493,328,180,4.0
textures\terrain\blendedge5bh.tga,blendedge5bh.tga,32,32,1024,RGBA,True,198,513,313,185,4.0
textures\terrain\blendedge6bh.tga,blendedge6bh.tga,32,32,1024,RGBA,True,180,532,312,198,4.0
textures\terrain\blendedge7bh.tga,blendedge7bh.tga,32,32,1024,RGBA,True,198,552,274,173,4.0
textures\terrain\blendedgebh.tga,blendedgebh.tga,32,32,1024,RGBA,True,286,483,255,192,4.0
textures\terrain\blendedgecornerbh.tga,blendedgecornerbh.tga,32,32,1024,RGBA,True,345,291,388,151,4.0
textures\terrain\blendedgecreep.tga,blendedgecreep.tga,32,32,1024,RGBA,True,265,528,231,59,4.0
textures\terrain\blendedgecreep2.tga,blendedgecreep2.tga,32,32,1024,RGBA,True,134,495,395,68,4.0
textures\terrain\blendedgecreep3.tga,blendedgecreep3.tga,32,32,1024,RGBA,True,403,449,172,46,4.0
textures\terrain\blendedgecreep4.tga,blendedgecreep4.tga,32,32,1024,RGBA,True,405,385,234,49,4.0
textures\terrain\blendedgecreep5.tga,blendedgecreep5.tga,32,32,1024,RGBA,True,265,519,240,99,4.0
textures\terrain\blendedgecreep6.tga,blendedgecreep6.tga,32,32,1024,RGBA,True,114,635,275,138,4.0
textures\terrain\blendedgeshore4bh.tga,blendedgeshore4bh.tga,32,32,1024,RGBA,True,110,577,337,221,4.0
textures\terrain\blendedgeshore5bh.tga,blendedgeshore5bh.tga,32,32,1024,RGBA,True,226,550,248,220,4.0
textures\terrain\blendedgeshore6bh.tga,blendedgeshore6bh.tga,32,32,1024,RGBA,True,115,537,372,209,4.0
textures\terrain\blendedgeshore7bh.tga,blendedgeshore7bh.tga,32,32,1024,RGBA,True,212,569,243,217,4.0
textures\terrain\blendedgeshorebh.tga,blendedgeshorebh.tga,32,32,1024,RGBA,True,152,588,284,215,4.0
textures\terrain\blendedgetwocornersbh.tga,blendedgetwocornersbh.tga,32,32,1024,RGBA,True,123,464,437,190,4.0
textures\terrain\blendfourcornersbh.tga,blendfourcornersbh.tga,32,32,1024,RGBA,True,57,353,614,152,4.0
textures\terrain\blendlshape2bh.tga,blendlshape2bh.tga,32,32,1024,RGBA,True,652,332,40,155,4.0
textures\terrain\blendlshapebh.tga,blendlshapebh.tga,32,32,1024,RGBA,True,652,332,40,155,4.0
textures\terrain\blendlshapecornerbh copy.tga,blendlshapecornerbh copy.tga,32,32,1024,RGBA,True,461,477,86,196,4.0
textures\terrain\blendlshapecornerbh.tga,blendlshapecornerbh.tga,32,32,1024,RGBA,True,461,476,87,198,4.0
textures\terrain\blendlshapeshore2bh.tga,blendlshapeshore2bh.tga,32,32,1024,RGBA,True,393,543,88,189,4.0
textures\terrain\blendlshapeshorebh.tga,blendlshapeshorebh.tga,32,32,1024,RGBA,True,415,552,57,178,4.0
textures\terrain\blendthreecornersbh.tga,blendthreecornersbh.tga,32,32,1024,RGBA,True,59,306,659,172,4.0
textures\terrain\blendtwocornersbh.tga,blendtwocornersbh.tga,32,32,1024,RGBA,True,31,305,688,156,4.0
textures\terrain\blendtwoedgesbh.tga,blendtwoedgesbh.tga,32,32,1024,RGBA,True,231,555,238,215,4.0
textures\terrain\blendtwooppositecornersbh.tga,blendtwooppositecornersbh.tga,32,32,1024,RGBA,True,98,436,490,182,4.0
textures\terrain\blendushapebh.tga,blendushapebh.tga,32,32,1024,RGBA,True,464,477,83,202,4.0
textures\terrain\buildingfootprintgrass.tga,buildingfootprintgrass.tga,256,256,65536,RGBA,True,0,0,65536,1,256.0
textures\terrain\buildingfootprintgrass_gloss.tga,buildingfootprintgrass_gloss.tga,256,256,65536,RGBA,True,0,0,65536,1,256.0
textures\terrain\buildingfootprintgrass_nm.tga,buildingfootprintgrass_nm.tga,256,256,65536,RGBA,True,0,0,65536,1,256.0
textures\terrain\buildingfootprintgrass_spec.tga,buildingfootprintgrass_spec.tga,256,256,65536,RGBA,True,0,0,65536,1,256.0
textures\terrain\buildingfootprintsand.tga,buildingfootprintsand.tga,256,256,65536,RGBA,True,0,0,65536,1,256.0
textures\terrain\buildingfootprintsand_gloss.tga,buildingfootprintsand_gloss.tga,256,256,65536,RGBA,True,0,0,65536,1,256.0
textures\terrain\buildingfootprintsand_nm.tga,buildingfootprintsand_nm.tga,256,256,65536,RGBA,True,0,0,65536,1,256.0
textures\terrain\buildingfootprintsand_spec.tga,buildingfootprintsand_spec.tga,256,256,65536,RGBA,True,0,0,65536,1,256.0
textures\terrain\buildingfootprintsnow.tga,buildingfootprintsnow.tga,256,256,65536,RGBA,True,0,0,65536,1,256.0
textures\terrain\buildingfootprintsnow_gloss.tga,buildingfootprintsnow_gloss.tga,256,256,65536,RGBA,True,0,0,65536,1,256.0
textures\terrain\buildingfootprintsnow_nm.tga,buildingfootprintsnow_nm.tga,256,256,65536,RGBA,True,0,0,65536,1,256.0
textures\terrain\buildingfootprintsnow_spec.tga,buildingfootprintsnow_spec.tga,256,256,65536,RGBA,True,0,0,65536,1,256.0
textures\terrain\citytilea.tga,citytilea.tga,256,256,65536,RGBA,True,0,0,65536,1,256.0
textures\terrain\citytileatlantis.tga,citytileatlantis.tga,256,256,65536,RGBA,True,0,0,65536,1,256.0
textures\terrain\citytileatlantiscoral.tga,citytileatlantiscoral.tga,256,256,65536,RGBA,True,0,0,65536,1,256.0
textures\terrain\citytileatlantiscoral_gloss.tga,citytileatlantiscoral_gloss.tga,256,256,65536,RGBA,True,0,0,65536,1,256.0
textures\terrain\citytileatlantiscoral_nm.tga,citytileatlantiscoral_nm.tga,256,256,65536,RGBA,True,0,0,65536,1,256.0
textures\terrain\citytileatlantiscoral_spec.tga,citytileatlantiscoral_spec.tga,256,256,65536,RGBA,True,0,0,65536,1,256.0
textures\terrain\citytileatlantis_gloss.tga,citytileatlantis_gloss.tga,256,256,65536,RGBA,True,0,0,65536,1,256.0
textures\terrain\citytileatlantis_nm.tga,citytileatlantis_nm.tga,256,256,65536,RGBA,True,0,0,65536,1,256.0
textures\terrain\citytileatlantis_spec.tga,citytileatlantis_spec.tga,256,256,65536,RGBA,True,0,0,65536,1,256.0
textures\terrain\citytilea_gloss.tga,citytilea_gloss.tga,256,256,65536,RGBA,True,0,0,65536,1,256.0
textures\terrain\citytilea_nm.tga,citytilea_nm.tga,256,256,65536,RGBA,True,0,0,65536,1,256.0
textures\terrain\citytilea_spec.tga,citytilea_spec.tga,256,256,65536,RGBA,True,0,0,65536,1,256.0
textures\terrain\citytilewatercornera.tga,citytilewatercornera.tga,32,32,1024,RGBA,True,0,0,1024,1,4.0
textures\terrain\citytilewatercornera_gloss.tga,citytilewatercornera_gloss.tga,32,32,1024,RGBA,True,0,0,1024,1,4.0
textures\terrain\citytilewatercornera_nm.tga,citytilewatercornera_nm.tga,32,32,1024,RGBA,True,0,0,1024,1,4.0
textures\terrain\citytilewatercornera_spec.tga,citytilewatercornera_spec.tga,32,32,1024,RGBA,True,0,0,1024,1,4.0
textures\terrain\citytilewatercornerb.tga,citytilewatercornerb.tga,32,32,1024,RGBA,True,0,0,1024,1,4.0
textures\terrain\citytilewatercornerb_gloss.tga,citytilewatercornerb_gloss.tga,32,32,1024,RGBA,True,0,0,1024,1,4.0
textures\terrain\citytilewatercornerb_nm.tga,citytilewatercornerb_nm.tga,32,32,1024,RGBA,True,0,0,1024,1,4.0
textures\terrain\citytilewatercornerb_spec.tga,citytilewatercornerb_spec.tga,32,32,1024,RGBA,True,0,0,1024,1,4.0
textures\terrain\citytilewatercornerc.tga,citytilewatercornerc.tga,32,32,1024,RGBA,True,0,0,1024,1,4.0
textures\terrain\citytilewatercornerc_gloss.tga,citytilewatercornerc_gloss.tga,32,32,1024,RGBA,True,0,0,1024,1,4.0
textures\terrain\citytilewatercornerc_nm.tga,citytilewatercornerc_nm.tga,32,32,1024,RGBA,True,0,0,1024,1,4.0
textures\terrain\citytilewatercornerc_spec.tga,citytilewatercornerc_spec.tga,32,32,1024,RGBA,True,0,0,1024,1,4.0
textures\terrain\citytilewatercornerd.tga,citytilewatercornerd.tga,32,32,1024,RGBA,True,0,0,1024,1,4.0
textures\terrain\citytilewatercornerd_gloss.tga,citytilewatercornerd_gloss.tga,32,32,1024,RGBA,True,0,0,1024,1,4.0
textures\terrain\citytilewatercornerd_nm.tga,citytilewatercornerd_nm.tga,32,32,1024,RGBA,True,0,0,1024,1,4.0
textures\terrain\citytilewatercornerd_spec.tga,citytilewatercornerd_spec.tga,32,32,1024,RGBA,True,0,0,1024,1,4.0
textures\terrain\citytilewateredgea.tga,citytilewateredgea.tga,32,256,8192,RGBA,True,0,0,8192,1,32.0
textures\terrain\citytilewateredgea_gloss.tga,citytilewateredgea_gloss.tga,32,256,8192,RGBA,True,0,0,8192,1,32.0
textures\terrain\citytilewateredgea_nm.tga,citytilewateredgea_nm.tga,32,256,8192,RGBA,True,0,0,8192,1,32.0
textures\terrain\citytilewateredgea_spec.tga,citytilewateredgea_spec.tga,32,256,8192,RGBA,True,0,0,8192,1,32.0
textures\terrain\citytilewateredgeb.tga,citytilewateredgeb.tga,256,32,8192,RGBA,True,0,0,8192,1,32.0
textures\terrain\citytilewateredgeb_gloss.tga,citytilewateredgeb_gloss.tga,256,32,8192,RGBA,True,0,0,8192,1,32.0
textures\terrain\citytilewateredgeb_nm.tga,citytilewateredgeb_nm.tga,256,32,8192,RGBA,True,0,0,8192,1,32.0
textures\terrain\citytilewateredgeb_spec.tga,citytilewateredgeb_spec.tga,256,32,8192,RGBA,True,0,0,8192,1,32.0
textures\terrain\citytilewateredgeenda.tga,citytilewateredgeenda.tga,32,32,1024,RGBA,True,0,0,1024,1,4.0
textures\terrain\citytilewateredgeenda_gloss.tga,citytilewateredgeenda_gloss.tga,32,32,1024,RGBA,True,0,0,1024,1,4.0
textures\terrain\citytilewateredgeenda_nm.tga,citytilewateredgeenda_nm.tga,32,32,1024,RGBA,True,0,0,1024,1,4.0
textures\terrain\citytilewateredgeenda_spec.tga,citytilewateredgeenda_spec.tga,32,32,1024,RGBA,True,0,0,1024,1,4.0
textures\terrain\citytilewateredgeendb.tga,citytilewateredgeendb.tga,32,32,1024,RGBA,True,0,0,1024,1,4.0
textures\terrain\citytilewateredgeendb_gloss.tga,citytilewateredgeendb_gloss.tga,32,32,1024,RGBA,True,0,0,1024,1,4.0
textures\terrain\citytilewateredgeendb_nm.tga,citytilewateredgeendb_nm.tga,32,32,1024,RGBA,True,0,0,1024,1,4.0
textures\terrain\citytilewateredgeendb_spec.tga,citytilewateredgeendb_spec.tga,32,32,1024,RGBA,True,0,0,1024,1,4.0
textures\terrain\citytilewateredgeendc.tga,citytilewateredgeendc.tga,32,32,1024,RGBA,True,0,0,1024,1,4.0
textures\terrain\citytilewateredgeendc_gloss.tga,citytilewateredgeendc_gloss.tga,32,32,1024,RGBA,True,0,0,1024,1,4.0
textures\terrain\citytilewateredgeendc_nm.tga,citytilewateredgeendc_nm.tga,32,32,1024,RGBA,True,0,0,1024,1,4.0
textures\terrain\citytilewateredgeendc_spec.tga,citytilewateredgeendc_spec.tga,32,32,1024,RGBA,True,0,0,1024,1,4.0
textures\terrain\citytilewateredgeendd.tga,citytilewateredgeendd.tga,32,32,1024,RGBA,True,0,0,1024,1,4.0
textures\terrain\citytilewateredgeendd_gloss.tga,citytilewateredgeendd_gloss.tga,32,32,1024,RGBA,True,0,0,1024,1,4.0
textures\terrain\citytilewateredgeendd_nm.tga,citytilewateredgeendd_nm.tga,32,32,1024,RGBA,True,0,0,1024,1,4.0
textures\terrain\citytilewateredgeendd_spec.tga,citytilewateredgeendd_spec.tga,32,32,1024,RGBA,True,0,0,1024,1,4.0
textures\terrain\citytilewaterpool.tga,citytilewaterpool.tga,128,128,16384,RGBA,True,0,0,16384,1,64.0
textures\terrain\citytilewaterpool_gloss.tga,citytilewaterpool_gloss.tga,128,128,16384,RGBA,True,0,0,16384,1,64.0
textures\terrain\citytilewaterpool_nm.tga,citytilewaterpool_nm.tga,128,128,16384,RGBA,True,0,0,16384,1,64.0
textures\terrain\citytilewaterpool_spec.tga,citytilewaterpool_spec.tga,128,128,16384,RGBA,True,0,0,16384,1,64.0
textures\terrain\cliffa.tga,cliffa.tga,256,256,65536,RGBA,True,0,0,65536,1,256.0
textures\terrain\cliffa_gloss.tga,cliffa_gloss.tga,256,256,65536,RGBA,True,65536,0,0,1,256.0
textures\terrain\cliffa_nm.tga,cliffa_nm.tga,256,256,65536,RGBA,True,0,0,65536,1,256.0
textures\terrain\cliffa_spec.tga,cliffa_spec.tga,256,256,65536,RGBA,True,65536,0,0,1,256.0
textures\terrain\cliffegyptiana.tga,cliffegyptiana.tga,256,256,65536,RGBA,True,65536,0,0,1,256.0
textures\terrain\cliffegyptiana_gloss.tga,cliffegyptiana_gloss.tga,256,256,65536,RGBA,True,65536,0,0,1,256.0
textures\terrain\cliffegyptiana_nm.tga,cliffegyptiana_nm.tga,256,256,65536,RGBA,True,0,0,65536,1,256.0
textures\terrain\cliffegyptiana_spec.tga,cliffegyptiana_spec.tga,256,256,65536,RGBA,True,65536,0,0,1,256.0
textures\terrain\cliffegyptianb.tga,cliffegyptianb.tga,256,256,65536,RGBA,True,0,0,65536,1,256.0
textures\terrain\cliffegyptianb_gloss.tga,cliffegyptianb_gloss.tga,256,256,65536,RGBA,True,0,0,65536,1,256.0
textures\terrain\cliffegyptianb_nm.tga,cliffegyptianb_nm.tga,256,256,65536,RGBA,True,0,0,65536,1,256.0
textures\terrain\cliffegyptianb_spec.tga,cliffegyptianb_spec.tga,256,256,65536,RGBA,True,0,0,65536,1,256.0
textures\terrain\cliffgreeka.tga,cliffgreeka.tga,256,256,65536,RGBA,True,0,0,65536,1,256.0
textures\terrain\cliffgreeka_gloss.tga,cliffgreeka_gloss.tga,256,256,65536,RGBA,True,65536,0,0,1,256.0
textures\terrain\cliffgreeka_nm.tga,cliffgreeka_nm.tga,256,256,65536,RGBA,True,0,0,65536,1,256.0
textures\terrain\cliffgreeka_spec.tga,cliffgreeka_spec.tga,256,256,65536,RGBA,True,65536,0,0,1,256.0
textures\terrain\cliffgreekb.tga,cliffgreekb.tga,256,256,65536,RGBA,True,0,0,65536,1,256.0
textures\terrain\cliffgreekb_gloss.tga,cliffgreekb_gloss.tga,256,256,65536,RGBA,True,0,0,65536,1,256.0
textures\terrain\cliffgreekb_nm.tga,cliffgreekb_nm.tga,256,256,65536,RGBA,True,0,0,65536,1,256.0
textures\terrain\cliffgreekb_spec.tga,cliffgreekb_spec.tga,256,256,65536,RGBA,True,0,0,65536,1,256.0
textures\terrain\cliffJungleA.tga,cliffJungleA.tga,256,256,65536,RGBA,True,0,0,65536,1,256.0
textures\terrain\cliffJungleA_nm.tga,cliffJungleA_nm.tga,256,256,65536,RGBA,True,65536,0,0,1,256.0
textures\terrain\cliffJungleB.tga,cliffJungleB.tga,256,256,65536,RGBA,True,0,0,65536,1,256.0
textures\terrain\cliffnorsea.tga,cliffnorsea.tga,256,256,65536,RGBA,True,0,0,65536,1,256.0
textures\terrain\cliffnorsea_gloss.tga,cliffnorsea_gloss.tga,256,256,65536,RGBA,True,65536,0,0,1,256.0
textures\terrain\cliffnorsea_nm.tga,cliffnorsea_nm.tga,256,256,65536,RGBA,True,0,0,65536,1,256.0
textures\terrain\cliffnorsea_spec.tga,cliffnorsea_spec.tga,256,256,65536,RGBA,True,65536,0,0,1,256.0
textures\terrain\cliffnorseb.tga,cliffnorseb.tga,256,256,65536,RGBA,True,0,0,65536,1,256.0
textures\terrain\cliffnorseb_gloss.tga,cliffnorseb_gloss.tga,256,256,65536,RGBA,True,0,0,65536,1,256.0
textures\terrain\cliffnorseb_nm.tga,cliffnorseb_nm.tga,256,256,65536,RGBA,True,0,0,65536,1,256.0
textures\terrain\cliffnorseb_spec.tga,cliffnorseb_spec.tga,256,256,65536,RGBA,True,0,0,65536,1,256.0
textures\terrain\cliffPlainA.tga,cliffPlainA.tga,256,256,65536,RGBA,True,0,0,65536,1,256.0
textures\terrain\cliffPlainA_nm.tga,cliffPlainA_nm.tga,256,256,65536,RGBA,True,65536,0,0,1,256.0
textures\terrain\cliffPlainB.tga,cliffPlainB.tga,256,256,65536,RGBA,True,0,0,65536,1,256.0
textures\terrain\corala.tga,corala.tga,256,256,65536,RGBA,True,0,0,65536,1,256.0
textures\terrain\corala_gloss.tga,corala_gloss.tga,256,256,65536,RGBA,True,0,0,65536,1,256.0
textures\terrain\corala_nm.tga,corala_nm.tga,256,256,65536,RGBA,True,0,0,65536,1,256.0
textures\terrain\corala_spec.tga,corala_spec.tga,256,256,65536,RGBA,True,65536,0,0,1,256.0
textures\terrain\coralb.tga,coralb.tga,256,256,65536,RGBA,True,0,0,65536,1,256.0
textures\terrain\coralb_gloss.tga,coralb_gloss.tga,256,256,65536,RGBA,True,0,0,65536,1,256.0
textures\terrain\coralb_nm.tga,coralb_nm.tga,256,256,65536,RGBA,True,0,0,65536,1,256.0
textures\terrain\coralb_spec.tga,coralb_spec.tga,256,256,65536,RGBA,True,65536,0,0,1,256.0
textures\terrain\coralc.tga,coralc.tga,256,256,65536,RGBA,True,0,0,65536,1,256.0
textures\terrain\coralc2.tga,coralc2.tga,256,256,65536,RGBA,True,0,0,65536,1,256.0
textures\terrain\coralc2_gloss.tga,coralc2_gloss.tga,256,256,65536,RGBA,True,0,0,65536,1,256.0
textures\terrain\coralc2_nm.tga,coralc2_nm.tga,256,256,65536,RGBA,True,0,0,65536,1,256.0
textures\terrain\coralc2_spec.tga,coralc2_spec.tga,256,256,65536,RGBA,True,65536,0,0,1,256.0
textures\terrain\coralc_gloss.tga,coralc_gloss.tga,256,256,65536,RGBA,True,0,0,65536,1,256.0
textures\terrain\coralc_nm.tga,coralc_nm.tga,256,256,65536,RGBA,True,0,0,65536,1,256.0
textures\terrain\coralc_spec.tga,coralc_spec.tga,256,256,65536,RGBA,True,65536,0,0,1,256.0
textures\terrain\corald.tga,corald.tga,256,256,65536,RGBA,True,0,0,65536,1,256.0
textures\terrain\corald_gloss.tga,corald_gloss.tga,256,256,65536,RGBA,True,0,0,65536,1,256.0
textures\terrain\corald_nm.tga,corald_nm.tga,256,256,65536,RGBA,True,0,0,65536,1,256.0
textures\terrain\corald_spec.tga,corald_spec.tga,256,256,65536,RGBA,True,65536,0,0,1,256.0
textures\terrain\corale.tga,corale.tga,256,256,65536,RGBA,True,0,0,65536,1,256.0
textures\terrain\corale_gloss.tga,corale_gloss.tga,256,256,65536,RGBA,True,0,0,65536,1,256.0
textures\terrain\corale_nm.tga,corale_nm.tga,256,256,65536,RGBA,True,0,0,65536,1,256.0
textures\terrain\corale_spec.tga,corale_spec.tga,256,256,65536,RGBA,True,65536,0,0,1,256.0
textures\terrain\coralf.tga,coralf.tga,256,256,65536,RGBA,True,0,0,65536,1,256.0
textures\terrain\coralf_gloss.tga,coralf_gloss.tga,256,256,65536,RGBA,True,0,0,65536,1,256.0
textures\terrain\coralf_nm.tga,coralf_nm.tga,256,256,65536,RGBA,True,0,0,65536,1,256.0
textures\terrain\coralf_spec.tga,coralf_spec.tga,256,256,65536,RGBA,True,0,0,65536,1,256.0
textures\terrain\crust.tga,crust.tga,256,256,65536,RGBA,True,0,0,65536,1,256.0
textures\terrain\crust_gloss.tga,crust_gloss.tga,256,256,65536,RGBA,True,0,0,65536,1,256.0
textures\terrain\crust_nm.tga,crust_nm.tga,256,256,65536,RGBA,True,0,0,65536,1,256.0
textures\terrain\crust_spec.tga,crust_spec.tga,256,256,65536,RGBA,True,0,0,65536,1,256.0
textures\terrain\cutoutgreen.tga,cutoutgreen.tga,32,32,1024,RGBA,True,0,0,1024,1,4.0
textures\terrain\cutoutgreen_gloss.tga,cutoutgreen_gloss.tga,32,32,1024,RGBA,True,0,0,1024,1,4.0
textures\terrain\cutoutgreen_nm.tga,cutoutgreen_nm.tga,32,32,1024,RGBA,True,0,0,1024,1,4.0
textures\terrain\cutoutgreen_spec.tga,cutoutgreen_spec.tga,32,32,1024,RGBA,True,0,0,1024,1,4.0
textures\terrain\dam.tga,dam.tga,256,256,65536,RGBA,True,0,0,65536,1,256.0
textures\terrain\dam_gloss.tga,dam_gloss.tga,256,256,65536,RGBA,True,0,0,65536,1,256.0
textures\terrain\dam_nm.tga,dam_nm.tga,256,256,65536,RGBA,True,65536,0,0,1,256.0
textures\terrain\dam_spec.tga,dam_spec.tga,256,256,65536,RGBA,True,0,0,65536,1,256.0
textures\terrain\defaultNormal.tga,defaultNormal.tga,256,256,65536,RGBA,True,65536,0,0,1,256.0
textures\terrain\defaultSpec.tga,defaultSpec.tga,256,256,65536,RGBA,True,65536,0,0,1,256.0
textures\terrain\dirta.tga,dirta.tga,256,256,65536,RGBA,True,0,0,65536,1,256.0
textures\terrain\dirta_gloss.tga,dirta_gloss.tga,256,256,65536,RGBA,True,0,0,65536,1,256.0
textures\terrain\dirta_nm.tga,dirta_nm.tga,256,256,65536,RGBA,True,0,0,65536,1,256.0
textures\terrain\dirta_spec.tga,dirta_spec.tga,256,256,65536,RGBA,True,0,0,65536,1,256.0
textures\terrain\DirtB.tga,DirtB.tga,256,256,65536,RGBA,True,0,0,65536,1,256.0
textures\terrain\DirtC.tga,DirtC.tga,256,256,65536,RGBA,True,0,0,65536,1,256.0
textures\terrain\egyptianroada.tga,egyptianroada.tga,256,256,65536,RGBA,True,0,0,65536,1,256.0
textures\terrain\egyptianroada_gloss.tga,egyptianroada_gloss.tga,256,256,65536,RGBA,True,0,0,65536,1,256.0
textures\terrain\egyptianroada_nm.tga,egyptianroada_nm.tga,256,256,65536,RGBA,True,0,0,65536,1,256.0
textures\terrain\egyptianroada_spec.tga,egyptianroada_spec.tga,256,256,65536,RGBA,True,0,0,65536,1,256.0
textures\terrain\forestfloor.tga,forestfloor.tga,256,256,65536,RGBA,True,0,0,65536,1,256.0
textures\terrain\forestfloordeadpine.tga,forestfloordeadpine.tga,128,128,16384,RGBA,True,0,0,16384,1,64.0
textures\terrain\forestfloordeadpine_gloss.tga,forestfloordeadpine_gloss.tga,128,128,16384,RGBA,True,0,0,16384,1,64.0
textures\terrain\forestfloordeadpine_nm.tga,forestfloordeadpine_nm.tga,128,128,16384,RGBA,True,0,0,16384,1,64.0
textures\terrain\forestfloordeadpine_spec.tga,forestfloordeadpine_spec.tga,128,128,16384,RGBA,True,16384,0,0,1,64.0
textures\terrain\forestfloorgaia.tga,forestfloorgaia.tga,256,256,65536,RGBA,True,0,0,65536,1,256.0
textures\terrain\forestfloorgaia_gloss.tga,forestfloorgaia_gloss.tga,256,256,65536,RGBA,True,0,0,65536,1,256.0
textures\terrain\forestfloorgaia_nm.tga,forestfloorgaia_nm.tga,256,256,65536,RGBA,True,0,0,65536,1,256.0
textures\terrain\forestfloorgaia_spec.tga,forestfloorgaia_spec.tga,256,256,65536,RGBA,True,65536,0,0,1,256.0
textures\terrain\forestfloorJungle.tga,forestfloorJungle.tga,256,256,65536,RGBA,True,0,0,65536,1,256.0
textures\terrain\forestfloormarsh.tga,forestfloormarsh.tga,256,256,65536,RGBA,True,0,0,65536,1,256.0
textures\terrain\forestfloormarsh_gloss.tga,forestfloormarsh_gloss.tga,256,256,65536,RGBA,True,0,0,65536,1,256.0
textures\terrain\forestfloormarsh_nm.tga,forestfloormarsh_nm.tga,256,256,65536,RGBA,True,0,0,65536,1,256.0
textures\terrain\forestfloormarsh_spec.tga,forestfloormarsh_spec.tga,256,256,65536,RGBA,True,65536,0,0,1,256.0
textures\terrain\forestflooroak.tga,forestflooroak.tga,256,256,65536,RGBA,True,0,0,65536,1,256.0
textures\terrain\forestflooroak_gloss.tga,forestflooroak_gloss.tga,256,256,65536,RGBA,True,0,0,65536,1,256.0
textures\terrain\forestflooroak_nm.tga,forestflooroak_nm.tga,256,256,65536,RGBA,True,0,0,65536,1,256.0
textures\terrain\forestflooroak_spec.tga,forestflooroak_spec.tga,256,256,65536,RGBA,True,65536,0,0,1,256.0
textures\terrain\forestfloorpalm.tga,forestfloorpalm.tga,256,256,65536,RGBA,True,0,0,65536,1,256.0
textures\terrain\forestfloorpalm_gloss.tga,forestfloorpalm_gloss.tga,256,256,65536,RGBA,True,65536,0,0,1,256.0
textures\terrain\forestfloorpalm_nm.tga,forestfloorpalm_nm.tga,256,256,65536,RGBA,True,0,0,65536,1,256.0
textures\terrain\forestfloorpalm_spec.tga,forestfloorpalm_spec.tga,256,256,65536,RGBA,True,65536,0,0,1,256.0
textures\terrain\forestfloorpine.tga,forestfloorpine.tga,256,256,65536,RGBA,True,0,0,65536,1,256.0
textures\terrain\forestfloorpinesnow.tga,forestfloorpinesnow.tga,256,256,65536,RGBA,True,65536,0,0,1,256.0
textures\terrain\forestfloorpinesnow_gloss.tga,forestfloorpinesnow_gloss.tga,256,256,65536,RGBA,True,0,0,65536,1,256.0
textures\terrain\forestfloorpinesnow_nm.tga,forestfloorpinesnow_nm.tga,256,256,65536,RGBA,True,0,0,65536,1,256.0
textures\terrain\forestfloorpinesnow_spec.tga,forestfloorpinesnow_spec.tga,256,256,65536,RGBA,True,0,0,65536,1,256.0
textures\terrain\forestfloorpine_gloss.tga,forestfloorpine_gloss.tga,256,256,65536,RGBA,True,0,0,65536,1,256.0
textures\terrain\forestfloorpine_nm.tga,forestfloorpine_nm.tga,256,256,65536,RGBA,True,0,0,65536,1,256.0
textures\terrain\forestfloorpine_spec.tga,forestfloorpine_spec.tga,256,256,65536,RGBA,True,0,0,65536,1,256.0
textures\terrain\forestfloorsavannah.tga,forestfloorsavannah.tga,256,256,65536,RGBA,True,0,0,65536,1,256.0
textures\terrain\forestfloorsavannah_gloss.tga,forestfloorsavannah_gloss.tga,256,256,65536,RGBA,True,0,0,65536,1,256.0
textures\terrain\forestfloorsavannah_nm.tga,forestfloorsavannah_nm.tga,256,256,65536,RGBA,True,0,0,65536,1,256.0
textures\terrain\forestfloorsavannah_spec.tga,forestfloorsavannah_spec.tga,256,256,65536,RGBA,True,65536,0,0,1,256.0
textures\terrain\forestfloortundra.tga,forestfloortundra.tga,256,256,65536,RGBA,True,0,0,65536,1,256.0
textures\terrain\forestfloortundra_gloss.tga,forestfloortundra_gloss.tga,256,256,65536,RGBA,True,65536,0,0,1,256.0
textures\terrain\forestfloortundra_nm.tga,forestfloortundra_nm.tga,256,256,65536,RGBA,True,0,0,65536,1,256.0
textures\terrain\forestfloortundra_spec.tga,forestfloortundra_spec.tga,256,256,65536,RGBA,True,65536,0,0,1,256.0
textures\terrain\forestfloor_gloss.tga,forestfloor_gloss.tga,256,256,65536,RGBA,True,0,0,65536,1,256.0
textures\terrain\forestfloor_nm.tga,forestfloor_nm.tga,256,256,65536,RGBA,True,0,0,65536,1,256.0
textures\terrain\forestfloor_spec.tga,forestfloor_spec.tga,256,256,65536,RGBA,True,0,0,65536,1,256.0
textures\terrain\gaiacreepa.tga,gaiacreepa.tga,256,256,65536,RGBA,True,0,0,65536,1,256.0
textures\terrain\gaiacreepasand.tga,gaiacreepasand.tga,256,256,65536,RGBA,True,0,0,65536,1,256.0
textures\terrain\gaiacreepasand_gloss.tga,gaiacreepasand_gloss.tga,256,256,65536,RGBA,True,0,0,65536,1,256.0
textures\terrain\gaiacreepasand_nm.tga,gaiacreepasand_nm.tga,256,256,65536,RGBA,True,0,0,65536,1,256.0
textures\terrain\gaiacreepasand_spec.tga,gaiacreepasand_spec.tga,256,256,65536,RGBA,True,0,0,65536,1,256.0
textures\terrain\gaiacreepasnow.tga,gaiacreepasnow.tga,256,256,65536,RGBA,True,0,0,65536,1,256.0
textures\terrain\gaiacreepasnow_gloss.tga,gaiacreepasnow_gloss.tga,256,256,65536,RGBA,True,0,0,65536,1,256.0
textures\terrain\gaiacreepasnow_nm.tga,gaiacreepasnow_nm.tga,256,256,65536,RGBA,True,0,0,65536,1,256.0
textures\terrain\gaiacreepasnow_spec.tga,gaiacreepasnow_spec.tga,256,256,65536,RGBA,True,0,0,65536,1,256.0
textures\terrain\gaiacreepa_gloss.tga,gaiacreepa_gloss.tga,256,256,65536,RGBA,True,0,0,65536,1,256.0
textures\terrain\gaiacreepa_nm.tga,gaiacreepa_nm.tga,256,256,65536,RGBA,True,0,0,65536,1,256.0
textures\terrain\gaiacreepa_spec.tga,gaiacreepa_spec.tga,256,256,65536,RGBA,True,0,0,65536,1,256.0
textures\terrain\gaiacreepb.tga,gaiacreepb.tga,256,256,65536,RGBA,True,0,0,65536,1,256.0
textures\terrain\gaiacreepborder.tga,gaiacreepborder.tga,256,256,65536,RGBA,True,0,0,65536,1,256.0
textures\terrain\gaiacreepbordersand.tga,gaiacreepbordersand.tga,256,256,65536,RGBA,True,0,0,65536,1,256.0
textures\terrain\gaiacreepbordersand_gloss.tga,gaiacreepbordersand_gloss.tga,256,256,65536,RGBA,True,0,0,65536,1,256.0
textures\terrain\gaiacreepbordersand_nm.tga,gaiacreepbordersand_nm.tga,256,256,65536,RGBA,True,0,0,65536,1,256.0
textures\terrain\gaiacreepbordersand_spec.tga,gaiacreepbordersand_spec.tga,256,256,65536,RGBA,True,0,0,65536,1,256.0
textures\terrain\gaiacreepbordersnow.tga,gaiacreepbordersnow.tga,256,256,65536,RGBA,True,0,0,65536,1,256.0
textures\terrain\gaiacreepbordersnow_gloss.tga,gaiacreepbordersnow_gloss.tga,256,256,65536,RGBA,True,0,0,65536,1,256.0
textures\terrain\gaiacreepbordersnow_nm.tga,gaiacreepbordersnow_nm.tga,256,256,65536,RGBA,True,0,0,65536,1,256.0
textures\terrain\gaiacreepbordersnow_spec.tga,gaiacreepbordersnow_spec.tga,256,256,65536,RGBA,True,0,0,65536,1,256.0
textures\terrain\gaiacreepborder_gloss.tga,gaiacreepborder_gloss.tga,256,256,65536,RGBA,True,0,0,65536,1,256.0
textures\terrain\gaiacreepborder_nm.tga,gaiacreepborder_nm.tga,256,256,65536,RGBA,True,0,0,65536,1,256.0
textures\terrain\gaiacreepborder_spec.tga,gaiacreepborder_spec.tga,256,256,65536,RGBA,True,0,0,65536,1,256.0
textures\terrain\gaiacreepb_gloss.tga,gaiacreepb_gloss.tga,256,256,65536,RGBA,True,0,0,65536,1,256.0
textures\terrain\gaiacreepb_nm.tga,gaiacreepb_nm.tga,256,256,65536,RGBA,True,0,0,65536,1,256.0
textures\terrain\gaiacreepb_spec.tga,gaiacreepb_spec.tga,256,256,65536,RGBA,True,65536,0,0,1,256.0
textures\terrain\grassa.tga,grassa.tga,256,256,65536,RGBA,True,0,0,65536,1,256.0
textures\terrain\grassa_gloss.tga,grassa_gloss.tga,256,256,65536,RGBA,True,65536,0,0,1,256.0
textures\terrain\grassa_nm.tga,grassa_nm.tga,256,256,65536,RGBA,True,0,0,65536,1,256.0
textures\terrain\grassa_spec.tga,grassa_spec.tga,256,256,65536,RGBA,True,65536,0,0,1,256.0
textures\terrain\grassb.tga,grassb.tga,256,256,65536,RGBA,True,0,0,65536,1,256.0
textures\terrain\grassb_gloss.tga,grassb_gloss.tga,256,256,65536,RGBA,True,0,0,65536,1,256.0
textures\terrain\grassb_nm.tga,grassb_nm.tga,256,256,65536,RGBA,True,0,0,65536,1,256.0
textures\terrain\grassb_spec.tga,grassb_spec.tga,256,256,65536,RGBA,True,0,0,65536,1,256.0
textures\terrain\grassdirt25.tga,grassdirt25.tga,256,256,65536,RGBA,True,0,0,65536,1,256.0
textures\terrain\grassdirt25_gloss.tga,grassdirt25_gloss.tga,256,256,65536,RGBA,True,0,0,65536,1,256.0
textures\terrain\grassdirt25_nm.tga,grassdirt25_nm.tga,256,256,65536,RGBA,True,0,0,65536,1,256.0
textures\terrain\grassdirt25_spec.tga,grassdirt25_spec.tga,256,256,65536,RGBA,True,0,0,65536,1,256.0
textures\terrain\grassdirt50.tga,grassdirt50.tga,256,256,65536,RGBA,True,0,0,65536,1,256.0
textures\terrain\grassdirt50_gloss.tga,grassdirt50_gloss.tga,256,256,65536,RGBA,True,0,0,65536,1,256.0
textures\terrain\grassdirt50_nm.tga,grassdirt50_nm.tga,256,256,65536,RGBA,True,0,0,65536,1,256.0
textures\terrain\grassdirt50_spec.tga,grassdirt50_spec.tga,256,256,65536,RGBA,True,0,0,65536,1,256.0
textures\terrain\grassdirt75.tga,grassdirt75.tga,256,256,65536,RGBA,True,0,0,65536,1,256.0
textures\terrain\grassdirt75_gloss.tga,grassdirt75_gloss.tga,256,256,65536,RGBA,True,0,0,65536,1,256.0
textures\terrain\grassdirt75_nm.tga,grassdirt75_nm.tga,256,256,65536,RGBA,True,0,0,65536,1,256.0
textures\terrain\grassdirt75_spec.tga,grassdirt75_spec.tga,256,256,65536,RGBA,True,0,0,65536,1,256.0
textures\terrain\greekroad burnt.tga,greekroad burnt.tga,256,256,65536,RGBA,True,0,0,65536,1,256.0
textures\terrain\greekroad burntb.tga,greekroad burntb.tga,256,256,65536,RGBA,True,0,0,65536,1,256.0
textures\terrain\greekroad burntb_gloss.tga,greekroad burntb_gloss.tga,256,256,65536,RGBA,True,0,0,65536,1,256.0
textures\terrain\greekroad burntb_nm.tga,greekroad burntb_nm.tga,256,256,65536,RGBA,True,0,0,65536,1,256.0
textures\terrain\greekroad burntb_spec.tga,greekroad burntb_spec.tga,256,256,65536,RGBA,True,0,0,65536,1,256.0
textures\terrain\greekroad burnt_gloss.tga,greekroad burnt_gloss.tga,256,256,65536,RGBA,True,0,0,65536,1,256.0
textures\terrain\greekroad burnt_nm.tga,greekroad burnt_nm.tga,256,256,65536,RGBA,True,0,0,65536,1,256.0
textures\terrain\greekroad burnt_spec.tga,greekroad burnt_spec.tga,256,256,65536,RGBA,True,65536,0,0,1,256.0
textures\terrain\greekroada.tga,greekroada.tga,256,256,65536,RGBA,True,65536,0,0,1,256.0
textures\terrain\greekroada_gloss.tga,greekroada_gloss.tga,256,256,65536,RGBA,True,65536,0,0,1,256.0
textures\terrain\greekroada_nm.tga,greekroada_nm.tga,256,256,65536,RGBA,True,0,0,65536,1,256.0
textures\terrain\greekroada_spec.tga,greekroada_spec.tga,256,256,65536,RGBA,True,0,0,65536,1,256.0
textures\terrain\hades1.tga,hades1.tga,256,256,65536,RGBA,True,0,0,65536,1,256.0
textures\terrain\hades1_gloss.tga,hades1_gloss.tga,256,256,65536,RGBA,True,65536,0,0,1,256.0
textures\terrain\hades1_nm.tga,hades1_nm.tga,256,256,65536,RGBA,True,0,0,65536,1,256.0
textures\terrain\hades1_spec.tga,hades1_spec.tga,256,256,65536,RGBA,True,65536,0,0,1,256.0
textures\terrain\hades2.tga,hades2.tga,256,256,65536,RGBA,True,0,0,65536,1,256.0
textures\terrain\hades2_gloss.tga,hades2_gloss.tga,256,256,65536,RGBA,True,0,0,65536,1,256.0
textures\terrain\hades2_nm.tga,hades2_nm.tga,256,256,65536,RGBA,True,0,0,65536,1,256.0
textures\terrain\hades2_spec.tga,hades2_spec.tga,256,256,65536,RGBA,True,0,0,65536,1,256.0
textures\terrain\hades3.tga,hades3.tga,256,256,65536,RGBA,True,0,0,65536,1,256.0
textures\terrain\hades3_emissive.tga,hades3_emissive.tga,256,256,65536,RGBA,True,0,0,65536,1,256.0
textures\terrain\hades3_gloss.tga,hades3_gloss.tga,256,256,65536,RGBA,True,0,0,65536,1,256.0
textures\terrain\hades3_nm.tga,hades3_nm.tga,256,256,65536,RGBA,True,0,0,65536,1,256.0
textures\terrain\hades3_spec.tga,hades3_spec.tga,256,256,65536,RGBA,True,0,0,65536,1,256.0
textures\terrain\hades4.tga,hades4.tga,256,256,65536,RGBA,True,65536,0,0,1,256.0
textures\terrain\hades4_emissive.tga,hades4_emissive.tga,256,256,65536,RGBA,True,65536,0,0,1,256.0
textures\terrain\hades4_gloss.tga,hades4_gloss.tga,256,256,65536,RGBA,True,65536,0,0,1,256.0
textures\terrain\hades4_nm.tga,hades4_nm.tga,256,256,65536,RGBA,True,0,0,65536,1,256.0
textures\terrain\hades4_spec.tga,hades4_spec.tga,256,256,65536,RGBA,True,65536,0,0,1,256.0
textures\terrain\hades5.tga,hades5.tga,256,256,65536,RGBA,True,65536,0,0,1,256.0
textures\terrain\hades5_emissive.tga,hades5_emissive.tga,256,256,65536,RGBA,True,65536,0,0,1,256.0
textures\terrain\hades5_gloss.tga,hades5_gloss.tga,256,256,65536,RGBA,True,65536,0,0,1,256.0
textures\terrain\hades5_nm.tga,hades5_nm.tga,256,256,65536,RGBA,True,0,0,65536,1,256.0
textures\terrain\hades5_spec.tga,hades5_spec.tga,256,256,65536,RGBA,True,65536,0,0,1,256.0
textures\terrain\hades6.tga,hades6.tga,128,128,16384,RGBA,True,0,0,16384,1,64.0
textures\terrain\hades6_gloss.tga,hades6_gloss.tga,128,128,16384,RGBA,True,0,0,16384,1,64.0
textures\terrain\hades6_nm.tga,hades6_nm.tga,128,128,16384,RGBA,True,0,0,16384,1,64.0
textures\terrain\hades6_spec.tga,hades6_spec.tga,128,128,16384,RGBA,True,0,0,16384,1,64.0
textures\terrain\hades7.tga,hades7.tga,128,128,16384,RGBA,True,0,0,16384,1,64.0
textures\terrain\hades7_emissive.tga,hades7_emissive.tga,128,128,16384,RGBA,True,0,0,16384,1,64.0
textures\terrain\hades7_gloss.tga,hades7_gloss.tga,128,128,16384,RGBA,True,16384,0,0,1,64.0
textures\terrain\hades7_nm.tga,hades7_nm.tga,128,128,16384,RGBA,True,0,0,16384,1,64.0
textures\terrain\hades7_spec.tga,hades7_spec.tga,128,128,16384,RGBA,True,0,0,16384,1,64.0
textures\terrain\hades8.tga,hades8.tga,128,128,16384,RGBA,True,0,0,16384,1,64.0
textures\terrain\hades8_gloss.tga,hades8_gloss.tga,128,128,16384,RGBA,True,0,0,16384,1,64.0
textures\terrain\hades8_nm.tga,hades8_nm.tga,128,128,16384,RGBA,True,0,0,16384,1,64.0
textures\terrain\hades8_spec.tga,hades8_spec.tga,128,128,16384,RGBA,True,0,0,16384,1,64.0
textures\terrain\hades9.tga,hades9.tga,128,128,16384,RGBA,True,0,0,16384,1,64.0
textures\terrain\hades9_gloss.tga,hades9_gloss.tga,128,128,16384,RGBA,True,16384,0,0,1,64.0
textures\terrain\hades9_nm.tga,hades9_nm.tga,128,128,16384,RGBA,True,0,0,16384,1,64.0
textures\terrain\hades9_spec.tga,hades9_spec.tga,128,128,16384,RGBA,True,16384,0,0,1,64.0
textures\terrain\hadesbuildable1.tga,hadesbuildable1.tga,256,256,65536,RGBA,True,0,0,65536,1,256.0
textures\terrain\hadesbuildable1_gloss.tga,hadesbuildable1_gloss.tga,256,256,65536,RGBA,True,0,0,65536,1,256.0
textures\terrain\hadesbuildable1_nm.tga,hadesbuildable1_nm.tga,256,256,65536,RGBA,True,0,0,65536,1,256.0
textures\terrain\hadesbuildable1_spec.tga,hadesbuildable1_spec.tga,256,256,65536,RGBA,True,0,0,65536,1,256.0
textures\terrain\hadesbuildable2.tga,hadesbuildable2.tga,256,256,65536,RGBA,True,0,0,65536,1,256.0
textures\terrain\hadesbuildable2_gloss.tga,hadesbuildable2_gloss.tga,256,256,65536,RGBA,True,0,0,65536,1,256.0
textures\terrain\hadesbuildable2_nm.tga,hadesbuildable2_nm.tga,256,256,65536,RGBA,True,0,0,65536,1,256.0
textures\terrain\hadesbuildable2_spec.tga,hadesbuildable2_spec.tga,256,256,65536,RGBA,True,0,0,65536,1,256.0
textures\terrain\hadescliff.tga,hadescliff.tga,256,256,65536,RGBA,True,0,0,65536,1,256.0
textures\terrain\hadescliff_gloss.tga,hadescliff_gloss.tga,256,256,65536,RGBA,True,0,0,65536,1,256.0
textures\terrain\hadescliff_nm.tga,hadescliff_nm.tga,256,256,65536,RGBA,True,0,0,65536,1,256.0
textures\terrain\hadescliff_spec.tga,hadescliff_spec.tga,256,256,65536,RGBA,True,0,0,65536,1,256.0
textures\terrain\icea.tga,icea.tga,256,256,65536,RGBA,True,0,0,65536,1,256.0
textures\terrain\icea_gloss.tga,icea_gloss.tga,256,256,65536,RGBA,True,0,0,65536,1,256.0
textures\terrain\icea_nm.tga,icea_nm.tga,256,256,65536,RGBA,True,0,0,65536,1,256.0
textures\terrain\icea_spec.tga,icea_spec.tga,256,256,65536,RGBA,True,0,0,65536,1,256.0
textures\terrain\iceb.tga,iceb.tga,256,256,65536,RGBA,True,0,0,65536,1,256.0
textures\terrain\iceb_gloss.tga,iceb_gloss.tga,256,256,65536,RGBA,True,0,0,65536,1,256.0
textures\terrain\iceb_nm.tga,iceb_nm.tga,256,256,65536,RGBA,True,0,0,65536,1,256.0
textures\terrain\iceb_spec.tga,iceb_spec.tga,256,256,65536,RGBA,True,65536,0,0,1,256.0
textures\terrain\icec.tga,icec.tga,256,256,65536,RGBA,True,0,0,65536,1,256.0
textures\terrain\icec_gloss.tga,icec_gloss.tga,256,256,65536,RGBA,True,0,0,65536,1,256.0
textures\terrain\icec_nm.tga,icec_nm.tga,256,256,65536,RGBA,True,0,0,65536,1,256.0
textures\terrain\icec_spec.tga,icec_spec.tga,256,256,65536,RGBA,True,0,0,65536,1,256.0
textures\terrain\jungleA.tga,jungleA.tga,256,256,65536,RGBA,True,0,0,65536,1,256.0
textures\terrain\jungleB.tga,jungleB.tga,256,256,65536,RGBA,True,0,0,65536,1,256.0
textures\terrain\jungleBTest.tga,jungleBTest.tga,256,256,65536,RGBA,True,0,0,65536,1,256.0
textures\terrain\jungleDirt25.tga,jungleDirt25.tga,256,256,65536,RGBA,True,0,0,65536,1,256.0
textures\terrain\jungleDirt50.tga,jungleDirt50.tga,256,256,65536,RGBA,True,0,0,65536,1,256.0
textures\terrain\jungleDirt75.tga,jungleDirt75.tga,256,256,65536,RGBA,True,0,0,65536,1,256.0
textures\terrain\jungleRoadA.tga,jungleRoadA.tga,256,256,65536,RGBA,True,0,0,65536,1,256.0
textures\terrain\marsha.tga,marsha.tga,256,256,65536,RGBA,True,0,0,65536,1,256.0
textures\terrain\marsha_gloss.tga,marsha_gloss.tga,256,256,65536,RGBA,True,0,0,65536,1,256.0
textures\terrain\marsha_nm.tga,marsha_nm.tga,256,256,65536,RGBA,True,0,0,65536,1,256.0
textures\terrain\marsha_spec.tga,marsha_spec.tga,256,256,65536,RGBA,True,0,0,65536,1,256.0
textures\terrain\marshb.tga,marshb.tga,256,256,65536,RGBA,True,0,0,65536,1,256.0
textures\terrain\marshb_gloss.tga,marshb_gloss.tga,256,256,65536,RGBA,True,0,0,65536,1,256.0
textures\terrain\marshb_nm.tga,marshb_nm.tga,256,256,65536,RGBA,True,0,0,65536,1,256.0
textures\terrain\marshb_spec.tga,marshb_spec.tga,256,256,65536,RGBA,True,65536,0,0,1,256.0
textures\terrain\marshc.tga,marshc.tga,256,256,65536,RGBA,True,65536,0,0,1,256.0
textures\terrain\marshc_gloss.tga,marshc_gloss.tga,256,256,65536,RGBA,True,9914,55622,0,68,256.0
textures\terrain\marshc_nm.tga,marshc_nm.tga,256,256,65536,RGBA,True,0,0,65536,1,256.0
textures\terrain\marshc_spec.tga,marshc_spec.tga,256,256,65536,RGBA,True,65536,0,0,1,256.0
textures\terrain\marshd.tga,marshd.tga,256,256,65536,RGBA,True,0,0,65536,1,256.0
textures\terrain\marshd_gloss.tga,marshd_gloss.tga,256,256,65536,RGBA,True,0,0,65536,1,256.0
textures\terrain\marshd_nm.tga,marshd_nm.tga,256,256,65536,RGBA,True,0,0,65536,1,256.0
textures\terrain\marshd_spec.tga,marshd_spec.tga,256,256,65536,RGBA,True,0,0,65536,1,256.0
textures\terrain\marshe.tga,marshe.tga,256,256,65536,RGBA,True,0,0,65536,1,256.0
textures\terrain\marshe_gloss.tga,marshe_gloss.tga,256,256,65536,RGBA,True,0,0,65536,1,256.0
textures\terrain\marshe_nm.tga,marshe_nm.tga,256,256,65536,RGBA,True,0,0,65536,1,256.0
textures\terrain\marshe_spec.tga,marshe_spec.tga,256,256,65536,RGBA,True,65536,0,0,1,256.0
textures\terrain\marshf.tga,marshf.tga,256,256,65536,RGBA,True,65536,0,0,1,256.0
textures\terrain\marshf_gloss.tga,marshf_gloss.tga,256,256,65536,RGBA,True,9914,55622,0,68,256.0
textures\terrain\marshf_nm.tga,marshf_nm.tga,256,256,65536,RGBA,True,0,0,65536,1,256.0
textures\terrain\marshf_spec.tga,marshf_spec.tga,256,256,65536,RGBA,True,9914,55622,0,68,256.0
textures\terrain\miningground.tga,miningground.tga,256,256,65536,RGBA,True,0,0,65536,1,256.0
textures\terrain\miningground_gloss.tga,miningground_gloss.tga,256,256,65536,RGBA,True,0,0,65536,1,256.0
textures\terrain\miningground_nm.tga,miningground_nm.tga,256,256,65536,RGBA,True,0,0,65536,1,256.0
textures\terrain\miningground_spec.tga,miningground_spec.tga,256,256,65536,RGBA,True,0,0,65536,1,256.0
textures\terrain\mountain01.tga,mountain01.tga,256,256,65536,RGBA,True,0,0,65536,1,256.0
textures\terrain\mountain01_gloss.tga,mountain01_gloss.tga,256,256,65536,RGBA,True,0,0,65536,1,256.0
textures\terrain\mountain01_nm.tga,mountain01_nm.tga,256,256,65536,RGBA,True,0,0,65536,1,256.0
textures\terrain\mountain01_spec.tga,mountain01_spec.tga,256,256,65536,RGBA,True,0,0,65536,1,256.0
textures\terrain\mountain02.tga,mountain02.tga,256,256,65536,RGBA,True,0,0,65536,1,256.0
textures\terrain\mountain02_gloss.tga,mountain02_gloss.tga,256,256,65536,RGBA,True,0,0,65536,1,256.0
textures\terrain\mountain02_nm.tga,mountain02_nm.tga,256,256,65536,RGBA,True,0,0,65536,1,256.0
textures\terrain\mountain02_spec.tga,mountain02_spec.tga,256,256,65536,RGBA,True,0,0,65536,1,256.0
textures\terrain\mountain03.tga,mountain03.tga,256,256,65536,RGBA,True,0,0,65536,1,256.0
textures\terrain\mountain03_gloss.tga,mountain03_gloss.tga,256,256,65536,RGBA,True,0,0,65536,1,256.0
textures\terrain\mountain03_nm.tga,mountain03_nm.tga,256,256,65536,RGBA,True,0,0,65536,1,256.0
textures\terrain\mountain03_spec.tga,mountain03_spec.tga,256,256,65536,RGBA,True,0,0,65536,1,256.0
textures\terrain\mountain04.tga,mountain04.tga,256,256,65536,RGBA,True,0,0,65536,1,256.0
textures\terrain\mountain04_gloss.tga,mountain04_gloss.tga,256,256,65536,RGBA,True,0,0,65536,1,256.0
textures\terrain\mountain04_nm.tga,mountain04_nm.tga,256,256,65536,RGBA,True,0,0,65536,1,256.0
textures\terrain\mountain04_spec.tga,mountain04_spec.tga,256,256,65536,RGBA,True,0,0,65536,1,256.0
textures\terrain\mountainfloora.tga,mountainfloora.tga,256,256,65536,RGBA,True,0,0,65536,1,256.0
textures\terrain\mountainfloora_gloss.tga,mountainfloora_gloss.tga,256,256,65536,RGBA,True,0,0,65536,1,256.0
textures\terrain\mountainfloora_nm.tga,mountainfloora_nm.tga,256,256,65536,RGBA,True,0,0,65536,1,256.0
textures\terrain\mountainfloora_spec.tga,mountainfloora_spec.tga,256,256,65536,RGBA,True,0,0,65536,1,256.0
textures\terrain\mountainfloorb.tga,mountainfloorb.tga,256,256,65536,RGBA,True,0,0,65536,1,256.0
textures\terrain\mountainfloorb_gloss.tga,mountainfloorb_gloss.tga,256,256,65536,RGBA,True,0,0,65536,1,256.0
textures\terrain\mountainfloorb_nm.tga,mountainfloorb_nm.tga,256,256,65536,RGBA,True,0,0,65536,1,256.0
textures\terrain\mountainfloorb_spec.tga,mountainfloorb_spec.tga,256,256,65536,RGBA,True,0,0,65536,1,256.0
textures\terrain\mountaingrass.tga,mountaingrass.tga,256,256,65536,RGBA,True,0,0,65536,1,256.0
textures\terrain\mountaingrass_gloss.tga,mountaingrass_gloss.tga,256,256,65536,RGBA,True,0,0,65536,1,256.0
textures\terrain\mountaingrass_nm.tga,mountaingrass_nm.tga,256,256,65536,RGBA,True,0,0,65536,1,256.0
textures\terrain\mountaingrass_spec.tga,mountaingrass_spec.tga,256,256,65536,RGBA,True,0,0,65536,1,256.0
textures\terrain\noblend.tga,noblend.tga,32,32,1024,RGBA,True,0,1024,0,1,4.0
textures\terrain\noblend_nm.tga,noblend_nm.tga,32,32,1024,RGBA,True,0,0,1024,1,4.0
textures\terrain\noblend_spec.tga,noblend_spec.tga,32,32,1024,RGBA,True,0,1024,0,1,4.0
textures\terrain\norseroada.tga,norseroada.tga,256,256,65536,RGBA,True,0,0,65536,1,256.0
textures\terrain\norseroada_gloss.tga,norseroada_gloss.tga,256,256,65536,RGBA,True,0,0,65536,1,256.0
textures\terrain\norseroada_nm.tga,norseroada_nm.tga,256,256,65536,RGBA,True,0,0,65536,1,256.0
textures\terrain\norseroada_spec.tga,norseroada_spec.tga,256,256,65536,RGBA,True,0,0,65536,1,256.0
textures\terrain\olympusa.tga,olympusa.tga,256,256,65536,RGBA,True,0,0,65536,1,256.0
textures\terrain\olympusa_gloss.tga,olympusa_gloss.tga,256,256,65536,RGBA,True,0,0,65536,1,256.0
textures\terrain\olympusa_nm.tga,olympusa_nm.tga,256,256,65536,RGBA,True,0,0,65536,1,256.0
textures\terrain\olympusa_spec.tga,olympusa_spec.tga,256,256,65536,RGBA,True,0,0,65536,1,256.0
textures\terrain\olympusb.tga,olympusb.tga,256,256,65536,RGBA,True,65536,0,0,1,256.0
textures\terrain\olympusb_gloss.tga,olympusb_gloss.tga,256,256,65536,RGBA,True,0,0,65536,1,256.0
textures\terrain\olympusb_nm.tga,olympusb_nm.tga,256,256,65536,RGBA,True,0,0,65536,1,256.0
textures\terrain\olympusb_spec.tga,olympusb_spec.tga,256,256,65536,RGBA,True,0,0,65536,1,256.0
textures\terrain\olympusc.tga,olympusc.tga,256,256,65536,RGBA,True,0,0,65536,1,256.0
textures\terrain\olympusc_gloss.tga,olympusc_gloss.tga,256,256,65536,RGBA,True,0,0,65536,1,256.0
textures\terrain\olympusc_nm.tga,olympusc_nm.tga,256,256,65536,RGBA,True,0,0,65536,1,256.0
textures\terrain\olympusc_spec.tga,olympusc_spec.tga,256,256,65536,RGBA,True,0,0,65536,1,256.0
textures\terrain\olympustile.tga,olympustile.tga,256,256,65536,RGBA,True,0,0,65536,1,256.0
textures\terrain\olympustile_gloss.tga,olympustile_gloss.tga,256,256,65536,RGBA,True,0,0,65536,1,256.0
textures\terrain\olympustile_nm.tga,olympustile_nm.tga,256,256,65536,RGBA,True,0,0,65536,1,256.0
textures\terrain\olympustile_spec.tga,olympustile_spec.tga,256,256,65536,RGBA,True,0,0,65536,1,256.0
textures\terrain\plainA.tga,plainA.tga,256,256,65536,RGBA,True,0,0,65536,1,256.0
textures\terrain\plainB.tga,plainB.tga,256,256,65536,RGBA,True,0,0,65536,1,256.0
textures\terrain\plainDirt25.tga,plainDirt25.tga,256,256,65536,RGBA,True,0,0,65536,1,256.0
textures\terrain\plainDirt50.tga,plainDirt50.tga,256,256,65536,RGBA,True,0,0,65536,1,256.0
textures\terrain\plainDirt75.tga,plainDirt75.tga,256,256,65536,RGBA,True,0,0,65536,1,256.0
textures\terrain\plainRoadA.tga,plainRoadA.tga,256,256,65536,RGBA,True,0,0,65536,1,256.0
textures\terrain\rivergrassya.tga,rivergrassya.tga,256,256,65536,RGBA,True,0,0,65536,1,256.0
textures\terrain\rivergrassya_gloss.tga,rivergrassya_gloss.tga,256,256,65536,RGBA,True,0,0,65536,1,256.0
textures\terrain\rivergrassya_nm.tga,rivergrassya_nm.tga,256,256,65536,RGBA,True,0,0,65536,1,256.0
textures\terrain\rivergrassya_spec.tga,rivergrassya_spec.tga,256,256,65536,RGBA,True,65536,0,0,1,256.0
textures\terrain\rivergrassyb.tga,rivergrassyb.tga,256,256,65536,RGBA,True,0,0,65536,1,256.0
textures\terrain\rivergrassyb_gloss.tga,rivergrassyb_gloss.tga,256,256,65536,RGBA,True,0,0,65536,1,256.0
textures\terrain\rivergrassyb_nm.tga,rivergrassyb_nm.tga,256,256,65536,RGBA,True,0,0,65536,1,256.0
textures\terrain\rivergrassyb_spec.tga,rivergrassyb_spec.tga,256,256,65536,RGBA,True,65536,0,0,1,256.0
textures\terrain\rivergrassyc.tga,rivergrassyc.tga,256,256,65536,RGBA,True,0,0,65536,1,256.0
textures\terrain\rivergrassyc_gloss.tga,rivergrassyc_gloss.tga,256,256,65536,RGBA,True,65536,0,0,1,256.0
textures\terrain\rivergrassyc_nm.tga,rivergrassyc_nm.tga,256,256,65536,RGBA,True,0,0,65536,1,256.0
textures\terrain\rivergrassyc_spec.tga,rivergrassyc_spec.tga,256,256,65536,RGBA,True,65536,0,0,1,256.0
textures\terrain\rivericya.tga,rivericya.tga,256,256,65536,RGBA,True,0,0,65536,1,256.0
textures\terrain\rivericya_gloss.tga,rivericya_gloss.tga,256,256,65536,RGBA,True,0,0,65536,1,256.0
textures\terrain\rivericya_nm.tga,rivericya_nm.tga,256,256,65536,RGBA,True,0,0,65536,1,256.0
textures\terrain\rivericya_spec.tga,rivericya_spec.tga,256,256,65536,RGBA,True,65536,0,0,1,256.0
textures\terrain\rivericyb.tga,rivericyb.tga,256,256,65536,RGBA,True,0,0,65536,1,256.0
textures\terrain\rivericyb_gloss.tga,rivericyb_gloss.tga,256,256,65536,RGBA,True,0,0,65536,1,256.0
textures\terrain\rivericyb_nm.tga,rivericyb_nm.tga,256,256,65536,RGBA,True,0,0,65536,1,256.0
textures\terrain\rivericyb_spec.tga,rivericyb_spec.tga,256,256,65536,RGBA,True,65536,0,0,1,256.0
textures\terrain\rivericyc.tga,rivericyc.tga,256,256,65536,RGBA,True,0,0,65536,1,256.0
textures\terrain\rivericyc_gloss.tga,rivericyc_gloss.tga,256,256,65536,RGBA,True,0,0,65536,1,256.0
textures\terrain\rivericyc_nm.tga,rivericyc_nm.tga,256,256,65536,RGBA,True,0,0,65536,1,256.0
textures\terrain\rivericyc_spec.tga,rivericyc_spec.tga,256,256,65536,RGBA,True,0,0,65536,1,256.0
textures\terrain\rivermarsha.tga,rivermarsha.tga,256,256,65536,RGBA,True,0,0,65536,1,256.0
textures\terrain\rivermarsha_gloss.tga,rivermarsha_gloss.tga,256,256,65536,RGBA,True,0,0,65536,1,256.0
textures\terrain\rivermarsha_nm.tga,rivermarsha_nm.tga,256,256,65536,RGBA,True,0,0,65536,1,256.0
textures\terrain\rivermarsha_spec.tga,rivermarsha_spec.tga,256,256,65536,RGBA,True,65536,0,0,1,256.0
textures\terrain\rivermarshb.tga,rivermarshb.tga,256,256,65536,RGBA,True,0,0,65536,1,256.0
textures\terrain\rivermarshb_gloss.tga,rivermarshb_gloss.tga,256,256,65536,RGBA,True,0,0,65536,1,256.0
textures\terrain\rivermarshb_nm.tga,rivermarshb_nm.tga,256,256,65536,RGBA,True,0,0,65536,1,256.0
textures\terrain\rivermarshb_spec.tga,rivermarshb_spec.tga,256,256,65536,RGBA,True,65536,0,0,1,256.0
textures\terrain\rivermarshc.tga,rivermarshc.tga,256,256,65536,RGBA,True,0,0,65536,1,256.0
textures\terrain\rivermarshc_gloss.tga,rivermarshc_gloss.tga,256,256,65536,RGBA,True,0,0,65536,1,256.0
textures\terrain\rivermarshc_nm.tga,rivermarshc_nm.tga,256,256,65536,RGBA,True,0,0,65536,1,256.0
textures\terrain\rivermarshc_spec.tga,rivermarshc_spec.tga,256,256,65536,RGBA,True,65536,0,0,1,256.0
textures\terrain\riversandya.tga,riversandya.tga,256,256,65536,RGBA,True,0,0,65536,1,256.0
textures\terrain\riversandya_gloss.tga,riversandya_gloss.tga,256,256,65536,RGBA,True,0,0,65536,1,256.0
textures\terrain\riversandya_nm.tga,riversandya_nm.tga,256,256,65536,RGBA,True,0,0,65536,1,256.0
textures\terrain\riversandya_spec.tga,riversandya_spec.tga,256,256,65536,RGBA,True,0,0,65536,1,256.0
textures\terrain\riversandyb.tga,riversandyb.tga,256,256,65536,RGBA,True,0,0,65536,1,256.0
textures\terrain\riversandyb_gloss.tga,riversandyb_gloss.tga,256,256,65536,RGBA,True,0,0,65536,1,256.0
textures\terrain\riversandyb_nm.tga,riversandyb_nm.tga,256,256,65536,RGBA,True,0,0,65536,1,256.0
textures\terrain\riversandyb_spec.tga,riversandyb_spec.tga,256,256,65536,RGBA,True,0,0,65536,1,256.0
textures\terrain\riversandyc.tga,riversandyc.tga,256,256,65536,RGBA,True,0,0,65536,1,256.0
textures\terrain\riversandyc_gloss.tga,riversandyc_gloss.tga,256,256,65536,RGBA,True,0,0,65536,1,256.0
textures\terrain\riversandyc_nm.tga,riversandyc_nm.tga,256,256,65536,RGBA,True,0,0,65536,1,256.0
textures\terrain\riversandyc_spec.tga,riversandyc_spec.tga,256,256,65536,RGBA,True,0,0,65536,1,256.0
textures\terrain\riversandyshallowa.tga,riversandyshallowa.tga,256,256,65536,RGBA,True,0,0,65536,1,256.0
textures\terrain\riversandyshallowa_gloss.tga,riversandyshallowa_gloss.tga,256,256,65536,RGBA,True,0,0,65536,1,256.0
textures\terrain\riversandyshallowa_nm.tga,riversandyshallowa_nm.tga,256,256,65536,RGBA,True,0,0,65536,1,256.0
textures\terrain\riversandyshallowa_spec.tga,riversandyshallowa_spec.tga,256,256,65536,RGBA,True,0,0,65536,1,256.0
textures\terrain\roada.tga,roada.tga,256,256,65536,RGBA,True,0,0,65536,1,256.0
textures\terrain\roada_gloss.tga,roada_gloss.tga,256,256,65536,RGBA,True,0,0,65536,1,256.0
textures\terrain\roada_nm.tga,roada_nm.tga,256,256,65536,RGBA,True,0,0,65536,1,256.0
textures\terrain\roada_spec.tga,roada_spec.tga,256,256,65536,RGBA,True,0,0,65536,1,256.0
textures\terrain\roadb.tga,roadb.tga,256,256,65536,RGBA,True,0,0,65536,1,256.0
textures\terrain\roadb_gloss.tga,roadb_gloss.tga,256,256,65536,RGBA,True,0,0,65536,1,256.0
textures\terrain\roadb_nm.tga,roadb_nm.tga,256,256,65536,RGBA,True,0,0,65536,1,256.0
textures\terrain\roadb_spec.tga,roadb_spec.tga,256,256,65536,RGBA,True,0,0,65536,1,256.0
textures\terrain\rocka.tga,rocka.tga,256,256,65536,RGBA,True,0,0,65536,1,256.0
textures\terrain\rocka_gloss.tga,rocka_gloss.tga,256,256,65536,RGBA,True,0,0,65536,1,256.0
textures\terrain\rocka_nm.tga,rocka_nm.tga,256,256,65536,RGBA,True,0,0,65536,1,256.0
textures\terrain\rocka_spec.tga,rocka_spec.tga,256,256,65536,RGBA,True,0,0,65536,1,256.0
textures\terrain\rockc.tga,rockc.tga,256,256,65536,RGBA,True,0,0,65536,1,256.0
textures\terrain\rockc_gloss.tga,rockc_gloss.tga,256,256,65536,RGBA,True,0,0,65536,1,256.0
textures\terrain\rockc_nm.tga,rockc_nm.tga,256,256,65536,RGBA,True,0,0,65536,1,256.0
textures\terrain\rockc_spec.tga,rockc_spec.tga,256,256,65536,RGBA,True,0,0,65536,1,256.0
textures\terrain\rockd.tga,rockd.tga,256,256,65536,RGBA,True,0,0,65536,1,256.0
textures\terrain\rockd_gloss.tga,rockd_gloss.tga,256,256,65536,RGBA,True,0,0,65536,1,256.0
textures\terrain\rockd_nm.tga,rockd_nm.tga,256,256,65536,RGBA,True,0,0,65536,1,256.0
textures\terrain\rockd_spec.tga,rockd_spec.tga,256,256,65536,RGBA,True,0,0,65536,1,256.0
textures\terrain\rocke.tga,rocke.tga,256,256,65536,RGBA,True,0,0,65536,1,256.0
textures\terrain\rocke_gloss.tga,rocke_gloss.tga,256,256,65536,RGBA,True,0,0,65536,1,256.0
textures\terrain\rocke_nm.tga,rocke_nm.tga,256,256,65536,RGBA,True,0,0,65536,1,256.0
textures\terrain\rocke_spec.tga,rocke_spec.tga,256,256,65536,RGBA,True,0,0,65536,1,256.0
textures\terrain\sanda.tga,sanda.tga,256,256,65536,RGBA,True,0,0,65536,1,256.0
textures\terrain\sanda_gloss.tga,sanda_gloss.tga,256,256,65536,RGBA,True,0,0,65536,1,256.0
textures\terrain\sanda_nm.tga,sanda_nm.tga,256,256,65536,RGBA,True,0,0,65536,1,256.0
textures\terrain\sanda_spec.tga,sanda_spec.tga,256,256,65536,RGBA,True,0,0,65536,1,256.0
textures\terrain\sandb.tga,sandb.tga,256,256,65536,RGBA,True,0,0,65536,1,256.0
textures\terrain\sandb_gloss.tga,sandb_gloss.tga,256,256,65536,RGBA,True,0,0,65536,1,256.0
textures\terrain\sandb_nm.tga,sandb_nm.tga,256,256,65536,RGBA,True,0,0,65536,1,256.0
textures\terrain\sandb_spec.tga,sandb_spec.tga,256,256,65536,RGBA,True,0,0,65536,1,256.0
textures\terrain\sandc.tga,sandc.tga,256,256,65536,RGBA,True,0,0,65536,1,256.0
textures\terrain\sandc_gloss.tga,sandc_gloss.tga,256,256,65536,RGBA,True,0,0,65536,1,256.0
textures\terrain\sandc_nm.tga,sandc_nm.tga,256,256,65536,RGBA,True,0,0,65536,1,256.0
textures\terrain\sandc_spec.tga,sandc_spec.tga,256,256,65536,RGBA,True,0,0,65536,1,256.0
textures\terrain\sandd.tga,sandd.tga,256,256,65536,RGBA,True,0,0,65536,1,256.0
textures\terrain\sanddirt50.tga,sanddirt50.tga,256,256,65536,RGBA,True,0,0,65536,1,256.0
textures\terrain\sanddirt50b.tga,sanddirt50b.tga,256,256,65536,RGBA,True,0,0,65536,1,256.0
textures\terrain\sanddirt50b_gloss.tga,sanddirt50b_gloss.tga,256,256,65536,RGBA,True,0,0,65536,1,256.0
textures\terrain\sanddirt50b_nm.tga,sanddirt50b_nm.tga,256,256,65536,RGBA,True,0,0,65536,1,256.0
textures\terrain\sanddirt50b_spec.tga,sanddirt50b_spec.tga,256,256,65536,RGBA,True,0,0,65536,1,256.0
textures\terrain\sanddirt50_gloss.tga,sanddirt50_gloss.tga,256,256,65536,RGBA,True,0,0,65536,1,256.0
textures\terrain\sanddirt50_nm.tga,sanddirt50_nm.tga,256,256,65536,RGBA,True,0,0,65536,1,256.0
textures\terrain\sanddirt50_spec.tga,sanddirt50_spec.tga,256,256,65536,RGBA,True,0,0,65536,1,256.0
textures\terrain\sandd_gloss.tga,sandd_gloss.tga,256,256,65536,RGBA,True,0,0,65536,1,256.0
textures\terrain\sandd_nm.tga,sandd_nm.tga,256,256,65536,RGBA,True,0,0,65536,1,256.0
textures\terrain\sandd_spec.tga,sandd_spec.tga,256,256,65536,RGBA,True,0,0,65536,1,256.0
textures\terrain\sande.tga,sande.tga,256,256,65536,RGBA,True,0,0,65536,1,256.0
textures\terrain\sande_gloss.tga,sande_gloss.tga,256,256,65536,RGBA,True,0,0,65536,1,256.0
textures\terrain\sande_nm.tga,sande_nm.tga,256,256,65536,RGBA,True,0,0,65536,1,256.0
textures\terrain\sande_spec.tga,sande_spec.tga,256,256,65536,RGBA,True,0,0,65536,1,256.0
textures\terrain\sandsvdblendlshapecorner.tga,sandsvdblendlshapecorner.tga,32,32,1024,RGBA,True,64,924,36,225,4.0
textures\terrain\sandsvdblendthreecorners.tga,sandsvdblendthreecorners.tga,32,32,1024,RGBA,True,0,625,399,205,4.0
textures\terrain\sandvdblendcircle.tga,sandvdblendcircle.tga,32,32,1024,RGBA,True,2,919,103,237,4.0
textures\terrain\sandvdblendcorner.tga,sandvdblendcorner.tga,32,32,1024,RGBA,True,0,223,801,124,4.0
textures\terrain\sandvdblendedge.tga,sandvdblendedge.tga,32,32,1024,RGBA,True,0,611,413,48,4.0
textures\terrain\sandvdblendedgecorner.tga,sandvdblendedgecorner.tga,32,32,1024,RGBA,True,0,805,219,133,4.0
textures\terrain\sandvdblendedgetwocorners.tga,sandvdblendedgetwocorners.tga,32,32,1024,RGBA,True,0,950,74,203,4.0
textures\terrain\sandvdblendfourcorners.tga,sandvdblendfourcorners.tga,32,32,1024,RGBA,True,0,874,150,204,4.0
textures\terrain\sandvdblendlshape.tga,sandvdblendlshape.tga,32,32,1024,RGBA,True,10,963,51,212,4.0
textures\terrain\sandvdblendlshapecorner.tga,sandvdblendlshapecorner.tga,32,32,1024,RGBA,True,85,938,1,235,4.0
textures\terrain\sandvdblendlshapecorner2.tga,sandvdblendlshapecorner2.tga,32,32,1024,RGBA,True,64,924,36,225,4.0
textures\terrain\sandvdblendthreecorner.tga,sandvdblendthreecorner.tga,32,32,1024,RGBA,True,0,625,399,205,4.0
textures\terrain\sandvdblendtwocorners.tga,sandvdblendtwocorners.tga,32,32,1024,RGBA,True,0,454,570,176,4.0
textures\terrain\sandvdblendtwoedges.tga,sandvdblendtwoedges.tga,32,32,1024,RGBA,True,17,1007,0,235,4.0
textures\terrain\sandvdblendtwooppositecorners.tga,sandvdblendtwooppositecorners.tga,32,32,1024,RGBA,True,3,511,510,186,4.0
textures\terrain\sandvdblendushape.tga,sandvdblendushape.tga,32,32,1024,RGBA,True,11,951,62,233,4.0
textures\terrain\savannaha.tga,savannaha.tga,256,256,65536,RGBA,True,0,0,65536,1,256.0
textures\terrain\savannaha_gloss.tga,savannaha_gloss.tga,256,256,65536,RGBA,True,0,0,65536,1,256.0
textures\terrain\savannaha_nm.tga,savannaha_nm.tga,256,256,65536,RGBA,True,0,0,65536,1,256.0
textures\terrain\savannaha_spec.tga,savannaha_spec.tga,256,256,65536,RGBA,True,0,0,65536,1,256.0
textures\terrain\savannahb.tga,savannahb.tga,256,256,65536,RGBA,True,65536,0,0,1,256.0
textures\terrain\savannahb_gloss.tga,savannahb_gloss.tga,256,256,65536,RGBA,True,0,0,65536,1,256.0
textures\terrain\savannahb_nm.tga,savannahb_nm.tga,256,256,65536,RGBA,True,0,0,65536,1,256.0
textures\terrain\savannahb_spec.tga,savannahb_spec.tga,256,256,65536,RGBA,True,0,0,65536,1,256.0
textures\terrain\savannahc.tga,savannahc.tga,256,256,65536,RGBA,True,0,0,65536,1,256.0
textures\terrain\savannahc_gloss.tga,savannahc_gloss.tga,256,256,65536,RGBA,True,0,0,65536,1,256.0
textures\terrain\savannahc_nm.tga,savannahc_nm.tga,256,256,65536,RGBA,True,0,0,65536,1,256.0
textures\terrain\savannahc_spec.tga,savannahc_spec.tga,256,256,65536,RGBA,True,0,0,65536,1,256.0
textures\terrain\savannahd.tga,savannahd.tga,256,256,65536,RGBA,True,0,0,65536,1,256.0
textures\terrain\savannahd_gloss.tga,savannahd_gloss.tga,256,256,65536,RGBA,True,0,0,65536,1,256.0
textures\terrain\savannahd_nm.tga,savannahd_nm.tga,256,256,65536,RGBA,True,0,0,65536,1,256.0
textures\terrain\savannahd_spec.tga,savannahd_spec.tga,256,256,65536,RGBA,True,0,0,65536,1,256.0
textures\terrain\shorelineaegeana.tga,shorelineaegeana.tga,256,256,65536,RGBA,True,0,0,65536,1,256.0
textures\terrain\shorelineaegeana_gloss.tga,shorelineaegeana_gloss.tga,256,256,65536,RGBA,True,0,0,65536,1,256.0
textures\terrain\shorelineaegeana_nm.tga,shorelineaegeana_nm.tga,256,256,65536,RGBA,True,0,0,65536,1,256.0
textures\terrain\shorelineaegeana_spec.tga,shorelineaegeana_spec.tga,256,256,65536,RGBA,True,0,0,65536,1,256.0
textures\terrain\shorelineaegeanb.tga,shorelineaegeanb.tga,256,256,65536,RGBA,True,0,0,65536,1,256.0
textures\terrain\shorelineaegeanb_gloss.tga,shorelineaegeanb_gloss.tga,256,256,65536,RGBA,True,0,0,65536,1,256.0
textures\terrain\shorelineaegeanb_nm.tga,shorelineaegeanb_nm.tga,256,256,65536,RGBA,True,0,0,65536,1,256.0
textures\terrain\shorelineaegeanb_spec.tga,shorelineaegeanb_spec.tga,256,256,65536,RGBA,True,0,0,65536,1,256.0
textures\terrain\shorelineaegeanc.tga,shorelineaegeanc.tga,256,256,65536,RGBA,True,0,0,65536,1,256.0
textures\terrain\shorelineaegeanc_gloss.tga,shorelineaegeanc_gloss.tga,256,256,65536,RGBA,True,0,0,65536,1,256.0
textures\terrain\shorelineaegeanc_nm.tga,shorelineaegeanc_nm.tga,256,256,65536,RGBA,True,0,0,65536,1,256.0
textures\terrain\shorelineaegeanc_spec.tga,shorelineaegeanc_spec.tga,256,256,65536,RGBA,True,0,0,65536,1,256.0
textures\terrain\shorelineatlantica.tga,shorelineatlantica.tga,256,256,65536,RGBA,True,0,0,65536,1,256.0
textures\terrain\shorelineatlantica_gloss.tga,shorelineatlantica_gloss.tga,256,256,65536,RGBA,True,0,0,65536,1,256.0
textures\terrain\shorelineatlantica_nm.tga,shorelineatlantica_nm.tga,256,256,65536,RGBA,True,0,0,65536,1,256.0
textures\terrain\shorelineatlantica_spec.tga,shorelineatlantica_spec.tga,256,256,65536,RGBA,True,0,0,65536,1,256.0
textures\terrain\shorelineatlanticb.tga,shorelineatlanticb.tga,256,256,65536,RGBA,True,0,0,65536,1,256.0
textures\terrain\shorelineatlanticb_gloss.tga,shorelineatlanticb_gloss.tga,256,256,65536,RGBA,True,0,0,65536,1,256.0
textures\terrain\shorelineatlanticb_nm.tga,shorelineatlanticb_nm.tga,256,256,65536,RGBA,True,0,0,65536,1,256.0
textures\terrain\shorelineatlanticb_spec.tga,shorelineatlanticb_spec.tga,256,256,65536,RGBA,True,0,0,65536,1,256.0
textures\terrain\shorelineatlanticc.tga,shorelineatlanticc.tga,256,256,65536,RGBA,True,0,0,65536,1,256.0
textures\terrain\shorelineatlanticc_gloss.tga,shorelineatlanticc_gloss.tga,256,256,65536,RGBA,True,0,0,65536,1,256.0
textures\terrain\shorelineatlanticc_nm.tga,shorelineatlanticc_nm.tga,256,256,65536,RGBA,True,0,0,65536,1,256.0
textures\terrain\shorelineatlanticc_spec.tga,shorelineatlanticc_spec.tga,256,256,65536,RGBA,True,0,0,65536,1,256.0
textures\terrain\shorelineJungleA.tga,shorelineJungleA.tga,256,256,65536,RGBA,True,0,0,65536,1,256.0
textures\terrain\shorelineJungleB.tga,shorelineJungleB.tga,256,256,65536,RGBA,True,0,0,65536,1,256.0
textures\terrain\shorelineJungleC.tga,shorelineJungleC.tga,256,256,65536,RGBA,True,0,0,65536,1,256.0
textures\terrain\shorelinemediterraneana.tga,shorelinemediterraneana.tga,256,256,65536,RGBA,True,0,0,65536,1,256.0
textures\terrain\shorelinemediterraneana_gloss.tga,shorelinemediterraneana_gloss.tga,256,256,65536,RGBA,True,0,0,65536,1,256.0
textures\terrain\shorelinemediterraneana_nm.tga,shorelinemediterraneana_nm.tga,256,256,65536,RGBA,True,0,0,65536,1,256.0
textures\terrain\shorelinemediterraneana_spec.tga,shorelinemediterraneana_spec.tga,256,256,65536,RGBA,True,0,0,65536,1,256.0
textures\terrain\shorelinemediterraneanb.tga,shorelinemediterraneanb.tga,256,256,65536,RGBA,True,0,0,65536,1,256.0
textures\terrain\shorelinemediterraneanb_gloss.tga,shorelinemediterraneanb_gloss.tga,256,256,65536,RGBA,True,0,0,65536,1,256.0
textures\terrain\shorelinemediterraneanb_nm.tga,shorelinemediterraneanb_nm.tga,256,256,65536,RGBA,True,0,0,65536,1,256.0
textures\terrain\shorelinemediterraneanb_spec.tga,shorelinemediterraneanb_spec.tga,256,256,65536,RGBA,True,0,0,65536,1,256.0
textures\terrain\shorelinemediterraneanc.tga,shorelinemediterraneanc.tga,256,256,65536,RGBA,True,0,0,65536,1,256.0
textures\terrain\shorelinemediterraneanc_gloss.tga,shorelinemediterraneanc_gloss.tga,256,256,65536,RGBA,True,0,0,65536,1,256.0
textures\terrain\shorelinemediterraneanc_nm.tga,shorelinemediterraneanc_nm.tga,256,256,65536,RGBA,True,0,0,65536,1,256.0
textures\terrain\shorelinemediterraneanc_spec.tga,shorelinemediterraneanc_spec.tga,256,256,65536,RGBA,True,0,0,65536,1,256.0
textures\terrain\shorelinemediterraneand.tga,shorelinemediterraneand.tga,256,256,65536,RGBA,True,0,0,65536,1,256.0
textures\terrain\shorelinemediterraneand_gloss.tga,shorelinemediterraneand_gloss.tga,256,256,65536,RGBA,True,0,0,65536,1,256.0
textures\terrain\shorelinemediterraneand_nm.tga,shorelinemediterraneand_nm.tga,256,256,65536,RGBA,True,0,0,65536,1,256.0
textures\terrain\shorelinemediterraneand_spec.tga,shorelinemediterraneand_spec.tga,256,256,65536,RGBA,True,0,0,65536,1,256.0
textures\terrain\shorelinenorwegiana.tga,shorelinenorwegiana.tga,256,256,65536,RGBA,True,0,0,65536,1,256.0
textures\terrain\shorelinenorwegiana_gloss.tga,shorelinenorwegiana_gloss.tga,256,256,65536,RGBA,True,0,0,65536,1,256.0
textures\terrain\shorelinenorwegiana_nm.tga,shorelinenorwegiana_nm.tga,256,256,65536,RGBA,True,0,0,65536,1,256.0
textures\terrain\shorelinenorwegiana_spec.tga,shorelinenorwegiana_spec.tga,256,256,65536,RGBA,True,0,0,65536,1,256.0
textures\terrain\shorelinenorwegianb.tga,shorelinenorwegianb.tga,256,256,65536,RGBA,True,0,0,65536,1,256.0
textures\terrain\shorelinenorwegianb_gloss.tga,shorelinenorwegianb_gloss.tga,256,256,65536,RGBA,True,0,0,65536,1,256.0
textures\terrain\shorelinenorwegianb_nm.tga,shorelinenorwegianb_nm.tga,256,256,65536,RGBA,True,0,0,65536,1,256.0
textures\terrain\shorelinenorwegianb_spec.tga,shorelinenorwegianb_spec.tga,256,256,65536,RGBA,True,0,0,65536,1,256.0
textures\terrain\shorelinenorwegianc.tga,shorelinenorwegianc.tga,256,256,65536,RGBA,True,0,0,65536,1,256.0
textures\terrain\shorelinenorwegianc_gloss.tga,shorelinenorwegianc_gloss.tga,256,256,65536,RGBA,True,0,0,65536,1,256.0
textures\terrain\shorelinenorwegianc_nm.tga,shorelinenorwegianc_nm.tga,256,256,65536,RGBA,True,0,0,65536,1,256.0
textures\terrain\shorelinenorwegianc_spec.tga,shorelinenorwegianc_spec.tga,256,256,65536,RGBA,True,0,0,65536,1,256.0
textures\terrain\shorelinePlainA.tga,shorelinePlainA.tga,256,256,65536,RGBA,True,0,0,65536,1,256.0
textures\terrain\shorelinePlainB.tga,shorelinePlainB.tga,256,256,65536,RGBA,True,0,0,65536,1,256.0
textures\terrain\shorelinePlainC.tga,shorelinePlainC.tga,256,256,65536,RGBA,True,0,0,65536,1,256.0
textures\terrain\shorelinePlainD.tga,shorelinePlainD.tga,256,256,65536,RGBA,True,0,0,65536,1,256.0
textures\terrain\shorelineredseaa.tga,shorelineredseaa.tga,256,256,65536,RGBA,True,0,0,65536,1,256.0
textures\terrain\shorelineredseaa_gloss.tga,shorelineredseaa_gloss.tga,256,256,65536,RGBA,True,0,0,65536,1,256.0
textures\terrain\shorelineredseaa_nm.tga,shorelineredseaa_nm.tga,256,256,65536,RGBA,True,0,0,65536,1,256.0
textures\terrain\shorelineredseaa_spec.tga,shorelineredseaa_spec.tga,256,256,65536,RGBA,True,0,0,65536,1,256.0
textures\terrain\shorelineredseab.tga,shorelineredseab.tga,256,256,65536,RGBA,True,0,0,65536,1,256.0
textures\terrain\shorelineredseab_gloss.tga,shorelineredseab_gloss.tga,256,256,65536,RGBA,True,0,0,65536,1,256.0
textures\terrain\shorelineredseab_nm.tga,shorelineredseab_nm.tga,256,256,65536,RGBA,True,0,0,65536,1,256.0
textures\terrain\shorelineredseab_spec.tga,shorelineredseab_spec.tga,256,256,65536,RGBA,True,0,0,65536,1,256.0
textures\terrain\shorelineredseac.tga,shorelineredseac.tga,256,256,65536,RGBA,True,0,0,65536,1,256.0
textures\terrain\shorelineredseac_gloss.tga,shorelineredseac_gloss.tga,256,256,65536,RGBA,True,0,0,65536,1,256.0
textures\terrain\shorelineredseac_nm.tga,shorelineredseac_nm.tga,256,256,65536,RGBA,True,0,0,65536,1,256.0
textures\terrain\shorelineredseac_spec.tga,shorelineredseac_spec.tga,256,256,65536,RGBA,True,0,0,65536,1,256.0
textures\terrain\shorelinesanda.tga,shorelinesanda.tga,256,256,65536,RGBA,True,0,0,65536,1,256.0
textures\terrain\shorelinesanda_gloss.tga,shorelinesanda_gloss.tga,256,256,65536,RGBA,True,65536,0,0,1,256.0
textures\terrain\shorelinesanda_nm.tga,shorelinesanda_nm.tga,256,256,65536,RGBA,True,0,0,65536,1,256.0
textures\terrain\shorelinesanda_spec.tga,shorelinesanda_spec.tga,256,256,65536,RGBA,True,65536,0,0,1,256.0
textures\terrain\shorelinetundraa.tga,shorelinetundraa.tga,256,256,65536,RGBA,True,0,0,65536,1,256.0
textures\terrain\shorelinetundraa_gloss.tga,shorelinetundraa_gloss.tga,256,256,65536,RGBA,True,0,0,65536,1,256.0
textures\terrain\shorelinetundraa_nm.tga,shorelinetundraa_nm.tga,256,256,65536,RGBA,True,0,0,65536,1,256.0
textures\terrain\shorelinetundraa_spec.tga,shorelinetundraa_spec.tga,256,256,65536,RGBA,True,0,0,65536,1,256.0
textures\terrain\shorelinetundrab.tga,shorelinetundrab.tga,256,256,65536,RGBA,True,0,0,65536,1,256.0
textures\terrain\shorelinetundrab_gloss.tga,shorelinetundrab_gloss.tga,256,256,65536,RGBA,True,0,0,65536,1,256.0
textures\terrain\shorelinetundrab_nm.tga,shorelinetundrab_nm.tga,256,256,65536,RGBA,True,0,0,65536,1,256.0
textures\terrain\shorelinetundrab_spec.tga,shorelinetundrab_spec.tga,256,256,65536,RGBA,True,0,0,65536,1,256.0
textures\terrain\shorelinetundrac.tga,shorelinetundrac.tga,256,256,65536,RGBA,True,0,0,65536,1,256.0
textures\terrain\shorelinetundrac_gloss.tga,shorelinetundrac_gloss.tga,256,256,65536,RGBA,True,0,0,65536,1,256.0
textures\terrain\shorelinetundrac_nm.tga,shorelinetundrac_nm.tga,256,256,65536,RGBA,True,0,0,65536,1,256.0
textures\terrain\shorelinetundrac_spec.tga,shorelinetundrac_spec.tga,256,256,65536,RGBA,True,65536,0,0,1,256.0
textures\terrain\shorelinetundrad.tga,shorelinetundrad.tga,256,256,65536,RGBA,True,0,0,65536,1,256.0
textures\terrain\shorelinetundrad_gloss.tga,shorelinetundrad_gloss.tga,256,256,65536,RGBA,True,0,0,65536,1,256.0
textures\terrain\shorelinetundrad_nm.tga,shorelinetundrad_nm.tga,256,256,65536,RGBA,True,0,0,65536,1,256.0
textures\terrain\shorelinetundrad_spec.tga,shorelinetundrad_spec.tga,256,256,65536,RGBA,True,65536,0,0,1,256.0
textures\terrain\shoreline_sanda.tga,shoreline_sanda.tga,256,256,65536,RGBA,True,0,0,65536,1,256.0
textures\terrain\shoreline_sanda_gloss.tga,shoreline_sanda_gloss.tga,256,256,65536,RGBA,True,0,0,65536,1,256.0
textures\terrain\shoreline_sanda_nm.tga,shoreline_sanda_nm.tga,256,256,65536,RGBA,True,0,0,65536,1,256.0
textures\terrain\shoreline_sanda_spec.tga,shoreline_sanda_spec.tga,256,256,65536,RGBA,True,0,0,65536,1,256.0
textures\terrain\sling rocka.tga,sling rocka.tga,256,256,65536,RGBA,True,0,0,65536,1,256.0
textures\terrain\sling rocka_gloss.tga,sling rocka_gloss.tga,256,256,65536,RGBA,True,0,0,65536,1,256.0
textures\terrain\sling rocka_nm.tga,sling rocka_nm.tga,256,256,65536,RGBA,True,0,0,65536,1,256.0
textures\terrain\sling rocka_spec.tga,sling rocka_spec.tga,256,256,65536,RGBA,True,0,0,65536,1,256.0
textures\terrain\snowa.tga,snowa.tga,256,256,65536,RGBA,True,0,0,65536,1,256.0
textures\terrain\snowa_gloss.tga,snowa_gloss.tga,256,256,65536,RGBA,True,0,0,65536,1,256.0
textures\terrain\snowa_nm.tga,snowa_nm.tga,256,256,65536,RGBA,True,0,0,65536,1,256.0
textures\terrain\snowa_spec.tga,snowa_spec.tga,256,256,65536,RGBA,True,0,0,65536,1,256.0
textures\terrain\snowb.tga,snowb.tga,256,256,65536,RGBA,True,0,0,65536,1,256.0
textures\terrain\snowb_gloss.tga,snowb_gloss.tga,256,256,65536,RGBA,True,0,0,65536,1,256.0
textures\terrain\snowb_nm.tga,snowb_nm.tga,256,256,65536,RGBA,True,0,0,65536,1,256.0
textures\terrain\snowb_spec.tga,snowb_spec.tga,256,256,65536,RGBA,True,0,0,65536,1,256.0
textures\terrain\snowgrass25.tga,snowgrass25.tga,256,256,65536,RGBA,True,0,0,65536,1,256.0
textures\terrain\snowgrass25_gloss.tga,snowgrass25_gloss.tga,256,256,65536,RGBA,True,0,0,65536,1,256.0
textures\terrain\snowgrass25_nm.tga,snowgrass25_nm.tga,256,256,65536,RGBA,True,0,0,65536,1,256.0
textures\terrain\snowgrass25_spec.tga,snowgrass25_spec.tga,256,256,65536,RGBA,True,0,0,65536,1,256.0
textures\terrain\snowgrass50.tga,snowgrass50.tga,256,256,65536,RGBA,True,0,0,65536,1,256.0
textures\terrain\snowgrass50_gloss.tga,snowgrass50_gloss.tga,256,256,65536,RGBA,True,0,0,65536,1,256.0
textures\terrain\snowgrass50_nm.tga,snowgrass50_nm.tga,256,256,65536,RGBA,True,0,0,65536,1,256.0
textures\terrain\snowgrass50_spec.tga,snowgrass50_spec.tga,256,256,65536,RGBA,True,0,0,65536,1,256.0
textures\terrain\snowgrass75.tga,snowgrass75.tga,256,256,65536,RGBA,True,0,0,65536,1,256.0
textures\terrain\snowgrass75_gloss.tga,snowgrass75_gloss.tga,256,256,65536,RGBA,True,0,0,65536,1,256.0
textures\terrain\snowgrass75_nm.tga,snowgrass75_nm.tga,256,256,65536,RGBA,True,0,0,65536,1,256.0
textures\terrain\snowgrass75_spec.tga,snowgrass75_spec.tga,256,256,65536,RGBA,True,0,0,65536,1,256.0
textures\terrain\snowsand25.tga,snowsand25.tga,256,256,65536,RGBA,True,0,0,65536,1,256.0
textures\terrain\snowsand25_gloss.tga,snowsand25_gloss.tga,256,256,65536,RGBA,True,0,0,65536,1,256.0
textures\terrain\snowsand25_nm.tga,snowsand25_nm.tga,256,256,65536,RGBA,True,0,0,65536,1,256.0
textures\terrain\snowsand25_spec.tga,snowsand25_spec.tga,256,256,65536,RGBA,True,0,0,65536,1,256.0
textures\terrain\snowsand50.tga,snowsand50.tga,256,256,65536,RGBA,True,0,0,65536,1,256.0
textures\terrain\snowsand50_gloss.tga,snowsand50_gloss.tga,256,256,65536,RGBA,True,0,0,65536,1,256.0
textures\terrain\snowsand50_nm.tga,snowsand50_nm.tga,256,256,65536,RGBA,True,0,0,65536,1,256.0
textures\terrain\snowsand50_spec.tga,snowsand50_spec.tga,256,256,65536,RGBA,True,0,0,65536,1,256.0
textures\terrain\snowsand75.tga,snowsand75.tga,256,256,65536,RGBA,True,0,0,65536,1,256.0
textures\terrain\snowsand75_gloss.tga,snowsand75_gloss.tga,256,256,65536,RGBA,True,0,0,65536,1,256.0
textures\terrain\snowsand75_nm.tga,snowsand75_nm.tga,256,256,65536,RGBA,True,0,0,65536,1,256.0
textures\terrain\snowsand75_spec.tga,snowsand75_spec.tga,256,256,65536,RGBA,True,0,0,65536,1,256.0
textures\terrain\terrain_tornadopath.tga,terrain_tornadopath.tga,256,256,65536,RGBA,True,0,0,65536,1,256.0
textures\terrain\terrain_tornadopath_gloss.tga,terrain_tornadopath_gloss.tga,256,256,65536,RGBA,True,0,0,65536,1,256.0
textures\terrain\terrain_tornadopath_nm.tga,terrain_tornadopath_nm.tga,256,256,65536,RGBA,True,0,0,65536,1,256.0
textures\terrain\terrain_tornadopath_spec.tga,terrain_tornadopath_spec.tga,256,256,65536,RGBA,True,0,0,65536,1,256.0
textures\terrain\testwaterbh.tga,testwaterbh.tga,256,256,65536,RGBA,True,0,0,65536,1,256.0
textures\terrain\testwaterbh_gloss.tga,testwaterbh_gloss.tga,256,256,65536,RGBA,True,0,0,65536,1,256.0
textures\terrain\testwaterbh_nm.tga,testwaterbh_nm.tga,256,256,65536,RGBA,True,0,0,65536,1,256.0
textures\terrain\testwaterbh_spec.tga,testwaterbh_spec.tga,256,256,65536,RGBA,True,0,0,65536,1,256.0
textures\terrain\tundragrassa.tga,tundragrassa.tga,256,256,65536,RGBA,True,0,0,65536,1,256.0
textures\terrain\tundragrassa_gloss.tga,tundragrassa_gloss.tga,256,256,65536,RGBA,True,0,0,65536,1,256.0
textures\terrain\tundragrassa_nm.tga,tundragrassa_nm.tga,256,256,65536,RGBA,True,0,0,65536,1,256.0
textures\terrain\tundragrassa_spec.tga,tundragrassa_spec.tga,256,256,65536,RGBA,True,0,0,65536,1,256.0
textures\terrain\tundragrassb.tga,tundragrassb.tga,256,256,65536,RGBA,True,0,0,65536,1,256.0
textures\terrain\tundragrassb_gloss.tga,tundragrassb_gloss.tga,256,256,65536,RGBA,True,0,0,65536,1,256.0
textures\terrain\tundragrassb_nm.tga,tundragrassb_nm.tga,256,256,65536,RGBA,True,0,0,65536,1,256.0
textures\terrain\tundragrassb_spec.tga,tundragrassb_spec.tga,256,256,65536,RGBA,True,0,0,65536,1,256.0
textures\terrain\tundraRoadA.tga,tundraRoadA.tga,256,256,65536,RGBA,True,0,0,65536,1,256.0
textures\terrain\tundrarocka.tga,tundrarocka.tga,256,256,65536,RGBA,True,0,0,65536,1,256.0
textures\terrain\tundrarocka_gloss.tga,tundrarocka_gloss.tga,256,256,65536,RGBA,True,0,0,65536,1,256.0
textures\terrain\tundrarocka_nm.tga,tundrarocka_nm.tga,256,256,65536,RGBA,True,0,0,65536,1,256.0
textures\terrain\tundrarocka_spec.tga,tundrarocka_spec.tga,256,256,65536,RGBA,True,0,0,65536,1,256.0
textures\terrain\tundrarockb.tga,tundrarockb.tga,256,256,65536,RGBA,True,0,0,65536,1,256.0
textures\terrain\tundrarockb_gloss.tga,tundrarockb_gloss.tga,256,256,65536,RGBA,True,0,0,65536,1,256.0
textures\terrain\tundrarockb_nm.tga,tundrarockb_nm.tga,256,256,65536,RGBA,True,0,0,65536,1,256.0
textures\terrain\tundrarockb_spec.tga,tundrarockb_spec.tga,256,256,65536,RGBA,True,0,0,65536,1,256.0
textures\terrain\underwatericea.tga,underwatericea.tga,256,256,65536,RGBA,True,0,0,65536,1,256.0
textures\terrain\underwatericea_gloss.tga,underwatericea_gloss.tga,256,256,65536,RGBA,True,0,0,65536,1,256.0
textures\terrain\underwatericea_nm.tga,underwatericea_nm.tga,256,256,65536,RGBA,True,0,0,65536,1,256.0
textures\terrain\underwatericea_spec.tga,underwatericea_spec.tga,256,256,65536,RGBA,True,0,0,65536,1,256.0
textures\terrain\underwatericeb.tga,underwatericeb.tga,256,256,65536,RGBA,True,0,0,65536,1,256.0
textures\terrain\underwatericeb_gloss.tga,underwatericeb_gloss.tga,256,256,65536,RGBA,True,65536,0,0,1,256.0
textures\terrain\underwatericeb_nm.tga,underwatericeb_nm.tga,256,256,65536,RGBA,True,0,0,65536,1,256.0
textures\terrain\underwatericeb_spec.tga,underwatericeb_spec.tga,256,256,65536,RGBA,True,0,0,65536,1,256.0
textures\terrain\underwatericec.tga,underwatericec.tga,256,256,65536,RGBA,True,0,0,65536,1,256.0
textures\terrain\underwatericec_gloss.tga,underwatericec_gloss.tga,256,256,65536,RGBA,True,65536,0,0,1,256.0
textures\terrain\underwatericec_nm.tga,underwatericec_nm.tga,256,256,65536,RGBA,True,0,0,65536,1,256.0
textures\terrain\underwatericec_spec.tga,underwatericec_spec.tga,256,256,65536,RGBA,True,65536,0,0,1,256.0
textures\terrain\underwaterrocka.tga,underwaterrocka.tga,256,256,65536,RGBA,True,0,0,65536,1,256.0
textures\terrain\underwaterrocka_gloss.tga,underwaterrocka_gloss.tga,256,256,65536,RGBA,True,0,0,65536,1,256.0
textures\terrain\underwaterrocka_nm.tga,underwaterrocka_nm.tga,256,256,65536,RGBA,True,0,0,65536,1,256.0
textures\terrain\underwaterrocka_spec.tga,underwaterrocka_spec.tga,256,256,65536,RGBA,True,65536,0,0,1,256.0
textures\terrain\underwaterrockb.tga,underwaterrockb.tga,256,256,65536,RGBA,True,0,0,65536,1,256.0
textures\terrain\underwaterrockb_gloss.tga,underwaterrockb_gloss.tga,256,256,65536,RGBA,True,0,0,65536,1,256.0
textures\terrain\underwaterrockb_nm.tga,underwaterrockb_nm.tga,256,256,65536,RGBA,True,0,0,65536,1,256.0
textures\terrain\underwaterrockb_spec.tga,underwaterrockb_spec.tga,256,256,65536,RGBA,True,0,0,65536,1,256.0
textures\terrain\underwaterrockc.tga,underwaterrockc.tga,256,256,65536,RGBA,True,0,0,65536,1,256.0
textures\terrain\underwaterrockc_gloss.tga,underwaterrockc_gloss.tga,256,256,65536,RGBA,True,0,0,65536,1,256.0
textures\terrain\underwaterrockc_nm.tga,underwaterrockc_nm.tga,256,256,65536,RGBA,True,0,0,65536,1,256.0
textures\terrain\underwaterrockc_spec.tga,underwaterrockc_spec.tga,256,256,65536,RGBA,True,0,0,65536,1,256.0
textures\terrain\underwaterrockd.tga,underwaterrockd.tga,256,256,65536,RGBA,True,0,0,65536,1,256.0
textures\terrain\underwaterrockd_gloss.tga,underwaterrockd_gloss.tga,256,256,65536,RGBA,True,0,0,65536,1,256.0
textures\terrain\underwaterrockd_nm.tga,underwaterrockd_nm.tga,256,256,65536,RGBA,True,0,0,65536,1,256.0
textures\terrain\underwaterrockd_spec.tga,underwaterrockd_spec.tga,256,256,65536,RGBA,True,0,0,65536,1,256.0
textures\terrain\underwaterrocke.tga,underwaterrocke.tga,256,256,65536,RGBA,True,0,0,65536,1,256.0
textures\terrain\underwaterrocke_gloss.tga,underwaterrocke_gloss.tga,256,256,65536,RGBA,True,0,0,65536,1,256.0
textures\terrain\underwaterrocke_nm.tga,underwaterrocke_nm.tga,256,256,65536,RGBA,True,0,0,65536,1,256.0
textures\terrain\underwaterrocke_spec.tga,underwaterrocke_spec.tga,256,256,65536,RGBA,True,0,0,65536,1,256.0
textures\terrain\underwaterrockf.tga,underwaterrockf.tga,256,256,65536,RGBA,True,0,0,65536,1,256.0
textures\terrain\underwaterrockf_gloss.tga,underwaterrockf_gloss.tga,256,256,65536,RGBA,True,0,0,65536,1,256.0
textures\terrain\underwaterrockf_nm.tga,underwaterrockf_nm.tga,256,256,65536,RGBA,True,0,0,65536,1,256.0
textures\terrain\underwaterrockf_spec.tga,underwaterrockf_spec.tga,256,256,65536,RGBA,True,0,0,65536,1,256.0
textures\terrain\waterbump.tga,waterbump.tga,256,256,65536,RGBA,True,65536,0,0,1,256.0
textures\terrain\waterbump0000.tga,waterbump0000.tga,256,256,65536,RGBA,True,65536,0,0,1,256.0
textures\terrain\waterfoam.tga,waterfoam.tga,256,256,65536,RGBA,True,65536,0,0,1,256.0
textures\ui\aegean sea 32.tga,aegean sea 32.tga,32,32,1024,RGBA,True,0,0,1024,1,4.0
textures\ui\aegean sea 64.tga,aegean sea 64.tga,64,64,4096,RGBA,True,0,0,4096,1,16.0
textures\ui\aegean.tga,aegean.tga,64,64,4096,RGBA,True,0,0,4096,1,16.0
textures\ui\AOM_badgesBG.tga,AOM_badgesBG.tga,368,430,158240,RGBA,True,158240,0,0,1,618.1
textures\ui\background chinese fade blue.tga,background chinese fade blue.tga,256,16,4096,RGBA,True,0,0,4096,1,16.0
textures\ui\background chinese fade red.tga,background chinese fade red.tga,256,16,4096,RGBA,True,0,0,4096,1,16.0
textures\ui\background chinese fade yellow.tga,background chinese fade yellow.tga,256,16,4096,RGBA,True,0,0,4096,1,16.0
textures\ui\background chinese opaque dark.tga,background chinese opaque dark.tga,32,32,1024,RGBA,True,0,0,1024,1,4.0
textures\ui\background chinese opaque.tga,background chinese opaque.tga,32,32,1024,RGBA,True,0,0,1024,1,4.0
textures\ui\background chinese transparent.tga,background chinese transparent.tga,32,32,1024,RGBA,True,0,1024,0,1,4.0
textures\ui\background egypt fade blue.tga,background egypt fade blue.tga,256,16,4096,RGBA,True,0,0,4096,1,16.0
textures\ui\background egypt fade red.tga,background egypt fade red.tga,256,16,4096,RGBA,True,0,0,4096,1,16.0
textures\ui\background egypt fade yellow.tga,background egypt fade yellow.tga,256,16,4096,RGBA,True,0,0,4096,1,16.0
textures\ui\background egypt opaque dark.tga,background egypt opaque dark.tga,32,32,1024,RGBA,True,0,0,1024,1,4.0
textures\ui\background egypt opaque.tga,background egypt opaque.tga,32,32,1024,RGBA,True,0,0,1024,1,4.0
textures\ui\background egypt transparent.tga,background egypt transparent.tga,32,32,1024,RGBA,True,0,1024,0,1,4.0
textures\ui\background fade blue.tga,background fade blue.tga,256,16,4096,RGBA,True,0,0,4096,1,16.0
textures\ui\background fade green.tga,background fade green.tga,256,16,4096,RGBA,True,0,0,4096,1,16.0
textures\ui\background fade red.tga,background fade red.tga,256,16,4096,RGBA,True,0,0,4096,1,16.0
textures\ui\background fade yellow.tga,background fade yellow.tga,256,16,4096,RGBA,True,0,0,4096,1,16.0
textures\ui\background greek fade blue.tga,background greek fade blue.tga,256,16,4096,RGBA,True,0,0,4096,1,16.0
textures\ui\background greek fade red.tga,background greek fade red.tga,256,16,4096,RGBA,True,0,0,4096,1,16.0
textures\ui\background greek fade yellow.tga,background greek fade yellow.tga,256,16,4096,RGBA,True,0,0,4096,1,16.0
textures\ui\background greek opaque dark.tga,background greek opaque dark.tga,32,32,1024,RGBA,True,0,0,1024,1,4.0
textures\ui\background greek opaque.tga,background greek opaque.tga,32,32,1024,RGBA,True,0,0,1024,1,4.0
textures\ui\background greek transparent.tga,background greek transparent.tga,32,32,1024,RGBA,True,0,1024,0,1,4.0
textures\ui\background norse fade blue.tga,background norse fade blue.tga,256,16,4096,RGBA,True,0,0,4096,1,16.0
textures\ui\background norse fade red.tga,background norse fade red.tga,256,16,4096,RGBA,True,0,0,4096,1,16.0
textures\ui\background norse fade yellow.tga,background norse fade yellow.tga,256,16,4096,RGBA,True,0,0,4096,1,16.0
textures\ui\background norse opaque dark.tga,background norse opaque dark.tga,32,32,1024,RGBA,True,0,0,1024,1,4.0
textures\ui\background norse opaque.tga,background norse opaque.tga,32,32,1024,RGBA,True,0,0,1024,1,4.0
textures\ui\background norse transparent.tga,background norse transparent.tga,32,32,1024,RGBA,True,0,1024,0,1,4.0
textures\ui\background red transparent.tga,background red transparent.tga,32,32,1024,RGBA,True,0,1024,0,1,4.0
textures\ui\badfps.tga,badfps.tga,16,16,256,RGBA,True,186,70,0,2,1.0
textures\ui\badgeBackground.tga,badgeBackground.tga,368,430,158240,RGBA,True,49189,23073,85978,256,618.1
textures\ui\badgeeventbronze.tga,badgeeventbronze.tga,70,70,4900,RGBA,True,1081,328,3491,173,19.2
textures\ui\badgeeventgold.tga,badgeeventgold.tga,69,70,4830,RGBA,True,1031,418,3381,202,18.9
textures\ui\badgeeventsilver.tga,badgeeventsilver.tga,73,72,5256,RGBA,True,1168,274,3814,178,20.5
textures\ui\badgeleaguebronze.tga,badgeleaguebronze.tga,66,67,4422,RGBA,True,898,240,3284,156,17.3
textures\ui\badgeleaguegold.tga,badgeleaguegold.tga,67,67,4489,RGBA,True,952,261,3276,158,17.6
textures\ui\badgeleaguesilver.tga,badgeleaguesilver.tga,71,73,5183,RGBA,True,1123,308,3752,169,20.3
textures\ui\badgeparticipationbronze.tga,badgeparticipationbronze.tga,70,69,4830,RGBA,True,1050,309,3471,180,18.9
textures\ui\badgeparticipationgold.tga,badgeparticipationgold.tga,67,67,4489,RGBA,True,1001,249,3239,157,17.6
textures\ui\badgeparticipationsilver.tga,badgeparticipationsilver.tga,66,66,4356,RGBA,True,930,302,3124,180,17.0
textures\ui\bamboo forest 64.tga,bamboo forest 64.tga,64,64,4096,RGBA,True,4096,0,0,1,16.0
textures\ui\bamboo marsh forest 64.tga,bamboo marsh forest 64.tga,64,64,4096,RGBA,True,4096,0,0,1,16.0
textures\ui\black2x2.tga,black2x2.tga,2,2,4,RGBA,True,0,0,4,1,0.0
textures\ui\blue transparency 30percent.tga,blue transparency 30percent.tga,64,64,4096,RGBA,True,0,4096,0,1,16.0
textures\ui\blue transparency 50percent.tga,blue transparency 50percent.tga,64,64,4096,RGBA,True,0,4096,0,2,16.0
textures\ui\blue transparency 70percent.tga,blue transparency 70percent.tga,64,64,4096,RGBA,True,0,4096,0,1,16.0
textures\ui\blue.tga,blue.tga,,,,,,,,,,0.0
textures\ui\boarder egypt bottom left corner.tga,boarder egypt bottom left corner.tga,8,8,64,RGBA,True,0,0,64,1,0.3
textures\ui\boarder egypt bottom middle.tga,boarder egypt bottom middle.tga,8,8,64,RGBA,True,0,0,64,1,0.3
textures\ui\boarder egypt bottom right corner.tga,boarder egypt bottom right corner.tga,8,8,64,RGBA,True,0,0,64,1,0.3
textures\ui\boarder egypt middle left.tga,boarder egypt middle left.tga,8,8,64,RGBA,True,0,0,64,1,0.3
textures\ui\boarder egypt middle right.tga,boarder egypt middle right.tga,8,8,64,RGBA,True,0,0,64,1,0.3
textures\ui\boarder egypt top left corner.tga,boarder egypt top left corner.tga,8,8,64,RGBA,True,0,0,64,1,0.3
textures\ui\boarder egypt top middle.tga,boarder egypt top middle.tga,8,8,64,RGBA,True,0,0,64,1,0.3
textures\ui\boarder egypt top right corner.tga,boarder egypt top right corner.tga,8,8,64,RGBA,True,0,0,64,1,0.3
textures\ui\boarder greek bottom left corner.tga,boarder greek bottom left corner.tga,8,8,64,RGBA,True,0,0,64,1,0.3
textures\ui\boarder greek bottom middle.tga,boarder greek bottom middle.tga,8,8,64,RGBA,True,0,0,64,1,0.3
textures\ui\boarder greek bottom right corner.tga,boarder greek bottom right corner.tga,8,8,64,RGBA,True,0,0,64,1,0.3
textures\ui\boarder greek middle left.tga,boarder greek middle left.tga,8,8,64,RGBA,True,0,0,64,1,0.3
textures\ui\boarder greek middle right.tga,boarder greek middle right.tga,8,8,64,RGBA,True,0,0,64,1,0.3
textures\ui\boarder greek top left corner.tga,boarder greek top left corner.tga,8,8,64,RGBA,True,0,0,64,1,0.3
textures\ui\boarder greek top middle.tga,boarder greek top middle.tga,8,8,64,RGBA,True,0,0,64,1,0.3
textures\ui\boarder greek top right corner.tga,boarder greek top right corner.tga,8,8,64,RGBA,True,0,0,64,1,0.3
textures\ui\boarder norse bottom left corner.tga,boarder norse bottom left corner.tga,8,8,64,RGBA,True,0,0,64,1,0.3
textures\ui\boarder norse bottom middle.tga,boarder norse bottom middle.tga,8,8,64,RGBA,True,0,0,64,1,0.3
textures\ui\boarder norse bottom right corner.tga,boarder norse bottom right corner.tga,8,8,64,RGBA,True,0,0,64,1,0.3
textures\ui\boarder norse middle left.tga,boarder norse middle left.tga,8,8,64,RGBA,True,0,0,64,1,0.3
textures\ui\boarder norse middle right.tga,boarder norse middle right.tga,8,8,64,RGBA,True,0,0,64,1,0.3
textures\ui\boarder norse top left corner.tga,boarder norse top left corner.tga,8,8,64,RGBA,True,0,0,64,1,0.3
textures\ui\boarder norse top middle.tga,boarder norse top middle.tga,8,8,64,RGBA,True,0,0,64,1,0.3
textures\ui\boarder norse top right corner.tga,boarder norse top right corner.tga,8,8,64,RGBA,True,0,0,64,1,0.3
textures\ui\bonusarea.tga,bonusarea.tga,128,128,16384,RGBA,True,0,0,16384,1,64.0
textures\ui\button close clicked.tga,button close clicked.tga,16,16,256,RGBA,True,0,0,256,1,1.0
textures\ui\button close rollover.tga,button close rollover.tga,16,16,256,RGBA,True,0,0,256,1,1.0
textures\ui\button close.tga,button close.tga,16,16,256,RGBA,True,0,0,256,1,1.0
textures\ui\button kick clicked.tga,button kick clicked.tga,16,16,256,RGBA,True,0,0,256,1,1.0
textures\ui\button kick rollover.tga,button kick rollover.tga,16,16,256,RGBA,True,0,0,256,1,1.0
textures\ui\button kick.tga,button kick.tga,16,16,256,RGBA,True,0,0,256,1,1.0
textures\ui\button main.tga,button main.tga,256,32,8192,RGBA,True,2810,0,5382,2,32.0
textures\ui\button main_clicked.tga,button main_clicked.tga,256,32,8192,RGBA,True,2810,0,5382,2,32.0
textures\ui\button main_rollover.tga,button main_rollover.tga,256,32,8192,RGBA,True,2810,0,5382,2,32.0
textures\ui\buysellbackground.tga,buysellbackground.tga,256,32,8192,RGBA,True,2592,5600,0,12,32.0
textures\ui\campmap_atlantis1.tga,campmap_atlantis1.tga,256,256,65536,RGBA,True,0,0,65536,1,256.0
textures\ui\campmap_atlantis10.tga,campmap_atlantis10.tga,256,256,65536,RGBA,True,0,0,65536,1,256.0
textures\ui\campmap_atlantis11.tga,campmap_atlantis11.tga,256,256,65536,RGBA,True,0,0,65536,1,256.0
textures\ui\campmap_atlantis12.tga,campmap_atlantis12.tga,256,256,65536,RGBA,True,0,0,65536,1,256.0
textures\ui\campmap_atlantis2.tga,campmap_atlantis2.tga,256,256,65536,RGBA,True,0,0,65536,1,256.0
textures\ui\campmap_atlantis3.tga,campmap_atlantis3.tga,256,256,65536,RGBA,True,0,0,65536,1,256.0
textures\ui\campmap_atlantis4.tga,campmap_atlantis4.tga,256,256,65536,RGBA,True,0,0,65536,1,256.0
textures\ui\campmap_atlantis5.tga,campmap_atlantis5.tga,256,256,65536,RGBA,True,0,0,65536,1,256.0
textures\ui\campmap_atlantis6.tga,campmap_atlantis6.tga,256,256,65536,RGBA,True,0,0,65536,1,256.0
textures\ui\campmap_atlantis7.tga,campmap_atlantis7.tga,256,256,65536,RGBA,True,0,0,65536,1,256.0
textures\ui\campmap_atlantis8.tga,campmap_atlantis8.tga,256,256,65536,RGBA,True,0,0,65536,1,256.0
textures\ui\campmap_atlantis9.tga,campmap_atlantis9.tga,256,256,65536,RGBA,True,0,0,65536,1,256.0
textures\ui\campmap_b_atlantis6.tga,campmap_b_atlantis6.tga,256,256,65536,RGBA,True,0,0,65536,1,256.0
textures\ui\campmap_b_atlantis7.tga,campmap_b_atlantis7.tga,256,256,65536,RGBA,True,0,0,65536,1,256.0
textures\ui\campmap_b_egypt7.tga,campmap_b_egypt7.tga,256,256,65536,RGBA,True,0,0,65536,1,256.0
textures\ui\campmap_b_greece7.tga,campmap_b_greece7.tga,256,256,65536,RGBA,True,0,0,65536,1,256.0
textures\ui\campmap_b_greece8.tga,campmap_b_greece8.tga,256,256,65536,RGBA,True,0,0,65536,1,256.0
textures\ui\campmap_b_new_atlantis6.tga,campmap_b_new_atlantis6.tga,256,256,65536,RGBA,True,0,0,65536,1,256.0
textures\ui\campmap_b_new_atlantis7.tga,campmap_b_new_atlantis7.tga,256,256,65536,RGBA,True,0,0,65536,1,256.0
textures\ui\campmap_b_norselands3.tga,campmap_b_norselands3.tga,256,256,65536,RGBA,True,0,0,65536,1,256.0
textures\ui\campmap_b_norselands4.tga,campmap_b_norselands4.tga,256,256,65536,RGBA,True,0,0,65536,1,256.0
textures\ui\campmap_china1.tga,campmap_china1.tga,256,256,65536,RGBA,True,0,0,65536,1,256.0
textures\ui\campmap_china10.tga,campmap_china10.tga,256,256,65536,RGBA,True,0,0,65536,1,256.0
textures\ui\campmap_china11.tga,campmap_china11.tga,256,256,65536,RGBA,True,0,0,65536,1,256.0
textures\ui\campmap_china12.tga,campmap_china12.tga,256,256,65536,RGBA,True,0,0,65536,1,256.0
textures\ui\campmap_china2.tga,campmap_china2.tga,256,256,65536,RGBA,True,0,0,65536,1,256.0
textures\ui\campmap_china3.tga,campmap_china3.tga,256,256,65536,RGBA,True,0,0,65536,1,256.0
textures\ui\campmap_china4.tga,campmap_china4.tga,256,256,65536,RGBA,True,0,0,65536,1,256.0
textures\ui\campmap_china5.tga,campmap_china5.tga,256,256,65536,RGBA,True,0,0,65536,1,256.0
textures\ui\campmap_china6.tga,campmap_china6.tga,256,256,65536,RGBA,True,0,0,65536,1,256.0
textures\ui\campmap_china7.tga,campmap_china7.tga,256,256,65536,RGBA,True,0,0,65536,1,256.0
textures\ui\campmap_china8.tga,campmap_china8.tga,256,256,65536,RGBA,True,0,0,65536,1,256.0
textures\ui\campmap_china9.tga,campmap_china9.tga,256,256,65536,RGBA,True,0,0,65536,1,256.0
textures\ui\campmap_c_atlantis6.tga,campmap_c_atlantis6.tga,256,256,65536,RGBA,True,0,0,65536,1,256.0
textures\ui\campmap_c_atlantis7.tga,campmap_c_atlantis7.tga,256,256,65536,RGBA,True,0,0,65536,1,256.0
textures\ui\campmap_c_egypt7.tga,campmap_c_egypt7.tga,256,256,65536,RGBA,True,0,0,65536,1,256.0
textures\ui\campmap_c_greece7.tga,campmap_c_greece7.tga,256,256,65536,RGBA,True,0,0,65536,1,256.0
textures\ui\campmap_c_greece8.tga,campmap_c_greece8.tga,256,256,65536,RGBA,True,0,0,65536,1,256.0
textures\ui\campmap_c_new_atlantis6.tga,campmap_c_new_atlantis6.tga,256,256,65536,RGBA,True,0,0,65536,1,256.0
textures\ui\campmap_c_new_atlantis7.tga,campmap_c_new_atlantis7.tga,256,256,65536,RGBA,True,0,0,65536,1,256.0
textures\ui\campmap_c_norselands3.tga,campmap_c_norselands3.tga,256,256,65536,RGBA,True,0,0,65536,1,256.0
textures\ui\campmap_c_norselands4.tga,campmap_c_norselands4.tga,256,256,65536,RGBA,True,0,0,65536,1,256.0
textures\ui\campmap_egypt1.tga,campmap_egypt1.tga,256,256,65536,RGBA,True,0,0,65536,1,256.0
textures\ui\campmap_egypt10.tga,campmap_egypt10.tga,256,256,65536,RGBA,True,0,0,65536,1,256.0
textures\ui\campmap_egypt11.tga,campmap_egypt11.tga,256,256,65536,RGBA,True,0,0,65536,1,256.0
textures\ui\campmap_egypt12.tga,campmap_egypt12.tga,256,256,65536,RGBA,True,0,0,65536,1,256.0
textures\ui\campmap_egypt2.tga,campmap_egypt2.tga,256,256,65536,RGBA,True,0,0,65536,1,256.0
textures\ui\campmap_egypt3.tga,campmap_egypt3.tga,256,256,65536,RGBA,True,0,0,65536,1,256.0
textures\ui\campmap_egypt4.tga,campmap_egypt4.tga,256,256,65536,RGBA,True,0,0,65536,1,256.0
textures\ui\campmap_egypt5.tga,campmap_egypt5.tga,256,256,65536,RGBA,True,0,0,65536,1,256.0
textures\ui\campmap_egypt6.tga,campmap_egypt6.tga,256,256,65536,RGBA,True,0,0,65536,1,256.0
textures\ui\campmap_egypt7.tga,campmap_egypt7.tga,256,256,65536,RGBA,True,0,0,65536,1,256.0
textures\ui\campmap_egypt8.tga,campmap_egypt8.tga,256,256,65536,RGBA,True,0,0,65536,1,256.0
textures\ui\campmap_egypt9.tga,campmap_egypt9.tga,256,256,65536,RGBA,True,0,0,65536,1,256.0
textures\ui\campmap_f_atlantis6.tga,campmap_f_atlantis6.tga,256,256,65536,RGBA,True,0,0,65536,1,256.0
textures\ui\campmap_f_atlantis7.tga,campmap_f_atlantis7.tga,256,256,65536,RGBA,True,0,0,65536,1,256.0
textures\ui\campmap_f_egypt7.tga,campmap_f_egypt7.tga,256,256,65536,RGBA,True,0,0,65536,1,256.0
textures\ui\campmap_f_greece7.tga,campmap_f_greece7.tga,256,256,65536,RGBA,True,0,0,65536,1,256.0
textures\ui\campmap_f_greece8.tga,campmap_f_greece8.tga,256,256,65536,RGBA,True,0,0,65536,1,256.0
textures\ui\campmap_f_new_atlantis6.tga,campmap_f_new_atlantis6.tga,256,256,65536,RGBA,True,0,0,65536,1,256.0
textures\ui\campmap_f_new_atlantis7.tga,campmap_f_new_atlantis7.tga,256,256,65536,RGBA,True,0,0,65536,1,256.0
textures\ui\campmap_f_norselands3.tga,campmap_f_norselands3.tga,256,256,65536,RGBA,True,0,0,65536,1,256.0
textures\ui\campmap_f_norselands4.tga,campmap_f_norselands4.tga,256,256,65536,RGBA,True,0,0,65536,1,256.0
textures\ui\campmap_greece1.tga,campmap_greece1.tga,256,256,65536,RGBA,True,0,0,65536,1,256.0
textures\ui\campmap_greece10.tga,campmap_greece10.tga,256,256,65536,RGBA,True,0,0,65536,1,256.0
textures\ui\campmap_greece11.tga,campmap_greece11.tga,256,256,65536,RGBA,True,0,0,65536,1,256.0
textures\ui\campmap_greece12.tga,campmap_greece12.tga,256,256,65536,RGBA,True,0,0,65536,1,256.0
textures\ui\campmap_greece2.tga,campmap_greece2.tga,256,256,65536,RGBA,True,0,0,65536,1,256.0
textures\ui\campmap_greece3.tga,campmap_greece3.tga,256,256,65536,RGBA,True,0,0,65536,1,256.0
textures\ui\campmap_greece4.tga,campmap_greece4.tga,256,256,65536,RGBA,True,0,0,65536,1,256.0
textures\ui\campmap_greece5.tga,campmap_greece5.tga,256,256,65536,RGBA,True,0,0,65536,1,256.0
textures\ui\campmap_greece6.tga,campmap_greece6.tga,256,256,65536,RGBA,True,0,0,65536,1,256.0
textures\ui\campmap_greece7.tga,campmap_greece7.tga,256,256,65536,RGBA,True,0,0,65536,1,256.0
textures\ui\campmap_greece8.tga,campmap_greece8.tga,256,256,65536,RGBA,True,0,0,65536,1,256.0
textures\ui\campmap_greece9.tga,campmap_greece9.tga,256,256,65536,RGBA,True,0,0,65536,1,256.0
textures\ui\campmap_g_atlantis6.tga,campmap_g_atlantis6.tga,256,256,65536,RGBA,True,0,0,65536,1,256.0
textures\ui\campmap_g_atlantis7.tga,campmap_g_atlantis7.tga,256,256,65536,RGBA,True,0,0,65536,1,256.0
textures\ui\campmap_g_egypt7.tga,campmap_g_egypt7.tga,256,256,65536,RGBA,True,0,0,65536,1,256.0
textures\ui\campmap_g_greece7.tga,campmap_g_greece7.tga,256,256,65536,RGBA,True,0,0,65536,1,256.0
textures\ui\campmap_g_greece8.tga,campmap_g_greece8.tga,256,256,65536,RGBA,True,0,0,65536,1,256.0
textures\ui\campmap_g_new_atlantis6.tga,campmap_g_new_atlantis6.tga,256,256,65536,RGBA,True,0,0,65536,1,256.0
textures\ui\campmap_g_new_atlantis7.tga,campmap_g_new_atlantis7.tga,256,256,65536,RGBA,True,0,0,65536,1,256.0
textures\ui\campmap_g_norselands3.tga,campmap_g_norselands3.tga,256,256,65536,RGBA,True,0,0,65536,1,256.0
textures\ui\campmap_g_norselands4.tga,campmap_g_norselands4.tga,256,256,65536,RGBA,True,0,0,65536,1,256.0
textures\ui\campmap_i_atlantis6.tga,campmap_i_atlantis6.tga,256,256,65536,RGBA,True,0,0,65536,1,256.0
textures\ui\campmap_i_atlantis7.tga,campmap_i_atlantis7.tga,256,256,65536,RGBA,True,0,0,65536,1,256.0
textures\ui\campmap_i_egypt7.tga,campmap_i_egypt7.tga,256,256,65536,RGBA,True,0,0,65536,1,256.0
textures\ui\campmap_i_greece7.tga,campmap_i_greece7.tga,256,256,65536,RGBA,True,0,0,65536,1,256.0
textures\ui\campmap_i_greece8.tga,campmap_i_greece8.tga,256,256,65536,RGBA,True,0,0,65536,1,256.0
textures\ui\campmap_i_new_atlantis6.tga,campmap_i_new_atlantis6.tga,256,256,65536,RGBA,True,0,0,65536,1,256.0
textures\ui\campmap_i_new_atlantis7.tga,campmap_i_new_atlantis7.tga,256,256,65536,RGBA,True,0,0,65536,1,256.0
textures\ui\campmap_i_norselands3.tga,campmap_i_norselands3.tga,256,256,65536,RGBA,True,0,0,65536,1,256.0
textures\ui\campmap_i_norselands4.tga,campmap_i_norselands4.tga,256,256,65536,RGBA,True,0,0,65536,1,256.0
textures\ui\campmap_k_atlantis6.tga,campmap_k_atlantis6.tga,256,256,65536,RGBA,True,0,0,65536,1,256.0
textures\ui\campmap_k_atlantis7.tga,campmap_k_atlantis7.tga,256,256,65536,RGBA,True,0,0,65536,1,256.0
textures\ui\campmap_k_egypt7.tga,campmap_k_egypt7.tga,256,256,65536,RGBA,True,0,0,65536,1,256.0
textures\ui\campmap_k_greece7.tga,campmap_k_greece7.tga,256,256,65536,RGBA,True,0,0,65536,1,256.0
textures\ui\campmap_k_greece8.tga,campmap_k_greece8.tga,256,256,65536,RGBA,True,0,0,65536,1,256.0
textures\ui\campmap_k_new_atlantis6.tga,campmap_k_new_atlantis6.tga,256,256,65536,RGBA,True,0,0,65536,1,256.0
textures\ui\campmap_k_new_atlantis7.tga,campmap_k_new_atlantis7.tga,256,256,65536,RGBA,True,0,0,65536,1,256.0
textures\ui\campmap_k_norselands3.tga,campmap_k_norselands3.tga,256,256,65536,RGBA,True,0,0,65536,1,256.0
textures\ui\campmap_k_norselands4.tga,campmap_k_norselands4.tga,256,256,65536,RGBA,True,0,0,65536,1,256.0
textures\ui\campmap_new_atlantis1.tga,campmap_new_atlantis1.tga,256,256,65536,RGBA,True,0,0,65536,1,256.0
textures\ui\campmap_new_atlantis10.tga,campmap_new_atlantis10.tga,256,256,65536,RGBA,True,0,0,65536,1,256.0
textures\ui\campmap_new_atlantis11.tga,campmap_new_atlantis11.tga,256,256,65536,RGBA,True,0,0,65536,1,256.0
textures\ui\campmap_new_atlantis12.tga,campmap_new_atlantis12.tga,256,256,65536,RGBA,True,0,0,65536,1,256.0
textures\ui\campmap_new_atlantis2.tga,campmap_new_atlantis2.tga,256,256,65536,RGBA,True,0,0,65536,1,256.0
textures\ui\campmap_new_atlantis3.tga,campmap_new_atlantis3.tga,256,256,65536,RGBA,True,0,0,65536,1,256.0
textures\ui\campmap_new_atlantis4.tga,campmap_new_atlantis4.tga,256,256,65536,RGBA,True,0,0,65536,1,256.0
textures\ui\campmap_new_atlantis5.tga,campmap_new_atlantis5.tga,256,256,65536,RGBA,True,0,0,65536,1,256.0
textures\ui\campmap_new_atlantis6.tga,campmap_new_atlantis6.tga,256,256,65536,RGBA,True,0,0,65536,1,256.0
textures\ui\campmap_new_atlantis7.tga,campmap_new_atlantis7.tga,256,256,65536,RGBA,True,0,0,65536,1,256.0
textures\ui\campmap_new_atlantis8.tga,campmap_new_atlantis8.tga,256,256,65536,RGBA,True,0,0,65536,1,256.0
textures\ui\campmap_new_atlantis9.tga,campmap_new_atlantis9.tga,256,256,65536,RGBA,True,0,0,65536,1,256.0
textures\ui\campmap_norselands1.tga,campmap_norselands1.tga,256,256,65536,RGBA,True,0,0,65536,1,256.0
textures\ui\campmap_norselands10.tga,campmap_norselands10.tga,256,256,65536,RGBA,True,0,0,65536,1,256.0
textures\ui\campmap_norselands11.tga,campmap_norselands11.tga,256,256,65536,RGBA,True,0,0,65536,1,256.0
textures\ui\campmap_norselands12.tga,campmap_norselands12.tga,256,256,65536,RGBA,True,0,0,65536,1,256.0
textures\ui\campmap_norselands2.tga,campmap_norselands2.tga,256,256,65536,RGBA,True,0,0,65536,1,256.0
textures\ui\campmap_norselands3.tga,campmap_norselands3.tga,256,256,65536,RGBA,True,0,0,65536,1,256.0
textures\ui\campmap_norselands4.tga,campmap_norselands4.tga,256,256,65536,RGBA,True,0,0,65536,1,256.0
textures\ui\campmap_norselands5.tga,campmap_norselands5.tga,256,256,65536,RGBA,True,0,0,65536,1,256.0
textures\ui\campmap_norselands6.tga,campmap_norselands6.tga,256,256,65536,RGBA,True,0,0,65536,1,256.0
textures\ui\campmap_norselands7.tga,campmap_norselands7.tga,256,256,65536,RGBA,True,0,0,65536,1,256.0
textures\ui\campmap_norselands8.tga,campmap_norselands8.tga,256,256,65536,RGBA,True,0,0,65536,1,256.0
textures\ui\campmap_norselands9.tga,campmap_norselands9.tga,256,256,65536,RGBA,True,0,0,65536,1,256.0
textures\ui\campmap_s_atlantis6.tga,campmap_s_atlantis6.tga,256,256,65536,RGBA,True,0,0,65536,1,256.0
textures\ui\campmap_s_atlantis7.tga,campmap_s_atlantis7.tga,256,256,65536,RGBA,True,0,0,65536,1,256.0
textures\ui\campmap_s_egypt7.tga,campmap_s_egypt7.tga,256,256,65536,RGBA,True,0,0,65536,1,256.0
textures\ui\campmap_s_greece7.tga,campmap_s_greece7.tga,256,256,65536,RGBA,True,0,0,65536,1,256.0
textures\ui\campmap_s_greece8.tga,campmap_s_greece8.tga,256,256,65536,RGBA,True,0,0,65536,1,256.0
textures\ui\campmap_s_new_atlantis6.tga,campmap_s_new_atlantis6.tga,256,256,65536,RGBA,True,0,0,65536,1,256.0
textures\ui\campmap_s_new_atlantis7.tga,campmap_s_new_atlantis7.tga,256,256,65536,RGBA,True,0,0,65536,1,256.0
textures\ui\campmap_s_norselands3.tga,campmap_s_norselands3.tga,256,256,65536,RGBA,True,0,0,65536,1,256.0
textures\ui\campmap_s_norselands4.tga,campmap_s_norselands4.tga,256,256,65536,RGBA,True,0,0,65536,1,256.0
textures\ui\chargebar empty.tga,chargebar empty.tga,64,8,512,RGBA,True,0,0,512,1,2.0
textures\ui\chargebar health.tga,chargebar health.tga,64,8,512,RGBA,True,0,0,512,1,2.0
textures\ui\chargebar power.tga,chargebar power.tga,64,8,512,RGBA,True,0,0,512,1,2.0
textures\ui\chat icon.tga,chat icon.tga,32,16,512,RGBA,True,4,508,0,2,2.0
textures\ui\diamond-alpha.tga,diamond-alpha.tga,16,16,256,RGBA,True,0,0,256,1,1.0
textures\ui\diamond.tga,diamond.tga,16,16,256,RGBA,True,0,0,256,1,1.0
textures\ui\divider 128x32.tga,divider 128x32.tga,128,32,4096,RGBA,True,3469,627,0,16,16.0
textures\ui\ecliff32.tga,ecliff32.tga,32,32,1024,RGBA,True,0,0,1024,1,4.0
textures\ui\ecliff64.tga,ecliff64.tga,64,64,4096,RGBA,True,0,0,4096,1,16.0
textures\ui\eforest32.tga,eforest32.tga,32,32,1024,RGBA,True,0,0,1024,1,4.0
textures\ui\eforest64.tga,eforest64.tga,64,64,4096,RGBA,True,0,0,4096,1,16.0
textures\ui\ensemble logo.tga,ensemble logo.tga,256,64,16384,RGBA,True,0,16384,0,9,64.0
textures\ui\eriver32.tga,eriver32.tga,32,32,1024,RGBA,True,0,0,1024,1,4.0
textures\ui\eriver64.tga,eriver64.tga,64,64,4096,RGBA,True,0,0,4096,1,16.0
textures\ui\es online logo bright.tga,es online logo bright.tga,256,32,8192,RGBA,True,5754,2438,0,16,32.0
textures\ui\es online logo long.tga,es online logo long.tga,256,32,8192,RGBA,True,5500,2692,0,16,32.0
textures\ui\es online logo tall.tga,es online logo tall.tga,256,128,32768,RGBA,True,28037,4731,0,16,128.0
textures\ui\eshallow32.tga,eshallow32.tga,32,32,1024,RGBA,True,0,0,1024,1,4.0
textures\ui\eshallow64.tga,eshallow64.tga,64,64,4096,RGBA,True,0,0,4096,1,16.0
textures\ui\folder icon rollover.tga,folder icon rollover.tga,32,32,1024,RGBA,True,0,0,1024,1,4.0
textures\ui\folder icon.tga,folder icon.tga,32,32,1024,RGBA,True,0,0,1024,1,4.0
textures\ui\folder up arrow icon rollover.tga,folder up arrow icon rollover.tga,32,32,1024,RGBA,True,0,0,1024,1,4.0
textures\ui\folder up arrow icon.tga,folder up arrow icon.tga,32,32,1024,RGBA,True,0,0,1024,1,4.0
textures\ui\g-d-a-arrow-alpha.tga,g-d-a-arrow-alpha.tga,16,16,256,RGBA,True,0,0,256,1,1.0
textures\ui\g-d-b-arrow-alpha.tga,g-d-b-arrow-alpha.tga,16,16,256,RGBA,True,0,0,256,1,1.0
textures\ui\g-d-c-arrow-alpha.tga,g-d-c-arrow-alpha.tga,16,16,256,RGBA,True,0,0,256,1,1.0
textures\ui\g-l-a-arrow-alpha.tga,g-l-a-arrow-alpha.tga,16,16,256,RGBA,True,0,0,256,1,1.0
textures\ui\g-l-b-arrow-alpha.tga,g-l-b-arrow-alpha.tga,16,16,256,RGBA,True,0,0,256,1,1.0
textures\ui\g-l-c-arrow-alpha.tga,g-l-c-arrow-alpha.tga,16,16,256,RGBA,True,0,0,256,1,1.0
textures\ui\g-r-a-arrow-alpha.tga,g-r-a-arrow-alpha.tga,16,16,256,RGBA,True,0,0,256,1,1.0
textures\ui\g-r-b-arrow-alpha.tga,g-r-b-arrow-alpha.tga,16,16,256,RGBA,True,0,0,256,1,1.0
textures\ui\g-r-c-arrow-alpha.tga,g-r-c-arrow-alpha.tga,16,16,256,RGBA,True,0,0,256,1,1.0
textures\ui\g-u-a-arrow-alpha.tga,g-u-a-arrow-alpha.tga,16,16,256,RGBA,True,0,0,256,1,1.0
textures\ui\g-u-b-arrow-alpha.tga,g-u-b-arrow-alpha.tga,16,16,256,RGBA,True,0,0,256,1,1.0
textures\ui\g-u-c-arrow-alpha.tga,g-u-c-arrow-alpha.tga,16,16,256,RGBA,True,0,0,256,1,1.0
textures\ui\gathericon.tga,gathericon.tga,8,8,64,RGBA,True,44,0,20,2,0.3
textures\ui\gcliff32.tga,gcliff32.tga,32,32,1024,RGBA,True,0,0,1024,1,4.0
textures\ui\gcliff64.tga,gcliff64.tga,64,64,4096,RGBA,True,0,0,4096,1,16.0
textures\ui\gforest32.tga,gforest32.tga,32,32,1024,RGBA,True,0,0,1024,1,4.0
textures\ui\gforest64.tga,gforest64.tga,64,64,4096,RGBA,True,0,0,4096,1,16.0
textures\ui\god minor icon egypt anubis.tga,god minor icon egypt anubis.tga,64,64,4096,RGBA,True,0,0,4096,1,16.0
textures\ui\god minor icon egypt bast.tga,god minor icon egypt bast.tga,64,64,4096,RGBA,True,0,0,4096,1,16.0
textures\ui\god minor icon egypt hathor.tga,god minor icon egypt hathor.tga,64,64,4096,RGBA,True,0,0,4096,1,16.0
textures\ui\god minor icon egypt horus.tga,god minor icon egypt horus.tga,64,64,4096,RGBA,True,0,0,4096,1,16.0
textures\ui\god minor icon egypt nephthys.tga,god minor icon egypt nephthys.tga,64,64,4096,RGBA,True,0,0,4096,1,16.0
textures\ui\god minor icon egypt osiris.tga,god minor icon egypt osiris.tga,64,64,4096,RGBA,True,0,0,4096,1,16.0
textures\ui\god minor icon egypt ptah.tga,god minor icon egypt ptah.tga,64,64,4096,RGBA,True,0,0,4096,1,16.0
textures\ui\god minor icon egypt sekhmet.tga,god minor icon egypt sekhmet.tga,64,64,4096,RGBA,True,0,0,4096,1,16.0
textures\ui\god minor icon egypt thoth.tga,god minor icon egypt thoth.tga,64,64,4096,RGBA,True,0,0,4096,1,16.0
textures\ui\god minor icon greek aphrodite.tga,god minor icon greek aphrodite.tga,64,64,4096,RGBA,True,0,0,4096,1,16.0
textures\ui\god minor icon greek apollo.tga,god minor icon greek apollo.tga,64,64,4096,RGBA,True,0,0,4096,1,16.0
textures\ui\god minor icon greek ares.tga,god minor icon greek ares.tga,64,64,4096,RGBA,True,0,0,4096,1,16.0
textures\ui\god minor icon greek artemis.tga,god minor icon greek artemis.tga,64,64,4096,RGBA,True,0,0,4096,1,16.0
textures\ui\god minor icon greek athena.tga,god minor icon greek athena.tga,64,64,4096,RGBA,True,0,0,4096,1,16.0
textures\ui\god minor icon greek dionysus.tga,god minor icon greek dionysus.tga,64,64,4096,RGBA,True,0,0,4096,1,16.0
textures\ui\god minor icon greek hephaestus.tga,god minor icon greek hephaestus.tga,64,64,4096,RGBA,True,0,0,4096,1,16.0
textures\ui\god minor icon greek hera.tga,god minor icon greek hera.tga,64,64,4096,RGBA,True,0,0,4096,1,16.0
textures\ui\god minor icon greek hermes.tga,god minor icon greek hermes.tga,64,64,4096,RGBA,True,0,0,4096,1,16.0
textures\ui\god minor icon norse baldr.tga,god minor icon norse baldr.tga,64,64,4096,RGBA,True,0,0,4096,1,16.0
textures\ui\god minor icon norse bragi.tga,god minor icon norse bragi.tga,64,64,4096,RGBA,True,0,0,4096,1,16.0
textures\ui\god minor icon norse forseti.tga,god minor icon norse forseti.tga,64,64,4096,RGBA,True,0,0,4096,1,16.0
textures\ui\god minor icon norse freyja.tga,god minor icon norse freyja.tga,64,64,4096,RGBA,True,0,0,4096,1,16.0
textures\ui\god minor icon norse heimdall.tga,god minor icon norse heimdall.tga,64,64,4096,RGBA,True,0,0,4096,1,16.0
textures\ui\god minor icon norse hel.tga,god minor icon norse hel.tga,64,64,4096,RGBA,True,0,0,4096,1,16.0
textures\ui\god minor icon norse njord.tga,god minor icon norse njord.tga,64,64,4096,RGBA,True,0,0,4096,1,16.0
textures\ui\god minor icon norse skadi.tga,god minor icon norse skadi.tga,64,64,4096,RGBA,True,0,0,4096,1,16.0
textures\ui\god minor icon norse tyr.tga,god minor icon norse tyr.tga,64,64,4096,RGBA,True,0,0,4096,1,16.0
textures\ui\god minor portrait egypt sekhmet.tga,god minor portrait egypt sekhmet.tga,256,256,65536,RGBA,True,0,0,65536,1,256.0
textures\ui\god minor portrait greek aphrodite.tga,god minor portrait greek aphrodite.tga,256,256,65536,RGBA,True,0,0,65536,1,256.0
textures\ui\god minor portrait norse heimdall.tga,god minor portrait norse heimdall.tga,256,256,65536,RGBA,True,0,0,65536,1,256.0
textures\ui\god minor portrait norse njord.tga,god minor portrait norse njord.tga,256,256,65536,RGBA,True,0,0,65536,1,256.0
textures\ui\godselect e bottom.tga,godselect e bottom.tga,16,16,256,RGBA,True,0,0,256,1,1.0
textures\ui\godselect e bottomleft.tga,godselect e bottomleft.tga,32,32,1024,RGBA,True,0,0,1024,1,4.0
textures\ui\godselect e bottomright.tga,godselect e bottomright.tga,32,32,1024,RGBA,True,0,0,1024,1,4.0
textures\ui\godselect e left.tga,godselect e left.tga,16,16,256,RGBA,True,0,0,256,1,1.0
textures\ui\godselect e right.tga,godselect e right.tga,16,16,256,RGBA,True,0,0,256,1,1.0
textures\ui\godselect e top.tga,godselect e top.tga,16,16,256,RGBA,True,0,0,256,1,1.0
textures\ui\godselect e topleft.tga,godselect e topleft.tga,32,32,1024,RGBA,True,0,0,1024,1,4.0
textures\ui\godselect e topright.tga,godselect e topright.tga,32,32,1024,RGBA,True,0,0,1024,1,4.0
textures\ui\graphline.tga,graphline.tga,16,16,256,RGBA,True,160,96,0,2,1.0
textures\ui\graphlinefiller.tga,graphlinefiller.tga,16,16,256,RGBA,True,232,24,0,2,1.0
textures\ui\graphresign.tga,graphresign.tga,16,16,256,RGBA,True,199,57,0,2,1.0
textures\ui\green.tga,green.tga,,,,,,,,,,0.0
textures\ui\greendot.tga,greendot.tga,16,16,256,RGBA,True,40,216,0,3,1.0
textures\ui\griver32.tga,griver32.tga,32,32,1024,RGBA,True,0,0,1024,1,4.0
textures\ui\griver64.tga,griver64.tga,64,64,4096,RGBA,True,0,0,4096,1,16.0
textures\ui\hades forest 32.tga,hades forest 32.tga,32,32,1024,RGBA,True,0,0,1024,1,4.0
textures\ui\hades forest 64.tga,hades forest 64.tga,64,64,4096,RGBA,True,0,0,4096,1,16.0
textures\ui\help button clicked.tga,help button clicked.tga,64,32,2048,RGBA,True,0,0,2048,1,8.0
textures\ui\help button rollover.tga,help button rollover.tga,64,32,2048,RGBA,True,0,0,2048,1,8.0
textures\ui\help button.tga,help button.tga,64,32,2048,RGBA,True,0,0,2048,1,8.0
textures\ui\jungle forest 64.tga,jungle forest 64.tga,64,64,4096,RGBA,True,4096,0,0,1,16.0
textures\ui\kick button.tga,kick button.tga,16,16,256,RGBA,True,0,0,256,1,1.0
textures\ui\kickbutton.tga,kickbutton.tga,16,16,256,RGBA,True,0,0,256,1,1.0
textures\ui\l-a-arrow.tga,l-a-arrow.tga,16,16,256,RGBA,True,0,0,256,1,1.0
textures\ui\l-b-arrow.tga,l-b-arrow.tga,16,16,256,RGBA,True,0,0,256,1,1.0
textures\ui\l-big-arrow-alpha.tga,l-big-arrow-alpha.tga,16,16,256,RGBA,True,0,0,256,1,1.0
textures\ui\l-big-arrow.tga,l-big-arrow.tga,16,16,256,RGBA,True,0,0,256,1,1.0
textures\ui\l-c-arrow.tga,l-c-arrow.tga,16,16,256,RGBA,True,0,0,256,1,1.0
textures\ui\latency green.tga,latency green.tga,8,32,256,RGBA,True,0,0,256,1,1.0
textures\ui\latency red.tga,latency red.tga,8,32,256,RGBA,True,0,0,256,1,1.0
textures\ui\latency yellow.tga,latency yellow.tga,8,32,256,RGBA,True,0,0,256,1,1.0
textures\ui\legend.tga,legend.tga,256,256,65536,RGBA,True,0,0,65536,1,256.0
textures\ui\lightblue.tga,lightblue.tga,,,,,,,,,,0.0
textures\ui\lightgreen.tga,lightgreen.tga,,,,,,,,,,0.0
textures\ui\lightred.tga,lightred.tga,,,,,,,,,,0.0
textures\ui\logo-splash-forgotten-empires.tga,logo-splash-forgotten-empires.tga,1920,1080,2073600,RGBA,True,2073600,0,0,1,8100.0
textures\ui\logo-splash-microsoft.tga,logo-splash-microsoft.tga,1280,720,921600,RGBA,True,0,0,921600,1,3600.0
textures\ui\logo-splash-skybox.tga,logo-splash-skybox.tga,1920,1080,2073600,RGBA,True,0,0,2073600,1,8100.0
textures\ui\logo_forgottenempires.tga,logo_forgottenempires.tga,512,256,131072,RGBA,True,109109,6997,14966,256,512.0
textures\ui\logo_microsoft.tga,logo_microsoft.tga,512,256,131072,RGBA,True,105502,4418,21152,256,512.0
textures\ui\logo_skyboxlabs.tga,logo_skyboxlabs.tga,512,256,131072,RGBA,True,113202,3720,14150,256,512.0
textures\ui\main left bottom.tga,main left bottom.tga,128,128,16384,RGBA,True,8195,0,8189,2,64.0
textures\ui\main left middle.tga,main left middle.tga,64,16,1024,RGBA,True,464,0,560,2,4.0
textures\ui\main left top.tga,main left top.tga,128,128,16384,RGBA,True,8195,0,8189,2,64.0
textures\ui\main middle bottom.tga,main middle bottom.tga,32,32,1024,RGBA,True,0,0,1024,1,4.0
textures\ui\main middle top.tga,main middle top.tga,32,32,1024,RGBA,True,0,0,1024,1,4.0
textures\ui\main right bottom.tga,main right bottom.tga,128,128,16384,RGBA,True,8195,0,8189,2,64.0
textures\ui\main right middle.tga,main right middle.tga,64,16,1024,RGBA,True,464,0,560,2,4.0
textures\ui\main right top.tga,main right top.tga,128,128,16384,RGBA,True,8195,0,8189,2,64.0
textures\ui\map restore 128x128.tga,map restore 128x128.tga,128,128,16384,RGBA,True,0,0,16384,1,64.0
textures\ui\marsh forest 32.tga,marsh forest 32.tga,32,32,1024,RGBA,True,0,0,1024,1,4.0
textures\ui\marsh forest 64.tga,marsh forest 64.tga,64,64,4096,RGBA,True,0,0,4096,1,16.0
textures\ui\mediteranean sea 32.tga,mediteranean sea 32.tga,32,32,1024,RGBA,True,0,0,1024,1,4.0
textures\ui\mediteranean sea 64.tga,mediteranean sea 64.tga,64,64,4096,RGBA,True,0,0,4096,1,16.0
textures\ui\minimap_border.tga,minimap_border.tga,128,128,16384,RGBA,True,0,0,16384,1,64.0
textures\ui\minimap_border_g.tga,minimap_border_g.tga,128,128,16384,RGBA,True,0,0,16384,1,64.0
textures\ui\minimize_noalpha.tga,minimize_noalpha.tga,16,16,256,RGBA,True,0,0,256,1,1.0
textures\ui\mixed plain forest 64.tga,mixed plain forest 64.tga,64,64,4096,RGBA,True,4096,0,0,1,16.0
textures\ui\ncliff32.tga,ncliff32.tga,32,32,1024,RGBA,True,0,0,1024,1,4.0
textures\ui\ncliff64.tga,ncliff64.tga,64,64,4096,RGBA,True,0,0,4096,1,16.0
textures\ui\nforest32.tga,nforest32.tga,32,32,1024,RGBA,True,0,0,1024,1,4.0
textures\ui\nforest64.tga,nforest64.tga,64,64,4096,RGBA,True,0,0,4096,1,16.0
textures\ui\north atlantic ocean 32.tga,north atlantic ocean 32.tga,32,32,1024,RGBA,True,0,0,1024,1,4.0
textures\ui\north atlantic ocean 64.tga,north atlantic ocean 64.tga,64,64,4096,RGBA,True,0,0,4096,1,16.0
textures\ui\norweigen sea 32.tga,norweigen sea 32.tga,32,32,1024,RGBA,True,0,0,1024,1,4.0
textures\ui\norweigen sea 64.tga,norweigen sea 64.tga,64,64,4096,RGBA,True,0,0,4096,1,16.0
textures\ui\nriver32.tga,nriver32.tga,32,32,1024,RGBA,True,0,0,1024,1,4.0
textures\ui\nriver64.tga,nriver64.tga,64,64,4096,RGBA,True,0,0,4096,1,16.0
textures\ui\objectivesbox.tga,objectivesbox.tga,16,16,256,RGBA,True,0,0,256,1,1.0
textures\ui\objectivescheck.tga,objectivescheck.tga,16,16,256,RGBA,True,0,0,256,1,1.0
textures\ui\orange.tga,orange.tga,,,,,,,,,,0.0
textures\ui\overlay_ajax_08.tga,overlay_ajax_08.tga,64,64,4096,RGBA,True,2996,1100,0,16,16.0
textures\ui\overlay_amanra_14.tga,overlay_amanra_14.tga,64,64,4096,RGBA,True,2897,1199,0,16,16.0
textures\ui\overlay_arck_35.tga,overlay_arck_35.tga,64,128,8192,RGBA,True,5166,3026,0,16,32.0
textures\ui\overlay_arrow_01.tga,overlay_arrow_01.tga,32,32,1024,RGBA,True,259,765,0,16,4.0
textures\ui\overlay_arrow_01y.tga,overlay_arrow_01y.tga,57,52,2964,RGBA,True,1626,812,526,192,11.6
textures\ui\overlay_arrow_02y.tga,overlay_arrow_02y.tga,182,89,16198,RGBA,True,13380,1917,901,254,63.3
textures\ui\overlay_arrow_03y.tga,overlay_arrow_03y.tga,103,99,10197,RGBA,True,8802,549,846,125,39.8
textures\ui\overlay_arrow_04a.tga,overlay_arrow_04a.tga,256,32,8192,RGBA,True,6108,2084,0,12,32.0
textures\ui\overlay_arrow_04b.tga,overlay_arrow_04b.tga,128,64,8192,RGBA,True,5697,2495,0,16,32.0
textures\ui\overlay_arrow_04y.tga,overlay_arrow_04y.tga,122,37,4514,RGBA,True,1971,1890,653,253,17.7
textures\ui\overlay_arrow_05y.tga,overlay_arrow_05y.tga,205,175,35875,RGBA,True,33342,884,1649,137,140.2
textures\ui\overlay_arrow_06y.tga,overlay_arrow_06y.tga,156,146,22776,RGBA,True,20120,2070,586,256,89.0
textures\ui\overlay_arrow_07y.tga,overlay_arrow_07y.tga,162,64,10368,RGBA,True,7401,2409,558,253,40.5
textures\ui\overlay_arrow_09.tga,overlay_arrow_09.tga,256,64,16384,RGBA,True,6200,10184,0,16,64.0
textures\ui\overlay_arrow_10.tga,overlay_arrow_10.tga,128,256,32768,RGBA,True,25357,7411,0,16,128.0
textures\ui\overlay_arrow_11.tga,overlay_arrow_11.tga,64,256,16384,RGBA,True,5920,10464,0,16,64.0
textures\ui\overlay_arrow_12.tga,overlay_arrow_12.tga,256,256,65536,RGBA,True,56920,8616,0,16,256.0
textures\ui\overlay_arrow_12x.tga,overlay_arrow_12x.tga,256,256,65536,RGBA,True,55333,10203,0,16,256.0
textures\ui\overlay_arrow_13x.tga,overlay_arrow_13x.tga,128,128,16384,RGBA,True,12824,3560,0,16,64.0
textures\ui\overlay_arrow_14.tga,overlay_arrow_14.tga,64,128,8192,RGBA,True,6558,1634,0,16,32.0
textures\ui\overlay_arrow_15.tga,overlay_arrow_15.tga,128,128,16384,RGBA,True,13808,2576,0,16,64.0
textures\ui\overlay_arrow_16.tga,overlay_arrow_16.tga,128,256,32768,RGBA,True,29439,3329,0,16,128.0
textures\ui\overlay_arrow_17.tga,overlay_arrow_17.tga,32,32,1024,RGBA,True,339,685,0,16,4.0
textures\ui\overlay_arrow_18.tga,overlay_arrow_18.tga,32,32,1024,RGBA,True,442,582,0,16,4.0
textures\ui\overlay_arrow_19.tga,overlay_arrow_19.tga,64,64,4096,RGBA,True,3212,884,0,16,16.0
textures\ui\overlay_arrow_20.tga,overlay_arrow_20.tga,64,128,8192,RGBA,True,5409,2783,0,16,32.0
textures\ui\overlay_arrow_21.tga,overlay_arrow_21.tga,128,64,8192,RGBA,True,5804,2388,0,16,32.0
textures\ui\overlay_arrow_22.tga,overlay_arrow_22.tga,256,256,65536,RGBA,True,59981,5555,0,16,256.0
textures\ui\overlay_arrow_23.tga,overlay_arrow_23.tga,64,64,4096,RGBA,True,2427,1669,0,16,16.0
textures\ui\overlay_arrow_24.tga,overlay_arrow_24.tga,128,64,8192,RGBA,True,6522,1670,0,16,32.0
textures\ui\overlay_arrow_25.tga,overlay_arrow_25.tga,64,64,4096,RGBA,True,2347,1749,0,16,16.0
textures\ui\overlay_arrow_26.tga,overlay_arrow_26.tga,64,64,4096,RGBA,True,2338,1758,0,16,16.0
textures\ui\overlay_arrow_27.tga,overlay_arrow_27.tga,128,64,8192,RGBA,True,5378,2814,0,16,32.0
textures\ui\overlay_arrow_28.tga,overlay_arrow_28.tga,64,64,4096,RGBA,True,2474,1622,0,16,16.0
textures\ui\overlay_arrow_29.tga,overlay_arrow_29.tga,64,64,4096,RGBA,True,2299,1797,0,16,16.0
textures\ui\overlay_arrow_30.tga,overlay_arrow_30.tga,128,64,8192,RGBA,True,5142,3050,0,16,32.0
textures\ui\overlay_arrow_31.tga,overlay_arrow_31.tga,32,32,1024,RGBA,True,0,0,1024,1,4.0
textures\ui\overlay_arrow_32.tga,overlay_arrow_32.tga,32,32,1024,RGBA,True,0,0,1024,1,4.0
textures\ui\overlay_automaton_11.tga,overlay_automaton_11.tga,128,128,16384,RGBA,True,12866,3518,0,16,64.0
textures\ui\overlay_banner_28.tga,overlay_banner_28.tga,64,64,4096,RGBA,True,2946,1150,0,16,16.0
textures\ui\overlay_battle_22.tga,overlay_battle_22.tga,64,64,4096,RGBA,True,2186,1910,0,16,16.0
textures\ui\overlay_blue_09.tga,overlay_blue_09.tga,32,32,1024,RGBA,True,655,369,0,16,4.0
textures\ui\overlay_cart_16.tga,overlay_cart_16.tga,128,64,8192,RGBA,True,6066,2126,0,16,32.0
textures\ui\overlay_cerberus_08.tga,overlay_cerberus_08.tga,128,128,16384,RGBA,True,10169,6215,0,16,64.0
textures\ui\overlay_chiron_10.tga,overlay_chiron_10.tga,64,64,4096,RGBA,True,2559,1537,0,16,16.0
textures\ui\overlay_door_12.tga,overlay_door_12.tga,64,128,8192,RGBA,True,3545,4647,0,16,32.0
textures\ui\overlay_dream_19.tga,overlay_dream_19.tga,64,64,4096,RGBA,True,2400,1696,0,16,16.0
textures\ui\overlay_folstag_09.tga,overlay_folstag_09.tga,128,128,16384,RGBA,True,7677,8707,0,16,64.0
textures\ui\overlay_forge_26.tga,overlay_forge_26.tga,128,128,16384,RGBA,True,12943,3441,0,16,64.0
textures\ui\overlay_fortress_10.tga,overlay_fortress_10.tga,128,128,16384,RGBA,True,5947,10437,0,16,64.0
textures\ui\overlay_garg_33.tga,overlay_garg_33.tga,64,64,4096,RGBA,True,2057,2039,0,16,16.0
textures\ui\overlay_gate_07.tga,overlay_gate_07.tga,128,128,16384,RGBA,True,13589,2795,0,16,64.0
textures\ui\overlay_guardian_15.tga,overlay_guardian_15.tga,64,64,4096,RGBA,True,2715,1381,0,16,16.0
textures\ui\overlay_hammer_32.tga,overlay_hammer_32.tga,64,64,4096,RGBA,True,2728,1368,0,16,16.0
textures\ui\overlay_kamos_5.tga,overlay_kamos_5.tga,64,64,4096,RGBA,True,1712,2384,0,16,16.0
textures\ui\overlay_kastor_02.tga,overlay_kastor_02.tga,128,128,16384,RGBA,True,13416,2968,0,16,64.0
textures\ui\overlay_kemsyt_20.tga,overlay_kemsyt_20.tga,64,64,4096,RGBA,True,3269,827,0,16,16.0
textures\ui\overlay_krios_01.tga,overlay_krios_01.tga,128,128,16384,RGBA,True,9572,6812,0,16,64.0
textures\ui\overlay_migdol_17.tga,overlay_migdol_17.tga,64,64,4096,RGBA,True,1403,2693,0,16,16.0
textures\ui\overlay_norseman_25.tga,overlay_norseman_25.tga,64,64,4096,RGBA,True,2968,1128,0,16,16.0
textures\ui\overlay_odintower_04.tga,overlay_odintower_04.tga,128,128,16384,RGBA,True,8074,8310,0,16,64.0
textures\ui\overlay_oldman_27.tga,overlay_oldman_27.tga,64,64,4096,RGBA,True,3345,751,0,16,16.0
textures\ui\overlay_olympus_06.tga,overlay_olympus_06.tga,128,128,16384,RGBA,True,4693,11691,0,16,64.0
textures\ui\overlay_osirispyramid_23.tga,overlay_osirispyramid_23.tga,128,64,8192,RGBA,True,5565,2627,0,16,32.0
textures\ui\overlay_passage_11.tga,overlay_passage_11.tga,64,64,4096,RGBA,True,1281,2815,0,16,16.0
textures\ui\overlay_pigs_24.tga,overlay_pigs_24.tga,64,64,4096,RGBA,True,2779,1317,0,16,16.0
textures\ui\overlay_plenty_03.tga,overlay_plenty_03.tga,128,128,16384,RGBA,True,9283,7101,0,16,64.0
textures\ui\overlay_poseidon_4.tga,overlay_poseidon_4.tga,64,64,4096,RGBA,True,2148,1948,0,16,16.0
textures\ui\overlay_pyramid_18.tga,overlay_pyramid_18.tga,128,64,8192,RGBA,True,6199,1993,0,16,32.0
textures\ui\overlay_ram_31.tga,overlay_ram_31.tga,64,64,4096,RGBA,True,2434,1662,0,16,16.0
textures\ui\overlay_red_09.tga,overlay_red_09.tga,32,32,1024,RGBA,True,655,369,0,16,4.0
textures\ui\overlay_reigenleif_29.tga,overlay_reigenleif_29.tga,128,64,8192,RGBA,True,6355,1837,0,16,32.0
textures\ui\overlay_ruins_12.tga,overlay_ruins_12.tga,256,256,65536,RGBA,True,50489,15047,0,16,256.0
textures\ui\overlay_shade_13.tga,overlay_shade_13.tga,64,128,8192,RGBA,True,5315,2877,0,16,32.0
textures\ui\overlay_ship_34.tga,overlay_ship_34.tga,128,128,16384,RGBA,True,12601,3783,0,16,64.0
textures\ui\overlay_tammerisk_21.tga,overlay_tammerisk_21.tga,64,64,4096,RGBA,True,1215,2881,0,16,16.0
textures\ui\overlay_temple_05.tga,overlay_temple_05.tga,128,128,16384,RGBA,True,4240,12144,0,16,64.0
textures\ui\overlay_titan_07.tga,overlay_titan_07.tga,128,128,16384,RGBA,True,9652,6732,0,16,64.0
textures\ui\overlay_trojanhorse_09.tga,overlay_trojanhorse_09.tga,128,128,16384,RGBA,True,13185,3199,0,16,64.0
textures\ui\overlay_wall_06.tga,overlay_wall_06.tga,128,128,16384,RGBA,True,12560,3824,0,16,64.0
textures\ui\overlay_wellofurd_30.tga,overlay_wellofurd_30.tga,64,64,4096,RGBA,True,1846,2250,0,16,16.0
textures\ui\overlay_y_0.tga,overlay_y_0.tga,128,128,16384,RGBA,True,12885,2461,1038,248,64.0
textures\ui\overlay_y_1.tga,overlay_y_1.tga,128,128,16384,RGBA,True,12676,2875,833,251,64.0
textures\ui\overlay_y_10.tga,overlay_y_10.tga,128,128,16384,RGBA,True,6573,5248,4563,252,64.0
textures\ui\overlay_y_2.tga,overlay_y_2.tga,128,128,16384,RGBA,True,8187,3944,4253,249,64.0
textures\ui\overlay_y_3.tga,overlay_y_3.tga,128,128,16384,RGBA,True,13361,2157,866,195,64.0
textures\ui\overlay_y_4.tga,overlay_y_4.tga,128,128,16384,RGBA,True,8508,3611,4265,250,64.0
textures\ui\overlay_y_5.tga,overlay_y_5.tga,128,128,16384,RGBA,True,12372,3038,974,214,64.0
textures\ui\overlay_y_6.tga,overlay_y_6.tga,128,128,16384,RGBA,True,13521,2013,850,191,64.0
textures\ui\overlay_y_7.tga,overlay_y_7.tga,128,128,16384,RGBA,True,9008,4622,2754,254,64.0
textures\ui\overlay_y_8.tga,overlay_y_8.tga,128,128,16384,RGBA,True,11167,3733,1484,241,64.0
textures\ui\overlay_y_9.tga,overlay_y_9.tga,128,128,16384,RGBA,True,12536,2649,1199,245,64.0
textures\ui\pine forest 32.tga,pine forest 32.tga,32,32,1024,RGBA,True,0,0,1024,1,4.0
textures\ui\pine forest 64.tga,pine forest 64.tga,64,64,4096,RGBA,True,0,0,4096,1,16.0
textures\ui\plain forest 64.tga,plain forest 64.tga,64,64,4096,RGBA,True,4096,0,0,1,16.0
textures\ui\player status icon.tga,player status icon.tga,32,16,512,RGBA,True,4,0,508,2,2.0
textures\ui\r-a-arrow.tga,r-a-arrow.tga,16,16,256,RGBA,True,0,0,256,1,1.0
textures\ui\r-big-arrow-alpha.tga,r-big-arrow-alpha.tga,16,16,256,RGBA,True,0,0,256,1,1.0
textures\ui\r-big-arrow.tga,r-big-arrow.tga,16,16,256,RGBA,True,0,0,256,1,1.0
textures\ui\r-c-arrow.tga,r-c-arrow.tga,16,16,256,RGBA,True,0,0,256,1,1.0
textures\ui\radio-blank.tga,radio-blank.tga,16,16,256,RGBA,True,0,0,256,1,1.0
textures\ui\radio-fill.tga,radio-fill.tga,16,16,256,RGBA,True,0,0,256,1,1.0
textures\ui\record game add bookmark.tga,record game add bookmark.tga,16,16,256,RGBA,True,0,0,256,1,1.0
textures\ui\record game bookmark next.tga,record game bookmark next.tga,16,16,256,RGBA,True,0,0,256,1,1.0
textures\ui\record game bookmark previous.tga,record game bookmark previous.tga,16,16,256,RGBA,True,0,0,256,1,1.0
textures\ui\record game check box checked.tga,record game check box checked.tga,16,16,256,RGBA,True,0,0,256,1,1.0
textures\ui\record game check box.tga,record game check box.tga,16,16,256,RGBA,True,0,0,256,1,1.0
textures\ui\record game input field arrow.tga,record game input field arrow.tga,16,16,256,RGBA,True,0,0,256,1,1.0
textures\ui\record game pause.tga,record game pause.tga,16,16,256,RGBA,True,0,0,256,1,1.0
textures\ui\record game progress bar background.tga,record game progress bar background.tga,256,32,8192,RGBA,True,0,0,8192,1,32.0
textures\ui\record game progress bar filler.tga,record game progress bar filler.tga,256,32,8192,RGBA,True,0,0,8192,1,32.0
textures\ui\red sea 32.tga,red sea 32.tga,32,32,1024,RGBA,True,0,0,1024,1,4.0
textures\ui\red sea 64.tga,red sea 64.tga,64,64,4096,RGBA,True,0,0,4096,1,16.0
textures\ui\red.tga,red.tga,,,,,,,,,,0.0
textures\ui\reddot.tga,reddot.tga,16,16,256,RGBA,True,40,216,0,3,1.0
textures\ui\resources.tga,resources.tga,128,128,16384,RGBA,True,13305,0,3079,2,64.0
textures\ui\resources_c.tga,resources_c.tga,128,128,16384,RGBA,True,13305,0,3079,2,64.0
textures\ui\resources_x.tga,resources_x.tga,128,128,16384,RGBA,True,13305,0,3079,2,64.0
textures\ui\savannah forest 32.tga,savannah forest 32.tga,32,32,1024,RGBA,True,0,0,1024,1,4.0
textures\ui\savannah forest 64.tga,savannah forest 64.tga,64,64,4096,RGBA,True,0,0,4096,1,16.0
textures\ui\screen shot a_01.tga,screen shot a_01.tga,256,256,65536,RGBA,True,0,0,65536,1,256.0
textures\ui\screen shot a_02.tga,screen shot a_02.tga,256,256,65536,RGBA,True,0,0,65536,1,256.0
textures\ui\screen shot a_03.tga,screen shot a_03.tga,256,256,65536,RGBA,True,0,0,65536,1,256.0
textures\ui\screen shot a_04.tga,screen shot a_04.tga,256,256,65536,RGBA,True,0,0,65536,1,256.0
textures\ui\screen shot a_05.tga,screen shot a_05.tga,256,256,65536,RGBA,True,0,0,65536,1,256.0
textures\ui\screen shot a_06.tga,screen shot a_06.tga,256,256,65536,RGBA,True,0,0,65536,1,256.0
textures\ui\screen shot a_07.tga,screen shot a_07.tga,256,256,65536,RGBA,True,0,0,65536,1,256.0
textures\ui\screen shot a_08.tga,screen shot a_08.tga,256,256,65536,RGBA,True,0,0,65536,1,256.0
textures\ui\screen shot a_09.tga,screen shot a_09.tga,256,256,65536,RGBA,True,0,0,65536,1,256.0
textures\ui\screen shot a_10.tga,screen shot a_10.tga,256,256,65536,RGBA,True,0,0,65536,1,256.0
textures\ui\screen shot a_11.tga,screen shot a_11.tga,256,256,65536,RGBA,True,0,0,65536,1,256.0
textures\ui\screen shot a_12.tga,screen shot a_12.tga,256,256,65536,RGBA,True,0,0,65536,1,256.0
textures\ui\searching bar_01.tga,searching bar_01.tga,256,32,8192,RGBA,True,244,0,7948,2,32.0
textures\ui\searching bar_02.tga,searching bar_02.tga,256,32,8192,RGBA,True,244,0,7948,2,32.0
textures\ui\searching bar_03.tga,searching bar_03.tga,256,32,8192,RGBA,True,244,0,7948,2,32.0
textures\ui\searching bar_04.tga,searching bar_04.tga,256,32,8192,RGBA,True,244,0,7948,2,32.0
textures\ui\searching bar_05.tga,searching bar_05.tga,256,32,8192,RGBA,True,244,0,7948,2,32.0
textures\ui\searching bar_06.tga,searching bar_06.tga,256,32,8192,RGBA,True,244,0,7948,2,32.0
textures\ui\searching bar_07.tga,searching bar_07.tga,256,32,8192,RGBA,True,244,0,7948,2,32.0
textures\ui\searching bar_08.tga,searching bar_08.tga,256,32,8192,RGBA,True,244,0,7948,2,32.0
textures\ui\start up1.tga,start up1.tga,256,256,65536,RGBA,True,0,0,65536,1,256.0
textures\ui\start up10.tga,start up10.tga,256,256,65536,RGBA,True,0,0,65536,1,256.0
textures\ui\start up11.tga,start up11.tga,256,256,65536,RGBA,True,0,0,65536,1,256.0
textures\ui\start up12.tga,start up12.tga,256,256,65536,RGBA,True,0,0,65536,1,256.0
textures\ui\start up2.tga,start up2.tga,256,256,65536,RGBA,True,0,0,65536,1,256.0
textures\ui\start up3.tga,start up3.tga,256,256,65536,RGBA,True,0,0,65536,1,256.0
textures\ui\start up4.tga,start up4.tga,256,256,65536,RGBA,True,0,0,65536,1,256.0
textures\ui\start up5.tga,start up5.tga,256,256,65536,RGBA,True,0,0,65536,1,256.0
textures\ui\start up6.tga,start up6.tga,256,256,65536,RGBA,True,0,0,65536,1,256.0
textures\ui\start up7.tga,start up7.tga,256,256,65536,RGBA,True,0,0,65536,1,256.0
textures\ui\start up8.tga,start up8.tga,256,256,65536,RGBA,True,0,0,65536,1,256.0
textures\ui\start up9.tga,start up9.tga,256,256,65536,RGBA,True,0,0,65536,1,256.0
textures\ui\steamworkshop-default-icon.tga,steamworkshop-default-icon.tga,200,200,40000,RGBA,True,0,0,40000,1,156.3
textures\ui\submenu middle bottom.tga,submenu middle bottom.tga,128,16,2048,RGBA,True,898,1150,0,2,8.0
textures\ui\submenu middle top.tga,submenu middle top.tga,128,16,2048,RGBA,True,898,1150,0,2,8.0
textures\ui\submenu right bottom.tga,submenu right bottom.tga,64,64,4096,RGBA,True,2522,0,1574,2,16.0
textures\ui\submenu right middle.tga,submenu right middle.tga,16,16,256,RGBA,True,0,0,256,1,1.0
textures\ui\submenu right top.tga,submenu right top.tga,64,32,2048,RGBA,True,1017,0,1031,2,8.0
textures\ui\techtree icon.tga,techtree icon.tga,32,16,512,RGBA,True,4,0,508,2,2.0
textures\ui\techtreefuxi.tga,techtreefuxi.tga,1024,768,786432,RGBA,True,0,0,786432,1,3072.0
textures\ui\techtreegaia1.tga,techtreegaia1.tga,256,256,65536,RGBA,True,0,0,65536,1,256.0
textures\ui\techtreegaia10.tga,techtreegaia10.tga,256,256,65536,RGBA,True,0,0,65536,1,256.0
textures\ui\techtreegaia11.tga,techtreegaia11.tga,256,256,65536,RGBA,True,0,0,65536,1,256.0
textures\ui\techtreegaia12.tga,techtreegaia12.tga,256,256,65536,RGBA,True,0,0,65536,1,256.0
textures\ui\techtreegaia2.tga,techtreegaia2.tga,256,256,65536,RGBA,True,0,0,65536,1,256.0
textures\ui\techtreegaia3.tga,techtreegaia3.tga,256,256,65536,RGBA,True,0,0,65536,1,256.0
textures\ui\techtreegaia4.tga,techtreegaia4.tga,256,256,65536,RGBA,True,0,0,65536,1,256.0
textures\ui\techtreegaia5.tga,techtreegaia5.tga,256,256,65536,RGBA,True,0,0,65536,1,256.0
textures\ui\techtreegaia6.tga,techtreegaia6.tga,256,256,65536,RGBA,True,0,0,65536,1,256.0
textures\ui\techtreegaia7.tga,techtreegaia7.tga,256,256,65536,RGBA,True,0,0,65536,1,256.0
textures\ui\techtreegaia8.tga,techtreegaia8.tga,256,256,65536,RGBA,True,0,0,65536,1,256.0
textures\ui\techtreegaia9.tga,techtreegaia9.tga,256,256,65536,RGBA,True,0,0,65536,1,256.0
textures\ui\techtreehades1.tga,techtreehades1.tga,256,256,65536,RGBA,True,0,0,65536,1,256.0
textures\ui\techtreehades10.tga,techtreehades10.tga,256,256,65536,RGBA,True,0,0,65536,1,256.0
textures\ui\techtreehades11.tga,techtreehades11.tga,256,256,65536,RGBA,True,0,0,65536,1,256.0
textures\ui\techtreehades12.tga,techtreehades12.tga,256,256,65536,RGBA,True,0,0,65536,1,256.0
textures\ui\techtreehades2.tga,techtreehades2.tga,256,256,65536,RGBA,True,0,0,65536,1,256.0
textures\ui\techtreehades3.tga,techtreehades3.tga,256,256,65536,RGBA,True,0,0,65536,1,256.0
textures\ui\techtreehades4.tga,techtreehades4.tga,256,256,65536,RGBA,True,0,0,65536,1,256.0
textures\ui\techtreehades5.tga,techtreehades5.tga,256,256,65536,RGBA,True,0,0,65536,1,256.0
textures\ui\techtreehades6.tga,techtreehades6.tga,256,256,65536,RGBA,True,0,0,65536,1,256.0
textures\ui\techtreehades7.tga,techtreehades7.tga,256,256,65536,RGBA,True,0,0,65536,1,256.0
textures\ui\techtreehades8.tga,techtreehades8.tga,256,256,65536,RGBA,True,0,0,65536,1,256.0
textures\ui\techtreehades9.tga,techtreehades9.tga,256,256,65536,RGBA,True,0,0,65536,1,256.0
textures\ui\techtreeisis1.tga,techtreeisis1.tga,256,256,65536,RGBA,True,0,0,65536,1,256.0
textures\ui\techtreeisis10.tga,techtreeisis10.tga,256,256,65536,RGBA,True,0,0,65536,1,256.0
textures\ui\techtreeisis11.tga,techtreeisis11.tga,256,256,65536,RGBA,True,0,0,65536,1,256.0
textures\ui\techtreeisis12.tga,techtreeisis12.tga,256,256,65536,RGBA,True,0,0,65536,1,256.0
textures\ui\techtreeisis2.tga,techtreeisis2.tga,256,256,65536,RGBA,True,0,0,65536,1,256.0
textures\ui\techtreeisis3.tga,techtreeisis3.tga,256,256,65536,RGBA,True,0,0,65536,1,256.0
textures\ui\techtreeisis4.tga,techtreeisis4.tga,256,256,65536,RGBA,True,0,0,65536,1,256.0
textures\ui\techtreeisis5.tga,techtreeisis5.tga,256,256,65536,RGBA,True,0,0,65536,1,256.0
textures\ui\techtreeisis6.tga,techtreeisis6.tga,256,256,65536,RGBA,True,0,0,65536,1,256.0
textures\ui\techtreeisis7.tga,techtreeisis7.tga,256,256,65536,RGBA,True,0,0,65536,1,256.0
textures\ui\techtreeisis8.tga,techtreeisis8.tga,256,256,65536,RGBA,True,0,0,65536,1,256.0
textures\ui\techtreeisis9.tga,techtreeisis9.tga,256,256,65536,RGBA,True,0,0,65536,1,256.0
textures\ui\techtreekronos1.tga,techtreekronos1.tga,256,256,65536,RGBA,True,0,0,65536,1,256.0
textures\ui\techtreekronos10.tga,techtreekronos10.tga,256,256,65536,RGBA,True,0,0,65536,1,256.0
textures\ui\techtreekronos11.tga,techtreekronos11.tga,256,256,65536,RGBA,True,0,0,65536,1,256.0
textures\ui\techtreekronos12.tga,techtreekronos12.tga,256,256,65536,RGBA,True,0,0,65536,1,256.0
textures\ui\techtreekronos2.tga,techtreekronos2.tga,256,256,65536,RGBA,True,0,0,65536,1,256.0
textures\ui\techtreekronos3.tga,techtreekronos3.tga,256,256,65536,RGBA,True,0,0,65536,1,256.0
textures\ui\techtreekronos4.tga,techtreekronos4.tga,256,256,65536,RGBA,True,0,0,65536,1,256.0
textures\ui\techtreekronos5.tga,techtreekronos5.tga,256,256,65536,RGBA,True,0,0,65536,1,256.0
textures\ui\techtreekronos6.tga,techtreekronos6.tga,256,256,65536,RGBA,True,0,0,65536,1,256.0
textures\ui\techtreekronos7.tga,techtreekronos7.tga,256,256,65536,RGBA,True,0,0,65536,1,256.0
textures\ui\techtreekronos8.tga,techtreekronos8.tga,256,256,65536,RGBA,True,0,0,65536,1,256.0
textures\ui\techtreekronos9.tga,techtreekronos9.tga,256,256,65536,RGBA,True,0,0,65536,1,256.0
textures\ui\techtreeloki1.tga,techtreeloki1.tga,256,256,65536,RGBA,True,0,0,65536,1,256.0
textures\ui\techtreeloki10.tga,techtreeloki10.tga,256,256,65536,RGBA,True,0,0,65536,1,256.0
textures\ui\techtreeloki11.tga,techtreeloki11.tga,256,256,65536,RGBA,True,0,0,65536,1,256.0
textures\ui\techtreeloki12.tga,techtreeloki12.tga,256,256,65536,RGBA,True,0,0,65536,1,256.0
textures\ui\techtreeloki2.tga,techtreeloki2.tga,256,256,65536,RGBA,True,0,0,65536,1,256.0
textures\ui\techtreeloki3.tga,techtreeloki3.tga,256,256,65536,RGBA,True,0,0,65536,1,256.0
textures\ui\techtreeloki4.tga,techtreeloki4.tga,256,256,65536,RGBA,True,0,0,65536,1,256.0
textures\ui\techtreeloki5.tga,techtreeloki5.tga,256,256,65536,RGBA,True,0,0,65536,1,256.0
textures\ui\techtreeloki6.tga,techtreeloki6.tga,256,256,65536,RGBA,True,0,0,65536,1,256.0
textures\ui\techtreeloki7.tga,techtreeloki7.tga,256,256,65536,RGBA,True,0,0,65536,1,256.0
textures\ui\techtreeloki8.tga,techtreeloki8.tga,256,256,65536,RGBA,True,0,0,65536,1,256.0
textures\ui\techtreeloki9.tga,techtreeloki9.tga,256,256,65536,RGBA,True,0,0,65536,1,256.0
textures\ui\techtreenuwa.tga,techtreenuwa.tga,1024,768,786432,RGBA,True,0,0,786432,1,3072.0
textures\ui\techtreeodin1.tga,techtreeodin1.tga,256,256,65536,RGBA,True,0,0,65536,1,256.0
textures\ui\techtreeodin10.tga,techtreeodin10.tga,256,256,65536,RGBA,True,0,0,65536,1,256.0
textures\ui\techtreeodin11.tga,techtreeodin11.tga,256,256,65536,RGBA,True,0,0,65536,1,256.0
textures\ui\techtreeodin12.tga,techtreeodin12.tga,256,256,65536,RGBA,True,0,0,65536,1,256.0
textures\ui\techtreeodin2.tga,techtreeodin2.tga,256,256,65536,RGBA,True,0,0,65536,1,256.0
textures\ui\techtreeodin3.tga,techtreeodin3.tga,256,256,65536,RGBA,True,0,0,65536,1,256.0
textures\ui\techtreeodin4.tga,techtreeodin4.tga,256,256,65536,RGBA,True,0,0,65536,1,256.0
textures\ui\techtreeodin5.tga,techtreeodin5.tga,256,256,65536,RGBA,True,0,0,65536,1,256.0
textures\ui\techtreeodin6.tga,techtreeodin6.tga,256,256,65536,RGBA,True,0,0,65536,1,256.0
textures\ui\techtreeodin7.tga,techtreeodin7.tga,256,256,65536,RGBA,True,0,0,65536,1,256.0
textures\ui\techtreeodin8.tga,techtreeodin8.tga,256,256,65536,RGBA,True,0,0,65536,1,256.0
textures\ui\techtreeodin9.tga,techtreeodin9.tga,256,256,65536,RGBA,True,0,0,65536,1,256.0
textures\ui\techtreeouranos1.tga,techtreeouranos1.tga,256,256,65536,RGBA,True,0,0,65536,1,256.0
textures\ui\techtreeouranos10.tga,techtreeouranos10.tga,256,256,65536,RGBA,True,0,0,65536,1,256.0
textures\ui\techtreeouranos11.tga,techtreeouranos11.tga,256,256,65536,RGBA,True,0,0,65536,1,256.0
textures\ui\techtreeouranos12.tga,techtreeouranos12.tga,256,256,65536,RGBA,True,0,0,65536,1,256.0
textures\ui\techtreeouranos2.tga,techtreeouranos2.tga,256,256,65536,RGBA,True,0,0,65536,1,256.0
textures\ui\techtreeouranos3.tga,techtreeouranos3.tga,256,256,65536,RGBA,True,0,0,65536,1,256.0
textures\ui\techtreeouranos4.tga,techtreeouranos4.tga,256,256,65536,RGBA,True,0,0,65536,1,256.0
textures\ui\techtreeouranos5.tga,techtreeouranos5.tga,256,256,65536,RGBA,True,0,0,65536,1,256.0
textures\ui\techtreeouranos6.tga,techtreeouranos6.tga,256,256,65536,RGBA,True,0,0,65536,1,256.0
textures\ui\techtreeouranos7.tga,techtreeouranos7.tga,256,256,65536,RGBA,True,0,0,65536,1,256.0
textures\ui\techtreeouranos8.tga,techtreeouranos8.tga,256,256,65536,RGBA,True,0,0,65536,1,256.0
textures\ui\techtreeouranos9.tga,techtreeouranos9.tga,256,256,65536,RGBA,True,0,0,65536,1,256.0
textures\ui\techtreeposeidon1.tga,techtreeposeidon1.tga,256,256,65536,RGBA,True,0,0,65536,1,256.0
textures\ui\techtreeposeidon10.tga,techtreeposeidon10.tga,256,256,65536,RGBA,True,0,0,65536,1,256.0
textures\ui\techtreeposeidon11.tga,techtreeposeidon11.tga,256,256,65536,RGBA,True,0,0,65536,1,256.0
textures\ui\techtreeposeidon12.tga,techtreeposeidon12.tga,256,256,65536,RGBA,True,0,0,65536,1,256.0
textures\ui\techtreeposeidon2.tga,techtreeposeidon2.tga,256,256,65536,RGBA,True,0,0,65536,1,256.0
textures\ui\techtreeposeidon3.tga,techtreeposeidon3.tga,256,256,65536,RGBA,True,0,0,65536,1,256.0
textures\ui\techtreeposeidon4.tga,techtreeposeidon4.tga,256,256,65536,RGBA,True,0,0,65536,1,256.0
textures\ui\techtreeposeidon5.tga,techtreeposeidon5.tga,256,256,65536,RGBA,True,0,0,65536,1,256.0
textures\ui\techtreeposeidon6.tga,techtreeposeidon6.tga,256,256,65536,RGBA,True,0,0,65536,1,256.0
textures\ui\techtreeposeidon7.tga,techtreeposeidon7.tga,256,256,65536,RGBA,True,256,0,65280,2,256.0
textures\ui\techtreeposeidon8.tga,techtreeposeidon8.tga,256,256,65536,RGBA,True,0,0,65536,1,256.0
textures\ui\techtreeposeidon9.tga,techtreeposeidon9.tga,256,256,65536,RGBA,True,0,0,65536,1,256.0
textures\ui\techtreera1.tga,techtreera1.tga,256,256,65536,RGBA,True,0,0,65536,1,256.0
textures\ui\techtreera10.tga,techtreera10.tga,256,256,65536,RGBA,True,0,0,65536,1,256.0
textures\ui\techtreera11.tga,techtreera11.tga,256,256,65536,RGBA,True,0,0,65536,1,256.0
textures\ui\techtreera12.tga,techtreera12.tga,256,256,65536,RGBA,True,0,0,65536,1,256.0
textures\ui\techtreera2.tga,techtreera2.tga,256,256,65536,RGBA,True,0,0,65536,1,256.0
textures\ui\techtreera3.tga,techtreera3.tga,256,256,65536,RGBA,True,0,0,65536,1,256.0
textures\ui\techtreera4.tga,techtreera4.tga,256,256,65536,RGBA,True,0,0,65536,1,256.0
textures\ui\techtreera5.tga,techtreera5.tga,256,256,65536,RGBA,True,0,0,65536,1,256.0
textures\ui\techtreera6.tga,techtreera6.tga,256,256,65536,RGBA,True,0,0,65536,1,256.0
textures\ui\techtreera7.tga,techtreera7.tga,256,256,65536,RGBA,True,0,0,65536,1,256.0
textures\ui\techtreera8.tga,techtreera8.tga,256,256,65536,RGBA,True,0,0,65536,1,256.0
textures\ui\techtreera9.tga,techtreera9.tga,256,256,65536,RGBA,True,0,0,65536,1,256.0
textures\ui\techtreeset1.tga,techtreeset1.tga,256,256,65536,RGBA,True,0,0,65536,1,256.0
textures\ui\techtreeset10.tga,techtreeset10.tga,256,256,65536,RGBA,True,0,0,65536,1,256.0
textures\ui\techtreeset11.tga,techtreeset11.tga,256,256,65536,RGBA,True,0,0,65536,1,256.0
textures\ui\techtreeset12.tga,techtreeset12.tga,256,256,65536,RGBA,True,0,0,65536,1,256.0
textures\ui\techtreeset2.tga,techtreeset2.tga,256,256,65536,RGBA,True,0,0,65536,1,256.0
textures\ui\techtreeset3.tga,techtreeset3.tga,256,256,65536,RGBA,True,0,0,65536,1,256.0
textures\ui\techtreeset4.tga,techtreeset4.tga,256,256,65536,RGBA,True,0,0,65536,1,256.0
textures\ui\techtreeset5.tga,techtreeset5.tga,256,256,65536,RGBA,True,0,0,65536,1,256.0
textures\ui\techtreeset6.tga,techtreeset6.tga,256,256,65536,RGBA,True,0,0,65536,1,256.0
textures\ui\techtreeset7.tga,techtreeset7.tga,256,256,65536,RGBA,True,0,0,65536,1,256.0
textures\ui\techtreeset8.tga,techtreeset8.tga,256,256,65536,RGBA,True,0,0,65536,1,256.0
textures\ui\techtreeset9.tga,techtreeset9.tga,256,256,65536,RGBA,True,0,0,65536,1,256.0
textures\ui\techtreeshennong.tga,techtreeshennong.tga,1024,768,786432,RGBA,True,0,0,786432,1,3072.0
textures\ui\techtreethor1.tga,techtreethor1.tga,256,256,65536,RGBA,True,0,0,65536,1,256.0
textures\ui\techtreethor10.tga,techtreethor10.tga,256,256,65536,RGBA,True,0,0,65536,1,256.0
textures\ui\techtreethor11.tga,techtreethor11.tga,256,256,65536,RGBA,True,0,0,65536,1,256.0
textures\ui\techtreethor12.tga,techtreethor12.tga,256,256,65536,RGBA,True,0,0,65536,1,256.0
textures\ui\techtreethor2.tga,techtreethor2.tga,256,256,65536,RGBA,True,0,0,65536,1,256.0
textures\ui\techtreethor3.tga,techtreethor3.tga,256,256,65536,RGBA,True,0,0,65536,1,256.0
textures\ui\techtreethor4.tga,techtreethor4.tga,256,256,65536,RGBA,True,0,0,65536,1,256.0
textures\ui\techtreethor5.tga,techtreethor5.tga,256,256,65536,RGBA,True,0,0,65536,1,256.0
textures\ui\techtreethor6.tga,techtreethor6.tga,256,256,65536,RGBA,True,0,0,65536,1,256.0
textures\ui\techtreethor7.tga,techtreethor7.tga,256,256,65536,RGBA,True,0,0,65536,1,256.0
textures\ui\techtreethor8.tga,techtreethor8.tga,256,256,65536,RGBA,True,0,0,65536,1,256.0
textures\ui\techtreethor9.tga,techtreethor9.tga,256,256,65536,RGBA,True,0,0,65536,1,256.0
textures\ui\techtreezeus1.tga,techtreezeus1.tga,256,256,65536,RGBA,True,0,0,65536,1,256.0
textures\ui\techtreezeus10.tga,techtreezeus10.tga,256,256,65536,RGBA,True,0,0,65536,1,256.0
textures\ui\techtreezeus11.tga,techtreezeus11.tga,256,256,65536,RGBA,True,0,0,65536,1,256.0
textures\ui\techtreezeus12.tga,techtreezeus12.tga,256,256,65536,RGBA,True,0,0,65536,1,256.0
textures\ui\techtreezeus2.tga,techtreezeus2.tga,256,256,65536,RGBA,True,0,0,65536,1,256.0
textures\ui\techtreezeus3.tga,techtreezeus3.tga,256,256,65536,RGBA,True,0,0,65536,1,256.0
textures\ui\techtreezeus4.tga,techtreezeus4.tga,256,256,65536,RGBA,True,0,0,65536,1,256.0
textures\ui\techtreezeus5.tga,techtreezeus5.tga,256,256,65536,RGBA,True,0,0,65536,1,256.0
textures\ui\techtreezeus6.tga,techtreezeus6.tga,256,256,65536,RGBA,True,0,0,65536,1,256.0
textures\ui\techtreezeus7.tga,techtreezeus7.tga,256,256,65536,RGBA,True,0,0,65536,1,256.0
textures\ui\techtreezeus8.tga,techtreezeus8.tga,256,256,65536,RGBA,True,0,0,65536,1,256.0
textures\ui\techtreezeus9.tga,techtreezeus9.tga,256,256,65536,RGBA,True,0,0,65536,1,256.0
textures\ui\top score star.tga,top score star.tga,128,32,4096,RGBA,True,0,0,4096,1,16.0
textures\ui\tribute icon.tga,tribute icon.tga,32,16,512,RGBA,True,4,0,508,2,2.0
textures\ui\tundra forest 32.tga,tundra forest 32.tga,32,32,1024,RGBA,True,0,0,1024,1,4.0
textures\ui\tundra forest 64.tga,tundra forest 64.tga,64,64,4096,RGBA,True,0,0,4096,1,16.0
textures\ui\tundra sea 32.tga,tundra sea 32.tga,32,32,1024,RGBA,True,0,0,1024,1,4.0
textures\ui\tundra sea 64.tga,tundra sea 64.tga,64,64,4096,RGBA,True,0,0,4096,1,16.0
textures\ui\ui .net passport logo.tga,ui .net passport logo.tga,128,32,4096,RGBA,True,0,0,4096,1,16.0
textures\ui\ui background black opaque.tga,ui background black opaque.tga,32,32,1024,RGBA,True,0,0,1024,1,4.0
textures\ui\ui background blue opaque.tga,ui background blue opaque.tga,32,32,1024,RGBA,True,0,0,1024,1,4.0
textures\ui\ui background blue transparent.tga,ui background blue transparent.tga,32,32,1024,RGBA,True,0,1024,0,1,4.0
textures\ui\ui background dark blue opaque.tga,ui background dark blue opaque.tga,32,32,1024,RGBA,True,0,0,1024,1,4.0
textures\ui\ui background dark blue transparent.tga,ui background dark blue transparent.tga,32,32,1024,RGBA,True,0,1024,0,1,4.0
textures\ui\ui background opaque 1.tga,ui background opaque 1.tga,32,32,1024,RGBA,True,0,1024,0,1,4.0
textures\ui\ui background opaque 2.tga,ui background opaque 2.tga,32,32,1024,RGBA,True,0,1024,0,1,4.0
textures\ui\ui background opaque 3.tga,ui background opaque 3.tga,32,32,1024,RGBA,True,0,1024,0,1,4.0
textures\ui\ui background transparent 1.tga,ui background transparent 1.tga,32,32,1024,RGBA,True,0,1024,0,1,4.0
textures\ui\ui background yellow opaque.tga,ui background yellow opaque.tga,8,8,64,RGBA,True,0,0,64,1,0.3
textures\ui\ui border bottom left corner.tga,ui border bottom left corner.tga,64,128,8192,RGBA,True,6092,0,2100,2,32.0
textures\ui\ui border bottom middle.tga,ui border bottom middle.tga,128,32,4096,RGBA,True,2816,0,1280,2,16.0
textures\ui\ui border bottom right corner.tga,ui border bottom right corner.tga,64,128,8192,RGBA,True,5927,85,2180,12,32.0
textures\ui\ui border chinese bottom left corner.tga,ui border chinese bottom left corner.tga,32,32,1024,RGBA,True,95,66,863,19,4.0
textures\ui\ui border chinese bottom middle.tga,ui border chinese bottom middle.tga,16,16,256,RGBA,True,0,0,256,1,1.0
textures\ui\ui border chinese bottom right corner.tga,ui border chinese bottom right corner.tga,32,32,1024,RGBA,True,105,60,859,16,4.0
textures\ui\ui border chinese left middle.tga,ui border chinese left middle.tga,8,8,64,RGBA,True,0,0,64,1,0.3
textures\ui\ui border chinese right middle.tga,ui border chinese right middle.tga,8,8,64,RGBA,True,0,0,64,1,0.3
textures\ui\ui border chinese top left corner.tga,ui border chinese top left corner.tga,32,32,1024,RGBA,True,97,79,848,20,4.0
textures\ui\ui border chinese top middle.tga,ui border chinese top middle.tga,16,16,256,RGBA,True,0,0,256,1,1.0
textures\ui\ui border chinese top right corner.tga,ui border chinese top right corner.tga,32,32,1024,RGBA,True,95,66,863,19,4.0
textures\ui\ui border egypt bottom left corner.tga,ui border egypt bottom left corner.tga,32,32,1024,RGBA,True,272,144,608,86,4.0
textures\ui\ui border egypt bottom middle.tga,ui border egypt bottom middle.tga,16,16,256,RGBA,True,0,0,256,1,1.0
textures\ui\ui border egypt bottom right corner.tga,ui border egypt bottom right corner.tga,32,32,1024,RGBA,True,272,144,608,86,4.0
textures\ui\ui border egypt left middle.tga,ui border egypt left middle.tga,8,8,64,RGBA,True,0,0,64,1,0.3
textures\ui\ui border egypt right middle.tga,ui border egypt right middle.tga,8,8,64,RGBA,True,0,0,64,1,0.3
textures\ui\ui border egypt top left corner.tga,ui border egypt top left corner.tga,32,32,1024,RGBA,True,272,144,608,86,4.0
textures\ui\ui border egypt top middle.tga,ui border egypt top middle.tga,16,16,256,RGBA,True,0,0,256,1,1.0
textures\ui\ui border egypt top right close button clicked.tga,ui border egypt top right close button clicked.tga,32,32,1024,RGBA,True,258,0,766,2,4.0
textures\ui\ui border egypt top right close button rollover.tga,ui border egypt top right close button rollover.tga,32,32,1024,RGBA,True,258,0,766,2,4.0
textures\ui\ui border egypt top right close button.tga,ui border egypt top right close button.tga,32,32,1024,RGBA,True,258,0,766,2,4.0
textures\ui\ui border egypt top right corner.tga,ui border egypt top right corner.tga,32,32,1024,RGBA,True,272,144,608,86,4.0
textures\ui\ui border greek bottom left corner.tga,ui border greek bottom left corner.tga,32,32,1024,RGBA,True,388,20,616,16,4.0
textures\ui\ui border greek bottom middle.tga,ui border greek bottom middle.tga,16,16,256,RGBA,True,0,0,256,1,1.0
textures\ui\ui border greek bottom right corner.tga,ui border greek bottom right corner.tga,32,32,1024,RGBA,True,368,0,656,2,4.0
textures\ui\ui border greek left middle.tga,ui border greek left middle.tga,8,8,64,RGBA,True,0,0,64,1,0.3
textures\ui\ui border greek right middle.tga,ui border greek right middle.tga,8,8,64,RGBA,True,0,0,64,1,0.3
textures\ui\ui border greek top left corner.tga,ui border greek top left corner.tga,32,32,1024,RGBA,True,388,0,636,2,4.0
textures\ui\ui border greek top middle.tga,ui border greek top middle.tga,16,16,256,RGBA,True,0,0,256,1,1.0
textures\ui\ui border greek top right close button clicked.tga,ui border greek top right close button clicked.tga,32,32,1024,RGBA,True,768,0,256,2,4.0
textures\ui\ui border greek top right close button rollover.tga,ui border greek top right close button rollover.tga,32,32,1024,RGBA,True,768,0,256,2,4.0
textures\ui\ui border greek top right close button.tga,ui border greek top right close button.tga,32,32,1024,RGBA,True,768,0,256,2,4.0
textures\ui\ui border greek top right corner.tga,ui border greek top right corner.tga,32,32,1024,RGBA,True,388,0,636,2,4.0
textures\ui\ui border left middle.tga,ui border left middle.tga,64,256,16384,RGBA,True,11264,0,5120,2,64.0
textures\ui\ui border norse bottom left corner.tga,ui border norse bottom left corner.tga,32,32,1024,RGBA,True,311,0,713,2,4.0
textures\ui\ui border norse bottom middle.tga,ui border norse bottom middle.tga,16,16,256,RGBA,True,0,0,256,1,1.0
textures\ui\ui border norse bottom right corner.tga,ui border norse bottom right corner.tga,32,32,1024,RGBA,True,311,0,713,2,4.0
textures\ui\ui border norse left middle.tga,ui border norse left middle.tga,8,8,64,RGBA,True,0,0,64,1,0.3
textures\ui\ui border norse right middle.tga,ui border norse right middle.tga,8,8,64,RGBA,True,0,0,64,1,0.3
textures\ui\ui border norse top left corner.tga,ui border norse top left corner.tga,32,32,1024,RGBA,True,311,0,713,2,4.0
textures\ui\ui border norse top middle.tga,ui border norse top middle.tga,16,16,256,RGBA,True,0,0,256,1,1.0
textures\ui\ui border norse top right close button clicked.tga,ui border norse top right close button clicked.tga,32,32,1024,RGBA,True,193,0,831,2,4.0
textures\ui\ui border norse top right close button rollover.tga,ui border norse top right close button rollover.tga,32,32,1024,RGBA,True,193,0,831,2,4.0
textures\ui\ui border norse top right close button.tga,ui border norse top right close button.tga,32,32,1024,RGBA,True,193,0,831,2,4.0
textures\ui\ui border norse top right corner.tga,ui border norse top right corner.tga,32,32,1024,RGBA,True,311,0,713,2,4.0
textures\ui\ui border right middle.tga,ui border right middle.tga,64,256,16384,RGBA,True,11264,0,5120,2,64.0
textures\ui\ui border top left corner.tga,ui border top left corner.tga,64,128,8192,RGBA,True,6088,4,2100,6,32.0
textures\ui\ui border top middle.tga,ui border top middle.tga,128,32,4096,RGBA,True,2816,1280,0,2,16.0
textures\ui\ui border top right corner.tga,ui border top right corner.tga,64,128,8192,RGBA,True,6032,0,2160,2,32.0
textures\ui\ui border x bottom left corner.tga,ui border x bottom left corner.tga,32,32,1024,RGBA,True,193,122,709,74,4.0
textures\ui\ui border x bottom middle.tga,ui border x bottom middle.tga,16,16,256,RGBA,True,0,0,256,1,1.0
textures\ui\ui border x bottom right corner.tga,ui border x bottom right corner.tga,32,32,1024,RGBA,True,198,108,718,69,4.0
textures\ui\ui border x left middle.tga,ui border x left middle.tga,8,8,64,RGBA,True,0,0,64,1,0.3
textures\ui\ui border x right middle.tga,ui border x right middle.tga,8,8,64,RGBA,True,0,0,64,1,0.3
textures\ui\ui border x top left corner.tga,ui border x top left corner.tga,32,32,1024,RGBA,True,193,122,709,74,4.0
textures\ui\ui border x top middle.tga,ui border x top middle.tga,16,16,256,RGBA,True,0,0,256,1,1.0
textures\ui\ui border x top right corner.tga,ui border x top right corner.tga,32,32,1024,RGBA,True,193,114,717,73,4.0
textures\ui\ui button arrow down 32x64 clicked.tga,ui button arrow down 32x64 clicked.tga,32,64,2048,RGBA,True,852,0,1196,2,8.0
textures\ui\ui button arrow down 32x64 grey.tga,ui button arrow down 32x64 grey.tga,32,64,2048,RGBA,True,852,0,1196,2,8.0
textures\ui\ui button arrow down 32x64 rollover.tga,ui button arrow down 32x64 rollover.tga,32,64,2048,RGBA,True,852,0,1196,2,8.0
textures\ui\ui button arrow down 32x64.tga,ui button arrow down 32x64.tga,32,64,2048,RGBA,True,852,0,1196,2,8.0
textures\ui\ui button arrow left 64x32 clicked.tga,ui button arrow left 64x32 clicked.tga,64,32,2048,RGBA,True,852,0,1196,2,8.0
textures\ui\ui button arrow left 64x32 grey.tga,ui button arrow left 64x32 grey.tga,64,32,2048,RGBA,True,852,0,1196,2,8.0
textures\ui\ui button arrow left 64x32 rollover.tga,ui button arrow left 64x32 rollover.tga,64,32,2048,RGBA,True,852,0,1196,2,8.0
textures\ui\ui button arrow left 64x32.tga,ui button arrow left 64x32.tga,64,32,2048,RGBA,True,852,0,1196,2,8.0
textures\ui\ui button arrow right 64x32 clicked.tga,ui button arrow right 64x32 clicked.tga,64,32,2048,RGBA,True,852,0,1196,2,8.0
textures\ui\ui button arrow right 64x32 grey.tga,ui button arrow right 64x32 grey.tga,64,32,2048,RGBA,True,852,0,1196,2,8.0
textures\ui\ui button arrow right 64x32 rollover.tga,ui button arrow right 64x32 rollover.tga,64,32,2048,RGBA,True,852,0,1196,2,8.0
textures\ui\ui button arrow right 64x32.tga,ui button arrow right 64x32.tga,64,32,2048,RGBA,True,852,0,1196,2,8.0
textures\ui\ui button arrow up 32x64 clicked.tga,ui button arrow up 32x64 clicked.tga,32,64,2048,RGBA,True,852,0,1196,2,8.0
textures\ui\ui button arrow up 32x64 grey.tga,ui button arrow up 32x64 grey.tga,32,64,2048,RGBA,True,852,0,1196,2,8.0
textures\ui\ui button arrow up 32x64 rollover.tga,ui button arrow up 32x64 rollover.tga,32,64,2048,RGBA,True,852,0,1196,2,8.0
textures\ui\ui button arrow up 32x64.tga,ui button arrow up 32x64.tga,32,64,2048,RGBA,True,852,0,1196,2,8.0
textures\ui\ui button check box 32x32 clicked.tga,ui button check box 32x32 clicked.tga,32,32,1024,RGBA,True,540,0,484,2,4.0
textures\ui\ui button check box 32x32 green.tga,ui button check box 32x32 green.tga,32,32,1024,RGBA,True,552,0,472,2,4.0
textures\ui\ui button check box 32x32 grey.tga,ui button check box 32x32 grey.tga,32,32,1024,RGBA,True,0,0,1024,1,4.0
textures\ui\ui button check box 32x32 red.tga,ui button check box 32x32 red.tga,32,32,1024,RGBA,True,552,0,472,2,4.0
textures\ui\ui button check box 32x32 rollover.tga,ui button check box 32x32 rollover.tga,32,32,1024,RGBA,True,760,0,264,2,4.0
textures\ui\ui button check box 32x32.tga,ui button check box 32x32.tga,32,32,1024,RGBA,True,540,0,484,2,4.0
textures\ui\ui button check box checked grey.tga,ui button check box checked grey.tga,32,32,1024,RGBA,True,0,0,1024,1,4.0
textures\ui\ui button check box green.tga,ui button check box green.tga,32,32,1024,RGBA,True,552,0,472,2,4.0
textures\ui\ui button check box red.tga,ui button check box red.tga,32,32,1024,RGBA,True,552,0,472,2,4.0
textures\ui\ui button long 128x32 blue.tga,ui button long 128x32 blue.tga,128,32,4096,RGBA,True,212,0,3884,2,16.0
textures\ui\ui button long 128x32 clicked blue.tga,ui button long 128x32 clicked blue.tga,128,32,4096,RGBA,True,212,0,3884,2,16.0
textures\ui\ui button long 128x32 clicked.tga,ui button long 128x32 clicked.tga,128,32,4096,RGBA,True,0,0,4096,1,16.0
textures\ui\ui button long 128x32 grey.tga,ui button long 128x32 grey.tga,128,32,4096,RGBA,True,0,0,4096,1,16.0
textures\ui\ui button long 128x32 rollover blue.tga,ui button long 128x32 rollover blue.tga,128,32,4096,RGBA,True,212,0,3884,2,16.0
textures\ui\ui button long 128x32 rollover.tga,ui button long 128x32 rollover.tga,128,32,4096,RGBA,True,0,0,4096,1,16.0
textures\ui\ui button long 128x32.tga,ui button long 128x32.tga,128,32,4096,RGBA,True,0,0,4096,1,16.0
textures\ui\ui button long 160x32 blue.tga,ui button long 160x32 blue.tga,256,32,8192,RGBA,True,3252,0,4940,2,32.0
textures\ui\ui button long 160x32 clicked blue.tga,ui button long 160x32 clicked blue.tga,256,32,8192,RGBA,True,3252,0,4940,2,32.0
textures\ui\ui button long 160x32 clicked.tga,ui button long 160x32 clicked.tga,256,32,8192,RGBA,True,3104,0,5088,2,32.0
textures\ui\ui button long 160x32 rollover blue.tga,ui button long 160x32 rollover blue.tga,256,32,8192,RGBA,True,3252,0,4940,2,32.0
textures\ui\ui button long 160x32 rollover.tga,ui button long 160x32 rollover.tga,256,32,8192,RGBA,True,3104,0,5088,2,32.0
textures\ui\ui button long 160x32.tga,ui button long 160x32.tga,256,32,8192,RGBA,True,3104,0,5088,2,32.0
textures\ui\ui button long 192x32 blue.tga,ui button long 192x32 blue.tga,256,32,8192,RGBA,True,2260,0,5932,2,32.0
textures\ui\ui button long 192x32 clicked blue.tga,ui button long 192x32 clicked blue.tga,256,32,8192,RGBA,True,2260,0,5932,2,32.0
textures\ui\ui button long 192x32 clicked.tga,ui button long 192x32 clicked.tga,256,32,8192,RGBA,True,2112,0,6080,2,32.0
textures\ui\ui button long 192x32 grey.tga,ui button long 192x32 grey.tga,256,32,8192,RGBA,True,2112,0,6080,2,32.0
textures\ui\ui button long 192x32 rollover blue.tga,ui button long 192x32 rollover blue.tga,256,32,8192,RGBA,True,2260,0,5932,2,32.0
textures\ui\ui button long 192x32 rollover.tga,ui button long 192x32 rollover.tga,256,32,8192,RGBA,True,2112,0,6080,2,32.0
textures\ui\ui button long 192x32.tga,ui button long 192x32.tga,256,32,8192,RGBA,True,2112,0,6080,2,32.0
textures\ui\ui button long 224x32 blue.tga,ui button long 224x32 blue.tga,256,32,8192,RGBA,True,1236,0,6956,2,32.0
textures\ui\ui button long 224x32 clicked blue.tga,ui button long 224x32 clicked blue.tga,256,32,8192,RGBA,True,1236,0,6956,2,32.0
textures\ui\ui button long 224x32 clicked.tga,ui button long 224x32 clicked.tga,256,32,8192,RGBA,True,1088,0,7104,2,32.0
textures\ui\ui button long 224x32 rollover blue.tga,ui button long 224x32 rollover blue.tga,256,32,8192,RGBA,True,1236,0,6956,2,32.0
textures\ui\ui button long 224x32 rollover.tga,ui button long 224x32 rollover.tga,256,32,8192,RGBA,True,1088,0,7104,2,32.0
textures\ui\ui button long 224x32.tga,ui button long 224x32.tga,256,32,8192,RGBA,True,1088,0,7104,2,32.0
textures\ui\ui button long 256x32 blue.tga,ui button long 256x32 blue.tga,256,32,8192,RGBA,True,212,0,7980,2,32.0
textures\ui\ui button long 256x32 clicked blue.tga,ui button long 256x32 clicked blue.tga,256,32,8192,RGBA,True,212,0,7980,2,32.0
textures\ui\ui button long 256x32 clicked.tga,ui button long 256x32 clicked.tga,256,32,8192,RGBA,True,32,0,8160,2,32.0
textures\ui\ui button long 256x32 rollover blue.tga,ui button long 256x32 rollover blue.tga,256,32,8192,RGBA,True,212,0,7980,2,32.0
textures\ui\ui button long 256x32 rollover.tga,ui button long 256x32 rollover.tga,256,32,8192,RGBA,True,32,0,8160,2,32.0
textures\ui\ui button long 256x32.tga,ui button long 256x32.tga,256,32,8192,RGBA,True,64,0,8128,2,32.0
textures\ui\ui button long 96x32 blue.tga,ui button long 96x32 blue.tga,128,32,4096,RGBA,True,1204,0,2892,2,16.0
textures\ui\ui button long 96x32 clicked blue.tga,ui button long 96x32 clicked blue.tga,128,32,4096,RGBA,True,1204,0,2892,2,16.0
textures\ui\ui button long 96x32 clicked.tga,ui button long 96x32 clicked.tga,128,32,4096,RGBA,True,1056,0,3040,2,16.0
textures\ui\ui button long 96x32 rollover blue.tga,ui button long 96x32 rollover blue.tga,128,32,4096,RGBA,True,1204,0,2892,2,16.0
textures\ui\ui button long 96x32 rollover.tga,ui button long 96x32 rollover.tga,128,32,4096,RGBA,True,1056,0,3040,2,16.0
textures\ui\ui button long 96x32.tga,ui button long 96x32.tga,128,32,4096,RGBA,True,1056,0,3040,2,16.0
textures\ui\ui button long skinny 128x32 clicked.tga,ui button long skinny 128x32 clicked.tga,128,32,4096,RGBA,True,956,0,3140,2,16.0
textures\ui\ui button long skinny 128x32 rollover.tga,ui button long skinny 128x32 rollover.tga,128,32,4096,RGBA,True,956,0,3140,2,16.0
textures\ui\ui button long skinny 128x32.tga,ui button long skinny 128x32.tga,128,32,4096,RGBA,True,956,0,3140,2,16.0
textures\ui\ui button long skinny 160x32 clicked.tga,ui button long skinny 160x32 clicked.tga,256,32,8192,RGBA,True,4220,0,3972,2,32.0
textures\ui\ui button long skinny 160x32 rollover.tga,ui button long skinny 160x32 rollover.tga,256,32,8192,RGBA,True,4220,0,3972,2,32.0
textures\ui\ui button long skinny 160x32.tga,ui button long skinny 160x32.tga,256,32,8192,RGBA,True,4220,0,3972,2,32.0
textures\ui\ui button long skinny 192x32 clicked.tga,ui button long skinny 192x32 clicked.tga,256,32,8192,RGBA,True,3388,0,4804,2,32.0
textures\ui\ui button long skinny 192x32 grey.tga,ui button long skinny 192x32 grey.tga,256,32,8192,RGBA,True,3388,0,4804,2,32.0
textures\ui\ui button long skinny 192x32 rollover.tga,ui button long skinny 192x32 rollover.tga,256,32,8192,RGBA,True,3388,0,4804,2,32.0
textures\ui\ui button long skinny 192x32.tga,ui button long skinny 192x32.tga,256,32,8192,RGBA,True,3388,0,4804,2,32.0
textures\ui\ui button long skinny 224x32 clicked.tga,ui button long skinny 224x32 clicked.tga,256,32,8192,RGBA,True,2556,0,5636,2,32.0
textures\ui\ui button long skinny 224x32 rollover.tga,ui button long skinny 224x32 rollover.tga,256,32,8192,RGBA,True,2556,0,5636,2,32.0
textures\ui\ui button long skinny 224x32.tga,ui button long skinny 224x32.tga,256,32,8192,RGBA,True,2556,0,5636,2,32.0
textures\ui\ui button long skinny 256x32 clicked.tga,ui button long skinny 256x32 clicked.tga,256,32,8192,RGBA,True,1724,0,6468,2,32.0
textures\ui\ui button long skinny 256x32 rollover.tga,ui button long skinny 256x32 rollover.tga,256,32,8192,RGBA,True,1724,0,6468,2,32.0
textures\ui\ui button long skinny 256x32.tga,ui button long skinny 256x32.tga,256,32,8192,RGBA,True,1724,0,6468,2,32.0
textures\ui\ui button long skinny 96x32 clicked.tga,ui button long skinny 96x32 clicked.tga,128,32,4096,RGBA,True,1788,0,2308,2,16.0
textures\ui\ui button long skinny 96x32 rollover.tga,ui button long skinny 96x32 rollover.tga,128,32,4096,RGBA,True,1788,0,2308,2,16.0
textures\ui\ui button long skinny 96x32.tga,ui button long skinny 96x32.tga,128,32,4096,RGBA,True,1788,0,2308,2,16.0
textures\ui\ui button radial 24x24 clicked.tga,ui button radial 24x24 clicked.tga,32,32,1024,RGBA,True,576,0,448,2,4.0
textures\ui\ui button radial 24x24 grey.tga,ui button radial 24x24 grey.tga,32,32,1024,RGBA,True,576,0,448,2,4.0
textures\ui\ui button radial 24x24 rollover.tga,ui button radial 24x24 rollover.tga,32,32,1024,RGBA,True,790,234,0,16,4.0
textures\ui\ui button radial 24x24.tga,ui button radial 24x24.tga,32,32,1024,RGBA,True,576,0,448,2,4.0
textures\ui\ui button radial 32x32 clicked.tga,ui button radial 32x32 clicked.tga,32,32,1024,RGBA,True,0,0,1024,1,4.0
textures\ui\ui button radial 32x32 grey.tga,ui button radial 32x32 grey.tga,32,32,1024,RGBA,True,0,0,1024,1,4.0
textures\ui\ui button radial 32x32 rollover.tga,ui button radial 32x32 rollover.tga,32,32,1024,RGBA,True,7,1017,0,16,4.0
textures\ui\ui button radial 32x32 selected grey.tga,ui button radial 32x32 selected grey.tga,32,32,1024,RGBA,True,0,0,1024,1,4.0
textures\ui\ui button radial 32x32.tga,ui button radial 32x32.tga,32,32,1024,RGBA,True,0,0,1024,1,4.0
textures\ui\ui button slider arrow down 32x32 clicked.tga,ui button slider arrow down 32x32 clicked.tga,32,32,1024,RGBA,True,0,0,1024,1,4.0
textures\ui\ui button slider arrow down 32x32 grey.tga,ui button slider arrow down 32x32 grey.tga,32,32,1024,RGBA,True,0,0,1024,1,4.0
textures\ui\ui button slider arrow down 32x32 rollover.tga,ui button slider arrow down 32x32 rollover.tga,32,32,1024,RGBA,True,0,0,1024,1,4.0
textures\ui\ui button slider arrow down 32x32.tga,ui button slider arrow down 32x32.tga,32,32,1024,RGBA,True,0,0,1024,1,4.0
textures\ui\ui button slider arrow left 32x32 clicked.tga,ui button slider arrow left 32x32 clicked.tga,32,32,1024,RGBA,True,0,0,1024,1,4.0
textures\ui\ui button slider arrow left 32x32 grey.tga,ui button slider arrow left 32x32 grey.tga,32,32,1024,RGBA,True,0,0,1024,1,4.0
textures\ui\ui button slider arrow left 32x32 rollover.tga,ui button slider arrow left 32x32 rollover.tga,32,32,1024,RGBA,True,0,0,1024,1,4.0
textures\ui\ui button slider arrow left 32x32.tga,ui button slider arrow left 32x32.tga,32,32,1024,RGBA,True,624,0,400,2,4.0
textures\ui\ui button slider arrow right 32x32 clicked.tga,ui button slider arrow right 32x32 clicked.tga,32,32,1024,RGBA,True,0,0,1024,1,4.0
textures\ui\ui button slider arrow right 32x32 grey.tga,ui button slider arrow right 32x32 grey.tga,32,32,1024,RGBA,True,0,0,1024,1,4.0
textures\ui\ui button slider arrow right 32x32 rollover.tga,ui button slider arrow right 32x32 rollover.tga,32,32,1024,RGBA,True,0,0,1024,1,4.0
textures\ui\ui button slider arrow right 32x32.tga,ui button slider arrow right 32x32.tga,32,32,1024,RGBA,True,0,0,1024,1,4.0
textures\ui\ui button slider arrow up 32x32 clicked.tga,ui button slider arrow up 32x32 clicked.tga,32,32,1024,RGBA,True,0,0,1024,1,4.0
textures\ui\ui button slider arrow up 32x32 grey.tga,ui button slider arrow up 32x32 grey.tga,32,32,1024,RGBA,True,0,0,1024,1,4.0
textures\ui\ui button slider arrow up 32x32 rollover.tga,ui button slider arrow up 32x32 rollover.tga,32,32,1024,RGBA,True,0,0,1024,1,4.0
textures\ui\ui button slider arrow up 32x32.tga,ui button slider arrow up 32x32.tga,32,32,1024,RGBA,True,0,0,1024,1,4.0
textures\ui\ui button tab down 128x32.tga,ui button tab down 128x32.tga,128,32,4096,RGBA,True,276,0,3820,2,16.0
textures\ui\ui button tab down 152x32.tga,ui button tab down 152x32.tga,256,32,8192,RGBA,True,3556,0,4636,2,32.0
textures\ui\ui button tab friends list.tga,ui button tab friends list.tga,256,32,8192,RGBA,True,1960,0,6232,2,32.0
textures\ui\ui button tab up 128x32.tga,ui button tab up 128x32.tga,128,32,4096,RGBA,True,3085,0,1011,2,16.0
textures\ui\ui button tab up 152x32.tga,ui button tab up 152x32.tga,256,32,8192,RGBA,True,6668,0,1524,2,32.0
textures\ui\ui dlc icon 64x64.tga,ui dlc icon 64x64.tga,64,64,4096,RGBA,True,768,227,3101,85,16.0
textures\ui\ui dot net passport logo.tga,ui dot net passport logo.tga,128,32,4096,RGBA,True,0,0,4096,1,16.0
textures\ui\ui eso friends aom 16x16.tga,ui eso friends aom 16x16.tga,16,16,256,RGBA,True,74,0,182,2,1.0
textures\ui\ui eso friends unknown 16x16.tga,ui eso friends unknown 16x16.tga,16,16,256,RGBA,True,196,0,60,2,1.0
textures\ui\ui eso friends xpack 16x16.tga,ui eso friends xpack 16x16.tga,16,16,256,RGBA,True,81,0,175,2,1.0
textures\ui\ui god all random 128x128.tga,ui god all random 128x128.tga,128,128,16384,RGBA,True,5087,0,11297,2,64.0
textures\ui\ui god all random 256x256.tga,ui god all random 256x256.tga,256,256,65536,RGBA,True,20470,0,45066,2,256.0
textures\ui\ui god all random 32x32.tga,ui god all random 32x32.tga,32,32,1024,RGBA,True,212,0,812,2,4.0
textures\ui\ui god all random 64x64.tga,ui god all random 64x64.tga,64,64,4096,RGBA,True,1266,0,2830,2,16.0
textures\ui\ui god atlantean random 128x128.tga,ui god atlantean random 128x128.tga,128,128,16384,RGBA,True,5124,0,11260,2,64.0
textures\ui\ui god atlantean random 256x256.tga,ui god atlantean random 256x256.tga,256,256,65536,RGBA,True,20511,0,45025,2,256.0
textures\ui\ui god atlantean random 32x32.tga,ui god atlantean random 32x32.tga,32,32,1024,RGBA,True,212,0,812,2,4.0
textures\ui\ui god atlantean random 64x64.tga,ui god atlantean random 64x64.tga,64,64,4096,RGBA,True,1279,0,2817,2,16.0
textures\ui\ui god base all random 128x128.tga,ui god base all random 128x128.tga,128,128,16384,RGBA,True,5087,0,11297,2,64.0
textures\ui\ui god base all random 256x256.tga,ui god base all random 256x256.tga,256,256,65536,RGBA,True,20470,0,45066,2,256.0
textures\ui\ui god base all random 32x32.tga,ui god base all random 32x32.tga,32,32,1024,RGBA,True,212,0,812,2,4.0
textures\ui\ui god base all random 64x64.tga,ui god base all random 64x64.tga,64,64,4096,RGBA,True,1266,0,2830,2,16.0
textures\ui\ui god boarder highlight 128x128.tga,ui god boarder highlight 128x128.tga,128,128,16384,RGBA,True,12276,4108,0,16,64.0
textures\ui\ui god boarder highlight 256x256.tga,ui god boarder highlight 256x256.tga,256,256,65536,RGBA,True,48769,16767,0,16,256.0
textures\ui\ui god chinese random 256x256.tga,ui god chinese random 256x256.tga,256,256,65536,RGBA,True,18070,47466,0,16,256.0
textures\ui\ui god chinese random 32x32.tga,ui god chinese random 32x32.tga,32,32,1024,RGBA,True,212,0,812,2,4.0
textures\ui\ui god egypt random 128x128.tga,ui god egypt random 128x128.tga,128,128,16384,RGBA,True,4493,11891,0,16,64.0
textures\ui\ui god egypt random 256x256.tga,ui god egypt random 256x256.tga,256,256,65536,RGBA,True,18070,47466,0,16,256.0
textures\ui\ui god egypt random 32x32.tga,ui god egypt random 32x32.tga,32,32,1024,RGBA,True,212,812,0,2,4.0
textures\ui\ui god egypt random 64x64.tga,ui god egypt random 64x64.tga,64,64,4096,RGBA,True,1091,3005,0,16,16.0
textures\ui\ui god fuxi 128x128.tga,ui god fuxi 128x128.tga,128,128,16384,RGBA,True,4468,11675,241,237,64.0
textures\ui\ui god fuxi 256x256.tga,ui god fuxi 256x256.tga,256,256,65536,RGBA,True,18070,47466,0,16,256.0
textures\ui\ui god fuxi 32x32.tga,ui god fuxi 32x32.tga,32,32,1024,RGBA,True,212,0,812,2,4.0
textures\ui\ui god fuxi 64x64.tga,ui god fuxi 64x64.tga,64,64,4096,RGBA,True,1090,2873,133,173,16.0
textures\ui\ui god gaia 128x128.tga,ui god gaia 128x128.tga,128,128,16384,RGBA,True,5124,0,11260,2,64.0
textures\ui\ui god gaia 256x256.tga,ui god gaia 256x256.tga,256,256,65536,RGBA,True,20511,0,45025,2,256.0
textures\ui\ui god gaia 32x32.tga,ui god gaia 32x32.tga,32,32,1024,RGBA,True,212,0,812,2,4.0
textures\ui\ui god gaia 64x64.tga,ui god gaia 64x64.tga,64,64,4096,RGBA,True,1279,0,2817,2,16.0
textures\ui\ui god greek random 128x128.tga,ui god greek random 128x128.tga,128,128,16384,RGBA,True,4493,11891,0,16,64.0
textures\ui\ui god greek random 256x256.tga,ui god greek random 256x256.tga,256,256,65536,RGBA,True,18070,47466,0,16,256.0
textures\ui\ui god greek random 32x32.tga,ui god greek random 32x32.tga,32,32,1024,RGBA,True,212,812,0,2,4.0
textures\ui\ui god greek random 64x64.tga,ui god greek random 64x64.tga,64,64,4096,RGBA,True,1091,3005,0,16,16.0
textures\ui\ui god hades 128x128.tga,ui god hades 128x128.tga,128,128,16384,RGBA,True,5087,0,11297,2,64.0
textures\ui\ui god hades 256x256.tga,ui god hades 256x256.tga,256,256,65536,RGBA,True,18070,47466,0,16,256.0
textures\ui\ui god hades 32x32.tga,ui god hades 32x32.tga,32,32,1024,RGBA,True,212,0,812,2,4.0
textures\ui\ui god hades 64x64.tga,ui god hades 64x64.tga,64,64,4096,RGBA,True,1266,0,2830,2,16.0
textures\ui\ui god isis 128x128.tga,ui god isis 128x128.tga,128,128,16384,RGBA,True,5087,0,11297,2,64.0
textures\ui\ui god isis 256x256.tga,ui god isis 256x256.tga,256,256,65536,RGBA,True,18070,47466,0,16,256.0
textures\ui\ui god isis 32x32.tga,ui god isis 32x32.tga,32,32,1024,RGBA,True,212,0,812,2,4.0
textures\ui\ui god isis 64x64.tga,ui god isis 64x64.tga,64,64,4096,RGBA,True,1266,0,2830,2,16.0
textures\ui\ui god kronos 128x128.tga,ui god kronos 128x128.tga,128,128,16384,RGBA,True,5124,0,11260,2,64.0
textures\ui\ui god kronos 256x256.tga,ui god kronos 256x256.tga,256,256,65536,RGBA,True,20511,0,45025,2,256.0
textures\ui\ui god kronos 32x32.tga,ui god kronos 32x32.tga,32,32,1024,RGBA,True,212,0,812,2,4.0
textures\ui\ui god kronos 64x64.tga,ui god kronos 64x64.tga,64,64,4096,RGBA,True,1279,0,2817,2,16.0
textures\ui\ui god loki 128x128.tga,ui god loki 128x128.tga,128,128,16384,RGBA,True,5087,0,11297,2,64.0
textures\ui\ui god loki 256x256.tga,ui god loki 256x256.tga,256,256,65536,RGBA,True,18070,47466,0,16,256.0
textures\ui\ui god loki 32x32.tga,ui god loki 32x32.tga,32,32,1024,RGBA,True,212,0,812,2,4.0
textures\ui\ui god loki 64x64.tga,ui god loki 64x64.tga,64,64,4096,RGBA,True,1266,0,2830,2,16.0
textures\ui\ui god norse random 128x128.tga,ui god norse random 128x128.tga,128,128,16384,RGBA,True,4493,11891,0,16,64.0
textures\ui\ui god norse random 256x256.tga,ui god norse random 256x256.tga,256,256,65536,RGBA,True,18070,47466,0,16,256.0
textures\ui\ui god norse random 32x32.tga,ui god norse random 32x32.tga,32,32,1024,RGBA,True,212,812,0,2,4.0
textures\ui\ui god norse random 64x64.tga,ui god norse random 64x64.tga,64,64,4096,RGBA,True,1091,3005,0,16,16.0
textures\ui\ui god nuwa 128x128.tga,ui god nuwa 128x128.tga,128,128,16384,RGBA,True,4468,11675,241,237,64.0
textures\ui\ui god nuwa 256x256.tga,ui god nuwa 256x256.tga,256,256,65536,RGBA,True,18070,47466,0,16,256.0
textures\ui\ui god nuwa 32x32.tga,ui god nuwa 32x32.tga,32,32,1024,RGBA,True,212,0,812,2,4.0
textures\ui\ui god nuwa 64x64.tga,ui god nuwa 64x64.tga,64,64,4096,RGBA,True,1090,2873,133,173,16.0
textures\ui\ui god odin 128x128.tga,ui god odin 128x128.tga,128,128,16384,RGBA,True,5087,0,11297,2,64.0
textures\ui\ui god odin 256x256.tga,ui god odin 256x256.tga,256,256,65536,RGBA,True,18070,47466,0,16,256.0
textures\ui\ui god odin 32x32.tga,ui god odin 32x32.tga,32,32,1024,RGBA,True,212,0,812,2,4.0
textures\ui\ui god odin 64x64.tga,ui god odin 64x64.tga,64,64,4096,RGBA,True,1266,0,2830,2,16.0
textures\ui\ui god oranos 128x128.tga,ui god oranos 128x128.tga,128,128,16384,RGBA,True,5124,0,11260,2,64.0
textures\ui\ui god oranos 256x256.tga,ui god oranos 256x256.tga,256,256,65536,RGBA,True,20511,0,45025,2,256.0
textures\ui\ui god oranos 32x32.tga,ui god oranos 32x32.tga,32,32,1024,RGBA,True,212,0,812,2,4.0
textures\ui\ui god oranos 64x64.tga,ui god oranos 64x64.tga,64,64,4096,RGBA,True,1279,0,2817,2,16.0
textures\ui\ui god poseidon 128x128.tga,ui god poseidon 128x128.tga,128,128,16384,RGBA,True,5087,0,11297,2,64.0
textures\ui\ui god poseidon 256x256.tga,ui god poseidon 256x256.tga,256,256,65536,RGBA,True,18070,47466,0,16,256.0
textures\ui\ui god poseidon 32x32.tga,ui god poseidon 32x32.tga,32,32,1024,RGBA,True,212,0,812,2,4.0
textures\ui\ui god poseidon 64x64.tga,ui god poseidon 64x64.tga,64,64,4096,RGBA,True,1266,0,2830,2,16.0
textures\ui\ui god ra 128x128.tga,ui god ra 128x128.tga,128,128,16384,RGBA,True,5087,0,11297,2,64.0
textures\ui\ui god ra 256x256.tga,ui god ra 256x256.tga,256,256,65536,RGBA,True,18070,47466,0,16,256.0
textures\ui\ui god ra 32x32.tga,ui god ra 32x32.tga,32,32,1024,RGBA,True,212,0,812,2,4.0
textures\ui\ui god ra 64x64.tga,ui god ra 64x64.tga,64,64,4096,RGBA,True,1266,0,2830,2,16.0
textures\ui\ui god set 128x128.tga,ui god set 128x128.tga,128,128,16384,RGBA,True,5087,0,11297,2,64.0
textures\ui\ui god set 256x256.tga,ui god set 256x256.tga,256,256,65536,RGBA,True,18070,47466,0,16,256.0
textures\ui\ui god set 32x32.tga,ui god set 32x32.tga,32,32,1024,RGBA,True,212,0,812,2,4.0
textures\ui\ui god set 64x64.tga,ui god set 64x64.tga,64,64,4096,RGBA,True,1266,0,2830,2,16.0
textures\ui\ui god shennong 128x128.tga,ui god shennong 128x128.tga,128,128,16384,RGBA,True,4468,11675,241,237,64.0
textures\ui\ui god shennong 256x256.tga,ui god shennong 256x256.tga,256,256,65536,RGBA,True,18070,47466,0,16,256.0
textures\ui\ui god shennong 32x32.tga,ui god shennong 32x32.tga,32,32,1024,RGBA,True,212,0,812,2,4.0
textures\ui\ui god shennong 64x64.tga,ui god shennong 64x64.tga,64,64,4096,RGBA,True,1090,2873,133,173,16.0
textures\ui\ui god thor 128x128.tga,ui god thor 128x128.tga,128,128,16384,RGBA,True,5085,0,11299,2,64.0
textures\ui\ui god thor 256x256.tga,ui god thor 256x256.tga,256,256,65536,RGBA,True,18057,47479,0,16,256.0
textures\ui\ui god thor 32x32.tga,ui god thor 32x32.tga,32,32,1024,RGBA,True,212,0,812,2,4.0
textures\ui\ui god thor 64x64.tga,ui god thor 64x64.tga,64,64,4096,RGBA,True,1265,0,2831,2,16.0
textures\ui\ui god zeus 128x128.tga,ui god zeus 128x128.tga,128,128,16384,RGBA,True,5085,0,11299,2,64.0
textures\ui\ui god zeus 256x256.tga,ui god zeus 256x256.tga,256,256,65536,RGBA,True,20375,0,45161,2,256.0
textures\ui\ui god zeus 32x32.tga,ui god zeus 32x32.tga,32,32,1024,RGBA,True,212,0,812,2,4.0
textures\ui\ui god zeus 64x64.tga,ui god zeus 64x64.tga,64,64,4096,RGBA,True,1265,0,2831,2,16.0
textures\ui\ui icon button clicked.tga,ui icon button clicked.tga,64,64,4096,RGBA,True,0,0,4096,1,16.0
textures\ui\ui icon button foreground film.tga,ui icon button foreground film.tga,64,64,4096,RGBA,True,2837,1149,110,177,16.0
textures\ui\ui icon button foreground history.tga,ui icon button foreground history.tga,64,64,4096,RGBA,True,3177,541,378,182,16.0
textures\ui\ui icon button foreground options.tga,ui icon button foreground options.tga,64,64,4096,RGBA,True,2981,376,739,181,16.0
textures\ui\ui icon button foreground steam.tga,ui icon button foreground steam.tga,64,64,4096,RGBA,True,3379,438,279,197,16.0
textures\ui\ui icon button rollover.tga,ui icon button rollover.tga,64,64,4096,RGBA,True,0,0,4096,1,16.0
textures\ui\ui icon button.tga,ui icon button.tga,64,64,4096,RGBA,True,0,0,4096,1,16.0
textures\ui\ui line yellow vertical.tga,ui line yellow vertical.tga,8,256,2048,RGBA,True,24,2016,8,221,8.0
textures\ui\ui line yellow.tga,ui line yellow.tga,256,8,2048,RGBA,True,0,2040,8,227,8.0
textures\ui\ui map acropolis 128x128.tga,ui map acropolis 128x128.tga,128,128,16384,RGBA,True,5792,0,10592,2,64.0
textures\ui\ui map acropolis 256x256.tga,ui map acropolis 256x256.tga,256,256,65536,RGBA,True,23264,0,42272,2,256.0
textures\ui\ui map alfheim 128x128.tga,ui map alfheim 128x128.tga,128,128,16384,RGBA,True,5792,0,10592,2,64.0
textures\ui\ui map alfheim 256x256.tga,ui map alfheim 256x256.tga,256,256,65536,RGBA,True,23264,0,42272,2,256.0
textures\ui\ui map altheim 128x128.tga,ui map altheim 128x128.tga,128,128,16384,RGBA,True,5792,0,10592,2,64.0
textures\ui\ui map altheim 256x256.tga,ui map altheim 256x256.tga,256,256,65536,RGBA,True,23264,0,42272,2,256.0
textures\ui\ui map anatolia 128x128.tga,ui map anatolia 128x128.tga,128,128,16384,RGBA,True,5792,0,10592,2,64.0
textures\ui\ui map anatolia 256x256.tga,ui map anatolia 256x256.tga,256,256,65536,RGBA,True,23264,0,42272,2,256.0
textures\ui\ui map any 128x128.tga,ui map any 128x128.tga,128,128,16384,RGBA,True,5792,0,10592,2,64.0
textures\ui\ui map any 256x256.tga,ui map any 256x256.tga,256,256,65536,RGBA,True,23264,0,42272,2,256.0
textures\ui\ui map archipelago 128x128.tga,ui map archipelago 128x128.tga,128,128,16384,RGBA,True,5792,0,10592,2,64.0
textures\ui\ui map archipelago 256x256.tga,ui map archipelago 256x256.tga,256,256,65536,RGBA,True,23264,0,42272,2,256.0
textures\ui\ui map basin 256x256.tga,ui map basin 256x256.tga,256,256,65536,RGBA,True,23264,0,42272,2,256.0
textures\ui\ui map black sea 128x128.tga,ui map black sea 128x128.tga,128,128,16384,RGBA,True,5792,0,10592,2,64.0
textures\ui\ui map black sea 256x256.tga,ui map black sea 256x256.tga,256,256,65536,RGBA,True,23264,0,42272,2,256.0
textures\ui\ui map blue lagoon.tga,ui map blue lagoon.tga,256,256,65536,RGBA,True,22138,43398,0,2,256.0
textures\ui\ui map boarder highlight 128x128.tga,ui map boarder highlight 128x128.tga,128,128,16384,RGBA,True,12276,4108,0,16,64.0
textures\ui\ui map boarder highlight 256x256.tga,ui map boarder highlight 256x256.tga,256,256,65536,RGBA,True,48769,16767,0,16,256.0
textures\ui\ui map boarder template 128x128.tga,ui map boarder template 128x128.tga,128,128,16384,RGBA,True,10904,5480,0,16,64.0
textures\ui\ui map boarder template 256x256.tga,ui map boarder template 256x256.tga,256,256,65536,RGBA,True,44325,21211,0,16,256.0
textures\ui\ui map deep jungle 256x256.tga,ui map deep jungle 256x256.tga,256,256,65536,RGBA,True,23264,0,42272,2,256.0
textures\ui\ui map erebus 128x128.tga,ui map erebus 128x128.tga,128,128,16384,RGBA,True,5792,0,10592,2,64.0
textures\ui\ui map erebus 256x256.tga,ui map erebus 256x256.tga,256,256,65536,RGBA,True,23264,0,42272,2,256.0
textures\ui\ui map fgc 128x128.tga,ui map fgc 128x128.tga,128,128,16384,RGBA,True,0,0,16384,1,64.0
textures\ui\ui map fgc 256x256.tga,ui map fgc 256x256.tga,256,256,65536,RGBA,True,23264,0,42272,2,256.0
textures\ui\ui map ghost lake 128x128.tga,ui map ghost lake 128x128.tga,128,128,16384,RGBA,True,5792,0,10592,2,64.0
textures\ui\ui map ghost lake 256x256.tga,ui map ghost lake 256x256.tga,256,256,65536,RGBA,True,23264,0,42272,2,256.0
textures\ui\ui map golden fleece 128x128.tga,ui map golden fleece 128x128.tga,128,128,16384,RGBA,True,5792,0,10592,2,64.0
textures\ui\ui map golden fleece 256x256.tga,ui map golden fleece 256x256.tga,256,256,65536,RGBA,True,23264,0,42272,2,256.0
textures\ui\ui map highland 128x128.tga,ui map highland 128x128.tga,128,128,16384,RGBA,True,0,0,16384,1,64.0
textures\ui\ui map highland 256x256.tga,ui map highland 256x256.tga,256,256,65536,RGBA,True,23264,0,42272,2,256.0
textures\ui\ui map islands 128x128.tga,ui map islands 128x128.tga,128,128,16384,RGBA,True,5792,0,10592,2,64.0
textures\ui\ui map islands 256x256.tga,ui map islands 256x256.tga,256,256,65536,RGBA,True,23264,0,42272,2,256.0
textures\ui\ui map jotunheim 128x128.tga,ui map jotunheim 128x128.tga,128,128,16384,RGBA,True,5792,0,10592,2,64.0
textures\ui\ui map jotunheim 256x256.tga,ui map jotunheim 256x256.tga,256,256,65536,RGBA,True,23264,0,42272,2,256.0
textures\ui\ui map king of the hill 128x128.tga,ui map king of the hill 128x128.tga,128,128,16384,RGBA,True,5792,0,10592,2,64.0
textures\ui\ui map king of the hill 256x256.tga,ui map king of the hill 256x256.tga,256,256,65536,RGBA,True,23264,0,42272,2,256.0
textures\ui\ui map land unknown 128x128.tga,ui map land unknown 128x128.tga,128,128,16384,RGBA,True,5792,0,10592,2,64.0
textures\ui\ui map land unknown 256x256.tga,ui map land unknown 256x256.tga,256,256,65536,RGBA,True,23264,0,42272,2,256.0
textures\ui\ui map marsh 128x128.tga,ui map marsh 128x128.tga,128,128,16384,RGBA,True,0,0,16384,1,64.0
textures\ui\ui map marsh 256x256.tga,ui map marsh 256x256.tga,256,256,65536,RGBA,True,23264,0,42272,2,256.0
textures\ui\ui map mediterranean 128x128.tga,ui map mediterranean 128x128.tga,128,128,16384,RGBA,True,5792,0,10592,2,64.0
textures\ui\ui map mediterranean 256x256.tga,ui map mediterranean 256x256.tga,256,256,65536,RGBA,True,23264,0,42272,2,256.0
textures\ui\ui map megalopolis 128x128.tga,ui map megalopolis 128x128.tga,128,128,16384,RGBA,True,5792,0,10592,2,64.0
textures\ui\ui map megalopolis 256x256.tga,ui map megalopolis 256x256.tga,256,256,65536,RGBA,True,23264,0,42272,2,256.0
textures\ui\ui map midgard 128x128.tga,ui map midgard 128x128.tga,128,128,16384,RGBA,True,5792,0,10592,2,64.0
textures\ui\ui map midgard 256x256.tga,ui map midgard 256x256.tga,256,256,65536,RGBA,True,23264,0,42272,2,256.0
textures\ui\ui map missing 128x128.tga,ui map missing 128x128.tga,128,128,16384,RGBA,True,5792,0,10592,2,64.0
textures\ui\ui map missing 256x256.tga,ui map missing 256x256.tga,256,256,65536,RGBA,True,23264,0,42272,2,256.0
textures\ui\ui map nomad 128x128.tga,ui map nomad 128x128.tga,128,128,16384,RGBA,True,5792,0,10592,2,64.0
textures\ui\ui map nomad 256x256.tga,ui map nomad 256x256.tga,256,256,65536,RGBA,True,23264,0,42272,2,256.0
textures\ui\ui map oasis 128x128.tga,ui map oasis 128x128.tga,128,128,16384,RGBA,True,5792,0,10592,2,64.0
textures\ui\ui map oasis 256x256.tga,ui map oasis 256x256.tga,256,256,65536,RGBA,True,23264,0,42272,2,256.0
textures\ui\ui map old atlantis 256x256.tga,ui map old atlantis 256x256.tga,256,256,65536,RGBA,True,23264,0,42272,2,256.0
textures\ui\ui map open fields 256x256.tga,ui map open fields 256x256.tga,256,256,65536,RGBA,True,23264,0,42272,2,256.0
textures\ui\ui map pick 128x128.tga,ui map pick 128x128.tga,128,128,16384,RGBA,True,5792,0,10592,2,64.0
textures\ui\ui map pick 256x256.tga,ui map pick 256x256.tga,256,256,65536,RGBA,True,23264,0,42272,2,256.0
textures\ui\ui map random 128x128.tga,ui map random 128x128.tga,128,128,16384,RGBA,True,5792,0,10592,2,64.0
textures\ui\ui map random 256x256.tga,ui map random 256x256.tga,256,256,65536,RGBA,True,23264,0,42272,2,256.0
textures\ui\ui map random fast 128x128.tga,ui map random fast 128x128.tga,128,128,16384,RGBA,True,5792,0,10592,2,64.0
textures\ui\ui map random fast 256x256.tga,ui map random fast 256x256.tga,256,256,65536,RGBA,True,23264,0,42272,2,256.0
textures\ui\ui map regicide 256x256.tga,ui map regicide 256x256.tga,256,256,65536,RGBA,True,23264,0,42272,2,256.0
textures\ui\ui map restore 256x256.tga,ui map restore 256x256.tga,256,256,65536,RGBA,True,23264,0,42272,2,256.0
textures\ui\ui map river nile 128x128.tga,ui map river nile 128x128.tga,128,128,16384,RGBA,True,5792,0,10592,2,64.0
textures\ui\ui map river nile 256x256.tga,ui map river nile 256x256.tga,256,256,65536,RGBA,True,23264,0,42272,2,256.0
textures\ui\ui map river styx 128x128.tga,ui map river styx 128x128.tga,128,128,16384,RGBA,True,5792,0,10592,2,64.0
textures\ui\ui map river styx 256x256.tga,ui map river styx 256x256.tga,256,256,65536,RGBA,True,23264,0,42272,2,256.0
textures\ui\ui map savannah 128x128.tga,ui map savannah 128x128.tga,128,128,16384,RGBA,True,5792,0,10592,2,64.0
textures\ui\ui map savannah 256x256.tga,ui map savannah 256x256.tga,256,256,65536,RGBA,True,23264,0,42272,2,256.0
textures\ui\ui map scenario 128x128.tga,ui map scenario 128x128.tga,128,128,16384,RGBA,True,5792,0,10592,2,64.0
textures\ui\ui map scenario 256x256.tga,ui map scenario 256x256.tga,256,256,65536,RGBA,True,23264,0,42272,2,256.0
textures\ui\ui map sea of worms 128x128.tga,ui map sea of worms 128x128.tga,128,128,16384,RGBA,True,5792,0,10592,2,64.0
textures\ui\ui map sea of worms 256x256.tga,ui map sea of worms 256x256.tga,256,256,65536,RGBA,True,23264,0,42272,2,256.0
textures\ui\ui map silk road 256x256.tga,ui map silk road 256x256.tga,256,256,65536,RGBA,True,23264,0,42272,2,256.0
textures\ui\ui map size select giant clicked.tga,ui map size select giant clicked.tga,128,128,16384,RGBA,True,9320,7064,0,29,64.0
textures\ui\ui map size select giant.tga,ui map size select giant.tga,128,128,16384,RGBA,True,10129,6255,0,16,64.0
textures\ui\ui map size select large clicked.tga,ui map size select large clicked.tga,128,128,16384,RGBA,True,9320,7064,0,16,64.0
textures\ui\ui map size select large.tga,ui map size select large.tga,128,128,16384,RGBA,True,10129,6255,0,16,64.0
textures\ui\ui map size select normal clicked.tga,ui map size select normal clicked.tga,128,128,16384,RGBA,True,12540,3844,0,16,64.0
textures\ui\ui map size select normal.tga,ui map size select normal.tga,128,128,16384,RGBA,True,12862,3522,0,16,64.0
textures\ui\ui map sudden death 128x128.tga,ui map sudden death 128x128.tga,128,128,16384,RGBA,True,5792,0,10592,2,64.0
textures\ui\ui map sudden death 256x256.tga,ui map sudden death 256x256.tga,256,256,65536,RGBA,True,23264,0,42272,2,256.0
textures\ui\ui map team migration 128x128.tga,ui map team migration 128x128.tga,128,128,16384,RGBA,True,5792,0,10592,2,64.0
textures\ui\ui map team migration 256x256.tga,ui map team migration 256x256.tga,256,256,65536,RGBA,True,23264,0,42272,2,256.0
textures\ui\ui map the unknown 128x128.tga,ui map the unknown 128x128.tga,128,128,16384,RGBA,True,5792,0,10592,2,64.0
textures\ui\ui map the unknown 256x256.tga,ui map the unknown 256x256.tga,256,256,65536,RGBA,True,23264,0,42272,2,256.0
textures\ui\ui map tundra 128x128.tga,ui map tundra 128x128.tga,128,128,16384,RGBA,True,0,0,16384,1,64.0
textures\ui\ui map tundra 256x256.tga,ui map tundra 256x256.tga,256,256,65536,RGBA,True,23264,0,42272,2,256.0
textures\ui\ui map user made 128x128.tga,ui map user made 128x128.tga,128,128,16384,RGBA,True,5792,0,10592,2,64.0
textures\ui\ui map user made 256x256.tga,ui map user made 256x256.tga,256,256,65536,RGBA,True,23264,0,42272,2,256.0
textures\ui\ui map valley of kings 128x128.tga,ui map valley of kings 128x128.tga,128,128,16384,RGBA,True,5792,0,10592,2,64.0
textures\ui\ui map valley of kings 256x256.tga,ui map valley of kings 256x256.tga,256,256,65536,RGBA,True,23264,0,42272,2,256.0
textures\ui\ui map vinlandsaga 128x128.tga,ui map vinlandsaga 128x128.tga,128,128,16384,RGBA,True,5792,0,10592,2,64.0
textures\ui\ui map vinlandsaga 256x256.tga,ui map vinlandsaga 256x256.tga,256,256,65536,RGBA,True,23264,0,42272,2,256.0
textures\ui\ui map watering hole 128x128.tga,ui map watering hole 128x128.tga,128,128,16384,RGBA,True,5792,0,10592,2,64.0
textures\ui\ui map watering hole 256x256.tga,ui map watering hole 256x256.tga,256,256,65536,RGBA,True,23264,0,42272,2,256.0
textures\ui\ui map yellow river 256x256.tga,ui map yellow river 256x256.tga,256,256,65536,RGBA,True,23264,0,42272,2,256.0
textures\ui\ui online multiplayer test.tga,ui online multiplayer test.tga,256,32,8192,RGBA,True,0,0,8192,1,32.0
textures\ui\ui ornate gold swirl 128x64.tga,ui ornate gold swirl 128x64.tga,128,64,8192,RGBA,True,4365,3827,0,16,32.0
textures\ui\ui ornate gold swirl 16x32.tga,ui ornate gold swirl 16x32.tga,16,32,512,RGBA,True,262,250,0,16,2.0
textures\ui\ui ornate gold swirl 32x16.tga,ui ornate gold swirl 32x16.tga,32,16,512,RGBA,True,248,264,0,16,2.0
textures\ui\ui ornate gold swirl 32x64.tga,ui ornate gold swirl 32x64.tga,32,64,2048,RGBA,True,988,1060,0,16,8.0
textures\ui\ui ornate gold swirl 64x128.tga,ui ornate gold swirl 64x128.tga,64,128,8192,RGBA,True,5058,3134,0,60,32.0
textures\ui\ui ornate gold swirl 64x32.tga,ui ornate gold swirl 64x32.tga,64,32,2048,RGBA,True,995,1053,0,16,8.0
textures\ui\ui pregame aom titan logo left.tga,ui pregame aom titan logo left.tga,684,512,350208,RGBA,True,204925,78200,67083,256,1368.0
textures\ui\ui pregame aom titan logo right.tga,ui pregame aom titan logo right.tga,684,512,350208,RGBA,True,213347,76609,60252,256,1368.0
textures\ui\ui pregame button click.tga,ui pregame button click.tga,256,64,16384,RGBA,True,8794,0,7590,2,64.0
textures\ui\ui pregame button clicked.tga,ui pregame button clicked.tga,256,64,16384,RGBA,True,8794,0,7590,2,64.0
textures\ui\ui pregame button glow.tga,ui pregame button glow.tga,256,64,16384,RGBA,True,13353,3031,0,14,64.0
textures\ui\ui pregame button rollover.tga,ui pregame button rollover.tga,256,64,16384,RGBA,True,8794,0,7590,2,64.0
textures\ui\ui pregame button.tga,ui pregame button.tga,256,64,16384,RGBA,True,8794,0,7590,2,64.0
textures\ui\ui pregame left bottom.tga,ui pregame left bottom.tga,481,360,173160,RGBA,True,57404,26163,89593,256,676.4
textures\ui\ui pregame left middle.tga,ui pregame left middle.tga,481,360,173160,RGBA,True,54761,8660,109739,256,676.4
textures\ui\ui pregame left top.tga,ui pregame left top.tga,481,360,173160,RGBA,True,135093,11644,26423,256,676.4
textures\ui\ui pregame right bottom.tga,ui pregame right bottom.tga,481,360,173160,RGBA,True,57201,27098,88861,256,676.4
textures\ui\ui pregame right middle.tga,ui pregame right middle.tga,481,360,173160,RGBA,True,54728,9895,108537,256,676.4
textures\ui\ui pregame right top.tga,ui pregame right top.tga,481,360,173160,RGBA,True,134827,12863,25470,256,676.4
textures\ui\ui pregame transparency background.tga,ui pregame transparency background.tga,32,32,1024,RGBA,True,0,1024,0,1,4.0
textures\ui\ui progress bar background left.tga,ui progress bar background left.tga,64,128,8192,RGBA,True,8042,150,0,10,32.0
textures\ui\ui progress bar background middle.tga,ui progress bar background middle.tga,256,128,32768,RGBA,True,16211,16557,0,16,128.0
textures\ui\ui progress bar background right.tga,ui progress bar background right.tga,64,128,8192,RGBA,True,8042,150,0,10,32.0
textures\ui\ui progress bar flair.tga,ui progress bar flair.tga,32,128,4096,RGBA,True,0,0,4096,1,16.0
textures\ui\ui progress bar.tga,ui progress bar.tga,256,128,32768,RGBA,True,16211,16557,0,16,128.0
textures\ui\ui quick start button 256x64 clicked.tga,ui quick start button 256x64 clicked.tga,256,64,16384,RGBA,True,2241,14143,0,16,64.0
textures\ui\ui quick start button 256x64 rollover.tga,ui quick start button 256x64 rollover.tga,256,64,16384,RGBA,True,2241,14143,0,16,64.0
textures\ui\ui quick start button 256x64.tga,ui quick start button 256x64.tga,256,64,16384,RGBA,True,2241,14143,0,16,64.0
textures\ui\ui scroll bottom 128x16.tga,ui scroll bottom 128x16.tga,128,16,2048,RGBA,True,416,0,1632,2,8.0
textures\ui\ui scroll bottom 256x16.tga,ui scroll bottom 256x16.tga,256,16,4096,RGBA,True,1840,0,2256,2,16.0
textures\ui\ui scroll bottom 64x16.tga,ui scroll bottom 64x16.tga,64,16,1024,RGBA,True,435,0,589,2,4.0
textures\ui\ui scroll bottom tile 8x8 grey.tga,ui scroll bottom tile 8x8 grey.tga,8,8,64,RGBA,True,0,0,64,1,0.3
textures\ui\ui scroll bottom tile 8x8.tga,ui scroll bottom tile 8x8.tga,8,8,64,RGBA,True,0,0,64,1,0.3
textures\ui\ui scroll bottom tile grey.tga,ui scroll bottom tile grey.tga,16,16,256,RGBA,True,48,0,208,2,1.0
textures\ui\ui scroll bottom tile tan.tga,ui scroll bottom tile tan.tga,16,16,256,RGBA,True,48,0,208,2,1.0
textures\ui\ui scroll bottom tile.tga,ui scroll bottom tile.tga,16,16,256,RGBA,True,48,0,208,2,1.0
textures\ui\ui scroll cap left 8x8 grey.tga,ui scroll cap left 8x8 grey.tga,8,8,64,RGBA,True,46,0,18,2,0.3
textures\ui\ui scroll cap left 8x8.tga,ui scroll cap left 8x8.tga,8,8,64,RGBA,True,46,0,18,2,0.3
textures\ui\ui scroll cap left grey.tga,ui scroll cap left grey.tga,8,16,128,RGBA,True,52,0,76,2,0.5
textures\ui\ui scroll cap left tan.tga,ui scroll cap left tan.tga,8,16,128,RGBA,True,52,0,76,2,0.5
textures\ui\ui scroll cap left.tga,ui scroll cap left.tga,8,16,128,RGBA,True,54,0,74,2,0.5
textures\ui\ui scroll cap right 8x8 grey.tga,ui scroll cap right 8x8 grey.tga,8,8,64,RGBA,True,46,0,18,2,0.3
textures\ui\ui scroll cap right 8x8.tga,ui scroll cap right 8x8.tga,8,8,64,RGBA,True,46,0,18,2,0.3
textures\ui\ui scroll cap right grey.tga,ui scroll cap right grey.tga,8,16,128,RGBA,True,43,0,85,2,0.5
textures\ui\ui scroll cap right tan.tga,ui scroll cap right tan.tga,8,16,128,RGBA,True,43,0,85,2,0.5
textures\ui\ui scroll cap right.tga,ui scroll cap right.tga,8,16,128,RGBA,True,43,0,85,2,0.5
textures\ui\ui scroll middle 128x16 tan.tga,ui scroll middle 128x16 tan.tga,128,64,8192,RGBA,True,704,0,7488,2,32.0
textures\ui\ui scroll middle 128x16.tga,ui scroll middle 128x16.tga,128,64,8192,RGBA,True,704,0,7488,2,32.0
textures\ui\ui scroll middle 256x16.tga,ui scroll middle 256x16.tga,256,64,16384,RGBA,True,5824,0,10560,2,64.0
textures\ui\ui scroll middle 64x16.tga,ui scroll middle 64x16.tga,64,8,512,RGBA,True,216,0,296,2,2.0
textures\ui\ui scroll middle tile 8x8.tga,ui scroll middle tile 8x8.tga,8,8,64,RGBA,True,0,0,64,1,0.3
textures\ui\ui scroll middle tile grey.tga,ui scroll middle tile grey.tga,32,32,1024,RGBA,True,0,0,1024,1,4.0
textures\ui\ui scroll middle tile.tga,ui scroll middle tile.tga,32,32,1024,RGBA,True,0,0,1024,1,4.0
textures\ui\ui scroll top 128x16.tga,ui scroll top 128x16.tga,128,16,2048,RGBA,True,541,0,1507,2,8.0
textures\ui\ui scroll top 256x16.tga,ui scroll top 256x16.tga,256,16,4096,RGBA,True,2013,0,2083,2,16.0
textures\ui\ui scroll top 64x16.tga,ui scroll top 64x16.tga,64,16,1024,RGBA,True,477,0,547,2,4.0
textures\ui\ui scroll top tile 8x8.tga,ui scroll top tile 8x8.tga,8,8,64,RGBA,True,16,0,48,2,0.3
textures\ui\ui scroll top tile grey.tga,ui scroll top tile grey.tga,16,16,256,RGBA,True,64,0,192,2,1.0
textures\ui\ui scroll top tile tan.tga,ui scroll top tile tan.tga,16,16,256,RGBA,True,64,0,192,2,1.0
textures\ui\ui scroll top tile.tga,ui scroll top tile.tga,16,16,256,RGBA,True,64,0,192,2,1.0
textures\ui\ui slider pip horizontal.tga,ui slider pip horizontal.tga,16,16,256,RGBA,True,0,0,256,1,1.0
textures\ui\ui slider pip verticle.tga,ui slider pip verticle.tga,32,32,1024,RGBA,True,0,0,1024,1,4.0
textures\ui\ui text box left grey.tga,ui text box left grey.tga,16,32,512,RGBA,True,150,0,362,2,2.0
textures\ui\ui text box left.tga,ui text box left.tga,16,32,512,RGBA,True,150,0,362,2,2.0
textures\ui\ui text box middle grey.tga,ui text box middle grey.tga,32,32,1024,RGBA,True,160,0,864,2,4.0
textures\ui\ui text box middle.tga,ui text box middle.tga,32,32,1024,RGBA,True,160,0,864,2,4.0
textures\ui\ui text box right grey.tga,ui text box right grey.tga,16,32,512,RGBA,True,150,0,362,2,2.0
textures\ui\ui text box right.tga,ui text box right.tga,16,32,512,RGBA,True,150,0,362,2,2.0
textures\ui\ui text chat box grey.tga,ui text chat box grey.tga,32,32,1024,RGBA,True,0,0,1024,1,4.0
textures\ui\ui text chat box.tga,ui text chat box.tga,32,32,1024,RGBA,True,0,0,1024,1,4.0
textures\ui\ui_check.tga,ui_check.tga,16,16,256,RGBA,True,0,0,256,1,1.0
textures\ui\ui_close.tga,ui_close.tga,16,16,256,RGBA,True,0,0,256,1,1.0
textures\ui\ui_close_alpha.tga,ui_close_alpha.tga,16,16,256,RGBA,True,170,86,0,2,1.0
textures\ui\ui_consolebackground.tga,ui_consolebackground.tga,256,256,65536,RGBA,True,0,0,65536,1,256.0
textures\ui\ui_dark_gray.tga,ui_dark_gray.tga,32,32,1024,RGBA,True,0,0,1024,1,4.0
textures\ui\ui_downarrow_l.tga,ui_downarrow_l.tga,16,16,256,RGBA,True,0,0,256,1,1.0
textures\ui\ui_downarrow_m.tga,ui_downarrow_m.tga,16,16,256,RGBA,True,0,0,256,1,1.0
textures\ui\ui_downarrow_s.tga,ui_downarrow_s.tga,16,16,256,RGBA,True,0,0,256,1,1.0
textures\ui\ui_drive.tga,ui_drive.tga,16,16,256,RGBA,True,120,136,0,2,1.0
textures\ui\ui_file.tga,ui_file.tga,16,16,256,RGBA,True,54,202,0,2,1.0
textures\ui\ui_folder.tga,ui_folder.tga,16,16,256,RGBA,True,79,177,0,2,1.0
textures\ui\ui_g_menuicon.tga,ui_g_menuicon.tga,64,32,2048,RGBA,True,0,0,2048,1,8.0
textures\ui\ui_highlight.tga,ui_highlight.tga,128,32,4096,RGBA,True,2947,1149,0,4,16.0
textures\ui\ui_highlight2.tga,ui_highlight2.tga,128,32,4096,RGBA,True,0,4096,0,1,16.0
textures\ui\ui_leftarrow_l.tga,ui_leftarrow_l.tga,16,16,256,RGBA,True,0,0,256,1,1.0
textures\ui\ui_leftarrow_m.tga,ui_leftarrow_m.tga,16,16,256,RGBA,True,0,0,256,1,1.0
textures\ui\ui_leftarrow_s.tga,ui_leftarrow_s.tga,16,16,256,RGBA,True,0,0,256,1,1.0
textures\ui\ui_light_gray.tga,ui_light_gray.tga,32,32,1024,RGBA,True,0,0,1024,1,4.0
textures\ui\ui_med_gray.tga,ui_med_gray.tga,32,32,1024,RGBA,True,0,0,1024,1,4.0
textures\ui\ui_menucheck.tga,ui_menucheck.tga,32,32,1024,RGBA,True,848,176,0,4,4.0
textures\ui\ui_menucheck_dis.tga,ui_menucheck_dis.tga,32,32,1024,RGBA,True,848,176,0,4,4.0
textures\ui\ui_menuseparator.tga,ui_menuseparator.tga,128,32,4096,RGBA,True,3368,728,0,2,16.0
textures\ui\ui_menuuncheck.tga,ui_menuuncheck.tga,32,32,1024,RGBA,True,0,0,1024,1,4.0
textures\ui\ui_menuunderline.tga,ui_menuunderline.tga,32,32,1024,RGBA,True,928,96,0,2,4.0
textures\ui\ui_menuunderline_dis.tga,ui_menuunderline_dis.tga,32,32,1024,RGBA,True,928,96,0,2,4.0
textures\ui\ui_minimap.tga,ui_minimap.tga,64,64,4096,RGBA,True,1936,2160,0,5,16.0
textures\ui\ui_minimize.tga,ui_minimize.tga,16,16,256,RGBA,True,240,16,0,2,1.0
textures\ui\ui_pip_h_1.tga,ui_pip_h_1.tga,16,16,256,RGBA,True,172,84,0,2,1.0
textures\ui\ui_pip_h_2.tga,ui_pip_h_2.tga,16,16,256,RGBA,True,224,0,32,2,1.0
textures\ui\ui_pip_h_3.tga,ui_pip_h_3.tga,16,16,256,RGBA,True,177,79,0,2,1.0
textures\ui\ui_pip_v_1.tga,ui_pip_v_1.tga,16,16,256,RGBA,True,172,84,0,2,1.0
textures\ui\ui_pip_v_2.tga,ui_pip_v_2.tga,16,16,256,RGBA,True,224,32,0,2,1.0
textures\ui\ui_pip_v_3.tga,ui_pip_v_3.tga,16,16,256,RGBA,True,177,79,0,2,1.0
textures\ui\ui_radioblank.tga,ui_radioblank.tga,16,16,256,RGBA,True,104,152,0,12,1.0
textures\ui\ui_radiofill.tga,ui_radiofill.tga,16,16,256,RGBA,True,104,152,0,12,1.0
textures\ui\ui_rightarrow_l.tga,ui_rightarrow_l.tga,16,16,256,RGBA,True,0,0,256,1,1.0
textures\ui\ui_rightarrow_m.tga,ui_rightarrow_m.tga,16,16,256,RGBA,True,0,0,256,1,1.0
textures\ui\ui_rightarrow_s.tga,ui_rightarrow_s.tga,16,16,256,RGBA,True,0,0,256,1,1.0
textures\ui\ui_toggleoff.tga,ui_toggleoff.tga,32,16,512,RGBA,True,0,0,512,1,2.0
textures\ui\ui_toggleon.tga,ui_toggleon.tga,32,16,512,RGBA,True,0,0,512,1,2.0
textures\ui\ui_uncheck.tga,ui_uncheck.tga,16,16,256,RGBA,True,0,0,256,1,1.0
textures\ui\ui_uparrow_l.tga,ui_uparrow_l.tga,16,16,256,RGBA,True,0,0,256,1,1.0
textures\ui\ui_uparrow_m.tga,ui_uparrow_m.tga,16,16,256,RGBA,True,0,0,256,1,1.0
textures\ui\ui_uparrow_s.tga,ui_uparrow_s.tga,16,16,256,RGBA,True,0,0,256,1,1.0
textures\ui\yellowdot.tga,yellowdot.tga,16,16,256,RGBA,True,40,216,0,3,1.0
textures\ui\br\campmap_atlantis6.tga,campmap_atlantis6.tga,256,256,65536,RGBA,True,0,0,65536,1,256.0
textures\ui\br\campmap_atlantis7.tga,campmap_atlantis7.tga,256,256,65536,RGBA,True,0,0,65536,1,256.0
textures\ui\br\campmap_china7.tga,campmap_china7.tga,256,256,65536,RGBA,True,0,0,65536,1,256.0
textures\ui\br\campmap_egypt7.tga,campmap_egypt7.tga,256,256,65536,RGBA,True,0,0,65536,1,256.0
textures\ui\br\campmap_greece7.tga,campmap_greece7.tga,256,256,65536,RGBA,True,0,0,65536,1,256.0
textures\ui\br\campmap_new_atlantis6.tga,campmap_new_atlantis6.tga,256,256,65536,RGBA,True,0,0,65536,1,256.0
textures\ui\br\campmap_new_atlantis7.tga,campmap_new_atlantis7.tga,256,256,65536,RGBA,True,0,0,65536,1,256.0
textures\ui\br\campmap_norselands3.tga,campmap_norselands3.tga,256,256,65536,RGBA,True,0,0,65536,1,256.0
textures\ui\br\campmap_norselands4.tga,campmap_norselands4.tga,256,256,65536,RGBA,True,0,0,65536,1,256.0
textures\ui\cn\campmap_atlantis6.tga,campmap_atlantis6.tga,256,256,65536,RGBA,True,0,0,65536,1,256.0
textures\ui\cn\campmap_atlantis7.tga,campmap_atlantis7.tga,256,256,65536,RGBA,True,0,0,65536,1,256.0
textures\ui\cn\campmap_china7.tga,campmap_china7.tga,256,256,65536,RGBA,True,0,0,65536,1,256.0
textures\ui\cn\campmap_egypt7.tga,campmap_egypt7.tga,256,256,65536,RGBA,True,0,0,65536,1,256.0
textures\ui\cn\campmap_greece7.tga,campmap_greece7.tga,256,256,65536,RGBA,True,0,0,65536,1,256.0
textures\ui\cn\campmap_new_atlantis6.tga,campmap_new_atlantis6.tga,256,256,65536,RGBA,True,0,0,65536,1,256.0
textures\ui\cn\campmap_new_atlantis7.tga,campmap_new_atlantis7.tga,256,256,65536,RGBA,True,0,0,65536,1,256.0
textures\ui\cn\campmap_norselands3.tga,campmap_norselands3.tga,256,256,65536,RGBA,True,0,0,65536,1,256.0
textures\ui\de\campmap_atlantis6.tga,campmap_atlantis6.tga,256,256,65536,RGBA,True,0,0,65536,1,256.0
textures\ui\de\campmap_atlantis7.tga,campmap_atlantis7.tga,256,256,65536,RGBA,True,0,0,65536,1,256.0
textures\ui\de\campmap_china7.tga,campmap_china7.tga,256,256,65536,RGBA,True,0,0,65536,1,256.0
textures\ui\de\campmap_egypt7.tga,campmap_egypt7.tga,256,256,65536,RGBA,True,0,0,65536,1,256.0
textures\ui\de\campmap_greece7.tga,campmap_greece7.tga,256,256,65536,RGBA,True,0,0,65536,1,256.0
textures\ui\de\campmap_greece8.tga,campmap_greece8.tga,256,256,65536,RGBA,True,0,0,65536,1,256.0
textures\ui\de\campmap_new_atlantis6.tga,campmap_new_atlantis6.tga,256,256,65536,RGBA,True,0,0,65536,1,256.0
textures\ui\de\campmap_new_atlantis7.tga,campmap_new_atlantis7.tga,256,256,65536,RGBA,True,0,0,65536,1,256.0
textures\ui\de\campmap_norselands3.tga,campmap_norselands3.tga,256,256,65536,RGBA,True,0,0,65536,1,256.0
textures\ui\de\campmap_norselands4.tga,campmap_norselands4.tga,256,256,65536,RGBA,True,0,0,65536,1,256.0
textures\ui\es\campmap_atlantis6.tga,campmap_atlantis6.tga,256,256,65536,RGBA,True,0,0,65536,1,256.0
textures\ui\es\campmap_atlantis7.tga,campmap_atlantis7.tga,256,256,65536,RGBA,True,0,0,65536,1,256.0
textures\ui\es\campmap_china7.tga,campmap_china7.tga,256,256,65536,RGBA,True,0,0,65536,1,256.0
textures\ui\es\campmap_egypt7.tga,campmap_egypt7.tga,256,256,65536,RGBA,True,0,0,65536,1,256.0
textures\ui\es\campmap_greece7.tga,campmap_greece7.tga,256,256,65536,RGBA,True,0,0,65536,1,256.0
textures\ui\es\campmap_new_atlantis6.tga,campmap_new_atlantis6.tga,256,256,65536,RGBA,True,0,0,65536,1,256.0
textures\ui\es\campmap_new_atlantis7.tga,campmap_new_atlantis7.tga,256,256,65536,RGBA,True,0,0,65536,1,256.0
textures\ui\es\campmap_norselands3.tga,campmap_norselands3.tga,256,256,65536,RGBA,True,0,0,65536,1,256.0
textures\ui\es\campmap_norselands4.tga,campmap_norselands4.tga,256,256,65536,RGBA,True,0,0,65536,1,256.0
textures\ui\fr\campmap_atlantis6.tga,campmap_atlantis6.tga,256,256,65536,RGBA,True,0,0,65536,1,256.0
textures\ui\fr\campmap_atlantis7.tga,campmap_atlantis7.tga,256,256,65536,RGBA,True,0,0,65536,1,256.0
textures\ui\fr\campmap_china7.tga,campmap_china7.tga,256,256,65536,RGBA,True,0,0,65536,1,256.0
textures\ui\fr\campmap_egypt7.tga,campmap_egypt7.tga,256,256,65536,RGBA,True,0,0,65536,1,256.0
textures\ui\fr\campmap_greece7.tga,campmap_greece7.tga,256,256,65536,RGBA,True,0,0,65536,1,256.0
textures\ui\fr\campmap_new_atlantis6.tga,campmap_new_atlantis6.tga,256,256,65536,RGBA,True,0,0,65536,1,256.0
textures\ui\fr\campmap_new_atlantis7.tga,campmap_new_atlantis7.tga,256,256,65536,RGBA,True,0,0,65536,1,256.0
textures\ui\fr\campmap_norselands3.tga,campmap_norselands3.tga,256,256,65536,RGBA,True,0,0,65536,1,256.0
textures\ui\fr\campmap_norselands4.tga,campmap_norselands4.tga,256,256,65536,RGBA,True,0,0,65536,1,256.0
textures\ui\it\campmap_atlantis6.tga,campmap_atlantis6.tga,256,256,65536,RGBA,True,0,0,65536,1,256.0
textures\ui\it\campmap_atlantis7.tga,campmap_atlantis7.tga,256,256,65536,RGBA,True,0,0,65536,1,256.0
textures\ui\it\campmap_china7.tga,campmap_china7.tga,256,256,65536,RGBA,True,0,0,65536,1,256.0
textures\ui\it\campmap_egypt7.tga,campmap_egypt7.tga,256,256,65536,RGBA,True,0,0,65536,1,256.0
textures\ui\it\campmap_greece7.tga,campmap_greece7.tga,256,256,65536,RGBA,True,0,0,65536,1,256.0
textures\ui\it\campmap_new_atlantis6.tga,campmap_new_atlantis6.tga,256,256,65536,RGBA,True,0,0,65536,1,256.0
textures\ui\it\campmap_new_atlantis7.tga,campmap_new_atlantis7.tga,256,256,65536,RGBA,True,0,0,65536,1,256.0
textures\ui\it\campmap_norselands3.tga,campmap_norselands3.tga,256,256,65536,RGBA,True,0,0,65536,1,256.0
textures\ui\it\campmap_norselands4.tga,campmap_norselands4.tga,256,256,65536,RGBA,True,0,0,65536,1,256.0
textures\ui\jp\campmap_china7.tga,campmap_china7.tga,256,256,65536,RGBA,True,0,0,65536,1,256.0
textures\ui\ko\campmap_atlantis6.tga,campmap_atlantis6.tga,256,256,65536,RGBA,True,0,0,65536,1,256.0
textures\ui\ko\campmap_atlantis7.tga,campmap_atlantis7.tga,256,256,65536,RGBA,True,0,0,65536,1,256.0
textures\ui\ko\campmap_china7.tga,campmap_china7.tga,256,256,65536,RGBA,True,0,0,65536,1,256.0
textures\ui\ko\campmap_egypt7.tga,campmap_egypt7.tga,256,256,65536,RGBA,True,0,0,65536,1,256.0
textures\ui\ko\campmap_greece7.tga,campmap_greece7.tga,256,256,65536,RGBA,True,0,0,65536,1,256.0
textures\ui\ko\campmap_new_atlantis6.tga,campmap_new_atlantis6.tga,256,256,65536,RGBA,True,0,0,65536,1,256.0
textures\ui\ko\campmap_new_atlantis7.tga,campmap_new_atlantis7.tga,256,256,65536,RGBA,True,0,0,65536,1,256.0
textures\ui\ko\campmap_norselands3.tga,campmap_norselands3.tga,256,256,65536,RGBA,True,0,0,65536,1,256.0
patched_to_verify\textures\animal dog a map.tga,animal dog a map.tga,64,64,4096,RGBA,True,3944,69,83,15,12.6
patched_to_verify\textures\animal dog b map.tga,animal dog b map.tga,,,,,,,,,,12.5
patched_to_verify\textures\animal elephant indian.tga,animal elephant indian.tga,,,,,,,,,,49.6
patched_to_verify\textures\animal parrot map.tga,animal parrot map.tga,,,,,,,,,,10.8
patched_to_verify\textures\archer c crossbow.tga,archer c crossbow.tga,64,64,4096,RGBA,True,4096,0,0,1,11.3
patched_to_verify\textures\special c qilin.tga,special c qilin.tga,256,128,32768,RGBA,True,28374,148,4246,16,73.6
patched_to_verify\textures\special g griffon map.tga,special g griffon map.tga,128,128,16384,RGBA,True,3395,1750,11239,197,64.0
patched_to_verify\textures\world c jungle palm burnt.tga,world c jungle palm burnt.tga,256,256,65536,RGBA,True,53003,0,12533,2,220.0
patched_to_verify\textures\world c jungle palm.tga,world c jungle palm.tga,256,256,65536,RGBA,True,47797,0,17739,2,91.0
patched_to_verify\textures\world c jungle tree burnt.tga,world c jungle tree burnt.tga,256,256,65536,RGBA,True,44855,0,20681,2,237.3
patched_to_verify\textures\world c jungle tree.tga,world c jungle tree.tga,256,256,65536,RGBA,True,44855,0,20681,2,248.0
patched_to_verify\textures\icons\boat c fire ship chinese icon.tga,boat c fire ship chinese icon.tga,64,64,4096,RGBA,True,0,0,4096,1,19.2
patched_to_verify\textures\icons\boat c fishing boat icon.tga,boat c fishing boat icon.tga,64,64,4096,RGBA,True,0,0,4096,1,19.4
patched_to_verify\textures\icons\boat c junk icon.tga,boat c junk icon.tga,64,64,4096,RGBA,True,0,0,4096,1,19.4
patched_to_verify\textures\icons\boat c siege ship chinese icon.tga,boat c siege ship chinese icon.tga,64,64,4096,RGBA,True,0,0,4096,1,19.5
patched_to_verify\textures\icons\boat c transport icon.tga,boat c transport icon.tga,64,64,4096,RGBA,True,0,0,4096,1,19.5
patched_to_verify\textures\icons\god power barrage icon.tga,god power barrage icon.tga,,,,,,,,,,12.6
patched_to_verify\textures\icons\god power earth dragon icon.tga,god power earth dragon icon.tga,,,,,,,,,,10.5
patched_to_verify\textures\icons\god power flood icon.tga,god power flood icon.tga,,,,,,,,,,16.7
patched_to_verify\textures\icons\god power geyser icon.tga,god power geyser icon.tga,,,,,,,,,,12.0
patched_to_verify\textures\icons\god power journey icon.tga,god power journey icon.tga,,,,,,,,,,54.0
patched_to_verify\textures\icons\god power recreation icon.tga,god power recreation icon.tga,,,,,,,,,,7.2
patched_to_verify\textures\icons\siege c fire lance icon.tga,siege c fire lance icon.tga,,,,,,,,,,8.3
patched_to_verify\textures\icons\special c azure dragon icon.tga,special c azure dragon icon.tga,,,,,,,,,,7.7
patched_to_verify\textures\icons\special c black tortoise icon.tga,special c black tortoise icon.tga,,,,,,,,,,3.7
patched_to_verify\textures\icons\special c earth dragon icon.tga,special c earth dragon icon.tga,,,,,,,,,,10.5
patched_to_verify\textures\icons\special c jiangshi icon.tga,special c jiangshi icon.tga,,,,,,,,,,10.0
patched_to_verify\textures\icons\special c monkey king icon.tga,special c monkey king icon.tga,,,,,,,,,,13.2
patched_to_verify\textures\icons\special c pixiu icon.tga,special c pixiu icon.tga,,,,,,,,,,13.0
patched_to_verify\textures\icons\special c qilin icon.tga,special c qilin icon.tga,,,,,,,,,,10.5
patched_to_verify\textures\icons\special c terracotta soldier icon.tga,special c terracotta soldier icon.tga,,,,,,,,,,11.3
patched_to_verify\textures\icons\special c vermilion bird icon.tga,special c vermilion bird icon.tga,,,,,,,,,,8.6
patched_to_verify\textures\icons\special c war salamander icon.tga,special c war salamander icon.tga,64,64,4096,RGBA,True,0,0,4096,1,19.9
patched_to_verify\textures\icons\special c white tiger icon.tga,special c white tiger icon.tga,,,,,,,,,,12.6
patched_to_verify\textures\icons\trade c caravan icon.tga,trade c caravan icon.tga,,,,,,,,,,13.3
dlc-frontend\textures\ui\screen shot a_01.tga,screen shot a_01.tga,256,256,65536,RGBA,True,0,0,65536,1,256.0
dlc-frontend\textures\ui\screen shot a_02.tga,screen shot a_02.tga,256,256,65536,RGBA,True,0,0,65536,1,256.0
dlc-frontend\textures\ui\screen shot a_03.tga,screen shot a_03.tga,256,256,65536,RGBA,True,0,0,65536,1,256.0
dlc-frontend\textures\ui\screen shot a_04.tga,screen shot a_04.tga,256,256,65536,RGBA,True,0,0,65536,1,256.0
dlc-frontend\textures\ui\screen shot a_05.tga,screen shot a_05.tga,256,256,65536,RGBA,True,0,0,65536,1,256.0
dlc-frontend\textures\ui\screen shot a_06.tga,screen shot a_06.tga,256,256,65536,RGBA,True,0,0,65536,1,256.0
dlc-frontend\textures\ui\screen shot a_07.tga,screen shot a_07.tga,256,256,65536,RGBA,True,0,0,65536,1,256.0
dlc-frontend\textures\ui\screen shot a_08.tga,screen shot a_08.tga,256,256,65536,RGBA,True,0,0,65536,1,256.0
dlc-frontend\textures\ui\screen shot a_09.tga,screen shot a_09.tga,256,256,65536,RGBA,True,0,0,65536,1,256.0
dlc-frontend\textures\ui\screen shot a_10.tga,screen shot a_10.tga,256,256,65536,RGBA,True,0,0,65536,1,256.0
dlc-frontend\textures\ui\screen shot a_11.tga,screen shot a_11.tga,256,256,65536,RGBA,True,0,0,65536,1,256.0
dlc-frontend\textures\ui\screen shot a_12.tga,screen shot a_12.tga,256,256,65536,RGBA,True,0,0,65536,1,256.0
dlc-frontend\textures\ui\ui background opaque 1.tga,ui background opaque 1.tga,32,32,1024,RGBA,True,0,1024,0,1,4.0
dlc-frontend\textures\ui\ui background opaque 2.tga,ui background opaque 2.tga,32,32,1024,RGBA,True,0,1024,0,1,4.0
dlc-frontend\textures\ui\ui background opaque 3.tga,ui background opaque 3.tga,32,32,1024,RGBA,True,0,1024,0,1,4.0
dlc-frontend\textures\ui\ui border bottom left corner.tga,ui border bottom left corner.tga,64,128,8192,RGBA,True,6092,0,2100,2,32.0
dlc-frontend\textures\ui\ui border bottom middle.tga,ui border bottom middle.tga,128,32,4096,RGBA,True,2816,0,1280,2,16.0
dlc-frontend\textures\ui\ui border bottom right corner.tga,ui border bottom right corner.tga,64,128,8192,RGBA,True,5927,85,2180,12,32.0
dlc-frontend\textures\ui\ui border left middle.tga,ui border left middle.tga,64,256,16384,RGBA,True,11264,0,5120,2,64.0
dlc-frontend\textures\ui\ui border right middle.tga,ui border right middle.tga,64,256,16384,RGBA,True,11264,0,5120,2,64.0
dlc-frontend\textures\ui\ui border top left corner.tga,ui border top left corner.tga,64,128,8192,RGBA,True,6088,4,2100,6,32.0
dlc-frontend\textures\ui\ui border top middle.tga,ui border top middle.tga,128,32,4096,RGBA,True,2816,1280,0,2,16.0
dlc-frontend\textures\ui\ui border top right corner.tga,ui border top right corner.tga,64,128,8192,RGBA,True,6032,0,2160,2,32.0
dlc-frontend\textures\ui\ui button arrow down 32x64 clicked.tga,ui button arrow down 32x64 clicked.tga,32,64,2048,RGBA,True,852,0,1196,2,8.0
dlc-frontend\textures\ui\ui button arrow down 32x64 rollover.tga,ui button arrow down 32x64 rollover.tga,32,64,2048,RGBA,True,852,0,1196,2,8.0
dlc-frontend\textures\ui\ui button arrow down 32x64.tga,ui button arrow down 32x64.tga,32,64,2048,RGBA,True,852,0,1196,2,8.0
dlc-frontend\textures\ui\ui button arrow left 64x32 clicked.tga,ui button arrow left 64x32 clicked.tga,64,32,2048,RGBA,True,852,0,1196,2,8.0
dlc-frontend\textures\ui\ui button arrow left 64x32 rollover.tga,ui button arrow left 64x32 rollover.tga,64,32,2048,RGBA,True,852,0,1196,2,8.0
dlc-frontend\textures\ui\ui button arrow left 64x32.tga,ui button arrow left 64x32.tga,64,32,2048,RGBA,True,852,0,1196,2,8.0
dlc-frontend\textures\ui\ui button arrow right 64x32 clicked.tga,ui button arrow right 64x32 clicked.tga,64,32,2048,RGBA,True,852,0,1196,2,8.0
dlc-frontend\textures\ui\ui button arrow right 64x32 rollover.tga,ui button arrow right 64x32 rollover.tga,64,32,2048,RGBA,True,852,0,1196,2,8.0
dlc-frontend\textures\ui\ui button arrow right 64x32.tga,ui button arrow right 64x32.tga,64,32,2048,RGBA,True,852,0,1196,2,8.0
dlc-frontend\textures\ui\ui button arrow up 32x64 clicked.tga,ui button arrow up 32x64 clicked.tga,32,64,2048,RGBA,True,852,0,1196,2,8.0
dlc-frontend\textures\ui\ui button arrow up 32x64 rollover.tga,ui button arrow up 32x64 rollover.tga,32,64,2048,RGBA,True,852,0,1196,2,8.0
dlc-frontend\textures\ui\ui button arrow up 32x64.tga,ui button arrow up 32x64.tga,32,64,2048,RGBA,True,852,0,1196,2,8.0
dlc-frontend\textures\ui\ui button check box 32x32 clicked.tga,ui button check box 32x32 clicked.tga,32,32,1024,RGBA,True,540,0,484,2,4.0
dlc-frontend\textures\ui\ui button check box 32x32 rollover.tga,ui button check box 32x32 rollover.tga,32,32,1024,RGBA,True,760,0,264,2,4.0
dlc-frontend\textures\ui\ui button check box 32x32.tga,ui button check box 32x32.tga,32,32,1024,RGBA,True,540,0,484,2,4.0
dlc-frontend\textures\ui\ui button long 128x32 clicked.tga,ui button long 128x32 clicked.tga,128,32,4096,RGBA,True,0,0,4096,1,16.0
dlc-frontend\textures\ui\ui button long 128x32 rollover.tga,ui button long 128x32 rollover.tga,128,32,4096,RGBA,True,0,0,4096,1,16.0
dlc-frontend\textures\ui\ui button long 128x32.tga,ui button long 128x32.tga,128,32,4096,RGBA,True,0,0,4096,1,16.0
dlc-frontend\textures\ui\ui button long 160x32 clicked.tga,ui button long 160x32 clicked.tga,256,32,8192,RGBA,True,3104,0,5088,2,32.0
dlc-frontend\textures\ui\ui button long 160x32 rollover.tga,ui button long 160x32 rollover.tga,256,32,8192,RGBA,True,3104,0,5088,2,32.0
dlc-frontend\textures\ui\ui button long 160x32.tga,ui button long 160x32.tga,256,32,8192,RGBA,True,3104,0,5088,2,32.0
dlc-frontend\textures\ui\ui button long 192x32 clicked.tga,ui button long 192x32 clicked.tga,256,32,8192,RGBA,True,2112,0,6080,2,32.0
dlc-frontend\textures\ui\ui button long 192x32 rollover.tga,ui button long 192x32 rollover.tga,256,32,8192,RGBA,True,2112,0,6080,2,32.0
dlc-frontend\textures\ui\ui button long 192x32.tga,ui button long 192x32.tga,256,32,8192,RGBA,True,2112,0,6080,2,32.0
dlc-frontend\textures\ui\ui button long 224x32 clicked.tga,ui button long 224x32 clicked.tga,256,32,8192,RGBA,True,1088,0,7104,2,32.0
dlc-frontend\textures\ui\ui button long 224x32 rollover.tga,ui button long 224x32 rollover.tga,256,32,8192,RGBA,True,1088,0,7104,2,32.0
dlc-frontend\textures\ui\ui button long 224x32.tga,ui button long 224x32.tga,256,32,8192,RGBA,True,1088,0,7104,2,32.0
dlc-frontend\textures\ui\ui button long 96x32 clicked.tga,ui button long 96x32 clicked.tga,128,32,4096,RGBA,True,1056,0,3040,2,16.0
dlc-frontend\textures\ui\ui button long 96x32 rollover.tga,ui button long 96x32 rollover.tga,128,32,4096,RGBA,True,1056,0,3040,2,16.0
dlc-frontend\textures\ui\ui button long 96x32.tga,ui button long 96x32.tga,128,32,4096,RGBA,True,1056,0,3040,2,16.0
dlc-frontend\textures\ui\ui button radial 32x32 clicked.tga,ui button radial 32x32 clicked.tga,32,32,1024,RGBA,True,0,0,1024,1,4.0
dlc-frontend\textures\ui\ui button radial 32x32 rollover.tga,ui button radial 32x32 rollover.tga,32,32,1024,RGBA,True,7,1017,0,16,4.0
dlc-frontend\textures\ui\ui button radial 32x32.tga,ui button radial 32x32.tga,32,32,1024,RGBA,True,0,0,1024,1,4.0
dlc-frontend\textures\ui\ui button slider arrow down 32x32 clicked.tga,ui button slider arrow down 32x32 clicked.tga,32,32,1024,RGBA,True,0,0,1024,1,4.0
dlc-frontend\textures\ui\ui button slider arrow down 32x32 rollover.tga,ui button slider arrow down 32x32 rollover.tga,32,32,1024,RGBA,True,0,0,1024,1,4.0
dlc-frontend\textures\ui\ui button slider arrow down 32x32.tga,ui button slider arrow down 32x32.tga,32,32,1024,RGBA,True,0,0,1024,1,4.0
dlc-frontend\textures\ui\ui button slider arrow left 32x32 clicked.tga,ui button slider arrow left 32x32 clicked.tga,32,32,1024,RGBA,True,0,0,1024,1,4.0
dlc-frontend\textures\ui\ui button slider arrow left 32x32 rollover.tga,ui button slider arrow left 32x32 rollover.tga,32,32,1024,RGBA,True,0,0,1024,1,4.0
dlc-frontend\textures\ui\ui button slider arrow left 32x32.tga,ui button slider arrow left 32x32.tga,32,32,1024,RGBA,True,624,0,400,2,4.0
dlc-frontend\textures\ui\ui button slider arrow right 32x32 clicked.tga,ui button slider arrow right 32x32 clicked.tga,32,32,1024,RGBA,True,0,0,1024,1,4.0
dlc-frontend\textures\ui\ui button slider arrow right 32x32 rollover.tga,ui button slider arrow right 32x32 rollover.tga,32,32,1024,RGBA,True,0,0,1024,1,4.0
dlc-frontend\textures\ui\ui button slider arrow right 32x32.tga,ui button slider arrow right 32x32.tga,32,32,1024,RGBA,True,0,0,1024,1,4.0
dlc-frontend\textures\ui\ui button slider arrow up 32x32 clicked.tga,ui button slider arrow up 32x32 clicked.tga,32,32,1024,RGBA,True,0,0,1024,1,4.0
dlc-frontend\textures\ui\ui button slider arrow up 32x32 rollover.tga,ui button slider arrow up 32x32 rollover.tga,32,32,1024,RGBA,True,0,0,1024,1,4.0
dlc-frontend\textures\ui\ui button slider arrow up 32x32.tga,ui button slider arrow up 32x32.tga,32,32,1024,RGBA,True,0,0,1024,1,4.0
dlc-frontend\textures\ui\ui god all random 256x256.tga,ui god all random 256x256.tga,256,256,65536,RGBA,True,18070,47466,0,16,256.0
dlc-frontend\textures\ui\ui god all random 32x32.tga,ui god all random 32x32.tga,32,32,1024,RGBA,True,212,0,812,2,4.0
dlc-frontend\textures\ui\ui god boarder highlight 128x128.tga,ui god boarder highlight 128x128.tga,256,256,65536,RGBA,True,48769,16767,0,31,256.0
dlc-frontend\textures\ui\ui icon button clicked.tga,ui icon button clicked.tga,64,64,4096,RGBA,True,0,0,4096,1,16.0
dlc-frontend\textures\ui\ui icon button foreground film.tga,ui icon button foreground film.tga,64,64,4096,RGBA,True,2920,356,820,47,16.0
dlc-frontend\textures\ui\ui icon button foreground history.tga,ui icon button foreground history.tga,64,64,4096,RGBA,True,2883,474,739,207,16.0
dlc-frontend\textures\ui\ui icon button foreground options.tga,ui icon button foreground options.tga,64,64,4096,RGBA,True,3052,903,141,180,16.0
dlc-frontend\textures\ui\ui icon button foreground steam.tga,ui icon button foreground steam.tga,64,64,4096,RGBA,True,3439,378,279,188,16.0
dlc-frontend\textures\ui\ui icon button rollover.tga,ui icon button rollover.tga,64,64,4096,RGBA,True,0,0,4096,1,16.0
dlc-frontend\textures\ui\ui icon button.tga,ui icon button.tga,64,64,4096,RGBA,True,0,0,4096,1,16.0
dlc-frontend\textures\ui\ui map boarder highlight 128x128.tga,ui map boarder highlight 128x128.tga,256,256,65536,RGBA,True,48769,16767,0,31,256.0
dlc-frontend\textures\ui\ui map boarder template 128x128.tga,ui map boarder template 128x128.tga,256,256,65536,RGBA,True,44325,21211,0,16,256.0
dlc-frontend\textures\ui\ui map size select giant clicked.tga,ui map size select giant clicked.tga,128,128,16384,RGBA,True,9320,7064,0,29,64.0
dlc-frontend\textures\ui\ui map size select giant.tga,ui map size select giant.tga,128,128,16384,RGBA,True,10129,6255,0,16,64.0
dlc-frontend\textures\ui\ui map size select large clicked.tga,ui map size select large clicked.tga,128,128,16384,RGBA,True,10909,5471,4,221,64.0
dlc-frontend\textures\ui\ui map size select large.tga,ui map size select large.tga,128,128,16384,RGBA,True,11456,4927,1,233,64.0
dlc-frontend\textures\ui\ui map size select normal clicked.tga,ui map size select normal clicked.tga,128,128,16384,RGBA,True,12540,3844,0,16,64.0
dlc-frontend\textures\ui\ui pregame button clicked.tga,ui pregame button clicked.tga,256,64,16384,RGBA,True,8794,0,7590,2,64.0
dlc-frontend\textures\ui\ui pregame button glow.tga,ui pregame button glow.tga,256,64,16384,RGBA,True,13353,3031,0,14,64.0
dlc-frontend\textures\ui\ui pregame button rollover.tga,ui pregame button rollover.tga,256,64,16384,RGBA,True,8794,0,7590,2,64.0
dlc-frontend\textures\ui\ui pregame button.tga,ui pregame button.tga,256,64,16384,RGBA,True,8794,0,7590,2,64.0
dlc-frontend\textures\ui\ui pregame left bottom.tga,ui pregame left bottom.tga,481,360,173160,RGBA,True,68239,15004,89917,256,676.4
dlc-frontend\textures\ui\ui pregame left middle.tga,ui pregame left middle.tga,481,360,173160,RGBA,True,43508,16577,113075,256,676.4
dlc-frontend\textures\ui\ui pregame left top.tga,ui pregame left top.tga,481,360,173160,RGBA,True,82903,8822,81435,256,676.4
dlc-frontend\textures\ui\ui pregame right bottom.tga,ui pregame right bottom.tga,481,360,173160,RGBA,True,67766,17630,87764,256,676.4
dlc-frontend\textures\ui\ui pregame right middle.tga,ui pregame right middle.tga,481,360,173160,RGBA,True,42074,19046,112040,256,676.4
dlc-frontend\textures\ui\ui pregame right top.tga,ui pregame right top.tga,481,360,173160,RGBA,True,72765,11440,88955,256,676.4
dlc-frontend\textures\ui\ui pregame transparency background.tga,ui pregame transparency background.tga,32,32,1024,RGBA,True,0,1024,0,1,4.0
dlc-frontend\textures\ui\ui scroll bottom tile 8x8.tga,ui scroll bottom tile 8x8.tga,8,8,64,RGBA,True,0,0,64,1,0.3
dlc-frontend\textures\ui\ui scroll bottom tile.tga,ui scroll bottom tile.tga,16,16,256,RGBA,True,48,0,208,2,1.0
dlc-frontend\textures\ui\ui scroll cap left 8x8.tga,ui scroll cap left 8x8.tga,8,8,64,RGBA,True,46,0,18,2,0.3
dlc-frontend\textures\ui\ui scroll cap left.tga,ui scroll cap left.tga,8,16,128,RGBA,True,54,0,74,2,0.5
dlc-frontend\textures\ui\ui scroll cap right 8x8.tga,ui scroll cap right 8x8.tga,8,8,64,RGBA,True,46,0,18,2,0.3
dlc-frontend\textures\ui\ui scroll cap right.tga,ui scroll cap right.tga,8,16,128,RGBA,True,43,0,85,2,0.5
dlc-frontend\textures\ui\ui scroll middle 128x16.tga,ui scroll middle 128x16.tga,128,64,8192,RGBA,True,704,0,7488,2,32.0
dlc-frontend\textures\ui\ui scroll middle 256x16.tga,ui scroll middle 256x16.tga,256,64,16384,RGBA,True,5824,0,10560,2,64.0
dlc-frontend\textures\ui\ui scroll middle 64x16.tga,ui scroll middle 64x16.tga,64,8,512,RGBA,True,216,0,296,2,2.0
dlc-frontend\textures\ui\ui scroll middle tile 8x8.tga,ui scroll middle tile 8x8.tga,8,8,64,RGBA,True,0,0,64,1,0.3
dlc-frontend\textures\ui\ui scroll middle tile.tga,ui scroll middle tile.tga,32,32,1024,RGBA,True,0,0,1024,1,4.0
dlc-frontend\textures\ui\ui scroll top tile 8x8.tga,ui scroll top tile 8x8.tga,8,8,64,RGBA,True,16,0,48,2,0.3
dlc-frontend\textures\ui\ui scroll top tile.tga,ui scroll top tile.tga,16,16,256,RGBA,True,64,0,192,2,1.0
dlc-frontend\textures\ui\ui text box left.tga,ui text box left.tga,16,32,512,RGBA,True,150,0,362,2,2.0
dlc-frontend\textures\ui\ui text box middle.tga,ui text box middle.tga,32,32,1024,RGBA,True,160,0,864,2,4.0
dlc-frontend\textures\ui\ui text box right.tga,ui text box right.tga,16,32,512,RGBA,True,150,0,362,2,2.0
dlc-frontend\textures\ui\ui text chat box.tga,ui text chat box.tga,32,32,1024,RGBA,True,0,0,1024,1,4.0
