"RelativePath","Bytes","SHA256"
"dlc-frontend\textures\ui\screen shot a_01.tga","4194348","4356dbd86f2b97864c58c7db6daf56a5e70968591202d78948dbbf9b40af90cf"
"dlc-frontend\textures\ui\screen shot a_02.tga","4194348","afb242d87644a00a4cf076969f09a726a429e88fc1b3d0fe9760c4b0e9c7df29"
"dlc-frontend\textures\ui\screen shot a_03.tga","4194348","2e5ed19a1894e2514d0669856c645a1f9981c406a94848cba0391c3829dff16b"
"dlc-frontend\textures\ui\screen shot a_04.tga","4194348","accc71dd7917e48c5e4f9edb70aca9508bf3096902ac3c177a2bbb09bc119c41"
"dlc-frontend\textures\ui\screen shot a_05.tga","4194348","60f7a95aa9427a83bbf2e7b999062492b52138b214ac2f3d21350b3d604d4671"
"dlc-frontend\textures\ui\screen shot a_06.tga","4194348","cde26550e8136e489a3320a1eed5570cfeed985a4c727dc701b7e848e742d1dd"
"dlc-frontend\textures\ui\screen shot a_07.tga","4194348","3b5af6736a781c00572507a2842631f0c22da388c2d51387e6cc0061e3dd5fb0"
"dlc-frontend\textures\ui\screen shot a_08.tga","4194348","9d79bbc9c42c3fed030b8e1975598d468a43d20a213697e68039c1d1794293da"
"dlc-frontend\textures\ui\screen shot a_09.tga","4194348","f6bf93cab46f1b2f7d522425ddc4131c247062a01cc16cb87f30f33875f7cc46"
"dlc-frontend\textures\ui\screen shot a_10.tga","4194348","00e73f7ff577e168cb8988dfc27662f343ba416a1835de847b23bc243b4009bf"
"dlc-frontend\textures\ui\screen shot a_11.tga","4194348","9fb512ec0f297d33bf3bf058a0c3a0b68240485d7cf982f9881cd66f3f74f11f"
"dlc-frontend\textures\ui\screen shot a_12.tga","4194348","9505dc4d3f436867c2c4faad39edbf378d3083542466070a0ec00401516ab5fd"
"dlc-frontend\textures\ui\ui background opaque 1.tga","65580","71fccad284b27d9d6ed32a7c439316b22a540f550eacdf238c3340d4b3ad8e5c"
"dlc-frontend\textures\ui\ui background opaque 2.tga","65580","72100b56c3b337481dae367ecb0dde8b6d6cd0ad6852fc15455d0b6be799314f"
"dlc-frontend\textures\ui\ui background opaque 3.tga","65580","199d50ad8fdbc9748b74e4bdd93ff2997a71246ebae2d2b1e40db71ee17c3573"
"dlc-frontend\textures\ui\ui border bottom left corner.tga","524332","0e12a57b170544ad7a48ffe964829e3765dd24372903331d9db6cdd7ba666cc8"
"dlc-frontend\textures\ui\ui border bottom middle.tga","262188","de60b41c4c4f6fb05e3e41aa97749b5524e1838fc8850aa0e194de85a6d64734"
"dlc-frontend\textures\ui\ui border bottom right corner.tga","524332","a443e00d0259b0049fcb81e5c2e2048bd5f6805434362be40906c3ec3680d36d"
"dlc-frontend\textures\ui\ui border left middle.tga","1048620","25709585ee813238146860c384522f66fb0ee23083a46c385eab036c53a461f9"
"dlc-frontend\textures\ui\ui border right middle.tga","1048620","8cbeb760fa3cc56ce6d7f994f46108d1b09881d89193b392e3ce627e51fbf343"
"dlc-frontend\textures\ui\ui border top left corner.tga","524332","457d6198d48e2593b76e8ae2c0121e6f36aa0f9920b3afca51234242080129da"
"dlc-frontend\textures\ui\ui border top middle.tga","262188","a6137b2106a317a57b7da095089f4418dd9dce160d7362bf44f20ae7035295dc"
"dlc-frontend\textures\ui\ui border top right corner.tga","524332","15a9e8f2f6bfbe44118179abfcb1329e8d93ed5219834381a7ad7a243118433c"
"dlc-frontend\textures\ui\ui button arrow down 32x64 clicked.tga","131116","23b7126698ddf51eddb12d62c2a4b6381e9a45aaeecfbfd307abd51a1c06c727"
"dlc-frontend\textures\ui\ui button arrow down 32x64 rollover.tga","131116","0b8b299e4d6befd104f5209c1c2e9767ada4f5b201d21791f7c2c6fdeb8e318b"
"dlc-frontend\textures\ui\ui button arrow down 32x64.tga","131116","9801abe8c9c53ec44766cc46439783572b61b6f9c2c3be25a6c3dafeb587a4ab"
"dlc-frontend\textures\ui\ui button arrow left 64x32 clicked.tga","131116","cc236f96311a77838efd8c92747b5b1c435f7fd7474a12507747127cff69d4a0"
"dlc-frontend\textures\ui\ui button arrow left 64x32 rollover.tga","131116","d41cbae7e20ad75ccdcef06e48762996d00bd5a56100f62e87a0572d1cbccbb6"
"dlc-frontend\textures\ui\ui button arrow left 64x32.tga","131116","609c7b5fe06f7f5a477b136e16d12ec5ee15b8bc85c08e9de12d5baabfd0a26f"
"dlc-frontend\textures\ui\ui button arrow right 64x32 clicked.tga","131116","0d7391fd7834eeb54d68170edd5ebff989f1fc1ef65d11d277f602a2ff98c411"
"dlc-frontend\textures\ui\ui button arrow right 64x32 rollover.tga","131116","b1cf0ea31f13b1978433955d16cbf76bce8aa7501795b241eacd28cb84bc7865"
"dlc-frontend\textures\ui\ui button arrow right 64x32.tga","131116","7e356420437a394dbdcf00b8a5ce562ded4cdb4a2c2170304a6a5819df12d21a"
"dlc-frontend\textures\ui\ui button arrow up 32x64 clicked.tga","131116","31e5e678dfa3ff54bf5d3129501125b8eeb7d02a5892b4d0352ed455a7aaff57"
"dlc-frontend\textures\ui\ui button arrow up 32x64 rollover.tga","131116","6f6803a726f426024a6c6f656a55c99f4b25c36453d0d363bd0ad60599f41b98"
"dlc-frontend\textures\ui\ui button arrow up 32x64.tga","131116","1959da43c58d9561db737a2802f51e04b447521da768c4becbec8b296a7d1250"
"dlc-frontend\textures\ui\ui button check box 32x32 clicked.tga","65580","acbd41da2aa1281cb38e2689a603a3c8e88e13d1c4a481db3236b5c1b7f0a324"
"dlc-frontend\textures\ui\ui button check box 32x32 rollover.tga","65580","25e905cdb79a16863bef3e74732709aeb0ce4fb535fd50ada4530bf48023b17b"
"dlc-frontend\textures\ui\ui button check box 32x32.tga","65580","873496ac5f6789d4b388b2309b8123165e26029bd5d02921cfdfc9362a5199a8"
"dlc-frontend\textures\ui\ui button long 128x32 clicked.tga","262188","fcd0e52a7285bcca9250101b4349c01816f8a2b362d38b360f89ab426ff8bc4a"
"dlc-frontend\textures\ui\ui button long 128x32 rollover.tga","262188","605a8b370ac4d7cf4f8e7627f706fe011235918d297c7b8f4985c078e0fb754b"
"dlc-frontend\textures\ui\ui button long 128x32.tga","262188","e0b0b33a7153983973c41f9da9efd287e000da61969ed3ec04e21d3fd716bc43"
"dlc-frontend\textures\ui\ui button long 160x32 clicked.tga","524332","f21901735b94e8ed5d4e5502eac7abcfc43c28c78ab9356ddb7af75965cdf8ed"
"dlc-frontend\textures\ui\ui button long 160x32 rollover.tga","524332","9e1c522570b74b1f6333dc933fb3de6ce587b394feac3fae7fe49a4628beb052"
"dlc-frontend\textures\ui\ui button long 160x32.tga","524332","a4bb4df2e5e5626807598e9b892a123a323893e175f50f3b7f964c50262f4084"
"dlc-frontend\textures\ui\ui button long 192x32 clicked.tga","524332","16ffa7d32ad5743dc1e39793df87db552db4930a832ba4c8a82374c00073d000"
"dlc-frontend\textures\ui\ui button long 192x32 rollover.tga","524332","7a4060b7d599c0827a90749906f745b6f402a94d73cd65ceeca25dad9b3d12f7"
"dlc-frontend\textures\ui\ui button long 192x32.tga","524332","64e02d3909bbc632ab432061f006daf35fa8bf37d4a0fbeb96bf7fcee72a8943"
"dlc-frontend\textures\ui\ui button long 224x32 clicked.tga","524332","2d1086d03976ddee18069981810bc26bb2df9c73a22b2c9ce2df8743c606e2c2"
"dlc-frontend\textures\ui\ui button long 224x32 rollover.tga","524332","75e2dff46b74a5dec3f7060c6f58fe24b8bbc7732d84c4e776d9e7f7fc4b806a"
"dlc-frontend\textures\ui\ui button long 224x32.tga","524332","e9359a180c6a58917f8da7d02c278c136e3ff93c68413b57ed8df88d8109204e"
"dlc-frontend\textures\ui\ui button long 96x32 clicked.tga","262188","1f04fbe7d42faa2f28554564837024f365366560b73a01815c0c373b453c3e18"
"dlc-frontend\textures\ui\ui button long 96x32 rollover.tga","262188","74cab7456eba14ee5a95fd03d1764e9d76d112c2e5991792b2c477a996796d0d"
"dlc-frontend\textures\ui\ui button long 96x32.tga","262188","dd6dbd366cabb5607b0d395bc4ff6c48b806458dee8f047cb41f94572421345d"
"dlc-frontend\textures\ui\ui button radial 32x32 clicked.tga","65580","0f29ded76fe904a36f5461128395a3b33d27265dc6bb33425d4c441e39eacc05"
"dlc-frontend\textures\ui\ui button radial 32x32 rollover.tga","65580","1a08a8c6c5ac6dcd9d2bfa6e54244fb12be5e34adcb6dfbd757846924f64af66"
"dlc-frontend\textures\ui\ui button radial 32x32.tga","65580","f98e8f526262e756aea7cfd6323023314c6d0469771bd33625ca4d6d5342214d"
"dlc-frontend\textures\ui\ui button slider arrow down 32x32 clicked.tga","65580","93efde8f70bc99b48c10ba7e5ec3913eb21e03670928817e4a40880ef5abe9a4"
"dlc-frontend\textures\ui\ui button slider arrow down 32x32 rollover.tga","65580","c9181006dbca52a395dfc2cd344bf37a8406607431fe6ec624cc7421b6e9471c"
"dlc-frontend\textures\ui\ui button slider arrow down 32x32.tga","65580","22e3108de1e505dd30eba827dde6a2718bf0f6f48ed0026e0c3602e746a2ec84"
"dlc-frontend\textures\ui\ui button slider arrow left 32x32 clicked.tga","65580","a6cacfe0789488ff33f462f705bd93a11716e82e873480b82d97f4cc7d05ba41"
"dlc-frontend\textures\ui\ui button slider arrow left 32x32 rollover.tga","65580","4ed55197387c31d9e7efa8938f8d4ec6cb98352b8403fa4bc371de35bb2908a0"
"dlc-frontend\textures\ui\ui button slider arrow left 32x32.tga","65580","0e12cfdf89ca19a7f73d95a55527acacec98bab9193ebe721577a886b986cc68"
"dlc-frontend\textures\ui\ui button slider arrow right 32x32 clicked.tga","65580","85216bb01b2574243361507c5a85e1cee7f8ee91c3bd3647456fca950e487921"
"dlc-frontend\textures\ui\ui button slider arrow right 32x32 rollover.tga","65580","856d8c2e02e07678abe8facdb37e8c6e238cb6c11fb2d188684b2db90dc8e63b"
"dlc-frontend\textures\ui\ui button slider arrow right 32x32.tga","65580","48819bfdaf108526607a3cd7a77f4e22f08b12003ee43fb100867b0debe5e881"
"dlc-frontend\textures\ui\ui button slider arrow up 32x32 clicked.tga","65580","29985e8e5f415fb0c04adb2b737e81dab75cadab719a18bdfd84b5d8385b4faf"
"dlc-frontend\textures\ui\ui button slider arrow up 32x32 rollover.tga","65580","d0029c10a1d0a9de2ab6d0a60a635a8d6bb2f46bc6edc42175fadd853219edfa"
"dlc-frontend\textures\ui\ui button slider arrow up 32x32.tga","65580","1550da5d18389bb4513f8be6c9cfeb695539eedf7ffbf7066f3d3391f66bf3e0"
"dlc-frontend\textures\ui\ui god all random 256x256.tga","4194348","a0f1c548600b27a9af0da863acca37f144c9efbd81ada585bc75a90261bf1608"
"dlc-frontend\textures\ui\ui god all random 32x32.tga","65580","f20afd57090a1840156f47af499940fd5e4eac9a80351c9662b8af27c737cca4"
"dlc-frontend\textures\ui\ui god boarder highlight 128x128.tga","4194348","1eb4d343cbdda3a93b051ca89fd5654de510b33e33b8c29e8bcc55b11be645e7"
"dlc-frontend\textures\ui\ui icon button clicked.tga","262188","d44acbd44bea3e50494697f821dfb40fee25ebe93b1f38a57e162a580d12999e"
"dlc-frontend\textures\ui\ui icon button foreground film.tga","262188","049b742a79fa4661235fccf77313bf26aeb4e4d722d7973a1069824ee601e4ac"
"dlc-frontend\textures\ui\ui icon button foreground history.tga","262188","7de6c37f3fa2c4bd0b376a43b6b89388eb27a86ca477d4073e357d8341856d5a"
"dlc-frontend\textures\ui\ui icon button foreground options.tga","262188","cee6935550ba85010c9bfa406912a8b5a863edb993bd576bec404ae7c1899c33"
"dlc-frontend\textures\ui\ui icon button foreground steam.tga","262188","7bc39ecb2f38832909cbba6e0d415ec6ff3b72f96a22bae1d333e00df24bd8bd"
"dlc-frontend\textures\ui\ui icon button rollover.tga","262188","f2980fc2aef6ac099be019efaeb5a2979fd701c5b358e5b3d85a1fed3b4d5174"
"dlc-frontend\textures\ui\ui icon button.tga","262188","a02de9069531453376703c5c5ffc4ca9f25d065030416c55add021eef1b02343"
"dlc-frontend\textures\ui\ui map boarder highlight 128x128.tga","4194348","1eb4d343cbdda3a93b051ca89fd5654de510b33e33b8c29e8bcc55b11be645e7"
"dlc-frontend\textures\ui\ui map boarder template 128x128.tga","4194348","92ad0c83f4e406d2a46cf08c5e983bab7811b8428407e7aa4bc721255759d10c"
"dlc-frontend\textures\ui\ui map size select giant clicked.tga","1048620","6674c404494e18ea1924c0ee4b3ddf0d800e25b33e740607dcc958048c716266"
"dlc-frontend\textures\ui\ui map size select giant.tga","1048620","8a1465aa536cd7b51963646422f6a047f9cb70bb85b9456bf9eaf6f10e5b0074"
"dlc-frontend\textures\ui\ui map size select large clicked.tga","1048620","8175327425be082aef78fc82cc7cd4889fc5cc35ceb35745d1bc4829a1b44016"
"dlc-frontend\textures\ui\ui map size select large.tga","1048620","efc8825527a72489e60e8234252232944e9f15f2cf0fa3827116bd073d841e0d"
"dlc-frontend\textures\ui\ui map size select normal clicked.tga","1048620","f31cf28f2c40b687af4186ecde3f539e7a85fc6c6d581a3965086898cc46b7f9"
"dlc-frontend\textures\ui\ui pregame button clicked.tga","1048620","feaacb8dac401f85edbe368fc74f0f853e0cafb9a0305c60f93bb84674d4a100"
"dlc-frontend\textures\ui\ui pregame button glow.tga","1048620","dafaa155d363108536c7995335020d8a8ab169093c6586718b24b660ec263518"
"dlc-frontend\textures\ui\ui pregame button rollover.tga","1048620","9882480e7322568bacd3821b765a32635ea91b92433973393ca94fa3cb16bef3"
"dlc-frontend\textures\ui\ui pregame button.tga","1048620","0510c39e3eb7f1c3033c5ff0f58d6da00190d80d6532c0738e65cd9eef46481d"
"dlc-frontend\textures\ui\ui pregame left bottom.tga","11082284","43d9ff23bb9c58b015f352a3d5eafd06625dc4a282b2bf83c1a2cb60f8afb0cf"
"dlc-frontend\textures\ui\ui pregame left middle.tga","11082284","5b43a39a826224d7568b0693a0c40f93864036ae3bb4119ac1bc1058e9bb21dd"
"dlc-frontend\textures\ui\ui pregame left top.tga","11082284","71e9208d9d82612770596e869e197e550e84161a4261fed72828abbe77f41224"
"dlc-frontend\textures\ui\ui pregame right bottom.tga","11082284","79c1e2c4e1b7848ae7f4ac2df22403c0746071f05708ca9aaf1cd642943a834d"
"dlc-frontend\textures\ui\ui pregame right middle.tga","11082284","f519c69b3a0cbc12281418a5e71725867ec82d7ea6a0a4009b57ed42403275eb"
"dlc-frontend\textures\ui\ui pregame right top.tga","11082284","d331344813975201d543106613c8a6c156d5bb93e94847693c137091c14e5a74"
"dlc-frontend\textures\ui\ui pregame transparency background.tga","65580","71fccad284b27d9d6ed32a7c439316b22a540f550eacdf238c3340d4b3ad8e5c"
"dlc-frontend\textures\ui\ui scroll bottom tile 8x8.tga","4140","d1738b5c6dda4c3d3cc6999fbb9099a7c54a69bb520fd9d9faa86614e336f917"
"dlc-frontend\textures\ui\ui scroll bottom tile.tga","16428","fbaccd69b134cdd63c5951735221240f9344c22ac61edf091a2b5bc0cd895524"
"dlc-frontend\textures\ui\ui scroll cap left 8x8.tga","4140","c432ae7ae1175950d321294e274aa22e287849fd798f190f90236985d9d7de3b"
"dlc-frontend\textures\ui\ui scroll cap left.tga","8236","32c872469c2c23b36d73531e062c1edcee27a52dab610b4950de7ec86252f734"
"dlc-frontend\textures\ui\ui scroll cap right 8x8.tga","4140","8a189e7db60515a64fe114ce31e0362ff4cbe828f3d5164fc658ec1ea5233910"
"dlc-frontend\textures\ui\ui scroll cap right.tga","8236","742f47af2a7ec8beb93f2a76f9b158c0f073d04e2da25297f2181ea576f9cd9f"
"dlc-frontend\textures\ui\ui scroll middle 128x16.tga","524332","4cb150f83eeed6333e1b730e2d265a8267f5e7575f864a95beca01460c3841c5"
"dlc-frontend\textures\ui\ui scroll middle 256x16.tga","1048620","823e78646c780e14299b3a74ab8d4cada3f63ce71a7728b4444a5133d762d045"
"dlc-frontend\textures\ui\ui scroll middle 64x16.tga","32812","61cdc0749985229c540db35108d580bf4e39ec295a199d70b04e76e875c65edf"
"dlc-frontend\textures\ui\ui scroll middle tile 8x8.tga","4140","db51066a4aac26b4cbb5d39ba0062cf3d92432b87a0c68a517c01eb39c8dcb76"
"dlc-frontend\textures\ui\ui scroll middle tile.tga","65580","8b51e71a68fb362f3872fd6807f1745f17b97beb99d41ff046c6cc1e7d167927"
"dlc-frontend\textures\ui\ui scroll top tile 8x8.tga","4140","a92a2eef4ab0b4824f862f5b7cd040b54e312266699dee42fd94d279feae2058"
"dlc-frontend\textures\ui\ui scroll top tile.tga","16428","c15e07b02ee6d9ff1472dc5d0c71453f8b6c2a45562f44360d012da179c79bc2"
"dlc-frontend\textures\ui\ui text box left.tga","32812","d98b46e8da640a39197715984fd07ebadcfb570ea9039abd577f86e2a05e4e91"
"dlc-frontend\textures\ui\ui text box middle.tga","65580","267c1259cb62abd3da59e835e2a94f7e2c3fa1e8611444c0d130bfc221f9cbab"
"dlc-frontend\textures\ui\ui text box right.tga","32812","e6077fea0c87a9e2339a1a0899629267def10516fdbf8448350b85e7290645db"
"dlc-frontend\textures\ui\ui text chat box.tga","65580","5c804150631e42541a4b8eeae01fed82e705b79d4f563cf641091543baa7daa5"
"textures\_missingtexture.tga","4194348","870f5751e742c4288ce5027604df521b379b74f9a6e13bce4356254fc9d19077"
"textures\agamemnon map.tga","4194348","19137d37a04f53c997be595cc9e576fbd90236196881a8f832e7830f506fee20"
"textures\animal aurochs map.tga","262188","29e48615c478c65a1f469f135509cee961289f4650d84c6273824a6d7d092052"
"textures\animal baboon corpse bodya.tga","65580","daa19665b5349d5ab93a99178d522c04fc62f4f5858acf40efaa5f5bd4839641"
"textures\animal baboon corpse skeletona.tga","65580","11b31fd8f06c033ab1fdd6c4da51dc478ed6d069e03ea070578b87376c705256"
"textures\animal baboon map.tga","262188","eb5283cf7d6659aedd7b1848bb5cce86e9f3ec8dca3f69d9f7f2b801dac03ce3"
"textures\animal bear corpse bodya.tga","65580","ebfc319a630068d7d7de1fab45a0f9f05a7ddbc52621ba7fd9573cb7c6f8c8bc"
"textures\animal bear corpse skeletona.tga","65580","1402a06b68a72e52d8f7f2b27dd10ea8729c894930a24a9b811e4452b4c55d00"
"textures\animal bear map.tga","262188","20519c19654ff17b8c2c6ef21cf5fd7320cebbd6ffee29ae4c5431777634973a"
"textures\animal bearlaser beam map.tga","262188","79b67847d57818374673f0160f6c005899a3c87aec278ba09363a2b748268073"
"textures\animal bearlaser cape map.tga","65580","0d18b62a4e00b8b6038fb0621af764d089144e3302fdf3f550e96f039f088b1b"
"textures\animal bearlaser map.tga","262188","9a264054874e9489001115d184d1402ef3437dadbde626af5c881806efab435d"
"textures\animal boar corpse bodya.tga","65580","17118353484d1509429018563ac1799acc2c24ce534b732e506da9332dc8e9c8"
"textures\animal boar corpse skeletona.tga","65580","553f508f1afb86a78fc5b33e6f6a0956948be74dbaf732eeb27a4590a42db205"
"textures\animal boar map.tga","262188","1c1dadd83398c5090ca0e0bc605bc1e233c8bf9b06b1948de9aca29d7ff5358d"
"textures\animal camel map.tga","262188","eaff33c847fe45f874ec7f3208ee1afdb9f275031fe868e3b4da78a6032cac71"
"textures\animal caribou antlers map.tga","65580","50a6799df8cc7df68bc2f0452abebbd60a522e34277508153621d66634a0f316"
"textures\animal caribou corpse bodya.tga","65580","6c2167f61da77751fa19a9eab2ad3630e3e11a1795181c85cdba6eb5ebd18bbd"
"textures\animal caribou corpse skeletona.tga","65580","d8e83e540b4d4640f7855136f1473bf00956e34ef8c4b7d54cdf7ee2df27d2cf"
"textures\animal caribou map.tga","262188","516d216eaf6066522816678a0b8aa7aa359cabdebf9b8e72b44751d47d7b6615"
"textures\animal chicken corpse bodya.tga","65580","986c491c78cd92443476f373bc18ddf6de22351b062559899a0dd9acbd9c8a8c"
"textures\animal chicken corpse skeletona.tga","65580","5bf0c509f81077105c16a06027491b7f8321c40d394b6fab26159e7d188d3dc4"
"textures\animal chicken map.tga","262188","49204544168e1e2a9b8aa33966ca690b0aaac0687d345ec7819815ad852f6e98"
"textures\animal chicken.tga","65580","7ff3f8f25662f03fdf921dcec7491914b57a62fbc74b3b0146164e11330d08d5"
"textures\animal cow a map.tga","1048620","86c70dad525267a043cf7ff5df60aaca50a2eaef3d2f0195a3a60c6f70dd0542"
"textures\animal cow b map.tga","1048620","0afb15042bea9719b3a9b06c59ec4aa919ca1e4e07e0cfe993d9c5576472e823"
"textures\animal cow c map.tga","1048620","1e59aeab50f95f604c7c41854744172de365a9c427409670f8542583eaf0ef34"
"textures\animal cow corpse bodya.tga","65580","071eccee34805b230a8e1d9ef7ad1dc4aca3636ca747ef398cf584ce5a05d1ee"
"textures\animal cow corpse skeletona.tga","65580","d24510c6e080e4d05cedfdf76ff1718c53ff8c50d24b9a6da32ad6286ebe2fbe"
"textures\animal cow map.tga","262188","518a1f8d11b7536dc2a0da6667fe62d823ca4c0161068c40659643e937eef873"
"textures\animal crocodile corpse bodya.tga","131116","0926ca50a156131da3f3deb1ac121af067699dac60873f66280c2d760a184691"
"textures\animal crocodile corpse skeletona.tga","131116","2a8e242d356f6abd749ab7130a3df091412e68b214813923241e7db860a7bf2b"
"textures\animal crocodile map.tga","262188","7fea89c3eccf69172786f96165a31d2323935e4d46be9d8edbdf55d09968152d"
"textures\animal crowned crane corpse bodya.tga","32812","1dc0bb011287b618073b11610df64142ca0122a85f51ea75aa9854c5361fabbe"
"textures\animal crowned crane corpse skeletona.tga","32812","d829524e27cd39f64741d739686e22b6d1c533024943c57d627b5d7946d973a4"
"textures\animal crowned crane map.tga","262188","e64b7907cae2e08a290ade2e3e72b214d3606025a3edf0e8a832824fdd1e5c6b"
"textures\animal deer corpse bodya.tga","65580","c410d589b53ddf35f6731dfa09dd648557a6d014350c09b134f92b3789a02697"
"textures\animal deer corpse skeletona.tga","65580","764287760a980b8b0e87f85e08c7da3d1764aa154c76987b2b07c9ed50580d7d"
"textures\animal deer map.tga","262188","7afc619b9600d543ca8c829d54a52a1fa67b57df6fc58475ce452762607de67b"
"textures\animal dog a map.tga","262188","5209001d1c48372c02d84ac0172ad81e543efd0764a22281a640c3db75fabc1c"
"textures\animal dog b map.tga","262188","7d8243a924bf7f443e6d5c6940ab8fd6c6eab76e2f228e7e09d18d4b6cc04383"
"textures\animal dove.tga","524332","2d240b287462610e4d61e683ba0ded2649f3b5de2c175bba82d0f2abf89cfa0e"
"textures\animal duck map.tga","262188","d7abdc2f62fcbcc69ef73cfd7696f8ee7779c12e0c52361595a65f2cf94ed6ca"
"textures\animal eagle map.tga","262188","f8381ac32e39d2a5381831049bec0c78ecd31ad85de263bcfca3745c9ce9f260"
"textures\animal elephant indian.tga","1048620","5f8bd5cae868a5a55f3df32622c6e9ce5e416e29511acdcd67e7578ad3e3fd19"
"textures\animal elephant map.tga","1048620","5d4e014f49b48724c2019850bdcb5058f7daa1d92300188359deff693c8657df"
"textures\animal elk corpse bodya.tga","65580","22ff08db4d06590d9b35dc5730fbbeb79ef2ba15fd44126fb481eaca1d0b51c3"
"textures\animal elk corpse skeletona.tga","65580","cdf1935cb8a624f073ba413b34d12cb53d62c45277c78eca23322790b157e893"
"textures\animal elk map.tga","262188","3112aab06c4c66e5d4f285bf3834de553e640be3d1f961e47b5f1ba546164384"
"textures\animal fish anchovy.tga","32812","6b5ab92b5ae6ea9f27b31432f8cf95ae830519d1c26189175e75064db27d4340"
"textures\animal fish herring.tga","32812","b885936521733e35959cebef824003395b4481457cc870a6aebe612b73e0c68d"
"textures\animal fish mahi.tga","32812","bc4ca7ce2599a6686e60eb6118764c94e79993016971212f7d1525db9ededf72"
"textures\animal fish perch.tga","32812","5d21b6a9ed0b324ec94e7d4461323ba89a079899ed353edccfccd3cbd9e55954"
"textures\animal fish salmon.tga","32812","780bc59e043c092d4b87b8ce540e8cdb3d159b10a6bec92604b4dea777c0927b"
"textures\animal flying purple hippo.tga","2097196","094b342483e7a4bb4a941072e6ecf67c45b8869a63f258b5010fe367a5b5e716"
"textures\animal flying purple love.tga","65580","769b612d7e12df0e132482e97314d453edaaa13a1151dae8cec802649051bd09"
"textures\animal flying purple rainbow.tga","65580","390056e26b950bbd987c4f4bb436e45ffd247f6578f3d8354385519a3c574c09"
"textures\animal gazelle corpse bodya.tga","65580","eac1abbb1ad111bd64f511f17437f79320dbb595746e98ebb3a911807c825fec"
"textures\animal gazelle corpse skeletona.tga","65580","4d84a4870065b5fa84ef5d3467611abbd2250b1468d504ea813591956aede8b2"
"textures\animal gazelle map.tga","262188","fea6a2df3425b9c14012f1bf49f14517085745bb47da47e37a4a56234027e510"
"textures\animal giraffe corpse bodya.tga","262188","59757c16efd62042c68ba24cf931bad5b3a976c6650c91180a62c3d149bdc1a3"
"textures\animal giraffe corpse skeletona.tga","262188","6426b06e433ad773a25860d5c9441f6acc5ccd26ecdb9a22a79506c1eb522d30"
"textures\animal giraffe map.tga","1048620","cf56773f5fc8116cff370731d2821b59448cec5f0e73be65c3a0ccf9a796ce66"
"textures\animal goat corpse bodya.tga","65580","90399549ae81bdf24a5f36bfa35476b740d1bf8238d5bb41ce0b919da14ff1de"
"textures\animal goat corpse skeletona.tga","65580","23ee2c5994203dcf28d3020b0de04138064c18ece4d591a89315cf3647f9c628"
"textures\animal goat map.tga","262188","8527362952fec72af7e69ecdae5403db56a0b98c548f3d999c96698969c7e3b4"
"textures\animal goatnubian map.tga","262188","d2e321ecad5b6d45df6fd72675c0279cf4fb1d389c11d76cd4cc86dbc36de488"
"textures\animal hawk map.tga","262188","80c434afb1b0b44087b8717dbe33e0da30f4b44184d6daab3f394326f15d7e76"
"textures\animal hawk.tga","262188","1091d51224723dfc91718d69ce701ce7179f77b4e79c8b2a6546fa4cb8c892d4"
"textures\animal hippo corpse bodya.tga","131116","d53e2795e627c38276e183fd182349274d497bc1fe2fc60af91e51c829db96a1"
"textures\animal hippo corpse skeletona.tga","131116","0ea7799059c9fcb6076c46ba90c50ca8b1af833b56663f0c163e904935e6e167"
"textures\animal hippo map.tga","1048620","414b441739ba0d4223bc9367d1faa2026acf0d87b0836962eca23f9cf402da66"
"textures\animal horse map.tga","262188","d73dac30db6aa68fdf2fcf1f331f4efc2b18f4cd8c32044d9ccce49b317cdd2c"
"textures\animal hyena corpse bodya.tga","65580","18b269a85cadabbb44e4c1b52cb7646bdd019f2109388cb11d79a09f599d5d2d"
"textures\animal hyena corpse skeletona.tga","65580","7db1158a806505121051f50d3d4df7d11b3ef86d982c5c6472fc78a4ae398fbb"
"textures\animal hyena map.tga","262188","97e0ccd2a1b86eecc9596e7b6a7c6e7778dbfa2ee2e26f7804199fada1289394"
"textures\animal lion corpse bodya.tga","65580","99f6f0dfa9c17dce9e937c74193014c9a4936c085f3c6844169208e49427f814"
"textures\animal lion corpse skeletona.tga","65580","8a5ac430e8502fb0b806b4e9597a43793286e4536678a06b4aa76f88a48d31b8"
"textures\animal lion map.tga","262188","c28a7cae75f4c72803483c6e6020b0e22e79fa5cd33f1033a9b9e6887a2fd769"
"textures\animal lizard corpse bodya.tga","131116","73df6234d821e6a4f7c3bb97a3bf3d88c727f02a9891c0c30bddccaf6ca56714"
"textures\animal lizard corpse skeletona.tga","131116","b89148439c1712c8aee33a28fe929ea3bee3d65b87f4bb677fe3727ce8893db9"
"textures\animal lizard map.tga","262188","440fd4eee8b4f17cdc5bfeb99e48ce82f49173a17d56eb7d17c385a4a83bb35c"
"textures\animal monkey corpse bodya.tga","65580","ba1e73b12366f960130bfc0bc75c1c434dfa90a540a07d0713f9a6f65f594831"
"textures\animal monkey corpse skeletona.tga","65580","3da99537ccd2af14d674d47c5058ab53fbff66fe369e81327bbefedb143bd5e1"
"textures\animal monkey map.tga","262188","b7cf7995c3799604d83cf9ee375b250f4c4891a95de8fde4c76daf9eb50d277a"
"textures\animal musk ox.tga","1048620","86f1f6fb8481187a8a584f1c97fdde9faec93829ff28c786dce61210404e6244"
"textures\animal orca map.tga","1048620","0ff9ef4eb32e3e5e32ba1349ed0129afaae786d5cc5c7b6295ad02237f866603"
"textures\animal panda bear corpse bodya.tga","65580","30faf277bd92c77d6bf995c6c421e475e9f8f67438d4f5af50a741c115d5f329"
"textures\animal panda bear corpse skeletona.tga","65580","bc86f2007895f3f37971f8cb3193ce51a7df090d156e2e6ff9334c36615d0c4c"
"textures\animal panda bear icon.tga","262188","9a96d116cc708c29466f30dff3fc06b8a453bb3a282b610023e1bffb3d10e0a4"
"textures\animal panda bear map.tga","262188","ac734b531e22f2904a3aa4aa50ff42b17fcd2904db0059bfe61cb96dfa899ca0"
"textures\animal parrot map.tga","262188","93af8d77323d029686e078ef1e08bbc5694e439ca272bbdc3ac2e2a3059c0f4c"
"textures\animal pig map.tga","262188","09607fda2ae4e1975675d2f59b2f5501b3c6e8628b8c11ac28dd7c57bcdf32c9"
"textures\animal polar bear map.tga","262188","6bdd7b14282ec2aa9da778af8f27b06fc1f9feca3148b0b0bcba528d1a819c02"
"textures\animal prmonkey.tga","1048620","d7f60d7ea60391f9ee808748c50c0a3b857aac20ea335e1996e2b8119df0f2b1"
"textures\animal ram map.tga","262188","bfdfa2522915f629f3e0e99001de745daaf604c91438aa16c6e8b6ac48891a1c"
"textures\animal rhino corpse bodya.tga","262188","5fc0809dc77ec4144b674f39c677856d419b1aabe931ccf68ecc64dc087ebba0"
"textures\animal rhino corpse skeletona.tga","262188","572bd8f0ef75596b6b26ee27e8d841ab8b238b3271eb9c454d10c6f7f47929b4"
"textures\animal rhino map.tga","1048620","615203342d336448b424871f4416f35bdda164291725de696365c16a0fbb97ec"
"textures\animal rooster.tga","65580","72c84b34d17c178648363fa0bd323182962f1067b601a21840b6a64e4e029b6f"
"textures\animal sea gull.tga","131116","cc68d991629b977a3498e3088ae3dbbed7f91e7c4f763a11dbc5fb0ae908f290"
"textures\animal shark map.tga","131116","7cb5b930ae48de05ca11918893b805c199b345366f2ab4e70104fc6761bb6868"
"textures\animal tiger corpse bodya.tga","65580","47fe1ec46d7b7e59f16e18a1de312adf0b9c6bcbdb44708cf4a97e45295e7a7a"
"textures\animal tiger corpse skeletona.tga","65580","307e852a4d02e3523a28f04290d1e1cad8d9fdcb1e40ad8b03fda15fc5d00f8e"
"textures\animal tiger icon.tga","262188","db330b4708aed130b37ca4ca1b9d19296852751ee375f0354f4e52e82123ad14"
"textures\animal tiger map.tga","1048620","b30bdd53acaf02adfd94d40118eee7656770b3614f04857c7d297a87c95bf586"
"textures\animal wallrus corpse bodya.tga","65580","942ff7c5b823312b3f618dad11ce2da0ca7ef214c6a39dad1f1b6cc0839d46bd"
"textures\animal wallrus corpse skeletona.tga","65580","48c994b73ea8f69362d794fba1e25a14bc44b0630e725382e19bf70d26330519"
"textures\animal walrus map.tga","262188","a1cb140d80ecb256df28197fdd88dc6c2af5307c6e593c6ef3ee7e47a7fb4dcf"
"textures\animal water buffalo corpse bodya.tga","65580","071eccee34805b230a8e1d9ef7ad1dc4aca3636ca747ef398cf584ce5a05d1ee"
"textures\animal water buffalo corpse skeletona.tga","65580","d24510c6e080e4d05cedfdf76ff1718c53ff8c50d24b9a6da32ad6286ebe2fbe"
"textures\animal waterbuffalo map.tga","262188","af803a4ebd3e3fdf9d98ed42b4d6a3546024a2e33eb40e3380beb0f9d1885bba"
"textures\animal whale map.tga","1048620","e2efa4b14d6580614d46a0da8f3d82e1b607402824559c232844f409e143ce7e"
"textures\animal white tiger map.tga","1048620","48f4462581465f83137c360be6303b5e1206069b07a787ffcce93eeebcfcf4c3"
"textures\animal william walrus map.tga","4194348","ba56a080da54480385ca5149681a67f6b01de2555276bc5f667b1425e1b1b70b"
"textures\animal wolf arctic map.tga","4194348","2afcf75fe716939ddd68d78383a9720e81c83616886aea3739d8b014e64f7313"
"textures\animal wolf artic map.tga","4194348","2afcf75fe716939ddd68d78383a9720e81c83616886aea3739d8b014e64f7313"
"textures\animal wolf corpse bodya.tga","65580","c850857146e98c987d4aaa8b8b5574efa75ad196c026e1e826e550d556d39445"
"textures\animal wolf corpse skeletona.tga","65580","4132b0bfb530c074a0f53d00afda7dea149ab3a4c82ed902ee672c4091312823"
"textures\animal wolf map.tga","262188","03d3695c98f4885483f6deef719afd7f3ad908e6d74949d553d76d8c7925d460"
"textures\animal yak.tga","1048620","cdca16fadc638bcaf44151b01cd527065708443ab673820598cce9daf3ded4fe"
"textures\animal zebra map.tga","1048620","b7342c2cc51f86b98bb3315fa169d9b42bfe0ede0d2a5d867f43d523e2dc0382"
"textures\ankh.tga","65580","5636c4358dd645dff841898dfbc9597473ad6ad43b0575958be7ae6acb8a5767"
"textures\archer c chu ko nu icon.tga","262188","aae2f5500b42643d32d5023b4528ec1cb58d85925561d0c9d9b140be2bec01c7"
"textures\archer c crossbow.tga","262188","b22d9afa1b01227deb2143769c25a63a2936abc0a487f28961da336ec9eb0b55"
"textures\archer c crossbowman bowstring.tga","8236","b4e06edba34790b953b4b11ae4e37454fad4401b95de133f7fbd381450bd8e99"
"textures\archer c crossbowman bronze.tga","262188","d36905e936d0331370ef4d7650087e8bb86ed8f8696f0f313aaa905b72973a95"
"textures\archer c crossbowman copper.tga","262188","a6458a0ce181be63a4ac771d73c3ca8fe247bdc684dd0b53ec812e1851837b2b"
"textures\archer c crossbowman head bronze.tga","65580","d73533d0d7f041df453d52bb3f91e7ea03c3e8f4c078438223c732055abb5f13"
"textures\archer c crossbowman head copper.tga","65580","a9ecce3cb2018d5aa3367ea51c288e7033a81b3d798097e1ce48d128a103b2f3"
"textures\archer c crossbowman head iron.tga","65580","1b68924417e1dd21dac9058d87c7db290d8c93e9e85db49649898e989af90947"
"textures\archer c crossbowman head standard.tga","65580","69421ce9cb8c0a12fbc431b33ac48b9c291881275b4a26e29f177241bfd20b98"
"textures\archer c crossbowman iron.tga","262188","97e6a515bfe9f334b6a91811f79badca4e96237159fae4b9ed1ff4df3910e980"
"textures\archer c crossbowman standard.tga","262188","b04725c24b315b682d4ccbafee01d8f56c7f9df294a65f3ee33fbe928fb1e1dd"
"textures\archer c mounted archer bronze.tga","262188","553b76e9ae039cf68a2a8e73f9fa945420b901618f7ae66e62849f8810b121ec"
"textures\archer c mounted archer copper.tga","262188","5ee6e837093fbe7623ac3240e61bccaeafccaa16bcd0afba17e894a740f3b78c"
"textures\archer c mounted archer head bronze.tga","65580","31f5817d8c82bc607070b121aa365d49c0f78ef88874d6c39cadeaec8739561d"
"textures\archer c mounted archer head copper.tga","65580","a6aeceed2ad3ab143fb94f2d66ebd68c8aae501936c59b0cc5e6f926d27b4467"
"textures\archer c mounted archer head iron.tga","65580","c83226aae31119a5bdf8d71ce2880dbc59fbcf6fb162f7af1dbd1ea33a0f83f6"
"textures\archer c mounted archer head standard.tga","65580","8bed3a524a09b0750cca80e2a1b9c3dcca8c055ee476c47fe9e881cbfadca781"
"textures\archer c mounted archer horse bronze.tga","1048620","7903a6e9b30db4dff22c07aad353fbf8a51537010bdb98de43baa820956da7c9"
"textures\archer c mounted archer horse copper.tga","1048620","997b13fe5f8a47765c65165ab025265f2844fa51c3b8e276331dd95e1319810e"
"textures\archer c mounted archer horse iron.tga","1048620","0716844fa0bdb0e981a769b976a63de89c18c4d0b7e8c037061dd34cedb9d281"
"textures\archer c mounted archer horse standard.tga","1048620","8d6c660c6a3cb964b1d9482be4ca265ba4e238fefcdc124daa6f9063ec1941f7"
"textures\archer c mounted archer icon.tga","262188","9ec618b119ccee631aa99a04571d16d78e4f65b20605708d858fecce8d7b50ce"
"textures\archer c mounted archer iron.tga","262188","d4ac08420aff2695bc0908399370c26ac0b885a39aa404cbb4c89e0bcfc132de"
"textures\archer c mounted archer standard.tga","262188","979b65ca83652fa216cfeb082abaf993a8b8a9d5c257e6ca53765158343854b4"
"textures\archer e slinger bronze.tga","262188","b733ae78c17ffdfa729aa9da9a3f21618721b5914b0d00ef7cb705037e4ab453"
"textures\archer e slinger copper.tga","262188","1422f499bed53515d02c1427074a67f20806721aa33f9d32f95b2841140cfcb8"
"textures\archer e slinger corpse bodya.tga","65580","6fc94e887e749efe73c619b3064b029fef513724ce34c49e5f7963644fc145c2"
"textures\archer e slinger corpse skeletona.tga","65580","ecdc3b2f11e33d8bcb0eb6076ec98eebad98414025dec117859e2f8dcd28bcce"
"textures\archer e slinger head bronze.tga","65580","a8899efb00c15ad0a688e45ae97b046a7f420f7385c8b55aba68600976784897"
"textures\archer e slinger head copper.tga","65580","bded3d338a320c812c8f5bc3d62cd706f6db4ad71a916bd48ac3c6e67a96b41e"
"textures\archer e slinger head iron.tga","65580","1a78df1a1a973079a90dd5c6cfd8de60c940d9d6fa6da8494aa8a652a4353f6a"
"textures\archer e slinger head standard.tga","65580","85da03d5a9f1fddff1ddad31f6ad5bad848383efb4a88455f819e2941c9e0668"
"textures\archer e slinger iron.tga","262188","0df196035d2ff1c3439aa6f2cd239abb097231558e9eab7cf54864e34d2adc71"
"textures\archer e slinger map.tga","262188","4a79e810805f43f80ce2a5e680924e90f7dbb77430f7e4a652b0a8dcec50fd13"
"textures\archer e slinger standard.tga","262188","77ec686460847da084d98df588ec0a4bdf85d97e905562c36071a1526377fdcd"
"textures\archer g crossbow.tga","262188","074934d7560773f07ed3900b74200b0998660a4e53a926799ba044a47a9aedff"
"textures\archer g crossbowman corpse bodya.tga","65580","dc93ed8c3079aa11eda196e8e6ae4cbb7ca960a8bfbb469d17e4a00939b8c27b"
"textures\archer g crossbowman corpse skeletona.tga","65580","ea01b1a306ef3cbf2c456727ae837d20143202a9cd8fad0ffeafa59b0ad825b1"
"textures\archer g crossbowman head.tga","65580","8db6cd8143a67b0e91ce3049324aa0f926ccc1f06c318017f9c670c48b90554b"
"textures\archer g crossbowman.tga","262188","f473e453a88abe1adc74b1d2c9d0afa4a407fec10c7ca6a6f5c93b0d0a1ecdbd"
"textures\archer g peltast bronze.tga","262188","45faa138812673266047a4a3aee470c6a5627bd6e561035f71790eedd9deff90"
"textures\archer g peltast cape bronze.tga","262188","b1c5b2a56db224af679bfdd4ccc85ca592a330d8c508555a7bc3824b1f9a1269"
"textures\archer g peltast cape copper.tga","262188","fe4ec499b0bca4747313e85577e6f1e140bc65f0b601603e78a72bb47223219c"
"textures\archer g peltast cape iron.tga","262188","05506780536f8d595bd51646878ed3663039792b6e44ff8c50e480d885acb506"
"textures\archer g peltast cape standard.tga","262188","4ea251bc79b2c6f6949253cebf46489a98060c2403b271c0d8b725a4868beb7b"
"textures\archer g peltast cape.tga","65580","dc661ddf835f75dc483c486f65e581c8d4358cf39c1e235a4f6e2690695f29d4"
"textures\archer g peltast copper.tga","262188","d41ec89b298c7c4e62fe1ab323845e0dd8f4856d9cfd3b5220903d8a3c264182"
"textures\archer g peltast corpse bodya.tga","65580","fce8b09ce4c93f04468d33e7bceb2107f3a0ee2f5ae781f14af6662c49fc3e15"
"textures\archer g peltast corpse skeletona.tga","65580","4b1170263f272d636088b4b5131afa1d37bae497f5e1a2e401a436402a859a7b"
"textures\archer g peltast head bronze.tga","65580","b15476cb7fc10e280d6b97139e08370b9dfccb8183e31ebc944627e10a0d9a90"
"textures\archer g peltast head copper.tga","65580","449172cc48551a1faf3b5e88e4a7a25ab84149d03251851195c9adb13548fb91"
"textures\archer g peltast head iron.tga","65580","de6355ab422b291699c1e910abf0989ff7b8be33b6250c46eddcc5b5765ac982"
"textures\archer g peltast head standard.tga","65580","d71625290115d140de547b00d31cf0a0f8bb8e990423f8d389fd5abf8f89e67d"
"textures\archer g peltast iron.tga","262188","756d847e9d72ce8ddde0b9c147cfb0adac8fde4fcf02b8baa28b43f24893a837"
"textures\archer g peltast low bronze.tga","65580","acacf27cd2f59cf3fadc0099eed49d7e856e9614467edc69f6035789d745e214"
"textures\archer g peltast low copper.tga","65580","6079cf6f171690e3224102fc1f804a6730974a1a853d3e1960a311748162d66d"
"textures\archer g peltast low iron.tga","65580","93470c6a3f22378e27ebff39a65cf3e3d238c99877163cd1eb6b73d31cf66141"
"textures\archer g peltast low standard.tga","65580","5778792a8d475009e36c2d4b5d768320df30bdf5b1b138e9bfbaa675d356bde9"
"textures\archer g peltast standard.tga","262188","58142eb19556f8b61cd4db257e6dc0e6343cab4578f0481acd1a6781184a245a"
"textures\archer g toxotes bronze.tga","262188","4d0536ff137e6925c8a22a146c2c95d01f37fec268f01f7b620cf5b6c97a2e2f"
"textures\archer g toxotes copper.tga","262188","a20f906242c6263db57a734791215ebefd909d6e17c4d1137d81b280108b68d4"
"textures\archer g toxotes corpse bodya.tga","65580","0461842f801e0f6538302da0ef6266bfa0da4084904389bb6f16b3a5bbf0061e"
"textures\archer g toxotes corpse skeletona.tga","65580","87eb8092a4f20617c300b03159bc15b896a8a9310f82a0b88cdbd55f811ef56d"
"textures\archer g toxotes head bronze.tga","65580","3fb350f589a800ab03b2063c2923404fd862740b566f15bb67c0a1a4a2f66521"
"textures\archer g toxotes head copper.tga","65580","780bba57f04465c1afdba4d38c9b191f3c18a51e2cf0f2146fb78ebd36885d38"
"textures\archer g toxotes head iron.tga","65580","4c51d0187a8f7c561ff88601db0c4b55588a162b82395db28c1513537dcd27ed"
"textures\archer g toxotes head standard.tga","65580","d1c2a402e1b3a1a745c1029d4771db1f029b95db49194c9734c8231dd93f1524"
"textures\archer g toxotes iron.tga","262188","0732fb16088748e8ac83895543e64cb10a5003ef0c48366c216363d61588f485"
"textures\archer g toxotes standard.tga","262188","65cd521accb033e67a23ee91921453c36442d9be49303cb6de1ed5fb2d2a1f87"
"textures\archer n normal bronze.tga","262188","2f70c46c4702e64ce8b2fb75eb131e97a63242db87dea5743247f32b8c1590e4"
"textures\archer n normal copper.tga","262188","4775a7227f6a8a90fdb9c4e070820ec77019108e1383d76851afd664534a19e6"
"textures\archer n normal head bronze.tga","65580","acb035c04287ce57720ec612923eee8ac17c55b728e1e1a669f0efde51dc7b56"
"textures\archer n normal head copper.tga","65580","e66c794e749c71a649b23adb4486482b39cfbe192a93960c6b2738bb1e40cf5f"
"textures\archer n normal head iron.tga","65580","e5d3f098dbe3879a8e9b6651127ccba01959d576d401a58fb896ed65f777a385"
"textures\archer n normal head standard.tga","65580","9a5d3c6959d5e1fb5b173a35f5507eac2504e544a8c82cac687e47f574906cb2"
"textures\archer n normal iron.tga","262188","bb3f7e02695eb85d4f62914a8749b0a9e3231c2ad8ca563205d27610a4649c87"
"textures\archer n normal standard.tga","262188","f145888c88a2f56dd493895aad0cb1333f031acc832f4ed7c3680d3d90e0622c"
"textures\archer n throwing axeman axe map.tga","32812","6f4cd7f5be3852671c26c33ee6aa9e5ed5c24b68ca2bc6747b9149cdaae715fa"
"textures\archer n throwing axeman bronze.tga","262188","c289450b6b7d254de2f2a4ae47514f3355fb132b4741acebca0ff0f0015a7083"
"textures\archer n throwing axeman copper.tga","262188","844958f805db1989e071a3ffe06bfa9020622dfbf8adebb42cc1a0fca65ce4f4"
"textures\archer n throwing axeman corpse bodya.tga","65580","567609d33df269f4643d23ed3356c0ec61044719460844fa072c3eb53a680305"
"textures\archer n throwing axeman corpse skeletona.tga","65580","dc7144b2cf56f5dc0ef262ffc6fd73d74158a0832f79c7ee8695e0b9e6b1ae06"
"textures\archer n throwing axeman head bronze.tga","65580","8126f7f0a2924cb254699095bcc39d38deb46a588164d7a18dd7d44b42738fd3"
"textures\archer n throwing axeman head copper.tga","65580","a00b64c15fb0fbe7423c850f17635fbfd1e18b90720564b2213429054f83fd94"
"textures\archer n throwing axeman head iron.tga","65580","65df573937b23d0dc72141672ed845d5312fff370968d43a36e03abc53221117"
"textures\archer n throwing axeman head low bronze.tga","16428","4e892955c4adff2b863b99ec63becdcdde8d965db7cfda6bef3b4708ea8afbd6"
"textures\archer n throwing axeman head low copper.tga","16428","367b31e7a22341aa9bb19ae6c0a5bdf646edd47e30f82a98f153713629c50f9c"
"textures\archer n throwing axeman head low iron.tga","16428","eb1bb10fa1ed49120fe83f3d2d6be4e107f284a4dff5062ae200280f67765596"
"textures\archer n throwing axeman head low standard.tga","16428","3213ebfa0e276aa75a29db09178c79984e296c40ca78df84e9c3ec6f6cc3c1ef"
"textures\archer n throwing axeman head standard.tga","65580","4c440e45c317e1406e11068602365f44519e987169e1a2e4283b449f7d4c2271"
"textures\archer n throwing axeman iron.tga","262188","80af14462ab36cf69dd9ffb0942848abc6c33600cbf40ded3c95354957b3546e"
"textures\archer n throwing axeman low bronze.tga","65580","dc918be9f4b85a75d13c977c2754114e81d04c15368ccc3a572b7be002cd76ce"
"textures\archer n throwing axeman low copper.tga","65580","91083111478f71c33a66da652ed8850f07c5039fa9ede26e12bb8c683855e953"
"textures\archer n throwing axeman low iron.tga","65580","2e61f07549425326175444c8e0e11ed138e558e3431018542441cb13a98ec760"
"textures\archer n throwing axeman low standard.tga","65580","42a67804980289f882d02d34eee3b960f4d22051d03c3298795eb0f2cac18870"
"textures\archer n throwing axeman standard.tga","262188","7e438da70647a585dffd9852736fe07ff0f2696063e74cea5f7939371c62db53"
"textures\archer x arcus corpse bodya.tga","65580","bc6bfea42eeea98cfc6118d8c877a37e15bc6ecd2a3d375e58dfb0382fd2653f"
"textures\archer x arcus corpse skeletona.tga","65580","a3d06b6a1f76a196c7fd0ab50a75afc8524d21c67d5062c415ddf706c8de89c8"
"textures\archer x bronze.tga","262188","4ea7b45113f60001631049570f290e71ac7d822907b905601915c2ab76e4a990"
"textures\archer x copper.tga","262188","2f617dd543fb8071cd3dc9ed6c2a3f03906569e707ee9df4018a22df3ad44474"
"textures\archer x hero.tga","262188","20fa21bae6cc108ec37d38290441d4ea60f87ff81376a078f16927b42a2fe317"
"textures\archer x iron.tga","262188","85ba3a8128aeaca80356d4f633ac6721b2c31d2fe01e4963aac4b4c08c769661"
"textures\archer x standard.tga","262188","ec3037b109796b549d7283a907533e4bc8056669dd4072a5e10bd92549254ede"
"textures\arrow_down.tga","65580","27c5ea9ffbc7e295478a7cb08d88358e8e76aaed3746c5495239a941bdd1a3bb"
"textures\arrow_up.tga","65580","438d678a3a400b5ac086fd886f50828ee9ff60c3e4686c6f27523d135d82827b"
"textures\ashbow.tga","32812","fae2e0a345f9e3f9289a7cf6ca1cc2b39fac051b9dc72be2a501c412d86d2998"
"textures\ashbowquiver.tga","65580","7a1b7bd1a2474bfe050283275fb912737a145f2d4d2cabd47a6a362bb68ceda5"
"textures\athenamap.tga","4194348","164e02f41a84c1c4904db43e41c5ce987ca264a82766af090f637c402f9755d9"
"textures\attachment c halberd head bronze.tga","65580","4223269062cd26a0c84d25f69a4294e0caaf5690cc37faef2cc58f2e4538e4f9"
"textures\attachment c halberd head copper.tga","65580","28c0fbb2fa1429ca3b69abed3ff6520991d1d1df51e95de489de9abb8a1338ac"
"textures\attachment c halberd head iron.tga","65580","e28fb8d03b08a26c5e0ef7259d743855d7db827644b43f085ee41544de6457b2"
"textures\attachment c halberd head standard.tga","65580","cea3cb004acc2f3a1e0e5f945de23ecfe87ba8516c251b8cb2ad24e026f88130"
"textures\attachment g gargarensis trident.tga","262188","ce360ace4572efa47039153229f0306cb7eedd7040891cfb2fd642ed54b8b294"
"textures\attachment g spear.tga","1048620","0454a6320a6baf337036c50bff693e8fe8f2fd01c28b1fbb79d7d20182d58150"
"textures\attachment g spear_01.tga","1048620","8c1639772465f0d9e1bd0ef3ad2f587dedb3c6ec09af109f716c9ecd90d2f2ac"
"textures\attachments a arrow map.tga","65580","85088baf487e939e01b47cd8a74a5bdf789e914c126a5b5ece4690799e951e4a"
"textures\attachments a arrow.tga","32812","8d959286ca4f195f4fb764942f119fdbb74964a3d2a97964fc092957d47f2f57"
"textures\attachments a axe map.tga","65580","f015c31ab337e13178e6c6c92ee8d187c782625be9f80b33fa3c615e8ddeed0c"
"textures\attachments a blood spurt map.tga","65580","5d30c89cae914a8e37b71fb29dc164b56dfc0ef9b37fe92020abbf2aa04c1969"
"textures\attachments a bow bronze.tga","65580","a2252db4800045d7e001c6ce8ad471b373463013b0b82e2c6bc04c89ba963f6b"
"textures\attachments a bow copper.tga","65580","569bae647d6d605845a2f8e918ae12c41b0e596d79a609371a43c05c0515d4f8"
"textures\attachments a bow iron.tga","65580","4b702cd45c222c85221071d53ad93296e1cd45c546ef541ed810685b2098f492"
"textures\attachments a bow map.tga","131116","d00eb44a1e14a527e38a78cb26281f0421c976a25b5e8469310780431b3b570d"
"textures\attachments a bow standard.tga","65580","1e6f9140934426608158e56e8139c01832589d476e24f984f02212ba76461f7c"
"textures\attachments a club.tga","32812","c8a79586fe6eda0e66f3def4b81e755aafc82cdaccf8b41520c9fc633fc4918e"
"textures\attachments a footprint siege.tga","32812","9d276c586a07cf1ac2f2825764cb1cc270d8b9972e8edf00860f98020c175911"
"textures\attachments a footstep animal.tga","65580","ba86e31dd3ed8343ee195ba9af1acb77d2415459bb89010c9aae76ebb77d83ca"
"textures\attachments a footstep bare.tga","65580","4b96ac1b2869924503c4be65c0c96c786daf3059d0c5ceb8175d9e30d69b9ba2"
"textures\attachments a footstep elephant.tga","65580","38a47c55e762428dd1485089e574778a73b910bb7a9b9ec4ae17e5eb4636df0c"
"textures\attachments a footstep horse.tga","65580","a351bb91297ada246483acd2577fe1633c018438fdfbf74d05f6c91614186e12"
"textures\attachments a footstep portable ram.tga","262188","5627a9873d91f54a24f77aaf9923874cb71414e2af7df721fc33bd1c064800e0"
"textures\attachments a footstep prometheanbig.tga","65580","97a02e7b2da60daff63e6c97dc11b41cdf4bf710592a724e4f49e5878eae6b61"
"textures\attachments a footstep scarab.tga","65580","f179b2a50c74a7ec8e931a62772677e7de1c9a5c9395969a4499dddd8cae8da2"
"textures\attachments a hammer map.tga","65580","4e612817152f9f8016b2d44bc60981028c41e8a86cd0c99feb60a0bb6cd34781"
"textures\attachments a hoe map.tga","65580","e1caa6cecc296d94bca8f02d8a21ab8c885d47886c2a87f28aa268be06a29b31"
"textures\attachments a picks map.tga","16428","65197eaca945e499909387b7934d095b916bb9f85823e86c44e0dd406ca1721e"
"textures\attachments a quiver.tga","32812","7e4e3ac7ecc9d7f75c258ea543971ab79d66b8a0bc96890a108447e3e3fa36f9"
"textures\attachments a resources map.tga","524332","b90ef3b230f1f57ec68b9bb18e984044885dfe5087fc7b43c0bd1c0014e72f3c"
"textures\attachments a seeds.tga","65580","b1fdf06d7df94d909cde10c07db3583bb4f7ac7a5b3482454f5bd2a4e075ecf5"
"textures\attachments a shields map.tga","1048620","4ca2c239d29c76947b3f8cdb90138da25c2025f4f0cd8dbf06fa574a1ca8c1d4"
"textures\attachments a shovel.tga","32812","158f2a3fe06594b4708e304e9ea4c5e48343a009df72801b348a44874f50c21e"
"textures\attachments a skeleton.tga","262188","0995e80944f1622e99e2ba4a59a236fade1917caff7fc9fb9fdccbac3b2a8960"
"textures\attachments a sling.tga","131116","844f402560b17d9281600c53438f153cdd7578455de64357b64035b380359d6c"
"textures\attachments a spear bronze.tga","131116","4c5aa38bc08d79e248790aa39fd51bccffcc9e4c9401ddbfdd6da642721544c5"
"textures\attachments a spear copper.tga","131116","f0d26ab873c1665a7b83ec8bf33cd50369ed49faffba19413387e2673824a5f6"
"textures\attachments a spear iron.tga","131116","e884b940a9b2abf046ecab1e235adfd13f30dede0d0179836985a7c13401b818"
"textures\attachments a spear standard.tga","131116","c5ab1ca621c0a42284312b76178b1f19c46a7b6e9b11a4d7acc8a0859604f136"
"textures\attachments a sword swoosh.tga","262188","8a536816dc6f9d991d066619823b00d349bb7bb8e847e82a96e8aee66cb3f13d"
"textures\attachments a trident map.tga","65580","a016bf9d24e0b6f1ec6a6d2467e6951bb18723f17fe5524964693e544392182b"
"textures\attachments a wheel solid.tga","262188","0bab3cedcb05ac9847db379fba5b3b3f7730d2a22bb653fd811d4ebfacec8436"
"textures\attachments a wheel spoked.tga","262188","41524cb40081e12cdda52f0bee44eced1ca9d04002ecac6aca3ceb1d9724c831"
"textures\attachments c fire lance.tga","524332","a831861b9f40c8c1f7f7cb8f0e174f6f70d2811c346cc68b22274e8262f80926"
"textures\attachments c flag naval.tga","131116","e81c5ab0d7194fdca779f509a92e619eab3f311582e019dfd5f86765ed1ddae5"
"textures\attachments c halberd bronze.tga","131116","bb00fb282ede20be2ef5d00b250936e0ef8194ac44e102df3dfd17945168cfce"
"textures\attachments c halberd copper.tga","131116","db9709d9cb967e4e585dc4ecb36d92f34854aabd17b8242e6864c47a6bb40ddb"
"textures\attachments c halberd iron.tga","131116","776b5d7fbd4d8e777384a295e833aeb832534b7f5e0a4fb054c82f6c1edf1c71"
"textures\attachments c halberd standard.tga","131116","1dc3f777c969093ba1ec7f76c7876f5ac1e38d067d21e7b766331ced7be3f3bc"
"textures\attachments c sword jiaolong.tga","32812","4568796dbd594d33c6310920672400cda616890c1facc4a7b34762b00138040f"
"textures\attachments e axe bronze.tga","65580","b81d2eb957ffca4792279b46f98fc99b6ca894f891458282664d94ee281496f8"
"textures\attachments e axe copper.tga","65580","eee383daab36270e8b4d2f63ec8c58c416600795378f17531aa268fbbdb6837b"
"textures\attachments e axe iron.tga","65580","b481817be80aa5624fd84ea188d6ab06637426ddd85d788d56988cd5f1d8a7b5"
"textures\attachments e axe standard.tga","65580","3aa683585c0573b227d0a8177a00b509bb82ca0fbbf22e0a8b27c6160953207d"
"textures\attachments e osiris weapons.tga","262188","863b26b0b70110e152db4dc8ff41542e47fb3de596bab821862944d1c75a49de"
"textures\attachments e shield bronze.tga","524332","a61bf59ab30e4fe6ccd07272e91a6c87bb18ca97bb7ecff851d1f61e4330c32c"
"textures\attachments e shield copper.tga","524332","f9b7f429cacd923b8ebe8edc8b19e25c944149c79e01da8e96cbbba4d0585e76"
"textures\attachments e shield iron.tga","524332","8caf081b4a5b46dfebf9705e0674afccfa3903238cd0aa5a0591ec606a117474"
"textures\attachments e sling stone map.tga","16428","8b670cf97d5299324ff7549df0ab803ebe827df6d841eaedca460eb47b65f82d"
"textures\attachments e sword bronze.tga","32812","b5b6f04899c79a9e3669fa574fb422594411ef0a510d22ea86f6cda6e22ea5fd"
"textures\attachments e sword copper.tga","32812","0cd6a15dc89d49f02025eb594332ec43c6f6e3531a72c4df3e045e29ed7299a4"
"textures\attachments e sword iron.tga","32812","14e3a3e36c1e9a8ac45599ddf37e5456c73c7c17313695a4dcf1735979d74416"
"textures\attachments e sword standard.tga","32812","6a12b403a0ac68262d5b8ae6f7e93a5e09e41d5be09b4cf803d592920c1ec708"
"textures\attachments g polyphemus club.tga","65580","8c856ee1e8b400cc4523ebd7c59b6eedba01a6f76a61e752e4c7d8d69dafc36d"
"textures\attachments g shield bronze.tga","524332","c0e7118b3920d0fe74445f7a08eba7c155ffd4b2dc91832fc35bc0535321a09c"
"textures\attachments g shield copper.tga","524332","7ef2c7135754a5d5ba22091e3e7dda3139d492e096259e3f15d557a7181e88f2"
"textures\attachments g shield iron cine.tga","65580","93911b1971ba88a9cd16b0213cb1975d034b88d300024c10006b2f19f6ccfdb8"
"textures\attachments g shield iron.tga","524332","44a2c6f3cc5349851728f4edf4af9c04ee1a492c6be2c94f1893fd4a22604264"
"textures\attachments g sword bronze.tga","32812","2193e623418f454559f08a936a021880075d1a3121455fe94e9c3a2f5017f868"
"textures\attachments g sword copper.tga","32812","2516a4787709a65be8a02095a86f4f85ffd21a1f71933681cdaf1ee9eeeae6ff"
"textures\attachments g sword iron.tga","32812","97204f8828130deb587672706eacb2137ad416a1586573397119d755f3971c2d"
"textures\attachments g sword standard.tga","32812","01389ebdde66737e16e86b67311ab2659cf21bbe77596edcd0ea1dea03f5bd58"
"textures\attachments mu x automaton.tga","262188","98ff06a3e5805ca9d5899fb95f4f77b280f8e0133a2ebe704226ce8fb673b878"
"textures\attachments n axe bronze.tga","65580","188a4e43b1138b09c6e909538ea48bf511aa3fba36161fa1b780d7bfc2095114"
"textures\attachments n axe copper.tga","65580","e18781405ba38e559acf085832dae5a5aae1f5298064478171d3e5a221a554f5"
"textures\attachments n axe iron.tga","65580","0af8216aa0db226e9b9a2cc810ea2cb99b1057db79dd7d87a963245f506c7f57"
"textures\attachments n axe standard.tga","65580","79e364b59bbacc5530897dd7f41e08d0da9279d9527a30fc43b327487dd00747"
"textures\attachments n oxcart wheel.tga","262188","7a12a0bf6a2ad1b36bc4bc79f4cab84bfc59e38920441a5d7982335b6ccb8bc0"
"textures\attachments n shield bronze.tga","524332","9fa6ed152caa89c18d3a331b8eef96e7c20fbbf1821a156fdd4fcb300d71d3fb"
"textures\attachments n shield cinepirateship map.tga","262188","662a8029578cd3a4a39732cbebf16c68269eaa547060e4ca680d31346a6aecec"
"textures\attachments n shield copper.tga","524332","0bd661755eb0644822d5df8c52f279a1317d69321895bbe741c2f654ec450c9b"
"textures\attachments n shield iron.tga","524332","b18d83aafc9fe0c166e76c49b1317d5c5dd1fcc1f5f2bd7a619b737b35763cdc"
"textures\attachments n sword bronze.tga","32812","77fe589827bdcf9104c5e00da1fcb02db15017c10521b4bdc326fa4f114caa1c"
"textures\attachments n sword copper.tga","32812","fc27204ac0f977a303eac86afa87ef183bbc2adf11c9efc8c675007d5b7fa46a"
"textures\attachments n sword iron.tga","32812","887e08af31dc67003fe3f7e0b4082a7c9b174b86edf0b90feb8f8ee21259b79b"
"textures\attachments n sword standard.tga","32812","5fc4b988ad55189698e6a2687f049ac26db89acf039af7847d36d9a1c98e4b9f"
"textures\attachments scenario e osiris weapons.tga","262188","863b26b0b70110e152db4dc8ff41542e47fb3de596bab821862944d1c75a49de"
"textures\attachments x double sword bronze.tga","32812","f7b18b26de983d5dfd125040cb51f8f50d18e5698824d275b26c8f9479e96f68"
"textures\attachments x double sword copper.tga","32812","979da7aeeae2e18d649373cdeb7ee9587e89d23a870574b623f6ebff60954bf9"
"textures\attachments x double sword iron.tga","32812","3416bf008b6e64d3ff8ec31dd1c7534d765a542735fb7e7795f32a0d77d0c6fd"
"textures\attachments x double sword standard.tga","32812","b61c588bd5c0757a0b2ec58edab0230da6b03b5ae7c064b0ef5fcf5591b2dc22"
"textures\attachments x lance bronze.tga","65580","d04ccf81e659841f7f26ccf60bc31b77eabc509ed239f65cca96af98a2676e8d"
"textures\attachments x lance copper.tga","65580","6224a0812a6deb07e36ee6c19e012d7469fba5904b463a519c5b0c9aaeaaefea"
"textures\attachments x lance iron.tga","65580","14fa3a951b8924f075561fd2f657876e5653351cbeae2169dfb2dfa7d5cac902"
"textures\attachments x lance standard.tga","65580","adf2c513bd9b70485f4553f10951dd479e913bd7a90cfd062f2869b5a974451a"
"textures\attachments x mace bronze.tga","65580","fa5073eba00bcb9f73a283a3f68af13ac07c43697e8bd9eb6363bcfe8ba1d205"
"textures\attachments x mace copper.tga","65580","620593c872f5ff9ec54c34dd0d6bdb89b589b19ad4ec7762eeda62973a16403c"
"textures\attachments x mace iron.tga","65580","e89c0d0579d2218fdf05c9996d73df90a2d171997b5e298074a93e621dfa9047"
"textures\attachments x mace standard.tga","65580","c9be90a8b24d4fe868da1236d2266ebacd14347a2bb5ecc304ae6fc574173016"
"textures\attachments x mace.tga","65580","8c856ee1e8b400cc4523ebd7c59b6eedba01a6f76a61e752e4c7d8d69dafc36d"
"textures\attachments x shield champion.tga","524332","5b2314658f34fcbfc00789c76c2314fb0a038f3afed16f3043564c64301b8cb6"
"textures\attachments x shield heavy.tga","524332","6d22aa0d5fbdf0fdec2a6e5836dd82c0225343289177897f386a7f7b2a39cd60"
"textures\attachments x shield hero.tga","524332","65112bf98089d15332a91f973dc7ee4a20fd8d7fabdd0c1ec5957cef63f11ee0"
"textures\attachments x shield medium.tga","524332","0fa912dd7f40c04be9e53e9065ac7cec510a8900871b0f73da1cef9e39f4ba33"
"textures\attachments x sword bronze.tga","32812","14f9433666dd4c66c6aa44fdc3822686ce2205beb3942607eb1e5dca394f2401"
"textures\attachments x sword copper.tga","32812","275ca251354a1c45a57043a6b0acb36557d0086990261f29ba8080f16e2557df"
"textures\attachments x sword iron.tga","32812","cecaef0ad1d1e82a44f7f2560480f42441b5a67ecff477c436332ad0bd3c8e3d"
"textures\attachments x sword standard.tga","32812","072c17822c21542cb5f72fab4a8368b69e754011374dece72847a2da4b12bf43"
"textures\bastardblade.tga","32812","7e4791f9b6d40c37f79cccd4bf01d6d7a42a41b4f6bc9f6cede2a2c609ab9b5b"
"textures\bastardhilt.tga","8236","0726eb009b9109b83576324d6ac8de724f1e2fded22226c34828abc850c8055d"
"textures\bella.tga","1048620","822b5bfdfaeb2361b69fdf3d5f376eb877e521bfeea19a82e1a35598e7df3307"
"textures\bevel_round_in.tga","65580","720ce9bd4b4886b36ada46418025bc1cf9ae15ae0bcd617c5d0f1f2ac75123bb"
"textures\bevel_round_out.tga","65580","753d7c8fdc5a11d3f8221ed47002585852ddd8835eb963973457bf69b474e9fb"
"textures\bevel_square_in.tga","65580","9bd13f038e2ee919d656ba4a17fdc0c977c69f26bba4d7dd0c87c288477d83fc"
"textures\bevel_square_out.tga","65580","20f128857547cd0bc834aeae8df6eb6a0aac21666c6a0f2227194ae867caa0b7"
"textures\blackcircle.tga","16428","9173c3d835c264128e5cbae304018e75701080b8e4c3b62ff31db6f33a668d6e"
"textures\blackedgecorner.tga","16428","072d89d5e5b765983a732127d7e60f129630e35db273e36547198532e884e436"
"textures\blacklshape.tga","16428","14f1c36a105d60664f4024df7c5e16b02e28fab20ef58f5618462c7f0d2a2e4a"
"textures\blackonecorner.tga","16428","f42330b6f6caf598bf6a3c0d6f3d71445733a94409464cb52470bb08f4bdb24e"
"textures\blackoneedge.tga","16428","357fca9646579d7f569b6428c39c7ca8a70d87b1e3700bea143294c91231fde1"
"textures\blackround.tga","262188","092e6f1c809ce98b446e8336c0c2b018270480cfb8f59eafbb015270fcb6bce2"
"textures\blacktwocorners.tga","16428","82e8f1503696738a7cb0802eb2d75d7be1e9ffdaf0626e4a9505aecc6cabeab6"
"textures\blacktwoedges.tga","16428","fd0a603fcf01578836d87213a6d4d12d7d650f82be71cdc6344b9b6b312c1c3a"
"textures\blacktwooppositecorners.tga","16428","cd4a5637538e7d682c9389dd578b770c6770f06663b65a5e411a446e6b2ddcf1"
"textures\blackushape.tga","16428","80471d06ba734ba9108fd5ada141724380b4e57388fc22e9f5e3ea115536d59a"
"textures\blanktree.tga","4140","dae0544a1738bb53fb474148fbc2eceeca6cd18922ef899ea9bbcd5dc930ba59"
"textures\blendtwoedgesbhcity .tga","65580","82fc8496bb8ea964a89799c3a733cbaf2c9ee075b2181c4d9ae182b5957adef2"
"textures\blessed construction field.tga","1048620","76a432f83d5a7064ef5e08313b1129810a26887bc4f777a2c247cb2244e09ab6"
"textures\blessed construction sparkle.tga","262188","c0132ad2607733ccb317279d8a2db4f81e4c4c9eb139ab87f522ea7081c79887"
"textures\blood.tga","262188","8899d6d579327e29dea93cf05b54f00d16ba2c81762e7638b1c86dfc8e642446"
"textures\blue.tga","65580","342ef2552873ad9494422284a559dfe5f8d33ee6e718e33327f326b898ef7165"
"textures\bluesparkle.tga","1048620","f5c85e0265147180051f53577ca00597feef6b8d0d2e88bbdbb602c19a5ba33d"
"textures\boat c fire ship chinese icon.tga","262188","dad5f74ddc71df0ec0ca47363f52de52da8b2333181caf952b5d5584c2f91cb9"
"textures\boat c fishing boat icon.tga","262188","fc36ed5a7082e3d22ea9a74d1d5e97786ef770a5a87859b7acf7afe7ce301852"
"textures\boat c junk icon.tga","262188","eb778fbb04197656a484173e2bca3319e20f07b50571b7a44c73e22139a24a72"
"textures\boat c siege ship chinese icon.tga","262188","27ad66a488a5d946c13a9e3f6892f7e783c4225422e5dd571d47fca3882f7ad5"
"textures\boat c transport icon.tga","262188","3951dc8674b265bb76e449dd47310e484838a9635defddf12dc6e87374c4f5f1"
"textures\bottom tab in.tga","131116","4ec23a0a6cb67be6e1c3ebb84f1cc7ef7799be6d26595fc4fdeb66d884f1f835"
"textures\bottom tab out.tga","131116","3aa73e1eaac9e90f09ed1ea13807424f7db466e3e69419afcde6d1ab69e2eea0"
"textures\building attachments.tga","4194348","edaaf4cff271049a296b10f16d657f46868687f7386777156a00b73d5a9cf655"
"textures\building c accessories.tga","4194348","440d8673fdbd3d39d61cf94b59391aafff622451f34deaebc49d4f881c4cb96b"
"textures\building c armory age2 shadow.tga","262188","37e69e78551cb3cbfac512454ef590189450c050b8553df2a23ffcf93b31eaf4"
"textures\building c barracks age2 shadow.tga","262188","647154d9a633740f7aa1e62651efb22dce85d98946d59d016b81486fb4bbde57"
"textures\building c castle age3 shadow.tga","262188","37e69e78551cb3cbfac512454ef590189450c050b8553df2a23ffcf93b31eaf4"
"textures\building c dock age1 shadow.tga","262188","37e69e78551cb3cbfac512454ef590189450c050b8553df2a23ffcf93b31eaf4"
"textures\building c earthen wall.tga","4194348","dd250d6d2490708a841de1d9fdcb8aee4fbc7fdb9393a34f80e263171040e41b"
"textures\building c fortified wall.tga","4194348","6a82e0dc50b3d7a0cc79ad411df55e22451e58fa484289e53969f5730c821a08"
"textures\building c garden age1 decal.tga","4194348","655e8da00f2fcd1b16640afa73b269cfb5be01afd96ef3919ffdf04412296031"
"textures\building c garden age1 shadow.tga","262188","37e69e78551cb3cbfac512454ef590189450c050b8553df2a23ffcf93b31eaf4"
"textures\building c garden age3 decal.tga","4194348","655e8da00f2fcd1b16640afa73b269cfb5be01afd96ef3919ffdf04412296031"
"textures\building c great wall.tga","4194348","19557958b94d09569204017980524edce74997debfc4c73e382bc214d428e2cc"
"textures\building c guardtower shadow.tga","262188","37e69e78551cb3cbfac512454ef590189450c050b8553df2a23ffcf93b31eaf4"
"textures\building c housea age1 shadow.tga","262188","37e69e78551cb3cbfac512454ef590189450c050b8553df2a23ffcf93b31eaf4"
"textures\building c houseb age1 shadow.tga","262188","37e69e78551cb3cbfac512454ef590189450c050b8553df2a23ffcf93b31eaf4"
"textures\building c housec age1 shadow.tga","262188","37e69e78551cb3cbfac512454ef590189450c050b8553df2a23ffcf93b31eaf4"
"textures\building c market age3 shadow.tga","262188","37e69e78551cb3cbfac512454ef590189450c050b8553df2a23ffcf93b31eaf4"
"textures\building c props.tga","4194348","8630fd128cad5d71a3a825b38df000453034a9b252709fd8dae539ac8661c033"
"textures\building c roofage1.tga","4194348","a77bcc42bfa40319ada172d71b5baf4d98a32799a4cb1a8e11be4a4a97e43c58"
"textures\building c roofage2.tga","4194348","b15a2e9c84bc1e3b31187ac6aad7ed1fd1fd950b57989208b4bba273f0c700ce"
"textures\building c roofage3.tga","4194348","d51d6724cfbcab2564107d33849bfca88a47ed3d6c1ec83d83550615ae067841"
"textures\building c roofage4.tga","4194348","2491b4d5bc08c0f4360c96bcbca553bd39a90cf822de52a7c2da98da06a53e52"
"textures\building c settlement age1 shadow.tga","262188","37e69e78551cb3cbfac512454ef590189450c050b8553df2a23ffcf93b31eaf4"
"textures\building c special.tga","4194348","711b8119228ff604a414ed438033ec843e9526216d7648876e3d8fe8af4daeea"
"textures\building c stable age2 shadow.tga","262188","37e69e78551cb3cbfac512454ef590189450c050b8553df2a23ffcf93b31eaf4"
"textures\building c stone wall.tga","4194348","ee23b3cc0c77a757831b6a251beb90ecfe23aac5658db20f9c004f4786672bd7"
"textures\building c storage pit age1 shadow.tga","262188","37e69e78551cb3cbfac512454ef590189450c050b8553df2a23ffcf93b31eaf4"
"textures\building c temple age1 shadow.tga","262188","37e69e78551cb3cbfac512454ef590189450c050b8553df2a23ffcf93b31eaf4"
"textures\building c titan gate decal.tga","4194348","d5a5b76fceef1b45673f7bb83ab7b523ac061a92efca4dd4aadf961fcd6dba18"
"textures\building c titan gate door map.tga","1048620","c26bc3fc01054bee3a5a622c3ae3f02aaa67dc9dfea313310525b0c3411baf20"
"textures\building c titan gate map.tga","4194348","2e2098cfb3f9a83a00c4a53a68d76dbcb3e4d8bac77ef881619ccef5b7574b09"
"textures\building c titan gate rocks.tga","1048620","31ecc44a4c5d036a1276eb3894fdf180bd6f50caba2b49f91be4936dcaab2040"
"textures\building c tower age2.tga","4194348","74def8f0e117d122d89bd13a82fb3c958061dd063fae0839ea25e482b1b12c7b"
"textures\building c tower age3.tga","4194348","fc913b3d24c747b7b0849c5f9763b36f297ef3d3792b2edc89850678897f004b"
"textures\building c tower age4.tga","4194348","59af9453312b3115f74f2ff35a93f3bacbc04038294d09891e2cf1c1adc85b30"
"textures\building c wallsage1.tga","4194348","161fee24b94d1c46cd5d647679cb71f6517ce4bd354562bef75b07d2d0f62e35"
"textures\building c wallsage2.tga","4194348","5542d8cc183c067ea55f5c805b815a9078f8ef801b4202ef6dc6f7ffc574caf3"
"textures\building c wallsage3.tga","4194348","0523ea6c32cd2752a5250139717de5a7fba66cedf24837d187240524cb16d400"
"textures\building c wallsage4.tga","4194348","9f3ef66b6440b917627215b165ac4b7f15dc74aaf6090fd2124d914354572ba2"
"textures\building c watchtower shadow.tga","262188","37e69e78551cb3cbfac512454ef590189450c050b8553df2a23ffcf93b31eaf4"
"textures\building c wonder city floor.tga","4194348","c10b94bf5aaafe95fbe398b57aedc23c74b7c701d74a922c6995e130b2e2e176"
"textures\building c wonder city roof.tga","4194348","9dd83115bcc7ce45f67cca6e5197e80a281ec1f4d177a06b17549cf29aab8bda"
"textures\building c wonder city shadow.tga","262188","37e69e78551cb3cbfac512454ef590189450c050b8553df2a23ffcf93b31eaf4"
"textures\building c wonder city walls.tga","4194348","0225c969b13d4dd4d4412f391d6235dd2aa3abbd46c88da2f83fda514ffa8359"
"textures\building c wonder palace floor.tga","4194348","3a468fd913b6dbf0676b96c730481b23cd891131e0120af577b5e91f4651711d"
"textures\building c wonder palace roof.tga","4194348","31e1b5a658045941e8eb73fb8e49b7a70fcbd473924adbbee37f6658a4f76e81"
"textures\building c wonder palace shadow.tga","262188","37e69e78551cb3cbfac512454ef590189450c050b8553df2a23ffcf93b31eaf4"
"textures\building c wonder palace walls.tga","4194348","cdac03c5d4e9b9f3b96eac16358ed094fbe4360f368b7937e57a37443e6db378"
"textures\building c wonder temple shadow.tga","262188","37e69e78551cb3cbfac512454ef590189450c050b8553df2a23ffcf93b31eaf4"
"textures\building c wonder temple.tga","4194348","136fe1da0b4c5869efdb65b504fa2ea30f193fb2db9d754de7c0a738e804c621"
"textures\building construction 3x3 shadow.tga","262188","1fcbcf55ed17cf42d5c5d3af0c3240665cf899276b969064cf6d7a5d42ec5648"
"textures\building construction 5x2.tga","131116","77c96e87c8ea9aa67a372820466894c570dc4153c0e806d4a12a22442405ebdf"
"textures\building construction armory shadow.tga","262188","85e9fe4c5c8769624acc1e3f0080e39f131628a9bb46194bc5b3645ac8bcfdd8"
"textures\building construction connectorwalla shadow.tga","262188","c3457c17ddf1c52ad40b5f8c1d996c607eda1a763a649b05f6894a24c93f8d00"
"textures\building construction guild shadow.tga","262188","77a4eccbf7a37e832b5c526a4574f5a64e9f2bb3635f36a22ddeac40990d0e42"
"textures\building construction large shadow.tga","262188","d1b8186b5211b224e94f6254a5b2745d5b6ca307174b12c0d83897f0f85581a0"
"textures\building construction longwalla shadow.tga","262188","0c4ca770fd6c09c0c46a07826c638da5edc5978c00f9b9598c71adf04c54f74d"
"textures\building construction manor shadow.tga","262188","593076d7db301bbb4239559abfc2cd354e2cd3f363fe467766987ce5c98db3f2"
"textures\building construction medium shadow.tga","262188","1fc494e58e42458efc262b5b1b90ad3ef090ad04f00d70ee5494192159374a44"
"textures\building construction small shadow.tga","262188","7a3de1777f8206bc58fe3ae76fa768b28afa91e658a94dabe4ea2231a74db2c8"
"textures\building construction sp shadow.tga","262188","1fcbcf55ed17cf42d5c5d3af0c3240665cf899276b969064cf6d7a5d42ec5648"
"textures\building construction specialist shadow.tga","262188","082a9e67e9cc80b034e9babc35898f78bb3871101700551f484550a0147456aa"
"textures\building construction xlarge shadow.tga","262188","77ab16a05e439e660dd59d04502eb59d5f65acef1503ef727684b979c3cf474a"
"textures\building construction xsmall shadow.tga","262188","8e84158bd7144078dbf1b8bb34efaf41cf4c0f359f7a087a84c7d23ffb9f76fe"
"textures\building construction.tga","4194348","1ac8199c412e58e37ad698571c377d47f85380eeb05a2ebf42b9746aa7fc505a"
"textures\building destruction egypt.tga","1048620","b36122d9d4f5888151225806928a2bceb05fd2c74ebef201b529e50796817315"
"textures\building destruction greek.tga","1048620","2cfe02f7ba50ad5477c0f72a1dbbe89c3625b7a67dcd0cb9c683897c4fee27ea"
"textures\building destruction norse.tga","1048620","5023ac1c63bd894dbcc3370d99103ce6fd1c8e57d519b730630e71b808a7dfa3"
"textures\building e academy shadow.tga","262188","b48dbac97349c80ccd53c7e5a23103e20e39847d468f96d29171c5a0bd7ebfa6"
"textures\building e age1 accessories.tga","4194348","6cd918860a377978a271f9f2f860e44439b3a84d842a8745f8e9ae30c2b87572"
"textures\building e age1.tga","4194348","8da317cb4bbb9c1909876b1e59c5a8a5a6459a8cbd3484413cd37bde773bf576"
"textures\building e age2 accessories burnt.tga","4194348","8a05c659b10454470abebb1aa1f56295035584647be13f8f710572d9bb20f7a7"
"textures\building e age2 accessories.tga","4194348","ff459794b010b92930bc916ff1fcf9295c48aaaba5ef0027cdbaf9a8a77a47f8"
"textures\building e age2 burnt.tga","4194348","1e8a9013a9102520554f7e23c9061a0d68890595b3e6f3abd669def76f767b02"
"textures\building e age2 wall.tga","4194348","eac0a68c08cb9f94cd57094ffa4b2a7e2dcbb7024ee581a5d52291af3114bda0"
"textures\building e age2.tga","4194348","d0403a4d614fb1022252fb9e28a123901115d11a24e001b8219ec327bc14752f"
"textures\building e age3 accessories.tga","4194348","4e98ede8247a35fff81d50e86a24961bfb08d02cdee55cafaa485a753f7ccec2"
"textures\building e age3.tga","4194348","d956afb2dc48e7fe071243ea918da460558767394d2d3f2bd4f926546ded57ae"
"textures\building e age3a accessories.tga","4194348","d0b2412fdd51e8e098f53791173330f37831f929d329dc0d05c12474caf9f27b"
"textures\building e age4 accessories.tga","4194348","4e655de26f4ec32ce1b571934d508bbb03b3a139e2abe96e44dd194f06ea5b15"
"textures\building e age4.tga","4194348","a2b2e47916f3dc1de4b59708460431d30b40962be2b62f1146b50ae9519d6e93"
"textures\building e age4roof.tga","4194348","43e3f3cfea8bf53e1784694b0ccf09af280b7693161d044efd955b8cd118ee62"
"textures\building e archery range age2 shadow.tga","262188","ca8cd9306e195979fe52f0bc8b89bb01ecdc98274ee789c3bf21d4f14980749f"
"textures\building e archery range shadow age2.tga","262188","c5f2f3d27744ab550324a1dc94c45751581a17abbb984b3177742fb19f38e7ef"
"textures\building e archery range shadow age3.tga","262188","c5f2f3d27744ab550324a1dc94c45751581a17abbb984b3177742fb19f38e7ef"
"textures\building e archery range shadow.tga","262188","c5f2f3d27744ab550324a1dc94c45751581a17abbb984b3177742fb19f38e7ef"
"textures\building e armory shadow age2.tga","262188","1d87dd1238adb0e20456bb2e43fc7ccdce554ba23da33af5e55251ec0e86be1c"
"textures\building e armory shadow age3.tga","262188","cbab1d52ed5c2f288b1cfea4c18937d9e0b6e598b382785508c916e50a4c62e6"
"textures\building e armory shadow.tga","262188","a47b9dae3236862715db03bfff8ea14b149583308563caeab1f220a3b9efff0b"
"textures\building e ballista tower shadow.tga","65580","0828b3dec516d2eff6a4ed746d60a99b1bf7e070b7f513e46fd8d34e958b99e6"
"textures\building e barracks age1 shadow.tga","262188","c0e6955b6493e127d2e20034e4486abc548e0212a4578b69f6a047696bf76519"
"textures\building e barracks age2 shadow.tga","262188","8356f460dc5a106a88f2d477e44f062575075911c06e618721e1f33da3f404e8"
"textures\building e barracks age3 shadow.tga","262188","9c51437d5b0fc9aa0a3c8109842560d8136789f40d1694d0e09b156b7f6af2a4"
"textures\building e barracks age4 shadow.tga","262188","0fa0cc081184e0ca69ab4dfbaebe88f9aed0579ac9150d4be9ede84cb2e47a35"
"textures\building e barracks shadow age2.tga","262188","5c4b21a827c56fcd35baec7c1fdac937f31d9dac94e336573b1453388a8c01c2"
"textures\building e barracks shadow.tga","262188","28618bf3453e88c75cb6c706fc91965ddd5e030580109ea6cf12caddff22510c"
"textures\building e charioteria age3 shadow.tga","262188","c1f9cf45a8fc7760d64c5a0382e35e7ce512f4e21cce5780bcca2c746d649e31"
"textures\building e constructiontemple.tga","262188","7d3ef9d2efa9d0d9ca6a64f584baf0ade5915b2e203d75191611a6facdead880"
"textures\building e dock age1 shadow.tga","262188","bad67035ecad8e4a0aaef5f3e5fc0fe1813654bef8044131d9db0322994cc15b"
"textures\building e dock boat.tga","4194348","c964a130ca236bb72a08efc9fda8b6742e5561e3c88fd94da75629242fe64369"
"textures\building e fortress accessories.tga","4194348","6518637c8747ea1f3b40c3a476c4626b570bf8dd5789b01f10516e6028426039"
"textures\building e fortress accessories02.tga","4194348","38440abc4e8c5808e992934748dd21feb85ce381c4afa626e890adf836920180"
"textures\building e fortress age3.tga","4194348","cd98dde78ae1a2413295c2396cd18ad2ee6bd2eea53af194a498226fa56122ab"
"textures\building e fortress shadow.tga","262188","16002675b7a6ed8d9a08a5e0e2bc3b1bd3fde6deb5cb6f8e1e0c30afa4ae46e7"
"textures\building e fortress.tga","4194348","f4f45faf71823525be476102d5ec9042b6411648106a5abb10ba7e73e8c340c2"
"textures\building e gate shadow.tga","65580","ad0c7b4e0c3c4465d0e806a355d73408efe986479b16975425b3b142b90e2e72"
"textures\building e granary shadow age2.tga","65580","114273538f5b29ef3b398028669b508c36e368f289ffedbb8ed500800e02da81"
"textures\building e granary shadow.tga","262188","3fcfc3254c6adbaea955f7d3983252656104d3ead5ae305327d9729b9961bb0d"
"textures\building e guard tower shadow.tga","65580","b36e488e1c3243a5fa679bb791d827bb1368a4575bce050ccde4dc599bdd8b53"
"textures\building e house a shadow.tga","65580","50b61998665c10e285747e9d86b7bca5c694a4e1042a93b0a26483467c3e292b"
"textures\building e house b shadow.tga","65580","d185105d001724fbdfaf7f488aaae85a59a6b19d6ce4e6da3fc029cde1c34194"
"textures\building e housea shadow age1.tga","65580","9d7b2d4878759979ed7cdf7dd0a78d0f194794de1cc4797f03497ee26bce50e3"
"textures\building e housea shadow age2.tga","65580","6be477e2db48d4bca55abf24a0a34bb28109564cf5f086d870ca2645650c0817"
"textures\building e housea shadow age3.tga","65580","190603fdfdfde94667e1acb7f9d2d6a88ae493b3608da1904d2ac627b3c8be4b"
"textures\building e housea shadow age4.tga","65580","779a425972b278a2e4dffe7688d926560a0f282dbfee6b900c57e53d40bb6ede"
"textures\building e houseb shadow age1.tga","65580","f698a6ff8c6572ab4a4e50453bbe36e665eaeb3fdd9b8aadedf454758b72d089"
"textures\building e houseb shadow age2.tga","65580","5fb9028a80c123ac70d7dcb18f1a8b4f146c05fb28126d78ec02802c1ee70a57"
"textures\building e houseb shadow age3.tga","65580","a907e02eb2cec6b96263a467b3c1838c994258a04259a5cae35de52edc19650a"
"textures\building e houseb shadow age4.tga","65580","e112102b6c9674413b7d77b7c449df0ab6af4c5143de5b5a02e2bdd7dc77031c"
"textures\building e housec shadow age1.tga","65580","9cf429a6b38892615f355debeba019e3f1615fe899397ff76c2806548a96018b"
"textures\building e housec shadow age2.tga","65580","d2092ead3355da026760e4f099354b1bd75b19e016626336d93644d58520a1f7"
"textures\building e housec shadow age3.tga","65580","1915a4ccd1eb3ff271bae7b9e7d1a7acba5902175e0a4bd7968c2a3b818a639a"
"textures\building e housec shadow age4.tga","65580","e01eed275828d57a0d6623ff28bae0ab32a91408f4dbfdf360032bb649c129ba"
"textures\building e isis wonder con2 shadow.tga","1048620","ab1b7d7680ca8fbb5dc23c580e8872a394d119792a38db90ac3cae2752604b8a"
"textures\building e isis wonder con3 shadow.tga","1048620","aaff6d93c1c9f4ba5465b0159aec83405564434e63669a99f69caebed2a08e8a"
"textures\building e isis wonder shadow.tga","262188","e6b9d65c9c9d4c2107240ac90cfc21f9f6baf714f598d1795d66c30339d55cbc"
"textures\building e isis wonder01.tga","4194348","dd6139495af6f0b710bf536104cfdd221c55a6dd2f82c959920f9c59d2dddb88"
"textures\building e isis wonder02.tga","4194348","63522ff18569dc4368448f371b0dc93999fc78f8a77d882aad1f56b89ca7b917"
"textures\building e isis wonder03.tga","4194348","b49c6f825d977d1b1174ac1d99637f4d83624f266a2e9a1fcf392912c59b6300"
"textures\building e lighthouse fence.tga","65580","2d6cbc064d19e908a5c9fbe9c79e38fb8f7361cb2fadb8794eb52f41991ad3e3"
"textures\building e lighthouse shadow.tga","262188","7c568dbb629909f05892257c90b9e38e935485d4332b01ac4af2d67dc00f834a"
"textures\building e lighthouse.tga","4194348","982523a8b5ec07c543c001a071c892ca92affb4fc44ec4ed6214dde74180783c"
"textures\building e lumbercamp age1 shadow.tga","65580","9d07e4e58b707c2220e082977b4033c48f2589026920be7acee230733e21a6bd"
"textures\building e lumbercamp age2 shadow.tga","65580","f6221dce0c0fbbd0b57ee8727955c94a4ea18552abd87e8ff7b8e55bc818ee28"
"textures\building e lumbercamp age3 shadow.tga","65580","02d00a884630c99b1cee53e5b8b84237d800ccb9fc05f7046f0ba3115c66399c"
"textures\building e lumbercamp shadow.tga","65580","9d07e4e58b707c2220e082977b4033c48f2589026920be7acee230733e21a6bd"
"textures\building e market age2 shadow.tga","262188","54cd35482558f50efc0ba725e4a6b674d66791100007ba1f736da801740d6f0c"
"textures\building e market age3 shadow.tga","262188","3749512203b59f855fe37de43b821a11aeda17238210662dc1c0abaa7634dfd4"
"textures\building e market age4 shadow.tga","262188","bd5d744e6a27db60e4bfcda340d5a596d9da651d17616edf38e740dafa2d5117"
"textures\building e market shadow age2.tga","262188","5f61bbcabf7da8e0559f3d8ea1ae3d977111dfa864ba06ca6892ef2502582598"
"textures\building e market shadow.tga","262188","ca9fb3e47bfc57a047fafd6a4e4e95121f2defe26081ab2815e19f757c72e9d2"
"textures\building e mining camp shadow.tga","65580","c0505837d9743643b1b43d463b6909757272e55f82b829cd7bc29d495c5a4cef"
"textures\building e misc b shadow.tga","262188","7f3d6af972e8907c1cb299eaeb032b35f2d0a5e7a68aac33dea9ddda8d1c824e"
"textures\building e monument platforms.tga","4194348","e639cecba4f5e1c64348badced36458475939afea6b383390f226dd5571a51d0"
"textures\building e monument shadow.tga","131116","ba6ca1f58be09a06c9a08fe9a31f1f22a117351ddf1e27c0f2313f01ef74f5f6"
"textures\building e monument1 lp.tga","524332","d8e3fb99d7229b0e5a46764f78d853fea7b3abe877f8a4bc96fe55542e88101a"
"textures\building e monument1.tga","1048620","c174489d107cf3f4a11777a763266328a67ffe1c91c86c3f5f51bfcbf9b7b652"
"textures\building e monument2 lp.tga","524332","a302a8b36571c014592d4a0bad48181ac51454dcf8b01ed9dbf1fc6ad100077a"
"textures\building e monument2.tga","1048620","670326483b9c74bdefc38fd2fcf4bc289ebe4d12b06b522c6c5cfb685d42365b"
"textures\building e monument3 lp.tga","524332","51cc49cf8835fbe1ffe468d6ee448da1b5f1f25d859984236ca01d7ae7b01721"
"textures\building e monument3.tga","1048620","fa7760a33a081af9fc7363f88eb8d7b2128d401120028bfab7ac01a13917ef24"
"textures\building e monument4 lp.tga","524332","c4dd38d2151532ad2d2dbf397f740e06b1ac9ba20918fc57d505810916d13b12"
"textures\building e monument4.tga","4194348","1d231b1e32950d4493361864f6943e0b53f1a80aae43de37022477af2b5af68d"
"textures\building e monument4dood.tga","1048620","4bd8c750ccb74951508c85667f805c849e52417b2683a901e0589f3487193143"
"textures\building e monument5 isis lp.tga","1048620","89c51de2916a19ece4d9a193b1af2490080242c807d3e69b147240f0f8184f92"
"textures\building e monument5 isis.tga","1048620","6a4a953b4081538017384e801a74ffdfc07ddee5be43af217d75bddaef42e9e4"
"textures\building e monument5 ra lp.tga","1048620","888572ddb4a75beea8460240bd39e1df600dd49fdd13b3ed6a849277c04e8f47"
"textures\building e monument5 ra.tga","1048620","7b53ef54fc29d3ea2f3522ac590e1e4f1c484940d75cabb27ca5181af3cc0998"
"textures\building e monument5 set lp.tga","1048620","ff70f1455e56dc5e243894843cb41801ea61dbf9d215734337c92e350a9f6cf5"
"textures\building e monument5 set.tga","1048620","b6b40fcbb85d82a6e5f2a62a4ca4f5c089820be313bb130343dd59edcfadcd2b"
"textures\building e monument5.tga","65580","7c644eb4dcf4794b977f69abe4397b86604f6cf631026dfc14d9e755981edcb1"
"textures\building e obelisk.tga","2097196","6f15403a748d03435a07a140b359d59bcb36b900150e8d812d16f2ec6708c349"
"textures\building e osiris pyramid dead.tga","16777260","3a9f083122afc02703a96e05c0d3f0e3533163cd18eab8171c503e43cc0d0144"
"textures\building e osiris pyramid shadow.tga","1048620","7a5bef0dcb60b72aa4b428884d56c334f601af8f8245674d921a3052adbc8438"
"textures\building e osiris pyramid.tga","4194348","4f7099342aa6e4af8977c5704c213f18b6b8baf49956d15fc61027e5028a68da"
"textures\building e outpost.tga","4194348","810b9343acd180f84ad4c61fd28e761edb9eccf2428700d79863ba89b610ad84"
"textures\building e props.tga","4194348","935ae16972efdd5e38d700af6aa2d99f958aec78c9e24187c3d44ea16ae8ad47"
"textures\building e pyramid shadow.tga","262188","cca5b8353c45b4f0136c3bcbcc5b31c15808a2dfaab188c903b40555abed6760"
"textures\building e pyramid.tga","4194348","bf3b7873167475c7d77b7c860cd123af0e677ab2df90abb6300fdfda661233ce"
"textures\building e ra wonder con2 shadow.tga","1048620","930f9be35b0d53df0b33ed9ce9139a7bb67b4789e2a634a0b12eb4d19cbfcf0a"
"textures\building e ra wonder con3 shadow.tga","1048620","286245dce69fe85ab80729d5da9d97d2f6b790c7340837fd174fa10efe14f31a"
"textures\building e ra wonder shadow.tga","1048620","0d6a8140c729d8cfbec3518665d59e374a42544fbe4acca48c0b08acb95be121"
"textures\building e ra wonder01.tga","4194348","fef13dbe8bf4589e181e59730401b893951e02f3cd7252fd85f3d028cab945bf"
"textures\building e ra wonder02.tga","4194348","1f808d01100999d7d070d1aa84cdee84ce27afeb3978c42deb753f3e8d2c125e"
"textures\building e set wonder con2 shadow.tga","1048620","78a27de72339ddeb244f6a8edb168e215e131ab5c1420c4190871f470c6c2302"
"textures\building e set wonder con3 shadow.tga","1048620","9a5baf7e0cffd0ce3954494248a88d3efc1fa69febfa7f8051eb2a06078b973e"
"textures\building e set wonder shadow.tga","262188","ba92240952434006a2d68bdf40141aafa58cfe1329bf9536840224bea711220b"
"textures\building e set wonder01.tga","4194348","50ad66644d1b2770986dd49be03f5ae08fbd8f76fa4efe3bb9d0411ae4cd856d"
"textures\building e set wonder02.tga","4194348","20dcb3f8a90fc60038dddbc147987c43b82d31f62d0c34d1f2716c593c6d34ed"
"textures\building e set wonder03.tga","4194348","cb6b2917857f830bf270498261ca89bbb2a4a462b8d91f69e8b187b0d444c2d9"
"textures\building e settlement age1 shadow.tga","262188","a5f89163620c20645d17560cd14602750b0c584bcbe0936369bcd30fb8a31682"
"textures\building e settlement age1.tga","4194348","c1a478a9dfadd742df5766c914cdbf3ea66eceb6997669c9bbff82c4481fce1a"
"textures\building e settlement age2 shadow.tga","262188","20272a6963a5254e12b4102532ff321c212f9abaf390e09b2c25d420df41b186"
"textures\building e settlement age2.tga","4194348","ce62c8a55a2589685500a7a64b0441a09550ed0ca5aaf1ba4910cb2e994eb8b5"
"textures\building e settlement age3 fortified shadow.tga","262188","f81ee4f2b915450d47ae536fe19577ce68113f3d4d2ff7fa19c6a5ee93776de7"
"textures\building e settlement age3 shadow.tga","262188","b1cd5204d491ba428e6442a5d6b8d86bec17fe3f3501bdce4b9860c73159af7b"
"textures\building e settlement age3.tga","4194348","22de24191802371aa6005b976ed1087fb3fc46fa9ccc0e55b7f2db14adce5961"
"textures\building e settlement age4 shadow.tga","262188","8881fec6926076e491f1023942c55a1e07906b1bf380ebcd187fbc222a1857ae"
"textures\building e settlement age4.tga","4194348","12128f30ffe9fcaa057037626a629b73861ec918fcfec774dad2c81ef64a59cc"
"textures\building e settlement02 shadow.tga","262188","87f5d1bd2f17be76b227a1fde3db3d90a1f0e884da60945da9d9b44302ca868c"
"textures\building e settlement03 shadow.tga","262188","6d7d36e6ddb2a160a4b1d48fe1173fac0331d9f817c490b1e9a6e9e92437411f"
"textures\building e shared01 2 map.tga","4194348","1712315877502d1d054342472eac65e78e4746e9e94635597a0bd4d3f775ff86"
"textures\building e shared01 3 map.tga","4194348","d956afb2dc48e7fe071243ea918da460558767394d2d3f2bd4f926546ded57ae"
"textures\building e shared02 2 map.tga","4194348","41c8cf8af20193f9d3f925be443f3333f935d3518560e0c19e0d273882a1041a"
"textures\building e shrine age1.tga","262188","f6d98ddaf3e81dda279ba597387f82b1b85f993bb7429639f597482469d68176"
"textures\building e shrine shadow age1.tga","262188","f6d98ddaf3e81dda279ba597387f82b1b85f993bb7429639f597482469d68176"
"textures\building e shrine shadow.tga","262188","87c48601db05066969da9395bd334f3755d0405a6833f1494ad33d0702b604b9"
"textures\building e shrine.tga","4194348","c553ee0b705bfc8957fa7bdeb61eb04389af74755dbe3015431fb3ccca9abe32"
"textures\building e shrine02.tga","4194348","791e51239f07f9f4fd39e3663e7068b0f2766861584b77e0c2ddf4f38f2fb8af"
"textures\building e siege camp age2 shadow.tga","262188","9f7a7cd155edf5b7d944965492386b9e849752a2fcd1bbcb3c61282160cba862"
"textures\building e siege camp age3 shadow.tga","262188","ca8b564c2709d9d081a02789498f7070324004d65dfeb28934a235d83147802c"
"textures\building e siegeconstruction.tga","262188","1510c2670e27e682430bc77045f843a373a04fba9584591d706cd536b9cfe14a"
"textures\building e stable age2 shadow.tga","262188","b9b090d952cd535cf8d6f6722cbd570eabde24af157ef12bd30639bb5da9a2a8"
"textures\building e stable shadow.tga","262188","5d600ae4355063cd11cda73395ce84683d9b2788ee2bb89e704d9176ca842c46"
"textures\building e statue c base.tga","1048620","0f27ba93c2b76e51076b900c37009d2a01f9e2419bad81cd4d596469122fe4cb"
"textures\building e statue c.tga","1048620","7720070a2c7d689728da408d6aacaa8c7dce22ae9df7596e2f9c0c7824eef46f"
"textures\building e storehouse shadow.tga","262188","76faf784e7d5cc39ea0abc1edc3bb22986309f2c8802cb3aa1431b5162754708"
"textures\building e temple age1 shadow.tga","262188","0f81cc6e136f0650244ae9c56f110c86c6c84278ee1fc0a284a773786b718db4"
"textures\building e temple age2 shadow.tga","262188","b80cd10c5b1a18a9707bea81b56d2748038f9581d9659015159fef2640d90cf3"
"textures\building e temple age3 shadow.tga","262188","25236f9e1622890049c412f814ad8d70d481a175edf9326823868872b5155bca"
"textures\building e temple b shadow.tga","262188","233175365863baa9a6c1e3ab13a8b7da0821e86ad7305e2ac20c866a7526203a"
"textures\building e temple shadow age1.tga","262188","f6d98ddaf3e81dda279ba597387f82b1b85f993bb7429639f597482469d68176"
"textures\building e temple shadow.tga","262188","60b964cf26ccb1ea927ef005ce3e73c91cb11643cf26b5196c0780cc71e1ac64"
"textures\building e titan gate map.tga","4194348","1b21bbed4946e27d904ebf6dde2f7e8f0924b5d530d5f43643e8da481de58fcf"
"textures\building e titan gate rocks.tga","1048620","e06fd261ae17f3d5ccb4c05762a4b7df7f957a4807b9ce11e1554f7493a3fae3"
"textures\building e towncenter shadow age2.tga","262188","8136e6ab88900396a4197b9b46d2aa150722eead307588693f76d2c67cacf121"
"textures\building e towncenter shadow.tga","262188","84771d735956d0356b101695f06d331d02c21ed5d63a275a721b19a34b48219d"
"textures\building e tradedock shadow age1.tga","262188","4f4cb843dc18d37ead9cec895d1637f492f9cd626f546af910db57a8f3da78d5"
"textures\building e tradedock shadow age2.tga","262188","3236020fbd8868fd26bd442a0478516b835ffa6aa702c41a6c03965f9d51c798"
"textures\building e tradedock shadow age3.tga","262188","3236020fbd8868fd26bd442a0478516b835ffa6aa702c41a6c03965f9d51c798"
"textures\building e tradedock shadow.tga","262188","3236020fbd8868fd26bd442a0478516b835ffa6aa702c41a6c03965f9d51c798"
"textures\building e underground passage egyptian.tga","4194348","10652fa16a82cac9acc0efa8dfba621a86c4436997c0c6faec5655159129dde8"
"textures\building e wall4.tga","4194348","2beb4ddc4154b23e746e0bf7ad2bd27d1c25212b7d07672232d6094592527690"
"textures\building e wallconnector age2 shadow.tga","65580","59e5f78cda13b8f6e3aeac22c783bb4593237526b4bf6037baed59335ec01efd"
"textures\building e wallconnector age3 shadow.tga","65580","33abd8d128128750d1243259d277262e303c0230ff04d52d65aeb0d7ede1c9f9"
"textures\building e walllong age2 shadow.tga","65580","0c55516a26e16a4a69857924d9e2409f5a99a39f287f1d49c63e1a1de5e60c23"
"textures\building e walllong age3 shadow.tga","65580","8448ab34940f443cd66b3358b3560f8bec66c42a2ae9bbcee79707b21fef515a"
"textures\building e walllong age4 shadow.tga","65580","7a74d8c14401bb1426029764e1aa63034a98dcb96157ebc54b7e2be88c0cbb6b"
"textures\building e wallshort age2 shadow.tga","65580","72d44c15a9f880f685f02a95dbd896495022527bab92316327dd9be85de5f800"
"textures\building e wallshort age3 shadow.tga","65580","a3831b5f89fc0446b471b3a4c452c40cbf18bd6a0ae47acd907ca6be128c5b9f"
"textures\building e wonder accessories.tga","4194348","962a77186eba4191bbea953d492898a872b9899cc5e49f8fbbd5f55949c998ce"
"textures\building e wonder shadow.tga","262188","0554be22a74af55d6ccaaa9743b42d48c85d8caea04d9bb1fc0c40135c6156cf"
"textures\building falling leaf.tga","262188","909b39aeae4612e0e4a037ac60632344119bf85c305ff66e22497acc717b2ad9"
"textures\building g age0.tga","4194348","db18d45b61905cf4534b572e24432c071a7cd4d917e48a9d9acf7a2be16d3112"
"textures\building g archery range shadow.tga","262188","b4e8c736f372180ef2f474726aa1190be046e1c6b9112bc989a38370225c0882"
"textures\building g archery rangeage1 shadow.tga","262188","11e79c49c6522f933e9580bbb167b53ba71a01f4a495d71d78eace39acd4031d"
"textures\building g archery rangeage2 shadow.tga","262188","1c2a0c7dff24edd1fd0a5d6827969f3e26bbd3a71662523a46c2de1845538b71"
"textures\building g archery rangeage3 shadow.tga","262188","274e8abbb9333fe24d7b49bde420e6ba7544a95abc2591da6899b29477a63a2b"
"textures\building g arconstruction shadow.tga","262188","45680aa012856057f89a4a548c5fd228f63ac65be26f46cb3eadedaddcdf2087"
"textures\building g armory destructed shadow.tga","262188","20ebc00261d941a061ae24441099b55e6d6d837bd36b16ab5639e546565ab24e"
"textures\building g armory shadow.tga","262188","ae374019fd0792324fd86ee1aa90e97b38fb36895573a4ccae773d719fd47cd0"
"textures\building g armoryage2 shadow.tga","262188","950a397ce6c9f9cc513eabddfb48e8edb04276526c40c1d8c889d5873528e9c9"
"textures\building g armoryage3 shadow.tga","262188","519f46cf791a818e9eb1fb8f5659718027a4d48e5da1b42cefc23febfd13bca9"
"textures\building g armoryconstruction shadow.tga","262188","6463684d998888df42d880f2de434a837d74572b495d6195b9c8306a4665801c"
"textures\building g barracks destructed shadow.tga","262188","f59b4dca2805ff13e66a969dc44d39b40fa1a1cceb89e876ee9ade964bca4347"
"textures\building g barracks shadow.tga","262188","b9aaab12988623c848a002cfaaa784fae6ea15a39eafda96e63da72113f61a16"
"textures\building g barracksage1 shadow.tga","262188","c115eba0a4c4cf43ef3f363fa4e3dc373b117a63c0082abf6e9460626e828394"
"textures\building g barracksage2 shadow.tga","262188","181962b1e0b1085e44e3590ec3c608bf3fe3c1a5499f81929ba98533e5c8aac3"
"textures\building g barracksage3 shadow.tga","262188","60ce533e27c14e9069a42ffdfbf1b6f2584590f7fd78823c779ebcbb735bb380"
"textures\building g barracksconstruction shadow.tga","262188","ff5914f4b3ad848acaf18e064f0e10ccae088deb619a47f09aac3440f81d96fb"
"textures\building g colomnshadow.tga","16428","9be59bd02448a2e339dc66a68afd0823f6deb5715a6b64a60c5743982e222854"
"textures\building g constructiontemple.tga","262188","f7fe29e7cafd092a51759aa59733d1e46d40b068883b14609576af3487548d34"
"textures\building g destroyed.tga","4194348","bbfc7ad30b0e9496f51c3ded2f677221a91f956a4291344306cb4bdf94156941"
"textures\building g dockage1 shadow.tga","262188","03507a25ef4c37eca985d2bd5569f557f96123a1f55c92e5f4e6fab72f8c6bdd"
"textures\building g fortifiedwall.tga","4194348","cbde6a864fe5839208d93a749801a66f342a062e6ac5aa69b7185e928e6c7296"
"textures\building g fortress cinematic shadow.tga","262188","49be138a872c0fff487cc202d0d43b3d2dcc07daac2d8479eb77ea1618fbc97b"
"textures\building g fortress destructed shadow.tga","262188","a4c74d70fad2383d15bc1913ebe15b2f0761bcb8674c37b75ce3c24358c91c4e"
"textures\building g fortress shadow.tga","262188","7b943dcdd6b55f3d1b54a726c116caa75c23f425d799d86be6aa3e503d934f6d"
"textures\building g fortress.tga","4194348","89d78d59d5d7c5c3565128bae26ed2b03f790f6e3d1a3f50e92c6bfd3a7c459c"
"textures\building g fortressconstruction shadow.tga","262188","5b5ccf79105df88299ba9536aa9eec028a290f096b57294c983b28f262b82218"
"textures\building g fortressroof.tga","4194348","3ee1f4472ca1eff37ec090e4f8f6be61c6380da7bbab85b229d83e2155ffb39c"
"textures\building g fortresswall destructed.tga","4194348","21dd8be23b216498c414e46b5d549c90338f6354a9704468b53d47a6e8aefc0d"
"textures\building g fortresswall.tga","4194348","6be818976f996e055d1bb41e80d8bb326e23b2db305ba231943bbd04f5e99e47"
"textures\building g fortresswall2 destructed.tga","4194348","1de576e1ec23b93e7b8830b837ead054913c3851ac4e92809bf2221be4f7df6e"
"textures\building g fortresswall2.tga","4194348","ac5cdc6c780511c00c7ea06dc5cf14e97727213dad114431c646da23ef2345cc"
"textures\building g gate open shadow.tga","65580","42e67dabce9da60c5b8152d55ee7dc5d2ebcfdacc8995d919afde328b8a77876"
"textures\building g gate shadow.tga","65580","7f7b5ffc5902ecedf94fb4cd0c93a4800705c84ebcaf54a2eafc42534ae067b8"
"textures\building g gateall.tga","1048620","bc753bbdbfceea2b38c2b984061396e7f5386f13f53431920cdf0c6e9ee24515"
"textures\building g granary destroyed shadow.tga","65580","6288da7bdda2e9b3f0e21063a2d5a6fd3cc2935dbed565e141571be138c34361"
"textures\building g granaryconstruction shadow.tga","262188","2c32700eafef26caee129859dee22e8b60d13f47471d9310bbd27be391bfed42"
"textures\building g hades temple shadow.tga","262188","a30c032e8e51ffeb8f830e71e74e78f9ade2425abf28c7d2b6461ad7c7b38a99"
"textures\building g hades wonder shadow.tga","1048620","54efc02b09762d4c0f68184dc20d70ca78b39057c046c5675243270c50acb66d"
"textures\building g hades wonder.tga","4194348","477843e455db56b207c4787f6e97f95689693cb134e17c0b7198f070a0bd662c"
"textures\building g hades wonder01.tga","4194348","07b259041c5e71d0861931f212b0e14e5047982aed16451441c4777669331749"
"textures\building g hadeswonder 2 shadow.tga","1048620","fed1bb4f2cfb2c1c5fcf97a1909f7b46662cbfc9600326790c48230c950726d5"
"textures\building g hadeswonder 3 shadow.tga","1048620","d586ea4e6eee1955620ef01eda60bc20cf3c41d758f4969c9488a6831590d2bf"
"textures\building g house destructed shadow.tga","262188","7c3f0257e51fe0ac552ef94ba21af8818a566fbb6232238c28cb21566b229cc0"
"textures\building g housea age1 shadow.tga","65580","9dbfb27f18da036484302122a2896c9dfca245c6e6a6186dc383b5154308c761"
"textures\building g houseb age1 shadow.tga","65580","7a11e6c51b677c97a873bbede062048120255c9116edde78306a924fac8c9e7e"
"textures\building g housec age1 shadow.tga","65580","479b37ca22c1a864637bd528438fcdb33b3e9f62fa594233abf714d7a51397db"
"textures\building g market shadow.tga","262188","b8a94d53e39c0b8d2834351552262f945359980bb1048b85067544bee2d04778"
"textures\building g marketage2 shadow.tga","262188","09a673264ec9f0cc0c5b688af21fbba594379435bbf7cf775cbfbd081d5c96d3"
"textures\building g marketage3 shadow.tga","262188","09a673264ec9f0cc0c5b688af21fbba594379435bbf7cf775cbfbd081d5c96d3"
"textures\building g marketconstruction shadow.tga","262188","6ffda517d2a32ee4663c7826f66d9425e757fda3f2209129dc808ace7f27404c"
"textures\building g mineconstruction shadow.tga","262188","a76c752ff91e472ec5df0700a06d0dbb0ef41896941bdc942c9c9f8723e31f49"
"textures\building g mining camp shadow.tga","262188","5ce35c10d704d1daf3f628677750ee7968cc47f65d920a345bd132dedf15540f"
"textures\building g mining campage1 shadow.tga","262188","e082ae8ace40ba32497ad0ed6e59de29994df7b179422b3ee71263408ad785eb"
"textures\building g poswonder 1 shadow.tga","1048620","118532c105176af4560ac65a128973f7ccace8e344929d1bb58c82f3aaf0072e"
"textures\building g poswonder 2 shadow.tga","1048620","2a3cd1804fa4b5ff1cda0cd7927ee08919b064a837069752af0b2945c15e77c8"
"textures\building g poswonder 3 shadow.tga","1048620","8b259f4841c0d01fc06042d38957e7e12b875a016870749c50e832c51739d9b8"
"textures\building g roofage1.tga","4194348","11536899c2144487db260a25f2858d1cb4a41170240e9f66497e8d315d2fafff"
"textures\building g roofage2.tga","4194348","f58001ce5fe41e4c0e891d0490613eb24260401b4de8a686cedb3bc15011a0cb"
"textures\building g roofage3.tga","4194348","eeabc13b173a780dbf59d60a68c5503270bdbcc2d3df03bdee288744aeb59a43"
"textures\building g ruin a shadow.tga","262188","6f578ab7247f187a9d6580a5f4d29a464beebb5da518f41558e43005061658d2"
"textures\building g ruin c shadow.tga","262188","1cff458d69d0355e2f5149a71d7bf71d9d3923a67c0acdccb661ce7b3dca0fb1"
"textures\building g ruins.tga","524332","616dc84187d1d50868d2fe2bbe9495e4aea96058a4c3223ab3f0f37f4e5b1712"
"textures\building g settlement02 shadow.tga","262188","e71c167f0a1d79c297ef71d8f1a20e3c604ccdabf30d0cd47cd656f359f6220a"
"textures\building g settlement02.tga","4194348","ccd49439a8985ca448a1285c104fa7df2ea61e2c8165e05f615fb2bab87bf16d"
"textures\building g settlement03 shadow.tga","262188","8db667a5bb67a38d3926c1de84377a2607f93e01aa19997845f25649a4b3506d"
"textures\building g settlementage1 shadow.tga","262188","8a66942f6a3fc5a9a703de13d5abcadb11d02bfdd5ac996ff7a8f8129a0d69fc"
"textures\building g settlementage1.tga","4194348","e16e94e47552c05801ef3285ff61ab8e6b415b49bf83c09d7f818e29799debc0"
"textures\building g settlementage2.tga","4194348","4e365515e6683880b7d69d0c4e527f0c8c615aa46ef3b4b66bbb2bf886976ec4"
"textures\building g settlementage3.tga","4194348","2b50e28494cf54f8b315b821c2c97ee71f5ad8296f19810d0644b426b075ee2e"
"textures\building g settlementfence.tga","1048620","0c484ec71c0f4c97e53dc14a4744836c0206f0165e4086d4744f726fbbfebe74"
"textures\building g settlementfortified shadow.tga","262188","eb37a3255471fa136b7ba3d8a3ff876766c95680d777007f55aacfc5745fe5b0"
"textures\building g shared01 2 map.tga","4194348","c1dc11dcef12364def6da1e2630330953a07cf77a1d8b36be75d895b86407269"
"textures\building g shared05 2 map.tga","4194348","f1ed9638d6690e3a5a0a56a1000d6763c7f0dae6e7118c48d595409cbadf80bd"
"textures\building g shrine shadow.tga","262188","a7ef68b22916486767957823c5a620c76645d0e600f9bdb5425b411102f1f906"
"textures\building g shrine.tga","4194348","5b58dfc5f0c469d8adc1d637a63c11ed47868777018570b58e6d39fbd4d8652c"
"textures\building g siegecamp shadow.tga","262188","acbdac561287e33e8db6a6539f4e95fd0b38398d360163ea26be4aec4295a9bf"
"textures\building g siegecampconstruction shadow.tga","262188","884d83e23a69ad62da0464b394bd7ba6bb25d00bfe545a95be60bea265c901d6"
"textures\building g stable destroyed shadow.tga","262188","a84ad0f2ce45ca6f4124aa57cdf3685bed58c657cb9ef47e9352b4799736179f"
"textures\building g stable shadow.tga","262188","a5b2b2fba1e1782db46f9b3250cdbc35c2c91492ee536cf6d1d27b695f9025dd"
"textures\building g stableage1 shadow.tga","262188","3e640b3857690bf6fab31e3ec8006c46fd04b788db8b59d4cc1b847df4d09606"
"textures\building g stableage2 shadow.tga","262188","38fcd8111c04d6aba3c699b4fb9dbb201ad84acecbde764448eba76449b3bff3"
"textures\building g stableage3 shadow.tga","262188","6e2ee5f04438bf4522658f820f1ab880f740d2a155e066fbd72b9f7c5805c131"
"textures\building g stableconstruction shadow.tga","262188","62da2d3d842a109e5b816b95217f058467d769123228e4654ae1bc30bed3be6e"
"textures\building g storehouse destructed shadow.tga","262188","2129f49ab937dcb167200ddac0efb13f82bde563ac5338b25fd83995087264cd"
"textures\building g storehouse shadow.tga","262188","52679a37baace8d7781c54c5bada3766779838acfe5785fa8913e7916720775c"
"textures\building g storehouseage1 shadow.tga","262188","624513dde4ff374deac481c1eeace55671b02a98d85ce8007df4556dda609c7e"
"textures\building g tcconstruction shadow.tga","262188","615b7066373f47f10630c24c413b82338a01b8a66d222f43cf1ff7e586dff46f"
"textures\building g temple shadow.tga","262188","f7ae122ece9481f47d774ee73f92e26fde420f6bed75fefd9450662eebe18ed5"
"textures\building g temple statues map.tga","4194348","deaff28e11be1305dd7cec3523a12846bbc711557fc3055fd0c9f20cc46fb2b8"
"textures\building g temple.tga","4194348","8834e357e8d07f183ff220dcc60c4c9b4efa24d57fd2720bed4639d4bbc60f95"
"textures\building g templeage1 shadow.tga","262188","5b8c0d6de7719fe0f570be1fd5826742208a3c815a317e9f00c298800476ecc4"
"textures\building g templeage1.tga","4194348","6982ee638fb585e450419974d6b1be5f24a8d605661be7fb60b9f6745c50b923"
"textures\building g templeage2.tga","4194348","a9ef1ad542edd3193121683080ac5b0a3a4dfe746162b41665e1a159b34dc328"
"textures\building g titan gate door map.tga","1048620","63651af5c621db73fb64c9cb76d381af7c119390825971f7cad7a7fe2a37058a"
"textures\building g titan gate map.tga","4194348","16aad4da0dcdb05134a51f27eca386abfb95f5e5c793cba97d3846aa165731d9"
"textures\building g titan gate rocks.tga","1048620","322dc66281070f6e1095ca54aea32636c6c8e53b5c63259fe90928ffe9039148"
"textures\building g towerbasearea.tga","1048620","2208f001c32e2a0442fa2f415b1afee10723cfd619038e52f1b9ae7c78e4e870"
"textures\building g towerconstruction shadow.tga","262188","971fac339e1c52b6a9fcd97954a2d67e90593edaa828d27786d7eb5fc902b4b8"
"textures\building g towers.tga","4194348","02325f533cbd3076e432cd3c7efe33dc0d2a9f5699d83f2a6c2068c40b49c535"
"textures\building g towncenter shadow.tga","262188","16a680b068a33d212d3c64c8e7a95e10c72f75c5993be1393e616f87a7625b18"
"textures\building g tradedock shadow.tga","262188","88779247563fb95fb9f7cc7bbf343f88d8de50cca18f63b08a67fc81768894be"
"textures\building g underground passage greek b.tga","4194348","2c8215187d4db8dcb1bbfc1c81ebbd8ec362b75e9fed281f41c80722a540c76a"
"textures\building g underground passage greek.tga","4194348","92856775cbbd530721e208b099a529a31360fde8c24fe42a53191346295302b1"
"textures\building g wall large shadow.tga","262188","4ca207f90f8c5072992c8bcf0991526c539582db17ba8289b499531cc0de1a2f"
"textures\building g wallbasearea 2 map.tga","1048620","a3885a47d076cc4db8bd033a3e9bd3754fb8e73655ba217d0e3b1d00442a9a2c"
"textures\building g wallconnector shadow.tga","65580","8914e420c00add1a505fbeaf0787fd6a5c20547f9e262d880640240c102ef00f"
"textures\building g wallsage1.tga","4194348","aaa9130ca5cb77bbd73b8c0557b769cfa8cfb236ace19c459695d525bdf0a905"
"textures\building g wallsage2.tga","4194348","49a60b19ac9364abede330763a16244897b6e55b07af001b239acc1ffe3c3b03"
"textures\building g wallsage3.tga","4194348","7507aab27f8c1cd3a0b2a4fa7e459c62ef159f18a9845092420a8ac011f66913"
"textures\building g watchtower shadow.tga","65580","e6d1aa4f420309ebd62e4f9bb9ad4227195f5a2e4ca936feee328d42ab31a818"
"textures\building g wonder destructed.tga","4194348","000f35e5f8ae131981b1e514427ccace9122956a7e1a30930983d98b1975b39f"
"textures\building g wonder.tga","4194348","abf6d1642e544839cc89c0b2c2aed22b26ebc2064331c16dcf13d4daf4fe2bcc"
"textures\building g wondershadow.tga","262188","99c080d164bfa8361932be494b5388a4b3e85254848086aadf9f920286819ef8"
"textures\building g zeus 2 shadow.tga","1048620","5ead0836d257ea7db8a0d3dbba18de6ca31b25f42afe2a1c4c5ffe05bbde33ac"
"textures\building g zeus 3 shadow.tga","1048620","ecbe874fde4f9d55ff712e65d61f4c064a2ca45a170c7d8796ffb6d25693f717"
"textures\building g zeus wonder shadow.tga","1048620","b1de3699700e6b5f8d60d562a93a7b875d11311286039bb4f48b4d0123fdaf50"
"textures\building g zues wonder.tga","4194348","b7d82a8baf7c0fd2df20da9e5044f6c5b5c871001a7618b5925a712cabe11d08"
"textures\building g zues wonder01.tga","4194348","da3cfbbc98bb875e0ec05dace2c11570d4165a35ce27e9cdfff0eb925302fabe"
"textures\building gate.tga","262188","3eb1241e5e52354f94ae76ed5b5563761a0dfb6dc8c4d68d762265d35ac04dfc"
"textures\building lion statue icon.tga","65580","b0efb48a4f264647695e94fa60c32adc9fb84a33c15eb8d01ea0f612e8f965f1"
"textures\building misc stairs.tga","262188","bcacc6a8f8f0fce4d48e754455e2357b8a0bb5a9a07282bea646ce99783e2d9c"
"textures\building n archery range shadow.tga","262188","760a35b19567c5db5ccad0b22ceac1b566274c022fd71616d70067fc0b0799d5"
"textures\building n archery rangeage1 shadow.tga","262188","d1ef7eb7d363d716ee2bb76c9f0e2849dcfb3a5b00cda19769fe74e8c5fb5d1f"
"textures\building n archery rangeage3 shadow.tga","262188","5c4c53d9f896cebcd83a7371d20638ec781e25347a9fd385847bb9eb7725359d"
"textures\building n armory destructed shadow.tga","262188","9706228728bb2f3d9fb40748cddd307377e69df9b6aa4c23978d7087b3ce8ff1"
"textures\building n armory shadow.tga","262188","c447acdf4c38efffae56129de07c30803f7e6667acc675456f578baba7117e57"
"textures\building n armoryage3 shadow.tga","262188","f804475d2fe57e48df1cb4f96534df7cd7bc269d88d5da44b9aa68d43d20284f"
"textures\building n barracks shadow.tga","262188","2f661048b2bbe1d00f0dac9faebaf9e081950889b8d8811ba2a3d4b20f428053"
"textures\building n barracksage1 shadow.tga","262188","5cfaeca85b6517ae033425c18a143bcb19dc4e6a30315870fe7802e25cf6c8ce"
"textures\building n barracksage3 shadow.tga","262188","fe4183c5c528b17d1e84e19ba5cdffdf30aa0d311feec69af3730f4f7e46414d"
"textures\building n barracksage4 shadow.tga","262188","11edc2f883d4b7fea9930dba6bf62fcf8d5221794a610ee7c3f34589822f3bef"
"textures\building n barracksconstruction shadow.tga","262188","03a123967ecee0619f7460e99b8749dbbed308a67ef331501de2d86082ad2f1d"
"textures\building n constructiontemple.tga","262188","bdb32361d166529ebf20a68a29e11e4e998c8fbc8c64457ad8a9bded4655d9dd"
"textures\building n destructed.tga","4194348","e97b5de816bd832a4a7b9f235b3a483a0fa508f825ee14379305d64b8e4e1f6f"
"textures\building n dock shadow.tga","262188","b701d99dff7bb02d3724142d6b35ce2591848d479f17bba1ef68962578eb1f85"
"textures\building n dock.tga","4194348","0cc6686e51f831ea03115dc186c88ddde6f7130168d16b0fbb384d03c67529f5"
"textures\building n gateall.tga","1048620","c48523f8060ec4806f994e935afc012ee37d95dcd78e317c3ac7a3834ddf9c0f"
"textures\building n hillfort shadow.tga","262188","1a3ca290bedbfdd824d39209e3c1c010b47d268d3f42121da92c6a47675b84f0"
"textures\building n hillfort.tga","4194348","acfd12b660b454d6733fd78143162fff2ffb4168520152da3dc5cbbcb8a6a162"
"textures\building n house a shadow.tga","65580","0411f91686916674c32e993771a07033ca433e0e5e95deed9edb14c5793245e4"
"textures\building n house b shadow.tga","65580","c06313b0d9abecfd1f8709c0aa70aea4a21b73807178650dc7826087fd20fe55"
"textures\building n house c shadow.tga","65580","bc1f88914f9f3b8b36623af6f2b41241037ae8c046b64a40bddb744f3aa6c039"
"textures\building n house destructed shadow.tga","262188","fa84ae19bea9903524d849971623be0f59704110f805b1a9eb8593507f3d2815"
"textures\building n loki 1 shadow.tga","1048620","c421a66676ad5172480f509340f12ee79cf9f62e8ce22e985eae4be610e8e7f6"
"textures\building n loki 2 shadow.tga","1048620","c24edf185464be6979cc22b7b2f3fbbcf1e38a435bb54c12fed494d281a6e44b"
"textures\building n loki 3 shadow.tga","1048620","0b5aec6081412b2d484640e6229a1e12fb5f1f4f2ae3acda3147e7e0273d2157"
"textures\building n loki wonder shadow.tga","1048620","b403e1dc4a906bbe2d2ac3e7127d446c2e08d097f9a55358d22544872cf90900"
"textures\building n loki wonder01.tga","4194348","13d94d41d856a031efa18278cbc7fdf049a99df9caf4df91136ae9bfbac73484"
"textures\building n loki wonder02.tga","4194348","2cad41de6b8514a5bbedcc660dbcd23a62a9c73e9f5d56283123f3335430772f"
"textures\building n longhouse destructed shadow.tga","262188","61c4e0d5664d209adad9ad601c554080e6e728ec3bd32b6125c3824409af06e1"
"textures\building n majortemple shadow.tga","262188","ed4069569ad5e4b93b97afc7d58a0fbbe7d5347551cd0f010069d93df31ebf43"
"textures\building n market shadow.tga","262188","87fa47d39b9f1cab01b176d67fdfaae1d6276459eea2189f981260bb077d971d"
"textures\building n marketage3 shadow.tga","262188","7e572e9ff2ad907e3cfa3b22165109f7725821d927164f896a5dc18a46273677"
"textures\building n mining camp shadow.tga","262188","8536808254d1faa0dd3ac4084229e27726e1635e082c552b8b54243b1f0c95e9"
"textures\building n odin 2 shadow.tga","1048620","8ef72bdf3e29816351de6499bd83aa59d54d43bc8563c8062036b42093e64649"
"textures\building n odin wonder shadow.tga","1048620","0799fafaac2b9cd72cb4c4cbd227be63623d67c1885f496705b42909d903c0f7"
"textures\building n odin wonder.tga","4194348","3ca5f17f794896c0ccd3deb8a3bd36b9c3ad965842ab304a600018fab11f2b43"
"textures\building n odin wonder01.tga","4194348","e8a4800b8e1a3f8233a385390ff559c0eb1873779a76e342ace89d5edead2efd"
"textures\building n ravens.tga","4194348","aa55e195800876569f00b5151c9ccc86238acff106a75b965dd9204d6a30055a"
"textures\building n settlement02 shadow.tga","262188","1e0630fb173aa67f1dd88912f98d37b939f564963e1778620b67bd3ac1d4cc7e"
"textures\building n settlement03 fortified shadow.tga","262188","37b34bb1c82e955cfc6bbb79ea2b0c2c8dba29ecae963d8f99781b85b55b9647"
"textures\building n settlement03 shadow.tga","262188","fddc5fdf4ed7f75d928c8e2887139b7907f295f6c6706d2452fe122d068b9356"
"textures\building n settlementage1 shadow.tga","262188","93c6a1ebcb1759e38046e216fa29b47fb7fc8bf494394dccaead9a20bcc5b007"
"textures\building n settlementage1.tga","4194348","05ba41942d9004ae9a9a34cc8284a6774e9af425fd45744b1250fea5219d743e"
"textures\building n settlementage2.tga","4194348","d07c63a44c1667d8427b366f620bbabd951abc1cad32ce508197713fd4b7c878"
"textures\building n settlementage3.tga","4194348","3c3c9c35c4daf43fcc2cbe625f2c1d5148eea1677d1a3de77468a16cf5c95fb9"
"textures\building n settlementage4.tga","4194348","cfaf90b7c581d29ca67c9d1470c933b44296163aa10d27e2004a0877d872d12a"
"textures\building n shared01 1 map.tga","4194348","1a625e36869050cf246d3f61d1d420c8635857f303b61325802f6066b8fdef3e"
"textures\building n shared01 2 map.tga","4194348","b372b58b948d4b15d2ce20a0d9a5d0c748480dcc28526b88b7316159a710ecf3"
"textures\building n shared01 3 map.tga","4194348","e2e32bab944b661201eced7d8686364c64e2db14114cda28590e401e934df278"
"textures\building n shared02 2 map.tga","4194348","f8d9c1c812effb86b6e4ce17917720662bdc4f02a1ee2fa65f2c12aa60b7d212"
"textures\building n shared03 2 map.tga","4194348","b9e5b7c6d90c9e349ba41693b0c34728ddedeee76b5c5fcfdedfe9ff90fcde94"
"textures\building n shared04 2 map.tga","4194348","d5c8d5dee4a3849a1cb3c7cdcac4304043b538cb5d3092056bbe51fa78c190f2"
"textures\building n shared06 2 map.tga","4194348","98c7c437ae2ce91c81ba3df0bf8d418b150769ffb373d387b6e049adde3c7ff7"
"textures\building n shrine shadow.tga","262188","cc407b87764d846f2bb3c6b9f121f6aee3fc1321b2a6ccbc4566e18b26e3a499"
"textures\building n shrine.tga","1048620","6554498d61d1488d9f63f8e98356dfaa4040a814b07d29e37b0970b29d0efffb"
"textures\building n siege camp shadow.tga","262188","81bcb4e2ff54143fd77b8765639f2c8dd3010b39a401a92e9a0802038a47d45c"
"textures\building n stable shadow.tga","262188","c02704bbc177c5d477d4f18e50f7331883a730d0b8549ae7480b82bb6cf9282b"
"textures\building n stableage1 shadow.tga","262188","4ef771b63b1879798ce5007c2bd6d1c6b4b3fcc44b51da379eb9c62c50d30068"
"textures\building n stableage3 shadow.tga","262188","eab48f03731fe18d4e06f7a0f14adbf9e5d26fd73fa79e4ce9f81ff268282f87"
"textures\building n storehouse shadow.tga","262188","253a5517a80d25f44276a230f04092b65a0aaaa40c5ce6cb89147782e803c2e7"
"textures\building n temple shadow.tga","262188","3f87c5078bc9ecaefed045805fde6febdd3331d5400fab87156ba81536eb4fe8"
"textures\building n temple.tga","4194348","8c27c40e309237798be2fd1edde1cdb2b22163d092500ea9109440f2f68ffdef"
"textures\building n templeage1 shadow.tga","262188","d2598d3d3c345dc52cfded855f5b9aa5c7ed5a9cdf395b257725dacdee749746"
"textures\building n templeage1.tga","4194348","371d50bede16454ca05bfba0d3d4fb52070dbeccc8564b9b21085cfd9b39d4b2"
"textures\building n templeage2.tga","4194348","b81da308e6909539619a73e83ae04621b598eb2ea0fc66035ab2d9fc7166a102"
"textures\building n templeage3.tga","4194348","19e210ff56cacf425866855de08e7be174df2fe9d2d24513d29fdf33490fe4b9"
"textures\building n thor 1 shadow.tga","1048620","c5db3b2b3d22f0490820ec53a13438fb4290d18833cb4567f19e910a88b9a16b"
"textures\building n thor 2 shadow.tga","1048620","a7a1b2f44f88affbb74f860abd51054b382431305b692194a0807eb1d9f58d17"
"textures\building n thor 4 shadow.tga","1048620","b4861bbc7c891e30c86151e52c652c46bb3aa9a892121964eef28209b0da7baa"
"textures\building n thorarmory shadow.tga","262188","7dc47d5d853e74809464b29fde92cf5d7375566f7c21b4ddd6357a53d351cf5f"
"textures\building n thorarmory.tga","4194348","fee88039e9c02368dbbadcc6a9c5009225de3a1823ca955d8d3e6b9f0f0a0b9c"
"textures\building n thorarmory1.tga","4194348","371c98f3ef8e6bb87afc96f89bb9a64a92b31fa2359194322ca88eb2fe030d3d"
"textures\building n thorarmoryshadow.tga","262188","9cb1c81a9d82e89eef0f0a22400ac1b5c8f3f1dc76481708b6c5a51ef73514b0"
"textures\building n titan gate map.tga","4194348","0895bb037a05b53ed15a93b6166a27baf3f751b3b2a2a1b0a686592b28a07495"
"textures\building n titan gate rocks.tga","1048620","f9ba08220da99c6d82143346efcfa4acc7109323a7da1c0c35397e073dac15d0"
"textures\building n tower shadow.tga","65580","87d9ab57d3b23773cb26489d8812bb3cc59f4e3221b1e9d3df97b223da5c3771"
"textures\building n tower.tga","2097196","1e018dbcfa343afa5a3d22f15600731e357c470ee08ea40a84e6f6c940811d22"
"textures\building n towncenter shadow.tga","262188","509730a87ce5ef0db9ca9782479b605f2a52205b7522d82a61902dd3a064bc2e"
"textures\building n towncenterage1 shadow.tga","262188","3cfa1bd8f2e1b7ac2b0c7a04741026f16c9be5a509249a8e68b69c34b8c4c06f"
"textures\building n wallage4.tga","4194348","5d9c0fe7fe9df32b60c35396a3cd1d6fbdfc548e9156e3cf60b5637a2896090f"
"textures\building n wonder falling leaves.tga","262188","3c6c197a04a00960a3f656957d7ed5bdcde030438de9fd829dd5c007cc6a3073"
"textures\building n wonder.tga","4194348","b998a359d6f9be49827a6af9436bd55d3fd18584fee15e7b147af8a0cba7c2e3"
"textures\building n wonderbranch.tga","1048620","0225ecfe41dcf2ef7edde85fb2c903ddd0c6e4b58b09ee33aaf6898559474b15"
"textures\building n wonderleaf.tga","4194348","8410a68a0cbfefaa149afa9d60d6c77d3383c3ff209a75b796424a6e4e2b4fc4"
"textures\building n wonderrune.tga","1048620","6138a03f0e1fdffc41ed958c66edc2e70fb2de0de042a68f2aefd72281d1150f"
"textures\building n wondershadow.tga","1048620","3c92e6ed6bed430ef920712b1c93a113e854d69d92fdcac2f9a74a85d599ceb4"
"textures\building outpost shadow.tga","65580","c4b51cd8a4f6c385c287e14667a68aa302b3ef3da8e11cfbe6fdf79e46e59808"
"textures\building pharoah statue icon.tga","65580","821834a3ef74e3925f43b60db79874b757647dc6c73a5e1978fa862d5e90ef58"
"textures\building pot.tga","32812","ea2f65248eb8374d3cd797e0ebd085017f2ab3371e2902162af6b1b1e4271d6d"
"textures\building props.tga","4194348","5dbfc18d370d4cb6c0a12d5cb230e4b70a1a524e21ed430a077798a71e3a2f3f"
"textures\building rubble10x10 shadow.tga","262188","e6bbf055814ad7f08f77b9e14502cc39c11bf8518a5c55901a12d53547e927f3"
"textures\building rubble12x12 shadow.tga","262188","1089dab55fdef701ab9eb685b66243e55765aee1607488df6cc92ed94ea69771"
"textures\building rubble4x4 shadow.tga","262188","4412687ecc8ce2ca6079f5d2b3b36a42a29f614eb9de898c601c5d09659e322a"
"textures\building rubble8x8 shadow.tga","262188","b81e32c3a2f97e6aa85ed69df95059fa229b2c5a3f235d14bc9e49ac0defa3f3"
"textures\building settlement shadow.tga","262188","d2a9265be950b79929a8695c16d787844260d52e53e8e137ba69a6290b8c3e66"
"textures\building settlement.tga","4194348","527cd9ed69bccb4c00a4a128cca6542af5985b772399a75efb702c89767d37cc"
"textures\building sfx outpost glow.tga","262188","3f3ade7617401009d6e9c23f0a2271fb7c36899ecb77ea81ba23a588394befdb"
"textures\building town center icon 64.tga","262188","427dae646ccc41645b1bf73408ecf584743bf5d7c85cfc78e51b5fc12e4ac587"
"textures\building town center icon.tga","65580","18e7d787d915e71b97f886a2d9d596474eb2e953c763c5a8675b4f2ce2689615"
"textures\building towncenter icon.tga","262188","e65c0089e4345e7c8ffae470f5ef7e162394188f9a4a325ae46c90257c5170cc"
"textures\building vase.tga","2097196","fac75d1e7c9595532671797a74b5ee8e51cc569c5241943de571dff51259bc11"
"textures\building vines01.tga","262188","4761c7c33d60d05f0533c21af353c040549b0655f5ed01cc9b6f27cdb74d76b0"
"textures\building wall damage.tga","4194348","502705150c0ade19292a177816e678a66ac58d7058e30ac6166c942013192f65"
"textures\building wall to gate icon 64.tga","262188","4f223615b5c4e9b8ee8665dee5e0ae6e1e1abdb1b42f629d2cd15e856b7fc921"
"textures\building wall to gate icon.tga","65580","ce468b8d706b6ba21bd8345055bffaf21a7e6740bee794800af6a749dfb8a2c9"
"textures\building x armory age1 shadow.tga","262188","c46c84b6bce795475cfad70c3465d82c87cfe01c1532878001aac70bc241655d"
"textures\building x armory age2 shadow.tga","262188","f5519452bf840bda308efe424540d19161200837748803231844a6a5a22495d3"
"textures\building x barracks age2 shadow.tga","262188","48794efdb95592a154449440a892eca6a7b748f1206d1dbde6018a8b2476cc43"
"textures\building x bronze gate.tga","1048620","744424108a5b5faf949228790f9f729d44a49f1ce578155b6ebf29135e0f34e6"
"textures\building x construction palace shadow.tga","262188","5bd3bf1ad157c5bf71d5b2cc987f90383d5331f71bd02e69a59d66311c2211d4"
"textures\building x construction temple.tga","262188","eee0ce6016a7c8c9f2e7203dacf10541674b1de1fa5e68749f6a7970d20e06c7"
"textures\building x dock.tga","4194348","14370c0bc2ddf70edf5ce29e3b7189b0cbe2b39ec2fde105065a9214339f9888"
"textures\building x gaia wonder con shadow.tga","1048620","2f3af95836e7d3cae7a3bedf63df96926efa7ea0bc5894f27bd6e382729b4773"
"textures\building x guard tower shadow.tga","65580","7f639b4b5c642db729ade83c4a2faa1d0b5ee8772c04c24abceca4804f090ea6"
"textures\building x guild age2 shadow.tga","262188","82d5a6ca527588ed85dd037dfeb18ce0749053f67773da32fdec6686bdf40db7"
"textures\building x guild age2.tga","4194348","f2788d45669c31a978f674a5c7c421d441ed4084fb94fef2b89aa786c01f9b4b"
"textures\building x iron gate.tga","1048620","894154c5e8b665d502c16f1505ec7e32ac101a5db06403dfdfb65da5de83d8b7"
"textures\building x kronos wonder con 3 shadow.tga","1048620","02e0f5b26f081f06cd50af02a3459c12697598df4c9a8c2a6c645c4a80e42f87"
"textures\building x kronos wonder con 4 shadow.tga","1048620","2d5942b3b5002ba1a819419bb297b3f615c471547b1a468dca45d93ac94c60d1"
"textures\building x manor a age2 shadow.tga","262188","91103a18e9ed46ae7b8241158da80414982622de122a5ed2e3f021104c7262da"
"textures\building x manor b age2 shadow.tga","262188","28225b7cea88d711980bfe008d2d9a969989e7b92df67fba762ee2549188e8d5"
"textures\building x manor c age2 shadow.tga","262188","665450d652ebd1325332097f037cfa05e696c01d8e35019cb96c4e1b46a88893"
"textures\building x market age2 shadow.tga","262188","867a1c14bfaef7ed8df748a23fc6bacd1d7ab930f17de38c478655983103bb14"
"textures\building x mirror tower shadow.tga","262188","944d27ccb6a30c3d3d630e4b85043f7e10296c536b3a49b71e957eb7df279dec"
"textures\building x mirror tower.tga","2097196","c6a57060c1121a48ea5cd918cac27134dea232a808996638e4f4be3492e18cc4"
"textures\building x oranos wonder con 3 shadow.tga","1048620","11b679939fc6af905ea8a5141192800dbbf7dba1fb696857e35eae2c064e5ee4"
"textures\building x oranos wonder con 4 shadow.tga","1048620","780831ccc26ca8eb7eead3171d1f935ca3363bec55ef23e04452ae86d5f0f34d"
"textures\building x oreichalkos gate.tga","2097196","6336c8727b8c735e82188470e0db0126e51e8fb2c7b86a9b6d0a5f727317c13b"
"textures\building x palace age2 shadow.tga","262188","ddb7f4d315e03da15ba92ed7cd6f3a07bef0594afad959be45e35bb491b69208"
"textures\building x palace age2.tga","4194348","0f29f8796fc6e871cfd84eb677444684c4811102a0cf6eeb08271b36ad128541"
"textures\building x palace age3.tga","4194348","e8bb75d6eff86e4b2968f73f6466a65129581a04cf4ae8b341f1205e0602fbb6"
"textures\building x palace roof age3.tga","1048620","c5fb8f6f856dd718c16c27e68411decbced91b4ed95c93f30b2fa9bebed05d3e"
"textures\building x palace roof.tga","1048620","a6ceaa703d654eb65642332699986bb08440ac73c3dcaa5fd268eb69dfe65e1d"
"textures\building x roof age0.tga","4194348","1c74f9b4e345d817fb603c90db7ffea14b5845aadfa1d7b03fda7ff41426523d"
"textures\building x roof age1.tga","4194348","7748f0ace5664af570ad8ec7c88b6e000da1ae29d7a650b347db3a21e42e695e"
"textures\building x roof age2.tga","4194348","05b4aa6600dd6203c834fac50605cd3ed6ff38f0eca68297bb7c372c19f18a02"
"textures\building x roof age3.tga","4194348","c7732d9fc562f1e1e86563cf8b059bef6d227ecd7c89a46185e9c3a1a648f18c"
"textures\building x settlement age0 shadow.tga","262188","c37831f5d0e7d2c596bb5906496b4f35aea5d08ff8d0a7ed25778c75d1c610d5"
"textures\building x settlement age1 shadow.tga","262188","1915fafe807ab92cb1b12efda9c0bb887c4939c4b99c7ca79f437ee8ae21d042"
"textures\building x settlement age2 fortified shadow.tga","262188","03845d62de09128947b06e016397d1eb967ce4a30637544c231432bae8070ca0"
"textures\building x settlement age2 shadow.tga","262188","3da15cf945552ef3be781d60c27baa14817e2dc0a80b1997aba96a9e679b07ca"
"textures\building x shared age0.tga","4194348","8cbd766b62c351dfd7e892bdcc8d95d2a9ef508e4619f11a087d4b7521c87b2a"
"textures\building x shared age3.tga","4194348","3115c2f2f599c309c22c70e57b5215dc0847e017589c881d413cb793eade9b6c"
"textures\building x sky temple roof.tga","1048620","9878575abd87f4767b4fc4a6ed7977fde24d127177f66668137b578e46fd20ba"
"textures\building x sky temple shadow.tga","262188","34aa2379fb83e5b43814bfa3e4ca36b07fc2a3fc7f3358481edb5c212e335be0"
"textures\building x sky temple.tga","4194348","70d95d5fb62ab27b0c3919a7c8aef15fd6ba036731dd3502824b777d43240cf2"
"textures\building x specialist age2 shadow.tga","262188","6c79b88663a4ba1a387c8aa6a44a9b1f2b1077d8b92874ca74efec40993ac736"
"textures\building x statue stand in.tga","4194348","39136cb62056fac989b6effb523057cab6cc480a5d7ba9ab54b634be64c622a0"
"textures\building x stone wall.tga","4194348","993606e7a1077e4fd397bd9c512a32856fefe167017991dbd68c1f6486eae0b7"
"textures\building x temple age0 shadow.tga","262188","0026a443a74233e5b801d4fb9cbb568331c5368706d9689d6f0b0c308c9cecb9"
"textures\building x temple age0.tga","4194348","7ca9e493c6cf89d2a0ac649a05bc7216eff20419f21e28d9e80d6709a1a50c53"
"textures\building x temple age1 shadow.tga","262188","0026a443a74233e5b801d4fb9cbb568331c5368706d9689d6f0b0c308c9cecb9"
"textures\building x temple age1.tga","4194348","473062b20d6534a36422231544f55f0b7d9af0e6ee428c29468af357ce37fa96"
"textures\building x temple age2 shadow.tga","262188","a10ffa939571e74b764f6892de2bb4973f9e81ada750338f7dee5bc5965ee08d"
"textures\building x temple age2.tga","4194348","aff230cff1d29fd81987943559531e9fc0b784f8c3576fc21702cd96411e318c"
"textures\building x temple age3 shadow.tga","262188","df41541b69a708413f6ac9fda1ec93d08c93e991fdec5a69ef668ac495314d4e"
"textures\building x temple age3.tga","4194348","c642ff0cb84c3514f58ed552b6965bb24ddb4777e40dc1afa00d7d9bcb66d49e"
"textures\building x temple og1 25.tga","4194348","670668e47e3fcfa791b22f0813ed4008c557f347b131efffad90486d6e3d39dc"
"textures\building x temple og1 50.tga","4194348","1f53bc1671cb31947620ccff650b0cd48e4b01c0575449547e1988c775734f18"
"textures\building x temple og1 75.tga","4194348","8bd06b8d5395a3e235da767134550a4712a3730718da8f617c03ed702577aafb"
"textures\building x temple og1.tga","4194348","ae562c2bac5e0b6bfacee7c913054173bfe3632afb21688410b705ee31ac88fe"
"textures\building x temple og2 25.tga","4194348","a7ba67aacde1afe97044f77a427b872778407ac5646bad7514a9f7e7a0ebee39"
"textures\building x temple og2 50.tga","4194348","7cfcfc47b372f283c12257e797219ad23fe16f137414f6fc509e920e81d638cb"
"textures\building x temple og2 75.tga","4194348","16e46005858931e9294f8d4cb4443c976f192d16276a5eda0635cd3973b1bf54"
"textures\building x temple og2.tga","4194348","d8c36e388ad08eca3ac4b9e49aafbd2dd2dc980d6bf9790fdd60bec0f3045ab7"
"textures\building x titangate.tga","4194348","9d77a7ebae9d465e85bdee0ba7398bfe201b7dfcf595574c7e959525d4c13a20"
"textures\building x tower watch.tga","4194348","27b43e6e0909ccd87033f56b6a6d7efcedf759648d8d6c8580d6dab8c7132346"
"textures\building x tower watch2.tga","4194348","ff50b0ba1fb54ec9caee7f3b19aa8f59629724ace4c233d271b20719d7f1a6cf"
"textures\building x tower watch3.tga","4194348","fa6bdb233a9c5ca50f60806e5899a64f7a793b06b7e68992d74a8aa6c46411d9"
"textures\building x tower watch4.tga","4194348","708cb2e79513f0616113b731434cd0b6ce6aa9938907ee2185f887f0681b0bed"
"textures\building x towers.tga","4194348","40be0b7bf19c3617deccd52ac6014fc5c1dea8ad8fc1ca3e2914599b5edce120"
"textures\building x wall age2.tga","4194348","956fb3f80ff2457190baa93b77bb8790f9926ee5dda95b858601a6c3e312e45d"
"textures\building x wall age3.tga","4194348","fea88e2c198402610d27dd8e73fa6c38d149342668418a61dda409dd2c7a7111"
"textures\building x wall bronze.tga","4194348","763cdcf3079654c30313e12e0141043a445281b6542bf81361e17bb6f474edbb"
"textures\building x wall iron.tga","4194348","6b608cf99371a964335ad3e9e4708a3fffdef88ad3aae473685d3c35458c7282"
"textures\building x wall oreichalkos damage.tga","4194348","737a700ed6891415acc9e35403cb9405f8f3812addb088596fa4d8c07e3264f4"
"textures\building x wall oreichalkos.tga","4194348","9f00e94b4d0bb83cb6f27101f463b472f91e3b02ce80af789c3bbe50fc6fe233"
"textures\building x wall stone.tga","4194348","14e079f196232b6e2b1caee458b002665aa26938b12fa4d669dee45207579bb8"
"textures\building x watch tower shadow.tga","65580","7f639b4b5c642db729ade83c4a2faa1d0b5ee8772c04c24abceca4804f090ea6"
"textures\building x wonder gaia shadow.tga","262188","b8e1cabad78f202ceb032fa5860159f96937fc6a5bcdfbfd607f857ee12ed8cc"
"textures\building x wonder kronos shadow.tga","262188","9efbf201eaa58f335a96904b45563796b7d28abbe86d381eb0e9e03da8f5d846"
"textures\building x wonder oranos shadow.tga","1048620","b4b34bec5bd93cfa35d32912fc59daf5f8e3fc67d02886e5d319d9516b023c2a"
"textures\building_e_monumentbase_map.tga","4194348","4fc8888a90743fe18598521054cba7a7bf0b09418a3f31de42913deffd02ca5e"
"textures\buildingestatue01.tga","4194348","b9f0b9084ce21c8ffe0de6232e99584ea452d05d88d4da5adedf3392b9f4ba31"
"textures\buildingshadow_decal.tga","65580","c1e15b0145a250baf7c501416ff597cc08d4b17214d2a08d1f175d6423d9e71a"
"textures\buildingshadow_decaltc.tga","65580","6aeeaa229e633f44c6e93bc7552176f0b73ddf6dce451ebb347dae2c4e2360e0"
"textures\burst.tga","1048620","10f04e6678155774951309c16e5b41a4b7f25d12708ac0422a302ed9d858522e"
"textures\bush01.tga","262188","8163d67cfc067619e3e2fa1533ef4a7654e57f503c8d6986c04a8d49e832db4c"
"textures\butterfly.tga","65580","0deeb7a359e141027de45b5af644b13c3f7957904e268a732c48d8ce612ad9e7"
"textures\cavalry c cataphract bronze.tga","262188","19259b224511cc872a4b51baa1d8ce179091a67b190b479350c179402d7c4af8"
"textures\cavalry c cataphract copper.tga","262188","5b7e262f6ea47b3494d32c93823a15fe23eb16fd0ac3b3521c8d76ab67e017d5"
"textures\cavalry c cataphract head bronze.tga","65580","02c192d741ce24336e90da93616734974d4c1af4afce95115e75b6e516f68b7d"
"textures\cavalry c cataphract head copper.tga","65580","61054898f02d057b73f6cd6da60b15ff4b7cdca5b68fc62d31493c0653952e94"
"textures\cavalry c cataphract head iron.tga","65580","d43dc7244468f3e3f04f4c61436c19de849b9fdb998ebdcd41315b84f3d63e93"
"textures\cavalry c cataphract head standard.tga","65580","c14f4a7ac893695bc9d43b0244ee73f39493eabff44dfbd82a2ac9569750d6e0"
"textures\cavalry c cataphract horse bronze.tga","1048620","3fad49fca30ff21574cc82c8d778b4fae44a9a45ce5f3d9eb2cbe0e5300ec6dc"
"textures\cavalry c cataphract horse copper.tga","1048620","50e437f61ca8d81eb43d46d76bbd0c520d0050f49839eb7c1fddf665745757d4"
"textures\cavalry c cataphract horse iron.tga","1048620","8a81ab2d432342382acca56d04a51c1e80096e70658cb679d3ed3fdce7e1eb14"
"textures\cavalry c cataphract horse standard.tga","1048620","0d3aaf5431ef9eca840c52dca0b39c4f3681e15c929525e9084ea362be47861a"
"textures\cavalry c cataphract icon.tga","262188","85c314429a02bfd5bd8837409b5bd98b40fb8c9d8c256325723172d2adf1a6ce"
"textures\cavalry c cataphract iron.tga","262188","29300088555e197bc0943ec8f6bd5a6b635544faab1e20f15d2a8c72a1622adc"
"textures\cavalry c cataphract standard.tga","262188","299a55dc4b0e6a73be3cf53eacd2ebf49f120d24634d35a695c189d842d12789"
"textures\cavalry c chariot bronze.tga","1048620","7af2834ebb6b060c6f49fa12e04a10d5757949fbe1581432798b2a018bb8e9e0"
"textures\cavalry c chariot copper.tga","1048620","8063a17c78737601fdad77550736ab0113b1ec224c48e3566b4d3f5c05703e49"
"textures\cavalry c chariot horse bronze.tga","4194348","3c268e1ee0689f9c01201eec32e86faee04386a2ec70969b69fb71f2ce49fdb3"
"textures\cavalry c chariot horse iron.tga","4194348","30cf5749a95503ad7188661a36b394cfaeb37b554869ec2ac2f9de790bd3a251"
"textures\cavalry c chariot horse standard.tga","1048620","12300e78921c04adcee4548ab5873aa05fcd4a57e7bc26a119a6e89797f5cd20"
"textures\cavalry c chariot iron.tga","1048620","81dd7ec9b52a3a3b044b36bcfc3eccf52beeabc7178b576e08ca26521272c3fc"
"textures\cavalry c chariot standard.tga","1048620","5d697daed74b7f2c38b075f92efd137c6af885af30617c03d28ede8660b18aa6"
"textures\cavalry c charioteer bronze.tga","4194348","9d454a3e5383d0fca9c5b82b9abb3dab51cea7d60b5b5aeb0cbd2063fa3e0768"
"textures\cavalry c charioteer iron.tga","4194348","40ad9f7a3ff99dc3897a11617f2c70eae037eab3296363907cb7d11d5626c0b0"
"textures\cavalry c charioteer standard.tga","4194348","dfdb7796ed2983a3bd2d147da663639aeb207ea9f17052840f8f559e1d60cd53"
"textures\cavalry c scout bronze.tga","262188","658a2312a2206100c8323b3720b4cf3f62d9d2cdf491ebc52d905830ca151bf3"
"textures\cavalry c scout copper.tga","262188","8cb7e791c133e99bff15adb66865ca2cd8302cf30ad4680affcffff15c0dcec0"
"textures\cavalry c scout head bronze.tga","65580","e2adbb6d282f5e129163224c75012374019e7e129502d6d646c6a1498c7563c7"
"textures\cavalry c scout head copper.tga","65580","577aca4780fa1a10ca76460837334d401c765a039cf45b002dec670e735e911f"
"textures\cavalry c scout head iron.tga","65580","eb838d246bb9d346b3668f8824c765f8f796689238c12021d09884ef6fe3b169"
"textures\cavalry c scout head standard.tga","65580","1bebbb492a04165c7597d1fac4da7e0b31a94ce979d09196718dfae23e4e3f04"
"textures\cavalry c scout horse bronze.tga","1048620","6b61bdf208b2ccba57225151dde323d72ed13611aae36d0af474134daa43f423"
"textures\cavalry c scout horse copper.tga","1048620","269c52e5ec54a252d2e48c58d2525bb326830a0d938d000cf0ba3f4654db299d"
"textures\cavalry c scout horse iron.tga","1048620","76edb5e5f54909e4243e4c191e47b879ef99c2c280578361f4aa5406dab63140"
"textures\cavalry c scout horse standard.tga","1048620","5197f58567371915bea3deea4716b06160f7c8c8a91f8624d4a4a74838fb8e92"
"textures\cavalry c scout icon.tga","262188","e14d3ab7fb62486451d7499c91fed2135a3a7328202480c8105f2d1db1340e7e"
"textures\cavalry c scout iron.tga","262188","494b79f80d43f885d6daae0eb9bd05ad59d61652fe1d593bf6f01d5251d73f10"
"textures\cavalry c scout standard.tga","262188","aaa9c62975fefc0e6f845a9def8893a058f196ee6c415656dcc97d50fd1894a1"
"textures\cavalry c war chariot icon.tga","262188","7f6f22d91c012da0e017f7acdea9e64eccd0b79ccd7149f097e8cc91428d40e7"
"textures\cavalry e camelry bronze.tga","262188","0db552e7faf369cb2d262a97599958121a72f5b66f906c71f73441237278c310"
"textures\cavalry e camelry camel bronze.tga","1048620","a75af94dfcf6bec51b718463aeff8b3d36b74ba05af417944eac6defb6ef4bdb"
"textures\cavalry e camelry camel copper.tga","1048620","36d90be43f54bd3ebf00425023a79753afff880f12bf6be03e0a862ed0fcc491"
"textures\cavalry e camelry camel iron.tga","1048620","dd5dc2ecbfc3e756e3d201afad2656a339e07c42bffe21699a848b3b0d65f0b8"
"textures\cavalry e camelry camel map.tga","262188","5bb80c0d8b318433d2cd11a6a702c0d3c9414de2ef589c5463500c6a818c2a83"
"textures\cavalry e camelry camel standard.tga","1048620","7572b48ccd43614278d845062359e7edb208837f028c83939eb90e4aec442b8f"
"textures\cavalry e camelry copper.tga","262188","95ffad980669fa5740e84a47c2b9d15bfd6a0db4efb18b4dd02f3835a445f930"
"textures\cavalry e camelry corpse bodya.tga","262188","7dd890e579f4406ab623619ee4515ca8e564add12d279607994a344760fc4d9a"
"textures\cavalry e camelry head bronze.tga","65580","a5d28aed0afc78249f9463b0aa52f72cc262eacea6d4e68e0c71c9215c3d6f91"
"textures\cavalry e camelry head copper.tga","65580","35bd855e024bdb7c3823ca3c50e367168c99a8a24b9b40f508526fd6722d1af7"
"textures\cavalry e camelry head iron.tga","65580","9c841120e9fe6e28fcf40ce85ff98676642d76c3566703194ac69c8e0a9be84d"
"textures\cavalry e camelry head standard.tga","65580","a57bc20205b9ecd1a8f241d20770db4d9c9e2e49037a9cc59f771bff4012a3f4"
"textures\cavalry e camelry iron.tga","262188","b50bf91435944883d78201ae07a90681b5893f6f18263bc6cff297228766dc4e"
"textures\cavalry e camelry map.tga","262188","4efaae0465aec6393718b08fe27e23eeb4392b1200df9971ba7743e3fb6638e6"
"textures\cavalry e camelry skeletona.tga","262188","c342e83a0a9d77f753a3190304c71b1345f334753cee847a28c934b81eaeaec2"
"textures\cavalry e camelry standard.tga","262188","5ae2df78d04e93a8ff9c3a51120594abbc8e5cbe11dfc0c1dea874e168cac79e"
"textures\cavalry e chariot archer bronze.tga","4194348","daf3aedad1c4ec7e481ad443e5cfb6fbaa8fd8ad3935a08b166489bf8abf7004"
"textures\cavalry e chariot archer copper.tga","4194348","6a7523b683f68c8e5f4b2262505992bb57a38845fc77f32cb02efeb4e17e55dd"
"textures\cavalry e chariot archer corpse bodya.tga","524332","17fdb94b9490f26f0b0e09db3e146187714dc3c9d6a356688f311671c70e519d"
"textures\cavalry e chariot archer iron.tga","4194348","0cc7cbac9131bc16cf4508d341de562316a0f2931d69e29450b5fb4c2e2ed1f2"
"textures\cavalry e chariot archer skeletona.tga","524332","9a02f77a148f4fa7047790408eefdf7250bf3da733bb7bad02b92c01e8f77ca0"
"textures\cavalry e chariot chariot map.tga","1048620","2b7bac8a8add18de13988dbe90de3e90496bcc5037677c773712ff7b0cc13fae"
"textures\cavalry e chariot horse map.tga","1048620","9e1d044f6678b116711aad08258d0f4e9f71b524c8b636a214d6e1080f7c3700"
"textures\cavalry e chariot map.tga","262188","4bd9efcbebf5f89b663029d4caa2b8fedd19fcb7799807757dac3e442faafe28"
"textures\cavalry e mercenary corpse bodya.tga","262188","c6fdc987ab7ccc0b4a521b6bf50cdbbd68e5cea48abdfb80c386e6cfca6ad346"
"textures\cavalry e mercenary horse iron.tga","1048620","73f06a037a40a95b80c764d5de942b527c90b685d86a76cc56de54975bdd31a7"
"textures\cavalry e mercenary horse standard.tga","1048620","dad1eef4f84b7d706bd4eb355f81d27d894ef6b1597797dc19f41f95ae203128"
"textures\cavalry e mercenary skeletona.tga","262188","9f78170fd008cf03368c953010d2733beb72c4afba6d894457d172198a81bc79"
"textures\cavalry e war elephant basket bronze.tga","262188","97ee7dc71931499fb5466d7b7ce7839402b648b00c72db4e57c7096411b80b85"
"textures\cavalry e war elephant basket copper.tga","262188","b2840cf93173218c02247f3290ad0d7eda25cc865c1aa9b762707e84c6c76ecc"
"textures\cavalry e war elephant basket iron.tga","262188","0b26657f61d3c8bd353137619854239aa83eb2d43e3c097a344449ec3da026e5"
"textures\cavalry e war elephant basket standard.tga","262188","83caa5b31dc67263cf6765553b8d76d293b6f4c16848b391a09c60c4a6ec7a16"
"textures\cavalry e war elephant bronze.tga","2097196","8adab0a6c9ddc3c6d5b687978262737aeaa4ab09fb88af7e7bf8097b11d2d94e"
"textures\cavalry e war elephant copper.tga","2097196","e17b1f32cec42d2e98189391fa7c14dbcf5af13ec776ddcb180c56374f52446e"
"textures\cavalry e war elephant corpse bodya.tga","1048620","12c1997e58acf9d5fcd9e32cf3e4669c60a14371b9ed1c131f7957b8f11c8c78"
"textures\cavalry e war elephant head bronze.tga","65580","e3c2f5c76431c47cce602705016f87ff54186967a0c12472a4ee9eb55344f0ca"
"textures\cavalry e war elephant head copper.tga","65580","a7326bb4161a49dafb4cac9ed4d6f1eefae7a9498d2ff35720e52a5091f505d4"
"textures\cavalry e war elephant head iron.tga","65580","45bbb2d7eaacd3976f2f895cb56d285f99576a5b61790e50b84eedfae6def288"
"textures\cavalry e war elephant head standard.tga","65580","ecb987f2368864d5709b9747b7e05923981cf02e69cb64bfa7669e48f6e585f1"
"textures\cavalry e war elephant iron.tga","2097196","240f185e8ffd30509066149f9de3e7c0e6461801e2603d599ffc0f0bfc514f2f"
"textures\cavalry e war elephant rider bronze.tga","262188","b618a7e3ac7ed1fbf015f9a327d1285ad414c66bc6d77631d560acf5e499fe9a"
"textures\cavalry e war elephant rider copper.tga","262188","e0c91f1f93d4a8871e0973813d67ba4d7e91e33f95c5a69390426960855bbf6f"
"textures\cavalry e war elephant rider iron.tga","262188","33037e880e4fc448a380bf67ebbda03b6c1013f4e1c7bd978b27d342c610b975"
"textures\cavalry e war elephant rider standard.tga","262188","06041f7a8dec88fef2ca2c67376a646bbd592ac681f0b8cb8d151e0aee76aac6"
"textures\cavalry e war elephant skeletona.tga","1048620","b575c699c686d64372327fa447d51cb90c81f5bc5fd4188c2a7c84cc1901b4e8"
"textures\cavalry e war elephant tusks bronze.tga","65580","1dae06e8956d310282748193133a18c7f1dadff58e7c95f6f2d5281ca97b32b3"
"textures\cavalry e war elephant tusks copper.tga","65580","531d804fb84c73905cf2c6a0ae384f3a795406ef9f3f9c1223323ab7b7e9937c"
"textures\cavalry e war elephant tusks iron.tga","65580","818010ec1486654e72cbb98f2555e1d965457cd7a9017250854c2056f9f939b9"
"textures\cavalry e war elephant tusks standard.tga","65580","af4ea9a4f87e0043c5814a592c3a69ea30e2444e2c72f3b87f502156fbf081f9"
"textures\cavalry g cataphract corpse bodya.tga","262188","6b9ef288122be501962bcbdb8df3fb088e8264aa66d1c0e27e9ab8df9794a29f"
"textures\cavalry g cataphract head iron.tga","65580","871b19983420f5f077cc555109455f3740cdf1fab4a048c1a42532aa53547369"
"textures\cavalry g cataphract horse iron.tga","1048620","db400641b127687e42b1b58d16b05e0383cd63986a7a2de83e2d5efa15e9418b"
"textures\cavalry g cataphract iron.tga","262188","1b4da018f0dba15338b5ec8691f0bcb71324385bba599f84c7b06a07c3a4022b"
"textures\cavalry g cataphract skeletona.tga","262188","0c2fbc59f0b88d296162d497147e186d40f5210deb1b5c25ba5756f9fd7b56b9"
"textures\cavalry g hetairoi bronze.tga","262188","48d4bad639aff52805eb1ac6480b61a017c743487c392208f6b992c0289045d3"
"textures\cavalry g hetairoi cape.tga","65580","6476b27e81156c733d8fd6000ecf91d88ffc5371435a48595369d18182fc318d"
"textures\cavalry g hetairoi copper.tga","262188","48d4bad639aff52805eb1ac6480b61a017c743487c392208f6b992c0289045d3"
"textures\cavalry g hetairoi corpse bodya.tga","262188","3094dfe3144d29710e84ab66e181d122211ec6426438d15c7622ece3e5688675"
"textures\cavalry g hetairoi head iron.tga","65580","6d0a506cec592cf445c468d24acc6f6cb21db87f4db83a9b34b5dd970d606de7"
"textures\cavalry g hetairoi horse iron.tga","1048620","2f40819da23ada41b1f89aa4c36033882fa5517271fc3ab700b0a8a2a8a61ad3"
"textures\cavalry g hetairoi iron.tga","262188","a8b2ffc69991e7ba3cc82686b193bca73465b39d975cdf8c4b18d14390dc4070"
"textures\cavalry g hetairoi skeletona.tga","262188","d840fec65ed25f962bd8ebfc70e0ded237342c0590abf995a370f97b6f5699b3"
"textures\cavalry g hippikon bronze.tga","262188","a2dbed9b993c776d42bc760ee45b22983c92581f5d0917dfec40155c82c278a8"
"textures\cavalry g hippikon cape.tga","65580","8b07db094180d54cf6e9c121a035d19a3487f84c64c6aa08377ddd18f74d8e6c"
"textures\cavalry g hippikon copper.tga","262188","64ca7eeae905e6331c4713862289794eb0f286ec25f2931052f54fd487d68a96"
"textures\cavalry g hippikon corpse bodya.tga","262188","1c0a68b3179d117c1c40b3a8f04bdd9379537c41d4beba97e8641dd7ae7c0e61"
"textures\cavalry g hippikon head bronze.tga","65580","36963521cd80babd2269e626a2b83df82eed5531cdefc050412013386ed94de1"
"textures\cavalry g hippikon head copper.tga","65580","3da8479e2e3662c49703013bdf73a40745b03d68503da84776473f4f3645d150"
"textures\cavalry g hippikon head iron.tga","65580","e475a0b85194522e16d67bfe09dfee90bde2530479ade4d4552ae2ea69280616"
"textures\cavalry g hippikon head standard.tga","65580","1589933ac2b43650cf4befb41d3e46b1feeb6410d5dda1c2e9bccb2220d5bff2"
"textures\cavalry g hippikon horse bronze.tga","1048620","03f0f44b35238563eef3431645d19d39b41e32e48d83a270ae69fd89fee549cc"
"textures\cavalry g hippikon horse copper.tga","1048620","a57911223c0bbefdfd31d533283e714495c3403eb309adf53d4b229aa55ec7d2"
"textures\cavalry g hippikon horse iron.tga","1048620","0a9e483d4a98b162bbf55470d60998fdf169498a17bbf1fe597bc14ba4cd8eef"
"textures\cavalry g hippikon horse standard.tga","1048620","1d58b1d441c91a2f05262c07dd94c16651c3c3257b3c481e53b492d44236002d"
"textures\cavalry g hippikon iron.tga","262188","b2716f87cabee6a5e6665774e5b53c80c098005a95abc41f244d0f2afcd60439"
"textures\cavalry g hippikon skeletona.tga","262188","f9afcb01cdb5771ddee91aa55de5478074b4ab056e1c57748c9fc683e3cae5fe"
"textures\cavalry g hippikon standard.tga","262188","baf28cef13beadee00ba368fcfae316500d9ba0471d7766ea475adbae7564b19"
"textures\cavalry g light cavalry spear map.tga","65580","06d0ab641a9714cad04fdc1bf476d90709255678ed7360381a983cabe38d27b0"
"textures\cavalry g prodromos bronze.tga","262188","7e191431bf20883e89ec92787f587bd098d1771f4f3873d6ae2d1585aef2f0f6"
"textures\cavalry g prodromos copper.tga","262188","50c704acf59874a796868da60d8c019206a7d3d49d678e460d7613732ae65c50"
"textures\cavalry g prodromos corpse bodya.tga","262188","0857a97c872084c855b43c46035da33b7bad4787f02823d9235de92994ab06cc"
"textures\cavalry g prodromos head bronze.tga","131116","90f080afabf596dd745d02864d98b73279612cfb06c371f0b23ae1454075d74f"
"textures\cavalry g prodromos head copper.tga","131116","ef95f7180c2f3f8f2b9c0437e036d04711d09454c3177291cebd4e9948fe9df3"
"textures\cavalry g prodromos head iron.tga","131116","ee27c005be1dc99105e99c7775a202ef1f2a8c88b5ca75f790f11e3804175711"
"textures\cavalry g prodromos head standard.tga","65580","087c40516572d756e63ef9f5551df7a6416caadd4c6f4af08249574553b16190"
"textures\cavalry g prodromos horse bronze.tga","1048620","4e283ed3008e16559e3978a575f780af135142c6d758e8e80ba481b0c1da37e4"
"textures\cavalry g prodromos horse copper.tga","1048620","d2547b3427c8e164747be526f807f74e93f225717ed99ecacc0fe4737a028cee"
"textures\cavalry g prodromos horse iron.tga","1048620","683241c4479abd50d4fd44467c4588fdd182a89ec9248340f23f71c38a2dc038"
"textures\cavalry g prodromos horse standard.tga","1048620","ea4141995b31f28337dba70a2969062b52d8b912b97a4103ec87dfb36ee66daf"
"textures\cavalry g prodromos iron.tga","262188","5e8f7943809623505ad24c05c30bd263094222928a12d4be52585c68313863f0"
"textures\cavalry g prodromos skeletona.tga","262188","ee57388308df5720f2e3696636fe47ba41176a825d59194c3a9f41b6944235b7"
"textures\cavalry g prodromos standard.tga","262188","a20c3bcfffa34d713ff667b7a97c14ff379c62545d7ef75b80542bd45f71f5e9"
"textures\cavalry g scout corpse bodya.tga","262188","6d403a6418323610c55db5fee9ddd1a849b582283f6bc0515e79b4b688d2f772"
"textures\cavalry g scout horse.tga","1048620","b902920567eb80cb1d89307abc3dbcca29019620bdf915765be39e751099fea3"
"textures\cavalry g scout skeletona.tga","262188","4b2c58d27405076868c36c0ff3241e699cb682dc8e0d011ea609e8da21365402"
"textures\cavalry n jarl bronze.tga","262188","828cc937f6be1041076e2b08ab4544af013100f2c350ecdbcdd871630c23ef1a"
"textures\cavalry n jarl cape.tga","65580","ee0b903841eda27a9b7aaf47108fc5e7eb66d78f4f1f8b150b06392b4ec4ac46"
"textures\cavalry n jarl copper.tga","262188","a22e1f6195c7591b6748f070fa2786772340db13705c4bbb55fd1ae4136b80bd"
"textures\cavalry n jarl corpse bodya.tga","262188","fde6168416aa768a5ab0cb834feb3f6393c2d2b68ef7ea0599cf79caa30006c8"
"textures\cavalry n jarl head bronze.tga","65580","41525a120878712bcc96f49e0b3dda47f495c572f6433d1a8375696946be6196"
"textures\cavalry n jarl head copper.tga","65580","6284843638e5061b901d0437202f7850a241e0087e87f2c66c20d2c8d4c1f1f2"
"textures\cavalry n jarl head iron.tga","65580","eb88d9393a1df9b1d6e2ae3c8af06cf23147fa3c28b9a0ef0b98673643d12f36"
"textures\cavalry n jarl head standard.tga","65580","f2f88ebcdad601a367a3cbcd73a50aad630c0840fe019322720e85b70860dfd9"
"textures\cavalry n jarl horse bronze.tga","1048620","c35a1dbfa1e3f0fc4c8d553e595aca59c0628fbf28f87c8c8213c487c624b9cb"
"textures\cavalry n jarl horse copper.tga","1048620","2444c1d23571347760e4c4c599f7de4a3a721679f24b7b10575b2e87ecc39047"
"textures\cavalry n jarl horse iron.tga","1048620","3aca05eb96d1724ac122c04f815160038eb5300f563ec8d4d0b113048382b302"
"textures\cavalry n jarl horse standard.tga","1048620","3d93298158530b132c9ffee3fe9ffdb5d7172ef04c493542fc98bf1f519193b4"
"textures\cavalry n jarl iron.tga","262188","1241ca92569e0bcf7964e05aaf4d55f96ec2c8e0bf67f3166556696c263446dd"
"textures\cavalry n jarl skeletona.tga","262188","3b5071f8d540795c6f9eef81abce4a83a6c178699ab8a6bf9ccf31aeb40777b6"
"textures\cavalry n jarl standard.tga","262188","e4723713a0b061307a9d756175bdb741c5890db50bdc9a12877af93b4857bb3d"
"textures\cavalry n raiding cavalry bronze.tga","262188","b200a1591dd2824e686625c4ecd70751cd4212040413a0a5fc29551e77bcedd9"
"textures\cavalry n raiding cavalry copper.tga","262188","71e14f1ebb494c8e8c45273749aff3a929ff749eb2e82b11b95f35f5080b8b4a"
"textures\cavalry n raiding cavalry corpse bodya.tga","262188","171ab8138def87f50fdfdb23f8b4649f8d5ef78f6ccdca840ac7468e252dd89f"
"textures\cavalry n raiding cavalry head bronze.tga","65580","d0338ea46408909a7ddb11e652aafeab16a10b5f144d9b3f67695d18de9d3718"
"textures\cavalry n raiding cavalry head copper.tga","65580","fb7345d7485fc75c6b0d9fff70959082159bd953eff02a4904c27d18c5d9c1b0"
"textures\cavalry n raiding cavalry head iron.tga","65580","3df8ba48c6b30fd57d028f8662940662a8061a2f0710ca76938b619bb0f623dc"
"textures\cavalry n raiding cavalry head standard.tga","65580","7e0963badef3c46462038c12e673de6e3211d9796d5cb7c60a8fad5341226b97"
"textures\cavalry n raiding cavalry horse bronze.tga","1048620","1f14aecb8b97bbdb07deba90c15a933e9f5788c4165436cdf7456476e5029c1b"
"textures\cavalry n raiding cavalry horse copper.tga","1048620","75afb12db3b8b6e00982dcb1966570a12fca4efffbedd2b33a04b3779b7cd4fb"
"textures\cavalry n raiding cavalry horse iron.tga","1048620","f5859069d079ae38b6e6339f045e671ca3988406b927ae46b10c231adca3f7e4"
"textures\cavalry n raiding cavalry horse standard.tga","1048620","9f04d5541578ad8964d951cfd4f7be9a5db5f413a24174995547016d196e90bb"
"textures\cavalry n raiding cavalry iron.tga","262188","278bcc32c668b66ddbaf965deee50e4a3b2d84a5e25b2bd0c5079f4152b09a4c"
"textures\cavalry n raiding cavalry skeletona.tga","262188","978355a07578178826528e41b77a672a48ae4689588c4a56a3ba3b3bae4668a1"
"textures\cavalry n raiding cavalry standard.tga","262188","f5516c3f51aab4ac5db3761e659255778a59893174fe498f2c30123d2560498b"
"textures\cavalry x javelin bronze.tga","262188","65c78207b7aaf40f3b7873f6c0aaf9a54004f8d63892768180b7029184374040"
"textures\cavalry x javelin copper.tga","262188","556172eac5ff8f02300efda1e335e6e1ac0c0bcfada16c858d7d73fb13ffc57a"
"textures\cavalry x javelin corpse bodya.tga","262188","5d6996918d608427051c1bc6d3eeb574e5993e869f848c6a9ed2441a8660fa26"
"textures\cavalry x javelin corpse skeletona.tga","262188","af7c041f0282971987dffd5e7296a9a62bc8f37ef2c3283b93127f9e2b78863e"
"textures\cavalry x javelin hero.tga","262188","e28c02d5bad1680c3360745d5e32f63ea5ae04539f686b0ba16e77903a0a7d80"
"textures\cavalry x javelin horse bronze.tga","1048620","03e112abb7da3fc2c4e2061889aa967053539e246339ec77c98cd90ad068e73f"
"textures\cavalry x javelin horse copper.tga","1048620","138c68417182f315b31dd2f2423aa781c843c11985d24cabeba770d953039ed6"
"textures\cavalry x javelin horse hero.tga","1048620","4fe94cfe4366c6c336435fa235d9b048fb210ff9fa30901c6cf66829af058d06"
"textures\cavalry x javelin horse iron.tga","1048620","fa25dcb89e03f311c686adc2eb1d3b842570b028091bc7b76af53cb4c4f96898"
"textures\cavalry x javelin horse standard.tga","1048620","ca6e719dca0ff47c185ebfd23d65fa37e99bf2408edc3e5626c48bf9d6c58c98"
"textures\cavalry x javelin iron.tga","262188","db778ac3c9cfebc1ffadbed100173bb0aefbb1e6bd2fc2a174bbf3fbd3ecb439"
"textures\cavalry x javelin standard.tga","262188","409344de4ebc1efec989ab56bf8c2e9218b758b291f6c8b9cbe7a1663c819a52"
"textures\cavalry x lancer bronze.tga","262188","19efa03e95d73b18a721bc21d469499150e69993471ca3605649b06a0ca7a38c"
"textures\cavalry x lancer cape iron.tga","131116","0211033f8dfac78ceacc78055735346844795e5cadbe0c291f17be323fd382bc"
"textures\cavalry x lancer copper.tga","262188","4ae1dd5dc48c609176c14bfa68186bf0f38518f7f6c2671584e1fbc5a5d08fa6"
"textures\cavalry x lancer corpse bodya.tga","262188","1e30c3aab4f90e22f839cce8e65e89d9cfea2b638761a181c12e61a59099dbe3"
"textures\cavalry x lancer corpse skeletona.tga","262188","3b7905e2974cbcf10d85975150eece2f2fc8da2fbf5c5180f92dec63d36a117a"
"textures\cavalry x lancer hero.tga","262188","c90509c024a0ceac22b838f2157c208280e96358deeecce8d790c07084c98f51"
"textures\cavalry x lancer horse bronze.tga","1048620","74d0cc4e144713f75cfddcbd1f5e5644cd77c7489d1100e960c4ec95693e43d4"
"textures\cavalry x lancer horse copper.tga","1048620","1abdacb09f2c108a8be2519fc9f5e80c76ac2eec1a55c8c8838a7f6616827827"
"textures\cavalry x lancer horse hero.tga","1048620","8dd7c09ac092a5172322a76695da827d097122e13816f3492a8ffe36f9a036f7"
"textures\cavalry x lancer horse iron.tga","1048620","a49fdf79fdc02b8d75ae1e86d751214d8b75161f9c3834e8cf43b27b0d25310b"
"textures\cavalry x lancer horse standard.tga","1048620","e9bebf933a653741ba760906810d33e6457ce9c0ab9fbacf9da0a775343e6721"
"textures\cavalry x lancer iron.tga","262188","b39bbafa5f7a9614cdc5a778dda8d34912ee08059f709d343ace129457df04c9"
"textures\cavalry x lancer standard.tga","262188","0796dcf4374d9860a1d79651026c271a7ae53e3b77a36c609fc474dfc85e0436"
"textures\chat.tga","16428","2e7e894fac8f6cd1bc29308932c9e7fb7217f1707fc969c3fd9c216bcd2f5960"
"textures\chatlogo.tga","16428","46970ee47797d345bf6aebb6e2ff3035ab793d2871a1c9da01dfe86c15b7ef7f"
"textures\cin villager x female_dead shadow.tga","262188","1e5b826b5269eddb82797568718227eb962a2ec02a698d042ced8d780f22ce97"
"textures\cin villager x male_dead shadow.tga","262188","dbb5017a9f5c060eb519fa5b04ff0ff9da1ccf2afe386fac876a67388b7a8741"
"textures\cine a arkantos god helmet map.tga","1048620","ad49c310270263948b401c1cfb35ee057cc78833b2f87f31a71f85004df5990f"
"textures\cine a arkantos god map.tga","4194348","e39bc28f1d0e32cf0d131907337ab1ce513c11e79197a885c57d0d31c2c9abf0"
"textures\cine a arkantos god shoulder map.tga","1048620","5b62dee724016ccde0c6a903a47140a8feec8dd65f871b2dd77d14ae657f82d6"
"textures\cine a arkantos helmet low.tga","262188","08799f8f4660bfe32d6f31330c97272768a6be58d4783fa3c506eb6365db1ced"
"textures\cine a arkantos helmet.tga","4194348","944ab94f5dc6fb40f0b5f91d002f6c83805a7be6f1ac75e9d5c0d4126ea47059"
"textures\cine a arkantos map.tga","4194348","87fd1bf2b3b469e043af658b67edad34a9b66639e935c9f74b3231d8930934c0"
"textures\cine a arkantos shoulder map.tga","1048620","4d6a7d8456dca9bbff169975ae4139e34ef101f4e30697eeeb3fedd5ff7f953d"
"textures\cine a arkantosman map.tga","4194348","a9f341398615cee9b0854c9a5437cc753ea39520684172cb133849b34b3e0710"
"textures\cine a arkantosman mapblue.tga","16777260","874648bf087faa14578c9b00f334379fa5638335f27dec57614940228c2c5083"
"textures\cine a arkantosman shoulder map.tga","1048620","7285e0decbd055d2073bd89aa98a97ee684b5c31e8e1ad143d653459dc6ad65f"
"textures\cine a brokk map.tga","4194348","e5e20791d031c7f11f9ba44bc93218c83f3cb1d00e32b72aab5d354d02e13362"
"textures\cine a eitri map.tga","4194348","88334568b754ae567ea0c58cc4903e1b53e581b313dc6d690501bfa0c6ea2a21"
"textures\cine a jarl helmet map.tga","1048620","26fb2fa33fde4c74b02fc56b3ab6b9982980b0f3b697dc7dbd561673de095d28"
"textures\cine a jarl horse map.tga","4194348","5dde72ec279395ca268bfe9ddbfaceb7f3d6500af820d794edc4b92177fc1b7b"
"textures\cine a jarl map.tga","4194348","9500e119d37b4ae6f79ba3e71e88d57344ad884e80f5f19bd0e0b4c598bc5f99"
"textures\cine a kemsyt head bag.tga","1048620","bcadc90e8628bb7d9061008fae045442b55cbe8f2e145cbd8ae90d8a960a07c3"
"textures\cine a kemsyt scimitar.tga","262188","1676c2b7517ffc198830cfec020b07030873b368f2d559c11227fb7a96bc949d"
"textures\cine a kemsyt.tga","4194348","35eb4bc0aaeb25f1faa6d5711850830484c186c80479709daec24898da104dcc"
"textures\cine a skult map.tga","4194348","4510bbc4041ef29c4fa14c6580eacc733ead38a3338e351ab5df3d83401f5a05"
"textures\cine axeman map.tga","1048620","55f1eaeaabe68f998c0ae749a8f5739076b167c3055bf3537be154c9026656c7"
"textures\cine bow map.tga","262188","e1c31b8e5ac9dbdb022385bf3e4ecb607adab117fbd56ce95f2b9fa9a49b43ff"
"textures\cine c danzhu.tga","4194348","1f38f4e11deb1ba1e28e9a9b3543aaa1b913e852fada2648ccbe1b91a9a888c7"
"textures\cine c emperor head.tga","4194348","608953c65dd882ac79214d410bc6cc5d135c1753402b7d1e21f152255f9ff766"
"textures\cine c emperor.tga","16777260","685fc9c58a8d51331d0a091aa774141574a795c7783533a65ae6e93b7537f377"
"textures\cine c jiaolong.tga","4194348","21ea9fa6db21afd52670f3aed16b9f4cd371a058159ead749981a4bc285c70e2"
"textures\cine c shun shoulder.tga","1048620","12bd6fff1de094c44e5dcbc20593e048762addd66e03ab30937306fe6f7808eb"
"textures\cine c shun spear.tga","2097196","18ae6b90d05bbbb6d8fa3c255be458a8936614d75276f999e03a3c4aea25c7ea"
"textures\cine c shun.tga","16777260","1fced469a7a99c52b7ffd6e355cf8a7d9559d12356f38288c96bfa61c39c076b"
"textures\cine c zhi.tga","4194348","31e9d81312857800fe647554a7818322b70ab1cd52b4312b94926ed77cc953bf"
"textures\cine e axeman axe.tga","1048620","9eebdc1b812621fd5159ce8d1a5547f2d45f88dfeff3687c52c9c1b5dfc403f1"
"textures\cine e axeman groin.tga","524332","66142f8537e48a4c6672d267b6bdeb284b4def604eba90cc4f1ac00c775e9bc2"
"textures\cine e axeman shield.tga","1048620","29e555ff9dffb4c6fe4f8cb28334907d60427b1b7ee3f5252482d43dca809946"
"textures\cine e axeman.tga","4194348","ab7c3516eeba68b2f4da8dd4b1f3b8beabdbc9d981cbd91f29d673d6fff5b48b"
"textures\cine e infantry hairmap.tga","65580","15adb540f7c3125df8621845702998d9cead33c396b187c6fd002f1b0d24898b"
"textures\cine e infantry map.tga","4194348","8f36713d612d22865d27a69f366e984c664bf9b16d130665ffa6d350a5bfa152"
"textures\cine e osiris map.tga","4194348","63b062f281c095e46cc3ac87f0917f70168f535e7b226f74c63601507d50673f"
"textures\cine e setna.tga","4194348","13ca49539024e49016e1f8da7813fd59bbfaffa701f7c95cd8f42b1adc5a7924"
"textures\cine g ajax lion head map.tga","2097196","17bad2cff78954eba80763814dbec0f63e3cf4ac50a0d652c9a01c24bab76dd6"
"textures\cine g ajax map.tga","4194348","37c2873b607a218d11431eeef2ac2909fff8f16768f8b717f82e34dfd13d18c6"
"textures\cine g ajax old lion head map.tga","524332","691eec44f8d67334c8b2ba3c814abff53a8c137cfdaa3b4676eceff797ba041a"
"textures\cine g ajax old map.tga","4194348","b61c58db6855dfaf1c5ad67909f684f9e131a70fc774a07ea278274a8f705bae"
"textures\cine g ajax old shield map.tga","1048620","ca3d7aa7abfdac5e0f66063fa4f6b5931cbfbaf853cf68fca8298109a5631414"
"textures\cine g ajax old spear map.tga","524332","668fad4470c2c29942a548ce4832fbe1a545b1684ee100f2e1ac3fe2fd7459b0"
"textures\cine g ajax shield map.tga","1048620","b22edecec071433d473ba7705c56732549e584882876fdbe4fb3233780b4c8ba"
"textures\cine g ajax.tga","4194348","ca97afa4dbd1469828c352c706e3422d96ffd1a522774453ee7ecdc208e60594"
"textures\cine g amanra map.tga","4194348","202a2ac188bae0c1511f897e9b948715f5fb40fd7780fb980e93cf79ac237970"
"textures\cine g amanra old map.tga","4194348","18bba6d025f0f509b6a19c2473b4ed16e95f1cff236cf5098f09ec0bb68530eb"
"textures\cine g amanra shield map.tga","1048620","1998e80ee219062e19c4ba8b94a92ba045f4170734819e613f42d192268ecf07"
"textures\cine g amanra shield old map.tga","1048620","9fb2f5c75dfb210897cba9d8ddc6d0ebe478799ddd9f827ca1937c08d7886fd0"
"textures\cine g amanra weapon map.tga","524332","a4831be4ab9af360eff27651ac3d1f14e9ebdd6395fc9fcda88c8e022c4261c3"
"textures\cine g amanra weapon old map.tga","524332","697a893c9128e51f3eaeecd5d1e71b8a36fc5b877be116e61b5edd2bfa724f2a"
"textures\cine g chiron map.tga","4194348","38526b30f338564972873dd952ead14a82501b67756fd0840103153823317b61"
"textures\cine g gargarensis map.tga","4194348","d0beac8e0beca7bfecd8dc0d58f8d16e9a68cc6ee04b4d92e8461723e6c2e914"
"textures\cine g hoplite shield cine.tga","524332","f8be9399b79a8420d67506be5a46e65eb6263df610b85b7e9d49e48544dc6bb3"
"textures\cine g hoplite shield.tga","524332","0ae02ad3cb0dabbbcb20ddde6e9ec9c78566c1553b1744eff62986438e4e1c26"
"textures\cine g hoplite spear.tga","131116","4d039f48df3001a20877aad89041806f0d3c3c4800fe7150147100d7fe1b362f"
"textures\cine g kastor map.tga","4194348","4dd31cde56d9144468730f33de762f2216dc92f5af91b97b76cd522b628839f3"
"textures\cine g odysseus map.tga","4194348","c630fa45745b2e3c9c7840270c14a5f05c966d212e208fde71f580c3716e488a"
"textures\cine g odysseus quiver map.tga","1048620","57725cc18f1fedc82d6621017331d96a6b59e05e98f0acaffeb7adc864bba225"
"textures\cine g old man map.tga","4194348","137bbb19dfa198136740c045a90be7d9f03755088daa1890f862919c50db23eb"
"textures\cine g poseidon pirate trident shadow.tga","65580","df9e82ebd4ce7fa738a2ac887e9d94b63b73a5ba7c1b913d9b57a9ae7e050233"
"textures\cine g poseidon stone.tga","4194348","33e581f24080d8827d50049e8e82f8e5d16bb7aa311d7719c5ea1a7a84b8e93e"
"textures\cine g poseidon trident.tga","262188","b24d9d8495bfa12fcacc8c87378c4243dcde8f0b476399ab1f3d22bc1104a072"
"textures\cine low e axe iron.tga","65580","639b7d78950dc8ea3a6f446633c8e7f852b1438ad9fd54d6cf2f125527c98f2b"
"textures\cine n hersir hammer.tga","262188","67c43d3a1efa3c045aa4c18a686c836021c29cc97b5177dbbe3aab7e091a2305"
"textures\cine n hersir.tga","4194348","b8ba53768c4cb21e9a56e8af017c78f72dbb1f81ff49b577b8c1ea1f24256947"
"textures\cine n huskarl cape.tga","1048620","671b855e5f7a347ff0d0d501553449f6455d2f533757162d86978436a9d2ee8b"
"textures\cine n huskarl.tga","4194348","0176eaee606913f8653a3db76e37edf5da0d1bf2630ae5c7e670063fe1e39911"
"textures\cine n reginleif map.tga","4194348","a0f5a1cd4b4a827ddcbe7f814ec31316e6b53c05ab358e32bef8c601c9fa3266"
"textures\cine n reginleif weapons map.tga","4194348","633aa4e97a6b299eefc3e92b823e5edd23d04152e19b52e91dd792d8a834d0db"
"textures\cine n ulfsark cape.tga","1048620","778663eb809981df99dc809629e796639924688f5a46764166d1f0f836f68d4c"
"textures\cine n ulfsark.tga","4194348","849242f81a247feab19402c7ffbb72d26402be07c7ebacf1a391a899991cc1c1"
"textures\cine quiver map.tga","1048620","98755d2ef76fc4769209a61b399a36b49bbf039981b6ef000340fdcc8fe5eae0"
"textures\cine spear map.tga","2097196","f97dd084405697ab3e47786724ea076620295e1f8686a74e800bb6d44b63732f"
"textures\cine x hp arcusmap.tga","4194348","8aca2715e9635e234f3ed74302f163b2d6a71e9d565c5be981835899c40766a4"
"textures\cine x hp arcusweaponsmap.tga","1048620","456723e687cf04c8d6363f783c64647c7dada0dd587c5aeac46215de90257cce"
"textures\cine x hp automatonmap.tga","4194348","85c971e5151ec3584c40162e31d33dbeaf3644f3ced9b175f5b79a909a1dfcdf"
"textures\cine x hp autoweaponsmap.tga","4194348","741ecfdc4668c75dc8f87208f34b16089a5f3e1977b11edea77aabc4b788f31b"
"textures\cine x hp fanaticmap.tga","4194348","a6c8f22bc5f869d6ac16823e831466dac12200067e8b9908850f1c3031a213f5"
"textures\cine x hp fanaticweaponsmap.tga","524332","83bedfe67e47c14427c31ba3d86723191d8a8812b0f8d153872b69697e31a6d4"
"textures\cine x hp melagiusmap.tga","4194348","7e3ce9fe66ad0a90d3c394ab54edbf69c04142d6759c1bb8c1917d136a9e1fda"
"textures\cine x kastor adult sword.tga","524332","fbe1cf9d696521e3a2f6d5ad1be3109aa5c422462fe9587d96ef3282819a3139"
"textures\cine x kastor adult.tga","4194348","3a098990934f76856472f121ea1f8942c7adcf90314f15fa6125d75bd5455f99"
"textures\cine x krios.tga","4194348","56ad7cd19276cafd5683da81cd07c46fce12e81efda6dda172c3bfc80a894ae5"
"textures\cine x kriosred.tga","4194348","1721bef580ad046054b30151ecb75fd56af61a1a1391c2a531e86ca06a6f73ce"
"textures\cine x mp melagius head.tga","16428","415094bb1bbce55d5d73701f71fb13a71b354dcf34326bb5ab3e314d5ca238b2"
"textures\cine x trident soldier cape.tga","2097196","2a617a2230e0ec874f976e2dacf33c0fd5f718867c79cf56326c673fd7ada673"
"textures\cine x trident soldier helmet.tga","1048620","8d824e81b96ecb2dd114e12523cfc54c76a54f6187c46f40f80aa51b5a3f4106"
"textures\cine x trident soldier shield.tga","4194348","4d50089b1a91a1c2edd0687dc95e94d307886d60f62cb3b3b3885f3b7a23bef1"
"textures\cine x trident soldier.tga","4194348","7e0eb892ca1cd7d40aa67bbb9a65df1fdc86fa06396abe31f13d4259a29b4cd2"
"textures\cinematic naval g trireme b.tga","1048620","89f98138d10843e28aa5a643fa781d4f3d397748ca224fa59e30e6918dd4aa4f"
"textures\cinematic naval g trireme.tga","4194348","567193067669ccaac411fc8eb3db1711bc0173dba54b03cff6ecf09775439c51"
"textures\circles.tga","262188","02758426144558a80a31419aa0e20a5b36ab6bc61b1f5d258cb3524236110d37"
"textures\closebutton.tga","16428","67cc2bb38d9a8f30b0da0513cafe1ee1fcf2cc39e6f82fb2653999837a6e94a7"
"textures\cloud.tga","16777260","9ca3fe16d81a7d9cc546f1598a9b98ad8a87d586b81682b10106d0fdd12268b5"
"textures\command attack move icon.tga","65580","2fd7d4b687377683e61fdb0a3f5bd5c75e38d4a1edcc7bb91fd515d34ed66b53"
"textures\command god no isis icon.tga","65580","b88e1c95aa2a44d9c617128ca0df35e76d865d96419bedec6aaf11213aa0e74e"
"textures\cursors\command board icon.tga","65580","15c30533a371cf8b3b8a20fd7060ce0b6de802ca4d54c9b26f26e95b1814cd12"
"textures\cursors\command cursor icon.tga","65580","49cb3e89c900e3b0db137fd27baf55caa219628e86228227c745c88216f89a3d"
"textures\cursors\command gather resource icon.tga","65580","49cb3e89c900e3b0db137fd27baf55caa219628e86228227c745c88216f89a3d"
"textures\cursors\command god no gaia icon.tga","65580","c28a7cced61d620e269e66914333b912f4c0083f2268bdf815b9f8a2e8da5f48"
"textures\cursors\command god no gaia mono icon.tga","65580","fc84e0ca864253b58ef55045f77bd74f97836db23595c0adc350a39e9a4dae7e"
"textures\cursors\command god no isis icon.tga","65580","ba8b91fc0cfdb10cafef266c0a6839c75665f72d086be6cc92e299f4e6bf1b08"
"textures\cursors\command god power icon.tga","65580","ea7025088160a50b76ab11d9a5b5ee65c06958d5ffc3a39bdeea33d59b816544"
"textures\cursors\command help icon.tga","65580","6bacd163683bf7f64efd8238b989e2346d118b18cd8e9851b6cfc388e01fb955"
"textures\cursors\command herdable gaia icon.tga","65580","d90751719e48966db34302458f4ba62d69baef8ad8ba3819c925b6fce6b5ac4e"
"textures\cursors\command no god power icon.tga","65580","dfb440e2c4358740f309f56d93ff899aaf2a4e34ce952af389f5c08d2fe9d75c"
"textures\cursors\command point icon.tga","65580","49cb3e89c900e3b0db137fd27baf55caa219628e86228227c745c88216f89a3d"
"textures\cursors\command resource drop off icon.tga","65580","d0ee662137aa5df136b3ded2a03e52f45813cc3020671c8990ad1a761b7e99ee"
"textures\cursors\command unboard icon.tga","65580","bb0f29b89944f3e04864b8c44440ae99eabf07f76139652c41530793fbdb653f"
"textures\cursors\cursor black.tga","4140","7cdfd76c0fb2b79c403b1c4eada2f5a5280a1947640be083e72d8dfe5283c612"
"textures\cursors\cursor.tga","16428","2dc24e78883b91e07203fdaa6c9d276ea91f672fed058970edf004794f6c1bc3"
"textures\cursors\cursor_ankh.tga","65580","b57cd7ae8bba78bc4d84760ed7e44911130fbaf02c9c61f3154bb09958732798"
"textures\cursors\cursor_attack.tga","65580","665a5722ddb8fa021a02d3c1c455a17f33f5de45c3d9921554a21e1627ca4a7c"
"textures\cursors\cursor_build.tga","65580","f81ed83a01f62e607e0f8f695f77221f93ba50eaedfae1fe6c979673b751fdf7"
"textures\cursors\cursor_can't build.tga","65580","0f04550ca28fd680cb3d6587fa73e6b060df76596aaf2aff1c0c352af8ea2c0c"
"textures\cursors\cursor_convert.tga","65580","49cb3e89c900e3b0db137fd27baf55caa219628e86228227c745c88216f89a3d"
"textures\cursors\cursor_dropfood.tga","65580","9be282739f1f6d50b82c4475d035fd8ba518591fbbf94d8fc872fa94fda77325"
"textures\cursors\cursor_dropgold.tga","65580","d0acd1c68bdcfb8ed4c1a438ce5915cf08241d7894b6a4e2106bb73e5a254270"
"textures\cursors\cursor_dropwood.tga","65580","0a65b123d2f0a6f2d3312c85cdb74a2f1839ad5fc30a1568cf9399d56e5fbee2"
"textures\cursors\cursor_empower.tga","65580","b57cd7ae8bba78bc4d84760ed7e44911130fbaf02c9c61f3154bb09958732798"
"textures\cursors\cursor_flare.tga","65580","7d10b34dc8989375c1cbcb19cd48b0bd33cc498291a63da2e0c5d84b9be4c78b"
"textures\cursors\cursor_garrison.tga","65580","15c30533a371cf8b3b8a20fd7060ce0b6de802ca4d54c9b26f26e95b1814cd12"
"textures\cursors\cursor_gather.tga","65580","d0ee662137aa5df136b3ded2a03e52f45813cc3020671c8990ad1a761b7e99ee"
"textures\cursors\cursor_gatherfavor.tga","65580","55218c7fa2fbd4eb7df7ab5199a9e57891c7ee982e9990f74d4d102dd3ac9e09"
"textures\cursors\cursor_gatherfood.tga","65580","fd4ca75b472a21d17f24f5498e8d404c5813d695a7b72d56a661e03d16a92aa6"
"textures\cursors\cursor_gathergold.tga","65580","43e0d35300973a2374b083c3280ccaad70dec3282c8d2e5fb6141ae00644186e"
"textures\cursors\cursor_gatherwood.tga","65580","ac1e82769d7e3da9e32f501bbf060cb335cc789324b5432b3878259222435034"
"textures\cursors\cursor_guard.tga","65580","5ddc6acc3929fcf4193de227b68b7ac8c7343d7b613c240c29cfcda2be82ded3"
"textures\cursors\cursor_help.tga","65580","49cb3e89c900e3b0db137fd27baf55caa219628e86228227c745c88216f89a3d"
"textures\cursors\cursor_load.tga","65580","15c30533a371cf8b3b8a20fd7060ce0b6de802ca4d54c9b26f26e95b1814cd12"
"textures\cursors\cursor_moveto.tga","65580","49cb3e89c900e3b0db137fd27baf55caa219628e86228227c745c88216f89a3d"
"textures\cursors\cursor_no.tga","65580","57b791f53d6bd4cd725635fda38e633c6f17f3b9a26dfde03ca2b48819cd728f"
"textures\cursors\cursor_patrol.tga","65580","a94f1c681250581c360f64eeef9b1fb8eca2f4e291ded4998b2f0c1f66120eb2"
"textures\cursors\cursor_pointer.tga","65580","49cb3e89c900e3b0db137fd27baf55caa219628e86228227c745c88216f89a3d"
"textures\cursors\cursor_pray.tga","65580","55218c7fa2fbd4eb7df7ab5199a9e57891c7ee982e9990f74d4d102dd3ac9e09"
"textures\cursors\cursor_repair.tga","65580","2abd46673a9545d118ac6b55dd24964956ccfae78d69d34a2ee86fe8c5be6fdd"
"textures\cursors\cursor_unload.tga","65580","bb0f29b89944f3e04864b8c44440ae99eabf07f76139652c41530793fbdb653f"
"textures\cursors\cursor_waiting.tga","65580","fb88a299c397e66224865c237add432232e087a3162e238e8d6f8d55ce54015e"
"textures\cursors\cursor_workon.tga","65580","2abd46673a9545d118ac6b55dd24964956ccfae78d69d34a2ee86fe8c5be6fdd"
"textures\cursors\scale_both cursor.tga","65580","555f45408f56256791bc6147aea2f7c40b253af8fff6eade4fb07857f82147c6"
"textures\cursors\scale_horiz cursor.tga","65580","974fd18330f51d2c7d10f857ac94513eaa674517691bd4d5ee9d4c4095dfa402"
"textures\cursors\scale_vert cursor.tga","65580","a19f9f194cdd20091dda32cf0f065ffefd86908f318279e99ded91c7803b8e0c"
"textures\curvedbow.tga","32812","0ea1a997e4799f1e76623cdc0e40ff6b8b20ea0ed71ea25c5425442ca0ed0769"
"textures\curvedbowquiver.tga","65580","eca6f43bba8e2be8a66d20c944414d456714835920337c272c4aae0090ed8d3b"
"textures\cyclops high.tga","4194348","8c588b50eae991a421baeae0dddb560111f1c488dd8b7aa32b518231f81922d9"
"textures\defaultskybox_bk.tga","4194348","e46957385ac7aa72ac609490b3834f66b9a180f2fd1c217bb13601ffad83c968"
"textures\defaultskybox_dn.tga","65580","3d441ebad055106f6c54d5d0247954649add8dbf9b9a7f822da5a53ecf85339b"
"textures\defaultskybox_fr.tga","4194348","43d467a3a89cbf8c142cf07af915b620cd1526f892f48c35d73e6db700541832"
"textures\defaultskybox_lf.tga","4194348","f7a3e8f7e815cdb7a709cc59d22b7a05a633047ac4b10070334a9cd3d209b313"
"textures\defaultskybox_rt.tga","4194348","7409149a877576ca3b65245eef635fe2fa6de91a97f045325908d59fe5f37148"
"textures\defaultskybox_up.tga","4194348","9198214e7cf3666971461912d88794a9568747d8bf9d8fd0b9763268e6413936"
"textures\defaultskyboxbk.tga","4194348","8a9c09380440c46ee8bfd1319af4d4a0d38c8a76bcaff0d6a031e389ddc285d0"
"textures\defaultskyboxdn.tga","4194348","e48f7c50743f8387aa8333261b27f9b7ecf7792ca67e92af349abe7d7ff26dcc"
"textures\defaultskyboxft.tga","4194348","70e81912ae061b52d1d1bd7955cb102e9c98e54ee3fd094a9c6b95ee12a57a99"
"textures\defaultskyboxlf.tga","4194348","94ad784bb1c682989c9539953a823455f5137a80baa136b3339d2eead4af3bde"
"textures\defaultskyboxrt.tga","4194348","80673a985dd1d09d7d9c30429880359db0b624fd0a7565269bc8183b7da5e940"
"textures\defaultskyboxup.tga","4194348","de175a9c0cd1eba3a960a92a4d938adb425cd4bf3b5993f7cd207a0096311483"
"textures\defaultsub.tga","16428","4fa7dad2a27046182b3c21c1c800baed6b571b4c789e9c6a0327abcc3cab86d4"
"textures\dgl_buttons.tga","1048620","e4e912a36dffb9447887270c94334858005e1dffa7bb91b9db97a4a848da9f59"
"textures\dialog.tga","1048620","70cabfe237e6d56edf473cd05de0141e64965e3d416fdb361f94b00c1ce719f6"
"textures\dialog_inset.tga","1048620","b0cc3f54b3b44208e207e178a73a25c4cf57b81e6a15c6406b0d7f8c48796fb1"
"textures\diplomacy.tga","16428","250c198d95f89e403aa3a30d565f5ae4a1dc13134f0c618ec935d2a6f108f34c"
"textures\dock icon 32x32.tga","65580","2de5d33f9bf6c75d9c2b51a89a0191ecf02b3e850986e9960109c385ecf80fe0"
"textures\earth.tga","4194348","acd4e82342d0ebb6de81988e58e2ed44185abf83997dc77bea51f4c95b6f2d77"
"textures\economic icon 32x32.tga","65580","ccbe1cc7f5bae8f8ef1b6608ab35784c1b7ae8f704b584deb2d0709f9ec25064"
"textures\erebusskybox_bk.tga","4194348","5c56a34cc710fc97c0c184c4f39aa2b0dd07f275a1c3f887db527537457f3e61"
"textures\erebusskybox_dn.tga","4194348","5c56a34cc710fc97c0c184c4f39aa2b0dd07f275a1c3f887db527537457f3e61"
"textures\erebusskybox_fr.tga","4194348","5c56a34cc710fc97c0c184c4f39aa2b0dd07f275a1c3f887db527537457f3e61"
"textures\erebusskybox_lf.tga","4194348","5c56a34cc710fc97c0c184c4f39aa2b0dd07f275a1c3f887db527537457f3e61"
"textures\erebusskybox_rt.tga","4194348","5c56a34cc710fc97c0c184c4f39aa2b0dd07f275a1c3f887db527537457f3e61"
"textures\erebusskybox_up.tga","4194348","5c56a34cc710fc97c0c184c4f39aa2b0dd07f275a1c3f887db527537457f3e61"
"textures\es_logo.tga","1048620","742248b9534ce52cd2fbd7effec5d4feb6793038f3f94a7071692f2414559060"
"textures\fog01.tga","262188","56b358a1b718224b9f44f4c0aea9ab8a57a88a5781ca40577a7cc82a8a00ea4b"
"textures\fog02.tga","1048620","aee80945e41ebe2a77d78cf356a09c339550982b829e767f5fdd76b7e5143fcf"
"textures\fog03.tga","262188","7c3f23fd8e4fe14de57a34e961957dd65de9fe9d6d97fb6e8890dc22573d7ed6"
"textures\fog04.tga","1048620","ac1921be408f48c3f10d38e46641c17b16eb10a03f5beadf935783a0f42f9612"
"textures\fog05.tga","262188","0c6316f03a88ce8419b8937e3ecd066b1bda0f8707e50e58f2ca41221797222d"
"textures\fog06.tga","262188","6270462eb97a3d79d6997dc700b59622e035390f71b134af5c6a0e92a7bf183c"
"textures\fog07.tga","1048620","e11e6c5da5ba21e7874b819e593394ab83deb9c4b6f7ee68650ef6a81735e537"
"textures\fog08.tga","1048620","e3b5bb854081e58df987b2e5ef75240affed1ec605c67877ef5155abab272f6d"
"textures\fogcircle.tga","16428","92de3dbab71966e83888429da85088e4cb33413868f56c28bff75afd5d13bb4e"
"textures\fogedgecorner.tga","16428","dda8de03b29edb002e5045cb1670ddec09146d1e560c6db83bb7d6ce96bd158d"
"textures\fogedgecorner4.tga","1068","6e59fd73c87ec949e0186e49ec9b0009803802b499667c1956e07d130f8574c4"
"textures\fogedgecorner8.tga","4140","1244a9c7326d2e38c247a63260b0bc8a2573b27dbe4a9ae761b248be97efad3b"
"textures\fogedgetwocorners.tga","16428","0430bd7014793fe813fdb9c7e59a2fb8cdd6d74b0eabe1739e3924fa68565186"
"textures\fogedgetwocorners4.tga","1068","10d261a769dbb4d0c3954c20a6dfb1ac3ea40758eac93d8732764ef8ff28dd3f"
"textures\fogedgetwocorners8.tga","4140","331b8758a22412002785c1c99e25ca145a5a187819dd20c00ad819e1c81433dc"
"textures\fogfourcorners.tga","16428","a3f088380376afcf62e096808b7df31f52344ade546921451ef3b3366ae76964"
"textures\fogfourcorners4.tga","1068","701c00fc0e77f26c259b93e6835c6b81684fc129f8c9b0f051a2f44912b4f622"
"textures\fogfourcorners8.tga","4140","067347a128261019164c0ba84d12d94c01237ab89ad3b9f6a373fc8d92d42d01"
"textures\foglshape.tga","16428","faf8d051cff26bb577a89e687880d375004c9a726565921ac8270a676d6d6e37"
"textures\foglshape4.tga","1068","2be4787a9a2b3cc496076d527c88812b5e245b14713ce88dcf6f930977720147"
"textures\foglshape8.tga","4140","fcf73450d39320c9123954b533b1daae20138d4e5d31de1e32ca67dd08367408"
"textures\foglshapecorner.tga","16428","3be13bd2196a41cf0ee970069b26bfb693c0050a0d6c955ae60aa59c1bfa0d6a"
"textures\foglshapecorner4.tga","1068","65a704296bacb18315cedf04ee701978d964b93bae009b584e73ec38292fb5f1"
"textures\foglshapecorner8.tga","4140","f10041b9b33d381823fa282bf98ebdc3fb2a73bf3d462ef56855ee77c9317d3c"
"textures\fogonecorner.tga","16428","d808f4f8b4af074f72be669311ba36df994e282b70fc69958f3e880315c2a9b5"
"textures\fogonecorner4.tga","1068","4ae903d5f94bbcab83587ab9ac9c4bca47883f8e0ad0379e2a75242c571e5d5f"
"textures\fogonecorner8.tga","4140","9126b086788f58fae9f1598ba30d6ed56eb02fdc7cc0817e05d7c208169a0be8"
"textures\fogoneedge.tga","16428","76cabc9610a283c5951b6e52815409569252f305ca1606c51aee469dbcad13a9"
"textures\fogoneedge4.tga","1068","ad755d0bcdd566d55c74c73dd91d6ebe494b22a5e8d69b624d029a035b5e5d4a"
"textures\fogoneedge8.tga","4140","85a65871e5dd92ff7972e7705c36e9a77eb49067baffc43f0bfccfeee5b61cc6"
"textures\fogthreecorners.tga","16428","8ab77b708f8f70df7c5e7629fa096395985aed511792e54c113717a2a81855f8"
"textures\fogthreecorners4.tga","1068","1dbb7f6150a1467de90c46553adf3e7792da521d5b2433cecc881d2e488f02ca"
"textures\fogthreecorners8.tga","4140","630c8750ca3880f52beffa605f55009e3b6053df1af26cfd200ad1ed1fd9346e"
"textures\fogtwocorners.tga","16428","ad55fa9cef5afe7ba8ce2eba073c1cfcac74a5aa2c9092e61534da92be2b9d9d"
"textures\fogtwocorners4.tga","1068","d4c70c99416e972b4b589741fa4e8e3dcb31fb13d123ce663a2a86c4b51efd9b"
"textures\fogtwocorners8.tga","4140","167145d71cd6c008c48136ccc128d721f27544aaede23704270092e2c3304241"
"textures\fogtwoedges.tga","16428","10ba3d5b2b9f84afc0fd866e2ae09d470d5cbc79d544ec9214f021dc6bce40a1"
"textures\fogtwoedges4.tga","1068","f1eedc5e1e39c26c59dd17901efc46ec7ea2216f09ea4158e754052e160dc136"
"textures\fogtwoedges8.tga","4140","37512caa2c2bbeb4e7837542dd39466a34775c55d9590dfce18e8d8f191714b0"
"textures\fogtwooppositecorners.tga","16428","931c24809eed6b36c4357f85f9df2ed75c591da1e146ca5e75e8e6501cdb1de0"
"textures\fogtwooppositecorners4.tga","1068","87180ecd70dd1275d356cf636c9c6a1185c57e8dbd816da66827a2e08d5ee2d4"
"textures\fogtwooppositecorners8.tga","4140","f4a77e94227cb0f372c6a8813ce7bfe429a58ba51a48f1df35f1073609c7d212"
"textures\fogushape.tga","16428","ec9f95a3c0f66bd443cfa268fa45e7c3ca4797b2f5ef2ca479adcc122860100c"
"textures\fogushape4.tga","1068","c4db83470f4b38e288c79df17ae5f6a854671f45488b656fca67189edf19ddf5"
"textures\fogushape8.tga","4140","4846bba90659d42cf26b7c11c47b21e5e6157df3fcd8ef1425cf036130ec1b8f"
"textures\forkboy map.tga","1048620","d28fbf5df2f89b987944a8c72832c399f38a81ce608c9d5b360746102178f8f5"
"textures\g hypaspist highmodelmap.tga","4194348","b9ab5082ad8474ddc96e3b6e8c9a6ba0830823c67803eada049a14f31a1b09e4"
"textures\g hypaspist map 256.tga","4194348","ebdd527295ab3af8e679735d3e67c101e9d6652d1ba3d0364bfb5194a96ddb52"
"textures\gaia pool ground.tga","4194348","669d4d719fbc9a902008e1d99a10f9e4802ca495f5d5c91cc3b8ef20bb77529a"
"textures\gaia wonder map1.tga","4194348","d04a4fa0530747d6b6bb78f21d32d6286ddf018fe89112dafb05e5b78eb3b73a"
"textures\gaia wonder map2.tga","4194348","1b12e2b54542a1c5983b02d1f5f3347e30179f3a6ad1cbec12c213ce0c1a018c"
"textures\gaia wonder statue.tga","1048620","203ada286e91f954d3013ab1015432ad0c44bec8ea59d4cba0e0ebf4afb5dd61"
"textures\gaiacreepflowersa.tga","1048620","e4f01978698998ad3a56f1fe6e8d34f4f88feff5410827aa3785cf44163ebf5a"
"textures\gaiacreepflowersaop.tga","65580","62dff4cbf27beba839a294f3f686814a3ca2e36db49a14f0e506e292818852a1"
"textures\gaiaflowers map.tga","262188","a1e6ab75c9ae78ff773d11517b440b869a05861baeb100e7cab3a38ddb91e376"
"textures\general body.tga","262188","1b1eebebe78ef66bb6290689c723fe3655828bdf5079f2d3050b66ee7b690816"
"textures\general head.tga","65580","3ddde29333536520c0559680855d31e9c66130809721557b0ae91899c14213b9"
"textures\general shield.tga","524332","649db8bd60b7d61d88317fc6ac92111d7080cba0c38a8d11b335a27edc171819"
"textures\general sword.tga","32812","99ee9852b7d54369a8e90d95a96c2e2164739d0f5153997ff0b75b19fe724a0d"
"textures\generate_favor.tga","65580","8747321175d2a97c4ead35d1cd5f196bf4e4d4d88e9a2b3bfdffe756426e30b5"
"textures\generate_food.tga","65580","0c2a42647d6641920e4ae1ed1b4d5f6681a5b075425bfd0ebb7afce95716e9da"
"textures\generate_gold.tga","65580","93a72c774e57365a9ffd580db586099364318480a34b189f2ab4d94e7820f86b"
"textures\generate_wood.tga","65580","0094a1f0c400095f39170ee92733256539dbdfe0a999149ef8c7ab6c38e45460"
"textures\gine g kamos map.tga","4194348","b7ac52f8e81c990e29fd7919195b26ddf7a64498cc1de7e22436d58b2d75b771"
"textures\gine g kamos map2.tga","4194348","aaa68cf875d3e80f85ad2df079b794a8c676aeb53ff7b40ab0e0292bd0327fd1"
"textures\god major hades icon 128.tga","1048620","c7c601db1ddf217101997dbf02b28c6c85c3728b5bfede0bdc43ef9e8fab3ec6"
"textures\god major loki icon 128.tga","1048620","592b0aaadf10f7132f59bec90644826506b99772d98316a2b81a6270972e74a3"
"textures\god major ra icon 128.tga","1048620","e094ad7d165efc0b4f37a7b25b9b77fe9ffae39127c2f2ea739c9742d3d34994"
"textures\god minor portrait atlantis atlas.tga","4194348","8e250f1cccac27594c9684e6fb2c89a00dc5a6c218c58d7634feedb38587a4f5"
"textures\god minor portrait atlantis hekate.tga","4194348","98d2e13943174f0880b2221d77c7a5550d760cb14f9acfc19f52973853a3b178"
"textures\god minor portrait atlantis helios.tga","4194348","d93c88c72e44616cd823eb9a66f7f36ce709a312362c9cff0d5fc66d3e5c4c79"
"textures\god minor portrait atlantis hyperion.tga","4194348","c453d81f2ae7572e427e684176aa53f7b2166f42b9ca48457e4d268c18a83b25"
"textures\god minor portrait atlantis leto.tga","4194348","fe4f457c24903be4def72db1eb22086cec279327d14e906c0664fab809fe4260"
"textures\god minor portrait atlantis okeanus.tga","4194348","f2d67e565b912ac5993acbd60d309701008ba7fa34220533bc6b979b0b2cb1c1"
"textures\god minor portrait atlantis prometheus.tga","4194348","a8f0c4857dc20cf93cea0230310291e0801efb3497f788b61f12aa9a2c06e70d"
"textures\god minor portrait atlantis rheia.tga","4194348","62b8b25b0214d8e1302171d6d42348709d511607087f779f16b63a9905146af8"
"textures\god minor portrait atlantis theia.tga","4194348","e0aac3338de2f08df0ead507dbf5b8ee5cc618d5d0276dd5da5568bdafdc444e"
"textures\god minor portrait chinese aokuang.tga","4194348","a15bd1ffe8b14c4adb1a8186eed97999878554edc81523a4aca2dfcdc2b56cbc"
"textures\god minor portrait chinese change.tga","4194348","d76bb100c7c433fdfb2f6aacd289882527895f97b6b21f20384f4521cf69b845"
"textures\god minor portrait chinese chongli.tga","4194348","9523e961a9363f2124265b5b9438f15951c9383a3f82aa8f68a8254bd7a9302c"
"textures\god minor portrait chinese dabogong.tga","4194348","321c76b665c4653bc02fda050814e7d3313f326e314ef171c620148569b0ef68"
"textures\god minor portrait chinese hebo.tga","4194348","034efe4d99275f5c30f9ba3369744a4054aec2e08d3b784164f975ea13b1a8ac"
"textures\god minor portrait chinese huangdi.tga","4194348","118478844f40e6e8bb7430a3a9fd820c8355e49896f960ad9e01a53379ee5f5a"
"textures\god minor portrait chinese sunwukong.tga","4194348","527f93951c2d5a4f33c7a2ebe45844cf733b2a4333d671e0818ea774ba4d95a3"
"textures\god minor portrait chinese xiwangmu.tga","4194348","3dce6eacc5bec8769923c9b1e0a98fa06979d5807e552a04acfcce4d334106cb"
"textures\god minor portrait chinese zhongkui.tga","4194348","bfae2ec3db9880f7de3bb92afcc2808990e6f55983c7e43f39649280d7bf5594"
"textures\god minor portrait egypt anubis.tga","4194348","5a7da3a8bcf4d39f8a61a9f7015edaae4f571f58cc3ee529331987152ee9e91d"
"textures\god minor portrait egypt bast.tga","4194348","26933522356dcf67e81344fb577effd3e6f727d58011d0f78dc42a0325c07fd5"
"textures\god minor portrait egypt hathor.tga","4194348","74ea8e5871fe9964960765bf43e0bafdd64c6b4fce5c44933ba4ec408bdcb2ce"
"textures\god minor portrait egypt horus.tga","4194348","a0f8506b7ac685042dce92b2dc1591119a9272b56726131b9dac34fb2eb57f44"
"textures\god minor portrait egypt nephthys.tga","4194348","de74f67dce905b459413ee5ae55a3f2fe857ed5568d44f96b648079ff05f03fe"
"textures\god minor portrait egypt osiris.tga","4194348","cad6b2e6248c7ea6d9238920af6c2d28a3f5b48f9672ee11604599fb33ca1c5c"
"textures\god minor portrait egypt ptah.tga","4194348","1d35ff316c80e63d709e76953cc5e0d468eca008e122098edb48c6475501a774"
"textures\god minor portrait egypt sekhmet.tga","4194348","af0c6f4199ae4b8e27f785c51658f70840b6bec989b053049f6c6634a8ddacad"
"textures\god minor portrait egypt thoth.tga","4194348","763d4d917cb342271f9040f568cc09f86ff31cf1d4beea5cf3787db9d0156f64"
"textures\god minor portrait greek aphrodite.tga","4194348","71089dc514d10570b60632720102657d7b3adf2b458ebc2ffa6cc535a9a0afc0"
"textures\god minor portrait greek apollo.tga","4194348","8d6192565cd0d7e3f147f5d436b77f2bf294b40ee406bb39d93c23e3168ab8c7"
"textures\god minor portrait greek ares.tga","4194348","017ea197a5f55fc030261c6efddcf4a25af4009594a340df5c7b63606b6051c0"
"textures\god minor portrait greek artemis.tga","4194348","5ac93090028b5cf87ae82e949c9648e87aaf766b18a0accbd06b4be819d6e6a1"
"textures\god minor portrait greek athena.tga","4194348","3c57725c5c58fd3d3aff8f2a952edab0c7c59fa115afdf10599261de0e18f96b"
"textures\god minor portrait greek dionysus.tga","4194348","b21a19afc0d59828186f08559e111f736f628730429280fc306addf18dbb2ff4"
"textures\god minor portrait greek hephaestus.tga","4194348","1b90cf55d2a39d22dadb078420a4fdcef0e7284ab726cf8ddb825285df83ed26"
"textures\god minor portrait greek hera.tga","4194348","5031cc8ecea43ec09c331fc95147ec8b8e537dfa457bb8db7cd289e243687fa6"
"textures\god minor portrait greek hermes.tga","4194348","226e53bccc0cfe04aa90018bb9f09a1363e1360741c2a0f4e9e95c6afe2cc7e8"
"textures\god minor portrait norse baldr.tga","4194348","0968d6206b0dd3d4fde2b6c1227ff5d35f45bd18806b64c478347b4255fdb6cb"
"textures\god minor portrait norse bragi.tga","4194348","cdc6543771edbef22aa147fd6810d979276c28460f618404a281f22d034a75aa"
"textures\god minor portrait norse forseti.tga","4194348","84a612f1a2af855b62fdb86d3caff32c65044fe17cef027b4b48bf15145e1655"
"textures\god minor portrait norse freyja.tga","4194348","6187d4169b724caa67487110258bace5133dce78c092601e3197bcabb9ff9b80"
"textures\god minor portrait norse heimdall.tga","4194348","367aa70d71afd686f458a9b9400b3e97b9e9c83c52074e3ee934b57ea9e3411d"
"textures\god minor portrait norse hel.tga","4194348","7075098fe773f6f756b2ee9a35975501aac22a8f0ff809a69ee1bdd6c756c9e1"
"textures\god minor portrait norse njord.tga","4194348","bbfcd53d66778ceaf04f789431fe10a17bf308fa0474f51576497317025b9666"
"textures\god minor portrait norse skadi.tga","4194348","4c5945b5a6286a92822571a5144bbfc0a1ef6fb794e1a8a27f3113cf0c5b01f8"
"textures\god minor portrait norse tyr.tga","4194348","b89bee31de932d090c38262a6b2f3fd4a52a46a565b148a20a141186f00cbfaf"
"textures\god n frost haze map.tga","65580","8c9b8056b530ce54e2a97b8aa93f0f2871e532e1348fb5c92ddb87fd1106f84e"
"textures\god n frost ice map.tga","65580","86dd54ba0b9da5a296878dd2752e853629dbdb351d6d9c4fe21f42e113379bc6"
"textures\god n frost particle map.tga","65580","e52daaf3fd2d18324d1d0f8f2e55a150e991ecf0095434d2862407c5dbc4f064"
"textures\god n frost shocksmall map.tga","1048620","1a2197618b1672cce1a1cd7a6fe3ced773709f5c967d3d1eafbf347a7674e589"
"textures\god n frost shockwave map.tga","1048620","565ce1f9918bd09045dae4ac4e307ccb550628b316bdf55f1bb370d01bd969cb"
"textures\god n ice block map.tga","1048620","419938484ed2c332ce7034d2226c809304883e8bae7343a53d3456717bb82daa"
"textures\god n ice sheet map.tga","1048620","8723959edf7b3dafa9ea61522100732319cdd8a8e5f2129fafff1d0289afe134"
"textures\god n shadow ice map.tga","262188","2d02449412f0f79daad3053275806dd195f895addd7530072f605677be2b7036"
"textures\god power call to arms icon.tga","262188","e4cfa3d8dc1037d1c73fd05724fb3d9fa2175c4cdf17af35b58ea424754f94ae"
"textures\god power examination icon.tga","262188","f0befb9cba0e5e197345fea31e694637f56bfe6523846e907da51a42b2d4e40f"
"textures\god power firestorm icon.tga","65580","cd3f45ba19d26ee00d48b2036831ab1a74700393f9af1a28083e1f658cb117ad"
"textures\god power flood icon.tga","262188","0161f323dbb2e915610c370d4a79d67548b625182dbab887e138bba02aaa1050"
"textures\god power inferno icon.tga","262188","83b75a23397c48117dfdc0c9ad6f243e5c229227e42826984b607c82bf3e06ea"
"textures\god power journey icon.tga","1048620","f5e3d8c07763351c1647bbe9134f545ff03404dbbf854bc14d6585d0d5823b65"
"textures\god power recreation icon.tga","262188","9fefe2997e01e47147924425d00559beb360389f3e881713c01fbe046b7e2985"
"textures\god power uproot icon.tga","262188","44c91682ddf17e78f6a35d4d931c39761579c0dbfdc420f7044e88f8a0bfb523"
"textures\gold icon 32x32.tga","65580","c1fe2ad13f77a3c213f76ac51ba2fe40c2c58fe2f3ee027002705b8bf86ec49a"
"textures\gp x hesperides tree decal.tga","4194348","2f7571dd2639845cda1219c067bc001f8508bf330e971cbff6680bcf77013b17"
"textures\gp x hesperides tree shadow.tga","4194348","2f7571dd2639845cda1219c067bc001f8508bf330e971cbff6680bcf77013b17"
"textures\gp x hesperides tree.tga","4194348","3ce69cb67546d217ca6ebc18adc3938ef0aa0dfde31d34bca12ccf8e813ad05b"
"textures\gp x tartarian gate crack a.tga","262188","61254556c3e2916ece5dfb6e066b2fe4da4771b5a8de0471a988e7b6fac16ef8"
"textures\gp x tartarian gate crack b.tga","262188","bdfbe3969e96261d00b89139c73d0ea30b055ea63feedbe200d62f2a18e3b43a"
"textures\gp x tartarian gate creature a.tga","1048620","81b7c36529dc6a306879b6aa1f693a1741759d08b9227f0cd6e31045155df84d"
"textures\gp x tartarian gate creature b.tga","1048620","2d62173aa256c229edcacd2b572fec667d1e1a8623f84939b9ee15d0ec590ba6"
"textures\gp x tartarian gate creature corpse bodya.tga","262188","de253d35cacfc36354baac5b23c47e2e605525d60fcdd51a57ee6d506bb43fac"
"textures\gp x tartarian gate creature corpse skeletona.tga","262188","c875ca2e555848b484874f1646308d31734ea1b266a885c33d5be18e5dbd32f1"
"textures\gp x tartarian gate creature.tga","1048620","66ccd986b05aa15a8fa100241e32e5c62208724d5e64ce56398319d30177f7df"
"textures\gp x tartarian gate ground.tga","4194348","9590011be37e47b4869e5c1191d43be6b08b6ad666223d3283f25e9db955dbb8"
"textures\gp x tartarian gate hole.tga","524332","b042ec90738613bf51f12a663c31da70bc9eba8af5c96da56874914968450698"
"textures\gp x tartarian gate lavapool.tga","1048620","f33eb964fcea7fea764e83f86cd10d6b129c687621b4712bf49376fa938e988c"
"textures\gp x tartarian gate shimmer.tga","262188","1573d88d22be9590a5b4cfddaf0900545c998e4e9fdff5a7964f51c7397aac7a"
"textures\gp x tartarian gate.tga","1048620","e79337e8e041b3148a888039c48f67a77b47c538f2683c6a8c77b8d1e88bc36e"
"textures\greek button background.tga","1048620","eec665da21a9be51a332458a3fa98b0962d621274a71e83dd493fefbed5bfe39"
"textures\greekheromap.tga","4194348","f4212bff04016b8b99b7141e8fb5760df3173b83e43f0aba933112da7fc7a818"
"textures\greektree01.tga","131116","920a8e5a78b5c27dbae135c7d5ae0f54b88ae06ee29011344584b087402f0404"
"textures\grid1.tga","1048620","4ba6a2b479207df747f5dd6a3e65fdc53800bbecb77e1264cf9b95bbfb773ce6"
"textures\hades2.tga","4194348","4fa958060f2e4bbb515abb2407a367ec62cf29e113862e3bd428e4b401553e5a"
"textures\hammer.tga","65580","b37d36689a88ad1fcc3c3f62994dddbeee61c66b7dc31b48ca7ce17e208404ba"
"textures\hero c general cape.tga","1048620","49cc84053bd448c126044b76c07d59c1e7a19d78a513bdf24007e430ed54c2c0"
"textures\hero c general flag alpha.tga","65580","7bfaf57c4e16707c2983f594105ff02bd618f7688afa65d3ef25314c72646691"
"textures\hero c general flag.tga","524332","6e99e77615d6d0fdb6314ef2c52b24198072c4098f1c089a836fcb43545f7693"
"textures\hero c general head.tga","65580","6e4bedf94ffcecc39829a8b91dc6d6183d6c151881ab67517ab33e909aba9e60"
"textures\hero c general horse.tga","1048620","3818064e55cf3739ef7e9cd5a31725f511b898deeb055f2d99a24affd3da57f6"
"textures\hero c general icon.tga","262188","119d51837356ab44ea7dd35af5ceac35ddbf68c5258b3ac2c18a3c275c5d9385"
"textures\hero c general.tga","1048620","af07625a9c77242812c2705f2de8b97553afe0a95cca2c40017c9e07667f2c16"
"textures\hero c immortal icon.tga","262188","085fc8e6003121cd3d6ce1067a8d9c61dff04fdd2a45af270206fc96960e9bdb"
"textures\hero c immortal.tga","262188","d960f4ca5e1adbbb5a6f85c1cae693cd65fffa0a6611a88bd9c6d6b8414126dc"
"textures\hero c monk head.tga","65580","a5e07a4a3dd859e52700c3c12fd5b423e04525e35a23e6038d379a2789207ff0"
"textures\hero c monk icon.tga","262188","05d566ae68365e2b749365e86a4353a2f65583564b10da02a938a93cac59c80c"
"textures\hero c monk weapon.tga","131116","7a75251415921de776eb98ec2336b7769691dd5d86edf3a0767ba213fae64656"
"textures\hero c monk.tga","262188","60858bb14b95723fa24599ffbb789d9d56838105177d4b22b2b8ffa168deabf0"
"textures\hero g achilles cape.tga","131116","b500569fac53db8c03ad44349874b6fec1fa50cbcdab49b24d3650ddbf2e451b"
"textures\hero g achilles corpse bodya.tga","65580","3850c786d5e993b6df3ae83817c21130b836df9e05acb4b5b6b0674473b29c51"
"textures\hero g achilles corpse skeletona.tga","65580","1179933ae84e4604883f9185cb61694ca72cac3ee2bb6eba3d902e09b0dddf0b"
"textures\hero g achilles.tga","1048620","d9381b89851263aebf86001d9158169a8bc1cafbf97096900b98e8e2114c5908"
"textures\hero g achillies corpse bodya.tga","65580","3850c786d5e993b6df3ae83817c21130b836df9e05acb4b5b6b0674473b29c51"
"textures\hero g achillies corpse skeletona.tga","65580","1179933ae84e4604883f9185cb61694ca72cac3ee2bb6eba3d902e09b0dddf0b"
"textures\hero g ajax corpse bodya.tga","65580","4fc14148089c34d9c24314c584a2aa71a98d8aff3162c916f882fbe4f1d2b6be"
"textures\hero g ajax corpse skeletona.tga","65580","ac922fc9f8ca577088623ff7f8c392911c56dec828e24f4cb5880ca30114be47"
"textures\hero g ajax shield.tga","262188","8fbd808d22a736c9f31fc57fcb7f4c0bd9912f88957b27679071cca040b25340"
"textures\hero g ajax spear.tga","131116","8c0e27b4bd27586375d150d3baa627abab8b644d2dc32f828f6a58850061942b"
"textures\hero g ajax.tga","262188","766b76e44e3a7d2a646fe3a59cdffcd7c5d4059439b1fe7af0466915883cb995"
"textures\hero g atalanta corpse bodya.tga","65580","e7aedc928a558f7b3ca370ea72f30b3708da300a955a52458120acb69126e9e9"
"textures\hero g atalanta corpse skeletona.tga","65580","5039c49809316136b848b0e3f88ea144a90da8720b734d598d8501c2097e7eb8"
"textures\hero g atalanta head standard.tga","65580","2a8b14aa77f5a2dac99533e0af80b9109b8f7be89d185d700d73d8d24980fc79"
"textures\hero g atalanta shield.tga","131116","121b947203253cc09ada671b4a71668b32f57f505e9934e980f453b8615b756e"
"textures\hero g atalanta.tga","262188","3330a1c0d98d35cb696ba3b8afd2e63e0999d1f10b7649dfc6246e01e0ac86f5"
"textures\hero g athena head low map.tga","65580","1cba46ae9f54519c9d137b517ad94c588a1ef7f659499d17cc4ddbba95fd1c4c"
"textures\hero g athena low map.tga","262188","980c94fda0b50e8ef07c73ff2117760a252dfe465c43f3c5cf5883582afa2620"
"textures\hero g belerophon corpse bodya.tga","262188","ff79ab38814f95ccf12491b70fecc2a974468f2b15aef8f928197c24a3bd85ea"
"textures\hero g belerophon corpse skeletona.tga","262188","2140d558630810cd4a2bec1658cea83664fd2a707cc7da0ee3808302f674b7a3"
"textures\hero g belerophon head.tga","131116","14e3ca17a7036fdf259b7c5459bfe8379d39bf94bbf8a348f1ce80b51c5240e5"
"textures\hero g belerophon shield.tga","131116","af17de89db2650145dc2c7bc8a08ce1d5a903cdc7a6b63bf283c3b1ed50d0031"
"textures\hero g belerophon.tga","262188","cd74a78bf644c58d54b699fd87ebebd549e89fa0f50a60c66e1ac4b4dc79e4d9"
"textures\hero g bellerophon shield.tga","131116","af17de89db2650145dc2c7bc8a08ce1d5a903cdc7a6b63bf283c3b1ed50d0031"
"textures\hero g chiron corpse bodya.tga","262188","b5cf5dac0d03ba7d818c94b5a6b32d44241b8a18aabc3fbb8333518a4d6464eb"
"textures\hero g chiron corpse skeletona.tga","262188","5df7e3f97d1521c5c43c872b711ab4bd52bb431914da7c029cbc43be1ba20fbd"
"textures\hero g chiron shield.tga","131116","7be96b8c2c3cd2f4891fbb438b1ee39adb97cd555e3ea4509c2f2ef917f4dbd4"
"textures\hero g chiron.tga","4194348","7b3f2506a562fdd7678fb7aa5bfa5e3f0cb0a5f640a71a054a78b12ba5e03276"
"textures\hero g heracles club.tga","32812","c8a79586fe6eda0e66f3def4b81e755aafc82cdaccf8b41520c9fc633fc4918e"
"textures\hero g heracles head.tga","131116","261a890a3dedc5fdd5dac31159ce20e5ff67c727cad353170687e1f9f9621db6"
"textures\hero g heracles shield.tga","131116","d13c427e774af60ea587e0210f8b6265efd2d4e4946e60f87afab7d723610030"
"textures\hero g heracles.tga","262188","fe5400473b477d1fcb9c9369f29b55f9b515f0c1642b33d319b2caba7ea4da78"
"textures\hero g hercules corpse bodya.tga","65580","b9c22ccbfc29652ed648b1c1cc67489bb6e977a9d8ca6443ee89fa70013cd33e"
"textures\hero g hercules corpse skeletona.tga","65580","b7d1269415da64773910f6b082704b019bbf46820d8d06f6bc724edc9bc27017"
"textures\hero g hercules head.tga","131116","64645041e2e712cf7e7f6b9d415ea9d2087faa60885fdf5034566d627957002e"
"textures\hero g hercules.tga","262188","fe5400473b477d1fcb9c9369f29b55f9b515f0c1642b33d319b2caba7ea4da78"
"textures\hero g hippolyta corpse bodya.tga","65580","d31db40cde3d9f78e58f1d4c18be795af74161abf814db687a5977a2a06c6fdb"
"textures\hero g hippolyta corpse skeletona.tga","65580","34389c2e7cb36ce619e064312a4f6928c599cbb4092eadbda6c8940fdab07463"
"textures\hero g hippolyta head standard.tga","65580","21d4569349747ecec169867f39a67cc4579dec5d00cc5d85094b9716410b89da"
"textures\hero g hippolyta.tga","262188","854a3eda556b92ba4bd137e8e6385419241d6e95ff166c3d217e267a14da5aec"
"textures\hero g jason corpse bodya.tga","65580","5effe4a7c98625b3b93b53215dc4c61477ddf4ac201d0f1ff1178dc204a55f97"
"textures\hero g jason corpse skeletona.tga","65580","021f3a695e68e1f57607671a0aeab4adb6713494a1de75832f6562205b24d740"
"textures\hero g jason head standard.tga","65580","d17b147f4455276ecfc055b0682c0a1203a8ac1ef744416c5d2b7f3b11b6faf5"
"textures\hero g jason shield.tga","131116","93ccdf0917f35460d4deb5695be4d44f01854744d07e0904abff6f5af64f5e3d"
"textures\hero g jason standard.tga","262188","7c68e7dd1fd07a4a5d202c7411d9b65a616d053cd344770924b2b6db5ad84c4b"
"textures\hero g melagius corpse bodya.tga","65580","2c31e3a8b17d73bf6e67580cc4efe92f0b0feea15292c623903efc692cdd973d"
"textures\hero g melagius corpse skeletona.tga","65580","005f2d4f6ac982e623b810951e21d63ea854bcff643109e42163fed170394774"
"textures\hero g perseus corpse bodya.tga","65580","81bfd61d6b8ded08553633cf8404c38fc33fd7e8eebcf340ec6df4a264df809a"
"textures\hero g perseus corpse skeletona.tga","65580","c1c367fba39cc0365b74807d8c59ebb6fc63e1a1cf99db8bef110807a68ba777"
"textures\hero g perseus head standard.tga","131116","1fc002b6b9b6a82ac3a8e9bfe54cad8f323677e5bcc3aae2dca1067dfc9ca1f7"
"textures\hero g perseus standard.tga","262188","d55e27cac4d89d0bf81c812fa414262250334e362af402d1b7d7a2bd66a7e368"
"textures\hero g physician head.tga","65580","03d323e50e249d136ab96059ffdf1ee4148a68ed1153eddbf4fafd0934cfc0f7"
"textures\hero g physician.tga","262188","fa794448918e275e97413b2412790af5a9fe9ba0c0661352b39fd657973352bf"
"textures\hero g polyphemus corpse bodya.tga","262188","7501ef37373635e3a1b87b0ac452ec2ffcf09397c24cc66ba9cb289314b926c1"
"textures\hero g polyphemus corpse skeletona.tga","262188","aff75ea2780a05ac27216ef0532b3003e4436f43390ef861356c0879b89f4624"
"textures\hero g polyphemus shield.tga","131116","1ccd1cc023680c520254540ce2c36747c6c91a139845dfdf3fa7fc5ff71afb58"
"textures\hero g theseus corpse bodya.tga","65580","c73f4b64a952a6867aaee2c4828cfc9d030ecd21e643e920797efefc212d08a5"
"textures\hero g theseus corpse skeletona.tga","65580","717999320160e9cc618db82d29c3eec1030c3f1d6905fd2309d04e3a4dde0dc8"
"textures\hero g theseus head standard.tga","65580","576734871becf6cbf9eab30ad5730da8699c6630bdcbea7612890b6ddaa23eb4"
"textures\hero g theseus shield.tga","131116","c5c71ef650b1e551ab25cdfc104487e35cb5cd5601c609e179528e4a9c0860fd"
"textures\hero g theseus.tga","262188","58c7722105578b0fcfc22c9f94dd1e324c7d11f7257d9ebae5b296a5aed4b6c3"
"textures\hero n hero hammer low.tga","16428","c68559fd64ae1563bb5db97ab70ecfd999849c39299df196b840f43985bb4466"
"textures\hero n hero hammer.tga","65580","0b3461504f56e0dda8a36efe83d4f7169f46ebff1d40b043f6063222a95a6449"
"textures\hero n hero head low.tga","65580","a056394876336d792de9a62f4fef479ac02f8e0fc0d4fbe4a2dece87954b8b6d"
"textures\hero n hero head.tga","262188","19ceee45726aadb0fe6ae4ac9af20e3b1495156f544a709d9ee8a57c33d3fa72"
"textures\hero n hero low.tga","262188","5a0a5e64d4224bd37e425b3f6600209d745f3c40f78ec1240699baf20fde3d21"
"textures\hero n hero.tga","1048620","1f993d085a44b9fdde173cf4d99998eca8fa352efddcbf4119e37b83a1593d00"
"textures\hero n hersir corpse bodya.tga","65580","e8e7ccdd3d8f59470488753067be5638bb1483a0bec950227f9bb1e6cd2c1805"
"textures\hero n hersir corpse skeletona.tga","65580","1fca7c83c293c5d295ccfa89ce13d064c87db770f8aadda050cb6e8d3b1a7824"
"textures\hero n hersir head.tga","262188","19ceee45726aadb0fe6ae4ac9af20e3b1495156f544a709d9ee8a57c33d3fa72"
"textures\hero n hersir.tga","1048620","1f993d085a44b9fdde173cf4d99998eca8fa352efddcbf4119e37b83a1593d00"
"textures\hero n ragnorok axe.tga","65580","20ddb415e2747e29cc558e61a7d260f61e7ee347f5bbf0ab73321cb4c50f8818"
"textures\hero n ragnorok dwarf corpse bodya.tga","65580","e0d6660349e5dfcf533b228751abba8e091fea6f6e2b4799badfb03cf4ce38e7"
"textures\hero n ragnorok dwarf corpse skeletona.tga","65580","6281ae3d5e30122282db7f4b2698d0018387900bdfb46ee25683412158e0f02d"
"textures\hero n ragnorok female corpse bodya.tga","65580","62fa229175304d931396216d089396555adc40ad2c0178460c125414e8aae26f"
"textures\hero n ragnorok female corpse skeletona.tga","65580","c30a76ae2fc6c1c0b55a2e1c23b4aeef11fc3f0b7ce0e75c96d654c65a95d1cf"
"textures\hero n ragnorok female head.tga","65580","e17493323c0dbaf029b0cfe7f5864a448a72359268fba6f16077f9837423766d"
"textures\hero n ragnorok female.tga","262188","ba8fba04cff87e1b6c6d335a00544ba966ed80b3a5b74b3086810b9db4444464"
"textures\hero n ragnorok male corpse bodya.tga","65580","2a2d1cb69dcb782383acc1c3ff17bd53853cd07291344b8da2146d0b3c98cc4e"
"textures\hero n ragnorok male corpse skeletona.tga","65580","c5a51151a4b5f70133ce0f4a1fe58a65a3001d51e09aff1378da537503dae7ab"
"textures\hero n ragnorok male head.tga","65580","a164ad1baca41511b23ae6e4b2ac08e73e75606eac79886f3bc1a5a2ffdfac0d"
"textures\hero n ragnorok male.tga","262188","e94cab4d0a70215f464dcafd53fc3342046a1b7c83995cb4199f5db68461570a"
"textures\hero x ajax shield.tga","262188","496adba60981f7d5596bb746b504c0e8e4ffa747c464f44fe2da29402aba7cb1"
"textures\hero x ajax spear.tga","131116","8b39c16376d638ce8c50be081288bd540a13125da4170acf5ee78505dc4bba99"
"textures\hero x ajax.tga","262188","dcec34d07f527317c432268b11f90abd0b3f3489c66b424399ae2d10d79e1118"
"textures\hero x kastor.tga","262188","38a0f5f1767a01e7ab12c6f60554c0e90bc593e1debbd8086d679a4a87fcb7dc"
"textures\hoplitemap cine.tga","4194348","06f885ffa15be5e2f63bddafa4cf5dccf3a2db3c5dd2dc1aa2cc145e0b8f8019"
"textures\hoplitemap.tga","4194348","a54ce44de9e50794fdd85b469450dad86fd5595ced5d03dea510c01bd82c2565"
"textures\house icon 32x32.tga","65580","61de0a6b501a5a4d9405cf3644d71c6826d5977dfb7a96d39d6a0f457201a6a0"
"textures\icetitan.tga","4194348","de03f5ea033358c5c6de0a71475c1520bbbba8aac50ce48e149cd8c5847a2275"
"textures\icon object stat attack pierce.tga","16428","f25af7ac047e292d70fb7293f7164bcbb486ea208637d875f466a9fd50e865e1"
"textures\icon resource population.tga","32812","6636fc7647a5d2ad22ea68ac90ccc05666b6e3a0d96440a51c244c066f07dc44"
"textures\icons\aggressive active.tga","65580","bf75eb6a1bfaed52784c58d60a967b86bfe2911bbf0edb74e08473d42b0f8ed4"
"textures\icons\aggressive.tga","65580","f25aece8acf95f98ce5d272a4709b6eee554e2c1f1bdca7002cd9f4df150eab7"
"textures\icons\alfred icon 64.tga","262188","0967da9c0e1a28c4054d64ae8a51f240fe241d80b10d248a6d7b5fd0f6126c65"
"textures\icons\alfred icon.tga","262188","0967da9c0e1a28c4054d64ae8a51f240fe241d80b10d248a6d7b5fd0f6126c65"
"textures\icons\animal aurochs icon 64.tga","262188","534c4f27fb7336a0a15d74d09dd6ffd257214e9d8c34924e4540a897b47a5302"
"textures\icons\animal aurochs icon.tga","262188","534c4f27fb7336a0a15d74d09dd6ffd257214e9d8c34924e4540a897b47a5302"
"textures\icons\animal baboon icon 64.tga","262188","231c1e5c3da668afb6acdabbd037d1d41a956b7a9e1806c80948c66dde679d9d"
"textures\icons\animal baboon icon.tga","262188","231c1e5c3da668afb6acdabbd037d1d41a956b7a9e1806c80948c66dde679d9d"
"textures\icons\animal bear icon 64.tga","262188","caf17f9720a2ac0a4fbc23ac8d778fa265097ac4049178114c3e27054a61018f"
"textures\icons\animal bear icon.tga","262188","caf17f9720a2ac0a4fbc23ac8d778fa265097ac4049178114c3e27054a61018f"
"textures\icons\animal boar icon 64.tga","262188","e70da9158ecb7257612ebdd87e237655c3c7a2aaceaaac59db21895455823280"
"textures\icons\animal boar icon.tga","262188","e70da9158ecb7257612ebdd87e237655c3c7a2aaceaaac59db21895455823280"
"textures\icons\animal camel icon 64.tga","262188","5a71d364619d5911c9c075fcbb09109192ecc567891beb521d1b38378b36de9d"
"textures\icons\animal camel icon.tga","262188","5a71d364619d5911c9c075fcbb09109192ecc567891beb521d1b38378b36de9d"
"textures\icons\animal caribou icon 64.tga","262188","c5729dceb5aa3811a496a96209eed11fc881c9781629f7b1c47f10c312676ead"
"textures\icons\animal caribou icon.tga","262188","c5729dceb5aa3811a496a96209eed11fc881c9781629f7b1c47f10c312676ead"
"textures\icons\animal chicken icon 64.tga","262188","93a668adb6291b598090d804d584d238d9ee2f4f20e81eb698f616fe8a9692bf"
"textures\icons\animal chicken icon.tga","262188","93a668adb6291b598090d804d584d238d9ee2f4f20e81eb698f616fe8a9692bf"
"textures\icons\animal cow icon 64.tga","262188","a91b918a4a8177b14fdcfeba4b60489de639ca5ea48fadb439063b9f69a346b1"
"textures\icons\animal cow icon.tga","262188","a91b918a4a8177b14fdcfeba4b60489de639ca5ea48fadb439063b9f69a346b1"
"textures\icons\animal crocodile icon 64.tga","262188","0385c3cfd22a8c9cbe305a8317629eed0838df9c7e6ea042cc671b6f90f298af"
"textures\icons\animal crocodile icon.tga","262188","0385c3cfd22a8c9cbe305a8317629eed0838df9c7e6ea042cc671b6f90f298af"
"textures\icons\animal crowned crane icon 64.tga","262188","6545403e71422d174d4cdbc0e1cb7d6bb06d01649f8cc3464a4dbf2aeff2adfc"
"textures\icons\animal crowned crane icon.tga","262188","6545403e71422d174d4cdbc0e1cb7d6bb06d01649f8cc3464a4dbf2aeff2adfc"
"textures\icons\animal deer icon 64.tga","262188","64e34b05c05d65e7586ca76f0b6f8c308045331819605e5de03816f94a3fbf0b"
"textures\icons\animal deer icon.tga","262188","64e34b05c05d65e7586ca76f0b6f8c308045331819605e5de03816f94a3fbf0b"
"textures\icons\animal duck icon.tga","262188","ba229eb4584bc65288033ab8a6dc0ad28b5c3914351195dca425e2b488b3e316"
"textures\icons\animal elephant icon 64.tga","262188","290aad471c5d53c5b9787cbcfd33177a543891e61a3207182eb2793b4b02f71c"
"textures\icons\animal elephant icon.tga","262188","290aad471c5d53c5b9787cbcfd33177a543891e61a3207182eb2793b4b02f71c"
"textures\icons\animal elk icon 64.tga","262188","e09cf4ede2a935a4a95058873f572fc249d32cc4d610093d570f35f08600620e"
"textures\icons\animal elk icon.tga","262188","e09cf4ede2a935a4a95058873f572fc249d32cc4d610093d570f35f08600620e"
"textures\icons\animal fish icon 64.tga","262188","e1ba784797369d7fd8fb31b13a806a08c59a21736847380aea8c301d9d3f4277"
"textures\icons\animal fish icon.tga","262188","e1ba784797369d7fd8fb31b13a806a08c59a21736847380aea8c301d9d3f4277"
"textures\icons\animal gazelle icon 64.tga","262188","b62e8b695ff400d067ee378391b91d037d25c1dba252908e4550a616a1f3432a"
"textures\icons\animal gazelle icon.tga","262188","b62e8b695ff400d067ee378391b91d037d25c1dba252908e4550a616a1f3432a"
"textures\icons\animal giraffe icon 64.tga","262188","854148fb1ee0296d2649e99fe610f5bde5ae89c53a5669cac7c3fd345cbdbe33"
"textures\icons\animal giraffe icon.tga","262188","854148fb1ee0296d2649e99fe610f5bde5ae89c53a5669cac7c3fd345cbdbe33"
"textures\icons\animal goat icon 64.tga","262188","fbdf1ca5825fde3a76d7dd2a2b42366225f4fb73ad645d689ef95ea48af94fd9"
"textures\icons\animal goat icon.tga","262188","fbdf1ca5825fde3a76d7dd2a2b42366225f4fb73ad645d689ef95ea48af94fd9"
"textures\icons\animal hippo icon 64.tga","262188","2dcac804e891578c251b8253f59429e4810e2801fe257ec8e0228730dc9681cb"
"textures\icons\animal hippo icon.tga","262188","2dcac804e891578c251b8253f59429e4810e2801fe257ec8e0228730dc9681cb"
"textures\icons\animal hyena icon 64.tga","262188","8afaf900d4042c0ae49cca939d7129fb0452bcaafa817dc1adc04c4c6b7f9eb5"
"textures\icons\animal hyena icon.tga","262188","8afaf900d4042c0ae49cca939d7129fb0452bcaafa817dc1adc04c4c6b7f9eb5"
"textures\icons\animal lion icon 64.tga","262188","c6f96dc054f0588bac5fd4d66be2c873d9f86af763ff9b7b49ae00fbc292f770"
"textures\icons\animal lion icon.tga","262188","c6f96dc054f0588bac5fd4d66be2c873d9f86af763ff9b7b49ae00fbc292f770"
"textures\icons\animal lizard icon.tga","4194348","e7a268ed7c9d0fc257c77cd7a47032b2f42fcda3d43a2d44773a8aa91643a558"
"textures\icons\animal monkey icon 64.tga","262188","2263f1252e68c60e8e89e1931028a4e844a687d505b3420ee3456f08648ad349"
"textures\icons\animal monkey icon.tga","262188","2263f1252e68c60e8e89e1931028a4e844a687d505b3420ee3456f08648ad349"
"textures\icons\animal panda bear icon.tga","262188","16f9c3357f50e8068838fc44157f36bf5d7074351a54b7ec30ba99a8d9266f49"
"textures\icons\animal pig icon 64.tga","262188","27731fe331c263c14a07de05fd105b14394c886dfec228cc650114a3039664fa"
"textures\icons\animal pig icon.tga","262188","27731fe331c263c14a07de05fd105b14394c886dfec228cc650114a3039664fa"
"textures\icons\animal polar bear icon 64.tga","262188","11b81ab71c1aaa61fd2386b3ec17ac013584c27adae1255d1687b273d5b7228a"
"textures\icons\animal polar bear icon.tga","262188","11b81ab71c1aaa61fd2386b3ec17ac013584c27adae1255d1687b273d5b7228a"
"textures\icons\animal ram icon 64.tga","262188","67c5c138c5230ac112e15d282700f1f3391bea3f3a8dace7b392a24351f9c82c"
"textures\icons\animal ram icon.tga","262188","67c5c138c5230ac112e15d282700f1f3391bea3f3a8dace7b392a24351f9c82c"
"textures\icons\animal rhino icon 64.tga","262188","c52d9f2bc16db574f1f018b984859e6e3c3ddd5ec0d67e90157c52d0522a5e0e"
"textures\icons\animal rhino icon.tga","262188","c52d9f2bc16db574f1f018b984859e6e3c3ddd5ec0d67e90157c52d0522a5e0e"
"textures\icons\animal tiger icon.tga","262188","8520c6d0b5b02190f33e0711de3c30b5df8100b6611039d6e65c5d55ce3b9a98"
"textures\icons\animal walrus icon 64.tga","262188","37effd9d3dab8277409b5dac7014268163637ab5d5e5fc433ddb4b334a99319c"
"textures\icons\animal walrus icon.tga","262188","37effd9d3dab8277409b5dac7014268163637ab5d5e5fc433ddb4b334a99319c"
"textures\icons\animal waterbuffalo icon 64.tga","262188","407e9443fc49dc6758b6e10589d4b6184db658a23c1c8c7aae386bdab6bd5be5"
"textures\icons\animal waterbuffalo icon.tga","262188","407e9443fc49dc6758b6e10589d4b6184db658a23c1c8c7aae386bdab6bd5be5"
"textures\icons\animal wolf icon 64.tga","262188","61cc13a08faf871cecadf7530d3ced982014df6319bb099e7e1326c919556883"
"textures\icons\animal wolf icon.tga","262188","61cc13a08faf871cecadf7530d3ced982014df6319bb099e7e1326c919556883"
"textures\icons\animal yak icon.tga","262188","05c4a62fc523e9414c4855d1258e0c6e2b4ea40d0db79389e183de9de0ab8b2c"
"textures\icons\animal zebra icon 64.tga","262188","10e84c4e21129d0b02cab33bd4a7d2330b35162e972e2f52bdd67c4382f0337e"
"textures\icons\animal zebra icon.tga","262188","10e84c4e21129d0b02cab33bd4a7d2330b35162e972e2f52bdd67c4382f0337e"
"textures\icons\archer c chu ko nu icon.tga","262188","8da6b7f6a80561ec5a7c828bdf2dcb668789af4579bd8b3c35996751a4cb14bf"
"textures\icons\archer c mounted archer icon.tga","262188","2017072c63a5f69773d148473eb529e961d10ed272e3b02bf16f68b31a0c2949"
"textures\icons\archer e slinger icon 64.tga","262188","1c24d5cfa66157537d422de175622538192c94cf07ec98648b846d98b222af5d"
"textures\icons\archer e slinger icon.tga","262188","1c24d5cfa66157537d422de175622538192c94cf07ec98648b846d98b222af5d"
"textures\icons\archer g crossbowman icon 64.tga","262188","50c49d8a16c374f152c37605376faa006e4a6a5e200d86d3e5318fc343aeac41"
"textures\icons\archer g crossbowman icon.tga","262188","50c49d8a16c374f152c37605376faa006e4a6a5e200d86d3e5318fc343aeac41"
"textures\icons\archer g peltast icon 64.tga","262188","83b02364718b632f0fd01e69d882c1bfe07e38e4767ee7c5b09fb027867cdfe9"
"textures\icons\archer g peltast icon.tga","262188","83b02364718b632f0fd01e69d882c1bfe07e38e4767ee7c5b09fb027867cdfe9"
"textures\icons\archer g toxotes icon 64.tga","262188","7aecf94b4a6207f1170d0df100faf608f5daa07a5fa048972b7cf80fe6403d14"
"textures\icons\archer g toxotes icon.tga","262188","7aecf94b4a6207f1170d0df100faf608f5daa07a5fa048972b7cf80fe6403d14"
"textures\icons\archer n bogsveigir icon.tga","262188","82170f03f7b01d7be3b1468be71f5d5893605a22daa34091d714224ec520929c"
"textures\icons\archer n throwing axeman icon 64.tga","262188","e16b29f6ec9e18b9ad0be0bd8f53d2b2dd708069474135d6a50ec82eb6da42e6"
"textures\icons\archer n throwing axeman icon.tga","262188","e16b29f6ec9e18b9ad0be0bd8f53d2b2dd708069474135d6a50ec82eb6da42e6"
"textures\icons\archer x arcus hero icons 32.tga","262188","fc8a51b9a306ca93a42adfd128801db28b97c4490cd5608afb49dfecf49c7ce7"
"textures\icons\archer x arcus hero icons 64.tga","262188","fc8a51b9a306ca93a42adfd128801db28b97c4490cd5608afb49dfecf49c7ce7"
"textures\icons\archer x arcus icons 32.tga","262188","7015cc7dc633c55145b1c645b951cbe22df9eca278436782633a6763ef88e7a5"
"textures\icons\archer x arcus icons 64.tga","262188","7015cc7dc633c55145b1c645b951cbe22df9eca278436782633a6763ef88e7a5"
"textures\icons\bella 32.tga","262188","9aa21a1a6987d500a3c968d2011a48aa84a296f1a7d495eba25f03ab976d81a0"
"textures\icons\bella 64.tga","262188","9aa21a1a6987d500a3c968d2011a48aa84a296f1a7d495eba25f03ab976d81a0"
"textures\icons\bevel 32x16 square out.tga","32812","cfe86026fa0cfc7cc382fbb0242cb8f0140cfacf78a64b83d53a91eb5bec6486"
"textures\icons\bevel profileframe.tga","262188","b211ebb90e3bd15a1ba6bb9c98715e73fc8e222beaac41f20d2438ef701d89aa"
"textures\icons\bevel square gold in.tga","262188","5df4c591530eb698c04fe56dc1870fab6b8e8ef62ecb40e20484ae27107e87f0"
"textures\icons\bevel square gold out.tga","262188","79fb401e52374516423eba5dec6000dc33565daf4b471740f312d90b82e87f18"
"textures\icons\bevel square in.tga","262188","02dfe8f685c17fa44e4dcf3dfe21435c02d3f06c69dc82eb4e06778b5dffee7c"
"textures\icons\bevel square out.tga","262188","9f24b77a7b566d1f69cbd99b9c5cc22994c3773460e30c2941beceece8223e14"
"textures\icons\bevel square red in.tga","65580","5f375536a5ce569379e5f6adee5189e24d9b4a9f0f98ce4d320ccc83df5d3f40"
"textures\icons\bevel square red out.tga","65580","37b4c47e868cf2f7368a87cc99d879899c30b28b1769e58d316a7b4160efdb10"
"textures\icons\bevel square.tga","262188","02fb0710ce2895a7552fb7f4e0d4f0fd3c2c7afdc8f9c090cb366d002d4e1f7f"
"textures\icons\bevel thinframe.tga","65580","9b8d22154f27fe47ed8131f991cc5fd8039a15bec5e79f52aea0a968530e0d1e"
"textures\icons\boat c fire ship chinese icon.tga","262188","df2855d5ba49fc238c1a0f9051a1cd9fce16fb59b872752560e919a2ef646fa3"
"textures\icons\boat c fishing boat icon.tga","262188","5dd5a35f34d1a33f506c4cb9ab5e0c180d7b8b78df2b8f4886803bb1826f2b36"
"textures\icons\boat c fishing icon.tga","262188","5dd5a35f34d1a33f506c4cb9ab5e0c180d7b8b78df2b8f4886803bb1826f2b36"
"textures\icons\boat c junk icon.tga","262188","9ce318159061f4d94e87ca3ad28935e2dfea179dac4a0d342ac6f8c71bef30ed"
"textures\icons\boat c siege ship chinese icon.tga","262188","ec462bc23964a63e9f26cc738e46aa17ac01be9606c7e8fa8a077c275a05c718"
"textures\icons\boat c transport icon.tga","262188","d1e9ee5e9d4ad933db4046fee64c855947266715e05779430b671b963e3604bc"
"textures\icons\boat e fishing boat icon 64.tga","262188","f2936f068edca715d63cb12d31669eb36c2e349c940ca905730c98255326bd9c"
"textures\icons\boat e fishing boat icon.tga","262188","f2936f068edca715d63cb12d31669eb36c2e349c940ca905730c98255326bd9c"
"textures\icons\boat e kebenit icon 64.tga","262188","4773ce7ccfac91305eb983bc74f8c3e62cd17b81acc8ba9a70edd96e33020df5"
"textures\icons\boat e kebenit icon.tga","262188","4773ce7ccfac91305eb983bc74f8c3e62cd17b81acc8ba9a70edd96e33020df5"
"textures\icons\boat e ramming galley icon 64.tga","262188","29057f3c70b7584f2b2c091fef0d1faa2a854ea597d1ca97f1485883729ab3d2"
"textures\icons\boat e ramming galley icon.tga","262188","29057f3c70b7584f2b2c091fef0d1faa2a854ea597d1ca97f1485883729ab3d2"
"textures\icons\boat e transport icon 64.tga","262188","dbd390df6a923c4a008cb3158604165a06ffe5249d29c6b925fdb05a692dd84c"
"textures\icons\boat e transport icon.tga","262188","dbd390df6a923c4a008cb3158604165a06ffe5249d29c6b925fdb05a692dd84c"
"textures\icons\boat e warbarge icon 64.tga","262188","5a3bd3d14f47e36327b4373fbce5b45e8b941f0a6e597a5997ff9be4461ade59"
"textures\icons\boat e warbarge icon.tga","262188","5a3bd3d14f47e36327b4373fbce5b45e8b941f0a6e597a5997ff9be4461ade59"
"textures\icons\boat g argo icon 64.tga","262188","26cf90ada9bc22422c57cb67208df9978c4da3e785977a7d965fc19c37657a8d"
"textures\icons\boat g argo icon.tga","262188","26cf90ada9bc22422c57cb67208df9978c4da3e785977a7d965fc19c37657a8d"
"textures\icons\boat g fishing boat icon 64.tga","262188","bb6390b02082b103d187bee92d9f05d5828f540a6ef70a3f0323ead21547e035"
"textures\icons\boat g fishing boat icon.tga","262188","bb6390b02082b103d187bee92d9f05d5828f540a6ef70a3f0323ead21547e035"
"textures\icons\boat g juggernaught icon 64.tga","262188","9620be3249d302090c04a7a69755b22ba8f22d6d48a98781220d2ed27b620629"
"textures\icons\boat g juggernaught icon.tga","262188","9620be3249d302090c04a7a69755b22ba8f22d6d48a98781220d2ed27b620629"
"textures\icons\boat g pentekonter icon 64.tga","262188","ecba7174b7fe5e431c3623a7ffd57fba39a331886ed53744e621548d2f5d1dda"
"textures\icons\boat g pentekonter icon.tga","262188","ecba7174b7fe5e431c3623a7ffd57fba39a331886ed53744e621548d2f5d1dda"
"textures\icons\boat g transport icon 64.tga","262188","d7f8b9f0414c913b29d5b504bbaab6cdbe06426a0ee360646c06e2d8bdeee88c"
"textures\icons\boat g transport icon.tga","262188","d7f8b9f0414c913b29d5b504bbaab6cdbe06426a0ee360646c06e2d8bdeee88c"
"textures\icons\boat g trireme icon 64.tga","262188","eab327bac71a7caf01de2947abc55bb6e2cea9b507f9e778377eec49af691301"
"textures\icons\boat g trireme icon.tga","262188","eab327bac71a7caf01de2947abc55bb6e2cea9b507f9e778377eec49af691301"
"textures\icons\boat n dragonship icon 64.tga","262188","9f66d49c3d56df16c29b4bd9739a908542f0ba5647ea33ab0b44588c3bd70a5c"
"textures\icons\boat n dragonship icon.tga","262188","9f66d49c3d56df16c29b4bd9739a908542f0ba5647ea33ab0b44588c3bd70a5c"
"textures\icons\boat n drakkar icon 64.tga","262188","baadb28463542b6eece4b554c792afb2607ba355bc6169b63b360c6334c7bdde"
"textures\icons\boat n drakkar icon.tga","262188","baadb28463542b6eece4b554c792afb2607ba355bc6169b63b360c6334c7bdde"
"textures\icons\boat n fishing boat icon 64.tga","262188","f2827f9bfdade76ca1d3dd34a9394c1581fdaf6483cc4826b4ab281138886005"
"textures\icons\boat n fishing boat icon.tga","262188","f2827f9bfdade76ca1d3dd34a9394c1581fdaf6483cc4826b4ab281138886005"
"textures\icons\boat n longboat icon 64.tga","262188","e6ed140b85b527f6b03a40327f3b3c54a0f7224b6ce17e653858465b8f0cc3a7"
"textures\icons\boat n longboat icon.tga","262188","e6ed140b85b527f6b03a40327f3b3c54a0f7224b6ce17e653858465b8f0cc3a7"
"textures\icons\boat n transport icon 64.tga","262188","f906f8eeb3a0b53d45dcdcae54090d4edd70d5105fd22dc6884f2bc31cd22b17"
"textures\icons\boat n transport icon.tga","262188","f906f8eeb3a0b53d45dcdcae54090d4edd70d5105fd22dc6884f2bc31cd22b17"
"textures\icons\boat x bireme icons 32.tga","262188","eca9149a6cee098d24dbd3d7e67d6a60fff9c1523334eab2fa4c00e5027f6bb8"
"textures\icons\boat x bireme icons 64.tga","262188","eca9149a6cee098d24dbd3d7e67d6a60fff9c1523334eab2fa4c00e5027f6bb8"
"textures\icons\boat x fire ship atlantean icons 32.tga","262188","cfada517974fbd70f492051e15cff391ae17c0afb9dea5b99e9b99742a24de58"
"textures\icons\boat x fire ship atlantean icons 64.tga","262188","cfada517974fbd70f492051e15cff391ae17c0afb9dea5b99e9b99742a24de58"
"textures\icons\boat x fishing ship atlantean icons 32.tga","262188","6cc616d494d77ed93b8fb0451292c7165fdd9027ed36be388c3f2ee62bfc4132"
"textures\icons\boat x fishing ship atlantean icons 64.tga","262188","6cc616d494d77ed93b8fb0451292c7165fdd9027ed36be388c3f2ee62bfc4132"
"textures\icons\boat x siege ship atlantean icons 32.tga","262188","f2f5fd865447a7d9029a5e8dd0cc7e58c66973c3f62bdcbc31e1a0b6c4d9b248"
"textures\icons\boat x siege ship atlantean icons 64.tga","262188","f2f5fd865447a7d9029a5e8dd0cc7e58c66973c3f62bdcbc31e1a0b6c4d9b248"
"textures\icons\boat x transport ship atlantean icons 32.tga","262188","e2c4f8484719efb4830a117f5ae2c769b39a497513f45af37ccba97cce7c9847"
"textures\icons\boat x transport ship atlantean icons 64.tga","262188","e2c4f8484719efb4830a117f5ae2c769b39a497513f45af37ccba97cce7c9847"
"textures\icons\building academy icon 64 .tga","262188","da18344095c91fe4cb7f8adfbc77f1b57c8aed3e569f53fd53b385fe4ddf642f"
"textures\icons\building academy icon.tga","262188","da18344095c91fe4cb7f8adfbc77f1b57c8aed3e569f53fd53b385fe4ddf642f"
"textures\icons\building archery range icon 64.tga","262188","93467ab01ba2a003ca12cd40e4a1f5d1e59a86a2e310eae54aa1db6c573a8691"
"textures\icons\building archery range icon.tga","262188","93467ab01ba2a003ca12cd40e4a1f5d1e59a86a2e310eae54aa1db6c573a8691"
"textures\icons\building armory icon 64.tga","262188","2ed7340f467e51f9a0ca2cabac1c64830e5650a6730642ce7c466ff7308c5cc7"
"textures\icons\building armory icon.tga","262188","2ed7340f467e51f9a0ca2cabac1c64830e5650a6730642ce7c466ff7308c5cc7"
"textures\icons\building barracks icon 64.tga","262188","8734b081634f0477b29fda7c7321d996d167ab0d1da48426fe6a3cf3846ca63d"
"textures\icons\building barracks icon.tga","262188","8734b081634f0477b29fda7c7321d996d167ab0d1da48426fe6a3cf3846ca63d"
"textures\icons\building barracks icons 128.tga","1048620","badf0ac5b6c99a3f36cfc0738345d51ba7bcdf72a117220aa859972a6c47a32e"
"textures\icons\building barracks icons 32.tga","262188","da18344095c91fe4cb7f8adfbc77f1b57c8aed3e569f53fd53b385fe4ddf642f"
"textures\icons\building barracks icons 64.tga","262188","da18344095c91fe4cb7f8adfbc77f1b57c8aed3e569f53fd53b385fe4ddf642f"
"textures\icons\building bronze wall icons 32.tga","262188","3cac2127be9472e0c807fec19662d769e564dee9a2ec0f4dd46b91dc031715c0"
"textures\icons\building bronze wall icons 64.tga","262188","3cac2127be9472e0c807fec19662d769e564dee9a2ec0f4dd46b91dc031715c0"
"textures\icons\building chinese fortress icon.tga","262188","bf176411520a58e02875da524f65019213d21e68d80cc28fa65e4b847c46f147"
"textures\icons\building dock icon 64.tga","262188","5837f48a673bd7e9c18f11a737950f3d0c0d29a41d930fd044d32773dc461836"
"textures\icons\building dock icon.tga","262188","5837f48a673bd7e9c18f11a737950f3d0c0d29a41d930fd044d32773dc461836"
"textures\icons\building garden icon.tga","262188","0248b8e04ba753351c8072345a7ea611c0d82173926a0835f09f6cb6d326cb30"
"textures\icons\building granary icon 64.tga","262188","defd646b65a563379355ff9f18b2048816bebbec55cafde4bb021074af72f261"
"textures\icons\building granary icon.tga","262188","defd646b65a563379355ff9f18b2048816bebbec55cafde4bb021074af72f261"
"textures\icons\building guard tower icon 64.tga","262188","afc8834cc6cb26a374083e40709c63bb322b432295fd109c6104b1ff6c8e30e4"
"textures\icons\building guard tower icon.tga","262188","afc8834cc6cb26a374083e40709c63bb322b432295fd109c6104b1ff6c8e30e4"
"textures\icons\building guild icons 128.tga","1048620","2ea42f0b634d0d8519fd7ec9d4e7e8b96088df4989b63a301429356e4644ec0a"
"textures\icons\building guild icons 32.tga","262188","6bdbf069cf717409bd362fc9c0964ebbf339c7e56a09634e4047c3992b2f8877"
"textures\icons\building guild icons 64.tga","262188","6bdbf069cf717409bd362fc9c0964ebbf339c7e56a09634e4047c3992b2f8877"
"textures\icons\building house icon 64.tga","262188","f6d596bf30680f9b49814232ad972e1212deb678ae4c93a847458c33ed0891fe"
"textures\icons\building house icon.tga","262188","f6d596bf30680f9b49814232ad972e1212deb678ae4c93a847458c33ed0891fe"
"textures\icons\building iron wall icons 32.tga","262188","8818a9fff50c8d02d4372bf24b5fb9108fa6d92a93b57549b0d9d43a56243565"
"textures\icons\building iron wall icons 64.tga","262188","8818a9fff50c8d02d4372bf24b5fb9108fa6d92a93b57549b0d9d43a56243565"
"textures\icons\building lighthouse icon 64.tga","262188","507f81cbfc5f6c8d45608b96423aae6ddc3fac89f977a483fc434a433ab5cf9a"
"textures\icons\building lighthouse icon.tga","262188","507f81cbfc5f6c8d45608b96423aae6ddc3fac89f977a483fc434a433ab5cf9a"
"textures\icons\building lion statue icon 64.tga","262188","bb467625760513449425fa8683eabc3f1477070da570eb3a535a4bd6ef7793d1"
"textures\icons\building lumbercamp icon 64.tga","262188","04e63f241dc322fa8c8d52d8cc033f1e4c3d2fe72f15a1dfdc3331b1195f6a67"
"textures\icons\building lumbercamp icon.tga","262188","04e63f241dc322fa8c8d52d8cc033f1e4c3d2fe72f15a1dfdc3331b1195f6a67"
"textures\icons\building manor icons 128.tga","1048620","a04f271e9d32c772f41c3384f289ea97c18489a6873434ec5635837967d4ffbe"
"textures\icons\building manor icons 32.tga","262188","bb7d1dd17838e3452019f71aabef5a5ea0c1c5122f52d59918561dc65a0ec3bc"
"textures\icons\building manor icons 64.tga","262188","bb7d1dd17838e3452019f71aabef5a5ea0c1c5122f52d59918561dc65a0ec3bc"
"textures\icons\building market icon 64.tga","262188","01a4b1d3aacff9354eaf266d8a906fd74df0aef781736d31541be637bbe8353b"
"textures\icons\building market icon.tga","262188","01a4b1d3aacff9354eaf266d8a906fd74df0aef781736d31541be637bbe8353b"
"textures\icons\building mining camp icon 64.tga","262188","11543470278d4e996c90c552dc300dcefba5fe5d230a2e2b6d17d5a20ab243ed"
"textures\icons\building mining camp icon.tga","262188","11543470278d4e996c90c552dc300dcefba5fe5d230a2e2b6d17d5a20ab243ed"
"textures\icons\building monument five icon 64.tga","262188","f6fd0757f5e21a1fd43ab7d777706072650a74aa8ee12d8c15860c2798ed3c57"
"textures\icons\building monument five icon.tga","262188","f6fd0757f5e21a1fd43ab7d777706072650a74aa8ee12d8c15860c2798ed3c57"
"textures\icons\building monument four icon 64.tga","262188","f099537af52354ac1b0d45582c6ae5bf9c17cc1c08beab2a2469187832dbd7f0"
"textures\icons\building monument four icon.tga","262188","f099537af52354ac1b0d45582c6ae5bf9c17cc1c08beab2a2469187832dbd7f0"
"textures\icons\building monument one icon 64.tga","262188","6f8b04aea84b1735b5298ed8024141b19b3c1ac3046a777e9b81c5cd971eef0b"
"textures\icons\building monument one icon.tga","262188","6f8b04aea84b1735b5298ed8024141b19b3c1ac3046a777e9b81c5cd971eef0b"
"textures\icons\building monument three icon 64.tga","262188","f28103aeaa384394192327500dabfac7313fa2af8b5e8a8cbc800f72d4d75082"
"textures\icons\building monument three icon.tga","262188","f28103aeaa384394192327500dabfac7313fa2af8b5e8a8cbc800f72d4d75082"
"textures\icons\building monument two icon 64.tga","262188","f7e9ea108637cc74f2a21f0e12e15289b716938ad6a4721d8447e013797a256f"
"textures\icons\building monument two icon.tga","262188","f7e9ea108637cc74f2a21f0e12e15289b716938ad6a4721d8447e013797a256f"
"textures\icons\building norse shrine icon 64.tga","262188","ca0afcbea7a41fc970ef29e6611556205ea1a643214ca66d3f2b276619badfcf"
"textures\icons\building norse shrine icon.tga","262188","ca0afcbea7a41fc970ef29e6611556205ea1a643214ca66d3f2b276619badfcf"
"textures\icons\building orichalkos wall icons 32.tga","262188","23bc5f344686fbb919368f75562d2e8bdb068d89fbc7b0af5e991c6422bba159"
"textures\icons\building orichalkos wall icons 64.tga","262188","23bc5f344686fbb919368f75562d2e8bdb068d89fbc7b0af5e991c6422bba159"
"textures\icons\building osiris pyramid icon 64.tga","262188","1a14a9325f7cafeedb2153a43ee4d679218d14c2a2e47c4674b50234b70655cd"
"textures\icons\building osiris pyramid icon.tga","262188","1a14a9325f7cafeedb2153a43ee4d679218d14c2a2e47c4674b50234b70655cd"
"textures\icons\building outpost icon 64.tga","262188","34c904eec65124206a098506244e44f6c042b555b912aa77cb47364c2ef27cb3"
"textures\icons\building outpost icon.tga","262188","34c904eec65124206a098506244e44f6c042b555b912aa77cb47364c2ef27cb3"
"textures\icons\building palace icons 128.tga","1048620","c4a127b6472deb21aa0903f0d787f4e4076b043b0bf5db79239bc088a6a94760"
"textures\icons\building palace icons 32.tga","262188","fb9f701ccbd667e0ab7441390ca6d81347844463f4bf2897bcc8af26704e4229"
"textures\icons\building palace icons 64.tga","262188","fb9f701ccbd667e0ab7441390ca6d81347844463f4bf2897bcc8af26704e4229"
"textures\icons\building pharaoh statue icon 64.tga","262188","567b1f087af0bc39d39995a236912b7d02a33a080ffbe9bd7c582906cfaa9763"
"textures\icons\building sentry tower icon 64.tga","262188","2beb8d31d3f134631801ab36336e8f5c9212f0d4cd648cdb9b4bf168b573327b"
"textures\icons\building sentry tower icon.tga","262188","2beb8d31d3f134631801ab36336e8f5c9212f0d4cd648cdb9b4bf168b573327b"
"textures\icons\building settlement icon 64.tga","262188","100c9ad9d5b653d92628d1737389c1ec59d3ec32bf503ad21dd163f3d25c010b"
"textures\icons\building settlement icon.tga","262188","100c9ad9d5b653d92628d1737389c1ec59d3ec32bf503ad21dd163f3d25c010b"
"textures\icons\building siege workshop icon 64.tga","262188","6581732b9734cf2b27774a91faf719072da062dec8fd13e85d874584cd08211f"
"textures\icons\building siege workshop icon.tga","262188","6581732b9734cf2b27774a91faf719072da062dec8fd13e85d874584cd08211f"
"textures\icons\building skytemple icons 128.tga","1048620","f53a1837b14fad7e09f1112d080833920fb1f41307363aba0c676097fa1c20f5"
"textures\icons\building skytemple icons 32.tga","262188","683804fec1ab2d6a1efdf77f37a5c47d566a966d0e36828f6ba29e15924311fb"
"textures\icons\building skytemple icons 64.tga","262188","683804fec1ab2d6a1efdf77f37a5c47d566a966d0e36828f6ba29e15924311fb"
"textures\icons\building specialist icons 128.tga","1048620","ea3cee80e56512ce3d0966274df2b7591fa019c970a3a88bf25bab0ee5e4f59a"
"textures\icons\building specialist icons 32.tga","262188","4cc43772aef5367fe78826dad909b40bc42538e17049eb3ba55606b5a8b6b378"
"textures\icons\building specialist icons 64.tga","262188","4cc43772aef5367fe78826dad909b40bc42538e17049eb3ba55606b5a8b6b378"
"textures\icons\building stable icon 64.tga","262188","19b3b828c0bef4c64967f1861efdfa45203f3f128d9378c525f6ed32e3c51b5a"
"textures\icons\building stable icon.tga","262188","19b3b828c0bef4c64967f1861efdfa45203f3f128d9378c525f6ed32e3c51b5a"
"textures\icons\building storage pit icon.tga","262188","051df5be2b103510508d8ddf9b76f20621d68a9204ca6679d6ab824a26d09f27"
"textures\icons\building storehouse icon 64.tga","262188","53fc51bf67571a0a1d0586b825083fe0023366d7bebdc51ecb4c14b456154a6b"
"textures\icons\building storehouse icon.tga","262188","53fc51bf67571a0a1d0586b825083fe0023366d7bebdc51ecb4c14b456154a6b"
"textures\icons\building temple icon 64.tga","262188","141e8789cc467b4daadc9f96c6e3f1f449b1caba716e213beb64d2afa3f335ea"
"textures\icons\building temple icon.tga","262188","141e8789cc467b4daadc9f96c6e3f1f449b1caba716e213beb64d2afa3f335ea"
"textures\icons\building titan gate icons 128.tga","1048620","7b2b90fbfc68e29a83ab780c096b928b83a7ec69d577d649406bba85d4c11d6b"
"textures\icons\building titan gate icons 32.tga","262188","5393ab4c569796dbc8f6012ab265c126757c09ba069f164ed3196907915d05cb"
"textures\icons\building titan gate icons 64.tga","262188","5393ab4c569796dbc8f6012ab265c126757c09ba069f164ed3196907915d05cb"
"textures\icons\building tower mirror icons 128.tga","1048620","35d9d3d6e1fb74a0a93a3a7a84b535287eee9a677490e96a902e9595fd99cca9"
"textures\icons\building tower mirror icons 32.tga","262188","30358fc8b600727ab10cc950a512d20e0f7db91ef366b22f9f8e9967fee98bd5"
"textures\icons\building tower mirror icons 64.tga","262188","30358fc8b600727ab10cc950a512d20e0f7db91ef366b22f9f8e9967fee98bd5"
"textures\icons\building town center atlanis icons 128.tga","1048620","6408adb602cbb40b17ace6040e41ea89ba2fd3c44a7ea67e1ce7f5e6e3637e2e"
"textures\icons\building town center atlanis icons 32.tga","262188","8d8d1a5ae908b74d7bcbe4f79adee4322413a76fc9fe0d971de2820b93639f1d"
"textures\icons\building town center atlanis icons 64.tga","262188","8d8d1a5ae908b74d7bcbe4f79adee4322413a76fc9fe0d971de2820b93639f1d"
"textures\icons\building town center atlantis icons 32.tga","262188","330a9ca37a637c1f496de84d993232d6a3d00f1832a493242ad09c3494d4d367"
"textures\icons\building town center atlantis icons 64.tga","262188","330a9ca37a637c1f496de84d993232d6a3d00f1832a493242ad09c3494d4d367"
"textures\icons\building town center chinese icon.tga","262188","26f10170e2b1bdbe493ece6afc63b8147fd120e2e6d09ab734f3193c8c41e95f"
"textures\icons\building town center egypt icon 64.tga","262188","d87ced314a1e8840431aaf22f71d5fd044565e97cbb0376a28bbb10fa9283ace"
"textures\icons\building town center egypt icon.tga","262188","d87ced314a1e8840431aaf22f71d5fd044565e97cbb0376a28bbb10fa9283ace"
"textures\icons\building town center greek icon 64.tga","262188","471449a1bd05f93a950315e0fcccd77c7b9462b20e645cf52f7d334f41dfddb7"
"textures\icons\building town center greek icon.tga","262188","471449a1bd05f93a950315e0fcccd77c7b9462b20e645cf52f7d334f41dfddb7"
"textures\icons\building town center norse icon 64.tga","262188","2672383e7ee44125ba92beb31db9a4f2eb91916110a0fcc47f48a0f88dc9dd03"
"textures\icons\building town center norse icon.tga","262188","2672383e7ee44125ba92beb31db9a4f2eb91916110a0fcc47f48a0f88dc9dd03"
"textures\icons\building university icons 128.tga","1048620","472397a98a7ede5e1e574c2653cf8aa03b32f4d973ceee196ed6c406aa1c6970"
"textures\icons\building university icons 32.tga","262188","221b98a6c7a00f436c6bcb5bc41db207601d761733b370d2a8d361f80c28a027"
"textures\icons\building university icons 64.tga","262188","221b98a6c7a00f436c6bcb5bc41db207601d761733b370d2a8d361f80c28a027"
"textures\icons\building wall icon 64.tga","262188","5d6a63f4c686b1301902a925bcc78a80b6f8e26644dd96f487769ffa09869ae2"
"textures\icons\building wall icon.tga","262188","5d6a63f4c686b1301902a925bcc78a80b6f8e26644dd96f487769ffa09869ae2"
"textures\icons\building wall to gate icon 64.tga","262188","f707127256b34d7749d8c1cbb6776d7319e00c8982a7eaf265f3081924bff84e"
"textures\icons\building wall to gate icon.tga","262188","f707127256b34d7749d8c1cbb6776d7319e00c8982a7eaf265f3081924bff84e"
"textures\icons\building watch tower icon 64.tga","262188","85d0978bf3d163bd82c394b7e539cc7b7a193fda95c0d146fb8ce499c581c45d"
"textures\icons\building watch tower icon.tga","262188","85d0978bf3d163bd82c394b7e539cc7b7a193fda95c0d146fb8ce499c581c45d"
"textures\icons\building wonder icon 64.tga","262188","322c4f15a46e6c65519f942664478a50fa8b3cea9578a20f00f3fe08e687336b"
"textures\icons\building wonder icon.tga","262188","322c4f15a46e6c65519f942664478a50fa8b3cea9578a20f00f3fe08e687336b"
"textures\icons\buyfood.tga","65580","4b117f6a543fbd4baec13d5215a79c2f211dc2f1ce4b066df90a8581f822a5ed"
"textures\icons\buywood.tga","65580","2ef3aec2e39aebd1c2924eb80f449d2f0e91fe99314d5aabfbd86c02c3a3a53c"
"textures\icons\cavalry c cataphract icon.tga","262188","bc29249c3e85f949b0b34b09ff0bd8eee7aa2969edfd5e60feba8c2095b3e4d6"
"textures\icons\cavalry c general icon.tga","262188","47cfa9331a592dbd587d6558329a5553577c55a9e083456e260ef1d3b5bbdf32"
"textures\icons\cavalry c scout icon.tga","262188","bf979cdf8c6f1c0552ca624fa442de09cab9a3202c14713bdd4551124d90d445"
"textures\icons\cavalry c war chariot icon.tga","262188","378b1cb450483aa6c32736d511a709b6e5db0379fff311058a18a400a80139f9"
"textures\icons\cavalry e camelry icon 64.tga","262188","cbf002bfbb5196eae7330be66a6c67fb1a6dd36f49a138161cd27123772aec54"
"textures\icons\cavalry e camelry icon.tga","262188","cbf002bfbb5196eae7330be66a6c67fb1a6dd36f49a138161cd27123772aec54"
"textures\icons\cavalry e chariot archer icon 64.tga","262188","4002ea8222bcc0794e17bcddb020e3c807587f68bad2f9c64d1d246cf877161b"
"textures\icons\cavalry e chariot archer icon.tga","262188","4002ea8222bcc0794e17bcddb020e3c807587f68bad2f9c64d1d246cf877161b"
"textures\icons\cavalry e mercenary icon 64.tga","262188","4aa344f4c7e22dcc8551df8824d08e680b75da799a8665e42d5f84b1674e39cc"
"textures\icons\cavalry e mercenary icon.tga","262188","4aa344f4c7e22dcc8551df8824d08e680b75da799a8665e42d5f84b1674e39cc"
"textures\icons\cavalry g cataphract icon 64.tga","262188","5848de943b6eb560e07bcd0e0c3f350dd2e0133c440484d47fa6dcb696892090"
"textures\icons\cavalry g cataphract icon.tga","262188","5848de943b6eb560e07bcd0e0c3f350dd2e0133c440484d47fa6dcb696892090"
"textures\icons\cavalry g hetairoi icon 64.tga","262188","79d65c722e3b312f0ab74828df843028e9ffe9f7351522c411ef59d2efe5fa5d"
"textures\icons\cavalry g hetairoi icon.tga","262188","79d65c722e3b312f0ab74828df843028e9ffe9f7351522c411ef59d2efe5fa5d"
"textures\icons\cavalry g hippikon icon 64.tga","262188","f24cfa0e2f4caa29ec5b3b4e9006f31f7957e6d9052ccc1a0422c073d2550248"
"textures\icons\cavalry g hippikon icon.tga","262188","f24cfa0e2f4caa29ec5b3b4e9006f31f7957e6d9052ccc1a0422c073d2550248"
"textures\icons\cavalry g prodromos icon 64.tga","262188","e933d71eb7bb9aa15742855d9b6c80820cc5a50455ee4ccc35e33bf1ce871831"
"textures\icons\cavalry g prodromos icon.tga","262188","e933d71eb7bb9aa15742855d9b6c80820cc5a50455ee4ccc35e33bf1ce871831"
"textures\icons\cavalry g scout icon 64.tga","262188","0eb3a52e43b242f3d5c7a369291f636ff9211a38d796018ff119a59114d31b50"
"textures\icons\cavalry g scout icon.tga","262188","0eb3a52e43b242f3d5c7a369291f636ff9211a38d796018ff119a59114d31b50"
"textures\icons\cavalry n jarl icon 64.tga","262188","a083979a7230b4217fba15a09ef6f6f69412a61be59b288acc48cabe1aa3a0ce"
"textures\icons\cavalry n jarl icon.tga","262188","a083979a7230b4217fba15a09ef6f6f69412a61be59b288acc48cabe1aa3a0ce"
"textures\icons\cavalry n raiding cavalry icon 64.tga","262188","2235609e1d6a84c59ce797b8435274edfeca513a35924b2e09469369ca3565db"
"textures\icons\cavalry n raiding cavalry icon.tga","262188","2235609e1d6a84c59ce797b8435274edfeca513a35924b2e09469369ca3565db"
"textures\icons\cavalry war elephant icon 64.tga","262188","3ccd9d5227366948c0466fa4818d1ae87621daef616c58b0e6aaa498ec4d8c6a"
"textures\icons\cavalry war elephant icon.tga","262188","3ccd9d5227366948c0466fa4818d1ae87621daef616c58b0e6aaa498ec4d8c6a"
"textures\icons\cavalry x jav cav hero icons 32.tga","262188","631d454645124aea753d390a08b12027f2d732e9a3bc930be2c7ea66d6ff741c"
"textures\icons\cavalry x jav cav hero icons 64.tga","262188","631d454645124aea753d390a08b12027f2d732e9a3bc930be2c7ea66d6ff741c"
"textures\icons\cavalry x jav cav icons 32.tga","262188","4088804ef8ab6ccdfed207a79718bfb133bbd74020eaf3e2dc2a17c28402838b"
"textures\icons\cavalry x jav cav icons 64.tga","262188","4088804ef8ab6ccdfed207a79718bfb133bbd74020eaf3e2dc2a17c28402838b"
"textures\icons\cavalry x lancer hero icons 32.tga","262188","8bfa9ca2b776be755d014d3f579e257a0df170c6c190a0dddaf8a0dcc2890505"
"textures\icons\cavalry x lancer hero icons 64.tga","262188","8bfa9ca2b776be755d014d3f579e257a0df170c6c190a0dddaf8a0dcc2890505"
"textures\icons\cavalry x lancer icons 32.tga","262188","f7817d1cf3b9dde1af3601326467485d0bdb567b1d9ccb944c89516a5b93cec8"
"textures\icons\cavalry x lancer icons 64.tga","262188","f7817d1cf3b9dde1af3601326467485d0bdb567b1d9ccb944c89516a5b93cec8"
"textures\icons\chargebar empty.tga","32812","2b1366c338b4bc4c66f06bda5d1d73dbf49deeaf3b38092e843926f9864f48f0"
"textures\icons\chargebar health.tga","32812","62037b9c99f9160528dd07315c197813026f17712263ba61cc82bdce0d3be9ad"
"textures\icons\chargebar power.tga","32812","7d440978dff10a713708ec098445323968447cc704516b050dbdc855e2f888a1"
"textures\icons\chat icon.tga","32812","cc3db713050a4110d60598ebd40576238c1b59a0fdb328959e85a6d4368237bf"
"textures\icons\command attack move icon.tga","65580","4234be359574909de91a35a9c66ae8669e5ae1953900c6767d00bb61ab552dd9"
"textures\icons\command back to work icon.tga","65580","9719f23fca1a7b542c7a53fe7c5c7a450dfb6003e33f4b65223ffb74c4161702"
"textures\icons\command cancel town bell icon.tga","65580","c96c6e73370c955004a206427041e94fbc2477534628b37aea0916ba1e3454d8"
"textures\icons\command clear gather icon.tga","65580","0d6aedcc464f6f28f794a1540cd6cd2b11e2e322f8a9f42509e59cb20444665e"
"textures\icons\command create ulfsark icon.tga","65580","9bcf762ba0087099b3bd78269453de3ba7764a90422a9395c760fc2de6525d01"
"textures\icons\command dangerous gaia icon.tga","65580","1a1b6f10042c8b448b7b80f6b14e4b70f236c9e24672cec53b96041060b2892a"
"textures\icons\command defend unit icon.tga","65580","99c696ae56f99969937048476fed35cdb8611e44d144cdf73e3db65561dfe370"
"textures\icons\command empower icon.tga","65580","6d3313ee54c1ff5fd6ef33a2414a0df551756d5e8d4dab9a1c480ad81dcebc39"
"textures\icons\command garrison icon.tga","65580","cea4a50640a1cc9a092a2fdd682a16f64f462bc1d0de931b58faf7be2bd7a441"
"textures\icons\command guard icon.tga","262188","dc3c257e93245b484a15ef3c60ff59e4b2e9e54601e0d41d90007bdbecb514b6"
"textures\icons\command herdable gaia icon.tga","65580","2de666337a12c093b3d1553bdf987ee278c8700773158da8c03c001f7bdb11f2"
"textures\icons\command panel combat icon.tga","65580","9e50a1fd9c8edb68bd869fcf702fabab044fc06effc2e868bce87d3708cd553d"
"textures\icons\command panel icon.tga","65580","9e50a1fd9c8edb68bd869fcf702fabab044fc06effc2e868bce87d3708cd553d"
"textures\icons\command patrol icon.tga","65580","072773957d68f9dc5de39e48258278a63bfae7450b6f57a50e9ca3280eb2c782"
"textures\icons\command repair icon.tga","65580","d54c3cb7dfde02efc4305503db7b27e51031984154dd4fc4b5ba91cdbc51d704"
"textures\icons\command repeat off icon.tga","65580","a5cd66979f5bb42d6e2dd31148e3467dcde45c834034225733c8738f5e2b491d"
"textures\icons\command repeat on icon.tga","65580","3b8cdd70bb64b84b7199e2a8e8fbc1381113839b932590a9da0de561d4a6ccf7"
"textures\icons\command repeat rollover icon.tga","65580","d6c2945fcff7cd8f4b1f1729b36ef42259542e3d943afa59b5c444443534c9b0"
"textures\icons\command return to main icon.tga","65580","25f819a36d2b7b9cc045f33bfc30f96a1f4a1865f6be2e73b65bc1960b04024b"
"textures\icons\command set gather icon.tga","65580","1077ee38bcc0e3a10e0e8aef8137ab6b4ce27682bfae971c87c8fb7fdcd5cef7"
"textures\icons\command stop icon.tga","65580","e3c91787707983b1c1dbad6918fa8b06f8c08104345c9f801efeea6371577f97"
"textures\icons\command summon all workers icon.tga","65580","2341f1272f939510af81d1b3023adac938a63a48c817462bb4402769b293f684"
"textures\icons\command time shift icons 32.tga","65580","703618e27970dd7c3b66d6784089b300d1a5497c1c5343420bea768c7e57a152"
"textures\icons\command time shift icons 64.tga","262188","97a3470a98c44f1f5f804eabd3c2c5fe4f557441ca9fb77f46b011cce1be9531"
"textures\icons\command tower garrison icon.tga","65580","1634b3acf5c434b7f0e6ef3cec530d8025b04010b92cd5191b421ebbea3823e7"
"textures\icons\command town bell icon.tga","65580","35703492722a4714a3f2a9bff60f26d94be4ab0007a179880637f887dcd4f705"
"textures\icons\command unboard icon.tga","65580","a869276ea6b2b671163d8f632d5f8e500417d5a65d3f79439e246436c3a3df17"
"textures\icons\command ungarrison icon.tga","65580","a869276ea6b2b671163d8f632d5f8e500417d5a65d3f79439e246436c3a3df17"
"textures\icons\defensive active.tga","65580","468989f6380224e74c2f0291a8f91449e823492a782b697e4906e66edc2af524"
"textures\icons\defensive.tga","65580","e66d8d3fa1d71682416148877e37c3d0036d4ae6e406b22b9f8cfb8d571dd3be"
"textures\icons\delete.tga","65580","5315f2dba3bdeb857768c441e4daa11719f0949f997546bba695aa6d9e56204b"
"textures\icons\detailedhelp.tga","16428","543cdd7189ecdb265feec27e0783b9a0f32cb2953dffda4beac42576bccd0b95"
"textures\icons\e charge bar.tga","32812","2b1366c338b4bc4c66f06bda5d1d73dbf49deeaf3b38092e843926f9864f48f0"
"textures\icons\editor brushsettings.tga","65580","d98fb39718d289527ef38ac754dc1d637620e81e3cacdcac00a246c0fbb7b45a"
"textures\icons\editor canyon.tga","16428","b88524d92854151700e079bf3065e8656df630f7ecdc8d826615b90d8d6c597f"
"textures\icons\editor cinematics.tga","65580","b810d87323049ea9ae2c38d7ab9957698ce2233229a1c7d362f15dbcaafe1ebb"
"textures\icons\editor cliff.tga","65580","e3efc76e214c58d298bfd79fae38bd655ae6fd16036ca38834964c9bc788727b"
"textures\icons\editor copy.tga","65580","3155ce25a561eecc4934be28d0237031fe7d2552398e513f22f280cbf53407ac"
"textures\icons\editor cut.tga","16428","64deaf787fcba5cb538d966901cdcf7abb7aa1cb55a3edac823dc241e513aeed"
"textures\icons\editor delete.tga","16428","1dfdb27f8c85857a8d933aca616dd50d40211d22eb4b652d4bfae8305d94926c"
"textures\icons\editor deleteunit.tga","65580","9f0d57ab052108f5fbb3a918dfa3442bd4c80a8cfce25eea180db5d170c512f3"
"textures\icons\editor edit water.tga","65580","0e5993323d1bb8699ab22f1d354a5bb72bdae936daa2086e8c7b0cf3b65d13c0"
"textures\icons\editor forest.tga","65580","56d5db64cd0a367ac71c88bac8b70fb65307171a65df7b6570a0d1dcfdb60b50"
"textures\icons\editor lake.tga","16428","54dd8c96f5ae128c697167a95d89c66ef2b5a4e0796af3eda1e1da215cd64fd8"
"textures\icons\editor letterboxbars.tga","65580","8d477a2c71617c561384ed71bc0b4f44a286d09eb24f91819b136d6f64bdde69"
"textures\icons\editor lighting.tga","65580","a7888d9e4bd85ef3432f2337ec7f380ea0a7ab92c2a16eaceb4d187224dea19e"
"textures\icons\editor load.tga","65580","2c0ec5dc170a87ce5ba07be0161464391755ccb0a60baf778412910cadf9e3ae"
"textures\icons\editor mountain.tga","65580","7da89f3a370f735f4f58800434520eeddb736eef8956b4af0647cd642bc195bd"
"textures\icons\editor moveunit.tga","65580","12623b8143ddb36d3219b84ae7fba3a9c2c79602f9a6ec047d38362f7d9909a6"
"textures\icons\editor new.tga","65580","0be3ae7f8ac471cbba752c0e419981c9137b32f4552c42960f7e3de7f4e35849"
"textures\icons\editor ocean.tga","16428","e4a86301fc5dc585506ced630c1f0be77246dbb2c48cf831a97587326d0e6c79"
"textures\icons\editor open.tga","65580","2c0ec5dc170a87ce5ba07be0161464391755ccb0a60baf778412910cadf9e3ae"
"textures\icons\editor paintterrain.tga","65580","188f3b36e3f339d0a111cf222c39f631e619ffb675b4176dcafbdaff1b88e6c3"
"textures\icons\editor paste.tga","65580","502c7ca83768e50bb3652572c46df49aa68b8ef562ed1aa96266ba57cca7a3b5"
"textures\icons\editor placeunit.tga","65580","ca57f02273556aaddc30c738cd6dfdcb606b97c89635a512711127f21443b928"
"textures\icons\editor raiselowerterrain.tga","65580","d3159ae3b9a9266aa9e0e27016eb118fccc4f11bd2e8b78262b226bec39d97c4"
"textures\icons\editor redo.tga","65580","346c5789897b77875b9823f7f32511b7f96a88ad6b9b91d49d179415c28a583a"
"textures\icons\editor river.tga","65580","57a5fbfae983bb79aa5dcd2b01429915614a45f4c4450ca490980ba4f16a1e7b"
"textures\icons\editor roughen.tga","65580","d472fa35d32452c948ecd2f935f7b96660c9ac6d13baa88dc1d37f16d1977f18"
"textures\icons\editor sampleelevation.tga","65580","e8be035e74c6e6797e5b26038bb4548f87565b8b093a9c77653c5ecd8507d85e"
"textures\icons\editor sampleterrain.tga","65580","9e8ca7fa3b7dcc426dabc7b8a84a0a0482ddfdb586a152216cfca862971b985b"
"textures\icons\editor save.tga","65580","cf5a2020e84971fcc3a99af7ddff66ef95db6af33ec2e8bc0a7c99bb2dff8717"
"textures\icons\editor smooth.tga","65580","a0f3de4a5a196963646c12b8be861bbcd7f8d191e51d5650b1a0945d4cf45331"
"textures\icons\editor triggers.tga","65580","1b7a0625f74d2756aae7746738d9b8229b282457a175ad5dabf1fbc831f20f3c"
"textures\icons\editor undo.tga","65580","13758ab9b82ee1d33230f29e41805691b614c5779148c2b1162e8f3277029637"
"textures\icons\fish.tga","262188","8fa3fda70397884beaf401026b7cf6b451dd5e0825602f066862b10268aa2e43"
"textures\icons\flag icon 64.tga","262188","e3f80519bcce0894ca5179ee4a94bdf0f8ed1eacc2f2b2afe89231de47a2f860"
"textures\icons\food.tga","65580","2df7c9a133199f340104efd7e7062549437877f43001fa9583ef05ef920d6aaa"
"textures\icons\formation box active icon.tga","65580","67b24dd6985a94bf978521e7506a316656e4ad57cd17b6cccc0d886c2b9e9ffb"
"textures\icons\formation box icon.tga","65580","0b1e8952596c3e0ea70d035ee905e233aa998478d02e5f9842547c34346c42ec"
"textures\icons\formation line active icon.tga","65580","804d64f9dc55916f55a51c73b88453ecc0874919189fc0654aa8bb8c6967fcc1"
"textures\icons\formation line icon.tga","65580","a97666b76d1b274472ef8c89bc11348d5b6f21fe1652294b2c16146ad0dae442"
"textures\icons\formation mixed active icon.tga","65580","fa6c2d42028c7e6ca40bab02b5bb383228869e404434d3751749cbeece264670"
"textures\icons\formation mixed icon.tga","65580","c92c05a019cfeb8506bf6a46c9fab934bc649b79a045755d1ad492ea6b958ba1"
"textures\icons\formation spread active icon.tga","65580","f708ea4de513c60ee8d446a7553b2935b6870aae869fbcf82b47c906db28b360"
"textures\icons\formation spread icon.tga","65580","fa4cae8e04d29387859d88380f0136cd789627bc79deae66817afb55047736b5"
"textures\icons\friendhosting.tga","16428","c1379c53c76c48def138e3c907e46d80d817030bfaea611d75ed763423c04ee9"
"textures\icons\friendingame.tga","16428","5dd42f93e9ec3895e00cd6e22f54d2f58d0975e82a43a7c980514a74b8573353"
"textures\icons\friendoffline.tga","16428","4fb30fe2dd126d28b036bda83f7360cf45c48e89f80c65a1afcbd2259386d4cf"
"textures\icons\friendonline.tga","16428","f02d55a4f3dabc427b0484364ec1d6f3e8e489e94f53f21c24cfaf9fc45d9ece"
"textures\icons\g charge bar.tga","32812","2b1366c338b4bc4c66f06bda5d1d73dbf49deeaf3b38092e843926f9864f48f0"
"textures\icons\gathericon.tga","4140","a0cdff702a78c03557234d4453554ee74a09c19f82f157535bb23eec720f1b0c"
"textures\icons\generate favor.tga","65580","70e9471c548a7386251b0f90aa666d2970fb5d178e9ae4bf864fc2b2caa2d136"
"textures\icons\generate food.tga","65580","6afa7a9d6f6008648d46076f9fbda3352889a94fcbf77be6bf9c0c99c079aa76"
"textures\icons\generate gold.tga","65580","cf7d95491aa094a01fc3255a487cd6434cdd7ea8f61bd3b580be5299a10b97c0"
"textures\icons\generate wood.tga","65580","b764f9fc89fa96733147f820cf66aa048d53d9d6b20fbdcc1f794da5d84eea20"
"textures\icons\generate_favor.tga","65580","70e9471c548a7386251b0f90aa666d2970fb5d178e9ae4bf864fc2b2caa2d136"
"textures\icons\generate_food.tga","65580","6afa7a9d6f6008648d46076f9fbda3352889a94fcbf77be6bf9c0c99c079aa76"
"textures\icons\generate_gold.tga","65580","cf7d95491aa094a01fc3255a487cd6434cdd7ea8f61bd3b580be5299a10b97c0"
"textures\icons\generate_wood.tga","65580","b764f9fc89fa96733147f820cf66aa048d53d9d6b20fbdcc1f794da5d84eea20"
"textures\icons\god major atlas icons 64.tga","262188","2dcd292e20fec7addfb3a8e281dd0b53c9d3d9a7ff29c47ce7ba295d525b05c3"
"textures\icons\god major fuxi icon 128.tga","1048620","494ab62f0f0ebce44ccdd3ce5911b4adfe6bbbd36e73e41ba3df9102dd1d1974"
"textures\icons\god major fuxi icon 64.tga","262188","584108e4e7f124e66b1c621ca28078a74e692d0d9dac80132accb6823b4e43c4"
"textures\icons\god major gaia icons 64.tga","262188","0560168d13c533248d351777b03dbcd2e483fcb56b11bb2bc3ca0c37e6676932"
"textures\icons\god major hades icon 128.tga","1048620","34fd0fd543831c4788ecd70426ccddb0bb78bb9948238dbd4710f9578b2edf73"
"textures\icons\god major hades icon 64.tga","262188","df6d563720a1ad227226f8bea14fb243d7f6ca1f707825cce7e5a806d02f81e3"
"textures\icons\god major hekate icons 64.tga","262188","09d52188b16d821c204061739616484a500e9779bc89876895034edec3ddac1d"
"textures\icons\god major helios icons 64.tga","262188","39257768cbb64771f3049389473ada4cfddf492dedd03a689a5b790b95db4fb1"
"textures\icons\god major hyperion icons 64.tga","262188","fbaf3538c5a75f6530f4aad81602f0d72319ddd4568ba91e7947f9bfe7d77026"
"textures\icons\god major isis icon 128.tga","1048620","d3e20ea78d4b13c199046465c1324e2916292c98ca665d1a2c741b93f4bd0481"
"textures\icons\god major isis icon 64.tga","262188","ea89190c63e4b331900d18f81e70a7159c00e7829a861ede2f73d321dfd40b12"
"textures\icons\god major kronos icons 64.tga","262188","8929dccc92a525fcf7056e457ecd61c0dda4c09f6a2910db8029952e370349fd"
"textures\icons\god major leto icons 64.tga","262188","ed66b7d2ae5421f2b52d6a5b65ae893d12bdfe5b15f5d54349b3b813d4f45e2e"
"textures\icons\god major loki icon 128.tga","1048620","efbb4aabf4ae4b78adc87fb930c4cbcbcc32581f147ff22174d1ee717f347449"
"textures\icons\god major loki icon 64.tga","262188","fff4644717e2c32d8b80293d374865ebf3bcffe3c6cb4e5d6547c36ad5bbbdfb"
"textures\icons\god major nuwa icon 128.tga","1048620","4047812e1e1967aded77e7037b1123334c39e6ebbb167becbb45740e8f6fd538"
"textures\icons\god major nuwa icon 64.tga","262188","d76574ad2a4b4ec718fe238de545c8c14a6fd226e4746f5a456e4ab7920b9ab9"
"textures\icons\god major odin icon 128.tga","1048620","45ef151cb7c66e600c4cffbb3a08d750eb70b6f444c171f72d5ed888842c1ba2"
"textures\icons\god major odin icon 64.tga","262188","c0896e4793ea1bea5851698a9a7bd3a3d6241fa06e91a3b5eadea89c6d8d7730"
"textures\icons\god major okeanus icons 64.tga","262188","01e1bd191e08bf697b441866e5f734256f1dd3fa5145a0a4ae86e571a6b22b9c"
"textures\icons\god major ouranos icons 64.tga","262188","43be15807be1bf24d381f00c80f9ded25670b33f83ded49c3f10b112d07c4d0a"
"textures\icons\god major poseidon icon 128.tga","1048620","d43252a38f27b0db3abe63e203f2d6463a36a23d803f778c503c6ee7560251aa"
"textures\icons\god major poseidon icon 64.tga","262188","7ec886f267ee8cdbc10e3335964043697bd79aae4581a5f681fc19a3784dc37e"
"textures\icons\god major prometheus icons 64.tga","262188","532de36e80cf8297940f7e7bc6bb40cc4eae70261b3bcea8e401555e07ebc6a3"
"textures\icons\god major ra icon 128.tga","1048620","f77cb85a0d1debdf14f64de170b51af4bae9088fa30666d71cf88d03374feae0"
"textures\icons\god major ra icon 64.tga","262188","ddcbe3006355256eb6f93520cf392e189ccb89b3a749dfe0d49a19a9ea14b486"
"textures\icons\god major rheia icons 64.tga","262188","54f6f525352904482c37c7fea0ac7571f61bac0d9a36f0f20845c879f9024446"
"textures\icons\god major set icon 128.tga","1048620","b13b2739e7adb1bbad22c5942d3d0cfa1d4fc2f3cb82f4fdc706a8488cbd14d7"
"textures\icons\god major set icon 64.tga","262188","d984f2a745b92c867f7ba85516a4e4c36b83dd44b3281f1479285d9dfe5e624d"
"textures\icons\god major shennong icon 128.tga","1048620","1614194073f3f41751f429f4eae94978ddd55bca842a248a93b25c111b32cb5d"
"textures\icons\god major shennong icon 64.tga","262188","97e799abd8bd389be42047a9f13e19d3ddf93d727fe6e731e016e5f9958579ae"
"textures\icons\god major theia icons 64.tga","262188","3cb5cfc37c68fdb18693ff79eb3c8b736b4735827b3841dd2b0cbb4f4334e97d"
"textures\icons\god major thor icon 128.tga","1048620","8c15f0ebd8e3adaad51758b9a6ef669663d56398d50af194d3c8914848aa47e4"
"textures\icons\god major thor icon 64.tga","262188","453506e88fe062d5f4ff29e1fe79eb739c3f433df3b14bcb5afd7aecf95d4d05"
"textures\icons\god major zeus icon 128.tga","1048620","da234b9fdcd67ad77c8f670f083048041acf2548fcc2a8fecb7457d0dbd26ac6"
"textures\icons\god major zeus icon 64.tga","262188","bec0d73fd7ff2b5d2751a196161b2e7b92d73d9b4242e566317c2f598535f878"
"textures\icons\god power ancestors icon 64.tga","262188","2ce9d355f19bca25f64d1cf9763a647e236f6cca459fc67585298ebacb19014a"
"textures\icons\god power ancestors icon.tga","262188","2ce9d355f19bca25f64d1cf9763a647e236f6cca459fc67585298ebacb19014a"
"textures\icons\god power animal magnet icon 64.tga","262188","63b78aea154d154cbdff1470977d810dbc60827d167dd5ae8c3aac297aada9cd"
"textures\icons\god power animal magnet icon.tga","262188","63b78aea154d154cbdff1470977d810dbc60827d167dd5ae8c3aac297aada9cd"
"textures\icons\god power arkantosman icon.tga","65580","09bb798e49410d17784c3d78f103a68a698aa8404e1f70e7d84ece99905b734a"
"textures\icons\god power audrey icons 32.tga","262188","a52f03f15bcb4e7ab850b0d30e0ddc7f28e1d800d6ae316f07b4c2750e00ec58"
"textures\icons\god power audrey icons 64.tga","262188","a52f03f15bcb4e7ab850b0d30e0ddc7f28e1d800d6ae316f07b4c2750e00ec58"
"textures\icons\god power barrage icon.tga","262188","ec679ac6b00ddf8e7160ce8aa8ae56f1c6a497999c9e8f3fa81b2924a8f165d6"
"textures\icons\god power bolt icon 64.tga","262188","3e1ac99553e9cdab5b2b89e779a8f5a10125438bbde2cc0c2db2a0b6a8e34974"
"textures\icons\god power bolt icon.tga","262188","3e1ac99553e9cdab5b2b89e779a8f5a10125438bbde2cc0c2db2a0b6a8e34974"
"textures\icons\god power bronze icon 64.tga","262188","bd782b851cfef578b266e146f343e4d4b43c14aa0c83cc883856a5111cf5547a"
"textures\icons\god power bronze icon.tga","262188","bd782b851cfef578b266e146f343e4d4b43c14aa0c83cc883856a5111cf5547a"
"textures\icons\god power call to arms icon.tga","262188","73190badf9f4cfd488ee7d82876b83dc16d4a2c5cb39ddec9f0c16025d3154aa"
"textures\icons\god power cease fire icon 64.tga","262188","0eaf664c66475fd965a95cda6032d499fea3a417964ca994d191f713b8ff62e8"
"textures\icons\god power cease fire icon.tga","262188","0eaf664c66475fd965a95cda6032d499fea3a417964ca994d191f713b8ff62e8"
"textures\icons\god power chaos icons 32.tga","65580","39da052b335f691b3fcab560b18a90e01760f6e59d7df310247d1a1c5cfd9971"
"textures\icons\god power chaos icons 64.tga","65580","39da052b335f691b3fcab560b18a90e01760f6e59d7df310247d1a1c5cfd9971"
"textures\icons\god power citadel icon 64.tga","262188","40828f6478efe4ada6bd236ee40de31dca17ac5c0ce1d99bcef4491f756d9abe"
"textures\icons\god power citadel icon.tga","262188","40828f6478efe4ada6bd236ee40de31dca17ac5c0ce1d99bcef4491f756d9abe"
"textures\icons\god power create gold icon 64.tga","262188","79e7e7d0fb0d25554692f92c78a39a3627648e76bbc4ecd04b9e34655ff5a69f"
"textures\icons\god power create gold icon.tga","262188","79e7e7d0fb0d25554692f92c78a39a3627648e76bbc4ecd04b9e34655ff5a69f"
"textures\icons\god power curse icon 64.tga","262188","8020f717ec586698c1e7d051e53b981c344758f2a803276dd7390a356ca52970"
"textures\icons\god power curse icon.tga","262188","8020f717ec586698c1e7d051e53b981c344758f2a803276dd7390a356ca52970"
"textures\icons\god power deconstruct icons 32.tga","262188","44273a4396fb5f29817a041c783a54959c359cd82529f763518031d3e52b8a55"
"textures\icons\god power deconstruct icons 64.tga","262188","44273a4396fb5f29817a041c783a54959c359cd82529f763518031d3e52b8a55"
"textures\icons\god power deconstruction icons 32.tga","262188","44273a4396fb5f29817a041c783a54959c359cd82529f763518031d3e52b8a55"
"textures\icons\god power deconstruction icons 64.tga","262188","44273a4396fb5f29817a041c783a54959c359cd82529f763518031d3e52b8a55"
"textures\icons\god power dryad icons 32.tga","262188","8c7db8eea4acc1063bb597c58bc6779d0c998f6d57591c5c7915c744fd692781"
"textures\icons\god power dryad icons 64.tga","262188","8c7db8eea4acc1063bb597c58bc6779d0c998f6d57591c5c7915c744fd692781"
"textures\icons\god power earth dragon icon.tga","262188","d4e8e526ce41cdf2acc6a191a6042c3bf5efce7c7fa0549a828e18ff4efc255a"
"textures\icons\god power earthquake icon 64.tga","262188","03e4f39135d28fdead8bd0e82b47095216aa92076de1f3a9bbdab9e09424ea65"
"textures\icons\god power earthquake icon.tga","262188","03e4f39135d28fdead8bd0e82b47095216aa92076de1f3a9bbdab9e09424ea65"
"textures\icons\god power eclipse icon 64.tga","262188","5229bf23e7682d46658f4a5e84b065d29bd7767df845131a452f7e53660da10e"
"textures\icons\god power eclipse icon.tga","262188","5229bf23e7682d46658f4a5e84b065d29bd7767df845131a452f7e53660da10e"
"textures\icons\god power examination icon.tga","262188","3c3dc1449150f375915dcde26ae9f00040579d85024011af52b50f3784104272"
"textures\icons\god power fimbulwinter icon 64.tga","262188","3ffec59598a54a6cd2458a74b5e1a9df674184d3152cb4e29b8f2554a97a5dde"
"textures\icons\god power fimbulwinter icon.tga","262188","3ffec59598a54a6cd2458a74b5e1a9df674184d3152cb4e29b8f2554a97a5dde"
"textures\icons\god power firestorm icon 64.tga","262188","41bc8dd50456628c6133941f22e34e1b1ce701d74114ddfa82c70fd452ad4dfb"
"textures\icons\god power firestorm icon.tga","262188","41bc8dd50456628c6133941f22e34e1b1ce701d74114ddfa82c70fd452ad4dfb"
"textures\icons\god power flaming weapons icon 64.tga","262188","8bc0bb554b7f9a4a043d91c3306a1e99c9288b4b26c0e5905928fce296aeff27"
"textures\icons\god power flaming weapons icon.tga","262188","8bc0bb554b7f9a4a043d91c3306a1e99c9288b4b26c0e5905928fce296aeff27"
"textures\icons\god power flood icon.tga","262188","d8aa1806d84bed24baec1a2f80d6254746fe6e9cefd58b96fa9aa1f0c6d7d758"
"textures\icons\god power frost icon 64.tga","262188","a430d189a890f9e68330a2d1591c63a731b6c13b656e967188fe79f98cd7ea58"
"textures\icons\god power frost icon.tga","262188","a430d189a890f9e68330a2d1591c63a731b6c13b656e967188fe79f98cd7ea58"
"textures\icons\god power gaia forest icons 32.tga","262188","7c44def02fccca624ea30b5f90451d799c01d2874323b3f11383b8af1dd15775"
"textures\icons\god power gaia forest icons 64.tga","262188","7c44def02fccca624ea30b5f90451d799c01d2874323b3f11383b8af1dd15775"
"textures\icons\god power geyser icon.tga","262188","be696f4e80cc007bde6e326ca4c68ffe6b5268b6669a6493df1f51f0f762304d"
"textures\icons\god power goats icon.tga","262188","9d5f39552354e8994bed583a4be1eede163ef261b11a78deed76d06f6e224099"
"textures\icons\god power great hunt icon 64.tga","262188","4bc4fd42799802352e1769a715ac16ffb3564490ca423df65b0220250062ef5b"
"textures\icons\god power great hunt icon.tga","262188","4bc4fd42799802352e1769a715ac16ffb3564490ca423df65b0220250062ef5b"
"textures\icons\god power healing spring icon 64.tga","262188","6aad7fb7e121f1662075027764849d07b6a886f8f55ae7d0920164cba7a30c2e"
"textures\icons\god power healing spring icon.tga","262188","6aad7fb7e121f1662075027764849d07b6a886f8f55ae7d0920164cba7a30c2e"
"textures\icons\god power hesperides icons 32.tga","262188","90d4f9a898a020fa2bcc37650dbb9e8fdeab20a5cde5aab9095d03919911c1a9"
"textures\icons\god power hesperides icons 64.tga","262188","90d4f9a898a020fa2bcc37650dbb9e8fdeab20a5cde5aab9095d03919911c1a9"
"textures\icons\god power implode icons 32.tga","262188","aa94d6d8bda921e2d5c49372b148cc08a6e50d6d9414c9ac4fefb8f4bdf0e052"
"textures\icons\god power implode icons 64.tga","262188","aa94d6d8bda921e2d5c49372b148cc08a6e50d6d9414c9ac4fefb8f4bdf0e052"
"textures\icons\god power inferno icon 64.tga","262188","83b75a23397c48117dfdc0c9ad6f243e5c229227e42826984b607c82bf3e06ea"
"textures\icons\god power inferno icon.tga","262188","5e7396c896585a0dfe67af379175d9db2725ead70ce5aa0a266564ba8fda6741"
"textures\icons\god power journey icon.tga","1048620","db2158feee44c205a4f94897d65015a364d7249851c0312d4d12d2cfabcf2674"
"textures\icons\god power lightning icon 64.tga","262188","8b1d175d5400943f4752427d2d9ba7c1b206355e55d38662d221dbd599d87077"
"textures\icons\god power lightning icon.tga","262188","8b1d175d5400943f4752427d2d9ba7c1b206355e55d38662d221dbd599d87077"
"textures\icons\god power locust swarm icon 64.tga","262188","69f9ce57af0456c1d74d8d600411694bf715b15ba32f5a45f7ef148f97c9d92b"
"textures\icons\god power locust swarm icon.tga","262188","69f9ce57af0456c1d74d8d600411694bf715b15ba32f5a45f7ef148f97c9d92b"
"textures\icons\god power meteor icon 64.tga","262188","6ae47d8c68b6f76109f5113eff2a26551c86452054fc2e75a118b9f9be467b93"
"textures\icons\god power meteor icon.tga","262188","6ae47d8c68b6f76109f5113eff2a26551c86452054fc2e75a118b9f9be467b93"
"textures\icons\god power nidhogg icon 64.tga","262188","431b7ea4560665f33f355cc4553d99c7a4a7c56a549ddde3740d0910f309c33b"
"textures\icons\god power nidhogg icon.tga","262188","431b7ea4560665f33f355cc4553d99c7a4a7c56a549ddde3740d0910f309c33b"
"textures\icons\god power pestilence icon 64.tga","262188","5c3fd357bf59c3f584b6fcdda3821bf181e076d4a95e79c516525f7cef4c50b0"
"textures\icons\god power pestilence icon.tga","262188","5c3fd357bf59c3f584b6fcdda3821bf181e076d4a95e79c516525f7cef4c50b0"
"textures\icons\god power plenty icon 64.tga","262188","ce59bea30d44b878b42333282e3a09884402e4f5e19d633a6431776274f64b87"
"textures\icons\god power plenty icon.tga","262188","ce59bea30d44b878b42333282e3a09884402e4f5e19d633a6431776274f64b87"
"textures\icons\god power prosperity icon 64.tga","262188","5ec45bb37a1bc8c123b66652ecdd381868d931051be705b2039858870c29d2cf"
"textures\icons\god power prosperity icon.tga","262188","5ec45bb37a1bc8c123b66652ecdd381868d931051be705b2039858870c29d2cf"
"textures\icons\god power ragnarok icon 64.tga","262188","3700b364f04bac873e196db0e27500d7b03b9585989dfb062655a66205922628"
"textures\icons\god power ragnarok icon.tga","262188","3700b364f04bac873e196db0e27500d7b03b9585989dfb062655a66205922628"
"textures\icons\god power rain icon 64.tga","262188","d2f80ac24c89f86422b014fd5735eaf04e6b9d8137ad54bcbd1d7209492fba2d"
"textures\icons\god power rain icon.tga","262188","d2f80ac24c89f86422b014fd5735eaf04e6b9d8137ad54bcbd1d7209492fba2d"
"textures\icons\god power recreation icon.tga","262188","916df4c9270aa91718058352e718476237f4d0229bb371577588e1bc7fb952a5"
"textures\icons\god power restoration icon 64.tga","262188","f10b314636d9ac1e8b73c8d01f60d4713985ef3e22d5724b6f5ea3bfdb564952"
"textures\icons\god power restoration icon.tga","262188","f10b314636d9ac1e8b73c8d01f60d4713985ef3e22d5724b6f5ea3bfdb564952"
"textures\icons\god power reverse time icon.tga","65580","c47f6c10a38187baf7d24322715554d037ed0a70e589508135a152949df6013f"
"textures\icons\god power reverse time icons 32.tga","262188","39e0defd78057b5e075672ea602bf411b8668d310eefd24d2e4c79478b1dc1a8"
"textures\icons\god power reverse time icons 64.tga","262188","39e0defd78057b5e075672ea602bf411b8668d310eefd24d2e4c79478b1dc1a8"
"textures\icons\god power sand storm icon.tga","262188","14b67a2a9bc921fbe8cd8e55cbd5b06393b53e0ecfc7630fe8695f8ebbf300c8"
"textures\icons\god power seed of gaia icons 32.tga","262188","9a3584856909772be64a59f8ea7ea9bfbcd4563533a2d6f240c539b014f61921"
"textures\icons\god power seed of gaia icons 64.tga","262188","9a3584856909772be64a59f8ea7ea9bfbcd4563533a2d6f240c539b014f61921"
"textures\icons\god power sentinel icon 64.tga","262188","d3d5bf230e0876de93b9241f259ae1326287b1d75c01ab3bc933a09224c1150f"
"textures\icons\god power sentinel icon.tga","262188","d3d5bf230e0876de93b9241f259ae1326287b1d75c01ab3bc933a09224c1150f"
"textures\icons\god power shifting sand icon 64.tga","262188","14b67a2a9bc921fbe8cd8e55cbd5b06393b53e0ecfc7630fe8695f8ebbf300c8"
"textures\icons\god power shifting sand icon.tga","262188","14b67a2a9bc921fbe8cd8e55cbd5b06393b53e0ecfc7630fe8695f8ebbf300c8"
"textures\icons\god power shifting sands icon.tga","262188","14b67a2a9bc921fbe8cd8e55cbd5b06393b53e0ecfc7630fe8695f8ebbf300c8"
"textures\icons\god power snake plague icon 64.tga","262188","0488de5650ffaafbd471ab289a997c22315419160103b05cdbad528998ce7660"
"textures\icons\god power snake plague icon.tga","262188","0488de5650ffaafbd471ab289a997c22315419160103b05cdbad528998ce7660"
"textures\icons\god power son of osiris icon 64.tga","262188","615e32775c9f7675a08c4f31eb04a9ec88464adf3951725771d9a7425db64dea"
"textures\icons\god power son of osiris icon.tga","262188","615e32775c9f7675a08c4f31eb04a9ec88464adf3951725771d9a7425db64dea"
"textures\icons\god power spider eggs icons 32.tga","262188","c0d4eb63eaef8437fdea8016f84ca042c5294fb6f9083ca9506a0fd5daa4bc59"
"textures\icons\god power spider eggs icons 64.tga","262188","c0d4eb63eaef8437fdea8016f84ca042c5294fb6f9083ca9506a0fd5daa4bc59"
"textures\icons\god power spy icon 64.tga","262188","a2aac8bfe5590c06f6210e1e58e0a20777a1e7f69225fb00fc22f7e43cf5e2e1"
"textures\icons\god power spy icon.tga","262188","a2aac8bfe5590c06f6210e1e58e0a20777a1e7f69225fb00fc22f7e43cf5e2e1"
"textures\icons\god power tartarian gate icons 32.tga","262188","db6a1f619576949a030388aba72c1ed6fe4dc50aa862b89ec771ffd82de3d1f8"
"textures\icons\god power tartarian gate icons 64.tga","262188","db6a1f619576949a030388aba72c1ed6fe4dc50aa862b89ec771ffd82de3d1f8"
"textures\icons\god power thunder clap icons 32.tga","262188","fa2be075d18a77f51a8ec842142e43253213285f26658a65575f2fff1f464927"
"textures\icons\god power thunder clap icons 64.tga","262188","fa2be075d18a77f51a8ec842142e43253213285f26658a65575f2fff1f464927"
"textures\icons\god power timber icon.tga","262188","e0865aa89c8018d12a340fda5decf2ff463e1ee6ab0c8e2898c448fb44957a13"
"textures\icons\god power tornado icon 64.tga","262188","b76f7898973658384db472bcb7dd2b8ee1e84cc1ef1e9647f5eac68ade953297"
"textures\icons\god power tornado icon.tga","262188","b76f7898973658384db472bcb7dd2b8ee1e84cc1ef1e9647f5eac68ade953297"
"textures\icons\god power traitors icons 32.tga","262188","f828503c14a36c30ebf35ebb850210194b04cbb379288e8e6c37ca1e8e4856bd"
"textures\icons\god power traitors icons 64.tga","262188","f828503c14a36c30ebf35ebb850210194b04cbb379288e8e6c37ca1e8e4856bd"
"textures\icons\god power trap door spiders icons 32.tga","262188","c0d4eb63eaef8437fdea8016f84ca042c5294fb6f9083ca9506a0fd5daa4bc59"
"textures\icons\god power trap door spiders icons 64.tga","262188","c0d4eb63eaef8437fdea8016f84ca042c5294fb6f9083ca9506a0fd5daa4bc59"
"textures\icons\god power undermine icon 64.tga","262188","1935e18e867af286d9df62d5affcd774f2bcae9d15276b13fc8d9d99cfbd642b"
"textures\icons\god power undermine icon.tga","262188","1935e18e867af286d9df62d5affcd774f2bcae9d15276b13fc8d9d99cfbd642b"
"textures\icons\god power underworld passage icon 64.tga","262188","4d68eb0914303604a47f62c56f6baf36b3f8888e7cf9c541fc3d32fa1b39d5b9"
"textures\icons\god power underworld passage icon.tga","262188","4d68eb0914303604a47f62c56f6baf36b3f8888e7cf9c541fc3d32fa1b39d5b9"
"textures\icons\god power uproot icon.tga","262188","0526cddd62dbaaecfa13fc131956730fba60621f3e881229707489bd5f98e6ea"
"textures\icons\god power valor icons 32.tga","262188","6bb7750b20cf164097020304e0c08e52de0ac7fe11c6046b0816fe66189c95c4"
"textures\icons\god power valor icons 64.tga","262188","6bb7750b20cf164097020304e0c08e52de0ac7fe11c6046b0816fe66189c95c4"
"textures\icons\god power vision icon 64.tga","262188","0439cf67a5c4ae8bc93130952cdda4015e0fcf4f2f8254324fb493fb65d5592e"
"textures\icons\god power vision icon.tga","262188","0439cf67a5c4ae8bc93130952cdda4015e0fcf4f2f8254324fb493fb65d5592e"
"textures\icons\god power vortex icons 32.tga","262188","a1ff695d30ac0099c52e5c63343b8a809ac56591b343ac8c2a54d7c888c6019b"
"textures\icons\god power vortex icons 64.tga","262188","a1ff695d30ac0099c52e5c63343b8a809ac56591b343ac8c2a54d7c888c6019b"
"textures\icons\god power walking woods icon 64.tga","262188","3f3da2172ef97aa5d63b2237a499df696c32813e71190f87b7cbbcb3ecb30e5c"
"textures\icons\god power walking woods icon.tga","262188","3f3da2172ef97aa5d63b2237a499df696c32813e71190f87b7cbbcb3ecb30e5c"
"textures\icons\god power wonder deconstruction icons 32.tga","262188","86310ade0f54f7273facc1800ae0e0e39d504a6536df1cf10d1c41f167ed9afa"
"textures\icons\god power wonder deconstruction icons 64.tga","262188","86310ade0f54f7273facc1800ae0e0e39d504a6536df1cf10d1c41f167ed9afa"
"textures\icons\gold.tga","65580","15f2a6f7e79ef38306084f5f5b934529197e6cb245fc0a55cc28334a8bd63d01"
"textures\icons\guard.tga","65580","e66d8d3fa1d71682416148877e37c3d0036d4ae6e406b22b9f8cfb8d571dd3be"
"textures\icons\hero c general icon.tga","262188","755b23ff41df5e17cb42087c12b7a54a44ee348ca16b891b346f96c4ed2d6f45"
"textures\icons\hero c immortal icon.tga","262188","208317e950345a68e20afe1c5696c8cb2aad18b1c093f5f6e42f189c3fddc558"
"textures\icons\hero c monk icon.tga","262188","51c60eb1685dc23dd47e7fa9a2bdf050e0f7ae8afd64b723e3a92d55151288a8"
"textures\icons\hero g achilles icon 64.tga","262188","5848de943b6eb560e07bcd0e0c3f350dd2e0133c440484d47fa6dcb696892090"
"textures\icons\hero g achilles.tga","262188","5848de943b6eb560e07bcd0e0c3f350dd2e0133c440484d47fa6dcb696892090"
"textures\icons\hero g ajax icon 64.tga","262188","fa7ad63a7ff6de4e407b43c812e0c4afe46dc235724153a4feb5b8e4f9e186e9"
"textures\icons\hero g ajax.tga","262188","fa7ad63a7ff6de4e407b43c812e0c4afe46dc235724153a4feb5b8e4f9e186e9"
"textures\icons\hero g atalanta icon 64.tga","262188","ed7e16ddb058d6737d8f6a723c05eff7fa8108d5abf06f910dc7aaf28cdd014c"
"textures\icons\hero g atalanta icon.tga","262188","ed7e16ddb058d6737d8f6a723c05eff7fa8108d5abf06f910dc7aaf28cdd014c"
"textures\icons\hero g atalanta.tga","65580","5653627eb0304944441682ae2e5b1a6dcfd354eb370749bed23efc442c1ebfcf"
"textures\icons\hero g bellerophon icon 64.tga","262188","dd24ddde439fd0f9efc61685fdd586612a38d443374d67b870f6d378a7421dd6"
"textures\icons\hero g bellerophon.tga","262188","dd24ddde439fd0f9efc61685fdd586612a38d443374d67b870f6d378a7421dd6"
"textures\icons\hero g chiron icon 64.tga","262188","2814599fc62c07756e78aee90003d8fd1d8c4ab8f5a7ceb72575500331ba21f6"
"textures\icons\hero g chiron.tga","262188","2814599fc62c07756e78aee90003d8fd1d8c4ab8f5a7ceb72575500331ba21f6"
"textures\icons\hero g circe icon 64.tga","262188","32e6634a93c13f70c590653844089377ff765b4b16e4fae218ca70810e29aa4a"
"textures\icons\hero g circe.tga","262188","32e6634a93c13f70c590653844089377ff765b4b16e4fae218ca70810e29aa4a"
"textures\icons\hero g heracles.tga","262188","3b02f3f31ec018a062835d2c6de268b73652c92dad475609460f2290e495ffd5"
"textures\icons\hero g hercules icon 64.tga","262188","3b02f3f31ec018a062835d2c6de268b73652c92dad475609460f2290e495ffd5"
"textures\icons\hero g hippolyta.tga","262188","e97bef926478410c38028f4e9459ff4b81ec9a07abc0cca74a324f8599e4a2da"
"textures\icons\hero g hyppolyta icon 64.tga","262188","e97bef926478410c38028f4e9459ff4b81ec9a07abc0cca74a324f8599e4a2da"
"textures\icons\hero g icon.tga","65580","09957258fede11a00f045d0255ff2d651d5d9ebbbe26a689789fe8491e8d82e2"
"textures\icons\hero g jason icon 64.tga","262188","6a5f065e41a4429645208a425c930af14caa3a32a08ff4f42b195eb5365e449c"
"textures\icons\hero g jason.tga","262188","6a5f065e41a4429645208a425c930af14caa3a32a08ff4f42b195eb5365e449c"
"textures\icons\hero g oddeysseus.tga","262188","462aaa4674b0970d123ccade1a0934d489e440105d22b513f6ea76938e7af720"
"textures\icons\hero g odysseus icon 64.tga","262188","462aaa4674b0970d123ccade1a0934d489e440105d22b513f6ea76938e7af720"
"textures\icons\hero g perseus icon 64.tga","262188","080ba466615c2edf60f28ded9b79c493160d2c9f167b93b532d0987d8f046c22"
"textures\icons\hero g perseus icon.tga","262188","080ba466615c2edf60f28ded9b79c493160d2c9f167b93b532d0987d8f046c22"
"textures\icons\hero g physician icon.tga","262188","111e6e252556a102dc3e1dd19bf0b76cec090983ed53c8ec42aa2557a0b9aa49"
"textures\icons\hero g polyphemus icon 64.tga","262188","83ffad764255d4273046a52545294a2563e23edfa2bfaecd267704eb90a884aa"
"textures\icons\hero g polyphemus.tga","262188","83ffad764255d4273046a52545294a2563e23edfa2bfaecd267704eb90a884aa"
"textures\icons\hero g theseus icon 64.tga","262188","293ceb07370aa4d7432165af30b3158eb0122bbbcfa9276f37f18928eb46d1fb"
"textures\icons\hero g theseus.tga","262188","293ceb07370aa4d7432165af30b3158eb0122bbbcfa9276f37f18928eb46d1fb"
"textures\icons\hero n hersir icon 64.tga","262188","f9d62ff48560affde59f3f8dd6967f17cd783aeafcf8068974faaa9e756985fe"
"textures\icons\hero n hersir icon.tga","262188","f9d62ff48560affde59f3f8dd6967f17cd783aeafcf8068974faaa9e756985fe"
"textures\icons\hero n ragnarok icon 64.tga","262188","4facf15aa256ad15fb2579ea512dbaf1ce9cfa0122289916c3bb0b57ffb7ab9d"
"textures\icons\hero n ragnarok icon.tga","262188","4facf15aa256ad15fb2579ea512dbaf1ce9cfa0122289916c3bb0b57ffb7ab9d"
"textures\icons\icon achievement age 1.tga","65580","e84090c5d3a95223c7cabc5deffa662d054e1cbceb253994441ba8a70388250d"
"textures\icons\icon achievement age 2.tga","65580","0488038e2fb5ffadc66ca4281d389e7559a8aa3c0aed49b74f85c59f3f8e2c24"
"textures\icons\icon achievement age 3.tga","65580","79493eb2e2c751c9ee60776b575b60b18ee0955d18fc9205da9fddc920a744b0"
"textures\icons\icon achievement age 4.tga","65580","5a69d20e8ce8ca329e5d22d6a8bed3d674d29f7aae1f85a0e4321c19f29d13f8"
"textures\icons\icon bamboo tree.tga","262188","59f3c7a6e91989700b89eee7b4e821396c08747fab6b9c23f08c539585a92e42"
"textures\icons\icon building academy.tga","262188","da18344095c91fe4cb7f8adfbc77f1b57c8aed3e569f53fd53b385fe4ddf642f"
"textures\icons\icon building archery range.tga","262188","93467ab01ba2a003ca12cd40e4a1f5d1e59a86a2e310eae54aa1db6c573a8691"
"textures\icons\icon building armory.tga","262188","2ed7340f467e51f9a0ca2cabac1c64830e5650a6730642ce7c466ff7308c5cc7"
"textures\icons\icon building ballista tower 64.tga","262188","2a0632f9a21d26881ebe2c2db1b178f60de4ad8c9ee761922e94da1480f1eef6"
"textures\icons\icon building ballista tower.tga","262188","2a0632f9a21d26881ebe2c2db1b178f60de4ad8c9ee761922e94da1480f1eef6"
"textures\icons\icon building barracks.tga","262188","8734b081634f0477b29fda7c7321d996d167ab0d1da48426fe6a3cf3846ca63d"
"textures\icons\icon building charioteria.tga","65580","8c3d31cd27deb8bc0fede01c822132ec7bd3eeb7b6ee2fb39d09b8c7be1e3ab5"
"textures\icons\icon building dock.tga","262188","5837f48a673bd7e9c18f11a737950f3d0c0d29a41d930fd044d32773dc461836"
"textures\icons\icon building egypt migdol 64.tga","262188","e733a72855ef3ea6a0a9ea15dc5d6225b0e7988b0e831c10a0943fcc4a63f14b"
"textures\icons\icon building egypt migdol.tga","262188","e733a72855ef3ea6a0a9ea15dc5d6225b0e7988b0e831c10a0943fcc4a63f14b"
"textures\icons\icon building farm 64.tga","262188","5d97f8f68ac54faa43b4d5422d97057368d994fbef656b959ab0828a4eaac6c8"
"textures\icons\icon building farm.tga","262188","5d97f8f68ac54faa43b4d5422d97057368d994fbef656b959ab0828a4eaac6c8"
"textures\icons\icon building forge.tga","65580","ce4a6f7a8f425a13e4d963db8ca97927118c28ac5b4bdb9b32bded2d27bbfc10"
"textures\icons\icon building fortress.tga","65580","00c3006109055ae551debbcb55309b5641be89e91d67ca177eddad9727c5a74c"
"textures\icons\icon building granary.tga","262188","defd646b65a563379355ff9f18b2048816bebbec55cafde4bb021074af72f261"
"textures\icons\icon building greek fortress 64.tga","262188","2eb267a6246d61d12768738d6dfb859ecbdc51a55ecb3c38a373d61ce1c31bcd"
"textures\icons\icon building greek fortress.tga","262188","2eb267a6246d61d12768738d6dfb859ecbdc51a55ecb3c38a373d61ce1c31bcd"
"textures\icons\icon building guard tower.tga","65580","fd44d4b6e4536752e30b7bcc9dfa371d9f77d5571ca7967294ab74d64187241c"
"textures\icons\icon building house 64.tga","262188","4e185040084414d9746ca72a2e35e6fd6e109f99a42fa7f0efaa9eaa78102c0a"
"textures\icons\icon building house.tga","262188","4e185040084414d9746ca72a2e35e6fd6e109f99a42fa7f0efaa9eaa78102c0a"
"textures\icons\icon building lighthouse 64.tga","262188","c14e4eb46c16f79dd2f368d0e570ec5f1a4eaaa7301810b118e97b1bb14118f7"
"textures\icons\icon building lighthouse.tga","262188","c14e4eb46c16f79dd2f368d0e570ec5f1a4eaaa7301810b118e97b1bb14118f7"
"textures\icons\icon building lumbercamp.tga","262188","04e63f241dc322fa8c8d52d8cc033f1e4c3d2fe72f15a1dfdc3331b1195f6a67"
"textures\icons\icon building market 64.tga","262188","01a4b1d3aacff9354eaf266d8a906fd74df0aef781736d31541be637bbe8353b"
"textures\icons\icon building market.tga","262188","01a4b1d3aacff9354eaf266d8a906fd74df0aef781736d31541be637bbe8353b"
"textures\icons\icon building mine.tga","65580","aa84cff242c3cecfc55e55d61d4f0b81bbe41fae417a110372c293ee017dc6a3"
"textures\icons\icon building mining camp 64.tga","262188","533ef4033e985b816c25a541676e9f272966ec90904778d57c15a88fced787d8"
"textures\icons\icon building mining camp.tga","262188","533ef4033e985b816c25a541676e9f272966ec90904778d57c15a88fced787d8"
"textures\icons\icon building monument.tga","65580","1809bcef27eeb851d33dc1d93518784cdb1a6f6c01b79ecce3925c3908f73dd4"
"textures\icons\icon building norse fortress 64.tga","262188","bd9da264246a2b2e19c56298f77e11e53d4fee963f9e02093440cfdfd5d13343"
"textures\icons\icon building norse fortress.tga","262188","bd9da264246a2b2e19c56298f77e11e53d4fee963f9e02093440cfdfd5d13343"
"textures\icons\icon building outpost.tga","262188","34c904eec65124206a098506244e44f6c042b555b912aa77cb47364c2ef27cb3"
"textures\icons\icon building range.tga","65580","cdb4679b540de725b77c66325725bb90ca67f86fd68e8dc5cda4ce3b50adcff6"
"textures\icons\icon building shrine 64.tga","262188","06146cb1e55786c4db9f3aa685e4eda4cb23281d97b686981ab4ef73953404fa"
"textures\icons\icon building siege camp.tga","262188","606df9517ede955656b3066a5612e3c8db15f08acf837b06eb25a550f85b13d1"
"textures\icons\icon building stable.tga","262188","19b3b828c0bef4c64967f1861efdfa45203f3f128d9378c525f6ed32e3c51b5a"
"textures\icons\icon building storehouse.tga","262188","53fc51bf67571a0a1d0586b825083fe0023366d7bebdc51ecb4c14b456154a6b"
"textures\icons\icon building temple 64.tga","262188","1c89f42d29dbfcb3bf83da6f46a150828c8d60bd1f1e73306c7c5015a69f452f"
"textures\icons\icon building temple.tga","262188","1c89f42d29dbfcb3bf83da6f46a150828c8d60bd1f1e73306c7c5015a69f452f"
"textures\icons\icon building wall to gate 64.tga","262188","bd24031ab0e47cb3bbfbebb6e87b5a64a125609318499995c76adce6b05322cb"
"textures\icons\icon building wall to gate.tga","262188","bd24031ab0e47cb3bbfbebb6e87b5a64a125609318499995c76adce6b05322cb"
"textures\icons\icon building wonder 64.tga","262188","322c4f15a46e6c65519f942664478a50fa8b3cea9578a20f00f3fe08e687336b"
"textures\icons\icon building wonder.tga","262188","322c4f15a46e6c65519f942664478a50fa8b3cea9578a20f00f3fe08e687336b"
"textures\icons\icon building wooden fence 64.tga","262188","5d6a63f4c686b1301902a925bcc78a80b6f8e26644dd96f487769ffa09869ae2"
"textures\icons\icon building wooden fence.tga","262188","5d6a63f4c686b1301902a925bcc78a80b6f8e26644dd96f487769ffa09869ae2"
"textures\icons\icon c titan gate placement.tga","1048620","a6598384776e1c2da1a48304052fb12ed6cf3a49c6564716f26ecfe4dceebb68"
"textures\icons\icon camera fast forward.tga","65580","9dccf05bfd2307d7d6b608f81fec7d5b9849280371ee8d58cbc9ce3b9b792df1"
"textures\icons\icon camera pause.tga","65580","391b2efe3caf17aee635af060e990339ebbb360b18c6543862f20a21d1443901"
"textures\icons\icon camera play.tga","65580","7fc6da939715a1d3620495ae21abd5aa7c4ecbb20b08ec9b9c76fff2d1b57d32"
"textures\icons\icon camera reverse.tga","65580","cfc8ec1c84d5e9910bba8ea5b581782e44493871089fdb0e39614db49f8c6c57"
"textures\icons\icon camera step backward.tga","65580","ef70a5898884e29557cf93680fac77c6787b7134cdc89ea22ea48d1fe5ba1d83"
"textures\icons\icon camera step forward.tga","65580","acf13f72cc1ac1d718f7f092d367a2b54a87e934f401e1224dfbe310a4e1e18d"
"textures\icons\icon camera stop.tga","65580","58767c1da404e36b19211f9328ba8e29a730749ff19a3cbd8f878c62c9947da8"
"textures\icons\icon class anti archer.tga","65580","ecddaabdcc623f675ae8e2121111251c9831baeac3097f75c4ac201848fd52a9"
"textures\icons\icon class anti building.tga","65580","48c1b4de1c8dc40cf196b3337ce007c0f961876f73aafaed6495a585437d2d7e"
"textures\icons\icon class anti cavalry.tga","65580","c4b69ad857169711eff9d1e1a6d2b3905fbf55e60a0b13572f2656dd132b246a"
"textures\icons\icon class anti infantry.tga","65580","36e80595167f389b9a6db87d58aa279c3fe6cc9c02c70b073f349f1a49b9ccf7"
"textures\icons\icon class anti monster.tga","65580","b12e93f41315db49d4054e746a8b7ef0dc8f2dc308c42a21ac7ab61d0e50a822"
"textures\icons\icon class anti siege.tga","65580","90d3877ca2a8d3f213c0d8cf18d153d55a766a8c087dfca1ecb9945f4d85d885"
"textures\icons\icon class archery.tga","65580","4070aba50e93f0bb2dc4b36dfebcd3f3d4754ac1cf4e620b549571a787121764"
"textures\icons\icon class building.tga","65580","31945ec273023b3c486c479bb7bf51389f2c2a1c5abba53ac388edafbf806aea"
"textures\icons\icon class cavalry.tga","65580","f7adc71873fa684d6e6059ace359dbbc8efa0d9b38b9e22125612a4034b8a583"
"textures\icons\icon class civilian.tga","65580","33811bea3abce3dc8cbb8621136179c6ec84a8066feca1918844f5958b323f4a"
"textures\icons\icon class crush.tga","65580","4c1dbaf4f631274d456288f91cd5e4fd89ec04aa5f0bdbb80c9ad1411d48b0d2"
"textures\icons\icon class dangerous animal.tga","65580","a9c03fd29d8e014c5302bf93785b441dda84a64c0951d5ea352c6ebf546e5bfd"
"textures\icons\icon class harmless animal.tga","65580","b85968e5bc0678e73dfec8333b5260bf555200b947b8cc9ac180cacc22bfdcac"
"textures\icons\icon class infantry.tga","65580","7152cd62df1b08bbf62a5ce9d74940dcfb3a91a6629256609d6e2e147b0ab331"
"textures\icons\icon class monster.tga","65580","8906047b0c807353e286baf020c2071822d3d67f69884da53b3593f4afc9a66a"
"textures\icons\icon class siege.tga","65580","b0b32d3bb31ed1d8a1118fd797e5894dcb58c8009034ca45785819f71f4cee9f"
"textures\icons\icon debug minimap.tga","4140","953d5bbd8a916e6aad0fee7416e02ed6541e659a2ce4716178ad4f44a561b96d"
"textures\icons\icon e titan gate placement.tga","1048620","836208ea3de34d14477b498838baafdc63c2952909094bbed38f20c41268c7ed"
"textures\icons\icon g titan gate placement.tga","1048620","9633b74a0bce39b57f9c0e386152df09fc19e8ce593eda548b56424d36acc386"
"textures\icons\icon gold mine 64.tga","262188","180161ecbd740fa77ecf81e9441a12ff2fa463d5f4ddf84a5cb5a78eedf5f9d5"
"textures\icons\icon gold mine.tga","262188","180161ecbd740fa77ecf81e9441a12ff2fa463d5f4ddf84a5cb5a78eedf5f9d5"
"textures\icons\icon marsh tree icons 32.tga","262188","d5680105b6086731188b3347874eaebd7f2cde233142a9b90e750021495d0bd3"
"textures\icons\icon marsh tree icons 64.tga","262188","d5680105b6086731188b3347874eaebd7f2cde233142a9b90e750021495d0bd3"
"textures\icons\icon n titan gate placement.tga","1048620","6564d9bb871dac039d56f2eaae580b68a1025b961df0d55fa41561805c60b54f"
"textures\icons\icon oak tree 64.tga","262188","fa348c4fa9c5fd1abeac79852f37171e53c0b0a21c641126e70a7f09c8ad638a"
"textures\icons\icon oak tree.tga","262188","fa348c4fa9c5fd1abeac79852f37171e53c0b0a21c641126e70a7f09c8ad638a"
"textures\icons\icon object fountain 64.tga","262188","ced09d6a979572fcd26a38c0c4fd69a499bd41cc99d54c0f838a4ac0144bc4a4"
"textures\icons\icon object stat armor normal.tga","16428","04545b449e90f2b51ebf4a4fba34842701b44c5e0a15b3a31fa82794a2b9c2a7"
"textures\icons\icon object stat armor pierce.tga","16428","5445932cb71d1d50913d3c7f909f539dec6680e1666ca5b819c7644949c64ae2"
"textures\icons\icon object stat attack crush.tga","16428","7bcdd7e75901d26cabe1a38e399a1682d986f0fc63a6db3d10c78b32c5528742"
"textures\icons\icon object stat attack normal.tga","16428","5fdbd7d7fa1e4d3d4630db18bd7e8f02f76ce80bbbcae788ffc49bd9b6ba308a"
"textures\icons\icon object stat attack pierce.tga","16428","76b850b1eb5f7b5d8603225e47028978d9cd0368a1a71e12a0e84ba9bc20788d"
"textures\icons\icon object stat capacity.tga","16428","282fe02ba0c1785ee840725d23aa64ef5477f19ceaecce31283dc019eab77fc8"
"textures\icons\icon object stat flying.tga","65580","d09ce7276f2df469e456a99f58235e8c840d21fac7357d3a6326314173fc8549"
"textures\icons\icon object stat hit point.tga","16428","d0184b3de9a19f046ea0bb7c659c6a3a2f2fdd4b176ddc3a50e722c72731cddc"
"textures\icons\icon object stat infantry.tga","65580","a48e6caebfe7a6d733020a43259ef75fbf4ac383344768e5fef2f037c1ca76ad"
"textures\icons\icon object stat range normal.tga","16428","c8b3db1fbdcbd49995a12a0d0a2f540e7a76fc91380152ecd1ad671f3266c444"
"textures\icons\icon object stat range.tga","16428","d7e50326dd3b94a71fce785f2b9ca6f323295cedbd32ee0522e6c4334ffb8e03"
"textures\icons\icon object stat ship.tga","65580","f9b94870ac6214e006deba547dea4589e19a1e69617e3255bdf32761a2b5340b"
"textures\icons\icon object stat siege.tga","65580","4acc5eb6d3effd6b00eb46d0969a8981323ca9a05620c832bd46babe5e31a6f9"
"textures\icons\icon palm tree 64.tga","262188","27fc900369c048f3011bcbf51e8c9b0a252bea45b27e3d38aab2b10ded8ca1e9"
"textures\icons\icon palm tree.tga","262188","27fc900369c048f3011bcbf51e8c9b0a252bea45b27e3d38aab2b10ded8ca1e9"
"textures\icons\icon pine snow tree 64.tga","262188","726ebf33509c4ab1ce30d11736f3d723c001c932371297e9bf8e0219243bdd01"
"textures\icons\icon pine tree 64.tga","262188","b11ddd9dd6b34416acdf82c757d84aee4d4d75acfc46c6a39b44b706b468f941"
"textures\icons\icon pine tree.tga","262188","b11ddd9dd6b34416acdf82c757d84aee4d4d75acfc46c6a39b44b706b468f941"
"textures\icons\icon resource favor full.tga","32812","38db902d08e445c1af999887d2bdc8061d03d06a8820a28b3bf5fa20b4c931b0"
"textures\icons\icon resource favor.tga","32812","d18652a1fc75dcc88fa84ceb7b00712fb7879d025f7862b254b0bd4c8b42a89d"
"textures\icons\icon resource food.tga","32812","a31072ed64a0da896d65064bbc821ddb23b4e190c108188dd213bb4165c2c482"
"textures\icons\icon resource gold.tga","32812","4f027acb6858386c38f07ffb0e8cea80efd9f86a3d001ec897d7b02ceb451dec"
"textures\icons\icon resource population.tga","32812","5be45e6c65d6929e78ea3378510a59d42f3fac0f12f77b5ebf44fef739942b83"
"textures\icons\icon resource wood.tga","32812","3ecbe7375d0eff88df9eaebcab97f01cdaec2dac4df8df36fa92158e165c1a42"
"textures\icons\icon savannah tree 64.tga","262188","cd7d04a46063f31d00f9d0a48296468ec1ec9ad393c7e4703a0e5e0976c3f7c8"
"textures\icons\icon savannah tree.tga","262188","cd7d04a46063f31d00f9d0a48296468ec1ec9ad393c7e4703a0e5e0976c3f7c8"
"textures\icons\icon settlement.tga","16428","17800dc039cdffb7f9a473459a15b98bf8484852b6ea70fff5908e066f32b719"
"textures\icons\icon settlementminimap 4x4.tga","1068","1c84ef002a2601a9910803f76af1e95d50fa9379e5e2ca9c1314b2dd906bc812"
"textures\icons\icon settlementminimap.tga","4140","f2b1506c67cb27bf56bd0248d1bc4a4a3c9b05bb1589e5c4f52d765d517dbcb3"
"textures\icons\icon titangate.tga","16428","841dd3b315832c1f2dbd867f5bb2d4182aaa0b78c3f8ce6de7751050d59b382b"
"textures\icons\icon titanminimap 8x8.tga","4140","89bb50742093172c3d2823c3cdf3307427bd7d190cdaac96ac88b8bf78b862b6"
"textures\icons\icon tundra tree icons 32.tga","262188","1cda777248535611b523f8703e84148064e283b2853a41332202607955b8c1dc"
"textures\icons\icon tundra tree icons 64.tga","262188","1cda777248535611b523f8703e84148064e283b2853a41332202607955b8c1dc"
"textures\icons\icon unit relic.tga","65580","a6bbd728ac4c9c8d470dee7049004e153cdebcb04e65f5d13bfceb24e5a62f58"
"textures\icons\icon wonderminimap 8x8.tga","4140","d70fac57736858283398383686b79b24c17ebf706fe7bf405b9a9fa537bf93ee"
"textures\icons\icon wonderminimap.tga","16428","b9cadf04c9a629d221e1161de8162ed48b88d16aa9c565b9e40bcd90c733dca4"
"textures\icons\icon x titan gate placement.tga","1048620","93ce2faa9cf71bb54776302855dfd229456a4ba34638094e86adc741900c826d"
"textures\icons\improvement acupuncture icon.tga","230444","7a08025cc736df4f59146a863986266597d302c44fb2dbd3e3f7ec2de1cbe091"
"textures\icons\improvement adze of wepwawet icon 64.tga","262188","ee14d4ac7d1fe7b7ae76dde1fa302ae0aeeb26048c5d70c1dddf09808a8d82b3"
"textures\icons\improvement adze of wepwawet icon.tga","262188","ee14d4ac7d1fe7b7ae76dde1fa302ae0aeeb26048c5d70c1dddf09808a8d82b3"
"textures\icons\improvement aegis shield icon.tga","65580","30fff5c6694847cdb9162a73d65c5f7b213dd15f47a0a0d98398d1aeb4b12c7f"
"textures\icons\improvement ageis shield icon 64.tga","65580","30fff5c6694847cdb9162a73d65c5f7b213dd15f47a0a0d98398d1aeb4b12c7f"
"textures\icons\improvement alluvial clay icons 32.tga","262188","72f8a2f8c90a3926d147ffb5d7b7f059a150aedd5219922e0e9379b925af2baa"
"textures\icons\improvement alluvial clay icons 64.tga","262188","72f8a2f8c90a3926d147ffb5d7b7f059a150aedd5219922e0e9379b925af2baa"
"textures\icons\improvement ambassadors icon 64.tga","262188","f900c301d30fb9992b5695a9495053fab4e290a24d8004cdbf006dc59f7773bc"
"textures\icons\improvement ambassadors icon.tga","262188","f900c301d30fb9992b5695a9495053fab4e290a24d8004cdbf006dc59f7773bc"
"textures\icons\improvement anastrophe icon 64.tga","262188","ce1de433730a892a589b20d07e3be5108bc102ba42a18ba6b0b0fe978753773b"
"textures\icons\improvement anastrophe icon.tga","262188","ce1de433730a892a589b20d07e3be5108bc102ba42a18ba6b0b0fe978753773b"
"textures\icons\improvement ancient destroyer icon.tga","262188","a1013ea482e7eea7b70464b19f792bb2bc11ff7e5f6be8961c50535d69ee7e2e"
"textures\icons\improvement anubis icon.tga","262188","c5665bb874dc39eadeec603b8d41345e27012a93249e90997417692c112f7cbe"
"textures\icons\improvement aokuang icon.tga","262188","2296d9d28bd75cc90d76ecdb1fcc27769b5d5a8e84ff2b99274ba8d779d8bb11"
"textures\icons\improvement aphrodite icon.tga","262188","8161dc2db29e4759e29ea7e78a4c5b2f19089979d0ab79445dd619b1fe6bf52c"
"textures\icons\improvement apollo icon.tga","262188","151918867b423dec20fc6d91ee1f62dbfcb9cbb47946b592c7836006f9d667e3"
"textures\icons\improvement architects icon 64.tga","262188","c67f971adc50c456f9f1e207877fcdbfc9faf09e4502400e648169d093863f9b"
"textures\icons\improvement architects icon.tga","262188","c67f971adc50c456f9f1e207877fcdbfc9faf09e4502400e648169d093863f9b"
"textures\icons\improvement arctic gale icon 64.tga","262188","cc6293200f3f3ecfb17d96eabc16086b3669a0c8c46c97ad6ddc4ca30772ad46"
"textures\icons\improvement arctic gale icon.tga","262188","cc6293200f3f3ecfb17d96eabc16086b3669a0c8c46c97ad6ddc4ca30772ad46"
"textures\icons\improvement arctic wind icon 64.tga","262188","c8100c259799c908ac1eb029d39d142581f78f6e9906d2f5584f46ffa1eddf3a"
"textures\icons\improvement arctic wind icon.tga","262188","c8100c259799c908ac1eb029d39d142581f78f6e9906d2f5584f46ffa1eddf3a"
"textures\icons\improvement ares icon.tga","262188","8625232636aa044c98f5a6e5fa1941f0ce81e79c011e66a1cd151158e8427f75"
"textures\icons\improvement artemis icon.tga","262188","2c8854f5f6297204b3696d96302b47189e9de01bf1007df38353f2687ada3de0"
"textures\icons\improvement asper blood icons 32.tga","262188","7e2ae2050cf54c8c945831c1a503ff85c096959ed52fc398067bef3e9f34b4c2"
"textures\icons\improvement asper blood icons 64.tga","262188","7e2ae2050cf54c8c945831c1a503ff85c096959ed52fc398067bef3e9f34b4c2"
"textures\icons\improvement atef crown icon 64.tga","262188","ecec6a4c5350643d9f3ecabf4501a94590a18fcb82466ba23ee46db5268f29c9"
"textures\icons\improvement atef crown icon.tga","262188","ecec6a4c5350643d9f3ecabf4501a94590a18fcb82466ba23ee46db5268f29c9"
"textures\icons\improvement athena icon.tga","262188","e384c0163334ca6c01dd84eff2fecab5dfdd9bb13634342271029fbcfe6cb721"
"textures\icons\improvement athenian wall icon 64.tga","262188","a9bbc32529e235887db6a454e05665a854657fba2c740e12ea0c0d3700b8f0eb"
"textures\icons\improvement athenian wall icon.tga","262188","a9bbc32529e235887db6a454e05665a854657fba2c740e12ea0c0d3700b8f0eb"
"textures\icons\improvement aurora borealis icon.tga","262188","4243b3602ec3d7fb8af3f66be1f38f5c92087eb288b58b368e5eefcadad73b76"
"textures\icons\improvement aurora borealis icon64.tga","262188","4243b3602ec3d7fb8af3f66be1f38f5c92087eb288b58b368e5eefcadad73b76"
"textures\icons\improvement axe of muspell icons 32.tga","262188","e06ba68285f9ffb4094017cf17f51f65c6240611a8bd20166e376198330bab84"
"textures\icons\improvement axe of muspell icons 64.tga","262188","e06ba68285f9ffb4094017cf17f51f65c6240611a8bd20166e376198330bab84"
"textures\icons\improvement bacchanalia icon 64.tga","262188","7706b698178dee9ea9fd540c2ae7b91ce0d873ed77297da4e6e842164ec89268"
"textures\icons\improvement bacchanalia icon.tga","262188","7706b698178dee9ea9fd540c2ae7b91ce0d873ed77297da4e6e842164ec89268"
"textures\icons\improvement back to work icon.tga","65580","9719f23fca1a7b542c7a53fe7c5c7a450dfb6003e33f4b65223ffb74c4161702"
"textures\icons\improvement baldr icon.tga","262188","58ea2511d5aad1ffb842db6708bf44e4dea5bec5e042276bb09d4db77d87b4c0"
"textures\icons\improvement ballista tower icon 64.tga","262188","db6fa8c2d10be8c646ec10b7d0c3904d329d8e09fa2315e7907cfa94522d3fc3"
"textures\icons\improvement ballista tower icon.tga","262188","db6fa8c2d10be8c646ec10b7d0c3904d329d8e09fa2315e7907cfa94522d3fc3"
"textures\icons\improvement bast icon.tga","262188","04153a49c8fd00211cb448ae089b0767fcf39566f18a3640171873dbeaf3885c"
"textures\icons\improvement beast slayer icons 32.tga","262188","d9d429e9cc86b97ab131c628bb2d921982f5eb3746a8d96f66f0bc5aef608b39"
"textures\icons\improvement beast slayer icons 64.tga","262188","d9d429e9cc86b97ab131c628bb2d921982f5eb3746a8d96f66f0bc5aef608b39"
"textures\icons\improvement berserkergang icon 64.tga","262188","9c8306dc40aec49eaefc26248b2b929db74289a10d830712b5d17102ed2aa2e9"
"textures\icons\improvement berserkergang icon.tga","262188","9c8306dc40aec49eaefc26248b2b929db74289a10d830712b5d17102ed2aa2e9"
"textures\icons\improvement bite of the shark icons 32.tga","262188","edb2600fda6060235b78550be6c4b9ccac08985a0e2e26d4d287168aa7d12c1c"
"textures\icons\improvement bite of the shark icons 64.tga","262188","edb2600fda6060235b78550be6c4b9ccac08985a0e2e26d4d287168aa7d12c1c"
"textures\icons\improvement blessing icon.tga","65580","8d9b0ba3f866734e882d4078e526405117fb6a43e8a696e7137d1ecd65707474"
"textures\icons\improvement bone bow icon 64.tga","262188","05acf9ceb72031c1190519a1e1c41cc432b6e961ee015deea2265f1f86e275a3"
"textures\icons\improvement bone bow icon.tga","262188","05acf9ceb72031c1190519a1e1c41cc432b6e961ee015deea2265f1f86e275a3"
"textures\icons\improvement bone oracle script icon.tga","262188","e3c87ff9f3add4566289557ad5e82e50a14f3103dee12ebc7c6e8eebacced4d3"
"textures\icons\improvement book of thoth icon 64.tga","262188","5584b71a7c969f5867755452daecaa45b9abcc81f5b949585182d2a843bf36e6"
"textures\icons\improvement book of thoth icon.tga","262188","5584b71a7c969f5867755452daecaa45b9abcc81f5b949585182d2a843bf36e6"
"textures\icons\improvement bountiful harvest icon 64.tga","262188","0c3db6124b10008e8156a6c3fd28649fc6a7f2ca3be1d77a8db86f2d77a0b648"
"textures\icons\improvement bountiful harvest icon.tga","262188","0c3db6124b10008e8156a6c3fd28649fc6a7f2ca3be1d77a8db86f2d77a0b648"
"textures\icons\improvement bow saw icon 64.tga","262188","43da107a0810688f452d45af947b03be75c347616e3ea65b4706d1fdb7bbbf4a"
"textures\icons\improvement bow saw icon.tga","262188","43da107a0810688f452d45af947b03be75c347616e3ea65b4706d1fdb7bbbf4a"
"textures\icons\improvement bragi icon.tga","262188","5dca85aa96baa5b6c1e84552646db3eed4d0829754ca0a0c9d95d8c084bbcb60"
"textures\icons\improvement bravery icon 64.tga","262188","24c550c008b97a8909ea68e5ee28984cceda4e41b9707d31508dc73a1628e7cd"
"textures\icons\improvement bravery icon.tga","262188","24c550c008b97a8909ea68e5ee28984cceda4e41b9707d31508dc73a1628e7cd"
"textures\icons\improvement bronze colossus icon 64.tga","262188","4459f6d62c35d5936d196710d4d43385a743c5345f894a20d5aa9191535ac9e9"
"textures\icons\improvement bronze colossus icon.tga","262188","4459f6d62c35d5936d196710d4d43385a743c5345f894a20d5aa9191535ac9e9"
"textures\icons\improvement bronze mail icon 64.tga","262188","7858f158f5ad5799989e4c75c557e2a3e0838c6a32e19ecec2c9534e21542d93"
"textures\icons\improvement bronze mail icon.tga","262188","7858f158f5ad5799989e4c75c557e2a3e0838c6a32e19ecec2c9534e21542d93"
"textures\icons\improvement bronze shields icon 64.tga","262188","9fe42d5bf1b6e1973021a4af4cd32df5a430c87ff1d5223ec26be96e4dda81f7"
"textures\icons\improvement bronze shields icon.tga","262188","9fe42d5bf1b6e1973021a4af4cd32df5a430c87ff1d5223ec26be96e4dda81f7"
"textures\icons\improvement bronze wall icons 128.tga","65580","10fa525daf1c92a517a2605b06ec5f1a2de12d54bc972e080bf81fc16394649e"
"textures\icons\improvement bronze wall icons 32.tga","262188","3cac2127be9472e0c807fec19662d769e564dee9a2ec0f4dd46b91dc031715c0"
"textures\icons\improvement bronze wall icons 64.tga","262188","3cac2127be9472e0c807fec19662d769e564dee9a2ec0f4dd46b91dc031715c0"
"textures\icons\improvement bronze weapons icon 64.tga","262188","2c2ae2928be3faed72f9a39b8ba5e5e558ea8019ddf4a1f985d3c3eb690c2550"
"textures\icons\improvement bronze weapons icon.tga","262188","2c2ae2928be3faed72f9a39b8ba5e5e558ea8019ddf4a1f985d3c3eb690c2550"
"textures\icons\improvement bull minotaur icon 64.tga","262188","fd952b7648790be8677a7734d2970f135573eca15e0414ba167edfaceb4be2b9"
"textures\icons\improvement bull minotaur icon.tga","262188","fd952b7648790be8677a7734d2970f135573eca15e0414ba167edfaceb4be2b9"
"textures\icons\improvement burials icon.tga","262188","75796d083098640c44dc9483218e13bf8be77b29e47ba081c30a28e9ca53dd8e"
"textures\icons\improvement burning pitch icon 64.tga","262188","4c962236ebb871eddcc3af419da67165ead86409c94d545daa0a458c0e85d9bf"
"textures\icons\improvement burning pitch icon.tga","262188","4c962236ebb871eddcc3af419da67165ead86409c94d545daa0a458c0e85d9bf"
"textures\icons\improvement call of valhalla icon 64.tga","262188","4298703d94ef1e0a6557e4073340afb689e56c009171b1f9bc1bf68064efc866"
"textures\icons\improvement call of valhalla icon.tga","262188","4298703d94ef1e0a6557e4073340afb689e56c009171b1f9bc1bf68064efc866"
"textures\icons\improvement cancel town bell icon.tga","65580","c96c6e73370c955004a206427041e94fbc2477534628b37aea0916ba1e3454d8"
"textures\icons\improvement carpenters icon 64.tga","262188","c87fc53ee8ad3f244e9940c338c5701404523c8a2b5fee82bd4d049457a4ff9d"
"textures\icons\improvement carpenters icon.tga","262188","c87fc53ee8ad3f244e9940c338c5701404523c8a2b5fee82bd4d049457a4ff9d"
"textures\icons\improvement carrier pigeons icon 64.tga","262188","d3a5a58af74a1e1277411094d517fc5169c06e14f22f8eda5f69daaed2771b28"
"textures\icons\improvement carrier pigeons icon.tga","262188","d3a5a58af74a1e1277411094d517fc5169c06e14f22f8eda5f69daaed2771b28"
"textures\icons\improvement celerity icons 32.tga","262188","5e63df751268337b350f4ce135f246f5b7d87f02fb2a4f4aa8eb97c23cea2f6e"
"textures\icons\improvement celerity icons 64.tga","262188","5e63df751268337b350f4ce135f246f5b7d87f02fb2a4f4aa8eb97c23cea2f6e"
"textures\icons\improvement celestial palace icon.tga","262188","49f6e74b713da8b26bf5404286f103cfa3a9cf248eb9f7be124f202c4429f5db"
"textures\icons\improvement champion archer icon 64.tga","262188","e6435db8fcdcc1d5b088a4102733e62fe568a922c72e2b9bb3bdad1adf613a42"
"textures\icons\improvement champion archer icon.tga","262188","e6435db8fcdcc1d5b088a4102733e62fe568a922c72e2b9bb3bdad1adf613a42"
"textures\icons\improvement champion axemen icon 64.tga","262188","e08c77141a4495d88a5fcfadd385b2f4627af39711bb38de140274f86c300634"
"textures\icons\improvement champion axemen icon.tga","262188","e08c77141a4495d88a5fcfadd385b2f4627af39711bb38de140274f86c300634"
"textures\icons\improvement champion barracks icon.tga","262188","add2a1b82db29a0968bddd537d8ad2e1d63faae576c3239c1256fb93b986013b"
"textures\icons\improvement champion camelry icon 64.tga","262188","1189e4fc2cff0b83c9a95aa5de42d25ee9f8fae83fa37f0ce3c03ed39d4dbed4"
"textures\icons\improvement champion camelry icon.tga","262188","1189e4fc2cff0b83c9a95aa5de42d25ee9f8fae83fa37f0ce3c03ed39d4dbed4"
"textures\icons\improvement champion cavalry icon 64.tga","262188","594e56c40605c45036c08ed1143d6385e239623f412378bebc288d483ffdde0f"
"textures\icons\improvement champion cavalry icon.tga","262188","594e56c40605c45036c08ed1143d6385e239623f412378bebc288d483ffdde0f"
"textures\icons\improvement champion chariots icon 64.tga","262188","e488053a03b6084ecc1fbc54b081690cc83a3887d079cec645565dc41939dc19"
"textures\icons\improvement champion chariots icon.tga","262188","e488053a03b6084ecc1fbc54b081690cc83a3887d079cec645565dc41939dc19"
"textures\icons\improvement champion chieroballista icons 32.tga","262188","e40fccc58e5834bd74dc9500f08fcb1e42e80c0a57faf9f57d6bf63693d28a88"
"textures\icons\improvement champion chieroballista icons 64.tga","262188","e40fccc58e5834bd74dc9500f08fcb1e42e80c0a57faf9f57d6bf63693d28a88"
"textures\icons\improvement champion elephant icon 64.tga","262188","8c0bc77873eb858e0899d8bca27c8e5e0faf42cf51842fbec31c086bb3fcdb96"
"textures\icons\improvement champion elephant icon.tga","262188","8c0bc77873eb858e0899d8bca27c8e5e0faf42cf51842fbec31c086bb3fcdb96"
"textures\icons\improvement champion infantry icon 64.tga","262188","62114af8610db00363a40a997802eab7ffdf8e6acbe98ad3c6a509734d7bcbfa"
"textures\icons\improvement champion infantry icon.tga","262188","62114af8610db00363a40a997802eab7ffdf8e6acbe98ad3c6a509734d7bcbfa"
"textures\icons\improvement champion khopesh icon.tga","262188","2260d188daba13b0f93410c07d87d86919291f69075349d4e50289b0bf927702"
"textures\icons\improvement champion slinger icon 64.tga","262188","a1a12871aaa29771e1a76d5471b5476ecf7a982af6b9d69c3e84f20149e1568f"
"textures\icons\improvement champion slinger icon.tga","262188","a1a12871aaa29771e1a76d5471b5476ecf7a982af6b9d69c3e84f20149e1568f"
"textures\icons\improvement champion spearmen icon 64.tga","262188","f6a66c5be40b06f034b52fab28b2d18394e946cbc16a416955ef78bae1e481d2"
"textures\icons\improvement champion spearmen icon.tga","262188","f6a66c5be40b06f034b52fab28b2d18394e946cbc16a416955ef78bae1e481d2"
"textures\icons\improvement change icon.tga","262188","8e79737b58b2e3db0e9f823e6ddf481eb8d0d75d6dab4e90ed092cde2aa4991a"
"textures\icons\improvement channels icons 32.tga","262188","191b0874def199a34ebe37a18ba796a2a1735018670c1dfb394af4bacd299240"
"textures\icons\improvement channels icons 64.tga","262188","191b0874def199a34ebe37a18ba796a2a1735018670c1dfb394af4bacd299240"
"textures\icons\improvement chongli icon.tga","262188","e8ca0ae4f2c7a720e0d3f54141d0918a1aca4f59debf21c10f8d696650febf91"
"textures\icons\improvement citadel wall icon 64.tga","262188","273ca1c0dfa370b0d8289e9943ca76aa70b2f7059ec3699cc971c4b1776ca4ff"
"textures\icons\improvement citadel wall icon.tga","262188","273ca1c0dfa370b0d8289e9943ca76aa70b2f7059ec3699cc971c4b1776ca4ff"
"textures\icons\improvement city of the dead icon 64.tga","262188","2ef1681d86f4407a418aac75a4085e4b73fd5292a519a82af74a2ec4e6c4d53b"
"textures\icons\improvement city of the dead icon.tga","262188","2ef1681d86f4407a418aac75a4085e4b73fd5292a519a82af74a2ec4e6c4d53b"
"textures\icons\improvement cladding icon 64.tga","262188","fd8f1ab2851824ffe8e201cdbdb63ad2acd44bc1c1d7b99b5a6c2f7878b2da91"
"textures\icons\improvement cladding icon.tga","262188","fd8f1ab2851824ffe8e201cdbdb63ad2acd44bc1c1d7b99b5a6c2f7878b2da91"
"textures\icons\improvement coinage icon 64.tga","262188","c7dfbc287aebb3ef7fb32be8fd180d362bb2e22ca6d5ef9c6133c78aa589a016"
"textures\icons\improvement coinage icon.tga","262188","c7dfbc287aebb3ef7fb32be8fd180d362bb2e22ca6d5ef9c6133c78aa589a016"
"textures\icons\improvement conscript archers icon 64.tga","262188","62a966461dd00c29f707d4a6f7c051188886461549da1c96bccf6d87cbec78a1"
"textures\icons\improvement conscript archers icon.tga","262188","62a966461dd00c29f707d4a6f7c051188886461549da1c96bccf6d87cbec78a1"
"textures\icons\improvement conscript barracks icon.tga","262188","1d98f9dcb62a32194a231f960bd2caa6401fef52522a24ae4d56104ed5a8c4fa"
"textures\icons\improvement conscript barracks soldiers icon.tga","262188","1d98f9dcb62a32194a231f960bd2caa6401fef52522a24ae4d56104ed5a8c4fa"
"textures\icons\improvement conscript cavalry icon 64.tga","262188","1641e16a3bea3966f67cf5b325a34f082be85e6e07953ca5cb07ec7fb3001d18"
"textures\icons\improvement conscript cavalry icon.tga","262188","1641e16a3bea3966f67cf5b325a34f082be85e6e07953ca5cb07ec7fb3001d18"
"textures\icons\improvement conscript hillfort icon.tga","262188","eb65070c28937d662714f431bdfa088ef49b5a52012ff17321393a36c2c6d948"
"textures\icons\improvement conscript hillfort solders icon.tga","262188","eb65070c28937d662714f431bdfa088ef49b5a52012ff17321393a36c2c6d948"
"textures\icons\improvement conscript infantry icon 64.tga","262188","0d5bad55d4d04ccc1eba8ee27afd86bb979855466176eabde388cd37c61956c8"
"textures\icons\improvement conscript infantry icon.tga","262188","0d5bad55d4d04ccc1eba8ee27afd86bb979855466176eabde388cd37c61956c8"
"textures\icons\improvement conscript longhouse icon.tga","262188","954a055fa05eb1e3856d0108f1d89b4292ac7bb74d3cdb9e0eb42e35f5daa2cb"
"textures\icons\improvement conscript longhouse soldiers icon.tga","262188","954a055fa05eb1e3856d0108f1d89b4292ac7bb74d3cdb9e0eb42e35f5daa2cb"
"textures\icons\improvement conscript mainline icons 32.tga","262188","0248ca921e88f171913bb454b4dbe7ca474c9511af1d056c551543b4a01e7fc9"
"textures\icons\improvement conscript mainline icons 64.tga","262188","0248ca921e88f171913bb454b4dbe7ca474c9511af1d056c551543b4a01e7fc9"
"textures\icons\improvement conscript migdol icon.tga","262188","9734353bffd935b348076a2d428e2c1a096ea7c9f2131ae417293606df3fc89e"
"textures\icons\improvement conscript migdol soldiers icon.tga","262188","9734353bffd935b348076a2d428e2c1a096ea7c9f2131ae417293606df3fc89e"
"textures\icons\improvement conscript naval icon 64.tga","262188","81012a721f38f5eda82cc9554af1247ebe0debac4f8bfa7086a7cbdb019caa81"
"textures\icons\improvement conscript naval icon.tga","262188","81012a721f38f5eda82cc9554af1247ebe0debac4f8bfa7086a7cbdb019caa81"
"textures\icons\improvement conscript palace icons 32.tga","262188","ed7fe2d91a38422262e825bebdd00f7845543de0416cd1f4d98cec6868be1a8b"
"textures\icons\improvement conscript palace icons 64.tga","262188","ed7fe2d91a38422262e825bebdd00f7845543de0416cd1f4d98cec6868be1a8b"
"textures\icons\improvement conscript specialty icons 32.tga","262188","46b55efd07e282f64a5d6c0ec52efba35fdc57982d414d93309c14a307e98c57"
"textures\icons\improvement conscript specialty icons 64.tga","262188","46b55efd07e282f64a5d6c0ec52efba35fdc57982d414d93309c14a307e98c57"
"textures\icons\improvement copper mail icon 64.tga","262188","672026a12f9b4f0c3af85d5b2634c29c03d86cccdc7bc1a02882d23b12b6b30a"
"textures\icons\improvement copper mail icon.tga","262188","672026a12f9b4f0c3af85d5b2634c29c03d86cccdc7bc1a02882d23b12b6b30a"
"textures\icons\improvement copper shields icon 64.tga","262188","5bbc759b5d75ab42222894e263284fa427a1996c2089f211ac96a3eb715cef5d"
"textures\icons\improvement copper shields icon.tga","262188","5bbc759b5d75ab42222894e263284fa427a1996c2089f211ac96a3eb715cef5d"
"textures\icons\improvement copper weapons icon 64.tga","262188","6e56ee549f9ea51712e4cd7e1756949bb6281f006770405f374af4219924b4ac"
"textures\icons\improvement copper weapons icon.tga","262188","6e56ee549f9ea51712e4cd7e1756949bb6281f006770405f374af4219924b4ac"
"textures\icons\improvement crenelations icon 64.tga","262188","0c5be4e1c4e8f3627991ecf9f75ce2519e7605f236687af81a323dedfba6f3a2"
"textures\icons\improvement crenelations icon.tga","262188","0c5be4e1c4e8f3627991ecf9f75ce2519e7605f236687af81a323dedfba6f3a2"
"textures\icons\improvement crio sphinx icon 64.tga","262188","7b409296833c4fd63f822eca0c624f7152cf7fed3a44fe9d4705de3f674f1ba1"
"textures\icons\improvement crio sphinx icon.tga","262188","7b409296833c4fd63f822eca0c624f7152cf7fed3a44fe9d4705de3f674f1ba1"
"textures\icons\improvement crocodopolis icon 64.tga","262188","2647518ca31ebb6af17a7b4dcf5e38671e2a27ae49a4f66e9bd9e76680140885"
"textures\icons\improvement crocodopolis icon.tga","262188","2647518ca31ebb6af17a7b4dcf5e38671e2a27ae49a4f66e9bd9e76680140885"
"textures\icons\improvement dabogong icon.tga","262188","58ab4986d7384d647fee86c123b999db6d08ea100b082e44dac9529871f97643"
"textures\icons\improvement deimos sword of dread icon 64.tga","262188","1a64b40da4dac6a3e1990ba9343f2442a06aaef4bd2588a04b314f95ad25d5d6"
"textures\icons\improvement deimos sword of dread icon.tga","262188","1a64b40da4dac6a3e1990ba9343f2442a06aaef4bd2588a04b314f95ad25d5d6"
"textures\icons\improvement demon slayer icon.tga","262188","112d03b8cbcceb61374f763a2bb5fc9e445b95a9d26a251a8188c9f227d06e22"
"textures\icons\improvement desert wind icon 64.tga","262188","b96c4290383afe436ad5eb327c6e3f841796c4ece785cac9238c33d41988956c"
"textures\icons\improvement desert wind icon.tga","262188","b96c4290383afe436ad5eb327c6e3f841796c4ece785cac9238c33d41988956c"
"textures\icons\improvement dionysos icon.tga","262188","59c52753a70688c8506086201a003a15c87378f43da584f20ad01170d481cdca"
"textures\icons\improvement divine blood icon icon 64.tga","262188","43fe5d9142529e20857f01f140b349633fab3e5d0a1af54934c1975aab4b59da"
"textures\icons\improvement divine blood icon.tga","262188","43fe5d9142529e20857f01f140b349633fab3e5d0a1af54934c1975aab4b59da"
"textures\icons\improvement domestication icon.tga","262188","3a1c33352bb9459a2152fcf804da1b7caa7885f068aa838b2eb20898080d6e0c"
"textures\icons\improvement draft horses icon 64.tga","262188","845e862045bc226ed98ea9e1d341d1e71902e4283840a62703ac9ee3a29af1fa"
"textures\icons\improvement draft horses icon.tga","262188","845e862045bc226ed98ea9e1d341d1e71902e4283840a62703ac9ee3a29af1fa"
"textures\icons\improvement dragon scales icon.tga","262188","1a86fe330b4e8f9fd8c9bec2fb8aecf71250f36a16adce9fd83468f698756673"
"textures\icons\improvement dragonscale shields icon 64.tga","262188","6984cd398c9e8123f81c1a35e75f04df82cfc27fe897c990ea8372951b72d8c2"
"textures\icons\improvement dwarven auger icon 64.tga","262188","7515c2798822986e0154a562fac41e495272abb0db7c6661de4f30bd41f78f3c"
"textures\icons\improvement dwarven auger icon.tga","262188","7515c2798822986e0154a562fac41e495272abb0db7c6661de4f30bd41f78f3c"
"textures\icons\improvement dwarven mail icon 64.tga","262188","db12fd24379f74df5c441c2240764c4c7b2bcd9dba9453f21f591e4cdde77000"
"textures\icons\improvement dwarven mail icon.tga","262188","db12fd24379f74df5c441c2240764c4c7b2bcd9dba9453f21f591e4cdde77000"
"textures\icons\improvement dwarven shields icon 64.tga","262188","6984cd398c9e8123f81c1a35e75f04df82cfc27fe897c990ea8372951b72d8c2"
"textures\icons\improvement dwarven shields icon.tga","262188","6984cd398c9e8123f81c1a35e75f04df82cfc27fe897c990ea8372951b72d8c2"
"textures\icons\improvement dwarven weapons icon 64.tga","262188","bbe2f187102893d76263cb35e41896e47eb9601b64cd835f24e551c6ea14c277"
"textures\icons\improvement dwarven weapons icon.tga","262188","bbe2f187102893d76263cb35e41896e47eb9601b64cd835f24e551c6ea14c277"
"textures\icons\improvement earthen wall icon.tga","262188","74c64007a8104681c6f3387b02b91616a2debbb05b2c5b092f16898f23de1e6c"
"textures\icons\improvement east sea icon.tga","262188","83c95bf8a7ab19741ce8c1ee49f47a71ad3c9ec224c8fab52af8002b07468344"
"textures\icons\improvement electrum bullets icon 64.tga","262188","6f718c5a4892be1d63d0332896cb5ea0b0c86d619ca86848f5219b04b25b2efc"
"textures\icons\improvement electrum bullets icon.tga","262188","6f718c5a4892be1d63d0332896cb5ea0b0c86d619ca86848f5219b04b25b2efc"
"textures\icons\improvement elixir of immortality icon.tga","262188","efb4b63b3bc3d485094f8bcb27f2967375b246b4d4ef0a25ee14978935a48d2b"
"textures\icons\improvement elminer kettle icon 64.tga","262188","b44d21eac77cb9ef264e181d9c7a7106706886e223c66a66ceb2ce9859c459ad"
"textures\icons\improvement elminer kettle icon.tga","262188","b44d21eac77cb9ef264e181d9c7a7106706886e223c66a66ceb2ce9859c459ad"
"textures\icons\improvement enclosed decks icon 64.tga","262188","3623029dea8b3218b6fc7f1a931a76e1a1bd6dc24054f365bc09a8ecd58ee11e"
"textures\icons\improvement enclosed decks icon.tga","262188","3623029dea8b3218b6fc7f1a931a76e1a1bd6dc24054f365bc09a8ecd58ee11e"
"textures\icons\improvement engineers icon 64.tga","262188","487befd5b4b307f0dad498fd4113fbf546ee9ec409fb0dd2ed199f29ea8d2ad8"
"textures\icons\improvement engineers icon.tga","262188","487befd5b4b307f0dad498fd4113fbf546ee9ec409fb0dd2ed199f29ea8d2ad8"
"textures\icons\improvement enyos bow of horror icon 64.tga","262188","ffe4e0b374dc0e32c088522d2855c63ed373d96341371c536340c7bc1597119e"
"textures\icons\improvement enyos bow of horror icon.tga","262188","ffe4e0b374dc0e32c088522d2855c63ed373d96341371c536340c7bc1597119e"
"textures\icons\improvement eyes in the forest icon 64.tga","262188","c2f8080a827707b6a9c59a8b97fff6e8c524e9f869ee0b25ee6a5ef9afadd172"
"textures\icons\improvement eyes in the forest icon.tga","262188","c2f8080a827707b6a9c59a8b97fff6e8c524e9f869ee0b25ee6a5ef9afadd172"
"textures\icons\improvement eyes of atlas icons 32.tga","262188","a7ae74a3e94e67d885a54f3bb3b26b37aad99a16efb760a1f0b2daa2f4980995"
"textures\icons\improvement eyes of atlas icons 64.tga","262188","a7ae74a3e94e67d885a54f3bb3b26b37aad99a16efb760a1f0b2daa2f4980995"
"textures\icons\improvement face of the gorgon icon 64.tga","262188","b5317ca945635afedec27b539aecffff5387f238944a7938e0ee0b24f79e6a49"
"textures\icons\improvement face of the gorgon icon.tga","262188","b5317ca945635afedec27b539aecffff5387f238944a7938e0ee0b24f79e6a49"
"textures\icons\improvement feet of the jackal icon 64.tga","262188","4527621edb808704a4c45b029d0374a723cede175cff770961536eaefc04b1f8"
"textures\icons\improvement feet of the jackal icon.tga","262188","4527621edb808704a4c45b029d0374a723cede175cff770961536eaefc04b1f8"
"textures\icons\improvement feral icon 64.tga","262188","c74b84f0afb2c463c8cd60cde7d3bb7ac818d27b7fb800abd090dc560e8dcade"
"textures\icons\improvement feral icon.tga","262188","c74b84f0afb2c463c8cd60cde7d3bb7ac818d27b7fb800abd090dc560e8dcade"
"textures\icons\improvement five grains icon.tga","262188","5a03ed81d93d02ee6b6dbd22327d582e8fbc18f4c634ca67126cf4c28534f5ef"
"textures\icons\improvement flames of typhon icon.tga","262188","3478b21a75db7f287e98f163ea682bbf99a1022f14c1f635bb73f033df1558bc"
"textures\icons\improvement flood control icon 64.tga","262188","0ad4c8a14656f3a5ccb9f51333ab7a732d3a04ad3e03fb5e6e98e66f46cff326"
"textures\icons\improvement flood control icon.tga","262188","0ad4c8a14656f3a5ccb9f51333ab7a732d3a04ad3e03fb5e6e98e66f46cff326"
"textures\icons\improvement flood of the nile icon 64.tga","262188","9c3f122fff0f647f22fba591c716ccceb3559974b3a19e1fab07807b83130a55"
"textures\icons\improvement flood of the nile icon.tga","262188","9c3f122fff0f647f22fba591c716ccceb3559974b3a19e1fab07807b83130a55"
"textures\icons\improvement focus icons 32.tga","262188","a613421d8e82be49d552ffe236cf00be24c0f3626387dd303a8158c686362720"
"textures\icons\improvement focus icons 64.tga","262188","a613421d8e82be49d552ffe236cf00be24c0f3626387dd303a8158c686362720"
"textures\icons\improvement forge of olympus icon 64.tga","262188","5763bd5b0b1326b693c27a493b518021b6b1e5fd42c590df2f165b44b87e1924"
"textures\icons\improvement forge of olympus icon.tga","262188","5763bd5b0b1326b693c27a493b518021b6b1e5fd42c590df2f165b44b87e1924"
"textures\icons\improvement forseti icon.tga","262188","57a63f1546e6abeb4066d1f3d19a2662474cab7923bdc8f14e84d372d64ad274"
"textures\icons\improvement fortified town center icon 64.tga","262188","d0f9082fcc38444298e362f5a2f31f3896fdb1425f8c10a2de47f95696409be8"
"textures\icons\improvement fortified town center icon.tga","262188","d0f9082fcc38444298e362f5a2f31f3896fdb1425f8c10a2de47f95696409be8"
"textures\icons\improvement fortified wall icon 64.tga","262188","194ba4f8531a644becabbb26161dfcb8d8a0562ed1fd7f6dcd427db717ca1043"
"textures\icons\improvement fortified wall icon.tga","262188","194ba4f8531a644becabbb26161dfcb8d8a0562ed1fd7f6dcd427db717ca1043"
"textures\icons\improvement freyja icon.tga","262188","e7b29e5144a5b0c8a6dc9a3bca908184c5d44e31ba29091848a6112439a1c98c"
"textures\icons\improvement frigg icon.tga","262188","81f154d16dd95a848112a5d9e573c48b88d91c6dd262168b8ffec5d3d59eeb5c"
"textures\icons\improvement funeral barge icon 64.tga","262188","edfa244157d288ea9df911d0a434e89d18e5191a002bef42c1a02028c5f130d2"
"textures\icons\improvement funeral barge icon.tga","262188","edfa244157d288ea9df911d0a434e89d18e5191a002bef42c1a02028c5f130d2"
"textures\icons\improvement funeral rites icon 64.tga","262188","772ae3f3a7531289f4dea096237f7c1f24e0106c3ba40111d3d5bf87b0ab826d"
"textures\icons\improvement funeral rites icon.tga","262188","772ae3f3a7531289f4dea096237f7c1f24e0106c3ba40111d3d5bf87b0ab826d"
"textures\icons\improvement garrison icon.tga","65580","cea4a50640a1cc9a092a2fdd682a16f64f462bc1d0de931b58faf7be2bd7a441"
"textures\icons\improvement gemino icons 32.tga","262188","bd947a3d0838519604623084c103d12a2d3d01047ede3c3a776f01a0559bacbf"
"textures\icons\improvement gemino icons 64.tga","262188","bd947a3d0838519604623084c103d12a2d3d01047ede3c3a776f01a0559bacbf"
"textures\icons\improvement golden apples icon 64.tga","262188","8c43e2f4ae0f71a43f37ebe87cf97f00180d6a587cfc4d7a167c9b16a0bd61d4"
"textures\icons\improvement golden apples icon.tga","262188","8c43e2f4ae0f71a43f37ebe87cf97f00180d6a587cfc4d7a167c9b16a0bd61d4"
"textures\icons\improvement golden banded staff icon.tga","262188","d6774fe0b3b2c4da71baa64ae95e93613b176b1f694065a13692ed454ec9def9"
"textures\icons\improvement golden peaches icon.tga","262188","baa3f4f990326d555bcbc3a22036bf7da5e95b143b50b38453e5e81264439959"
"textures\icons\improvement granite blood icon 64.tga","262188","28e8f33d76210079416ecffa63ef5ac09b112d7831763380c010a29d560f8e44"
"textures\icons\improvement granite blood icon.tga","262188","28e8f33d76210079416ecffa63ef5ac09b112d7831763380c010a29d560f8e44"
"textures\icons\improvement great wall icon.tga","262188","e3ccbd2767d4988c5bf10b89f030ecc920a3915dd3ed1585aa927dd46fbe78c8"
"textures\icons\improvement greatest of fifty icon 64.tga","262188","f0c46ed87902123c852d55a81fa7de20cb45d19b9ad57a278847d6bbebf057e2"
"textures\icons\improvement greatest of fifty icon.tga","262188","f0c46ed87902123c852d55a81fa7de20cb45d19b9ad57a278847d6bbebf057e2"
"textures\icons\improvement guard icon 64.tga","262188","ce44e4276f2ac6ffd479977be95190b36d25f3bb98b8deb2cec7d4fb05d07c6b"
"textures\icons\improvement guard icon.tga","262188","ce44e4276f2ac6ffd479977be95190b36d25f3bb98b8deb2cec7d4fb05d07c6b"
"textures\icons\improvement guard tower icon 64.tga","262188","7c86d3a3354c9177170b8464e98152ff71db007bfad35130db3c7e81b60373ef"
"textures\icons\improvement guard tower icon.tga","262188","7c86d3a3354c9177170b8464e98152ff71db007bfad35130db3c7e81b60373ef"
"textures\icons\improvement guardian icons 32.tga","262188","162397dfee701f8fb1fdcf43da79d6ae2b4c00422f65dcb3829ab93d48047e5c"
"textures\icons\improvement guardian icons 64.tga","262188","162397dfee701f8fb1fdcf43da79d6ae2b4c00422f65dcb3829ab93d48047e5c"
"textures\icons\improvement hall of thanes icon 64.tga","262188","26da62cc5f400091e96fd1a3a1008cc7c875571e81e29538c002db08e02d4fa5"
"textures\icons\improvement hall of thanes icon.tga","262188","26da62cc5f400091e96fd1a3a1008cc7c875571e81e29538c002db08e02d4fa5"
"textures\icons\improvement halo of the sun icons 32.tga","262188","2d365223ab243fab5dde881544173fcae105e5b57cbe8e878e064251c5f03032"
"textures\icons\improvement halo of the sun icons 64.tga","262188","2d365223ab243fab5dde881544173fcae105e5b57cbe8e878e064251c5f03032"
"textures\icons\improvement hamar troll icon 64.tga","262188","204bb7e6ac0b7f41e9bf399191d580a95d85e2cc6c0bf931734af2c269af8116"
"textures\icons\improvement hamar troll icon.tga","262188","204bb7e6ac0b7f41e9bf399191d580a95d85e2cc6c0bf931734af2c269af8116"
"textures\icons\improvement hand axe icon 64.tga","262188","2cb6415d34a7e9813f92ebdfcc36a67175e90a4f75a9192e72e47b742bb58e44"
"textures\icons\improvement hand axe icon.tga","262188","2cb6415d34a7e9813f92ebdfcc36a67175e90a4f75a9192e72e47b742bb58e44"
"textures\icons\improvement hands of the pharaoh icons 32.tga","262188","c781fbd4d36fb0a5b33417fd03e156d109b0f0c271ae01040abd22faff43c94f"
"textures\icons\improvement hands of the pharaoh icons 64.tga","262188","c781fbd4d36fb0a5b33417fd03e156d109b0f0c271ae01040abd22faff43c94f"
"textures\icons\improvement hathor icon.tga","262188","1014680ce2312368849f3a9e2107aa759fa8c366a66bd557a791035e7e40a258"
"textures\icons\improvement heart of the titans icons 32.tga","262188","3dd3f05a627ab012308924a306bec1aaf507197843dfb2a42d9de6168a58161f"
"textures\icons\improvement heart of the titans icons 64.tga","262188","3dd3f05a627ab012308924a306bec1aaf507197843dfb2a42d9de6168a58161f"
"textures\icons\improvement heavenly fire icon.tga","262188","225dd9337d5c6da51d31ed9e39b2701a773d6243327eb674a8363cf387ed3252"
"textures\icons\improvement heavy archer icon 64.tga","262188","27ed0f0d175bafb7facfc4a38af528264f11a58e0e184a066f19e257119ce1ae"
"textures\icons\improvement heavy archer icon.tga","262188","27ed0f0d175bafb7facfc4a38af528264f11a58e0e184a066f19e257119ce1ae"
"textures\icons\improvement heavy axemen icon 64.tga","262188","f3e134d3ab936f10d150d199614ae9f246bc33564dfcbef11d4c125e4f68d3b5"
"textures\icons\improvement heavy axemen icon.tga","262188","f3e134d3ab936f10d150d199614ae9f246bc33564dfcbef11d4c125e4f68d3b5"
"textures\icons\improvement heavy barracks icon.tga","262188","7336628402f327af07600bb4f7375d4a009e1bf1fb24c9a9784cb18a3830ac93"
"textures\icons\improvement heavy camelry icon.tga","262188","448f325e65afa77aefeffdae2d6f263ec4ec18ba989bca3c94c843d35da73b86"
"textures\icons\improvement heavy cavalry icon 64.tga","262188","f59e18045c622186adda29ceb52d495b1494b3fe42be5b2c0016d1dc1918d244"
"textures\icons\improvement heavy cavalry icon.tga","262188","f59e18045c622186adda29ceb52d495b1494b3fe42be5b2c0016d1dc1918d244"
"textures\icons\improvement heavy chariots icon 64.tga","262188","c144e0c2d25ad1b9183acdb8f4961390cc44ae3aec7edf49f5d78ac9139bd37a"
"textures\icons\improvement heavy chariots icon.tga","262188","c144e0c2d25ad1b9183acdb8f4961390cc44ae3aec7edf49f5d78ac9139bd37a"
"textures\icons\improvement heavy chieroballista icons 32.tga","262188","c451b1039893814ac4983d17bbaa3ce47a490fe1df5254caa43c46d010960fb3"
"textures\icons\improvement heavy chieroballista icons 64.tga","262188","c451b1039893814ac4983d17bbaa3ce47a490fe1df5254caa43c46d010960fb3"
"textures\icons\improvement heavy elephant icon 64.tga","262188","36249801a3f9ff5e1373a4959998b04722e5bcb9312335c158b83b7ccf07e573"
"textures\icons\improvement heavy elephant icon.tga","262188","36249801a3f9ff5e1373a4959998b04722e5bcb9312335c158b83b7ccf07e573"
"textures\icons\improvement heavy fireships icons 32.tga","262188","bc507552594dac885f8fb0558705843b0205b079652f55314bd203d96b42deeb"
"textures\icons\improvement heavy fireships icons 64.tga","262188","bc507552594dac885f8fb0558705843b0205b079652f55314bd203d96b42deeb"
"textures\icons\improvement heavy infantry icon 64.tga","262188","14efc386b75dd27f1685e47a489b81bfc9f811ead6fa0402bfcdba90210ec2fb"
"textures\icons\improvement heavy infantry icon.tga","262188","14efc386b75dd27f1685e47a489b81bfc9f811ead6fa0402bfcdba90210ec2fb"
"textures\icons\improvement heavy khopesh icon.tga","262188","999f49c482a61c3a3b4505ca0bcf6a753c8105d6ebe608ba8eb80450d76505d5"
"textures\icons\improvement heavy slinger icon 64.tga","262188","2a184b5ec3afd6717aa3020fc09624d20bf141f88ed8ec0d7109cab019b2ca3e"
"textures\icons\improvement heavy slinger icon.tga","262188","2a184b5ec3afd6717aa3020fc09624d20bf141f88ed8ec0d7109cab019b2ca3e"
"textures\icons\improvement heavy spearmen icon 64.tga","262188","4476462223ec183c1dbd61f5c8b1d50c71ef9e495d3fa5ece847816c955d8653"
"textures\icons\improvement heavy spearmen icon.tga","262188","11e884697e038d0c225663ea2ea8cbc79719096652b0ebcbbce10baa6b10ebe4"
"textures\icons\improvement hebo icon.tga","262188","bf50d00d62e8c99ff2aa71d1ef63ba3cf99ab92e197f38d52ad1003621cec6f3"
"textures\icons\improvement heimdall icon.tga","262188","4c4fb9c87f373b3719b5d72a902e7de33d744ff666e155a17b1f95437c72590c"
"textures\icons\improvement hel icon.tga","262188","f4cd82f252920b58e3970c7c8262e744302f16d370ecaa4054e64c00fa89a4ec"
"textures\icons\improvement hephaestus icon.tga","262188","b410122fc84ac6dfe1861a5cd73064c791e24463008d38c018f3a0bd2ab180df"
"textures\icons\improvement hephaestus revenge icons 32.tga","262188","d775bb9e8263e908f4f1f7196bb7eaea3ae8bb89e25568f0f3ce5b28b3d18a47"
"textures\icons\improvement hephaestus revenge icons 64.tga","262188","d775bb9e8263e908f4f1f7196bb7eaea3ae8bb89e25568f0f3ce5b28b3d18a47"
"textures\icons\improvement hera icon.tga","262188","90c2b9745a801c9b1189ffed4ce977679f923dac60369ef15d13b6bf81907253"
"textures\icons\improvement hermes icon.tga","262188","d3838aaa5745091813b3efecf842731efaf6247c99c80e01de5f65e4737cca9a"
"textures\icons\improvement heroic fleet icons 32.tga","262188","1d4ec189388e0963b6cc6870549a0530d4b7d80a2e9d41aadfc71ec344d6f3b4"
"textures\icons\improvement heroic fleet icons 64.tga","262188","1d4ec189388e0963b6cc6870549a0530d4b7d80a2e9d41aadfc71ec344d6f3b4"
"textures\icons\improvement heroic renewal icons 32.tga","262188","584a8f895ae85067b03b1ce03b90e0d4266591a3d6b7d8959f21ab659b3a0053"
"textures\icons\improvement heroic renewal icons 64.tga","262188","584a8f895ae85067b03b1ce03b90e0d4266591a3d6b7d8959f21ab659b3a0053"
"textures\icons\improvement hieraco sphinx icon 64.tga","262188","0f5e2fe01a114a5030af1debd11211038a902537742a1800b5e759c95dd3dd46"
"textures\icons\improvement hieraco sphinx icon.tga","262188","0f5e2fe01a114a5030af1debd11211038a902537742a1800b5e759c95dd3dd46"
"textures\icons\improvement horns of consecration icons 32.tga","262188","dcf05d711acbd56cc0550769a5847f44d15c84ba2605887ea8576ec06870d562"
"textures\icons\improvement horns of consecration icons 64.tga","262188","dcf05d711acbd56cc0550769a5847f44d15c84ba2605887ea8576ec06870d562"
"textures\icons\improvement horus icon.tga","262188","000378db0f1ad25b48e69c7394def69655edf916d5e943877e005a7f90580ded"
"textures\icons\improvement house altars icon.tga","262188","6aa46e79fc4bd9e18317bb7be17ef8d88e960b79ed8d69667e350a462fd373f5"
"textures\icons\improvement houyis bow icon.tga","262188","0d99781a514744173dc1b81569490a4857db071c9e5bf2b35810c93b708d3172"
"textures\icons\improvement huangdi icon.tga","262188","ae901b4c370bd914c3900c242b012a4da6f0f2441b277708b4eb7502b33a8f6e"
"textures\icons\improvement hunting dogs icon 64.tga","262188","8cb9c9b8776e756d8b4f7704dd51253a436fc7e80baad5b424e4541c5080e8c8"
"textures\icons\improvement hunting dogs icon.tga","262188","8cb9c9b8776e756d8b4f7704dd51253a436fc7e80baad5b424e4541c5080e8c8"
"textures\icons\improvement huntress axe icon 64.tga","262188","66c585d39f52e3c8f9792c72f167fa4580a225ccb232bf1c3b5d5c8d20980160"
"textures\icons\improvement huntress axe icon.tga","262188","66c585d39f52e3c8f9792c72f167fa4580a225ccb232bf1c3b5d5c8d20980160"
"textures\icons\improvement husbandry icon 64.tga","262188","76e8599f572765f169c26af63a9ebae8c8b140ca2e8e53d811c9ea1a9fbfd912"
"textures\icons\improvement husbandry icon.tga","262188","76e8599f572765f169c26af63a9ebae8c8b140ca2e8e53d811c9ea1a9fbfd912"
"textures\icons\improvement iron colossus icon 64.tga","262188","e713f292354f9293186d1b35b36604e01f7b208db5dc87e6dc97eab5bd75ff9f"
"textures\icons\improvement iron colossus icon.tga","262188","e713f292354f9293186d1b35b36604e01f7b208db5dc87e6dc97eab5bd75ff9f"
"textures\icons\improvement iron mail icon 64.tga","262188","192ca829c1082911e92a506634734ad2651f0b912319d6b1358a5227805758b6"
"textures\icons\improvement iron mail icon.tga","262188","192ca829c1082911e92a506634734ad2651f0b912319d6b1358a5227805758b6"
"textures\icons\improvement iron shields icon 64.tga","262188","d2351983c385657fb0b817ed66be70e6475de541a719e2f31c4439ebb9720a07"
"textures\icons\improvement iron shields icon.tga","262188","d2351983c385657fb0b817ed66be70e6475de541a719e2f31c4439ebb9720a07"
"textures\icons\improvement iron wall icons 128.tga","65580","0154000547a9a48a79cfb012c87c90c7cfaf8e1ed7ab16f79242465577903769"
"textures\icons\improvement iron wall icons 32.tga","262188","8818a9fff50c8d02d4372bf24b5fb9108fa6d92a93b57549b0d9d43a56243565"
"textures\icons\improvement iron wall icons 64.tga","262188","23bc5f344686fbb919368f75562d2e8bdb068d89fbc7b0af5e991c6422bba159"
"textures\icons\improvement iron weapons icon 64.tga","262188","74c1479c2126d6362ba91a2598eac78b7caa94a1d2f55503ac0af085a5847b1a"
"textures\icons\improvement iron weapons icon.tga","262188","74c1479c2126d6362ba91a2598eac78b7caa94a1d2f55503ac0af085a5847b1a"
"textures\icons\improvement irrigation icon 64.tga","262188","20bb56b1897ecec308050bffa91ae1f370e3ffbd8fbf2a18f4d4b61ae4a3d17c"
"textures\icons\improvement irrigation icon.tga","262188","20bb56b1897ecec308050bffa91ae1f370e3ffbd8fbf2a18f4d4b61ae4a3d17c"
"textures\icons\improvement jade rabbit icon.tga","262188","57d86579e13c797b93a80ec7453b1db2ab55fa7bce9aec850906f3d6c529c573"
"textures\icons\improvement lance of stone icons 32.tga","262188","a554e334392c1968f7de5976b43f202a1847ec62b589c129c4b6747b4080805d"
"textures\icons\improvement lance of stone icons 64.tga","262188","a554e334392c1968f7de5976b43f202a1847ec62b589c129c4b6747b4080805d"
"textures\icons\improvement landlord spirit icon.tga","262188","4f9e4d5706342353107a2e33d5b173484c9cf0423e85bace48eff872c34d58fa"
"textures\icons\improvement leather frame shield icon 64.tga","262188","c7c2248231895fbd82253cdece77684f977bb16f0ac6b14114078985ab92c97a"
"textures\icons\improvement leather frame shield icon.tga","262188","c7c2248231895fbd82253cdece77684f977bb16f0ac6b14114078985ab92c97a"
"textures\icons\improvement lemurian descendant icons 32.tga","262188","329f406aa179d0a96133ac5dba0bfbfb91554110e6ac52f20226e1284faa3e52"
"textures\icons\improvement lemurian descendant icons 64.tga","262188","329f406aa179d0a96133ac5dba0bfbfb91554110e6ac52f20226e1284faa3e52"
"textures\icons\improvement levy archers icon 64.tga","262188","4b0d23f09846fd0496ffdf64491a0ead72a3ab9d60e6b783eae6bbe2b4cb2b3c"
"textures\icons\improvement levy archers icon.tga","262188","4b0d23f09846fd0496ffdf64491a0ead72a3ab9d60e6b783eae6bbe2b4cb2b3c"
"textures\icons\improvement levy barracks icon 64.tga","262188","2e85a7ea4fb0c1e910b1a5452cd3a050d33430643293de5046af76297c240c9e"
"textures\icons\improvement levy barracks icon.tga","262188","2e85a7ea4fb0c1e910b1a5452cd3a050d33430643293de5046af76297c240c9e"
"textures\icons\improvement levy cavalry icon 64.tga","262188","81ca2605ff4e950f953ac3293263e16da115c1ff5bb6281bc25b381383276b83"
"textures\icons\improvement levy cavalry icon.tga","262188","81ca2605ff4e950f953ac3293263e16da115c1ff5bb6281bc25b381383276b83"
"textures\icons\improvement levy hillfort icon 64.tga","262188","592373715a420da9444dee99b8be15ae7ab18a745a8ac942d17f170ea772b255"
"textures\icons\improvement levy hillfort icon.tga","262188","592373715a420da9444dee99b8be15ae7ab18a745a8ac942d17f170ea772b255"
"textures\icons\improvement levy infantry icon 64.tga","262188","ee68510670deb5c14800d093f8be531cab5fe276bbf55b22a7933d6990b9bf81"
"textures\icons\improvement levy infantry icon.tga","262188","ee68510670deb5c14800d093f8be531cab5fe276bbf55b22a7933d6990b9bf81"
"textures\icons\improvement levy longhouse icon 64.tga","262188","513501f5105838470cd570d5258aa53551fa2fa211094f49b612a3a5f3c785fe"
"textures\icons\improvement levy longhouse icon.tga","262188","513501f5105838470cd570d5258aa53551fa2fa211094f49b612a3a5f3c785fe"
"textures\icons\improvement levy mainline icons 32.tga","262188","e1f438259d49092c354d880b626fa974595f0cb7d8792d15a5f8d1167be8edde"
"textures\icons\improvement levy mainline icons 64.tga","262188","e1f438259d49092c354d880b626fa974595f0cb7d8792d15a5f8d1167be8edde"
"textures\icons\improvement levy migdol icon 64.tga","262188","c446c60b9523e18a8172d1e22c3ab653f884f7f0220be1d95f88c1d63032343b"
"textures\icons\improvement levy migdol icon.tga","262188","c446c60b9523e18a8172d1e22c3ab653f884f7f0220be1d95f88c1d63032343b"
"textures\icons\improvement levy palace icons 32.tga","262188","bcc626193ed6573f7a743cc78e911c2adbede64bd7bbcb1ac3a6646ab675cfac"
"textures\icons\improvement levy palace icons 64.tga","262188","bcc626193ed6573f7a743cc78e911c2adbede64bd7bbcb1ac3a6646ab675cfac"
"textures\icons\improvement levy specialty icons 32.tga","262188","d40b3a6317e454b063b5c3e893627d1f93693ac486ef1a436a6f6c5a8b2901b3"
"textures\icons\improvement levy specialty icons 64.tga","262188","d40b3a6317e454b063b5c3e893627d1f93693ac486ef1a436a6f6c5a8b2901b3"
"textures\icons\improvement life drain icon.tga","262188","6764ec3c430e874ef61a6cd4a41c0e1be4b786b39995931794a573f33ad9f407"
"textures\icons\improvement lone wanderer icon 64.tga","262188","ee577a3c4cca40cec6a3aed2d5c89df535d9e0c9d20a837e10689e86084b0435"
"textures\icons\improvement lone wanderer icon.tga","262188","ee577a3c4cca40cec6a3aed2d5c89df535d9e0c9d20a837e10689e86084b0435"
"textures\icons\improvement long serpent icon 64.tga","262188","5194acde2448903723d5adc73fd7c45e7f8cc90e1c8f6b92a37b3b814f054dcd"
"textures\icons\improvement long serpent icon.tga","262188","5194acde2448903723d5adc73fd7c45e7f8cc90e1c8f6b92a37b3b814f054dcd"
"textures\icons\improvement lord of the horses icon icon 64.tga","262188","71379fbd06533fafe12c7d24cf928b086784e40bf0f2cb27b4d6775e03942cbd"
"textures\icons\improvement lord of the horses icon.tga","262188","71379fbd06533fafe12c7d24cf928b086784e40bf0f2cb27b4d6775e03942cbd"
"textures\icons\improvement lord of the river icon.tga","4194348","3d74fdb6ec27fc49e884c2efe5856a65c97072df15326178ebbfb114fa4d3e04"
"textures\icons\improvement mail of orichalkos icons 32.tga","262188","6dcaaa40cca0d5d150bccf514007be6305935459d8a880164b862c13573f4a7e"
"textures\icons\improvement mail of orichalkos icons 64.tga","262188","6dcaaa40cca0d5d150bccf514007be6305935459d8a880164b862c13573f4a7e"
"textures\icons\improvement masons icon 64.tga","262188","38faaaec5ecce32103c1f898299f928f1938bde7e0f7f7294b4e7402ea3b101f"
"textures\icons\improvement masons icon.tga","262188","38faaaec5ecce32103c1f898299f928f1938bde7e0f7f7294b4e7402ea3b101f"
"textures\icons\improvement medium archer icon 64.tga","262188","6697281246dfb461e363edcc2144216c17566151a2d5033b865dedede952764a"
"textures\icons\improvement medium archer icon.tga","262188","6697281246dfb461e363edcc2144216c17566151a2d5033b865dedede952764a"
"textures\icons\improvement medium axemen icon 64.tga","262188","1cc2e5a43f1fcf437b778a9cc129b02726d9219821c9bb23a06a3851f006b0e7"
"textures\icons\improvement medium axemen icon.tga","262188","1cc2e5a43f1fcf437b778a9cc129b02726d9219821c9bb23a06a3851f006b0e7"
"textures\icons\improvement medium barracks icon.tga","262188","14e31da9f308c171b6a94019ec37bcecafa0d8069e17dc611cc92335c43d0b96"
"textures\icons\improvement medium cavalry icon 64.tga","262188","7593505c66b78fa1af1f20f8cff36351a30e2836ec995ad598da4aa9c68403ff"
"textures\icons\improvement medium cavalry icon.tga","262188","7593505c66b78fa1af1f20f8cff36351a30e2836ec995ad598da4aa9c68403ff"
"textures\icons\improvement medium infantry icon 64.tga","262188","846bb69cb34d892a04c9904fd804418e09012b99e90297ffbc37dcbb45f95003"
"textures\icons\improvement medium infantry icon.tga","262188","846bb69cb34d892a04c9904fd804418e09012b99e90297ffbc37dcbb45f95003"
"textures\icons\improvement medium khopesh icon.tga","262188","741dfd5524ce1a1081c53caf2c6a364c2343dd0852ffc2f3ea3085386779f076"
"textures\icons\improvement medium slinger icon 64.tga","262188","9abe8a06def5e9849842b6b0f19a49ffbc259806c1b1d320a2865c603a054f62"
"textures\icons\improvement medium slinger icon.tga","262188","9abe8a06def5e9849842b6b0f19a49ffbc259806c1b1d320a2865c603a054f62"
"textures\icons\improvement medium spearmen icon 64.tga","262188","11e884697e038d0c225663ea2ea8cbc79719096652b0ebcbbce10baa6b10ebe4"
"textures\icons\improvement medium spearmen icon.tga","262188","4476462223ec183c1dbd61f5c8b1d50c71ef9e495d3fa5ece847816c955d8653"
"textures\icons\improvement medjay icon.tga","262188","f43b50bae3ac03f64fb0faae1f75e529b243a341e657c69a253d029504d06a73"
"textures\icons\improvement meteoric iron mail icon 64.tga","262188","db12fd24379f74df5c441c2240764c4c7b2bcd9dba9453f21f591e4cdde77000"
"textures\icons\improvement meteoric iron mail icon.tga","262188","db12fd24379f74df5c441c2240764c4c7b2bcd9dba9453f21f591e4cdde77000"
"textures\icons\improvement milkstones icons 32.tga","262188","dcf05d711acbd56cc0550769a5847f44d15c84ba2605887ea8576ec06870d562"
"textures\icons\improvement milkstones icons 64.tga","262188","dcf05d711acbd56cc0550769a5847f44d15c84ba2605887ea8576ec06870d562"
"textures\icons\improvement mithril breastplate icon 64.tga","262188","09b814ae7297462bed0233864532273c43bcae311fd994ea5675a4b5eec5fde7"
"textures\icons\improvement mithril breastplate icon.tga","262188","09b814ae7297462bed0233864532273c43bcae311fd994ea5675a4b5eec5fde7"
"textures\icons\improvement monsterous rage icon 64.tga","262188","71f0d0d7a56f62dc8b7549ed569d436f71600ae14921dee56b31c983b61ec6f2"
"textures\icons\improvement monsterous rage icon.tga","262188","71f0d0d7a56f62dc8b7549ed569d436f71600ae14921dee56b31c983b61ec6f2"
"textures\icons\improvement murder holes icon 64.tga","262188","4d4b9162360259eef7d4347ce36bccc00f45c8bc5604600362942aabbd687c43"
"textures\icons\improvement murder holes icon.tga","262188","4d4b9162360259eef7d4347ce36bccc00f45c8bc5604600362942aabbd687c43"
"textures\icons\improvement mythic rejuvenation icons 32.tga","262188","53aee0204dbcfdf879973baad6b9ae4aacdaa86474b5208d307310edee5c6ce5"
"textures\icons\improvement mythic rejuvenation icons 64.tga","262188","53aee0204dbcfdf879973baad6b9ae4aacdaa86474b5208d307310edee5c6ce5"
"textures\icons\improvement naval oxybeles icon 64.tga","262188","f3428699010efb4011a458d916652d4ac39d19fed76b360ab2d742e5bbdfb86b"
"textures\icons\improvement naval oxybeles icon.tga","262188","f3428699010efb4011a458d916652d4ac39d19fed76b360ab2d742e5bbdfb86b"
"textures\icons\improvement necropolis icon 64.tga","262188","0a1c54c144e72134816b47fa7203b9bff2ee835b1fd3dc982b618e544f332e07"
"textures\icons\improvement necropolis icon.tga","262188","0a1c54c144e72134816b47fa7203b9bff2ee835b1fd3dc982b618e544f332e07"
"textures\icons\improvement nephthys icon.tga","262188","c3988d2f50688d0b1ca87e4f929483ab7b2e1c505753e33a119c0c005b0cfcda"
"textures\icons\improvement new kingdom icon 64.tga","262188","39cd8946f9e713f0dff60b18ceb77efd50f142822b768e4a2fc738fa6f8934c2"
"textures\icons\improvement new kingdom icon.tga","262188","39cd8946f9e713f0dff60b18ceb77efd50f142822b768e4a2fc738fa6f8934c2"
"textures\icons\improvement nezhas defeat icon.tga","262188","e26174dacaf21c47ca7c8af2807ab4249fb3f95fdbd6ad3995af189facf948df"
"textures\icons\improvement njord icon.tga","262188","1809b7e5200d6fc88542fed5ba2f446a732688d7bb517c790a244596f422a44b"
"textures\icons\improvement olympic patronage icon 64.tga","262188","7dda79057a4cd0e41922058b38555ca33e573a73567d902848468842c0d45661"
"textures\icons\improvement olympic patronage icon.tga","262188","7dda79057a4cd0e41922058b38555ca33e573a73567d902848468842c0d45661"
"textures\icons\improvement omniscience icon 64.tga","262188","2cbad3403851ec680a5b5204925e79ab480400c61c4245cfcd3d5eee6fe4dfd3"
"textures\icons\improvement omniscience icon.tga","262188","2cbad3403851ec680a5b5204925e79ab480400c61c4245cfcd3d5eee6fe4dfd3"
"textures\icons\improvement oracle bone script icon.tga","262188","e3c87ff9f3add4566289557ad5e82e50a14f3103dee12ebc7c6e8eebacced4d3"
"textures\icons\improvement oracle icon 64.tga","262188","dc5c97bceaac1ac8a6c904a7e82cf5a434f10e1129b86eadd076955ea057cbe0"
"textures\icons\improvement oracle icon.tga","262188","dc5c97bceaac1ac8a6c904a7e82cf5a434f10e1129b86eadd076955ea057cbe0"
"textures\icons\improvement orichalkos wall icons 128.tga","65580","ac09d7dd719fc751c1be49843fc30ac85d84e3cf4bf44b114832a6446c0bd39c"
"textures\icons\improvement orichalkos wall icons 32.tga","262188","23bc5f344686fbb919368f75562d2e8bdb068d89fbc7b0af5e991c6422bba159"
"textures\icons\improvement orichalkos wall icons 64.tga","262188","8818a9fff50c8d02d4372bf24b5fb9108fa6d92a93b57549b0d9d43a56243565"
"textures\icons\improvement osiris icon.tga","262188","1afa98d3ba7d5b10c439c03c7dabb51802cd14cd6bddc575fc3bf350cf4f27c2"
"textures\icons\improvement paper talisman icon.tga","262188","e97253a5daf69710abba044cb8992ede063faf3ad35a48f45bc64e942fd4d066"
"textures\icons\improvement patrol icon.tga","65580","072773957d68f9dc5de39e48258278a63bfae7450b6f57a50e9ca3280eb2c782"
"textures\icons\improvement petrified icons 32.tga","262188","3b10683490ab7c2a8954891ac4ca9387c9adf98a2c20eff17ffb286a3d2fd262"
"textures\icons\improvement petrified icons 64.tga","262188","3b10683490ab7c2a8954891ac4ca9387c9adf98a2c20eff17ffb286a3d2fd262"
"textures\icons\improvement phobos spear of panic icon 64.tga","262188","46802e433d8ff08536b4269d15a286d05e343b9d0517d946268fd30c473b154d"
"textures\icons\improvement phobos spear of panic icon.tga","262188","46802e433d8ff08536b4269d15a286d05e343b9d0517d946268fd30c473b154d"
"textures\icons\improvement pickaxe icon 64.tga","262188","d61bcb96c9e38bbf5fedb50fdaa70dce864f1b4f8b3a31b29658ed2d31e74a65"
"textures\icons\improvement pickaxe icon.tga","262188","d61bcb96c9e38bbf5fedb50fdaa70dce864f1b4f8b3a31b29658ed2d31e74a65"
"textures\icons\improvement pig sticker icon 64.tga","262188","ea0e694b97abaf06f14ff01da9454244b601e5d776b1050faf0da1eca6e37713"
"textures\icons\improvement pig sticker icon.tga","262188","ea0e694b97abaf06f14ff01da9454244b601e5d776b1050faf0da1eca6e37713"
"textures\icons\improvement pillar of the ocean icon.tga","262188","d3c21c49856a63d9cc6cc3c914a9a0704caabc4260a9265e8d9677cd6a4bbe7b"
"textures\icons\improvement plow icon 64.tga","262188","151d8b3beb284743fb6c2ef8df013018791e94acc16f5a397cc0396512ecd0c6"
"textures\icons\improvement plow icon.tga","262188","151d8b3beb284743fb6c2ef8df013018791e94acc16f5a397cc0396512ecd0c6"
"textures\icons\improvement poseidons secret icons 32.tga","262188","6ea94de93dce2bdfdb4434421ca811ea4cf54335376d04ee34ef95e2efa76304"
"textures\icons\improvement poseidons secret icons 64.tga","262188","6ea94de93dce2bdfdb4434421ca811ea4cf54335376d04ee34ef95e2efa76304"
"textures\icons\improvement ptah icon.tga","262188","a6e48d18846582b3ba3086c1d5fbdf4a3a0aee27b742347ef7edd8de6a71a28f"
"textures\icons\improvement purse seine icon 64.tga","262188","5183ff7d8151bf2532238d743b4085edb697d6a120b50b0a342d23c639941e9a"
"textures\icons\improvement purse seine icon.tga","262188","5183ff7d8151bf2532238d743b4085edb697d6a120b50b0a342d23c639941e9a"
"textures\icons\improvement quarry icon 64.tga","262188","3564f1119bcbd35beec1375a41a8b9415b05e4b8e7ba1814536fa9a876711d24"
"textures\icons\improvement quarry icon.tga","262188","3564f1119bcbd35beec1375a41a8b9415b05e4b8e7ba1814536fa9a876711d24"
"textures\icons\improvement ram of the wind icon 64.tga","262188","50874802388dc8bb50e30fa60cbc9b1ee70f4d1ef9edc2b015a907f1565e4f24"
"textures\icons\improvement ram of the wind icon.tga","262188","50874802388dc8bb50e30fa60cbc9b1ee70f4d1ef9edc2b015a907f1565e4f24"
"textures\icons\improvement rammed earth icon.tga","262188","fb7be6d4727ef678eb1e4849c4a46d7a117bb27d3f07a37635c463706326ed0f"
"textures\icons\improvement rampage icon 64.tga","262188","5e15cc2bc1425b34e5f863eca542a18550be28273b5abe6cb52583c7f086e29a"
"textures\icons\improvement rampage icon.tga","262188","5e15cc2bc1425b34e5f863eca542a18550be28273b5abe6cb52583c7f086e29a"
"textures\icons\improvement reinforced hull icon.tga","262188","5b345228b5e1c74948c77a49441eb8ddc19ec2f2fd69450ccb19be766f270a51"
"textures\icons\improvement reinforced ram icon 64.tga","262188","5b345228b5e1c74948c77a49441eb8ddc19ec2f2fd69450ccb19be766f270a51"
"textures\icons\improvement rheias gift icons 32.tga","262188","f5b1255f87d2f5b04f0765c25568b56c517e3efd6e7fecaa035f74b61466a5bb"
"textures\icons\improvement rheias gift icons 64.tga","262188","f5b1255f87d2f5b04f0765c25568b56c517e3efd6e7fecaa035f74b61466a5bb"
"textures\icons\improvement rime icon 64.tga","262188","f3c86fec199eec505757d1a070b4e7d317b91b54d9fcdaaebe6232f1e6d292ba"
"textures\icons\improvement rime icon.tga","262188","f3c86fec199eec505757d1a070b4e7d317b91b54d9fcdaaebe6232f1e6d292ba"
"textures\icons\improvement ring giver icon 64.tga","262188","1c7219c559948224ae2f4d4e901fbe31fe65478335bed573312fdcd126a36cfa"
"textures\icons\improvement ring giver icon.tga","262188","1c7219c559948224ae2f4d4e901fbe31fe65478335bed573312fdcd126a36cfa"
"textures\icons\improvement roar of orthus icon 64.tga","262188","e186eac6f7d28f0c05472568277a5187e17f7a3b6aecb857261eb56e4fac176a"
"textures\icons\improvement roar of orthus icon.tga","262188","e186eac6f7d28f0c05472568277a5187e17f7a3b6aecb857261eb56e4fac176a"
"textures\icons\improvement sacred cats icon 64.tga","262188","315dd58f47824105b1bbffb5467e5e508f10b97dbdf995d622b4b2a7a7b7044d"
"textures\icons\improvement sacred cats icon.tga","262188","315dd58f47824105b1bbffb5467e5e508f10b97dbdf995d622b4b2a7a7b7044d"
"textures\icons\improvement sacrifices icon.tga","262188","217a35506f23e474cace01a4aba97565c7f290d3f4307b6fe3544f9d4a3599d9"
"textures\icons\improvement safe passage icons 32.tga","262188","ee36f0723760943a92edc9aeb6da99535ec76604fe3c25816981d75b559a8016"
"textures\icons\improvement safe passage icons 64.tga","262188","ee36f0723760943a92edc9aeb6da99535ec76604fe3c25816981d75b559a8016"
"textures\icons\improvement safeguard icon 64.tga","262188","2fdb396674ad89a6cf684cce6f7f8b91236779fa61ebd559547d33e921faa5a7"
"textures\icons\improvement safeguard icon.tga","262188","2fdb396674ad89a6cf684cce6f7f8b91236779fa61ebd559547d33e921faa5a7"
"textures\icons\improvement salt amphora icon 64.tga","262188","f343d67151c150d6b9d16280dc22735315c5a3da16f0bbe8ed9b3cce45bf4bb1"
"textures\icons\improvement salt amphora icon.tga","262188","f343d67151c150d6b9d16280dc22735315c5a3da16f0bbe8ed9b3cce45bf4bb1"
"textures\icons\improvement sarissa icon 64.tga","262188","00af5205985cc08ae9486a9d97b85cace62b05017d3a21f8ea4f68e5d9c8ecfc"
"textures\icons\improvement sarissa icon.tga","262188","00af5205985cc08ae9486a9d97b85cace62b05017d3a21f8ea4f68e5d9c8ecfc"
"textures\icons\improvement scalloped axe icon 64.tga","262188","8456e55b5aca43a9d1966bac3b51d9d664ed606910e8a002452cdf837b08e303"
"textures\icons\improvement scalloped axe icon.tga","262188","8456e55b5aca43a9d1966bac3b51d9d664ed606910e8a002452cdf837b08e303"
"textures\icons\improvement secrets of the titans icons 32.tga","262188","da966c3ad8c9de783909fb6915255c57cbc930df0f8f67799b6df5604040339d"
"textures\icons\improvement secrets of the titans icons 64.tga","262188","da966c3ad8c9de783909fb6915255c57cbc930df0f8f67799b6df5604040339d"
"textures\icons\improvement seed of gaia icons 32.tga","262188","9a3584856909772be64a59f8ea7ea9bfbcd4563533a2d6f240c539b014f61921"
"textures\icons\improvement seed of gaia icons 64.tga","262188","9a3584856909772be64a59f8ea7ea9bfbcd4563533a2d6f240c539b014f61921"
"textures\icons\improvement sekhmet icon.tga","262188","d04d67bc8d787c2d27c221a72d3363f02173e06e29faf33ab92ccff8e3a3c1b8"
"textures\icons\improvement sentry tower icon 64.tga","262188","2beb8d31d3f134631801ab36336e8f5c9212f0d4cd648cdb9b4bf168b573327b"
"textures\icons\improvement sentry tower icon.tga","262188","2beb8d31d3f134631801ab36336e8f5c9212f0d4cd648cdb9b4bf168b573327b"
"textures\icons\improvement serpent spear icon 64.tga","262188","f9a869b09883d503469f9ca9849c64d77d130bfe0fe348691189b1bde64600b6"
"textures\icons\improvement serpent spear icon.tga","262188","f9a869b09883d503469f9ca9849c64d77d130bfe0fe348691189b1bde64600b6"
"textures\icons\improvement shaduf icon 64.tga","262188","8dad92bc09cfb7dd0ff66da9bb6eb080aa49c3a7a94dc1646064195bd6419c83"
"textures\icons\improvement shaduf icon.tga","262188","8dad92bc09cfb7dd0ff66da9bb6eb080aa49c3a7a94dc1646064195bd6419c83"
"textures\icons\improvement shaft mine icon 64.tga","262188","95770d28144b940a98a492337dc4aec6b0500bd557d7ef42edb633544a113f79"
"textures\icons\improvement shaft mine icon.tga","262188","95770d28144b940a98a492337dc4aec6b0500bd557d7ef42edb633544a113f79"
"textures\icons\improvement shafts of plague icon 64.tga","262188","e16c4b51463039e2fce0a3cfe7de4ce2401af069b889fdca90dae600bfc3a29b"
"textures\icons\improvement shafts of plague icon.tga","262188","e16c4b51463039e2fce0a3cfe7de4ce2401af069b889fdca90dae600bfc3a29b"
"textures\icons\improvement signal fires icon 64.tga","262188","4de4782bda2e9cfaba102c375fe5be0759b1eaabca17df879b234dcd545581d3"
"textures\icons\improvement signal fires icon.tga","262188","4de4782bda2e9cfaba102c375fe5be0759b1eaabca17df879b234dcd545581d3"
"textures\icons\improvement skin of rhino icon 64.tga","262188","032e6d092433631c75574793f8617968fde065e7ca7127fa4409f87f6215d55d"
"textures\icons\improvement skin of the rhino icon.tga","262188","032e6d092433631c75574793f8617968fde065e7ca7127fa4409f87f6215d55d"
"textures\icons\improvement slings of the sun icon 64.tga","262188","6f96f29e4bee1f8c93dd547fb57be4b5db29656e26a0c6f66c7c66f8474c2865"
"textures\icons\improvement slings of the sun icon.tga","262188","6f96f29e4bee1f8c93dd547fb57be4b5db29656e26a0c6f66c7c66f8474c2865"
"textures\icons\improvement sons of sleipnir icon 64.tga","262188","e0900f04257b03e2e4b68bacd04439f554d709bce0c989158b7ceb0a28f25597"
"textures\icons\improvement sons of sleipnir icon.tga","262188","e0900f04257b03e2e4b68bacd04439f554d709bce0c989158b7ceb0a28f25597"
"textures\icons\improvement spear on the horizon icon 64.tga","262188","2111c88f1013aad5f8eb8ce069c01eb974216bcd231bc7d60737adb4bf1cdbef"
"textures\icons\improvement spear on the horizon icon.tga","262188","2111c88f1013aad5f8eb8ce069c01eb974216bcd231bc7d60737adb4bf1cdbef"
"textures\icons\improvement spirit of maat icon 64.tga","262188","38e49531ffb064e9b08255c6905dd608ed92c9f9dc55c54f071d31868c118dcf"
"textures\icons\improvement spirit of maat icon.tga","262188","38e49531ffb064e9b08255c6905dd608ed92c9f9dc55c54f071d31868c118dcf"
"textures\icons\improvement spirited charge icon 64.tga","262188","711a8c445db79e4523e3a7f8aca5db3ea9e009ede90b8b4f6cfa3249391cdce0"
"textures\icons\improvement spirited charge icon.tga","262188","711a8c445db79e4523e3a7f8aca5db3ea9e009ede90b8b4f6cfa3249391cdce0"
"textures\icons\improvement stirrup icon.tga","262188","9ed5e8878ae01400d134cc1695f317c6ea80b541e0eb235115252ff9cf58fa96"
"textures\icons\improvement stone armor icon.tga","262188","d4631f05525688246233e6b4d92f4b95b65d40cd133b59ff8bad2fdc3d577420"
"textures\icons\improvement stone wall icon 64.tga","262188","31aaa8196ef76ddacaf54498c8185da569eec72dae764afd32c28c11a1345f84"
"textures\icons\improvement stone wall icon.tga","262188","31aaa8196ef76ddacaf54498c8185da569eec72dae764afd32c28c11a1345f84"
"textures\icons\improvement stones of red linen icon 64.tga","262188","c8b6f3b22e95a2398c8f85646455eba90ecb60d90efc512b41e76e01a1882515"
"textures\icons\improvement stones of red linen icon.tga","262188","c8b6f3b22e95a2398c8f85646455eba90ecb60d90efc512b41e76e01a1882515"
"textures\icons\improvement sun dried brick icon 64.tga","262188","0634dac7a43490a88dc914abbdec72ea5616a3371fe048b990abb967611203f8"
"textures\icons\improvement sun dried brick icon.tga","262188","0634dac7a43490a88dc914abbdec72ea5616a3371fe048b990abb967611203f8"
"textures\icons\improvement sun ray icon 64.tga","262188","5f6ac9f446d6f8bfad6e7264b32fb182f170449e78a2c8d5d417dc30c5fee32e"
"textures\icons\improvement sun ray icon.tga","262188","5f6ac9f446d6f8bfad6e7264b32fb182f170449e78a2c8d5d417dc30c5fee32e"
"textures\icons\improvement sunwukong icon.tga","262188","e4605510ef9b8cee20c274e3d1c9c1b6a092fb7a5958a1a35b63ca4ee5eabc54"
"textures\icons\improvement swine array icon 64.tga","262188","b0cd740d02951cf2233c6770f60c3a54cafdacd897fd40d08914383a3383e2b9"
"textures\icons\improvement swine array icon.tga","262188","b0cd740d02951cf2233c6770f60c3a54cafdacd897fd40d08914383a3383e2b9"
"textures\icons\improvement sylvan lore icon 64.tga","262188","de79e3fa346284c422fbfb9e54aea53ee1cf4fc7d0553c936c7e122139f92d79"
"textures\icons\improvement sylvan lore icon.tga","262188","de79e3fa346284c422fbfb9e54aea53ee1cf4fc7d0553c936c7e122139f92d79"
"textures\icons\improvement tax collectors icon 64.tga","262188","23eb3d87f528ea0fa167d73e02db57a21b6a8c38381708c54b451ed7b56b7c9c"
"textures\icons\improvement tax collectors icon.tga","262188","23eb3d87f528ea0fa167d73e02db57a21b6a8c38381708c54b451ed7b56b7c9c"
"textures\icons\improvement temple of healing icon 64.tga","262188","d2c779b180d21345bc335fd6f8270dc9b6353787e145e6d4cfacf98380b8a0ff"
"textures\icons\improvement temple of healing icon.tga","262188","d2c779b180d21345bc335fd6f8270dc9b6353787e145e6d4cfacf98380b8a0ff"
"textures\icons\improvement thoth icon.tga","262188","e44d5ee8a338ba8ce187767aca6f27d2e46b504ae4eaf9e8dbce155c983edfe7"
"textures\icons\improvement thracian horses icon 64.tga","262188","087eefd7563772fd10d38ad2af46df2fd9c09c2dd2ea9eed9bbf17a6419e871a"
"textures\icons\improvement thracian horses icon.tga","262188","087eefd7563772fd10d38ad2af46df2fd9c09c2dd2ea9eed9bbf17a6419e871a"
"textures\icons\improvement thundering hooves icon 64.tga","262188","e321312aec0b0f5b9c0b948217bf86172a6c65def7d27c947b42079c086d84b1"
"textures\icons\improvement thundering hooves icon.tga","262188","e321312aec0b0f5b9c0b948217bf86172a6c65def7d27c947b42079c086d84b1"
"textures\icons\improvement thurisaz rune icon 64.tga","262188","5b166b70d6c489a538f6a90f92d5ab91d063781294bae3bdb68f5a3ae33dcafb"
"textures\icons\improvement thurisaz rune icon.tga","262188","5b166b70d6c489a538f6a90f92d5ab91d063781294bae3bdb68f5a3ae33dcafb"
"textures\icons\improvement tiger spirit icon.tga","262188","96b24e5220aed8df70b27face242dc9cf3a38b26a8f99e9103806b90b7e08a9b"
"textures\icons\improvement titan shield icons 32.tga","262188","8269a448c9522410692f6798980ae6d10f1e1cb4d2d7bafa7abb7eb0e17590c1"
"textures\icons\improvement titan shield icons 64.tga","262188","8269a448c9522410692f6798980ae6d10f1e1cb4d2d7bafa7abb7eb0e17590c1"
"textures\icons\improvement tower garrison icon.tga","65580","1634b3acf5c434b7f0e6ef3cec530d8025b04010b92cd5191b421ebbea3823e7"
"textures\icons\improvement town bell icon.tga","65580","35703492722a4714a3f2a9bff60f26d94be4ab0007a179880637f887dcd4f705"
"textures\icons\improvement trierarch icon 64.tga","262188","57c24d0e49ea0a692c93d0386591ff4012788f62a670ace34cf049ae70dd05c4"
"textures\icons\improvement trierarch icon.tga","262188","57c24d0e49ea0a692c93d0386591ff4012788f62a670ace34cf049ae70dd05c4"
"textures\icons\improvement tusks of apedemak icon 64.tga","262188","648295cc44b63a52fb586ef0422f8d1415aca038abfaa5ef0a4076826fe5753c"
"textures\icons\improvement tusks of apedemak icon.tga","262188","648295cc44b63a52fb586ef0422f8d1415aca038abfaa5ef0a4076826fe5753c"
"textures\icons\improvement tyr icon.tga","262188","83337264dbe1319878657b488aae2260fb08adfd065822341f55ff4fbea95826"
"textures\icons\improvement unbrideled anger icon.tga","262188","3cfe0e69baca69d1d5e4570f4fc92cfa61b479c2747501724c684b93e88fe973"
"textures\icons\improvement ungarrison icon.tga","65580","a869276ea6b2b671163d8f632d5f8e500417d5a65d3f79439e246436c3a3df17"
"textures\icons\improvement valley of the kings icon 64.tga","262188","f670ac524f0ab2689a62d08197899aae5a4665ccba7878206ece756cd11406f4"
"textures\icons\improvement valley of the kings icon.tga","262188","f670ac524f0ab2689a62d08197899aae5a4665ccba7878206ece756cd11406f4"
"textures\icons\improvement vengeance icon 64.tga","262188","5248dbf11a46b5a9af0372352de592ccbef6429be2a81b421c142c588753cd2e"
"textures\icons\improvement vengeance icon.tga","262188","5248dbf11a46b5a9af0372352de592ccbef6429be2a81b421c142c588753cd2e"
"textures\icons\improvement volcanic forge icons 32.tga","262188","6a22aed98a836b65a3fb8c6ea962843961aa05c07698ca0d04e2d34c04ce9279"
"textures\icons\improvement volcanic forge icons 64.tga","262188","6a22aed98a836b65a3fb8c6ea962843961aa05c07698ca0d04e2d34c04ce9279"
"textures\icons\improvement watch tower icon 64.tga","262188","85d0978bf3d163bd82c394b7e539cc7b7a193fda95c0d146fb8ce499c581c45d"
"textures\icons\improvement watch tower icon.tga","262188","85d0978bf3d163bd82c394b7e539cc7b7a193fda95c0d146fb8ce499c581c45d"
"textures\icons\improvement wealth of erebus icon 64.tga","262188","49a122558459e27c9f398efb88007915ee8d226a6c0e581ddaa891103cb89d64"
"textures\icons\improvement wealth of erebus icon.tga","262188","49a122558459e27c9f398efb88007915ee8d226a6c0e581ddaa891103cb89d64"
"textures\icons\improvement weapon of the titans icon 64.tga","262188","6735b03f3bea47c80e21ad182ca1a144c6eee4f40a56d5be53260345937238a6"
"textures\icons\improvement weapon of the titans icon.tga","262188","6735b03f3bea47c80e21ad182ca1a144c6eee4f40a56d5be53260345937238a6"
"textures\icons\improvement weightless mace icons 32.tga","262188","49e7567b4efa790f93b2c38bbd81f7ab392247b07ef3f89c7f6039412235efcf"
"textures\icons\improvement weightless mace icons 64.tga","262188","49e7567b4efa790f93b2c38bbd81f7ab392247b07ef3f89c7f6039412235efcf"
"textures\icons\improvement wheelbarrow icon.tga","262188","4cdf1267bab42f671127aa6e90289675d7967eb6d035e8e4c5fff65b00cd0a16"
"textures\icons\improvement will of kronos icon 64.tga","262188","71338515d81c9f7fa6733f021f644c97753e54718c079f1620157f23be58edd9"
"textures\icons\improvement will of kronos icon.tga","262188","71338515d81c9f7fa6733f021f644c97753e54718c079f1620157f23be58edd9"
"textures\icons\improvement winged messenger icon 64.tga","262188","9a4d40fc550886598fae6db7bff6bf3dff3404901cf03bfde9f42301b1ba2e2a"
"textures\icons\improvement winged messenger icon.tga","262188","9a4d40fc550886598fae6db7bff6bf3dff3404901cf03bfde9f42301b1ba2e2a"
"textures\icons\improvement wrath of the deep icon 64.tga","262188","cc13d6e35685d47949f12805e8f4df971203ff8862792a2108d57d73fed76cc8"
"textures\icons\improvement wrath of the deep icon.tga","262188","cc13d6e35685d47949f12805e8f4df971203ff8862792a2108d57d73fed76cc8"
"textures\icons\improvement xiwangmu icon.tga","262188","1d441fe9d6774242f7e2eec48e0a70fd65902ce7c70bea750d4e5c6bd8ef40ca"
"textures\icons\improvement zhongkui icon.tga","262188","e303e0a304e504d8dcc00aebed81caa1f5e1929eb305702bb86f0f6edf73f514"
"textures\icons\infantry c guardsman icon.tga","262188","2c327dca1fd6995c3f2d27e292068261eb3d866c78380adda507190d55ca646a"
"textures\icons\infantry c halberdier icon.tga","262188","c58701c32b951d41dd6c6d75c12ae5ee8fcf05b28eca95392c907eec8c0266df"
"textures\icons\infantry e axeman icon 64.tga","262188","32e804b4e841dc92e926ad4ad30e7256ece937e3e074e5c94acc9263840acec3"
"textures\icons\infantry e axeman icon.tga","262188","32e804b4e841dc92e926ad4ad30e7256ece937e3e074e5c94acc9263840acec3"
"textures\icons\infantry e khopesh icon.tga","262188","a00e1081b36c183475514995a9435e0d0998fba95df6e5cd2adeddfc397e1433"
"textures\icons\infantry e mercenary icon 64.tga","262188","7a3027925d129143f5d71fdb038914f2ce150ae301ffc7743491b38c80ae8f8a"
"textures\icons\infantry e mercenary icon.tga","262188","7a3027925d129143f5d71fdb038914f2ce150ae301ffc7743491b38c80ae8f8a"
"textures\icons\infantry e spearman icon 64.tga","262188","2b8e355cdb13be259f14d8b8cd6f257bffc44c8d8ef0bab1c73f674886ca9661"
"textures\icons\infantry e spearman icon.tga","262188","2b8e355cdb13be259f14d8b8cd6f257bffc44c8d8ef0bab1c73f674886ca9661"
"textures\icons\infantry g hoplite icon 64.tga","262188","c461873510bf9aa5f81db1ab541c4e9445a2e4c1cee63129c8f4861572845872"
"textures\icons\infantry g hoplite icon.tga","262188","c461873510bf9aa5f81db1ab541c4e9445a2e4c1cee63129c8f4861572845872"
"textures\icons\infantry g hypaspist icon 64.tga","262188","f2b5b834fb09b3087e13c9ee687065b25dbb72f4d8a6bee3fb727eea51e81adf"
"textures\icons\infantry g hypaspist icon.tga","262188","f2b5b834fb09b3087e13c9ee687065b25dbb72f4d8a6bee3fb727eea51e81adf"
"textures\icons\infantry g militia icon 64.tga","262188","19ef823bdd43d1d697dffe9e8914db0a0c3fac7e2a275e885c50c2c24a3881a1"
"textures\icons\infantry g militia icon.tga","262188","19ef823bdd43d1d697dffe9e8914db0a0c3fac7e2a275e885c50c2c24a3881a1"
"textures\icons\infantry g myrmidon icon 64.tga","262188","ad41ee24bab3bb68aef7fa30b79796920343ad404d14ced05a4d46160fae0864"
"textures\icons\infantry g myrmidon icon.tga","262188","ad41ee24bab3bb68aef7fa30b79796920343ad404d14ced05a4d46160fae0864"
"textures\icons\infantry n bondi icon 64.tga","262188","e39f32791fc31b0f61fe92bbd3a782b991f3922afb0e7e6c16831d410cd93a3a"
"textures\icons\infantry n bondi icon.tga","262188","e39f32791fc31b0f61fe92bbd3a782b991f3922afb0e7e6c16831d410cd93a3a"
"textures\icons\infantry n giant icon.tga","65580","3d05cf05c34ae5678a1bbf36e741b87e07db293ed5147a47231fd57cad0c4e02"
"textures\icons\infantry n hero icon.tga","65580","ededd91b808e9020cb0ce7f8961051113a6603a143c71d59348b7e4f62110ca5"
"textures\icons\infantry n hirdman icon.tga","65580","d863745ba15a1f49dd945c87ab7bc1afee2147705e534ce6288c4383e948c3c9"
"textures\icons\infantry n huskarl icon 64.tga","262188","4a54b23b746ac50e59ad950e88110a01eda673914f7d722fb4c3002b4091e820"
"textures\icons\infantry n huskarl icon.tga","262188","4a54b23b746ac50e59ad950e88110a01eda673914f7d722fb4c3002b4091e820"
"textures\icons\infantry n skult icon 64.tga","262188","7e44d857e5494f6c046f5d2bf757586cc31edacb2f522ec7aae4bbb7992aa311"
"textures\icons\infantry n skult icon.tga","262188","7e44d857e5494f6c046f5d2bf757586cc31edacb2f522ec7aae4bbb7992aa311"
"textures\icons\infantry n ulfsark icon 64.tga","262188","1d4b136c9dbed8eb52dc8d2b6e3dc2f3fbf6679fa1869781f7dea37c44324680"
"textures\icons\infantry n ulfsark icon.tga","262188","1d4b136c9dbed8eb52dc8d2b6e3dc2f3fbf6679fa1869781f7dea37c44324680"
"textures\icons\infantry x fanatic hero icons 32.tga","262188","7dbf6e75f1b6af2f343b557cd8bf3fbf1ef17899de591faa5d043b795a5e3188"
"textures\icons\infantry x fanatic hero icons 64.tga","262188","7dbf6e75f1b6af2f343b557cd8bf3fbf1ef17899de591faa5d043b795a5e3188"
"textures\icons\infantry x fanatic icons 32.tga","262188","7cb797a41efd8a2c1eacd7310467a5c6302193c2dccd4f4c3a809b1259a08372"
"textures\icons\infantry x fanatic icons 64.tga","262188","7cb797a41efd8a2c1eacd7310467a5c6302193c2dccd4f4c3a809b1259a08372"
"textures\icons\infantry x maceman hero icons 32.tga","262188","6a6014bf47f71d5427ac62c283c0375cbeb8c4d9a18052bd1314c34163abb09c"
"textures\icons\infantry x maceman hero icons 64.tga","262188","6a6014bf47f71d5427ac62c283c0375cbeb8c4d9a18052bd1314c34163abb09c"
"textures\icons\infantry x maceman icons 32.tga","262188","ff439da76bea830f7900ba22e8292ed7e28a8ca0e880858cda647035377e4eaa"
"textures\icons\infantry x maceman icons 64.tga","262188","ff439da76bea830f7900ba22e8292ed7e28a8ca0e880858cda647035377e4eaa"
"textures\icons\infantry x murmillo hero icons 32.tga","262188","f12f47fe6a3aee1d05ecc747b5aebccc7893ea6fd6659100228aac1b20609a90"
"textures\icons\infantry x murmillo hero icons 64.tga","262188","f12f47fe6a3aee1d05ecc747b5aebccc7893ea6fd6659100228aac1b20609a90"
"textures\icons\infantry x murmillo icons 32.tga","262188","b18a561e21bd163cb5f2795623fcc0c0937734e976e500f9d7c100c4a1084e01"
"textures\icons\infantry x murmillo icons 64.tga","262188","b18a561e21bd163cb5f2795623fcc0c0937734e976e500f9d7c100c4a1084e01"
"textures\icons\infantry x oracle hero icons 32.tga","262188","73868da818974a95561466fb6775d934dca9d6be5fe169ed8370c38b9cc18683"
"textures\icons\infantry x oracle hero icons 64.tga","262188","73868da818974a95561466fb6775d934dca9d6be5fe169ed8370c38b9cc18683"
"textures\icons\infantry x oracle icons 32.tga","262188","920ce7342e9037d2b1c30c7fcfec3ebaa778d75d3770de4796196ede97385e99"
"textures\icons\infantry x oracle icons 64.tga","262188","920ce7342e9037d2b1c30c7fcfec3ebaa778d75d3770de4796196ede97385e99"
"textures\icons\infantry x protector hero icons 32.tga","262188","20457cf9944e78cdcd11cc679c0534ccf7368163c154f869b181ca8f74f095fa"
"textures\icons\infantry x protector hero icons 64.tga","262188","20457cf9944e78cdcd11cc679c0534ccf7368163c154f869b181ca8f74f095fa"
"textures\icons\infantry x protector icons 32.tga","262188","26476fa9fe2b482f40efd327504b19eb31d9fd36d42e196fc03cb7c01d74ff6d"
"textures\icons\infantry x protector icons 64.tga","262188","26476fa9fe2b482f40efd327504b19eb31d9fd36d42e196fc03cb7c01d74ff6d"
"textures\icons\ism.tga","4140","cbbb7010c26c88b0ff649a3bc7ab1af553b7ba769259d1bf0985ca2004975ae5"
"textures\icons\line of sight.tga","262188","61db470fe8968d3c6598a373d903d0984d3f83ea6bd30a6ad9480934671a58e6"
"textures\icons\menuicon.tga","65580","de83a4c8f299f555eeb20eae64ef82ca5e6429612dc777e0061c782eca640466"
"textures\icons\myth unit icon 32x32.tga","65580","6076de28513f55049bf994ffde2bfb2310365296a80be04b643515d4986fbba6"
"textures\icons\n charge bar.tga","32812","2b1366c338b4bc4c66f06bda5d1d73dbf49deeaf3b38092e843926f9864f48f0"
"textures\icons\passive active.tga","65580","bee757321b3f46f306e658a208b6697cb12f3e5f9d74338500afe86c8b043f15"
"textures\icons\passive.tga","65580","ec47fcdb779f17aa17378f1364c5c7693c3fbab0dc5cd2d11d442083306243bb"
"textures\icons\postgame titan gate.tga","16428","dba758177ed042a103120f0d2ce538efb9870bc80f8b45cc4b4f86b2e3d02f9b"
"textures\icons\quit.tga","16428","a3fc5a717cd4cf1cadb266e13808c95e34b42926a55e3939a9588a67453323ac"
"textures\icons\relic animal part icon 64.tga","262188","942a36f302c7cefabf15349874df918afa0d9e3615709c2f8e7e6e1074eb0390"
"textures\icons\relic animal part icon.tga","262188","942a36f302c7cefabf15349874df918afa0d9e3615709c2f8e7e6e1074eb0390"
"textures\icons\relic armor icon 64.tga","262188","b0b28cd62550d95b0e413cf17179a9b09962b8f036f05a21a6ad111baa2d1302"
"textures\icons\relic armor icon.tga","262188","b0b28cd62550d95b0e413cf17179a9b09962b8f036f05a21a6ad111baa2d1302"
"textures\icons\relic chest icon 64.tga","262188","36f91660a040a392794b1621461ce7f53c5bfde0b3c3255c95fdf661e42f8629"
"textures\icons\relic chest icon.tga","262188","36f91660a040a392794b1621461ce7f53c5bfde0b3c3255c95fdf661e42f8629"
"textures\icons\relic shield icon 64.tga","262188","eb1f336067b304f7ebac31cc557dc2ac712e6c5fa4ff98a53ed8565a863e2c29"
"textures\icons\relic shield icon.tga","262188","eb1f336067b304f7ebac31cc557dc2ac712e6c5fa4ff98a53ed8565a863e2c29"
"textures\icons\relic vase icon 64.tga","262188","c70782cc4eae7b4f10f0a5e782eee3a7b7d8c7beadf3b033b1d6f586d0609bcb"
"textures\icons\relic vase icon.tga","262188","c70782cc4eae7b4f10f0a5e782eee3a7b7d8c7beadf3b033b1d6f586d0609bcb"
"textures\icons\relic weapons icon 64.tga","262188","9d1e0e448bd8dd0494a0ece0cb3edb89402dec7097c286dde6384dbb5b80044c"
"textures\icons\relic weapons icon.tga","262188","9d1e0e448bd8dd0494a0ece0cb3edb89402dec7097c286dde6384dbb5b80044c"
"textures\icons\scenario arkantos icon 64.tga","262188","2ab092ad2c82799def7b9bdfa3943402f168fed13541e4f1291888bd73d54c0c"
"textures\icons\scenario arkantos icon.tga","262188","2ab092ad2c82799def7b9bdfa3943402f168fed13541e4f1291888bd73d54c0c"
"textures\icons\scenario boulder wall icon 64.tga","262188","4d3aeb16ba253387e5aaf010f499464f47b34440cde71793348c500fb969a4dd"
"textures\icons\scenario brokk icon 64.tga","262188","89555da7687c4476de776860dd77a990ed038882668bed8827c588bbb0c06fe5"
"textures\icons\scenario brokk icon.tga","262188","89555da7687c4476de776860dd77a990ed038882668bed8827c588bbb0c06fe5"
"textures\icons\scenario c danzhu icon.tga","262188","cfe935332e31438870337c55eac7a6ce8fac2a21639e3a4bbc2543d0e473d866"
"textures\icons\scenario c jiaolong icon.tga","262188","a6ed1c9cbf499f6568da27f01f0b27c86f21e1a7dd4573d8684dc9a7b6c7ad43"
"textures\icons\scenario c shun icon.tga","262188","56f9c9290df6c23c35228b9bb7383894abafdc25b16d2adf5662162d3bf8f0d0"
"textures\icons\scenario c zhi icon.tga","262188","38315070f2480b8c969a8d87afde4887fbd0b96feb0202d0fa4dd9c9d799c839"
"textures\icons\scenario dig pile icon 64.tga","262188","95e3857cde7fab1b2c5bc22485c0620586f949e7643eaf16caab49902c04d43d"
"textures\icons\scenario eitri icon 64.tga","262188","0dca40294ab5625a79f683245793938f24f8b703800e1bf06ebeca810cfba505"
"textures\icons\scenario eitri icon.tga","262188","0dca40294ab5625a79f683245793938f24f8b703800e1bf06ebeca810cfba505"
"textures\icons\scenario excavation icon 64.tga","262188","bb8d605ec96eb9c00e2b0db9bf1a364ed7a8e0d0522533f8702086ea05a3de49"
"textures\icons\scenario folstag flag.tga","262188","c0b4895324f2c68edffd624e1e54b0210b34e082110363d588097339f7b8f6ef"
"textures\icons\scenario folstag icon 64.tga","262188","8a88530ddee7e82e61edc4609af34ef56d59cfd7575a4d17383328df5d16c177"
"textures\icons\scenario folstag icon.tga","262188","8a88530ddee7e82e61edc4609af34ef56d59cfd7575a4d17383328df5d16c177"
"textures\icons\scenario g gargarensis icon 64.tga","262188","1d17b57a3bdb30dcd90a21f818158aa168d06bf97f42c190764e5973a0c45e05"
"textures\icons\scenario g gargarensis icon.tga","262188","1d17b57a3bdb30dcd90a21f818158aa168d06bf97f42c190764e5973a0c45e05"
"textures\icons\scenario g kamos icon 64.tga","262188","ad78f19cedffb046d3e6da76fa1bde6ae5238e5f94bd1133a532a0c75020201a"
"textures\icons\scenario g kamos icon.tga","262188","ad78f19cedffb046d3e6da76fa1bde6ae5238e5f94bd1133a532a0c75020201a"
"textures\icons\scenario g troy wall icon 64.tga","262188","73f48490a1b97e202b936f90a307736f408abf083c9f39824b84fad49f241fbe"
"textures\icons\scenario g troy wall icon.tga","262188","73f48490a1b97e202b936f90a307736f408abf083c9f39824b84fad49f241fbe"
"textures\icons\scenario god statue.tga","262188","cf5de456e2b19781276036f3f10d5c5d325b19df27faea713cbfcfc1aa4b0932"
"textures\icons\scenario hades gate icon 64.tga","262188","0e9f43c11e50d8363cb7dd8a8f8e398ab35bf4c4a097fbf4baac093b424d1f09"
"textures\icons\scenario kemsyt icon 64.tga","262188","2fdf152e9c21a120030e1406d1bf55bdd2b28ea648878e1b17b004a4291872ea"
"textures\icons\scenario kemsyt icon.tga","262188","2fdf152e9c21a120030e1406d1bf55bdd2b28ea648878e1b17b004a4291872ea"
"textures\icons\scenario n greta forkbeard icon.tga","262188","8004b008766a4069c5936de3ae61eb97dc5eed90829edd6a6b07151e4d2eb2b2"
"textures\icons\scenario n pirate ship icon 64.tga","262188","a7cf4960c461e531cec513f4ebde3fac584733aedfe2e0f734c9d4142f441286"
"textures\icons\scenario n reginleif icon 64.tga","262188","b98d87f38dae584cdce4aaacb421e5c53ec0b7980f44c85eb442a7a7ef941943"
"textures\icons\scenario n reginleif icon.tga","262188","b98d87f38dae584cdce4aaacb421e5c53ec0b7980f44c85eb442a7a7ef941943"
"textures\icons\scenario sign icon 64.tga","262188","c5082d72573b36fe00db88a6916a4354fd2c67491cb07a7746c1ad588a22bc4b"
"textures\icons\scenario sign icon.tga","262188","c5082d72573b36fe00db88a6916a4354fd2c67491cb07a7746c1ad588a22bc4b"
"textures\icons\scenario sleeping guardian icon 64.tga","262188","9c5c98dab23d4e7a588f796536acac5372295915ebba33d893e11a9f9739148b"
"textures\icons\scenario sleeping guardian icon.tga","262188","9c5c98dab23d4e7a588f796536acac5372295915ebba33d893e11a9f9739148b"
"textures\icons\scenario swordbearers icon 64.tga","262188","a3b97244bc19d45199b3babc3555b02774fa59a187f17c108eb03a7090caf00a"
"textures\icons\scenario swordbearers icon.tga","262188","a3b97244bc19d45199b3babc3555b02774fa59a187f17c108eb03a7090caf00a"
"textures\icons\scenario tamarisk tree icon 64.tga","262188","e284bc919526ce60c2e7304742e2dc4b24ae52b1f7c9f3c12de946ccb821737b"
"textures\icons\scenario taproot icon 64.tga","262188","7c91d4d8bc4e71139c8a162bb7bfcc124a321daebb77312ea9a51747fe5c198c"
"textures\icons\scenario theocrat icon 64.tga","262188","a3e64fe8963a87344de9d88c85db6235766eb562e245b1567f718da354e0f98c"
"textures\icons\scenario thors hammer icon 64.tga","262188","897a11c5a3a428a219f3d4ead4cab4fcbb55f25df7fc9ed85920dea12a23810e"
"textures\icons\scenario trident icon 64.tga","262188","e6bfcd71e9a099a85cb21fb1270c0995a0e5f4775c23eeb7f52dc8b54e8d98a4"
"textures\icons\scenario troy wall icon 64.tga","262188","449f301df601459a1e635b7d746057f6a9ea49cc835b8774c204d2b60225f653"
"textures\icons\scenario x folstag icons 32.tga","262188","8d9ae8fd2aaf0ea5ffca5bf313592c91532d3ffbbb5e570628f7d6fd26035d8a"
"textures\icons\scenario x folstag icons 64.tga","262188","8d9ae8fd2aaf0ea5ffca5bf313592c91532d3ffbbb5e570628f7d6fd26035d8a"
"textures\icons\scenario x gaia pool icons 32.tga","262188","be46ca133bbf6de97f8b9a18f1c3986c8bb177b76c4df525521229d0a4330566"
"textures\icons\scenario x gaia pool icons 64.tga","262188","be46ca133bbf6de97f8b9a18f1c3986c8bb177b76c4df525521229d0a4330566"
"textures\icons\scenario x general icons 32.tga","262188","92c6f46cef7e662afc57374e87e79ad86dfbc181c18b230d00cad7d5c3789d27"
"textures\icons\scenario x general icons 64.tga","262188","92c6f46cef7e662afc57374e87e79ad86dfbc181c18b230d00cad7d5c3789d27"
"textures\icons\scenario x kastor icons 32.tga","262188","5b6c3405df53e67738d3bdc1d2caac4266591c28fe936834c7b4728ea2301bce"
"textures\icons\scenario x kastor icons 64.tga","262188","5b6c3405df53e67738d3bdc1d2caac4266591c28fe936834c7b4728ea2301bce"
"textures\icons\scenario x kronny icons 32.tga","262188","a042d493e576805535c0800da85458db824b0f894c7c2c241424956c53d4dac3"
"textures\icons\scenario x kronny icons 64.tga","262188","a042d493e576805535c0800da85458db824b0f894c7c2c241424956c53d4dac3"
"textures\icons\scenario x statue chimera icons.tga","262188","124245eaa332b542b60ded16f25c3c11fdc352b236a39389bf7de9321902965a"
"textures\icons\scenario x statue cyclops icons.tga","262188","bb696315a2159a4b51e5f8d8693ff3d4fe235b656d1ae303216b8dea9bf91468"
"textures\icons\scenario x statue general icons.tga","262188","978d20294b1e5dbd9309c523f73d20c5e12d5dac93e2d3ef90458942508e8b5f"
"textures\icons\scenario x statue hydra icons.tga","262188","e89ab949b59973b37af543e30899e2a8a2a2317ad5c02b4d4aea07e37805ed58"
"textures\icons\scenario x statue manticore icons.tga","262188","d7878637503c639efa770ac4612add7ec4b7e91deca29dcde391d51ec7f50975"
"textures\icons\scenario x statue nemean lion icons.tga","262188","168bde2c83d93005fe9bd45922cd40e5e0f14253a03890dc49b46d08b2cf6534"
"textures\icons\scenario x statue valkyrie icons.tga","262188","8d17c2181a06a2d6cecd54597df444b21c1e1f7cf2b20e98842b0db67c07f32f"
"textures\icons\scenario x summoning tree icons.tga","262188","7e525409cf6dbcd2263b595486d77befc0fa22a24bdc949fbec23f53dc331657"
"textures\icons\scenario x titan kronos icons 32.tga","262188","5ddb845c43a6f734873b18880f82c0d57c3bc57b8c280b8b561e24e13aa35ee9"
"textures\icons\scenario x titan kronos icons 64.tga","262188","5ddb845c43a6f734873b18880f82c0d57c3bc57b8c280b8b561e24e13aa35ee9"
"textures\icons\scenerio x statue chimera icons.tga","262188","124245eaa332b542b60ded16f25c3c11fdc352b236a39389bf7de9321902965a"
"textures\icons\seige_camp.tga","65580","4acc5eb6d3effd6b00eb46d0969a8981323ca9a05620c832bd46babe5e31a6f9"
"textures\icons\sellfood.tga","65580","5b7e75ffd675fd273be67768027bd305871b0f9205f044bae7e2e0d145239bb6"
"textures\icons\sellwood.tga","65580","535dbfe3b38d72723a4951a77340a05c5c00dfc09586b960cbae56f4976c7c85"
"textures\icons\siege ballista icon.tga","65580","0f03ac4d69756fcb8facacd04485d7920a9862797930839a1fe2348aa6e85f72"
"textures\icons\siege c fire lance icon.tga","262188","2b5caed30764012c3f8113f1348fed4127e11d45d944ff9e2459b28c0749eea6"
"textures\icons\siege c sitting tiger icon.tga","262188","b88c3443cc6111e66fbb3f83330aaa7bbcbde03b29d94d7a1e459c8b436e0b51"
"textures\icons\siege catapult icon 64.tga","262188","0f66d559f8dac23cbebe88995b2f050054f7396aec2a6b445371f4d548783589"
"textures\icons\siege catapult icon.tga","262188","0f66d559f8dac23cbebe88995b2f050054f7396aec2a6b445371f4d548783589"
"textures\icons\siege e catapult icon 64.tga","262188","848744b6e0ea4e362382c7d3d73b6fe4d90fbfc6357867d205eaa2cf6555ede0"
"textures\icons\siege e catapult icon.tga","262188","848744b6e0ea4e362382c7d3d73b6fe4d90fbfc6357867d205eaa2cf6555ede0"
"textures\icons\siege e siege tower icon 64.tga","262188","24f5b65391d034de4431b5aed86e37338302f22461e429526179690d09437b04"
"textures\icons\siege e siege tower icon.tga","262188","24f5b65391d034de4431b5aed86e37338302f22461e429526179690d09437b04"
"textures\icons\siege e tower icon.tga","65580","29697141b6ad799ade4052832fa34a0004bfc81ed972a77fb6164451ac40af57"
"textures\icons\siege g helepolis icon 64.tga","262188","4f7ac2c5bf1538ce94a794ec27f0fd600fc289ee3b7b57aa4e76ab9edb9688d9"
"textures\icons\siege g helepolis icon.tga","262188","4f7ac2c5bf1538ce94a794ec27f0fd600fc289ee3b7b57aa4e76ab9edb9688d9"
"textures\icons\siege g petrobolos icon 64.tga","262188","848744b6e0ea4e362382c7d3d73b6fe4d90fbfc6357867d205eaa2cf6555ede0"
"textures\icons\siege g petrobolos icon.tga","262188","848744b6e0ea4e362382c7d3d73b6fe4d90fbfc6357867d205eaa2cf6555ede0"
"textures\icons\siege g tower icon.tga","65580","f4beca2314f2b2f5b046911d214c4142e3e309e07bb0d005d40ddc4827e7bf20"
"textures\icons\siege n ballista icon 64.tga","262188","af6d4c8c83c2abd7beb373641e5d958ccf8b921151bb103b04fe3d61319a161b"
"textures\icons\siege n ballista icon.tga","262188","af6d4c8c83c2abd7beb373641e5d958ccf8b921151bb103b04fe3d61319a161b"
"textures\icons\siege n catapult icon.tga","65580","0109237c360cf1b6576e3bd73f2a33f1591db0f5591d2c912e45ac365e938644"
"textures\icons\siege n portable ram icon 64.tga","262188","9491782bd49bf27a89c90d7081ac8688dd0ac979e96f33af8ffd1908542df309"
"textures\icons\siege n portable ram icon.tga","262188","9491782bd49bf27a89c90d7081ac8688dd0ac979e96f33af8ffd1908542df309"
"textures\icons\siege n tower icon.tga","65580","3643a32efc5d9857f1449ffb6d5347ed5db00b9df55551d5dfd270657ffecd93"
"textures\icons\siege portable ram icon.tga","65580","2c4c0d7c2921c35072a3a56ed85ba27e4bd70c04ec74eeb74583f1a3a6837d81"
"textures\icons\siege tower icon.tga","65580","f61052a24c4231c9cb11b5b8aaf47c15329edae4b544882feb911cc6a4ae1484"
"textures\icons\siege trojan horse icon 64.tga","262188","8d76c7c1e932bd40099e63cb34997ce75764013b5520813e0d5f2cc30f7cc704"
"textures\icons\siege trojan horse icon.tga","262188","8d76c7c1e932bd40099e63cb34997ce75764013b5520813e0d5f2cc30f7cc704"
"textures\icons\siege x chieroballista icons 32.tga","262188","ae545bfde2f5b252f9803eb108a76abafaef3d9062fedcb022604308b252e401"
"textures\icons\siege x chieroballista icons 64.tga","262188","ae545bfde2f5b252f9803eb108a76abafaef3d9062fedcb022604308b252e401"
"textures\icons\siege x fire siphon icons 32.tga","262188","5b170a3e80369f2e7d4197506798eb8a6c843f77f3988393c39b34a76b839001"
"textures\icons\siege x fire siphon icons 64.tga","262188","5b170a3e80369f2e7d4197506798eb8a6c843f77f3988393c39b34a76b839001"
"textures\icons\siege x onager icon.tga","262188","13baa7f2b8492612ec9687e8b7778025d25df5eba02c0cc303f629982b6f30ad"
"textures\icons\spcx kastor icon 32.tga","262188","9906bfdfd26c1535df2f58b44726c2e08167fb3da82532ae7bed65c5993750fa"
"textures\icons\spcx kastor icon 64.tga","262188","9906bfdfd26c1535df2f58b44726c2e08167fb3da82532ae7bed65c5993750fa"
"textures\icons\spear 1_ico.tga","65580","a46a7d19a4e7693386773264c7321c314148320527397f3859cf5c0cec0bd150"
"textures\icons\spear 2_ico.tga","65580","0d05550e1349a1bf6bff1874c1dbfe2e8314408a4c3b05e2115a5d431cdc5c0d"
"textures\icons\special a titan promethean icon 64.tga","262188","f1587fe085246c469ae8b282b73fb7a0eef2fcb2b67304154091a39edadeefe8"
"textures\icons\special c azure dragon icon.tga","262188","6cb4b2156e3e833031ce53ffe2de5e385fc46f39550d1daa9612d0597130ae66"
"textures\icons\special c black tortoise icon.tga","262188","285090e662859c91c0ed6681194b531c451c1bfef8a996212ab2520eaff40ff3"
"textures\icons\special c dragon turtle icon.tga","262188","279cf0675cad2571233fab376ac3e47a21ec763935d8a0f93253cf0843e24301"
"textures\icons\special c earth dragon icon.tga","262188","d4e8e526ce41cdf2acc6a191a6042c3bf5efce7c7fa0549a828e18ff4efc255a"
"textures\icons\special c jiangshi icon.tga","262188","3ecdb86054c13cccdc7a7e148361591980b443ac5525c39de7c4f090a781943b"
"textures\icons\special c monkey king icon.tga","262188","91a25f1b3cc63c03bd0ad25f8f3db71a134904c11229c812b449e31d97ddd1b4"
"textures\icons\special c pixiu icon.tga","262188","65ecb23915dcba5f8af7b4aba899f40b5b5827dc8ac320fc4b555364c3cff67d"
"textures\icons\special c qilin icon.tga","262188","18ce5419a20d85934f7a62afcb2ef25f476d341d01ec60cdd1e64bc98454cb96"
"textures\icons\special c terracotta soldier icon.tga","262188","0e3602764a4d9bdb8d7f2579e9c9cc9247e8678b0379b96cc9e6c66abb9aba5c"
"textures\icons\special c titan icon.tga","262188","ead46f80dd78bd9931c424b4eb8513e91db3987d3ade1bda11e005b5b3e6b80a"
"textures\icons\special c vermilion bird icon.tga","262188","5e70cbe45248582b5ec981c406326cce7ce52030ec09270f3d611cb3d3e89159"
"textures\icons\special c war salamander icon.tga","262188","67d5329eb8974c140626caff1d1367c4327cf35e5fe05013f929a4cc04fe485b"
"textures\icons\special c white tiger icon.tga","262188","3ce631b5bc242a17af8a94ba095f4dad50c58ad919152fbf873b382bf16a7e6d"
"textures\icons\special e amanra icon 64.tga","262188","1c3825b30cccada43b18209d9eb02a69ad5714b24fadfe3ccd98e15b7fffea48"
"textures\icons\special e amanra icon.tga","262188","1c3825b30cccada43b18209d9eb02a69ad5714b24fadfe3ccd98e15b7fffea48"
"textures\icons\special e anubite icon 64.tga","262188","444076c2c527e06b64a77b698f01383bccaaad871b979160418af3ad77447a3e"
"textures\icons\special e anubite icon.tga","262188","444076c2c527e06b64a77b698f01383bccaaad871b979160418af3ad77447a3e"
"textures\icons\special e avenger icon 64.tga","262188","e2ea17fe0a3c8d654314ee8f871bc86c102915827d8fd9dcd8aec78dd8ef281c"
"textures\icons\special e avenger icon.tga","262188","e2ea17fe0a3c8d654314ee8f871bc86c102915827d8fd9dcd8aec78dd8ef281c"
"textures\icons\special e chimera icon 64.tga","262188","fdaffe84f50dac7fb623986a5a72169f695a8da862567b1481a3afca94acab32"
"textures\icons\special e chimera icon.tga","262188","fdaffe84f50dac7fb623986a5a72169f695a8da862567b1481a3afca94acab32"
"textures\icons\special e leviathan icon 64.tga","262188","8bb82c0978e3b450a5b07158a4da6cfafb72561df17d09294943ac5098f69e39"
"textures\icons\special e leviathan icon.tga","262188","8bb82c0978e3b450a5b07158a4da6cfafb72561df17d09294943ac5098f69e39"
"textures\icons\special e mercenary cavalry icon 64.tga","262188","5d693acfc013373bbc81c9a1002c9c3ed3bbc5688d7814a901af5bc1456825b0"
"textures\icons\special e mercenary cavalry icon.tga","262188","5d693acfc013373bbc81c9a1002c9c3ed3bbc5688d7814a901af5bc1456825b0"
"textures\icons\special e mercenary icon 64.tga","262188","fba1bda305f6d3e3f0a993eb0cf86246bb021043ef1b7834e2681a5c4249232a"
"textures\icons\special e mercenary icon.tga","262188","fba1bda305f6d3e3f0a993eb0cf86246bb021043ef1b7834e2681a5c4249232a"
"textures\icons\special e minion icon 64.tga","262188","95dcb9ed8bee91a786af08a4aa45c5e4ea772fdee18acd119f5b137a67aedf49"
"textures\icons\special e minion icon.tga","262188","95dcb9ed8bee91a786af08a4aa45c5e4ea772fdee18acd119f5b137a67aedf49"
"textures\icons\special e mummy icon 64.tga","262188","187919c8797c28f3b4e99e1541740aa9b7bb471434f5e8b429586123d39f29b0"
"textures\icons\special e mummy icon.tga","262188","187919c8797c28f3b4e99e1541740aa9b7bb471434f5e8b429586123d39f29b0"
"textures\icons\special e osiris box icon 64.tga","262188","7147cb669573cbc10b4bfc3b0de2ad69e4e33600e676cf902db740c9176bf18c"
"textures\icons\special e petosuchus icon 64.tga","262188","1559fc6102df04d5db6006650aaf084c9ee1a6fe84d1757088e7592809ba6292"
"textures\icons\special e petosuchus icon.tga","262188","1559fc6102df04d5db6006650aaf084c9ee1a6fe84d1757088e7592809ba6292"
"textures\icons\special e pharaoh icon 64.tga","262188","6483c048b7fc658e278d1da89c34c4f7a685f56521255322997b0593ea1f0d59"
"textures\icons\special e pharaoh icon.tga","262188","6483c048b7fc658e278d1da89c34c4f7a685f56521255322997b0593ea1f0d59"
"textures\icons\special e phoenix egg icon 64.tga","262188","a1214d21724f4bfc78cef633e60097d573ae6c449a90b2ab70b807ba95061200"
"textures\icons\special e phoenix egg icon.tga","262188","a1214d21724f4bfc78cef633e60097d573ae6c449a90b2ab70b807ba95061200"
"textures\icons\special e phoenix icon 64.tga","262188","324667b4e3b29092b06d4ecd0192efab2517c5d17bfaa3082db03492177f7d47"
"textures\icons\special e phoenix icon.tga","262188","324667b4e3b29092b06d4ecd0192efab2517c5d17bfaa3082db03492177f7d47"
"textures\icons\special e priest icon 64.tga","262188","b8b09a5e0bdceb4aab0785f4601f1f0031022fad2723be3450aaa07508d150b9"
"textures\icons\special e priest icon.tga","262188","b8b09a5e0bdceb4aab0785f4601f1f0031022fad2723be3450aaa07508d150b9"
"textures\icons\special e roc icon 64.tga","262188","8e7e8523661fff5514838d34d1aee6ba80860ec972b43bcd653d3a3005b169b3"
"textures\icons\special e roc icon.tga","262188","8e7e8523661fff5514838d34d1aee6ba80860ec972b43bcd653d3a3005b169b3"
"textures\icons\special e scarab icon 64.tga","262188","3494d817f10aa0a1ff3c4bf504529a08c8fc53be543449a176b31e2af572b18c"
"textures\icons\special e scarab icon.tga","262188","3494d817f10aa0a1ff3c4bf504529a08c8fc53be543449a176b31e2af572b18c"
"textures\icons\special e scorpion man icon.tga","262188","08311146289a3b301213c8321d1640e9c740a102cad9edadbbfefc9d5a4fcbfd"
"textures\icons\special e scorpionman icon 64.tga","262188","08311146289a3b301213c8321d1640e9c740a102cad9edadbbfefc9d5a4fcbfd"
"textures\icons\special e scorpionman icon.tga","262188","08311146289a3b301213c8321d1640e9c740a102cad9edadbbfefc9d5a4fcbfd"
"textures\icons\special e serpent icon 64.tga","262188","91860f299a118daacbede9da53de28ec627cebd6289d7ab80827ffb2ff3ab099"
"textures\icons\special e serpent icon.tga","262188","91860f299a118daacbede9da53de28ec627cebd6289d7ab80827ffb2ff3ab099"
"textures\icons\special e setna icon 64.tga","262188","17632ba980323b7de87690fedcea8f315ca6d8f5aaded9a8471eeefa4381bc90"
"textures\icons\special e setna icon.tga","262188","17632ba980323b7de87690fedcea8f315ca6d8f5aaded9a8471eeefa4381bc90"
"textures\icons\special e shaba ka icon 64.tga","262188","cf816a093e1531a3772f1ea2039fec360b75720f80194b6d3dcf88101ff1573d"
"textures\icons\special e shaba ka icon.tga","262188","cf816a093e1531a3772f1ea2039fec360b75720f80194b6d3dcf88101ff1573d"
"textures\icons\special e son of osiris icon 64.tga","262188","a313f62f15ca1c1982457f99af9af203ac20034eb9d94606672bcfa45b493740"
"textures\icons\special e son of osiris icon.tga","262188","a313f62f15ca1c1982457f99af9af203ac20034eb9d94606672bcfa45b493740"
"textures\icons\special e sphinx icon 64.tga","262188","a90c9ea2795cda40de54bc482343fcc88f99a5d031dd7b52ca5286e05cd88f34"
"textures\icons\special e sphinx icon.tga","262188","a90c9ea2795cda40de54bc482343fcc88f99a5d031dd7b52ca5286e05cd88f34"
"textures\icons\special e vulture icon 64.tga","262188","aec069f977de11a10d24e2acb212e686cabf198d3d2ff1197325b714f79d8c77"
"textures\icons\special e vulture icon.tga","262188","aec069f977de11a10d24e2acb212e686cabf198d3d2ff1197325b714f79d8c77"
"textures\icons\special e wadjet icon 64.tga","262188","8d14410989101bf7e32e7047022e7c83ab6cb088a8090a9d287a3c9fdef77ec6"
"textures\icons\special e wadjet icon.tga","262188","8d14410989101bf7e32e7047022e7c83ab6cb088a8090a9d287a3c9fdef77ec6"
"textures\icons\special g agamemnon icon 64.tga","262188","96b8026b39f995a678252b3f743ca21610691beabf14e2f1f001b44c5f521625"
"textures\icons\special g agamemnon icon.tga","262188","96b8026b39f995a678252b3f743ca21610691beabf14e2f1f001b44c5f521625"
"textures\icons\special g argo icon 64.tga","262188","bd4e8c0a8a58c4a1e473a851b3f7e858cc5d1e8e56e493e00249076d0f44efdf"
"textures\icons\special g argo icon.tga","262188","bd4e8c0a8a58c4a1e473a851b3f7e858cc5d1e8e56e493e00249076d0f44efdf"
"textures\icons\special g arkantos icon 64.tga","262188","972a64e0879d92be49116e66cde6ddd71591a005eb341a8cad2a6946291dbf73"
"textures\icons\special g arkantos icon.tga","262188","972a64e0879d92be49116e66cde6ddd71591a005eb341a8cad2a6946291dbf73"
"textures\icons\special g bronze colossus icon 64.tga","262188","4f01890a563b45158ef2bd6b8f5d36e7cc97d3e78aad1f901c09b51fbca14c71"
"textures\icons\special g bronze colossus icon.tga","262188","4f01890a563b45158ef2bd6b8f5d36e7cc97d3e78aad1f901c09b51fbca14c71"
"textures\icons\special g carcinos icon 64.tga","262188","a0337eda35b74c03eed25a0e73a8d0b750a6c6ed4c0928e7edce6ae3c8214a59"
"textures\icons\special g carcinos icon.tga","262188","a0337eda35b74c03eed25a0e73a8d0b750a6c6ed4c0928e7edce6ae3c8214a59"
"textures\icons\special g centaur icon 64.tga","262188","5988437a80ed8245a7cf9fdac4a5302fb2062129986d8133ac9f15bfe5559269"
"textures\icons\special g centaur icon.tga","262188","5988437a80ed8245a7cf9fdac4a5302fb2062129986d8133ac9f15bfe5559269"
"textures\icons\special g chimera icon 64.tga","262188","fdaffe84f50dac7fb623986a5a72169f695a8da862567b1481a3afca94acab32"
"textures\icons\special g chimera icon.tga","262188","fdaffe84f50dac7fb623986a5a72169f695a8da862567b1481a3afca94acab32"
"textures\icons\special g circe icon 64.tga","262188","9df297d4ec87c7514dc3d376a97feb309b15cce390a34c82b1e52e42a301b8f0"
"textures\icons\special g circe icon.tga","262188","9df297d4ec87c7514dc3d376a97feb309b15cce390a34c82b1e52e42a301b8f0"
"textures\icons\special g colossus icon 64.tga","262188","8ae453fd6fc58125c293bcd6a935e842f04c7bc3033b9250212845dcd25d4fe0"
"textures\icons\special g colossus icon.tga","262188","8ae453fd6fc58125c293bcd6a935e842f04c7bc3033b9250212845dcd25d4fe0"
"textures\icons\special g copper colossus icon 64.tga","262188","aab9097e6f04b6475fe7fb4722eff4e063325062365c9b2bf6d56e752540fbce"
"textures\icons\special g copper colossus icon.tga","262188","aab9097e6f04b6475fe7fb4722eff4e063325062365c9b2bf6d56e752540fbce"
"textures\icons\special g cyclops icon 64.tga","262188","9415cede081dc71b27ced90ae4cdc99708dd53f4214d3129b03d3007184b822b"
"textures\icons\special g cyclops icon.tga","262188","9415cede081dc71b27ced90ae4cdc99708dd53f4214d3129b03d3007184b822b"
"textures\icons\special g god statue icon 64.tga","262188","4ceab4b582c2aa66f88721aa47979348292587134d026b6f465d6ec2bc2418e3"
"textures\icons\special g griffon icon.tga","65580","633035bbe362b273cc3bed6702c27c71bad7329509beb214dc25a9a3ba524b16"
"textures\icons\special g hades ram icon 64.tga","262188","c2da5f9a4c938f6ee08836fd0cee53ab0c0db6070a9242e03098e329b737e8a9"
"textures\icons\special g harpy icon.tga","65580","c3c4a695f012bcecfaf69255e420ac1a562205e1e8eddc6edec493936eb4f462"
"textures\icons\special g hippocampus icon 64.tga","262188","4a599b927dc40b200eba60ab3d7fed91553b26d6b592e60788aec8cedcf72bb3"
"textures\icons\special g hippocampus icon.tga","262188","4a599b927dc40b200eba60ab3d7fed91553b26d6b592e60788aec8cedcf72bb3"
"textures\icons\special g hydra icon 64.tga","262188","cdf3e81cd6d2c25f81a4f5534b5a42cf80e65bf513873f9e1d2b37bd11cc9345"
"textures\icons\special g hydra icon.tga","262188","cdf3e81cd6d2c25f81a4f5534b5a42cf80e65bf513873f9e1d2b37bd11cc9345"
"textures\icons\special g iron colossus icon 64.tga","262188","6791d97065f8cefeb936452e7f874cac138c9630b69e01dfde6f7e66f1afb7b7"
"textures\icons\special g iron colossus icon.tga","262188","6791d97065f8cefeb936452e7f874cac138c9630b69e01dfde6f7e66f1afb7b7"
"textures\icons\special g kastor icon 64.tga","262188","d1210b90b733ba75884870ed2e00f14712da26a9eff755aa6e6b8ba1c7b0b937"
"textures\icons\special g kastor icon.tga","262188","d1210b90b733ba75884870ed2e00f14712da26a9eff755aa6e6b8ba1c7b0b937"
"textures\icons\special g manticore icon 64.tga","262188","57ab1ebf41233780151dfcb54fafdaf45cfebdbcd264c68aa92fd3ef35991e5f"
"textures\icons\special g manticore icon.tga","262188","57ab1ebf41233780151dfcb54fafdaf45cfebdbcd264c68aa92fd3ef35991e5f"
"textures\icons\special g medusa icon 64.tga","262188","7c781ce0d8dd0037b87a8d6298b709305a7a6ad33785bcd0714f795e50e808cf"
"textures\icons\special g medusa icon.tga","262188","7c781ce0d8dd0037b87a8d6298b709305a7a6ad33785bcd0714f795e50e808cf"
"textures\icons\special g minotaur icon 64.tga","262188","f2c3f408edf60881bdb8f8e81dbb3f0d3932e2a204307cc27a3fe225bec931dc"
"textures\icons\special g minotaur icon.tga","262188","f2c3f408edf60881bdb8f8e81dbb3f0d3932e2a204307cc27a3fe225bec931dc"
"textures\icons\special g nemean lion icon 64.tga","262188","dbba8b84a5df44deffa26797ca9cccaad348d7f47f7b459d36dd84da772bb1de"
"textures\icons\special g nemean lion icon.tga","262188","dbba8b84a5df44deffa26797ca9cccaad348d7f47f7b459d36dd84da772bb1de"
"textures\icons\special g pegasus icon 64.tga","262188","3eb8f453a74383f09745169928ddc1917199c05785ebd28463e88faa5858bc86"
"textures\icons\special g pegasus icon.tga","262188","3eb8f453a74383f09745169928ddc1917199c05785ebd28463e88faa5858bc86"
"textures\icons\special g scylla icon 64.tga","262188","7a9935535773c195054a4f4520295f6d55f433f12b9a38727174295a41b5fa86"
"textures\icons\special g scylla icon.tga","262188","7a9935535773c195054a4f4520295f6d55f433f12b9a38727174295a41b5fa86"
"textures\icons\special g sea turtle icon 64.tga","262188","f34a53ace84ec91ec3bec320721d7cb5716d89625ecf4cb66d3e99799b3930fa"
"textures\icons\special g sea turtle icon.tga","262188","f34a53ace84ec91ec3bec320721d7cb5716d89625ecf4cb66d3e99799b3930fa"
"textures\icons\special g shade icon 64.tga","262188","bc924ddc172e03051ecc1be53cccd1c8f1853253585238fefb3b2eae2f737e9b"
"textures\icons\special g shade icon.tga","262188","bc924ddc172e03051ecc1be53cccd1c8f1853253585238fefb3b2eae2f737e9b"
"textures\icons\special kraken bits icon 64.tga","262188","520b27e5b1c325ce1ea3187caec541e908eff5a8ae6a0a6ed5d8eb486a386690"
"textures\icons\special n battle boar icon 64.tga","262188","fa3a2b9bca74e1edc29a75d929446f89df9b43573dae19dca58afccde9d737da"
"textures\icons\special n battle boar icon.tga","262188","fa3a2b9bca74e1edc29a75d929446f89df9b43573dae19dca58afccde9d737da"
"textures\icons\special n einheriar icon 64.tga","262188","eb8744a1c3b89a3f272a69e992f0eca03789bd7c2551f7f9d2a1fd8572d35a2b"
"textures\icons\special n einheriar icon.tga","262188","eb8744a1c3b89a3f272a69e992f0eca03789bd7c2551f7f9d2a1fd8572d35a2b"
"textures\icons\special n fenris wolf icon 64.tga","262188","2d2f4fc7497581130af4a5400ee03b34fc6c7f34a3ea3883f7b0e0c58b003b99"
"textures\icons\special n fenris wolf icon.tga","262188","2d2f4fc7497581130af4a5400ee03b34fc6c7f34a3ea3883f7b0e0c58b003b99"
"textures\icons\special n fire giant icon 64.tga","262188","7234aa3760b8d815dafeb1ab264746e0af930f714568fdedada99158f2c90145"
"textures\icons\special n fire giant icon.tga","262188","7234aa3760b8d815dafeb1ab264746e0af930f714568fdedada99158f2c90145"
"textures\icons\special n frost giant icon 64.tga","262188","f4525908e26f2704115b238b8f436c26a4fc2e73b5d1f822d9f95c70746a09e9"
"textures\icons\special n frost giant icon.tga","262188","f4525908e26f2704115b238b8f436c26a4fc2e73b5d1f822d9f95c70746a09e9"
"textures\icons\special n jormund brood icon 64.tga","262188","c0867c1b6be54401559d4673d7071d8e19cef1a195e16bb914e9da98c381ed0a"
"textures\icons\special n jormund brood icon.tga","262188","c0867c1b6be54401559d4673d7071d8e19cef1a195e16bb914e9da98c381ed0a"
"textures\icons\special n kraken icon 64.tga","262188","5503d304e10add0b903b0c0f294bb13f43850508bc7235e884367bc6e74d9835"
"textures\icons\special n kraken icon.tga","262188","5503d304e10add0b903b0c0f294bb13f43850508bc7235e884367bc6e74d9835"
"textures\icons\special n mountain giant icon 64.tga","262188","aae6aadda64d0c528a447730dd645b5f167f8741761f881f28d9442421b63559"
"textures\icons\special n mountain giant icon.tga","262188","aae6aadda64d0c528a447730dd645b5f167f8741761f881f28d9442421b63559"
"textures\icons\special n nidhogg icon 64.tga","262188","ff776d0b10a289b76baa9d658b886b5acab50cba9fbb0e0e0681269b7e4bc9b7"
"textures\icons\special n nidhogg icon.tga","262188","ff776d0b10a289b76baa9d658b886b5acab50cba9fbb0e0e0681269b7e4bc9b7"
"textures\icons\special n raven icon 64.tga","262188","bad567c150c22496ebe715d2e953ce5e4420805b7a2ca5e251517074a8f643e6"
"textures\icons\special n raven icon.tga","262188","bad567c150c22496ebe715d2e953ce5e4420805b7a2ca5e251517074a8f643e6"
"textures\icons\special n titan.tga","65580","3b3b1abb164a7efb47a88c029b741b323a54ba397dd41e33ef966841020a3e37"
"textures\icons\special n troll icon 64.tga","262188","6ce9c45bc405178c18c4558e9450ec019ba6545c7a7da3c12d37e46d983c1130"
"textures\icons\special n trollkarien icon.tga","262188","6ce9c45bc405178c18c4558e9450ec019ba6545c7a7da3c12d37e46d983c1130"
"textures\icons\special n valkyrie icon 64.tga","262188","b9801640c05e0f2fb9b0b2bfe66d2c1244a874bf48f8f0b6096f7a087ffd7076"
"textures\icons\special n valkyrie icon.tga","262188","b9801640c05e0f2fb9b0b2bfe66d2c1244a874bf48f8f0b6096f7a087ffd7076"
"textures\icons\special x argus icons 32.tga","262188","1535387a7b13a990b07dcc7aef38a8513b1c0be5ed3930c3b5985da3994f41f5"
"textures\icons\special x argus icons 64.tga","262188","1535387a7b13a990b07dcc7aef38a8513b1c0be5ed3930c3b5985da3994f41f5"
"textures\icons\special x atlantean titan icons 32.tga","262188","e2ded23c0ddcae2d4149f75b555c43454c45bdf50d398b9e4be70bb9645b0dc5"
"textures\icons\special x atlantean titan icons 64.tga","262188","e2ded23c0ddcae2d4149f75b555c43454c45bdf50d398b9e4be70bb9645b0dc5"
"textures\icons\special x automaton icons 32.tga","262188","6826cf2f5c21d11657366813adfd0088f7aa86a38d96340b8a9659d08924b70f"
"textures\icons\special x automaton icons 64.tga","262188","6826cf2f5c21d11657366813adfd0088f7aa86a38d96340b8a9659d08924b70f"
"textures\icons\special x behemoth icons 32.tga","262188","7a0c1858c47669a8905d0b1969c81f32100019b62152ac3803137712ecc7583f"
"textures\icons\special x behemoth icons 64.tga","262188","7a0c1858c47669a8905d0b1969c81f32100019b62152ac3803137712ecc7583f"
"textures\icons\special x flying medic icons 32.tga","262188","0905ce59799bdb1d8de761e00bdcc2a446edc9e1b80cfddb906afcff8e559b88"
"textures\icons\special x flying medic icons 64.tga","262188","0905ce59799bdb1d8de761e00bdcc2a446edc9e1b80cfddb906afcff8e559b88"
"textures\icons\special x gate spawn icons 32.tga","262188","fb41dfb1b062c04d1583d749e62208940165bece4353a7de6dcb87465056db49"
"textures\icons\special x gate spawn icons 64.tga","262188","fb41dfb1b062c04d1583d749e62208940165bece4353a7de6dcb87465056db49"
"textures\icons\special x heka gigantes icons 32.tga","262188","bfe6d103adb79c93c10203598c92ff4657b6beb67897a6a7c872032ddbf7957c"
"textures\icons\special x heka gigantes icons 64.tga","262188","bfe6d103adb79c93c10203598c92ff4657b6beb67897a6a7c872032ddbf7957c"
"textures\icons\special x lampades icons 32.tga","262188","b7af27cf280d0e009c8ee838b94b380d7779ebed103066faf4da48fefc8a0e76"
"textures\icons\special x lampades icons 64.tga","262188","b7af27cf280d0e009c8ee838b94b380d7779ebed103066faf4da48fefc8a0e76"
"textures\icons\special x man o war icons 32.tga","262188","03b8b2c067e719f937b076a3de59e8623f4b193a3f97e6e06c90875b13034a21"
"textures\icons\special x man o war icons 64.tga","262188","03b8b2c067e719f937b076a3de59e8623f4b193a3f97e6e06c90875b13034a21"
"textures\icons\special x nereid icons 32.tga","262188","c6c73ae18f932124b93c793def0713ed5349f4e3e63fd0d86aae56756dca72d9"
"textures\icons\special x nereid icons 64.tga","262188","c6c73ae18f932124b93c793def0713ed5349f4e3e63fd0d86aae56756dca72d9"
"textures\icons\special x neyeid icons 32.tga","262188","4a04e4811be4138e16b4375f663926c743442a5c0044fb19d81ee5b529b640c3"
"textures\icons\special x neyeid icons 64.tga","262188","4a04e4811be4138e16b4375f663926c743442a5c0044fb19d81ee5b529b640c3"
"textures\icons\special x promethean icons 32.tga","262188","7e93b7aea655d7add1905b83d1a431871603d8f7aa0126f874a9c38394e5b80c"
"textures\icons\special x promethean icons 64.tga","262188","7e93b7aea655d7add1905b83d1a431871603d8f7aa0126f874a9c38394e5b80c"
"textures\icons\special x promethean small icons 32.tga","262188","3bf2ebd97e137cc816c7808da3a5effaff21ab34106388dc3fabfbfa91031f99"
"textures\icons\special x promethean small icons 64.tga","262188","3bf2ebd97e137cc816c7808da3a5effaff21ab34106388dc3fabfbfa91031f99"
"textures\icons\special x satyr icons 32.tga","262188","f199961252186bbed0dfc6d46eca3022b21c1252f851cd15146a8332c185f18b"
"textures\icons\special x satyr icons 64.tga","262188","f199961252186bbed0dfc6d46eca3022b21c1252f851cd15146a8332c185f18b"
"textures\icons\special x servant icons 32.tga","262188","e266ff696a21381b5e3baebcf3e9736f3a9aff3513d06508cbd2c8c5641c55c4"
"textures\icons\special x servant icons 64.tga","262188","e266ff696a21381b5e3baebcf3e9736f3a9aff3513d06508cbd2c8c5641c55c4"
"textures\icons\special x small promethean icons 32.tga","262188","3bf2ebd97e137cc816c7808da3a5effaff21ab34106388dc3fabfbfa91031f99"
"textures\icons\special x small promethean icons 64.tga","262188","3bf2ebd97e137cc816c7808da3a5effaff21ab34106388dc3fabfbfa91031f99"
"textures\icons\special x small promethian icons 32.tga","262188","3bf2ebd97e137cc816c7808da3a5effaff21ab34106388dc3fabfbfa91031f99"
"textures\icons\special x small promethian icons 64.tga","262188","3bf2ebd97e137cc816c7808da3a5effaff21ab34106388dc3fabfbfa91031f99"
"textures\icons\special x stymphalian bird icons 32.tga","262188","dbc8920aa657d3a61a0385576570efad2278f780c7b676c6a272929a9e386b40"
"textures\icons\special x stymphalian bird icons 64.tga","262188","dbc8920aa657d3a61a0385576570efad2278f780c7b676c6a272929a9e386b40"
"textures\icons\special x titan egyptian 64.tga","262188","244c8d995758b48fdd89f9ebee5d872e35faf28708a0b9669d4c8ee883aa3f08"
"textures\icons\special x titan gaia icons 32.tga","262188","f195e6e83ef8c6c1a0dbc714cdd5be677ef48e3d5310ec55c80349e90562a028"
"textures\icons\special x titan gaia icons 64.tga","262188","f195e6e83ef8c6c1a0dbc714cdd5be677ef48e3d5310ec55c80349e90562a028"
"textures\icons\special x titan greek 64.tga","262188","a11a2d932dc7bff1b8db913326e320c34b475ed81d2614b08a6b6894273ed3ce"
"textures\icons\special x titan icons 32.tga","262188","99d14d1ce9569c8325e42e1449b8ac65951ec19a9a2fd8438a637c87b875f181"
"textures\icons\special x titan icons 64.tga","262188","99d14d1ce9569c8325e42e1449b8ac65951ec19a9a2fd8438a637c87b875f181"
"textures\icons\special x titan norse 64.tga","262188","ad0e650c329012ba2e3497c592f353528394fed15c34cb50b094d1a107d9cbc2"
"textures\icons\star.tga","16428","4e1bb3e9dc67a5169e51952fc3afe91ead1a4e11fa21f803835c3a37ba98d2b6"
"textures\icons\trade c caravan icon.tga","262188","38bba763c1d566bab3e5e64295882016a79edc9ee4cab6081dc919bd913ca523"
"textures\icons\trade c caravan.tga","262188","51289d547e2f96f9ac8c2d960fba496c830eab4ec8b0d042f8a06918db4a528e"
"textures\icons\trade e caravan icon 64.tga","262188","01b7c6bc46e3e3d9ea842f349b74f089c931dad5ce8e172704b607e86a08526b"
"textures\icons\trade e caravan icon.tga","262188","01b7c6bc46e3e3d9ea842f349b74f089c931dad5ce8e172704b607e86a08526b"
"textures\icons\trade g caravan icon 64.tga","262188","d79d40b6d320a7f0b1758e96d6828b3edf46d48c54c35d7393cb7641846fff36"
"textures\icons\trade g caravan icon.tga","262188","d79d40b6d320a7f0b1758e96d6828b3edf46d48c54c35d7393cb7641846fff36"
"textures\icons\trade n caravan icon 64.tga","262188","726be6ff6f4b0256d1426a1fccdb52d65fb2d09df4d60c782b218c55b17ea7c1"
"textures\icons\trade n caravan icon.tga","262188","726be6ff6f4b0256d1426a1fccdb52d65fb2d09df4d60c782b218c55b17ea7c1"
"textures\icons\trade x caravan icons 32.tga","262188","f8c9616078f279c3947fb40cb3135f577bae7777dd2ba6fa40ae9a4328dde800"
"textures\icons\trade x caravan icons 64.tga","262188","f8c9616078f279c3947fb40cb3135f577bae7777dd2ba6fa40ae9a4328dde800"
"textures\icons\ui minimap combat in.tga","65580","80d3982e1681d7eeb03c9f38b56ec4a21d899a5b9d3cf3dbe4858ddb15f79c12"
"textures\icons\ui minimap combat.tga","65580","8285e569b375dc8444b05a45ffd09cd67b7bb3d4360a85e7ee1185c168d06c83"
"textures\icons\ui minimap default .tga","65580","a6930501693d3820045a337f2a671c84a79a5db7ffe3a67ea6e5691f6fa8e033"
"textures\icons\ui minimap default in.tga","65580","c3ec9cea30a6a50b9c6892dd70affddc0814247485335db997b090fb2601651f"
"textures\icons\ui minimap default.tga","65580","eb13f3aac0a928994b2684c39d0a4b56cf5c94885ff48093a76b997802701878"
"textures\icons\ui minimap flare in.tga","65580","b9f1aac270102339fb3747cbaab6a9bd80e32ec5eae696a6d7649f19a9fc7d4d"
"textures\icons\ui minimap flare.tga","65580","6edf976868d1cab1b6203b27ec65833cbbf8108b8415712087f2f8d9aaf15448"
"textures\icons\ui minimap home in.tga","65580","e7aae103b73e2cab7f1de64779e1469d33b8357c6d1f999512db74b0bf014cb4"
"textures\icons\ui minimap home.tga","65580","7c8428c963caa2e7acba83cdbb4f87af9e64524594874d5fcdb9273dbe52aa7b"
"textures\icons\ui minimap resource in.tga","65580","50ac2e74205e24348ce564d43a4ffec74f82009194ef9e0b00b607c7bcc37580"
"textures\icons\ui minimap resource.tga","65580","50247dacc63afa28f59d40d3582bcb7c3e477d4be251919f1a83fad07167a2b7"
"textures\icons\ui_e_furledbanner.tga","65580","e25d3799443b4329563233d10d240cd45ea9818a81da58fd8a032ad7d6934bc5"
"textures\icons\ui_e_menuicon.tga","131116","788a019418c331a8fcd33e9c3bb9f5c9a2c4ebdedb59e2f404aeef37b4fde98e"
"textures\icons\ui_egyptian_button.tga","1048620","b36b307f34539aeb37c36b3c80ddbc1e701e7be03d88f01109183315618cd745"
"textures\icons\ui_egyptian_dialog_box.tga","1048620","8c6040f7c131e73d61690e328a8a110e1d00cb99db5982bd820fc20e4eecc01c"
"textures\icons\ui_egyptian_dialog_button.tga","1048620","8c6040f7c131e73d61690e328a8a110e1d00cb99db5982bd820fc20e4eecc01c"
"textures\icons\ui_g_furledbanner.tga","65580","fd4d6c6e140caeccfee71d97909f88afbdf2baaa16e380ce47cc549503275278"
"textures\icons\ui_generic_button.tga","1048620","c56e3b601bcc193330e5252436a25e6f6dd31db411bf58363fab5e44b61c5d44"
"textures\icons\ui_generic_chat.tga","16428","05171020edfd2e57791e91d8e2eb61aa1a725f49329515b7014a5c3bc5ca342e"
"textures\icons\ui_generic_dialog_button.tga","1048620","c56e3b601bcc193330e5252436a25e6f6dd31db411bf58363fab5e44b61c5d44"
"textures\icons\ui_generic_diplomacy.tga","16428","06e988ab42d53f23689f7b5b197f58745dac473f0ade7ce96e9d0aace60c060d"
"textures\icons\ui_generic_diplomacy_allied.tga","16428","58c02241efb9e59ed42d2d56ef47c751416d289dc345a1f052637ccdb09b5f46"
"textures\icons\ui_generic_diplomacy_enemy.tga","16428","11579e0c0b54c58e686d296880b9b56e33d03978a5c125b2ccce5eec72bb6187"
"textures\icons\ui_generic_diplomacy_neutral.tga","16428","06e988ab42d53f23689f7b5b197f58745dac473f0ade7ce96e9d0aace60c060d"
"textures\icons\ui_generic_diplomacy_self.tga","16428","440804ec46d13f4d18887e2d3709991e70ac6708e8467639d811855fef3a215d"
"textures\icons\ui_generic_minimap_rotation.tga","65580","aafae2683f1ac2d1a8425ec7b7e6f4605e1442ca94bb9ed4470f9e0413fcf8a4"
"textures\icons\ui_n_furledbanner.tga","65580","a5378c541ff31d422cf7b542d3e7ba06579529ca48af85d66f80846806e8cf2f"
"textures\icons\ui_n_maprotate.tga","65580","d9f20b8004d0ff6fe4a0d4720f2f5f4a9ac44373c05bd79d3b9e9b8bd2ac2c7b"
"textures\icons\ui_n_menuicon.tga","131116","788a019418c331a8fcd33e9c3bb9f5c9a2c4ebdedb59e2f404aeef37b4fde98e"
"textures\icons\ui_n_minimize_arrow_button.tga","65580","1fc1f4082ffa985c5f0792446fcb024b7805a520d78e2b0b76f3ff5b39a1f947"
"textures\icons\ui_n_minimize_arrow_holder.tga","131116","bf170d26d5ce7eff62ea87b4075af4787e06a379850526733772c3d6d2da6ef2"
"textures\icons\ui_x_furledbanner.tga","65580","55001eba927446355733d7d00fc27dd107b5ac923a73d3386331f7f266024541"
"textures\icons\ui_x_title_titan.tga","524332","c2fe677ae924860c3e514c671ab8ad4ef8e3de17826c10f5a0a51e831fe0708b"
"textures\icons\unit argus icons 32.tga","262188","343e594de7989d9fa32f81e89e807a5c686b61f7f78667b977ed2f6178178422"
"textures\icons\unit argus icons 64.tga","262188","343e594de7989d9fa32f81e89e807a5c686b61f7f78667b977ed2f6178178422"
"textures\icons\unit e archer icon.tga","65580","4bc83e6ae48fe3ef5df8b41436c8c933f476cf651df82b6e3cbf25763b5d5174"
"textures\icons\unit e axeman icon.tga","65580","86a22f0778dc4326d63ff0a2586025aaac518a88280cdfe3dc76bff8400654a2"
"textures\icons\unit e pharaoh icon 64.tga","262188","dba138d8c2e31d239122e718c9aa85c6f46724b879a7a5115e41ff716e1ef4ce"
"textures\icons\unit e pharaoh icon.tga","262188","dba138d8c2e31d239122e718c9aa85c6f46724b879a7a5115e41ff716e1ef4ce"
"textures\icons\unit e priest icon 64.tga","262188","e2840ee7136bac99312b7d1e05e7084f165f24ef0e1987e017effa884ce4a418"
"textures\icons\unit e priest icon.tga","65580","130263e401325a5dbc3db40946acde1e471f7e8b8aaab49491d52d8068a030a4"
"textures\icons\unit e villager icon.tga","65580","acee14961ab4d3dcbf1e5502a1703aa57bfd71e7e8f6d6aab4ac7b9181d50819"
"textures\icons\unit g villager icon.tga","65580","226ba2bf51abd52b42735a7bdb9f0f4a307891bca1ac37544ed8206c22eebffd"
"textures\icons\unit n villager icon.tga","65580","3795fe31e43f508f89a7526a30c63c0ff1a6eceb25b66c85d2c1cc9e83b17e77"
"textures\icons\vengence_ico.tga","65580","3cbdcdc6c71c4e182a171aa6654e8a31acb3c663eb5c067a3329dd5f20264d7e"
"textures\icons\villager c male icon.tga","262188","ebbbfdf0777256b55bcbd490426dcbf2beb4f1ed7b8681214ada50e7d21a4826"
"textures\icons\villager e male icon 64.tga","262188","cb646c3679022d9102d31584dc4e4714ae4419e6712c9bbaf89bc17f82abed3f"
"textures\icons\villager e male icon.tga","262188","cb646c3679022d9102d31584dc4e4714ae4419e6712c9bbaf89bc17f82abed3f"
"textures\icons\villager g male icon 64.tga","262188","a91716a512806791c72e92789dcd8186522fa1eb28df6b1ecbd9a7f569e73d88"
"textures\icons\villager g male icon.tga","262188","a91716a512806791c72e92789dcd8186522fa1eb28df6b1ecbd9a7f569e73d88"
"textures\icons\villager n dwarf icon 64.tga","262188","48f9fe354da64fcf3874511437640cf7c234b8c6dfddd569715e40d4a8e9a20d"
"textures\icons\villager n dwarf icon.tga","262188","48f9fe354da64fcf3874511437640cf7c234b8c6dfddd569715e40d4a8e9a20d"
"textures\icons\villager n male icon 64.tga","262188","997aaf23c6ec37b9c283903de505a433ff94e0961c6dc884e2c79a441cbbcb7b"
"textures\icons\villager n male icon.tga","262188","997aaf23c6ec37b9c283903de505a433ff94e0961c6dc884e2c79a441cbbcb7b"
"textures\icons\villager n oxcart icon 64.tga","262188","b507ef922854e69338b225d722e2ccb40e4c4804ccfa733cd69c78d6dd033107"
"textures\icons\villager n oxcart icon.tga","262188","b507ef922854e69338b225d722e2ccb40e4c4804ccfa733cd69c78d6dd033107"
"textures\icons\villager x male hero icons 32.tga","262188","38757751bd64bb37c2871031926e2ddea47e7d0905dfc4be9e1ae6238a66a67f"
"textures\icons\villager x male hero icons 64.tga","262188","38757751bd64bb37c2871031926e2ddea47e7d0905dfc4be9e1ae6238a66a67f"
"textures\icons\villager x male icons 32.tga","262188","e1ea27b134b4986d33ef4ea2b738b173136be22a2852e5b3ae93d0b7bcacdc38"
"textures\icons\villager x male icons 64.tga","262188","e1ea27b134b4986d33ef4ea2b738b173136be22a2852e5b3ae93d0b7bcacdc38"
"textures\icons\villager.tga","65580","965a799894bb397f73b395c1927c654b84d0239ae986d9653431f8b708d717a3"
"textures\icons\wonder.tga","16428","cd11f1df16bac96c4cd2ce70dbba278c15eb99b9e6e9574d71543972621f5774"
"textures\icons\wood 64.tga","262188","a9af8df9786f71f87427a7e12e21385c7ad3585cc0e50718bb0779d08d611c40"
"textures\icons\wood.tga","262188","a9af8df9786f71f87427a7e12e21385c7ad3585cc0e50718bb0779d08d611c40"
"textures\icons\world berry bush icon 64.tga","262188","5be7428c8f73004be1f421b962c0103aaab13f184f55be802ba359459cfb4269"
"textures\icons\world column icon 64.tga","262188","37cd89fdf506202a3b83b2c18b1d9706589c5450b9468b8a54c1dc405d2c67a5"
"textures\icons\world dead tree icon 64.tga","262188","ebf12454966a7d3d94e08377b58e0f7ba4538e57b181794742495cb5ad8828df"
"textures\icons\world hawk icon 64.tga","262188","c3fc9b0f54b2bc9279218883f958bcb058cc891fac38c8a9a637a3e8b4246807"
"textures\icons\world obelisk icon 64.tga","262188","dd2b99cb8c22d146d1940354aa7f45ed63a5988bd6061a7d1d217a43ad13f4be"
"textures\icons\world tent icon 64.tga","262188","864d40052621f8b89e4c0511fd1e5f388b8b04080cd523b879f4f9c5de1ab3d4"
"textures\icons\world torch icon 64.tga","262188","d046a709f55aea20c524866a22c4348da33608e4f190cf8bccfc129551294d2a"
"textures\igc stone prop.tga","1048620","ba2c21fb41ace7a56b3e87d257e617783faa2db6e845c8b3ec081a92c4cb334a"
"textures\improvement acupuncture icon.tga","230444","38c4d1153ab6522b0b024a8d8a95873b712daedc9722c26f5eeee47a0e6f2726"
"textures\improvement aokuang icon.tga","262188","1814ec3203557134a248f5132b5b38289f287938d11554f342e2604f965196ae"
"textures\improvement bone oracle script icon.tga","262188","5eec2f6c952956cb86513ee738ed4bca8eda5e00edcf86293e62750503a66b86"
"textures\improvement burials icon.tga","262188","9a0d005472da64df06967f69d5a9e9c6fead99b315d2558f337352d272ab5596"
"textures\improvement celestial palace icon.tga","262188","47193fdc4369afd3c5b47385aced236f0af2d9b8ee933c7bd84ff3da99ee99de"
"textures\improvement champion barracks icon.tga","262188","c8405d01b2f41b11e8cd60b0af21be372b3a38542a97da9cf8dab976ad0a3bec"
"textures\improvement change icon.tga","262188","62e7608ec6f475a8e8b66a5699f2f9bec9c693c1d1fa41c7d09dd407aac0db2c"
"textures\improvement chongli icon.tga","262188","8515ec6006bae9e7df2ef424b06f8540e775c1365b4e1c11f6e010534f403ead"
"textures\improvement dabogong icon.tga","262188","595f9fe26044a32d614210724a709c2e23dc178d2bfc29ccafc917c70f7a248f"
"textures\improvement dragon scales icon.tga","262188","4aa6b0867be4834d72b318fb12c947838708fe666dc2be00413fcd1d769349ab"
"textures\improvement east sea icon.tga","262188","b120dd60bc3a1dda2e42e055734a29b79494bbd385d018eb90a55132d62c67c9"
"textures\improvement elixir of immortality icon.tga","262188","2a8b40513a7659f3cf95631bb7a2328fd22dcf32158cfd5946e8e2c4bba40463"
"textures\improvement golden banded staff icon.tga","262188","7656ebe3ffb95317afd498d1a1b9c3ad0da8778fc4ceaa24a5f7244e30019299"
"textures\improvement golden peaches icon.tga","262188","95543f2b25c4011ee3cd89fd56d0ff3419e4a39bbdcc372e9ff59a76b52eb6f7"
"textures\improvement heavenly fire icon.tga","262188","11369bb0d8c19e84803399973cd6c1ad03ff06609bae92aea9f9c07eda82238a"
"textures\improvement heavy barracks icon.tga","262188","4cad43922f3b272566fedac80141cd6d89a9ae54a8e631a9c2cac59b8463d905"
"textures\improvement hebo icon.tga","262188","bf19474b28b052758cc3e09a30d2b7ed6e5062d2fc528d1c0cd74cfeb3cbb114"
"textures\improvement house altars icon.tga","262188","0879c07e39a0093f23d322b56066963cc9a9f968117dfa9ca675e2d108d19238"
"textures\improvement houyis bow icon.tga","262188","bbd352fca5db642dcd7eadbd467c75e0e278730f5544ec37cdb322b514c0853d"
"textures\improvement huangdi icon.tga","262188","a8f75a64d02b40cef98ee23b67cdff604ce2b27cff68df092ee980a83ba62e13"
"textures\improvement jade rabbit icon.tga","262188","3847e6b8cbeb583574dd6d3b5101cd53b43cfde4db6d7f2338cd8e9a1f2f6d51"
"textures\improvement landlord spirit icon.tga","262188","760039c2da7be3ddae72674c215f403167930354f9f86fe87381104925afb624"
"textures\improvement life drain icon.tga","262188","f59ea679779898b51a0672ad16df8218e5aa4d5a5965a103edab4d3a492d4dc3"
"textures\improvement lord of the river icon.tga","4194348","048a68b62ecde24dfa749a3024a42b6b7e96c12417bca88eda5c28a9535688e4"
"textures\improvement medium barracks icon.tga","262188","556937f8989f56614c9425dee074660b10521a0395076374c09ab0678c35ed78"
"textures\improvement nezhas defeat icon.tga","262188","247481ec971737e64287bb7e660554e2444ac174b96efed3938275d7b670631d"
"textures\improvement oracle bone script icon.tga","262188","5eec2f6c952956cb86513ee738ed4bca8eda5e00edcf86293e62750503a66b86"
"textures\improvement paper talisman icon.tga","262188","81ac88766c517ba5b21d1430f836478a39fde60247ee4e9b078bd36843cb29fc"
"textures\improvement pillar of the ocean icon.tga","262188","67339f607681383564757803c5bd100fc2cab79db9ad01806c06cb0cb5201325"
"textures\improvement stone armor icon.tga","262188","6465d1ca047e7f9fca785202357ddb9f932e505234a14c63287731747ae26ca5"
"textures\improvement sunwukong icon.tga","262188","d10324d6be29ac485b006325d5fe4d0589af3a9f7f66bd723def80eed0d0df06"
"textures\improvement tiger spirit icon.tga","262188","8842bf0a28b71444e735c405a74b155bc580f8a2fbe6a552fff108bdd7a1efa3"
"textures\improvement wheelbarrow icon.tga","262188","39e9535de503a90720894fd42d023e7741793d35027d54fdb779b52f5ca21793"
"textures\improvement xiwangmu icon.tga","262188","09e90aaf817d7ad8e22bb674462b389071cd8c949af7eb62e7877c3d9eea06f0"
"textures\improvement zhongkui icon.tga","262188","2dfb06cd08230e7e50be0f7d72a871ab24db80ea6891773a350be260c7134b4f"
"textures\infantry c halberdier bronze.tga","262188","00850d640378d3f44cea6e043f53cda9f56d08b46a6ea56088fdd38cb79c99a5"
"textures\infantry c halberdier copper.tga","262188","f8eaa5d75f8aed2ae7c10d3a426c788ad57eaff348f25c87fcac7a25df7d2873"
"textures\infantry c halberdier head bronze.tga","65580","8d35fb639ca144b090fc6bb861ada4e59c699e1cec5c0e10ae393771e9e91b4a"
"textures\infantry c halberdier head copper.tga","65580","b837c6eb762e7ab0ae7918304a72325bb781743b450571bce28cf413a16a7295"
"textures\infantry c halberdier head iron.tga","65580","fcdecd8bdcbca35c52ea06eb4ae0c55478270f6775f4587b1eccc8b07f2b6315"
"textures\infantry c halberdier head standard.tga","65580","8c243fdfff25ba9374d48ef6d5062b9bc000c9c992aea18dd71c8bb68f2b4adc"
"textures\infantry c halberdier icon.tga","262188","8adf4437027ff83eca1680d5a437e4d35553255bcc61ddd62da2df0bf63163ef"
"textures\infantry c halberdier iron.tga","262188","3308c5be490f8da7840adde09a7e8439005e0e8c2c6496aac43f331c4069821b"
"textures\infantry c halberdier standard.tga","262188","272c87c3b9c2480a1108ce7a5961a7cff15de9c6b2560e88405128d8c2a31b03"
"textures\infantry e axeman axe map.tga","65580","49615819e8abf6feda0f241984b586187f3002f7e527ed5887fda67dcd16a505"
"textures\infantry e axeman bronze.tga","262188","a5022408678f11116731f33c67e9ffa556af72127496eb9adca8e59461ad2ddb"
"textures\infantry e axeman copper.tga","262188","2983ce382baa6473991a6d418840399f7cd3e09e68fa5582b6c18e595bdaf29f"
"textures\infantry e axeman corpse bodya.tga","65580","1518cc12a54ebc37aed33534b42012b0040ff5b3afc040862638854f0affb780"
"textures\infantry e axeman corpse skeletona.tga","65580","bc1e383edc087150eeea58c24f2780bec1b97603d1b8b4a5d42f2f0c16c7aca1"
"textures\infantry e axeman head bronze.tga","65580","162ba85865cd6da5e93d04ad0d89537abd5b1cd473f10c50e66245ee45ea71ba"
"textures\infantry e axeman head copper.tga","65580","b1d6f9de03a132cd6b8f93cbf8533008df74bc0b87cabe7ba5e6e8ac6cad51cd"
"textures\infantry e axeman head iron.tga","65580","76d311c90cca9c7b55731de604a9b655bb692bf73b9b3fbab202eeef1a580dc8"
"textures\infantry e axeman head standard.tga","65580","818955dc8a0405ed50b624a2f503ae5e13eb23d4c35ac571629b79f1468031d4"
"textures\infantry e axeman iron.tga","262188","f48e7e127e19603dc57838d92f3f1cd02fa90d1ca2d59e13eb7113bf82bb5228"
"textures\infantry e axeman map.tga","262188","e6c4a1d85d06113fa352f388e5222e4aeced9c48710b6f349ba503b7594bfd66"
"textures\infantry e axeman standard.tga","262188","665f65060e523d82949521dc96ac8a560bceacd73a088542e97db1d93eb61d28"
"textures\infantry e chariot archer iron map.tga","262188","b427970e782550eb2e392a826070fa31ba99cdf11fbe2a52e4c81b06daf51a6a"
"textures\infantry e khopesh bronze.tga","262188","7e93f5239e44fb5be16062d768c974965d9e5b1af1101d4dce5449a2299896e0"
"textures\infantry e khopesh copper.tga","262188","edf792e6a9e9132d83581397503c011b9e2cc69f21cb9e31cfda968ec564919c"
"textures\infantry e khopesh head bronze.tga","131116","45b100a08b239807bcf01aaf4819aba6f361bca21dfeac6f1f24ac28566ebda2"
"textures\infantry e khopesh head copper.tga","131116","bf25a67534cbad404910b94cfcb883685b19c2d204387aec0714898df28082b6"
"textures\infantry e khopesh head iron.tga","131116","06d423990fa5490b3704657c99351738177fb55d3eeb83b3577f89a72c8faf09"
"textures\infantry e khopesh head standard.tga","131116","02a03cadbfd838a004d0ed92a0b835531a53c5698fdd51daf5482fe290ba978e"
"textures\infantry e khopesh iron.tga","262188","200b3583cf65fd516f84959258890ed4a386ba9b3d8281817b2658b7c9184783"
"textures\infantry e khopesh standard.tga","262188","5ee31d0205038cb831deb047d9074271cdae72ab3c7e1c4765b0fdd7edb55dae"
"textures\infantry e mercenary corpse bodya.tga","65580","b580e63e41265443f95cc6139b9f68b5b1935754104c5830a7864a421b830c8b"
"textures\infantry e mercenary corpse skeletona.tga","65580","53b551ab724be7f215c604a90d6a8d6ab4370ea6062ccb88f1314c3f5e4710d3"
"textures\infantry e mercenary head.tga","65580","54af9110cef582371cf67e59a09bcb7c258e07272337751b111f73d31cb9eb90"
"textures\infantry e mercenary.tga","262188","1c895fd0d5b0f328f88da44d218529115081720c5800002f911945284bf82fca"
"textures\infantry e spearman bronze.tga","262188","c3e1ca893f61501fcd68871db9f77294a75a96a9d6191d9e5b5117221f21732c"
"textures\infantry e spearman copper.tga","262188","6ae3a8df40d5202fee5bc004ffa7eb3fcb2de1b2a68c292dc5698f2ceb1fa27b"
"textures\infantry e spearman corpse bodya.tga","65580","4e0cc3efb9f3b03b1cc4746af106254ffaf9df253d97f8cef9271e89493c3cf6"
"textures\infantry e spearman corpse skeletona.tga","65580","a9b4502bc61d1a6990da93e843c228399a99cd9414840af79791e6d6d3469754"
"textures\infantry e spearman head bronze.tga","131116","3f107b30a018d5ec22706b6b1cf996a045ad1f9dfc187c706ba5d12abfbee118"
"textures\infantry e spearman head copper.tga","131116","9a85e3adb2da42dfe00ce888d2c50b330855f6d6ea1a26d887e2339c2f00ab03"
"textures\infantry e spearman head iron.tga","131116","1c7169583a163952e3a7ad3a37396913459d51d4cbd330fa6f0dfcbe1c652ec8"
"textures\infantry e spearman head standard.tga","65580","beecbef7668562f72f017fb8068780f2f24af44e73f02654694a9879c5a1cbb7"
"textures\infantry e spearman iron.tga","262188","79999409a62ad46e0f5b5d9ddc85167601ea2bd6bbd5e73bc9f4b6355ae5f02a"
"textures\infantry e spearman map.tga","262188","56017b345e014b0ce969de13c74c5e3a8c99df66c4884487316455c92a6b86a2"
"textures\infantry e spearman shield map.tga","65580","6b6c4131c680fd23e462c63e1cc66b348ab24e600e071eaa7cb13e73525f2e02"
"textures\infantry e spearman standard.tga","262188","ea748bd479ddc5ab0433520a6589787eb70e451db71ceffa64979e02f7144eae"
"textures\infantry g hoplite bronze.tga","262188","ded8efb9e98406595117fa440348b41a9cf1536a49aed617dafcf80ab4bf1203"
"textures\infantry g hoplite copper.tga","262188","6b02824f77ae994b8ed9a51071cc8cf6ba225ad61b6482954d8cef4b1cad70b0"
"textures\infantry g hoplite corpse bodya.tga","65580","80904668242e0e6587fd702623cd888ef8d45aa96dbba7bfcc85f9f8999d2420"
"textures\infantry g hoplite corpse skeletona.tga","65580","f25364c84fa8421fbafbfe08a5498cf38af49afe172a69da3ea560630b0f5c83"
"textures\infantry g hoplite head bronze.tga","65580","45f39d542948943684a083aa9f1a3da336eab4f2f645e909e98fe654354c74cd"
"textures\infantry g hoplite head copper.tga","65580","036cad8b27311a46c2275576151dee301d059710e5f0b2ddc04b8c384d38b492"
"textures\infantry g hoplite head iron cine.tga","65580","13e2d4653f245a194a035d60cf992b61c0958e5f7cb8e7612a581bbc4b52e512"
"textures\infantry g hoplite head iron.tga","65580","cdac35a446ea0e01d5e3dd618c5e4e3656832b9b23af056e3a929ff9d4a262c5"
"textures\infantry g hoplite head standard.tga","65580","6bb238aad18db5a1cc245beecea54b2a1e01a6e613ef04d2a4fbe01c8de40f40"
"textures\infantry g hoplite iron cine.tga","262188","1a043c1d8026a6aa452813b8657b51ac888fbe5e454ca2eb59df4fb2f156ca8d"
"textures\infantry g hoplite iron.tga","262188","13c82a2c76e5ae8d1a799d34580888ac04c426b840e9ae66769f2ee0880a389f"
"textures\infantry g hoplite map_01.tga","262188","50b24aa96c8c25fb18d5ed84df406a544760275456d355d5ff3960f87dec9e2f"
"textures\infantry g hoplite map_02.tga","262188","eda57697d0108fab7e5307f2f3a411ee99a9030df9f4cf21ac5e2450456b3cb1"
"textures\infantry g hoplite map_03.tga","262188","2ea948e9cca592a2346306c23cd47cf2be6423dadc878639df3cbc419bbc7298"
"textures\infantry g hoplite map_04.tga","262188","a278fdb7aeacf5943d518c41b2e5277ade000c90867428c59860e93769f57588"
"textures\infantry g hoplite standard.tga","262188","348758fbde2d9956001cbcb270f2d81eeec806bc2e0c6848094d377a763f9671"
"textures\infantry g hypaspist bronze.tga","262188","3d221f1ef02b0d3331ebcb031d245e85bb2c216f976f287be5969e50531c59d3"
"textures\infantry g hypaspist cape.tga","65580","16792dcf9f404b16a950c7750c588cb7247f734747de434376a0b1fdaccd4218"
"textures\infantry g hypaspist copper.tga","262188","e0f6825edee47b785b5c965b31a14b691fc79c21831c0f272f2bd4de2465be50"
"textures\infantry g hypaspist corpse bodya.tga","65580","66cf7ffc565564500150cba2b8b0c8c866a4f0ea7758586704dde095a05b38cc"
"textures\infantry g hypaspist corpse skeletona.tga","65580","bb75cebee8c1dbbc37df9f7f8fa11ceb61ee3f7f43a2fe0e3051b9e537cf29c2"
"textures\infantry g hypaspist head bronze.tga","65580","e655562bf4d5ab1ed36951cefa23bd730399641b102b76e02f6dfa2351540111"
"textures\infantry g hypaspist head copper.tga","65580","83e911e244719dbb6320d09b96174075f01ece67397a9a55ba745d124b4c590c"
"textures\infantry g hypaspist head iron.tga","65580","5a5621c7def2a4969835f0bb59859ce76764e159720ec57a4af8e6082e718efc"
"textures\infantry g hypaspist head standard.tga","65580","00977928eedf5b517a613085517880fe7c374b9ecf9105540f96b3502dc914c9"
"textures\infantry g hypaspist iron.tga","262188","5e3e201ee5458106803d68df709103302232753fcbf21625e5a4ce3fd0b9b595"
"textures\infantry g hypaspist map.tga","262188","970e43565efede9e7382bc5bb5bb8fea2a93f43a72b86d627fe471788e87b726"
"textures\infantry g hypaspist standard.tga","262188","d6f49dd2a77db25ed5de6bb7c8bad77b10ac6e9e111fd7ecbda5f135aff36037"
"textures\infantry g militia corpse bodya.tga","65580","9713fa82e7c1708fae76152f615d16e50c59a72b77ce6d6da1b5fd56e6325dba"
"textures\infantry g militia corpse skeletona.tga","65580","58ef721947944c8739ccf9ea1d05a5c9a8ab80c688c33220d76ce8e4e5b915f8"
"textures\infantry g militia head.tga","131116","a4d251f2aa35ddee39cefce89d4846ba42a0608be2a774a82fc22ebd13c2269d"
"textures\infantry g militia.tga","262188","8bbf28237d5d5a595fec04c982a1df239c9095271b576dd5b28ffe94c615d3a7"
"textures\infantry g myrmidon corpse bodya.tga","65580","efed74a46bb3217187d440a67ae97073dea8609968bfc7665b69c2c93d0f6bf7"
"textures\infantry g myrmidon corpse skeletona.tga","65580","04009817439bf1cb0c10b2d130ef869e092659b7171da8da34e623e107619e97"
"textures\infantry g myrmidon head iron.tga","131116","3703f87f14eaad1a485ea7a1dde4a44fed79d4d7db703250d3813a549942c279"
"textures\infantry g myrmidon iron.tga","262188","eaa1805d93dc9ef09e9aa2a169297e769f5d23ff58269f80e451707abda234c1"
"textures\infantry n bondi bronze.tga","262188","2f70c46c4702e64ce8b2fb75eb131e97a63242db87dea5743247f32b8c1590e4"
"textures\infantry n bondi copper.tga","262188","4775a7227f6a8a90fdb9c4e070820ec77019108e1383d76851afd664534a19e6"
"textures\infantry n bondi head bronze.tga","65580","747fac46c09312ee5d4cabb6a5e4b6dbe12bbf69ec7d806ff903eb2da6d5aa88"
"textures\infantry n bondi head copper.tga","65580","5e826414b718e91d0f8311c9f07da7a71016ec7a032ea6e91b0264bc8589081a"
"textures\infantry n bondi head iron.tga","65580","4f5c419b398f9c36180d062de1677e4a7558f49f10ce08dff4c22292c41a9ef6"
"textures\infantry n bondi head standard.tga","65580","f9f59409d547643f8ab863033880679cad6c0393aefa788ab6103c786e49b044"
"textures\infantry n bondi iron.tga","262188","bb3f7e02695eb85d4f62914a8749b0a9e3231c2ad8ca563205d27610a4649c87"
"textures\infantry n bondi standard.tga","262188","8b7c3f852ad55a94d2a458f969ef917449888fb3344e2fa696d5d04304af714b"
"textures\infantry n huskarl bronze.tga","262188","f70982bcfffe152d1e04919f764500a2258f6cb4985f387e41baf821f4dc0d26"
"textures\infantry n huskarl cape.tga","65580","71611a3fcad7099a381afb390a28c1bf2434ecf1cd3770032a2532b1be70c00c"
"textures\infantry n huskarl copper.tga","262188","e634e97cb159daf19367c4457747cb34cdf971932b1811c265186659213e7c2f"
"textures\infantry n huskarl corpse bodya.tga","65580","67f720f151cf7f8b2e19287ced15a34e21969749cda4540697201b9780d02747"
"textures\infantry n huskarl corpse skeletona.tga","65580","7cb1566ab49d5ec33db492144531f21e00fe6b9d210dfdbd4ea88c262f4058f1"
"textures\infantry n huskarl head bronze.tga","65580","677b987f974999c08c7b25c933667f1c182135bae7635dc875f8a397ce9dbf86"
"textures\infantry n huskarl head copper.tga","65580","2a94934164360ab2431951c43be4613cc98f2aaf109e58acd8c9f67b9c5da068"
"textures\infantry n huskarl head iron.tga","65580","f742769db2b0f0e126b49255720fc732dadc67622502820ec96c664f265fbf76"
"textures\infantry n huskarl head standard.tga","65580","a22bd2e5a9af6623bbaea19a04fb9826608cc300a8da4c2ee3150ff458209d28"
"textures\infantry n huskarl iron.tga","262188","4759c49b13a86da612f5afe846a1c165af457d055626fcbf5baeee0f258f66e0"
"textures\infantry n huskarl standard.tga","262188","a38ec7ac3cdb8cfe5cf664c6e22fdc269834edaf1f97cd274b908638844ef85c"
"textures\infantry n ulfsark bronze.tga","262188","5838e32dba84f708b0cef1f0c8f75243b9617fd3f3f4120116030563a3357d38"
"textures\infantry n ulfsark cape bronze.tga","65580","99c3511b484ea79cabb3e25b88d826718e1538ad66dba3ed6c6ad15240e27281"
"textures\infantry n ulfsark cape copper.tga","65580","da1618d7fe3da233a7b3656d9415f76369d3e8466cc2579dfebf33b1e8f5bda5"
"textures\infantry n ulfsark cape iron.tga","65580","6b1e77df38161fc90857cf31f0ebd7adefc680c5d36b9322f59e93e7acdb096e"
"textures\infantry n ulfsark cape standard.tga","65580","f20c72a610a99d2cb54896ecf795609135407d4f538234c0d5d9903e3972af4a"
"textures\infantry n ulfsark copper.tga","262188","be8b12b474a8a37b04529e0138371d1b72d59f70ab10c80ac27bcadb022c8d5f"
"textures\infantry n ulfsark corpse bodya.tga","65580","be58d0ffbac17ec6e2fcd340db3fbf334a9c162efa2e7c28ebc65f15e84be9d1"
"textures\infantry n ulfsark corpse skeletona.tga","65580","09ae9126277c7c9fbc72eda58f2980e6c84ab668894b1f667c0041fd1644d35f"
"textures\infantry n ulfsark head bronze.tga","131116","f84625aa97e82c853d5b1aadb8189125ca1ec0378b6c218814a0c33941c5ede1"
"textures\infantry n ulfsark head copper.tga","131116","f144d118631991f1faadc3daf0be5620f82a4f97f152f4b0f31162b8a002bfc2"
"textures\infantry n ulfsark head iron.tga","131116","e81af83d96a0ea1c3f742e577dc0ed14c306353d29da836fd16dc0a2bcb3ef69"
"textures\infantry n ulfsark head scout.tga","131116","7a0da146646c29e029187bf73e0f7764b5b5ec9f5ec65fb1705e2b7e520900f8"
"textures\infantry n ulfsark head standard.tga","131116","28e5d11c1af9ef54d8160481af1b6711257bead0aed6eb587e60e91c0dff7b8e"
"textures\infantry n ulfsark iron.tga","262188","f76e89fae67d2d085ae9ed1c311841d477372491a6ef4280146ebcaf8cf443fa"
"textures\infantry n ulfsark map.tga","262188","a92fd7b52a4b01622ddb842e23daccf9b6e25ddbb724887e7a79e0c915d215fc"
"textures\infantry n ulfsark scout.tga","262188","4c947cdbc7894541cf88cde00ee6b60c5446e343836e9724e8732ccc8264e715"
"textures\infantry n ulfsark standard.tga","262188","e4e48d4320c3b5f1cbf03e137e61efdd1e08f64c304fa4668b482bc66e913821"
"textures\infantry x 2 sword fighter corpse bodya.tga","65580","b7c2123bcb1b2897d6f51e2d0bf1a1c3af13528c35ab928b1c0f93523b5b4ef5"
"textures\infantry x 2 sword fighter corpse skeletona.tga","65580","c05b5cf310996fa178d988f2ecc554566473ca718b36ff305a842b433b984cd3"
"textures\infantry x 2 sword fighter hero.tga","262188","28e890cb8bfd7d023c0a77add904d39e569eed1a9b0e7bf208c36dd91a57a4f8"
"textures\infantry x 2 sword fighter iron.tga","262188","c374d15ea952761053a88362a0f3cf50a2666c17ddaa9fd97174bd477edb3a0b"
"textures\infantry x maceman bronze.tga","262188","30c12dc40c9d53aa4a42e9f900c02bfccdab6bc31484a29ec13582756a27464a"
"textures\infantry x maceman copper.tga","262188","5aa783982bc424ca424a92e01a8145d9c0fe462f9b836428207927358ab05abd"
"textures\infantry x maceman corpse bodya.tga","65580","b7085ad456b2e24de4dcfe4f99f51f4ffa38b8b2468ec7fa6491193811495614"
"textures\infantry x maceman corpse skeletona.tga","65580","043dd7d9505f230b1b7d071b5fc468b1b530146508aeff127638757b9780bb70"
"textures\infantry x maceman hero.tga","262188","5240491623e5e924caacce6e1c1ab32342431ff4ce878addf0b66cde09b184a4"
"textures\infantry x maceman iron.tga","262188","8fbc0922bea1adc8a0a32424a65cefa826cd4eba0326c3feaa93579275b5933b"
"textures\infantry x maceman standard.tga","262188","8123865a93af7604692d9324a7012f6cc14ab3eb10e12ba3e265f0b1149e67dd"
"textures\infantry x swordsman bronze.tga","262188","090d49ffb9ced50b6b70aa2d7eb888d639cf427a0478eabcd96790fa0da38171"
"textures\infantry x swordsman copper.tga","262188","a6cbe086fda183a61232289df93bac0224b20964f032b907b78cc4232d2b9c15"
"textures\infantry x swordsman hero.tga","262188","fca58420995ee800c9e4216de35e1f8c277510d4981fec299cecc9d672626a36"
"textures\infantry x swordsman iron.tga","262188","5a3a04bfe73e20147093f24fa716a3985646a585313342076eb8cd2d5073b28b"
"textures\infantry x swordsman standard.tga","262188","53da9323cdfc1285062328be5b7c2d547746e84eeab7f5fe0d590e0ea425acdf"
"textures\infantry x swordsmen corpse bodya.tga","65580","33e12934d682ff92f11d0ef4e74a7618a72801a2446bafe01d9edcca8edf8824"
"textures\infantry x swordsmen corpse skeletona.tga","65580","91c62f15f8a8586d835e50af519704b982281aa9942537e44ab93b70c6382352"
"textures\infantry x trident soldier cape iron.tga","131116","cc4ad76d3c407d4c0cdcc32d26fc81619663c15c67f1896645b1169eea85311d"
"textures\infantry x trident soldier corpse bodya.tga","65580","5255b226cd8406a1f9519fa9e92273e804ffa7c45b4b7c30efb015fba20739c6"
"textures\infantry x trident soldier corpse skeletona.tga","65580","79441d8fec545e9434274d247fb7c525653d391906c4f4b6529fc7da8ab7321c"
"textures\infantry x trident soldier head hero.tga","65580","5a6335f356e234bde3d4fd387f7277bc2b7bab61401d3c85548e6cee0fa3aced"
"textures\infantry x trident soldier head iron.tga","65580","951dc9a585fe76d9c6d79788e12d5989ed036449b07857f67f90205ca47a0e37"
"textures\infantry x trident soldier hero.tga","262188","4643636d93dc8fa9505588c9458b9f8464be247340c829985d925c63fec6ed5f"
"textures\infantry x trident soldier iron.tga","262188","1d553896254ba5b86befed1460cd8e5c70b3e30a3c6affe9b6b17f84e6fc57c3"
"textures\infantry x trident soldier shield hero.tga","131116","3b74ef4ef105dfc2bc7c6d05e5f2a69ede6e9568bf08dfa8ba427ef1077e6650"
"textures\infantry x trident soldier shield iron.tga","131116","5791ac99cd4b46ffce204f4bbe426c74775ed50af573f678e4d68a2f39ee0847"
"textures\infantry x trident soldier trident iron.tga","32812","cd6855d865fcd9bee965b8f3a838af906da3982929457ad0eaabad534ed816ae"
"textures\jceblend.tga","524332","8f77ea54acbe4e4f5a225d3093071caa86ba9191c4eabee7827d340415250d2a"
"textures\jceblendcircle.tga","65580","0108cf052239c84958d74daabec07916161d80d097a0a7c8804423e83ceef8f6"
"textures\jceblendcircle2.tga","65580","0108cf052239c84958d74daabec07916161d80d097a0a7c8804423e83ceef8f6"
"textures\jceblendcircle3.tga","65580","0108cf052239c84958d74daabec07916161d80d097a0a7c8804423e83ceef8f6"
"textures\jceblendcorner.tga","65580","753b1856ae78da7ea46e8a1f3abc535c553b64bf54dffff4f702f99c029f6420"
"textures\jceblendcorner2.tga","65580","753b1856ae78da7ea46e8a1f3abc535c553b64bf54dffff4f702f99c029f6420"
"textures\jceblendedge.tga","65580","c8f69ad7d53223085bd1e60f41153fc63c709a6fad809576c173012fd023f027"
"textures\jceblendedge2.tga","65580","c8f69ad7d53223085bd1e60f41153fc63c709a6fad809576c173012fd023f027"
"textures\jceblendedge3.tga","65580","c8f69ad7d53223085bd1e60f41153fc63c709a6fad809576c173012fd023f027"
"textures\jceblendedge4.tga","65580","c8f69ad7d53223085bd1e60f41153fc63c709a6fad809576c173012fd023f027"
"textures\jceblendedge5.tga","65580","c8f69ad7d53223085bd1e60f41153fc63c709a6fad809576c173012fd023f027"
"textures\jceblendedgecorner.tga","65580","37d803757f46f50b8703fb9309dc6234190513903335a9e7c5015e7ce14991fa"
"textures\jceblendedgetwocorners.tga","65580","4a225b8000dbd44f159de75b945a63586a95bf9c015b651ad2af64e3a4ffae68"
"textures\jceblendfourcorners.tga","65580","87f2c4802c12b56b96bfc7907b572b2be4c404b2382cafdba8b591f62bc94c27"
"textures\jceblendlshape.tga","65580","d3d00cc9a8cca8370ee02e71531ff75f683d960f9bde7800ec3be7b349429c05"
"textures\jceblendlshape2.tga","65580","d3d00cc9a8cca8370ee02e71531ff75f683d960f9bde7800ec3be7b349429c05"
"textures\jceblendlshapecorner.tga","65580","096f41898c8bbdb2e9069987f85265357b1e2a08bd442f835a1a808e09b9e7d1"
"textures\jceblendthreecorners.tga","65580","1da291ee8e432eb104ca092e726f31c5eebb4ef5fde36a99d6790664892e3f40"
"textures\jceblendtwocorners.tga","65580","26b0cc6320952b90fede3938fd5299ebb91f621a1dfc64126d788206f04b26e7"
"textures\jceblendtwoedges.tga","65580","21ff506234b4bb8d77282d3f916efa3d4562fcbc3d9e7f654ed4ce9ad9db9b73"
"textures\jceblendtwooppositecorners.tga","65580","92a9c52d73946412ac170ff46b9a0a78b0bcbcac6814f08374b81365462996a2"
"textures\jceblendushape.tga","65580","2e515d005f1cb238c9adcd9fc2702c197d649524a7f0ba36ea99a7aec9919b17"
"textures\jcedirt.tga","4194348","16b3111654e8d0793275a90fc6dd17afc539e6fe233227155d6f058566d81e22"
"textures\kronos wonder map1.tga","4194348","84e413e5b7832d1d6624194093cd0c7e909cb22117c1995c2a335b2215e577ca"
"textures\kronos wonder map2.tga","4194348","1bd5a6df6f52fe0cdedf7cfba6293ff3dc24f81fb273cd3c457477afd916c064"
"textures\ladder.tga","1048620","7306bd2db16ebd45b32c1f2b24b6abc1a90e6e82e0f0335ac7ff0a2f29a89c1c"
"textures\lava crack.tga","4194348","c9012272eab8a145096087b182db00c44ae4ac87e7ecd7b0f5410133837962e1"
"textures\lava.tga","4194348","b570e8e75648f32714cda1280f76a80693163cd61004727db2350760b675eacd"
"textures\light.tga","262188","67888d38afa738271ef061e647b0278184a83bb396e4c0c8a868a3a2d358be41"
"textures\lightning.tga","65580","b88e0f5477a2d514c76d6ad16fcfe7c3abd0ed42f06200f3510bf3750973e69d"
"textures\lionheadmap.tga","2097196","17bad2cff78954eba80763814dbec0f63e3cf4ac50a0d652c9a01c24bab76dd6"
"textures\loading_background.tga","524332","07f1c92917882f5838def46e186b2db7d6fc30b4ffe06871ca3b5b96d204ca67"
"textures\loading_filler.tga","524332","7c87f89815e9e045b189947a186a7f0325155d7efe298d726891963daecd30ad"
"textures\low infantry g normal head bronze.tga","32812","0656592299085a9c3be4d316c690a2288627d3274e04d332eeaf6e58aa67eed5"
"textures\low infantry g normal head copper.tga","32812","85025d49925d8715b1ea5374c961f16c34ac29b65cf091528c1313121f6aa639"
"textures\low infantry g normal head iron.tga","32812","46ea90e55b814ebbce9ec0dc94f65f7382f71a7dcdf8a98ded2956147f4e0c9c"
"textures\low infantry g normal head standard.tga","32812","5ab2793fcfd573c2124c33f6b45e681fba09b2a7be730e4c157cc6a0d28b1f52"
"textures\lp cavalry x.tga","1048620","2308c121efd06826b7006bb85c80b87787af41f3bb9d1717f7c793746a70e5e8"
"textures\lp cine x krios.tga","1048620","1f63508d0020200e608e7b0ea183d1deda7e127c73f4437b3aa2e58c5bfcfac6"
"textures\lp cine x kriosred.tga","1048620","04f2fc6fb3894e909c44db1363e129b307be1131feaf206364b2cfaadece5532"
"textures\lp e cavalry.tga","1048620","352d256dd484dfa5f34cbbd1cfaa974789b913fc162411798dfd1c973e08d20c"
"textures\lp e chariot archer.tga","1048620","c91d7d05535f58be96810666d0eb7528e6d1e3fd466cf16d5092b7103dc15c16"
"textures\lp e infantry.tga","524332","e43f669a59d6ef674fbc23b0ebd72cb0d916d9f83eb1fb6783d8293e7d202828"
"textures\lp e mercenaries.tga","524332","70920ba685a329f645ba9f52b902acf41f13c5e0559d090ce2f3ae957912bab0"
"textures\lp e villager.tga","262188","670ac74a22f0f2d4d5d702336c82a1f9bbdfc1e6eaa9dee44fea76d5cde0d060"
"textures\lp g cataphract horse iron.tga","1048620","d3842a23d1e155af04ee7d0745d1e34e5d05fc4104f6d289eaea5ecad8c8e2ea"
"textures\lp g cavalry.tga","1048620","d2286f3eb45540a3ee7e91c498b2b176f973d802515922c1e71bfcd778b1274a"
"textures\lp g crossbowman.tga","131116","896f676aeaa307ed8aef2fe8a76d12d45c2951d500f8c266691e842bf342813f"
"textures\lp g hetairoi horse iron.tga","1048620","e9f06d863b764843adcf006b93a7d198796dacac0e0b44c42c28a51be15fd811"
"textures\lp g hetairoi.tga","524332","3de9b169473f3843f744103065d311f4f9de51941b485b105fe9601fc89c5acb"
"textures\lp g infantry.tga","524332","78ed97d611e9f436f4afeffde9c13013bd921de9019c80726f3c506b9cc37174"
"textures\lp g militia.tga","131116","4dc84cb42cf6c70947621e9177de469b259ad349bab1238a18904d46e3894a6b"
"textures\lp g myrmidon.tga","131116","db3a109f84b52e7baf26876ad93ce92f717341de798d629a23e1f10216c386cd"
"textures\lp g villager.tga","262188","a56d1d44635e1881134951f570e9d80497a08ccfd1fe8c9a5bd1da511ce59111"
"textures\lp infantry archery x.tga","524332","0a847ab7dbbb1747da07a5a3f5b93dc76e472accbd81fec742c7bb6d7529e7db"
"textures\lp mu x argus map.tga","1048620","d26eee17ce7add004fdb9563a7628417db0d34202708d7bf706b2b8c103cd326"
"textures\lp mu x stymphalian bird map.tga","1048620","086552a88850d4ae974649f7cd817e723f929361a7398f3e4423bde6e8c4d9ff"
"textures\lp n cavalry.tga","1048620","82f6a81f3a26898c1fcab7a7b8fbf653c01025dc59a42650af68adc3dc7f1beb"
"textures\lp n dwarf.tga","262188","7abc1148fe8a39a7f80ed02d4216b1796ad6d2506eafeb1ecdbc33c918b76e89"
"textures\lp n infantry.tga","524332","fcac0358ecc8305988910dffd3d72d8751db2eacd053b81f7f3cd22b8c41ae64"
"textures\lp n ragnorok.tga","262188","b292f8b88680b6b9a6be851e37b423f669d3b7e0a74bdeefaa6e46c62fed423f"
"textures\lp n villager.tga","262188","f7b64280b05d0c2580ba30e4673a9b58430d34758684bba2be816e00f4f3d1d0"
"textures\lp villager trade x.tga","524332","84cd279c0a728d9849eaf95a07cf242a2d4d90ffa624c32c29ad890f76d9fb0f"
"textures\medusa stone.tga","1048620","6aef7bcfb37d44a0bf350389331d78938c35ee7998e7ad428adc436ebafad156"
"textures\menuicon.tga","32812","788f0490790e0cb79388b1b72adb54eed789ca2e4ab1ed9f5c3bf2a42cf95aec"
"textures\meteor_shadow.tga","262188","add240e1fe2e0e94388fd4ce0c418e173f8253945b0c9c22a38f39d97093032d"
"textures\military icon 32x32.tga","65580","ac0c5bc0ceb12ae52483111403bd501c0e2261f7d87e2cff65bb396aedec703c"
"textures\mini_lightning.tga","4140","dc3cf13d8716f4a0b1f732cdb9a7df5813181794b6a8948c7658ac580ee6c90e"
"textures\minicamp_arrow1.tga","1048620","82d41165c34400bb3c462076f908c4bea095510e9f83398de1439bfee05cfe5c"
"textures\minicamp_arrow2.tga","524332","e6c1040d1f6a0d9086e87dbc0e944c58ac7da03b7be3668ac11e7b0541686dd4"
"textures\minicamp_arrow3a.tga","262188","587d6b5f26080e33e040ab6eafd4eb59d7157e57365cf8199d3307c353ff0e3b"
"textures\minicamp_arrow3b.tga","262188","f1295346291bc387c97c82e9713b375310294a3fd8443b1d48288aaea1cbae20"
"textures\minicamp_battleboar.tga","262188","ddd73445d36ad1415407619380dc69dfed4e34d3a6f9867c02ef400c705b3aba"
"textures\minicamp_brokk.tga","262188","a87e87c3e51923987adace0c063c8efca8befde179e40c195bb4db142dfbccb8"
"textures\minicamp_cave.tga","524332","3269495496a88a33d44a240002cbf567ef7fe730f28caa01279b8d08bc3cc91c"
"textures\minicamp_eitri.tga","262188","e1f2798c5f3031ab5854e43fe1084dd31ab0cc7d89e4e6807ff20a70531373bf"
"textures\minimap_border.tga","1048620","3e11415220688e3f7c8ba698277d411c3ab4b9b05c450098d98930e16627a593"
"textures\minimap_border_c.tga","1048620","86539a6c6282d1356951e15deae54d718677c2bdb8a8799694b165a55e708c98"
"textures\minimap_border_e.tga","1048620","2cfccce04cbce829ef0c68df49c76760ef82a0b37794df21f61076a09f4c525d"
"textures\minimap_border_g.tga","1048620","3e11415220688e3f7c8ba698277d411c3ab4b9b05c450098d98930e16627a593"
"textures\minimap_border_n.tga","1048620","6d9c47624b87cd1945915b8e3a3b40ee5b974069fec375198c8ae8e52f09879e"
"textures\minimap_border_x.tga","1048620","4758f3790b233155acd51888a8256e3580a7c71156c473339f0caf29f862e0cc"
"textures\mining_shadow.tga","262188","acfde4243044fbfbec976ece34f288736e786f54b4b0bd5849a3ca41db85af80"
"textures\minotaur ring.tga","16428","23b1436cb6bdbc70ee161be622fa6893dc0ff48c179c0e6132562e4e7720e676"
"textures\mu x argus map.tga","4194348","006e55aaa3c9f1cdb8bda433a054a8e20a1d489133b50467d18467879da31c88"
"textures\mu x atlantean flying medic corpse bodya.tga","65580","4026a9fcb96e08530e92f7fb8e9b0ad8ec109d55d4fb4e604d9e7d761c5ae555"
"textures\mu x atlantean flying medic corpse skeletona.tga","65580","c0d14f5f5979abc2d5811eff22fdbd361dcaa6adc8ff8f4cbc78102aacc2b2ee"
"textures\mu x atlantean flying medic map.tga","1048620","cbbdbcd2e5b7d9857ea7a91086dff6a8fac9a3c647ef2292869bf16eea20854a"
"textures\mu x atlantean hundred giant corpse bodya.tga","262188","751d3781d62579154b10558211aa8949bd3b699166c95fa1c8eeaebad873f05a"
"textures\mu x atlantean hundred giant corpse skeletona.tga","262188","774506d7ae464ea3fe0cb81ecb3ab5b32ca977db0d497a57cb4cd0251798a914"
"textures\mu x atlantean hundred giant map.tga","1048620","0c719423a3439f285433b6295fc80a6ca0a0dc7c4f57b48310ab4d5de700bf32"
"textures\mu x atlantean lampedes corpse bodya.tga","32812","a4d837bdec2d3d5527f1378044d0b6fe5d3cdf3bf7771327fb39cb3e7c371e84"
"textures\mu x atlantean lampedes corpse skeletona.tga","32812","247d87fc2a6df8e66bbef05232f0812692bb293f05913b59f62e699e9cca16ec"
"textures\mu x atlantean lampedes map.tga","1048620","466e458202957c55a2d09f5c89ad80dc4df154f72c4b0d9aee9be38661e78b67"
"textures\mu x atlantean manowar map.tga","1048620","deed4b0279339b3da1d6b4393ceda7ef26ba131a1a98efbcba1003296a0f23ae"
"textures\mu x atlantean satyr corpse bodya.tga","65580","71b43a4db1af83ef34ffb10b7b2e8b4c055ce1b7745b758c49bb5f5354b16bf0"
"textures\mu x atlantean satyr corpse skeletona.tga","65580","ecd7bb5a9d635803f1baea0421efc2fbbe7b26ccc1a0e960d7153791b60b4a79"
"textures\mu x atlantean satyr head map.tga","262188","fa9aa3416ff67ab517959f7f0dccf76eebcb08ad3e86a18791a62777e2ea0c54"
"textures\mu x atlantean satyr map.tga","1048620","7d8df73838215845d6a259f53875575615e83ae6fb0ab353d5da124ec1868943"
"textures\mu x automation corpse bodya.tga","65580","1bab3415d4ed2f5d053ab71e2ee8f544b4626677ecd42593dd8f31a057e987eb"
"textures\mu x automation corpse skeletona.tga","65580","d4cefbe864f4467a422e330cb02a76833816ce1c27ea7e525a27c72b37b9189b"
"textures\mu x automation map.tga","262188","7cccda4549886eb6e670d39a4be4e35a9a1a1e5e3e64c7de5c41ae507ac4a9e6"
"textures\mu x behemoth corpse bodya.tga","131116","5f5cc6863599e107f0e590b65a99088637681e29388a72296e0da660806204a6"
"textures\mu x behemoth corpse skeletona.tga","131116","787f869d8cc2054da9f38f5a92e5855810381f35518b7883327b0eae2049e3d2"
"textures\mu x behemoth map.tga","4194348","1a612d410f547c671bb472836d0151e3fbf3027a49054187fb0412bb2fe4ca1b"
"textures\mu x dryad hair.tga","131116","47440217afdfa95766044a2dc77d5d377b004aaad867fa0e60d80d19c7bd4f01"
"textures\mu x dryad.tga","1048620","626550d49d186ab2125f3c3bdebeda15af76d5b5ac5df220574ee876ff29d647"
"textures\mu x nereid rider map.tga","1048620","05c36d9774c68f1c2d9f7f95c0a0afc25e2a1facf4316db9bce65266787245ad"
"textures\mu x nereid shark map.tga","524332","63f17d9d14fd853fbbeda27c60b881d6ce09ed42865d67038397ff3c055e4ebe"
"textures\mu x oracle.tga","262188","63e8258e6af8cc7fd3b58997929bfeea9656edf713808948f124559fbd1c3a31"
"textures\mu x promethean map.tga","262188","2c7eb7ccc05211b96dd3525c365af327f04b1c17ea824192516cc0ef03804605"
"textures\mu x servant of oceanus map.tga","1048620","2d61efb8967f07868c848c0841e365ce07624ea93360cfffd296356883fd105e"
"textures\mu x stymphalian bird map.tga","4194348","21ec7a8ffc10c0d27d09932617aa1be2012ca15adb2c367674aeb9783146cc5a"
"textures\mu x stymphatian bird projectile.tga","32812","8ef7ef559b3f1a7275ff8ff6536b656c495f32c85aa910e316534c0afd1ba7a7"
"textures\n titan gate ice.tga","1048620","a8f423e1cf6c98f5e0d0382389e9127bc38bead1b2f5f16f3ecd57ebfa4f0498"
"textures\naval c all.tga","4194348","423460b1d7b08a36781b8c7d27e84d47970a43bb451405275bb608da258a69f5"
"textures\naval e all.tga","4194348","00fb2a8c30f472dec7aad2d6bb274f7b73a6746825ab08c8e23e3f81349ff01c"
"textures\naval e pirate ship.tga","4194348","d64ce7b678c6fdeafcb27cb91e872e8908d1a1375e4e869be93c49c0a9ea4e53"
"textures\naval g all wrecked.tga","4194348","4ef9d48002bdd2a47e90f3279d804e0f9f992d0d87f7d24481f448edf19da071"
"textures\naval g all.tga","4194348","e1e1a36beca4a91844b9dad83d2af4a8fef9f445d9483e477ce45ccb749cf62e"
"textures\naval g giant turtle.tga","4194348","a18a0ec772f72723eb9b79f1c0df06c5a0df6a84fc8e4074453ec28a4e0d8ccd"
"textures\naval g war trireme oar splash map.tga","524332","851c278b7eef26d992fdee529230199678ec27b41559e5f940032e74c6b00d73"
"textures\naval n all.tga","4194348","e6578485506b89659161431b54ed87fa39c519aba1263f34774d81ccbe46dd91"
"textures\naval n kraken map.tga","4194348","62720135e9094fa9497425f7b1a42120c11629bc126a5f5ea2f1d5cdec8f126b"
"textures\naval n kraken upgrade.tga","524332","d38dc4f78f369f1551167e564283f7c47326dacaa8b0335ea546218c6dba208a"
"textures\naval n kraken.tga","524332","adb2509f4c92bbe6d43fecb0efb0340f1084696738354399db18288ec460b84a"
"textures\naval n utility map.tga","4194348","92c7f3a41bbc4214950889c88c6b529f4007e43bbbd4bc2f09dbadfff578f939"
"textures\naval x all.tga","4194348","77e2bb04063f322b1fe9eea147521ef8915ab4eb1fd06a12bb327f7b754f2e0f"
"textures\nightskybox_bk.tga","4194348","f6d73810c0b829d4aa45f945342ff4f1daf548b15b5d9422e6003e96e99db14b"
"textures\nightskybox_dn.tga","4194348","f6d73810c0b829d4aa45f945342ff4f1daf548b15b5d9422e6003e96e99db14b"
"textures\nightskybox_fr.tga","4194348","f6d73810c0b829d4aa45f945342ff4f1daf548b15b5d9422e6003e96e99db14b"
"textures\nightskybox_lf.tga","4194348","f6d73810c0b829d4aa45f945342ff4f1daf548b15b5d9422e6003e96e99db14b"
"textures\nightskybox_rt.tga","4194348","f6d73810c0b829d4aa45f945342ff4f1daf548b15b5d9422e6003e96e99db14b"
"textures\nightskybox_up.tga","4194348","f6d73810c0b829d4aa45f945342ff4f1daf548b15b5d9422e6003e96e99db14b"
"textures\noise.tga","4194348","329e44114d791716412ce86f5b4ae71a9ca1432adb10095c843c1ad88838264d"
"textures\normal animal wolf map.tga","262188","5b843ddf583d56d8664eb4a8edfb69eb5a70bc9ddae9880b8693274c6cb36c7b"
"textures\norseheromap.tga","4194348","6f96ecd999562bc99fa594b8534fe1eeac8f7014fb3882e19be9ccfcdb3ecacb"
"textures\norseheromap256.tga","4194348","6f96ecd999562bc99fa594b8534fe1eeac8f7014fb3882e19be9ccfcdb3ecacb"
"textures\oranos wonder map.tga","4194348","ab6ffd7c132434b0d401263f373b37ffe9daecf2e611b6c92473734c2c7289cd"
"textures\oranos wonder map1.tga","4194348","bd3286ed2acfa965f1552e46ad2bfaac16588cec854697e5631ced7df657a385"
"textures\oranos wonder map3.tga","1048620","95d590c5932bbeb4c53492a255b488612f13937729b7e62b637f8173d88dd659"
"textures\oring1.tga","262188","946bd127937cdd94d64d91ad72fe81bac2e7a271819cd42972f29d9971bcf44e"
"textures\palaceshadow.tga","262188","3d8c0e42544c7648877f15d5e046c1e01c53b5b4a9485ff35420d23bad900f7a"
"textures\palmshadow.tga","16428","034137df78dd75e600c9aed48e05d8672932201fb468a5c3cd86163ffaa9371c"
"textures\palmshadow_blue.tga","16428","a69af8bfa0390ec2ae24f50af032580cedf7e9dc1191383e8eef1eb68d52c03c"
"textures\pickhead.tga","8236","b103edeef36b51cf828fb53612101776e4715b36c54a97d9af75d2314e6c8ff4"
"textures\pineshadow.tga","65580","0798a1f12a83548f2b171caa7de520e707f0e9c8deb61c34a59462c6de5893a1"
"textures\pinetreeshadow.tga","262188","7a67cc12893b6f5e83bf1391504b977fb6e3a3221a72db95d3f623fd0db856eb"
"textures\pinetreeshadow2.tga","262188","1d3fbe3a8d117c785345381282efe84956d2a5991201a39107f2f60019dda1aa"
"textures\plasmafield.tga","1048620","3c1284e5aba45bb8e48791d34cd9290f99f5447ca1df67f54bc5f286f8beaf3a"
"textures\platform map.tga","262188","c5e23fa9497e86b3d89e43ddf5f0203e0f045dcd2165cd612c5da5dfbc724032"
"textures\player color texture.tga","16428","f23b1d7ebd96acd187afe7c24e977ebc013d8e8476649e10bef79d10df80763f"
"textures\projectile a ballista arrow iron.tga","65580","284ebdb3be62b824a7ac2c8dd6b6710ee20bf71ef54cd22420e60e65c21f2322"
"textures\projectile a ballista arrow.tga","65580","f9f9d49d7c94082e37434107566d4ace21f2e1db860df1714e0908f0aa23bb35"
"textures\projectile a siege rock map.tga","262188","0a338a4dd66ed600fff378d2a3dbbffbc3880ec660ba2028ecaa221d94772d44"
"textures\quiverfletching.tga","65580","05b70b8e5c8bfa1e53b29bf29cb510191a3c21f57a5c2a5b0345444ba43e8bee"
"textures\recognizer-tile.tga","1048620","60863b02b8e7fc8a190e444271a4b632e8b4d9d27e0d037f16f2d7b4653eef3e"
"textures\red.tga","65580","6a9f3005416d989620eed0e98bf9380dc351a70e8766c86b3e1f983b74946371"
"textures\redround.tga","262188","ba957633621c61967559f9832016e588ea7f26d5339071ace89b901485cef6e7"
"textures\relic icon 16x16.tga","16428","5923a42e39e04206ce3445787207f00ea5e359852ec9550a6ef8b1ff09c0fbb6"
"textures\resizecursor.tga","16428","c5057a0ee677ea462ab7aef155293cf7e8f1ed9b25e14a7eb8e30e17b848bb12"
"textures\ruin01.tga","4194348","156c4b421f4f87c23585d875ce4e25f4070b775a7e34bf951cb1e088f2b351d8"
"textures\scale_both cursor.tga","65580","96fd4dc5c2b2dc6ea32280f3d9b9fc4539e5dca8517ab20c8d8f928645238d45"
"textures\scale_horiz cursor.tga","65580","79f793b238e9837c9f86b0f528359d46f5ce1d608c8d150901d1f468fcaa7b63"
"textures\scale_vert cursor.tga","65580","36278e822de07a417302ca1ff262de890acdd38961b170aa2b5e020a97205c92"
"textures\scenario a dwarven building a shadow.tga","262188","865cbae9acefd0f5944a5ecc6fea221c46df22497b19d17dfdb0f657e94e1f8c"
"textures\scenario a dwarven building b shadow.tga","262188","8ddd19647531f852cead08f2f3cc1d466a42f10842bbca1f893b0c528eeef498"
"textures\scenario a dwarven building c shadow.tga","262188","d79d80a8f4bfc49cfb435b201b262b27f9df344770fa313c9610565b95a7897a"
"textures\scenario a dwarven forge belt.tga","65580","8bf56f7a7742830d1658aa1ac0b33892d42cdf45c8e470ec1d4253f20fa24b90"
"textures\scenario a dwarven forge shared a.tga","4194348","440c4f89ec1fe0471eeaab1e58f88e698086435a9f013346182afc58f55ffacb"
"textures\scenario a dwarven forge shared b.tga","4194348","fc8233ec988acc8edc73b82b947930dea62ba8c58e6d7023cca0b107a07674d1"
"textures\scenario a gate ram decal.tga","524332","1cffdfbf80ecf19a33e93908b07645a2730e69da193597ba68aa7ce7b726a201"
"textures\scenario a gate ram shadow.tga","524332","1cffdfbf80ecf19a33e93908b07645a2730e69da193597ba68aa7ce7b726a201"
"textures\scenario a gate ram wall.tga","524332","261226a4a381e6655b1659dca4ed1058e0fea573c83435168497d53694a9af21"
"textures\scenario a gate ram.tga","4194348","b9a2501e221122aa6d2cd56b896c084dd8e798251fdfd73b969a969b04ff62b0"
"textures\scenario a gate ram100.tga","4194348","8fb1c5f2c61f66e3775e6a62264f98dcb11684b26ebee75074ca3863f800b97f"
"textures\scenario a gate ram20.tga","4194348","786ed8b69080006eb4c771292aab0ccbfe11dd5b29f9f8368cb1db4ba53332bc"
"textures\scenario a gate ram40.tga","4194348","e603f3fb64d035bffc3ad4e4b5c678dde4b0607ecc1bc5902a227f2b49a4c7e8"
"textures\scenario a gate ram60.tga","4194348","d9bf08623324af1de2f825728bf37772facd3710dc11e59f444a92728d716cc9"
"textures\scenario a gate ram80.tga","4194348","404bd8291eb68955a325eef67bc99d3d99a1a8ae091cae7f86a556bd0cdaa301"
"textures\scenario a pit attachments.tga","2097196","8120dc71d999f85e903efc910636cd33bbc5c734660a391af78689959209568d"
"textures\scenario a pit cliff.tga","4194348","e4e5708cba97f16648bc9f162a3b5c53f1198cc0714e64f2bb0ae6001b63e965"
"textures\scenario a pit edge.tga","524332","47a8dd688dd456f3e102c1e5a1187564ce5f328a7be457ce9bfec3f323b262a5"
"textures\scenario a pit tile cracky edge.tga","131116","5dc4b383b4461a2bdb1aee831bc8ee7a4df8c74e2a3075b92269ba1de72af815"
"textures\scenario a pit.tga","4194348","6b9caa5e2ea46ee10c13c37ebeef3621f1b3f771ff9e7fc039b9590237f08644"
"textures\scenario a tartarus door cliff.tga","4194348","3f539deb62e9047a2f4f6dbcaaeebbef87883b830f35e5d0388b0bb7bf809b36"
"textures\scenario a tartarus door cracked a.tga","4194348","c6e0b5ec2ccf671af5617c37d9a1f215533d572debc9179042b331c6ba3f6b1d"
"textures\scenario a tartarus door cracked b.tga","4194348","734b48046831522239efc1296b16c043f4825fd9553c14b034dd211673111e57"
"textures\scenario a tartarus door.tga","4194348","4e8540bc60f8e55c4148e0e4f7674779a21983afabc0030a5e6f01197f0f9f1e"
"textures\scenario b amanra map.tga","262188","d7c5462322008864c7884f10cba6ffe26bf24ec729994dc1356cf191d2f7b13d"
"textures\scenario b amanra swordshield map.tga","1048620","f7f5be69a7ec1040267f1c9f9f22be391fece73c0aadde14ba144b8914e82665"
"textures\scenario c danzhu head.tga","65580","ad34cb3f88c8ea80e1d28dc79cf2552c0a3ff34a44c9755f9048f0c0b9dfbd4c"
"textures\scenario c danzhu.tga","1048620","e8ecbff829652aa82439ec8ded533e8a548716c02befa41d933ef5d0586ce6ef"
"textures\scenario c gargarensis map.tga","1048620","4d58e66e598d147f965efa82b60c7f60ac1de1097ea2cfa2c87ebc24238cfd68"
"textures\scenario c jiaolong head.tga","262188","652a9361487bb3a25263310e8441ea4a0f3c8415e88a9027728d8353b468000e"
"textures\scenario c jiaolong.tga","4194348","ad37ec26f0bc0dde0067d51166b01d77c7873fe9e0e1c10e384cff5781d6d7c9"
"textures\scenario c kamos blade.tga","32812","aecdaf726e7d55369aa1e96fc524ae3d2e37786520ac5b90c351d589a39e9f3e"
"textures\scenario c kamos corpse bodya.tga","65580","48fd12deecb860fb3b202a241debc16c848ab5813caad55bde53980820e53421"
"textures\scenario c kamos corpse skeletona.tga","65580","df869dcc9276e565c25ea63eac0c47c832aa65eefd996c4f50e6b8ea1332e38b"
"textures\scenario c kamos.tga","1048620","dcc46d6165eb1202c89f85b09852e6ce039ff5fcb8df354e5a9c9508108750ef"
"textures\scenario c kamos2.tga","1048620","c3f6b7e0d6c2b4896cf93b6e805975f3cbd85235ba11681a280921458643c382"
"textures\scenario c shun head.tga","65580","85597482e4e6b27ee0095851fb42e0f70af19ce0f5781991ca3ee4c843063fba"
"textures\scenario c shun.tga","1048620","dfa5710cc9abdea72e697f00f8bad1b828dd75795605b75827c48178f86feba5"
"textures\scenario c zhi head.tga","262188","87628859d361dbd9eadb14887bc4991d7ac3643af39d7811459dd9e124e0c56c"
"textures\scenario c zhi.tga","1048620","931611f287984845b3e18721bd12bd15188cc6d9934452e954d01bbe36f497b0"
"textures\scenario e great box camel.tga","4194348","73555716acee90d9613a01dc4f494bbdb86e4930727ad28730e6af710229c1b9"
"textures\scenario e great box cart.tga","1048620","c0b635af1b85e47548e7699e11f0db0f0ddca2bb9f6c9a7eb4b9164af50d657e"
"textures\scenario e great box map.tga","4194348","028a3521f963f7e7900268ea057b9bd8c3b05afd13431f60e4dfe15edc312608"
"textures\scenario e great box.tga","4194348","816ecf162a49e1effa36e81185544bc1ab03f423f37a83e22e6a600f0716215b"
"textures\scenario e guardian.tga","1048620","ab18cb9880fe3c22cff16199934813be627f6e8aa45c5388b19fc195021efef9"
"textures\scenario e jail gates.tga","2097196","3f1b3407cf83907e3029919928f8ab2ec02f389d1b5a945beab55f4c9f1bac7b"
"textures\scenario e kemsyt.tga","1048620","53af4ec3e9b9eba908902ee65b26951c1d53db13a0bf7ac00bb6325adf44deff"
"textures\scenario e osiris.tga","4194348","032ddd8a319295befa59ddf7223a8d200e9f18286c90325a421d1bfbf6bcabc7"
"textures\scenario e setna map.tga","262188","68b32bb4407e43ea30df076b16a5334d708e8cf3624dd692e7029d5dca580a29"
"textures\scenario e setna staff map.tga","16428","23bb28f904cc1eaf89788c9cc0f05603052b87aed844af5b076bfed72b07e1e1"
"textures\scenario e sword bearers corpse bodya.tga","131116","e57c4a0cd43d26ab94c6e50f39de5d937d31c3ce1e2af38590a1f76ccd23031e"
"textures\scenario e sword bearers corpse skeletona.tga","131116","d8f6693b56c304d389858382a5c9bbe7bc056d094247c2251ad542a0dabd6489"
"textures\scenario g arkantos god map.tga","1048620","fc237e4db93bb9a4afa5393e0cf4d9c9d81784911654db355263edf01726ce2c"
"textures\scenario g arkantos head.tga","65580","cd9a3ea702e0c06cdf9669a4311db87e2eaaecb31e7c16631f08e65dab6a32d6"
"textures\scenario g arkantos man map.tga","1048620","d43f3633ff22404247567bb08a9a5aeb5d3e5bb5c057becbd01aa5265fa11d49"
"textures\scenario g arkantos man mapblue.tga","1048620","0d5e303826b749a80458206d0eab64208647bfe86927e6d7445b82953713ea62"
"textures\scenario g arkantos map.tga","1048620","d8e5d33da48378c494ad94f7df341ae1613dff2919728919ada884b600947036"
"textures\scenario g chiron map.tga","262188","98d729c1c7a6d555e425f7ddcf69e3b4238a0b7db3c09dd28abd19dca3fc6226"
"textures\scenario g circe corpse bodya.tga","65580","81d0550eefa796007e57ff76206f7afb3e81f5fa81dd55762aadbea9db2921b8"
"textures\scenario g circe corpse skeletona.tga","65580","fa190cdb82640f34fe8c5107b439c71bdef527741a3f30a9de20cbcc6f6ad766"
"textures\scenario g circe head.tga","65580","96019da85d552320d7e53f3d434120446724ffc9c5e80f65af12f45818bbe289"
"textures\scenario g circe.tga","262188","2e5969b51a69d00dac5ff0c605565f5f187688cd41febcdd3474d7bfd03fdeb7"
"textures\scenario g excavation terrain.tga","4194348","11acadd5ed28829e56869e86ed86660a97d9937625a2c4383c108f3bdae89389"
"textures\scenario g kastor corpse bodya.tga","65580","4b616a9ab2b2efcee3fce619ddac29d2c2d6d93cefb0b689f398af40a4fc957c"
"textures\scenario g kastor corpse skeletona.tga","65580","99bcafcdb9b7a2de7bcc35269984c39493c5813b5703ba0e5bb4a0cf508273f5"
"textures\scenario g kastor map.tga","262188","5221f6cf59c37e75436dec041c2d0fb64124d017a530a5eb597d47892c5ef062"
"textures\scenario g odysseus corpse bodya.tga","65580","d6670288f009759dbd22446d28792d92734cd254ff80684d11c434f70fb6c244"
"textures\scenario g odysseus corpse skeletona.tga","65580","4d36174d4e0bfa07082032a0b0f43249f4bc397789b8587d77504d48ee0cc679"
"textures\scenario g odysseus map.tga","262188","dd7076a1ac43afc139a09b6ea518036e890269d18067f5987974ddf5bb7301e3"
"textures\scenario g old man map.tga","262188","9491c91ab6995abe69a476e8b90d985f22bd66307484191676b133b66967563d"
"textures\scenario g skult map.tga","262188","91fb20eafd0472fc59e1acd52f03605fb1c260283c700db0db2653130b910762"
"textures\scenario n brokk head.tga","65580","260a6ba8cc7e1dfda588c6f67079ef0954e2da95f74c52d1b367e86c7ca4dffb"
"textures\scenario n brokk standard.tga","262188","90f19afa6958aeb91dab025d30e156129b3abc0a680ca57c12c9c91cff78d200"
"textures\scenario n dwarven mine cliff a.tga","2097196","d3a8edc34a2c28aed69e4b46f0bd7950042dec823b34b1b1a33de8571de3b95c"
"textures\scenario n dwarven mine cliff b.tga","2097196","f8ea1ff90eb73d2ac2df6f2eda321596a548d65b1b33dccf518f191b88e1f265"
"textures\scenario n dwarven mine inside.tga","2097196","ae9311894898f675ece5fb7ad971223ca9a8a87ac24533731b030940e346257e"
"textures\scenario n dwarven mine opening.tga","4194348","4c70aa064708167380a5a745ef5ef1b41b67a626f30248786a6f10b0859ab67d"
"textures\scenario n dwarven mine outside.tga","2097196","465d90a4baf0ea023e2d33166ccc88c6977651ec6e0b9d01e1da9d8e195fe278"
"textures\scenario n eitri head.tga","65580","1e201acecf0af020438f55922b3ae4600712bbe03367a31d0b3cfd31cb045859"
"textures\scenario n eitri standard.tga","262188","9af336c44dc235e055b979786f7024aad1c4ef9981688bab647f5ba73aea8f90"
"textures\scenario n flag bearer corpse bodya.tga","65580","b02a46a77dda79b6c084fe692000aa613f2c8a1e8bfcb0e83b521945e0b38f70"
"textures\scenario n flag bearer corpse skeletona.tga","65580","be6d294075dc9c9a0cb52f57aebf9be9eb778afac9a2ca0951a594f2ac4afbe7"
"textures\scenario n folstag flag.tga","131116","479aac27d93f02dda6a0b3d87cc1f3e5fcbbf8aee2c34d1c3113f5d344285572"
"textures\scenario n hammerdwarves shadow.tga","131116","795f04f914a59b50ab4cc4ed333225193f7c525c3e5569081977aaf92c8ce1bc"
"textures\scenario n pirate ship.tga","4194348","d4b159d8777df6a566b29e4c0686bbc3515c904b9f2815b80b537a81b01b7947"
"textures\scenario n reginleif map.tga","262188","5ac8f9b507ecfdcdf66c4f75c593f61d0d24cda90959d2cc8360125d80b1b62a"
"textures\scenario n reginleif weapons map.tga","262188","f7d4e556992fd5004a0f768199d3a32f0bfee4334fc1b0e9aacf86e296b3975c"
"textures\scenario n thors hammer cart.tga","524332","526e36806d7749c1333ddba3c076638a8d60a11f2d5f27165808d00e401b6bca"
"textures\scenario n thors hammer.tga","1048620","71aecad0df00bb0e7a21ac259b3c075a4468c162a947d774dd41ca6e4564a381"
"textures\scenario old man head map.tga","65580","887b7e3cf2acc0e38cf2d41cd82ac32fa3994602bd813028aef856902d8df9ac"
"textures\scenario skult head map.tga","65580","9359b6b53f510d42a559579222c8a37f1cc3068f282ee448d68e1093d04e869e"
"textures\scenario t troy gate dead.tga","1048620","5b60bf2f23ff6f099ebeee2b672e1aa565879d37e14e5aee319a2193a8a0acce"
"textures\scenario t troy gate deadb.tga","1048620","ca17e66a088d34d83438e8df020b97381d34f63ad14df6914af5aa7b90528d1b"
"textures\scenario t troy gate.tga","1048620","6171db537457eca285c5399ee18676bf39744084431dccffa29ddecab3ef57cb"
"textures\scenario t troy wall long dead.tga","4194348","93bebdc9cb84bbce80dd8c911a1671dd178dc32b3ae604ba43ede0f7318a8c47"
"textures\scenario t troy wall long deadb.tga","4194348","da140be57e6dc0d8ef56d02bf016816ea063834f9b52c0a827558bf23966fb90"
"textures\scenario t troy wall long.tga","4194348","ffe93cb8e1903c7f0c93218e971176f28fb6d88ebfe342dcc01bdd9f677bd5fb"
"textures\scenario tamarisk tree icon 64.tga","262188","f24a0a24bd36d385006a73fbb777ed27f0743804498617773b2197d8bc1d66d4"
"textures\scenario theocrat head.tga","65580","45a7b20f3bbed97103ef3831e676428398a5965fd6b43539e481bdb70d71588b"
"textures\scenario theocrat staff.tga","16428","f132296960dbe87bedc228ff1cf65abfbe691667a388a3db2602c83719d8cd00"
"textures\scenario theocrat.tga","262188","80dcc16798d5929d52b9c7fa453bb0de3df2eb6f35857ee54bb6aaae9c071f8e"
"textures\scenario u chronos hand.tga","4194348","8dd247cecc8f987e759ece032c077d5d461f6f1db91595e76df0c5f93653b084"
"textures\scenario u ferryman map.tga","262188","60eae83a7ce9b68ad8f689da88a2ed50a7141bbb9662fa3bca6bb8a4b2f158a6"
"textures\scenario u shade.tga","262188","60e92f85d5e05d1337981bf6aa48eb93cc132a586633682ba0d291b621e09d80"
"textures\scenario x amanra map.tga","262188","13e03c28488a4208f8a441e238f4fd4b6a64321dd5827d498858f94a3da18eb2"
"textures\scenario x amanra swordshield map.tga","1048620","fcb34a38d6a7d23a60c3e647d31783170e2ff5e2f4d29ea5f3b57c41b349701f"
"textures\screen shot boat wake.tga","131116","c3841d3e7c3455692638379249e002ce5e00f26fea4199759c3605431086ff8c"
"textures\settlement icon 32x32.tga","65580","baea8429380040116e9c426c0ca48d0ece144b9ec463770732be24b3722d2466"
"textures\settlment icon 32x32.tga","65580","e21a0256ae254d53d54c4c02b83c7f5b8f85b954eb5724f28ffba4984e549058"
"textures\sfx a acid flame a.tga","262188","955b19f3fd8142907e0b3792fa97e7600863e01f79a39bc785be5941a594c767"
"textures\sfx a acid flame b.tga","262188","30112849b26e382c8acdd43964fb85c6ed37532fc7a9696ae709cced6bbf7f9e"
"textures\sfx a acid flame c.tga","262188","46ca01208a62abbe424de36228a74b16511557d8e4607bc470d1c5a0f0942f99"
"textures\sfx a acid flame d.tga","262188","7a5d65e2fac71f194e386823f9f267fdd2bb09fdf65a21cc702a07db1a4827dc"
"textures\sfx a acid flame e.tga","262188","32f7ce408373d6248f74c9fdff38c424ef16baa50c5ed7760eff00073816b3f4"
"textures\sfx a acid flame f.tga","262188","4ef6fb7c38dc4b8866def59eb3c9e10d8b92440134a6a93fe273e63e4a12c982"
"textures\sfx a armor human.tga","1048620","72d34c919ddef45c7a4eaa48f19c09ebed6cae7f3c9a9d6325ae3253ac795b66"
"textures\sfx a avalanche snow debris.tga","262188","1d2170caf3d519c1a52b3b130d03c7bf8c9d37150e0c559da548f679618f9bc3"
"textures\sfx a avalanche snow moving.tga","4194348","ebff182d62ac06a15e236a74d3a2b1de29ddd2beb5ece1bea70c62b3c7037e3f"
"textures\sfx a avalanche snow.tga","4194348","303264f6281702251cd2550357f4690a7a4919c2419444224abaf7f3324bb907"
"textures\sfx a blood a.tga","262188","0c7662f6c51c92fbce2dbe787725834618301e46901803337ba1043bf649c276"
"textures\sfx a blood b.tga","262188","1ff3004dd3fcde137cc4f1f42b6eb7a85714a04a1a023aa56fa7798877571fa7"
"textures\sfx a blood c.tga","262188","0755ffd01263615eb19ac5156902bf7295d8afcbb54806aabd88a6d827c6d4c4"
"textures\sfx a blood flow.tga","262188","602eda1f331903289b31b85e80d0b9ce873d5ef2c206149804a4169ec2ca228d"
"textures\sfx a boat bubbles.tga","262188","982559a7f10e2695684999569f17afa9231270f227f682ddef4154e135844faa"
"textures\sfx a boat ripple small.tga","131116","0d0aa92bbdcc6336e2d384dcc544488e874862d6842f37c4e022ee184a7ab0d8"
"textures\sfx a boat wake cinematic.tga","2097196","bedd600786845ce1dffdd34ad285f831f2a0eade07878ccbf44499d1dd079620"
"textures\sfx a boat wake large.tga","524332","5a153f8e4bfb582df67f447c1cd62d66c58b6f77ac13fa495af5f41a3d882cf6"
"textures\sfx a boat wake small.tga","131116","03fb446ee0b7eb422436fdbe8b8ce0b0ccf823e0594ec6ba1f43372d74954ba0"
"textures\sfx a building dust.tga","262188","f499460326d40ffb787b927507aa42214936aeb3511a699e8b3b3f1384c12982"
"textures\sfx a burning pitch.tga","32812","121ccb5c45d51b54cb5fdf3d4daa89b98f5885c7802ec230eb44496078694afd"
"textures\sfx a carnivora water.tga","1048620","84cd8878c96531f50ba90bb25ed4e6b8fbd56d0b28d8ca8483446e0301c4afa4"
"textures\sfx a carnivora.tga","1048620","994f35c6440096ebf52a0c4d93533ca9a2c0f842866cb7f6e30ff88d10c089ee"
"textures\sfx a deconstruct 2.tga","65580","1faa9ca992398b5b5b4899f1646e49f126161326ff75eaf96fcfa57c37bfab72"
"textures\sfx a deconstruct.tga","65580","c3e25c0a8497eb92e1331f8801106249d058feaf86f4d8de1d4e280ae6b7f48d"
"textures\sfx a dust.tga","1048620","4c2b862ede64616481e2d49be9433f76dcb23d3be7db2dc402b8615dee3959d0"
"textures\sfx a earthqauke cracka.tga","262188","eb8f61ea4f159524136a67135b6dd47ebf367ba53d43888a50bf2639e0e1232f"
"textures\sfx a earthqauke crackb.tga","262188","84dc9cc9ee7cb41f7ad2c0e1686e804f6126039b6609f22678c8d2b900bae88d"
"textures\sfx a enrage light.tga","65580","ba5530b00462e430bfaf2bda3a5d8d4f3d556bf601188ecbc7a7b8d32532ec4b"
"textures\sfx a fire animated.tga","1048620","943451c459818f3f1580d285df781ded77a53f3bfab2aa2fc90a5145600edd37"
"textures\sfx a fire ball orange.tga","262188","9cd103a4f4ab7b60dbba99b7391302426c086fb6db217acfb6366a1d9f4459bc"
"textures\sfx a fire ball.tga","262188","35155de683eecbaf790d81e51f19e9ca4ead6a67c20c8ae0685011736c1ef9de"
"textures\sfx a fire cast map.tga","1048620","fa9989338384a8e725ab14f1e84c490103f4fa2929d5e85962e841aa56a3c096"
"textures\sfx a fire flame a.tga","262188","5c70778ee40576d339cbd14db51b6b9d7c244bf863f3c4d392a3ae069b89c6ea"
"textures\sfx a fire flame b.tga","262188","e4f2f950ef93d638df132c8d3460b67eca8d0f2a35270c2b41bfe1df26c61929"
"textures\sfx a fire flame c.tga","262188","25f60b99d6ad4ec557d86fc8beb61f44487d2a363ed58220441df83d815adaeb"
"textures\sfx a fire flame d.tga","262188","3ab545105f88edc5f1f383b4347bc443c5142cd676358b9687c815200a4a6017"
"textures\sfx a fire flame e.tga","262188","050907239ee3bdccd62a7e0646942d080916cf76ebf68a4bff1c26fa4aa04067"
"textures\sfx a fire flame f.tga","262188","525a2b258fab981118d010feb59f913b54844ed95f3979e8aca7b8d35e7c271d"
"textures\sfx a fire pot bowl.tga","262188","9cd103a4f4ab7b60dbba99b7391302426c086fb6db217acfb6366a1d9f4459bc"
"textures\sfx a fire pot_01.tga","262188","775bcbe108db544c5ce0ab8a21698c1fd6f3ee578b996527cc9b3002c6a9d436"
"textures\sfx a fire pot_02.tga","262188","70537f1e38326ed6b7df7fd78ea3a92a2c1e699e1ebfcdb1f30ed10c8eeef9f5"
"textures\sfx a fire pot_03.tga","262188","54b181a78f7a52b134f3f3a443e0fa76ac9aa5ae9cfd5d762fd1f8448ec11ccf"
"textures\sfx a fire scorch.tga","262188","426c0ad4cd075cfd6d0415495dc096b56026362e66b63e3caf3da393fb3e8740"
"textures\sfx a fire wall.tga","2097196","99206c29cf235a1364c534eac5e145e8637d2ba9b1d22e95d04c8aa2e786394a"
"textures\sfx a frost ice block.tga","524332","508cdb653786036375f1cc74ded57f9515bf26cc562ed74af2c8b674a6f073ac"
"textures\sfx a generic boat wake.tga","1048620","9586ddbd2742f44df13adba0ce838b03f5fd38eb5707f290e3bd441c5b8f7256"
"textures\sfx a generic building wake.tga","1048620","2255fb92346deac4722c331f9a242719d53287a5e1a9d12de02553f82ee2d15f"
"textures\sfx a generic dust map.tga","1048620","d36411cb64250339e25fb868ce251643ef88bd466db59ec5f1dcfbd600ad9756"
"textures\sfx a generic smoke.tga","1048620","2f442d4e3c82e4f0e0932a7438a50a7445fbbeef15bc3ff3a5ebbf7c0b9bcb8b"
"textures\sfx a heal light.tga","65580","763cd8fcb7902f0e490dfbff1a8636ea568c3f18f43d174789e3b104a5873f6d"
"textures\sfx a healing spring ground.tga","4194348","229ed643c2050c4ed6febedbbbbe208d3fad6493b2ebe04c5bc4814ce92b6a68"
"textures\sfx a healing spring stone.tga","4194348","a4b1f355b9a89dd6c69d0199790fe9bc7ca0bdafdc422956780969fafe9a1e45"
"textures\sfx a healing spring water.tga","262188","cd2eee7c743854eda9ad4fcd56366cab507677b0dffdf1601d47f6984dfe8ee2"
"textures\sfx a heaven light.tga","131116","334c524b8941057dcdf4982f998162e45eae359c8c1dfaf8702db25f2c0d905e"
"textures\sfx a hero glow.tga","262188","209ac0618c93a89079c2600e40c133fc15e8e9086ba85e72ef0ae7f3300cd8bd"
"textures\sfx a hero soul red.tga","32812","515af42b0b34221e6f7b0ac7b7bea25d6cd0de317bfe9d04db3b69f6b5ecefb5"
"textures\sfx a hero soul.tga","32812","ceeadc5ffbdad290454eec7a67147b3a77f4e924a10858ac3bc0c736f2b12123"
"textures\sfx a implode area lightning.tga","1048620","709364ab323f7f29d9a92535d8a9d4babc75d5777c0a3a2dc47b6eadfc7f117b"
"textures\sfx a implode clouds.tga","1048620","1be7df7fcf535acd4722f5c58c7f11889376e11c877d1d62750827133cce34ad"
"textures\sfx a implode crator.tga","4194348","73402fb27a3014a2726519b532f1df8e8a5b1924bb03d0e4d5b0a8611029c23e"
"textures\sfx a implode environment.tga","262188","74a5db77d6a7b9fefaa3ffaa93a61dd9b73c6c9989eb2068b2695da15256fe51"
"textures\sfx a implode glow.tga","262188","0d76ce4bbc8573ab62f9d655f0e0321be76f3e1a396e0a1914b3accc7e39c17a"
"textures\sfx a implode light ray.tga","131116","f67b101fcc0e7509b6987355909a7babdf6252fa4aa391df845652a284939c0b"
"textures\sfx a implode lighting flair.tga","262188","a6269ae1d3dd4890e5c79af14e66ecc8f509801d8670d7956e5ce4992043a53b"
"textures\sfx a implode lighting.tga","131116","20154b86f3c2f974bf3e0a02af6cdf298e108b68cf47f750f6c8782b1d30553c"
"textures\sfx a implode ring.tga","1048620","08d4169d7f0cbc5b34143a89c37f9ad068c05d173e01e271cfc681673d10fc84"
"textures\sfx a implode shockwave.tga","131116","183621edda2b539e24a496ea160716d84ea0bed11917efa92655aab00a3773ce"
"textures\sfx a implode soul suck.tga","262188","b64b257d54fa49b84594b1dccbcdd1f2a34af652271c4707b15eb8b3a1099a8e"
"textures\sfx a implode streak.tga","16428","157e982d1c63716cb07e2e711806f24415a31747ef51d289aeaf428b95da3bbf"
"textures\sfx a implode.tga","65580","14b869e40973e08edb8417543c6cc16f3214baf413762969f92b40c5890562ab"
"textures\sfx a implode_dn.tga","262188","e21d69aedec5a03ff785809cfe1ed245c97ae09e171b343863e4c918e9169bfe"
"textures\sfx a implode_ft.tga","262188","e0e7e80c49229a9089a731ba577c7b0e38518c8b58d76f1eb9aa840c1054c290"
"textures\sfx a implode_up.tga","262188","e3aabef27a810aeff03b4ebea935eb0c6eb5e877f7d5724045e9fefda3ce6277"
"textures\sfx a invisible.tga","4194348","1c03e82b0d3a526f769cbb2b35ea2af8762378dd0da61e3d9ea5a084ffa90d0f"
"textures\sfx a ip glow.tga","524332","af74242f7805904d2056829e0f3d2de1642c3281d453475975628fce88cbf21e"
"textures\sfx a largeroot glow.tga","262188","c8af5a96230977a15cff24e0d1990f99f5df64d1123d49ac652513c67051422a"
"textures\sfx a lighthouse glow.tga","32812","1489880a59612ef2be879130caa8e81549e443b319a5461cd9beaa2335c63d4e"
"textures\sfx a meteor crator large.tga","4194348","cbc7cc8dab8bdc8fe57059835dca920cd65e6350e9543d11a4fd8fdc77bbc77a"
"textures\sfx a meteor crator large_gloss.tga","4194348","333a6aa2d574117c5704010d348770d0ac7af00cc38248a1ffe7f2675be15e79"
"textures\sfx a meteor crator large_nm.tga","4194348","486d2bb74e500303e399d940e68514be5f73799e2e911eeec112e940f282124b"
"textures\sfx a meteor crator large_spec.tga","4194348","ec3a7db281b9a15efc849f0721bb3a350807f23ed12a1a8426ae00373c609aae"
"textures\sfx a meteor crator small.tga","4194348","1c5feb4a330deb05afd9ffe20ee9b3e5a4942d5bd70abd9bb9c6bd8a4396641a"
"textures\sfx a meteor crator small_gloss.tga","4194348","eac69859761591b6348b595177c9bda22ac402897959e4a2319cfece1e96b97a"
"textures\sfx a meteor crator small_nm.tga","4194348","3127e572098037dfb0b2f440730626da52409f5b643f757ec53fe4b64401fd2a"
"textures\sfx a meteor crator small_spec.tga","4194348","eac69859761591b6348b595177c9bda22ac402897959e4a2319cfece1e96b97a"
"textures\sfx a meteor dust.tga","4194348","4a54778b882c72ec6e36e917aafca9c186f636a3c7818b935ef573a9747a6a51"
"textures\sfx a meteor mushroom smoke.tga","2097196","5833005220a1e1189d2d210905ee607ac2fa00c571140e2826fd34c947c7cdc2"
"textures\sfx a meteor splash.tga","4194348","96d58ac01e3ace86d6ce11964ea56fa17f3e58fb454640cc07ef3511e8f1d99f"
"textures\sfx a meteor trail fire.tga","524332","3a76e419bf974910b824664daf995983bda587d653dbd3e3a7b63c41d2d10739"
"textures\sfx a meteor trail smoke.tga","2097196","1c5d113b5c4184edaa8647db4442c90f6d3198d515f986794f87b9747b1b36af"
"textures\sfx a meteorite crator small.tga","1048620","5361846dbf4996ead347a7a207af773dec0853ec694ebf851c1e14606854c46b"
"textures\sfx a meteorite crator small_gloss.tga","1048620","c85d64d83c53152ecba5e3150cd5fbdf913b522cdd6e1d84cbd696c4dfd2d7a3"
"textures\sfx a meteorite crator small_nm.tga","1048620","8bf3889eaf2bbcf006063e0cd5a19e4127474278513cd82c8737113cc84bb526"
"textures\sfx a meteorite crator small_spec.tga","1048620","c85d64d83c53152ecba5e3150cd5fbdf913b522cdd6e1d84cbd696c4dfd2d7a3"
"textures\sfx a mist cloud.tga","1048620","d58a6cc91e6f4a0ec0dfe7602430e9fb35318a3bad116b906d0b931cf7beb528"
"textures\sfx a oil.tga","65580","656c40ea385ef43d5cd7927b4b753df753ad9989c40b59aac3648a0c91cdd42f"
"textures\sfx a orca cloud.tga","262188","6cd10d9438ac95202daffeca803e54b12b7fd19c6b58d45b47e9a0c4a4631da9"
"textures\sfx a orca wake.tga","131116","9c66806d14c1afc84875c97af22e9b48807bd61bcf3dce877ff302a2be20817f"
"textures\sfx a pestilence flies.tga","1048620","ef9bdba64b2bd8ea97cfba30a1ade997193dca3829e7352b41519b9a851cb5fd"
"textures\sfx a pestilence smoke.tga","262188","cb70a597313d514ea41053c5f24d35e3ce619cf6c7b5622b33e2fe4a55d31865"
"textures\sfx a rain cloud.tga","1048620","4a1cddd6d8e46d23aedbd9d3777812eec212177240f14aa75f8b34bf61fb45f8"
"textures\sfx a rain sunlight.tga","131116","a678cb769f74b732eef1878910fabb01d606b6b733c749537c980bca54d1beaa"
"textures\sfx a rain.tga","1048620","6a2afbef120ad901625eed132e13c87ac0a77dfeb1ca912e02cf3fc46e139722"
"textures\sfx a rainbow.tga","524332","89897e06a85a7b166ae1f1fc6c25f3007e040282db926f2fff86ab6c1575353f"
"textures\sfx a serpent corpse bodya.tga","65580","a527e24ac32c792aa21f0232202176b541733ee9aee68a3f9ee874abf4a048d2"
"textures\sfx a serpent corpse skeletona.tga","65580","510823866f6c092d7b7c0ae98425c08aa32cd6d4ad08d4abbb77681fba533981"
"textures\sfx a serpent hole.tga","65580","63b5648e918830f4b1e6c995125de27a669b721565c10033476c2b99ff83eebd"
"textures\sfx a serpent.tga","262188","0d58d4565df3f53f6ddce10dac616d94d40a3530d0eff17c8bd60de68fff8b55"
"textures\sfx a shadow mist.tga","1048620","ad0bd8041451290555200ecb1c175aeb8b41d83bb6cfb1eb6fd0590cb83e762e"
"textures\sfx a shiny water.tga","262188","385245b73f28182ddcb39b78bdbe067e4e6d64e710a8c5a2ae0d34e885e2d706"
"textures\sfx a shiny water_0.tga","262188","c64ac73b5741988e8207766eae21f7ae81fc2d90f1e393a20a201802fdfa90c0"
"textures\sfx a shiny water_1.tga","262188","c64ac73b5741988e8207766eae21f7ae81fc2d90f1e393a20a201802fdfa90c0"
"textures\sfx a shiny water_2.tga","262188","c64ac73b5741988e8207766eae21f7ae81fc2d90f1e393a20a201802fdfa90c0"
"textures\sfx a shiny water_3.tga","262188","c64ac73b5741988e8207766eae21f7ae81fc2d90f1e393a20a201802fdfa90c0"
"textures\sfx a shiny water_4.tga","262188","c64ac73b5741988e8207766eae21f7ae81fc2d90f1e393a20a201802fdfa90c0"
"textures\sfx a shiny water_5.tga","262188","c64ac73b5741988e8207766eae21f7ae81fc2d90f1e393a20a201802fdfa90c0"
"textures\sfx a snow.tga","1048620","54035ad4e1da93a043a64deef9a28a74c2b5473d9ece01b4e1ce3b74fecbe521"
"textures\sfx a sparkly.tga","65580","f7fccb3a2af5d0247d3e6ea074327dd05406c9f92aad1458cfac25ab5b4717e2"
"textures\sfx a spy.tga","262188","b834a0c8e0ee7bf390dfd6c4f9741d42ecce80339dbe5b897ab11a6ba81e7639"
"textures\sfx a stone map.tga","1048620","e489ccdcf4bbec79b1513b325f8deb2d74378224fc0201cc37c4b2d161da66fe"
"textures\sfx a sunlight.tga","65580","111b27495725754f98cad7461c484f40b68f8fe9fd6f3418489736cbbd2a1a79"
"textures\sfx a tornado dirt.tga","1048620","69af9b0a03382b0cb5357066e0dad57c7963e9c9c87b71f5679b9cab15d6f706"
"textures\sfx a tornado dust.tga","1048620","c9d7dd791776cd13e257d263ef4bb3f3256eb5fab4c51256fb0ec0fc3c7d2872"
"textures\sfx a tornado fire.tga","1048620","75e0faa418367780b61c5a59eda695a0e61818d454fd2c9c8238a7cab5b5a7a8"
"textures\sfx a tornado flash.tga","1048620","1e58df162c61ebfbe48e2410161dab4c55d7963bd5f948d0200beb911934a00a"
"textures\sfx a tornado snow.tga","1048620","4672a57316c37a27ec9ce1487a719724ee17274f95fe69ad0469fc24010e83ce"
"textures\sfx a tornado water.tga","1048620","48259d2affe501674a2a45357f01758c0bff2f25a967aad70571e33ee6fa95aa"
"textures\sfx a tunnel.tga","4194348","3cd01504e1ef05659a8beb5a8c02ce1178362900a7d9061807b709ce6220056b"
"textures\sfx a undermine dust large.tga","524332","b34497e18bfd0c2281e49bc227756caebd95c1841ae639cfed41d28872d84314"
"textures\sfx a undermine dust small.tga","262188","78c278c4d438ce728f88c2b45e28f2cfbcbc104e9e8806bdf57c2276c11ef3cf"
"textures\sfx a vision sunlight.tga","262188","a956e673063920fd1af0079d0bc3632f035e51d83d85c543687734cde4ed85df"
"textures\sfx a vortex beem.tga","524332","5550cfc182b7578d7415dca43bc53258e2b7d5a2e03c9f685054eba77ae9d207"
"textures\sfx a vortex light bands.tga","262188","0f219f386ed0f0c0a87ec577ad6f1a7371f4aa551fb358c3bfcfea4a5f35e81d"
"textures\sfx a vortex light ray.tga","131116","0e719b0cc6a00c66de8c49e8ab0a8ae8f103507272638664f0c84240ca53c0b9"
"textures\sfx a vortex sunlight.tga","262188","cd3c6264d649f3919abf8625dbe15fe5608b1508babc2f6eeb6a606b17f05ebd"
"textures\sfx a vortex swirl.tga","1048620","0f345255b891089cd80d339ff36293f44d812c14a73690463dab7a7513f5b053"
"textures\sfx a walking woods hole.tga","65580","ae484e3420acb557c3ceced83e8253011e78218f8b2878a99c20f87f61cf1876"
"textures\sfx a walking woods.tga","1048620","98ab693fcdf1e33b9b2c07bd9a93d29779e1b2cbb14ab0d0b12b8dd057fe27bb"
"textures\sfx a water mist.tga","262188","2788f31c2bba295c13534d4ce3b4609e358f89f9aecc9a1802b4518743e92fa0"
"textures\sfx a water mistb.tga","262188","4358b08a3ff9e610a6528e35020ecf6715015e2123991c3a9ee47a1c61f0f081"
"textures\sfx a waterlilly ripple.tga","1048620","bd5830414f8fd72523466116c0adca3561190d24fbb859471858e0c5146a4ae0"
"textures\sfx b lighthouse glow.tga","262188","283a03837bbfd1d193c0a09557d422be53164fef6fdb3a7008b0dd59447d69d6"
"textures\sfx building dust map.tga","262188","394fb3ca31d0225b011a820aa8fd6fd0a1a815e530d9655638ee9a70272f1a2d"
"textures\sfx c blessed construction aura.tga","262188","b98a5e742a7d6b52e5518c8d6ae06b0df1247191788689c41d946b49e9f49684"
"textures\sfx c earth dragon hole.tga","4194348","e9b11093eeb6374e26396f4f9e48592890c9d71541a5fce45b8ee7cedc606061"
"textures\sfx c flood.tga","4194348","1c03e82b0d3a526f769cbb2b35ea2af8762378dd0da61e3d9ea5a084ffa90d0f"
"textures\sfx c geyser decal.tga","1048620","0541fc996732ffddd02ab0fc4c577060505998cf2a66c40ec018a874be3ccaf6"
"textures\sfx c great journey.tga","1048620","2e46d0ed97e51d82a9485ec82a07582bb98d3747b86ac6f912288ce2231723b1"
"textures\sfx c growth vines.tga","262188","03f33a8f40c8668d86ac68453cf589b98ec7dcc556d0eee5018a5bd8ed66e131"
"textures\sfx c imperial examination glow.tga","262188","d8d00289657e7123ec1bc7070b783cad31a0ca2c685ba9d88e9b64b6f4233b39"
"textures\sfx c ip glow.tga","524332","8479ed7a20b758d7bc6196e65ebd277a7b03d629bd83138a09880830d28863bc"
"textures\sfx c myth unit birth effect.tga","524332","378ec475dd0f9c065c5fd41f7867f33760696c3d1725f8cf3bcd245a8c87863e"
"textures\sfx c qilin heal mist.tga","262188","4dc165215e82cb14f151b0ac3d92aeb8977ffab66e296a4c5c20182d03350473"
"textures\sfx c recreation.tga","65580","dc01e77e8fb4fcecd22a0d43ebe42f9e89d900bcac9c753bbec2727c8bb591fc"
"textures\sfx c shaft.tga","524332","95585586a605d27f9bc5faea763f0928b04d62e17b9afcb0962ce966611e8dce"
"textures\sfx c sparkly.tga","65580","0199aa042c03c7a7874f1f9d0a8e0b7d6dd6258145594571f3728aee25f09913"
"textures\sfx c tsunami shockwave.tga","1048620","f33e9969a56444389d5756c171eceea01236fea6b92a755dbf023062928086b6"
"textures\sfx c tsunami splash.tga","4194348","07c42fe4c4eb0b369df97319df4b974e40eab065ff31b0cbe2a07a93031af601"
"textures\sfx e ancestors land.tga","262188","fda8bf0a92bfcd8b3813e4e81c3944747919fc004be4a80ef82f26ccf6db51c8"
"textures\sfx e ancestors water.tga","1048620","b366fa8b62def110d9ce893bc7b6be38bac0df3ede769136223fbf109e090abb"
"textures\sfx e citadel age4.tga","4194348","fa299f39f9b05bbeca9546431e11047a83376b4e3d8d8c5641d745c5dbe0cc2d"
"textures\sfx e citadel shadow.tga","262188","5d7b90619cb1601400ebedc3dfafa372db0d49bead5abae91c62ea6a666cf0da"
"textures\sfx e citadel.tga","4194348","8f81080f4d82766140863519d45d3b733904b84e99de921c43b540267cf02f3d"
"textures\sfx e empower glow.tga","262188","f05634cb40c949dbcff9999a1a3fda134b7afc4fb6c8fa38a6d70f76940d4565"
"textures\sfx e inferno cloud.tga","1048620","d426c2e66b94f6ef25e42fdaf76b04a54fd970d700ba1d379e4fc77c875d4417"
"textures\sfx e inferno embers.tga","262188","44daab512a581a2844f795775beb993cb9087343e61cb13dea84da57da52436c"
"textures\sfx e inferno ground.tga","2097196","87c31e67ec1787be8703ee31e5f1a84dbb63d83ea190fd2cc27044f060a8aa04"
"textures\sfx e isis monument ring.tga","262188","7fd144532c9a5013ba5c5b4e819ae49cec82da3674f122a1f289913d21192c9e"
"textures\sfx e locust shadow.tga","262188","76b82d4d092cae138abcf99d0ef10e921929c3ec704a016890d5a0059414b460"
"textures\sfx e locust thick map.tga","1048620","9d27d988933dc871d967e2184e16ea08fb04d7c5535c240bea76a0fad130a80e"
"textures\sfx e locust thin map.tga","1048620","d6223daae088c6c63867302fc5a074add2f74db89edcf96fb78719c9f11d2f99"
"textures\sfx e meteor blast map.tga","131116","63930021ecf12a088dd1da78677f575e8b5f3fab82706960a71d96c68b231fcc"
"textures\sfx e meteor map.tga","262188","5d2a28b0cbac1bddb56d78489b49189bd2df1fdcaf6c84d4ed20bdff70bf91d3"
"textures\sfx e meteor shockwave map.tga","1048620","81460d8a194a8ef2446ab6e97ca6ca7fe7c0f41f985c4c6f549a94670929f662"
"textures\sfx e myth unit birth effect.tga","524332","df1cf9e958960757e81dd999cad6f6c5fc1258511dc6c97f408d1f97b0c0b936"
"textures\sfx e serpents water.tga","262188","3ed9848eec1ebb1eecefc7fdd3440e8771bdb3cabb5a860e3b6c0cdcc8741b45"
"textures\sfx e set animal glow.tga","262188","edb2480cb156cc3f55d8b6382866b67f955b506148616870c7c3eb7c3f560d29"
"textures\sfx e set animal symbol.tga","65580","7484d79edcb72e3e7eff7655189dda66c6942883adb0a09d6ff0a929dac50dbe"
"textures\sfx e set gaia animal glow.tga","262188","441b7acca854295df08eb6b451384573d07e85b87369389dfc4139a3fb0d969f"
"textures\sfx e shifting sands dust wave.tga","1048620","6406e44636e53812f57f0e92676ce1a202ebf5fc95167eff717a28a1d8afebbe"
"textures\sfx e son of osiris corpse bodya.tga","65580","b9ff60dd931d3a0f7e6b3d8513ab512da321d584370bb75a1326966282d3c231"
"textures\sfx e son of osiris corpse skeletona.tga","65580","86d7c96e62fbc013017201040fb265553bb7fd948f4bdfacf7ca7aeaa35aa923"
"textures\sfx e son of osiris head.tga","65580","afe4d81f151df764a6e2d273dbd755c1025dcc2300b23248b9c7b0d7490f3f15"
"textures\sfx e son of osiris.tga","262188","6f49bd46b05e7d9e540d6b82dc60e73a4b46a3680fb901885df13a9c9fc1dc5a"
"textures\sfx e titan crator.tga","4194348","534ba40d97ac45f16019ebacbed395f8287a373b26ea0bfbd3ba616a0cfa8cfa"
"textures\sfx fire ball map.tga","262188","d9355d7c606d03bc7c133185315a266a255380003d26c8cb3e1a03523a9bd9c4"
"textures\sfx fire ball orange map.tga","1048620","2e7562d07c745c12dd3c1563d55dba62b867d1e783cf576383a8f37861e83ee3"
"textures\sfx fire charred ground map.tga","1048620","d2d4065d38ef784ce22699e91faedbfac8e3ba098b063ff0728d936aca00ae5b"
"textures\sfx fire flame map.tga","65580","96d91a91a93bde8554aea65c28835051e376e02c11e47f4872f386bb0d6464f0"
"textures\sfx fire patch map.tga","65580","b19587ce71e51d645be0215c7bcee373406b19e4f4cf89bd3fc4fe138ff8d8ab"
"textures\sfx fire pot map.tga","65580","13493d23975e6089ff949c0f59af1a91b38287aed4f66d2deb6111e3cb51f780"
"textures\sfx fire puff map.tga","262188","be191ce1024e5916e63e645d775bd731056344e9da87a2addb42d168741451f5"
"textures\sfx fire smoke map.tga","262188","c1f131233c4a57e8defdf4424cfdc783b661b16e7776067960fb75f1411d9626"
"textures\sfx flying debris 1.tga","65580","20bd456ea348210cdbaca1eb3a4691236c3bd9db7bb5486432be6d5d51a75d65"
"textures\sfx flying debris 2.tgs.tga","65580","f0f2c7b0e521c01fac86497829c64c7b140ea2f7d95fc315b276d5a3bcb00628"
"textures\sfx flying debris1.tga","65580","68acde683c1945cd64e218b1dd0a3d32bce5b95d15110d9d791d49be1536f401"
"textures\sfx flying debris2.tga","65580","798cddeb4fc0a6977a0027cf86741faa9ce4d71fef7e55b1fbe11305d0ab8d2c"
"textures\sfx flying debris3.tga","65580","dfd4816746e153f3f3ad5825b2f23b28037aeed080260c5d2d1769a209f756c8"
"textures\sfx flying debris4.tga","65580","f7ff388d075b4dae109768127c6f40c5cc09e60973635ef882f71925f01077f2"
"textures\sfx flying debris5.tga","65580","5ff9e4fcd6c3d4d4e71711a864b4d369a273553bc740a114bd97ede83d1bab55"
"textures\sfx flying debris6.tga","65580","60948a50159c70d3839958fc8439f43c9537e86ed02dae1745f8e8c3ceba628a"
"textures\sfx g animal magnetism decal.tga","1048620","f336b65084cbcddcf8aad146b9ab2d9bcdb50450189f461c0cde426269e2a617"
"textures\sfx g animal magnetism select.tga","1048620","f2549e10557342a22eb3aa0cd32879056b4b5f612251cb2b54774a9eed272c9e"
"textures\sfx g animal magnetism shadow.tga","1048620","f336b65084cbcddcf8aad146b9ab2d9bcdb50450189f461c0cde426269e2a617"
"textures\sfx g animal magnetism shockwave.tga","262188","737ae2db1f8c0f517d3e388eebb376c3c3db1a13e020a4facf2d150f90d570ab"
"textures\sfx g animal magnetism.tga","1048620","519f18ba575dae65bcd8abe701dd4a82e2f03f009cec8fe7342ef7ec40437c73"
"textures\sfx g arkantos flash.tga","262188","bfc2c8cf0cd7d529cac1f7a0345bb9950f9e399da5886143b45e3229518f4c5e"
"textures\sfx g arkantos glow.tga","262188","a9609729ea2626dffba0a534ddb3890cf9ccc47bfd52832c58d82aa359870d8a"
"textures\sfx g lightning bolt.tga","131116","36a5f122dcb71e6dd887516d6318686c09af356da07dd67a079320f9a0faf871"
"textures\sfx g lightning cloud shadow.tga","262188","673093487c83f5bb04035a3995961414fa6c65355d05397d3daef56c51b174fe"
"textures\sfx g lightning cloud.tga","1048620","4a89390d9ce439f5e716440b98cfc59c7872d458dc375a4355e3c818eae7c03d"
"textures\sfx g lightning scorch.tga","1048620","684ff15bd469a66f687ba4cca9df514da27d96e8da9446e90c4cb7487990df35"
"textures\sfx g lightning skyflash.tga","1048620","b965808077ebdf340cd50869943e91058386eceb9f186091aa1873006b60e088"
"textures\sfx g lightning spark.tga","262188","854224c05b701319db17d5a15b838132c3ae479116ced7665e3df6e7a7f04566"
"textures\sfx g myth unit birth effect.tga","262188","8ac6e4b0ef7b5c64c5e697e802999cf226f5d67c85b2e57b2c4ed8a04b585d40"
"textures\sfx g plenty decal.tga","4194348","53229df5838af08daf094869e9637c2f44711c91cec64fba776c68eacb98d812"
"textures\sfx g plenty glint.tga","262188","f12fc0fb4d6be9650966b61d9e644bbbdad8cc8317591448b46d40462b1afc1f"
"textures\sfx g plenty shadow.tga","4194348","53229df5838af08daf094869e9637c2f44711c91cec64fba776c68eacb98d812"
"textures\sfx g plenty.tga","4194348","eb1bff7a2b90c1467369d049a82d27bd7e6e077f16829bef0cf35d14ccf33f40"
"textures\sfx g sentinel weapons.tga","65580","3639f4a454847e7ffd7c74f0190bd5c977772dfeedb21014bad9a18a128ece23"
"textures\sfx g sentinel.tga","1048620","96cbc68e3eee64945b647415bf0084d9e7dfc9c4d00e21b6cbc67b0cafe3303a"
"textures\sfx g titan crator.tga","4194348","35c2272357f18452dfefcdce613b695817e086832cbd835f1423d9ac3406499a"
"textures\sfx meteorite splat decal.tga","1048620","217454ffad94717f2d69b009960950b2a940b9e191b1effe0ebb984f79e33d77"
"textures\sfx n dwarven mine decal.tga","1048620","b8c59c39d0b2be98006407124fac7fc9bf394241f11bf829a130d3140e4f6a0f"
"textures\sfx n dwarven mine shadow.tga","1048620","b8c59c39d0b2be98006407124fac7fc9bf394241f11bf829a130d3140e4f6a0f"
"textures\sfx n dwarven mine.tga","4194348","5ba8a6d7a988fb51effb48d27c52e78031cccdd99c4307c253618ac747d94953"
"textures\sfx n frost cloud.tga","1048620","43fb13c47be9cbf52d64505373ab075f4fb6cd8e33a81d97030aa9599c4736e6"
"textures\sfx n frost ice block ground.tga","1048620","eb6698bb771542c403ebd621b727b3c958029f01f4a5293837ccc95444a46d7c"
"textures\sfx n frost ice block unit map.tga","1048620","53ab9daca99d93d110c67098649a7e97ece6b34836b5ee57545e7327ef90ef57"
"textures\sfx n frost ice block unit.tga","1048620","53ab9daca99d93d110c67098649a7e97ece6b34836b5ee57545e7327ef90ef57"
"textures\sfx n frost ice block.tga","1048620","09e27534b8fbf1bd34c4bdcce9bd907759af9614a3d195ef299b74fc0f51651b"
"textures\sfx n frost shockwave.tga","524332","8860a44037e5cec2724615c8c9cb3a63f8d1f4a972a4193fe7eef6e3e78069e8"
"textures\sfx n myth unit birth effect.tga","262188","d32e7f9f49023b42a14c8a63db9585c0973c593598ba725afc51fe34b2b4250b"
"textures\sfx n nidhogg corpse bodya.tga","1048620","3748b9c2f84891e12d3ef4e4c50ad93e671d4069d5999c41c89459eb031d0037"
"textures\sfx n nidhogg corpse skeletona.tga","1048620","aab0163c9325cc8271c33b7256783274aa1e64924dcb039ef69f70afc935a3f1"
"textures\sfx n nidhogg fire breath ground.tga","262188","16ebf2e26ecb790a8af7b67535d3d72e3f027a2c6f57030a145175be71a3340f"
"textures\sfx n nidhogg fire breath.tga","1048620","442dc7771e1f8897996084c3f7233fe4c1ae44ecc74ea4a8d1511b314925390a"
"textures\sfx n nidhogg.tga","4194348","d23466dcf6db2ae5ad1adc514d3fa7c16b6f048f3ba8daed53d1125633e3280d"
"textures\sfx n odin heal effect.tga","131116","2443bde1cb7abf69f85d6556c2d5498974eebd6606eb3239206d017371bb84ec"
"textures\sfx n snow drift wave.tga","1048620","43903969648912a0468df6ad34bfd610ef344974774668ae521fbf53c5b0f9ef"
"textures\sfx n titan crator.tga","4194348","351151e313d15994eb3c32b04709d429879781f738afcb94f07946aeced67537"
"textures\sfx n tunnel map.tga","4194348","3cd01504e1ef05659a8beb5a8c02ce1178362900a7d9061807b709ce6220056b"
"textures\sfx n valkyrie favor blue map.tga","262188","a65a9883c39c27936199eaf9ae013f65687062f93d57ded30211f71e919d0f89"
"textures\sfx n valkyrie favor green map.tga","262188","dc703636ffd9f2f9838756f4a457d90606d74d3a1af079fc470175ab43881031"
"textures\sfx n well of urd water mist.tga","1048620","46dc7b36de4b9e2277feee242c8d6b6ea2f75868f697d81307f9c84537b7dfce"
"textures\sfx shinygold map.tga","262188","78e6908ec5ea48b0918a9320f8d428d4504687d8122534aad2fdb42510161f4e"
"textures\sfx shinygold map_0.tga","262188","6666cda9499469d4f2dc1f4636a977fd74be80a50c59572f35293c02edb35917"
"textures\sfx shinygold map_1.tga","262188","6666cda9499469d4f2dc1f4636a977fd74be80a50c59572f35293c02edb35917"
"textures\sfx shinygold map_2.tga","262188","6666cda9499469d4f2dc1f4636a977fd74be80a50c59572f35293c02edb35917"
"textures\sfx shinygold map_3.tga","262188","6666cda9499469d4f2dc1f4636a977fd74be80a50c59572f35293c02edb35917"
"textures\sfx shinygold map_4.tga","262188","6666cda9499469d4f2dc1f4636a977fd74be80a50c59572f35293c02edb35917"
"textures\sfx shinygold map_5.tga","262188","6666cda9499469d4f2dc1f4636a977fd74be80a50c59572f35293c02edb35917"
"textures\sfx shinyice map.tga","262188","05d99eaf61aa27b6fb9bebdc27ff8b149392bdc0e8991c75cf38b7a47f341688"
"textures\sfx shinyice map_0.tga","262188","5f5c16cbd504ab27be689a018746fc7c19c23f5b2e546e545990d49e12ec3f66"
"textures\sfx shinyice map_1.tga","262188","5f5c16cbd504ab27be689a018746fc7c19c23f5b2e546e545990d49e12ec3f66"
"textures\sfx shinyice map_2.tga","262188","5f5c16cbd504ab27be689a018746fc7c19c23f5b2e546e545990d49e12ec3f66"
"textures\sfx shinyice map_3.tga","262188","5f5c16cbd504ab27be689a018746fc7c19c23f5b2e546e545990d49e12ec3f66"
"textures\sfx shinyice map_4.tga","262188","5f5c16cbd504ab27be689a018746fc7c19c23f5b2e546e545990d49e12ec3f66"
"textures\sfx shinyice map_5.tga","262188","5f5c16cbd504ab27be689a018746fc7c19c23f5b2e546e545990d49e12ec3f66"
"textures\sfx snow flake map.tga","65580","bf1eb629bc2c712f95bc3807569bf9c0804dfe5c5003273276a8271483c56956"
"textures\sfx snow flake multi map.tga","262188","fc0352b1539a9a31d91b440eebff1c6d7932635330bf31c279837c8006365bde"
"textures\sfx snow flake tree map.tga","262188","d13e9d8502f5cce23ee800d1f39f709fab0844aef9067b8a872d0b626f28563a"
"textures\sfx snow flake02 map.tga","65580","daf3e778540fa86c96871e0d9e3f8b5930124eb99c78bed54132f1b4063ed621"
"textures\sfx u lava bubble.tga","65580","435e59f0956492763a6bfcc6249595b30162f9a700aec4b68755301afc22d9ea"
"textures\sfx u lava bubble2.tga","65580","94781c9cb1924d884bba5abbbe8af905eceaf9e1ea3fbf2a0f8d74b47fd5db46"
"textures\sfx u lava ground.tga","4194348","cc5dea29e30d0f74cfe6e5a88c3a4befc6cd88cfab3b5c8875b15764e551776a"
"textures\sfx u underworld smoke.tga","1048620","448de45b3cf5e68446d7680ff7f07aa0bc66536de8b0c13b2dfcabb71a2e2ed3"
"textures\sfx water wake map.tga","262188","a75d8a16e0d94b10a756f16528db9104b2e2edd9361e1f75ac2c7066dd2d3e6a"
"textures\sfx x acid bubble.tga","65580","f825fc6ddabfd7b17ab3a6fae8c0330ed53bbc820197e7699e70b15704771c46"
"textures\sfx x acid pot bowl.tga","262188","9ca165a43a7a00b9021f57567871d40ad351079d361b6a3bc68a89bcbaef8ce7"
"textures\sfx x argus spit.tga","1048620","af58776089fa2e23789a018afe1c7b350a8f123a6f07f9660e5b2507228536d8"
"textures\sfx x arkantos birth bolt1.tga","2097196","4937a1e64c201e702a06f576ee58c42dfd0e2a59a5938f6164043a20f13b4a94"
"textures\sfx x arkantos birth bolt2.tga","2097196","b8fb3f150dc7ee2bd2c58ffe8a499660b3af0f38ea9826533d44a2113c9c4e53"
"textures\sfx x arkantos birth ring.tga","262188","421c8cb70283b7a7adb91e06a5ac1d09b006c77f9749e82b9b6753b24b981194"
"textures\sfx x arkantos birth steak.tga","1048620","692db17c6fd8da180d9af17e29243223ad9eea829255b9e786192e55778c7ed2"
"textures\sfx x arkatnos birth veins.tga","1048620","f3f7f7cb4b05c1f7766598421bc539248e16190ed54aa465485c2ab6e3975fbc"
"textures\sfx x automoton sparks.tga","262188","99192ea787940eec2b0e59e19622e6faafe5dfdf5df30ab1498084e256621d6f"
"textures\sfx x fire siphon spray 01.tga","262188","f6cb7d392843e0de2ab195de92211733345437ff00d07543600232cce6945ace"
"textures\sfx x fire siphon spray.tga","262188","c54ebb86ed032ea8c2d8e95a5cd8e093845ad1050bf3931373a366a92728c06e"
"textures\sfx x gaia forest pulse.tga","1048620","6ce39aa0075b57689751c1e31d24233787640cec2917e0c037356d40924b07c2"
"textures\sfx x gaia wonder waterfall.tga","262188","8793ae2696289bc60014a9847ed3a581c7b86f8328a1cd00ff8bfab6caec349d"
"textures\sfx x hesperides ring.tga","262188","16f54a39071c6cdafa4f7a5a38d59860aad114a5523ad96d707e0be477b5a582"
"textures\sfx x kronos wonder steam.tga","1048620","22d1aded8489603dfcb5796206a4dd38d109fdb67b4db7abcb5573191103a773"
"textures\sfx x lampades blood mist.tga","262188","545cd8dba9d2d9cfe37b702ab6e0dcd6c7a35ab233a0ba0e541e285c3a0fa04f"
"textures\sfx x lampades bolt.tga","262188","f5ae6d930a2ac095902d8b49a7251fe5321f5bf953e937c1207733db0c0175ac"
"textures\sfx x lampades flare.tga","1048620","a9225f27a7e7619001deb6055fde41c9206c0c8cd02ac43d5f7fe8ef4b678063"
"textures\sfx x lampades flaretga.tga","1048620","a9225f27a7e7619001deb6055fde41c9206c0c8cd02ac43d5f7fe8ef4b678063"
"textures\sfx x lighthouse glow 2.tga","262188","44ac5a148765e0ee9e8ed39d06491f89b0d69411225b223966c12201bad65e29"
"textures\sfx x lighthouse glow.tga","262188","afdd4f7cfb54bd64b66c0726b2d6794a68698d82d124f54a722ef0e5ab316129"
"textures\sfx x mirror tower.tga","262188","03615cfff975b32a53270fdce891676a1d7fdf9b8fb2a1740029c5675f91b2a3"
"textures\sfx x monster gate mist.tga","1048620","034d39e2395e7b21a5157849a5a92828de4b14bf7f2a58999b900c62d23c8736"
"textures\sfx x monster gate streak.tga","524332","e1cfc522d9aa8253f2328289254671b72434aaf0fe20a6c1bb510a9f1b477147"
"textures\sfx x monster gater streak.tga","524332","9c8b33c97f512cd1334fd0d1052810e2bdf925b6e746e2935f657c771e74fcd8"
"textures\sfx x myth heka shock.tga","262188","5bf6beea91ca9ba092b4dbffaff82bc57321baddfb738f1e03ad22b3062a66f5"
"textures\sfx x oracle los.tga","1048620","6644c4c396ff91083047e2ec9dc6d68744bf9e01c811de8b8612cebc713fa6b8"
"textures\sfx x servant spray.tga","1048620","1604bc868c4d307e28e2f03ae0d542f5b00a9a8a3df0a9d5d993f1719ffc48ee"
"textures\sfx x shaft.tga","524332","9ff04711534cd800fb35c1fcecc6b6629984bcf35e8b3e4f4860ca22485ca4d3"
"textures\sfx x shockwave unit effect.tga","1048620","2057786c9419ac7bc476fc62d11c348b641997f63696190359c3f8addbd79920"
"textures\sfx x signal tower ring.tga","262188","fa78a7af582e600b991cbaff1b9f83e07b50aa05638b30caaf1ebe0e9f06001f"
"textures\sfx x sky passage glow.tga","524332","cb32d32a56f3a0b61ffa8b319518eee20c9ad0e4b3e553c0379f258c03de973b"
"textures\sfx x sky passage.tga","1048620","5c8e14cb0100555c8f2b8bba2f89c633c238fef47f9ac70789effcf82420d460"
"textures\sfx x spc temple effect star.tga","1048620","ef47660620e116d2db73bcde63ea84dfe53c07f3eb9ec76a477fc27f68c11fbd"
"textures\sfx x spc temple effect swirl.tga","1048620","7bf732cc291df50f2387730fd478d384a51c723003d247e781e2d8bd4c2c571e"
"textures\sfx x spider egg bottom.tga","1048620","6f41ea5f488705c0f37a2736765eeb703422fb74747da6fb42edde204d3409b0"
"textures\sfx x spider egg sack.tga","1048620","76273ac05909f424dd35509c4092a6cf8f0c39f67961173a895d72827f319e73"
"textures\sfx x spider egg.tga","262188","c9d8f36ff1c3ad9456a890cfd9263186fbeae9d25d6d3f4886f41ccd7f31ad4c"
"textures\sfx x titan atlantean footprint.tga","1048620","8f4145c1c45b07145c68626b77d6e27e48eee64b4f1d53b71c669be54532e8af"
"textures\sfx x titan crator.tga","4194348","d1b951e740e99c831b6a718e3414eaa6e98c85694e83da02a56b340368b7e4bc"
"textures\sfx x titan fire.tga","262188","d26d7d5c8390fd2907fb3ac524ce84c9d04b0cfe842cce2e582f26e68b700998"
"textures\sfx x titan ground lightning.tga","1048620","c1365ef0790937a7caf6f1ac9c8f43d7e322f44975cbb93d3639c62f51b4794b"
"textures\sfx x titan wings.tga","131116","9136f63ec9ec10640838610aacd4cd4ad4486ac25bd78fa2bf5e3bb590dc8a94"
"textures\sfx x titan wingsr.tga","131116","e8bd7f7518263d8087e9e0716eb23c1635886b41234992346b9d9f7f9ad39dee"
"textures\sfx x vortex portal.tga","4194348","fd67b4640f1db30768658a1eb6228e187e7700736eba366bb80f126a83a3e847"
"textures\sfx x vortex portal2.tga","4194348","989a15ca24b6b021ad8e32aa596f366c8151aecf12ff09c093911afe4061a897"
"textures\sfx x vortex portal3.tga","4194348","7ee83231effd416e9b83b953edb3e375d81c4936300b476bf647d7cf3fad97f6"
"textures\sfx x vortex portal4.tga","4194348","1dfda277cfc45940df190db2bb1ae486a8c58b6685fa61ae36e40965f12ab092"
"textures\shadow arrow 16x16.tga","8236","fad4ad0d34081cab58e8279a04a578e68141324195fd485d70e0f25f65dedfa6"
"textures\shadow cinematic units.tga","65580","938b2001fc2780aa8c5222685023427bf211d8e0ff456a14dd2e6eabc51b9d1c"
"textures\shadow select circle 128x128.tga","1048620","81541970cbc2c234956bc58bec81dca0cfd9e532cf0c2455d0ca07d13e8919ba"
"textures\shadow select circle 16x16.tga","16428","5a7c83e2e3e7715b99df44d3f008ac442f5b7a40eee89ef65a45e12317ae6ade"
"textures\shadow select circle 32x32.tga","65580","8561be6be979e525aa67672bb539994d986dc832270c44dd824b8f14a55affce"
"textures\shadow select circle 64x64.tga","262188","165dcbb6f4492273fb20843c5c6ba9704eddea5209c8124fc9999edbe5488047"
"textures\shadow select farm 128x128.tga","1048620","536fd7d95875768e86d708da8115c8f1dfc5dbc6e081d60d4221521ecaa31bd4"
"textures\shadow select gold 128x128.tga","1048620","8c2cea6d2b55067cdb9d979f33049ae580c543bf07b235c8aa7c2739a151edb5"
"textures\shadow select oval 16x32.tga","32812","ffa3d220a0cfc8980c7fbb9cd1eec52627dc8ddb4be1a1fa80fd603f4ea81e40"
"textures\shadow select oval 32x64.tga","131116","ed55fa8a1d98a156f9b832951ed3d966d3931c2c7cf49422398fad592d68dcbe"
"textures\shadow select oval 64x128.tga","524332","6346d71be1f02d2df0e61ef96509658410e878070b04c5d1ad4b6eebfc2736c3"
"textures\shadow select square 128x128.tga","1048620","bf9b26ee9bf634aa9db4887f04c3cb58cb3deda931087acb6292c819e3f1d0a4"
"textures\shadow select square 16x128.tga","131116","948a3088f85677098e36998df9078c9789f9c2c9ead5fcc645d073fae5cd5999"
"textures\shadow select square 16x16.tga","16428","1089f02c6e3307c472a0d67225e38515c5d225b18b348b0d6383ad663a61cfc5"
"textures\shadow select square 16x64.tga","65580","94dcaddb15cc2c45791f53ae3fbdcc2dbef388642a7ac6be67e3284a82c49f6a"
"textures\shadow select square 32x128.tga","262188","24b1ad2367d57f05d9fdd1ae34b1b5b849c54eeaa1d87673b24787e7e6983878"
"textures\shadow select square 32x32.tga","65580","9ce6d250a8e594360fc728fe7154faaf664ac62df4075a059006fc1b01260f91"
"textures\shadow select square 64x256.tga","1048620","ee0b13501f8a5b4f4307171a980718527b40d79ad83f93071e8be1bae247f855"
"textures\shadow select square 64x64.tga","262188","983443105a0f4d6b68a896331f039e3137cfc529470e9fc2185f5d74b14e29fd"
"textures\shadow select titan gate.tga","1048620","a721c501c9686f352a653997fbf0d5ed86e8cfff599b9bfbb123fb70093ba284"
"textures\shadow select tree 128x128.tga","1048620","9994679635d6254b2984b590b4900f2243a8d25e373d73bb73697e0aa87c97b5"
"textures\shadow unit air 64x64.tga","262188","9e5334d889bd78e91d49f8dd5f9d1175b5cd9002bf9dcfe5667a01e57c6b9731"
"textures\shadow unit ballista 32x32.tga","65580","c06f51ce21733b7df7daadfa5d18ccc6da692ff2cc4d81ba6eeff82f760435eb"
"textures\shadow unit cart 32x64.tga","131116","a75b0ca4730c1528d394a3be8879dd3e16388a8ef94fe8e2a62337af29211310"
"textures\shadow unit catapult 32x64.tga","131116","310ad87f206c70c978fe9485ad1fe292378855d2378d40243c9e452bd4c0d90d"
"textures\shadow unit cavalry 32x64.tga","131116","50d62c7a3bd8bc7058a99f09192c453493a28c3f19ac878cc754614a82faf128"
"textures\shadow unit chariot 32x64.tga","131116","3d1caa0aa94ac3ace9b475511a8b6895e116067fd0322c48c070548372a5f407"
"textures\shadow unit chicken 16x16.tga","16428","346c179e15ea574ac9d3172f8de48d7663d0de13dac5f3ba933b2689683129b4"
"textures\shadow unit chieroballista 32x32.tga","65580","e4d291f63f0a2e8df8c86e33e980994639f6ab602541b2c2e65659ae84d22e4c"
"textures\shadow unit circle 128x128.tga","1048620","aad2ff4022574796ec27cb3c0ea11d896b341cd534737cb13a6285188badc191"
"textures\shadow unit circle 32x32.tga","65580","fd421af53062affa5d9068a1e69f93ad164aa00f53291018fce1c723118a6c26"
"textures\shadow unit circle 64x64.tga","262188","a2c5a239ca61f83f77ab9df3a86ee930eec5584fd741b1fd9e131364fd738872"
"textures\shadow unit folstag flag 32x32.tga","65580","b99462aacd4bee6cc9a06d5de90e52b85939ff0759fe03ea0fa444b87dc96ad1"
"textures\shadow unit fph.tga","65580","38120d85d045dbfec8a72d6b054a8dd4b0b9ad34582c27dcbf66d8b2129ceb68"
"textures\shadow unit great box 64x128.tga","524332","5e368daa0698f1b5abba8522b07da883d529a0d83c61d03bbcb7776b8f9c050a"
"textures\shadow unit naval 32x64.tga","131116","f4e1e6e10422e1d9724e826b6cb607a99ad426efe379f0f84f068fc5849ab79c"
"textures\shadow unit ram 32x64.tga","131116","76125d9dc986cf3e69c244bf5ace0243a280f4d76f8c6f916fe4576e3bae0f8d"
"textures\shadow unit scarab 32x64.tga","131116","bbb4e97b1660621dee14a32b68cfe89007677f02ce20ab4e0bebbc70ba468e51"
"textures\shadow unit square 16x16.tga","16428","2bce354980c2f42c3139f40bd02673d5ce67cb3488ab812f33f551976251a4b3"
"textures\shadow unit square 16x32.tga","32812","8bf5d066983bacb3a7b9c27e2d4b84001575bb49215bba78748f2ab7884184bf"
"textures\shadow unit square 32x32.tga","65580","2719612ec2f91c5a73756109a9ce9e5c153700097228ba30e18f2d36fa2c01e5"
"textures\shadow unit sword bearers 32x64.tga","131116","528d6d41a177e0ee6b63dca014733a9da16e476087d356e64d3ec4f66a030edd"
"textures\shadow unit thors hammer cart 32x64.tga","131116","b42a7d244dd279b51aa37014ec552020d6868c2d143f3f6dfc192fcc340dbde9"
"textures\shadow unit thors hammer dwarfs carry 32x64.tga","131116","7ed4fecbba268d0ff877000b9b9e6f3fde366b49ec24827dcf1e510d919a6fb3"
"textures\shadow unit thors hammer laying down 32x64.tga","131116","c41184c1703f82f8322b82c8bf212796a23a9499556e5ee45c7a14b9c591bcde"
"textures\shockwall.tga","262188","4513300b0494e860bb78549dc0b73b4d4727dd365b93467217cb4317932d1f97"
"textures\siege c fire lance bronze.tga","262188","61ab75c6d07c312d9457af519ed032418cb9359486457677d7530cb1052d6e49"
"textures\siege c fire lance head bronze.tga","131116","b2ea730767b3f4411ac3175c4c3e294deef2c7f3d35a7a78807e6b3d202ba05e"
"textures\siege c fire lance head iron.tga","131116","d7d2fd15b4d449b8c265234457f383306c40cd3699be9b342f4fb75f67082cfc"
"textures\siege c fire lance head.tga","131116","a08c7067d28269be114568f6bb8c995a17da1247064c6016441ef4564a4b123d"
"textures\siege c fire lance icon.tga","262188","ab1e4e04e08339d47bef14c3b00d4c03ce0553528b1aef0fbf9799cb07a7e59b"
"textures\siege c fire lance iron.tga","262188","3c2dc8b958008a675b91efd03cd5b97cf921e172fefe6b5abce2f745f3b05a2f"
"textures\siege c fire lance.tga","262188","cc39b5df3eacd9a260582776c4ecd16ee73c28389385ea394a7396939452d718"
"textures\siege c sitting tiger icon.tga","262188","a64ae9d8a25a781f08be7232cfb3b1d32be081513fd1d567036ac1e14719ddee"
"textures\siege c sitting tiger iron.tga","262188","2721e0d5fa236aee0da40728b01af937ff5d91726f1df05e334e3a2dc621bd66"
"textures\siege c sitting tiger projectile.tga","65580","883c16af0995e5f404d2547e58f17922fb8031f62553d615dbd2af28cbd67d33"
"textures\siege c sitting tiger.tga","262188","9b6aca356b54b6fd844d0091be8e3fe44a92030857094e379d9d42eba07edfed"
"textures\siege e catapult corpse bodya.tga","262188","d014968fd8324e3c1ca5302f23779719282e6ceacd394e61c902aa1e9088d97e"
"textures\siege e catapult iron.tga","262188","47fd3ac647c381aaaea9606991be57077f6fcfe17d37a963547ba7298d1869d5"
"textures\siege e catapult projectile.tga","65580","cd2f4aae90e4b70fa3a06825690b2b8084bb6408290edb496e92a88833bd808a"
"textures\siege e catapult skeletona.tga","262188","cc8b050052cc87db9c4a2b59c3af1a4273aeda5a0733ac5dc30cac1eb83904f8"
"textures\siege e catapult.tga","262188","3c364c9c86b0008a15a9b6cac820ba212d1319aba9827c8cc687f4824648d8ba"
"textures\siege e tower corpse bodya.tga","262188","da7b4a5e8a4da8db4f5ded9fb0c5fef9beb926ca79dad3931ab0145c333a9b4e"
"textures\siege e tower iron.tga","2097196","521834524295539e97f07c894432f22f16e6df083138444d566675c52419de6d"
"textures\siege e tower skeletona.tga","262188","ceeb20069092ea13dd28dd6bb05553db89a8c2df7e1a53b9b15e94fa2a1fbd75"
"textures\siege e tower.tga","2097196","f81d0fb83b6d479075059ae5296ed1a2fd4e8f84febc30d5acb7e4ca7d152547"
"textures\siege g helepolis corpse bodya.tga","1048620","a9b62bf12ba67eda45705c0d148a979a8ebd22727263a1094e56be3aeb93c6d2"
"textures\siege g helepolis iron.tga","2097196","c3ea6c48e6866c3fc1698ca1a606a832af387ed53b1bd6a3bc19ae883b976f69"
"textures\siege g helepolis skeletona.tga","1048620","e0f585f7de4f4a97c07aecda9b828cbf8311f5223c6ec877019177ba89001a8b"
"textures\siege g helepolis.tga","2097196","243ce88f47af9ad494059d34d8cec08d14f1bf5cd3eceba00b4b8fa186624d3a"
"textures\siege g petrobolos corpse bodya.tga","262188","3ce6c971f508accd67237e8f26fea29c0aea125e1f0a98483d6edab12c1861d9"
"textures\siege g petrobolos iron.tga","262188","e4e01fdb99ac009806b44df12f8471d29ab91eba05bab3d6f113365522923b3e"
"textures\siege g petrobolos low.tga","262188","2236e0fe3089ab52314c9064cbcc0497184fc38f368751c50e06f857598a69c4"
"textures\siege g petrobolos projectile.tga","65580","b6d128ac65fbf7763faa2e88c1603bf8338c5597faed0159a9ce50523bd8b2ff"
"textures\siege g petrobolos skeletona.tga","262188","b3a1dde664df3c920a30ebd046e6da86729932f11ef68f7dbf1573c191bfa457"
"textures\siege g petrobolos tire low.tga","16428","88f0a7105a49e60f4731b0bce46169d76b43647a592068ae25f1fbf1f7df27cb"
"textures\siege g petrobolos.tga","262188","100a76613b650586b7244556d7c4bee89d7bf3c477084f847e28d1aa528f697a"
"textures\siege g trojan horse wood shadows a.tga","524332","dadd8561ddb6e1246bddf45dfca0fe86859fa4dab26b2d8b6e02c76cad385fa7"
"textures\siege g trojan horse wood shadows b.tga","524332","a41da1420c632c4bc362c0b103f905b6e2981556370a859ca24160b4bff72f82"
"textures\siege g trojan horse wood shadows c.tga","524332","eda665b3748dc549c311bb4357b124cf78db78c474b3c0024a17873a62354405"
"textures\siege g trojan horse.tga","4194348","993a6668d8867d0960abf0f98e2a8a0fd45febdfa44e5aa12afb682813bb5c97"
"textures\siege n ballista bolt iron.tga","65580","284ebdb3be62b824a7ac2c8dd6b6710ee20bf71ef54cd22420e60e65c21f2322"
"textures\siege n ballista bolt.tga","65580","f9f9d49d7c94082e37434107566d4ace21f2e1db860df1714e0908f0aa23bb35"
"textures\siege n ballista corpse bodya.tga","262188","724077b81f10d0dfea1baa42af45314ca8cf0e9a82bc0db9329ca2c688722f65"
"textures\siege n ballista iron.tga","262188","6d99f27c8efeae1d4999a993ba9357fb1358773ca9ecea43f1eb20a1bb8e4433"
"textures\siege n ballista map.tga","4194348","c44262939d53ddf91639ab82eb948cf912c7497dd13dd164ed0d2dfaec892ac4"
"textures\siege n ballista skeletona.tga","262188","17bb1fb33d93cc776fb6d89376ed421731ec6ded322393aedf45fba02b14882b"
"textures\siege n ballista.tga","262188","e21e5dbce8556a1ef3e14bac926d5850235da550f4e7ee0f74071b79d3d39f81"
"textures\siege n catapult map.tga","4194348","d868a646484b2f8f6aedcdbe7df8972d3089e2181b97e8301944827efeda2175"
"textures\siege n ram corpse bodya.tga","65580","3850c786d5e993b6df3ae83817c21130b836df9e05acb4b5b6b0674473b29c51"
"textures\siege n ram iron.tga","1048620","70214e12f2b18e925f4dd57458b6c82a138186ca6019e2a05a00c3af2fa8c463"
"textures\siege n ram ring iron.tga","65580","02b5812e353e9bec6fa1b244f7495bd834fae89e9807626095ef449632c8b114"
"textures\siege n ram ring.tga","65580","d2e9420645b6dd36448901e1626f49bb255e527f5b7f863f065cece557e09b26"
"textures\siege n ram skeletona.tga","65580","1179933ae84e4604883f9185cb61694ca72cac3ee2bb6eba3d902e09b0dddf0b"
"textures\siege n ram.tga","1048620","e74dc2d630ab5f93a3cf58f71c4b9ef001d2293b227b23c96d29e622b68c0005"
"textures\siege n tower map.tga","4194348","f9f2b90a40bb55814dc39a70082d917a7f3259910d162010e3ed2f8952a86a03"
"textures\siege x chieroballista corpse bodya.tga","262188","04e48fca94048db2ccc55a350ac912651e11444ccbe1825400e4a6041bac9f31"
"textures\siege x chieroballista corpse skeletona.tga","262188","093bc9904fd151599e2421c00851a42fc519930e0e14109ac77930df6f343215"
"textures\siege x chieroballista downgrade.tga","1048620","ddf15a770053c3b68abf5d251995efefb44b83ae72adb07c1a7a71948ae626c5"
"textures\siege x chieroballista man upgrade.tga","262188","dbd828e73569dd71ed0a2a1333585fb38260582c9e7869639d752bc42dfdc577"
"textures\siege x chieroballista man.tga","262188","4339361ef5a35b422b72d851de23f00a86541e6444e8bda8eaedcfea2116001c"
"textures\siege x chieroballista.tga","1048620","eb30c380df168d164bf06260324c9dc7d5ae1b07728e0d2442582927d731e7e9"
"textures\siege x fire siphon corpse bodya.tga","262188","6a8303163d6c8e984ee7e7338c8c1666d7ffb2e3e9dd9419b1db4e334ec197da"
"textures\siege x fire siphon corpse skeletona.tga","262188","b1c05c07047816297bb17a7131db7f72993bef52f475af243573ad8b26483f79"
"textures\siege x fire siphon shadow.tga","65580","3245719d61b8701fe215a7941ca0a547f22edb81960463275938400592a2db51"
"textures\siege x fire siphon upgrade.tga","1048620","73c0a968c8155554dbc0dbb1bf13186dc9569ad4762e03f2768ddf10cd2e3f15"
"textures\siege x fire siphon.tga","1048620","30e66da1389cab41a542e6eb31e515660282fd3aec345052ecf8a071e8adb917"
"textures\siege x onager iron.tga","262188","66a084df9d8fd63c371b1872c7dcc2f24ff54fb430e283ddd5a85f69cd361e9c"
"textures\siege x onager.tga","262188","11ca0b70af47c9418eb0ffbfb3bb50b3617470adc5b410243277fba3aae8d797"
"textures\single wave.tga","524332","ebb46ee2a73e1d63051cc55df5383074a1a44874a57ac4fb592eb6d36e046ed7"
"textures\skyboxbluesky.tga","4194348","5dfc83e33a290a8392becda8e915f43897ab2362ef75e30ecf59384624effa8f"
"textures\skyboxbluesky_bk.tga","4194348","ac6106a14fd1a41bec7212ee73bbb4230d1e9f36271503e80bdc1064b499bd6b"
"textures\skyboxbluesky_bk2.tga","4194348","a2551ae2f601db59664c2aaacca9e0acca4206ee4a782cbcf5cc0e70e7bd15b6"
"textures\skyboxbluesky_dn.tga","65580","1eeab8d810c926e75a5e848fdab6c8263e26dd8609590cf8ab56be6108e9f0f1"
"textures\skyboxbluesky_fr.tga","4194348","a2551ae2f601db59664c2aaacca9e0acca4206ee4a782cbcf5cc0e70e7bd15b6"
"textures\skyboxbluesky_fr2.tga","4194348","ac6106a14fd1a41bec7212ee73bbb4230d1e9f36271503e80bdc1064b499bd6b"
"textures\skyboxbluesky_lf.tga","4194348","471a5fa82d79767abdd7ec537297c41ca6412da9aa678120ad2b2bb4fcd8fce5"
"textures\skyboxbluesky_lf2.tga","4194348","46e8b5ebab27dced151494d9873271b0c2587d3cfd51e7d2a16182b5532d1221"
"textures\skyboxbluesky_rt.tga","4194348","46e8b5ebab27dced151494d9873271b0c2587d3cfd51e7d2a16182b5532d1221"
"textures\skyboxbluesky_rt2.tga","4194348","471a5fa82d79767abdd7ec537297c41ca6412da9aa678120ad2b2bb4fcd8fce5"
"textures\skyboxstormy_bk.tga","4194348","8f11be5a8f880aa988cf1c8a6352ff5e89b4e4001cdcab69c45ba7f1682b24c5"
"textures\skyboxstormy_bk2.tga","4194348","71e05141b77eec743100e2e30087573de4304dc64547affbe88b5313f3187be3"
"textures\skyboxstormy_dn.tga","65580","53508100ca64849d97be66ccbd91eb89cd5dd6f8e95c3094a0f5c055acc8bd2a"
"textures\skyboxstormy_fr.tga","4194348","7497dbeee3362987a21ff37c9bd32ce81fc0e31fffa1b70857a127b9e6d87eff"
"textures\skyboxstormy_fr2.tga","4194348","cb87e6876858c86f293af84eb688ae98238edfaa0b2973724dc1a79ed5d2a1d8"
"textures\skyboxstormy_lf.tga","4194348","cd03751381bdd41cceb3821393874d694c21a1cb91ee6c78894f01d6e19638ba"
"textures\skyboxstormy_lf2.tga","4194348","26120042d5938c8a9265acb317db6349a9a136c72fc90ff4e7e57c4c640a6e90"
"textures\skyboxstormy_rt.tga","4194348","8c13b4cd604e52db6bb6a13af64b73c4bd267ece1c0c1c540871ca8ed87cb87b"
"textures\skyboxstormy_rt2.tga","4194348","1eee9c15d9f9a1d083826c0d15bdcdb5a460dd7cbfcc5f5b16ae210454b00470"
"textures\skyboxsunset_bk.tga","4194348","8c2b3ad29f3843b0a42d1a84436601300109b5eec5ee538c9ffec444db00b804"
"textures\skyboxsunset_bk2.tga","4194348","64a3ffd3c731b804d009524df8a65fa37ed0507178f22e031bf91f3b5f2e6268"
"textures\skyboxsunset_dn.tga","65580","9b145c239186a8b075518a1c34482d5d8e68a486fd75867fb940f707caa8b3bc"
"textures\skyboxsunset_fr.tga","4194348","15b2ce174140e36637561150eb35d4bb208ea18e937d034bf5af7b0e0f1f739f"
"textures\skyboxsunset_fr2.tga","4194348","e330273151d9ba721d053c8492cb80bd661223c84f888106c72783f389dd21a6"
"textures\skyboxsunset_lf.tga","4194348","252f70d452447764ec621f6f1ff89d12c5a80b414236faf5d05ea54ed1ab5a51"
"textures\skyboxsunset_lf2.tga","4194348","b30f3b5cde3ef749397aaac7ed56f256ff44e45c949c57748e19d61cd24dc3d6"
"textures\skyboxsunset_rt.tga","4194348","2caeaf6d17cfa42b7233b3b7298642bb7a4e0504ea4add708ef14b3ed6d7752c"
"textures\skyboxsunset_rt2.tga","4194348","0c2b79e62dc1f2837fb517c2fb325087b79a4489a2100e185ccb9e377cdf2529"
"textures\skyboxsunset_up.tga","65580","b0c6829b8009ce89ac9cbf84290c85aa96e1c184ccc94b57621fef76a0a17e62"
"textures\skyboxwinter_bk.tga","4194348","e6a318b88dbd323bbe1aab2fc6d1ba9826334ea529ae7534f2e6546b3ac4c7a7"
"textures\skyboxwinter_bk2.tga","4194348","0914682d4be8b00d8760e829a9ea733fccbbd694e636be6d4aaecc498467aaf0"
"textures\skyboxwinter_fr.tga","4194348","366fe0099ae46f46eb6c7284cf4a9ef5c29267de7c37eb0a369e0e66e3bef365"
"textures\skyboxwinter_fr2.tga","4194348","ccf3054e0657f5d2eba616675eb75918f7145a558842f8e3ef255d156769e36b"
"textures\skyboxwinter_lf.tga","4194348","fbe27ab0ffb2f695a629e0c5810ca2e1212f6052b0b72a3a926e92b646fd7331"
"textures\skyboxwinter_lf2.tga","4194348","fb2fd95f67032526d060994e5c5e1124ed6fdde2e4c34bc9399fbaa5761adee7"
"textures\skyboxwinter_rt.tga","4194348","56a38fb3f98785fa0c3ea8e7515776e6d9b7f093bf0cb4250cf805ce46f1249c"
"textures\skyboxwinter_rt2.tga","4194348","e050f01c1379d7ad12c592f4fa3a5361f2187d9f1d3e51292e44c0d517c050a1"
"textures\slider_horiz.tga","65580","5d581668c11b70fe7656abedf24cfa74a0d21ce25fd124a2349307b0b052869e"
"textures\slider_vert.tga","65580","f79bb93c07669334a4420953127bd2d92c68967147f0f48b703941b4352957b7"
"textures\sliderbutton0.tga","65580","feaa91c921a67fbefd455da23fec984046f2e1bbf44b814aa5eace19efd61711"
"textures\sliderbutton0v.tga","65580","feaa91c921a67fbefd455da23fec984046f2e1bbf44b814aa5eace19efd61711"
"textures\sliderbutton1.tga","65580","feaa91c921a67fbefd455da23fec984046f2e1bbf44b814aa5eace19efd61711"
"textures\sliderbutton1v.tga","65580","d05a4a689bf7cae776f05088daa5c3e1bc3623990c157a14b14d4b0d427d037e"
"textures\sliderbutton2.tga","65580","4b2e50f99f0821c6e26dfede18912bb08c614f01a45502f9b3030d5e259ca91f"
"textures\sliderbutton2v.tga","65580","4b2e50f99f0821c6e26dfede18912bb08c614f01a45502f9b3030d5e259ca91f"
"textures\sliderbutton3.tga","65580","4b2e50f99f0821c6e26dfede18912bb08c614f01a45502f9b3030d5e259ca91f"
"textures\sliderbutton3v.tga","65580","f0262d0f345986935bb19907458cd339d3fed003343b0acf16dc950df6be8b60"
"textures\sliderpip.tga","65580","fa7e8c0c7b903a169266a3ad25f990816d46e0eefc4358ae38127b0a5c8b1a67"
"textures\snowflake.tga","65580","d8997d1fb2f66ece5cf22e21ab3ef4bb9d956bf553283afbe5ec57563780e4ee"
"textures\softblendcorner.tga","65580","cc45e26f5cbd37f20204e03d132c99debecd0ad38e01f3a20a4caca8a54daac5"
"textures\softblendedge.tga","65580","3ad383855aa5db4a9cb6fd82f389de1b804204a3f9e527f717d232e039fdee74"
"textures\softblendlshape.tga","65580","d81e3fd084ef03d068b9c9f898446e0c37bfac8b4983c0f6a354bf20e0480676"
"textures\spc x gaia tree decal.tga","4194348","8c96985d3b26be2762561af2d8de6b1a6a89ff7fd0348be49939208fb7f630ee"
"textures\spc x gaia tree shadow.tga","4194348","8c96985d3b26be2762561af2d8de6b1a6a89ff7fd0348be49939208fb7f630ee"
"textures\spc x gaia tree.tga","4194348","50e76fd10461127e45877ccf7976df350a7ff5939a661cbe5371230e32cef784"
"textures\special a snowman.tga","262188","2029a3cf5317db9a3546b76ecfc94adae461ddd280e39aac63e6ef96dceaea41"
"textures\special c azure dragon head.tga","2097196","e753834078d6c22c4d93de4f15d80dcb63d8d7b0e5abf328bb6804c94d6c1521"
"textures\special c azure dragon icon.tga","262188","255a651a90684217315794f6b9f8f427391dd86bf2d8e63780014bce3debcf4f"
"textures\special c azure dragon.tga","2097196","7ff0a205e83a9eddc4a15cfa98c23b207b3263eb9c97f3188c7b6f0742f2e70f"
"textures\special c dragon turtle head.tga","1048620","382db35aea1e3ddceef390810c9c9dd56642ce67a5e2cb04950fcfcc24cc2d1e"
"textures\special c dragon turtle icon.tga","262188","0f05ce3cb3a28425fa1c0751697267ea6fd52593b38af11939aeb8151944c2c0"
"textures\special c dragon turtle.tga","4194348","0da6a01843a8c37e94dfc8fa7b226612fc209c58b222d457d95e03ddc22eccfc"
"textures\special c earth dragon b.tga","4194348","6548d6d70332d37f9d49e99f332c8a15570497da67b00e28ee38c0366e5d2868"
"textures\special c earth dragon icon.tga","262188","8fe65863a95c409e362953554ece42da6364c5324c14be3644c7a368d54bd20d"
"textures\special c earth dragon.tga","4194348","5f19b8b7e96355fed1ada3dbd6ad762c6fdf0f950a3910eaa88abfe19e0f5ea7"
"textures\special c jiangshi head.tga","65580","cfeffc16c6775a667f414a2cb550eba42e74b0c14a218c34d031283252a7415d"
"textures\special c jiangshi icon.tga","262188","a03a078c3ceeb5d3cfcd7a990b329b59590d90524ddb35918d357835a291a113"
"textures\special c jiangshi.tga","1048620","b0ee8b0952ac20fb036455b9c418f30be626acbada3059e04084a142a002f1cb"
"textures\special c monkey king icon.tga","262188","d797810f2e91910ad8ab43d397bc82689b3800a82b58aa5ec94654ec4d9169f4"
"textures\special c monkey king.tga","2097196","71f432b0d49cd55a87ace73ac9c17e9cdc316a459f0f0631a34912937ad44147"
"textures\special c pixiu icon.tga","262188","53db9c159585817615952672e42df3625659b073c1bb28df5b246b0cfc9b5c03"
"textures\special c pixiu.tga","8388652","56a9486e0c42642604cd8de6e7bdeb6746de2c8046d9a5cef64f8985b1371615"
"textures\special c qilin icon.tga","262188","684e01bbfecec9f617e9abb8b3b6be3c2ba47c43eb463f3a46d0e86c4ea36b86"
"textures\special c qilin.tga","2097196","74da1895859a33c2ebe29862d171e0eeda74a26d77d4bbebdc4e47c073251c49"
"textures\special c salamander.tga","1048620","90c53a90d82557eaaa634b549cf721c889176517aa4a69c52ec44ad6add12ca9"
"textures\special c terracotta soldier head.tga","65580","ca0a6e9107588e0e86c5d70f411e5803efcbbaafb4afd1689edfb4b1e5e7a5ce"
"textures\special c terracotta soldier icon.tga","262188","287a45cfdeb1ad649940c1a3100cebba9340ef3b863fe2b659219f643c13819b"
"textures\special c terracotta soldier.tga","1048620","19b1652c700bdbb881f814ba8efce2744475d03034423f84b4906fc4948dcca6"
"textures\special c vermilion bird icon.tga","262188","5e25396189136ef7085a0faf35e14de7d7d19d181f8d702a330b08ce10e37dc4"
"textures\special c vermillion bird wing alpha.tga","2097196","2d1f8560761e09c246177c59f393172d2b56e99a4730d7465d2de90f49a5355b"
"textures\special c vermillion bird wing.tga","2097196","085bd3940e4a77c6239742b98476a84fa56766ef2a8044d7ffb0643ed100f2eb"
"textures\special c vermillion bird.tga","4194348","40fba8c76a540431b6f566e00fbfc4d58951ce7ea1ce4ff7d4555b629925ce80"
"textures\special c war salamander icon.tga","262188","14504940e951cad3a0ecf206ddc8341527a4b81671e7a21733a52d775a3c4576"
"textures\special c white tiger icon.tga","262188","27614a807e4434354088a128d32c9e8523ca833d68c2a42f19c5533113449eb9"
"textures\special e anubite corpse bodya.tga","262188","8d84e782f79eb1b30b8226c45697a98e5f529de928ee06265c0e7c814d12e18f"
"textures\special e anubite corpse skeletona.tga","262188","f644245015ef615ebdda9151d1a39edf44b9d7d3378a974fdf566bf2f4d81555"
"textures\special e anubite iron.tga","1048620","b5329e686f4e54ebb1adc2e981fea24c0e5c6834021aa7e26741132746b6f867"
"textures\special e anubite.tga","1048620","a1f19671ef48cc22626860e04b82cd2bcd2cbcdc82661e5513c2a3f1a885965c"
"textures\special e anubite[pixelxform1].tga","1048620","dd5c0a12ed53423fbbc7afe763e7dfa048ee33907fddbe5a984c94258adefc1b"
"textures\special e apep map.tga","1048620","ab2bd7dee90152f760471853ce7a41a73ab2eb5b5069a56422870453caab464b"
"textures\special e avenger corpse bodya.tga","262188","eb8766a7d2a6e8c116a6e3cf4f2ae2703da2bcc3c3ad16bc7f72b26425079db3"
"textures\special e avenger corpse skeletona.tga","262188","5e08d363f43b6b0200f683690bd9ad2be94e02c8cc60554474c7f85309025185"
"textures\special e avenger map.tga","1048620","b97cb185d8b015c231059a3312969c8980d31ee15bc0d0452f3471aa295461a8"
"textures\special e avenger.tga","1048620","449e108dbfa04c0571dba80d9c3f4e0e69d938e3f5ea5590de00e12a89145c66"
"textures\special e leviathan fins.tga","1048620","18e8f6584638a40020438b11136475a85012e72fb0c0a48e3a3bcde041bcd664"
"textures\special e leviathan map.tga","4194348","391d7056b4b5b2f40d657bf847ee9533567a62459cd3af341edd105b19f84927"
"textures\special e minion map.tga","262188","f88fe94e3d67f11ebe9a6f580b8385bfaf8cc5489b7943f67ea3a870451f1044"
"textures\special e mummy flies breath.tga","65580","8aaa1f4d4179bd1e43f4a4ba6a9b6f979baaaea5315d147c48ba6e3952209903"
"textures\special e mummy flies.tga","65580","81b0723b420e45b38ff99e89a434bd2b4830658c0811cd5982e2a5d650ef0b03"
"textures\special e mummy map.tga","262188","c3bd8ad53282edb86bfe5b2f85748ecf9809a6f9dc2759dc1993e3129e4641eb"
"textures\special e petesuchos arrow.tga","32812","5caadcb1ef3ffa6760de91e60923d18028c43416370edde13fb6d98e32223b3e"
"textures\special e petesuchos ball glow.tga","65580","927658c338d25924da2971734301e56815c53a106b7e9504d5d49a0e3f41734e"
"textures\special e petesuchos beam.tga","65580","a0764cb9cbd5f83e41b3ca6140a71e289b5bcdbdc40444f15449a83ac1bf1b96"
"textures\special e petesuchos corpse bodya.tga","131116","90e125da823927ec4e052137dd3f3189a33e91d48f5821195b8532cc4cb7f0ae"
"textures\special e petesuchos corpse skeletona.tga","131116","f3b59d20d92bb48263aad5792d8931a5bbe3e9c9296de861d4f5f7dd0cca29f5"
"textures\special e petesuchos.tga","1048620","052999c2089b88e66017f7bf6280584a9caf0841f6b8f0ca49010722cc700d7d"
"textures\special e pharaoh corpse bodya.tga","65580","7628ff657347bdd6f6681e748b6486a6dbcbf6935646285ec5acd996a048d980"
"textures\special e pharaoh head.tga","131116","3442570d294dbae77ecbd5bf2aa0001c7d68d131d12b077e06291e6d26781ff9"
"textures\special e pharaoh skeletona.tga","65580","5df21ef335c144df7573d22250b1adff1249eea5a92c57bffca807874a01702b"
"textures\special e pharaoh.tga","262188","c36d2fd1d21ff0c68a28a48d1fe16ca87b78b60267dde8d63bc7db9c3099833b"
"textures\special e phoenix egg.tga","262188","14294784bc7d4cc187903de74946eab39d1d539b8fe2f44dcc427c0c6fc30ac8"
"textures\special e phoenix shockwave.tga","1048620","0ab71bd2217494436fb82b500ce9c215078c20687054ed1e57a257804b43964f"
"textures\special e phoenix.tga","262188","ae32d0306b2227eaae02f25cc787d20b04c48ce1413cce058ca6a6892a12ff3c"
"textures\special e priest corpse bodya.tga","65580","8d4f0a03f511ba3dfbfb5683ee680ea86fcc4c5bd91a858b1192667e0bc0c249"
"textures\special e priest head.tga","32812","c9a3f14a24a679c689842c064574cd2d4d6460ec6cb8596a40a4cc69bb3ad412"
"textures\special e priest skeletona.tga","65580","4000ff0387689a95c7553f535cea597426beede0090d2942d1b3c481dc179e1d"
"textures\special e priest staff.tga","32812","4971ac4491c19946cf75ab2368f927ba4d19d469738e5c073c50fddde8b6206b"
"textures\special e priest.tga","262188","471878497c1859c4420fd749a096423dc25685d74ba9a6d14e4af1fd3cb894ae"
"textures\special e roc basket.tga","1048620","cc8fac7a232b71a55d4a8ed5abdcdd76717e7b8bc9761faf7e255c88232fd2cb"
"textures\special e roc.tga","1048620","e62fcf8f5cb60792a8422837fbb884748c2b4857a4fd1f96c2d5854e9c2eb51c"
"textures\special e scarab blood.tga","65580","4870c405785e29e1f47b12f2826a06b006a8fa2175e91ace1884b0a4afd530a1"
"textures\special e scarab corpse bodya.tga","1048620","4ba69561a56a72ab3a7b3e84ef017bc66a45befa68dfe27820e723199be10d92"
"textures\special e scarab corpse skeletona.tga","1048620","0e435ec7d0e97167ec17e8274f2c6ade98cd2abe4c91a55f319727656cd6c692"
"textures\special e scarab map.tga","1048620","436e117ac35d1211e29d2b44493e1af2b7790443a0eda931fc926bc2de081b1a"
"textures\special e scorpion corpse bodya.tga","262188","d02024f52122458b028b2be1a28cb4875265f828b0ecfeb1036d7967fc0dab1e"
"textures\special e scorpion corpse skeletona.tga","262188","dfcd6254c556e915fb0076d2e033a4e5dec912214fcbdfbe9c8fb0828e401616"
"textures\special e scorpion man head.tga","65580","74ecab68b802bf443bf824a853cf38644274bdda67442d4b832b8ad5a2e1ae49"
"textures\special e scorpion man upgrade.tga","1048620","943adbc38dcfbcedf128f8a0e87211a717f758b37509cb3bf090db744d32fda1"
"textures\special e scorpion man.tga","1048620","8b567a6c45b6fbddcbaa2bf8a8b9e77e4fa6573bc1492e7b0f47cb5c8fa1d83d"
"textures\special e sphinx corpse bodya.tga","262188","1ce589a02c9064ffc2df1d46104bafb869b7ace597324827b528ea546ed31017"
"textures\special e sphinx corpse skeletona.tga","262188","91a9e0b3add0641c61a156aad7073919d0f6a6f9c4f19e927e3b88b2f5f22065"
"textures\special e sphinx tornado.tga","1048620","91f4d10bf415357fec0e77ad8876f662ef7bedd8790cd51f09120f0332d10ea9"
"textures\special e sphinx.tga","1048620","94c2c150ea10a7165a0ca62c8a437db5d9f72891329dd5cb10f00b9c3274ebb7"
"textures\special e vulture map.tga","262188","41882faa24aef4a03106925cc004d59958c402f386a81343903ae1b40b34e758"
"textures\special e wadjet corpse bodya.tga","262188","b8698abb510792941c7e109beb1cfcd090a8842c504418b39087286c019ea764"
"textures\special e wadjet corpse skeletona.tga","262188","43c12be677c5e614c8adfaeae35ffb5591a44abca5fe2d9ccff0e678a5d5cc37"
"textures\special e wadjet.tga","1048620","329ce02ed6bcae64c6b658105db9fa4044843e6a308852ed66433b0a287b4c4d"
"textures\special g agamemnon head statue.tga","262188","2b78bf06ce9b9881b121777effce163d7653e8c173db41dc50d75c4afb43a3bb"
"textures\special g agamemnon head.tga","262188","8a8b6661fa6e2760cf5bfd0cd8ed209250c6614dd92358dfdeddd963f930ba16"
"textures\special g agamemnon statue.tga","1048620","d1dec3ba18bd497dead098245f7f712fe708794db624d06d15abe40d2724dc87"
"textures\special g agamemnon.tga","1048620","fa5ff9dae3d6813097e784a1022e7269ac1af852cee58614718885e9849a8ed5"
"textures\special g athena head.tga","524332","4037c62648d8242ac408a7286ef32644e5460909b67a928e7a39ce84a82b4aa9"
"textures\special g athena.tga","1048620","e108232cd8dcd47f9efa536d6957b11a047167c52273f531182f37f1750c10e3"
"textures\special g carcinos.tga","1048620","7dae4a1871493ec62da1c6a67ee0ecf71005f8da7826cd4a9ef0704ff9ee08cc"
"textures\special g centaur corpse bodya.tga","262188","f12bd80ad70c1fa7c33bc809cc77e1fdf54ce605d23b5e6bfc095fdc9bba101d"
"textures\special g centaur corpse skeletona.tga","262188","8a35261c67d7ee55044c4748038d710b0614cf3b9beee513528ad804c8ca97c3"
"textures\special g centaur head upgrade.tga","65580","2f4ac9056d02f76099c9fbf7b55f8401017d3674282d6d3a8667a2741befc784"
"textures\special g centaur head.tga","65580","0071626712d3a44d94460ccecee0e01284c76129bd94176cdcb95941129bb554"
"textures\special g centaur low.tga","524332","989179c11a006974b1211b9cf9d63629c2f092c862eeea0b909e97ee2ea6836c"
"textures\special g centaur upgrade.tga","262188","a39bbe872cacbcf1f5981a79b8a0044d3a7b54af5dc42fe5aa4478fd7759ec9b"
"textures\special g centaur.tga","262188","359b5d25562102d11f8750a616c79e377ea26360a1f6070dfdfa14d42a32b828"
"textures\special g chimera corpse bodya.tga","262188","c9d6804dd4af1fb8451492168ff99fa09becf9942bbd8342ea954c1a36240882"
"textures\special g chimera corpse skeletona.tga","65580","1179933ae84e4604883f9185cb61694ca72cac3ee2bb6eba3d902e09b0dddf0b"
"textures\special g chimera map.tga","262188","eead2c5d7cf34927cb3596c15d354f5b748fcdce058ec6e25cbc7d3e4f779629"
"textures\special g chimera tail.tga","262188","caa50f0c9888129299af6b1f51efed4436e57e3a907cce626489bc8831b84df5"
"textures\special g chimera.tga","1048620","f4c84dc812203b52e18ebb9eb53a472a0bc283238d2ad52b795590e3964958cd"
"textures\special g colossus gold.tga","1048620","1f071131ab5ef9b96fe2c0581ade569ae7e02350a9e65c41dd72c47494b8b417"
"textures\special g colossus map.tga","1048620","157ca20083acfc0f0eaf76d887b2714effc89d574c8a8d1d86e4822a0c3fdf66"
"textures\special g colossus silver.tga","1048620","5600d8aefa05e88cd7bc3f8e96f05c561752bd2d77d381aa170540860b649f4e"
"textures\special g colossus sword.tga","32812","0a2cf56fec4c3af24748360eb25c2ee937b05f627f3a81999ba6a270a75f34de"
"textures\special g cyclops corpse bodya.tga","262188","9f56120588137c6608e46783dc560c72ffd292b7e5150c32ec4d30043bc8ec25"
"textures\special g cyclops corpse skeletona.tga","262188","2d5734ebf209833854d0846d11dc7c6d5c601f861674122d12ee3e5013be2a04"
"textures\special g cyclops low.tga","262188","f260f0bd06eb2680ac62f3fd162cf37cb7da523f923b6f0c2d58e59416b1b0b7"
"textures\special g cyclops map.tga","1048620","430a3dc8c9a50a59994797caf1fad82e2312de2b7b7e70e085bfca283fea8718"
"textures\special g cyclops upgrade.tga","1048620","d0e15e6060c5e7ab9f3706b58a0064871c8542253c202fc3cf7c34e90de844ec"
"textures\special g cyclops.tga","1048620","fc7f43bafb9e2ece311ac53503f618935c5363ededdd00060f53822c78572ae9"
"textures\special g giant turtle.tga","4194348","a18a0ec772f72723eb9b79f1c0df06c5a0df6a84fc8e4074453ec28a4e0d8ccd"
"textures\special g golem map.tga","4194348","5864933bc15a33b7fb962f91dd934ab3249c5abf37ae0cd629c84f86a6a2ed38"
"textures\special g griffon map.tga","1048620","4a598b7cff9833636567877b80d89c54c9a4c70ad117359536bfd418aa3cf861"
"textures\special g harpy map.tga","262188","2d62e62dfd8247fc1d9cec032d394daca361f92a30b4fb780b1ecefb290dbec3"
"textures\special g hippocampus.tga","1048620","b4d322df6d6aa7122358fe06fda8447953a9a3c23156b4a2f5e0fb969a501926"
"textures\special g hydra corpse bodya.tga","1048620","41a65784f12a5a3a33da4450c3fbcca6ba7e45fa8461ce31a2b02ea65e9117a1"
"textures\special g hydra corpse skeletona.tga","1048620","97cc4d00d138185e1b24b92fd4a33658315a82ebfe16f5541245685710fbfbea"
"textures\special g hydra land.tga","4194348","b685e28eca675798efa3c19528db89e9820f621cf953a085ad1c3c11d1dc44ee"
"textures\special g hydra map.tga","1048620","3a09bccfdf7d232da6d33cfd26a128d858948463eb551d16a74c4e480c56537d"
"textures\special g hydra statue.tga","4194348","80e0bd898b5cc43fed9e0fe96947acd2a83066455ef4b8054a6b7a83d3c6e309"
"textures\special g manticore barbs.tga","32812","aa8fd44b001539fa6ab3bb3672c97557f29ce6dfc6d4baabfcdd1225c4b49efd"
"textures\special g manticore corpse bodya.tga","131116","694865fddab94d9bb1372f443b5e522271baca7d44ffb79da4c1a54174ce7c68"
"textures\special g manticore corpse skeletona.tga","131116","c205e12411c1d540152fcc2aceb561d88526a3c9cfd8d68e83fcf088912f7ba6"
"textures\special g manticore statue.tga","16777260","e008a1023909ab1964defa7e80a29255c9876248a6b90e848dbb67d8ed09efe7"
"textures\special g manticore wing statue.tga","4194348","667b07a1e149eda482ced7293e6c2bab9b5cf27eb970c1d2b84a7d227db4509f"
"textures\special g manticore wing.tga","262188","391b6d19ab5b737c6e17600c682d426b69e1387f752655bb0025eb7fadf3243f"
"textures\special g manticore.tga","1048620","520522cd626b567e017539671fa35cae3e617c1925dfe6a90acc017b19067d8c"
"textures\special g medusa corpse bodya.tga","262188","e8b6061dbb9985940ed1543dd0f1dd4dc37714e93d0337eb725e5e92c73ac2cc"
"textures\special g medusa corpse skeletona.tga","65580","1179933ae84e4604883f9185cb61694ca72cac3ee2bb6eba3d902e09b0dddf0b"
"textures\special g medusa low map.tga","262188","1b4bcce2524f7600e03f7a180c3b4dd3ef6079561f13a2596240be1f72f49fa9"
"textures\special g medusa map.tga","262188","c760ac0e453b3b16c465d1301973613ef06aaa34922a4c5ab0f7896a2f7632ae"
"textures\special g medusa upgrade.tga","1048620","8b592e1590cc48903b7eb0011cdb0e8f9582c9619a39949d07e2e8b1cc09bf6b"
"textures\special g medusa.tga","1048620","db3a272683eb8625854bafa0e714fea8e11d5836161f8031534e3675a126f308"
"textures\special g minotaur corpse bodya.tga","262188","ab2617478ac71c23499bd0726225c7f14107d81a481fba6dfaf8b30752af6fb8"
"textures\special g minotaur corpse skeletona.tga","262188","3b5246af7ea227d8e8231101d9c3a731983581fbe43e52c5111c5703c073f2e0"
"textures\special g minotaur.tga","1048620","9244414e0a260db7a01d6a762b15352e643217ca53e7f64cd3a9967e5c6184c3"
"textures\special g nemean lion corpse bodya.tga","262188","b37e6051df95c022ce5a78534a4166517aa69033ff841b00718c15cf845ed8d2"
"textures\special g nemean lion corpse skeletona.tga","262188","331be5d9962e74fc8630779dab9c2f061d28fb8cb9763e3662d3211c39c0ab59"
"textures\special g nemean lion soundwave.tga","262188","f891134c5e54d58fc3b3516145311fead1bdd160a3afec2a9f658aa58cefe47e"
"textures\special g nemean lion statue.tga","1048620","64db37f595ab9691bbd890668422948da915ab1faf7177284559ca68cc42ae68"
"textures\special g nemean lion.tga","1048620","7189f9b0e2a9c3519d444333d16a5e057322b4a5f5a4a49844e4ce9a3c7efbdd"
"textures\special g pegasus corpse bodya.tga","262188","6773bfb07586f61f31964ea22f31b0e6a48e02f203f08dc4e75dab3a91048242"
"textures\special g pegasus corpse skeletona.tga","262188","4cc416a30921e9ecd608fa57a1a621d4c0f70363bf07ea6863d29ade55bb32eb"
"textures\special g pegasus wings.tga","262188","d2384ffb7b9e3d9b63dbf17079dc3acb70575843a0e12daa02720714a51792f1"
"textures\special g pegasus.tga","1048620","2940f9cb3c11022aa79e8475a2bdcb19baf5e07a02b37c6e044f42d8cce67616"
"textures\special g polyphemus map.tga","1048620","78270bf0f9eb5da19fa980c3dac10f4f301df5f7dbf2d3d006ed97b125ae1406"
"textures\special g scylla map.tga","1048620","73a560b089206dd2684f447177128da336ad25d8c66a82279a2300065424d280"
"textures\special g scylla.tga","4194348","41b368e4a30e72f2a53ca33d1abaed2e5ce23070d9963cf00867c64a03d3c3ca"
"textures\special g sea turtle.tga","4194348","2f8d15caf5c4092f8af059f560eed7adeb6959ad51f8c67bb292c3a625c94833"
"textures\special g shade.tga","262188","fb4cbb31d598407bbe18cd334f3fcafa9d9d914866ed59abd93bcd395ee8b379"
"textures\special g underworld shade.tga","262188","e2f5a990ec8d171bfaf466decdd0eeb60751464aba9eb269e8c3e705dcbd867b"
"textures\special n battle boar corpse bodya.tga","262188","c13959b9e6456063125bda000ad5f5dbfe63a758eb4d76a8dce422170267d9a1"
"textures\special n battle boar corpse skeletona.tga","262188","a7e141d11e4591bffe9e08979368054116b560070ddb61a6af7f81e259f8c577"
"textures\special n battle boar.tga","1048620","3217716f92db0cda9974a718486cd391786e1650bff5810102f91fe628756788"
"textures\special n einheriar axe standard.tga","65580","35d44158256460ccb8ee0a4bd1963352a2f42284d8759259d617bdb824e3fe57"
"textures\special n einheriar berserk.tga","262188","c62a4488ee0419c5aab11624d0056f39adf09465b4b0fdee99a8c2f72a19938d"
"textures\special n einheriar corpse bodya.tga","262188","378e4ec3365abe47591a178de4c592c086254f3d973d4b186e6e1abe1a0c513f"
"textures\special n einheriar corpse skeletona.tga","262188","51383240dbd560b261a3229a4889c97d2d57aa8a8d99b03222b2ff05caf9b5a0"
"textures\special n einheriar head.tga","131116","a88f61f7494d49b478852fb853dd775aa5244c6a564d96817f4942d49c373680"
"textures\special n einheriar horn.tga","32812","3641350e355145416e6676251d9e6df9e7febf491dcab93a220df5540f335b55"
"textures\special n einheriar low.tga","524332","ad1a83aefc26661bb45e46fa87ddd8d88658c8b8959185e284b294495e3e7bb4"
"textures\special n einheriar upgrade.tga","262188","0880a47be102d8efa9476c25e5dab7120af8812a7e86254ea93cf3fd65f36035"
"textures\special n einheriar.tga","262188","b5b7665897825b60ad288c24a392c7bfd3df1afe04b9878dd66a2c0e60456c41"
"textures\special n fenris corpse bodya.tga","262188","bce7ff5c79022ef32b83acd21aad0b67367fbdb9cf087a30b8fd9d03221597a1"
"textures\special n fenris corpse skeletona.tga","262188","32cd8f05efd5837ca1d43b9202e621de37ac8178f8d81aed75d39d02476f3aba"
"textures\special n fenris.tga","1048620","e316c33c619f540ed483068d4c6dfed1889f58dac21acad4de1d4585d97b8e20"
"textures\special n fire giant footprint map.tga","262188","b0945681b1580e644819b9c1538523c4286439346d7b9def88a5b0e0d70e8570"
"textures\special n fire giant.tga","1048620","83e43b70e15da13b20e15b5086d916be4a5af66ae41211a6ad7df69f3f5c526d"
"textures\special n frost giant footprint map.tga","262188","68d92f9c5302a5e1d37be0df0bca544a90ba039bb2d9b001b91afb0293f64369"
"textures\special n frost giant footprint01 map.tga","262188","c6ebde0d86fa98a8e6b5076b03ab011b532003949e49bc82b1d340cbc4bef855"
"textures\special n frost giant footprint02 map.tga","262188","0b74583821f31afefb30eb61a8d537200de0502d16d11332648dc4f84ede055e"
"textures\special n frost giant head upgrade.tga","262188","16b319cf098fd37ac7af904c68d614c5a45cb552ede01e2917cf8c3f49b83427"
"textures\special n frost giant head.tga","262188","ef5dc08fd218af67e13501a1f1a92f7d3ba3e5b7c2cc83f2b141cd58bfd0c474"
"textures\special n frost giant map.tga","1048620","c552a0c6f320cdfb03ad2f4692620c37f3694d539bc99d51ebd8e5bc337b3856"
"textures\special n frost giant mist map.tga","262188","28211c0e4caa570ce254f7b87c188efa8f2d38fb387bababb00987de0f875de0"
"textures\special n frost giant upgrade.tga","1048620","9dcc2dcfdef47a8a73d829c7cdd5cd60ce4ee31bc28db587e655b8ac2314ad82"
"textures\special n frost giant.tga","1048620","dc2c17ea3ef521a0ddf980790bb868ca0d20a5f17238b9be3ca9923629941844"
"textures\special n giant corpse bodya.tga","262188","4a94a4b1439a27d35b49bdb6298ebe39034ee3f1b9dcd42ba828c7ee0e0320fc"
"textures\special n giant corpse skeletona.tga","262188","653f1dc97eaf00a91f76d2c5e3e2f76527356696e16f49d95022de2509b13501"
"textures\special n giant corpse.tga","131116","6571ba6f568337788a94b67300bcc7ee9980b9aefc11fe6ef4ced5e2f9b92d53"
"textures\special n giant head.tga","262188","8c98e320b41901d14440bb553235427c66f3cf2f87aac55b4428a4746a4a5f92"
"textures\special n giant map.tga","262188","92c2c4294e2ace015545d7f8772cb1642af226c0f05c48ce7b6eef64af84499d"
"textures\special n giant skeleton.tga","131116","4184fbe9b29234fa423d79add42bc5eab050f5018803e241c21c71227c5c3e7d"
"textures\special n giant.tga","1048620","03b5657d4499a1d13c5e54a853d5cbf21da27754091a2680251273ecb65b5785"
"textures\special n jarl cape map.tga","65580","b899d8366396257a11fb7317eb7232f0d2fdf0f410256a7d0e6dd021e3013fec"
"textures\special n jormund brood hump.tga","524332","6dcbe99ed4089cbe637bfaa8c3f15f023d030d3ba84ceecc25e52ef815e6236d"
"textures\special n jormund brood.tga","1048620","44a5e8c35bbb04df1836550d009a478fd38f11a0b184109a57a540c707f971af"
"textures\special n king folstag upgrade.tga","1048620","3d03fca54423e099be26ce8436c630cf2c12b6161611cba11a8b7ffe85769079"
"textures\special n king folstag.tga","262188","34c5d8e63caec62e7f9570b8aa38eb4375a76340f15c09df0c35b93a738eb3df"
"textures\special n raven.tga","262188","62e2ce564b4a36c66e55117b657fda28d2d54b605174e9996a5e7997e468abd3"
"textures\special n troll bag.tga","131116","d285f391775a3af557227120354970fba760b6cb0b3dd9e126a7492fa360903c"
"textures\special n troll corpse bodya.tga","262188","2f2f9dbe9ae305d4bf4b0dcb30e55ee189101277c9ff351153db8ea5f91fa1f9"
"textures\special n troll corpse skeletona.tga","262188","198b8d4ca6dfc0fd3276c42437e1efaf54e69d605a2340ed74effd0a9722d6f3"
"textures\special n troll.tga","1048620","46c76793420829acc139f3f4c7bf720164947704a544d377601f7afbac79b1b3"
"textures\special n trollkarien map.tga","4194348","c2b7062b374a48995227d52635eb8e477a88f64615178b925ba5111856095bca"
"textures\special n valkyrie corpse bodya.tga","262188","ca3944e21ef9eb4daf75c6014de9b0a2bb9d949ddf84ee8933d6d7b0dd4d0725"
"textures\special n valkyrie corpse skeletona.tga","262188","2cf17136bdf3768f827794b8d024bc329b4e32f3820177ebb191cfa28586c231"
"textures\special n valkyrie horse map statue.tga","1048620","e5c679990c3b92470ad3c1d168dd1b2d6b8bcb511e1011ba9b1b5640f2b173bd"
"textures\special n valkyrie horse map.tga","1048620","8a878c2b0a93fa57b94290f9b3eab72640471b4698b7ea224e8982d5eb35b891"
"textures\special n valkyrie low.tga","524332","7d837b4e07e5aba19893020b78af2d22ea35d4c3d286bd8ad4a782a48a0a3815"
"textures\special n valkyrie map.tga","1048620","31fdae77b78b7acdec67ff9ebad0f9dc3559b071146b28ba4e6dbb6b493a9fb5"
"textures\special n valkyrie staute map.tga","1048620","87d59ea42203d221ecd9c023f9b91d18d81979918d9f657eed06f1b80bf4077f"
"textures\special n valkyrie upgrade.tga","262188","386ae488fcf223a95f83a3feff684f29e0f83a47f8f52ca4c895424c630d2de3"
"textures\special x lampades blood.tga","65580","31620840aeb31762409f4ea459736e3bb4feafa18431b4d029ce9229dc577581"
"textures\special x oracle corpse bodya.tga","65580","00d77094a511ce4a6d05467b72999779865c20aff04a87f9a77918b97d33b2c0"
"textures\special x oracle corpse skeletona.tga","65580","28acc79812f4980582cbdec547bbe298c6e64adad4f211c95a9379d5b439d497"
"textures\special x oracle hero.tga","262188","6265e0185c08852c9702d25050b97de55bb78b40ef452e64c8c477bc85036d7b"
"textures\special x oracle.tga","262188","4e6bf1402c7e2db48f2b8e754a8aca85cb6d6b0fa8e2f2b18935569e710e0ef1"
"textures\special x spider body.tga","1048620","ccf1ca2e433490843f49e5914d92c420582ada76e0a9838fb07d70878a7de628"
"textures\special x spider door copy.tga","1048620","1c4324da86ceebc438e43ccd94dcf1a07c574756faa581628c33300500661666"
"textures\special x spider door.tga","262188","2445e7ae77a177d09fcd35354003c582e4edf00cbce4218f67f3fb4c144c000b"
"textures\spotlight_01.tga","2097196","0446448fb32c9ea0f4023ad447154611fc43884112deb07bf55ea76dfe7b6171"
"textures\spotlight_02.tga","2097196","790853fab3e954264ed680ebc506bc35d83ae0b6c8df30f648f7bb789917a710"
"textures\spotlight_03.tga","2097196","33e9059c34b2a9f8f61242087e16366bd5f1a9250a84791406a8eff3c789c3c7"
"textures\spotlight_04.tga","2097196","98739c3eb2fe0caa7fafecde68d7b375072c21c4d8f830c0e3620cfaa510b904"
"textures\spotlight_05.tga","2097196","2c846551299dba260bb76b3122a6a39c96fcb69ddcd3db1c6bb845f6c26390a4"
"textures\spotlight_06.tga","2097196","15e7162a1bd9aaa80e577b46b8f63ba96edd925e69f81c632182f62e06b9cf4a"
"textures\spotlight_07.tga","2097196","3830576fe44cccab85469a23c508a013a9b781d30b539f3770c13b48bfcd1679"
"textures\spotlight_08.tga","2097196","0747c7dfb2664a17e2745b81090274e5cd28b2c735bcf7ff353ab05485b7662a"
"textures\spotlight_09.tga","2097196","05e1d85b7a5c03e83196d54cde78c9035d9e6a155fd8d630cf9e342b24847217"
"textures\spotlight_10.tga","2097196","d359920946a4a45939d3ceeaa2d4678d6baf37b14d0d283c25494d7b59cbe5db"
"textures\spotlight_11.tga","2097196","97c588d0166a8886005944262a1f3eb8e04bf96bb783813bf14a5a8e69a2fb92"
"textures\spotlight_12.tga","2097196","3d9a7ba3dac04c2e847570a216b24fb1c29d17cc38dfe72327666131fc119d62"
"textures\spotlight_13.tga","2097196","6bf18e4ae54de15e6134ad04a974b1a1360ae120d39e13bc9bde895723833d78"
"textures\spotlight_14.tga","2097196","2a96c670ca3c85bf654418069d8c61421c93e41c692ffd0dbe8c0363c60b3c19"
"textures\spotlight_15.tga","2097196","a088882a6965933f1cc215592492116fd51e942a10ba11c4430bb9f49f7b43d9"
"textures\spotlight_16.tga","2097196","fea738c5bb2887c6557fbe527c3517ab692c0c737fe9ea861737905f6b668b33"
"textures\spotlight_17.tga","2097196","6a7924f4df62bf49f1702af146b6e4ec8a37fe3264eb658e1029070fed63fda4"
"textures\spotlight_18.tga","2097196","3dd9e3144832f8441255cf0e9923d8c17cf3cbeaa8360f53fc9633e827572db8"
"textures\spotlight_19.tga","2097196","57642e8619866feb5c33346fee9620959a127e7b198b05bc3ddcc814bc94060b"
"textures\spotlight_20.tga","2097196","308a32868c9ffd8af55ee81aa7a56b4653e761cd0822fe280f8680da358b9920"
"textures\spotlight_21.tga","2097196","9385a87c4c5ecd51b7d66f59ccae12051512c655d7790580b9e0b6356fca7ea5"
"textures\spotlight_22.tga","2097196","94606d47e6c69e3c388e021123de468e9b122bd37d4c73f212f6c3c3e1629fea"
"textures\spotlight_23.tga","2097196","f7a2f6e3187c3ce8040abf91b413848a5e1ce50dc75f7389598b965c838f92a4"
"textures\spotlight_24.tga","2097196","9d3a04dae6850d84d8730308120bc0dd4c5cd4f09dbb8e10774a1e8dd0919fa8"
"textures\spotlight_25.tga","2097196","3ab654f67d0b695570eb87a355975b5167849e0ea451232a55cfe9257635b5e6"
"textures\spotlight_26.tga","2097196","b8cab3b930501766129efe8b0a9ee276f3907cdf371455727d3d95dec3b7e690"
"textures\spotlight_27.tga","2097196","6dc41c7ab006ce9afe25b001b750a1e18f4ef46cf04645d63fbb9ff985fe1f21"
"textures\spotlight_28.tga","2097196","136caa9be162ac6a34cb558e07523bcde6c0161234e4c7a6f0f31c734ff4f426"
"textures\spotlight_29.tga","2097196","e48a8f2d74e3de1ae49745e3b4e75e2626819fd5385e7f8169a7f62b084d06aa"
"textures\spotlight_30.tga","2097196","d2e0f532244eebd3085e650836f1be50a1249df33f5f6ee79ff4ded3a66d6afa"
"textures\spotlight_31.tga","2097196","2debedb975759f54ae0115fd7a5c0bf999896f2ad4bcd2a04fd7bde051271b91"
"textures\spotlight_32.tga","2097196","2d01d337d32f2ff07681be14927227ca81d875caf6a4ab91753cf5f533f51e9f"
"textures\spotlight_33.tga","2097196","a96e3a774e82a2c58a62b2ef7cc75bfd4323694b2b3bfd40395711f5f53e4274"
"textures\spotlight_34.tga","2097196","5f71f73804aee5cbf03d1449e5018eee801d221a7d56d599f124038e957ecd79"
"textures\spotlight_35.tga","2097196","6575dc6cc2e8fd7a05dc2aea618d56abc36cc3ab3dead71984f8ebb4edf16d74"
"textures\spotlight_eb.tga","2097196","25fccd1ab26b2b5acc5f7983ff557850aedcce0d34d5e66a4742813ebc48b2d2"
"textures\spotlight_x01.tga","2097196","19862645ce28e9c1a7cd53cdafda86009d717e310fdc99877cbd342b1b45bf2d"
"textures\spotlight_x02.tga","2097196","675144b6bd3ae51911b81604a657ec34227a507b68d8ca21e6694d56ed03c2c9"
"textures\spotlight_x03.tga","2097196","23827d6a7313c9b48a215fcc212790159cb0c6030fab35ec52eeb92754fe7818"
"textures\spotlight_x04.tga","2097196","0829f8966e78eb11b3a5352e5d05554a810a859f4aab3fcef20132cea57e9f7f"
"textures\spotlight_x05.tga","2097196","0c920530280bca6d960fc125b2be8fcc37c5c4c3e55539d850e03e3d8d5c27c0"
"textures\spotlight_x06.tga","2097196","a9f819427f10a50debb7f283abe25fbf5810d34a3bc921ff52a4bccdc2ddad45"
"textures\spotlight_x07.tga","2097196","38c2100df69d55294e3fdb6a8cd5d9a0148b4ec084ee14e4fc7772eccbfd0774"
"textures\spotlight_x08.tga","2097196","f66b645189f331eedfe8bf9e9bd337481ecd7b3762fa08a17a2ba9d268e4e171"
"textures\spotlight_x09.tga","2097196","7ce0585623b786031b776dc3f8dbe94cc0beb6d7df5c32185b401b94ff1f1b61"
"textures\spotlight_x10.tga","2097196","d8f21db65980d85f41e7271edeeb1cfac1ea23eb44c5af44a77f34b003694698"
"textures\spotlight_x11.tga","2097196","a06cebf15d4db348eaf2bc73c1103dafd39a85d8dcd3db88b0b4869245437b12"
"textures\spotlight_x12.tga","2097196","70e276cebe6c85935d8625f8404cf88761ccd8b5e335752da3ad4c947dfb93c9"
"textures\spotlight_y01.tga","2097196","6bae4dbfa275666b23325da747b32adcd21c3beb8b13708855873ee83af5ca1b"
"textures\spotlight_y02.tga","2097196","5eb9184e2e05fbaf345abe58370c8d85a2f729d7165c7ae95b20a66cd6a9d41f"
"textures\spotlight_y03.tga","2097196","7279374704c6f2ef133363ca6c64113b4dc85dd61b3806b20954bac9f8d2cfc8"
"textures\spotlight_y04.tga","2097196","99fdcd3e7d05b5e8ed7db487c768a2d19c0762e0b7ffb783c9f1cf260e978f89"
"textures\spotlight_y05.tga","2097196","2e3f13795ebfae726f3c95662d9cb3759512c4c12fc8d5f34e68c52ba22869d4"
"textures\spotlight_y06.tga","2097196","a5400643774cf5bc56ac48d4f5749badb4091aa3051aa8e52de7578a443fa4d0"
"textures\spotlight_y07.tga","2097196","fe2b7b9356a182c2fce247b5b24dbe872b4f2a3d9d058190de5129b2c9a7dedc"
"textures\spotlight_y08.tga","2097196","db462291b0323d38d10a278265d38bf9901ddfdb01b6443e87edb32d21a822e6"
"textures\spotlight_y09.tga","2097196","6f5d194ff3b3a527b583ec9818733e66c7aa0e50f448d0e65ff332b6f5ce1510"
"textures\spotlightmc_01.tga","2097196","0bc8fe09963034701aab3691c60e4a73ea0b7550fecfc7412f031ac815c52da2"
"textures\spotlightmc_02.tga","2097196","65ef526488e3acd3cb720db298734219c7f8069a1100d9599948aa4d9fcd21f4"
"textures\spotlightmc_03.tga","2097196","3193a80cf85e8b45970824eb82e54bba2627c44545628a5fc1da25f6c9fe6409"
"textures\spotlightmc_04.tga","2097196","4a6a457b1597e20a8b1836e2db4c668bc20f05a75330e8ffe3f32789e9b1768b"
"textures\sq_shadow.tga","65580","1bd566d0377d930bdbf824cc62d1fd98148bd8c24cabd49a5da9a275f198ff92"
"textures\sq_shadow_blue.tga","65580","7b1ebeb61960f460be4fb4ac882d3d1ecd01214d17095a278f0afcb049340be7"
"textures\statue x gaia map.tga","1048620","8095fc8a5736331ae3464c2c9aadd58ca003de1ab821173545d571c770ab7945"
"textures\statue x kronos map.tga","1048620","246aff399da74c11f1f3d0c5b83d1c998513ee9846df0ef0105124231a3f80f2"
"textures\statue x oranos map.tga","1048620","b59a0ec4c69fa3b5ab04fe69bb76ae391b637ce1ad7bd3a055cac88649efb99c"
"textures\stormyskybox_bk.tga","4194348","7ab7e80aee3b566e3cab343beac1786b9b65006407cbbd77de1bc302f5dec066"
"textures\stormyskybox_dn.tga","4194348","7ab7e80aee3b566e3cab343beac1786b9b65006407cbbd77de1bc302f5dec066"
"textures\stormyskybox_fr.tga","4194348","7ab7e80aee3b566e3cab343beac1786b9b65006407cbbd77de1bc302f5dec066"
"textures\stormyskybox_lf.tga","4194348","7ab7e80aee3b566e3cab343beac1786b9b65006407cbbd77de1bc302f5dec066"
"textures\stormyskybox_rt.tga","4194348","7ab7e80aee3b566e3cab343beac1786b9b65006407cbbd77de1bc302f5dec066"
"textures\stormyskybox_up.tga","4194348","7ab7e80aee3b566e3cab343beac1786b9b65006407cbbd77de1bc302f5dec066"
"textures\strategic map gate 16x16.tga","16428","4694078e276571c9027a4d11e31ff107291a6b7d578096f52deaec4d4a047c94"
"textures\strategic map wall 16x16.tga","16428","a77c838937ff749d1c192ca456b293c6c1ed869d7cd1ad5c2001f8d8332dea16"
"textures\sunsetskybox_bk.tga","4194348","b534b2d561af2e6fd9a2de50f67fce1f8c1e87499030d4a014c63002783a35f9"
"textures\sunsetskybox_dn.tga","4194348","b534b2d561af2e6fd9a2de50f67fce1f8c1e87499030d4a014c63002783a35f9"
"textures\sunsetskybox_fr.tga","4194348","b534b2d561af2e6fd9a2de50f67fce1f8c1e87499030d4a014c63002783a35f9"
"textures\sunsetskybox_lf.tga","4194348","b534b2d561af2e6fd9a2de50f67fce1f8c1e87499030d4a014c63002783a35f9"
"textures\sunsetskybox_rt.tga","4194348","b534b2d561af2e6fd9a2de50f67fce1f8c1e87499030d4a014c63002783a35f9"
"textures\sunsetskybox_up.tga","4194348","b534b2d561af2e6fd9a2de50f67fce1f8c1e87499030d4a014c63002783a35f9"
"textures\target.tga","4140","ac2a1462fcd9a443fd31b7d77554a9453b1b6dd999dad6c06c915acc6c8b5bbf"
"textures\techtree.tga","16428","37c243547fc1aca8c72d8f95520cedad48f2069c930dc9609538fd504262c480"
"textures\temp santa body.tga","1048620","8473244fe113a8687bf910425e30ddee4a85280fae0452c950a9fd9e7696a3f1"
"textures\temp santa hat.tga","262188","c712f6045b7ea6d60c9437f6b8c7e1927d37e35965e7655175923e06ac75b56a"
"textures\temp santa head.tga","262188","c712f6045b7ea6d60c9437f6b8c7e1927d37e35965e7655175923e06ac75b56a"
"textures\terrain cypress decal.tga","65580","e88e22ae5e46fb866b30505a0442229b3933ce8f370db8bfc9907a1429f5d4be"
"textures\terrain cypress shadow.tga","65580","e88e22ae5e46fb866b30505a0442229b3933ce8f370db8bfc9907a1429f5d4be"
"textures\terrain e lily pads b.tga","262188","fe2f475172772e00d5be86e19f24a974eac95527bb7128193101bcb9453c0a6b"
"textures\terrain e lily pads c.tga","262188","a1fba4eb1a4404fc96616deb84d376a8b519d2d3252ad98e1bff43d5ec2d3714"
"textures\terrain e lily pads.tga","262188","e7a617b5c3af728ec1decf56cba50b077a47bbc7d2b1828ad732f716114e1325"
"textures\terrain e papyrus b.tga","1048620","0b8c10cef1f380276cb1fd9f3ee85383471e889cff403f4faaf4ba2cfba2a307"
"textures\terrain e papyrus leaf.tga","262188","ee70399ce44282e042d1ad6638fedf344482aee7e1ec03de9d0ed84c491a95fc"
"textures\terrain e papyrus stalk.tga","2097196","46834f3ecfaed0b9dba11a93fe7014c5cb60a5c89a44489be6271e9a076cec52"
"textures\terrain e papyrus.tga","1048620","e57b15871af9505411625adbfeea48d3c03e7be623e0bb8f735987880a17d592"
"textures\terrain e rock a.tga","1048620","300b8188fabe6b43a507c2844c308ece3ee19323be7459b779241307dab0239a"
"textures\terrain e rock formation a.tga","1048620","14e734dc85e1d70c00d8bdb7ea7fc7b6ebbb828e448f267426487cbc4a49dfd7"
"textures\terrain e shrub a.tga","1048620","071abcc7640ae6f45a4e0139bd79ec2e0d250ac700ebb95c19a96095d2b1e842"
"textures\terrain e water reeds a.tga","1048620","c9b188679fd31c0dd1352bfa36ab79eca58fc6435b440952b409d014248606ea"
"textures\terrain e water reeds b.tga","131116","1757bc9a2c8fc88abb869b3d403e7d8575717c23b80575aa1aa62efe14548de1"
"textures\terrain e water reeds.tga","262188","a79015d16170e3e6a204ff1013b985890b7a96bbf3ae80ef46d04f90a318a77b"
"textures\terrain e water reeds01.tga","524332","f16a0339df54a16d3a4b26cf9b1c96207a1d1294f619e97021aeeef075b822b6"
"textures\terrain\2vdblendcircle2bh.tga","65580","d2efc31cb123cb42d94fa0808ac8ed9e2a3d9454c590e3feb98728bb44eb686f"
"textures\terrain\2vdblendcircle3bh.tga","65580","8c4e798ff4cfb1d14137d18a1834244b51b5aad0947daa43118ea62e4987cbc6"
"textures\terrain\2vdblendcirclebh.tga","65580","4f1038ea3931d1dd4a56a1f821199fdc5f4e7fdd2bf4c7184abe73372472809e"
"textures\terrain\2vdblendcorner2bh.tga","65580","8bb84326bcee7f046de8b1a3ff9cf2a222c56e3f177830dabb4d5b3f60eb804d"
"textures\terrain\2vdblendcornerbh.tga","65580","10b5f5fd46c938f8f57e61e5fff2c405275e81a2c8012754ff9fcfdb2427a981"
"textures\terrain\2vdblendedge4bh.tga","65580","19073cdc27111fc0cd6903d403f10ebbe80c0669237c5335d7a562d853d03675"
"textures\terrain\2vdblendedge5bh.tga","65580","e4ef58a423778b9e27cd059638d95ac63d2ce2a3c3ddebb114907f77232c1a31"
"textures\terrain\2vdblendedge6bh.tga","65580","fefde153262e10a8dcb612f90d068f8782b05cec4ff44d86e7f12ca064475d98"
"textures\terrain\2vdblendedge7bh.tga","65580","0a870c3a52c6b91e8a7a712816920260489b901efa5c2c4b0b3a6d0cdc35b047"
"textures\terrain\2vdblendedgebh.tga","65580","386ca6e76600033e7f42f816ea45794010f1a9afc9b0589dca8c8e02033f3013"
"textures\terrain\2vdblendedgecornerbh.tga","65580","0b131a1ca9464ee1819b7450d8b9887fe2e91b9bac4ac0103859ce42393b9719"
"textures\terrain\2vdblendedgetwocornersbh.tga","65580","b44389d23bfc7528db68d50b3935613c6cddc7d45f0f7aa92d641e3c5b5ea8e3"
"textures\terrain\2vdblendfourcornersbh.tga","65580","0ab128b66c9ce7011826c8ea980fe8fb124b9fa4f98c24f4a42bae66ba63ce58"
"textures\terrain\2vdblendlshape2bh.tga","65580","8d0f04b33a21ac66127a02e2d5a44f6e839372f26943f521beac783ba4b024da"
"textures\terrain\2vdblendlshapebh.tga","65580","603323d4b6a36174988893391853a14276ceaa0265d1117d151e49bbfce12622"
"textures\terrain\2vdblendlshapecornerbh.tga","65580","2d0f908190fa9bd6a521ddc8c4c4d8fc66e35a53df037fde74dc9d728c6d6543"
"textures\terrain\2vdblendthreecornersbh.tga","65580","aa494d8ff32ccd9b23c85ebc14f1d7cd439fc55ee9b49f50a7338a2c3c652084"
"textures\terrain\2vdblendtwocornersbh.tga","65580","5b69f704408ae80a8f3d8aa48bc410543bc505808b315f97d1880d19f512b6a4"
"textures\terrain\2vdblendtwoedgesbh.tga","65580","f178eeaf12043ef4e67fdbe0efb62f8401df0d21f70a77716cc78aa02a4e856b"
"textures\terrain\2vdblendtwooppositecornersbh.tga","65580","16b81ca891cd8954efa9cb41d6aa9fa5b774e7e6378114df193560ff2535c9e0"
"textures\terrain\2vdblendushapebh.tga","65580","9e19698fa9cbc710b3285714d8ec3671877bf3e681682bfdfe93ddd10b76f272"
"textures\terrain\alpha.tga","4194348","1d1da0b58fdef4a4181c5dc66d2033f6052e6281aa37e229fa00ef154967510a"
"textures\terrain\black.tga","4194348","d82613f5b915cfad0c43433d289e3cb745a2c0988eed05c4c9ed64fc27ee3e7f"
"textures\terrain\black_gloss.tga","4194348","da5049b729952114f2afaecb26acaef43d1fcda12920bddb5f11a85d70c24f18"
"textures\terrain\black_spec.tga","4194348","e48f7c50743f8387aa8333261b27f9b7ecf7792ca67e92af349abe7d7ff26dcc"
"textures\terrain\blackrock.tga","4194348","d82613f5b915cfad0c43433d289e3cb745a2c0988eed05c4c9ed64fc27ee3e7f"
"textures\terrain\blackrock_gloss.tga","4194348","da5049b729952114f2afaecb26acaef43d1fcda12920bddb5f11a85d70c24f18"
"textures\terrain\blackrock_spec.tga","4194348","e48f7c50743f8387aa8333261b27f9b7ecf7792ca67e92af349abe7d7ff26dcc"
"textures\terrain\blackwater.tga","4194348","3c5ac03a39a4a976873d83348ad5b2ab66296560d16d5b4952c4e51a43bbb629"
"textures\terrain\blackwater_spec.tga","4194348","e48f7c50743f8387aa8333261b27f9b7ecf7792ca67e92af349abe7d7ff26dcc"
"textures\terrain\blackwater0001.tga","4194348","6e076a6a8819fef531fe408018ce6c7c0e8b9ca5379a70582d292452765abe4c"
"textures\terrain\blackwater0002.tga","4194348","9629708e88db518b238c55e02bf0b144248ac59e13939e0f46fd9d8a09ec7348"
"textures\terrain\blackwater0003.tga","4194348","815044003c2139aaf1ec2ad96d6e6354729473c86d9ca40814180e6611de8e1c"
"textures\terrain\blackwater0004.tga","4194348","9b86dedc4e46a0235a5fa3abd40f2e261b46384579f4f01501e3269096ec866d"
"textures\terrain\blackwater0005.tga","4194348","7262402a205d49c4b5b402f31a8937eb7ebfb16634b252eaa2302e7e9e9d5893"
"textures\terrain\blackwater0006.tga","4194348","a21ec46ac33734f622dca492bbe9cbbbad0cbaeeb93182175244ff03aa8f2668"
"textures\terrain\blackwater0007.tga","4194348","ab5646ab2729bcec461e69e34de2529c530e17cd4528fe2e297a507dcc9dd903"
"textures\terrain\blackwater0008.tga","4194348","fe2748e26ba3258ddd4393f6effbdd47e340aaf72837a8610867afbe68907de8"
"textures\terrain\blendcircle2bh.tga","65580","9206d22ae00069ba17b43a77b28d5bd63caba4a97167a3c5327871fad7ef45ed"
"textures\terrain\blendcircle3bh.tga","65580","3e6e58f15114a2a9c7ecbc204478c2bb82f24f724210f0cedf4439b8ae6d008e"
"textures\terrain\blendcirclebh.tga","65580","6530c62ba0a2eed95a36368f8c4aefe029325623e1a44d26b6f3bf75f5773026"
"textures\terrain\blendcorner2bh.tga","65580","1e9ce45240e1766b98b1ded3a41a3f39484c2a2d48844de34d53f4304c3d480e"
"textures\terrain\blendcorner2shorebh.tga","65580","83a35cd21d864c516f519aaa21e193ca3f47684348e6dcfc3611afcc1fc571e6"
"textures\terrain\blendcornerbh.tga","65580","1e9ce45240e1766b98b1ded3a41a3f39484c2a2d48844de34d53f4304c3d480e"
"textures\terrain\blendcornercreep.tga","65580","5d57a8fe4c3e46f45ca703923570ba74b2623316905214713a362726945aba6d"
"textures\terrain\blendcornercreep2.tga","65580","5d57a8fe4c3e46f45ca703923570ba74b2623316905214713a362726945aba6d"
"textures\terrain\blendcornershore2bh.tga","65580","d47e608861f448aee2f263bf675a60355374e7549b0dae86752de0fb5f82e3a1"
"textures\terrain\blendcornershorebh.tga","65580","6a3d3575a5f6a8460516e2875677bbb677e69e0eb21d5eb3cd601862b1da1cc7"
"textures\terrain\blendedge4bh.tga","65580","8681654c78256538da8fc29e9e732670ac9d8a9cb0589d36de7e42c44c6a352c"
"textures\terrain\blendedge5bh.tga","65580","229f8edcc1f4dcfc9aaa72258b01aa6ad541071741a32e23890ab17dd34f59ea"
"textures\terrain\blendedge6bh.tga","65580","8523c5e89bbc328f414cf4ae35306387568039376c39ba7833b47b3de2cd2eb3"
"textures\terrain\blendedge7bh.tga","65580","dd718966b71da47b624bca3313c72c22763e879925bb762bfec3bd7c9c215a91"
"textures\terrain\blendedgebh.tga","65580","f7aad33550efde3b656a3a83d34bf2113077a83c269e8e1dade2a8be0dfe228b"
"textures\terrain\blendedgecornerbh.tga","65580","696b16eb91827058d30f1ff68f4e8fb5c5794c9fd57d6dddcd06fbf4847e655d"
"textures\terrain\blendedgecreep.tga","65580","8a7e670aa80a43f19a892d697f1d4c3c96b80d09c305a968471c380136950364"
"textures\terrain\blendedgecreep2.tga","65580","b166dc9417f49546f1e4f450ab9f537021c3a1b841c073a4b440932188638dfb"
"textures\terrain\blendedgecreep3.tga","65580","dbef072901768015dd4374c75de537fb5c2e3c30634b6357fb7c1f842e32eae2"
"textures\terrain\blendedgecreep4.tga","65580","65bd9ef0e3cd724564679a9e823118da56f1c6ef3d071d46b80c73d10f63479a"
"textures\terrain\blendedgecreep5.tga","65580","cd0fbdac754a2d9975f8f484ed855cb62190624687b915525f13f49b380868ef"
"textures\terrain\blendedgecreep6.tga","65580","2965698030dc1abbb6711ef2218a237211ba0fb4d22a1e212fd47bcfa580094a"
"textures\terrain\blendedgeshore4bh.tga","65580","5d97918d5fe581e0c3a2d2f9ce51c6c340c49b62dbe6056d4bd4d2c113cd3208"
"textures\terrain\blendedgeshore5bh.tga","65580","1e77562afe2971b5ea228e9e7aa4b2413908a7aa1bd216dd4d18099f996c4ed0"
"textures\terrain\blendedgeshore6bh.tga","65580","bc0ee851f0488efcd431b7467d2c5f6531138cdd27804100c9cdb45b5772be5b"
"textures\terrain\blendedgeshore7bh.tga","65580","6982c79e7b3119b723f52ed24565f031c4643acbaea18a8a62f6d7528d343973"
"textures\terrain\blendedgeshorebh.tga","65580","a58748656bb16ac190e5fce0e4cfa85ef7314bc79991786fc69d46b7d5eeb16f"
"textures\terrain\blendedgetwocornersbh.tga","65580","92df853b7cb712d06863d4fb125a77ef9cdaef73d38701209e0730babb6acf67"
"textures\terrain\blendfourcornersbh.tga","65580","d65d174ec5e310dad35b4eaf578405582c90baaa121af4d432c418d9d3444901"
"textures\terrain\blendlshape2bh.tga","65580","7b9d51c56f881cdf15b308293d5a94ef45171819437dcc13beb3f0e40cc6e8ea"
"textures\terrain\blendlshapebh.tga","65580","7b9d51c56f881cdf15b308293d5a94ef45171819437dcc13beb3f0e40cc6e8ea"
"textures\terrain\blendlshapecornerbh copy.tga","65580","90bda024f8345c7d1d8f9064c3b1d30a22fcb1e343bd679b63b5645e49789d27"
"textures\terrain\blendlshapecornerbh.tga","65580","19a5cc08502e9f4987edef6c078b55f0f295d4442c9c931b0c3c53db7d5c6a00"
"textures\terrain\blendlshapeshore2bh.tga","65580","5b59bfbb38a3d54da04ca3dcce5ea46f4e958b2b59eea0924898df682822fbb7"
"textures\terrain\blendlshapeshorebh.tga","65580","9f85162a87563f4eb05c4d76275bc36a2d7fd939f6173613f52d1e50dfd54f33"
"textures\terrain\blendthreecornersbh.tga","65580","75c6cb0d0e5710042f46427c91b3fca8e417af5a981c9c8a34a6a1924199c4d4"
"textures\terrain\blendtwocornersbh.tga","65580","06649110f514265dd81e2d027881ff11c331861bcc287f214e2818e4fda53ff6"
"textures\terrain\blendtwoedgesbh.tga","65580","e6f86cd7d09b908e91a03ee4973717093487d79f06d4ad837a4e106bb73e4cb6"
"textures\terrain\blendtwooppositecornersbh.tga","65580","445088e699c6fbfc08970dfd79d79c10a92dcaf8b1c4c1ecaef71130286d0f39"
"textures\terrain\blendushapebh.tga","65580","7f363b6bed10db2aa1ca93edc9045b2530b061db36030513a638e338d22f1983"
"textures\terrain\buildingfootprintgrass.tga","4194348","98872b3a527f5243c4338b6146ee6b448177d968aecb3682f6e65dbb23028b71"
"textures\terrain\buildingfootprintgrass_gloss.tga","4194348","a592d57fb551db0f280b232351f4291de874efdc8aa62376107ed9bb8758784a"
"textures\terrain\buildingfootprintgrass_nm.tga","4194348","c19ab1f11da30e3413b97c72021dd0f30351cda34a189bfa4ecbfea96a6c81f8"
"textures\terrain\buildingfootprintgrass_spec.tga","4194348","d5df3f7593c7225f8f45865e56e05ab9f76122b9e99f849d07999603d34eee3a"
"textures\terrain\buildingfootprintsand.tga","4194348","98872b3a527f5243c4338b6146ee6b448177d968aecb3682f6e65dbb23028b71"
"textures\terrain\buildingfootprintsand_gloss.tga","4194348","a592d57fb551db0f280b232351f4291de874efdc8aa62376107ed9bb8758784a"
"textures\terrain\buildingfootprintsand_nm.tga","4194348","c19ab1f11da30e3413b97c72021dd0f30351cda34a189bfa4ecbfea96a6c81f8"
"textures\terrain\buildingfootprintsand_spec.tga","4194348","d5df3f7593c7225f8f45865e56e05ab9f76122b9e99f849d07999603d34eee3a"
"textures\terrain\buildingfootprintsnow.tga","4194348","98872b3a527f5243c4338b6146ee6b448177d968aecb3682f6e65dbb23028b71"
"textures\terrain\buildingfootprintsnow_gloss.tga","4194348","a592d57fb551db0f280b232351f4291de874efdc8aa62376107ed9bb8758784a"
"textures\terrain\buildingfootprintsnow_nm.tga","4194348","c19ab1f11da30e3413b97c72021dd0f30351cda34a189bfa4ecbfea96a6c81f8"
"textures\terrain\buildingfootprintsnow_spec.tga","4194348","d5df3f7593c7225f8f45865e56e05ab9f76122b9e99f849d07999603d34eee3a"
"textures\terrain\citytilea.tga","4194348","6b92b8e961726dd2ce8fc215866bf82df1b76f46f619358d792f286cd571a449"
"textures\terrain\citytilea_gloss.tga","4194348","ecfa794fda0bc7c2405d50a4b4f63c18cf8f54fbd740a02e8317c128a08bcea9"
"textures\terrain\citytilea_nm.tga","4194348","e2f2b5d0e358206dd71438a0b7f3b44f4cabba0119bf845fddd5327b266e7ed1"
"textures\terrain\citytilea_spec.tga","4194348","686b5b73a253aeee1957b908787aa6409be82eae1ba631c2e7559131b15c471b"
"textures\terrain\citytileatlantis.tga","4194348","298dd3292486e7873689d913341645bc856e121f615850bd258ea346858f4481"
"textures\terrain\citytileatlantis_gloss.tga","4194348","819072a6078b9e63ddf8aa368db75994689b4cc91f5a90b5c64e482ddaf2bb0a"
"textures\terrain\citytileatlantis_nm.tga","4194348","b3fefa3cf2c77d8a56e2495bbe768750221fd51b9bcb0592a751f07b8a4b2266"
"textures\terrain\citytileatlantis_spec.tga","4194348","2bde9b7f4b21a3e338c4f8fceaf808091de01f62a9689d05bee78c28f9882cc9"
"textures\terrain\citytileatlantiscoral.tga","4194348","cf933f3ac436203449dca6f382307be12bded9ff2f9305898e8d755f4917ad55"
"textures\terrain\citytileatlantiscoral_gloss.tga","4194348","df5e7e52dbc5956045115c25f362f6542662f774bbdf28854290264081fe824c"
"textures\terrain\citytileatlantiscoral_nm.tga","4194348","263b56b6b382147cb67dc0908de4a91bbbad17917c02fb0da06e86af69f2faa0"
"textures\terrain\citytileatlantiscoral_spec.tga","4194348","23b628bcacc298ac713f203788f04590ff722178065981b39637f9d93b5b7f14"
"textures\terrain\citytilewatercornera.tga","65580","df2f2024bcefa662e39667241476d89975d4b9496a51fe09a134e7c29ac1a43b"
"textures\terrain\citytilewatercornera_gloss.tga","65580","c9247e4a33a15f3c3f52ed2d3e105b4e0a5926c6973fe2fd7065306ce895ef95"
"textures\terrain\citytilewatercornera_nm.tga","65580","ae9f46534d14017f524467c1569573d9ae60f5182acbdea835fd87e9c8f9828e"
"textures\terrain\citytilewatercornera_spec.tga","65580","bed8914928d25f5c4b18ce861f162dc152f96628a366209baa28312f1c8ddf52"
"textures\terrain\citytilewatercornerb.tga","65580","dc17466ea9c733ba9f696584bdd540ef0567de09a47fd548a481c0077c0a3af3"
"textures\terrain\citytilewatercornerb_gloss.tga","65580","017597409a8f5939f2914f77ba9e4acf624d288f54c6c7efa46f8e69daceb57f"
"textures\terrain\citytilewatercornerb_nm.tga","65580","15a4d388b987507adb0fc845672f1707c64993655044ff5bd701c324dafa9a3b"
"textures\terrain\citytilewatercornerb_spec.tga","65580","8bb34b3eb8d31e9d6af2b1c77be0f3216e10b9bbb34b9840a1b4f70ba3a3c1f7"
"textures\terrain\citytilewatercornerc.tga","65580","6e218b984c59b65b1e86cb69d37395a89331fb0487c4ac9e5156bf88803ebca7"
"textures\terrain\citytilewatercornerc_gloss.tga","65580","e2cbabbb0c8c5aa22129efaa4caf306c9f42a9b8eb62f3a8034850433b164817"
"textures\terrain\citytilewatercornerc_nm.tga","65580","67f183d156e6869ef517d8666104c14aaea52167844de4764357633da3eb51fd"
"textures\terrain\citytilewatercornerc_spec.tga","65580","a5466fcc7d1a6ad0cd3283e74f7046d02654e52744cd02a6693e56482dff65e6"
"textures\terrain\citytilewatercornerd.tga","65580","676265e5e1f736a1540a47d07c1f9c1c32b110f5b0a8eb76e07d38f50dee80b4"
"textures\terrain\citytilewatercornerd_gloss.tga","65580","c481189dae8884739de89bbf5f3fa28927ec02e7dc31e40aaf5e27b8111b92bd"
"textures\terrain\citytilewatercornerd_nm.tga","65580","00a09f95efffe627b4932bb7675a90526f2e3ea9ef538f74267a101b46362744"
"textures\terrain\citytilewatercornerd_spec.tga","65580","f03b2f4872463c71295e504ca03a009fb75a840695015b464e441a40ba6f362e"
"textures\terrain\citytilewateredgea.tga","524332","28df0833715c907606eb1d63d35ab6d431c303ded636e1fc639243b2e3d7504a"
"textures\terrain\citytilewateredgea_gloss.tga","524332","351290ae719465b2b0c17f72eca52d71db4460169c6f7b3ecb144e52f7b5c7c9"
"textures\terrain\citytilewateredgea_nm.tga","524332","e86881d2c846b78bc8ceadcac6216a541e5148a7e0c34852e4fa5bd9eec06c18"
"textures\terrain\citytilewateredgea_spec.tga","524332","1dc3b59bf0a99be60a98d50b191cc4721e8abc298d85ddac88a822c2379535a5"
"textures\terrain\citytilewateredgeb.tga","524332","125c31a35baf30f3ad21a464915938e94926fd2735c11eb02c12475d2b9de005"
"textures\terrain\citytilewateredgeb_gloss.tga","524332","db79123d5f2e6ca15dd52e361eeb9ecd472faa327e9760209ea75797cda498e1"
"textures\terrain\citytilewateredgeb_nm.tga","524332","a3c31414309d55282408ee229017114affd4c28675f126b8d7dbe55c060c7b35"
"textures\terrain\citytilewateredgeb_spec.tga","524332","7592a69d03ef47500d3da38c5c823439a9685e8fe095bb4014757ded59e7e518"
"textures\terrain\citytilewateredgeenda.tga","65580","1bd39bf73ff80f34a9caf33dcf5b3e632b8e008de9ceab9246ae13611d789e2f"
"textures\terrain\citytilewateredgeenda_gloss.tga","65580","f27c3cab5a6ca19b62cd1673c63780f4c73a2f74e26952c564cbc3b754377166"
"textures\terrain\citytilewateredgeenda_nm.tga","65580","271d1843618f10d2a03aa4e638f40ea66edf17301bf6ea23c1c1e7ef03b11a3b"
"textures\terrain\citytilewateredgeenda_spec.tga","65580","88ff43155a148ae7496114ab8fa7d0d38d2b773c6dbd73c04c8652f9d9f666d5"
"textures\terrain\citytilewateredgeendb.tga","65580","0dbebc1ccc067364cc7add8ebb7cccbfda0e3303bbb3be457426773306fde948"
"textures\terrain\citytilewateredgeendb_gloss.tga","65580","b58422da4ec8ac30a2734488de084b6056929e49d5a96d22d8446555ac6f1087"
"textures\terrain\citytilewateredgeendb_nm.tga","65580","557b03828a029b9373312fd05eb1c78fdbca3229e2b0c7ef992f79fa884f8e74"
"textures\terrain\citytilewateredgeendb_spec.tga","65580","4a82867ce201dadf2d50635684f41c6e1e349e846e2aee3c77abdc0f782936c6"
"textures\terrain\citytilewateredgeendc.tga","65580","d085d0ace5a5713696c8c46b2f5bbcb64a9b89df8b07b58eb7d8a2ed3435274e"
"textures\terrain\citytilewateredgeendc_gloss.tga","65580","7646edf65b4e099a48fb7afba9fbc0769b98899a11d27cb31bb309df3abae6e8"
"textures\terrain\citytilewateredgeendc_nm.tga","65580","564b63f90ec2b17e2775458c0a29d50deffec1cc88814e9f12a2388ce390ca48"
"textures\terrain\citytilewateredgeendc_spec.tga","65580","25404da6d3fe31a2cb659503427c6f66594e64e2b165d089f9d6cfe66872b15f"
"textures\terrain\citytilewateredgeendd.tga","65580","271e34e95d94f309b1ea7112809f362f55ec04b8875dda731ec85fd14c5b2650"
"textures\terrain\citytilewateredgeendd_gloss.tga","65580","ec77ac926acc7f9130f4950bacb2e7ad1d7d18d6761f66e0184be5353d695b36"
"textures\terrain\citytilewateredgeendd_nm.tga","65580","e1836393a1c7262d1fc163be2caa9cf794177818fe65ab3a83e16b6f7869c2cd"
"textures\terrain\citytilewateredgeendd_spec.tga","65580","968cf83494e2fa197d16f5491263c61f8628e90fa7ba7d1295d6d51436089192"
"textures\terrain\citytilewaterpool.tga","1048620","87a78ea0e0a2c94a2aa47cd8ce8a6cead41f7c647c3c51b4560d335e2c9f3dd7"
"textures\terrain\citytilewaterpool_gloss.tga","1048620","114711767a8c0f6cdf7a57faad56986992dddaf775cfa141b1d298c3d249c035"
"textures\terrain\citytilewaterpool_nm.tga","1048620","40d393b032c77c322b0e7980ad25a40d78008cf658726288322af03bfd6af3a2"
"textures\terrain\citytilewaterpool_spec.tga","1048620","e2717691eae14d172d9c7169c379013b1d0917906a3e6f18aaba753283a025ea"
"textures\terrain\cliffa.tga","4194348","47037764a70cd029d53dde9f8e3c99e3c8cdaaa7e578ce674e486d9991e41304"
"textures\terrain\cliffa_gloss.tga","4194348","f7b80a64e153dc3ac524aeaf61306b886fd196c1dc062c525afa7e8a5acb21d3"
"textures\terrain\cliffa_nm.tga","4194348","f7720a2337c5a30711550e109004b340b0e9abf944cfb206af2bd400aa74c5ec"
"textures\terrain\cliffa_spec.tga","4194348","afb76e9db62f274c768b6865498381b79b34a3e07ab869ea8006798ea44862af"
"textures\terrain\cliffegyptiana.tga","4194348","606589310b476fd27b351627b225e097e1ed4c9f4bf8e477cc70d7e633406304"
"textures\terrain\cliffegyptiana_gloss.tga","4194348","f7b80a64e153dc3ac524aeaf61306b886fd196c1dc062c525afa7e8a5acb21d3"
"textures\terrain\cliffegyptiana_nm.tga","4194348","f7720a2337c5a30711550e109004b340b0e9abf944cfb206af2bd400aa74c5ec"
"textures\terrain\cliffegyptiana_spec.tga","4194348","afb76e9db62f274c768b6865498381b79b34a3e07ab869ea8006798ea44862af"
"textures\terrain\cliffegyptianb.tga","4194348","500d231d3c969c538167e7f231a9fb3f6ea100e1d78b13e161deec8db50db263"
"textures\terrain\cliffegyptianb_gloss.tga","4194348","d2f03ee8dac0afd4689be772ebec2f086bd9094064349b905cad7d15d2984257"
"textures\terrain\cliffegyptianb_nm.tga","4194348","749923084b969eebebc3fdf895e544a6d2e00db87dfcb2a81d9d1675d88cbded"
"textures\terrain\cliffegyptianb_spec.tga","4194348","e21ae63d5e3d81a90bffbd26e020bdbca947f262e6a11ccdc7493c33ed8801ad"
"textures\terrain\cliffgreeka.tga","4194348","430540d6fb962812a5d2e3e24d0bd26bd3b3985df537723535686ad710970e99"
"textures\terrain\cliffgreeka_gloss.tga","4194348","d0b1a6211b54441cc5a37e216c3aadf1df0b7c7be255c5f2ef5678272e03a0cf"
"textures\terrain\cliffgreeka_nm.tga","4194348","7617c130b56c4b19003d6027b35f4a33f3a76be627602a8689f26e8470b77851"
"textures\terrain\cliffgreeka_spec.tga","4194348","afb76e9db62f274c768b6865498381b79b34a3e07ab869ea8006798ea44862af"
"textures\terrain\cliffgreekb.tga","4194348","5ccad5bc091801f8c29ae098f4a8a02a3e5a625329a6b8a207e2b83e37e55f45"
"textures\terrain\cliffgreekb_gloss.tga","4194348","1421d619bd2170ac41d36439b17c060c68b91b03a664947b38e758f80b1dc3b0"
"textures\terrain\cliffgreekb_nm.tga","4194348","2e240125b7e521431029f123ea1922dcde34209ecf5b449fe378c6400f9ce852"
"textures\terrain\cliffgreekb_spec.tga","4194348","5e856e18a3e8331293393ea0f086198aee2cd337d96049a25d4c7fbd8bfdfffe"
"textures\terrain\cliffjunglea.tga","4194348","da395006b8725e269d39b443c7d0403e0866f1e1900a141ad7cba38389845155"
"textures\terrain\cliffjunglea_nm.tga","4194348","ae0845a5e268664669731f4373296ce8e5377d7a16bf5a9cfd562b1914f109ce"
"textures\terrain\cliffjungleb.tga","4194348","0be38d3e794473810697a09c3a86266a795cfd71d48460328a9ce88142326dcb"
"textures\terrain\cliffnorsea.tga","4194348","3c23c9d80df374422a3653722f8477d7aafb50189802a28412a94516d93bd1db"
"textures\terrain\cliffnorsea_gloss.tga","4194348","748e918ce8e25ed958ea2f64ed8b2193c6b11d922f8d60aad099dbd51e4c32ee"
"textures\terrain\cliffnorsea_nm.tga","4194348","9981257d11a75731f25ea845d1e75c303ba254c9f574c194093defe2a773af6e"
"textures\terrain\cliffnorsea_spec.tga","4194348","50b78d2a933439427fa51c318de2803257b83fa738fd256b3befb6b7e07d032c"
"textures\terrain\cliffnorseb.tga","4194348","5ac272a9deb504a1e31920899de5190b4bf9096d4f14abafdc6b32db8bb278d4"
"textures\terrain\cliffnorseb_gloss.tga","4194348","5be7e88e968b1302b156309747d6a478283e0ae8079c666a630d295772c6514b"
"textures\terrain\cliffnorseb_nm.tga","4194348","e8d73687c02c5faba13106d7c54307c84ddb70dcfd3a4b532f09d5bf2acbd933"
"textures\terrain\cliffnorseb_spec.tga","4194348","5831c02f4a76b79cf136d41624a6009c7d892c4e9e6a046a37ce6739e8fb2240"
"textures\terrain\cliffplaina.tga","4194348","c1faea2241a8f6a6a3808016b1fe9252b66c4d2aa1bb5deec7b17607de3a79a4"
"textures\terrain\cliffplaina_nm.tga","4194348","ae0845a5e268664669731f4373296ce8e5377d7a16bf5a9cfd562b1914f109ce"
"textures\terrain\cliffplainb.tga","4194348","fe6a4e42b14e3e21b197ab3c2d5f216451edfcc0b767868136dc2604f5b6977c"
"textures\terrain\corala.tga","4194348","b86190e8ae5304a2fa5e4d58d7a5440201f54b8cd2c59425d9e53209dce5f9f7"
"textures\terrain\corala_gloss.tga","4194348","22dbe453e5235e78351da60c3058b47714138c2f2cadc1378ae4211dc04ccf66"
"textures\terrain\corala_nm.tga","4194348","68a941fe66ee04583b10d5a71f0a9f7fdbacb788505af33737fba99f4000a413"
"textures\terrain\corala_spec.tga","4194348","bbd4e6b0f7e132f04159287a9781b4569dc221a0a07c76b3eeac415ead085e4c"
"textures\terrain\coralb.tga","4194348","f132aa64b8fc4825aa3777800025f4d06acdbfa7508e7646ca0508b225ac3102"
"textures\terrain\coralb_gloss.tga","4194348","b9ecd40647d00ba577add3dc7c794d4dc0d06883dd5b04dfb4ed8db001fa1ef6"
"textures\terrain\coralb_nm.tga","4194348","6950b22580d0e492b33613b3062d9ade045458b6665632fed1831c804ba07a96"
"textures\terrain\coralb_spec.tga","4194348","0b10d22ed5c92d5261ba6d76641dd5e4005543feb792681e7460b3e1633a0ed1"
"textures\terrain\coralc.tga","4194348","63e4f0ed92ebf87f2c4ddaa6faeea7e50cee340ad41d4f2dda7ee06ace2daf13"
"textures\terrain\coralc_gloss.tga","4194348","b967c01366ea420697a7f6d6322c30f1d2f2b06ff597ea5abd73b73eb62c6d1f"
"textures\terrain\coralc_nm.tga","4194348","349f3cae97d42cd5bbe70276dfbdfd7bbfa8032ef2951b546f86361450fcc255"
"textures\terrain\coralc_spec.tga","4194348","d461132e28f2d8c525dc76c87a021436ac0241c0c5058076738583ddd122d3da"
"textures\terrain\coralc2.tga","4194348","f22a2a6202c383bb561d647131aa30788b6c83f1c27331fcf36682f6ff79de69"
"textures\terrain\coralc2_gloss.tga","4194348","f83c00e7d2fa6ae55dfeb70d888ff2ee118976abb8fa661973b354960af24056"
"textures\terrain\coralc2_nm.tga","4194348","673e4aa7f23e116522b4f0d103944edb466b295f903150c0ed4395e8f239dd4e"
"textures\terrain\coralc2_spec.tga","4194348","65c3d96ad92a8b3858876c875e84f3efb5a9f527f54c61c097e204a51e582be1"
"textures\terrain\corald.tga","4194348","e62cb1c0ec777453e732de1dddcacc5fde4df35d7ac42d5233eac3f27eae1bca"
"textures\terrain\corald_gloss.tga","4194348","6eaf3dda66303c6006e520d525d63db8e34193d32239595e044fe44e4dcf0cc5"
"textures\terrain\corald_nm.tga","4194348","7f08b0eae561d08ff691d8c6adc2bfcf0af2673e033938923e8a676629435e99"
"textures\terrain\corald_spec.tga","4194348","57e8c83c8d9c484866b1decd5ba40be9a67dab69228874fd37e626f79bcbd924"
"textures\terrain\corale.tga","4194348","09b7c8cb3881bf206d290f3c28f67c30c567acd5f0d2422331fca2f482889240"
"textures\terrain\corale_gloss.tga","4194348","c791e2d5bc09081bec75d95bf66479dd3f4807f450b065e486b6bbb75dfd94dc"
"textures\terrain\corale_nm.tga","4194348","9c58ad00311530dafe764cab4a9e7c263638a3e669a44277250f903710e2fbb0"
"textures\terrain\corale_spec.tga","4194348","5b232a54b336b20a0a54ce86230127ffc9c890f3ff5a5c29fdd2a12b0ca68c4e"
"textures\terrain\coralf.tga","4194348","c26d25bf6da3fb90bab4feb53df5c2bdb4a4ab6802c221f907861fa994475f40"
"textures\terrain\coralf_gloss.tga","4194348","c0b5edd0b8311566b24544994464a6704c3d6bcbb12fb704fb89a3357ffb4341"
"textures\terrain\coralf_nm.tga","4194348","ebccdf9ce8bcf034bcca85509817f960dcd72e64b988444e68ba95f3c88eb492"
"textures\terrain\coralf_spec.tga","4194348","e9097156129e3c60881a5fd5ff3f1ab0cb53f581022330d5dd4d6c655fbd6828"
"textures\terrain\crust.tga","4194348","1d9d8c0153d39f46d6d73bcf161724d90904b726c8165e6c67425416e16426d2"
"textures\terrain\crust_gloss.tga","4194348","abd2582a23af1acd72ad6c1bfa12e18ac7cd17056aa134a5ca7e43ff32ab1db9"
"textures\terrain\crust_nm.tga","4194348","33a57bbbdda84dbc6c7d94f9196bbdda681feb8741dd123eb34f5d879f4083fe"
"textures\terrain\crust_spec.tga","4194348","e21c05c72b7f1db0d0adfa3d56fc16a27e83cfa3a7912596f604f97d0bd0d39c"
"textures\terrain\cutoutgreen.tga","65580","0f9e0d0aa62e22471b6ee8ca77230a892fc2cd24e0e9ea7a5fb75f410afc9b91"
"textures\terrain\cutoutgreen_gloss.tga","65580","98b4e20e8b6e75744a4599fa733c3034971dca1acb6c67efaee3b29ed37ce3d1"
"textures\terrain\cutoutgreen_nm.tga","65580","bc0e86a474f8dc838b7605053d7d03119cd49518ce381cd735f22adab6319cad"
"textures\terrain\cutoutgreen_spec.tga","65580","1788f93192220508d68d5c52c093a76ea6271a9b440fa8b46f2f5e8021428794"
"textures\terrain\dam.tga","4194348","1afe774489d551dd108c86ee7412896073c33a3f18a89bf81bfdf1dc33995b51"
"textures\terrain\dam_gloss.tga","4194348","48f9119acb835ac812407874716537b13906beb4035bdda98009964ab6f14a6a"
"textures\terrain\dam_nm.tga","4194348","86a9e912c2e5031a30885e52376938a44811bb86d96a22e92450d2d32ea2915e"
"textures\terrain\dam_spec.tga","4194348","ddbad8eeed5166d3b46a75659c6fd53f6846b71638d3a707e2117547fa058293"
"textures\terrain\defaultnormal.tga","4194348","f2319162dafe1f80f520dad8627088bd1d22793778e9f5e504e3c13daff127da"
"textures\terrain\defaultspec.tga","4194348","df841086cf9495e30fc203addbea8512f7e5635040dc2e74d000ee4acdcb8080"
"textures\terrain\dirta.tga","4194348","49124b5664b8cab9ac562c6db720c074ba1ee64efa25c6d6b12fa5e8336126c1"
"textures\terrain\dirta_gloss.tga","4194348","b9275c33633c3d0126bc00aee9dfc12ee0d058605a0936aa3e43bbef3750c3d0"
"textures\terrain\dirta_nm.tga","4194348","624d23c720301056952ea8b51da0fabd1b72ef012df2ac88b021cf3d57b32054"
"textures\terrain\dirta_spec.tga","4194348","961bb06441437e4a9a1d45b5c292d21fbcc881601339da2c7bfefc42e1616f35"
"textures\terrain\dirtb.tga","4194348","37f325bdb3cfa5a4e65a464c5e747f655301453506f3bfe8d30727442ab2da9e"
"textures\terrain\dirtc.tga","4194348","b7de9f2116e77396c732e652472c7c9e705bafd6eab9cd1ecf73328284198245"
"textures\terrain\egyptianroada.tga","4194348","4fda3b99c7af70aa3f1dd8243c9e5dc5448ca8ebb7dc42b70797afad29703c7e"
"textures\terrain\egyptianroada_gloss.tga","4194348","e4dd7d1130fff7db1b525022457b3b2e84868d96ea7d582e07f5b05797f40210"
"textures\terrain\egyptianroada_nm.tga","4194348","4ef3983f59a09a0b0c87fc71bf7842752bdc67210d3c3d3769e309637fa89c79"
"textures\terrain\egyptianroada_spec.tga","4194348","58728ce8c5bdb4b2e820e1dc72e79b85bca77395df3bd85279ac171cdb81331e"
"textures\terrain\forestfloor.tga","4194348","1c0fc9ff77458c08e42fccef0b1abd18c2716fd221795c3857fb5ae78a8571af"
"textures\terrain\forestfloor_gloss.tga","4194348","a1c3f46e2866159d055edb63b4ce2089c0fdc4a4a7c4a31a884672dd1c39e047"
"textures\terrain\forestfloor_nm.tga","4194348","fc716cac22a8d198a996877bd3f4bc343ef18af80cee9999cd150d21f0713810"
"textures\terrain\forestfloor_spec.tga","4194348","5a504dd61c401aed62fa7f3b52de11eb9ed60f6f27449da1b61df47f0b87e3c7"
"textures\terrain\forestfloordeadpine.tga","1048620","75cefcaf745a3914bb87e5e0ebe1e54988650df769c82529e3e56098d5053ca7"
"textures\terrain\forestfloordeadpine_gloss.tga","1048620","64ced16d1d8dbae1a75b8667672b1a12dd1f204ebdc7fb4f409508de02de3b66"
"textures\terrain\forestfloordeadpine_nm.tga","1048620","ae901bc4f63b4edef8f0432fa8c01a7ef6f2b68a1ec7c8e9ee333f1af80208e5"
"textures\terrain\forestfloordeadpine_spec.tga","1048620","7eded2a78e16e533acdcf3599768e027a9ca07b13e0911d42f8a94fa47a953a6"
"textures\terrain\forestfloorgaia.tga","4194348","c32951b81bae4b3301f7142a2a412b145ffddce4732a7bcb6ec138384f70b4bd"
"textures\terrain\forestfloorgaia_gloss.tga","4194348","b5a3aa48db37aaf7e2330b289d781d02b849a71d9af667944c1e227cfb24cec6"
"textures\terrain\forestfloorgaia_nm.tga","4194348","7a86ec7b854ce233720268833ff41c0b074c3dc718c69bfd9ea426877ede7e45"
"textures\terrain\forestfloorgaia_spec.tga","4194348","af0f7ebd9172b0a971af095bf2d20f3790d338cc6bc5a04b1d575b9122654f3d"
"textures\terrain\forestfloorjungle.tga","4194348","24af6b465b0d58d693d267dbd31f878988d960dc72c661f4bf00ea71b2369f70"
"textures\terrain\forestfloormarsh.tga","4194348","398018af1b7c34271388b246c6b90ef58792184dd23c4d1e44da5a163eb54fec"
"textures\terrain\forestfloormarsh_gloss.tga","4194348","7e4f25a9ce3eccfbd02339070e4f5dbff1b3d200994255be23c6a593db54cf74"
"textures\terrain\forestfloormarsh_nm.tga","4194348","c214c040df77805a3dba3f6926d6234e53f5b13b5a0a88b35be34a8d0249ca2c"
"textures\terrain\forestfloormarsh_spec.tga","4194348","0df2329d67a1ca6e7bb4ef279829fb97b775f4c4bff206a4f0573c81de308335"
"textures\terrain\forestflooroak.tga","4194348","81e50a647a0540242448e240ab95b1c977c55a2057e91954d08663efe785a205"
"textures\terrain\forestflooroak_gloss.tga","4194348","ccc7cbe959447e07d2bc3d3889651b5e4ebf3819974359606c66bbb63af371f9"
"textures\terrain\forestflooroak_nm.tga","4194348","b4ccaa780b16ff553b73ccf579e464ca4f14f528bcca3a39659cf70aa50fab2e"
"textures\terrain\forestflooroak_spec.tga","4194348","bee39496e3422807ac3c9883925c58c063702372d79dd12d1fd501cd7cc9d188"
"textures\terrain\forestfloorpalm.tga","4194348","29a6a6df9d8f2b2abd2cf15e94d19dba24748ddc04373e12a56b08a778951eeb"
"textures\terrain\forestfloorpalm_gloss.tga","4194348","81bbc05fcb25b3c759d04a0dfb7274350692f4ec398c43bbeff37eeb2dc04526"
"textures\terrain\forestfloorpalm_nm.tga","4194348","c618892053d8b68b1e99248d9ee151fef5dac72d970f8096e39d0e7050c88219"
"textures\terrain\forestfloorpalm_spec.tga","4194348","4a9e263376ae8278416fed5f20ab99d40dddd4d204bbddfc0b161fc41ff6e3fc"
"textures\terrain\forestfloorpine.tga","4194348","1c0fc9ff77458c08e42fccef0b1abd18c2716fd221795c3857fb5ae78a8571af"
"textures\terrain\forestfloorpine_gloss.tga","4194348","a1c3f46e2866159d055edb63b4ce2089c0fdc4a4a7c4a31a884672dd1c39e047"
"textures\terrain\forestfloorpine_nm.tga","4194348","75013678137a1255468bcd3d255715727393c3aecd40714fea698b3bf11cc0b9"
"textures\terrain\forestfloorpine_spec.tga","4194348","5a504dd61c401aed62fa7f3b52de11eb9ed60f6f27449da1b61df47f0b87e3c7"
"textures\terrain\forestfloorpinesnow.tga","4194348","5a89b1a9554aedf3d83c568556178a3bde3728ebcf9b22e0f2d70dfadf6e760a"
"textures\terrain\forestfloorpinesnow_gloss.tga","4194348","5be7e88e968b1302b156309747d6a478283e0ae8079c666a630d295772c6514b"
"textures\terrain\forestfloorpinesnow_nm.tga","4194348","a36e3927cc96f3b319483f47d45f1f3977f5db2c8b505cc0a94969640549382f"
"textures\terrain\forestfloorpinesnow_spec.tga","4194348","c3d5af83d78d106cc432c1f89d278f9fdf04ea602f504a2f47bc2219517d50e5"
"textures\terrain\forestfloorsavannah.tga","4194348","24dfbe5673de76cd5c33788c7b566a289a2ccd502fcec4ec358e4033e1f50094"
"textures\terrain\forestfloorsavannah_gloss.tga","4194348","db84f5fe0f43c62a28a6288537346b3e339053adfc6f4d72b131cee921124430"
"textures\terrain\forestfloorsavannah_nm.tga","4194348","06d0f64d0c13239f70cea3732b6fdb8779c9ac7ba1146ae53f74196bbdf4f5a2"
"textures\terrain\forestfloorsavannah_spec.tga","4194348","1573bbec9c949051b6e3fcdffd0394fefe7c38219191fef395da2bc1619cf778"
"textures\terrain\forestfloortundra.tga","4194348","5f5742198510be67c82cfee5dae0ae8d076d4156b4af0c6f0f9eef4852931132"
"textures\terrain\forestfloortundra_gloss.tga","4194348","7855f0f1f3f293ee19c2819c27f483ed7a94ae3faaa54031980efb1faf302033"
"textures\terrain\forestfloortundra_nm.tga","4194348","e269c3903d93860160acd8ad7331aedfde8e9a0117669ff5f71264779d24e46c"
"textures\terrain\forestfloortundra_spec.tga","4194348","ca101e44b31b20f369624f75bf2a2810fd39c0ae510f136ff8aa6e71e75b9397"
"textures\terrain\gaiacreepa.tga","4194348","4a44ca7e29d302f1d91d32e35cb6cf9294a6d1699c5caed0c133f31686b1f369"
"textures\terrain\gaiacreepa_gloss.tga","4194348","eba96743ca5fa38887d1074f07fc3e33e6512657137d05316dd34a4b79ca61b8"
"textures\terrain\gaiacreepa_nm.tga","4194348","791b4ad2d85c238d27ee174b3099310bee923ce3fd4d7860ec0f4ecd591a9f44"
"textures\terrain\gaiacreepa_spec.tga","4194348","5e404244b3668e19961710e7ee909f99ca9a57e712f0bec720dbc86320677395"
"textures\terrain\gaiacreepasand.tga","4194348","aa0fd9276d8ce45e4945c735034db7202ff206fb55c1a2dacbe632bc42976c7e"
"textures\terrain\gaiacreepasand_gloss.tga","4194348","1ca91446e292e14940dcb6f7183beda10f7a9ba810f18222447b012d9a469607"
"textures\terrain\gaiacreepasand_nm.tga","4194348","d800d3e60c9c4a4e3132d78cc85b792117e769037f14c0ec32c5088c39195821"
"textures\terrain\gaiacreepasand_spec.tga","4194348","3e484a6a1aaea247b6231ed3b69a56e8b0dfa206b33a28669bad8b430540babe"
"textures\terrain\gaiacreepasnow.tga","4194348","bef1afc6ecc78b559a08188a66a92ae53d4fe3f0f35c3e2008407c7429a177c8"
"textures\terrain\gaiacreepasnow_gloss.tga","4194348","c0af74b61ac6a6a77049f64409e0ce6f3dc22e9070bd965ff41ddd74696dc78a"
"textures\terrain\gaiacreepasnow_nm.tga","4194348","d800d3e60c9c4a4e3132d78cc85b792117e769037f14c0ec32c5088c39195821"
"textures\terrain\gaiacreepasnow_spec.tga","4194348","36d72beadc2fcd1bd046d0b4ed8026213f8f8906e19c65df91f362bb0d384064"
"textures\terrain\gaiacreepb.tga","4194348","51224adaa967d47527f64e3b55dd37bd8a0b971ae048728c6ebfa2730d0f1e5a"
"textures\terrain\gaiacreepb_gloss.tga","4194348","ce8ad82ff70a334bdba3b503288acd80e649a4913ed81e54ec6422a963792619"
"textures\terrain\gaiacreepb_nm.tga","4194348","c2957deb22744a2785beb2c94747edb652143c2fdeca50b27a5858939b0eb9e8"
"textures\terrain\gaiacreepb_spec.tga","4194348","ebe38475a3d54bc347fc512036e0bd3fc5be43b32600474cf49779d025f8015f"
"textures\terrain\gaiacreepborder.tga","4194348","596c8c8f1f8217f18239465f9d278530f1442bd780434b2c4ea8bc06cdd96aa1"
"textures\terrain\gaiacreepborder_gloss.tga","4194348","13b7f633f9292c2a16a8fa9c56c8c5b11951516d4b092eb6ec81571db054fbf8"
"textures\terrain\gaiacreepborder_nm.tga","4194348","b4be512883ec6ea5e5d0017d7ec363c9471746bcdd4833fec1664490d08ddd8e"
"textures\terrain\gaiacreepborder_spec.tga","4194348","59249a229ec2a5c84843f4b4f8342edea7754c4d222a1899e4995fb1deb57300"
"textures\terrain\gaiacreepbordersand.tga","4194348","34b5f97b4ae0baac2a171bae169d856b63940896b4f95500bea328244eaa88d1"
"textures\terrain\gaiacreepbordersand_gloss.tga","4194348","d6a919ff8325ec48ad57e49537bddb08193bb40e1e02dd64ae32f848caae484e"
"textures\terrain\gaiacreepbordersand_nm.tga","4194348","d800d3e60c9c4a4e3132d78cc85b792117e769037f14c0ec32c5088c39195821"
"textures\terrain\gaiacreepbordersand_spec.tga","4194348","546dd76346c2c94ff9c520c4ba857652058ef8cb2b52ea9359346b72fde7aa3f"
"textures\terrain\gaiacreepbordersnow.tga","4194348","966458138ead7702742aff45858e35b227ee0b4bb646da48514813f32e7d7b64"
"textures\terrain\gaiacreepbordersnow_gloss.tga","4194348","d7080e40830280de962e142a2c391a06364aaa35addbce38a396c93c38c3b10c"
"textures\terrain\gaiacreepbordersnow_nm.tga","4194348","d800d3e60c9c4a4e3132d78cc85b792117e769037f14c0ec32c5088c39195821"
"textures\terrain\gaiacreepbordersnow_spec.tga","4194348","110e5998e05d7f468de7e322b45871b511a8bf2aa911f09bcd092bb8366e962b"
"textures\terrain\grassa.tga","4194348","9a382c1a38ae71a371b3dc0f4ac7412b4e6613938486867a163d3edb45ada88b"
"textures\terrain\grassa_gloss.tga","4194348","d0bfd93587fd68884bcd3a66ebe392293f3b2341c7b9f294c93fee18c3edcf25"
"textures\terrain\grassa_nm.tga","4194348","89a39747e2b97c30d2cf494866883f48de9f4ab7328618d4a8264be6c109c7dd"
"textures\terrain\grassa_spec.tga","4194348","7a969af7e1a16ca038de50bb76baba8394e3ceaebdd46f74125a83e369d36214"
"textures\terrain\grassb.tga","4194348","985b29f2ae08ba25c2f51ca2f66355592e4050f6c31eb2337b4a1a80594b400a"
"textures\terrain\grassb_gloss.tga","4194348","52f654ebfe571609db4c6f047aac54ea7c118f0f572a5c0686c4a7f40ab97d8f"
"textures\terrain\grassb_nm.tga","4194348","e098c87385b6379a2192ab2ac79eaf9c52ec63e6251d8b7e2225539675ef0c12"
"textures\terrain\grassb_spec.tga","4194348","554b6be93a5905aed8a39cbef4a8c580513788472eb679f29f1d323a67ba32e6"
"textures\terrain\grassdirt25.tga","4194348","4600d454da936e3a1353129c6f3ace16766c59f59a6be37f8349c4b47868cd3b"
"textures\terrain\grassdirt25_gloss.tga","4194348","61d6f8791a74ca3868cf6469e9d06931952b2fb591f3b3453e63f6ae992b4f60"
"textures\terrain\grassdirt25_nm.tga","4194348","787534344a99d2a66d88c291746aa17a9fd06ce67e0758c78757884f80f18f3d"
"textures\terrain\grassdirt25_spec.tga","4194348","9e7c95ada5d1ea9841de70e40c5873ad42825ee0f947c074478709482dbc1fe6"
"textures\terrain\grassdirt50.tga","4194348","60778b7755ab7b3eab1eec0c53c66ee1171c8a4d31981d773efadf64d1feb9c3"
"textures\terrain\grassdirt50_gloss.tga","4194348","848f38a0456a9cfadbe6c6595dd5e85a7b2ecbf11103b38cb52ecd6d4af679e7"
"textures\terrain\grassdirt50_nm.tga","4194348","d9c86b56f009ecd0d7ca4bc82ca5e26bc234f71ebda9de9f5111239248447617"
"textures\terrain\grassdirt50_spec.tga","4194348","7228dd660b2d645063a6e36d3eaa5dee6f038b71a49c537d57e51832dc3eb31f"
"textures\terrain\grassdirt75.tga","4194348","000bb1a0516c8f2c1988007255c7dfb439f1992889a8899510e690d1e2f00f12"
"textures\terrain\grassdirt75_gloss.tga","4194348","472db66e42bbeb2f5d8965a6f442865b0cc8768bf44d6207acb4d7b7e36a949d"
"textures\terrain\grassdirt75_nm.tga","4194348","d5f1e04f9db9dd91cc862bbaa18636315b0a800f0169a69c38bd0a3a827e82e4"
"textures\terrain\grassdirt75_spec.tga","4194348","0de21afe65933df451428808b59bf0e922356d9ddf0af62e3df73e7388b1b38f"
"textures\terrain\greekroad burnt.tga","4194348","5d8f7204b3ed8690d6bd8f28fdea31c166ed5c119809da3991601f64a25fc6d0"
"textures\terrain\greekroad burnt_gloss.tga","4194348","40030ad757ad486360d7c5d088fb3ef517da632d92f13380da1c731d4c94d850"
"textures\terrain\greekroad burnt_nm.tga","4194348","1ef998e637d52e2bc251230563ccd791f7ed7b79af18c2dfd171f6b1c763b13e"
"textures\terrain\greekroad burnt_spec.tga","4194348","a35069c73d4ee461325273f90a2f583f673eb63f1b85ba6f29826720198400af"
"textures\terrain\greekroad burntb.tga","4194348","39ab96fb4767bde875851da09d87f906db37eea2828f39680a93bcd1827a75e1"
"textures\terrain\greekroad burntb_gloss.tga","4194348","c1cad72ba3c31161c9310c4d2342d86e01d455cf8f46b8f7790f52bc79bd0cd1"
"textures\terrain\greekroad burntb_nm.tga","4194348","2428face19333997298cd6df6b5c3e8e007ea05e31b1458db6a8c549c435a154"
"textures\terrain\greekroad burntb_spec.tga","4194348","a237fdbf84b871bbd4d09d0eb90807606be951a27cb1d743c9ef4a75aa27dac9"
"textures\terrain\greekroada.tga","4194348","756f229be4fc968c14890de5520dc96cfd3d970e86c7f8924e6c1276bd4c0b5c"
"textures\terrain\greekroada_gloss.tga","4194348","f883019c5830d431ddb8eb9adabe8df6af99997be5450c62823975202266ac29"
"textures\terrain\greekroada_nm.tga","4194348","4ef3983f59a09a0b0c87fc71bf7842752bdc67210d3c3d3769e309637fa89c79"
"textures\terrain\greekroada_spec.tga","4194348","956b02e3835b0b4550061f7b3b22edef3f3d8415c498ed63ed91fb5cfc17b7df"
"textures\terrain\hades1.tga","4194348","24c944e47ed7dafbeed13e77a45de8ea3aa91c2cdddb3dc09f67fccd1f817867"
"textures\terrain\hades1_gloss.tga","4194348","7f1fa16967cf41be760d944576f7116837724a370bfe2817cfaf484b9f20ef4e"
"textures\terrain\hades1_nm.tga","4194348","39bf21271f679f1d649217c890235634f1dccfc17e8ab7a07ee12a6f0a6cf825"
"textures\terrain\hades1_spec.tga","4194348","80adb9c10cf6d818b7626745c1258ed408de385ecae4ad68a7706d04896ffc9c"
"textures\terrain\hades2.tga","4194348","cd052e664765673a5b3a726ff58a4ddda15d71ed541c306ad4a9363000be0552"
"textures\terrain\hades2_gloss.tga","4194348","1b3d096b81cc2685d140240552555aad5968364c5d4e30c3060ba70dbc86ae3c"
"textures\terrain\hades2_nm.tga","4194348","a5d39fc683b15fa4dcdb622dccddb10b5bd527c2376c54453a825be3789f3325"
"textures\terrain\hades2_spec.tga","4194348","ab931cdfe26f4fa2af46747788c63ab5a229b749dcc72795a35caacffafadff6"
"textures\terrain\hades3.tga","4194348","06cad5d5543b0b69e6a15128b38076c22e1b02a4bae8d15284b38ab0e807a57a"
"textures\terrain\hades3_emissive.tga","4194348","656769bef3836c76d7e6a1428951e4e44528019379e1361d4e0a090dec8dda7a"
"textures\terrain\hades3_gloss.tga","4194348","09512c277cb81da8213b36a0964e5ac827f378b107c43165cb0266031e245b2d"
"textures\terrain\hades3_nm.tga","4194348","a6ee3699df826b5c20c6a7065395e3de255e988855740ce8761d9e8a61d7f476"
"textures\terrain\hades3_spec.tga","4194348","57b5b89993c12f8cc7b14b85e7b06b6abfec030955b3c23d5477e4b05f077b97"
"textures\terrain\hades4.tga","4194348","5bdbd123ff0ff5585bc2b462a4c256509cfb2c3ebbd6af2636824724336cbabc"
"textures\terrain\hades4_emissive.tga","4194348","658cebe586d0ab5887863e3c51448d2dc1abcdc6da0b82c4c4e2c78e11f5ea4f"
"textures\terrain\hades4_gloss.tga","4194348","879a84341a275b3bcfc7ec5a90634e451948ce6fc33d8f9fe44ea370cc2b2be6"
"textures\terrain\hades4_nm.tga","4194348","802406bda504d13b2b614b78af6c06ca110d6d7e2ecade37cb83c195eaf5e690"
"textures\terrain\hades4_spec.tga","4194348","5456971935e7a14ee4fc4cc30cafa05f6e88c2f0fe82fa0630169ffef36822bd"
"textures\terrain\hades5.tga","4194348","23055681d45c85caa8ef404cca5c5669335c9cd7a924838e455535b6400bc49a"
"textures\terrain\hades5_emissive.tga","4194348","c2aaa90588f2a73781c4482319c158e1ab082e280365c4cf2fea59e59b4b42c2"
"textures\terrain\hades5_gloss.tga","4194348","62244ca3ea84a070c6463898bbb37ed6bec2520cd99d3fd7ec94b257c57e0991"
"textures\terrain\hades5_nm.tga","4194348","92e5b95d137ba8676681d5a66a4fb897f170cfaf23e106697becdbdcdb5a6434"
"textures\terrain\hades5_spec.tga","4194348","41511e9fcc8f63f8cafb96c13bcf99c81e93f2ab957156aa29080793885edef3"
"textures\terrain\hades6.tga","1048620","0bf11abd7f08a02ad8bfd7cc9c28a7587b48964847bf4b168949141c6bb066fc"
"textures\terrain\hades6_gloss.tga","1048620","53a2fe892568439cb5b110fe407dc98673b6d40fb25f08df2440f821ec487b7c"
"textures\terrain\hades6_nm.tga","1048620","c58503576acd26f679755b11c0e4adca23a4949e5bdcd92463bcd6b5d40e1a0e"
"textures\terrain\hades6_spec.tga","1048620","fd2d747c2442375d80aa383b8e3b427969a03fafe7d487fbdb1d9b068028c393"
"textures\terrain\hades7.tga","1048620","65f8ae36ffa7ae36a4eda6187b5776d55d1246a132f10537db237ebee17c05ba"
"textures\terrain\hades7_emissive.tga","1048620","b15f39ff8f9f313934ec5282c6339a5879c1a4b9acd10624a7907936a2cc58f6"
"textures\terrain\hades7_gloss.tga","1048620","87861632edb4d2046137139b6fb41a3c6b868bbb753b72655dbb6cf2b33863aa"
"textures\terrain\hades7_nm.tga","1048620","4a592c216993b24cb9cece04b519713d4b607728dd221202d102a736711de88e"
"textures\terrain\hades7_spec.tga","1048620","2916a7de5560bf56cf57f671dc40474dfbdbd7fc71f21e7c5d8c8338b96f8afc"
"textures\terrain\hades8.tga","1048620","4431cd5a3161b273c736de18b62a68fb748a2bb23636641916982edf5b345cc1"
"textures\terrain\hades8_gloss.tga","1048620","7459a0809a1a1d621dcc7a88a0868fe22fb1d244b01c9a753486462ab3e7342f"
"textures\terrain\hades8_nm.tga","1048620","a41dc3070500a3aebca4dcd79676d4efeca1026f4007578c5502e71bbaf3f2b6"
"textures\terrain\hades8_spec.tga","1048620","7c2b0e44140e52412347d22853d7465894a22f0390867f1c962a2dc54b669dba"
"textures\terrain\hades9.tga","1048620","20cc2262e9a16e0d821914cb234d68edac128d637c5107a43c91d16ea4df06a8"
"textures\terrain\hades9_gloss.tga","1048620","1b3ca130aacf55bfcff2c3f6a53d59aedbfea43803012818551ef1962e0b5714"
"textures\terrain\hades9_nm.tga","1048620","bdfe4a0317bef4d4076782ea21884d98b97c356df53f368555e41e5f6fb6c9f7"
"textures\terrain\hades9_spec.tga","1048620","22cb1afda6866c5b17222132430c94b68bad48e2b6d644aeeeb5960a4117229b"
"textures\terrain\hadesbuildable1.tga","4194348","5e033a5fc925df2522dc7a0df8a52e003e1712ac786ca563cb997bb3318129de"
"textures\terrain\hadesbuildable1_gloss.tga","4194348","78cb93fbb75d392083d5df3f2e5e302a75f38a7d3456fe401a2b340632417109"
"textures\terrain\hadesbuildable1_nm.tga","4194348","e0ced05aeea065102f09dd2da19c7c92d274e6b1798566f353054735635f415c"
"textures\terrain\hadesbuildable1_spec.tga","4194348","6a855f251b4acb330174dd2163c3d14c1281f332aba3fbb6d8d3a2198f22b722"
"textures\terrain\hadesbuildable2.tga","4194348","399e2ea6e6a0bd598bfd1e7053c020b4979d27b5bd2fe7e1b9f7a01a16400d53"
"textures\terrain\hadesbuildable2_gloss.tga","4194348","fafda3ec7090fb9b6f7f85e50470ed37c412fcb7aaafe87b7942885d01acd660"
"textures\terrain\hadesbuildable2_nm.tga","4194348","a5d39fc683b15fa4dcdb622dccddb10b5bd527c2376c54453a825be3789f3325"
"textures\terrain\hadesbuildable2_spec.tga","4194348","290aa2827c63935911249aba6c68858d2eb70ad931d0625c88129d72d9beea35"
"textures\terrain\hadescliff.tga","4194348","047e7e1015f9385c1ac0a18d0bee4f8d10f56ed0bbeec9ea4988c00da8f7f56b"
"textures\terrain\hadescliff_gloss.tga","4194348","07284b8c68e644c94ab62f639316bc7dcfc29a1627373a33bc67967135c1b262"
"textures\terrain\hadescliff_nm.tga","4194348","e7939567d84cf15321f5fc012dae03336caeb0577448f8b7869a1892f680ed19"
"textures\terrain\hadescliff_spec.tga","4194348","5b21822d76eb93b5d63444e4211c2fcadfbf62137d8d45d05869b183b0fa5572"
"textures\terrain\icea.tga","4194348","4acdd251e6308a6de4562b830bb20e41c4edb9618d3fab36323e7025433f0853"
"textures\terrain\icea_gloss.tga","4194348","fc2a3219b59bfa89edd4fa715af589e3e84e2f44fe8c91dc0589eaa4bafa1539"
"textures\terrain\icea_nm.tga","4194348","f190700d63e0bbe0db2f75a784dc2ea7d81153abdc83534791cdcfef6687c9af"
"textures\terrain\icea_spec.tga","4194348","03d5f76799c1e1e2f8b1571abdf0a64ee1f178ff393b38ce4a5437bdc8ddc7d9"
"textures\terrain\iceb.tga","4194348","35b777987bc94fe7853fb6d30c38ad150ffed8771a8b8ae6441ae2519d2d8352"
"textures\terrain\iceb_gloss.tga","4194348","28a2d5de985046c40dcb7e8783c8ab031ae7b5e28bc36ccfa6297d145d8cdc97"
"textures\terrain\iceb_nm.tga","4194348","71a9d326b0882436d45b11a09d023d92c97d9a36d33c89ad1bab3478b7964022"
"textures\terrain\iceb_spec.tga","4194348","536e64b6a8f6aa2388aea4658a4929c0ed39ef2ec568acfa3b3f9866c68e1178"
"textures\terrain\icec.tga","4194348","86a37e6578950edd4cea4a5cc09fce60891b346cbfa12f2f869d4c37d473d935"
"textures\terrain\icec_gloss.tga","4194348","d373adf572a2c3018140b5bd22fb48756854860bbf4f01251645897679c3e7af"
"textures\terrain\icec_nm.tga","4194348","7b277f455c0803d7030ad42392c73c6d13e186b3d5ac63594b0bbf1ee8b67f45"
"textures\terrain\icec_spec.tga","4194348","d042cf84cb00a79c26def46c4b1dc8729244dc0c8feb7f3379f2c919658a1781"
"textures\terrain\junglea.tga","4194348","f7999be88afbea42ab23b5693738a2fb41b20feef1f39ab5fee727b839124ab0"
"textures\terrain\jungleb.tga","4194348","d8885215fa623cbbaaa496decc3462e6109f0a330d9bc8fd311999a788054276"
"textures\terrain\junglebtest.tga","4194348","803086831772f4a133eb92380b5ec999bab1634667520ac317021dbcfbf0f084"
"textures\terrain\jungledirt25.tga","4194348","fb3850c5b43b0ebcb073e5ea23539b9968b365a7819bf7acba26affc12306325"
"textures\terrain\jungledirt50.tga","4194348","f622320b88f938319d921dcd00194f0ed6834a8a017da03ae5b789dfef397eed"
"textures\terrain\jungledirt75.tga","4194348","79c9555061b96c58dc60813bffd154924a4d3e22708279ae53f01d2229d7c67f"
"textures\terrain\jungleroada.tga","4194348","343dd90494a17f3bd63b9f03fc7fd529246bc17d6e830c5087cb77d4209d9626"
"textures\terrain\marsha.tga","4194348","a9fe612f2691fe76f4162eb31a12f117090ff2ea163922460674f84a3a0c9367"
"textures\terrain\marsha_gloss.tga","4194348","1d072766679c013773440d8cca99a1b506a0e5431b3b5bbc40b672fb23e23be3"
"textures\terrain\marsha_nm.tga","4194348","ce51700a34fdf2da4376ce446023a5e2c6e84bf35760d2ab4e77e3eb51b8338b"
"textures\terrain\marsha_spec.tga","4194348","ef017eb35631aeffddc87cec1015f006735aaaa1617cd45f2193acdb7fc9cbc9"
"textures\terrain\marshb.tga","4194348","9ed4a1ed73749090939584135a981d7b10ee7c709f48e6c59f600279ef27d87d"
"textures\terrain\marshb_gloss.tga","4194348","066b066e63bcf494d7e9e5711ea0d5c5539415a22b3d44ae960e3b1718687117"
"textures\terrain\marshb_nm.tga","4194348","172db67c54c14b61a6dadc83406fcc72d47dee66c95a2b86d5afac929ec575e5"
"textures\terrain\marshb_spec.tga","4194348","69f8df4ebd2e390c8d22d35208f356582d9e27bdb4612799fdb5cd91cf75939f"
"textures\terrain\marshc.tga","4194348","73181de8e317e8a1594b0ddcd16d6faa1921e1afa4cd9e31956602d6d09a8672"
"textures\terrain\marshc_gloss.tga","4194348","75905c4877f8380a9b0156cc97ea5e1301e2fb313890ebb805e819aaf5dc69fd"
"textures\terrain\marshc_nm.tga","4194348","8166c5e3526e68fc2c56888b31ff5c10135fe103c5e60d5e2446ea1da3aeff2a"
"textures\terrain\marshc_spec.tga","4194348","777c936b66fa3ffcceccbc3b4058fa0693d83cc294163eb67849c0f690514ba0"
"textures\terrain\marshd.tga","4194348","633ee96a66e8e71150185a2edda2da01a34a64496b94273cd7174d6bda4e0c58"
"textures\terrain\marshd_gloss.tga","4194348","33ec779b59aa7caf01c15579e7cf9aefd27bbc6de105818d7586c57e5a036eb8"
"textures\terrain\marshd_nm.tga","4194348","d703c3dd98f1a8961b630b528a58b7e250726a7ca1c0ed51cfc9ff987aa4ee30"
"textures\terrain\marshd_spec.tga","4194348","3b8f61a68ca68f1b6b151610f017e91bee98d4f26113d537d41749eca69dc9e5"
"textures\terrain\marshe.tga","4194348","77d5633a395b2337b5dc1fde9e1cd853c202b206368b0d65be1de0c7115d9265"
"textures\terrain\marshe_gloss.tga","4194348","df3120492a6cfb48694d4c3a2a5dc161750e4835efc44145dc47f06520356f55"
"textures\terrain\marshe_nm.tga","4194348","3538f2fe6954f42f4c05c09c452d0846cc44074c5651f994d20a80a214924513"
"textures\terrain\marshe_spec.tga","4194348","328f9c59ceb267221953083a66cafc6ab1101b71764a35f9cddf5b0fcaeaa419"
"textures\terrain\marshf.tga","4194348","d7d26c629c3e024b4afe62ce9ae56bac110e1b4c40543b4b8d678d19494ac42d"
"textures\terrain\marshf_gloss.tga","4194348","96102aa20c0d0af0826475d35b18cecd88a0902f40f0dceb245458167611490f"
"textures\terrain\marshf_nm.tga","4194348","8166c5e3526e68fc2c56888b31ff5c10135fe103c5e60d5e2446ea1da3aeff2a"
"textures\terrain\marshf_spec.tga","4194348","84897f8db867d3fc2ca5b636ba27302d2a8bd4af9714102a3cf485284f0dafa7"
"textures\terrain\miningground.tga","4194348","3dc5fdc9e200674ca2afaa03d909aabd1930bb00f505cfef4e0456d0dab4867a"
"textures\terrain\miningground_gloss.tga","4194348","48f9119acb835ac812407874716537b13906beb4035bdda98009964ab6f14a6a"
"textures\terrain\miningground_nm.tga","4194348","0bd06354540c2b93a2d091ea945c35eca13d71a340bb0c4ea42ee758a3f3fff3"
"textures\terrain\miningground_spec.tga","4194348","ddbad8eeed5166d3b46a75659c6fd53f6846b71638d3a707e2117547fa058293"
"textures\terrain\mountain01.tga","4194348","d8d71b0763a8f641100cf69c07564738b478d862ae54a25aa5b5ef391aeaabee"
"textures\terrain\mountain01_gloss.tga","4194348","8aba3cfa021f5371b92172c82845d1b6b88c30baa5e49ec465f8a6d2a3e599fc"
"textures\terrain\mountain01_nm.tga","4194348","20072104d39b84fafbc6d69796836e75352bcb46c03b0e86d42910321d0eeddc"
"textures\terrain\mountain01_spec.tga","4194348","65c658a56d6cd1879f136bccc3fc92a51000622599e18e4dedd6c371cb5ccb28"
"textures\terrain\mountain02.tga","4194348","2c181afe44af8accd7b3c36d624fb1bbd8b7c8657c4a965446f4cdfddfc039c1"
"textures\terrain\mountain02_gloss.tga","4194348","c794140b9b842ee6e9d2a61171f6e4e9492a3c7beda00c92847bbe51472e9c13"
"textures\terrain\mountain02_nm.tga","4194348","8f05447a26871b5a564567c6628ff6e904862bb0cb27eaf633b6d33d7e4f921c"
"textures\terrain\mountain02_spec.tga","4194348","3378c175a018f7d13bfb9f2eb648b3784ae838585a1add20558b70133cc75ece"
"textures\terrain\mountain03.tga","4194348","50e2ae38ec5ccf098c7c9a9b91836b3b977a825b47ebb7b27c187cd7d490f667"
"textures\terrain\mountain03_gloss.tga","4194348","a450d037db3dd83b78a0767a1f5efc0b93f12659549cdc32bcd3810e47615d0e"
"textures\terrain\mountain03_nm.tga","4194348","05e2fd79ed7eb3d08f7d5d4315dbfadd1c6794e2491a83a43c48aae2143bc714"
"textures\terrain\mountain03_spec.tga","4194348","22d5b16cebcef66411cb8f21213f6ea50fb0149118765c7dc8b57b377c77a03a"
"textures\terrain\mountain04.tga","4194348","4e48e449865d1f6faa348d610077b89b597de604a14f6c34fac1fa7980c772e5"
"textures\terrain\mountain04_gloss.tga","4194348","ff074b80384f90fa5753ab70255824057e23ec323f742f4e9ef26e9e4323a9c0"
"textures\terrain\mountain04_nm.tga","4194348","2bcdd83e0ed60cf70c4ec33875b68472074c85681dffb2d5f1c6e525ab47732f"
"textures\terrain\mountain04_spec.tga","4194348","60a395bddd6d2bd951c51060398a51e42d07920eb5d5afa685ac6a5f9b169fc2"
"textures\terrain\mountainfloora.tga","4194348","ef9bc06f1f224a2a4a0168568a12c1f5403f214b7712a4a644b9881af5694167"
"textures\terrain\mountainfloora_gloss.tga","4194348","66e74bc3257b54adcf2ddbbfc545fb3f6aa9a510b2a599f4f2a824c64d7a7e2a"
"textures\terrain\mountainfloora_nm.tga","4194348","82507de5bb6e2ddab6f43ed69224c52ad4af84ffdadb0c358e056e95a14ad699"
"textures\terrain\mountainfloora_spec.tga","4194348","df42f62541aa8272b4f580708e98202ed733c412a69aa3e6aae51df3f95f3e8d"
"textures\terrain\mountainfloorb.tga","4194348","e8d91cdb372f0426d32f4e01678a6be34bb960893cf9172cead6416baeed2beb"
"textures\terrain\mountainfloorb_gloss.tga","4194348","1980a238bc09070ce7da291f30c6e66ab5f57d2509f89179ca86bed2617f8d7e"
"textures\terrain\mountainfloorb_nm.tga","4194348","f8d064d7e792ddb989905df0d4cb799fdbf8cd0b0dd4bc1badfd0664f9994968"
"textures\terrain\mountainfloorb_spec.tga","4194348","9a19bff255ddff9e9fd0af45133ad761e835d5907ae6e751199a8e370619522b"
"textures\terrain\mountaingrass.tga","4194348","8040fba0190c3684efe66b9ff8faac54575b267b0a6860bbb23d94024e08cef8"
"textures\terrain\mountaingrass_gloss.tga","4194348","ddfa0003c323906fdc664b9768053584e1cafecd27059396852984e6b1d36bbb"
"textures\terrain\mountaingrass_nm.tga","4194348","fd6ae8cd4b9770a220703b565c91aef389e2c857ba6cf53263633cff2c3b7531"
"textures\terrain\mountaingrass_spec.tga","4194348","cd3e64ed36175dbbad1a80bdf70063ad0509a679b74f2a12660bae93d999ab20"
"textures\terrain\noblend.tga","65580","6857a8a13f379fa9eedfec32287bae5ec899ed15c57a16d7cabc98c926935d8a"
"textures\terrain\noblend_nm.tga","65580","bc0e86a474f8dc838b7605053d7d03119cd49518ce381cd735f22adab6319cad"
"textures\terrain\noblend_spec.tga","65580","cac61638d3675237bd7bf1710a7da54ec1947c0985ab6ea454d572935412d78c"
"textures\terrain\norseroada.tga","4194348","62ef6addeaf068675ab6c420293f28a5e19dca35e338a1a72df5f3f3ad5b94f1"
"textures\terrain\norseroada_gloss.tga","4194348","50c1b90bc92d4c0838b26192696d25e21d73a4ed6905149b37e448cd437fc188"
"textures\terrain\norseroada_nm.tga","4194348","4ef3983f59a09a0b0c87fc71bf7842752bdc67210d3c3d3769e309637fa89c79"
"textures\terrain\norseroada_spec.tga","4194348","58728ce8c5bdb4b2e820e1dc72e79b85bca77395df3bd85279ac171cdb81331e"
"textures\terrain\olympusa.tga","4194348","cdf310edfd8863a633de2c4da6a36e93c90b780db9ac3c19c966ad74052d1cc3"
"textures\terrain\olympusa_gloss.tga","4194348","9e30a29c17b045e8aad52ac804ee4b87df76f40eb3bd91dd6e2077625d98d760"
"textures\terrain\olympusa_nm.tga","4194348","9d3b98155171af921b2ff5329f9e9d798738ff3e8ef32158f022e073d64f73c5"
"textures\terrain\olympusa_spec.tga","4194348","643d968741819932f47585f217a67e8f3b3a4009a2de05a4df2f38ac50f71fa2"
"textures\terrain\olympusb.tga","4194348","c32e0226a1a75d5042184bc681eb62ea9ae3ba3eed64f7f453ec002d5b48a846"
"textures\terrain\olympusb_gloss.tga","4194348","8f0a2a8f520e88499a134abff23a2c22c5babb08a1c0719a256dacd3a1eaee40"
"textures\terrain\olympusb_nm.tga","4194348","a2cd97801addbfe3b02b2e66942cc5a00e756c5593197ebcee92c09bd3f87788"
"textures\terrain\olympusb_spec.tga","4194348","2b3fd6052a400e08c37adcc5a6c8228af1c52ca467a02f8c2ce5c0ef9958a81c"
"textures\terrain\olympusc.tga","4194348","9d611353429c58a9d2c031e2bbbb082ad9e4696839b2896659827b340c502508"
"textures\terrain\olympusc_gloss.tga","4194348","2bb0c0ebc235667fbf5131c420b762046028432cb9df5e776cf6ce3667d7c71c"
"textures\terrain\olympusc_nm.tga","4194348","99979c4d1ff3719405bbbb952d46690c3f40ceb4f056840db93f75738728b9b4"
"textures\terrain\olympusc_spec.tga","4194348","bb7e9cc29e847849abbb23dc55c968517c311f7b89326b9bec4fccdd339560a6"
"textures\terrain\olympustile.tga","4194348","ece3237751ab8080bff5f7802a826ea6bd9da7a6cf0f9fe26efa4ea969ddec18"
"textures\terrain\olympustile_gloss.tga","4194348","1417c285bffaeeccd25dbfbd3496e033277ee1cc389b14dfe326f84d575e8522"
"textures\terrain\olympustile_nm.tga","4194348","89d71c7e5c7a7d46fb5f6a1775d2bb43e39afbc21b49df3b223df6e6921a0000"
"textures\terrain\olympustile_spec.tga","4194348","28568b05c30a3fc5a13ab2f449090f82f4d468fe0cc1f50de6b55194de7db90a"
"textures\terrain\plaina.tga","4194348","d0690376bc163e9782c9c896bc3739e7e2f13c1904af09a93d5787ca34f4aad1"
"textures\terrain\plainb.tga","4194348","17065b094eb696502f841c6e171f679da2f5f858225a22872c186c6ea236d01f"
"textures\terrain\plaindirt25.tga","4194348","3d9c2b130aebdfdb80629444f1bd28f6bd568c48941ca6609f3c40a42a201176"
"textures\terrain\plaindirt50.tga","4194348","a78df57373af2f383a19e261a264f151d22df0d9963506a072fe34b2ac8cdf1e"
"textures\terrain\plaindirt75.tga","4194348","44218c501f1758c37ce65183208aec9bdb4cf9e41f65ccababe2abdbdd0d41b2"
"textures\terrain\plainroada.tga","4194348","90eb886ee739e66af88c5aec5466ab8f827a7d2a10ac05be8465b21782dd7798"
"textures\terrain\rivergrassya.tga","4194348","46351a04fa8f66f4cd70dac3b5f3ab626102eaf295fae465fcd308f958139c42"
"textures\terrain\rivergrassya_gloss.tga","4194348","25823f2acc3d68eff669453edb7f0f18c2b4288961206c663e68daeddb8a16f7"
"textures\terrain\rivergrassya_nm.tga","4194348","3c50c3edf3c257b5aba49333e4f654673cc7ca89ceb29b4aed2aee09b7bdbe21"
"textures\terrain\rivergrassya_spec.tga","4194348","85202d93260c010970ef99f4f4cdacde2146d0a0fb436670e6a20258155d0de1"
"textures\terrain\rivergrassyb.tga","4194348","57186705edd438d6e0f84fc95407236b868bfde9299c6dfc9f5f726aac8409a4"
"textures\terrain\rivergrassyb_gloss.tga","4194348","547528f392504a3e99e637cc925e9542a00463a2a02e3c2c27c66bfc92fbde26"
"textures\terrain\rivergrassyb_nm.tga","4194348","0cdc09b4ba42c369845e9ae6b68c0755668e5a1ece99e988cb19bcd6e5b11d32"
"textures\terrain\rivergrassyb_spec.tga","4194348","0f78abe05f876257c3f0bb7f19541e71e58df7bb285920778bf0741ef63060ea"
"textures\terrain\rivergrassyc.tga","4194348","1dab7d02b8fe02a9aa2776fad8488a6ee1f8e0982fa30126b5967cc17179d3e2"
"textures\terrain\rivergrassyc_gloss.tga","4194348","47b91cf72db298303257fe9da530896a64aa5b0b7c6ca878bdb33d4855a8b233"
"textures\terrain\rivergrassyc_nm.tga","4194348","ff0b0969ebe6e9ad0c4efd10538a2e53c3f0a71683fbded5a37f833426c89a40"
"textures\terrain\rivergrassyc_spec.tga","4194348","fe673e3f5b5c05e41b90fd44b6161e4fed5fc78496b8cb48395dd5cafe176d83"
"textures\terrain\rivericya.tga","4194348","8b780ea070c651e7b097aa4c831e17154e53f23042ec844a8091d2815dc407a3"
"textures\terrain\rivericya_gloss.tga","4194348","40509d8d1d20528876f8f2076056e4adabed7a2f65bf695b2c30b2d9ff0ccea4"
"textures\terrain\rivericya_nm.tga","4194348","e12eee939fdf73df2ddd4e538289d9693e3a09f591e8d4e8f05b71950fc1406d"
"textures\terrain\rivericya_spec.tga","4194348","b4b04fdbcff7581cb662813a6e1fa8cbc55313e2066d0c39e467d51a9f3de34a"
"textures\terrain\rivericyb.tga","4194348","15d67a364b9ba60ac6368f8a54f79c9ed34e20813114a5715870a685d91d3069"
"textures\terrain\rivericyb_gloss.tga","4194348","313bdb9aa6177395f5f2554942409ded6327bec68468d59231762acb4f4884d1"
"textures\terrain\rivericyb_nm.tga","4194348","57e9558703d994fac5fbe1fe982f695cc67a60bb425e06cc4341547b89a139cf"
"textures\terrain\rivericyb_spec.tga","4194348","1b9c249c3f6264ad9c00c038dca638946d270b11ea09d1c248fe69a46dac015d"
"textures\terrain\rivericyc.tga","4194348","610272f11e128afb3069fb457667dd94c2a5fa27bfb8f44e83cd0112bf3f62ee"
"textures\terrain\rivericyc_gloss.tga","4194348","9f43876054362e5743bee55749e2d3f9642242e7677f0d9c50a088cc29d2459a"
"textures\terrain\rivericyc_nm.tga","4194348","a1514e806b96d0c50c17d7640b3e7317bd6cd7a5c7e739138d41611dd1597b71"
"textures\terrain\rivericyc_spec.tga","4194348","ce0dfc83d7171ea6abd1ceeffb3e017fb00433be8669193e9f2d181d50870f4c"
"textures\terrain\rivermarsha.tga","4194348","b49d1f2e56d6a579a08b59cbf1e3fd9f333a5f7810e962225ee71a5de48c1e74"
"textures\terrain\rivermarsha_gloss.tga","4194348","dd9d52919b0133637e59c3906435c133a130c6fb40cacec7a5b2c5c5f462e0da"
"textures\terrain\rivermarsha_nm.tga","4194348","acea42bab4223f432e1d559f5d7993ce39082998a737321519accb3ee179e24e"
"textures\terrain\rivermarsha_spec.tga","4194348","fdc7c5a4e275f4cbf421b1ae9cdf1faa61d9808e3dd06dcb07e254949082c053"
"textures\terrain\rivermarshb.tga","4194348","b49d1f2e56d6a579a08b59cbf1e3fd9f333a5f7810e962225ee71a5de48c1e74"
"textures\terrain\rivermarshb_gloss.tga","4194348","82373a8dbfa0a4979d9ad664f97904b045f88e1b2e872f376ce48f8094b745e7"
"textures\terrain\rivermarshb_nm.tga","4194348","fee6aded0a65a3ac700e62c9e0bfe2ba4fba809bf2d38acbb3313abc1ded1687"
"textures\terrain\rivermarshb_spec.tga","4194348","274c883c6cac20faca75285571c89b30f4b2aec3bc4920c4e88f64903257e4b8"
"textures\terrain\rivermarshc.tga","4194348","43208e9c61a42b5d624197bd9bcef909debad958aa812eeffb00dbb05d0668ae"
"textures\terrain\rivermarshc_gloss.tga","4194348","82373a8dbfa0a4979d9ad664f97904b045f88e1b2e872f376ce48f8094b745e7"
"textures\terrain\rivermarshc_nm.tga","4194348","5fe4eec5a600dbb22cb43f4dcf2db5c9bd393d9693c0978c2a5111f06e855754"
"textures\terrain\rivermarshc_spec.tga","4194348","02b76edfb53a1769fd8c14d14b809c95c43d462368eda97cb3cf09f5886fad67"
"textures\terrain\riversandya.tga","4194348","bf308e65a823525040d42bb1830f04a6054b96ee1bb77e3d805515da90de9c59"
"textures\terrain\riversandya_gloss.tga","4194348","288a6f99089e252144a4ba2fc1d0bc6b3a48de1838aa0b824ca19527189b92f1"
"textures\terrain\riversandya_nm.tga","4194348","e79fa7dc647fbc5922d8c3c6d5c451c6f89f92edda58a8f6aebd38cd3e986ec2"
"textures\terrain\riversandya_spec.tga","4194348","235872a45f6598338e4043e314cfdaa768196d2df7e41d5447dc3b213d6cb8c3"
"textures\terrain\riversandyb.tga","4194348","983213bf12ed06ee3c9cb051054da527730158c10b9a8f129e4da538ff540064"
"textures\terrain\riversandyb_gloss.tga","4194348","6d32e9354c33a567587ffb380a9f5d3b30976bc711f532a3c213732b077b817e"
"textures\terrain\riversandyb_nm.tga","4194348","a781d36ea5e85c60dcbb6e3292aac3241f142107422e5befca4e62b76db01615"
"textures\terrain\riversandyb_spec.tga","4194348","b56ccf978ddf6647474c5faa37da78f6efae19fa1b75e8eb528ddcc9f670c001"
"textures\terrain\riversandyc.tga","4194348","afc6e8f48633800534cbfe70e17dfb21937f64ab25cbfcc07a8f7b1ae753cd4b"
"textures\terrain\riversandyc_gloss.tga","4194348","bf372d3f97d5923dfa8fa12dc2bb5e64ffd6337aff135ac66f941871ab3c09d3"
"textures\terrain\riversandyc_nm.tga","4194348","552868825c56b7a54fb97317db3df3002eaafb436cc5ba44e8ea433932849958"
"textures\terrain\riversandyc_spec.tga","4194348","5e39e5457602b06ed26b446363825f3be2c19f52540a8322770abeee29aeac5e"
"textures\terrain\riversandyshallowa.tga","4194348","b39aeca7b832f4b9152cfb4dcbae9d3a40b966306f899ffb40a9ab93e25f9f46"
"textures\terrain\riversandyshallowa_gloss.tga","4194348","c7574a3541760153ee27ac3edaa08c04ee439b5124d5881c236c124f15fac622"
"textures\terrain\riversandyshallowa_nm.tga","4194348","e5c7bffde80ad44c65b36d817dea2fa11b47f439822d68c498ba5d61fc8c9037"
"textures\terrain\riversandyshallowa_spec.tga","4194348","8c1dde2ffa332702aaa11f0b52c093af62d9adb5cb8fc2487ecf316c6b07b123"
"textures\terrain\roada.tga","4194348","4212d68bccd0eac035f40de142d7aad52c322386e7941b2b34294930579b93be"
"textures\terrain\roada_gloss.tga","4194348","2327c4770508cf4dc8c1abda9ff5e20f0994aa26f93bc4b140afa2a1db05f2b5"
"textures\terrain\roada_nm.tga","4194348","84083d980ce906e7a8c439f55de56d23e37d8e449c376748cd0c1d763f3258e9"
"textures\terrain\roada_spec.tga","4194348","04997301eab74cf2487fd9818b98ad5208578da1343087ac4ac0157b1a68f17d"
"textures\terrain\roadb.tga","4194348","4a0697b59db46313c70902aefd17e58d3b796af94d43b1fc403c86cfe8b1f7a7"
"textures\terrain\roadb_gloss.tga","4194348","9a4d891d9899126bb6bae677e1dcb220cb5da30a4c03ba116107f5b9ef0bbce9"
"textures\terrain\roadb_nm.tga","4194348","555e6a37d537cf0aa7abec6ba0b0eb81aabd1542524302605eaa6988f2a3daa2"
"textures\terrain\roadb_spec.tga","4194348","6f6dfcd60e9f8b826b1f28fa4489f665d0456ffbce14378bc033984af98e09d5"
"textures\terrain\rocka.tga","4194348","73c875365d13a45955a07401102f30910bc01d7439828ba6749b7fb403fcff45"
"textures\terrain\rocka_gloss.tga","4194348","15b089f3029cbca5494e72be8b4bd0d68f09bdc5484fa3e2b72ef47fcc1319a3"
"textures\terrain\rocka_nm.tga","4194348","89305f53c592e2f845967da2e8da1e2a41e142b991f21f0254953a0e79e1dfc7"
"textures\terrain\rocka_spec.tga","4194348","3e733c1475728d94155a17108285d5d88af83fdf6ec60b579f90f4f932dfeec1"
"textures\terrain\rockc.tga","4194348","47037764a70cd029d53dde9f8e3c99e3c8cdaaa7e578ce674e486d9991e41304"
"textures\terrain\rockc_gloss.tga","4194348","5d7fe507f4e7d08d19cf4902e79d86a78c674549ebe2e4ba36487a1792cf5422"
"textures\terrain\rockc_nm.tga","4194348","a2dba1dd2e3e24d5eba11ef34d4e64b92bc9489b7360a8b71019ea367b80297c"
"textures\terrain\rockc_spec.tga","4194348","5f6f36471fb24a8677d69417d3b5e5ad0b53b1cbf44dd5d0d048036b44cc6611"
"textures\terrain\rockd.tga","4194348","57fd2cf5b584de5b127b619046ab4daacf62d7df69929eb1a33dd1b87b7f8bd6"
"textures\terrain\rockd_gloss.tga","4194348","e3817cb74db6574a17d6143003915b26370ff96d82653b5da1dcb13591ea701d"
"textures\terrain\rockd_nm.tga","4194348","b2c4509bc5239fb6c5dff1b7ccac12964b23e5e3cd73a590c57004feae98e5b2"
"textures\terrain\rockd_spec.tga","4194348","9cdfeaa03bc45e0bc3f5afcdd7189fd5599457edb3e3524f7880fa8655ecbc66"
"textures\terrain\rocke.tga","4194348","cb4419d080395d0caaee0563f255f97c83795684c4856dac6283afa0df98e6e5"
"textures\terrain\rocke_gloss.tga","4194348","1b838f74cff125aaf758aa73d66519abb67275f9c36c3c5f7016acb8c9ac41d0"
"textures\terrain\rocke_nm.tga","4194348","187a29efc0165ef15fefe2078d8168245ed6520d186dfbdb69dfaefc70d1ef0a"
"textures\terrain\rocke_spec.tga","4194348","7eab4a6aa115f27992086fea92c8847ba1ab7215e36d25a386c55f246e5bfda4"
"textures\terrain\sanda.tga","4194348","57d349c67cbcc005da35482095d1cf1585bab7d00c382c0f4c1e2c36423d1c2b"
"textures\terrain\sanda_gloss.tga","4194348","e8e79547bea104d78870dfc5a5a1d04d30f49aab5a6fd29cc6718d36470f0429"
"textures\terrain\sanda_nm.tga","4194348","641b9e8069e5decfff3a208bbc08a060d21f5f77d8958bb1a1d18f2b9f3affda"
"textures\terrain\sanda_spec.tga","4194348","1c5727fd276c93a8f1be65cfbb1cec5b71e494e63312a37b899e63db256d9e20"
"textures\terrain\sandb.tga","4194348","64f93637f2cde60d74480267ce24f94b24c087dd21a17a510b16bae56a81b5a9"
"textures\terrain\sandb_gloss.tga","4194348","f67b1f4e4aa4083f32e6f607c38cec90fb9b91b842beb03d397322ee6b707f1d"
"textures\terrain\sandb_nm.tga","4194348","7dd7c15ce9dd165ba5679dc1a5d63e6fc066484bb0da4fe9cb85c11d7cccf0e7"
"textures\terrain\sandb_spec.tga","4194348","06c302b132e54f40ec3f33cd3fceb7ebca1659185467a3fe7dc9e377fb7777b6"
"textures\terrain\sandc.tga","4194348","882a8c39604a21ee8d18927c4a4e245fca4b6de24e5f96baae48888e7dffbdee"
"textures\terrain\sandc_gloss.tga","4194348","ce4070a894f60c13790f25f7f16e1182394124f9d054d0c31853872f118938cb"
"textures\terrain\sandc_nm.tga","4194348","7dd7c15ce9dd165ba5679dc1a5d63e6fc066484bb0da4fe9cb85c11d7cccf0e7"
"textures\terrain\sandc_spec.tga","4194348","e0216bd1d3212635ed28d28be4eb15f1220de0812a232c9d3928fc275fbe4bf6"
"textures\terrain\sandd.tga","4194348","db9d81776d5925201fb4eeaa298fc066557341b7b4ed408a3bde7222e8e9059c"
"textures\terrain\sandd_gloss.tga","4194348","2e7abacaf2a0d63718762dd07ef93995c700015e1f8e9641a02b3f2c8da3370a"
"textures\terrain\sandd_nm.tga","4194348","7dd7c15ce9dd165ba5679dc1a5d63e6fc066484bb0da4fe9cb85c11d7cccf0e7"
"textures\terrain\sandd_spec.tga","4194348","2af336a176ffac64604ffe3141bf0a7a4e3daa954431988019385efbd31603a0"
"textures\terrain\sanddirt50.tga","4194348","073b05e1cc664b630e6ab95afa82401bff7922b6a9a28acc67300617799df6d5"
"textures\terrain\sanddirt50_gloss.tga","4194348","18f1f3c60fe094810e29d1d44e377561910b535f546ff2af8e11151d8a761d68"
"textures\terrain\sanddirt50_nm.tga","4194348","01cea97dbfc4bcd8c4b8c238b411c3b1f87d3ed097bb5c57d638717ef2c7d10f"
"textures\terrain\sanddirt50_spec.tga","4194348","33b4be34fc140a5fe1b1d780db32016b8cb2ef5dae7578423fa6a73bc7dde745"
"textures\terrain\sanddirt50b.tga","4194348","09cc0bd79a0a7ce57b05bc136dedfb607f3cce8f09aaa579804e726a568f6458"
"textures\terrain\sanddirt50b_gloss.tga","4194348","18f1f3c60fe094810e29d1d44e377561910b535f546ff2af8e11151d8a761d68"
"textures\terrain\sanddirt50b_nm.tga","4194348","01cea97dbfc4bcd8c4b8c238b411c3b1f87d3ed097bb5c57d638717ef2c7d10f"
"textures\terrain\sanddirt50b_spec.tga","4194348","476617e2d6f970e0a9955188a083e9302c38b5805f37b9ae942682acec83d435"
"textures\terrain\sande.tga","4194348","1f2d2ae0850a3fa2d2dd03dea3d22ee94ccd0eea57d611f6ba84520878c6511e"
"textures\terrain\sande_gloss.tga","4194348","43affc5289092df4379a1f98ad231a6dd417d5c4ba6cab572ac3beef3cc6f635"
"textures\terrain\sande_nm.tga","4194348","cf3fcc290b01f54d815ab17c2179ae9c57487bc420a8b44c628fd2d214409f19"
"textures\terrain\sande_spec.tga","4194348","c14e05066973214ce45cdc5990054538644a745dd2e8b8e61ee73e9c06bcbf65"
"textures\terrain\sandsvdblendlshapecorner.tga","65580","b0cbbfe490d1edeb55d7ac9cd98517596e833f7667e1a246c2c9fc4a0b59104e"
"textures\terrain\sandsvdblendthreecorners.tga","65580","46809eee84d7152e5fb71b1d256eaa906c166739d1a835698349cf09bf553c26"
"textures\terrain\sandvdblendcircle.tga","65580","1439a15b6f2c45a66afae6571e5ffe09e0110d7680d3299642031260ff904e4f"
"textures\terrain\sandvdblendcorner.tga","65580","87dba9822faf821b9480ff78b927333bc1f227bca0729d6f1cd09301201dae1d"
"textures\terrain\sandvdblendedge.tga","65580","7fb6a1389056f6dce55dd2cbbdf2c82430f226ddd4eeef080585d1ceed05da05"
"textures\terrain\sandvdblendedgecorner.tga","65580","6a2bd693eea27f2782cb76bfa20521948b64f55c30bb555f716a42240f587e61"
"textures\terrain\sandvdblendedgetwocorners.tga","65580","07b7c199715f614de649e29acfedc7d0f7d824af831c3849e7c91ce069a79f5d"
"textures\terrain\sandvdblendfourcorners.tga","65580","e5e8ae41003ad05c7fbbb4c7a6c3e1aa2910ead27921746f3402f8b38b4fd28a"
"textures\terrain\sandvdblendlshape.tga","65580","99b345033133b901be27be5fd945e9d69de540cca289dc67446390741aedce61"
"textures\terrain\sandvdblendlshapecorner.tga","65580","f09e0f0e994ca7e99ea78ce1022196e3a46d595267f2c859d6b1d5a8d5b78245"
"textures\terrain\sandvdblendlshapecorner2.tga","65580","b0cbbfe490d1edeb55d7ac9cd98517596e833f7667e1a246c2c9fc4a0b59104e"
"textures\terrain\sandvdblendthreecorner.tga","65580","46809eee84d7152e5fb71b1d256eaa906c166739d1a835698349cf09bf553c26"
"textures\terrain\sandvdblendtwocorners.tga","65580","f3f5b3c6609fe1513ee50f1ed9af9567f75da7b1fa20fd8951aaa8d5427bbf3e"
"textures\terrain\sandvdblendtwoedges.tga","65580","8227c241e25342ce2550736b749a9ae53caa32fc8160f0d3b9524f8cb3d20df3"
"textures\terrain\sandvdblendtwooppositecorners.tga","65580","c80f72b4a59f59c359226b4c9b13ba22b006eedaaf9bec1ff577b40fb83d9f38"
"textures\terrain\sandvdblendushape.tga","65580","7737b3663cb9a66bb6d197cb5d1269fd371c05ab1f02f44b5daa1fac7df02393"
"textures\terrain\savannaha.tga","4194348","c1a317545b5d60890c9375d5b90295e0b9053307bc69fab0eae3e858d52dfb05"
"textures\terrain\savannaha_gloss.tga","4194348","fcebe9f2a7c8e989b38766e7aaade997ac48dfca59ef21534f963bdffcaa2b0a"
"textures\terrain\savannaha_nm.tga","4194348","c869200e91fe8c9c6c7746581579665b5a5082f2fc32db375937f523241a131a"
"textures\terrain\savannaha_spec.tga","4194348","d02215599bcd509f8802ee8c271f8e5ac8d8c68df56e91a74044433d88b29bc9"
"textures\terrain\savannahb.tga","4194348","580555ebc7312f8c5ef9a69b7947b25fffea9a27b1fa45be0e606861fcd4a72a"
"textures\terrain\savannahb_gloss.tga","4194348","d198623cb8e327c4318a16c6ea6bf80b1e889bc9c4958ce31f39e219c8b18e97"
"textures\terrain\savannahb_nm.tga","4194348","9a3910c5030bfb1a655858810b2b32d688778ba6b81ac781b7aec8a96c2af21c"
"textures\terrain\savannahb_spec.tga","4194348","3c393c75f984c3c5f40ccb6e37002583b7ba52614233d7bfc75d4c3ddf7a451a"
"textures\terrain\savannahc.tga","4194348","877a4fb22414f3ff8c1f022f11fd3b16e8765b766e34435d7ac78b05d77ecbb3"
"textures\terrain\savannahc_gloss.tga","4194348","8532bb61d0b8145e86b8205e1abbbd0fd128e5216203cf9273f915900bc74a29"
"textures\terrain\savannahc_nm.tga","4194348","c9ec0ebe458c71d9f7d8e0880aa1791a75b2e6e7412b38190cbf70a81d285afc"
"textures\terrain\savannahc_spec.tga","4194348","e92869870a3f1ec581d68a36a6458f7b393ecfe005beb0e92eed853865c76d20"
"textures\terrain\savannahd.tga","4194348","545fc91c1ac498b273afc4fc978cab77d86fcf75af88ab1d6e130a83dcbeff54"
"textures\terrain\savannahd_gloss.tga","4194348","ee8ce368fc81fcf10c40ea4f44215554f1525c35bf90535f5dcc9cee9cd32582"
"textures\terrain\savannahd_nm.tga","4194348","5b8655273d1af1f6fb5865c7d15a4d0ee06dac2fa4094a8514a18c7b685ef0ff"
"textures\terrain\savannahd_spec.tga","4194348","43e790ebe8d4f1f8f8a44ef16dad9d1b58fbcd062a5967f684fc96e668427389"
"textures\terrain\shoreline_sanda.tga","4194348","4bfdd819a7f9ad70118ab999b67a54e57058aedde853cc87967441c8ac2fc9b1"
"textures\terrain\shoreline_sanda_gloss.tga","4194348","860a84bac6360e01588051395c33180122b4a8676801756812bf7b4e98385948"
"textures\terrain\shoreline_sanda_nm.tga","4194348","163fd5a91a7b4c6f6dbd906ebadf94c3cf4e983f1a615fd83c42534410bb52d4"
"textures\terrain\shoreline_sanda_spec.tga","4194348","7f4c08dd624c32472338dfbf3ebcc31d18c3aea404febbd337f0bdfb98f28c26"
"textures\terrain\shorelineaegeana.tga","4194348","08344cfbcd7301b49eb1b2ca54b17793d901e93b712d4a06ae70e43e26a48be3"
"textures\terrain\shorelineaegeana_gloss.tga","4194348","0f50c58926477117d55bebb3e2cee695b5600397d36ca47c527e2fa991f7ff74"
"textures\terrain\shorelineaegeana_nm.tga","4194348","0d9747377bbb36c5371ef1e16ccddd7b11b8d466f38a0e1a90413a4278eaaa94"
"textures\terrain\shorelineaegeana_spec.tga","4194348","707af77d11576551fc3d040ee3df9017152f6f528999593f9d9a0f14a561e389"
"textures\terrain\shorelineaegeanb.tga","4194348","9d8b102e4d0746e5a2b7261ba460b2a6a1cdb101d6093ebbe5e39bef9e842d70"
"textures\terrain\shorelineaegeanb_gloss.tga","4194348","d1e747bd41466cfbec9cb31bb4c1b7cd5f394ffb230b62c3d663c42c37e43dc4"
"textures\terrain\shorelineaegeanb_nm.tga","4194348","08c5a7481a3f4d469c6c39f0ef0e5b66ad1a41238eceebf2aa813f10d41f0988"
"textures\terrain\shorelineaegeanb_spec.tga","4194348","ac7103d765858ce484b130c2fb91ac427da468d546043efe52722793dbd8b512"
"textures\terrain\shorelineaegeanc.tga","4194348","59fab0c20f29bfea3910594822ed383ded9c938abe660b93f7b1055af41d5532"
"textures\terrain\shorelineaegeanc_gloss.tga","4194348","5cbb3204512ab7c5ffa933ba0061e1e60140dfaebea4a591322510f43c0e25a2"
"textures\terrain\shorelineaegeanc_nm.tga","4194348","2e04322cbd0f9ec2d6813435740b8400b52452150a61f7fac36ac00bd179787d"
"textures\terrain\shorelineaegeanc_spec.tga","4194348","d4d2edc055d4d17b5ce3177cbca619e85916cd0651234ec56af4ab2bde9a03a4"
"textures\terrain\shorelineatlantica.tga","4194348","2b6f2bcdf386e82e59582459f080db767a6adacec9373a94e27c731ca61cc95b"
"textures\terrain\shorelineatlantica_gloss.tga","4194348","f0ba56898f65f9492675cdd2a671a426afa9d45fe4d21eeed1276fd425a03948"
"textures\terrain\shorelineatlantica_nm.tga","4194348","4db953a92a7c3aae1f95bc89cf4f2a033eb4ec2a6f86a07508d2365cb6ad5ddc"
"textures\terrain\shorelineatlantica_spec.tga","4194348","6aafe0f9ed90ea9f87d0ae443d064643238196f91367212c3ff7fe69b9af82f9"
"textures\terrain\shorelineatlanticb.tga","4194348","dfe563e12bf21fc907018f7647134f887932399655087e914ffce7cf63001aa1"
"textures\terrain\shorelineatlanticb_gloss.tga","4194348","d83b576c6279818d20ea242ebb60237a5371b6349c7e97fce5e993e621333c9b"
"textures\terrain\shorelineatlanticb_nm.tga","4194348","3d8640338034bd20eca4acc6abd5da6a63cb3460e3029bddd84e4e276f628338"
"textures\terrain\shorelineatlanticb_spec.tga","4194348","d282546ea7253a207db737db685e348bdac25094e495e578744b1b47bbf01974"
"textures\terrain\shorelineatlanticc.tga","4194348","add84d8ad0f4fc19ceb36c3e9062b39b348e3635817df3d4f11b000181286e52"
"textures\terrain\shorelineatlanticc_gloss.tga","4194348","f5f120630fd16aac946b1a4e1949179e7064846f4a72200920b68760fd0f25ab"
"textures\terrain\shorelineatlanticc_nm.tga","4194348","9bdbef512b7e0b9432a9be07a59e41cf9a5925e278be5cd65d0334fc53bdbd17"
"textures\terrain\shorelineatlanticc_spec.tga","4194348","b2ab3db67cb7a172056b6f1d0321ad7d496d144f35b1cfd0aeec530a3ef42ef2"
"textures\terrain\shorelinejunglea.tga","4194348","9d8b102e4d0746e5a2b7261ba460b2a6a1cdb101d6093ebbe5e39bef9e842d70"
"textures\terrain\shorelinejungleb.tga","4194348","06dc7b415c2ddf03b524b5001f0d07124aea68517e920e856512a4ec486bf90a"
"textures\terrain\shorelinejunglec.tga","4194348","e738ec9d2f1986d5230282cb91d4288592f0f3122623479a4b8428a185acb642"
"textures\terrain\shorelinemediterraneana.tga","4194348","08344cfbcd7301b49eb1b2ca54b17793d901e93b712d4a06ae70e43e26a48be3"
"textures\terrain\shorelinemediterraneana_gloss.tga","4194348","0f50c58926477117d55bebb3e2cee695b5600397d36ca47c527e2fa991f7ff74"
"textures\terrain\shorelinemediterraneana_nm.tga","4194348","0d9747377bbb36c5371ef1e16ccddd7b11b8d466f38a0e1a90413a4278eaaa94"
"textures\terrain\shorelinemediterraneana_spec.tga","4194348","707af77d11576551fc3d040ee3df9017152f6f528999593f9d9a0f14a561e389"
"textures\terrain\shorelinemediterraneanb.tga","4194348","08344cfbcd7301b49eb1b2ca54b17793d901e93b712d4a06ae70e43e26a48be3"
"textures\terrain\shorelinemediterraneanb_gloss.tga","4194348","0f50c58926477117d55bebb3e2cee695b5600397d36ca47c527e2fa991f7ff74"
"textures\terrain\shorelinemediterraneanb_nm.tga","4194348","0d9747377bbb36c5371ef1e16ccddd7b11b8d466f38a0e1a90413a4278eaaa94"
"textures\terrain\shorelinemediterraneanb_spec.tga","4194348","707af77d11576551fc3d040ee3df9017152f6f528999593f9d9a0f14a561e389"
"textures\terrain\shorelinemediterraneanc.tga","4194348","e628ab18116a6e9b11b3bd3a1fd4624de2e022e2f8fdee40fba729834af352bb"
"textures\terrain\shorelinemediterraneanc_gloss.tga","4194348","fb4678272a5039b0bac071dfe91b98da7da428bc043d4877a3645d2b026e2c10"
"textures\terrain\shorelinemediterraneanc_nm.tga","4194348","226a1a505e1e80f681fbb9500bd6e1ee358a025682b3bdc1762161eb634b1989"
"textures\terrain\shorelinemediterraneanc_spec.tga","4194348","50749bed540c3552aa49ecce8a5af1418b1e46f51b70669a464a30db56e4d391"
"textures\terrain\shorelinemediterraneand.tga","4194348","60778b7755ab7b3eab1eec0c53c66ee1171c8a4d31981d773efadf64d1feb9c3"
"textures\terrain\shorelinemediterraneand_gloss.tga","4194348","848f38a0456a9cfadbe6c6595dd5e85a7b2ecbf11103b38cb52ecd6d4af679e7"
"textures\terrain\shorelinemediterraneand_nm.tga","4194348","76d546db59b0cc312fc7f1742e2ddd3607a6c21cb2e463dfcee3bfee2b724305"
"textures\terrain\shorelinemediterraneand_spec.tga","4194348","7228dd660b2d645063a6e36d3eaa5dee6f038b71a49c537d57e51832dc3eb31f"
"textures\terrain\shorelinenorwegiana.tga","4194348","8b780ea070c651e7b097aa4c831e17154e53f23042ec844a8091d2815dc407a3"
"textures\terrain\shorelinenorwegiana_gloss.tga","4194348","40509d8d1d20528876f8f2076056e4adabed7a2f65bf695b2c30b2d9ff0ccea4"
"textures\terrain\shorelinenorwegiana_nm.tga","4194348","5d6ebc2c537600a41273b5a5f4e52e178149f980c79dd1cb21ec377c96acf109"
"textures\terrain\shorelinenorwegiana_spec.tga","4194348","9ae96dd2bffcdc637f8b41b7c37846273359fea682c708937e2938ca6377344f"
"textures\terrain\shorelinenorwegianb.tga","4194348","7f66cb8b3090b8b9627752f883c1568084747e3f594cf372476cd76d900a4b08"
"textures\terrain\shorelinenorwegianb_gloss.tga","4194348","b38576f3151b204026b6e241688dc6b27dc5904bcb8f7687d7e167745f7a671f"
"textures\terrain\shorelinenorwegianb_nm.tga","4194348","c74e05b9206eb67a0268e6f22c10d4881e266c1bf68ae9bab0a19b0dde0bfb60"
"textures\terrain\shorelinenorwegianb_spec.tga","4194348","dc759ae73b150c2eb6b712b70aba48d3c76b5e0f5732bbd195dcc537fdd840bd"
"textures\terrain\shorelinenorwegianc.tga","4194348","0a573817234d49fb83eb23ca5befc14be7db741526949c46406cac038e489380"
"textures\terrain\shorelinenorwegianc_gloss.tga","4194348","6e6a55de00c5d49b308a84a97aef345051e2f312e8d9e8130168111e395054bf"
"textures\terrain\shorelinenorwegianc_nm.tga","4194348","83e92d2bbe84a43977e485175db0a2d4da53967f38e0ca2c6926a59858032ff9"
"textures\terrain\shorelinenorwegianc_spec.tga","4194348","87c7e6a6aaba732ff5a40f62f6cb3fe3f94e485324f732873aff9d493cd8b8a9"
"textures\terrain\shorelineplaina.tga","4194348","769fc5d468966669125a0f00e566a570b01dddab22ced5131dc8097f7eb47978"
"textures\terrain\shorelineplainb.tga","4194348","6eeff8ed5e3c8482f16fe656a1648e5e263c4d988ca97cd57bbe92ddcb99d4df"
"textures\terrain\shorelineplainc.tga","4194348","55b07aed1d8a6f42ac5b4cb98020567b7b63b4a00acbb12924fc2901d6dbd9b1"
"textures\terrain\shorelineplaind.tga","4194348","4cc8b9758a7eb9f27bf722eef00460929e9daaa2d134ad990e67eab1ae0390d6"
"textures\terrain\shorelineredseaa.tga","4194348","983213bf12ed06ee3c9cb051054da527730158c10b9a8f129e4da538ff540064"
"textures\terrain\shorelineredseaa_gloss.tga","4194348","6d32e9354c33a567587ffb380a9f5d3b30976bc711f532a3c213732b077b817e"
"textures\terrain\shorelineredseaa_nm.tga","4194348","d7bd203ce7e27a262c543deba099912dc38dd31f7a6059604291b1a704c0b4bd"
"textures\terrain\shorelineredseaa_spec.tga","4194348","b56ccf978ddf6647474c5faa37da78f6efae19fa1b75e8eb528ddcc9f670c001"
"textures\terrain\shorelineredseab.tga","4194348","1b8c80e50df3b0a686ccc7bb09da52bef29a4b309bbaecc9d405f15903758070"
"textures\terrain\shorelineredseab_gloss.tga","4194348","4fd8fb8d3ade21d78e4a8768f9d32a02851d081d7b408e5919065919625c9789"
"textures\terrain\shorelineredseab_nm.tga","4194348","667df22e1ca82c042f48a5a8ea8c73e586a328cda38e69f2ed6554fc423eabac"
"textures\terrain\shorelineredseab_spec.tga","4194348","00289dc35254ccfb2e61fe63db8e483456e512136a35d7df56bf0d0615ac24d3"
"textures\terrain\shorelineredseac.tga","4194348","60f266345491e63ce2a01721a523efb9fe8b23ddf51656ed7e294813ec10f2d1"
"textures\terrain\shorelineredseac_gloss.tga","4194348","01f39dce1ce4da4d6bfca619b2e3703c7adefd7491be17b3187b8463cad511c4"
"textures\terrain\shorelineredseac_nm.tga","4194348","1d191e367d9a6450440f23f5eba5509d789a0dd5e3243ad6be866413717f9377"
"textures\terrain\shorelineredseac_spec.tga","4194348","fe5d1eb2c58c5e52002ad8b406decd82f24b9fecd78af022c75f3640571ef750"
"textures\terrain\shorelinesanda.tga","4194348","4bfdd819a7f9ad70118ab999b67a54e57058aedde853cc87967441c8ac2fc9b1"
"textures\terrain\shorelinesanda_gloss.tga","4194348","9b1a4b1f57854e3975bb8e7c947bd2cae3b975991935de23097af3da1e8b906b"
"textures\terrain\shorelinesanda_nm.tga","4194348","74a11ce15cdb37e3382734a928104781ae9b3f0a743cd59571fe5d95aef36751"
"textures\terrain\shorelinesanda_spec.tga","4194348","079673882555b29619a52ed770bda6a7ae39c20eb2eab58b82b2c2a7e8cf8c36"
"textures\terrain\shorelinetundraa.tga","4194348","072f44090db49120cc30be081b23c772eee76114d929731d6e22cdaa5bdd4fd3"
"textures\terrain\shorelinetundraa_gloss.tga","4194348","b06cd12501088daa122df1038c04033b5a50b8ae846f9a9ce84742ab439aab32"
"textures\terrain\shorelinetundraa_nm.tga","4194348","9172d0fd5831f6ba39e79ac9f2436d9726466725c6d5b4f4c7667fcf91f20eef"
"textures\terrain\shorelinetundraa_spec.tga","4194348","718ef257c3bdee4ef57e0a8890cd80954a2b6dfcc5a76e45890ea747f96d37c2"
"textures\terrain\shorelinetundrab.tga","4194348","0a1aa057a459c073575af9ae64f5de870f1ce55f04d41451b9886df5e81e30f7"
"textures\terrain\shorelinetundrab_gloss.tga","4194348","5cf025522b6c145e50df2accf1cec439197f53d2f5dba0cf32616be7341a74a3"
"textures\terrain\shorelinetundrab_nm.tga","4194348","9597208b13ce76e40f05a2d3ee8f1664b99bc17170977c9d5f7ad2c8ac2f9045"
"textures\terrain\shorelinetundrab_spec.tga","4194348","4ac8c5e8d6bc6c4bf89113198a9913ab8e114b1d787a22417873ddfa36c05275"
"textures\terrain\shorelinetundrac.tga","4194348","fdaf720c726918b8f2ef18d8ef26d2ea792c978cf3c41a37927c3971c30fa9fa"
"textures\terrain\shorelinetundrac_gloss.tga","4194348","8ae41dfa40a4abca188856a86f282dff4d5b3800fb3748d7a00cd5400c5f4d09"
"textures\terrain\shorelinetundrac_nm.tga","4194348","f1f9c9ef83ccd1e695ab52eebf7d1818292927272920d7af15fc654775f14a1f"
"textures\terrain\shorelinetundrac_spec.tga","4194348","d6034970ba58b34c052dbe08c5c9505f75279bd28edbd8d1a843ebaa049507f7"
"textures\terrain\shorelinetundrad.tga","4194348","db090b82beb1d5872aa0252ac746c2eccbfacd1cbdf7f62cfd36542119b4e984"
"textures\terrain\shorelinetundrad_gloss.tga","4194348","098852adc71441173bc92926a4c1c3eee5bbb2d6f8d87a6416b31819f9f953fb"
"textures\terrain\shorelinetundrad_nm.tga","4194348","b777f951a2c168c034185fe4382a5a59ed719c07fbe5c557c27c3a6e4a583a36"
"textures\terrain\shorelinetundrad_spec.tga","4194348","ac07ff942b2d88cf57491c369b59f083cc9717f9dba18b9c6a7be74544e57fb0"
"textures\terrain\sling rocka.tga","4194348","8acf955a3504c745e6e043b56e4b507529ad2e5bdce5f1490915c7e1e6d8c238"
"textures\terrain\sling rocka_gloss.tga","4194348","2fc1efa8671c45c3010ab31aea049faf39af83d4b3fa1256d54b6b4f84336c8c"
"textures\terrain\sling rocka_nm.tga","4194348","3c2ab1d0fb61f9aec563db0588c8399ba6e6dd6e69821f786e70961cbad13203"
"textures\terrain\sling rocka_spec.tga","4194348","fa49d8d7c1c4bdb8d516dcd17f397e05a3c3c7be19aa31652dd90897d8a2e63f"
"textures\terrain\snowa.tga","4194348","27f08a773435ecf06bda747b3ceda8d25419ecb9d2cc026543d16d77ce012b95"
"textures\terrain\snowa_gloss.tga","4194348","6a827f7f7a176d35616803f51633ff93900e3aafb69f0cab13d6a85007d50273"
"textures\terrain\snowa_nm.tga","4194348","ca0206fe5434bee5cce495e2a8fa910229b77fcf8cd0ac80911bdcee34cc4379"
"textures\terrain\snowa_spec.tga","4194348","edcaeecec20505e4ee5f4b6449dc8872ed68584c759d6f7217aec3a3bde121b9"
"textures\terrain\snowb.tga","4194348","37bad6e8f56e0bd6c0859127b64e8db32306fae1f955e631b9332f5cb49bf635"
"textures\terrain\snowb_gloss.tga","4194348","6e30fbce48f4f6c8fe5527a531f5049aa5a5c181149061e4cc16f7c21bda1deb"
"textures\terrain\snowb_nm.tga","4194348","b7bb3d7ad5c6d86fdd5c5c9ae5a4430d7f62450f5186c8356ad16decd298fe03"
"textures\terrain\snowb_spec.tga","4194348","9aa03de9e149ecd2222fa26ea9d6ed2bb05b11488832b9dbaaf4d449428515cc"
"textures\terrain\snowgrass25.tga","4194348","1a51b865a7adb3d85f130662b0a765ef1bfb611b876d0e49ca7a4dd9962c07e7"
"textures\terrain\snowgrass25_gloss.tga","4194348","0d1098f4cde9604a0896ac1ef92792d73845b596c82d3ea9a4d1c7b95b2fe3f9"
"textures\terrain\snowgrass25_nm.tga","4194348","d55e9131b2ddf6cc6def320dfd6d1c9acab48efed97d237346589a7895f4a530"
"textures\terrain\snowgrass25_spec.tga","4194348","40d70cd475c3366d745d6da0d387dd3fd6bef8450de2a45fce6827d40d759e8b"
"textures\terrain\snowgrass50.tga","4194348","97745595b6a64b846a354ee33654c92013eb03dd7e6d58577a0bb26f8d409cbb"
"textures\terrain\snowgrass50_gloss.tga","4194348","85b8d7493254dbaddcc889f07ff12e7e69387888aabf9d87468e819630784c4c"
"textures\terrain\snowgrass50_nm.tga","4194348","39c1049ede0e91793969cc0c00564d6868febcb38073f97348e5af5b4a732e46"
"textures\terrain\snowgrass50_spec.tga","4194348","d3de16d52df681a86452d0cd21d5bcab840e66cff69e2dba09b7de435716f805"
"textures\terrain\snowgrass75.tga","4194348","8f5ee98ba42aa39b8d082a773ddc540f1439b551200c61446ee8a27c313e91d7"
"textures\terrain\snowgrass75_gloss.tga","4194348","d5d7913856b4b190b7941884f8b11a7bbb18fb3028892b9e2d177d304e79489e"
"textures\terrain\snowgrass75_nm.tga","4194348","3ad069c98d5e730126d3fb0a30f93a34a6e3ddbe5aa06580412551a829131732"
"textures\terrain\snowgrass75_spec.tga","4194348","928836d00907cd89d36a068d7085a9d036c35d8c456d2d071b0a3835fa93ef48"
"textures\terrain\snowsand25.tga","4194348","2e4ac50075c35bae0fc14c0e655c00a972f0baa5ccaac5e06d4ac3a0c278ef09"
"textures\terrain\snowsand25_gloss.tga","4194348","e477da5c56855de3150654df11e57a472723cd08cfbdb0dbc405c2ebe379f79f"
"textures\terrain\snowsand25_nm.tga","4194348","ae13170153bd60debab374ed3fa469aa9501e1a2428a57ec283ad168b78f1525"
"textures\terrain\snowsand25_spec.tga","4194348","f45c67ffe3135956b0c3609d24d219af3d2b2d5c9a0007b9773181c104573134"
"textures\terrain\snowsand50.tga","4194348","62f892fdcf1f957fcca177c41e19c42f9ae3be1e9e0fb4ee4d59b38e864063cb"
"textures\terrain\snowsand50_gloss.tga","4194348","d38e4c8eaf3ff419dae72948884f44333ed05c57fec83d841f147c4e3ee85370"
"textures\terrain\snowsand50_nm.tga","4194348","ae13170153bd60debab374ed3fa469aa9501e1a2428a57ec283ad168b78f1525"
"textures\terrain\snowsand50_spec.tga","4194348","f6d48c36cbcec00f4d9ec131fbfc472cb7ae5f37c2f70a88e2b3512396e6bcec"
"textures\terrain\snowsand75.tga","4194348","418f813e9d92fa45791297204eef0f638fab13382aaf7670ee7ddf60c1ca39c7"
"textures\terrain\snowsand75_gloss.tga","4194348","ec0a351ffc67b5c722359d453ae4d36a13ea548874ebcfb8a0df89d78912cdd1"
"textures\terrain\snowsand75_nm.tga","4194348","bbdf9615672aa85e7c213f8e848feddf960bb1c5ef9212a0adf13beded906c7a"
"textures\terrain\snowsand75_spec.tga","4194348","80a3e9d960bb846ff59231696fb6bcfd8bcc7ea536b97699405d2999b1ce966b"
"textures\terrain\terrain_tornadopath.tga","4194348","517090a73412e131b0a495685f043b2ea5a3857b7e57fb7fe775c78f92621ceb"
"textures\terrain\terrain_tornadopath_gloss.tga","4194348","b02037ff3e3965c03f264f213c29a77d8f3db5f0afba7c437922ead302c9cc38"
"textures\terrain\terrain_tornadopath_nm.tga","4194348","3818df2b08d4a6c40aa187418374770f4c10071b67e06de6ec0b702e03aaf87e"
"textures\terrain\terrain_tornadopath_spec.tga","4194348","ff066931790317f2f5715427e77cfe8771e8d5332daf874585c55256e86f512b"
"textures\terrain\testwaterbh.tga","4194348","4d6cb05a4739bf0d74a783bd1b4f608a72d6a4c04d6836b4405759224d9548fe"
"textures\terrain\testwaterbh_gloss.tga","4194348","2217130eb4b242806b2d61d40e1c423db3be24b45208e00ac10763576a762a4d"
"textures\terrain\testwaterbh_nm.tga","4194348","72713611307c2a1d06797a743bfcec6d070c590c1767350d00efb87ce15c07d4"
"textures\terrain\testwaterbh_spec.tga","4194348","8c04ea0aae46e4433932095a38f7d7771ef1afcd9d23f8164480a510d17e3c04"
"textures\terrain\tundragrassa.tga","4194348","86bb20795e71eec9df6d247df460254618620fbf32c47dc5854520546f994abe"
"textures\terrain\tundragrassa_gloss.tga","4194348","7284d37d56a0edbf2010e26960c3f5a96f4e8d5556520fd36abca97848eed139"
"textures\terrain\tundragrassa_nm.tga","4194348","010b8f70ad23ab4faad90f48d823a87fc4abc6a02d442f1aa5fb7e8feb34d18f"
"textures\terrain\tundragrassa_spec.tga","4194348","b20928615dd3fe77c0b00decd746db07cbeb4252111c2527cfa4ed47149da670"
"textures\terrain\tundragrassb.tga","4194348","9d976dd17a54d3fc7b75d4182b2488ab12123e6df50a714212e060ec0ca7ce31"
"textures\terrain\tundragrassb_gloss.tga","4194348","864f5930308f2f38e94a941b1ef2382d5fa08e8704deae8540302121bf21cac0"
"textures\terrain\tundragrassb_nm.tga","4194348","1d37aeae85586443622bdffaad41334e07dee000152267f0193e836275f54d1b"
"textures\terrain\tundragrassb_spec.tga","4194348","d10b466c68d1323f2e2a0951865b1e8b699c7d7cc65417790b8c6dd33bfd82e7"
"textures\terrain\tundraroada.tga","4194348","5a7bfe5c0b39d92abcc3b6cb6074206d557afbde2f3bf5477c463c90ed2fbf28"
"textures\terrain\tundrarocka.tga","4194348","93fd2cc25c5c1e29b7ba9c297fa40849c0dac11d85b44139b16f1822552027e5"
"textures\terrain\tundrarocka_gloss.tga","4194348","64363cba555371fbd8513cfed1c433a0eb5b3caafbef313b789fcc2e4d26a330"
"textures\terrain\tundrarocka_nm.tga","4194348","1ece578893710fe24456c0ad4fda1334de14ab038556c3ad77b9a330bfcc06e0"
"textures\terrain\tundrarocka_spec.tga","4194348","5e1a6904acc44cd94a11540e1da1a3fbadb873da75e1cba7af95400c984c555a"
"textures\terrain\tundrarockb.tga","4194348","b91395210ce5dfeaeb9ce5051117b6aa374593dc81c14c001393f4dd86fde5be"
"textures\terrain\tundrarockb_gloss.tga","4194348","327d4e74607fec44df06f8c5bc65c4a2a2623e160001523d4ce1e4e9d40977d2"
"textures\terrain\tundrarockb_nm.tga","4194348","4edb811819a93e97295a193761fb49b6733618a6d3bbbf7e6b0c3aaa4ed16f0a"
"textures\terrain\tundrarockb_spec.tga","4194348","8c2fb6c454562ad5bcf5bd0e9eb01d818013c94607c662c916dcaeb2e350c98c"
"textures\terrain\underwatericea.tga","4194348","a5497705e69c9c2cf1d2f8a7c3720e9aace9bf0dc4f2208d6516305734b54a1f"
"textures\terrain\underwatericea_gloss.tga","4194348","2da523da24b2e041fe1945b054278c3b6ffcdad2fdd43255c456adb5dfd168e3"
"textures\terrain\underwatericea_nm.tga","4194348","4a54a72613e55f79083dc1bd6e62e993ba4bf31c4bd071a26b46b1326aae0ad0"
"textures\terrain\underwatericea_spec.tga","4194348","19a39a45761d62929c238c756b76f11759b462e1cd33cb5e02bc6a21954b163e"
"textures\terrain\underwatericeb.tga","4194348","f29a769e4f175954a419c4c6330d4a961e487c4c58755785a28cfd7038e71745"
"textures\terrain\underwatericeb_gloss.tga","4194348","6b9d7bf79c79ae9a8f1044654c82e18c255d9819abd1c87af9519bba15bdde21"
"textures\terrain\underwatericeb_nm.tga","4194348","4a54a72613e55f79083dc1bd6e62e993ba4bf31c4bd071a26b46b1326aae0ad0"
"textures\terrain\underwatericeb_spec.tga","4194348","9ba68a1e1cf2963c1019f6193d15dfd9ed0185600a93402c6541cb03cdfe60be"
"textures\terrain\underwatericec.tga","4194348","e29986c87a550a832d6016d0c34cd009e1d23acabd64218c43c71285012dcfeb"
"textures\terrain\underwatericec_gloss.tga","4194348","6b9d7bf79c79ae9a8f1044654c82e18c255d9819abd1c87af9519bba15bdde21"
"textures\terrain\underwatericec_nm.tga","4194348","4a54a72613e55f79083dc1bd6e62e993ba4bf31c4bd071a26b46b1326aae0ad0"
"textures\terrain\underwatericec_spec.tga","4194348","191e774e65ba6fe0a84542507ff16b30b9f52e2acb94f2701b0da6d67207f1df"
"textures\terrain\underwaterrocka.tga","4194348","2e4a9903702c190db7a5197b6b9d9fb96e56027a6db42451199afdc176dc0be5"
"textures\terrain\underwaterrocka_gloss.tga","4194348","23ee9a920acb4ffeaf2fda380047170c80ad6f6834a14a39738c9f95a0499905"
"textures\terrain\underwaterrocka_nm.tga","4194348","19e861b4577525a77e86f7ac8d11f8ffed108be979fa35686ef9ce0ccdcba0bf"
"textures\terrain\underwaterrocka_spec.tga","4194348","e2a9d2f9412691821385a8d320f5d4089991d7d550d49aa1df56abdb1fc59e02"
"textures\terrain\underwaterrockb.tga","4194348","39694bc890e1eda959bcd155474acfd5d719c428671a06d7a797af8808971446"
"textures\terrain\underwaterrockb_gloss.tga","4194348","19a73cc8fe25e0b4f12f2c316caa3af6e3d715994495f8f66c0f0ee7adf67f52"
"textures\terrain\underwaterrockb_nm.tga","4194348","878548bbdc190421bf71bc69cd6e67195aea4d13ffa5dc42479dbdde644ca920"
"textures\terrain\underwaterrockb_spec.tga","4194348","091b188ffbdaf15b3e9d9ff952821f41db9d89d557475a339d413866d3e23eda"
"textures\terrain\underwaterrockc.tga","4194348","a3975d3a97a3db4d5abf112aec2aa402d5a02c7f788a685938a628699bb1db46"
"textures\terrain\underwaterrockc_gloss.tga","4194348","1bc1d66f5ded877d793efeca0202d60abb7fee4fa1c6f8367b3e56abfb40c5ec"
"textures\terrain\underwaterrockc_nm.tga","4194348","4cf83f0b6f46d3bb1acd7c6f9193630090dbeec3438bbd606cc5aa53800a58e7"
"textures\terrain\underwaterrockc_spec.tga","4194348","71ba724010d0c916e2923c1f12a453f808a9a4de34095a9d4f9575c748c32fff"
"textures\terrain\underwaterrockd.tga","4194348","c2a18fdb75e9a25e21c8c1f17b16a4de6b1d71d1fe6c559af29be46e18e3ad6d"
"textures\terrain\underwaterrockd_gloss.tga","4194348","a2dda6a17c4ef32aa00b70235b501e304027b30232324359a1fb37362b113a6a"
"textures\terrain\underwaterrockd_nm.tga","4194348","5b91b090a4289112db9010772342cef84ecb5955298fbfeb6e98e1be78bbfd38"
"textures\terrain\underwaterrockd_spec.tga","4194348","efbcb723c53348a75e72da3b14438ecd80035cd2d9fba966fe5c17dce0a292cd"
"textures\terrain\underwaterrocke.tga","4194348","b59c1f10f84690b26a633a46bb981294109b7985e0662867696dd693312fd6c8"
"textures\terrain\underwaterrocke_gloss.tga","4194348","779391b62c51c1c74a8a3bca31598c2e00e28e1b9998f5e3f328c2a1eecbdc72"
"textures\terrain\underwaterrocke_nm.tga","4194348","5b91b090a4289112db9010772342cef84ecb5955298fbfeb6e98e1be78bbfd38"
"textures\terrain\underwaterrocke_spec.tga","4194348","bc7fcdbf16529e91da4b85c0b8c7c2218cf182dda67942b08ca6eabe85676291"
"textures\terrain\underwaterrockf.tga","4194348","55a03fa80b7d30b5935a0cf2126eb109813224b11bc4fe3d01410e38cd74aeb3"
"textures\terrain\underwaterrockf_gloss.tga","4194348","efd7266bbf72f37f2cc2ca163a66f5e5d569f7ea9cf4a79631b13d6a6d872f99"
"textures\terrain\underwaterrockf_nm.tga","4194348","5b91b090a4289112db9010772342cef84ecb5955298fbfeb6e98e1be78bbfd38"
"textures\terrain\underwaterrockf_spec.tga","4194348","1eee285c52d54adb1d1b012b2491a655040624cb7e80d14642e4560572cc0ab1"
"textures\terrain\waterbump.tga","4194348","324d47cabd47e2b95e02fbdacefd71fe9d5bb5bded004715355ecaccaa14fd3d"
"textures\terrain\waterbump0000.tga","4194348","324d47cabd47e2b95e02fbdacefd71fe9d5bb5bded004715355ecaccaa14fd3d"
"textures\terrain\waterfoam.tga","4194348","107d4057542d6cbd1126c935b30ac2ba31cb973a5379ac6d3177b1eda45af265"
"textures\terrain_e_waterreeds_mapa.tga","262188","d581d6eecd4fbba2d503ee4c1181b9e8c949e1728bea77eaa65c21e5248ec58b"
"textures\terrain_e_waterreeds_mapb.tga","262188","741699922dbd9db66bdca2abda399d3df87116cc30e86b2eeabe96b40928b63b"
"textures\terrain_e_waterreeds_mapc.tga","262188","9fc9823579cd982ce89de443f70825a4432b7557d423cdaed6d25f9b50caf894"
"textures\terrain_largewave_a.tga","262188","d13e9d8502f5cce23ee800d1f39f709fab0844aef9067b8a872d0b626f28563a"
"textures\terrain_largewave_b.tga","262188","d13e9d8502f5cce23ee800d1f39f709fab0844aef9067b8a872d0b626f28563a"
"textures\terrain_rock_wetsand.tga","1048620","3afb8ab367bd27f3b32045b9a26dbcedd10fdf6ab28a3c246cedd5b5cf7054d6"
"textures\terrain_smallwave_a.tga","262188","d13e9d8502f5cce23ee800d1f39f709fab0844aef9067b8a872d0b626f28563a"
"textures\terrain_smallwave_b.tga","262188","d13e9d8502f5cce23ee800d1f39f709fab0844aef9067b8a872d0b626f28563a"
"textures\test flags.tga","1048620","dd49bdf9d4dc6ff84e98d2af25cdb7db85d9127c9cc8de641350aab54066e8bb"
"textures\theocrat map.tga","4194348","b24242637cf24ba1ad4f6464e08e408aed5839ef4171a39b7f0111c0c81e4ac1"
"textures\timeshift sparkle.tga","262188","48ac4dd900090d42cfbd482c4e041eb37ab58489b77c062360d56f9ad0e10efb"
"textures\timeshift up.tga","262188","fb1602bb22eea82e0e1dc328f57c379a08d27ae22240315fbbb4ad99f2263123"
"textures\titan c pangu.tga","33554476","b5a4144d37e0003099a20d5674074c2e38c99079fcb57e4ce4bb2591ee0c4e82"
"textures\titan e ra map.tga","4194348","da5dc5116da8a415b63abf2960f349ad475cc43ad75bf07f9c0b8861378c8c92"
"textures\titan e ra pads map.tga","262188","fdb8c3590711111fa218da42f0fdb9fbe837fef59569b08d6be3b707e7add36a"
"textures\titan e ra skirt map.tga","4194348","439a278b8eebbaf280d229523a252e12bead00254699e38f44c02c0840f5db90"
"textures\titan g cerebus map1.tga","4194348","bd6d32c535fbca3952c5356b3180bad203a5a4444315b5a0bc05fd62e1a6c896"
"textures\titan g cerebus map2.tga","4194348","2809ba483c4ace4d16095adb04e6feb3df8f7ae7f146fced9b7aca67734ae585"
"textures\titan n troll hammer map.tga","1048620","d6fea613903bc8e3ec7b337d0f6a793b69cf0a6d3eb42019b54a6ed0958d48af"
"textures\titan n troll map1.tga","4194348","0f59e1a78e926d2df28f2df58b2ff578c4631e3eafc8fd9a244a42d15d272cf2"
"textures\titan n troll map2.tga","4194348","28190f031866d62ee4b87e16c4ebee5c71a33540a47a8bd72bcf3a6c28664901"
"textures\titan x gaia.tga","4194348","03dfc4cd4d2e100f2e12187be6bfa8b7fd12524e0c2861b7d4d321d50eeb095c"
"textures\titan x golem map1.tga","4194348","7c984826f266db95dc68e1ffcc5a79300233685389b44a2cfce27994357ac55a"
"textures\titan x golem map2.tga","4194348","5d5d88ebaa1b872073ef9f87ec8ab773db268cee95d21688851f45101c8524fc"
"textures\titan x kronos.tga","4194348","2be0c60297aeb062963e38826ae135a592c578926cd479e38d190273b3621645"
"textures\titan x promethean 1.tga","4194348","7b6ef3a2508f6ced5ea2e0345de6bea325c9f9226f89fc05df342cd2431b1406"
"textures\titan x promethean 2.tga","4194348","ae06aedcfcbcae844990c5c9c7c28e471c87f7e45cd608a4e73fb5e938a6bfd1"
"textures\titlebar.tga","65580","16e10a4409602d420d930bcfb8e253d4f2dd52a656f071be22cc98f1841f14ef"
"textures\tool hammer map.tga","65580","4e612817152f9f8016b2d44bc60981028c41e8a86cd0c99feb60a0bb6cd34781"
"textures\tower icon 32x32.tga","65580","b905a4c363c8dc52d31b35bd7bf6f2a48ccabec426b374afb792c11a4d1be9bd"
"textures\toxotemap.tga","4194348","c35500c1e6e232f95750197ee7adb03be765bd09c845e56038a08ff369b37122"
"textures\trade c caravan cargo.tga","262188","cb992ff7199eedde05e4daff7ce3d63e73f68b8a4028d1ef3d7c5ec663ac16a0"
"textures\trade c caravan.tga","1048620","b0eb8e83259ab9563959c46429b6be2de49917e9fcc0bf2cea8f34625d92a00b"
"textures\trade e caravan basket.tga","1048620","31c8487cbdc27411dd5369279d546a62e6e5faab260d3af2e23e5c2219a545ab"
"textures\trade e caravan camel.tga","1048620","84e4945efdccdc43406d57a46341195a8664e7c08c4426a94761a1b06c0defc9"
"textures\trade e caravan cargo.tga","262188","1e2d01f60cfdf92df9874e4ba5059887db02d17f800f953a7c761fc72762df76"
"textures\trade e caravan corpse bodya.tga","131116","788f28445a9f92bd1be72927b9245403cc313625f5bc54d61cb779d25de5acff"
"textures\trade e caravan corpse skeletona.tga","131116","52e512ebd36c3253584e98a35d1eea2dbaf48bd9cf8f6a1b4613962c2628ce52"
"textures\trade g caravan cargo.tga","262188","ae21c95ee306b1bf1efd68ce90e70a75b565b34c6ea41025a57b25b190091997"
"textures\trade g caravan corpse bodya.tga","65580","fa480590ec416f84496c143e4f04db6b10487e9892b46a33bcfd93f8cb70810c"
"textures\trade g caravan corpse skeletona.tga","65580","3de0e2ceff96c79b4b730affe879e917fb94526138eb8cfa9e02fa8ffe59dc88"
"textures\trade g caravan donkey.tga","262188","c2c1ebb6fed737b9a79046e30818b7a93c39adf0739260b86636d26451df6848"
"textures\trade n caravan cargo.tga","1048620","d83d7416fd445aeb28aaf30d4e778642e9b4543b1a02e77a1955570bc62c500e"
"textures\trade n caravan corpse bodya.tga","65580","7a92916620d3eb6560d4512cfc49e6b948dfa3589305d3d82fccec7bf09d0bd3"
"textures\trade n caravan corpse skeletona.tga","65580","3231a2247823e9eeebc1a157a69fb3393a1fd9ef3a363f66549092ba7323275b"
"textures\trade n caravan ox.tga","1048620","6d467565fb3d26a89acc56fa6e87ae89d0b0b14a7ce5e84301f3c473eb2b3f98"
"textures\trade x caravan cargo.tga","65580","1e4c8c9c900f875528152b6bfdf2187a2c2912b6d17f5f448a61e52a4eb5ed10"
"textures\trade x caravan.tga","262188","a9f1f09762be7e6e065599bd6ca4e1d3ecf4517934c8e4e06b8049c9c8a84347"
"textures\trash weapon.tga","524332","27f7123737e998b0a446e1598bb6ed93dce0ed04a329da4ec88e5186e0b0c3f3"
"textures\trash.tga","4194348","76220b69f33a023c32b2d3d957e0031986b552e3c86e127737e3e204fccab51c"
"textures\twitch-pause.tga","16428","018b05f8d9fbe7c03229d20a26c565c45ef2b7be4654113710bdc9e94ff0b338"
"textures\twitch-record.tga","16428","2da20ebebddb89434da04c02c910b7a81c02d493a8fa620f93295e05b3d21b78"
"textures\ui garrison pips.tga","65580","3ae1e5d16333f06f7fe56e7d57c72e114f45d9a2742296aa16bf12c2981d4170"
"textures\ui hitpoint bars.tga","65580","aafb383db64270ae5f7ff140f4d847c97ed7b437db87fac8f0e20bbde2dc9585"
"textures\ui range indicator atlantean.tga","262188","221393b5ea147781ebb19d06ed9a51ae26369d3beb1a0c7f34913274f3e9b23b"
"textures\ui range indicator chinese.tga","262188","4cb4247792a6b08449b50e40687b6954b8b9ebe980bf4839b5f7b2da33dcd33e"
"textures\ui range indicator egypt.tga","262188","b728cfe1fd3649d792773430b517ac5f28b91d39ea1861642e22b725a5a51dfc"
"textures\ui range indicator greek.tga","262188","2afe0c72e35f28f34d1c5556fed96619331391f7fca4648bb4d258cae32cb38e"
"textures\ui range indicator norse.tga","262188","d03e4dbad5971f369e931497a2e88e527396817f52f535b25917d4627b9c4fb1"
"textures\ui range indicator.tga","262188","9b78d6e8dfa2dc8477c98ea352ee1b08de81e06f3d015a8706a825c81ae20bdb"
"textures\ui\aegean sea 32.tga","65580","8a46076e77d1ee08bad56bb4acc22833336a07abe9d56f344d7bc67a0c926106"
"textures\ui\aegean sea 64.tga","262188","d41bf67e4accfe58d519d09837c75f9a10fa23d3c5e9c5b849686f56fa002bf4"
"textures\ui\aegean.tga","262188","d41bf67e4accfe58d519d09837c75f9a10fa23d3c5e9c5b849686f56fa002bf4"
"textures\ui\aom_badgesbg.tga","10127404","88f646e8f9f4cf49cc765779bcd3011e0020801f1ad2a45a164e6c9764c1ca8b"
"textures\ui\background chinese fade blue.tga","262188","0b7e2a39bde3f29c5c2382adc6f86fb384b812dfe9494b1687946d60d4cc75e1"
"textures\ui\background chinese fade red.tga","262188","8c016c1c320bdefe02c952b3c0cc19f31624e64cd72f834e95b7f1e166b4e4db"
"textures\ui\background chinese fade yellow.tga","262188","14ef65702656eeb77d4ef1ddc62cafd5e1c8784d3a22c644c9dc0d9c6ddb9bdc"
"textures\ui\background chinese opaque dark.tga","65580","3e498e3c78c170109587a19096f7433ef5a6be7ead6ab133480d6e212d8310f7"
"textures\ui\background chinese opaque.tga","65580","c30dc7123f6e25b80c1210a7ea56c0ea790c3c00638b7c4e03a906f4a6dab58c"
"textures\ui\background chinese transparent.tga","65580","a18374aad42d2e0d8a8a33db0bcae6a2a74022597bd6a9646d7e305ad963a51a"
"textures\ui\background egypt fade blue.tga","262188","e1198217684bdc6369f1447d940ac85e819d4e65fb6b375d101b62f8444535b6"
"textures\ui\background egypt fade red.tga","262188","16ef06456e30c618ae1c5947964cdb6d5cf28923ce5493385911ce0154a58cd1"
"textures\ui\background egypt fade yellow.tga","262188","e1a8f3f4745ca46795c8ceeefcae18d039ee32666027828a461ec6e8c461aa43"
"textures\ui\background egypt opaque dark.tga","65580","901f01f85b973ce9aa7dbde094c803e0cd6a6af4cdc6be6a38307a76e9f1b2e5"
"textures\ui\background egypt opaque.tga","65580","0ad0da10b0d258796060d48bd6dd88451da7f085c6bbf59d920e2c9a0889c879"
"textures\ui\background egypt transparent.tga","65580","0c0d308a640ac34db4370824cc628e7603cd70e9e526372297846234d30ead4b"
"textures\ui\background fade blue.tga","262188","726be9fcdd42a88c030a7aaaf4cce7c9ea57101bc153fac279626e5066845f95"
"textures\ui\background fade green.tga","262188","517f87dc8dd7ca5fc5e59ce3415109224946d7f003171db260f618ad54da0b7d"
"textures\ui\background fade red.tga","262188","05117606f4b220788db32ec2580b542cd95a0712fc4d833180e755039ec37e34"
"textures\ui\background fade yellow.tga","262188","7299734647943200c1520340582c610dd497b567ee6b2067ee1e4f7b2fb51b72"
"textures\ui\background greek fade blue.tga","262188","6d8542c6e00105425fdfd40c88643936ab0172c1d6ca5707953f5e7d26e3db12"
"textures\ui\background greek fade red.tga","262188","108b993af1a96211003b8bad61add2d7976bdaab4941e2511481792b71024ca9"
"textures\ui\background greek fade yellow.tga","262188","492f4fa00256339c05b015b2002a86516d8586c0bf3c262f96fa52b71fc60917"
"textures\ui\background greek opaque dark.tga","65580","24263f9fc59d6be1eb15fb9c37e01c3ea5a72c3a903903417b9afdb620664179"
"textures\ui\background greek opaque.tga","65580","3644cecff8b26995d9dae02f636bbfc3fc1295b07f7405420ce5e2a7c36a0d8a"
"textures\ui\background greek transparent.tga","65580","1ff1c0176c827121f54482228060e38d8700284769daa4eb33766e72a27e2460"
"textures\ui\background norse fade blue.tga","262188","0b7e2a39bde3f29c5c2382adc6f86fb384b812dfe9494b1687946d60d4cc75e1"
"textures\ui\background norse fade red.tga","262188","8c016c1c320bdefe02c952b3c0cc19f31624e64cd72f834e95b7f1e166b4e4db"
"textures\ui\background norse fade yellow.tga","262188","14ef65702656eeb77d4ef1ddc62cafd5e1c8784d3a22c644c9dc0d9c6ddb9bdc"
"textures\ui\background norse opaque dark.tga","65580","3e498e3c78c170109587a19096f7433ef5a6be7ead6ab133480d6e212d8310f7"
"textures\ui\background norse opaque.tga","65580","c30dc7123f6e25b80c1210a7ea56c0ea790c3c00638b7c4e03a906f4a6dab58c"
"textures\ui\background norse transparent.tga","65580","a18374aad42d2e0d8a8a33db0bcae6a2a74022597bd6a9646d7e305ad963a51a"
"textures\ui\background red transparent.tga","65580","0ea2411748aa08cccfdddd4666a589ccf1a0ae7d675e3c95e1a81f87dfb10432"
"textures\ui\badfps.tga","16428","cbe7aa2f72484cbe32c90e3ce14ce3027e94772884dd70475b2c0d8d7f9812c0"
"textures\ui\badgebackground.tga","10127404","85c7f179148202a9922e5ba953bb310b821ad35cd52676a7fa49e5cc388dea25"
"textures\ui\badgeeventbronze.tga","313644","f67c829f01b781255536d90cc70416668e29bcae1f3d0c49cf29ed4e304083a2"
"textures\ui\badgeeventgold.tga","309164","32819c34a00fceecea70bbf610849b5acb0fa0b854b672829384d7f837ccbc45"
"textures\ui\badgeeventsilver.tga","336428","9ec20bda78419d81c40195902bfb34cc55b5ac0b2bd2f68c25e222a9332bf599"
"textures\ui\badgeleaguebronze.tga","283052","52b30cbbb95cdd93612fb21da189ddf02692c7ecd64e923dd6be306327820667"
"textures\ui\badgeleaguegold.tga","287340","ab7dd7a8b7f3ff14772649bf90f138d23e970f20329b09631d9d07f4463225f9"
"textures\ui\badgeleaguesilver.tga","331756","9deb17e1a524df1de51da06fc22504ad9ceae576837b7cd781bb9b61cb3a6d5d"
"textures\ui\badgeparticipationbronze.tga","309164","2285448f06cf7acdb75cda05f9333b52bd3159300d539d340aebe286930dca4e"
"textures\ui\badgeparticipationgold.tga","287340","0e3f7f0a2e884199321eb7c2a4088f30e18fae65067157b4df59254fb9790971"
"textures\ui\badgeparticipationsilver.tga","278828","e486c13919f16c061b6e605333b8840c5ba6e8f7bfc73cef94d06d5eba8ffc84"
"textures\ui\bamboo forest 64.tga","262188","34f28b4a5d3e25ffcd38156e431485c1a73b7bf5807c1d8e18d1a5286e5295a9"
"textures\ui\bamboo marsh forest 64.tga","262188","389c8ba932f8aa4a26d029cb3660554d9f8f8a9b46c6946f04f08b3828eccf6d"
"textures\ui\black2x2.tga","300","917dda7df808b6616bd3adc27a7646baa512246b41e0faef2c7b9a4e38ea8524"
"textures\ui\blue transparency 30percent.tga","262188","1c4d6f07c35e378328f3dbb70d0779c27a44d5bb86bc9324e97ea410251e06c4"
"textures\ui\blue transparency 50percent.tga","262188","846cfe3584daf6d7a352b7fd9db4d76f60b1588da6e0eeb1e26c00043c2175ca"
"textures\ui\blue transparency 70percent.tga","262188","1c4d6f07c35e378328f3dbb70d0779c27a44d5bb86bc9324e97ea410251e06c4"
"textures\ui\blue.tga","108","754ce196b80732bd0b83f335615043fa9ba61e2db320078435f5bde9c8b3e162"
"textures\ui\boarder egypt bottom left corner.tga","4140","f74b8de1fa9da6d2b3ad8974ae4809d1eacb7e7ced1da18308beff5e0147a417"
"textures\ui\boarder egypt bottom middle.tga","4140","b49ba822f4a8b699d771c9221048648ba0a28cd3462c71f9bf0aacb2583d12d7"
"textures\ui\boarder egypt bottom right corner.tga","4140","a452c6029ef13feb80cde69f0ccf1815cdcef36b4e2ade1e5c8500dd15d94c67"
"textures\ui\boarder egypt middle left.tga","4140","9078c6b18d4f991b97323307ce17c1633db7a4a14d4f578f9bf3ed1c5137ff6c"
"textures\ui\boarder egypt middle right.tga","4140","d9647e1aeafe739998907ef890859228f4a730fc4f0c3d48ec18d0b910e5bb2f"
"textures\ui\boarder egypt top left corner.tga","4140","8eedc6910e50bd9e30f482775223b9469ec0d4433a2b2171f399d75adcba38e2"
"textures\ui\boarder egypt top middle.tga","4140","e770f5417d8facb56f38d6878704d7328d911b788efcc9bf82028f5c86e41f05"
"textures\ui\boarder egypt top right corner.tga","4140","ec5d7f05c51b14d0aa9f2b250575cf51ecded344e35fd39fe718596922b1ad0e"
"textures\ui\boarder greek bottom left corner.tga","4140","f20b518d0606b7d12f0f355c8a8d86549fb082935a1dbca257c2e467e86cee91"
"textures\ui\boarder greek bottom middle.tga","4140","faba2a13f622235a72fb699bd357df51b0b971d00560a36d0425802cf1925550"
"textures\ui\boarder greek bottom right corner.tga","4140","ccdd8e0093eb6022cccf54aa85659dd05d06990e721abcafd7134cf990432847"
"textures\ui\boarder greek middle left.tga","4140","bb38b5c549d5294379616346627596c833568960af78b5702a607d24dc5d7e1e"
"textures\ui\boarder greek middle right.tga","4140","9ea29d34b341a7ca6465cc33c68f50576c8d70e94b6bf3cdc678ba18529cb20a"
"textures\ui\boarder greek top left corner.tga","4140","a14035ccfcbe533f1edc087be4b2e139126d419438e9dbd4eaba2b8ef6db1b48"
"textures\ui\boarder greek top middle.tga","4140","a7a5a5aa6fbd96b6df58d929a9a487f5ee59244cd5e702cddfe85a8ec15d7ee3"
"textures\ui\boarder greek top right corner.tga","4140","6808fd08d0052a07a3c21f3b5ba57dd693e3bcc822d716f10f8dad6f99d0a3a9"
"textures\ui\boarder norse bottom left corner.tga","4140","1e7fb86f3ebe10cab8205df06d021fae4a07186d035be8a93165fd71435cfa80"
"textures\ui\boarder norse bottom middle.tga","4140","d1fd940dc06df2fc35210382a7ce3c853dad4ee0c2daefbc85abf57c73476bf2"
"textures\ui\boarder norse bottom right corner.tga","4140","3be4f496c2e2ac7d3c1e9634b8b1e4e615597fb08dc40ce3689ddf4e6ac79380"
"textures\ui\boarder norse middle left.tga","4140","5dbf5ce693c8bb705169904c01a8db49f5098ed41dd81de70edd4681d1deeac7"
"textures\ui\boarder norse middle right.tga","4140","323889358a8a6c101e135d837f1322aeb43c8b3c4c90d0ca651727b33b5df69f"
"textures\ui\boarder norse top left corner.tga","4140","0fd7f14cb4e18778d21e500d51e4d96487fccc921b0253b1e3f0605c6e136bb2"
"textures\ui\boarder norse top middle.tga","4140","e3d2a57fb15319fc006b4a8d67775287cffa28739015640d8fc3c080f0f80468"
"textures\ui\boarder norse top right corner.tga","4140","1799a251b853f13eedfca6a0e8b5a6a4b0f08eb1569a38d581a35bc79476964e"
"textures\ui\bonusarea.tga","1048620","b48380353f839db26f73bef6063f1c27b5e7ea9cd30ed362ac18bb0fabc97d5c"
"textures\ui\br\campmap_atlantis6.tga","4194348","667a8f0f3176784b502ae2c86b04f02d90587210d77b1c4e94af39f754aec4c0"
"textures\ui\br\campmap_atlantis7.tga","4194348","90ceeb2fad0c1d65f6f8b73dc44d6b6630c0357634bf6def0e6a4294606c843c"
"textures\ui\br\campmap_china7.tga","4194348","c38af04f36f6d9ffa6e1eb48e1797fba37a90eaff62c7b2fd0a29c725e98bae5"
"textures\ui\br\campmap_egypt7.tga","4194348","320ad88cfb06b7dd1e8903a8d26cba9a80df8a891fbe82b625b63e4487c8256b"
"textures\ui\br\campmap_greece7.tga","4194348","0eb4ba7a793cc28f50eea64cb944d6065e51ae3054958ea08dcb26054f7529a4"
"textures\ui\br\campmap_new_atlantis6.tga","4194348","d44c49452c1c47bb7dd31a035f521e0f75b15a04c526c79ab6d3a9d56d654a08"
"textures\ui\br\campmap_new_atlantis7.tga","4194348","fa00a79b3b1f20b3050b4534ff6e578e7246b0428a8fe7b62d2a21751126d068"
"textures\ui\br\campmap_norselands3.tga","4194348","ef633a6b6b37635265e6957984532a3f85d246daeab67cf67791515edc2ed19a"
"textures\ui\br\campmap_norselands4.tga","4194348","7dee6d82b8b52dadf522aa7bda55878d2f4e29692d54e8250becaa45a5076476"
"textures\ui\button close clicked.tga","16428","eef1fcc07d0fe707edafe1f13e89d41a6c56588fd0374c2ef9e30a5786eb8475"
"textures\ui\button close rollover.tga","16428","a084ff3cd03117121ab11c93561144edd4fe8e839935e744d92bb5aa0c204882"
"textures\ui\button close.tga","16428","45c6f3d53aad29a56793b54f90484e5d815c772816277288b6382f0a34d70863"
"textures\ui\button kick clicked.tga","16428","9a7d79f74476e5c0a03eb92a30a55beb0eaf4adc682367e69d4ae1a26eef4a8b"
"textures\ui\button kick rollover.tga","16428","dd6e313e133da431a76b1d68b50eb09ba008a3dbbc31b5d16cee14d27e6ac4b4"
"textures\ui\button kick.tga","16428","553fd8d8b7090f6f72172f487056179cebf83b6f660ed8550dc2fc8bf5ad6823"
"textures\ui\button main.tga","524332","5fa9c9afe849f8732858412f063dab3a2bb61560b9f798cc6fc9eec6b9907215"
"textures\ui\button main_clicked.tga","524332","9d2e92f1052d8e431303c76ecb4b3f1ac8710dcfad02ba3c07a65c7fab0a03e2"
"textures\ui\button main_rollover.tga","524332","0a910bb22ab9c7d227952359c0a2a3f369313c82c039dd5ae776c2a039b18efc"
"textures\ui\buysellbackground.tga","524332","f931528268a90b4d9d14cd1c81f7e92f9a3cda399ab62fdb7ccc49322416187c"
"textures\ui\campmap_atlantis1.tga","4194348","9a3272b910df2c0080b19b5668a281b1e574b17f40b9bed15a85ca43421210bd"
"textures\ui\campmap_atlantis10.tga","4194348","065c4a55d24da1aad459b15c73b5b48b232845ac2ab8fc41f576fedebe36828d"
"textures\ui\campmap_atlantis11.tga","4194348","e68b4f228df6ea18bd75d561fc69230798da27b99c67b51988b339f5b7f2db56"
"textures\ui\campmap_atlantis12.tga","4194348","3845291bfdbc5de5f6370c797301f719f68dc136fb9322d0de62e882764e10a1"
"textures\ui\campmap_atlantis2.tga","4194348","905ebd9585cc954780a2dd924be1d4bd38e6de3ccf5e3f562a81448d7b21a3a6"
"textures\ui\campmap_atlantis3.tga","4194348","02a9714f5f3b86012b1330785b7ac6260eef11add3beaeee071a052124d59fd4"
"textures\ui\campmap_atlantis4.tga","4194348","ed98dded4f49a82ce2380738e53a2752fa8e5e58aebea953d78158e1a6e7f4f4"
"textures\ui\campmap_atlantis5.tga","4194348","856c37f5791c55474c3c38a4877d23cad945d08a655b37d0a78af36866f18024"
"textures\ui\campmap_atlantis6.tga","4194348","171ed4b57dc3faeb6e0fd2c4445460ac1efbc65d8379825054596795db94b799"
"textures\ui\campmap_atlantis7.tga","4194348","08cf51f7c53c100afe893efbbe4ec5f7c6374abd84e592588c30e228af3aca06"
"textures\ui\campmap_atlantis8.tga","4194348","04473f557a17034c694f76a41cb6d6ae395786c46e7e3599d0d4ba79cb6e7ef4"
"textures\ui\campmap_atlantis9.tga","4194348","fbb790e0effa3edf3a634fbba0381b7a8b95dba76095a237f8c0e81700eadaac"
"textures\ui\campmap_b_atlantis6.tga","4194348","2d2e83c81252a40a27b32cadc64eb0ddf8083454bf535ffa537cebd7f70424e8"
"textures\ui\campmap_b_atlantis7.tga","4194348","01035eec12cae29d9138da6f988784046c0fe69afd5849c5b0aff8be0865e552"
"textures\ui\campmap_b_egypt7.tga","4194348","e1567fc967985cdd5dce883d64bfea8038760466c2b23eeaa8404166c8b4bcc3"
"textures\ui\campmap_b_greece7.tga","4194348","b19823e5f3af63723a2d8caea674c628ca981e6ab360ee6dad5e5384c84315f5"
"textures\ui\campmap_b_greece8.tga","4194348","b1a8575bad99800eadc1f1643616d9130700490a738f1b65bd21b26cc34f435a"
"textures\ui\campmap_b_new_atlantis6.tga","4194348","26f02ae5e9e383dbf98fa19402048b78647dc4fdbf0f66a5609b5965b3ea7df6"
"textures\ui\campmap_b_new_atlantis7.tga","4194348","8946838b42d230a1c98b823177f20b189ede67a952afeeb96d4c7197e07ad8ae"
"textures\ui\campmap_b_norselands3.tga","4194348","59d02b399040700131d98c9ab21b0cd784632d1971ebb350074eca08dc681d54"
"textures\ui\campmap_b_norselands4.tga","4194348","58937b56c7148745ba404014afd6e7c05650d0ba4a35a401d1a41c3fc0bb7230"
"textures\ui\campmap_c_atlantis6.tga","4194348","16dc85e0aa2a1308fc1538181972785902f98cb76a520c0955fd70e233f960c5"
"textures\ui\campmap_c_atlantis7.tga","4194348","994bcab0f8d4623539f7d136b65481f87641ab806f39790f4f0940451c1a5b7c"
"textures\ui\campmap_c_egypt7.tga","4194348","c5b22e757fb62333c5b6e2ca063ef1453569c65e1a2c9bd2057b4bff7637b453"
"textures\ui\campmap_c_greece7.tga","4194348","057f9615d9bf79c44e36b514462df3b95dc6ede332f8fe3efb348522feaa4495"
"textures\ui\campmap_c_greece8.tga","4194348","b1a8575bad99800eadc1f1643616d9130700490a738f1b65bd21b26cc34f435a"
"textures\ui\campmap_c_new_atlantis6.tga","4194348","680c34f59c5f95e1a9ada9f395c5dfce576d3b89ec8d30d88d650e93211ee01e"
"textures\ui\campmap_c_new_atlantis7.tga","4194348","2440b4e64c41f4d9a2c703fe5c697d98d0234a63e8f6a7d47d49d0a0ffd9f86d"
"textures\ui\campmap_c_norselands3.tga","4194348","d81fde90dfeda06eb89e9b9c76769c3ddf50e3ab999e82238d674cac8729a153"
"textures\ui\campmap_c_norselands4.tga","4194348","0d3a57f2ee5dc2267b7bd9623a88f5102df2825088f299a32c852d05810e6dee"
"textures\ui\campmap_china1.tga","4194348","82ea366645973e3c2774e0732e0a74e6d6dfc719b4921d7924ba6c3ed6c5b27e"
"textures\ui\campmap_china10.tga","4194348","7a4db23a8e6d1c6d019ddc11360a2eb44a3d5632d8c365708f556b9e1043e437"
"textures\ui\campmap_china11.tga","4194348","104b8e53d706ce9648de730bf459ca93fe95265d8501c12dbbb91ce62eeca31b"
"textures\ui\campmap_china12.tga","4194348","f156160364b9b5e61b80de12d4a5b352cd8259604a94726c169db69be118f627"
"textures\ui\campmap_china2.tga","4194348","25a34770eb3ddeb9d939dbbedc2d17dd434bcb5c187fd3fe79a1a784428126db"
"textures\ui\campmap_china3.tga","4194348","468d03754d2bdc1853595216ad18a8adc42c8c16bfbdef0ed8835972c7de1660"
"textures\ui\campmap_china4.tga","4194348","b373c0a5ab111ef1295301af09077e270fbcfe8fa963706dcde2569b277d914a"
"textures\ui\campmap_china5.tga","4194348","ed30e134e9a548b6c15bfe4df29dcc784ff3f82090bc9a06de7df6b04754b386"
"textures\ui\campmap_china6.tga","4194348","e2af02f77fd69f8d8fe15a31c1d766e9642f4aed28c6f3edeb5239a9d42cfaba"
"textures\ui\campmap_china7.tga","4194348","c38af04f36f6d9ffa6e1eb48e1797fba37a90eaff62c7b2fd0a29c725e98bae5"
"textures\ui\campmap_china8.tga","4194348","58100c2da2e987aa7b620963426daf0f54ae2d061ec04f2906b15cf3188f994d"
"textures\ui\campmap_china9.tga","4194348","e50dc7749988101ccab48d682477388c53a272c3276ed3327f0ed30c651f9e12"
"textures\ui\campmap_egypt1.tga","4194348","eeb9d93326e8af407a77c64ab6df5c9bc798d8e0d65513a996c353931671cbce"
"textures\ui\campmap_egypt10.tga","4194348","ea488f5fda3adf9d9fdb941bff10c7c7813d9e994d8118eeff1bdd22cf6d7002"
"textures\ui\campmap_egypt11.tga","4194348","a5ec365aaf282a0c47ed6d30acaa49c65434a25444bbf270a625995553756975"
"textures\ui\campmap_egypt12.tga","4194348","ab029a42b04b0df268bc84defffe10c6458211243c78367ecdbe903944db2fca"
"textures\ui\campmap_egypt2.tga","4194348","a7a7c03ab5255f6872fe772f0d8bc3f1152563ef59192cfcb1011b70dfd4e70f"
"textures\ui\campmap_egypt3.tga","4194348","167c103545f44d3c56861430bfe161141ea72277c7b673a33460959adec7ae9e"
"textures\ui\campmap_egypt4.tga","4194348","a0d04d5c427e0692c8e49c29710c491d1ffcad05a3d0419b2ff7d953b1d72cbf"
"textures\ui\campmap_egypt5.tga","4194348","0751b8bb4fc26ba17ad1dc4a4304b2dec4b1efdc94fac2197c68f0b67cfd231f"
"textures\ui\campmap_egypt6.tga","4194348","b5279ec18bc4ec9aa0df0a2f45024e8598f1212e244a8edd40c6ef3756014b36"
"textures\ui\campmap_egypt7.tga","4194348","11d4f14a258eed5ea5431f49e6f5362b03af38dc36f100ceac661fe68e03364f"
"textures\ui\campmap_egypt8.tga","4194348","14d9e9c221af2c434f8dc6eb0a46b61910c4420ec0ba5a84024e9e02c5642386"
"textures\ui\campmap_egypt9.tga","4194348","992866f6cd82f2665d7f41787cf7a36c3c5dddb8eadc4564a2b0ee608d29866e"
"textures\ui\campmap_f_atlantis6.tga","4194348","dc89b8faf761faecf1edcb135661f889137f6e473b19b9b548b43e4a3c0507f1"
"textures\ui\campmap_f_atlantis7.tga","4194348","7adf72a5f8e7df648b94379b0d79ca308f59d8200cdfe0973736f21d80ca9942"
"textures\ui\campmap_f_egypt7.tga","4194348","c7c2468f01cd31a816f333f893028f8bb85ea0bdd0320282b7bef6c239e5c2db"
"textures\ui\campmap_f_greece7.tga","4194348","067faa5c89ba23cdbe7568100e2153075f206149f6dd0f697823bbdf570278dd"
"textures\ui\campmap_f_greece8.tga","4194348","b1a8575bad99800eadc1f1643616d9130700490a738f1b65bd21b26cc34f435a"
"textures\ui\campmap_f_new_atlantis6.tga","4194348","aa57114c267b2c5e613d2a93a739b83cc772dfcc13a6e772f802dae77e049da8"
"textures\ui\campmap_f_new_atlantis7.tga","4194348","dcab2f6ee604b9f8c1fe57a7118a68769a004c28c18f6323a8b2498db1746b3d"
"textures\ui\campmap_f_norselands3.tga","4194348","f29ed625401bf74fa50037983f4355a26938704598c769d4f2f87600c4a141a4"
"textures\ui\campmap_f_norselands4.tga","4194348","7afb684eee2c03d566e04902ee6b84c063e5cedc6850fc1107de3037bbb2f604"
"textures\ui\campmap_g_atlantis6.tga","4194348","171ed4b57dc3faeb6e0fd2c4445460ac1efbc65d8379825054596795db94b799"
"textures\ui\campmap_g_atlantis7.tga","4194348","08cf51f7c53c100afe893efbbe4ec5f7c6374abd84e592588c30e228af3aca06"
"textures\ui\campmap_g_egypt7.tga","4194348","38fc1bc1448b8544d9b85f421324e426855f9b13d11017a97363fede289398b2"
"textures\ui\campmap_g_greece7.tga","4194348","826130b6cc311863a4d2a764219bb73387c9ae920ac2313ca957922c23a6af53"
"textures\ui\campmap_g_greece8.tga","4194348","8875dd230fab2a732eb293d456702b040f7d2c8eaf4214761a0b627439b4f1aa"
"textures\ui\campmap_g_new_atlantis6.tga","4194348","aa57114c267b2c5e613d2a93a739b83cc772dfcc13a6e772f802dae77e049da8"
"textures\ui\campmap_g_new_atlantis7.tga","4194348","938a6fe354f271e78ea8595a4c9e80dd55a654824c3593b4e6dcb1f5192d2608"
"textures\ui\campmap_g_norselands3.tga","4194348","54a6eff8b39a914e1c5eb80523a91f7dfcd4bc35ac942f13cb9186588c546eff"
"textures\ui\campmap_g_norselands4.tga","4194348","88b9e58179ebf7a2e3bc8268b044e541d127dc50a4baa3b9d52ea42b0e7bb01e"
"textures\ui\campmap_greece1.tga","4194348","b7bbf786a4f90dddaf164946548be5aa24643ae2516a174d603eb6f9bea518ac"
"textures\ui\campmap_greece10.tga","4194348","f84d36d2b6153a1ef72b903787e3f93d8aa2323709d1ecfda8a847f889306ffe"
"textures\ui\campmap_greece11.tga","4194348","3e482efc19012dc12c71d33b29eddf814458b46dbe247b19f3d3938a1358d042"
"textures\ui\campmap_greece12.tga","4194348","29aed967a60e7b23e180a9cb4be0a9ee2b658943011ac163b93b9625e68ab714"
"textures\ui\campmap_greece2.tga","4194348","390899d00f5eb2bf7aa10513dbf4c6a558051e7e6d4a225d2d582608cd737023"
"textures\ui\campmap_greece3.tga","4194348","4709a0ac4bd17fbf11eb01e2b483f02105d9bbfe92d50ad53cd258c84b45a1ab"
"textures\ui\campmap_greece4.tga","4194348","11258d3ee1190b0d75cd7353ec7ae35dedbddae229efef8eb807d9a9076c7a02"
"textures\ui\campmap_greece5.tga","4194348","3145d86d1a74226ca6bd1ff10bd91016b2c85c39fceb6dba2977933b233e6cb2"
"textures\ui\campmap_greece6.tga","4194348","3472e7f388e01c6c80930ab4f47de5dabdf3f324fbe38e64009842df0f7a288b"
"textures\ui\campmap_greece7.tga","4194348","b01e28687d0b7ab85b009c2dfb2105f94acac1e9051bf515b7990d86be025270"
"textures\ui\campmap_greece8.tga","4194348","b1a8575bad99800eadc1f1643616d9130700490a738f1b65bd21b26cc34f435a"
"textures\ui\campmap_greece9.tga","4194348","c7d155b61c718fb0035cd9d766dc315b8527ab44c5890e1aa8cf6711803c39b6"
"textures\ui\campmap_i_atlantis6.tga","4194348","dc89b8faf761faecf1edcb135661f889137f6e473b19b9b548b43e4a3c0507f1"
"textures\ui\campmap_i_atlantis7.tga","4194348","7adf72a5f8e7df648b94379b0d79ca308f59d8200cdfe0973736f21d80ca9942"
"textures\ui\campmap_i_egypt7.tga","4194348","304b352e6afd6b13d2f30492d03625e830ef16cadf07fdbe7458ba9f326416cb"
"textures\ui\campmap_i_greece7.tga","4194348","118d7d475ab0358310cb42b2a791984c9f4032262c9f9362f925a22bdb492481"
"textures\ui\campmap_i_greece8.tga","4194348","b1a8575bad99800eadc1f1643616d9130700490a738f1b65bd21b26cc34f435a"
"textures\ui\campmap_i_new_atlantis6.tga","4194348","aa57114c267b2c5e613d2a93a739b83cc772dfcc13a6e772f802dae77e049da8"
"textures\ui\campmap_i_new_atlantis7.tga","4194348","dcab2f6ee604b9f8c1fe57a7118a68769a004c28c18f6323a8b2498db1746b3d"
"textures\ui\campmap_i_norselands3.tga","4194348","00275be04ba3ebd9d6dc8b60fef3722354b550c866fed0ac82298e912de496ad"
"textures\ui\campmap_i_norselands4.tga","4194348","9fdcea04b7c386ff1b575e58e163966a41d00e220a2fc858c355cc5ea1ac822d"
"textures\ui\campmap_k_atlantis6.tga","4194348","8736a6355d24f6777aa2a42d5bb12ce0b4ef609ff3d1a6b4675d2c3ba4b9857c"
"textures\ui\campmap_k_atlantis7.tga","4194348","baaff90a14bb96d77be528458acf1a524bfa14b8e529b397a1e757a0c122d8a8"
"textures\ui\campmap_k_egypt7.tga","4194348","571b0e8f27c59c5331f6904c12cf62c214e2bce042f996247743c080e9d3f60e"
"textures\ui\campmap_k_greece7.tga","4194348","b2d926ad05da4036e2a91c4e957a19b07bff92e440bf9e9ee476308e18f09ed7"
"textures\ui\campmap_k_greece8.tga","4194348","b1a8575bad99800eadc1f1643616d9130700490a738f1b65bd21b26cc34f435a"
"textures\ui\campmap_k_new_atlantis6.tga","4194348","28f91c5db3d9309a18679b4d38057f92f99e13a2a9d933de691134f1c7f5a472"
"textures\ui\campmap_k_new_atlantis7.tga","4194348","2844d5a4ce0e76bdd2bb9d66d863ffc10e4671bf03427b7d0308a62ccdaa668f"
"textures\ui\campmap_k_norselands3.tga","4194348","f0f6609561bd6881510f65030504b1ecccd7667f88c5e438aa3c4483d737a06b"
"textures\ui\campmap_k_norselands4.tga","4194348","0d3a57f2ee5dc2267b7bd9623a88f5102df2825088f299a32c852d05810e6dee"
"textures\ui\campmap_new_atlantis1.tga","4194348","fd1dceb4cc384ed6f7bfb09b4e303cf32b7f03805573af2cdcc3cb684fab5fd9"
"textures\ui\campmap_new_atlantis10.tga","4194348","caf2d179c9888f93210fc4c28f83398ebccdf2f106819148cab828fc6212c823"
"textures\ui\campmap_new_atlantis11.tga","4194348","25bb0dd2739c34027d5949b9869206dbd088ab040b8f1417cc71b6c3207dbd6b"
"textures\ui\campmap_new_atlantis12.tga","4194348","1ebe91e838a690b7f59d2972c0cd0424c94d7b1fdfe2e875615b9ff22794bfa2"
"textures\ui\campmap_new_atlantis2.tga","4194348","3d48ccf7df70e211773c418cdcfd3d6596c52ee7c71101f62861d3f3c7e1e459"
"textures\ui\campmap_new_atlantis3.tga","4194348","7d7c0ecedb1ea749f716b9e597ea9bb987580d70a9b2bde4e567f8ef029926d7"
"textures\ui\campmap_new_atlantis4.tga","4194348","39e74491872b73ac160e92c382956982b74e2a7ae8fde27c2025041c9814ffee"
"textures\ui\campmap_new_atlantis5.tga","4194348","f0ccccffc8223718dd8f79afd16e3a412190cea9a674d38a8cb84a8d9f50e100"
"textures\ui\campmap_new_atlantis6.tga","4194348","1d4734af1aad7095eede5f47f1320d1f2b5be8e776dba04d78c28b4ef329b34f"
"textures\ui\campmap_new_atlantis7.tga","4194348","938a6fe354f271e78ea8595a4c9e80dd55a654824c3593b4e6dcb1f5192d2608"
"textures\ui\campmap_new_atlantis8.tga","4194348","64e6706f38be5e89eed18c3142ddc3d135d4a9da32bbdffca782a5c155e20b87"
"textures\ui\campmap_new_atlantis9.tga","4194348","c15090ce8b9327f88b313213ef763f8673186a5a820c9630f9c623b51df5c7e1"
"textures\ui\campmap_norselands1.tga","4194348","c63c4e0ef2afc01e02a7020c35ab835e163b5b8f6806ed7d63dd1bb76546ed8f"
"textures\ui\campmap_norselands10.tga","4194348","7b1f5da6e2eecef63afa89757231477b21f89660c02dca956895e85e8beec9b1"
"textures\ui\campmap_norselands11.tga","4194348","0764a9c870e42544a7a1ca6c2eb7571bc44f9fe3f43a33ccdc39bbb3c1efe75f"
"textures\ui\campmap_norselands12.tga","4194348","0714759ce311ca45da088953d57be88da983d7e43a37c7390e64ef3b39909a83"
"textures\ui\campmap_norselands2.tga","4194348","09c6c293e837a269fa59406a750484384f5393b08b5389d1d709e3b44720baaf"
"textures\ui\campmap_norselands3.tga","4194348","cafaab87a9e8b9d000d19ec02387aee0798a181bb7bcedf0f57a5f1dac72bbbc"
"textures\ui\campmap_norselands4.tga","4194348","052ec78fc19710f232b31bad64e55756ea4795937d7e35704c39b48fe8c3ffcc"
"textures\ui\campmap_norselands5.tga","4194348","9f5d6692457c20bfb051c399528f905d2b5ee32ae65252063d994c24a15d5c6a"
"textures\ui\campmap_norselands6.tga","4194348","a63fdd8c9469569f84bee02d51df3a9d5f191c2dffd126acaf2707e9da553e36"
"textures\ui\campmap_norselands7.tga","4194348","220bb821ba88bd37fa833ddfbc07b42a2eb1c0985ec679e88a4830928e59bad9"
"textures\ui\campmap_norselands8.tga","4194348","eac2445f8cc5382708535ee143bd69dfe4aa5586bca440255dc9a61c5eacb50a"
"textures\ui\campmap_norselands9.tga","4194348","7e9cb802a1b3cc7d51bab79afca3708a9fbe7a3bd6f09408ed64589ec25e815d"
"textures\ui\campmap_s_atlantis6.tga","4194348","0e5d3a5a376b1b7287ff8e1f39b1f8f6c45009c03726e35663e2e46a1540e602"
"textures\ui\campmap_s_atlantis7.tga","4194348","01035eec12cae29d9138da6f988784046c0fe69afd5849c5b0aff8be0865e552"
"textures\ui\campmap_s_egypt7.tga","4194348","e7fe3e99490c633cbd41878f9ca67faa1d273d80f1af6f00d103d45b05a4093e"
"textures\ui\campmap_s_greece7.tga","4194348","118d7d475ab0358310cb42b2a791984c9f4032262c9f9362f925a22bdb492481"
"textures\ui\campmap_s_greece8.tga","4194348","b1a8575bad99800eadc1f1643616d9130700490a738f1b65bd21b26cc34f435a"
"textures\ui\campmap_s_new_atlantis6.tga","4194348","d5be5ce2158f6bdd39c1f26c1277bb128a50ae87d477760c4f90a496a6b47fca"
"textures\ui\campmap_s_new_atlantis7.tga","4194348","8946838b42d230a1c98b823177f20b189ede67a952afeeb96d4c7197e07ad8ae"
"textures\ui\campmap_s_norselands3.tga","4194348","2d23f9a445713bec7e511070c7c2c403d9dfc2117f6b39b9d5466b8209f2c77c"
"textures\ui\campmap_s_norselands4.tga","4194348","99f5d5a28f9da74630a9552ae688c645d3b64581bff725308b7d2d4758e0a6ac"
"textures\ui\chargebar empty.tga","32812","2b1366c338b4bc4c66f06bda5d1d73dbf49deeaf3b38092e843926f9864f48f0"
"textures\ui\chargebar health.tga","32812","62037b9c99f9160528dd07315c197813026f17712263ba61cc82bdce0d3be9ad"
"textures\ui\chargebar power.tga","32812","7d440978dff10a713708ec098445323968447cc704516b050dbdc855e2f888a1"
"textures\ui\chat icon.tga","32812","cc3db713050a4110d60598ebd40576238c1b59a0fdb328959e85a6d4368237bf"
"textures\ui\cn\campmap_atlantis6.tga","4194348","f15c36550d1a988e3ed1f8d914de7d0caabde9be3e865ca19b351f41aaf7aa57"
"textures\ui\cn\campmap_atlantis7.tga","4194348","49cd51286bdf8663b1c1b02d29dcea85a99dfd5b83048bd5e8dfa7c7159d56b0"
"textures\ui\cn\campmap_china7.tga","4194348","9916050c42294d7b471513b916fde4b129898f78c281c50ad064705200635314"
"textures\ui\cn\campmap_egypt7.tga","4194348","627550450dc16fca963eedd1abd857151f8fde4a764b12a5185c71f4bc19d451"
"textures\ui\cn\campmap_greece7.tga","4194348","8eb57a93d42f31b21f788ad8a68d8406b30385dcb8f5d14a8b69dfde7ce91afe"
"textures\ui\cn\campmap_new_atlantis6.tga","4194348","0ddb344b548765fabdbc8956541ee9fee056f8ffbe0aa3a3711de7b8ad9c0153"
"textures\ui\cn\campmap_new_atlantis7.tga","4194348","9e22830c3ea6cc3166079700fdcb53b217042a7d361783ccc43ae3d42f12a9a7"
"textures\ui\cn\campmap_norselands3.tga","4194348","e2cba0743d0bf34a93601f7c2a6028f784f0d520607ac4cfb8163b2ac1200fe7"
"textures\ui\de\campmap_atlantis6.tga","4194348","76a686ffabaabef85c03e711dc674057321d34d956ee084c0dc7ee449f655205"
"textures\ui\de\campmap_atlantis7.tga","4194348","da84abb78948014f7cb2058770b63fb37082e6c0287734ef680bfc56721f376c"
"textures\ui\de\campmap_china7.tga","4194348","c38af04f36f6d9ffa6e1eb48e1797fba37a90eaff62c7b2fd0a29c725e98bae5"
"textures\ui\de\campmap_egypt7.tga","4194348","577ac77332855d70bb959c8804cb46235cd4adc9c15299b79cd2b81a45928b1d"
"textures\ui\de\campmap_greece7.tga","4194348","738880d7c463147e39228b90a6ee9e80021961475362f1893c703bd6306c525f"
"textures\ui\de\campmap_greece8.tga","4194348","76d8082347c652818c40da8fa5bbd3da7cd9d64f3faf968ba8927c1295db0c27"
"textures\ui\de\campmap_new_atlantis6.tga","4194348","dd5827682e7caf48be9e3a53d1e834ec93a0f59ac8eb125b30afe3de59e346a9"
"textures\ui\de\campmap_new_atlantis7.tga","4194348","282f186f05c6dd8bfbebc05fcf0b01ba33cb7630ee56b7cec17e3106857b1695"
"textures\ui\de\campmap_norselands3.tga","4194348","768ada40b52828d0e9ebc4facf0c8def2c937aa1d037fda07d575e8fa0b96325"
"textures\ui\de\campmap_norselands4.tga","4194348","ccf3bc287d71982cc3ac71643696456411f06299d6dfc79ab5f8c42a6a95cfd1"
"textures\ui\diamond.tga","16428","df73ce9c7bc18e489c846fde70caed308ef0a8aea00dcec54d7305c36688f2e3"
"textures\ui\diamond-alpha.tga","16428","df73ce9c7bc18e489c846fde70caed308ef0a8aea00dcec54d7305c36688f2e3"
"textures\ui\divider 128x32.tga","262188","32268768c63e5c194c5bfbde706d6f2ca7c965c8358403b8d43ea9b02d1cf5ab"
"textures\ui\ecliff32.tga","65580","c65d8ec21c4d571589ab4d35a22ad8ddff30eddc73228e24eb53940ac03016f4"
"textures\ui\ecliff64.tga","262188","ba06bd448d8c8670e7ea5eca7f0ee3185cbb0f88c6cb953c59880e234d8b3440"
"textures\ui\eforest32.tga","65580","47fb4f342929ab396e20156fccd9f69adf89ff8d161d9d690372ebe010686e0d"
"textures\ui\eforest64.tga","262188","cd9b0e1804929e9c901b59c9d630f48b47d77bc00b1162b4491e9199c587f164"
"textures\ui\ensemble logo.tga","1048620","14c9a83a99e0e8064d8b7aa23ea911aff266210435bd9f0360f944d77dbd67cd"
"textures\ui\eriver32.tga","65580","20b2037b76043fb5551691d66de33e669345469d60f6053c21ba667903b13450"
"textures\ui\eriver64.tga","262188","224a2dc90a5be35af57d71963dcb9891b994366d18b97c8fdf0197c217f36db2"
"textures\ui\es online logo bright.tga","524332","36337319c6638bef6d71578697c3aaaee29ac2b06c90642cd8eaaac865424291"
"textures\ui\es online logo long.tga","524332","cccf6f6c224b2612c821a7ec5ee2ca26c8dd5281f37e1e476c50f23f6872ee97"
"textures\ui\es online logo tall.tga","2097196","660fa317f45ef560173424b502464e4a4b2e5a3f47e87538a76efcd28fa65532"
"textures\ui\es\campmap_atlantis6.tga","4194348","ccd342d0425be73a87028053f5ae1257760a6ddc2133626a08c88c07632b0800"
"textures\ui\es\campmap_atlantis7.tga","4194348","90ceeb2fad0c1d65f6f8b73dc44d6b6630c0357634bf6def0e6a4294606c843c"
"textures\ui\es\campmap_china7.tga","4194348","c38af04f36f6d9ffa6e1eb48e1797fba37a90eaff62c7b2fd0a29c725e98bae5"
"textures\ui\es\campmap_egypt7.tga","4194348","6c39791efa5c7c8164658d721814a8175affc9e364b3c3b8352f3c7015b3ae8d"
"textures\ui\es\campmap_greece7.tga","4194348","e4b17ed86c0755461bf032b52b1c4e945c9a9cf2d59524f0825d2625e7dbab62"
"textures\ui\es\campmap_new_atlantis6.tga","4194348","d0b4d39a13f9ba7e31c70fb88cebd966de7208032bf35c834dd03c33c6d17e16"
"textures\ui\es\campmap_new_atlantis7.tga","4194348","fa00a79b3b1f20b3050b4534ff6e578e7246b0428a8fe7b62d2a21751126d068"
"textures\ui\es\campmap_norselands3.tga","4194348","9dc842ffc90649449fbab9154d40cb25acfdf80db478adb1ddd4123a683ee183"
"textures\ui\es\campmap_norselands4.tga","4194348","734655d482aec710a69ada352b3186b175640b49ab3c47147583b68dd3e42726"
"textures\ui\eshallow32.tga","65580","0ace41576219f6a967a79d193ccdffa475579ddc39b65be9c6dbb9b044884e1f"
"textures\ui\eshallow64.tga","262188","d7fd4b01c7932510424dfa8177feed663d6b3a377dee0f341f29b6fcb174be06"
"textures\ui\folder icon rollover.tga","65580","766fcea1c80626f60262a21115c45b4a0afb8abd697cf6a34435cb55609983cf"
"textures\ui\folder icon.tga","65580","14f25f225d6883b148d166222089a45697f28c1179aa0c3e81374d3e2777131d"
"textures\ui\folder up arrow icon rollover.tga","65580","fca89a955bbb6d6d636a9ee8cceb911e2d275702ee5fd745828bab1042cbb7d4"
"textures\ui\folder up arrow icon.tga","65580","46926a466fab81fae1926f4417f85780b326befa81303c5ce5663b60169380c8"
"textures\ui\fr\campmap_atlantis6.tga","4194348","4fb17291f3651a2cc083e23ccf06af1338e3d554ba2d51744df7a68d5e40c05a"
"textures\ui\fr\campmap_atlantis7.tga","4194348","2c727cda124ac53de929b03c2894e29827fe484bc27955e542e40572c1843aff"
"textures\ui\fr\campmap_china7.tga","4194348","f0b663b16dcb87d35657cb723d90311706e99ebad7a5e8c2f4a24a20fb05de20"
"textures\ui\fr\campmap_egypt7.tga","4194348","ec1948c592b155873ae81b537a9782d1c73c87176231353208e4745307129291"
"textures\ui\fr\campmap_greece7.tga","4194348","dbb6d56061195d5adbccaaa8f5ea6cc6f95f16c318004ec76d8c88c4667af726"
"textures\ui\fr\campmap_new_atlantis6.tga","4194348","dd5827682e7caf48be9e3a53d1e834ec93a0f59ac8eb125b30afe3de59e346a9"
"textures\ui\fr\campmap_new_atlantis7.tga","4194348","f1cd5432ff239a6dd17d74f97052a5f6cac9bf4203cd3e04f1c5d7242a5fa310"
"textures\ui\fr\campmap_norselands3.tga","4194348","41200e921b0880d81fb862aeb8cefd19c50c510f063f4469ebea8ff2b51bc3bf"
"textures\ui\fr\campmap_norselands4.tga","4194348","d1952d59a3ca8e7b997c5e760a861ed2080ec27dc3b4df27144743f2486b9064"
"textures\ui\gathericon.tga","4140","00385e971fcebe2f804e609e4226f163aecce04457b837e788b31777cdae9d91"
"textures\ui\gcliff32.tga","65580","3f05f3a6485aad7b139290bec90f84859a0a7613efc7e76f9a50db314dfb107f"
"textures\ui\gcliff64.tga","262188","79efc385d1ced0e2d8eaccb1e17955ece75dc047d8a14408e2d428ac06c09129"
"textures\ui\g-d-a-arrow-alpha.tga","16428","14bd58c2f495036c110f73068e47c1cc60b499649d9457bfe0d4f763a706c408"
"textures\ui\g-d-b-arrow-alpha.tga","16428","032feca71075308416ca31947881ba739b7e49a49e5497a38e204ba08c852541"
"textures\ui\g-d-c-arrow-alpha.tga","16428","e13bd39a66cc4b213d182c8f7c8fa8ad32d822e9fd8c90d870efd32e43f58460"
"textures\ui\gforest32.tga","65580","dea81456a7e34dd2936a3ae93841137d3f6fff4a1c4b13da052ca8ae93fe1a1d"
"textures\ui\gforest64.tga","262188","a252afc2654ec8db1407f2dc51ee5f2daf6b314be00f3b69b96b46d18cbba2d3"
"textures\ui\g-l-a-arrow-alpha.tga","16428","15feab2a6de97348ddc2a605889d716dd3ba93e375b8a9600c856eba765eb27f"
"textures\ui\g-l-b-arrow-alpha.tga","16428","a0d24903aab5b568cd0541185aebfacd94f0f5ed4f8b375b3192a69b5b49def5"
"textures\ui\g-l-c-arrow-alpha.tga","16428","ac67c6af157be34b59c5b726bb3c8eef3e95aab258a928f567b01c9a8a2c12d0"
"textures\ui\god minor icon egypt anubis.tga","262188","6819a2bf62c74d529e04901fe74294921d030fd9837b18d45fcd900f609363b2"
"textures\ui\god minor icon egypt bast.tga","262188","204afd2504c647d77e24336722506f87393a0f4125dc568996c54f887fe945be"
"textures\ui\god minor icon egypt hathor.tga","262188","0286263496ca51cf9667c8c964370c14929153d9070bc5e7f6ea4c78a2e8f924"
"textures\ui\god minor icon egypt horus.tga","262188","ce0ee48a24b79d4dcca8c42d05c42b4ac23b6b24116ad9e56211dd390c8cc07d"
"textures\ui\god minor icon egypt nephthys.tga","262188","ca62ec70bb5ed65d1bb05ff7304f0153931382ecaf2ed5fdd35e8c58e38ce8cb"
"textures\ui\god minor icon egypt osiris.tga","262188","df4e9ca5721be9a2005655dfad8970c8b548f8015abcf15da04893725bae6e1f"
"textures\ui\god minor icon egypt ptah.tga","262188","01ff191fa07b3f5403267fd49b7af5d3768dbfac6384dfc11aa3928d91bca1ed"
"textures\ui\god minor icon egypt sekhmet.tga","262188","9b1255c6d0deb86129a063a89259b5ea56d5574ce6869f1ee9342d9422f55b2b"
"textures\ui\god minor icon egypt thoth.tga","262188","2ca30b5b978862f380f3ee16b0f6de9fc5d3b3f7f159f6849f5353b13a37c524"
"textures\ui\god minor icon greek aphrodite.tga","262188","786ae9fab1af5301f13852bbed2bd1af0cfca76571db82c6851826c7b8e0c24f"
"textures\ui\god minor icon greek apollo.tga","262188","f408d116f9e8634089afccd93a604460640946f59a1ef108f6c6909e9bce3bcb"
"textures\ui\god minor icon greek ares.tga","262188","6ca3d42d4058164676f2ca5c33e7ae12a7b3137f0c40a8bac57b51f77551ae02"
"textures\ui\god minor icon greek artemis.tga","262188","18ee9218a6d5792aaafc7714584306b29b9e2e3b1c4fea9db5c1058acc38f210"
"textures\ui\god minor icon greek athena.tga","262188","3c0a36bbf94e2394ba897ba117ceff9d119dfa539ba3182bf301b81877026368"
"textures\ui\god minor icon greek dionysus.tga","262188","cedb398e762a6c61a2a059e8e8d8d7f5b9d5d2959bc11d5b22fb1a140bf27726"
"textures\ui\god minor icon greek hephaestus.tga","262188","f084cfca442dbc8442aae40518ab12295a02808b132f209c438525ebf169014e"
"textures\ui\god minor icon greek hera.tga","262188","e3a66a1e85a7dbc4faeb51c2f3f8dbdf477e24ec06aff0fb3c5f96e2bd4285af"
"textures\ui\god minor icon greek hermes.tga","262188","d6c46e841d9ad1bdcbf7fdbdad919a7458d73b54a39872326d3f263e2a4cbb72"
"textures\ui\god minor icon norse baldr.tga","262188","507ebf2f5a1f156fb0831727158a97ab2c924a85442527068362fbb11ff19ad0"
"textures\ui\god minor icon norse bragi.tga","262188","9cf178d6562dceb81eb7fb03117a64f30e98f099c5781fdc13d6200041558141"
"textures\ui\god minor icon norse forseti.tga","262188","90c9369a9ef172a2f5ea50d9ebfee09c9a28354abe4b0578a1b8076e8ee011ef"
"textures\ui\god minor icon norse freyja.tga","262188","72d453cd3df406f79e731a9e677d9f2aa4824615725dce5001757ca55d0013a0"
"textures\ui\god minor icon norse heimdall.tga","262188","667e9706d298bc21800fa53422b9db8b8026e310541d19b68c39ad458c6edbe5"
"textures\ui\god minor icon norse hel.tga","262188","aae6554819b010e79a9086732f81bcc8db84c84595ae0990ef3ad9518612e50e"
"textures\ui\god minor icon norse njord.tga","262188","e6497b0a9b73e63f3aa4beab15d031cf97e884c6294ec613a33907e37a39b7de"
"textures\ui\god minor icon norse skadi.tga","262188","99bf6725eedeedcd09a28e00dcdf9d96e8d259c0d74094cda14808a6b7b0cbb2"
"textures\ui\god minor icon norse tyr.tga","262188","8e38d5956ae1bf59cfb22e8e6ef8c0db4ab76bc61b621e6bd6adf115548a2abc"
"textures\ui\god minor portrait egypt sekhmet.tga","4194348","758001fa547006076f4c0de22b4556df5fde801288a7968b20327f2c5a8ce70d"
"textures\ui\god minor portrait greek aphrodite.tga","4194348","e8670c7ee5bf1934084b2c91d3e76ae846f6a3e20cb513ec225d082521bc39b5"
"textures\ui\god minor portrait norse heimdall.tga","4194348","fdf115f681b0efcefe288e2e95eb6f721e5f8da2fc5c56ba48ede40d4b916223"
"textures\ui\god minor portrait norse njord.tga","4194348","b2a6b511cba3d78fda2b4e0d55f9ec6b7604b994630e82f65e2bcb3880e4400f"
"textures\ui\godselect e bottom.tga","16428","4f099ed0699587a0e0238b6856ecacda47589f1a273012be7a53684f26dd0865"
"textures\ui\godselect e bottomleft.tga","65580","5e1b68fb4303dded68792da6e112822a1fd2d97ab079d825c8428f59fe2e3883"
"textures\ui\godselect e bottomright.tga","65580","41a00c64f98157ea58e8d3087f6b2d4e79dd9d654edb6dda12d99b8b73754563"
"textures\ui\godselect e left.tga","16428","daaa6b4547b510490499f3000f24fca5fcb0010d086696c45af2cb39bfc15d58"
"textures\ui\godselect e right.tga","16428","cab76647fb9a539ad92d671254b2bd8c826a338ad2e9c04db3bf06dea308924d"
"textures\ui\godselect e top.tga","16428","4f66423a29d36f6a68d2eded35c1490978e9b7e7c237d50fc797e9cf404b063c"
"textures\ui\godselect e topleft.tga","65580","fcc49500fa1824f85339c37079151eada6f38b369f9a484e97ba24286ab267e5"
"textures\ui\godselect e topright.tga","65580","debdc37245ec12ef70fa3532f7b7ba102b4dfac988eb81727e58ec8e4009c0d6"
"textures\ui\g-r-a-arrow-alpha.tga","16428","70fba894117445d0dea7daeb749ba02307b527ffb319c20952948de86440cb9b"
"textures\ui\graphline.tga","16428","924272b6dbc142870b82ab19ad012d15cccbad983dd9961b84ebe2d9ca6d92ed"
"textures\ui\graphlinefiller.tga","16428","fa473ea175ac3956ba754a27a505f4ab6c6a956cf7b398c8baae1cd30f9debc6"
"textures\ui\graphresign.tga","16428","a5c36064620accb9074d341455976d130a42c5b4969fb61166de3069a1ab53f9"
"textures\ui\g-r-b-arrow-alpha.tga","16428","2f880e6350722edc835e68a6db218e96ed415551a8925b48dee637853dcd4917"
"textures\ui\g-r-c-arrow-alpha.tga","16428","8315249cda4650d21a79f2e3c977b9fe0c50b61277d620c3046a653eb296ebd2"
"textures\ui\green.tga","108","ffed5501104a8e5d16dd90c3b65429aef0e26ba6c0dd5e9c56e0ff9031c2c86f"
"textures\ui\greendot.tga","16428","c6e6fe5765a80df0a6323d630334acd848aadf1bf08f77986439241710457df5"
"textures\ui\griver32.tga","65580","ec764e39e2566c8202a6d416871d4211aed8c97fc24dcfb26ee4128c44e69a34"
"textures\ui\griver64.tga","262188","cd19882f3c1b71ab1decd3c6a036b23e2de5e138cbbf4c10823a4adb9bb65355"
"textures\ui\g-u-a-arrow-alpha.tga","16428","582036becec20002b7a6e5d7f698bb8065caec38185c30223aface5a1bc9522e"
"textures\ui\g-u-b-arrow-alpha.tga","16428","e9b043e785058b6a420562e88756150911397fc4250ccd716399e0f4c9a13a9b"
"textures\ui\g-u-c-arrow-alpha.tga","16428","a399504ec6bb90ca31b9032e418c6628287ff3d7abace455a93055f37f4f518a"
"textures\ui\hades forest 32.tga","65580","14678db18ad86b2e0e82f6657688a983e3f0c3b19e6939876c5dbb4975bf7754"
"textures\ui\hades forest 64.tga","262188","ab02bf60b88be74f46d711cabfd8ab76ac16eb5db90da18ce63590df92e76430"
"textures\ui\help button clicked.tga","131116","c511197accf6bf6c4ed89f9e902ac6aeb1e88022443198eb68984d7d9372b55e"
"textures\ui\help button rollover.tga","131116","68d5b56f9a48a8578ab54f159808c273247e4076cefddd9fecd7c9355c85a745"
"textures\ui\help button.tga","131116","2ae1468afabb634310812b86c5366a8341b176a78e9edd1e750ec5c8fc88921e"
"textures\ui\it\campmap_atlantis6.tga","4194348","4fb17291f3651a2cc083e23ccf06af1338e3d554ba2d51744df7a68d5e40c05a"
"textures\ui\it\campmap_atlantis7.tga","4194348","2c727cda124ac53de929b03c2894e29827fe484bc27955e542e40572c1843aff"
"textures\ui\it\campmap_china7.tga","4194348","5e71fde8e26bb1f4b289a45215a8e65f9a5a69e0717a31411ae98a5e1ee31cd8"
"textures\ui\it\campmap_egypt7.tga","4194348","71be2df0b8bec31a5035936f7b9ad3c98b7c1e0cc01d839dfd9c986fabb5d71b"
"textures\ui\it\campmap_greece7.tga","4194348","e4b17ed86c0755461bf032b52b1c4e945c9a9cf2d59524f0825d2625e7dbab62"
"textures\ui\it\campmap_new_atlantis6.tga","4194348","dd5827682e7caf48be9e3a53d1e834ec93a0f59ac8eb125b30afe3de59e346a9"
"textures\ui\it\campmap_new_atlantis7.tga","4194348","f1cd5432ff239a6dd17d74f97052a5f6cac9bf4203cd3e04f1c5d7242a5fa310"
"textures\ui\it\campmap_norselands3.tga","4194348","700f3f5e9686c293e8e39c48607a90a6b9421eec94a16d4abfcc481035bd51af"
"textures\ui\it\campmap_norselands4.tga","4194348","00442187ab671f672309692c0fe767867aa6eac6fa78af12912e46888ebf34b0"
"textures\ui\jp\campmap_china7.tga","4194348","57353d556b577ac8d22a3f052b34577d93e4db6cc01c5a631753f72d8bda3793"
"textures\ui\jungle forest 64.tga","262188","7a713b433ce87142010bc1290492c5fa66ed44f36eca4a716a2495b49338b574"
"textures\ui\kick button.tga","16428","77fcd0e6648dd23110df1093ef26c50932683e28c9c57298a74fafb89b5aecf2"
"textures\ui\kickbutton.tga","16428","77fcd0e6648dd23110df1093ef26c50932683e28c9c57298a74fafb89b5aecf2"
"textures\ui\ko\campmap_atlantis6.tga","4194348","2318732ac3de4a4c79ce14c718b518f84e50a348864cf7510ae07102ec260018"
"textures\ui\ko\campmap_atlantis7.tga","4194348","9b73a5cd55b8ef87a652a0a3b029d4c919ee28619dd4136f38e4b789af83c214"
"textures\ui\ko\campmap_china7.tga","4194348","3718c15c732806fd3a08a359d8eb63e288d31581c634fea6fccb7f4b47a96417"
"textures\ui\ko\campmap_egypt7.tga","4194348","5b0e8cb39b9fee8e5b6b182769557b33c65f837cf6f7e7813e126afb35e8f0c8"
"textures\ui\ko\campmap_greece7.tga","4194348","0289af086a781a21b47a90bb677b6c93e3187710d783685f0c2dfe24b2a54157"
"textures\ui\ko\campmap_new_atlantis6.tga","4194348","f90b59ca8473aa2e093fdbf94ffb5ffc3930592c4212a19d1a4b7daf4df1b78f"
"textures\ui\ko\campmap_new_atlantis7.tga","4194348","29e424938a7ddd05fe31704a35ab000d508baee1230c7d8c31cd184df8e2b76d"
"textures\ui\ko\campmap_norselands3.tga","4194348","f610c82f95ed73d65b5b7ace56b36d120b080d018e5b9fa35990fd3b465201ef"
"textures\ui\l-a-arrow.tga","16428","6e69c61f4e2e09dc59c470813836bb043a40f5371a4a1c0a2606aee23586d22e"
"textures\ui\latency green.tga","16428","aebb9f8bf5caa447fa9b02f4145a92617cb734ea86c95ba5ae85ac616fa69558"
"textures\ui\latency red.tga","16428","823025e49fddf27e8995d7dcd70eb9e2bb6922b135be57cb6f058fec8a24c766"
"textures\ui\latency yellow.tga","16428","f81ac4d24d62f567706b429ea325c1ed0a4ca15284e846474f87fb78122a695a"
"textures\ui\l-b-arrow.tga","16428","af1fb0e6562b65e7fe985434573263389712f187da3492ace9db9fea0e57c98e"
"textures\ui\l-big-arrow.tga","16428","3a2362b209e33681be6ac5c4b7593866ba1653073b2bfa9fb7e90b03f64c2e73"
"textures\ui\l-big-arrow-alpha.tga","16428","3a2362b209e33681be6ac5c4b7593866ba1653073b2bfa9fb7e90b03f64c2e73"
"textures\ui\l-c-arrow.tga","16428","f03da711f8c18153f55d8bf15089ebdf6ab07543655185d35aecccaab6e22092"
"textures\ui\legend.tga","4194348","4066fe09dca057d4647634d26f39503e5a0bd97c776e4d63b67ce1183e2e4fcd"
"textures\ui\lightblue.tga","108","a6d809a45578bf89fd93b778caf0ef176b17eeb54e504a08585b1fb2effaefcf"
"textures\ui\lightgreen.tga","108","f5440f0c3d4f11412ab83509bfe695cca2548aec946787eef3e528198510341b"
"textures\ui\lightred.tga","108","aec1a1a631d1c394ac0982e9286dfe535a154a46939e8019e407d094d4a4f668"
"textures\ui\logo_forgottenempires.tga","8388652","5b8f33920aa10ceb817dc26735bf8f5e993222121e12ff969291fcc801fef747"
"textures\ui\logo_microsoft.tga","8388652","0798fe8167803fb6c5ed76bb70d0f4f6bc32e828670536f0d32ffc6762a3db46"
"textures\ui\logo_skyboxlabs.tga","8388652","efa00dd03fd6551573425a23ee3d003b3fba080d5fc41f3a99dc75694c9587c2"
"textures\ui\logo-splash-forgotten-empires.tga","132710444","589a1058a131502888067108f88538565859087b188353dc557f38380c75ae23"
"textures\ui\logo-splash-microsoft.tga","58982444","ee5c6d7eea0667ddc0a9afb4bed83726bf431fecb3f92633a8ba4e82692db8ec"
"textures\ui\logo-splash-skybox.tga","132710444","c602914baa5e094fd3ee25a63d716dd59b1e89d9138e285bf030b5c789bc5fa0"
"textures\ui\main left bottom.tga","1048620","d660762648f6ee4b34fc10134ef30d8cb5f070499f90b27fcc8ecfdc1e7b51ba"
"textures\ui\main left middle.tga","65580","eb61e8d0d713a12c26bbaa930b555ba92f3b0cfd81e98c4530848d2ba03339f2"
"textures\ui\main left top.tga","1048620","438a8eff28a17a2fc22a34c89e67f8fb0a55927a2413ee378a8f75729d4419cd"
"textures\ui\main middle bottom.tga","65580","90e77fbf0f94ebc1a987a887c5ea97c72d516322a09184912b9bbe84aff3b802"
"textures\ui\main middle top.tga","65580","fccac732b18349922fbf4672b11d7cd8ef9c707f8ad7bcd77891ef361805c44a"
"textures\ui\main right bottom.tga","1048620","d5163c45728796f24a669ea21b442eebc05e86c5529093c3e1650242103f89f1"
"textures\ui\main right middle.tga","65580","1e7b775c554d5a6d2c14028d8145b49770215dafcf8f38619ede7be9451ca564"
"textures\ui\main right top.tga","1048620","f045ef9099dc32c8cd7fc55642521227f9e450dfb4f6d698b721a85e0b4f316e"
"textures\ui\map restore 128x128.tga","1048620","dbb4591b2934c9756ba760ada2a5cc793441d53d74fd16af3825f50ab049e277"
"textures\ui\marsh forest 32.tga","65580","c2b114ce659835445681641b05922bf8b1e289740a452bbc10c343e7d3a811be"
"textures\ui\marsh forest 64.tga","262188","0e7937141e14ac1f69cae8ce60b0e2646ca7934ee33dc19e39a91b8adca1941b"
"textures\ui\mediteranean sea 32.tga","65580","447ff8a7e1c07b422d266d76098a71d7dcff5161be967ace51af4e748d79aec0"
"textures\ui\mediteranean sea 64.tga","262188","b436711ede109e939b8ced9984a5f7a0d6c7b954065dd24c6e3d8dafb4684e4e"
"textures\ui\minimap_border.tga","1048620","f3a307edc03f8c3b82cf2919abc3f169dda1ba1a0fe96a789077ea4daeee117a"
"textures\ui\minimap_border_g.tga","1048620","f3a307edc03f8c3b82cf2919abc3f169dda1ba1a0fe96a789077ea4daeee117a"
"textures\ui\minimize_noalpha.tga","16428","e41f9860d8149f986030e644745b3c626b2dd34fd0f6c03dad35a079171723d3"
"textures\ui\mixed plain forest 64.tga","262188","534531866266a7a4bb3022ebabc4c78da6af6bf20d4f8a413084608ed7fe44df"
"textures\ui\ncliff32.tga","65580","6c47d649232f05359fe13e2e60521adcb430bb34b9514ea624b254d1f695885e"
"textures\ui\ncliff64.tga","262188","1c41efb3f2a4a1e543ecb36ba448faca725daf1e736718ecc22628e1e4a6d7b4"
"textures\ui\nforest32.tga","65580","824d06d26aaf8f40cb42a6ac960f046378e411db2cc715d5ec66eb385f33caa0"
"textures\ui\nforest64.tga","262188","4bd0b8df3775f0b85411d325904da132f9f90e7ced7514ea0af49a16281e09d5"
"textures\ui\north atlantic ocean 32.tga","65580","0e8c4dceeffcac88e3f9d50e9c80da05fd5b670429fee22fff534b5169ad64b3"
"textures\ui\north atlantic ocean 64.tga","262188","e0d7f89fff170b9cb526b7efb0a29274f6f72493a8667baa78129f1896ed48af"
"textures\ui\norweigen sea 32.tga","65580","2cd687100feba2d53a128a6ed27f09cc36fe02e946422becf2b25986ae3d0ee8"
"textures\ui\norweigen sea 64.tga","262188","ad261b78ef9b194d323fecbc356f51ba77a34520ab06223a9628d6127ce7e524"
"textures\ui\nriver32.tga","65580","0fdee28bacff2236ff49fbd82eeffaff004a0fa5109a7e154ea555d8dab5361a"
"textures\ui\nriver64.tga","262188","4278aa85cb7b28ad770001d2fb59717918585c9f87566b4e78b0898aa20926fa"
"textures\ui\objectivesbox.tga","16428","7a899a1e6306b6ec559d3a0fb3a16839c67a5b1b9a3f65ef36a2765cdb8dae6f"
"textures\ui\objectivescheck.tga","16428","2437db2917bacb570bbee7366b7c04047e809efbe3cd738f55b6528cf47d1e32"
"textures\ui\orange.tga","108","599eaad29cf944dd9b08423143871aa94439cc155ac93ee1e8be3e6d034f510f"
"textures\ui\overlay_ajax_08.tga","262188","8396129a2063a8dad3f4b9a79be7f865bce32973640d4f5366bfc6ace7c6d0d6"
"textures\ui\overlay_amanra_14.tga","262188","0970b62620b14fa30808108948e5934c4e59cd3245eb33d09db9eb11ef29a20d"
"textures\ui\overlay_arck_35.tga","524332","d45f93b264f76690db3ded80735f80320bc03392e204c835a2b94100f06cdb3e"
"textures\ui\overlay_arrow_01.tga","65580","c486a9c5e1493851b74192c90b75ab0374be83aab9e27d967048c9c4078e16d1"
"textures\ui\overlay_arrow_01y.tga","189740","9a389d577a36282ec9f6e41a5e76020b58c4d21d976b57661bdd684181d4ad6f"
"textures\ui\overlay_arrow_02y.tga","1036716","5098c7a50885eeae701452f31989f2ce2c1ee97b9f8baa7565f0cbffadec446c"
"textures\ui\overlay_arrow_03y.tga","652652","e9a8b3dc09695f9a8e97826e2e211f73bee3edb84841db5feb465420503ff6fc"
"textures\ui\overlay_arrow_04a.tga","524332","65cc7af8359a001a15031a4e81f27b86d25f8cb200e7ce372dc9542b7b47289c"
"textures\ui\overlay_arrow_04b.tga","524332","c03d91ea29a0c97e3f61ad1361944c713b758ba167d5fe363e4c7ac23cc7d8f4"
"textures\ui\overlay_arrow_04y.tga","288940","6f24f743001e061381b8f38dba1ac0a510b9c775241b07f7c8e4993fec338df3"
"textures\ui\overlay_arrow_05y.tga","2296044","04069c99717b303ad1e8c9e3cf305499612e35ff5294854eff32483071aac037"
"textures\ui\overlay_arrow_06y.tga","1457708","39f5d89266a1b1156b39161222782c29de866757b08c71391cb97456e57c4f5f"
"textures\ui\overlay_arrow_07y.tga","663596","34bc23974332f783f4b9d76d59f253290efcf0595f518c7a8a23f8411f678f56"
"textures\ui\overlay_arrow_09.tga","1048620","8e6062077038d97016e1d84f504afbb651fa859041ac94c236fb832a9b4e8e83"
"textures\ui\overlay_arrow_10.tga","2097196","8db4451689bf731a9b0ab9c045e33845be4fd3d32c23b61e9517b064b1ce93c1"
"textures\ui\overlay_arrow_11.tga","1048620","26e3e43a73c6828c4ae02f13e1d99ae1aa0352b76157e62362dbb582f8edf363"
"textures\ui\overlay_arrow_12.tga","4194348","a8f989ef0acf010ddd5823bcf8590ea6f39a4329e674a8697bb73567dabd8a22"
"textures\ui\overlay_arrow_12x.tga","4194348","235ac796a6f86c9fb9c2aded79d1063b629b61688a8c6f3143dca557502c1023"
"textures\ui\overlay_arrow_13x.tga","1048620","30d2c8db9ad87305b9a6344027add0d28eacbc0db5df882a7b618ef3bbb3161c"
"textures\ui\overlay_arrow_14.tga","524332","7aa38235b711b30b8358d391f438edc2dc6f9317c1b159312c05701a44e980b0"
"textures\ui\overlay_arrow_15.tga","1048620","f4decdeee5ce9597bbb0544c8d38c2c3ca294260b21b94b7c9ade5415dd9b988"
"textures\ui\overlay_arrow_16.tga","2097196","9d31f8ac07322a238c2ae46215e26e052e1ed3ebc2fe2dea852668755b50e00c"
"textures\ui\overlay_arrow_17.tga","65580","9b31b78d537f2c63e20da157e391df7764c99c253df72160e19331eb2e932c66"
"textures\ui\overlay_arrow_18.tga","65580","f0fd3bbd5f4304d09990d6012156c7d295e38e778609d9248ae65986b0410f55"
"textures\ui\overlay_arrow_19.tga","262188","e4981c17d8ddfaf6f52a035f24b268c05987e7fcf622a920dcc0981456496222"
"textures\ui\overlay_arrow_20.tga","524332","1be53971fed4fba80b9493d3d790d0e901e9c71b1c0dd1aa184a99943d87a4fb"
"textures\ui\overlay_arrow_21.tga","524332","f7f29130512ba7a6336198d323ed0e0c5c1c3942462df0adc8e6c870f77af19e"
"textures\ui\overlay_arrow_22.tga","4194348","eba40c42c787d3d95fbc5d34d6c6e2fbbb765bd8450dd5810d712884ae635e6c"
"textures\ui\overlay_arrow_23.tga","262188","524363621bd0386d9c1b5b98a7d21242ac180095767f229413df28167a5da48b"
"textures\ui\overlay_arrow_24.tga","524332","89d4ffa55b15208ce9f49326eef55b2b9f92b727e4dcd1354181278ef24ab958"
"textures\ui\overlay_arrow_25.tga","262188","77abdda8f458d317a4d6ca877e667e6d186aa347191a5f5b51a7c80114817b24"
"textures\ui\overlay_arrow_26.tga","262188","72d68a8aac28549b37044a6691919476c7515d51b48792f1b2ebbecd2b1b745f"
"textures\ui\overlay_arrow_27.tga","524332","dd582b301276463b158d974ce541f2242d398ae18bde3a8c35cee520c91afad0"
"textures\ui\overlay_arrow_28.tga","262188","52133e3b52f1cff2c62d30d5a4380073cfd18ad7b8a44655730d27e674725ac5"
"textures\ui\overlay_arrow_29.tga","262188","27d25f7c05fe1669a7f2968c390ef141197d14dbaa4706d6a75ca018e2dfba07"
"textures\ui\overlay_arrow_30.tga","524332","a452ab04beb6994990eb377b67493b6e0ff57ac9aad669bc0127b8c957ae9497"
"textures\ui\overlay_arrow_31.tga","65580","9fd4e15723a12aedbb6132310e49b05f8c0d946b0c9f973c557cce6838545e84"
"textures\ui\overlay_arrow_32.tga","65580","b81be30494b57694fed6b67d796a8ad713fd2f26f7ca9fc5b953e62d233cb39a"
"textures\ui\overlay_automaton_11.tga","1048620","c3fb096b2f4c57b2ad7d675406a1e9c3b5ae71ee8ec5f7f696268b081f2b239b"
"textures\ui\overlay_banner_28.tga","262188","ccf51c22055d36f33476cb2c71a55b3358200e2979ec434509fd479d50802bda"
"textures\ui\overlay_battle_22.tga","262188","798a733aec84c6a1531e5e01672c2712755fb143db7725d44759597c86aa556a"
"textures\ui\overlay_blue_09.tga","65580","d8914238b0614a93ebfc094a5b684db3d7dfae30a8c35f6a237e0b3b4f64b4ae"
"textures\ui\overlay_cart_16.tga","524332","9a45ea72c8ed507dd0a07fc58592771c48666a55829f5376a73ef36f0d743dbd"
"textures\ui\overlay_cerberus_08.tga","1048620","431eacbf6ce8e075cbeebecf4fba41601f48de6e127421167590893ad25ef0c8"
"textures\ui\overlay_chiron_10.tga","262188","69f128afb39c6777c355e40b05d848bc595a259f582d39f378789a6e9afcc577"
"textures\ui\overlay_door_12.tga","524332","796b5752b6f584bacfded5eb3f041f107d506db6f9619a71c401fe9cf47f5ead"
"textures\ui\overlay_dream_19.tga","262188","dc108c5b64ffc068f7ccb981761603e7e9ca81c780f6ee2f6781a2513a9e8f4a"
"textures\ui\overlay_folstag_09.tga","1048620","f9e6c521ef1d470b78dc7e2da2f76f0312efadcc23289d216ba3c49279d3c071"
"textures\ui\overlay_forge_26.tga","1048620","6abc8fc3cdbc556682d8beb204599c58d85f7071792cf5486bc863469558299c"
"textures\ui\overlay_fortress_10.tga","1048620","c55a86a6f2038742e6f80cae445b76ca12ab70d3b3f73e4dd09e05a59e5f027e"
"textures\ui\overlay_garg_33.tga","262188","614046edbc30bda0da2aa6708e2c7a92cfd348c3cf09ce978fab4aec3e96be15"
"textures\ui\overlay_gate_07.tga","1048620","b47f6ac2d3f15f09034c0bba394f160eb4f034338bed3d68289217c9269dabb8"
"textures\ui\overlay_guardian_15.tga","262188","7d62e0411be2c9f65c8e3a761105b4a7e165ba7b2eafbe804280f975a94c4d11"
"textures\ui\overlay_hammer_32.tga","262188","529b1575b2d9d3e28730a6333631928cbf8e079aed88b56802452df94a18fbb8"
"textures\ui\overlay_kamos_5.tga","262188","343722e178a64ae77ce3a80653af209ea84b80acbb4b2ebf9696527fb0e63af4"
"textures\ui\overlay_kastor_02.tga","1048620","6bc5eafafc437ab693d49cee3f033968286f492464e9bb2c446fd10cff9a7567"
"textures\ui\overlay_kemsyt_20.tga","262188","6a012908ddde6687a7de67d02f8553ec07d6b25badbdcbf72d7aaa0f62f3d999"
"textures\ui\overlay_krios_01.tga","1048620","333ce983ea2a3e8ef86c97e06ff6cda13753d496a5d2eac2c40d02aa12c08f7a"
"textures\ui\overlay_migdol_17.tga","262188","42c3f25841122017df08df4de3386ba9617893d24cc4b9a6faa7d14c1c32e86e"
"textures\ui\overlay_norseman_25.tga","262188","dec09e6bc0b89da8318e3193def0c59e74da8ad981a0616c3811b76cad4b0830"
"textures\ui\overlay_odintower_04.tga","1048620","9c719b72cd5fd6a880857c5ca1b0af89fc2c0cffa876db0c706f954a9eb91dd0"
"textures\ui\overlay_oldman_27.tga","262188","e17bc59d14e0e255f27c7b508e4aebcb4b0c0a8ff278c9a3884f3d2ffdf92f00"
"textures\ui\overlay_olympus_06.tga","1048620","8baee8a66dc9a21ea663848b5743ddb50fa384c91949bc74033df4e752ec6d38"
"textures\ui\overlay_osirispyramid_23.tga","524332","6ea471fcaf5b45a429201e53acc83cf64a34ddc08902c737bb55292e276e7775"
"textures\ui\overlay_passage_11.tga","262188","8ff53c84513da26d078ad4fe580548e062cfc4c55b64003219616646f7a55a82"
"textures\ui\overlay_pigs_24.tga","262188","25774a4cf6b9c83efa860d16b9863c743398cb219e60e00dfdc08439936f8538"
"textures\ui\overlay_plenty_03.tga","1048620","651008e4fdea1d879b270f8685e22df7e10e60c5e13ed48767220140bb5eaef9"
"textures\ui\overlay_poseidon_4.tga","262188","bd8d537226a89b2491f80a17a6b72499285f5b3e42a0eb108c2cd44b51c4dad8"
"textures\ui\overlay_pyramid_18.tga","524332","84f16820434b4108c4e603cc355dd7ca7f90bd04ae8edcdfc09eb7c15ac64b7a"
"textures\ui\overlay_ram_31.tga","262188","c55a1d446fb443b30565ba29e3adf0d8557d1d72572f7d3f25e069a3551055b7"
"textures\ui\overlay_red_09.tga","65580","f6fa00083bb081130736586344dd80df31cc21c7845050ee3a7e6f6c47266503"
"textures\ui\overlay_reigenleif_29.tga","524332","0590571514306d6c65d6c88d9b1e50417e4e9cf057bbe085a6d4334d000275ba"
"textures\ui\overlay_ruins_12.tga","4194348","e675612daa84c5adca8261ec19f896d03ce443efc181c9491eb5c3c393f5ed14"
"textures\ui\overlay_shade_13.tga","524332","6333fccd354d1f9ef5fc919b9b9a5e5d3497e9be171a75d271dd1bcf06b0ace2"
"textures\ui\overlay_ship_34.tga","1048620","65ac8bb5554775e76118789d21a84030a4996d3d87619b4b32d9e309ea42438c"
"textures\ui\overlay_tammerisk_21.tga","262188","b29699b4758120c87c5e7bffba75581a9d5b9e4e831c9e763582cdecda1ecb45"
"textures\ui\overlay_temple_05.tga","1048620","d8ad84977984b657cf0186d6bc52603d341217e6277baa2098c81a32623fbefb"
"textures\ui\overlay_titan_07.tga","1048620","fee5a09b45459e8cb95a7c1e8793e33cc0a83d174580df4eb8456ca95922c50e"
"textures\ui\overlay_trojanhorse_09.tga","1048620","cd88e56d4a3617c6b61fb0ba8fe98116ee3628d6075cfea666ce029cec26aecc"
"textures\ui\overlay_wall_06.tga","1048620","3ee2b538ff8e20aa09254424b37bd5e4dd6143e2fde5a43167ea2816f693bfde"
"textures\ui\overlay_wellofurd_30.tga","262188","0ef174a350afca4a4d0d98e7fe54993f652d919b5f84816dd00ff0c1d74acc57"
"textures\ui\overlay_y_0.tga","1048620","08441051568dc9790478ad376d99fd96216d73d923d11f6b07b07f15bf8da366"
"textures\ui\overlay_y_1.tga","1048620","88d829fdea848d8876a330225c863c3dfccd9909a6f7938af79463c05c1d35b7"
"textures\ui\overlay_y_10.tga","1048620","659e558126d115046094bc18e6d7825344ef5254fd06749819d254b6220342a5"
"textures\ui\overlay_y_2.tga","1048620","70d190f472bf440138a597fdbc44b38d9b6f176b6f0c1378f3c61421dab53016"
"textures\ui\overlay_y_3.tga","1048620","15cbb1c1f8b4805085a5188402aba133553462f0f3e96dad619cbfac1d06d09e"
"textures\ui\overlay_y_4.tga","1048620","4d813f14b395262734e94a1fa5d800ed21296b652d44483e7cc84326dd9c68a9"
"textures\ui\overlay_y_5.tga","1048620","5a6a9699fd34277d7db5b7b7e1c4334a97055d70f2077b13278638ac3106dde1"
"textures\ui\overlay_y_6.tga","1048620","73bf5e0ee17d18c3d9ff558d8a09b18f69f0db8f40c2e5104bdbdff6248a05d9"
"textures\ui\overlay_y_7.tga","1048620","103f04898e61d66ab98e6d2c3c2d92874f1d80eb71a627e6ec949fb9b03102dc"
"textures\ui\overlay_y_8.tga","1048620","1e79b12e1d758adda715f329be5b837b94fa567acb81c736083ccd1651df0372"
"textures\ui\overlay_y_9.tga","1048620","ed547eb16f24f531953c74ee9b0a4404ab59fb9d5bd5781e0b413b58ea3b4c48"
"textures\ui\pine forest 32.tga","65580","a7521162f4f2fbf214c4ff5642cc7f178d0247048011e935b3caf68f10b41f57"
"textures\ui\pine forest 64.tga","262188","bc3faad3fc92e4c4c9cdf66618a758a5bb7d09c05f56b3c82a06422b94ab4b2a"
"textures\ui\plain forest 64.tga","262188","51e5ed52f99d453a9ac12c490332044b5b314b1020a27a0130561bce18fd2f76"
"textures\ui\player status icon.tga","32812","244478655f45448dca6d6f04477ab630fb99a2beac7dd73f9f31c4f96ff3a2d6"
"textures\ui\r-a-arrow.tga","16428","02a74f79660cc7137dece03fe6274f4212ce0f10fd33818bb37b5ed6e2d0cc52"
"textures\ui\radio-blank.tga","16428","0ca94a17cce60d08339f7bef61a71aacaed6a75a8ca32c2db768dff730f4ac5b"
"textures\ui\radio-fill.tga","16428","e4159eae619cbfab112f3cf23376cd2ffc90fe0e66f8fba41a7e71e36eb08c4f"
"textures\ui\r-big-arrow.tga","16428","51a107630ac98dc5e70bf654cd69c8c08e73267d9993fc89e16b492d3fc1fe8c"
"textures\ui\r-big-arrow-alpha.tga","16428","51a107630ac98dc5e70bf654cd69c8c08e73267d9993fc89e16b492d3fc1fe8c"
"textures\ui\r-c-arrow.tga","16428","647bd1a492a500addee99e531bdd30596e335e997ad53bf54b81b67321f2d771"
"textures\ui\record game add bookmark.tga","16428","71f2bb339f346deca525b73476c33e48360298a7f431353cc68ed7f4a364133d"
"textures\ui\record game bookmark next.tga","16428","d9d4d2274211d8d6f4c6b045921a9a9c0d3057e98ab950b716c579d501e0b5b6"
"textures\ui\record game bookmark previous.tga","16428","fab8aa82fa7846b264591524037a4169a2c6c5e55fb644dea89cb2d4fd18fa62"
"textures\ui\record game check box checked.tga","16428","5e020b18306c58bfd38e3df9c322906280f01a25a4d1d9f8acfd4495fd13905b"
"textures\ui\record game check box.tga","16428","7a899a1e6306b6ec559d3a0fb3a16839c67a5b1b9a3f65ef36a2765cdb8dae6f"
"textures\ui\record game input field arrow.tga","16428","4de13c8ef11d6f314e5b720ccf6f1a990f441da5ef0c3a677adf63abf54cbc19"
"textures\ui\record game pause.tga","16428","1cfdc896d8b617fb689c40d2dc8b20f705ce8c13c4e68d04faa5c3b902b96e19"
"textures\ui\record game progress bar background.tga","524332","f6749571a261b8ee28ab35cab024e0958f11053356519decd71e5aec93e560da"
"textures\ui\record game progress bar filler.tga","524332","a8d07e6efcbdeb672a6f614b1723a99aaae7245724bee926c666dd61680f042c"
"textures\ui\red sea 32.tga","65580","f64df40d973168313007c113764cb166dd5efc5767d6ba111d140f1273972567"
"textures\ui\red sea 64.tga","262188","f20cd9c2a32673b4cb57871e217fc8fc49bb8f7fbfda956315b2ff8110f5f9a5"
"textures\ui\red.tga","108","599eaad29cf944dd9b08423143871aa94439cc155ac93ee1e8be3e6d034f510f"
"textures\ui\reddot.tga","16428","863e15c6bc7c9a565ae897d150b2372f6b5f843f65629e165b8d2c0f74c22672"
"textures\ui\resources.tga","1048620","c5172315d9b4a67ffb760d7723c11380615aebdae3ba29dd2800ce5180344ce7"
"textures\ui\resources_c.tga","1048620","624209bc09a025a005327515d0ee30f9d945c5a590d0b5670c0d36171a20e051"
"textures\ui\resources_x.tga","1048620","a6e124310684610d36cf675427ea7624a7e5f280a1d052b2cb668d40b6ad8763"
"textures\ui\savannah forest 32.tga","65580","65fce9ceb9cc54148549bf0231a105d781d5cbfa2f6b1091434269e81bb37151"
"textures\ui\savannah forest 64.tga","262188","7bbcc7c5b037efa0215299ecbcbe17b812f0ea07a590e1fb8cc4772efe99b9cf"
"textures\ui\screen shot a_01.tga","4194348","94548697db8a90ffaa4be149ede74408c1e07e989a0550f5b28288eb37b4fcc1"
"textures\ui\screen shot a_02.tga","4194348","e43029b93077af16dca0c450202dea1d18d82c0eec7006dcbef5b84608a007c6"
"textures\ui\screen shot a_03.tga","4194348","ce74c6fb82a5d4e2abbb8eb838c4f207f18389ea9b14d99c9166f0da942c4e87"
"textures\ui\screen shot a_04.tga","4194348","7af085d2aad825e7297e5399afbe063f2fb37e4299f362b7cd1efa8e6389d359"
"textures\ui\screen shot a_05.tga","4194348","5229608045e11dd66c8e114e9f1010bd18041f8cc5dd1d5ae68c11533592f82c"
"textures\ui\screen shot a_06.tga","4194348","fe8711f1e59567749a3c53ccf64ab6b9dff2d4f2722395253a71f0c98a6acc8f"
"textures\ui\screen shot a_07.tga","4194348","4f3e90cb669c688f139e202873a6abb8a6849cf6686dbad0b20b038f832cf2d6"
"textures\ui\screen shot a_08.tga","4194348","eccaa17905eb3a48a98ab30ac8b08c937d4323f67ab8fd4690103b804b477d5a"
"textures\ui\screen shot a_09.tga","4194348","026aeb55802415d49ff82978f7d071b65a315f13775487b38be02757e54931ed"
"textures\ui\screen shot a_10.tga","4194348","338d9507380a94cb73204226d4538e45537517eafb2d078395490e8cb23c540c"
"textures\ui\screen shot a_11.tga","4194348","1183366010d1fdd58582bc098934e981b615339ff0d54c88bb8a393bf6f1613d"
"textures\ui\screen shot a_12.tga","4194348","87e09bee4adf89a47d8e87cde924e9bb8e8ab60c739924750ca87b75c2ed63d0"
"textures\ui\searching bar_01.tga","524332","7907542b5023c5c4a5f00c539af694a93b95d978434bbed50d3d470c3de9c80d"
"textures\ui\searching bar_02.tga","524332","0fde951248b7f7a6feda142db0d29cee753f9b86a57d32071b33a34a6afb411e"
"textures\ui\searching bar_03.tga","524332","4f7a56e837eb4e1dfb8baefe2d88decd0ffc0ef12da90f7941ae86effbd9ac5f"
"textures\ui\searching bar_04.tga","524332","928ac0370adc221ef58f387a75fc04c1a20122f545c13b8318952faf1674c630"
"textures\ui\searching bar_05.tga","524332","c339ce710fc1c0822c64bcd656825f60a634f5e7460c8653af6710417b7fbc4b"
"textures\ui\searching bar_06.tga","524332","cb7c818a04ea3539973ca74e59ada09a6b91d0ff74e15743608ad987eddc276c"
"textures\ui\searching bar_07.tga","524332","3fc3d9e5582c8f21e4425d19c2a4768d4d976acc950f66fde1f53828961d80e0"
"textures\ui\searching bar_08.tga","524332","279ea5d809dec1d68ab00025f159c0bb97e73109dbdc1d0d6241e14754d6a177"
"textures\ui\start up1.tga","4194348","8d90a2d15b7ae52844128387e4f8d1836f2c225b1ca6abbb173a6768a0125c1a"
"textures\ui\start up10.tga","4194348","eaa16cb52b6d89f5701a32b1d20210827248b48fb523ee98d4f618cff686a980"
"textures\ui\start up11.tga","4194348","fd2d00795a03324a42f552cbf27230673e96a2e1ff34265d225fb90cdc6a739d"
"textures\ui\start up12.tga","4194348","bab8b6af1f64ffb999099b66e8b32f5958f0ee90e907dfd99ae04ec05827bc4b"
"textures\ui\start up2.tga","4194348","1f4c393314d0f96ef3c4e8d07a88e6eb07f35be45d6bdf8374ce9020d6cb3897"
"textures\ui\start up3.tga","4194348","be857e38974caf5ea198abbf4b289a5c458a1cf5a02424acdcfb8b9d814ee1c1"
"textures\ui\start up4.tga","4194348","c34f4be5456abd2f1e94c4a55a19a5eda4e7a3f15cdad67669d4473a29180091"
"textures\ui\start up5.tga","4194348","f7007fe3b9d052dd9fecc8e8108b8738c48dbb5c5efdf1d772fede89c79df29b"
"textures\ui\start up6.tga","4194348","51ecd162d882dbf6850cd25fca63be8c902134df6483b8a34840e511834c572d"
"textures\ui\start up7.tga","4194348","9727c0814103f6b25bb324d02e51a0dfed163f389de37560f272d1b3bf2b6926"
"textures\ui\start up8.tga","4194348","44b8608e913ae053f6c992dca3d1bbfc0e1e11ef1477114e46c788c0f33f9622"
"textures\ui\start up9.tga","4194348","e863275bdddaa5e2d3d599b424a473d0e3d60688bf12e99d2a1b64f7b61e438f"
"textures\ui\steamworkshop-default-icon.tga","2560044","39aa758a7ae467ac96e2df6a757b5d46e107a37e7b30552f2bf682ad9ba5a3e9"
"textures\ui\submenu middle bottom.tga","131116","52650563e0a031c7378c59f7445fd623dbcc5459117172d17135e3d526ef778f"
"textures\ui\submenu middle top.tga","131116","62057e931616b0f51e5aa7c27e845606dbb9bfebd994e2b14be049fad80fa6f6"
"textures\ui\submenu right bottom.tga","262188","f9426b168983a6c6a0633f27d235e86d0e1dbaa1cd7d48655128b8c26639997a"
"textures\ui\submenu right middle.tga","16428","cabdb313a31b455cac3da3db26ef062788351a66d8cc961297888b66dcdac1e4"
"textures\ui\submenu right top.tga","131116","872bcd455c00bba4896365224a0565ebe635c59a901b456ddc360680d503187d"
"textures\ui\techtree icon.tga","32812","0b219d48b3fd30611a5f92fdef43b8b49cc96496adc44948f69cfb42881a294c"
"textures\ui\techtreefuxi.tga","50331692","97e40f7b23d4c24c3ba4c727d7c8c9545cff165f5aabe56a913dbebd47d4b826"
"textures\ui\techtreegaia1.tga","4194348","ba26d726ec9a90a552f277495aaad895608fa9cc3d22086ad382acdc40b479ff"
"textures\ui\techtreegaia10.tga","4194348","efec91b9d5191d7ea6d116325672a0b80853aa8b7ee543ed2062bfa913042bc5"
"textures\ui\techtreegaia11.tga","4194348","8398964d5729af24c084c76accd56ad26b713f7b686ee42d75a1f1c883c324a2"
"textures\ui\techtreegaia12.tga","4194348","e9cc258df3d621674c0defd20ac7c135b2532316bb6c845fc25ddd6b2deedae1"
"textures\ui\techtreegaia2.tga","4194348","c5f53d7628cd5c213543b937b7e5aed9609c0245a1eccbfe6c185b546378cd31"
"textures\ui\techtreegaia3.tga","4194348","32c942819c15037899c6f6f090ebcce88f0f134c3ceeb8036fc19ea89df3856e"
"textures\ui\techtreegaia4.tga","4194348","ea69aa4033bb8926f09d095f7666d78e416b40a112a935968421185e34083031"
"textures\ui\techtreegaia5.tga","4194348","80e9268b484f5e9f36bc73d2bc3108f11cc1dac685ec7dab37ed0f43f4f7d54d"
"textures\ui\techtreegaia6.tga","4194348","122bf6b219ac3db096d7fa738209e974002510cb38b5c0e4df5452db49d762b6"
"textures\ui\techtreegaia7.tga","4194348","94c95ae3057215efb154f15b1a5efdb7a16c7166e2f867e5f906b4c4d12d5ef4"
"textures\ui\techtreegaia8.tga","4194348","c328790c6d0506e9636c838a087a3903cd25c293bc65b8746da18b16dc18315b"
"textures\ui\techtreegaia9.tga","4194348","3992aaa09082115948a722b1b618ba0f77b7137a2f9ba067d5affd157639b30f"
"textures\ui\techtreehades1.tga","4194348","cd53af3a76bc9557f44e42269f15867ac3449d1baee562c76ca8ba118fe22625"
"textures\ui\techtreehades10.tga","4194348","092bb592b5013b78d4ca5bb1cb1da81639fb904bbafc5b0e88473608d6014e8b"
"textures\ui\techtreehades11.tga","4194348","07aaf4cc86321c53e71a07aa1a626e99233368dfaebdeeb7ad611bd74cb37884"
"textures\ui\techtreehades12.tga","4194348","b160cc87c86dea2872707b4b4daf3e9fee78a5bbd08ca38623fdf7b6a5451e95"
"textures\ui\techtreehades2.tga","4194348","96487b5dbf8f5f6b1c0a49b3100f58b9eb1d2a666a2f21b2d85b48fb2d9eaf1c"
"textures\ui\techtreehades3.tga","4194348","16c7b6396818a19c4faa9ab840b84293aff8e4f4d41fb84bf4a68100f17d9e2a"
"textures\ui\techtreehades4.tga","4194348","9225cbaeb34cfefe2fab709c0aa95c1c51bc5075f85b76a9c4df2159ec08ad65"
"textures\ui\techtreehades5.tga","4194348","213396ec2b1672b788fe0b1a714e0ae6c5e7299e65bfc94057945a19338eebba"
"textures\ui\techtreehades6.tga","4194348","37af5bb453c9f0e4d91e8e380f91ef6b9550a251eb4edfd36960998a292e4ad9"
"textures\ui\techtreehades7.tga","4194348","8060e33df31e7bf71540141fadce2751a2301cb059917843dcbd5544f5e8109d"
"textures\ui\techtreehades8.tga","4194348","5d7f81e1508f250e639414b2b29c60ec894599e30d3171d53627d7cef4370c32"
"textures\ui\techtreehades9.tga","4194348","113a5e13e69e7f81cfd68d02bf3d2fee928b6253cde05804e1ebdddde7f828c2"
"textures\ui\techtreeisis1.tga","4194348","196c0af998140b6731931ffa1ce4a49b72fb001cd5594dca11f0b21708e4e1fa"
"textures\ui\techtreeisis10.tga","4194348","b10f5e1ef551c52a860280f562280eccf6a3d776779cdb9ee399de89faad8c51"
"textures\ui\techtreeisis11.tga","4194348","264881b4e2084c1d749391f8db885c144e514e93d9a90b6cd1a8439d30b1d92a"
"textures\ui\techtreeisis12.tga","4194348","74eaf76d2330e1ea2abca0082fa949c3f67a5bc9215b1015d4363da30f5bf457"
"textures\ui\techtreeisis2.tga","4194348","71b781a4a9ce0bfb70891eeae62b49f6d734d25ff08e75da305d402054dabb46"
"textures\ui\techtreeisis3.tga","4194348","a5d2773f1b0cdb402daeda2590456defde13b845f2d4c783f0f60548be23dd5d"
"textures\ui\techtreeisis4.tga","4194348","2f678238df3d9ebe1fbcf9223b0e74693be20383590f4854bbd2305d99337493"
"textures\ui\techtreeisis5.tga","4194348","c9abfae8d96fb1844e357d11d1831f53e91376d5421735b9197e8945484db2d9"
"textures\ui\techtreeisis6.tga","4194348","5b2fb6d0b7ceef48cb38b1020c6c079c3141515519beeaac6d7919e5467ee9db"
"textures\ui\techtreeisis7.tga","4194348","eef9e363f41fbd4c269487ad2a5fee22c04b409dc629dbf3a39dd6f22b304f1c"
"textures\ui\techtreeisis8.tga","4194348","e12eff867594e8813af802ba9825749984f440e4a95c3c99299e7bdc2487452a"
"textures\ui\techtreeisis9.tga","4194348","52b169028c87b64502e4bbd689f65c2333698c62fa436f1144661c7ed44c67fc"
"textures\ui\techtreekronos1.tga","4194348","ba26d726ec9a90a552f277495aaad895608fa9cc3d22086ad382acdc40b479ff"
"textures\ui\techtreekronos10.tga","4194348","b9c4dfcf8281b66da985e0ec5730de78ba7c24ff70535d338ea9eececb422d86"
"textures\ui\techtreekronos11.tga","4194348","9b6b025b4469fc15cba377bedcdde2ea3f3ac5f21dbd955dfb7d8bdd27091d49"
"textures\ui\techtreekronos12.tga","4194348","cab9815a4104ab19135d2255aa5d4c0fe2ca111f35e06ddcdec5dad838a5e36f"
"textures\ui\techtreekronos2.tga","4194348","c5f53d7628cd5c213543b937b7e5aed9609c0245a1eccbfe6c185b546378cd31"
"textures\ui\techtreekronos3.tga","4194348","ef26089a2f473046d07cf6ee5e2fd9fac951b49db1a712a9dbb0f245a977da9b"
"textures\ui\techtreekronos4.tga","4194348","eb477353943a304a34318ef078809cd8cb40f05a9831b7ca29dc0304b4a9c5b0"
"textures\ui\techtreekronos5.tga","4194348","80e9268b484f5e9f36bc73d2bc3108f11cc1dac685ec7dab37ed0f43f4f7d54d"
"textures\ui\techtreekronos6.tga","4194348","749b41540086f0274bcbbab07a824782702b00e73dbf513011754035161d08d7"
"textures\ui\techtreekronos7.tga","4194348","4bf37da98ce50ed75ef48ca36ef400037413fa7037b12d76ad667f9c7609fbb5"
"textures\ui\techtreekronos8.tga","4194348","0d6dc8955b886117c8da1956887807bd92b8d6df406120af52e3712a1052712e"
"textures\ui\techtreekronos9.tga","4194348","3992aaa09082115948a722b1b618ba0f77b7137a2f9ba067d5affd157639b30f"
"textures\ui\techtreeloki1.tga","4194348","e6c279171b3a0fe6261e0e944f2a6497eabfd81bab5f0c0b7ef6fee277cfe13b"
"textures\ui\techtreeloki10.tga","4194348","8165da6f8ed4bfe67cc774111204b68cabf7fd0ae40a39fa0e400f47f41100bb"
"textures\ui\techtreeloki11.tga","4194348","d4a09ceb52845c295a4c8619f9ce0be13a3a77c59cea937f7a2a782cf210912a"
"textures\ui\techtreeloki12.tga","4194348","630d6011e3835cc85a759536307bd3c59cfbae08a82cc4da9acb19b04f15e3fb"
"textures\ui\techtreeloki2.tga","4194348","17f2b4c12766401dedb98a777af19fd237e4dff5aeca5c4455cc04d08e058698"
"textures\ui\techtreeloki3.tga","4194348","1d6c49a5a86b6cba55f6ad528133de84bec315fb395bc0f531f07a2fc5f2e733"
"textures\ui\techtreeloki4.tga","4194348","8d797819666c63e813c9cd15e49fb036468bf885c7b4760d4ff90b640b8d1106"
"textures\ui\techtreeloki5.tga","4194348","6a27d0dd2379d8df22afd10250d0baa597607c975ab8f01808ad459156e243e4"
"textures\ui\techtreeloki6.tga","4194348","0bdcc1c573a612a42af0ae87e2e08e6d0db09989ad1835119ca12d08cec7bf3f"
"textures\ui\techtreeloki7.tga","4194348","e0b8e4711c51da1563ba0b1dc3590b9cb22b6ff618927fcdd89bce9ef6732946"
"textures\ui\techtreeloki8.tga","4194348","2a202c9614194a9ab0a7f60f9a6567fd6610d339c6a52d10a50d1c480d7231fd"
"textures\ui\techtreeloki9.tga","4194348","341952cc4696b32193b13b808766fd4757d5dfc335f9f3da8c94297434bc8238"
"textures\ui\techtreenuwa.tga","50331692","2e967a58b65969ce1ec8c13d073dc90d9e55835a006ce1787604306b4a92b94d"
"textures\ui\techtreeodin1.tga","4194348","646bc3991e0777d11740931fb60a80af03587272723fa7d7d5e1d534b6ed3b44"
"textures\ui\techtreeodin10.tga","4194348","7fa770ed9962dfd9e45724de667d424a376c86c0a22ace5e57acd7fefbac1760"
"textures\ui\techtreeodin11.tga","4194348","f1e5b60e9ca1ce0d8b615fe947c1f3771dcae43f6d69f89424cfabf80d1afb07"
"textures\ui\techtreeodin12.tga","4194348","f295a5698b38a087e020055c36c029fc4ca092a65f710c8466bceb62571bb240"
"textures\ui\techtreeodin2.tga","4194348","18d0161fe01fb539118e528591376c135272c37c680ee125b4f741fcff0e9fa2"
"textures\ui\techtreeodin3.tga","4194348","6216048bb2a1e5a3197ecf9f78914ffa08ccb2a7e692854b4e7c23248cae0d38"
"textures\ui\techtreeodin4.tga","4194348","ca5320a85eb77ba9de51f5fe6631a822ee139c60f3a642ac6914c28c5a60bcf0"
"textures\ui\techtreeodin5.tga","4194348","71f5e3a31441680bda35a4fdde8e49f5ffa5721c640dc02147cc0182fdfccd8e"
"textures\ui\techtreeodin6.tga","4194348","cdf2da7cc0224c23e58b01c5a4440ca7023fffed8edc0398df40fccda52aa77b"
"textures\ui\techtreeodin7.tga","4194348","b0c14ee04bcd5877fd66208133ac00a715ea658d1907979468439e26c99aee89"
"textures\ui\techtreeodin8.tga","4194348","2c30d3aa24848428e257999f0bc6c0b581ea3e1fa44499556042b7c8c72addc2"
"textures\ui\techtreeodin9.tga","4194348","341952cc4696b32193b13b808766fd4757d5dfc335f9f3da8c94297434bc8238"
"textures\ui\techtreeouranos1.tga","4194348","313e11e6923c6d1d28b43afe37c59f195b41143a3fab5cae7002dc0758f8419d"
"textures\ui\techtreeouranos10.tga","4194348","bcd25af70e11529a0a69990ffe59e05ea382dafdc24950351f76cd8cf1a5c18e"
"textures\ui\techtreeouranos11.tga","4194348","a742301468b839311adcce90674d1e29b76a6065c1f9e0b0f6d47993fa2079e1"
"textures\ui\techtreeouranos12.tga","4194348","3b484673c756ad1268865a7746be43ca17ede83bfaad796564e3a6cbada76bab"
"textures\ui\techtreeouranos2.tga","4194348","5de9f9fa3c10eb76853a0b68dc76d28e461d6f4e3156dccd6827f77d37bd0852"
"textures\ui\techtreeouranos3.tga","4194348","2ab389635985e75671550944f65fda25b21f785d830285d02399e8acd7769f58"
"textures\ui\techtreeouranos4.tga","4194348","cf95c236ff3c689f3975639f6806f5d97bd8b9df32ae48d4e319593193258c79"
"textures\ui\techtreeouranos5.tga","4194348","80e9268b484f5e9f36bc73d2bc3108f11cc1dac685ec7dab37ed0f43f4f7d54d"
"textures\ui\techtreeouranos6.tga","4194348","957e6dab54b6acf231b8adf943974a8c877f08f5b330fab3f06850331bf121da"
"textures\ui\techtreeouranos7.tga","4194348","337952c161b3128c545c81f7e516e9d5519b5ba33ba8790ce45410d34f6fda3c"
"textures\ui\techtreeouranos8.tga","4194348","8d68676db9037971367107cca87fdcdf257f1f89329718da506412cab8a70e1b"
"textures\ui\techtreeouranos9.tga","4194348","3992aaa09082115948a722b1b618ba0f77b7137a2f9ba067d5affd157639b30f"
"textures\ui\techtreeposeidon1.tga","4194348","8e27617603ed4447976a3461dcd28b217ca52428f3a0bc3ecb6dec036e21d0cb"
"textures\ui\techtreeposeidon10.tga","4194348","d5f193c03b66cb2ba4428b57f49a5ec7ba6edfada05e1aea4cb74859db08ce19"
"textures\ui\techtreeposeidon11.tga","4194348","62c49d8c043a7126456e6ed057f772587ca33b5ccd0d7475eda76c2d16dcb1c2"
"textures\ui\techtreeposeidon12.tga","4194348","a9032f5d730d49bb703deba695f4e8c1fb73ecc32aa272820c83f5a3eb2a3e89"
"textures\ui\techtreeposeidon2.tga","4194348","584a84f8ff19705b7d73d575486b808727a2ed51bd4c57d0495982b3333ebad4"
"textures\ui\techtreeposeidon3.tga","4194348","cb6c0e127a8845c07c3cfb3a229d0057b919d82a73c4a2c062a1c7415c3f64c5"
"textures\ui\techtreeposeidon4.tga","4194348","0acd6f7df47ffd15b780745add42c69c2a974ab11807e8b1df419ae8be7728c6"
"textures\ui\techtreeposeidon5.tga","4194348","9f3ddb200c3792c0453dff2e9a535b9e129f76ce78e85dc4efa22ae0be3b6890"
"textures\ui\techtreeposeidon6.tga","4194348","4a43e891b97a909c781c4cf2f4bd2346427a74a1af469694005a6e8e2377f95a"
"textures\ui\techtreeposeidon7.tga","4194348","ef6b842d9b8d734c7b4850951a80d3e91d7255f906f8542f529f52d73c842304"
"textures\ui\techtreeposeidon8.tga","4194348","0f7fae8142dbcc81d324e128eb1dba01a503d9ffe30bceef4aab7db985a75faf"
"textures\ui\techtreeposeidon9.tga","4194348","d938bef6f7f0b8f9c398cac4632544ceebea07454991211f497094f9d6d537d0"
"textures\ui\techtreera1.tga","4194348","e49b14733e34747eee8db8d1c0d8216e83bedb7d0f93b5beca2df1efcad7b5bb"
"textures\ui\techtreera10.tga","4194348","acabe353d17b67777e675ed491852028a20fa3e3a251900d8ed8cd496cf374ea"
"textures\ui\techtreera11.tga","4194348","5271c48f551a6c7ab7fed5eb9cb72ca49fd462bd8f65a33e0a43685fb4b8de1d"
"textures\ui\techtreera12.tga","4194348","e99a1296174c6fc4f5250abe880bee0daa36b8c3803b97c95a7d34e139a92c95"
"textures\ui\techtreera2.tga","4194348","f29e89700a5b4579e14dcf92b14213042b1a44ce5ffc291e1276d7fd62c6a578"
"textures\ui\techtreera3.tga","4194348","5255bef72f8f9c7a4f86b44d536dae54ce5de053be3adccd5dbb1e78ba16ca84"
"textures\ui\techtreera4.tga","4194348","f8b34057ec9f9a69a910837ae5f2c7618a5432add57d278612c2205676fa3113"
"textures\ui\techtreera5.tga","4194348","8ac5adf0d4e2d0453f09ac983e79fa8d59d55e6c90f1040fc995e490bf971fce"
"textures\ui\techtreera6.tga","4194348","d44ff5734e261516f63bac95eb1b9570ee62963a5f6695243ad30a8cd764528b"
"textures\ui\techtreera7.tga","4194348","6938c35acb5b72b5dd2440ff0a7c7617d297f416fba0c543f26d8d8dd623ddf4"
"textures\ui\techtreera8.tga","4194348","46f9a4770ecc902646fed1d074254da38561f2768407e5bf59af6efb4a9d31fa"
"textures\ui\techtreera9.tga","4194348","52b169028c87b64502e4bbd689f65c2333698c62fa436f1144661c7ed44c67fc"
"textures\ui\techtreeset1.tga","4194348","e49b14733e34747eee8db8d1c0d8216e83bedb7d0f93b5beca2df1efcad7b5bb"
"textures\ui\techtreeset10.tga","4194348","affbdc8b0ef6817ca25d82bf5480de1df399446e8ecf8d0d38e40bc621c92cbf"
"textures\ui\techtreeset11.tga","4194348","0302a0b0d7f0cbdf5416ed925454754c6a7179eb561cb8bf7be2d3e007fa6e8b"
"textures\ui\techtreeset12.tga","4194348","cf3daf19c8662402532cefcf61caf4f2a494a47fb8d51cfadbcdb9b012681f1d"
"textures\ui\techtreeset2.tga","4194348","a9ec4de2c47bb36f33bc1c7eded03980c25d0e2a3e756ba9976aa2defce99144"
"textures\ui\techtreeset3.tga","4194348","1e50870c71e77dd890f39990f7660472df628748a73ff03f09620c6cb9659e11"
"textures\ui\techtreeset4.tga","4194348","5d60352bad1588b00bb51e54e07d47771dd9d3a618712a783d9103eaab1da39b"
"textures\ui\techtreeset5.tga","4194348","8ac5adf0d4e2d0453f09ac983e79fa8d59d55e6c90f1040fc995e490bf971fce"
"textures\ui\techtreeset6.tga","4194348","5876eda16f5c708c5459d461305f4b3da70370a278bdf73fbb4794b3bdfd59af"
"textures\ui\techtreeset7.tga","4194348","3bcd65c904ff1549b4460c287813e747ba3075dd091592b5ac627a79be2a7e03"
"textures\ui\techtreeset8.tga","4194348","3e1894069dc0af03fd92e9d619a36d5c4724c4f7d7dc1b998e6c7fde4ac1246f"
"textures\ui\techtreeset9.tga","4194348","52b169028c87b64502e4bbd689f65c2333698c62fa436f1144661c7ed44c67fc"
"textures\ui\techtreeshennong.tga","50331692","4cc8063c0a6dd3e16dce7a2ed25982d43fb556eecc12ff644d9ce574d1751e9f"
"textures\ui\techtreethor1.tga","4194348","3dcc19d55c2ea074c61e77847e3db9ef054d94ba514c09c057c58863aba194ad"
"textures\ui\techtreethor10.tga","4194348","46e99040ebcb96ee6af971b0ffd2f98b1d110beb1ac53c2fb73c2661cadd8d10"
"textures\ui\techtreethor11.tga","4194348","be103d9fa98800149154f184109ff5c862a787e7b7875853745ad98eb3fca319"
"textures\ui\techtreethor12.tga","4194348","38e782081bfd064997aefeff738989ac873807ed4cc505eb195b36371a289599"
"textures\ui\techtreethor2.tga","4194348","c16780b00a6b0bd9dc3b44ee7b71bbecf4f9bfee2bfdc9d3cd2b576fdb74ccd2"
"textures\ui\techtreethor3.tga","4194348","30a8831c9f6fe380137cedb51740f8cda11d764bfe46098f5368c6cb4f4ec536"
"textures\ui\techtreethor4.tga","4194348","29ae213ddc44f6f3444bdb179aeb179e8a02b4c76e971bc2e80346f9819ad39b"
"textures\ui\techtreethor5.tga","4194348","47c855c6f7d8288fe007641888444305cbbb3d1b6049576c222aa3a371eaebc8"
"textures\ui\techtreethor6.tga","4194348","d73e632de994ba85d9b69f3e97f5888a6a3c1f9c01e2ef62b11d22ee651b982f"
"textures\ui\techtreethor7.tga","4194348","38f4c461ad66d232c1f3fba701a6f227f28e4356776967254496c77ceb73ddcb"
"textures\ui\techtreethor8.tga","4194348","61f29841c91ccf4cf51cd53f2b5a6f6266cb23dc6963bd1e98405239da1126a1"
"textures\ui\techtreethor9.tga","4194348","4c1af6da21c778e31bb64a2fa4de1c80309f927cb1ccfed041b90c92ad10cfd2"
"textures\ui\techtreezeus1.tga","4194348","8e27617603ed4447976a3461dcd28b217ca52428f3a0bc3ecb6dec036e21d0cb"
"textures\ui\techtreezeus10.tga","4194348","2134a77a463c590dae2a053d3d8b1beb1c6c69437311f5f47e6397025524792c"
"textures\ui\techtreezeus11.tga","4194348","1d50d16e1d7e32e6d46a61a6da7d6b60a27d029f47631cecbe3309f818d14a16"
"textures\ui\techtreezeus12.tga","4194348","b7538ced0857dc80138cae74178432b787cb6c58537cee1244755c45674e74d2"
"textures\ui\techtreezeus2.tga","4194348","6ee5d52b6cb9d6dd5768e9ecdeaa8546b7bb16f1b3109289d780c43333370210"
"textures\ui\techtreezeus3.tga","4194348","222b431c5a86a1b1db2692dbe952a56efb7acd2dcdff27b1e5a056bdd12f82fc"
"textures\ui\techtreezeus4.tga","4194348","c8b5ab14c1dfbcfe78a781d3a190f0cfa556ef51517904a7e692f3c071a1075d"
"textures\ui\techtreezeus5.tga","4194348","ace3159c257daa2307d68be204942d9c2bb256148452865be5507e4771975443"
"textures\ui\techtreezeus6.tga","4194348","9c37cc98df3a160b80bb9b4f8d02cd14db00bbd33e9a14a53774577d8e47e988"
"textures\ui\techtreezeus7.tga","4194348","1c9d994ba58c381ccb1e4d4592281d10ed790da9031bb29c5faa69283e69b740"
"textures\ui\techtreezeus8.tga","4194348","c0bf2041df844ea0f8280b970b19b4526310ae4b684cc571d500ec6277ebfaf2"
"textures\ui\techtreezeus9.tga","4194348","cde9a48767056f9ddabb1c8c2a86df2d183aa1b77ceed9e56f92a3eb705a5ff8"
"textures\ui\top score star.tga","262188","0c184f33df15da0113026e70fd9078442d9d8d784c0ed53d450f4d5695b48b7c"
"textures\ui\tribute icon.tga","32812","1cfe0de12d88fcd43fbee22a1faeca78eb92904921c40920d36755efb307db18"
"textures\ui\tundra forest 32.tga","65580","17de4bb97bedb0566d80aa13820515ca6b358023abfbd71ca210ca4029cf3bc0"
"textures\ui\tundra forest 64.tga","262188","e1e015a293d74a2089a32cfe1f3404693084f77870816a6bfcd5a104de74e369"
"textures\ui\tundra sea 32.tga","65580","19be780722fb0a3b47910372476bacffe0d72ce7c9a65feace613e205ad644e5"
"textures\ui\tundra sea 64.tga","262188","25c9a3600691650074b7c768a0ced98ab2023c44eb1f9538d581f833828954a3"
"textures\ui\ui .net passport logo.tga","262188","3be009463821bc7e33afe1f3abde6d885390d1758d97b491b219accea2e98dd2"
"textures\ui\ui background black opaque.tga","65580","16e10a4409602d420d930bcfb8e253d4f2dd52a656f071be22cc98f1841f14ef"
"textures\ui\ui background blue opaque.tga","65580","8e6b360ed04d9c122bef9f312a553e5d2a4190c38420e4934834ff911899418c"
"textures\ui\ui background blue transparent.tga","65580","b39418e1a79d27cfb9949f374530f90df31ef0dbc86561a1effa5307c31f2d54"
"textures\ui\ui background dark blue opaque.tga","65580","2087d8fedfebe967a7a8e85853d1a95d2ce06cf61f8c474fd65eb5069b2b3dc8"
"textures\ui\ui background dark blue transparent.tga","65580","c9275c9c108eb78a625416e1db8a72ee6edc3a4ea74379f93699215080d674bb"
"textures\ui\ui background opaque 1.tga","65580","71fccad284b27d9d6ed32a7c439316b22a540f550eacdf238c3340d4b3ad8e5c"
"textures\ui\ui background opaque 2.tga","65580","72100b56c3b337481dae367ecb0dde8b6d6cd0ad6852fc15455d0b6be799314f"
"textures\ui\ui background opaque 3.tga","65580","199d50ad8fdbc9748b74e4bdd93ff2997a71246ebae2d2b1e40db71ee17c3573"
"textures\ui\ui background transparent 1.tga","65580","0ee5b67d7d7b5a6b97970178ceb37b2ba65988e03fb8d5cae40b4851f3f903b7"
"textures\ui\ui background yellow opaque.tga","4140","70bd15ad3bb24416087a13ab9b9781bfacb594bf73340fc7120c25443e2bd27a"
"textures\ui\ui border bottom left corner.tga","524332","0e12a57b170544ad7a48ffe964829e3765dd24372903331d9db6cdd7ba666cc8"
"textures\ui\ui border bottom middle.tga","262188","de60b41c4c4f6fb05e3e41aa97749b5524e1838fc8850aa0e194de85a6d64734"
"textures\ui\ui border bottom right corner.tga","524332","a443e00d0259b0049fcb81e5c2e2048bd5f6805434362be40906c3ec3680d36d"
"textures\ui\ui border chinese bottom left corner.tga","65580","7bc8618326d9c32ea0162d1a98180211a0a955b521341b41783acb92c2fb9667"
"textures\ui\ui border chinese bottom middle.tga","16428","1e1ad0553d0da061a9c6f12f947b28d5a63049ea4448b127b390219984c27560"
"textures\ui\ui border chinese bottom right corner.tga","65580","d45ed42186c3e07161bc7fa5926e232dccf46621e6d7ca68c0eecbc836071d43"
"textures\ui\ui border chinese left middle.tga","4140","9f11db5df4a2a84414750f50cd1eaa2a27bd6934860d9178f4466f9389a1970e"
"textures\ui\ui border chinese right middle.tga","4140","bfd67629094cba6eddb960ffaf7aef87b95008cf5ae363b107a35dd08a3fda94"
"textures\ui\ui border chinese top left corner.tga","65580","cc87bddd6106743c6102662895b6b3141593423f0d91aa13b1288c5d10d3af93"
"textures\ui\ui border chinese top middle.tga","16428","4f9df50581724a8cf3610dbaaed5d33eb3e647d622912a25db6a4d18ee684a9f"
"textures\ui\ui border chinese top right corner.tga","65580","fa41630b42a6a052bc9d69d0b1b1798b9a9c0448d0ef13105f0751f5275b75b3"
"textures\ui\ui border egypt bottom left corner.tga","65580","46eebd3d120e4b6ea1cb9eb3b92c475b0b5c755ded0bd5c401b5f6995ff869d4"
"textures\ui\ui border egypt bottom middle.tga","16428","50799c0f37c3cd0c39504258c783e6e607958e1795e1dd3093abdbc3e0568a82"
"textures\ui\ui border egypt bottom right corner.tga","65580","802a7dc28ea783bc5d5a01ccbf7c77acbecda56805dc1136c1be51aac89ce245"
"textures\ui\ui border egypt left middle.tga","4140","2fd348df6817231559761ec369cbaa8994f4e96add1c6b948ac1d69d5ce43375"
"textures\ui\ui border egypt right middle.tga","4140","2ca51778e22e67783d7d078d6db427d5bb1019de7da730fa9f10846291c5a053"
"textures\ui\ui border egypt top left corner.tga","65580","e9bce86ed92071b662b06b5985ea027266215b8465cb3411bbd44dd2e80c7b8a"
"textures\ui\ui border egypt top middle.tga","16428","50799c0f37c3cd0c39504258c783e6e607958e1795e1dd3093abdbc3e0568a82"
"textures\ui\ui border egypt top right close button clicked.tga","65580","26e034c51054878d3f95cd5d8b4a359a23d40a250b004da3dd3ca24e33f7be83"
"textures\ui\ui border egypt top right close button rollover.tga","65580","dce60e68be39f30f474b8a053b39f3273b5392598fc8c4d61d7bbb1ee423ee73"
"textures\ui\ui border egypt top right close button.tga","65580","f860479d8c09cfb1c4d17871a38ae1396883f69f83b938f1cb356a79607790f0"
"textures\ui\ui border egypt top right corner.tga","65580","74d5911f83a23b7d87867ff31c3fad36e39c4b866740ef22e7ef7e2c0fd89997"
"textures\ui\ui border greek bottom left corner.tga","65580","97817fd4fee512ff26e49a6d2007e1f4a4bb57ef623f29cc0ccb8b9c83018dc2"
"textures\ui\ui border greek bottom middle.tga","16428","54c16312b09f8aa860ca908a37e6a08cf7ba5ecd773f514099b9fe8c4f5439de"
"textures\ui\ui border greek bottom right corner.tga","65580","6a14625a87daf59488bb7d3618c62732adc7d1ab4ab1cca086ec72de54c896b7"
"textures\ui\ui border greek left middle.tga","4140","43725ad065470ab002a4c0ea89f5036b50a5f8bc94cbd5e48f9c08796bbb7c9b"
"textures\ui\ui border greek right middle.tga","4140","c641ee298f35f9b1854ff050145d3444ffa316c5a484088485d925d2a36dfbb9"
"textures\ui\ui border greek top left corner.tga","65580","e49d61ab56843f1d1a261ccfd132a50e191c3878173c7c4a355afb9885dcafec"
"textures\ui\ui border greek top middle.tga","16428","c899de89c22718e0317e2a8d4b37c36bf118555d527aaa3706e2ea0bd633d381"
"textures\ui\ui border greek top right close button clicked.tga","65580","6fa55cb994fb9a579de68f171aa23aeaff0c1e38f7cc7222678fc39fbd05d977"
"textures\ui\ui border greek top right close button rollover.tga","65580","e4f197e08af42269a8b2230a75eb587b0e4f6f7bf81cfc329d78e04135ddc84e"
"textures\ui\ui border greek top right close button.tga","65580","d001ef30f6705276797959b55ddf5c6b2ebf76c7a5b3df99ee4ff86fabad6c70"
"textures\ui\ui border greek top right corner.tga","65580","6969b7d7e88524d4eac2d54d661eca40c9fb5cc0adaac935c3ac3f31aa0ddaa7"
"textures\ui\ui border left middle.tga","1048620","25709585ee813238146860c384522f66fb0ee23083a46c385eab036c53a461f9"
"textures\ui\ui border norse bottom left corner.tga","65580","bf81c2ec69fec0648856e7c04e83fa0691af05b93ef747c9b0a4deb707cd6b52"
"textures\ui\ui border norse bottom middle.tga","16428","3e56416feb220966342a3ae0808c66ab1399d74330ae602f358bd9a5a7855e75"
"textures\ui\ui border norse bottom right corner.tga","65580","97d37fedd2c502afff2000241f3b844dca5dcfd6738869123aaff0fbf5dfad88"
"textures\ui\ui border norse left middle.tga","4140","20a638f987277797d4924a61171d08b81f1f7dc7ca264a939d7184152d5dfcb0"
"textures\ui\ui border norse right middle.tga","4140","20a638f987277797d4924a61171d08b81f1f7dc7ca264a939d7184152d5dfcb0"
"textures\ui\ui border norse top left corner.tga","65580","f6f87d756dab8081bb0de3bf0632a539a903fb20586658e4698d796bdc47b77f"
"textures\ui\ui border norse top middle.tga","16428","292f3ca60e330caeb48189e6c5a8ae52a653a9bdc4a06783ade388ed11e627be"
"textures\ui\ui border norse top right close button clicked.tga","65580","4dcc7ca41f73fc2b2d341927fe901affed3645c90de5b9a3019784d0a6850fce"
"textures\ui\ui border norse top right close button rollover.tga","65580","b954cea6b6dadb03b3e0a56c77c3acc61c938462f65cc3e557f1b737f0fe9ff5"
"textures\ui\ui border norse top right close button.tga","65580","df2b9290cff5d4c117ac7ada7081a1b24eb94300be9d58e62c0a5ee7ac6d4d36"
"textures\ui\ui border norse top right corner.tga","65580","d6edd5d9e7457d10a6ec9da236f799681e47c9c2cc5abb90badf6a814d58d016"
"textures\ui\ui border right middle.tga","1048620","8cbeb760fa3cc56ce6d7f994f46108d1b09881d89193b392e3ce627e51fbf343"
"textures\ui\ui border top left corner.tga","524332","457d6198d48e2593b76e8ae2c0121e6f36aa0f9920b3afca51234242080129da"
"textures\ui\ui border top middle.tga","262188","a6137b2106a317a57b7da095089f4418dd9dce160d7362bf44f20ae7035295dc"
"textures\ui\ui border top right corner.tga","524332","15a9e8f2f6bfbe44118179abfcb1329e8d93ed5219834381a7ad7a243118433c"
"textures\ui\ui border x bottom left corner.tga","65580","22aca6deea895faea779b376c3870a2f006ba49f56f17d59d9a7b467b87988c9"
"textures\ui\ui border x bottom middle.tga","16428","d4612de3c8ee7f6df6e646c3a11765e684c02ee550105eeb0fd67d8db0d1c728"
"textures\ui\ui border x bottom right corner.tga","65580","835b600b110449fd48163bfd61f067054db248757b1b2c26a779f8eb91f9b371"
"textures\ui\ui border x left middle.tga","4140","8b9a825d84838f933ac77b2e34e2cea16affa69389751596e40f619fb1f9e453"
"textures\ui\ui border x right middle.tga","4140","8b9a825d84838f933ac77b2e34e2cea16affa69389751596e40f619fb1f9e453"
"textures\ui\ui border x top left corner.tga","65580","3d38145c6cd7c21c969da85f86d54e3e2708a3244a400d339e545469c1ee0a2d"
"textures\ui\ui border x top middle.tga","16428","005e8ed8d64b01f84d66f65d5b7f9dbe800bd474828e9528813d7fd528cf9363"
"textures\ui\ui border x top right corner.tga","65580","0150577a6c588e89a40907cd56b7ae1b44d0b7f36c9e8d361dfddcb88eb032bf"
"textures\ui\ui button arrow down 32x64 clicked.tga","131116","a0160a1811428ed8d26bcfc82751319b203324e2d551c3c499e3ad87b82bb188"
"textures\ui\ui button arrow down 32x64 grey.tga","131116","920ce8671932a40d6b910173388718a59a746d944a3d87ef6cbc519a119ac294"
"textures\ui\ui button arrow down 32x64 rollover.tga","131116","dffbf2c764c79298d381188874e125e57289bf8b841b6776e471336724d9482c"
"textures\ui\ui button arrow down 32x64.tga","131116","6a4ba79603936255d855508fab9187356179ac86052cd0617f96a8b3db2a751e"
"textures\ui\ui button arrow left 64x32 clicked.tga","131116","756420f64520e9c5513248193b29ce6d61e5e56478f90b8d5ff0dca7a03e8a39"
"textures\ui\ui button arrow left 64x32 grey.tga","131116","9364d49050625ec81a4bb9c508d03458f7cd9b85d4b78c2bfb58ab8d25cb1253"
"textures\ui\ui button arrow left 64x32 rollover.tga","131116","727eb5f8bbc6564f35ebb89c4136f9170a601cf7a67a723fabc1ec4581f120ee"
"textures\ui\ui button arrow left 64x32.tga","131116","ba8e39a8b98f0f5bea330618b54244ed8620d3ad70a2561686e5a8263b16132e"
"textures\ui\ui button arrow right 64x32 clicked.tga","131116","518e6f96e93b9901c2b64faa0895e6976affc65b559cc86cd0bfa08b805ee411"
"textures\ui\ui button arrow right 64x32 grey.tga","131116","c7f993a1d26a68f4612ab147016a004c1677c58927d9bbf727aea3498cce0617"
"textures\ui\ui button arrow right 64x32 rollover.tga","131116","0d2a41dfc2c4af89cbfbe8c2f11930b3d257ac1cf82dcf06d99fe065caf67cb1"
"textures\ui\ui button arrow right 64x32.tga","131116","424bd63ce326f47c46e32602b2f4111acff234d593838c958fd97b23cbbb181c"
"textures\ui\ui button arrow up 32x64 clicked.tga","131116","28d085f6d96cf47acb6501d2c41a87231011cbaf11ad8a1dfaedbadb609d9701"
"textures\ui\ui button arrow up 32x64 grey.tga","131116","82089c7706a4e74c9eb3fa854e106491e4befa1df34b4abc878554d018d6b8a5"
"textures\ui\ui button arrow up 32x64 rollover.tga","131116","7a6a983bfb58cc59c89cd24359e32236db247f9f66a95740864aa7ed3534eeb5"
"textures\ui\ui button arrow up 32x64.tga","131116","993869cdcb0ec517f5e71b3d21b371b4db18c0cf7601a7b8c7a8b0776720791a"
"textures\ui\ui button check box 32x32 clicked.tga","65580","f06fc1a60975f5a46b14881bffddfed842838e82863a855ae8b77663d76ad92f"
"textures\ui\ui button check box 32x32 green.tga","65580","df8676c2edfa11abbd517f5d1989d32d2cb98373549668ff58e4f279e289827a"
"textures\ui\ui button check box 32x32 grey.tga","65580","ff717262f02e0a2a157a646e1105d4848b5152c23a30ae2163ef310b24b4ac88"
"textures\ui\ui button check box 32x32 red.tga","65580","15dca061409a43acbacc3984c4a1fa3dd37e55d9716817dafa922453979a5f16"
"textures\ui\ui button check box 32x32 rollover.tga","65580","f22b237cafad54c6dd5f3e0f33ddf4634441dc26012b3c23744bf0ce6cf56757"
"textures\ui\ui button check box 32x32.tga","65580","8c7677f09c1366b383d51e1dac3ba729dacd09df36dca064e55c0d8038c25817"
"textures\ui\ui button check box checked grey.tga","65580","eba621d31cee085957b5c91583ec8c7eadbc1b06d7154564cb2cc56e60292143"
"textures\ui\ui button check box green.tga","65580","32431fbc9c3f820da13e3d7f3dcc7faa4afe62726f939065ba4031184d5ac953"
"textures\ui\ui button check box red.tga","65580","7fa17e7fb4d58997c16816527bf2218704fc09331e6b0275f9a8f8cb3bc4d6d1"
"textures\ui\ui button long 128x32 blue.tga","262188","82d41ee57e7ac2916edb7bcba0840b42533f2786c5b7ef43a39619f7639669a2"
"textures\ui\ui button long 128x32 clicked blue.tga","262188","c1f4153d1ed63059c1657246e6ade029c6dd0ac5109d9784ec7a41a42824f744"
"textures\ui\ui button long 128x32 clicked.tga","262188","f26f669e020bd01ee51805c5d75005c94a94a7911985fbdd98e3f55f895cc7fa"
"textures\ui\ui button long 128x32 grey.tga","262188","f5d0cf5df0f074eae8a17285f1fd27dfc98fa529c7c64a8533b9f62982565625"
"textures\ui\ui button long 128x32 rollover blue.tga","262188","955af6394aee89c35605828c8b7e5cc0b355b61238716b2375f57aa2c4193a09"
"textures\ui\ui button long 128x32 rollover.tga","262188","423166dab306893671168b8f986f6c38f13aa625c5dd9810ab8ca86e738a38ca"
"textures\ui\ui button long 128x32.tga","262188","1815c989123a438ff2b6ca4deda450d00607ac2c5c1706917bf921dde5ba359b"
"textures\ui\ui button long 160x32 blue.tga","524332","d57b594e1c617d6a33bd94ce692cd153f79ddd232de6b562e52d98e1554872f9"
"textures\ui\ui button long 160x32 clicked blue.tga","524332","f4ec6e2887bc06cc159f0b784a47eb1b6f392dfe3afe3f058b4500638c1e291e"
"textures\ui\ui button long 160x32 clicked.tga","524332","f913efff1b07dd94a74e6e9e017cc2558778b08cfacccfb2d0fb230c2a7638ee"
"textures\ui\ui button long 160x32 rollover blue.tga","524332","7a4a4b2a4513d58ccd26701827a88273254284af95d97c1094aba74ca1b23a08"
"textures\ui\ui button long 160x32 rollover.tga","524332","44d2a41b4c39f083715eaf5bc06faf2d59af10ee5f525c92bc78c70711d043a6"
"textures\ui\ui button long 160x32.tga","524332","d4b1e4169ad5fd66360c77d19db3dc3dfd0cb35f3bff486ae813113d16864086"
"textures\ui\ui button long 192x32 blue.tga","524332","83f20d84f50d4544f0e8071ee51b4074dcbdf3b562f6ef1654d83d65639c8ebf"
"textures\ui\ui button long 192x32 clicked blue.tga","524332","1f307bb0b55b32fcd3e6d0915f6b292901b01bbd69630ae6666bcd81e3d94387"
"textures\ui\ui button long 192x32 clicked.tga","524332","263cf200fcda36241f401d4bb5ff85d960b194521282779e533a6ee6752f3d4e"
"textures\ui\ui button long 192x32 grey.tga","524332","6cf829abcfb8a2ac1fb058adcd6867f5d1f3125ebef7db25566b144244fe0cba"
"textures\ui\ui button long 192x32 rollover blue.tga","524332","650119ac6cf4d2231de2e2141ecd5cc40f0bcbb3b457ddbb381e594b612f5eca"
"textures\ui\ui button long 192x32 rollover.tga","524332","2d06db3966b8ed9ed609bb1efc85e21107277647e6c20a6c0a5bb8e18792a742"
"textures\ui\ui button long 192x32.tga","524332","ef544761321181ab24a853c227de5a0770432b4d18268003f589424945e1eca6"
"textures\ui\ui button long 224x32 blue.tga","524332","6a667dd765b651ccdec95cc360a9464bbc22741e09781ff403c69fff0a3faca0"
"textures\ui\ui button long 224x32 clicked blue.tga","524332","ebf575111edb58b71177278743c81fdf0d7e8f1c8704a676c34ec7b8d3a7e7aa"
"textures\ui\ui button long 224x32 clicked.tga","524332","1595672804183ce7990088480c467c411b6794bda52e065cadf8422af8c04cad"
"textures\ui\ui button long 224x32 rollover blue.tga","524332","63ead3885569a558560eb4b47426c6d406462d3201a70ea92afe6f699c4d9458"
"textures\ui\ui button long 224x32 rollover.tga","524332","4892ea81fe1256b74ceaa19c2e7e1919bca2acbfaf9cb3c593dbebf684b6d8be"
"textures\ui\ui button long 224x32.tga","524332","cab0300f40bf259a4d2f77af189a05911a300f85592530b773a8bdb2e1e55bbb"
"textures\ui\ui button long 256x32 blue.tga","524332","e8602f22fda57dc819aaf5008274eb82fb64a89c7e52568c9a07aa73e2acc740"
"textures\ui\ui button long 256x32 clicked blue.tga","524332","391de6617d842f7f0f9496b1d812160e9a2c25b944be8d88432a71f1697e9a5f"
"textures\ui\ui button long 256x32 clicked.tga","524332","616cb93be6f644ac75308837d91898b1fecbc7627d4a7503d00662ffb5fa1f4a"
"textures\ui\ui button long 256x32 rollover blue.tga","524332","10083845220ed335df89ff22b1447c59d1be2c76db3b47757b8b3b625ce9b565"
"textures\ui\ui button long 256x32 rollover.tga","524332","5ff305bb181de2492e807c5e0753422d514ed11dda3420483b425926dbc883b8"
"textures\ui\ui button long 256x32.tga","524332","3615c9969223ad2f4c26e9ec0ebf876984656d20d97e35f8a8147fff48ebc724"
"textures\ui\ui button long 96x32 blue.tga","262188","9a2bff3af912e4858f1fb6227140ca47c5db0c111b7a48dedcd558a22db7938a"
"textures\ui\ui button long 96x32 clicked blue.tga","262188","d910d2975bb9ab2dc4eeaee21e0acd45229cce480ab8bf5a27a2c6664f1f449e"
"textures\ui\ui button long 96x32 clicked.tga","262188","b8383d273d68ea3e88b20af0a1c1d0b1aa16c601a2e303a25f4590a9fa9ffe27"
"textures\ui\ui button long 96x32 rollover blue.tga","262188","d9e73095ce00c03b708204c0532e31bcb91157dc9f84afd791eb7bf3c07fd528"
"textures\ui\ui button long 96x32 rollover.tga","262188","a0273ffd55a85e145006d5be90d021015c64dcccb1608835970e0e18cfc24623"
"textures\ui\ui button long 96x32.tga","262188","fec64fbda7c1819df88fbf4a0482ff62140b8dfdc23a917103d6d5afc5315edc"
"textures\ui\ui button long skinny 128x32 clicked.tga","262188","e3ff5f7eea90fbf4fc4b3a772bdf5034eb1e2e94481846626f18194372b5c458"
"textures\ui\ui button long skinny 128x32 rollover.tga","262188","864dbdf9987b183a520cfe778df3c837e2382eb4f73ebb529571b5af5aeb7172"
"textures\ui\ui button long skinny 128x32.tga","262188","560ab9f10699c8a6e9f1cedd1b247edd92e2793f4a287c3c62dc6cf4773399fa"
"textures\ui\ui button long skinny 160x32 clicked.tga","524332","3d7cebe7325487416ab69d413f7d2dea460058aafab257df4139ea9974aebe71"
"textures\ui\ui button long skinny 160x32 rollover.tga","524332","fd3e6b6a5d73983224ba263e0ddf7095c16e5db70bce0e42e52dcc06334825a9"
"textures\ui\ui button long skinny 160x32.tga","524332","a15933f5f0b101535df61f7377200b446b411f899a52faea8315d50d5b1351e8"
"textures\ui\ui button long skinny 192x32 clicked.tga","524332","03c96935e029b3f17914c01be728aefbb4d3bdc0464b6fb6c771f333eb4646b6"
"textures\ui\ui button long skinny 192x32 grey.tga","524332","bdf094f40455a2e33e6f07f3b748c77d0dc0f138febccec9a2ebd92df4ac5f7d"
"textures\ui\ui button long skinny 192x32 rollover.tga","524332","808c955657b2ecb10ac7eea8884324bd5a9a0263c123c3a6364a32e3fd54f58e"
"textures\ui\ui button long skinny 192x32.tga","524332","c8e646e674d844744fec1e3ff42f46f4628e1e2323a608c7494ac9d3c2fcc711"
"textures\ui\ui button long skinny 224x32 clicked.tga","524332","6b55aea99e0d4add042d62bfa269808d66afbd583cf774f10c43063f4af14cd0"
"textures\ui\ui button long skinny 224x32 rollover.tga","524332","c523e890214aa5c06bd5bbc6cf6e0132e2a01065a6d964b6d7a0a7629b8c552f"
"textures\ui\ui button long skinny 224x32.tga","524332","4edf0df77513acbe9a71774546430de67a0330f1abebb760b41fd9bbadb75d98"
"textures\ui\ui button long skinny 256x32 clicked.tga","524332","6bbbb76da7b2bfb21b13ad6870d5fc989eed9dc37fcccbf618a0be8cf3b7c34a"
"textures\ui\ui button long skinny 256x32 rollover.tga","524332","9958d4cf08bf9f4fd08457fd4e284fef0b73f16d0971c7644e173677b1756423"
"textures\ui\ui button long skinny 256x32.tga","524332","b0f4cbc7e653fca8d0d7420be787ab823023794275115c33ae5d98270fb7f142"
"textures\ui\ui button long skinny 96x32 clicked.tga","262188","0b32ee87c78ed7cfae7b89d5d9e26caf7499273d86f054fdb6537da1b8f0235c"
"textures\ui\ui button long skinny 96x32 rollover.tga","262188","73646d7f09a2a68119f90b2782372b37eef986c4a60545024f9095f8016b49b7"
"textures\ui\ui button long skinny 96x32.tga","262188","c0ff8c0ea3f00bf8b76272d77edd1c96b45b0c92306bb964bbda8b8c5d3f0de0"
"textures\ui\ui button radial 24x24 clicked.tga","65580","1875049694fd104d35ea5fd57b6eacc027dd884d3bb4d689365013d0c9625f9c"
"textures\ui\ui button radial 24x24 grey.tga","65580","ce9218a626af46d5a05223c6f01a198778da9adfa532facdc0b52b42c250ff69"
"textures\ui\ui button radial 24x24 rollover.tga","65580","3df4b30c166896970b6cc1bcd27dbada57b64977965aed53b1ae851ca35adf40"
"textures\ui\ui button radial 24x24.tga","65580","3974111f0aaab1d8fd06e1e7fefadb1990353f5dea59986ed232a81c73757d38"
"textures\ui\ui button radial 32x32 clicked.tga","65580","51d7513a8b8e2f6f568f7e1b22b78a72890a9e9d0e9f0fe051b9b426a10b4c96"
"textures\ui\ui button radial 32x32 grey.tga","65580","200aba57d7c1305e5283619e6e14e26c929c8bc7efc6cc9c30403c971ec00ddd"
"textures\ui\ui button radial 32x32 rollover.tga","65580","142b83807b11cc1bd41691d6b6c446f2fd257f73e3a851ddf7b70332c8c2c7fb"
"textures\ui\ui button radial 32x32 selected grey.tga","65580","eaf3cee5bd4e0f2de48c5cef033e91999ee097c22d7a418badce558e3d7bad80"
"textures\ui\ui button radial 32x32.tga","65580","27703208661c69a5991f3a44f6e04ca83438f4d3ef45bade648888e61d8fb232"
"textures\ui\ui button slider arrow down 32x32 clicked.tga","65580","fe3196e5b944cccc36fb0c9295f907e4ad51a0795575fad17a69e365b20be8bc"
"textures\ui\ui button slider arrow down 32x32 grey.tga","65580","99fe1b73d7fff6898283b544769cf07c3463b994a530d35072d6861d9b3e6150"
"textures\ui\ui button slider arrow down 32x32 rollover.tga","65580","0391304bd0816b959d13ee01da19c0ea74b601c540dda081e2ddf62b2c625d5c"
"textures\ui\ui button slider arrow down 32x32.tga","65580","96df0c669a7b4c48a8c2348b45e749d52cb318ae756a2121cbe4c31b363f27c1"
"textures\ui\ui button slider arrow left 32x32 clicked.tga","65580","a6cacfe0789488ff33f462f705bd93a11716e82e873480b82d97f4cc7d05ba41"
"textures\ui\ui button slider arrow left 32x32 grey.tga","65580","81bf93ca7e83240ba5ec38216b9fed887c73146d638f73c76e44957c9e90e193"
"textures\ui\ui button slider arrow left 32x32 rollover.tga","65580","c750f48bda9e0e641169e132d234b28dba945d762a4fb9eb9e42685c17419022"
"textures\ui\ui button slider arrow left 32x32.tga","65580","2e74a14d2db995bd5f0fd4cb1c983c49c7476f10ad13f96b9fb731a81d8d044c"
"textures\ui\ui button slider arrow right 32x32 clicked.tga","65580","d48681fa8100b6ee1c6c070bb62ba064bae405d36adb4a2a814b8838a32fdf30"
"textures\ui\ui button slider arrow right 32x32 grey.tga","65580","28bd10053054c78c99b52435eab438ec228c71d1892e46d422f56a023bf97185"
"textures\ui\ui button slider arrow right 32x32 rollover.tga","65580","c1dadb7b8b9017068ed259bc8b29290ccbf5474e4b6a7c00b02fe2e941519a01"
"textures\ui\ui button slider arrow right 32x32.tga","65580","f3b02713ebef2b531478641a97d3b2af8f037fb5899c95a3f71ff2a2c7f9b8d6"
"textures\ui\ui button slider arrow up 32x32 clicked.tga","65580","025253008d4ee1d53607a55ccb067cf248bd792f343d59fa47d19cc649382066"
"textures\ui\ui button slider arrow up 32x32 grey.tga","65580","1b0bd2f6cc563a0133c64b38bb65a7611be1859323c6ee3d5f02005fa8483b0b"
"textures\ui\ui button slider arrow up 32x32 rollover.tga","65580","92a322fc182713500af5211dd228c8cf7a76f3b2d05e86b4200c53d75a185fef"
"textures\ui\ui button slider arrow up 32x32.tga","65580","5733459898b2b11336403c0a0f4a2e3a08e6d95919a9e88eb5867bd79b70386f"
"textures\ui\ui button tab down 128x32.tga","262188","606bed593b2bb93bd7a8cc7a8daaf69f35a5fe253bc5c9f9ee49d72b8f045586"
"textures\ui\ui button tab down 152x32.tga","524332","11a9dc3e0cd468f9651925afaa3a77ed70c21b00562d3f7914cbaff632126ca7"
"textures\ui\ui button tab friends list.tga","524332","d468eb72f87c64bf48f2216f8028ef3a86dd0faad559b15ef72d4faea70a93c1"
"textures\ui\ui button tab up 128x32.tga","262188","3fdf58ff01590c3c4e8526dd32c73a86043fbeed57b5fe19248ddd52a70729ee"
"textures\ui\ui button tab up 152x32.tga","524332","71cc102e11065c4e5d3eb1e44b82014f1132af5cf5cae8732f7fe6ef9aeb4ab6"
"textures\ui\ui dlc icon 64x64.tga","262188","a5e03d4b8e805c2df7333a1e18314db36c0121483811aa78a34c122f20c2bf07"
"textures\ui\ui dot net passport logo.tga","262188","3be009463821bc7e33afe1f3abde6d885390d1758d97b491b219accea2e98dd2"
"textures\ui\ui eso friends aom 16x16.tga","16428","bdb5803ce8d7e0dcc83445f60459664db90911fcfaf2f327a4763adf117482d8"
"textures\ui\ui eso friends unknown 16x16.tga","16428","a1be06c94ec9017064ac8cb0434cbb2d40103eae7ef757e3e857359ec9889095"
"textures\ui\ui eso friends xpack 16x16.tga","16428","3c084dd62e645d01d99c624b5d3dd834df7b8739148cab74a6facb6ec27c49bb"
"textures\ui\ui god all random 128x128.tga","1048620","29b95bb9063245dbd6d633fb29b08fe9825de0c5d1934bac18a26636422a75b2"
"textures\ui\ui god all random 256x256.tga","4194348","12b9468ad4160bed97bda7ca1b1e590aeb5b190fa1bc85cdf366e4f112a3ada1"
"textures\ui\ui god all random 32x32.tga","65580","c00ef96915b4b95ed0282c590f298fa94ae9deb26d96b075b5a54ba6e9fcedbf"
"textures\ui\ui god all random 64x64.tga","262188","784dd20e450f8eaf0c06499649d764088529f977c1bda9f0fc1b04a95e3c86ed"
"textures\ui\ui god atlantean random 128x128.tga","1048620","80db73a79c8de0a49276ff3e1002ef7e3b4251b65da70acd631247e05cf5ba8e"
"textures\ui\ui god atlantean random 256x256.tga","4194348","1715a4687dcd024cfdc757b236fc4ca7d16404cf0b113317989f124ef9577dad"
"textures\ui\ui god atlantean random 32x32.tga","65580","1671618c82afe29c820173fb8554671626f6c6672716316151e2cc2148d06814"
"textures\ui\ui god atlantean random 64x64.tga","262188","1e65f3fdeda1ffe21fa0b85fcd6ad76883cee2ce5506b007274b5d654b62a961"
"textures\ui\ui god base all random 128x128.tga","1048620","29b95bb9063245dbd6d633fb29b08fe9825de0c5d1934bac18a26636422a75b2"
"textures\ui\ui god base all random 256x256.tga","4194348","12b9468ad4160bed97bda7ca1b1e590aeb5b190fa1bc85cdf366e4f112a3ada1"
"textures\ui\ui god base all random 32x32.tga","65580","c00ef96915b4b95ed0282c590f298fa94ae9deb26d96b075b5a54ba6e9fcedbf"
"textures\ui\ui god base all random 64x64.tga","262188","784dd20e450f8eaf0c06499649d764088529f977c1bda9f0fc1b04a95e3c86ed"
"textures\ui\ui god boarder highlight 128x128.tga","1048620","c2e7e3e87f0b58e1847c37720b4c0e962b9967e866acc395348ed915811ca5a5"
"textures\ui\ui god boarder highlight 256x256.tga","4194348","70e0c5d08abdecee67fafe1c1c98828224fc4ab224944d1e8732947420fbf902"
"textures\ui\ui god chinese random 256x256.tga","4194348","a7b2a1e867986acbc1ee68bfebff4fd11c8345e9d287522201106bbdc10de2ef"
"textures\ui\ui god chinese random 32x32.tga","65580","22e67cbe4b2456fbd8080c3a1711b5008576eb1070fb07272ffbd336c1474158"
"textures\ui\ui god egypt random 128x128.tga","1048620","3b3800bf90d8b91bc505fb28a6b2d8873ef4344c90ff2e7429d16d2aaad05573"
"textures\ui\ui god egypt random 256x256.tga","4194348","22c88c270fdc961bc6327241debecc54e9d8f54f33f29037878a3cad361d4e4d"
"textures\ui\ui god egypt random 32x32.tga","65580","69351148df23ef09d555c508c6538b8b4892388bf2163ee9b2a9b7f27c7a50d0"
"textures\ui\ui god egypt random 64x64.tga","262188","59e56703635a70de01029e7b8be29d161d0a388ae7626895f360f6219a7bc831"
"textures\ui\ui god fuxi 128x128.tga","1048620","01252c40b943bf38366416ab4161ae1020a0cd1e33f60d56c7a55ff128967d6a"
"textures\ui\ui god fuxi 256x256.tga","4194348","6694ac8c1bb59d73a18f31ff24765540f7cd83dba2f6511c1d207e73fd67d523"
"textures\ui\ui god fuxi 32x32.tga","65580","3e1c8f897d475814450db4e3f66f6550f4ae5515cf10e386bb73ed96d0258bbd"
"textures\ui\ui god fuxi 64x64.tga","262188","4b8136c39bd8cd8745afaecfbe549e9a7ca5a69669916af0b4807f157af876e3"
"textures\ui\ui god gaia 128x128.tga","1048620","cc2ba2b99b55076f1115f990fa6d482e891ba425c2b561660b19161f6a352e07"
"textures\ui\ui god gaia 256x256.tga","4194348","79681c082e407b9d99fcaed77354b129c57de42377cea54f6e844e02d9a3e6d8"
"textures\ui\ui god gaia 32x32.tga","65580","4385eae89c3409c03f52d5d2d1087110344fc5a135ddf7fe43abd1862bd65a1c"
"textures\ui\ui god gaia 64x64.tga","262188","bad1810b8cd7fd7b38cba56ad01b0760ff61af3257d82340c93fbc8999fc199c"
"textures\ui\ui god greek random 128x128.tga","1048620","0f429d17acea635b506762033cc06f50fc932322bdba2147ef923727f09c2fd5"
"textures\ui\ui god greek random 256x256.tga","4194348","8f0c5f05beb867aac17995a9e50998cd56ea4340b30a05dd6bd4c54486efa11f"
"textures\ui\ui god greek random 32x32.tga","65580","b625885866bc35e31fd9ab29beabec8c90c9435953fd60849d3acca72f82da0d"
"textures\ui\ui god greek random 64x64.tga","262188","009ed1293254f45cca71904e1fc0ca075398863f404d19b2f6f6f1210db80004"
"textures\ui\ui god hades 128x128.tga","1048620","574ee7ea8b2cab98d0221814e879da163bdab80760050fbfdaa71bf492be4586"
"textures\ui\ui god hades 256x256.tga","4194348","f4d2338e351ac72187111af9f3bbc58f80d77258b6924dfedf582d35d28e26d4"
"textures\ui\ui god hades 32x32.tga","65580","e43d5cdd562adcb0480af410aa17cffe80714f010cbd080eaee08e56c8756eac"
"textures\ui\ui god hades 64x64.tga","262188","a6e357f017bd935fa632c0321f124358ec70c7aefbf204895f115bddfa421a98"
"textures\ui\ui god isis 128x128.tga","1048620","ef1e140b2e562aaedd66a784744b2fc983b9b4a41742ecfa2947d01cb93ea98b"
"textures\ui\ui god isis 256x256.tga","4194348","c62331bf792e12633132422a25faeb8ed9f58ab784f68f1ff8f3576f37b98183"
"textures\ui\ui god isis 32x32.tga","65580","f365145146203eb39d9e6ba0effb4809a5029427400ecfd3651f88249beb4962"
"textures\ui\ui god isis 64x64.tga","262188","9e877b792f6b23351ebd269f5dcc262d7295c6a25aed0d6cecb17f4340063e3c"
"textures\ui\ui god kronos 128x128.tga","1048620","785084a9798eb6a41e12865e8cd473ac5916a950c22414ad719c80a076b5c468"
"textures\ui\ui god kronos 256x256.tga","4194348","9f649f4089ba398f1193a21f142667f82a8c49d5dfc15b4d2790dba435e32e34"
"textures\ui\ui god kronos 32x32.tga","65580","09ab7a06d8f4865dda3f8897d5fdfb988c89047251a18b91d5ac299d0b00c913"
"textures\ui\ui god kronos 64x64.tga","262188","028f919e458a4d65eb26f89509cc3e52bee65a5b6c6d606191361ddfb6b666cb"
"textures\ui\ui god loki 128x128.tga","1048620","4e7c5066d93cc5f412ca05f2e0ab83ffadbfe0b8d43b869f34aef0415929eb08"
"textures\ui\ui god loki 256x256.tga","4194348","d38f383d96fa4a64d07d9ceafa138e89066fd9d36d99378b2676e23713a75636"
"textures\ui\ui god loki 32x32.tga","65580","35b6bf920bf626b00ca59a58848eeba288d3740991329a7799dc5098aab56716"
"textures\ui\ui god loki 64x64.tga","262188","9884ff70233b231b82ce2ae3916f4de67c85190c66ffcb1be083f1c6ea7ae614"
"textures\ui\ui god norse random 128x128.tga","1048620","c0b79764dadb4bfd73deeadaef67c4c4d024bf49ef1451b0b85a983d73c9c0be"
"textures\ui\ui god norse random 256x256.tga","4194348","a0ac1d19b48654910020204ce154e6255f4dd9a1bd993f898ca95705d0e01949"
"textures\ui\ui god norse random 32x32.tga","65580","95aecaa952d335ccff6eb72698296759fe7d25c78681548d047cbebce42140a6"
"textures\ui\ui god norse random 64x64.tga","262188","63330e53cd1ecd3e10427c23893f5e7e66f07edaf9e0a7e887418247d114101f"
"textures\ui\ui god nuwa 128x128.tga","1048620","76f114bb9a23fc7efaef80e6fd4da4967a070b40c2460654d2da6520f729d57f"
"textures\ui\ui god nuwa 256x256.tga","4194348","41e83046abb822638cd0c1fe3a17bfbc978d09e445180fc3ed2d502858a4173c"
"textures\ui\ui god nuwa 32x32.tga","65580","bb2c7fb41fb6f775023b0d5ee87c26af77ed13c9bd5a4a9d444388df4eac50c6"
"textures\ui\ui god nuwa 64x64.tga","262188","2f26bff021ea498c17c3c71c269c5e9cce73a825b6799520a1390806179ddfae"
"textures\ui\ui god odin 128x128.tga","1048620","dff446f7b2df82ec475f8f2d8ec186255cf951e695847e38b813809fc8e79d91"
"textures\ui\ui god odin 256x256.tga","4194348","de4d1d8bce8dbd104f11bb20bd9e71f0b8ca1b624f4a4c5e4829bdb988aca60f"
"textures\ui\ui god odin 32x32.tga","65580","f5cca2402e19f8b8a80c9d9286801b204a4196fc284da0cdbc9268e2858a6b1c"
"textures\ui\ui god odin 64x64.tga","262188","4c6385f9616513dca9d731ce16bce30d50de2b15176cc9850721088b2c594fd1"
"textures\ui\ui god oranos 128x128.tga","1048620","55a571484dd6ad44fd54b2d59390004300b1f121fa0cc18348e36afbfc9b49d5"
"textures\ui\ui god oranos 256x256.tga","4194348","55487039bbfca212b7dd5999406a1dfec91af8cef71afd7830e71a47989a23c6"
"textures\ui\ui god oranos 32x32.tga","65580","44187d25568cd6f1f587b28f12e439c70b6da858c6c5e9f66d96ddeafa0ba4a0"
"textures\ui\ui god oranos 64x64.tga","262188","86c3da8691484d49bae2343ccb3494b33ed23f438a4054af3231da245ac42727"
"textures\ui\ui god poseidon 128x128.tga","1048620","c3747112f79e12449df430983476b8a164317be41fc89377aee3ea66beb09dff"
"textures\ui\ui god poseidon 256x256.tga","4194348","5307439e6c807937d7ff6edeb8de5e402089b465c3bc8e89742322924dc480c1"
"textures\ui\ui god poseidon 32x32.tga","65580","703b08c7860589e66b304812a34dd1e50ebda5211b4596e6e9b3687c6e85f972"
"textures\ui\ui god poseidon 64x64.tga","262188","ad81cffc380293b50b8b0ed11ee0c177847bda7c2aa1a76e6be875e36c55685d"
"textures\ui\ui god ra 128x128.tga","1048620","702cce43dbfcaea5b10a29637b40fdd34ce9959883cc245b199da3dd5bcb9737"
"textures\ui\ui god ra 256x256.tga","4194348","750ecbb8a04f9dd35fb1aa567d2575149ee353e93a573c97075edc961d7def4e"
"textures\ui\ui god ra 32x32.tga","65580","433cf529bb0ffe79c9f06e09214ff6b8c58bc6820ad827673be8871a3ede0632"
"textures\ui\ui god ra 64x64.tga","262188","56dcc39851ecdac53cdd805b58abe9e997d7e6a45fdcb52ab1233f0c69b25f0f"
"textures\ui\ui god set 128x128.tga","1048620","c24f3730e89a29e9eb9b1fd1934336651d06db0b46f635dbae5ca849c0061fa6"
"textures\ui\ui god set 256x256.tga","4194348","0448b488317f081fbc8eedcbf91a86f463a67b2239ac228495f3e1b6bdba7f82"
"textures\ui\ui god set 32x32.tga","65580","27b56d2f2a1f8a1afc31f24908734753e4977cd1f038f4510697d67b4c2d2be2"
"textures\ui\ui god set 64x64.tga","262188","e4ef5fff7347d3172cffd1f3f2a97f5c638d974b870c6a9361c8a9e573131310"
"textures\ui\ui god shennong 128x128.tga","1048620","4a47e37f14e3e6f1067e3c1a030ab4cc46baba369e3e2186603ba6fa6b1bf100"
"textures\ui\ui god shennong 256x256.tga","4194348","a13eef708ee91c9b906d015eaee6cc939efe5fddb0eca2a048d38d7a41a8d7bf"
"textures\ui\ui god shennong 32x32.tga","65580","ac3cbce910f610095df3be6b5c7d4001aac4d774ec56975c2c5bc7acb8cf119e"
"textures\ui\ui god shennong 64x64.tga","262188","647046a9ce7069016f6390b884f6399e8a4213b9918f6e270b27f9c7e7bc9b9b"
"textures\ui\ui god thor 128x128.tga","1048620","ed8bc918342aef01ae2083254cd23388aaaf3d11ebb76c56ab12727fbe729bf3"
"textures\ui\ui god thor 256x256.tga","4194348","a9d362281bcac158caf84375a0467a44da8a5d61ded8a08ff9f04deee4d7e392"
"textures\ui\ui god thor 32x32.tga","65580","bf3c3fa9afe0eb401d5dbf2714bb6af5888fbdaa6f174d2cddbb0a04bc9a344b"
"textures\ui\ui god thor 64x64.tga","262188","98feb45e13c6e28e5a796d44fb37453d5a31029a8eee7ea340be978b674686cb"
"textures\ui\ui god zeus 128x128.tga","1048620","61dca8c83c620ba66b6eac1f97e23210c928c4ec2ea1f177849410217f2bafdf"
"textures\ui\ui god zeus 256x256.tga","4194348","3c85071601450945a7b405bc721018254de286e385e75aa305ab3ad2945f804f"
"textures\ui\ui god zeus 32x32.tga","65580","98c731bad1fdafcac9d2cd58d996667da4a59a331a58ae7415b47a2581252ced"
"textures\ui\ui god zeus 64x64.tga","262188","7a93645d3db15a4d7c0c4deb0f701606622c05a736e4aafc873570b1ea56baf7"
"textures\ui\ui icon button clicked.tga","262188","6497f137b2798e3338c5f1e2452fac021a33ad7f7bf449e7e415f91e2b12676d"
"textures\ui\ui icon button foreground film.tga","262188","d1babb5b228dc0cf85adcac8c70c9e2334e87955b623adf3bd8495ae4d884ee0"
"textures\ui\ui icon button foreground history.tga","262188","37e77b68c9f5e850cb557542fac1109a04fb6b05fd412abf6c2b99a13775c6e8"
"textures\ui\ui icon button foreground options.tga","262188","0aeb1aa1fdcf2c66a60178955fc434add7db3bb4b2587bbd24dfdb5c1019aea0"
"textures\ui\ui icon button foreground steam.tga","262188","65d81aa912196c026ab4df9d83f11712735da2489e59dfae9512ba3c8ee17c9e"
"textures\ui\ui icon button rollover.tga","262188","d71685a21bc0d1c494cc544b2a97b1824dbb33ca71748fa7dafa4b32c61496c9"
"textures\ui\ui icon button.tga","262188","2085daf04229501c8a96ce75e65e3252ef9c242b9bab9b3d205962f217bab6d4"
"textures\ui\ui line yellow vertical.tga","131116","e9484765772ddc265c3b9ec3c4118e7db7f83e2e9782cbe055a87acac44335bd"
"textures\ui\ui line yellow.tga","131116","578ac9a72fe93a92099383de4f44698432a8be83c41a8bd451852a092973744a"
"textures\ui\ui map acropolis 128x128.tga","1048620","806e6c29ae56b32b675073b133cf08f01534099df3d080fe93692a47da076d67"
"textures\ui\ui map acropolis 256x256.tga","4194348","72249b3f64b4b3628571c8e3b43957260712a6c861a0d6b9ec4d82a2d8236e4b"
"textures\ui\ui map alfheim 128x128.tga","1048620","1eba981322abbd9a8e11ad9156ec9eea248da0281efc5e3c11791642656e6ae1"
"textures\ui\ui map alfheim 256x256.tga","4194348","f5996d0f7e4565183e3e0aa3a88ab806c35afe3bfa32030bb4299e1e267c6261"
"textures\ui\ui map altheim 128x128.tga","1048620","b7f5ca9cebd08cd20681e9622f9f80673eb170fca4512de60a8093c58764a226"
"textures\ui\ui map altheim 256x256.tga","4194348","dbc0556d07205cecc5b6d555306c3fd3ce31991c0a06df626dcd8d108fb2a0d6"
"textures\ui\ui map anatolia 128x128.tga","1048620","fafbc960a304eba934625e137f2c6ffb1b91063057e76f147c2028c3fd87873e"
"textures\ui\ui map anatolia 256x256.tga","4194348","519c06e1852504639a01e64161cb39565667fab0fd0e2624a0ef29ab71030c65"
"textures\ui\ui map any 128x128.tga","1048620","04291cf7a23d24c76d3c1398b762cd73d4eafba031897312aed74a8ebf25687d"
"textures\ui\ui map any 256x256.tga","4194348","2c435f7c292bdd0cbd12490e90ac4bfb557e30fa8242502fd6c20ebeb83850de"
"textures\ui\ui map archipelago 128x128.tga","1048620","82da677e30551595f40744b24a97c2ad8c01fd86f4a62c1c19e62847dbdf08f5"
"textures\ui\ui map archipelago 256x256.tga","4194348","8eafa21c5aeaa23915bd42fe454676ac49fc33d4cc48a2a0040922001db6c1c6"
"textures\ui\ui map basin 256x256.tga","4194348","2f71759d3c8f09df394f8b53064ba54cf9c35a71555ca9bff383642bab2e313d"
"textures\ui\ui map black sea 128x128.tga","1048620","f16ef83f59f8f07b6363afca5b5f33c763c92f3c0d5eb9c19ab62ea4a4527acb"
"textures\ui\ui map black sea 256x256.tga","4194348","8aa2168a4120267bd809a63f7ac4beadb92568bec0498ca9eaec46d041f59c5e"
"textures\ui\ui map blue lagoon.tga","4194348","6b4f1655e7d3831698ebeb5381d39c20ca978cdc77d3a83b8f4713aa0c592e61"
"textures\ui\ui map boarder highlight 128x128.tga","1048620","c2e7e3e87f0b58e1847c37720b4c0e962b9967e866acc395348ed915811ca5a5"
"textures\ui\ui map boarder highlight 256x256.tga","4194348","0ac3864c5c420b154c53d1a990781dabad835d206de0f4949ff4b083026ac4ad"
"textures\ui\ui map boarder template 128x128.tga","1048620","52a0b4f0b90da9869cb68655c0598c22b2c504ced72dce708c28d2a0838ac6e2"
"textures\ui\ui map boarder template 256x256.tga","4194348","eba941bf5d36631843ffca20b2adb63ce37257794dc15056d8bf9f15e7103439"
"textures\ui\ui map deep jungle 256x256.tga","4194348","a4f3e0da1289c860bc1f70e4772364a02c7fe9e4e093491ac331c2fa600aa255"
"textures\ui\ui map erebus 128x128.tga","1048620","3288fc7a10571d5417133f6cf689a1f9120d3974b8ee1134bb57c88193d078a5"
"textures\ui\ui map erebus 256x256.tga","4194348","2c889bace9d872dd4fc4751925c392ffbf5d19ba4ea10d863987e274d73dd86f"
"textures\ui\ui map fgc 128x128.tga","1048620","8d8da21434138b12b529ee81136d3292cd94b22ed01d52a9031073989303dcda"
"textures\ui\ui map fgc 256x256.tga","4194348","ac0992bba08306acd316938ebef91721dfc825141f2081c1f98fb65fea58182b"
"textures\ui\ui map ghost lake 128x128.tga","1048620","12240d012319f71e7a8d99d6d92780a37483f7ab49a33bc0f8dc1bd5c749784e"
"textures\ui\ui map ghost lake 256x256.tga","4194348","a15b2633b8107a06bc6ea6b083c00613e52f78748eda722b840c70e7ffe6f806"
"textures\ui\ui map golden fleece 128x128.tga","1048620","77919eee8446d0024fbfa1f3252c3ba29c4d8e4a0a044ad425c8d40ab7e3e59f"
"textures\ui\ui map golden fleece 256x256.tga","4194348","8642e7b05e2dd1600b79088b605842a1f3a3f27b945e9b1c939f7a44c7dbc14b"
"textures\ui\ui map highland 128x128.tga","1048620","3d7faa9cd2a0a4a94313b456a1984a80a013b70b5883fa93e54866a8b5cc77a5"
"textures\ui\ui map highland 256x256.tga","4194348","0d95c495e4bfe706bd42ee196f114fdc13738300ad20b1686fff8849823e00fc"
"textures\ui\ui map islands 128x128.tga","1048620","4fd3a330f9fb916939dd64b4e499476d3bd467d241d952555f806601d95ddf1a"
"textures\ui\ui map islands 256x256.tga","4194348","4398849ebf7387f8facdc8be64c21d58f70b48cb3b711f6d96e45fb819206ddd"
"textures\ui\ui map jotunheim 128x128.tga","1048620","0f7206b315390af3c78653633cfabcf0317a16b215109286ecfec9a7e1415b29"
"textures\ui\ui map jotunheim 256x256.tga","4194348","7e7e3a8ad46161a21f5ceb23af5bec56e393c0209914d4653182003890296c45"
"textures\ui\ui map king of the hill 128x128.tga","1048620","9fcd93a7156008b8606663cbf778fe80eaba033da368ad735b71a3d6eb3d452f"
"textures\ui\ui map king of the hill 256x256.tga","4194348","b0ebb3779d1819777a7c79beed6ea8dbd7563567c092807bd9e896a2a8e93a6f"
"textures\ui\ui map land unknown 128x128.tga","1048620","a2c3ff86aff7455e69efa6c78174ce992382fa2723b11198340870b3c7f60bc9"
"textures\ui\ui map land unknown 256x256.tga","4194348","ef26bbd2e784d179a59c7cbbc0624f77c3d8099587847261a2faeafd740e8bcc"
"textures\ui\ui map marsh 128x128.tga","1048620","3a564bf2162a391dec0aa81dd816ac88c13b8c63aacf2410e42e3211cfe9af7c"
"textures\ui\ui map marsh 256x256.tga","4194348","460b97528251f10c4dab79bc271254483e12e639487c1309604ed8cf1983f9bf"
"textures\ui\ui map mediterranean 128x128.tga","1048620","07045fc602cea2efb3361f7d390b32ccdd65fb82ca216085220ef9551ce44a23"
"textures\ui\ui map mediterranean 256x256.tga","4194348","14a06abdd35c920f46b4429f4f13062c7c81beb7f8af85871ae3777454a5fb33"
"textures\ui\ui map megalopolis 128x128.tga","1048620","2f82d0f9fd941cc2c3449429741df2105a5505ec697e2ebeb9c6458a79df3273"
"textures\ui\ui map megalopolis 256x256.tga","4194348","ebe08cdd058ea34875e62184868328d18619f18f8604cbef784cf2910d51b40b"
"textures\ui\ui map midgard 128x128.tga","1048620","89cd1a808e635d3139318d1a2460d4ecf70fa65dce9a2abf928c189a0f60b338"
"textures\ui\ui map midgard 256x256.tga","4194348","d59286ebd60eb87883c7fc3a8d3d3a72ba2f8db92e1dc44ad94678ddd302a2b5"
"textures\ui\ui map missing 128x128.tga","1048620","91fd9469b02410ccaec1cbbd649544637fb08ff250cd65adcbd47be343c55405"
"textures\ui\ui map missing 256x256.tga","4194348","41bd6cb010445c5d6c28891a7c77c8126e674d74c99826020bb88edfe540bff3"
"textures\ui\ui map nomad 128x128.tga","1048620","e68f289fe6b631c43c488eb0874d2858df109318af7d3bacf48397be404b4cf1"
"textures\ui\ui map nomad 256x256.tga","4194348","d3e09aad73aeacdb77449a181c0113a33b288912e01881e90ebaec31e3b0d37f"
"textures\ui\ui map oasis 128x128.tga","1048620","b2164ccd55af33ad92a9d51a477c3c0dec5d4100193d30c7ebc3ca9e0a627801"
"textures\ui\ui map oasis 256x256.tga","4194348","af3e0c2fb46fbdb709d01f92765071b3b1d5d72087599a288db2cf8aaad220ee"
"textures\ui\ui map old atlantis 256x256.tga","4194348","c297deec9b9ea41d75f16341525101cb2a0dda106bd8a06f1f01c0a1f525f712"
"textures\ui\ui map open fields 256x256.tga","4194348","3b6ff3b9c5cd78f22f58c9bc76a4f44860e664011abffdc0421a7a10db69dfdd"
"textures\ui\ui map pick 128x128.tga","1048620","039d25705ade04ba24e919ad183d25a2aa866bd660a2539fb296f453ea2e1a0b"
"textures\ui\ui map pick 256x256.tga","4194348","de4a23e9e09300975a664d71c6773d53aa1bc901fb998706d4085be8da5d0a80"
"textures\ui\ui map random 128x128.tga","1048620","910c4a4ddf392c118329556bb3cd0dc8c0465ae09588100746f26c862112f053"
"textures\ui\ui map random 256x256.tga","4194348","eeeb80e2f554bd78b32c2053ff39707e12c49b708c131565271283cc9aece05e"
"textures\ui\ui map random fast 128x128.tga","1048620","3c5eed3b0a42cc245433bc1daa36ae13de17cd926d466ee50a78abdf872b56db"
"textures\ui\ui map random fast 256x256.tga","4194348","e9a9c3b388e3c0cca71430c116f2879ab2fc41c29bc7c2f4f68917a91c4fc5ab"
"textures\ui\ui map regicide 256x256.tga","4194348","7c214c3694a4e153a8ad85e8986f94441156369ed049af52acfcee88e331101f"
"textures\ui\ui map restore 256x256.tga","4194348","32bb07199629cd8680d35bbaa79a1785b795a3dfb6738d4a48a37c022f60357c"
"textures\ui\ui map river nile 128x128.tga","1048620","158e2affa31e052cd04472d80a51dfd388788b4cb902e3550eef13be7b0093f1"
"textures\ui\ui map river nile 256x256.tga","4194348","2758c985bacc25d56702de24b28e6cb7ca96db6a9668476d54100f6a8cd68dc2"
"textures\ui\ui map river styx 128x128.tga","1048620","226b9e67c4423a5dc0d74276ee2bc590301789df7116ce7380aa2fec4485dbdd"
"textures\ui\ui map river styx 256x256.tga","4194348","59bb1f567a21dc190149bcd1b3afe9ec369e39415771ba557a7a637773889a77"
"textures\ui\ui map savannah 128x128.tga","1048620","4c0cbae0d966cecaaa730db83aba444ea7729ecb282b729edd57559214746a1b"
"textures\ui\ui map savannah 256x256.tga","4194348","ca8742a2a949fa12e3d7c073a01ee3fccb105a1cb14153893eaf70ec7b5f9cd9"
"textures\ui\ui map scenario 128x128.tga","1048620","37926c912ccf9dc254137e2609fc123671d041440b49be2cc2d5c184bcc5c8ec"
"textures\ui\ui map scenario 256x256.tga","4194348","a09e945f0285d614b0a3ab33ddd3dbba17e10d6e26fafb3238beea4a68a2f5e3"
"textures\ui\ui map sea of worms 128x128.tga","1048620","fe926b9f1cebfedde506196ac4fb877e8b81e94b5185dab8a3e6664151c1c671"
"textures\ui\ui map sea of worms 256x256.tga","4194348","816061e505c77c4937c39f05c0795583b1647cd3f1e121e1ef04d83b5022ad2e"
"textures\ui\ui map silk road 256x256.tga","4194348","e6c747823780040d8b7e88aac32c66cf5f07d590a3ec7ca73cf41b05fa158305"
"textures\ui\ui map size select giant clicked.tga","1048620","6674c404494e18ea1924c0ee4b3ddf0d800e25b33e740607dcc958048c716266"
"textures\ui\ui map size select giant.tga","1048620","8a1465aa536cd7b51963646422f6a047f9cb70bb85b9456bf9eaf6f10e5b0074"
"textures\ui\ui map size select large clicked.tga","1048620","4c06530cc788433d77b39a851222eda3824ffb8e4350352d12f3822e869065e5"
"textures\ui\ui map size select large.tga","1048620","e346a19cc84fe8f077a6c5826ac560c038608e08fc85aea3db064df44fa3ebed"
"textures\ui\ui map size select normal clicked.tga","1048620","242472c336be9229e6432a56547b183e891e110e3ad763994e495591afbb749e"
"textures\ui\ui map size select normal.tga","1048620","712045f4bad8dabaf6352b56f7a70fdb2bf28192b3efb5b53609ce917cfe3b89"
"textures\ui\ui map sudden death 128x128.tga","1048620","3847c8e349afcf2eafc09186e50f0ce53578806e6ce741f78d3ed8cbc2854a00"
"textures\ui\ui map sudden death 256x256.tga","4194348","efef517fd7adc5c35767e22f4f6a30c463db8c1b215a19a40aa07b7ee226db56"
"textures\ui\ui map team migration 128x128.tga","1048620","7af20fce9db04f8e3fe97c64f293743aabf1a70289c6687442abfaed95be2295"
"textures\ui\ui map team migration 256x256.tga","4194348","6444884f191df895f993140d4437a2535dfd240a8724e9cbd882f85cfdc136e1"
"textures\ui\ui map the unknown 128x128.tga","1048620","ab86c16f0c8642dc8ca1e208c0f30e7eab834466245372c4e581fbd727bb1da3"
"textures\ui\ui map the unknown 256x256.tga","4194348","9e32b8676201f481e17027c8892991adc7529616e4e44261ccaa948618713abc"
"textures\ui\ui map tundra 128x128.tga","1048620","9637deedf9a3cd5ba198fd0188914f08f5e4b8e28c9a514a2341ebfe450cc027"
"textures\ui\ui map tundra 256x256.tga","4194348","17ae4e482a3b7c5b23b03f87eeca6ff132bd9bfcf80594d22202303109073c6c"
"textures\ui\ui map user made 128x128.tga","1048620","64e314c584c2ed3453368c16d1360f1ceb1da38bbbfc7f41a3f95679f36126d1"
"textures\ui\ui map user made 256x256.tga","4194348","da844bc9695fc5c2d60be4b9c6cd1c97828f011a75d170503a16c9b7ff71c780"
"textures\ui\ui map valley of kings 128x128.tga","1048620","1db1b4c853724a0bb8030a8fc17256fd066ba0749620357618043a042b9919d8"
"textures\ui\ui map valley of kings 256x256.tga","4194348","a954fa06687a261bf989b02fbd3a536a1f2c04186ca03ae7f9ea6d9471c05a26"
"textures\ui\ui map vinlandsaga 128x128.tga","1048620","a6079178befa38a6108f4d84dbf7d0eec0b19615bcc9f52369f57fbbc9edc62c"
"textures\ui\ui map vinlandsaga 256x256.tga","4194348","dcd87f7000479cd2ca27c80d6fe8c0072cc1c60cd3150c72d4ae75617acf7e31"
"textures\ui\ui map watering hole 128x128.tga","1048620","c7af4283f09867cccf0b8af2c41a318f201e9d710ac47327dadc832acd470cd1"
"textures\ui\ui map watering hole 256x256.tga","4194348","c8b170c94a187182db3c00c5d4d6897827fb1150ee983f4f79055d95a02979f5"
"textures\ui\ui map yellow river 256x256.tga","4194348","7faf6ce79e41325894b8f24ca8a42bfc937f1e227f9c526f4d95c4e6eeac2e98"
"textures\ui\ui online multiplayer test.tga","524332","5aa57579563e8bbb5fc713e3e20eb7b5653ac9f884df6c7e3065ea95f4ca02de"
"textures\ui\ui ornate gold swirl 128x64.tga","524332","88a5eddbd0db237414e1284c6f3eb5d18c739a56ea8db4f6f4bed6c1a63f273e"
"textures\ui\ui ornate gold swirl 16x32.tga","32812","93c7ec48233727d659ec26ad88bda8d5051eba7f35a60145adb7bde24e91ad3a"
"textures\ui\ui ornate gold swirl 32x16.tga","32812","cd1eef400e0950e88fd7e290b9f7e44d9577dd9ef748b1e3fb006752b2135355"
"textures\ui\ui ornate gold swirl 32x64.tga","131116","b5a753a7cc5b34ab9453912b6cb420409e80ee85ffece13dc1da46098ce40aa2"
"textures\ui\ui ornate gold swirl 64x128.tga","524332","683608ddb9536a9f8e02004a18122aa1a04e1ac150edfb913065cc2277d4e95e"
"textures\ui\ui ornate gold swirl 64x32.tga","131116","abf7e9036ed675cb72c770447410e8c56dc8c54ad6ecb8f3981f06924842b0de"
"textures\ui\ui pregame aom titan logo left.tga","22413356","d30e6c67cb0644936ba03ae04eb3efe41e88fa3c261e9e5cee91d3517bee9c1c"
"textures\ui\ui pregame aom titan logo right.tga","22413356","9af8a1d24054b4c5d540faf1cce13492b3a608a9ac51ca66c887d6b4cf2d2b71"
"textures\ui\ui pregame button click.tga","1048620","20234f14b5813e292d8f9faee24fe813e433cc5b68b5520d094bacbb59336fa8"
"textures\ui\ui pregame button clicked.tga","1048620","20234f14b5813e292d8f9faee24fe813e433cc5b68b5520d094bacbb59336fa8"
"textures\ui\ui pregame button glow.tga","1048620","dea60dac8dfe7ced80a2d2cefb4cdf20a145bdd909555cb6cdc77a90ab644ede"
"textures\ui\ui pregame button rollover.tga","1048620","e631d713c4b92b133297cf74b2c48146f4fcb1c6530a242537f2a630c5e47ad5"
"textures\ui\ui pregame button.tga","1048620","0980db4e51e7563cf4e7a64271603928a53105722f63f5d87149e615349a8e9a"
"textures\ui\ui pregame left bottom.tga","11082284","3d604fbdb6d0e57e996122b783072c19adc094d91e34ca09bd51445287bcd214"
"textures\ui\ui pregame left middle.tga","11082284","fdce5e6f00fdae0d382e409808008569c072e1fc2fe552706ac2cc364517b05b"
"textures\ui\ui pregame left top.tga","11082284","eaee15f6b84dc68c50ec135b26a15a1001ec19bf21c99cf3dae37c82c363b3ee"
"textures\ui\ui pregame right bottom.tga","11082284","2665c5a78a287d621fa3b61afc1e6d6f410233befbf07cda1038b4bf7de2d740"
"textures\ui\ui pregame right middle.tga","11082284","27b3abc8b20eb6debdf093617b1c98d5209d9881022d6daa73cfe93f88ff9d30"
"textures\ui\ui pregame right top.tga","11082284","9f1f8b41d7737413286a70b521d8f36568c69dc49b9cc39c33a89838ef4cb066"
"textures\ui\ui pregame transparency background.tga","65580","ada947a2ab42a1a5e520a945f0f625186685cbdb5ef7833186411c582c7a9ea9"
"textures\ui\ui progress bar background left.tga","524332","8b059e63c8293201ad1c98204c4b484c7cacb042c0daef11ff89d7d7b3a788e2"
"textures\ui\ui progress bar background middle.tga","2097196","003a900534b72317a7d8b02b678276ded61472fe2f8599d3131854ffc4cd0e82"
"textures\ui\ui progress bar background right.tga","524332","5d4844fe0b1672be2dd00eee44118f999da25bf0a4088463c9e0f5913e6308fd"
"textures\ui\ui progress bar flair.tga","262188","a4f521f85e797141a7f5e142e35d37b94064348ca7218bd18ad89ab942675d71"
"textures\ui\ui progress bar.tga","2097196","f2911806ff72aa062e9e0e36e96da44c4609f557016e3fc6af203d045ba1c8b2"
"textures\ui\ui quick start button 256x64 clicked.tga","1048620","7329a3b381174c03de55a2b501ee69a6f093c47910bc8a7c5719db026658cda7"
"textures\ui\ui quick start button 256x64 rollover.tga","1048620","7580c9329de65c4385a0ac8b9e6fdf8f54344840df1dabaca04708f6824906f4"
"textures\ui\ui quick start button 256x64.tga","1048620","4787408a26c76dd1f732fcfb0ce508bbbf78ad3ae5519b25b3f654dc77d81ea5"
"textures\ui\ui scroll bottom 128x16.tga","131116","763f0820096ba6de0e33611f0ad0bbe1f9219f83f06cea2eb21f2c2715709c37"
"textures\ui\ui scroll bottom 256x16.tga","262188","8057d92a7cc4a1b0f59045b9a326da556276b46902f87d079989b571ad0b2d96"
"textures\ui\ui scroll bottom 64x16.tga","65580","dd1ad95e5b0a60a78d8661f1611894277a27e1673e7ccebf37833c724500c2f5"
"textures\ui\ui scroll bottom tile 8x8 grey.tga","4140","f6b1b366f064571fea965ae304857774df58a31853af03b332e48c208c761943"
"textures\ui\ui scroll bottom tile 8x8.tga","4140","4d59267ad890e7e494478e51addb3c7ddd4556064d84b8b25cb37ad8d9bf6be8"
"textures\ui\ui scroll bottom tile grey.tga","16428","4110a5beada3278913bf1425ed269a4376e2b5a16a6dfca1a1b3bbc280dfb7c2"
"textures\ui\ui scroll bottom tile tan.tga","16428","6760c57208e818c03682456728be1bfd45efe2e54865dbed142a48a41c75d2b7"
"textures\ui\ui scroll bottom tile.tga","16428","629e2b992ad684d444c9770f75a20c8802104fe10f6f1e6a80335b0e7a335212"
"textures\ui\ui scroll cap left 8x8 grey.tga","4140","936161fefb27d02485e6ef41522c22759090bf62130da6c6a9aa3f2dceae1e4f"
"textures\ui\ui scroll cap left 8x8.tga","4140","21013ab0174a277c0e28df8317cd27897db513459279dfed918a166eb99f710c"
"textures\ui\ui scroll cap left grey.tga","8236","93090805c6c39d73bb9e1c6ab34c5994c4c85e316e4d17dc5c64648f9ec1fa5f"
"textures\ui\ui scroll cap left tan.tga","8236","59666e768671c0393bac847aee193059cfc1bda9c24b51ea40457a505532d23d"
"textures\ui\ui scroll cap left.tga","8236","e2c355bb4eae01adf4675b1b1928f89ed19511c826d156a41f2c832c10c9ea16"
"textures\ui\ui scroll cap right 8x8 grey.tga","4140","f0022e21fd631a13fdcc2920d360dea090b2fa232610da48f944b029b5bc7fb8"
"textures\ui\ui scroll cap right 8x8.tga","4140","7487ce763c23b9e8adc9b29cec7311fc56ba604cf6453a3d55995e0e49c9c45e"
"textures\ui\ui scroll cap right grey.tga","8236","f95064c6a087ba987528e24a5e8e58f25f45d2b581465332ff065a3f2e12c44d"
"textures\ui\ui scroll cap right tan.tga","8236","44b43e594997e6de820741dae7adf5345d5aeb6584f963d81fbda5fa50ca3f9b"
"textures\ui\ui scroll cap right.tga","8236","c5b121edc9c8664f526ec797c4d9bae9e12d240980a762e9e438dc2237b66fdd"
"textures\ui\ui scroll middle 128x16 tan.tga","524332","9123fe3bc6eb78cce2f0c811e4229882ccb4494fbea5594bf8fa89868c7a907d"
"textures\ui\ui scroll middle 128x16.tga","524332","bdbdb4ffa5fc560241022c3fc0b11c07f795c66224bd707d0fad5dc5967a459d"
"textures\ui\ui scroll middle 256x16.tga","1048620","69248779072e3a756ed3f88aa1b68ab572e8ba866d2d9dfdd785f3c8442db6f0"
"textures\ui\ui scroll middle 64x16.tga","32812","180dbc2484c7aad60f615bee9119cb3dab04e832cdbed68647857eb388000877"
"textures\ui\ui scroll middle tile 8x8.tga","4140","6fff7cc6723c431613fbbba55a5b99be7706701955dad310c1d806dfa66f80ae"
"textures\ui\ui scroll middle tile grey.tga","65580","22486ff560578937420dd44216c789abf1983009104c5a652a825bb13bb15bc3"
"textures\ui\ui scroll middle tile.tga","65580","cd6941212d015d98393d02cd86f7fb27486c9c51497b201b40e6ab9e129d927c"
"textures\ui\ui scroll top 128x16.tga","131116","2445be4d23d835441d5a79b84527ad091e338a4499f3fb7b7a49df2ee1ee0d84"
"textures\ui\ui scroll top 256x16.tga","262188","21f9d563a4906432314923db3eb27f7e2a4dbea9deab6d1234f73ee194693bbc"
"textures\ui\ui scroll top 64x16.tga","65580","146eda081ae7e1ab6ee516fc709d85fd47c18f3c2f0f922838d2790d24930602"
"textures\ui\ui scroll top tile 8x8.tga","4140","8020db4fca0191012f5678ec8670f9bd161fadfba33dc7bc30e3e487a9d61420"
"textures\ui\ui scroll top tile grey.tga","16428","bbfafb12718608c6b834ef3bee6124d15858064dde4322b73aeadf985bbb5fd1"
"textures\ui\ui scroll top tile tan.tga","16428","81308c4230f88c3bfebfb80334bc728db73080b64088bffbd513af8cf3aed5c7"
"textures\ui\ui scroll top tile.tga","16428","2ac5be367d87994ca1041b6caf9f20845e15843c34d01a244b1bf44207288655"
"textures\ui\ui slider pip horizontal.tga","16428","6bcfcc640be9339d8f2cb24315018408cb0b59b5631b29afe1c3d13cac18ebc5"
"textures\ui\ui slider pip verticle.tga","65580","b14807810817c5789a1afe5ae03851ceec1a2b20ee13032178fa50004eef4433"
"textures\ui\ui text box left grey.tga","32812","d6088204278ee2c717edc7ba39bcfda066fc85318f2f8775ab2557dc5b8425a4"
"textures\ui\ui text box left.tga","32812","0b234f555643ff3e5d5e61c3229c5a26e015fb6a1190554cb664adb9da0ee4ec"
"textures\ui\ui text box middle grey.tga","65580","4bccb02ef27e273bf6887d5a8539f08cc7cec716159cd8b8fd6d40c62bc49bd3"
"textures\ui\ui text box middle.tga","65580","e9e96891a20f93177788fefeb9e33cceb70adbc1b065635d56da4364963770b4"
"textures\ui\ui text box right grey.tga","32812","3506e83f57b64dd6fb22c4df52393404b4cfc87a9b7be60477530f30e7e86eae"
"textures\ui\ui text box right.tga","32812","2908dbdc71097a4c2549298d54e0f02209a6337310c30b398cf1f8f2b82b5a88"
"textures\ui\ui text chat box grey.tga","65580","782afdfa2e624ec96d799053bdacc25fcd8212b799c8225bb20d1aaa9d74b081"
"textures\ui\ui text chat box.tga","65580","5acf1d412757ce349236ca0b370d004f3c603f3713126b421d11675a74de02da"
"textures\ui\ui_check.tga","16428","826b86cec932f61bf9d36a2932b191e0e7509ac8b1f5075a37cf36a2a5895ebd"
"textures\ui\ui_close.tga","16428","e924ece00e6b6580adeca296068774696bdf5345cb9e576e5372aa6335330e4b"
"textures\ui\ui_close_alpha.tga","16428","a1585d1e587ad8682dd83c30c428e9ff9ffe464e21c4eccd10befff65105cfde"
"textures\ui\ui_consolebackground.tga","4194348","f939a0dd460a26df54a13164fbb842cc1433ad7603034753ad70c7605e9bdad0"
"textures\ui\ui_dark_gray.tga","65580","a4c25b32e12c2361767e70fffde3dae06ae80e73796cbb2709d97482cfed3118"
"textures\ui\ui_downarrow_l.tga","16428","40f85c86e77a7870185df0a63822a33c9b1d76858dd9221ee9d8a1da7428998e"
"textures\ui\ui_downarrow_m.tga","16428","1a07378660e808c83475aa30411927d94fa4c2ddb19181e55377945c28b9f3fc"
"textures\ui\ui_downarrow_s.tga","16428","7c6f704f68a3c0a28e57b07e0100e6b415b866428a8ea13ed0740a585337c216"
"textures\ui\ui_drive.tga","16428","3ebdee41e59cda24828dd7cf142beeb05b268d4268329526fd581a6c5dfe06e5"
"textures\ui\ui_file.tga","16428","5badc169ee62f3d1d06e719d4c542174df414209c917e6c44194a221ba257f2a"
"textures\ui\ui_folder.tga","16428","28acb900859a87d3793ed483a4456bfd53eeaae67f290d10a0c2b0e7a7cb52bd"
"textures\ui\ui_g_menuicon.tga","131116","c30186d44a9c04e78d6c59cb77c7d8e2e3b57b2fe6259cd5049331fdcd835da5"
"textures\ui\ui_highlight.tga","262188","212fdeea8e4f408dbad7340ba64c8a61a695b6483a95adb4fa2a3d6aedec7afa"
"textures\ui\ui_highlight2.tga","262188","b0d710d41a0bf4630a8639fe45e26dee7dbb6bafc93075864f6ff9bb8b0b22f0"
"textures\ui\ui_leftarrow_l.tga","16428","6e69c61f4e2e09dc59c470813836bb043a40f5371a4a1c0a2606aee23586d22e"
"textures\ui\ui_leftarrow_m.tga","16428","af1fb0e6562b65e7fe985434573263389712f187da3492ace9db9fea0e57c98e"
"textures\ui\ui_leftarrow_s.tga","16428","f03da711f8c18153f55d8bf15089ebdf6ab07543655185d35aecccaab6e22092"
"textures\ui\ui_light_gray.tga","65580","824ea8c635d37fb003572fad484e2e6cee865996942a302d00e738a06dbd100d"
"textures\ui\ui_med_gray.tga","65580","24e07fa600af51ad784caaa15ddc2eda3812f03f114d7cb3880fd2af9fd3742a"
"textures\ui\ui_menucheck.tga","65580","bc6478ac75cb895e7ff34df6aea0c4f544d4a87443809f8a6055385d36ec326e"
"textures\ui\ui_menucheck_dis.tga","65580","b8e476b7ca751b07bf605554b97c65035d4b6eabc9dd0422760465f1fc3328dc"
"textures\ui\ui_menuseparator.tga","262188","a265e7616bd867c4cc8238d89d9ce5d87d7a5d81150eb82eb4d532e75c2a6166"
"textures\ui\ui_menuuncheck.tga","65580","24e07fa600af51ad784caaa15ddc2eda3812f03f114d7cb3880fd2af9fd3742a"
"textures\ui\ui_menuunderline.tga","65580","3c349df1c8efde24a13b01b1c28f4191ab9c43c554c354d5e57295424eae00bf"
"textures\ui\ui_menuunderline_dis.tga","65580","4ac328fe479e683a1b4fb80299d9711b02d314bd51fd93041d3be8e734a975b8"
"textures\ui\ui_minimap.tga","262188","2d043e871eace888b006dc43d256d4cdfd3eea3cd0ea4d2318d097c0d077f8bd"
"textures\ui\ui_minimize.tga","16428","c08b7f8767256946cd4bf88dafb7721082269b4fd9c8d5fdd70d58958084ccbe"
"textures\ui\ui_pip_h_1.tga","16428","c9795ebf0b5cde84bce7a0a065fb79d111db53e39824bcb67aa3c658fc514f6f"
"textures\ui\ui_pip_h_2.tga","16428","aaea55fa69a842e40c5d57de6bd5edeb5026154f7a655fde8c8efac225b74d91"
"textures\ui\ui_pip_h_3.tga","16428","015a3c57c66e8e11ab54ed9786e5695efbf26b125af1c2dbaddc0ed14db4e0f7"
"textures\ui\ui_pip_v_1.tga","16428","b0fd2f66b2e707eee6708cea1502543d80caad9492a892cb9b63c415e5253b0e"
"textures\ui\ui_pip_v_2.tga","16428","36e344ff20e90a5e8903ab2812464ef493945f5b054ed9169cd486b38457ee8d"
"textures\ui\ui_pip_v_3.tga","16428","451041eb206ef53afbd50ff1abe3e5b74db3d69a37301e876d2e1f816b6ef526"
"textures\ui\ui_radioblank.tga","16428","eb2f9ccd7c4b5e1c74148605cf2bb317d0918a5e56f61d4053e33bfad558ec57"
"textures\ui\ui_radiofill.tga","16428","db27f1341497ed450c6f2ee603d3c3173946f40eb94c2421cec3fb8314b5c4a2"
"textures\ui\ui_rightarrow_l.tga","16428","02a74f79660cc7137dece03fe6274f4212ce0f10fd33818bb37b5ed6e2d0cc52"
"textures\ui\ui_rightarrow_m.tga","16428","401ccdc959f967ba8275768206954acf507b40d675f2fb2111698e7db985c3d8"
"textures\ui\ui_rightarrow_s.tga","16428","647bd1a492a500addee99e531bdd30596e335e997ad53bf54b81b67321f2d771"
"textures\ui\ui_toggleoff.tga","32812","51a2c6a6267370283ffb9cf61a244122956dc691c2ff304121b615144b6a4e38"
"textures\ui\ui_toggleon.tga","32812","501275511a6cb8b3d6e56117e716ac72f6371015455738a2f6e46c472bf4b81e"
"textures\ui\ui_uncheck.tga","16428","53f40d09b1881753ef9ddf571042816c826c9d2406bdf065d0258fc84ab5d35a"
"textures\ui\ui_uparrow_l.tga","16428","f2b685b445784655c0a4951866706c0cc3e069ba71d16c84da1fa209a0b78817"
"textures\ui\ui_uparrow_m.tga","16428","0a588de0462a2df463d37ebe575619b60ff41b05f5426d8c211da6f40edb3e30"
"textures\ui\ui_uparrow_s.tga","16428","fb1550c2f91d297c0905afae6333d6771fbac5e2c696239f6ad4ec73daa81fcd"
"textures\ui\yellowdot.tga","16428","8318e4ad2240ea786f261bae5c9a7577606ebfe7b43ffb9298c6d9400c785803"
"textures\ui_banners atlantean.tga","4194348","4e29789eebb21bd9a75c7e4e5287efd1fb0f927030b69bd67e61a93ca18bfa83"
"textures\ui_banners atlantean2.tga","4194348","bf6fd1556bf5a7bfe9539dfddf7a977da54d268da1a3efb62a22d976f1468784"
"textures\ui_banners egypt.tga","4194348","8e2c680aab61804b1471a4daa80cf85f7c781c1ce6e098aef245d2a02c49063e"
"textures\ui_banners egypt2.tga","4194348","643ba59f70e420c465929d4eb3cafb4da99c833609f7530f36a901864073fb0f"
"textures\ui_banners greek.tga","4194348","ba0cf9cce29320990f2d770e0e00af0297632e55ee7fcaae6139eeeb4852ea49"
"textures\ui_banners greek2.tga","4194348","0e646608e89fe35b2dae962b8593e86979a2d0cc35d0fbef91ebb141ca22d115"
"textures\ui_banners norse.tga","4194348","7daf4b7089763fea4cd79b0bf864e4583cd40477ed8a82f7ae2f00ca0ca8a13a"
"textures\ui_banners norse2.tga","4194348","67455b9724689297bc613c99d977e714f5e8cd3de5a55553b6d2b6aba80f82d8"
"textures\ui_banners selected atlantean.tga","4194348","ba1d38a9bb28d0c330fdbb5325f75ba0e06b414b165cec5de586d75733e0416b"
"textures\ui_banners selected atlantean2.tga","4194348","aada10b413b4f006ffa91907a4de2def9208a022d6a9a22623391b75ed4027a4"
"textures\ui_banners selected egypt.tga","4194348","8c260998c65b83bf4d3cba694a51e53fb96c7827cc0b8920e2689ea4cb3509c1"
"textures\ui_banners selected egypt2.tga","4194348","3678e96e61457fefaf02c228a2bfd2ec923efab76442d3cd1611913b390c7fca"
"textures\ui_banners selected greek.tga","4194348","d9c80f641a3703b61982277ccac261cd3fd7d79a18c39e14428665c08a70f77e"
"textures\ui_banners selected greek2.tga","4194348","0e09e1b471eb2244b6e234a8f9f05ae9a6b320b43a36d4fd5b52ebcf00f6a415"
"textures\ui_banners selected norse.tga","4194348","3357d7c1817fe08ff74c6af1e64421a442a952cc415afb2abb847cf039c8b457"
"textures\ui_banners selected norse2.tga","4194348","fb9cc48833069591f69b8d69407f1f3a0589cd83c169d55d8dcca7e63d9f6a0d"
"textures\ui_banners.tga","4194348","24a1ca4c6a6a0518f0ba10546ca496bfec8fcfe0617d13b6228fff07a1ad8b1e"
"textures\ui_banners_attack atlantean.tga","4194348","5e3286d1fc0ce172dc89bc0a4421d33e17f12567fe461ca5d81d53022cc93147"
"textures\ui_banners_attack egypt.tga","4194348","f8c07403a5795a8849724966ad4f9e692690f83c195d5d8d0e66bcf5022ffedc"
"textures\ui_banners_attack greek.tga","4194348","ecef343e3ccbab084873836ee71c3debc7cef5fe3637dbe6418a7e92f26db69e"
"textures\ui_banners_attack norse.tga","4194348","63a7212404c2f5876b70c5d6b5b5e1859351f8030621ab16eff8274a65a3962f"
"textures\ui_banners_selected.tga","4194348","8766374aa89424cdfddcd3a245b2592881d98021cb1b1349107c91de9cf19299"
"textures\ui_bottom_shadow.tga","65580","d2c409c14079d5c6bc5abd7e14679f11dae7c02b0d4f05f4a49033d6ca0d9f21"
"textures\ui_c_bottombar_a.tga","2097196","0325ddeeeaf57215c0ea36b2fdb18b44aeb0d06f8bfa90a948740bed1014a2c5"
"textures\ui_c_bottombar_a_fuxi.tga","10485804","9f4ee3a247ffb92bc5a6733eb657e15126af559cd8ecb3a478634ec66518d9ae"
"textures\ui_c_bottombar_a_nuwa.tga","10485804","3b90fa0dfed9c1b2552f131690de20bcb112ba48baf1014cfa230e1ab757963f"
"textures\ui_c_bottombar_a_shennong.tga","10485804","bec86b1f52af99c8bcb7e74f3eff512200dbb357c292ceea46e5d8ceece8c260"
"textures\ui_c_bottombar_b.tga","2097196","d8d5605e2f94c99a5098996e9995d581039e5bbb559c58c186558ba2c74f3339"
"textures\ui_c_bottombar_b_fuxi.tga","8388652","ab705cd1574f89534d0355812213411d65c64aa6bada58f98c4b7b0cdc290921"
"textures\ui_c_bottombar_b_nuwa.tga","8388652","2d7901d6ea229270287c7f361a6be361539f2bf1d56b08850b0a3430d5118158"
"textures\ui_c_bottombar_b_shennong.tga","8388652","6d4674d63de1bea4e9d22a320e0929a0325eb7a71abe5a65045fb8609c6d8501"
"textures\ui_c_bottombar_c.tga","2097196","3a56a457655142f5f8735c1e64910a74037ee341491a613e5ea46e1ef7ff1e8d"
"textures\ui_c_bottombar_c_fuxi.tga","8388652","b4323634c620538bff90035d71341b04ee09bd65c7bfb3d937e1fcca2ba23e2e"
"textures\ui_c_bottombar_c_nuwa.tga","8388652","6c93b9fdf223cf2889267ca05aabb17de7d92594f6591b6e6882a5300441d8ad"
"textures\ui_c_bottombar_c_shennong.tga","8388652","8d8aebccd2efe9a0a6d6431c6e2bc697d51728cae565cf4d5d2c963e6cabe26f"
"textures\ui_c_bottombar_d.tga","2097196","fba55f47d59577fcf0901c2c350753e1d1ff5f85d918e83d3fa1155038235469"
"textures\ui_c_bottombar_d_fuxi.tga","10485804","df00fa738072bf0cfecf48f0dc621f209fabec8e792c464944cce51567e597cd"
"textures\ui_c_bottombar_d_nuwa.tga","10485804","c88ce945909ed97600c2c57b979d001cd47353196d9ab97a42e9d50fcd3522c6"
"textures\ui_c_bottombar_d_shennong.tga","10485804","257675dafcc11965fe2a5fe47b377aa82ed829d57da5cb09046f6dc4cec2137b"
"textures\ui_c_bottomcap_a.tga","524332","513acbb32e1f93d43131fd049335ed28034a6f13cddad088337601008f8055dd"
"textures\ui_c_bottomcap_a_fuxi.tga","4194348","af1c07944b60d7fcaf2a353010d9cab0faaa13bac5cf692d3f36b56ad78c167a"
"textures\ui_c_bottomcap_a_nuwa.tga","4194348","6495ad3624e900a842903a890408802763380e91b7597384e8ceab2ea62bfb44"
"textures\ui_c_bottomcap_a_shennong.tga","4194348","447c22dc1184764897d73bbce0913d68d70833ad632ba55ad00623e68feeb420"
"textures\ui_c_bottomcap_b.tga","524332","584afb1fc171375d22c672f8c2f9fa17b37d8f8fe683b4bdc02f9debe672b6c7"
"textures\ui_c_bottomcap_b_fuxi.tga","2097196","a9b043f31aa1cf2afaef4ee26747740ee146e9e141d00cae4e7c85c64b89f2d0"
"textures\ui_c_bottomcap_b_nuwa.tga","2097196","69aecec5e98a0fb11af745c59bae54081feb633650d8fbe49f9ef7fef6304026"
"textures\ui_c_bottomcap_b_shennong.tga","2097196","2d6593a91887679a01c5d2401be0d632955985f3ee4dfc521f4f6113c9cc8da3"
"textures\ui_c_bottomcap_c.tga","524332","14786477093e5f8804fecc000a1864ad4fac688740d8baae8e5020e979599a98"
"textures\ui_c_bottomcap_c_fuxi.tga","2097196","c1ce0a426c071d9f248de52062757ef33f5ab728c603864b14b94e17569bd163"
"textures\ui_c_bottomcap_c_nuwa.tga","2097196","c00b3bc5d792ec41eb12f7dc2869014e04d80c0ca70d868e724c24f46d9f04c8"
"textures\ui_c_bottomcap_c_shennong.tga","2097196","294aa034f35ccdd6e9955d2a873421198d47b74303681d7889dd7f1a825059c9"
"textures\ui_c_bottomcap_d.tga","524332","f168b2b8b1a2deff16575a7d48ad261c1319aee2c01afe5a70e3fc6a69caf2db"
"textures\ui_c_bottomcap_d_fuxi.tga","4194348","44cf6498377ce6f6f98c37af626fe3d91d103dfa23a051af4016c0a8f00b18d4"
"textures\ui_c_bottomcap_d_nuwa.tga","4194348","da50d126fac9a09ce3b6dd44081c9790ea48818f39f74cd1682016397e88b862"
"textures\ui_c_bottomcap_d_shennong.tga","4194348","072e4ee287c377c0f57125adb79ee9d61ce7f222fcd88f436f56a44d41d74bac"
"textures\ui_c_bottomcap_head1.tga","524332","a3c1818c34c54978fb7e7d9745edc04d03cbbe4aabb84492d88c636bc2c6f6f0"
"textures\ui_c_bottomcap_head1_fuxi.tga","2097196","ba4b98277469aa9bbfe971650c5d4b65df89fdf714dd24b30135ba491719759d"
"textures\ui_c_bottomcap_head1_nuwa.tga","2097196","72ac69926224d192f3d49628ded6a4d9ae33365efb46e2a1787336d18ea8eac2"
"textures\ui_c_bottomcap_head1_shennong.tga","2097196","e2b59c7fa03062cd5601ddfd47c27c638d32c168219f596aed10542ac65b744a"
"textures\ui_c_bottomcap_head2.tga","524332","54ce59b924ea9f32ec72ceacaa2b3bbfd05bbd9772d751fe2f635653b2043165"
"textures\ui_c_bottomcap_head2_fuxi.tga","2097196","e699b10b745a7d19913037f3c95f7c81c9eaaa75f4b2a2470e2aac3c98feb3a3"
"textures\ui_c_bottomcap_head2_nuwa.tga","2097196","843bb5f413b18f3d3bf0caf71e5c9714c49d4da85a12001daf895758c79e7202"
"textures\ui_c_bottomcap_head2_shennong.tga","2097196","43a6f466ffe0252a08b07a5c8c09439e677cde8bd2e5d2870599e5b04d3d87a0"
"textures\ui_c_menu_.tga","4194348","88e428f3217ac71f1c740b76eec942b140da141bed31a83855cb8413531a315b"
"textures\ui_c_title_.tga","4194348","871bd0d253eb49ad7acacecb2dc5ab9363af52580544f6e1c0767cbef4c75610"
"textures\ui_c_title_titan.tga","524332","d03069f128bdecbbc8c8747744026e295f9f08553f1f039f89b8875c5764033d"
"textures\ui_c_top_bar_.tga","1048620","7c238638f67a1f9113468c9cd07fc669a38f91e8bfd0a1eb3fc7c490bc9f93f8"
"textures\ui_e_bottombar_a.tga","2097196","6f60608154ae25cfa38741a43726ed7c954006c6ec037ddd021f91dd5e097698"
"textures\ui_e_bottombar_a_isis.tga","10485804","564a730fa26102528db41216da51c63a4ed7793e97c17c0424d0ed5a5bc64f03"
"textures\ui_e_bottombar_a_ra.tga","10485804","fb61b5f6cc7f0c1da87e1944ffbdd9851bdd8e049f76e296c72bf74080401f27"
"textures\ui_e_bottombar_a_set.tga","10485804","b824e82b15933353f9f107214ca8772427ad8e2782caa600b327961820c656ef"
"textures\ui_e_bottombar_a2.tga","2097196","bf7d954bfcfbf944cbc26b3ff72cbd5d56c855f7b4146f8831c91344d947edaf"
"textures\ui_e_bottombar_b isis.tga","2097196","5d9eacbc717244c57bfc6cbd6059641be7ed61465262254ba319799eca0b2e5f"
"textures\ui_e_bottombar_b ra.tga","2097196","ee2735e952db6409dd2420fc18fd739c6cedfd09264759bf9b1fe2d72086c697"
"textures\ui_e_bottombar_b set.tga","2097196","92e76a55653af3699495383d50a5d474c91210aee573702019aea66793e12f7f"
"textures\ui_e_bottombar_b.tga","2097196","58464d4a8df31c7ac784545891f5395c29d0e29cb136fe74eab99103696a9284"
"textures\ui_e_bottombar_b_isis.tga","8388652","14ca9e3dcdf541fa4d006fd0ba2b7e59a66f58801b5ba15dc9a906bdf7230efa"
"textures\ui_e_bottombar_b_ra.tga","8388652","87fd29f5768c568b241221aac000754f1d2741d92cb110229786c56426a0cb11"
"textures\ui_e_bottombar_b_set.tga","8388652","79cede3213b8d1eaf4311b689752560423950281001d140359fa586a377da2e8"
"textures\ui_e_bottombar_c isis.tga","2097196","73ce4817807a0ef992093572aad8d8a8f3d3d1389faa0e07b2a21c715d8e0344"
"textures\ui_e_bottombar_c ra.tga","2097196","f53b7f248ef548c8e732b4c9385e6624f36fb34425148dd678a85d6546bc1057"
"textures\ui_e_bottombar_c set.tga","2097196","4ebaf2c06840728b2340647a251e6a70aac12ea2fb9d55aa47c7d934ae5d53c4"
"textures\ui_e_bottombar_c.tga","2097196","3bdae7c3a53212f9007ae1bbcd97afda3c064e4c1afe247e9a5bb27395e90ff6"
"textures\ui_e_bottombar_c_isis.tga","8388652","49bfbdc4fd0c7f8fd0181e9e4e151d839b63722bdd1425c936d634e20c6c2987"
"textures\ui_e_bottombar_c_ra.tga","8388652","51951e0425a9c7cdcb2c855388b4ff08134861faec098e6b288b8f3926c03eb9"
"textures\ui_e_bottombar_c_set.tga","8388652","24165b5b463988c14499eb9354180889604ccd7032bb6f6fdffb115c126669c7"
"textures\ui_e_bottombar_d.tga","2097196","46f4e34452963fef49c141fd99cd39a6c74ad1d516ff61461b39a7b1ffcc02c2"
"textures\ui_e_bottombar_d_isis.tga","10485804","b257d6288759446b6afed285dca4cb819d6da681afa4ebea076d858447765a3d"
"textures\ui_e_bottombar_d_ra.tga","10485804","acb9f55b20bd99fcb5730d73a5896cb752edb82d7730bdb7399a78dfc2f7cf99"
"textures\ui_e_bottombar_d_set.tga","10485804","6d6d522d9c69ac4e5fab9436dad33c030682c06f47f36c802dbf9aa7f65fe1bb"
"textures\ui_e_bottomcap_a.tga","524332","e53b19cf5931a7bfc6b1fe1ed7a85332aafaa160d030ea9c6f820283d8ea6581"
"textures\ui_e_bottomcap_a_isis.tga","4194348","3d3bc0644021e98ad12db069154bfffa5befabe073e0f59fb0e4ffd6b079e2a6"
"textures\ui_e_bottomcap_a_ra.tga","4194348","7d1d662e267b8565bbe830f2ebbb50ab487146377b2dc246a6c2bd606d96d299"
"textures\ui_e_bottomcap_a_set.tga","4194348","b3db550934d9366cbc817a9c06a58426671d2337854f474a3a4d36b49115da54"
"textures\ui_e_bottomcap_b.tga","524332","88ad1f891b713c46f8db39a8a8f180a42cc866678cb082e29cd167ed7c76de9f"
"textures\ui_e_bottomcap_b_isis.tga","2097196","930f52dff4147aa9dbae7046ccc81dffcdb104d3be7a352f0e6747bf5c8a1c8d"
"textures\ui_e_bottomcap_b_ra.tga","2097196","3e38dfa2f7253fa428b530ca157c7a484afd578a70d4145547ac9242c3ec3ae8"
"textures\ui_e_bottomcap_b_set.tga","2097196","eb3cad4cac733e6c2f783b3c9f4e8763ff66a01bf721f342271a52f032f667d3"
"textures\ui_e_bottomcap_c.tga","524332","7fcf46ff07c1fbe9c52a03a82db856a12f2607b28f7fa5c9d0889cbb4a4fb0ba"
"textures\ui_e_bottomcap_c_isis.tga","2097196","f1a2213e3d1b68fdc30bb0c194a86d40b768b8d35568e54491b7875b5f47b3b3"
"textures\ui_e_bottomcap_c_ra.tga","2097196","bcb5065a5ea5cc2b19413f4c6e65e7d2ba2ba700f8dcfb587b442c3c202900e6"
"textures\ui_e_bottomcap_c_set.tga","2097196","3e5258bfef13c8549b0ec6bf62f3b133977cb820f3762962277b598f995a5ed1"
"textures\ui_e_bottomcap_d.tga","524332","1c2adc1e74e3712c6b827bd794dc9b52f0672e535dc092631ca58df1a0019d29"
"textures\ui_e_bottomcap_d_isis.tga","4194348","ea16ad88d1a95d3ca3b46493470b2a0b0de61c30df4c20e56922e23ea59038f9"
"textures\ui_e_bottomcap_d_ra.tga","4194348","1831c583a7f8d2f677c6a6d8d73610f724fac5f970663c0dc2ad73ed9cb87925"
"textures\ui_e_bottomcap_d_set.tga","4194348","d5bfcd7707f36891691ce659fe82865d5d657716ccdf721a4754a817ff68f9d7"
"textures\ui_e_bottomcap_head1.tga","524332","53dc240e6fce5b7dd4f7c3b302b6d3ca58db074038d7f34ce839680d1e6203dc"
"textures\ui_e_bottomcap_head1_isis.tga","2097196","b696c9c41801db5b8ac6c5e246a163e998c4f16517f5e8085fa6a1c990b158b5"
"textures\ui_e_bottomcap_head1_ra.tga","2097196","dcdbe7125dd004e377b9a0b1661653e2dd1e1ce8798ebe61e03895f40084b79a"
"textures\ui_e_bottomcap_head1_set.tga","2097196","a185c52741645160df8a9dc0eae669c58041bef1a256bf97aa5b3a5e4c477b68"
"textures\ui_e_bottomcap_head2.tga","524332","3697af26194b54e7490f86c3ece6865554b253f800928fc10a26275119e06675"
"textures\ui_e_bottomcap_head2_isis.tga","2097196","d4bad2577471aa1fc024dd922221aba69a39b9394f6f2231479df5edf26d6e8e"
"textures\ui_e_bottomcap_head2_ra.tga","2097196","6870dec73e065ef03af4047dddeceebabbe9c5b1f20eb3e95716ae464ace19ac"
"textures\ui_e_bottomcap_head2_set.tga","2097196","c23de69731ffd4f24834a342a922e7cdf257e6a58709268b80fdc0a049da730f"
"textures\ui_e_menu.tga","131116","1e4542bb656456bd22f38a8ce839b72446b8514eb5a1472ba9ea5e6fe01ceb28"
"textures\ui_e_menu_isis.tga","4194348","ae1d396887dcb7945bca62b97f433c5141d303383cb35f65dba19250d60845b7"
"textures\ui_e_menu_ra.tga","4194348","d608e5239ad45b2a4f772b42e48303d2f18767a707956ef8707a9c13e2000cf4"
"textures\ui_e_menu_set.tga","4194348","c397a0633a9d70e49e85c681ea9a7bb34b99453cbc76ef0cc88b5cf4f345ff33"
"textures\ui_e_menuicon.tga","65580","a056662fcaf16f2f3de26121cd72906b39fedbdf9ce124c6463bafa2c9e885d8"
"textures\ui_e_title.tga","1048620","9478c5598806fbf93b0a06ebdca8eb85d5572f3c6c05cc3f25ea3e3335435202"
"textures\ui_e_title_isis.tga","4194348","b86049173162cb74ca34f40a6ff093e38b7ba145593e969f1bdaf5ac09876398"
"textures\ui_e_title_ra.tga","4194348","b86049173162cb74ca34f40a6ff093e38b7ba145593e969f1bdaf5ac09876398"
"textures\ui_e_title_set.tga","4194348","b86049173162cb74ca34f40a6ff093e38b7ba145593e969f1bdaf5ac09876398"
"textures\ui_e_top_bar.tga","262188","73718e3f1e4d688a3a9e1a0d293a4ae504b1c63410fd0fcbc902dc8011d40cf9"
"textures\ui_e_top_bar_isis.tga","1048620","9cf6e329d3403f0316e7d118b2b796a76b824e183baf372751280913208a42b7"
"textures\ui_e_top_bar_ra.tga","1048620","9cf6e329d3403f0316e7d118b2b796a76b824e183baf372751280913208a42b7"
"textures\ui_e_top_bar_set.tga","1048620","9cf6e329d3403f0316e7d118b2b796a76b824e183baf372751280913208a42b7"
"textures\ui_g_bottombar_a.tga","2097196","f586cda87bd79fdb74f9ef6f325d9baace716d4fb67843b724218dc5e4952e61"
"textures\ui_g_bottombar_a_hades.tga","10485804","3d5e09ce8272ee596503135cda1e5beba5ba06eae03f19241ec44789d2cabd76"
"textures\ui_g_bottombar_a_poseidon.tga","10485804","2055dc944441db450b16b2a3cdcc977ea00ad03de3802c84bb7f5a98257f20db"
"textures\ui_g_bottombar_a_zeus.tga","10485804","47b67727979cbbdc4eaa60dafcca8b336cb982fa91411c3178651881adec3050"
"textures\ui_g_bottombar_a2.tga","2097196","1ef9196f6769878eda67530e6b223050cfdd336f0c4089e4f947a4fd571fb493"
"textures\ui_g_bottombar_a3.tga","2097196","0501ddb65002283c3212922b0e8e3d447459461ada130b1351b9a4d3421ee9de"
"textures\ui_g_bottombar_b hades.tga","2097196","0b43e992f5c0daddadf5e85cfa6fb7d6bd5da00b0200b57960ba2e400cbd1a9b"
"textures\ui_g_bottombar_b poseidon.tga","2097196","0732f8abb3093b7e2af6562255c35a19dbeabcd033ad407326aaaa9c8824b92a"
"textures\ui_g_bottombar_b zeus.tga","2097196","8398ae35602e39d8ed3cb8d7a76049b04306f34e7e01113d591cb489cd3de3bc"
"textures\ui_g_bottombar_b.tga","2097196","c228066e7b9c459fd221bcfeb8a60b8bcb570dc575b3a28e88a22fcc07b28ebe"
"textures\ui_g_bottombar_b_hades.tga","8388652","3e04367e6e50635af3d4b2f27a4ac464c2b90f3e2bc949c7d97ca42803ebe16b"
"textures\ui_g_bottombar_b_poseidon.tga","8388652","0ab38adb8b6381cd995126d1fb717a6a242217a57222154d735f62d9f3701e82"
"textures\ui_g_bottombar_b_zeus.tga","8388652","48c8088a5ddd6d7bff1da55c3399a026eaa46a959e460f640c21a327d0ae265b"
"textures\ui_g_bottombar_c hades.tga","2097196","6975e957caba3b88a56f861a3b1c6d363ca29daa6c6219fc527a72b6fafcb410"
"textures\ui_g_bottombar_c poseidon.tga","2097196","a504ff78f999dbb38bfd44424e019743d7a514563df63acb39507c2c368ea979"
"textures\ui_g_bottombar_c zeus.tga","2097196","d3cd94a6059c4ce7c3e8f46f86acdb60c8f14840cbb2cf9561b042012583141e"
"textures\ui_g_bottombar_c.tga","2097196","5813d967512c5f100400dec54dec209a9015cebed892f8fd5927b12ad921b117"
"textures\ui_g_bottombar_c_hades.tga","8388652","66c08da2dc5c4d1ba471e692ef6f9669a834df26f73e1453c550192e5b56386a"
"textures\ui_g_bottombar_c_poseidon.tga","8388652","d462d8c42daeaef7de9a3900c95a72a0b3e4cfc9b1e8705b0ef820ffcd0a50f4"
"textures\ui_g_bottombar_c_zeus.tga","8388652","70d95e4a9dbb15fd6f64838f63e818466f1000b6823ccc59207642e95341bfcf"
"textures\ui_g_bottombar_d.tga","2097196","9916930b1636b17ea91c590c0cbcca74b51c01bc6518632dac873882590a5eaa"
"textures\ui_g_bottombar_d_hades.tga","10485804","eebb372072e339430e5e499955476e0dabef36c825d0663361d320ad87180a91"
"textures\ui_g_bottombar_d_poseidon.tga","10485804","8f57ccc371700ad6ef4bc461cd1ac43e780ceb417ed108f42f8aad3eb772f0fd"
"textures\ui_g_bottombar_d_zeus.tga","10485804","6143fa1a2ef3fdc11d75f13071095ef394ae332421f101a1d5beacd327fd4652"
"textures\ui_g_bottomcap_a.tga","524332","596f4042d81fc7dd3b8e177effb3275453b4ac1350d3d305321bd728685a5d4e"
"textures\ui_g_bottomcap_a_hades.tga","4194348","e7720bbf5970c8dd4543222c985d6e5993a6e56a0e557db047570c812eedcc07"
"textures\ui_g_bottomcap_a_poseidon.tga","4194348","bcc7de4ec4de38f6d1d1f9ff8aae875ced0797c8a8f5181d833318a38136c6a9"
"textures\ui_g_bottomcap_a_zeus.tga","4194348","e93f0682c4ca21f8a65b88bc5d8046ef6b34f21ff597d3c09f35a516dc74e414"
"textures\ui_g_bottomcap_b.tga","524332","855e5572484381b5e84233df6c03855b4cbab0cc858e1891cd4ccdb218866524"
"textures\ui_g_bottomcap_b_hades.tga","2097196","8344746fbb2ab9de0b08440f20c2e1a2832210300e4dc290f255668445200aab"
"textures\ui_g_bottomcap_b_poseidon.tga","2097196","6022633a9098e4da7d38eb0264b105faf65fc7f208c1694739bf292f42521e2b"
"textures\ui_g_bottomcap_b_zeus.tga","2097196","61b073fe7153b6bfe55e1f61950526fa007990df1d958ed6b07476a472dfe3a1"
"textures\ui_g_bottomcap_c.tga","524332","32e091c89e98dbbc9b85e692e8b9a691ad55e07991fc526ad01ff605347be881"
"textures\ui_g_bottomcap_c_hades.tga","2097196","a2d37aec301b457607e78e6b216ae37ae412423e57c627ff17e025de72312188"
"textures\ui_g_bottomcap_c_poseidon.tga","2097196","b672b86b6c47a11edcada56ee1a4e5739500c8e7aabfa90084676e2e42cd9a38"
"textures\ui_g_bottomcap_c_zeus.tga","2097196","19e0244763f62fccb5d24b9c21226143fc18ce8960415ebb51c56a8369a87757"
"textures\ui_g_bottomcap_d.tga","524332","ea25ac6b5fbf14d235589ca78a0fba538eb9d389fc78d519a3e5f7e602c3beb0"
"textures\ui_g_bottomcap_d_hades.tga","4194348","6b36b3ef49484baedb7f8b24f11bf01e62c985b88af13d095ffdcfe24869d6e8"
"textures\ui_g_bottomcap_d_poseidon.tga","4194348","5ac014b07e4d4548d1c0aa14d957ab3365cf7b82c7d2035c7584482f83a98df6"
"textures\ui_g_bottomcap_d_zeus.tga","4194348","61b0d8c40fc9cf0cb4a303539cc1df6ed743ff4a040e029bec1101577d8eff88"
"textures\ui_g_bottomcap_head1.tga","524332","98b27fe3721136ba01abdc6e0bb36280762095aeeec8eff036a49a3bdd884129"
"textures\ui_g_bottomcap_head1_hades.tga","2097196","f80e1c77896850ce606af3b91651eca3c4efc5d46eee867bde6305961a776701"
"textures\ui_g_bottomcap_head1_poseidon.tga","2097196","1b84375e11f5455f6e554e48cef90c2763744a3c751261d42f31d3f7794239c1"
"textures\ui_g_bottomcap_head1_zeus.tga","2097196","cf8e9cddd86e72b2efb84abbfcafd594f8cbd915725a6cef1fbb0a0cc9ffe842"
"textures\ui_g_bottomcap_head2.tga","524332","83ff344e5ae3c91448eeebfe8e29bfa75bae55dd4862df63ad94484ee094fb95"
"textures\ui_g_bottomcap_head2_hades.tga","2097196","eabb812dd24a64f19fcadcca110863d0ee6e4ecdcf43e340f3dbd53c77532b0a"
"textures\ui_g_bottomcap_head2_poseidon.tga","2097196","ec4128c0106e627a1af4c2e6b2aa2cb901fcc4a358414cbd119b517982569729"
"textures\ui_g_bottomcap_head2_zeus.tga","2097196","7670e47fb0d652fa7baf4a9a219b696babc0e8030845233eb5483ba6d18d4d88"
"textures\ui_g_menu.tga","131116","7c445982b58a34b4e5e9f97734578d817485ad6f21d0aacf069543df0e5702c9"
"textures\ui_g_menu_hades.tga","4194348","cba0105fb365f2342677edb26e4cf9b6e9c6f34f7ff3459a0306e0546b27fb7d"
"textures\ui_g_menu_poseidon.tga","4194348","4efd10b2f56bed4633709800e4b3715d149c6b2cebbf39935b97d9c57dd93050"
"textures\ui_g_menu_zeus.tga","4194348","05c1e13e37e1d3ca3cc22aa11853dd824fc582de8438c34b471f679f4e0331a1"
"textures\ui_g_title.tga","1048620","ce7589bafaa8b73181de51c4b53192e2786ff5c5c93783d8bc5a7f8091bb889a"
"textures\ui_g_title_hades.tga","4194348","4e13e3f10518b6bcd135c4020ac613faaa50e5ed772c6e02eb0fe860b0875e86"
"textures\ui_g_title_poseidon.tga","4194348","4e13e3f10518b6bcd135c4020ac613faaa50e5ed772c6e02eb0fe860b0875e86"
"textures\ui_g_title_zeus.tga","4194348","4e13e3f10518b6bcd135c4020ac613faaa50e5ed772c6e02eb0fe860b0875e86"
"textures\ui_g_top_bar.tga","262188","b6f85e196865751c311febf4dd30dab49d23f0c388f06ce133577a706dda2ee6"
"textures\ui_g_top_bar_hades.tga","1048620","ae925af1b35ac609b45788195cf3577ef29276fdfa5939ff6c6b481e0c09d6bd"
"textures\ui_g_top_bar_poseidon.tga","1048620","ae925af1b35ac609b45788195cf3577ef29276fdfa5939ff6c6b481e0c09d6bd"
"textures\ui_g_top_bar_zeus.tga","1048620","ae925af1b35ac609b45788195cf3577ef29276fdfa5939ff6c6b481e0c09d6bd"
"textures\ui_generic_background.tga","1048620","627830c1b8ce293da1ddf2e9b56d236dacfc0756384f55beb0f53a379beccadd"
"textures\ui_generic_button.tga","1048620","d797baae3f26231c3f83fb742a68efb3c7fc88c3997e30e09ea0992cb3595dad"
"textures\ui_generic_dark_background.tga","262188","f17f02c7addf84cd9147c7412d71e2ad329bdef8f01dcc14064662762c345048"
"textures\ui_generic_dialog_box.tga","1048620","627830c1b8ce293da1ddf2e9b56d236dacfc0756384f55beb0f53a379beccadd"
"textures\ui_generic_ingame_dark_tile.tga","262188","f17f02c7addf84cd9147c7412d71e2ad329bdef8f01dcc14064662762c345048"
"textures\ui_generic_ingame_tile.tga","262188","2a05b611e8b25cf1448b5d15e980399262239cd511efb46edbe9658bbbab6eaf"
"textures\ui_generic_multiplayer_background.tga","1048620","d6cf06a9fb7458cf62ac7981771a7b9a67f66afd8abc2ff70353b3322c743a33"
"textures\ui_generic_pregame_background.tga","1048620","d6cf06a9fb7458cf62ac7981771a7b9a67f66afd8abc2ff70353b3322c743a33"
"textures\ui_iconbevel.tga","65580","af0d13a7681ff0148db3c58d7b6ac157e273606bb86bcdb952b8e09f59f703ad"
"textures\ui_iconbevel_glow.tga","65580","32d659f2c42202f5aeb52df94e2b531ae9819d62d171fd7c432703e3076495f6"
"textures\ui_iconbevel_shadow.tga","262188","508f980152d170cf67f82ceb3e8de339f49aee93d4b1baab657e405f0d8f77b4"
"textures\ui_iconshadow.tga","65580","40cbbfe8847027b4f4554fe05821be14d346250ee3d75d9e1943b95bd76671e2"
"textures\ui_n_bottombar_a.tga","2097196","8db37152713d2ebb144d887fc039c2b39baf7883030f5e927cb047926da94bde"
"textures\ui_n_bottombar_a_loki.tga","10485804","1c408ed4d28b060b8a267e10fb603927e26315113943466d87d2a71afff6c96e"
"textures\ui_n_bottombar_a_odin.tga","10485804","718c497967d9046728ff22985b76705eda0315ec94531d6dee48b21fda161be3"
"textures\ui_n_bottombar_a_thor.tga","10485804","c8b1ce05f3f71991e3245a9cdd9726b7f5c7aed7d78de3e8a6318b80a1b8c0b0"
"textures\ui_n_bottombar_b loki.tga","2097196","3fbc6d6f34634aa4cf12a83ca304b9f99a70abcb283d66f1fed753a45895c00b"
"textures\ui_n_bottombar_b odin.tga","2097196","ec2bca99665ef57f198c54a2b7594eacfd8e9b7c9c2445c91da1904e62096fb3"
"textures\ui_n_bottombar_b thor.tga","2097196","cd555912f7a8665f4621722ecadc8b9fb2db0927eec124e3ccf2a87bc1adc08c"
"textures\ui_n_bottombar_b.tga","2097196","feee95830462ac3562ca2b5169cee9355ffd679c00aa3286e9d42acfd1d2c8c5"
"textures\ui_n_bottombar_b_loki.tga","8388652","295d05077ed7e48f0cd5671e0fb0660bb462f02105b6af630baf11d459d36446"
"textures\ui_n_bottombar_b_odin.tga","8388652","c5249946508afc7493e191a71251a6ad651a06e3df6d4c69f393844702a63fe1"
"textures\ui_n_bottombar_b_thor.tga","8388652","55f2888b0e60856b8578f208878aec3d1a4301e43ae8cc52ba8d7f701bb37615"
"textures\ui_n_bottombar_c loki.tga","2097196","f7bd731a4f5d640890d7bed4b8fb1c463644ccec22bd84bc71b74392b86d1a9f"
"textures\ui_n_bottombar_c odin.tga","2097196","028416883b90471bc59327e6f92d1fbcb43e976efce894ec1d01766207090754"
"textures\ui_n_bottombar_c thor.tga","2097196","94419809ec8d9eaac4c236892b80eef7cbb26c9ae79ccb94c93545d7b2e2525f"
"textures\ui_n_bottombar_c.tga","2097196","12f71424ef0a12c58f846e4033115c0d95089096a0e40db0c067bf644fa98f81"
"textures\ui_n_bottombar_c_loki.tga","8388652","af6f40f02884abee92c5eb05ceeb9e1ad0f6361d4e09589d698a1a431881eb8a"
"textures\ui_n_bottombar_c_odin.tga","8388652","d3086d43a43572aaed931689eca67e4c1b30864fef1b227f38e0cbe43c84815c"
"textures\ui_n_bottombar_c_thor.tga","8388652","d694f4117036e7e4fa81434277aa7b21482d1f468ca6c1a3b1c10fb5695cf99f"
"textures\ui_n_bottombar_d.tga","2097196","e679abbac0ffe2d136de9ff9854b49c9bf49aeb3adb04baeb3903fc6821f9393"
"textures\ui_n_bottombar_d_loki.tga","10485804","f4e82ac64e2278ca80fc87e98c790817a6466b10795a25216525d49929e33952"
"textures\ui_n_bottombar_d_odin.tga","10485804","30289aa842a93501d5f61a8eeeab4f5ad8869c8955a9671973a14f037eca012a"
"textures\ui_n_bottombar_d_thor.tga","10485804","6f33327d56ff1ce7f305b8ebe1e3830f8814a73eb25caf37ee111118d3e6f58b"
"textures\ui_n_bottomcap_a.tga","524332","0b2bd093a8b1196b67272762cfd67a2e6cad8a02289845e0f5ca1d050fd6ec19"
"textures\ui_n_bottomcap_a_loki.tga","4194348","22be6f5f9afc7f412bc2137cb032c68e13d094c542fa0ac5b8f9f90296ab649a"
"textures\ui_n_bottomcap_a_odin.tga","4194348","84bbfee80bc90b96c83a6e04ceae2610d7edcd906e604ab4ce78d81b4ade7286"
"textures\ui_n_bottomcap_a_thor.tga","4194348","7a2328c8a5a89c2dfcad93ba973b299e75ffedcc831047a5aab70021e16a6422"
"textures\ui_n_bottomcap_b.tga","524332","88de7977e53102717b4b8d693733d5bffb6dc032d68b640f6672c77c33cfdb92"
"textures\ui_n_bottomcap_b_loki.tga","2097196","1a2d1e9207b3a2601833f316be6a79fce8d2c7acbdc4d34cb274dafc605a3873"
"textures\ui_n_bottomcap_b_odin.tga","2097196","e4ce50650ba95754fc41d76544412b6e65062bf6b17be7ac629673c49125f57a"
"textures\ui_n_bottomcap_b_thor.tga","2097196","b7fc30754f6f03619808c68ea2e29dfa9343685459977124bd7fb1e68c7f0feb"
"textures\ui_n_bottomcap_c.tga","524332","759152079e28cf95a2f86a854b9d9bd96d63ec4c6933f2c3b4b46515ec09e2dc"
"textures\ui_n_bottomcap_c_loki.tga","2097196","9315ef1b43278bca65b82426cd4dc6513431090df2072bace17645f5047d5d22"
"textures\ui_n_bottomcap_c_odin.tga","2097196","223c5289e1673ebeec0734778431c608e1af33ebb7b99c8e48e04e1ac17054c5"
"textures\ui_n_bottomcap_c_thor.tga","2097196","30fd16852cbda0c4b55995c347d2e6ae461317dc1cf4dc2881eec6164cb3121c"
"textures\ui_n_bottomcap_d.tga","524332","8c9a2a373fe6e72eac831d4721cfd4fdcfc7a7135124c70a464a6daedbbfa4b8"
"textures\ui_n_bottomcap_d_loki.tga","4194348","80230abe5ce592350b038955d12be3f0ec3d7013ff8d39f17c18639cb84e6140"
"textures\ui_n_bottomcap_d_odin.tga","4194348","eada5544d006daebbd403da92346959fb8b65c19db98f84c55f9e677490353c2"
"textures\ui_n_bottomcap_d_thor.tga","4194348","391463b8d684d85ec4304f3e04b984f1ed9e4de179243d3e165f914423246358"
"textures\ui_n_bottomcap_head1.tga","524332","0ac74c0339920ef282e9976dbc9f7870860953cfe0b5c8a3648a8ef5c4b1e185"
"textures\ui_n_bottomcap_head1_loki.tga","2097196","f82bf3c090ce5ef4af670c16e225e0abb77ffed34273f5adc22c6bb22fd77a34"
"textures\ui_n_bottomcap_head1_odin.tga","2097196","0abd6413e1daa5952b7ed39d10014904ffa227f90e959d3bb82ad72b26da70ff"
"textures\ui_n_bottomcap_head1_thor.tga","2097196","66ad7377f07d167c69ca6b3990dcc5039c4cca6466890876c486f969d05dfee0"
"textures\ui_n_bottomcap_head2.tga","524332","aa60bf2c7c988d01a3d152672df4c01498c45a5bc6e01cc6ce5c3fd93524da6e"
"textures\ui_n_bottomcap_head2_loki.tga","2097196","af36acb6a5d97cab51781011698a49a5f7543f3ac25b20fcd762a8d6772bca73"
"textures\ui_n_bottomcap_head2_odin.tga","2097196","19c0d37d60388466b9cf7136a1f7431cbe29dce706cb6b7eadc8c471eb444ead"
"textures\ui_n_bottomcap_head2_thor.tga","2097196","072f5fda98621bc4b14b9da29fa7cf7278a80e5025fad343a73698773846dd7b"
"textures\ui_n_menu.tga","131116","680814cd1a6da4f5d2c4526908060991e9e0b5f3f14edab27a9c7c54ac47f085"
"textures\ui_n_menu_loki.tga","4194348","a9770b260aaf56a96f4c1038bf6adf31e81657ee983c7a6d40060689adb8b82d"
"textures\ui_n_menu_odin.tga","4194348","52de8ce3134a3988ae23274513dcfe7d45a49c81fe5127e4c5e8ea6de81661c8"
"textures\ui_n_menu_thor.tga","4194348","88b35c8d065b425218bdbcea39a446d9a39aefbe8c270862a282980519a1cdf9"
"textures\ui_n_title.tga","1048620","1cf53a753f28d145c4f16941e917dfaac83e77c6257496f95473622b7b17b901"
"textures\ui_n_title_loki.tga","4194348","0076affd258f437ef47410c8103821827152d68d8a8b75e43a7f7fe3db128220"
"textures\ui_n_title_odin.tga","4194348","0076affd258f437ef47410c8103821827152d68d8a8b75e43a7f7fe3db128220"
"textures\ui_n_title_thor.tga","4194348","0076affd258f437ef47410c8103821827152d68d8a8b75e43a7f7fe3db128220"
"textures\ui_n_top_bar.tga","262188","941b73d9a59100920c7f6dce54c8b350b450b9c384311a0dbf1459ea43a42849"
"textures\ui_n_top_bar_loki.tga","1048620","2f7d3f8ae034680853f98a6b6a0ea458a2fa9053b8b502e2fa94b6043968340b"
"textures\ui_n_top_bar_odin.tga","1048620","2f7d3f8ae034680853f98a6b6a0ea458a2fa9053b8b502e2fa94b6043968340b"
"textures\ui_n_top_bar_thor.tga","1048620","2f7d3f8ae034680853f98a6b6a0ea458a2fa9053b8b502e2fa94b6043968340b"
"textures\ui_popup.tga","1048620","627830c1b8ce293da1ddf2e9b56d236dacfc0756384f55beb0f53a379beccadd"
"textures\ui_statcolorbar.tga","8236","33216752204d1a023f2e5fc8c338c60359d2b94f68a4c929cc3f89eca3c94313"
"textures\ui_statcolorsword.tga","8236","d0fcb18fb42a3cb6b6c75c92f8980ad0bd58178f8d4c0f1a7063eb81fceba8c7"
"textures\ui_statgraybar.tga","8236","459e173de92c39b879e5cff2199303ca1ad60e5a44acb38844b923e814059a09"
"textures\ui_statgraysword.tga","8236","90fbf2ac5272faeecb872a2d9e348a168f79e314d6d92f7bcba6b251b622551d"
"textures\ui_top_shadow.tga","65580","8f183ea69757bb9779f6fcdce2646c86afb0491af61fc0ff3416a911ad3cece7"
"textures\ui_x_bottombar_a.tga","2097196","38ac4a88cc25c68dab8c9ccb574e4941ba3dcef1ce782f2d4d827a98a6d8c38a"
"textures\ui_x_bottombar_a_gaia.tga","10485804","ae1507aa09e338a60e4de64da0f0f8e839f5a1b0db1aaf9eb4c955532bbce197"
"textures\ui_x_bottombar_a_kronos.tga","10485804","f219384b396a6f3c152ee2bcf27004f55564c75af812b65628cf8f30aaff9a8a"
"textures\ui_x_bottombar_a_oranos.tga","10485804","acc56a4d526543ac351d0bf96e432def60d77fe81ac318af63b5db0a32955724"
"textures\ui_x_bottombar_b.tga","2097196","62aab090b559b0ac7ed66ac87f28169b6e533f9b8417b8f365676d7a8931cac4"
"textures\ui_x_bottombar_b_gaia.tga","8388652","324f62fdc94d4e7383d4f67fded5829b77ba05aee81c16de9f27b139864a7925"
"textures\ui_x_bottombar_b_kronos.tga","8388652","3c92c6aa6ce6949b8fbb5c8f72db996cae767ee4ba138807ffcca16362cd2065"
"textures\ui_x_bottombar_b_oranos.tga","8388652","c1e51d7dc2e8e28b5055376fa58d1354cb47b97cc0b53cdd303747df8063ea62"
"textures\ui_x_bottombar_c.tga","2097196","4c5c85f07d2052b6ea4efcaa660556991200f451a3f108be95379d72f6a2c105"
"textures\ui_x_bottombar_c_gaia.tga","8388652","60f4c04c91097e1a49608698abf99254233176dff6ef16fc9b72e201087a39e0"
"textures\ui_x_bottombar_c_kronos.tga","8388652","dba420bf7ca209e07eef09f0750bc02b97a266d1d99ec06cb9aa29c94788aeff"
"textures\ui_x_bottombar_c_oranos.tga","8388652","88192a945d4dd3e5aba0a8dc3107eb47b7ce3fac4828cd4fc355888050db0d47"
"textures\ui_x_bottombar_d.tga","2097196","7032944106884e3434611759979d8e9cbfc6a3eb4db03d46b93030bdfa349477"
"textures\ui_x_bottombar_d_gaia.tga","10485804","b34e52157f6c0f8a4a069a38e8d8965aad2d25b2f9b51fda7adc9cec142489ef"
"textures\ui_x_bottombar_d_kronos.tga","10485804","ad28e1dd2c88e7ed3a7a485dc6997f86940e3824866e8f8c3d977ea1d15d90d7"
"textures\ui_x_bottombar_d_oranos.tga","10485804","c4f656fd0fd229eb246dbd667de8b1700b43f62592c97a5280d4d1c5cbf7eb14"
"textures\ui_x_bottomcap_a.tga","524332","e49f1496ff2a318a9265d5f5bcc252153f57a7156654fc8efbbbf040370bd429"
"textures\ui_x_bottomcap_a_gaia.tga","4194348","722b6dc7ded84cf0e18a75c0ed5395ebfe1625216d09784a1c0276868cabea63"
"textures\ui_x_bottomcap_a_kronos.tga","4194348","5e37138fa84f2db4b0ee93989584b804b190857ea47564bf529630989ce3ce75"
"textures\ui_x_bottomcap_a_oranos.tga","4194348","324d8726800e74d40c937ed60cd0bac9712cca8b8478dc3e6761093d784d0627"
"textures\ui_x_bottomcap_b.tga","524332","ee0d7e2bfd78f46a3fc8cf8fa757d57edd27863df8c78fdd608f579b7b5a19cc"
"textures\ui_x_bottomcap_b_gaia.tga","2097196","5a0f5f8d261d5884839f3ee16b7ad8040207d4f54af9c793c39b6976020942a5"
"textures\ui_x_bottomcap_b_kronos.tga","2097196","6d62853ba17793f2097e8f151e5ff7e6b44206abc82551d52c7c1c288905fa72"
"textures\ui_x_bottomcap_b_oranos.tga","2097196","32839dada0a8bf1fe38029d12c865e071af3e745cf63d6a73bc950d76d800b3b"
"textures\ui_x_bottomcap_c.tga","524332","b435c28e549935a79c86b90fcb9a759aef45a0f693075fe4ee582d85779a1392"
"textures\ui_x_bottomcap_c_gaia.tga","2097196","4f3f378865f1ae4fc41ec1e4afa8f1bc1958593d4b6c38ac48e8c78eb96837d9"
"textures\ui_x_bottomcap_c_kronos.tga","2097196","322da21dd9fbfd60e942a7986e0fd094803f92c235d479e5ef88acf258b67d51"
"textures\ui_x_bottomcap_c_oranos.tga","2097196","f9229a75077305ca7d548a798af1149ee53d9f63f2145ff11df400b462225aba"
"textures\ui_x_bottomcap_d.tga","524332","3142e1887956cd53fa5a1df5b89c94e4d0d1f2e20b57cde1e72bae9a78312929"
"textures\ui_x_bottomcap_d_gaia.tga","4194348","a49273c946d8d27e21f9fe759464f5738bba47017b5cbe2b787ccdd8ef6c4c9c"
"textures\ui_x_bottomcap_d_kronos.tga","4194348","b086fa1a366e407b8cee895433a985711b5541d0ac1e50b143a7142706f01173"
"textures\ui_x_bottomcap_d_oranos.tga","4194348","d918a7b00e77ab8883d213c40ad619d7e50ebde12d0a8282eda4f1f12871707b"
"textures\ui_x_bottomcap_head1.tga","524332","959c70f91f0a021245cd8c9da81124ed6078f4c267351892066e2974619120c4"
"textures\ui_x_bottomcap_head1_gaia.tga","2097196","f6ea258a687a71c295d3f38f4c96d9f7525a34f534d185369f35a735df815426"
"textures\ui_x_bottomcap_head1_kronos.tga","2097196","34efe55c61ce2bd8f72e793ce0d8587c678b0a6e6f06faf2f51bbea40e7ae6f7"
"textures\ui_x_bottomcap_head1_oranos.tga","2097196","7a0648f549a9934c45023a07eab7eaeaca8606eeda16d6d51e9cc7b1a6b0bb8e"
"textures\ui_x_bottomcap_head2.tga","524332","56d608c9b5f69fecdb519aa1681c8e8ac0ebaebda29154bcfd8c68d9e8b89b64"
"textures\ui_x_bottomcap_head2_gaia.tga","2097196","414f9c4d67866a3b324fd59f304a6e39617c0d9907e0f6ab10d08e4ca50acafe"
"textures\ui_x_bottomcap_head2_kronos.tga","2097196","56866c33f8dbee07ee64a585d4381ffa46b37e84acf57a024921691075c033d8"
"textures\ui_x_bottomcap_head2_oranos.tga","2097196","4392a367f7641245eb5f0ee8001245cb081723bdc3b104794e25a65a45865c8c"
"textures\ui_x_gp_indicator_off.tga","16428","79ec0f3e11ecff7e0e2df7b2094785aad8f2cab8dd1aa88f7ecca46ab334e241"
"textures\ui_x_gp_indicator_on.tga","16428","d292f186122d2346451155302f34dbf18f4b1640c95415114de9302c5f720131"
"textures\ui_x_menu_.tga","4194348","6c53f5070eafa5ee232529881de187f0a21f60b38432f21646c98bd8063dd07f"
"textures\ui_x_title_.tga","4194348","8ad724c28fc7834f6485bbe8c18987953be69535e29179bd4746345d04f02cca"
"textures\ui_x_title_titan.tga","524332","77ca19c78bcf5586cd5b80c19fb5d466a5294af4c3643ba22b760dd9812a4519"
"textures\ui_x_top_bar_.tga","1048620","057250d0324aecf50fc3df22c569e7dfd9a5c9129700b30b55700f85c8e7dd11"
"textures\uiglow.tga","262188","57a4ad04d027edaadf096ef9f17ad2edd43a375d332b47223219f63338ac741f"
"textures\uiglow2.tga","262188","48d51f832c7d01040d48847f0e87327b54131983102a94b5a5cd73b9645cb94a"
"textures\uimenu.tga","262188","90634e757d73b99967397c05669942220c432330f79539ddbc77f10f74977d14"
"textures\uimenucheck.tga","65580","62050723b8715fd034bc4a193212365dfb5c3c3f896fba12758841090391a100"
"textures\uimenuseparator.tga","262188","28e7c14014e67dbc45dff05701baa3e1ed25f518128860a5f2caea2460fd853c"
"textures\uimenuuncheck.tga","65580","c1dd5addf5a5940fc1c07cd1601c0555d4c4a2dfe3262cfb2c52c21c7c5a077b"
"textures\uimenuunderline.tga","65580","3c349df1c8efde24a13b01b1c28f4191ab9c43c554c354d5e57295424eae00bf"
"textures\vdblack.tga","262188","f6d98ddaf3e81dda279ba597387f82b1b85f993bb7429639f597482469d68176"
"textures\vdblend.tga","524332","8f77ea54acbe4e4f5a225d3093071caa86ba9191c4eabee7827d340415250d2a"
"textures\vdblendcircle.tga","65580","0108cf052239c84958d74daabec07916161d80d097a0a7c8804423e83ceef8f6"
"textures\vdblendcircle2.tga","65580","0108cf052239c84958d74daabec07916161d80d097a0a7c8804423e83ceef8f6"
"textures\vdblendcircle3.tga","65580","0108cf052239c84958d74daabec07916161d80d097a0a7c8804423e83ceef8f6"
"textures\vdblendcorner.tga","65580","753b1856ae78da7ea46e8a1f3abc535c553b64bf54dffff4f702f99c029f6420"
"textures\vdblendcorner2.tga","65580","753b1856ae78da7ea46e8a1f3abc535c553b64bf54dffff4f702f99c029f6420"
"textures\vdblendedge.tga","65580","c8f69ad7d53223085bd1e60f41153fc63c709a6fad809576c173012fd023f027"
"textures\vdblendedge2.tga","65580","c8f69ad7d53223085bd1e60f41153fc63c709a6fad809576c173012fd023f027"
"textures\vdblendedge3.tga","65580","c8f69ad7d53223085bd1e60f41153fc63c709a6fad809576c173012fd023f027"
"textures\vdblendedge4.tga","65580","c8f69ad7d53223085bd1e60f41153fc63c709a6fad809576c173012fd023f027"
"textures\vdblendedge5.tga","65580","c8f69ad7d53223085bd1e60f41153fc63c709a6fad809576c173012fd023f027"
"textures\vdblendedgecorner.tga","65580","37d803757f46f50b8703fb9309dc6234190513903335a9e7c5015e7ce14991fa"
"textures\vdblendedgetwocorners.tga","65580","4a225b8000dbd44f159de75b945a63586a95bf9c015b651ad2af64e3a4ffae68"
"textures\vdblendfourcorners.tga","65580","87f2c4802c12b56b96bfc7907b572b2be4c404b2382cafdba8b591f62bc94c27"
"textures\vdblendlshape.tga","65580","d3d00cc9a8cca8370ee02e71531ff75f683d960f9bde7800ec3be7b349429c05"
"textures\vdblendlshape2.tga","65580","d3d00cc9a8cca8370ee02e71531ff75f683d960f9bde7800ec3be7b349429c05"
"textures\vdblendlshapecorner.tga","65580","096f41898c8bbdb2e9069987f85265357b1e2a08bd442f835a1a808e09b9e7d1"
"textures\vdblendthreecorners.tga","65580","1da291ee8e432eb104ca092e726f31c5eebb4ef5fde36a99d6790664892e3f40"
"textures\vdblendtwocorners.tga","65580","26b0cc6320952b90fede3938fd5299ebb91f621a1dfc64126d788206f04b26e7"
"textures\vdblendtwoedges.tga","65580","21ff506234b4bb8d77282d3f916efa3d4562fcbc3d9e7f654ed4ce9ad9db9b73"
"textures\vdblendtwooppositecorners.tga","65580","92a9c52d73946412ac170ff46b9a0a78b0bcbcac6814f08374b81365462996a2"
"textures\vdblendushape.tga","65580","2e515d005f1cb238c9adcd9fc2702c197d649524a7f0ba36ea99a7aec9919b17"
"textures\vdjceblendcorner2.tga","65580","753b1856ae78da7ea46e8a1f3abc535c553b64bf54dffff4f702f99c029f6420"
"textures\vdjceblendedge.tga","65580","c8f69ad7d53223085bd1e60f41153fc63c709a6fad809576c173012fd023f027"
"textures\vdjceblendedge2.tga","65580","c8f69ad7d53223085bd1e60f41153fc63c709a6fad809576c173012fd023f027"
"textures\vdjceblendedge3.tga","65580","c8f69ad7d53223085bd1e60f41153fc63c709a6fad809576c173012fd023f027"
"textures\vdjceblendedge4.tga","65580","c8f69ad7d53223085bd1e60f41153fc63c709a6fad809576c173012fd023f027"
"textures\vdjceblendedge5.tga","65580","c8f69ad7d53223085bd1e60f41153fc63c709a6fad809576c173012fd023f027"
"textures\vdjceblendedgecorner.tga","65580","37d803757f46f50b8703fb9309dc6234190513903335a9e7c5015e7ce14991fa"
"textures\vdjceblendedgetwocorners.tga","65580","4a225b8000dbd44f159de75b945a63586a95bf9c015b651ad2af64e3a4ffae68"
"textures\villager a male corpse bodya.tga","65580","c1c1fb2092f3bd9eb2d1ad4a13e6ae89f1233e23e1058ad0f2b1c0c580165ae3"
"textures\villager a male corpse skeletona.tga","65580","a2d9ac9a525fa3de7b87a12371852cd3a19d3e004e54b1e84d84ec74f7e49608"
"textures\villager c female.tga","4194348","300137c82a959f1500620bc3f17a55f59f7d49239feeb205feb1dce93d9ba50f"
"textures\villager c male head.tga","65580","78ecc72f10019ef849360f8ea35c52b6810cf9efc6e56a94dd3963078117063c"
"textures\villager c male icon.tga","262188","53845f7f50035b0b2a53363f3af3ec5b5fbde4beeb7b15a78981c5676fee9a91"
"textures\villager c male standard.tga","262188","06a83fe5ac295a54cca9b0bdf61534ee0487a0c17b6d038ae67b997677cd182f"
"textures\villager e female corpse bodya.tga","65580","2d6fe731412b8d9c81e59a2f49b944e50baafe23e5edea258bea7f2f169bdacc"
"textures\villager e female corpse skeletona.tga","65580","318eafb74103992842884fb27ec17366f8aa7234733e110517e13f3d01dc93db"
"textures\villager e female head.tga","65580","cdb5c809871b3e74963ce8999ea9d0eaf4b1357065e4551572c91913982dd332"
"textures\villager e female.tga","262188","8a7250338c0c9315af0184f4157b029c23b92790f91ea074d664653e43c40aa8"
"textures\villager e male corpse bodya.tga","65580","ea3689bc21c6698a1d87459953f81636bea5b88240db26736de7412d724c56d9"
"textures\villager e male corpse skeletona.tga","65580","568d6a8f49a2fd3d2207e96011c2049db301fc71b2fdc8061d1ce079c0c7e295"
"textures\villager e male head.tga","65580","a1be8d71a6a480b23d0b56a76ee6767c5f315a52b4e8c00efc256ed62d6bc0ff"
"textures\villager e male standard.tga","262188","76deec7ac414dc3aaaf135e8d76d592d2931c9a46c18c5e79cfaf31675a8573f"
"textures\villager g atlantean male head.tga","65580","24246a0627394aa57030fba5f7aab53bfe2d4d532c904eb44e619714425e739d"
"textures\villager g atlantean male.tga","262188","d25ceb6e3c539bba4b3233141356702b9d991bbdb03c6c334659ed3b6c8f6e53"
"textures\villager g female corpse bodya.tga","65580","28a4d7cd691341bb0748ce4d6ca22968260c8dcd5c4e0dd55376675493a0a5d0"
"textures\villager g female corpse skeletona.tga","65580","548effa55a082a27b55f9ecd9a0b72e7cde5b538f1f5f443af3787af7f6760ca"
"textures\villager g female head.tga","65580","174f32656c3789ba9a807f09a924553f803815a4cad3ecbc1437d90fe697c314"
"textures\villager g female.tga","262188","887df3924880a6a83815e509d8fd7c3adb90cdba1289c6da638000c693340ba6"
"textures\villager g male corpse bodya.tga","65580","c1c1fb2092f3bd9eb2d1ad4a13e6ae89f1233e23e1058ad0f2b1c0c580165ae3"
"textures\villager g male corpse skeletona.tga","65580","a2d9ac9a525fa3de7b87a12371852cd3a19d3e004e54b1e84d84ec74f7e49608"
"textures\villager g male head.tga","65580","08734c1072ba1811e2adfe1e75c644c8c8974c831312a6b6747b0fe75318a1e1"
"textures\villager g male standard.tga","262188","a8b0d15b4052d9ec92240ebb1693a68c54daa3f42845dbf93841449117c8dd69"
"textures\villager n dwarf corpse bodya.tga","65580","c54ff2e5eafa9ffea7038304eab2cd2843670cc182868b2b06aa3f8d842d5bbc"
"textures\villager n dwarf corpse skeletona.tga","65580","0cfa07b82e6d880c9b0b8fbe757dc71b53d99faf69d5ea1c231069375ace0866"
"textures\villager n dwarf head.tga","65580","7aa17b14e1c9f6df9273173e3dd5f20ee41c299c86ef582f0d277411d13c3f29"
"textures\villager n dwarf standard.tga","262188","79e2f14ee90e9fe25a6344b42e3c34eaa5dfd6287434031bc920d23fa61e89ee"
"textures\villager n female corpse bodya.tga","65580","2ff9c200892c1fc43e441a56afd30e9c07cc4ce4f49912e325f49dfe6718b15e"
"textures\villager n female corpse skeletona.tga","65580","f5bc724bc1a4a4544cbcdf6e7069c098cef8c0c7dc6a99233483ea47563e47e9"
"textures\villager n female head.tga","65580","0c86e283e4484ae9bc4c3e1f5646fec97a7fe846a3f63c6614c32f3ea17409c6"
"textures\villager n female.tga","262188","7fc804b3dc2bf7df495a84c09ae08e251efad42016ceb1c731bdbf6e4d0027c1"
"textures\villager n male corpse bodya.tga","65580","0d9839f6385b309dcaef06b32daf98299fbeec45b8d0a925d9b77891220d90dd"
"textures\villager n male corpse skeletona.tga","65580","ea2c3b67b2dfbd72f107d5ea788898f32213fcbb54b090b0737d22150ad8dfaa"
"textures\villager n male head.tga","65580","7aa17b14e1c9f6df9273173e3dd5f20ee41c299c86ef582f0d277411d13c3f29"
"textures\villager n male standard.tga","262188","8907cf78479069106dd295b37eda2722c05289f14e6069de9ef07db0460298bc"
"textures\villager n ox.tga","262188","6ebf8d49b80da779ca4fe7fe5cd1242e2f33668dbaf056e72c9884995f29560a"
"textures\villager n oxcart corpse bodya.tga","524332","51bcfdf04eea8f56208d6166166beaf7e6512461900dbeceb6be35389813127c"
"textures\villager n oxcart corpse skeletona.tga","524332","b3e20ee48c9ab23ea7916ca4137ada82dcf6ecd4841fe86fa1347785aff51ae4"
"textures\villager n oxcart.tga","1048620","169bd3459ef66cc130a125fdd32a2dbe4e5e12d4ea82e50027e072e15623db59"
"textures\villager x crate empty.tga","524332","8bb1d5e484da79c8d6d01ed019a66fdf077da0abc0f61d38d8ada6d52185b235"
"textures\villager x crate farm.tga","524332","65ed1d529df6768ac998e4b503134689726079a2aec6f232138f25670831813f"
"textures\villager x crate gold.tga","524332","a184b672cc9a90de12b6e351650ea7c86f2e9b0a6d086cc8c7495265193ce3bd"
"textures\villager x crate hunt.tga","524332","0fc9421c9b32110c802efde2fe49e8d2d4b90d57f7c023c83161fc599f016afa"
"textures\villager x crate wood.tga","524332","5ef4ae98412b835e4b74a7de534bd150e576438f0a3d3a5625b85ab362ed8b7c"
"textures\villager x female corpse bodya.tga","262188","c9d288de4438ddd0bc21d574d246aa58395c119e1c869aaca351aaaafae090c8"
"textures\villager x female corpse skeletona.tga","262188","cd3b84a5d5951f0651a2c63f4d7d56b9e320cbb83ff86039cb06bf0d9885663a"
"textures\villager x female hero.tga","262188","c9fd08f477fa4d1c124990d417cca413f4499922f6070f4f95907075bd2f847f"
"textures\villager x female.tga","262188","95154728794c1e5e1951c2ddd5c5f3a001a827cafcfb92b8f9fb1fda578b0358"
"textures\villager x male corpse bodya.tga","262188","bcfcfda1e450fe0d6cc0748de5a942ef8916ef56cffec598311e70ebe9e68aa9"
"textures\villager x male corpse skeletona.tga","262188","a0af8ddd571447a0fa74658d972213c15bc428708f404bdc80e0f7eaef6262ec"
"textures\villager x male hero.tga","262188","81bf66bf694bfc57788ac814fa21c30603cd0436372818b13b210519a171c407"
"textures\villager x male.tga","262188","a04ff805984d1881f75ea65cde107ddb4b148bcc04f7a9769df07cf62b2291b2"
"textures\villager x pony.tga","262188","604ec660c9a7df587cc651e1cf6c53221ef92f46edcbb4e4971b2c9e480a1d47"
"textures\watercrest.tga","1048620","fb94c05bee20df67e63e088b8701e4fbc716781228c832444f73ad90ccf97e05"
"textures\waterdecal.tga","4194348","64e0fa3f32a3e05e998157579e6d0e3e53cc371d7db30e75554808561689a6d7"
"textures\waterfalltest.tga","4194348","2758d9fa863d381e706a8b4dc88ce1820cc9ffa1ad463c40a480968e6ee13b76"
"textures\waterfalltest2.tga","4194348","6a54f7b6a8a02c2c78d08a2725ee960b27e98e96a55a60d08d02906aa20f5c1a"
"textures\waterfalltest3.tga","1048620","f0a7c7a8cb9a5870b18b7e5d32c642fad2ab9b6fed265859893055765499452d"
"textures\waterfalltestspray.tga","262188","2788f31c2bba295c13534d4ce3b4609e358f89f9aecc9a1802b4518743e92fa0"
"textures\waterfalltestspray2.tga","262188","4358b08a3ff9e610a6528e35020ecf6715015e2123991c3a9ee47a1c61f0f081"
"textures\watermark(small).tga","524332","54d18816aeb1212ef4ed523ff1ffeb03f1480606fbc013000d3f8bd430fdb749"
"textures\watermark.tga","1048620","8caba84068e6a768fe7b446d0f3e93fc8c74fc4554d2b3191844c8dc1fb8b773"
"textures\wave crest.tga","2097196","baa0605b927530b7a3980563e8c1d05f2065e00542d9f985df1735194462a975"
"textures\wave crest2.tga","2097196","e2b82e509948312ca75367c7f0a99dfbd0abc779c3ed20aae31f101670bafc52"
"textures\waypoint.tga","262188","83f1244997f6332389cb47f42c3f2aae127c59c6c03fff21512588515e265e97"
"textures\weapon polyphemus club.tga","65580","8c856ee1e8b400cc4523ebd7c59b6eedba01a6f76a61e752e4c7d8d69dafc36d"
"textures\world a atlantis walls map.tga","4194348","d82edc3852baa292c19bb39a5a43737521ab2593f723794a36ba4c76d3f62258"
"textures\world a atlantis.tga","4194348","68152bd17638cf3655aafe2212aff451e921b033bfbd636f59b3e0dc68cbf812"
"textures\world a atlantisb.tga","4194348","0aab639a5991daffe37829ce36ced33a2fba7842d81d2965a3fe3c3bd6808a5d"
"textures\world a atlantisc.tga","262188","de894ec85d12cc145d8f7b602424a7fc025b380ff51d980a765234c9aa3fe130"
"textures\world a avalanche.tga","4194348","3cf662d0dcf1aaee4a8172e04d5fcb8405f5e77df57d338fdbafcfd8b786c744"
"textures\world a barrels map.tga","1048620","a31142d98da22a6b787defebca2166bea4713bec826debef95730a1e1d7cb385"
"textures\world a berries decal map.tga","65580","8de66b48f7ae8777d59e0e29d357ef2a537da77427cdbb09dc4cbf281374a187"
"textures\world a berries shadow map.tga","65580","8de66b48f7ae8777d59e0e29d357ef2a537da77427cdbb09dc4cbf281374a187"
"textures\world a berries.tga","524332","3da54c6874d27786657a675f09a4b19e37d5765c49deffe13ef58a8a39d84152"
"textures\world a bolder wall ground.tga","1048620","f42029102ebf09072fc8ec92c76d8bb5753b24cacd4666599a72a675cf8b4632"
"textures\world a bouy.tga","65580","859b9d630684a85154983a7f993f6ce864fd527ae2c8caa9c9a021ac390108bf"
"textures\world a breastplate map.tga","1048620","492d225d1eb1001b888315eb40e83d06675a02155465452866ec9505368e11e7"
"textures\world a bridge wood.tga","2097196","534aaab5514acd019cf3e3d05ba50a076255d3d562411a6f133f493891047b0a"
"textures\world a bush a shadow map.tga","65580","52e8252456d85723e94b2bc36050c678fe67d9215a1589c0a72c218d8310833c"
"textures\world a bush d shadow map.tga","65580","9e3114b368afb664594b378c1d2e80fa4b35fd06efb413b70c0e4f1d8beb2cdf"
"textures\world a bush short map.tga","2097196","96127276ad6566d89ce625bf87021a38d7c81ee3a45eb24c39cee8d2b7d896c8"
"textures\world a bush.tga","1048620","fb51e02915ba139ec08b6e36adfb4953310e3d6e106a062e3b4994a6f06ca5bd"
"textures\world a campfire decal.tga","262188","74bee7b763f37d50468edf1d0198650e6c07a67c3a333dece9586e399397c771"
"textures\world a campfire.tga","131116","3b08ef401279d1546242d38fc6cbf314b8238e98fddf70cb87a9abea3c53c044"
"textures\world a digsite.tga","1048620","86e99f278a21cf9aa89cf175440b28013ae12423b00cd5879d14b0ddb148786f"
"textures\world a excavation 00 shadow map.tga","1048620","d9fc9539a5ded654fdc3daea9278effef33ce058d517bc7d92d82b820a9028e0"
"textures\world a excavation 100 shadow map.tga","1048620","4a0c50ae6eef8e89b58aa3dd933894f66c5a313a50e8ea5439393c7bbc68facc"
"textures\world a excavation sword.tga","262188","14037dfb9f248ba82a37ab5c2fcf3cfe9a040fb0b556458e05b035982e497489"
"textures\world a farm cabbage ground map.tga","1048620","18a1ce68b50a7cbd932cf06d784ff60ef1a12adb1e565b1e4c68f89462e74316"
"textures\world a farm cabbage ground map_gloss.tga","4194348","8bfe7d0ca4de197321953413e9d057fb2e1885c83d44f1f77690ef796c3af1d5"
"textures\world a farm cabbage ground map_nm.tga","1048620","7e715a8801eb6e0edf09d9fd2f49440b577974956d70f97acfbf323c83aa6f03"
"textures\world a farm cabbage ground map_spec.tga","1048620","885729dd46a5e3f549c749fa07e9afdeda7b512b125cf4a1c36521d98e83fa95"
"textures\world a farm cabbage ground map1.tga","1048620","8bccebdf431b936d92142f672b84ba287a24f87aa1fb0756a18b3eae723865bc"
"textures\world a farm cabbage ground map1_gloss.tga","1048620","732967948567e83099997e18764a0e4b39c462c3d86daaf596ccbfac72665cdc"
"textures\world a farm cabbage ground map1_nm.tga","1048620","e5a5f16abfba2e00ef17b6328390f37e02e81c22b92929127362c6061c08997d"
"textures\world a farm cabbage ground map1_spec.tga","1048620","4eee4f545a0f4b887543c6351d1bef8f05b42fb3cf2cf084b261b38acbd2927a"
"textures\world a farm cabbage ground map2.tga","1048620","5e079f25b7fcb023e160b5187703b3532061cf6e714809dc9661ef61a7a2263f"
"textures\world a farm cabbage ground map2_gloss.tga","4194348","8bfe7d0ca4de197321953413e9d057fb2e1885c83d44f1f77690ef796c3af1d5"
"textures\world a farm cabbage ground map2_nm.tga","1048620","e8e825f0f32c60756e90cdfd1933ae418543e0b78e6896194759fdb2cc89b107"
"textures\world a farm cabbage ground map2_spec.tga","1048620","885729dd46a5e3f549c749fa07e9afdeda7b512b125cf4a1c36521d98e83fa95"
"textures\world a farm cabbage ground map3.tga","1048620","1a42898884cc7dc8f0d771b3f1823e1e6a91dd05333cdec0559f8989006411bf"
"textures\world a farm cabbage ground map3_gloss.tga","1048620","99966031a27497ffec5808e5a932893e1e32554977d22fefc15caf5f321f070c"
"textures\world a farm cabbage ground map3_nm.tga","1048620","ab0092431d82f717755ae6e94dbaf5e09bcd38c79206e51d595e07259eb37ad8"
"textures\world a farm cabbage ground map3_spec.tga","1048620","8151174937e2488ec1fa7af988e950918611d9361e9e30372fc10b79d9ffe060"
"textures\world a farm cabbage ground map4.tga","1048620","3a2e6d15a89c91c4fd0aff6a0ed3142e358974f72c5b46c4828ac2d04d6d4bfc"
"textures\world a farm cabbage ground map4_gloss.tga","1048620","680b8aacbb7a9eae90314857040d736304fddb179b1bc04346e13f469d9e3820"
"textures\world a farm cabbage ground map4_nm.tga","1048620","393b7e09ea2d8d514dcd969b820afd8c02c3fc6f2ad0342b2b808853ca1602f5"
"textures\world a farm cabbage ground map4_spec.tga","1048620","735216596f439091c2251e5e0c210280dac0a90e9998d47ada20d36b3994deeb"
"textures\world a farm cabbage selection map.tga","4194348","58f08df4a2881d4423d01b82126bfb169745af410e3ca44112678a237f16d082"
"textures\world a farm cabbage01.tga","4194348","f51033b53a3f5b7b70482cb056b9f0f1d750b99d510d4bd888018991166cdbcb"
"textures\world a farm cabbage01_gloss.tga","4194348","05a34c0cfdeff29e8df7e5771b2ee45052aea0569affd8ae6e22c75a8254448d"
"textures\world a farm cabbage01_nm.tga","4194348","62efa3684d0854a128b9519a1c31b3912a3edf0eb1542beb3edf0e7ee1c599e1"
"textures\world a farm cabbage01_spec.tga","4194348","61abd2c934e6e94e8b565155cf95e92a18790eb6419b656fd89e2e231dfc255e"
"textures\world a farm cabbage02.tga","4194348","1ee08e6fd274278a19be14ee48e8e4ab094956b11dced36fb6c64bd24bd0d6b7"
"textures\world a farm cabbage02_gloss.tga","4194348","2444753943034cbcb9291db9be52548e6811e65e4712e005a891a9e1b50da98e"
"textures\world a farm cabbage02_nm.tga","4194348","b1c3d4ca21498791175a3bfb44627fbba9b29de48273d6d72abf076de76b655d"
"textures\world a farm cabbage02_spec.tga","4194348","abca8d7b866ba9c18037f81a39b4ca55140b5e13988fa6ab3f52087de00a63fc"
"textures\world a farm cabbage03.tga","4194348","3b0f6747fb03d2fc569569183fe5a2d045c9f0f6059f85d721bfda0d7c442d31"
"textures\world a farm cabbage03_gloss.tga","4194348","250a965dc975510816866082cc7c613802bc0cba4c2315e40f4c3c7faaf1e7cc"
"textures\world a farm cabbage03_nm.tga","4194348","af8f106140a75a30cf77e18c95a387b9af49c777724e44ecf3982ae058f84719"
"textures\world a farm cabbage03_spec.tga","4194348","d3458b32f5d2b50afc978f45027b4b6e9182b78deac5d4af307893fd356c6ccc"
"textures\world a farm cabbage04.tga","4194348","de332f32029a3c858be29665418add5f98f32a42e43a61d246fff73ff45a956e"
"textures\world a farm cabbage04_gloss.tga","4194348","f7449f6e46012fc7f7f18e371764da20d174ae6d7ef641551c93e2ab9cbaf8ce"
"textures\world a farm cabbage04_nm.tga","4194348","ffbbf529ebbd75d58846012dc30c0de72cbd2a5d2cde64382d16e9dbd2fb4e25"
"textures\world a farm cabbage04_spec.tga","4194348","50e47114a4e1087e9f363a6f26e848aaaab2b809629b6abc7670d4970466e6ba"
"textures\world a farm fertile plants.tga","1048620","ec37374b2c4c2846ee91a350a1d37680c8ea608706ae3f39d64517558a1dd2ab"
"textures\world a farm fertile plants_gloss.tga","1048620","54224def377af5186470c5c64d9124a1bc6c652d2c25eb752ce860cd063c0d41"
"textures\world a farm fertile plants_nm.tga","1048620","9896053c97672a1ffea8267dd74f9e9b79dd4187cdf3c6054796f459332456a9"
"textures\world a farm fertile plants_spec.tga","1048620","444fd4eeea18173900b42546697df24b07b461fa7248cb10cb058d93b745a128"
"textures\world a farm ground map.tga","4194348","99795fad3380c9218bf9e1fb96e684fb9cda497f0d37894edbb1a2bf4a249ece"
"textures\world a farm plants map.tga","4194348","26e7a42efcd68a97ad194c4eb3349a0e7122711b95f933cd897ba67a3108936f"
"textures\world a fence stone.tga","131116","2c596e44bc948220b4373ae9f178d821a8eb0828eebe9e8104be5e8557464a5e"
"textures\world a fence wood.tga","131116","64307658449ab0dde824de22583622f4dfde22fc2fc601335a37b867c24f8292"
"textures\world a firewood large shadow.tga","65580","057eb19b5d2e4424c791271caa59df99f24045a577e9fc570fb71ea3c34d00be"
"textures\world a firewood medium shadow.tga","65580","ad0a6ff2617d636e4a0ef4f54b20ad7fdef1cc5a8b2c9e18cec7a96843d4ce40"
"textures\world a firewood small shadow.tga","65580","bd0dfd983e0457503b76ade2cdf5e60036e594def6599b86a13360763099e2d3"
"textures\world a firewood.tga","131116","04e6de4b82df4db9f956c37a5c34e68fc76dd68c695453498941573c39696fb0"
"textures\world a flowers.tga","4194348","f06ed21274c760cbdd1e06ddd42c2354fc1a3aa9f9f1bb8d6de2bcc31af03d7e"
"textures\world a fountain.tga","262188","4b30796357096eedce2d8e99b01c3a64be082e4defb77bd2c177e657cdb539d3"
"textures\world a gold bin.tga","131116","57a0fad00e72eaad2cb0e873425466e1fc92d8b94f2c12d3b218860c483133ea"
"textures\world a gold decal map.tga","4194348","3a77dd8d75d419f43d5e59a1ae2d8ff20f777d68fb831c76228bfb23e28b8134"
"textures\world a gold map.tga","4194348","b0596c47a3f4b62f9bcdd66afd38f00dc616d126ce0337867f56b3caae2ee6d2"
"textures\world a gold map_emissive.tga","4194348","b6145783da41c9bcfb3fb0530022a72f70f9782319cbdb99c05e00d4b50b21d1"
"textures\world a gold shadow map.tga","1048620","527036197d8da20a94f17eae630d012fd5768f3bde2905b9da66ba95943b51ea"
"textures\world a grass decal map.tga","262188","37e69e78551cb3cbfac512454ef590189450c050b8553df2a23ffcf93b31eaf4"
"textures\world a grass map.tga","1048620","320cdc91979380dab09f33ea87c4dc80a65a7ca1b124d8e503c855d2a3a9b629"
"textures\world a grass shadow map.tga","262188","37e69e78551cb3cbfac512454ef590189450c050b8553df2a23ffcf93b31eaf4"
"textures\world a grassbrown shadow.tga","262188","d492a4ae867734aff45b9242b1d8eecf9cd0a718987894f2909240d22fd24fd9"
"textures\world a grassbrown.tga","1048620","984d6e2359ef67f35e648e2ad5d7177fe810b3db5b92b35cd33521becee1d7c0"
"textures\world a ground debris large.tga","1048620","9754084c2bda5af2eeabd7d74954559d256d240ec13d496efc77ff8ccc0479bb"
"textures\world a ground debris medium.tga","524332","3e3f09825d90cb0ad9a8ab69c7ad9fb7b74fce38c8ee72aeda3f76267b382356"
"textures\world a ground debris small.tga","262188","b70d95e1f646674b4cc4f80067e3c372f3db62056c0a342a133b67a9cb6f53fe"
"textures\world a iron fence.tga","65580","43d12b874f2722612ded11244b3a6347956f727fad1042553ba3b8d15412ba54"
"textures\world a jade decal map.tga","1048620","57777f3eeea17041f4f6caff64de9a1406efd062f8c92a1a29d6808685335eb5"
"textures\world a jade map.tga","4194348","5fcefc6f8fdddba7fbf3b01beebc108c73c03162eecf811a3216593e36540a46"
"textures\world a jade map_emissive.tga","4194348","f1a7778819522703fc7165c8efee262eb4331d80f646a4d5a786bd097c968b14"
"textures\world a papyrus shadow map.tga","262188","7bdfdb2fdfd71f764fa4bcf60e0da282f548c568010e4b6ec6dddade09631720"
"textures\world a papyrus.tga","262188","581a6f908bfbdd8241c70011643021458fdc375916d3335bcb97b5d2c2b01011"
"textures\world a props 1.tga","2097196","e7a3e3ed325351c063191359a0b74952999651a218177f036ba905c1999ac614"
"textures\world a raft.tga","262188","816e9b4abda67d4e94ee14c3af932bea821700dc67fc26c5b27a383e76e018f1"
"textures\world a reeds decal map.tga","262188","b9e098ac262bb49a0ad049ab219abde74f5fc7b00e2ef4af2c3f782c6a9753fd"
"textures\world a reeds map.tga","1048620","23178e589401f86b69a7f703acb6cf5b67fac5661bc705ac590d28970bde8b8f"
"textures\world a reeds shadow map.tga","262188","b9e098ac262bb49a0ad049ab219abde74f5fc7b00e2ef4af2c3f782c6a9753fd"
"textures\world a relic armor of achilles.tga","524332","87293bf3d2783572f4cab380f7a1a22b141d615e2f1e5dc21c7c1809bd791b51"
"textures\world a relic arrows of the alfar.tga","524332","bdf440dfa9879f14980b9aa3ede1845b894cd8bc9e90089cb990c09b5e34249b"
"textures\world a relic eye of horus.tga","524332","79748df09ffd2bd14232c52e0d2882d97f836e616aa889ffb336ecac65d49e44"
"textures\world a relic fetters of fenrir.tga","524332","d721af31bf153246cae2f39793362bd831ace0ee94815328d11ebd445af1a64b"
"textures\world a relic golden bridle of pegasus.tga","524332","bf8a2ca425c409731ba251719954bbec9f59558a218f465dad3c54b59e5a58e2"
"textures\world a relic head of orpheus.tga","524332","7f73e0e0a64d8fedaa203417b2462367adde5a136b1a7800ef1997e532323c8c"
"textures\world a relic kithara of apollo.tga","524332","8ce0ebfd132bc0292c54091a55fb0c4c70251502cd8436743b810292a1f954e0"
"textures\world a relic monkey.tga","524332","60c0ef299a30c1e6e1cfc4160dbb38d19d49cad13d03d2463ceb537907f0ec0d"
"textures\world a relic ring of the nibelung.tga","524332","1c723e1658acbb87f307be9aa5ac5a2d3ee1fe087d2ead6b71105420ccec8e09"
"textures\world a relic ship of fingernails.tga","524332","9369c8c3fb3d39ef96fb1ec6b7ed9f9c1bb1a4339b73edf9e7506cc025073b2a"
"textures\world a relic standard.tga","262188","8dd3cb03fae01765a160ef51f1aecbfc70dd411da78d6c942cf9202e95371181"
"textures\world a relic the wedjat eye.tga","524332","9fed89d5fe58bf09d0ca92416103072077e0583835aa862225b510ed3ec14b8d"
"textures\world a repeat map.tga","262188","005adab601595c8557a8137656f484def1de6343bdb28e4bb4462d740b7f8a21"
"textures\world a riverrocks decal map.tga","1048620","42ab947184cc143dd2b2cb880ad189888d9d41c39f2b211e0214f7eedd8b5049"
"textures\world a riverrocks map.tga","4194348","24f6762a2353d90201418d1b56d0ccebc75d1cddb2930cb4a54317bb1719c625"
"textures\world a riverrocks shadow map.tga","1048620","42ab947184cc143dd2b2cb880ad189888d9d41c39f2b211e0214f7eedd8b5049"
"textures\world a road 4 intersection.tga","1048620","9b4caa21890e849c94eeccd5457e938453c0d0cddf5ea1188197637796c5edab"
"textures\world a road corner.tga","1048620","5f19f041dad075e3cc1216339685efb0793008807a61c5e343da72fc78eb2582"
"textures\world a road end.tga","262188","5762e7ac9e3ececea4e03292ea6c2818c6305ccd84f593f8d42c4228413d766c"
"textures\world a road straight.tga","524332","addd67756ec05a0e1e40a445c274f758539a54f9a9659af5968a6fb36f020b35"
"textures\world a road t section.tga","1048620","395d4b6663727a014575bbfcada10f0877a8856bc48623feab0aaffa047a3236"
"textures\world a roasting pig.tga","524332","d5d90be41ac867fe65edb46b3843cebecd2572e0acc62d0a093c9abbceaf7abe"
"textures\world a rock sprite brown a.tga","65580","76bd44bf74991e17d4aafb9b3ab7a22c4e7207633c5a4fcf840983df3fac41dc"
"textures\world a rock sprite brown b.tga","65580","bb2b1efccf30df94442ca78e69eb9511c6e803cfda0f9d5c7f2b0576eaaafc0c"
"textures\world a rock sprite brown c.tga","65580","4d4737479928456b5388a70bc5e162d40ed8e0577b91c4c8da017f4866a3ddf8"
"textures\world a rock sprite brown d.tga","65580","03ab362b1a3cbe0b736c1fcd414c56d602ed525383b1010816519ed111716c20"
"textures\world a rock sprite brown e.tga","65580","7787dc7a8ac0a61e74bf4870403b82827a8223d6b9dfa755a3f365c0db7aa2f6"
"textures\world a rock sprite dirt a.tga","65580","b48252e5b8a0581e736a0f6cddaa8ba214094a22a884e46138a87483ff85e60a"
"textures\world a rock sprite dirt b.tga","65580","9e440772ce29c0d437df0048ce6c7621bbfbdc5e562bb1e43293ec7c6ebd2e06"
"textures\world a rock sprite dirt c.tga","65580","de36c417e335828d2a431896457fb999267fa3ab3963bba96707ad9a7b20998c"
"textures\world a rock sprite dirt d.tga","65580","1fd74c83aab64505a4311d08e2b08057946e1b7d81ce6202a42c4b1f544afa03"
"textures\world a rock sprite dirt e.tga","65580","bd19c77e14506b34d70d04431dd5f1b0cbba4af05afb96bbf2d614803fc2b1af"
"textures\world a rock sprite dkgrey snow a.tga","65580","0fa3d22d9bc6cee75ac66a8ebe67c833520daa79e6f51ca06a92228eac968127"
"textures\world a rock sprite dkgrey snow b.tga","65580","4f6444675371562231de872620ddc6993fc65841e11919debec6a28b0df61667"
"textures\world a rock sprite dkgrey snow c.tga","65580","9c6cb99e9e2840c4a3bb53410cb4d8af9089c8ae924ebc6f3bad3c4bc93f6ccb"
"textures\world a rock sprite dkgrey snow d.tga","65580","39d9ff4214af23ee4cd1d9b435793bdc416692a792cd4646246b6cdc1fe3993c"
"textures\world a rock sprite dkgrey snow e.tga","65580","7ec80e066b4c115f69c6cf1a92d3aa1363b84b6940eb6a1d1dcef8724b391050"
"textures\world a rock sprite grey a.tga","65580","cbdb4792720538bbc735acd9fa28191d63c3de70164a97ecc62edd5ac940f650"
"textures\world a rock sprite grey b.tga","65580","335a7918e6449cfb3cc4220e632b4441fab688e8e34236c3f11d4749d70cdc41"
"textures\world a rock sprite grey c.tga","65580","8802d1d6728ef18725cb44904dc71635c7910fa849fc2fc1cc81806c4b06e41f"
"textures\world a rock sprite grey d.tga","65580","b23ff97ca0e812346e5a71552afbf1cd2b27c6a45364ed0ecc1556998cdcdb7a"
"textures\world a rock sprite grey e.tga","65580","27f451a2763cbc2583c5ee6dcf84727652b317816949e634d520e2d9e417ccd4"
"textures\world a rock sprite overgrown a.tga","65580","bce01867050e227da4546aad4bcfc82544dcc4d189976c5fb6fad6aa28ebc272"
"textures\world a rock sprite overgrown b.tga","65580","0e9b3a1f137f77b106be0f9f0966c417916a0d7fba1d664a81e1ad937250fecd"
"textures\world a rock sprite overgrown c.tga","65580","b1fd4a7065f4784ee44cce778c62be402b16ee9d8d20eb6650aa6dbb39ce024e"
"textures\world a rock sprite overgrown d.tga","65580","a8dba130a70081e87f6996413b190cf940304bf76bc88efb4011b6ce32011b0e"
"textures\world a rock sprite overgrown e.tga","65580","472acfa0cef1cdc356e5fa85c4ce8a7ae355d303600e3c5e7ad394aec2ff089b"
"textures\world a rock sprites map.tga","1048620","27753ac0fedc0fefefbd6e01f6f4bfd65a158e019611e1e553a44d13e01281c1"
"textures\world a rocks decal map.tga","1048620","8e92d526c1aa826aec4ab0280f673e053874981c1775d70414d817097664152e"
"textures\world a rocks map.tga","4194348","e1ec78db13d60db8e234b40f2bf02ad3b219d482c7e20a5fca383b34bdc55511"
"textures\world a rocks map2.tga","4194348","d44d06689ca639436841936e9a5ff3eac52abd0c15b73268d2ddfb2562773183"
"textures\world a rocks shadow map.tga","1048620","8e92d526c1aa826aec4ab0280f673e053874981c1775d70414d817097664152e"
"textures\world a rocks underworld.tga","2097196","71126ee39f987f8d33ed2edaa89bbf45bb64b360d12a7976fb5cd50f6301d7d6"
"textures\world a rotting log shadow.tga","131116","d8a52e81a978ed3820fb7ff5aef7b0d2d8c182dc2c861efa936c9eeccf9d4493"
"textures\world a rottinglog shadow.tga","131116","d8a52e81a978ed3820fb7ff5aef7b0d2d8c182dc2c861efa936c9eeccf9d4493"
"textures\world a rottinglog.tga","262188","d28398adb7dfba00de02112cd7cb07c575dfd07ffe471e86000d3d453ffa8477"
"textures\world a seaweed decal.tga","65580","18385439aff36de7a6b1ca609776681856412c123a1a2fdc157f60dfa773b2e5"
"textures\world a seaweed shadow.tga","65580","18385439aff36de7a6b1ca609776681856412c123a1a2fdc157f60dfa773b2e5"
"textures\world a seaweed.tga","131116","4f140738132a67cebd23d19119fb1f4c4033ec0acf039387e87ce68986a3121f"
"textures\world a sign.tga","131116","431f2dbbe5459d9102e399679892318eb5c93c3ab3e3eee9913482fcda171b27"
"textures\world a skeleton.tga","262188","ca02008f16257ecb980038bc58f0ce2ef807abd9c4fc05ea4dc344b0f454400f"
"textures\world a stalagmite.tga","4194348","53f8277c20596b6d4999972ca2fb62236a1967ca551f39d4fd973b3cf7688eb3"
"textures\world a stick shadow map.tga","65580","3a9c807cf612cb4af8860c883869e952a66d89bf96eaa44938f838cdebfd8f83"
"textures\world a stone blocks shadow.tga","65580","06938e9719a2dff4f0027b23512791a48b7cee41837d8e1827556a75a658d27b"
"textures\world a stone blocks.tga","1048620","0a404fe1757ffe0217bfc7e0c7236ac9ade5daf36d39da64c2daa760594ffff3"
"textures\world a tamarisk branch.tga","1048620","06eab071bde1a885eb3d3b2bbbe93c1a34ac4e6496da5ba9714f08adf5781862"
"textures\world a tamarisk tree decal.tga","1048620","b8a73ccdeb0d8b7e9e28373e3bc9973cf18cb75a620fba3c440b8fcb80ecf998"
"textures\world a tamarisk tree leaf.tga","4194348","11893b417f21af5b0b9b1de9340da6c0357954721d08aa9ce9a99a8d94f2df9a"
"textures\world a tamarisk tree light wood.tga","262188","03509b3cf391c731b7c2d2971d286b4db59a8a135f49bd34478131ca3810067f"
"textures\world a tamarisk tree shadow.tga","1048620","b8a73ccdeb0d8b7e9e28373e3bc9973cf18cb75a620fba3c440b8fcb80ecf998"
"textures\world a tamarisk tree.tga","4194348","2b986abd39ff625d0750850cab06c741f77899f442b21b2dfd86c95aecb5b9c2"
"textures\world a tanrack.tga","524332","895c8f98d0d3db928a9ad386c06476998b9897d2809ee0c88f10f691185df02c"
"textures\world a taproot decal.tga","2097196","2ab058a253ea3adba5ca05915fca201bbd69236d8fd5320cc9fcf252efed031b"
"textures\world a taproot insides.tga","262188","5da532be3e8db9e071eceb60466151755d38aa4fb4557e9780b4d8e502fe6433"
"textures\world a taproot large decal.tga","4194348","1325bf83c309bc346afc007408317876d91e39af4db2a66aae2ff9b9e00c547b"
"textures\world a taproot large shadow.tga","4194348","9586653e31c10f352dc5c7de66e930b71ed5b406858829eb3afbee302269e34d"
"textures\world a taproot large.tga","4194348","bb583d7d3e1ccb98b6441cce7087e84864222062a2f5f4f1cb059158390c095a"
"textures\world a taproot shadow.tga","2097196","2ab058a253ea3adba5ca05915fca201bbd69236d8fd5320cc9fcf252efed031b"
"textures\world a taproot small decal.tga","262188","b960bdf350c09900a276d70b1ae68c8641f30bfc9f594968ee68337f57c83882"
"textures\world a taproot small shadow.tga","262188","b960bdf350c09900a276d70b1ae68c8641f30bfc9f594968ee68337f57c83882"
"textures\world a tents map.tga","4194348","6b603e720789097010246dcad1e29eb773e27566ae63d3f401595ef0ba6fc006"
"textures\world a tree roots map.tga","262188","92f0c9ff097efeb253b576a4f190afb76a11767e38c05260e89ac7d4995383ff"
"textures\world a tsunami range indicator.tga","262188","c5014207e987dc0e9ff0c39ed56e8a39885965c5d611c2b0571e329bb238668c"
"textures\world a tunnel decal.tga","65580","21ac09dfbb6019bf4a55e05276ea071e09ef254216f657adef7e863ba6725fbe"
"textures\world a tunnel shadow.tga","65580","21ac09dfbb6019bf4a55e05276ea071e09ef254216f657adef7e863ba6725fbe"
"textures\world a underworld crator.tga","4194348","c0228d4e47dabe52296fdea7591581776b9ae53b8185447b1c83c8dd50e6d04d"
"textures\world a underworld decal shadow map.tga","1048620","e318035c327bf8e0d417c575e7a2e8166f9ce67c448a8a7766c644b550bd0ee6"
"textures\world a underworld passage color transform.tga","262188","2aea04d8ad386cfacb2cdfbdf1e0bdb1727aab7ebe0b9d963892a5f283a858dc"
"textures\world a underworld passage crator.tga","4194348","aa7fd651d41376097dc614affede349eee77fab072b49e697877cc2cc78b25c3"
"textures\world a underworld passage rock.tga","524332","98550ff9376da9f7b313cbf2d554d552a222b29992c67d79acde2b2feaf25eec"
"textures\world a underworld rock.tga","4194348","98eca2ba90dd32ec5b82f870a3bdbd827e1951d916c1606b5db8e32eaaba5adc"
"textures\world a underworld rocks decal map.tga","1048620","e318035c327bf8e0d417c575e7a2e8166f9ce67c448a8a7766c644b550bd0ee6"
"textures\world a underworld rocks shadow map.tga","1048620","e318035c327bf8e0d417c575e7a2e8166f9ce67c448a8a7766c644b550bd0ee6"
"textures\world a waterfall blue water.tga","1048620","6215c76e56ab387d2d6dbc2ae6070e207358ba3bffc699954bc68548d1352794"
"textures\world a waterfall rocks limestone.tga","1048620","e89ad2d79696776d0fae2a5dc167726ec844ebc0b4cc175f5a4314ffe177d05f"
"textures\world a waterfall top water.tga","1048620","f0a7c7a8cb9a5870b18b7e5d32c642fad2ab9b6fed265859893055765499452d"
"textures\world a waterfall white water.tga","4194348","2758d9fa863d381e706a8b4dc88ce1820cc9ffa1ad463c40a480968e6ee13b76"
"textures\world a waterlilly shadow.tga","262188","3987b30036205b3b9df23e68aa3905e0e3f8b51541f01efde5f9a9b69bc357d3"
"textures\world a waypoint flag.tga","524332","8722bf2c406f5c3a5de2532769d87e2abf35d78064213d4c8394730f12abb3db"
"textures\world c bamboo tree burnt.tga","1048620","f03cc343dbbface2c3f6876af620edcda6770cec52e0602d1391f35fafc1498d"
"textures\world c bamboo tree.tga","1048620","9a74b58ef7f7f40f09d4b8df5c7dacd0ba0b823503122718c36d14d6a668e5ab"
"textures\world c dam.tga","1048620","54deffd37783434cb7ebe1a922486e1863df65884ef6ee2abdc791604426a4eb"
"textures\world c flag.tga","524332","2649fdfbdcadd39b5dfab90be01ca20b11554d0eaf2a4db5995f6f7e68e3a958"
"textures\world c jungle palm burnt.tga","4194348","90351506045f101ca614bafc0b998558220b12720464ffc4ac2e1284deafc8ef"
"textures\world c jungle palm.tga","4194348","e0e3129d715c05415416c0da1e9307df4e4ebd176b7ded5eb685533bebd59cad"
"textures\world c jungle tree burnt.tga","4194348","330afac403c196c703cf82951d8249c26f77de73964c5d6c3187bdbc8a5c7174"
"textures\world c jungle tree.tga","4194348","750ccf1511cf1fe6173ec6eed8ecd6c49fed41b6ad06302cc40a4442426cfc35"
"textures\world c statue fuxi head.tga","262188","2f9a99a14628ed645118fef03238d2e692211b25f5b0fd103111eecd2791eb62"
"textures\world c statue fuxi.tga","1048620","9d575a9241bdf996b5ba816e6efae833d78ba82bb6cb012d7215f829b3206e68"
"textures\world c statue nuwa stand.tga","131116","995fc993a058eac49dd23de1fad702f81e4d7242a3aeca364f99c22e3591034a"
"textures\world c statue nuwa.tga","1048620","7e7fbc87c280f1eb8d7e10959efb253b4e1f340e40727f980738612e5db401c6"
"textures\world c statue shennong head.tga","262188","46f5027bef217d1c622fab0faceca6aa673d9fc82ab056f3733a674444e0ef84"
"textures\world c statue shennong.tga","1048620","7d1c992457f854666d621c21c4d9d873c5442cd07c51e007f08c664e85ea5a73"
"textures\world e brazier map.tga","262188","66490e4e26ac6f3711a128913848f28b58036fc52bac8f5e8c3de68cf4e3268f"
"textures\world e catapult broken shadow map.tga","1048620","98726e195ff54cfb1a4a076b7bb7432bb1e26af20ac9b1f08c03970393f1f898"
"textures\world e column.tga","131116","e060ddc9b50d098aea23852e78221e6b9389a6c794e501b89e2d82a936b83451"
"textures\world e flag.tga","524332","b957255cad6c5ddbb9735bae68f3d9704d4bbe41968fe36b50d4050d5814ff63"
"textures\world e fountain spray map.tga","262188","0233547fa40967e12425aa1f448965e94f19bf4951f3413d1f13bbc20b7c6c90"
"textures\world e fountain.tga","131116","d7712c11d43b5039b0c60dd8c06cbc5e4724f6b5d9d449536fb8884014a4a1da"
"textures\world e garrison flag.tga","131116","9574336b66cb2a4774ec7779f5e69424f53fab605d9396b6c5ddbaec2c509cab"
"textures\world e milestone.tga","65580","cdf9eab5281d3858836b1cc6a2753d1724be645375cd0998f816d7e6a9bf5173"
"textures\world e palm burnt.tga","4194348","738cc8d406e375a8a8c29c9309e138c09052a4aa8a9b3442ee3c350d264438ec"
"textures\world e palm decal map.tga","262188","2dd8d64f7df34fdaca0767c36e662bc6f4b7a8b1e9d446eb76a7947c27fa0810"
"textures\world e palm map.tga","4194348","a8c83e44b9763cf6d666a3d5c7b95f246a20838e96a7bdd3ef6b2c19b9886d14"
"textures\world e palm mapb.tga","4194348","4ac468cacccfb0684e5659941e4bca8614fa862ca2adbad99c96f3c403243322"
"textures\world e palm shadow map.tga","262188","2dd8d64f7df34fdaca0767c36e662bc6f4b7a8b1e9d446eb76a7947c27fa0810"
"textures\world e palm sprite map.tga","4194348","bbd90a7a5f1c67e66d043e69b80ced60fec677b4f39e0ca3867d8ea2e275b29b"
"textures\world e palm stump decal map.tga","262188","b1024b012e8f9738dd7677e79e26d6f8bf9c64de4b1bd951561b1cadb5cdb63f"
"textures\world e palm stump shadow map.tga","262188","b1024b012e8f9738dd7677e79e26d6f8bf9c64de4b1bd951561b1cadb5cdb63f"
"textures\world e rugs.tga","262188","2d82cac325c575cf862b29180a9d084912e0c2b2ee3c1e66fbd4b988e8454e46"
"textures\world e savannah burnt map.tga","4194348","ce7a7a3d6b8797d4aa099ad91e753fb2472569f92bd97435fc35e895c8d507da"
"textures\world e savannah map.tga","4194348","152c03ca61d8f9f38e3b05ff9635f99a46f27ec25cda81193f1700509eedc100"
"textures\world e statue anubite base.tga","131116","3091dd6b759cfc21c6a8e7c2bbc0151cbee2fda8c1031b64d8264d8f312343a9"
"textures\world e statue anubite.tga","1048620","ac8143a6795f08c7f37e86f8a2f77e00601d37d735ca40177b94721444963b61"
"textures\world e statue isis sprite.tga","524332","a5cbcee9c3fa5270f8379bc30f592cca357d07c25125c37784f14edb8acea5f0"
"textures\world e statue isis.tga","1048620","0b41028c0ced11691e8bb963d34aa1688bd40551e2283b03a559370e0937aa0c"
"textures\world e statue ra sprite.tga","524332","050f19e2cdda47dfdd1b77a1459b38100e78dce1b73f47a78514a0b1f213f418"
"textures\world e statue ra.tga","1048620","425b34431220da220d0873d7e0ab474477ebd7c8d71b53deab3ec8451653e0ff"
"textures\world e statue set sprite.tga","524332","0b2bc2c47fb780d18e5796a6a93470bbc10dffd6d7741e319fccdf62e161ee5f"
"textures\world e statue set.tga","1048620","bb921f272b91d92f1147f592eb5dfba0c1b6ae6ec6e8c8798a54a95e76bc3156"
"textures\world e tent shadow map.tga","262188","37988236f377687ffb23696167d27a66f0d47b8e8c9414f2ffcbc8b3228ea694"
"textures\world e tent.tga","1048620","4a37c2d0aff3ae1e55766cbc6263d054b7744d5c15d6cfcecbf01e8f77b342cc"
"textures\world e torch.tga","131116","e0f6621fb2b9441b0dee8ad9701f95d3f5e5175f7a7bec12462fdd8d6281491e"
"textures\world e weapons 1 shadow map.tga","65580","6b553821b25c5f0e07fbba5207276891877c1d5b80c2e0edcfde9d36f3cfb1e8"
"textures\world e weapons 2 shadow map.tga","65580","ce1b895afb1637d0e9d4f580abe4989acd1f64b268529c8c6b7cab6caafea107"
"textures\world e weapons 3 shadow map.tga","65580","100681f9aa573e66e57d94c77c87ad1ca09f7f94bc2d4bc73a15ea00e9b73d51"
"textures\world e weapons 4 shadow map.tga","65580","eb9e9b1fea1fbf152ce5dff8c57d4553a90a137361f67e46c249148295b0787f"
"textures\world g aspen burnt map.tga","4194348","00dc0d4badea14475b5b4d14bedda4c8f24e63ea40ba23663dc3772acf275563"
"textures\world g aspen.tga","4194348","5f4797f9be85c8317ea5361c582be7ef82dc94224870d9d5473157f86e6179f8"
"textures\world g brazier map.tga","262188","2a1c84fc66dd7d6fd6c5c6067bae1964d03e33651d3bec34171c7392a3ab0982"
"textures\world g column.tga","524332","79603e13f97f7846bab9d18127defe14ec8800e8ab421af83aee84eaef15a38f"
"textures\world g flag.tga","524332","e4d8f37c902e9a6e12f9b2f8dfd89926859270babd40ef050175268c043c0f93"
"textures\world g fountain.tga","131116","dad602f814eef99ec0634a71955bdd4f057e5c5b9ea7c3f90c393de3b73981eb"
"textures\world g garrison flag.tga","131116","1364e7f7309c46b534ef82b827ac2411dc005ad1eaf30671c5d731667b96bb3b"
"textures\world g hades temple.tga","4194348","b8eeab905f4c72fe44e3f38bf997032a5fd805b627e5ae97637f49e4fcd4fa86"
"textures\world g helmet map.tga","1048620","897454b8a44c41baa74b06b5f9c402a2638ac15010a2aff6b658b681bfaf1464"
"textures\world g milestone.tga","65580","86b7b1b7b95518197e19bcc8c1e01050c57ae565e8ec05fb02f8366f0c399b9d"
"textures\world g oak burnt.tga","4194348","4ed48e8cd98f0a348d98cf4bb822e5d0fb4e5de35584915fedcf645eb1a5e576"
"textures\world g oak cinematic map.tga","4194348","cc8447bfcb86547ec20aebed1a9de7d65779168bf501a7cd14a6f61a9c27081b"
"textures\world g oak decal map.tga","262188","285fc6006b0c05706a6339dd852353b346ced5e86a744c4a878934c692b99d9f"
"textures\world g oak mapb.tga","4194348","623b1a105695c6459323af9fef5249b553411e6ed30086b8579f9fe4a21d12ff"
"textures\world g oak shadow map.tga","262188","94664ab21faa31abbf244a6af8e57112ad6b18c623f2ec394e5d07c4ede8307a"
"textures\world g oak sprite b.tga","4194348","38d3b33686e0e5ebb4539a0479c652d7058fdefdf3df3ef147c9958f20cd8524"
"textures\world g oak sprite map.tga","4194348","ece4d49fc15c5c0b1ba3f8ad7f441c99346996629c6be0f51ee814940f004d9d"
"textures\world g oak stump burnt decal map.tga","262188","567acd3543b670dabe79eef6fab9f88c8d52033d7b449d1b12690c8928061e00"
"textures\world g oak stump burnt shadow map.tga","262188","567acd3543b670dabe79eef6fab9f88c8d52033d7b449d1b12690c8928061e00"
"textures\world g oak stump decal map.tga","262188","0f03ecf6c7d38a6ae5265c6a76fc1ebc882f29ca4f067391e70313b0b04e89cd"
"textures\world g oak stump shadow map.tga","262188","0f03ecf6c7d38a6ae5265c6a76fc1ebc882f29ca4f067391e70313b0b04e89cd"
"textures\world g oaktree all map.tga","4194348","7aa1ea14d2cbb28415be096b9a3fc9c01e0cb66d7306587ab2710ac4cee1f970"
"textures\world g petrobolos broken shadow map.tga","1048620","98726e195ff54cfb1a4a076b7bb7432bb1e26af20ac9b1f08c03970393f1f898"
"textures\world g shrine map.tga","1048620","0f15c1b156eac2f51750864feb9405c27ca59a419be6de304d288e043feaf7b2"
"textures\world g statue base.tga","131116","569a017474ff388a6485d3b4438ca3154ae59297984a7368975c67658c32b1e1"
"textures\world g statue chimera tail.tga","262188","df1917541b0392098b095eb40c1e891cfd208015af8127479b6029a6daf5caf1"
"textures\world g statue chimera.tga","1048620","6ac6ea4f8cf546382424f3a8685f9bdc78afdacace22db1dc07347879243749d"
"textures\world g statue colossus base.tga","131116","b90bafc64100c9823b0bd4849238515a7089947068f01f8cd9d557d1d10247c4"
"textures\world g statue colossus.tga","1048620","ff7bb7ce66c1a3ab8ea76da395b2e8c8d0745af4b5080c6561e38989cb550861"
"textures\world g statue cyclops.tga","4194348","077feb4ac8648d3f7ad2f5ff56fc3c356b35aba7047bbfea2c05c778a5aee31e"
"textures\world g statue hades sprite.tga","524332","421c457c6cb57251c9bba18be7ced603b3ef282e6cd39808b924edc63bea57af"
"textures\world g statue hades.tga","1048620","422d8387f540df3b4f0470c65770dafe06ff77a865da6fa12288275a89b0c887"
"textures\world g statue hydra.tga","4194348","fcd7308f2921aa4dab3e756b75e22b8f6fa6acd7a0a8a061c28d5ed0f8e77fdb"
"textures\world g statue minotaur axe.tga","65580","b4df576f5ed1d74aecfdbc78a4c9cab4b96e7707298659a3193442719bf3f883"
"textures\world g statue minotaur.tga","4194348","09d83c1ef1cda2adb5d1878c723a05cac10f4182f16d4526143de3df37f519bb"
"textures\world g statue poseidon base.tga","131116","36279afdaa0c3be735d307184acccfdf62646323f5be79c95ef95b5e8f6ae118"
"textures\world g statue poseidon sprite.tga","524332","03b62b2df63044ea92901fa3531d50358375ce7c13ce302d970330751e101e1f"
"textures\world g statue poseidon trident.tga","65580","558c9bfa599e041a49efce556586a2cf830168df307d7a2b1e2ec03aa89727c7"
"textures\world g statue poseidon.tga","1048620","a618708e84d83a9ff66e09327f9498b30255a4b0e9407ecb1595d297bcabc65c"
"textures\world g statue zeus seated.tga","1048620","1561a230cc2fef07e152ad9e023d8da56ecac70a37152633fbcbf79c2b31a507"
"textures\world g statue zeus sprite.tga","524332","74f709ae22fcaaf24a5cf28ebdd06bcce7dd1a750df519934b2a2abbe8a3ba53"
"textures\world g statue zeus.tga","1048620","9b48ea828071062cf4e41ec63bd30bf5fa5d15319e6fc52925c4c19a897f6775"
"textures\world g tent shadow map.tga","262188","0190e9f14e5b9158ca481a3203a047d191eb27ecfa817ee6a42d972355c915c9"
"textures\world g tent.tga","1048620","33713d8288d51362ac22a3fea8423b575bed41e371bb466479ce09e15d044b45"
"textures\world g torch.tga","131116","bce8e94f0705c2038dca64e22674929681816b16b5da428973c1e0db280544ea"
"textures\world g weapons 1 shadow map.tga","65580","a7924d49b22ecc44a0daf3aa4f535e8c5261c3c25ee70f35ca1d1f4dda29d1c9"
"textures\world g weapons 2 shadow map.tga","65580","95a7d9cdf8e228ed3e9ccaf1cf733d16a200d2218a8cb936117205a1cf0195de"
"textures\world g weapons 3 shadow map.tga","65580","13f9c59806770ab16b49b411bd52c406bdc6faa1a1804605b25856faf62208d2"
"textures\world g weapons 4 shadow map.tga","65580","998eec92d25e75a60e008123c460f1dad1a9f783659421651576d4187c9ef0de"
"textures\world g zues uwpassage shadow.tga","262188","7040ba56eade929d3d0b875dd32e2607281f60d3cf273ffc51a0e0375415cbf3"
"textures\world g zues uwpassage.tga","4194348","5c90a3211f59bd08ae56ac3faf5d7bd8b74c7f70e2fb9dc84a8e43591ad9ade5"
"textures\world g zuesstairs.tga","1048620","f836091a2140bc534438d9920feb01f7943d69ae90ca4ed34f4f7954a78806b4"
"textures\world m marsh stump decal.tga","65580","a08c2fb5ae43927d7b302ac5c9e8d38d6e220eb6aa0c3efde24b13d06e09e8cf"
"textures\world m marsh stump shadow.tga","65580","a08c2fb5ae43927d7b302ac5c9e8d38d6e220eb6aa0c3efde24b13d06e09e8cf"
"textures\world m marsh tree burnt map.tga","4194348","097475258ffbd9fed31a7fec81a26c252c36c5110aabdb07f98e0e3cd5a1f769"
"textures\world m marsh tree decal.tga","65580","a08c2fb5ae43927d7b302ac5c9e8d38d6e220eb6aa0c3efde24b13d06e09e8cf"
"textures\world m marsh tree shadow.tga","65580","57e3eae0d32e7ed800d1f4c1f1a58ef4e73984d8798bff1e57eaab4739acd882"
"textures\world m marsh tree.tga","4194348","4b4b43456b062415920fb4f9ceaba423b5c2b0673b65aa6a91075d005ac70873"
"textures\world n ballista broken shadow map.tga","262188","018b5e0039eb743e4bb580f800111809c463a8025da0077f19cad62d881de23f"
"textures\world n brazier map.tga","262188","92c8b2cd8f621a17e49a4c3c76234f1464901e5ef4be6ac1adda74f65f581a8d"
"textures\world n column.tga","131116","d4bd7159efa5a46fd7e82f42aa6a74995425a17e0787377905da44323ca3d3ad"
"textures\world n flag.tga","524332","aa204cce4927b4098aaf434456ab667514ad086e180c4f84e0ac21a2052b26ac"
"textures\world n fountain.tga","131116","938f0c6094b924460619fe1fa9dcc2cc54a0d5cfff9a29ab3ca3d5e5cee57ef0"
"textures\world n garrison flag.tga","131116","5c9131ae8b7e8d7302453c660f2fbe7ce2756b2176b0977b07494e7807794fe9"
"textures\world n loki statue map.tga","1048620","50577ffb3168cc43d26e6445d265d13db7ea0dbf08ae20516510588c441096b4"
"textures\world n milestone.tga","262188","bcfa757c0046ccfaf3654318526801fc80f30b92a46d708c530359367ed13c4c"
"textures\world n odin statue antlers map.tga","262188","526aa02f9e9111f78715eda35d93742e1bd00bf385c592419d6a02d6b7f3edc2"
"textures\world n odin statue map.tga","1048620","f21a5a695eff531f7c41296c5fc012b13a3d5c8d4e1a83aca11978435aee8039"
"textures\world n pine burnt.tga","4194348","9d136a3d8b78561ec4cb628980dfbde9a9cc564c4474830856fd28a53065504c"
"textures\world n pine decal map.tga","262188","b1024b012e8f9738dd7677e79e26d6f8bf9c64de4b1bd951561b1cadb5cdb63f"
"textures\world n pine map.tga","4194348","ccbe95fc2d7cb5e958b74b41c112f15293ab31335d45957cebcef461f731cfce"
"textures\world n pine map2 dead tree.tga","262188","247d5a17fd6eb29c91f3eac87e11eb47edc76b45033cb96b5dd5eb54be4d5c69"
"textures\world n pine map2.tga","4194348","0f37ad1391e2a739262a5893f1c62df7aa32ba704e443445c761fba68699c122"
"textures\world n pine map2snow.tga","4194348","c90c5a37476a0ad146eeee4a495b66b73a3a2b325da135266be2669a9ffbc758"
"textures\world n pine shadow map.tga","262188","37e69e78551cb3cbfac512454ef590189450c050b8553df2a23ffcf93b31eaf4"
"textures\world n pine sprite b.tga","4194348","9a0f4af635d68b253639520ed68a22dc704be58c4b16b10f7463838d5b3ef31a"
"textures\world n pine sprite.tga","4194348","1a1ab09797d55fd2abbf7248f5325477b0a55d5bba2483ee2df9eaa370d06eb8"
"textures\world n pine stump decal map.tga","262188","b1024b012e8f9738dd7677e79e26d6f8bf9c64de4b1bd951561b1cadb5cdb63f"
"textures\world n pine stump shadow map.tga","262188","b1024b012e8f9738dd7677e79e26d6f8bf9c64de4b1bd951561b1cadb5cdb63f"
"textures\world n ram broken shadow map.tga","1048620","0383552d99b410274fea4145deb7c3f1f43d22dab641a5230593e7a6ea477baf"
"textures\world n rocksnow map.tga","1048620","f60f9ca6671bf6d98adda2ad3cdf990093a496d080165abb7af57a14a3b51c0d"
"textures\world n rocksymbols grass map.tga","262188","e121e1f79d764105ed3393c3e29d905387a4adefce75182918c8ab7f63759630"
"textures\world n rocksymbols map.tga","1048620","13e9cbcba54b8677a10f2a0f90adf7535498dfd08b2c6c554c38d23fe8f69a6d"
"textures\world n rocksymbols shadow map.tga","65580","6e9f28a9cc732aa87774a9cad43f7659e72d25060baa4abec3eef5f643b71fe5"
"textures\world n runestone map.tga","1048620","6adc087b6a6a742c120485a2ee5584e8c6196962f4fe26985142c0ae66581774"
"textures\world n runestone shadow map.tga","65580","a877d6d473b2e9827e9f671424f2b95a4793abb36278f0b6abdd8af54faeb315"
"textures\world n statue loki sprite.tga","524332","d98cfb6f688edb793e4ea4eda99cf0e43892cfbfba9df4eb480de399d1c4371d"
"textures\world n statue loki.tga","1048620","acbcfe01ff8b81b504da6af6d9888727b2dc044e33766a466f43ec7ffed89865"
"textures\world n statue mountain giant base.tga","131116","c5ff765c7b81716dbbd688b67fa9207a1fed0160e3536037744a4d7c0a7f1bd1"
"textures\world n statue mountain giant club.tga","32812","28093a7a4a541a9d078cc5da3e52641be4c282c00666b9d076c640a8d4aec17d"
"textures\world n statue mountain giant head.tga","65580","a46c904d834f155a9d265898ce0e0b4605d25a9486fa11f982a5739c0d7decbd"
"textures\world n statue mountain giant.tga","262188","b578fb064d5c3defaf55dc4a3d912b9517b6c80bf5698d12e56ba17b6dd71195"
"textures\world n statue odin sprite.tga","524332","c8be1263a8591f4f195b31ea6912a5edbf145e39bd595bff0f39b3dd11e595a9"
"textures\world n statue odin.tga","1048620","f5a2e008dad56608d54f556be384087b428a2bfe97bf2a9eaf03daac8d947fd0"
"textures\world n statue shadow map.tga","65580","f43d0644e318de41a03ba98c923afb6ac7750e52a5762c234a6a1d410f245fca"
"textures\world n statue thor sprite.tga","524332","e26be9d1bae9dc110c1c0f5f67f0df96fd13b19eb5e1898cba969300798ae17f"
"textures\world n statue thor.tga","1048620","6b930c50b87c9e1495b22102e22bc3af50ed5f123af90014c585a91e805c5b52"
"textures\world n statue tree stump.tga","1048620","228e87fb21f1ba3b21c40ee22f317a9d1391bbec25010a7a261fb352da3ebe63"
"textures\world n tent shadow map.tga","262188","5f6b30bfe8cc1938acb03c73fb68958bb3f4db9aad003afaa4adacc0ec5dccf9"
"textures\world n tent.tga","1048620","5162e440ae72b4d4bd537b1cb87d6cda6ea095ae61a0c0a2fbe43e018088ae1b"
"textures\world n thor statue map.tga","1048620","145ca49e8e363d5be3a70ccdb567544bcf7100e97a4397d46d82f0fc7a5f3263"
"textures\world n torch.tga","131116","8500a9533f9647421060d61a85a5dbf973872d2f39170e60a14a0781abd2b270"
"textures\world n tree all map.tga","4194348","ccbe95fc2d7cb5e958b74b41c112f15293ab31335d45957cebcef461f731cfce"
"textures\world n tree burning map.tga","4194348","5d1fa1d007cf89c0ccd757d47e5ecbd32f4fa3aac28cbf5b26cf278b9d0e0fe7"
"textures\world n tree roots map.tga","262188","92f0c9ff097efeb253b576a4f190afb76a11767e38c05260e89ac7d4995383ff"
"textures\world n weapons 1 shadow map.tga","65580","e44f6cbf5853e55828078e8f69a26d1bc89c3e330fb5cef07582283c95b1e952"
"textures\world n weapons 2 shadow map.tga","65580","feccd936613065a5145f39ba246aaa13555711c290f09398a31da9a06e7b1eb9"
"textures\world n weapons 3 shadow map.tga","65580","ded5a6b438fe36dcc3b925038547174ac410de8cc72636fc17a58f1b91f2744a"
"textures\world n weapons 4 shadow map.tga","65580","1d043b95009eeb9c71e59e20bf59797b8b10ebdd178e48d73a164575fe9eb56c"
"textures\world n well of urd ground map b.tga","4194348","068f80de9acff4e4b2e8fa6dd62be3a7c165a49d6f5145418659f46d3c85d28d"
"textures\world n well of urd ground map.tga","4194348","2df93b38aa3bce2dcbcf8e0022748c80f01c653088802eec22bfcc1df3fe0e0f"
"textures\world n well of urd runes map.tga","1048620","f74135c94e8e32961c002b15d56135636ed95401375f418a130dcb70abf6af7c"
"textures\world n well of urd.tga","4194348","d1d7902221a9dbaf77c971d790cd1872eecc10617196cd439926b99aec03d6ef"
"textures\world t tundra burnt map.tga","4194348","b754d3649cbdf18bc31b670e7fee7e6b326a9cfe7199f25742f6a9b9b03fa34a"
"textures\world t tundra stump decal.tga","65580","935c7049cfa2f06687cf09e85b09079c336ef73a858faccd9bc393de9d06c521"
"textures\world t tundra stump shadow.tga","65580","935c7049cfa2f06687cf09e85b09079c336ef73a858faccd9bc393de9d06c521"
"textures\world t tundra tree decal.tga","65580","935c7049cfa2f06687cf09e85b09079c336ef73a858faccd9bc393de9d06c521"
"textures\world t tundra tree shadow.tga","65580","28e3469aa75abf5311663ab9689f5ec60206867a21c2b52f0ff8d9aa3c419d51"
"textures\world t tundra tree.tga","4194348","8ef43624fa486fb4a58a5f556d200673357114987c985bfe6db3621717c2d242"
"textures\world x column brokena shadow.tga","65580","54766bd413213340ad9c794430e9ee5f7a84f64de35a81591cafc1906714a9b3"
"textures\world x column brokenb shadow.tga","65580","d236495641c57b228f5ce4f88c730f2d97df7853cce6cf0a6237b8c6fa2f8cd5"
"textures\world x column brokenc shadow.tga","65580","e328b32b1a03ca3df0a276535635f50f34b5535f1fab0a29b35c57e880814203"
"textures\world x column brokend shadow.tga","65580","976fd197851f62baaf787ef87f827476064fea11fafc04c276eb92ac39037acb"
"textures\world x column fallen shadow.tga","65580","314d86c0a3682a09f73d2ddeaf026d389d55bd9e406a0cc40f087184661928cb"
"textures\world x column shadow.tga","65580","ea46e99bb624136db6c92621d8b58a53d725d5c91bc6de17b1e6e52586e31af0"
"textures\world x column.tga","524332","a6c157df8f2b92d283e72ea9f27c99bd4cfe5e91791c96e57566703f6d4c3b29"
"textures\world x earth 01.tga","4194348","047904aa9c275ced55bdd78a74f5eec9e5ef345824f04f057099d23378270087"
"textures\world x earth 02.tga","4194348","e3d390402e1af11c62b23d3427a7fcea96345f6877a158a17fffd29fa1aead60"
"textures\world x earth 03.tga","4194348","44492c0214025637611fdb7c53f43ccdebe95f3b2a5ac5ddffd3cd04cdefe219"
"textures\world x earth 04.tga","4194348","1358b1c3ba61d3918956a78fc8a7d0798b222013ba87d14164b69915d20aae07"
"textures\world x earth map.tga","4194348","5e4813523030c14d2f10b6efb4b06747c6c5cd48148d592619bd9ea1522e4a0c"
"textures\world x gaia  statue map.tga","1048620","ca6c87b81871201bafdfa2233be2be5cbd0bfd055d32f13797c1ed88547b063d"
"textures\world x lava pit.tga","4194348","bc021bafbe63e087deebfcd4e69470cda6e14e1768e6cf7050af2f5ea53f39d1"
"textures\world x stars map.tga","4194348","6498d4769a0d5bde950370a72c7fa728a748db475079ee990a88da858bcb5865"
"textures\world x statue gaia sprite.tga","524332","621f9338bc2a5ffa32de6bcf93364087e8e2c7fa4c1b6fdda9c0839e70225046"
"textures\world x statue kronos sprite.tga","524332","27077dd39010c23a50238ecf15f14e5df3f6f3122ce4dd64f39d3fba2d087103"
"textures\world x statue oranos sprite.tga","524332","7d68b66b23c572576966121ebb05dee17ce9a8c5f6a20d15a7f04d5579f02ba3"
"textures\world x volcano lava.tga","1048620","89c4906aae9717a4da0a88351a155fa627d49d6ee9217eb8c4c54753bf2100c9"
"textures\world x volcano.tga","4194348","e13b0f7e8849c6b8786b733424519dd0b44b0179f38276785acb8b35c17444eb"
