=== AoM:EE PBRify V4 full explicit compile V4 ===
Started: 2026-09-30T14:29:15.3534151-04:00
Expected compilation count: 7486
Explicit formats: BC1, BC2, BC3, DeflatedRGBA8, DeflatedRGB8
DeflatedRGB8 input staging: true 24-bit TGA
Known fallback: Blue Lagoon BC1 -> BC2

[dlc-frontend\textures\ui\screen shot a_01.tga]
Running Texture Compiler...
Processed: 1
1 texture(s) processed!

[dlc-frontend\textures\ui\screen shot a_02.tga]
Running Texture Compiler...
Processed: 1
1 texture(s) processed!

[dlc-frontend\textures\ui\screen shot a_03.tga]
Running Texture Compiler...
Processed: 1
1 texture(s) processed!

[dlc-frontend\textures\ui\screen shot a_04.tga]
Running Texture Compiler...
Processed: 1
1 texture(s) processed!

[dlc-frontend\textures\ui\screen shot a_05.tga]
Running Texture Compiler...
Processed: 1
1 texture(s) processed!

[dlc-frontend\textures\ui\screen shot a_06.tga]
Running Texture Compiler...
Processed: 1
1 texture(s) processed!

[dlc-frontend\textures\ui\screen shot a_07.tga]
Running Texture Compiler...
Processed: 1
1 texture(s) processed!

[dlc-frontend\textures\ui\screen shot a_08.tga]
Running Texture Compiler...
Processed: 1
1 texture(s) processed!

[dlc-frontend\textures\ui\screen shot a_09.tga]
Running Texture Compiler...
Processed: 1
1 texture(s) processed!

[dlc-frontend\textures\ui\screen shot a_10.tga]
Running Texture Compiler...
Processed: 1
1 texture(s) processed!

[dlc-frontend\textures\ui\screen shot a_11.tga]
Running Texture Compiler...
Processed: 1
1 texture(s) processed!

[dlc-frontend\textures\ui\screen shot a_12.tga]
Running Texture Compiler...
Processed: 1
1 texture(s) processed!

[dlc-frontend\textures\ui\ui background opaque 1.tga]
Running Texture Compiler...
Processed: 1
1 texture(s) processed!

[dlc-frontend\textures\ui\ui background opaque 2.tga]
Running Texture Compiler...
Processed: 1
1 texture(s) processed!

[dlc-frontend\textures\ui\ui background opaque 3.tga]
Running Texture Compiler...
Processed: 1
1 texture(s) processed!

[dlc-frontend\textures\ui\ui border bottom left corner.tga]
Running Texture Compiler...
Processed: 1
1 texture(s) processed!

[dlc-frontend\textures\ui\ui border bottom middle.tga]
Running Texture Compiler...
Processed: 1
1 texture(s) processed!

[dlc-frontend\textures\ui\ui border bottom right corner.tga]
Running Texture Compiler...
Processed: 1
1 texture(s) processed!

[dlc-frontend\textures\ui\ui border left middle.tga]
Running Texture Compiler...
Processed: 1
1 texture(s) processed!

[dlc-frontend\textures\ui\ui border right middle.tga]
Running Texture Compiler...
Processed: 1
1 texture(s) processed!

[dlc-frontend\textures\ui\ui border top left corner.tga]
Running Texture Compiler...
Processed: 1
1 texture(s) processed!

[dlc-frontend\textures\ui\ui border top middle.tga]
Running Texture Compiler...
Processed: 1
1 texture(s) processed!

[dlc-frontend\textures\ui\ui border top right corner.tga]
Running Texture Compiler...
Processed: 1
1 texture(s) processed!

[dlc-frontend\textures\ui\ui button arrow down 32x64 clicked.tga]
Running Texture Compiler...
Processed: 1
1 texture(s) processed!

[dlc-frontend\textures\ui\ui button arrow down 32x64 rollover.tga]
Running Texture Compiler...
Processed: 1
1 texture(s) processed!

[dlc-frontend\textures\ui\ui button arrow down 32x64.tga]
Running Texture Compiler...
Processed: 1
1 texture(s) processed!

[dlc-frontend\textures\ui\ui button arrow left 64x32 clicked.tga]
Running Texture Compiler...
Processed: 1
1 texture(s) processed!

[dlc-frontend\textures\ui\ui button arrow left 64x32 rollover.tga]
Running Texture Compiler...
Processed: 1
1 texture(s) processed!

[dlc-frontend\textures\ui\ui button arrow left 64x32.tga]
Running Texture Compiler...
Processed: 1
1 texture(s) processed!

[dlc-frontend\textures\ui\ui button arrow right 64x32 clicked.tga]
Running Texture Compiler...
Processed: 1
1 texture(s) processed!

[dlc-frontend\textures\ui\ui button arrow right 64x32 rollover.tga]
Running Texture Compiler...
Processed: 1
1 texture(s) processed!

[dlc-frontend\textures\ui\ui button arrow right 64x32.tga]
Running Texture Compiler...
Processed: 1
1 texture(s) processed!

[dlc-frontend\textures\ui\ui button arrow up 32x64 clicked.tga]
Running Texture Compiler...
Processed: 1
1 texture(s) processed!

[dlc-frontend\textures\ui\ui button arrow up 32x64 rollover.tga]
Running Texture Compiler...
Processed: 1
1 texture(s) processed!

[dlc-frontend\textures\ui\ui button arrow up 32x64.tga]
Running Texture Compiler...
Processed: 1
1 texture(s) processed!

[dlc-frontend\textures\ui\ui button check box 32x32 clicked.tga]
Running Texture Compiler...
Processed: 1
1 texture(s) processed!

[dlc-frontend\textures\ui\ui button check box 32x32 rollover.tga]
Running Texture Compiler...
Processed: 1
1 texture(s) processed!

[dlc-frontend\textures\ui\ui button check box 32x32.tga]
Running Texture Compiler...
Processed: 1
1 texture(s) processed!

[dlc-frontend\textures\ui\ui button long 128x32 clicked.tga]
Running Texture Compiler...
Processed: 1
1 texture(s) processed!

[dlc-frontend\textures\ui\ui button long 128x32 rollover.tga]
Running Texture Compiler...
Processed: 1
1 texture(s) processed!

[dlc-frontend\textures\ui\ui button long 128x32.tga]
Running Texture Compiler...
Processed: 1
1 texture(s) processed!

[dlc-frontend\textures\ui\ui button long 160x32 clicked.tga]
Running Texture Compiler...
Processed: 1
1 texture(s) processed!

[dlc-frontend\textures\ui\ui button long 160x32 rollover.tga]
Running Texture Compiler...
Processed: 1
1 texture(s) processed!

[dlc-frontend\textures\ui\ui button long 160x32.tga]
Running Texture Compiler...
Processed: 1
1 texture(s) processed!

[dlc-frontend\textures\ui\ui button long 192x32 clicked.tga]
Running Texture Compiler...
Processed: 1
1 texture(s) processed!

[dlc-frontend\textures\ui\ui button long 192x32 rollover.tga]
Running Texture Compiler...
Processed: 1
1 texture(s) processed!

[dlc-frontend\textures\ui\ui button long 192x32.tga]
Running Texture Compiler...
Processed: 1
1 texture(s) processed!

[dlc-frontend\textures\ui\ui button long 224x32 clicked.tga]
Running Texture Compiler...
Processed: 1
1 texture(s) processed!

[dlc-frontend\textures\ui\ui button long 224x32 rollover.tga]
Running Texture Compiler...
Processed: 1
1 texture(s) processed!

[dlc-frontend\textures\ui\ui button long 224x32.tga]
Running Texture Compiler...
Processed: 1
1 texture(s) processed!

[dlc-frontend\textures\ui\ui button long 96x32 clicked.tga]
Running Texture Compiler...
Processed: 1
1 texture(s) processed!

[dlc-frontend\textures\ui\ui button long 96x32 rollover.tga]
Running Texture Compiler...
Processed: 1
1 texture(s) processed!

[dlc-frontend\textures\ui\ui button long 96x32.tga]
Running Texture Compiler...
Processed: 1
1 texture(s) processed!

[dlc-frontend\textures\ui\ui button radial 32x32 clicked.tga]
Running Texture Compiler...
Processed: 1
1 texture(s) processed!

[dlc-frontend\textures\ui\ui button radial 32x32 rollover.tga]
Running Texture Compiler...
Processed: 1
1 texture(s) processed!

[dlc-frontend\textures\ui\ui button radial 32x32.tga]
Running Texture Compiler...
Processed: 1
1 texture(s) processed!

[dlc-frontend\textures\ui\ui button slider arrow down 32x32 clicked.tga]
Running Texture Compiler...
Processed: 1
1 texture(s) processed!

[dlc-frontend\textures\ui\ui button slider arrow down 32x32 rollover.tga]
Running Texture Compiler...
Processed: 1
1 texture(s) processed!

[dlc-frontend\textures\ui\ui button slider arrow down 32x32.tga]
Running Texture Compiler...
Processed: 1
1 texture(s) processed!

[dlc-frontend\textures\ui\ui button slider arrow left 32x32 clicked.tga]
Running Texture Compiler...
Processed: 1
1 texture(s) processed!

[dlc-frontend\textures\ui\ui button slider arrow left 32x32 rollover.tga]
Running Texture Compiler...
Processed: 1
1 texture(s) processed!

[dlc-frontend\textures\ui\ui button slider arrow left 32x32.tga]
Running Texture Compiler...
Processed: 1
1 texture(s) processed!

[dlc-frontend\textures\ui\ui button slider arrow right 32x32 clicked.tga]
Running Texture Compiler...
Processed: 1
1 texture(s) processed!

[dlc-frontend\textures\ui\ui button slider arrow right 32x32 rollover.tga]
Running Texture Compiler...
Processed: 1
1 texture(s) processed!

[dlc-frontend\textures\ui\ui button slider arrow right 32x32.tga]
Running Texture Compiler...
Processed: 1
1 texture(s) processed!

[dlc-frontend\textures\ui\ui button slider arrow up 32x32 clicked.tga]
Running Texture Compiler...
Processed: 1
1 texture(s) processed!

[dlc-frontend\textures\ui\ui button slider arrow up 32x32 rollover.tga]
Running Texture Compiler...
Processed: 1
1 texture(s) processed!

[dlc-frontend\textures\ui\ui button slider arrow up 32x32.tga]
Running Texture Compiler...
Processed: 1
1 texture(s) processed!

[dlc-frontend\textures\ui\ui god all random 256x256.tga]
Running Texture Compiler...
Processed: 1
1 texture(s) processed!

[dlc-frontend\textures\ui\ui god all random 32x32.tga]
Running Texture Compiler...
Processed: 1
1 texture(s) processed!

[dlc-frontend\textures\ui\ui god boarder highlight 128x128.tga]
Running Texture Compiler...
Processed: 1
1 texture(s) processed!

[dlc-frontend\textures\ui\ui icon button clicked.tga]
Running Texture Compiler...
Processed: 1
1 texture(s) processed!

[dlc-frontend\textures\ui\ui icon button foreground film.tga]
Running Texture Compiler...
Processed: 1
1 texture(s) processed!

[dlc-frontend\textures\ui\ui icon button foreground history.tga]
Running Texture Compiler...
Processed: 1
1 texture(s) processed!

[dlc-frontend\textures\ui\ui icon button foreground options.tga]
Running Texture Compiler...
Processed: 1
1 texture(s) processed!

[dlc-frontend\textures\ui\ui icon button foreground steam.tga]
Running Texture Compiler...
Processed: 1
1 texture(s) processed!

[dlc-frontend\textures\ui\ui icon button rollover.tga]
Running Texture Compiler...
Processed: 1
1 texture(s) processed!

[dlc-frontend\textures\ui\ui icon button.tga]
Running Texture Compiler...
Processed: 1
1 texture(s) processed!

[dlc-frontend\textures\ui\ui map boarder highlight 128x128.tga]
Running Texture Compiler...
Processed: 1
1 texture(s) processed!

[dlc-frontend\textures\ui\ui map boarder template 128x128.tga]
Running Texture Compiler...
Processed: 1
1 texture(s) processed!

[dlc-frontend\textures\ui\ui map size select giant clicked.tga]
Running Texture Compiler...
Processed: 1
1 texture(s) processed!

[dlc-frontend\textures\ui\ui map size select giant.tga]
Running Texture Compiler...
Processed: 1
1 texture(s) processed!

[dlc-frontend\textures\ui\ui map size select large clicked.tga]
Running Texture Compiler...
Processed: 1
1 texture(s) processed!

[dlc-frontend\textures\ui\ui map size select large.tga]
Running Texture Compiler...
Processed: 1
1 texture(s) processed!

[dlc-frontend\textures\ui\ui map size select normal clicked.tga]
Running Texture Compiler...
Processed: 1
1 texture(s) processed!

[dlc-frontend\textures\ui\ui pregame button clicked.tga]
Running Texture Compiler...
Processed: 1
1 texture(s) processed!

[dlc-frontend\textures\ui\ui pregame button glow.tga]
Running Texture Compiler...
Processed: 1
1 texture(s) processed!

[dlc-frontend\textures\ui\ui pregame button rollover.tga]
Running Texture Compiler...
Processed: 1
1 texture(s) processed!

[dlc-frontend\textures\ui\ui pregame button.tga]
Running Texture Compiler...
Processed: 1
1 texture(s) processed!

[dlc-frontend\textures\ui\ui pregame left bottom.tga]
Running Texture Compiler...
Processed: 1
1 texture(s) processed!

[dlc-frontend\textures\ui\ui pregame left middle.tga]
Running Texture Compiler...
Processed: 1
1 texture(s) processed!

[dlc-frontend\textures\ui\ui pregame left top.tga]
Running Texture Compiler...
Processed: 1
1 texture(s) processed!

[dlc-frontend\textures\ui\ui pregame right bottom.tga]
Running Texture Compiler...
Processed: 1
1 texture(s) processed!

[dlc-frontend\textures\ui\ui pregame right middle.tga]
Running Texture Compiler...
Processed: 1
1 texture(s) processed!

[dlc-frontend\textures\ui\ui pregame right top.tga]
Running Texture Compiler...
Processed: 1
1 texture(s) processed!

[dlc-frontend\textures\ui\ui pregame transparency background.tga]
Running Texture Compiler...
Processed: 1
1 texture(s) processed!

[dlc-frontend\textures\ui\ui scroll bottom tile 8x8.tga]
Running Texture Compiler...
Processed: 1
1 texture(s) processed!

[dlc-frontend\textures\ui\ui scroll bottom tile.tga]
Running Texture Compiler...
Processed: 1
1 texture(s) processed!

[dlc-frontend\textures\ui\ui scroll cap left 8x8.tga]
Running Texture Compiler...
Processed: 1
1 texture(s) processed!

[dlc-frontend\textures\ui\ui scroll cap left.tga]
Running Texture Compiler...
Processed: 1
1 texture(s) processed!

[dlc-frontend\textures\ui\ui scroll cap right 8x8.tga]
Running Texture Compiler...
Processed: 1
1 texture(s) processed!

[dlc-frontend\textures\ui\ui scroll cap right.tga]
Running Texture Compiler...
Processed: 1
1 texture(s) processed!

[dlc-frontend\textures\ui\ui scroll middle 128x16.tga]
Running Texture Compiler...
Processed: 1
1 texture(s) processed!

[dlc-frontend\textures\ui\ui scroll middle 256x16.tga]
Running Texture Compiler...
Processed: 1
1 texture(s) processed!

[dlc-frontend\textures\ui\ui scroll middle 64x16.tga]
Running Texture Compiler...
Processed: 1
1 texture(s) processed!

[dlc-frontend\textures\ui\ui scroll middle tile 8x8.tga]
Running Texture Compiler...
Processed: 1
1 texture(s) processed!

[dlc-frontend\textures\ui\ui scroll middle tile.tga]
Running Texture Compiler...
Processed: 1
1 texture(s) processed!

[dlc-frontend\textures\ui\ui scroll top tile 8x8.tga]
Running Texture Compiler...
Processed: 1
1 texture(s) processed!

[dlc-frontend\textures\ui\ui scroll top tile.tga]
Running Texture Compiler...
Processed: 1
1 texture(s) processed!

[dlc-frontend\textures\ui\ui text box left.tga]
Running Texture Compiler...
Processed: 1
1 texture(s) processed!

[dlc-frontend\textures\ui\ui text box middle.tga]
Running Texture Compiler...
Processed: 1
1 texture(s) processed!

[dlc-frontend\textures\ui\ui text box right.tga]
Running Texture Compiler...
Processed: 1
1 texture(s) processed!

[dlc-frontend\textures\ui\ui text chat box.tga]
Running Texture Compiler...
Processed: 1
1 texture(s) processed!

[textures\_missingtexture.tga]
Running Texture Compiler...
Processed: 1
1 texture(s) processed!

[textures\agamemnon map.tga]
Running Texture Compiler...
Processed: 1
1 texture(s) processed!

[textures\animal aurochs map.tga]
Running Texture Compiler...
Processed: 1
1 texture(s) processed!

[textures\animal baboon corpse bodya.tga]
Running Texture Compiler...
Processed: 1
1 texture(s) processed!

[textures\animal baboon corpse skeletona.tga]
Running Texture Compiler...
Processed: 1
1 texture(s) processed!

[textures\animal baboon map.tga]
Running Texture Compiler...
Processed: 1
1 texture(s) processed!

[textures\animal bear corpse bodya.tga]
Running Texture Compiler...
Processed: 1
1 texture(s) processed!

[textures\animal bear corpse skeletona.tga]
Running Texture Compiler...
Processed: 1
1 texture(s) processed!

[textures\animal bear map.tga]
Running Texture Compiler...
Processed: 1
1 texture(s) processed!

[textures\animal bearlaser beam map.tga]
Running Texture Compiler...
Processed: 1
1 texture(s) processed!

[textures\animal bearlaser cape map.tga]
Running Texture Compiler...
Processed: 1
1 texture(s) processed!

[textures\animal bearlaser map.tga]
Running Texture Compiler...
Processed: 1
1 texture(s) processed!

[textures\animal boar corpse bodya.tga]
Running Texture Compiler...
Processed: 1
1 texture(s) processed!

[textures\animal boar corpse skeletona.tga]
Running Texture Compiler...
Processed: 1
1 texture(s) processed!

[textures\animal boar map.tga]
Running Texture Compiler...
Processed: 1
1 texture(s) processed!

[textures\animal camel map.tga]
Running Texture Compiler...
Processed: 1
1 texture(s) processed!

[textures\animal caribou antlers map.tga]
Running Texture Compiler...
Processed: 1
1 texture(s) processed!

[textures\animal caribou corpse bodya.tga]
Running Texture Compiler...
Processed: 1
1 texture(s) processed!

[textures\animal caribou corpse skeletona.tga]
Running Texture Compiler...
Processed: 1
1 texture(s) processed!

[textures\animal caribou map.tga]
Running Texture Compiler...
Processed: 1
1 texture(s) processed!

[textures\animal chicken corpse bodya.tga]
Running Texture Compiler...
Processed: 1
1 texture(s) processed!

[textures\animal chicken corpse skeletona.tga]
Running Texture Compiler...
Processed: 1
1 texture(s) processed!

[textures\animal chicken map.tga]
Running Texture Compiler...
Processed: 1
1 texture(s) processed!

[textures\animal chicken.tga]
Running Texture Compiler...
Processed: 1
1 texture(s) processed!

[textures\animal cow a map.tga]
Running Texture Compiler...
Processed: 1
1 texture(s) processed!

[textures\animal cow b map.tga]
Running Texture Compiler...
Processed: 1
1 texture(s) processed!

[textures\animal cow c map.tga]
Running Texture Compiler...
Processed: 1
1 texture(s) processed!

[textures\animal cow corpse bodya.tga]
Running Texture Compiler...
Processed: 1
1 texture(s) processed!

[textures\animal cow corpse skeletona.tga]
Running Texture Compiler...
Processed: 1
1 texture(s) processed!

[textures\animal cow map.tga]
Running Texture Compiler...
Processed: 1
1 texture(s) processed!

[textures\animal crocodile corpse bodya.tga]
Running Texture Compiler...
Processed: 1
1 texture(s) processed!

[textures\animal crocodile corpse skeletona.tga]
Running Texture Compiler...
Processed: 1
1 texture(s) processed!

[textures\animal crocodile map.tga]
Running Texture Compiler...
Processed: 1
1 texture(s) processed!

[textures\animal crowned crane corpse bodya.tga]
Running Texture Compiler...
Processed: 1
1 texture(s) processed!

[textures\animal crowned crane corpse skeletona.tga]
Running Texture Compiler...
Processed: 1
1 texture(s) processed!

[textures\animal crowned crane map.tga]
Running Texture Compiler...
Processed: 1
1 texture(s) processed!

[textures\animal deer corpse bodya.tga]
Running Texture Compiler...
Processed: 1
1 texture(s) processed!

[textures\animal deer corpse skeletona.tga]
Running Texture Compiler...
Processed: 1
1 texture(s) processed!

[textures\animal deer map.tga]
Running Texture Compiler...
Processed: 1
1 texture(s) processed!

[textures\animal dog a map.tga]
Running Texture Compiler...
Processed: 1
1 texture(s) processed!

[textures\animal dog b map.tga]
Running Texture Compiler...
Processed: 1
1 texture(s) processed!

[textures\animal dove.tga]
Running Texture Compiler...
Processed: 1
1 texture(s) processed!

[textures\animal duck map.tga]
Running Texture Compiler...
Processed: 1
1 texture(s) processed!

[textures\animal eagle map.tga]
Running Texture Compiler...
Processed: 1
1 texture(s) processed!

[textures\animal elephant indian.tga]
Running Texture Compiler...
Processed: 1
1 texture(s) processed!

[textures\animal elephant map.tga]
Running Texture Compiler...
Processed: 1
1 texture(s) processed!

[textures\animal elk corpse bodya.tga]
Running Texture Compiler...
Processed: 1
1 texture(s) processed!

[textures\animal elk corpse skeletona.tga]
Running Texture Compiler...
Processed: 1
1 texture(s) processed!

[textures\animal elk map.tga]
Running Texture Compiler...
Processed: 1
1 texture(s) processed!

[textures\animal fish anchovy.tga]
Running Texture Compiler...
Processed: 1
1 texture(s) processed!

[textures\animal fish herring.tga]
Running Texture Compiler...
Processed: 1
1 texture(s) processed!

[textures\animal fish mahi.tga]
Running Texture Compiler...
Processed: 1
1 texture(s) processed!

[textures\animal fish perch.tga]
Running Texture Compiler...
Processed: 1
1 texture(s) processed!

[textures\animal fish salmon.tga]
Running Texture Compiler...
Processed: 1
1 texture(s) processed!

[textures\animal flying purple hippo.tga]
Running Texture Compiler...
Processed: 1
1 texture(s) processed!

[textures\animal flying purple love.tga]
Running Texture Compiler...
Processed: 1
1 texture(s) processed!

[textures\animal flying purple rainbow.tga]
Running Texture Compiler...
Processed: 1
1 texture(s) processed!

[textures\animal gazelle corpse bodya.tga]
Running Texture Compiler...
Processed: 1
1 texture(s) processed!

[textures\animal gazelle corpse skeletona.tga]
Running Texture Compiler...
Processed: 1
1 texture(s) processed!

[textures\animal gazelle map.tga]
Running Texture Compiler...
Processed: 1
1 texture(s) processed!

[textures\animal giraffe corpse bodya.tga]
Running Texture Compiler...
Processed: 1
1 texture(s) processed!

[textures\animal giraffe corpse skeletona.tga]
Running Texture Compiler...
Processed: 1
1 texture(s) processed!

[textures\animal giraffe map.tga]
Running Texture Compiler...
Processed: 1
1 texture(s) processed!

[textures\animal goat corpse bodya.tga]
Running Texture Compiler...
Processed: 1
1 texture(s) processed!

[textures\animal goat corpse skeletona.tga]
Running Texture Compiler...
Processed: 1
1 texture(s) processed!

[textures\animal goat map.tga]
Running Texture Compiler...
Processed: 1
1 texture(s) processed!

[textures\animal goatnubian map.tga]
Running Texture Compiler...
Processed: 1
1 texture(s) processed!

[textures\animal hawk map.tga]
Running Texture Compiler...
Processed: 1
1 texture(s) processed!

[textures\animal hawk.tga]
Running Texture Compiler...
Processed: 1
1 texture(s) processed!

[textures\animal hippo corpse bodya.tga]
Running Texture Compiler...
Processed: 1
1 texture(s) processed!

[textures\animal hippo corpse skeletona.tga]
Running Texture Compiler...
Processed: 1
1 texture(s) processed!

[textures\animal hippo map.tga]
Running Texture Compiler...
Processed: 1
1 texture(s) processed!

[textures\animal horse map.tga]
Running Texture Compiler...
Processed: 1
1 texture(s) processed!

[textures\animal hyena corpse bodya.tga]
Running Texture Compiler...
Processed: 1
1 texture(s) processed!

[textures\animal hyena corpse skeletona.tga]
Running Texture Compiler...
Processed: 1
1 texture(s) processed!

[textures\animal hyena map.tga]
Running Texture Compiler...
Processed: 1
1 texture(s) processed!

[textures\animal lion corpse bodya.tga]
Running Texture Compiler...
Processed: 1
1 texture(s) processed!

[textures\animal lion corpse skeletona.tga]
Running Texture Compiler...
Processed: 1
1 texture(s) processed!

[textures\animal lion map.tga]
Running Texture Compiler...
Processed: 1
1 texture(s) processed!

[textures\animal lizard corpse bodya.tga]
Running Texture Compiler...
Processed: 1
1 texture(s) processed!

[textures\animal lizard corpse skeletona.tga]
Running Texture Compiler...
Processed: 1
1 texture(s) processed!

[textures\animal lizard map.tga]
Running Texture Compiler...
Processed: 1
1 texture(s) processed!

[textures\animal monkey corpse bodya.tga]
Running Texture Compiler...
Processed: 1
1 texture(s) processed!

[textures\animal monkey corpse skeletona.tga]
Running Texture Compiler...
Processed: 1
1 texture(s) processed!

[textures\animal monkey map.tga]
Running Texture Compiler...
Processed: 1
1 texture(s) processed!

[textures\animal musk ox.tga]
Running Texture Compiler...
Processed: 1
1 texture(s) processed!

[textures\animal orca map.tga]
Running Texture Compiler...
Processed: 1
1 texture(s) processed!

[textures\animal panda bear corpse bodya.tga]
Running Texture Compiler...
Processed: 1
1 texture(s) processed!

[textures\animal panda bear corpse skeletona.tga]
Running Texture Compiler...
Processed: 1
1 texture(s) processed!

[textures\animal panda bear icon.tga]
Running Texture Compiler...
Processed: 1
1 texture(s) processed!

[textures\animal panda bear map.tga]
Running Texture Compiler...
Processed: 1
1 texture(s) processed!

[textures\animal parrot map.tga]
Running Texture Compiler...
Processed: 1
1 texture(s) processed!

[textures\animal pig map.tga]
Running Texture Compiler...
Processed: 1
1 texture(s) processed!

[textures\animal polar bear map.tga]
Running Texture Compiler...
Processed: 1
1 texture(s) processed!

[textures\animal prmonkey.tga]
Running Texture Compiler...
Processed: 1
1 texture(s) processed!

[textures\animal ram map.tga]
Running Texture Compiler...
Processed: 1
1 texture(s) processed!

[textures\animal rhino corpse bodya.tga]
Running Texture Compiler...
Processed: 1
1 texture(s) processed!

[textures\animal rhino corpse skeletona.tga]
Running Texture Compiler...
Processed: 1
1 texture(s) processed!

[textures\animal rhino map.tga]
Running Texture Compiler...
Processed: 1
1 texture(s) processed!

[textures\animal rooster.tga]
Running Texture Compiler...
Processed: 1
1 texture(s) processed!

[textures\animal sea gull.tga]
Running Texture Compiler...
Processed: 1
1 texture(s) processed!

[textures\animal shark map.tga]
Running Texture Compiler...
Processed: 1
1 texture(s) processed!

[textures\animal tiger corpse bodya.tga]
Running Texture Compiler...
Processed: 1
1 texture(s) processed!

[textures\animal tiger corpse skeletona.tga]
Running Texture Compiler...
Processed: 1
1 texture(s) processed!

[textures\animal tiger icon.tga]
Running Texture Compiler...
Processed: 1
1 texture(s) processed!

[textures\animal tiger map.tga]
Running Texture Compiler...
Processed: 1
1 texture(s) processed!

[textures\animal wallrus corpse bodya.tga]
Running Texture Compiler...
Processed: 1
1 texture(s) processed!

[textures\animal wallrus corpse skeletona.tga]
Running Texture Compiler...
Processed: 1
1 texture(s) processed!

[textures\animal walrus map.tga]
Running Texture Compiler...
Processed: 1
1 texture(s) processed!

[textures\animal water buffalo corpse bodya.tga]
Running Texture Compiler...
Processed: 1
1 texture(s) processed!

[textures\animal water buffalo corpse skeletona.tga]
Running Texture Compiler...
Processed: 1
1 texture(s) processed!

[textures\animal waterbuffalo map.tga]
Running Texture Compiler...
Processed: 1
1 texture(s) processed!

[textures\animal whale map.tga]
Running Texture Compiler...
Processed: 1
1 texture(s) processed!

[textures\animal white tiger map.tga]
Running Texture Compiler...
Processed: 1
1 texture(s) processed!

[textures\animal william walrus map.tga]
Running Texture Compiler...
Processed: 1
1 texture(s) processed!

[textures\animal wolf arctic map.tga]
Running Texture Compiler...
Processed: 1
1 texture(s) processed!

[textures\animal wolf artic map.tga]
Running Texture Compiler...
Processed: 1
1 texture(s) processed!

[textures\animal wolf corpse bodya.tga]
Running Texture Compiler...
Processed: 1
1 texture(s) processed!

[textures\animal wolf corpse skeletona.tga]
Running Texture Compiler...
Processed: 1
1 texture(s) processed!

[textures\animal wolf map.tga]
Running Texture Compiler...
Processed: 1
1 texture(s) processed!

[textures\animal yak.tga]
Running Texture Compiler...
Processed: 1
1 texture(s) processed!

[textures\animal zebra map.tga]
Running Texture Compiler...
Processed: 1
1 texture(s) processed!

[textures\ankh.tga]
Running Texture Compiler...
Processed: 1
1 texture(s) processed!

[textures\archer c chu ko nu icon.tga]
Running Texture Compiler...
Processed: 1
1 texture(s) processed!

[textures\archer c crossbow.tga]
Running Texture Compiler...
Processed: 1
1 texture(s) processed!

[textures\archer c crossbowman bowstring.tga]
Running Texture Compiler...
Processed: 1
1 texture(s) processed!

[textures\archer c crossbowman bronze.tga]
Running Texture Compiler...
Processed: 1
1 texture(s) processed!

[textures\archer c crossbowman copper.tga]
Running Texture Compiler...
Processed: 1
1 texture(s) processed!

[textures\archer c crossbowman head bronze.tga]
Running Texture Compiler...
Processed: 1
1 texture(s) processed!

[textures\archer c crossbowman head copper.tga]
Running Texture Compiler...
Processed: 1
1 texture(s) processed!

[textures\archer c crossbowman head iron.tga]
Running Texture Compiler...
Processed: 1
1 texture(s) processed!

[textures\archer c crossbowman head standard.tga]
Running Texture Compiler...
Processed: 1
1 texture(s) processed!

[textures\archer c crossbowman iron.tga]
Running Texture Compiler...
Processed: 1
1 texture(s) processed!

[textures\archer c crossbowman standard.tga]
Running Texture Compiler...
Processed: 1
1 texture(s) processed!

[textures\archer c mounted archer bronze.tga]
Running Texture Compiler...
Processed: 1
1 texture(s) processed!

[textures\archer c mounted archer copper.tga]
Running Texture Compiler...
Processed: 1
1 texture(s) processed!

[textures\archer c mounted archer head bronze.tga]
Running Texture Compiler...
Processed: 1
1 texture(s) processed!

[textures\archer c mounted archer head copper.tga]
Running Texture Compiler...
Processed: 1
1 texture(s) processed!

[textures\archer c mounted archer head iron.tga]
Running Texture Compiler...
Processed: 1
1 texture(s) processed!

[textures\archer c mounted archer head standard.tga]
Running Texture Compiler...
Processed: 1
1 texture(s) processed!

[textures\archer c mounted archer horse bronze.tga]
Running Texture Compiler...
Processed: 1
1 texture(s) processed!

[textures\archer c mounted archer horse copper.tga]
Running Texture Compiler...
Processed: 1
1 texture(s) processed!

[textures\archer c mounted archer horse iron.tga]
Running Texture Compiler...
Processed: 1
1 texture(s) processed!

[textures\archer c mounted archer horse standard.tga]
Running Texture Compiler...
Processed: 1
1 texture(s) processed!

[textures\archer c mounted archer icon.tga]
Running Texture Compiler...
Processed: 1
1 texture(s) processed!

[textures\archer c mounted archer iron.tga]
Running Texture Compiler...
Processed: 1
1 texture(s) processed!

[textures\archer c mounted archer standard.tga]
Running Texture Compiler...
Processed: 1
1 texture(s) processed!

[textures\archer e slinger bronze.tga]
Running Texture Compiler...
Processed: 1
1 texture(s) processed!

[textures\archer e slinger copper.tga]
Running Texture Compiler...
Processed: 1
1 texture(s) processed!

[textures\archer e slinger corpse bodya.tga]
Running Texture Compiler...
Processed: 1
1 texture(s) processed!

[textures\archer e slinger corpse skeletona.tga]
Running Texture Compiler...
Processed: 1
1 texture(s) processed!

[textures\archer e slinger head bronze.tga]
Running Texture Compiler...
Processed: 1
1 texture(s) processed!

[textures\archer e slinger head copper.tga]
Running Texture Compiler...
Processed: 1
1 texture(s) processed!

[textures\archer e slinger head iron.tga]
Running Texture Compiler...
Processed: 1
1 texture(s) processed!

[textures\archer e slinger head standard.tga]
Running Texture Compiler...
Processed: 1
1 texture(s) processed!

[textures\archer e slinger iron.tga]
Running Texture Compiler...
Processed: 1
1 texture(s) processed!

[textures\archer e slinger map.tga]
Running Texture Compiler...
Processed: 1
1 texture(s) processed!

[textures\archer e slinger standard.tga]
Running Texture Compiler...
Processed: 1
1 texture(s) processed!

[textures\archer g crossbow.tga]
Running Texture Compiler...
Processed: 1
1 texture(s) processed!

[textures\archer g crossbowman corpse bodya.tga]
Running Texture Compiler...
Processed: 1
1 texture(s) processed!

[textures\archer g crossbowman corpse skeletona.tga]
Running Texture Compiler...
Processed: 1
1 texture(s) processed!

[textures\archer g crossbowman head.tga]
Running Texture Compiler...
Processed: 1
1 texture(s) processed!

[textures\archer g crossbowman.tga]
Running Texture Compiler...
Processed: 1
1 texture(s) processed!

[textures\archer g peltast bronze.tga]
Running Texture Compiler...
Processed: 1
1 texture(s) processed!

[textures\archer g peltast cape bronze.tga]
Running Texture Compiler...
Processed: 1
1 texture(s) processed!

[textures\archer g peltast cape copper.tga]
Running Texture Compiler...
Processed: 1
1 texture(s) processed!

[textures\archer g peltast cape iron.tga]
Running Texture Compiler...
Processed: 1
1 texture(s) processed!

[textures\archer g peltast cape standard.tga]
Running Texture Compiler...
Processed: 1
1 texture(s) processed!

[textures\archer g peltast cape.tga]
Running Texture Compiler...
Processed: 1
1 texture(s) processed!

[textures\archer g peltast copper.tga]
Running Texture Compiler...
Processed: 1
1 texture(s) processed!

[textures\archer g peltast corpse bodya.tga]
Running Texture Compiler...
Processed: 1
1 texture(s) processed!

[textures\archer g peltast corpse skeletona.tga]
Running Texture Compiler...
Processed: 1
1 texture(s) processed!

[textures\archer g peltast head bronze.tga]
Running Texture Compiler...
Processed: 1
1 texture(s) processed!

[textures\archer g peltast head copper.tga]
Running Texture Compiler...
Processed: 1
1 texture(s) processed!

[textures\archer g peltast head iron.tga]
Running Texture Compiler...
Processed: 1
1 texture(s) processed!

[textures\archer g peltast head standard.tga]
Running Texture Compiler...
Processed: 1
1 texture(s) processed!

[textures\archer g peltast iron.tga]
Running Texture Compiler...
Processed: 1
1 texture(s) processed!

[textures\archer g peltast low bronze.tga]
Running Texture Compiler...
Processed: 1
1 texture(s) processed!

[textures\archer g peltast low copper.tga]
Running Texture Compiler...
Processed: 1
1 texture(s) processed!

[textures\archer g peltast low iron.tga]
Running Texture Compiler...
Processed: 1
1 texture(s) processed!

[textures\archer g peltast low standard.tga]
Running Texture Compiler...
Processed: 1
1 texture(s) processed!

[textures\archer g peltast standard.tga]
Running Texture Compiler...
Processed: 1
1 texture(s) processed!

[textures\archer g toxotes bronze.tga]
Running Texture Compiler...
Processed: 1
1 texture(s) processed!

[textures\archer g toxotes copper.tga]
Running Texture Compiler...
Processed: 1
1 texture(s) processed!

[textures\archer g toxotes corpse bodya.tga]
Running Texture Compiler...
Processed: 1
1 texture(s) processed!

[textures\archer g toxotes corpse skeletona.tga]
Running Texture Compiler...
Processed: 1
1 texture(s) processed!

[textures\archer g toxotes head bronze.tga]
Running Texture Compiler...
Processed: 1
1 texture(s) processed!

[textures\archer g toxotes head copper.tga]
Running Texture Compiler...
Processed: 1
1 texture(s) processed!

[textures\archer g toxotes head iron.tga]
Running Texture Compiler...
Processed: 1
1 texture(s) processed!

[textures\archer g toxotes head standard.tga]
Running Texture Compiler...
Processed: 1
1 texture(s) processed!

[textures\archer g toxotes iron.tga]
Running Texture Compiler...
Processed: 1
1 texture(s) processed!

[textures\archer g toxotes standard.tga]
Running Texture Compiler...
Processed: 1
1 texture(s) processed!

[textures\archer n normal bronze.tga]
Running Texture Compiler...
Processed: 1
1 texture(s) processed!

[textures\archer n normal copper.tga]
Running Texture Compiler...
Processed: 1
1 texture(s) processed!

[textures\archer n normal head bronze.tga]
Running Texture Compiler...
Processed: 1
1 texture(s) processed!

[textures\archer n normal head copper.tga]
Running Texture Compiler...
Processed: 1
1 texture(s) processed!

[textures\archer n normal head iron.tga]
Running Texture Compiler...
Processed: 1
1 texture(s) processed!

[textures\archer n normal head standard.tga]
Running Texture Compiler...
Processed: 1
1 texture(s) processed!

[textures\archer n normal iron.tga]
Running Texture Compiler...
Processed: 1
1 texture(s) processed!

[textures\archer n normal standard.tga]
Running Texture Compiler...
Processed: 1
1 texture(s) processed!

[textures\archer n throwing axeman axe map.tga]
Running Texture Compiler...
Processed: 1
1 texture(s) processed!

[textures\archer n throwing axeman bronze.tga]
Running Texture Compiler...
Processed: 1
1 texture(s) processed!

[textures\archer n throwing axeman copper.tga]
Running Texture Compiler...
Processed: 1
1 texture(s) processed!

[textures\archer n throwing axeman corpse bodya.tga]
Running Texture Compiler...
Processed: 1
1 texture(s) processed!

[textures\archer n throwing axeman corpse skeletona.tga]
Running Texture Compiler...
Processed: 1
1 texture(s) processed!

[textures\archer n throwing axeman head bronze.tga]
Running Texture Compiler...
Processed: 1
1 texture(s) processed!

[textures\archer n throwing axeman head copper.tga]
Running Texture Compiler...
Processed: 1
1 texture(s) processed!

[textures\archer n throwing axeman head iron.tga]
Running Texture Compiler...
Processed: 1
1 texture(s) processed!

[textures\archer n throwing axeman head low bronze.tga]
Running Texture Compiler...
Processed: 1
1 texture(s) processed!

[textures\archer n throwing axeman head low copper.tga]
Running Texture Compiler...
Processed: 1
1 texture(s) processed!

[textures\archer n throwing axeman head low iron.tga]
Running Texture Compiler...
Processed: 1
1 texture(s) processed!

[textures\archer n throwing axeman head low standard.tga]
Running Texture Compiler...
Processed: 1
1 texture(s) processed!

[textures\archer n throwing axeman head standard.tga]
Running Texture Compiler...
Processed: 1
1 texture(s) processed!

[textures\archer n throwing axeman iron.tga]
Running Texture Compiler...
Processed: 1
1 texture(s) processed!

[textures\archer n throwing axeman low bronze.tga]
Running Texture Compiler...
Processed: 1
1 texture(s) processed!

[textures\archer n throwing axeman low copper.tga]
Running Texture Compiler...
Processed: 1
1 texture(s) processed!

[textures\archer n throwing axeman low iron.tga]
Running Texture Compiler...
Processed: 1
1 texture(s) processed!

[textures\archer n throwing axeman low standard.tga]
Running Texture Compiler...
Processed: 1
1 texture(s) processed!

[textures\archer n throwing axeman standard.tga]
Running Texture Compiler...
Processed: 1
1 texture(s) processed!

[textures\archer x arcus corpse bodya.tga]
Running Texture Compiler...
Processed: 1
1 texture(s) processed!

[textures\archer x arcus corpse skeletona.tga]
Running Texture Compiler...
Processed: 1
1 texture(s) processed!

[textures\archer x bronze.tga]
Running Texture Compiler...
Processed: 1
1 texture(s) processed!

[textures\archer x copper.tga]
Running Texture Compiler...
Processed: 1
1 texture(s) processed!

[textures\archer x hero.tga]
Running Texture Compiler...
Processed: 1
1 texture(s) processed!

[textures\archer x iron.tga]
Running Texture Compiler...
Processed: 1
1 texture(s) processed!

[textures\archer x standard.tga]
Running Texture Compiler...
Processed: 1
1 texture(s) processed!

[textures\arrow_down.tga]
Running Texture Compiler...
Processed: 1
1 texture(s) processed!

[textures\arrow_up.tga]
Running Texture Compiler...
Processed: 1
1 texture(s) processed!

[textures\ashbow.tga]
Running Texture Compiler...
Processed: 1
1 texture(s) processed!

[textures\ashbowquiver.tga]
Running Texture Compiler...
Processed: 1
1 texture(s) processed!

[textures\athenamap.tga]
Running Texture Compiler...
Processed: 1
1 texture(s) processed!

[textures\attachment c halberd head bronze.tga]
Running Texture Compiler...
Processed: 1
1 texture(s) processed!

[textures\attachment c halberd head copper.tga]
Running Texture Compiler...
Processed: 1
1 texture(s) processed!

[textures\attachment c halberd head iron.tga]
Running Texture Compiler...
Processed: 1
1 texture(s) processed!

[textures\attachment c halberd head standard.tga]
Running Texture Compiler...
Processed: 1
1 texture(s) processed!

[textures\attachment g gargarensis trident.tga]
Running Texture Compiler...
Processed: 1
1 texture(s) processed!

[textures\attachment g spear.tga]
Running Texture Compiler...
Processed: 1
1 texture(s) processed!

[textures\attachment g spear_01.tga]
Running Texture Compiler...
Processed: 1
1 texture(s) processed!

[textures\attachments a arrow map.tga]
Running Texture Compiler...
Processed: 1
1 texture(s) processed!

[textures\attachments a arrow.tga]
Running Texture Compiler...
Processed: 1
1 texture(s) processed!

[textures\attachments a axe map.tga]
Running Texture Compiler...
Processed: 1
1 texture(s) processed!

[textures\attachments a blood spurt map.tga]
Running Texture Compiler...
Processed: 1
1 texture(s) processed!

[textures\attachments a bow bronze.tga]
Running Texture Compiler...
Processed: 1
1 texture(s) processed!

[textures\attachments a bow copper.tga]
Running Texture Compiler...
Processed: 1
1 texture(s) processed!

[textures\attachments a bow iron.tga]
Running Texture Compiler...
Processed: 1
1 texture(s) processed!

[textures\attachments a bow map.tga]
Running Texture Compiler...
Processed: 1
1 texture(s) processed!

[textures\attachments a bow standard.tga]
Running Texture Compiler...
Processed: 1
1 texture(s) processed!

[textures\attachments a club.tga]
Running Texture Compiler...
Processed: 1
1 texture(s) processed!

[textures\attachments a footprint siege.tga]
Running Texture Compiler...
Processed: 1
1 texture(s) processed!

[textures\attachments a footstep animal.tga]
Running Texture Compiler...
Processed: 1
1 texture(s) processed!

[textures\attachments a footstep bare.tga]
Running Texture Compiler...
Processed: 1
1 texture(s) processed!

[textures\attachments a footstep elephant.tga]
Running Texture Compiler...
Processed: 1
1 texture(s) processed!

[textures\attachments a footstep horse.tga]
Running Texture Compiler...
Processed: 1
1 texture(s) processed!

[textures\attachments a footstep portable ram.tga]
Running Texture Compiler...
Processed: 1
1 texture(s) processed!

[textures\attachments a footstep prometheanbig.tga]
Running Texture Compiler...
Processed: 1
1 texture(s) processed!

[textures\attachments a footstep scarab.tga]
Running Texture Compiler...
Processed: 1
1 texture(s) processed!

[textures\attachments a hammer map.tga]
Running Texture Compiler...
Processed: 1
1 texture(s) processed!

[textures\attachments a hoe map.tga]
Running Texture Compiler...
Processed: 1
1 texture(s) processed!

[textures\attachments a picks map.tga]
Running Texture Compiler...
Processed: 1
1 texture(s) processed!

[textures\attachments a quiver.tga]
Running Texture Compiler...
Processed: 1
1 texture(s) processed!

[textures\attachments a resources map.tga]
Running Texture Compiler...
Processed: 1
1 texture(s) processed!

[textures\attachments a seeds.tga]
Running Texture Compiler...
Processed: 1
1 texture(s) processed!

[textures\attachments a shields map.tga]
Running Texture Compiler...
Processed: 1
1 texture(s) processed!

[textures\attachments a shovel.tga]
Running Texture Compiler...
Processed: 1
1 texture(s) processed!

[textures\attachments a skeleton.tga]
Running Texture Compiler...
Processed: 1
1 texture(s) processed!

[textures\attachments a sling.tga]
Running Texture Compiler...
Processed: 1
1 texture(s) processed!

[textures\attachments a spear bronze.tga]
Running Texture Compiler...
Processed: 1
1 texture(s) processed!

[textures\attachments a spear copper.tga]
Running Texture Compiler...
Processed: 1
1 texture(s) processed!

[textures\attachments a spear iron.tga]
Running Texture Compiler...
Processed: 1
1 texture(s) processed!

[textures\attachments a spear standard.tga]
Running Texture Compiler...
Processed: 1
1 texture(s) processed!

[textures\attachments a sword swoosh.tga]
Running Texture Compiler...
Processed: 1
1 texture(s) processed!

[textures\attachments a trident map.tga]
Running Texture Compiler...
Processed: 1
1 texture(s) processed!

[textures\attachments a wheel solid.tga]
Running Texture Compiler...
Processed: 1
1 texture(s) processed!

[textures\attachments a wheel spoked.tga]
Running Texture Compiler...
Processed: 1
1 texture(s) processed!

[textures\attachments c fire lance.tga]
Running Texture Compiler...
Processed: 1
1 texture(s) processed!

[textures\attachments c flag naval.tga]
Running Texture Compiler...
Processed: 1
1 texture(s) processed!

[textures\attachments c halberd bronze.tga]
Running Texture Compiler...
Processed: 1
1 texture(s) processed!

[textures\attachments c halberd copper.tga]
Running Texture Compiler...
Processed: 1
1 texture(s) processed!

[textures\attachments c halberd iron.tga]
Running Texture Compiler...
Processed: 1
1 texture(s) processed!

[textures\attachments c halberd standard.tga]
Running Texture Compiler...
Processed: 1
1 texture(s) processed!

[textures\attachments c sword jiaolong.tga]
Running Texture Compiler...
Processed: 1
1 texture(s) processed!

[textures\attachments e axe bronze.tga]
Running Texture Compiler...
Processed: 1
1 texture(s) processed!

[textures\attachments e axe copper.tga]
Running Texture Compiler...
Processed: 1
1 texture(s) processed!

[textures\attachments e axe iron.tga]
Running Texture Compiler...
Processed: 1
1 texture(s) processed!

[textures\attachments e axe standard.tga]
Running Texture Compiler...
Processed: 1
1 texture(s) processed!

[textures\attachments e osiris weapons.tga]
Running Texture Compiler...
Processed: 1
1 texture(s) processed!

[textures\attachments e shield bronze.tga]
Running Texture Compiler...
Processed: 1
1 texture(s) processed!

[textures\attachments e shield copper.tga]
Running Texture Compiler...
Processed: 1
1 texture(s) processed!

[textures\attachments e shield iron.tga]
Running Texture Compiler...
Processed: 1
1 texture(s) processed!

[textures\attachments e sling stone map.tga]
Running Texture Compiler...
Processed: 1
1 texture(s) processed!

[textures\attachments e sword bronze.tga]
Running Texture Compiler...
Processed: 1
1 texture(s) processed!

[textures\attachments e sword copper.tga]
Running Texture Compiler...
Processed: 1
1 texture(s) processed!

[textures\attachments e sword iron.tga]
Running Texture Compiler...
Processed: 1
1 texture(s) processed!

[textures\attachments e sword standard.tga]
Running Texture Compiler...
Processed: 1
1 texture(s) processed!

[textures\attachments g polyphemus club.tga]
Running Texture Compiler...
Processed: 1
1 texture(s) processed!

[textures\attachments g shield bronze.tga]
Running Texture Compiler...
Processed: 1
1 texture(s) processed!

[textures\attachments g shield copper.tga]
Running Texture Compiler...
Processed: 1
1 texture(s) processed!

[textures\attachments g shield iron cine.tga]
Running Texture Compiler...
Processed: 1
1 texture(s) processed!

[textures\attachments g shield iron.tga]
Running Texture Compiler...
Processed: 1
1 texture(s) processed!

[textures\attachments g sword bronze.tga]
Running Texture Compiler...
Processed: 1
1 texture(s) processed!

[textures\attachments g sword copper.tga]
Running Texture Compiler...
Processed: 1
1 texture(s) processed!

[textures\attachments g sword iron.tga]
Running Texture Compiler...
Processed: 1
1 texture(s) processed!

[textures\attachments g sword standard.tga]
Running Texture Compiler...
Processed: 1
1 texture(s) processed!

[textures\attachments mu x automaton.tga]
Running Texture Compiler...
Processed: 1
1 texture(s) processed!

[textures\attachments n axe bronze.tga]
Running Texture Compiler...
Processed: 1
1 texture(s) processed!

[textures\attachments n axe copper.tga]
Running Texture Compiler...
Processed: 1
1 texture(s) processed!

[textures\attachments n axe iron.tga]
Running Texture Compiler...
Processed: 1
1 texture(s) processed!

[textures\attachments n axe standard.tga]
Running Texture Compiler...
Processed: 1
1 texture(s) processed!

[textures\attachments n oxcart wheel.tga]
Running Texture Compiler...
Processed: 1
1 texture(s) processed!

[textures\attachments n shield bronze.tga]
Running Texture Compiler...
Processed: 1
1 texture(s) processed!

[textures\attachments n shield cinepirateship map.tga]
Running Texture Compiler...
Processed: 1
1 texture(s) processed!

[textures\attachments n shield copper.tga]
Running Texture Compiler...
Processed: 1
1 texture(s) processed!

[textures\attachments n shield iron.tga]
Running Texture Compiler...
Processed: 1
1 texture(s) processed!

[textures\attachments n sword bronze.tga]
Running Texture Compiler...
Processed: 1
1 texture(s) processed!

[textures\attachments n sword copper.tga]
Running Texture Compiler...
Processed: 1
1 texture(s) processed!

[textures\attachments n sword iron.tga]
Running Texture Compiler...
Processed: 1
1 texture(s) processed!

[textures\attachments n sword standard.tga]
Running Texture Compiler...
Processed: 1
1 texture(s) processed!

[textures\attachments scenario e osiris weapons.tga]
Running Texture Compiler...
Processed: 1
1 texture(s) processed!

[textures\attachments x double sword bronze.tga]
Running Texture Compiler...
Processed: 1
1 texture(s) processed!

[textures\attachments x double sword copper.tga]
Running Texture Compiler...
Processed: 1
1 texture(s) processed!

[textures\attachments x double sword iron.tga]
Running Texture Compiler...
Processed: 1
1 texture(s) processed!

[textures\attachments x double sword standard.tga]
Running Texture Compiler...
Processed: 1
1 texture(s) processed!

[textures\attachments x lance bronze.tga]
Running Texture Compiler...
Processed: 1
1 texture(s) processed!

[textures\attachments x lance copper.tga]
Running Texture Compiler...
Processed: 1
1 texture(s) processed!

[textures\attachments x lance iron.tga]
Running Texture Compiler...
Processed: 1
1 texture(s) processed!

[textures\attachments x lance standard.tga]
Running Texture Compiler...
Processed: 1
1 texture(s) processed!

[textures\attachments x mace bronze.tga]
Running Texture Compiler...
Processed: 1
1 texture(s) processed!

[textures\attachments x mace copper.tga]
Running Texture Compiler...
Processed: 1
1 texture(s) processed!

[textures\attachments x mace iron.tga]
Running Texture Compiler...
Processed: 1
1 texture(s) processed!

[textures\attachments x mace standard.tga]
Running Texture Compiler...
Processed: 1
1 texture(s) processed!

[textures\attachments x mace.tga]
Running Texture Compiler...
Processed: 1
1 texture(s) processed!

[textures\attachments x shield champion.tga]
Running Texture Compiler...
Processed: 1
1 texture(s) processed!

[textures\attachments x shield heavy.tga]
Running Texture Compiler...
Processed: 1
1 texture(s) processed!

[textures\attachments x shield hero.tga]
Running Texture Compiler...
Processed: 1
1 texture(s) processed!

[textures\attachments x shield medium.tga]
Running Texture Compiler...
Processed: 1
1 texture(s) processed!

[textures\attachments x sword bronze.tga]
Running Texture Compiler...
Processed: 1
1 texture(s) processed!

[textures\attachments x sword copper.tga]
Running Texture Compiler...
Processed: 1
1 texture(s) processed!

[textures\attachments x sword iron.tga]
Running Texture Compiler...
Processed: 1
1 texture(s) processed!

[textures\attachments x sword standard.tga]
Running Texture Compiler...
Processed: 1
1 texture(s) processed!

[textures\bastardblade.tga]
Running Texture Compiler...
Processed: 1
1 texture(s) processed!

[textures\bastardhilt.tga]
Running Texture Compiler...
Processed: 1
1 texture(s) processed!

[textures\bella.tga]
Running Texture Compiler...
Processed: 1
1 texture(s) processed!

[textures\bevel_round_in.tga]
Running Texture Compiler...
Processed: 1
1 texture(s) processed!

[textures\bevel_round_out.tga]
Running Texture Compiler...
Processed: 1
1 texture(s) processed!

[textures\bevel_square_in.tga]
Running Texture Compiler...
Processed: 1
1 texture(s) processed!

[textures\bevel_square_out.tga]
Running Texture Compiler...
Processed: 1
1 texture(s) processed!

[textures\blackcircle.tga]
Running Texture Compiler...
Processed: 1
1 texture(s) processed!

[textures\blackedgecorner.tga]
Running Texture Compiler...
Processed: 1
1 texture(s) processed!

[textures\blacklshape.tga]
Running Texture Compiler...
Processed: 1
1 texture(s) processed!

[textures\blackonecorner.tga]
Running Texture Compiler...
Processed: 1
1 texture(s) processed!

[textures\blackoneedge.tga]
Running Texture Compiler...
Processed: 1
1 texture(s) processed!

[textures\blackround.tga]
Running Texture Compiler...
Processed: 1
1 texture(s) processed!

[textures\blacktwocorners.tga]
Running Texture Compiler...
Processed: 1
1 texture(s) processed!

[textures\blacktwoedges.tga]
Running Texture Compiler...
Processed: 1
1 texture(s) processed!

[textures\blacktwooppositecorners.tga]
Running Texture Compiler...
Processed: 1
1 texture(s) processed!

[textures\blackushape.tga]
Running Texture Compiler...
Processed: 1
1 texture(s) processed!

[textures\blanktree.tga]
Running Texture Compiler...
Processed: 1
1 texture(s) processed!

[textures\blendtwoedgesbhcity .tga]
Running Texture Compiler...
Processed: 1
1 texture(s) processed!

[textures\blessed construction field.tga]
Running Texture Compiler...
Processed: 1
1 texture(s) processed!

[textures\blessed construction sparkle.tga]
Running Texture Compiler...
Processed: 1
1 texture(s) processed!

[textures\blood.tga]
Running Texture Compiler...
Processed: 1
1 texture(s) processed!

[textures\blue.tga]
Running Texture Compiler...
Processed: 1
1 texture(s) processed!

[textures\bluesparkle.tga]
Running Texture Compiler...
Processed: 1
1 texture(s) processed!

[textures\boat c fire ship chinese icon.tga]
Running Texture Compiler...
Processed: 1
1 texture(s) processed!

[textures\boat c fishing boat icon.tga]
Running Texture Compiler...
Processed: 1
1 texture(s) processed!

[textures\boat c junk icon.tga]
Running Texture Compiler...
Processed: 1
1 texture(s) processed!

[textures\boat c siege ship chinese icon.tga]
Running Texture Compiler...
Processed: 1
1 texture(s) processed!

[textures\boat c transport icon.tga]
Running Texture Compiler...
Processed: 1
1 texture(s) processed!

[textures\bottom tab in.tga]
Running Texture Compiler...
Processed: 1
1 texture(s) processed!

[textures\bottom tab out.tga]
Running Texture Compiler...
Processed: 1
1 texture(s) processed!

[textures\building attachments.tga]
Running Texture Compiler...
Processed: 1
1 texture(s) processed!

[textures\building c accessories.tga]
Running Texture Compiler...
Processed: 1
1 texture(s) processed!

[textures\building c armory age2 shadow.tga]
Running Texture Compiler...
Processed: 1
1 texture(s) processed!

[textures\building c barracks age2 shadow.tga]
Running Texture Compiler...
Processed: 1
1 texture(s) processed!

[textures\building c castle age3 shadow.tga]
Running Texture Compiler...
Processed: 1
1 texture(s) processed!

[textures\building c dock age1 shadow.tga]
Running Texture Compiler...
Processed: 1
1 texture(s) processed!

[textures\building c earthen wall.tga]
Running Texture Compiler...
Processed: 1
1 texture(s) processed!

[textures\building c fortified wall.tga]
Running Texture Compiler...
Processed: 1
1 texture(s) processed!

[textures\building c garden age1 decal.tga]
Running Texture Compiler...
Processed: 1
1 texture(s) processed!

[textures\building c garden age1 shadow.tga]
Running Texture Compiler...
Processed: 1
1 texture(s) processed!

[textures\building c garden age3 decal.tga]
Running Texture Compiler...
Processed: 1
1 texture(s) processed!

[textures\building c great wall.tga]
Running Texture Compiler...
Processed: 1
1 texture(s) processed!

[textures\building c guardtower shadow.tga]
Running Texture Compiler...
Processed: 1
1 texture(s) processed!

[textures\building c housea age1 shadow.tga]
Running Texture Compiler...
Processed: 1
1 texture(s) processed!

[textures\building c houseb age1 shadow.tga]
Running Texture Compiler...
Processed: 1
1 texture(s) processed!

[textures\building c housec age1 shadow.tga]
Running Texture Compiler...
Processed: 1
1 texture(s) processed!

[textures\building c market age3 shadow.tga]
Running Texture Compiler...
Processed: 1
1 texture(s) processed!

[textures\building c props.tga]
Running Texture Compiler...
Processed: 1
1 texture(s) processed!

[textures\building c roofage1.tga]
Running Texture Compiler...
Processed: 1
1 texture(s) processed!

[textures\building c roofage2.tga]
Running Texture Compiler...
Processed: 1
1 texture(s) processed!

[textures\building c roofage3.tga]
Running Texture Compiler...
Processed: 1
1 texture(s) processed!

[textures\building c roofage4.tga]
Running Texture Compiler...
Processed: 1
1 texture(s) processed!

[textures\building c settlement age1 shadow.tga]
Running Texture Compiler...
Processed: 1
1 texture(s) processed!

[textures\building c special.tga]
Running Texture Compiler...
Processed: 1
1 texture(s) processed!

[textures\building c stable age2 shadow.tga]
Running Texture Compiler...
Processed: 1
1 texture(s) processed!

[textures\building c stone wall.tga]
Running Texture Compiler...
Processed: 1
1 texture(s) processed!

[textures\building c storage pit age1 shadow.tga]
Running Texture Compiler...
Processed: 1
1 texture(s) processed!

[textures\building c temple age1 shadow.tga]
Running Texture Compiler...
Processed: 1
1 texture(s) processed!

[textures\building c titan gate decal.tga]
Running Texture Compiler...
Processed: 1
1 texture(s) processed!

[textures\building c titan gate door map.tga]
Running Texture Compiler...
Processed: 1
1 texture(s) processed!

[textures\building c titan gate map.tga]
Running Texture Compiler...
Processed: 1
1 texture(s) processed!

[textures\building c titan gate rocks.tga]
Running Texture Compiler...
Processed: 1
1 texture(s) processed!

[textures\building c tower age2.tga]
Running Texture Compiler...
Processed: 1
1 texture(s) processed!

[textures\building c tower age3.tga]
Running Texture Compiler...
Processed: 1
1 texture(s) processed!

[textures\building c tower age4.tga]
Running Texture Compiler...
Processed: 1
1 texture(s) processed!

[textures\building c wallsage1.tga]
Running Texture Compiler...
Processed: 1
1 texture(s) processed!

[textures\building c wallsage2.tga]
Running Texture Compiler...
Processed: 1
1 texture(s) processed!

[textures\building c wallsage3.tga]
Running Texture Compiler...
Processed: 1
1 texture(s) processed!

[textures\building c wallsage4.tga]
Running Texture Compiler...
Processed: 1
1 texture(s) processed!

[textures\building c watchtower shadow.tga]
Running Texture Compiler...
Processed: 1
1 texture(s) processed!

[textures\building c wonder city floor.tga]
Running Texture Compiler...
Processed: 1
1 texture(s) processed!

[textures\building c wonder city roof.tga]
Running Texture Compiler...
Processed: 1
1 texture(s) processed!

[textures\building c wonder city shadow.tga]
Running Texture Compiler...
Processed: 1
1 texture(s) processed!

[textures\building c wonder city walls.tga]
Running Texture Compiler...
Processed: 1
1 texture(s) processed!

[textures\building c wonder palace floor.tga]
Running Texture Compiler...
Processed: 1
1 texture(s) processed!

[textures\building c wonder palace roof.tga]
Running Texture Compiler...
Processed: 1
1 texture(s) processed!

[textures\building c wonder palace shadow.tga]
Running Texture Compiler...
Processed: 1
1 texture(s) processed!

[textures\building c wonder palace walls.tga]
Running Texture Compiler...
Processed: 1
1 texture(s) processed!

[textures\building c wonder temple shadow.tga]
Running Texture Compiler...
Processed: 1
1 texture(s) processed!

[textures\building c wonder temple.tga]
Running Texture Compiler...
Processed: 1
1 texture(s) processed!

[textures\building construction 3x3 shadow.tga]
Running Texture Compiler...
Processed: 1
1 texture(s) processed!

[textures\building construction 5x2.tga]
Running Texture Compiler...
Processed: 1
1 texture(s) processed!

[textures\building construction armory shadow.tga]
Running Texture Compiler...
Processed: 1
1 texture(s) processed!

[textures\building construction connectorwalla shadow.tga]
Running Texture Compiler...
Processed: 1
1 texture(s) processed!

[textures\building construction guild shadow.tga]
Running Texture Compiler...
Processed: 1
1 texture(s) processed!

[textures\building construction large shadow.tga]
Running Texture Compiler...
Processed: 1
1 texture(s) processed!

[textures\building construction longwalla shadow.tga]
Running Texture Compiler...
Processed: 1
1 texture(s) processed!

[textures\building construction manor shadow.tga]
Running Texture Compiler...
Processed: 1
1 texture(s) processed!

[textures\building construction medium shadow.tga]
Running Texture Compiler...
Processed: 1
1 texture(s) processed!

[textures\building construction small shadow.tga]
Running Texture Compiler...
Processed: 1
1 texture(s) processed!

[textures\building construction sp shadow.tga]
Running Texture Compiler...
Processed: 1
1 texture(s) processed!

[textures\building construction specialist shadow.tga]
Running Texture Compiler...
Processed: 1
1 texture(s) processed!

[textures\building construction xlarge shadow.tga]
Running Texture Compiler...
Processed: 1
1 texture(s) processed!

[textures\building construction xsmall shadow.tga]
Running Texture Compiler...
Processed: 1
1 texture(s) processed!

[textures\building construction.tga]
Running Texture Compiler...
Processed: 1
1 texture(s) processed!

[textures\building destruction egypt.tga]
Running Texture Compiler...
Processed: 1
1 texture(s) processed!

[textures\building destruction greek.tga]
Running Texture Compiler...
Processed: 1
1 texture(s) processed!

[textures\building destruction norse.tga]
Running Texture Compiler...
Processed: 1
1 texture(s) processed!

[textures\building e academy shadow.tga]
Running Texture Compiler...
Processed: 1
1 texture(s) processed!

[textures\building e age1 accessories.tga]
Running Texture Compiler...
Processed: 1
1 texture(s) processed!

[textures\building e age1.tga]
Running Texture Compiler...
Processed: 1
1 texture(s) processed!

[textures\building e age2 accessories burnt.tga]
Running Texture Compiler...
Processed: 1
1 texture(s) processed!

[textures\building e age2 accessories.tga]
Running Texture Compiler...
Processed: 1
1 texture(s) processed!

[textures\building e age2 burnt.tga]
Running Texture Compiler...
Processed: 1
1 texture(s) processed!

[textures\building e age2 wall.tga]
Running Texture Compiler...
Processed: 1
1 texture(s) processed!

[textures\building e age2.tga]
Running Texture Compiler...
Processed: 1
1 texture(s) processed!

[textures\building e age3 accessories.tga]
Running Texture Compiler...
Processed: 1
1 texture(s) processed!

[textures\building e age3.tga]
Running Texture Compiler...
Processed: 1
1 texture(s) processed!

[textures\building e age3a accessories.tga]
Running Texture Compiler...
Processed: 1
1 texture(s) processed!

[textures\building e age4 accessories.tga]
Running Texture Compiler...
Processed: 1
1 texture(s) processed!

[textures\building e age4.tga]
Running Texture Compiler...
Processed: 1
1 texture(s) processed!

[textures\building e age4roof.tga]
Running Texture Compiler...
Processed: 1
1 texture(s) processed!

[textures\building e archery range age2 shadow.tga]
Running Texture Compiler...
Processed: 1
1 texture(s) processed!

[textures\building e archery range shadow age2.tga]
Running Texture Compiler...
Processed: 1
1 texture(s) processed!

[textures\building e archery range shadow age3.tga]
Running Texture Compiler...
Processed: 1
1 texture(s) processed!

[textures\building e archery range shadow.tga]
Running Texture Compiler...
Processed: 1
1 texture(s) processed!

[textures\building e armory shadow age2.tga]
Running Texture Compiler...
Processed: 1
1 texture(s) processed!

[textures\building e armory shadow age3.tga]
Running Texture Compiler...
Processed: 1
1 texture(s) processed!

[textures\building e armory shadow.tga]
Running Texture Compiler...
Processed: 1
1 texture(s) processed!

[textures\building e ballista tower shadow.tga]
Running Texture Compiler...
Processed: 1
1 texture(s) processed!

[textures\building e barracks age1 shadow.tga]
Running Texture Compiler...
Processed: 1
1 texture(s) processed!

[textures\building e barracks age2 shadow.tga]
Running Texture Compiler...
Processed: 1
1 texture(s) processed!

[textures\building e barracks age3 shadow.tga]
Running Texture Compiler...
Processed: 1
1 texture(s) processed!

[textures\building e barracks age4 shadow.tga]
Running Texture Compiler...
Processed: 1
1 texture(s) processed!

[textures\building e barracks shadow age2.tga]
Running Texture Compiler...
Processed: 1
1 texture(s) processed!

[textures\building e barracks shadow.tga]
Running Texture Compiler...
Processed: 1
1 texture(s) processed!

[textures\building e charioteria age3 shadow.tga]
Running Texture Compiler...
Processed: 1
1 texture(s) processed!

[textures\building e constructiontemple.tga]
Running Texture Compiler...
Processed: 1
1 texture(s) processed!

[textures\building e dock age1 shadow.tga]
Running Texture Compiler...
Processed: 1
1 texture(s) processed!

[textures\building e dock boat.tga]
Running Texture Compiler...
Processed: 1
1 texture(s) processed!

[textures\building e fortress accessories.tga]
Running Texture Compiler...
Processed: 1
1 texture(s) processed!

[textures\building e fortress accessories02.tga]
Running Texture Compiler...
Processed: 1
1 texture(s) processed!

[textures\building e fortress age3.tga]
Running Texture Compiler...
Processed: 1
1 texture(s) processed!

[textures\building e fortress shadow.tga]
Running Texture Compiler...
Processed: 1
1 texture(s) processed!

[textures\building e fortress.tga]
Running Texture Compiler...
Processed: 1
1 texture(s) processed!

[textures\building e gate shadow.tga]
Running Texture Compiler...
Processed: 1
1 texture(s) processed!

[textures\building e granary shadow age2.tga]
Running Texture Compiler...
Processed: 1
1 texture(s) processed!

[textures\building e granary shadow.tga]
Running Texture Compiler...
Processed: 1
1 texture(s) processed!

[textures\building e guard tower shadow.tga]
Running Texture Compiler...
Processed: 1
1 texture(s) processed!

[textures\building e house a shadow.tga]
Running Texture Compiler...
Processed: 1
1 texture(s) processed!

[textures\building e house b shadow.tga]
Running Texture Compiler...
Processed: 1
1 texture(s) processed!

[textures\building e housea shadow age1.tga]
Running Texture Compiler...
Processed: 1
1 texture(s) processed!

[textures\building e housea shadow age2.tga]
Running Texture Compiler...
Processed: 1
1 texture(s) processed!

[textures\building e housea shadow age3.tga]
Running Texture Compiler...
Processed: 1
1 texture(s) processed!

[textures\building e housea shadow age4.tga]
Running Texture Compiler...
Processed: 1
1 texture(s) processed!

[textures\building e houseb shadow age1.tga]
Running Texture Compiler...
Processed: 1
1 texture(s) processed!

[textures\building e houseb shadow age2.tga]
Running Texture Compiler...
Processed: 1
1 texture(s) processed!

[textures\building e houseb shadow age3.tga]
Running Texture Compiler...
Processed: 1
1 texture(s) processed!

[textures\building e houseb shadow age4.tga]
Running Texture Compiler...
Processed: 1
1 texture(s) processed!

[textures\building e housec shadow age1.tga]
Running Texture Compiler...
Processed: 1
1 texture(s) processed!

[textures\building e housec shadow age2.tga]
Running Texture Compiler...
Processed: 1
1 texture(s) processed!

[textures\building e housec shadow age3.tga]
Running Texture Compiler...
Processed: 1
1 texture(s) processed!

[textures\building e housec shadow age4.tga]
Running Texture Compiler...
Processed: 1
1 texture(s) processed!

[textures\building e isis wonder con2 shadow.tga]
Running Texture Compiler...
Processed: 1
1 texture(s) processed!

[textures\building e isis wonder con3 shadow.tga]
Running Texture Compiler...
Processed: 1
1 texture(s) processed!

[textures\building e isis wonder shadow.tga]
Running Texture Compiler...
Processed: 1
1 texture(s) processed!

[textures\building e isis wonder01.tga]
Running Texture Compiler...
Processed: 1
1 texture(s) processed!

[textures\building e isis wonder02.tga]
Running Texture Compiler...
Processed: 1
1 texture(s) processed!

[textures\building e isis wonder03.tga]
Running Texture Compiler...
Processed: 1
1 texture(s) processed!

[textures\building e lighthouse fence.tga]
Running Texture Compiler...
Processed: 1
1 texture(s) processed!

[textures\building e lighthouse shadow.tga]
Running Texture Compiler...
Processed: 1
1 texture(s) processed!

[textures\building e lighthouse.tga]
Running Texture Compiler...
Processed: 1
1 texture(s) processed!

[textures\building e lumbercamp age1 shadow.tga]
Running Texture Compiler...
Processed: 1
1 texture(s) processed!

[textures\building e lumbercamp age2 shadow.tga]
Running Texture Compiler...
Processed: 1
1 texture(s) processed!

[textures\building e lumbercamp age3 shadow.tga]
Running Texture Compiler...
Processed: 1
1 texture(s) processed!

[textures\building e lumbercamp shadow.tga]
Running Texture Compiler...
Processed: 1
1 texture(s) processed!

[textures\building e market age2 shadow.tga]
Running Texture Compiler...
Processed: 1
1 texture(s) processed!

[textures\building e market age3 shadow.tga]
Running Texture Compiler...
Processed: 1
1 texture(s) processed!

[textures\building e market age4 shadow.tga]
Running Texture Compiler...
Processed: 1
1 texture(s) processed!

[textures\building e market shadow age2.tga]
Running Texture Compiler...
Processed: 1
1 texture(s) processed!

[textures\building e market shadow.tga]
Running Texture Compiler...
Processed: 1
1 texture(s) processed!

[textures\building e mining camp shadow.tga]
Running Texture Compiler...
Processed: 1
1 texture(s) processed!

[textures\building e misc b shadow.tga]
Running Texture Compiler...
Processed: 1
1 texture(s) processed!

[textures\building e monument platforms.tga]
Running Texture Compiler...
Processed: 1
1 texture(s) processed!

[textures\building e monument shadow.tga]
Running Texture Compiler...
Processed: 1
1 texture(s) processed!

[textures\building e monument1 lp.tga]
Running Texture Compiler...
Processed: 1
1 texture(s) processed!

[textures\building e monument1.tga]
Running Texture Compiler...
Processed: 1
1 texture(s) processed!

[textures\building e monument2 lp.tga]
Running Texture Compiler...
Processed: 1
1 texture(s) processed!

[textures\building e monument2.tga]
Running Texture Compiler...
Processed: 1
1 texture(s) processed!

[textures\building e monument3 lp.tga]
Running Texture Compiler...
Processed: 1
1 texture(s) processed!

[textures\building e monument3.tga]
Running Texture Compiler...
Processed: 1
1 texture(s) processed!

[textures\building e monument4 lp.tga]
Running Texture Compiler...
Processed: 1
1 texture(s) processed!

[textures\building e monument4.tga]
Running Texture Compiler...
Processed: 1
1 texture(s) processed!

[textures\building e monument4dood.tga]
Running Texture Compiler...
Processed: 1
1 texture(s) processed!

[textures\building e monument5 isis lp.tga]
Running Texture Compiler...
Processed: 1
1 texture(s) processed!

[textures\building e monument5 isis.tga]
Running Texture Compiler...
Processed: 1
1 texture(s) processed!

[textures\building e monument5 ra lp.tga]
Running Texture Compiler...
Processed: 1
1 texture(s) processed!

[textures\building e monument5 ra.tga]
Running Texture Compiler...
Processed: 1
1 texture(s) processed!

[textures\building e monument5 set lp.tga]
Running Texture Compiler...
Processed: 1
1 texture(s) processed!

[textures\building e monument5 set.tga]
Running Texture Compiler...
Processed: 1
1 texture(s) processed!

[textures\building e monument5.tga]
Running Texture Compiler...
Processed: 1
1 texture(s) processed!

[textures\building e obelisk.tga]
Running Texture Compiler...
Processed: 1
1 texture(s) processed!

[textures\building e osiris pyramid dead.tga]
Running Texture Compiler...
Processed: 1
1 texture(s) processed!

[textures\building e osiris pyramid shadow.tga]
Running Texture Compiler...
Processed: 1
1 texture(s) processed!

[textures\building e osiris pyramid.tga]
Running Texture Compiler...
Processed: 1
1 texture(s) processed!

[textures\building e outpost.tga]
Running Texture Compiler...
Processed: 1
1 texture(s) processed!

[textures\building e props.tga]
Running Texture Compiler...
Processed: 1
1 texture(s) processed!

[textures\building e pyramid shadow.tga]
Running Texture Compiler...
Processed: 1
1 texture(s) processed!

[textures\building e pyramid.tga]
Running Texture Compiler...
Processed: 1
1 texture(s) processed!

[textures\building e ra wonder con2 shadow.tga]
Running Texture Compiler...
Processed: 1
1 texture(s) processed!

[textures\building e ra wonder con3 shadow.tga]
Running Texture Compiler...
Processed: 1
1 texture(s) processed!

[textures\building e ra wonder shadow.tga]
Running Texture Compiler...
Processed: 1
1 texture(s) processed!

[textures\building e ra wonder01.tga]
Running Texture Compiler...
Processed: 1
1 texture(s) processed!

[textures\building e ra wonder02.tga]
Running Texture Compiler...
Processed: 1
1 texture(s) processed!

[textures\building e set wonder con2 shadow.tga]
Running Texture Compiler...
Processed: 1
1 texture(s) processed!

[textures\building e set wonder con3 shadow.tga]
Running Texture Compiler...
Processed: 1
1 texture(s) processed!

[textures\building e set wonder shadow.tga]
Running Texture Compiler...
Processed: 1
1 texture(s) processed!

[textures\building e set wonder01.tga]
Running Texture Compiler...
Processed: 1
1 texture(s) processed!

[textures\building e set wonder02.tga]
Running Texture Compiler...
Processed: 1
1 texture(s) processed!

[textures\building e set wonder03.tga]
Running Texture Compiler...
Processed: 1
1 texture(s) processed!

[textures\building e settlement age1 shadow.tga]
Running Texture Compiler...
Processed: 1
1 texture(s) processed!

[textures\building e settlement age1.tga]
Running Texture Compiler...
Processed: 1
1 texture(s) processed!

[textures\building e settlement age2 shadow.tga]
Running Texture Compiler...
Processed: 1
1 texture(s) processed!

[textures\building e settlement age2.tga]
Running Texture Compiler...
Processed: 1
1 texture(s) processed!

[textures\building e settlement age3 fortified shadow.tga]
Running Texture Compiler...
Processed: 1
1 texture(s) processed!

[textures\building e settlement age3 shadow.tga]
Running Texture Compiler...
Processed: 1
1 texture(s) processed!

[textures\building e settlement age3.tga]
Running Texture Compiler...
Processed: 1
1 texture(s) processed!

[textures\building e settlement age4 shadow.tga]
Running Texture Compiler...
Processed: 1
1 texture(s) processed!

[textures\building e settlement age4.tga]
Running Texture Compiler...
Processed: 1
1 texture(s) processed!

[textures\building e settlement02 shadow.tga]
Running Texture Compiler...
Processed: 1
1 texture(s) processed!

[textures\building e settlement03 shadow.tga]
Running Texture Compiler...
Processed: 1
1 texture(s) processed!

[textures\building e shared01 2 map.tga]
Running Texture Compiler...
Processed: 1
1 texture(s) processed!

[textures\building e shared01 3 map.tga]
Running Texture Compiler...
Processed: 1
1 texture(s) processed!

[textures\building e shared02 2 map.tga]
Running Texture Compiler...
Processed: 1
1 texture(s) processed!

[textures\building e shrine age1.tga]
Running Texture Compiler...
Processed: 1
1 texture(s) processed!

[textures\building e shrine shadow age1.tga]
Running Texture Compiler...
Processed: 1
1 texture(s) processed!

[textures\building e shrine shadow.tga]
Running Texture Compiler...
Processed: 1
1 texture(s) processed!

[textures\building e shrine.tga]
Running Texture Compiler...
Processed: 1
1 texture(s) processed!

[textures\building e shrine02.tga]
Running Texture Compiler...
Processed: 1
1 texture(s) processed!

[textures\building e siege camp age2 shadow.tga]
Running Texture Compiler...
Processed: 1
1 texture(s) processed!

[textures\building e siege camp age3 shadow.tga]
Running Texture Compiler...
Processed: 1
1 texture(s) processed!

[textures\building e siegeconstruction.tga]
Running Texture Compiler...
Processed: 1
1 texture(s) processed!

[textures\building e stable age2 shadow.tga]
Running Texture Compiler...
Processed: 1
1 texture(s) processed!

[textures\building e stable shadow.tga]
Running Texture Compiler...
Processed: 1
1 texture(s) processed!

[textures\building e statue c base.tga]
Running Texture Compiler...
Processed: 1
1 texture(s) processed!

[textures\building e statue c.tga]
Running Texture Compiler...
Processed: 1
1 texture(s) processed!

[textures\building e storehouse shadow.tga]
Running Texture Compiler...
Processed: 1
1 texture(s) processed!

[textures\building e temple age1 shadow.tga]
Running Texture Compiler...
Processed: 1
1 texture(s) processed!

[textures\building e temple age2 shadow.tga]
Running Texture Compiler...
Processed: 1
1 texture(s) processed!

[textures\building e temple age3 shadow.tga]
Running Texture Compiler...
Processed: 1
1 texture(s) processed!

[textures\building e temple b shadow.tga]
Running Texture Compiler...
Processed: 1
1 texture(s) processed!

[textures\building e temple shadow age1.tga]
Running Texture Compiler...
Processed: 1
1 texture(s) processed!

[textures\building e temple shadow.tga]
Running Texture Compiler...
Processed: 1
1 texture(s) processed!

[textures\building e titan gate map.tga]
Running Texture Compiler...
Processed: 1
1 texture(s) processed!

[textures\building e titan gate rocks.tga]
Running Texture Compiler...
Processed: 1
1 texture(s) processed!

[textures\building e towncenter shadow age2.tga]
Running Texture Compiler...
Processed: 1
1 texture(s) processed!

[textures\building e towncenter shadow.tga]
Running Texture Compiler...
Processed: 1
1 texture(s) processed!

[textures\building e tradedock shadow age1.tga]
Running Texture Compiler...
Processed: 1
1 texture(s) processed!

[textures\building e tradedock shadow age2.tga]
Running Texture Compiler...
Processed: 1
1 texture(s) processed!

[textures\building e tradedock shadow age3.tga]
Running Texture Compiler...
Processed: 1
1 texture(s) processed!

[textures\building e tradedock shadow.tga]
Running Texture Compiler...
Processed: 1
1 texture(s) processed!

[textures\building e underground passage egyptian.tga]
Running Texture Compiler...
Processed: 1
1 texture(s) processed!

[textures\building e wall4.tga]
Running Texture Compiler...
Processed: 1
1 texture(s) processed!

[textures\building e wallconnector age2 shadow.tga]
Running Texture Compiler...
Processed: 1
1 texture(s) processed!

[textures\building e wallconnector age3 shadow.tga]
Running Texture Compiler...
Processed: 1
1 texture(s) processed!

[textures\building e walllong age2 shadow.tga]
Running Texture Compiler...
Processed: 1
1 texture(s) processed!

[textures\building e walllong age3 shadow.tga]
Running Texture Compiler...
Processed: 1
1 texture(s) processed!

[textures\building e walllong age4 shadow.tga]
Running Texture Compiler...
Processed: 1
1 texture(s) processed!

[textures\building e wallshort age2 shadow.tga]
Running Texture Compiler...
Processed: 1
1 texture(s) processed!

[textures\building e wallshort age3 shadow.tga]
Running Texture Compiler...
Processed: 1
1 texture(s) processed!

[textures\building e wonder accessories.tga]
Running Texture Compiler...
Processed: 1
1 texture(s) processed!

[textures\building e wonder shadow.tga]
Running Texture Compiler...
Processed: 1
1 texture(s) processed!

[textures\building falling leaf.tga]
Running Texture Compiler...
Processed: 1
1 texture(s) processed!

[textures\building g age0.tga]
Running Texture Compiler...
Processed: 1
1 texture(s) processed!

[textures\building g archery range shadow.tga]
Running Texture Compiler...
Processed: 1
1 texture(s) processed!

[textures\building g archery rangeage1 shadow.tga]
Running Texture Compiler...
Processed: 1
1 texture(s) processed!

[textures\building g archery rangeage2 shadow.tga]
Running Texture Compiler...
Processed: 1
1 texture(s) processed!

[textures\building g archery rangeage3 shadow.tga]
Running Texture Compiler...
Processed: 1
1 texture(s) processed!

[textures\building g arconstruction shadow.tga]
Running Texture Compiler...
Processed: 1
1 texture(s) processed!

[textures\building g armory destructed shadow.tga]
Running Texture Compiler...
Processed: 1
1 texture(s) processed!

[textures\building g armory shadow.tga]
Running Texture Compiler...
Processed: 1
1 texture(s) processed!

[textures\building g armoryage2 shadow.tga]
Running Texture Compiler...
Processed: 1
1 texture(s) processed!

[textures\building g armoryage3 shadow.tga]
Running Texture Compiler...
Processed: 1
1 texture(s) processed!

[textures\building g armoryconstruction shadow.tga]
Running Texture Compiler...
Processed: 1
1 texture(s) processed!

[textures\building g barracks destructed shadow.tga]
Running Texture Compiler...
Processed: 1
1 texture(s) processed!

[textures\building g barracks shadow.tga]
Running Texture Compiler...
Processed: 1
1 texture(s) processed!

[textures\building g barracksage1 shadow.tga]
Running Texture Compiler...
Processed: 1
1 texture(s) processed!

[textures\building g barracksage2 shadow.tga]
Running Texture Compiler...
Processed: 1
1 texture(s) processed!

[textures\building g barracksage3 shadow.tga]
Running Texture Compiler...
Processed: 1
1 texture(s) processed!

[textures\building g barracksconstruction shadow.tga]
Running Texture Compiler...
Processed: 1
1 texture(s) processed!

[textures\building g colomnshadow.tga]
Running Texture Compiler...
Processed: 1
1 texture(s) processed!

[textures\building g constructiontemple.tga]
Running Texture Compiler...
Processed: 1
1 texture(s) processed!

[textures\building g destroyed.tga]
Running Texture Compiler...
Processed: 1
1 texture(s) processed!

[textures\building g dockage1 shadow.tga]
Running Texture Compiler...
Processed: 1
1 texture(s) processed!

[textures\building g fortifiedwall.tga]
Running Texture Compiler...
Processed: 1
1 texture(s) processed!

[textures\building g fortress cinematic shadow.tga]
Running Texture Compiler...
Processed: 1
1 texture(s) processed!

[textures\building g fortress destructed shadow.tga]
Running Texture Compiler...
Processed: 1
1 texture(s) processed!

[textures\building g fortress shadow.tga]
Running Texture Compiler...
Processed: 1
1 texture(s) processed!

[textures\building g fortress.tga]
Running Texture Compiler...
Processed: 1
1 texture(s) processed!

[textures\building g fortressconstruction shadow.tga]
Running Texture Compiler...
Processed: 1
1 texture(s) processed!

[textures\building g fortressroof.tga]
Running Texture Compiler...
Processed: 1
1 texture(s) processed!

[textures\building g fortresswall destructed.tga]
Running Texture Compiler...
Processed: 1
1 texture(s) processed!

[textures\building g fortresswall.tga]
Running Texture Compiler...
Processed: 1
1 texture(s) processed!

[textures\building g fortresswall2 destructed.tga]
Running Texture Compiler...
Processed: 1
1 texture(s) processed!

[textures\building g fortresswall2.tga]
Running Texture Compiler...
Processed: 1
1 texture(s) processed!

[textures\building g gate open shadow.tga]
Running Texture Compiler...
Processed: 1
1 texture(s) processed!

[textures\building g gate shadow.tga]
Running Texture Compiler...
Processed: 1
1 texture(s) processed!

[textures\building g gateall.tga]
Running Texture Compiler...
Processed: 1
1 texture(s) processed!

[textures\building g granary destroyed shadow.tga]
Running Texture Compiler...
Processed: 1
1 texture(s) processed!

[textures\building g granaryconstruction shadow.tga]
Running Texture Compiler...
Processed: 1
1 texture(s) processed!

[textures\building g hades temple shadow.tga]
Running Texture Compiler...
Processed: 1
1 texture(s) processed!

[textures\building g hades wonder shadow.tga]
Running Texture Compiler...
Processed: 1
1 texture(s) processed!

[textures\building g hades wonder.tga]
Running Texture Compiler...
Processed: 1
1 texture(s) processed!

[textures\building g hades wonder01.tga]
Running Texture Compiler...
Processed: 1
1 texture(s) processed!

[textures\building g hadeswonder 2 shadow.tga]
Running Texture Compiler...
Processed: 1
1 texture(s) processed!

[textures\building g hadeswonder 3 shadow.tga]
Running Texture Compiler...
Processed: 1
1 texture(s) processed!

[textures\building g house destructed shadow.tga]
Running Texture Compiler...
Processed: 1
1 texture(s) processed!

[textures\building g housea age1 shadow.tga]
Running Texture Compiler...
Processed: 1
1 texture(s) processed!

[textures\building g houseb age1 shadow.tga]
Running Texture Compiler...
Processed: 1
1 texture(s) processed!

[textures\building g housec age1 shadow.tga]
Running Texture Compiler...
Processed: 1
1 texture(s) processed!

[textures\building g market shadow.tga]
Running Texture Compiler...
Processed: 1
1 texture(s) processed!

[textures\building g marketage2 shadow.tga]
Running Texture Compiler...
Processed: 1
1 texture(s) processed!

[textures\building g marketage3 shadow.tga]
Running Texture Compiler...
Processed: 1
1 texture(s) processed!

[textures\building g marketconstruction shadow.tga]
Running Texture Compiler...
Processed: 1
1 texture(s) processed!

[textures\building g mineconstruction shadow.tga]
Running Texture Compiler...
Processed: 1
1 texture(s) processed!

[textures\building g mining camp shadow.tga]
Running Texture Compiler...
Processed: 1
1 texture(s) processed!

[textures\building g mining campage1 shadow.tga]
Running Texture Compiler...
Processed: 1
1 texture(s) processed!

[textures\building g poswonder 1 shadow.tga]
Running Texture Compiler...
Processed: 1
1 texture(s) processed!

[textures\building g poswonder 2 shadow.tga]
Running Texture Compiler...
Processed: 1
1 texture(s) processed!

[textures\building g poswonder 3 shadow.tga]
Running Texture Compiler...
Processed: 1
1 texture(s) processed!

[textures\building g roofage1.tga]
Running Texture Compiler...
Processed: 1
1 texture(s) processed!

[textures\building g roofage2.tga]
Running Texture Compiler...
Processed: 1
1 texture(s) processed!

[textures\building g roofage3.tga]
Running Texture Compiler...
Processed: 1
1 texture(s) processed!

[textures\building g ruin a shadow.tga]
Running Texture Compiler...
Processed: 1
1 texture(s) processed!

[textures\building g ruin c shadow.tga]
Running Texture Compiler...
Processed: 1
1 texture(s) processed!

[textures\building g ruins.tga]
Running Texture Compiler...
Processed: 1
1 texture(s) processed!

[textures\building g settlement02 shadow.tga]
Running Texture Compiler...
Processed: 1
1 texture(s) processed!

[textures\building g settlement02.tga]
Running Texture Compiler...
Processed: 1
1 texture(s) processed!

[textures\building g settlement03 shadow.tga]
Running Texture Compiler...
Processed: 1
1 texture(s) processed!

[textures\building g settlementage1 shadow.tga]
Running Texture Compiler...
Processed: 1
1 texture(s) processed!

[textures\building g settlementage1.tga]
Running Texture Compiler...
Processed: 1
1 texture(s) processed!

[textures\building g settlementage2.tga]
Running Texture Compiler...
Processed: 1
1 texture(s) processed!

[textures\building g settlementage3.tga]
Running Texture Compiler...
Processed: 1
1 texture(s) processed!

[textures\building g settlementfence.tga]
Running Texture Compiler...
Processed: 1
1 texture(s) processed!

[textures\building g settlementfortified shadow.tga]
Running Texture Compiler...
Processed: 1
1 texture(s) processed!

[textures\building g shared01 2 map.tga]
Running Texture Compiler...
Processed: 1
1 texture(s) processed!

[textures\building g shared05 2 map.tga]
Running Texture Compiler...
Processed: 1
1 texture(s) processed!

[textures\building g shrine shadow.tga]
Running Texture Compiler...
Processed: 1
1 texture(s) processed!

[textures\building g shrine.tga]
Running Texture Compiler...
Processed: 1
1 texture(s) processed!

[textures\building g siegecamp shadow.tga]
Running Texture Compiler...
Processed: 1
1 texture(s) processed!

[textures\building g siegecampconstruction shadow.tga]
Running Texture Compiler...
Processed: 1
1 texture(s) processed!

[textures\building g stable destroyed shadow.tga]
Running Texture Compiler...
Processed: 1
1 texture(s) processed!

[textures\building g stable shadow.tga]
Running Texture Compiler...
Processed: 1
1 texture(s) processed!

[textures\building g stableage1 shadow.tga]
Running Texture Compiler...
Processed: 1
1 texture(s) processed!

[textures\building g stableage2 shadow.tga]
Running Texture Compiler...
Processed: 1
1 texture(s) processed!

[textures\building g stableage3 shadow.tga]
Running Texture Compiler...
Processed: 1
1 texture(s) processed!

[textures\building g stableconstruction shadow.tga]
Running Texture Compiler...
Processed: 1
1 texture(s) processed!

[textures\building g storehouse destructed shadow.tga]
Running Texture Compiler...
Processed: 1
1 texture(s) processed!

[textures\building g storehouse shadow.tga]
Running Texture Compiler...
Processed: 1
1 texture(s) processed!

[textures\building g storehouseage1 shadow.tga]
Running Texture Compiler...
Processed: 1
1 texture(s) processed!

[textures\building g tcconstruction shadow.tga]
Running Texture Compiler...
Processed: 1
1 texture(s) processed!

[textures\building g temple shadow.tga]
Running Texture Compiler...
Processed: 1
1 texture(s) processed!

[textures\building g temple statues map.tga]
Running Texture Compiler...
Processed: 1
1 texture(s) processed!

[textures\building g temple.tga]
Running Texture Compiler...
Processed: 1
1 texture(s) processed!

[textures\building g templeage1 shadow.tga]
Running Texture Compiler...
Processed: 1
1 texture(s) processed!

[textures\building g templeage1.tga]
Running Texture Compiler...
Processed: 1
1 texture(s) processed!

[textures\building g templeage2.tga]
Running Texture Compiler...
Processed: 1
1 texture(s) processed!

[textures\building g titan gate door map.tga]
Running Texture Compiler...
Processed: 1
1 texture(s) processed!

[textures\building g titan gate map.tga]
Running Texture Compiler...
Processed: 1
1 texture(s) processed!

[textures\building g titan gate rocks.tga]
Running Texture Compiler...
Processed: 1
1 texture(s) processed!

[textures\building g towerbasearea.tga]
Running Texture Compiler...
Processed: 1
1 texture(s) processed!

[textures\building g towerconstruction shadow.tga]
Running Texture Compiler...
Processed: 1
1 texture(s) processed!

[textures\building g towers.tga]
Running Texture Compiler...
Processed: 1
1 texture(s) processed!

[textures\building g towncenter shadow.tga]
Running Texture Compiler...
Processed: 1
1 texture(s) processed!

[textures\building g tradedock shadow.tga]
Running Texture Compiler...
Processed: 1
1 texture(s) processed!

[textures\building g underground passage greek b.tga]
Running Texture Compiler...
Processed: 1
1 texture(s) processed!

[textures\building g underground passage greek.tga]
Running Texture Compiler...
Processed: 1
1 texture(s) processed!

[textures\building g wall large shadow.tga]
Running Texture Compiler...
Processed: 1
1 texture(s) processed!

[textures\building g wallbasearea 2 map.tga]
Running Texture Compiler...
Processed: 1
1 texture(s) processed!

[textures\building g wallconnector shadow.tga]
Running Texture Compiler...
Processed: 1
1 texture(s) processed!

[textures\building g wallsage1.tga]
Running Texture Compiler...
Processed: 1
1 texture(s) processed!

[textures\building g wallsage2.tga]
Running Texture Compiler...
Processed: 1
1 texture(s) processed!

[textures\building g wallsage3.tga]
Running Texture Compiler...
Processed: 1
1 texture(s) processed!

[textures\building g watchtower shadow.tga]
Running Texture Compiler...
Processed: 1
1 texture(s) processed!

[textures\building g wonder destructed.tga]
Running Texture Compiler...
Processed: 1
1 texture(s) processed!

[textures\building g wonder.tga]
Running Texture Compiler...
Processed: 1
1 texture(s) processed!

[textures\building g wondershadow.tga]
Running Texture Compiler...
Processed: 1
1 texture(s) processed!

[textures\building g zeus 2 shadow.tga]
Running Texture Compiler...
Processed: 1
1 texture(s) processed!

[textures\building g zeus 3 shadow.tga]
Running Texture Compiler...
Processed: 1
1 texture(s) processed!

[textures\building g zeus wonder shadow.tga]
Running Texture Compiler...
Processed: 1
1 texture(s) processed!

[textures\building g zues wonder.tga]
Running Texture Compiler...
Processed: 1
1 texture(s) processed!

[textures\building g zues wonder01.tga]
Running Texture Compiler...
Processed: 1
1 texture(s) processed!

[textures\building gate.tga]
Running Texture Compiler...
Processed: 1
1 texture(s) processed!

[textures\building lion statue icon.tga]
Running Texture Compiler...
Processed: 1
1 texture(s) processed!

[textures\building misc stairs.tga]
Running Texture Compiler...
Processed: 1
1 texture(s) processed!

[textures\building n archery range shadow.tga]
Running Texture Compiler...
Processed: 1
1 texture(s) processed!

[textures\building n archery rangeage1 shadow.tga]
Running Texture Compiler...
Processed: 1
1 texture(s) processed!

[textures\building n archery rangeage3 shadow.tga]
Running Texture Compiler...
Processed: 1
1 texture(s) processed!

[textures\building n armory destructed shadow.tga]
Running Texture Compiler...
Processed: 1
1 texture(s) processed!

[textures\building n armory shadow.tga]
Running Texture Compiler...
Processed: 1
1 texture(s) processed!

[textures\building n armoryage3 shadow.tga]
Running Texture Compiler...
Processed: 1
1 texture(s) processed!

[textures\building n barracks shadow.tga]
Running Texture Compiler...
Processed: 1
1 texture(s) processed!

[textures\building n barracksage1 shadow.tga]
Running Texture Compiler...
Processed: 1
1 texture(s) processed!

[textures\building n barracksage3 shadow.tga]
Running Texture Compiler...
Processed: 1
1 texture(s) processed!

[textures\building n barracksage4 shadow.tga]
Running Texture Compiler...
Processed: 1
1 texture(s) processed!

[textures\building n barracksconstruction shadow.tga]
Running Texture Compiler...
Processed: 1
1 texture(s) processed!

[textures\building n constructiontemple.tga]
Running Texture Compiler...
Processed: 1
1 texture(s) processed!

[textures\building n destructed.tga]
Running Texture Compiler...
Processed: 1
1 texture(s) processed!

[textures\building n dock shadow.tga]
Running Texture Compiler...
Processed: 1
1 texture(s) processed!

[textures\building n dock.tga]
Running Texture Compiler...
Processed: 1
1 texture(s) processed!

[textures\building n gateall.tga]
Running Texture Compiler...
Processed: 1
1 texture(s) processed!

[textures\building n hillfort shadow.tga]
Running Texture Compiler...
Processed: 1
1 texture(s) processed!

[textures\building n hillfort.tga]
Running Texture Compiler...
Processed: 1
1 texture(s) processed!

[textures\building n house a shadow.tga]
Running Texture Compiler...
Processed: 1
1 texture(s) processed!

[textures\building n house b shadow.tga]
Running Texture Compiler...
Processed: 1
1 texture(s) processed!

[textures\building n house c shadow.tga]
Running Texture Compiler...
Processed: 1
1 texture(s) processed!

[textures\building n house destructed shadow.tga]
Running Texture Compiler...
Processed: 1
1 texture(s) processed!

[textures\building n loki 1 shadow.tga]
Running Texture Compiler...
Processed: 1
1 texture(s) processed!

[textures\building n loki 2 shadow.tga]
Running Texture Compiler...
Processed: 1
1 texture(s) processed!

[textures\building n loki 3 shadow.tga]
Running Texture Compiler...
Processed: 1
1 texture(s) processed!

[textures\building n loki wonder shadow.tga]
Running Texture Compiler...
Processed: 1
1 texture(s) processed!

[textures\building n loki wonder01.tga]
Running Texture Compiler...
Processed: 1
1 texture(s) processed!

[textures\building n loki wonder02.tga]
Running Texture Compiler...
Processed: 1
1 texture(s) processed!

[textures\building n longhouse destructed shadow.tga]
Running Texture Compiler...
Processed: 1
1 texture(s) processed!

[textures\building n majortemple shadow.tga]
Running Texture Compiler...
Processed: 1
1 texture(s) processed!

[textures\building n market shadow.tga]
Running Texture Compiler...
Processed: 1
1 texture(s) processed!

[textures\building n marketage3 shadow.tga]
Running Texture Compiler...
Processed: 1
1 texture(s) processed!

[textures\building n mining camp shadow.tga]
Running Texture Compiler...
Processed: 1
1 texture(s) processed!

[textures\building n odin 2 shadow.tga]
Running Texture Compiler...
Processed: 1
1 texture(s) processed!

[textures\building n odin wonder shadow.tga]
Running Texture Compiler...
Processed: 1
1 texture(s) processed!

[textures\building n odin wonder.tga]
Running Texture Compiler...
Processed: 1
1 texture(s) processed!

[textures\building n odin wonder01.tga]
Running Texture Compiler...
Processed: 1
1 texture(s) processed!

[textures\building n ravens.tga]
Running Texture Compiler...
Processed: 1
1 texture(s) processed!

[textures\building n settlement02 shadow.tga]
Running Texture Compiler...
Processed: 1
1 texture(s) processed!

[textures\building n settlement03 fortified shadow.tga]
Running Texture Compiler...
Processed: 1
1 texture(s) processed!

[textures\building n settlement03 shadow.tga]
Running Texture Compiler...
Processed: 1
1 texture(s) processed!

[textures\building n settlementage1 shadow.tga]
Running Texture Compiler...
Processed: 1
1 texture(s) processed!

[textures\building n settlementage1.tga]
Running Texture Compiler...
Processed: 1
1 texture(s) processed!

[textures\building n settlementage2.tga]
Running Texture Compiler...
Processed: 1
1 texture(s) processed!

[textures\building n settlementage3.tga]
Running Texture Compiler...
Processed: 1
1 texture(s) processed!

[textures\building n settlementage4.tga]
Running Texture Compiler...
Processed: 1
1 texture(s) processed!

[textures\building n shared01 1 map.tga]
Running Texture Compiler...
Processed: 1
1 texture(s) processed!

[textures\building n shared01 2 map.tga]
Running Texture Compiler...
Processed: 1
1 texture(s) processed!

[textures\building n shared01 3 map.tga]
Running Texture Compiler...
Processed: 1
1 texture(s) processed!

[textures\building n shared02 2 map.tga]
Running Texture Compiler...
Processed: 1
1 texture(s) processed!

[textures\building n shared03 2 map.tga]
Running Texture Compiler...
Processed: 1
1 texture(s) processed!

[textures\building n shared04 2 map.tga]
Running Texture Compiler...
Processed: 1
1 texture(s) processed!

[textures\building n shared06 2 map.tga]
Running Texture Compiler...
Processed: 1
1 texture(s) processed!

[textures\building n shrine shadow.tga]
Running Texture Compiler...
Processed: 1
1 texture(s) processed!

[textures\building n shrine.tga]
Running Texture Compiler...
Processed: 1
1 texture(s) processed!

[textures\building n siege camp shadow.tga]
Running Texture Compiler...
Processed: 1
1 texture(s) processed!

[textures\building n stable shadow.tga]
Running Texture Compiler...
Processed: 1
1 texture(s) processed!

[textures\building n stableage1 shadow.tga]
Running Texture Compiler...
Processed: 1
1 texture(s) processed!

[textures\building n stableage3 shadow.tga]
Running Texture Compiler...
Processed: 1
1 texture(s) processed!

[textures\building n storehouse shadow.tga]
Running Texture Compiler...
Processed: 1
1 texture(s) processed!

[textures\building n temple shadow.tga]
Running Texture Compiler...
Processed: 1
1 texture(s) processed!

[textures\building n temple.tga]
Running Texture Compiler...
Processed: 1
1 texture(s) processed!

[textures\building n templeage1 shadow.tga]
Running Texture Compiler...
Processed: 1
1 texture(s) processed!

[textures\building n templeage1.tga]
Running Texture Compiler...
Processed: 1
1 texture(s) processed!

[textures\building n templeage2.tga]
Running Texture Compiler...
Processed: 1
1 texture(s) processed!

[textures\building n templeage3.tga]
Running Texture Compiler...
Processed: 1
1 texture(s) processed!

[textures\building n thor 1 shadow.tga]
Running Texture Compiler...
Processed: 1
1 texture(s) processed!

[textures\building n thor 2 shadow.tga]
Running Texture Compiler...
Processed: 1
1 texture(s) processed!

[textures\building n thor 4 shadow.tga]
Running Texture Compiler...
Processed: 1
1 texture(s) processed!

[textures\building n thorarmory shadow.tga]
Running Texture Compiler...
Processed: 1
1 texture(s) processed!

[textures\building n thorarmory.tga]
Running Texture Compiler...
Processed: 1
1 texture(s) processed!

[textures\building n thorarmory1.tga]
Running Texture Compiler...
Processed: 1
1 texture(s) processed!

[textures\building n thorarmoryshadow.tga]
Running Texture Compiler...
Processed: 1
1 texture(s) processed!

[textures\building n titan gate map.tga]
Running Texture Compiler...
Processed: 1
1 texture(s) processed!

[textures\building n titan gate rocks.tga]
Running Texture Compiler...
Processed: 1
1 texture(s) processed!

[textures\building n tower shadow.tga]
Running Texture Compiler...
Processed: 1
1 texture(s) processed!

[textures\building n tower.tga]
Running Texture Compiler...
Processed: 1
1 texture(s) processed!

[textures\building n towncenter shadow.tga]
Running Texture Compiler...
Processed: 1
1 texture(s) processed!

[textures\building n towncenterage1 shadow.tga]
Running Texture Compiler...
Processed: 1
1 texture(s) processed!

[textures\building n wallage4.tga]
Running Texture Compiler...
Processed: 1
1 texture(s) processed!

[textures\building n wonder falling leaves.tga]
Running Texture Compiler...
Processed: 1
1 texture(s) processed!

[textures\building n wonder.tga]
Running Texture Compiler...
Processed: 1
1 texture(s) processed!

[textures\building n wonderbranch.tga]
Running Texture Compiler...
Processed: 1
1 texture(s) processed!

[textures\building n wonderleaf.tga]
Running Texture Compiler...
Processed: 1
1 texture(s) processed!

[textures\building n wonderrune.tga]
Running Texture Compiler...
Processed: 1
1 texture(s) processed!

[textures\building n wondershadow.tga]
Running Texture Compiler...
Processed: 1
1 texture(s) processed!

[textures\building outpost shadow.tga]
Running Texture Compiler...
Processed: 1
1 texture(s) processed!

[textures\building pharoah statue icon.tga]
Running Texture Compiler...
Processed: 1
1 texture(s) processed!

[textures\building pot.tga]
Running Texture Compiler...
Processed: 1
1 texture(s) processed!

[textures\building props.tga]
Running Texture Compiler...
Processed: 1
1 texture(s) processed!

[textures\building rubble10x10 shadow.tga]
Running Texture Compiler...
Processed: 1
1 texture(s) processed!

[textures\building rubble12x12 shadow.tga]
Running Texture Compiler...
Processed: 1
1 texture(s) processed!

[textures\building rubble4x4 shadow.tga]
Running Texture Compiler...
Processed: 1
1 texture(s) processed!

[textures\building rubble8x8 shadow.tga]
Running Texture Compiler...
Processed: 1
1 texture(s) processed!

[textures\building settlement shadow.tga]
Running Texture Compiler...
Processed: 1
1 texture(s) processed!

[textures\building settlement.tga]
Running Texture Compiler...
Processed: 1
1 texture(s) processed!

[textures\building sfx outpost glow.tga]
Running Texture Compiler...
Processed: 1
1 texture(s) processed!

[textures\building town center icon 64.tga]
Running Texture Compiler...
Processed: 1
1 texture(s) processed!

[textures\building town center icon.tga]
Running Texture Compiler...
Processed: 1
1 texture(s) processed!

[textures\building towncenter icon.tga]
Running Texture Compiler...
Processed: 1
1 texture(s) processed!

[textures\building vase.tga]
Running Texture Compiler...
Processed: 1
1 texture(s) processed!

[textures\building vines01.tga]
Running Texture Compiler...
Processed: 1
1 texture(s) processed!

[textures\building wall damage.tga]
Running Texture Compiler...
Processed: 1
1 texture(s) processed!

[textures\building wall to gate icon 64.tga]
Running Texture Compiler...
Processed: 1
1 texture(s) processed!

[textures\building wall to gate icon.tga]
Running Texture Compiler...
Processed: 1
1 texture(s) processed!

[textures\building x armory age1 shadow.tga]
Running Texture Compiler...
Processed: 1
1 texture(s) processed!

[textures\building x armory age2 shadow.tga]
Running Texture Compiler...
Processed: 1
1 texture(s) processed!

[textures\building x barracks age2 shadow.tga]
Running Texture Compiler...
Processed: 1
1 texture(s) processed!

[textures\building x bronze gate.tga]
Running Texture Compiler...
Processed: 1
1 texture(s) processed!

[textures\building x construction palace shadow.tga]
Running Texture Compiler...
Processed: 1
1 texture(s) processed!

[textures\building x construction temple.tga]
Running Texture Compiler...
Processed: 1
1 texture(s) processed!

[textures\building x dock.tga]
Running Texture Compiler...
Processed: 1
1 texture(s) processed!

[textures\building x gaia wonder con shadow.tga]
Running Texture Compiler...
Processed: 1
1 texture(s) processed!

[textures\building x guard tower shadow.tga]
Running Texture Compiler...
Processed: 1
1 texture(s) processed!

[textures\building x guild age2 shadow.tga]
Running Texture Compiler...
Processed: 1
1 texture(s) processed!

[textures\building x guild age2.tga]
Running Texture Compiler...
Processed: 1
1 texture(s) processed!

[textures\building x iron gate.tga]
Running Texture Compiler...
Processed: 1
1 texture(s) processed!

[textures\building x kronos wonder con 3 shadow.tga]
Running Texture Compiler...
Processed: 1
1 texture(s) processed!

[textures\building x kronos wonder con 4 shadow.tga]
Running Texture Compiler...
Processed: 1
1 texture(s) processed!

[textures\building x manor a age2 shadow.tga]
Running Texture Compiler...
Processed: 1
1 texture(s) processed!

[textures\building x manor b age2 shadow.tga]
Running Texture Compiler...
Processed: 1
1 texture(s) processed!

[textures\building x manor c age2 shadow.tga]
Running Texture Compiler...
Processed: 1
1 texture(s) processed!

[textures\building x market age2 shadow.tga]
Running Texture Compiler...
Processed: 1
1 texture(s) processed!

[textures\building x mirror tower shadow.tga]
Running Texture Compiler...
Processed: 1
1 texture(s) processed!

[textures\building x mirror tower.tga]
Running Texture Compiler...
Processed: 1
1 texture(s) processed!

[textures\building x oranos wonder con 3 shadow.tga]
Running Texture Compiler...
Processed: 1
1 texture(s) processed!

[textures\building x oranos wonder con 4 shadow.tga]
Running Texture Compiler...
Processed: 1
1 texture(s) processed!

[textures\building x oreichalkos gate.tga]
Running Texture Compiler...
Processed: 1
1 texture(s) processed!

[textures\building x palace age2 shadow.tga]
Running Texture Compiler...
Processed: 1
1 texture(s) processed!

[textures\building x palace age2.tga]
Running Texture Compiler...
Processed: 1
1 texture(s) processed!

[textures\building x palace age3.tga]
Running Texture Compiler...
Processed: 1
1 texture(s) processed!

[textures\building x palace roof age3.tga]
Running Texture Compiler...
Processed: 1
1 texture(s) processed!

[textures\building x palace roof.tga]
Running Texture Compiler...
Processed: 1
1 texture(s) processed!

[textures\building x roof age0.tga]
Running Texture Compiler...
Processed: 1
1 texture(s) processed!

[textures\building x roof age1.tga]
Running Texture Compiler...
Processed: 1
1 texture(s) processed!

[textures\building x roof age2.tga]
Running Texture Compiler...
Processed: 1
1 texture(s) processed!

[textures\building x roof age3.tga]
Running Texture Compiler...
Processed: 1
1 texture(s) processed!

[textures\building x settlement age0 shadow.tga]
Running Texture Compiler...
Processed: 1
1 texture(s) processed!

[textures\building x settlement age1 shadow.tga]
Running Texture Compiler...
Processed: 1
1 texture(s) processed!

[textures\building x settlement age2 fortified shadow.tga]
Running Texture Compiler...
Processed: 1
1 texture(s) processed!

[textures\building x settlement age2 shadow.tga]
Running Texture Compiler...
Processed: 1
1 texture(s) processed!

[textures\building x shared age0.tga]
Running Texture Compiler...
Processed: 1
1 texture(s) processed!

[textures\building x shared age3.tga]
Running Texture Compiler...
Processed: 1
1 texture(s) processed!

[textures\building x sky temple roof.tga]
Running Texture Compiler...
Processed: 1
1 texture(s) processed!

[textures\building x sky temple shadow.tga]
Running Texture Compiler...
Processed: 1
1 texture(s) processed!

[textures\building x sky temple.tga]
Running Texture Compiler...
Processed: 1
1 texture(s) processed!

[textures\building x specialist age2 shadow.tga]
Running Texture Compiler...
Processed: 1
1 texture(s) processed!

[textures\building x statue stand in.tga]
Running Texture Compiler...
Processed: 1
1 texture(s) processed!

[textures\building x stone wall.tga]
Running Texture Compiler...
Processed: 1
1 texture(s) processed!

[textures\building x temple age0 shadow.tga]
Running Texture Compiler...
Processed: 1
1 texture(s) processed!

[textures\building x temple age0.tga]
Running Texture Compiler...
Processed: 1
1 texture(s) processed!

[textures\building x temple age1 shadow.tga]
Running Texture Compiler...
Processed: 1
1 texture(s) processed!

[textures\building x temple age1.tga]
Running Texture Compiler...
Processed: 1
1 texture(s) processed!

[textures\building x temple age2 shadow.tga]
Running Texture Compiler...
Processed: 1
1 texture(s) processed!

[textures\building x temple age2.tga]
Running Texture Compiler...
Processed: 1
1 texture(s) processed!

[textures\building x temple age3 shadow.tga]
Running Texture Compiler...
Processed: 1
1 texture(s) processed!

[textures\building x temple age3.tga]
Running Texture Compiler...
Processed: 1
1 texture(s) processed!

[textures\building x temple og1 25.tga]
Running Texture Compiler...
Processed: 1
1 texture(s) processed!

[textures\building x temple og1 50.tga]
Running Texture Compiler...
Processed: 1
1 texture(s) processed!

[textures\building x temple og1 75.tga]
Running Texture Compiler...
Processed: 1
1 texture(s) processed!

[textures\building x temple og1.tga]
Running Texture Compiler...
Processed: 1
1 texture(s) processed!

[textures\building x temple og2 25.tga]
Running Texture Compiler...
Processed: 1
1 texture(s) processed!

[textures\building x temple og2 50.tga]
Running Texture Compiler...
Processed: 1
1 texture(s) processed!

[textures\building x temple og2 75.tga]
Running Texture Compiler...
Processed: 1
1 texture(s) processed!

[textures\building x temple og2.tga]
Running Texture Compiler...
Processed: 1
1 texture(s) processed!

[textures\building x titangate.tga]
Running Texture Compiler...
Processed: 1
1 texture(s) processed!

[textures\building x tower watch.tga]
Running Texture Compiler...
Processed: 1
1 texture(s) processed!

[textures\building x tower watch2.tga]
Running Texture Compiler...
Processed: 1
1 texture(s) processed!

[textures\building x tower watch3.tga]
Running Texture Compiler...
Processed: 1
1 texture(s) processed!

[textures\building x tower watch4.tga]
Running Texture Compiler...
Processed: 1
1 texture(s) processed!

[textures\building x towers.tga]
Running Texture Compiler...
Processed: 1
1 texture(s) processed!

[textures\building x wall age2.tga]
Running Texture Compiler...
Processed: 1
1 texture(s) processed!

[textures\building x wall age3.tga]
Running Texture Compiler...
Processed: 1
1 texture(s) processed!

[textures\building x wall bronze.tga]
Running Texture Compiler...
Processed: 1
1 texture(s) processed!

[textures\building x wall iron.tga]
Running Texture Compiler...
Processed: 1
1 texture(s) processed!

[textures\building x wall oreichalkos damage.tga]
Running Texture Compiler...
Processed: 1
1 texture(s) processed!

[textures\building x wall oreichalkos.tga]
Running Texture Compiler...
Processed: 1
1 texture(s) processed!

[textures\building x wall stone.tga]
Running Texture Compiler...
Processed: 1
1 texture(s) processed!

[textures\building x watch tower shadow.tga]
Running Texture Compiler...
Processed: 1
1 texture(s) processed!

[textures\building x wonder gaia shadow.tga]
Running Texture Compiler...
Processed: 1
1 texture(s) processed!

[textures\building x wonder kronos shadow.tga]
Running Texture Compiler...
Processed: 1
1 texture(s) processed!

[textures\building x wonder oranos shadow.tga]
Running Texture Compiler...
Processed: 1
1 texture(s) processed!

[textures\building_e_monumentbase_map.tga]
Running Texture Compiler...
Processed: 1
1 texture(s) processed!

[textures\buildingestatue01.tga]
Running Texture Compiler...
Processed: 1
1 texture(s) processed!

[textures\buildingshadow_decal.tga]
Running Texture Compiler...
Processed: 1
1 texture(s) processed!

[textures\buildingshadow_decaltc.tga]
Running Texture Compiler...
Processed: 1
1 texture(s) processed!

[textures\burst.tga]
Running Texture Compiler...
Processed: 1
1 texture(s) processed!

[textures\bush01.tga]
Running Texture Compiler...
Processed: 1
1 texture(s) processed!

[textures\butterfly.tga]
Running Texture Compiler...
Processed: 1
1 texture(s) processed!

[textures\cavalry c cataphract bronze.tga]
Running Texture Compiler...
Processed: 1
1 texture(s) processed!

[textures\cavalry c cataphract copper.tga]
Running Texture Compiler...
Processed: 1
1 texture(s) processed!

[textures\cavalry c cataphract head bronze.tga]
Running Texture Compiler...
Processed: 1
1 texture(s) processed!

[textures\cavalry c cataphract head copper.tga]
Running Texture Compiler...
Processed: 1
1 texture(s) processed!

[textures\cavalry c cataphract head iron.tga]
Running Texture Compiler...
Processed: 1
1 texture(s) processed!

[textures\cavalry c cataphract head standard.tga]
Running Texture Compiler...
Processed: 1
1 texture(s) processed!

[textures\cavalry c cataphract horse bronze.tga]
Running Texture Compiler...
Processed: 1
1 texture(s) processed!

[textures\cavalry c cataphract horse copper.tga]
Running Texture Compiler...
Processed: 1
1 texture(s) processed!

[textures\cavalry c cataphract horse iron.tga]
Running Texture Compiler...
Processed: 1
1 texture(s) processed!

[textures\cavalry c cataphract horse standard.tga]
Running Texture Compiler...
Processed: 1
1 texture(s) processed!

[textures\cavalry c cataphract icon.tga]
Running Texture Compiler...
Processed: 1
1 texture(s) processed!

[textures\cavalry c cataphract iron.tga]
Running Texture Compiler...
Processed: 1
1 texture(s) processed!

[textures\cavalry c cataphract standard.tga]
Running Texture Compiler...
Processed: 1
1 texture(s) processed!

[textures\cavalry c chariot bronze.tga]
Running Texture Compiler...
Processed: 1
1 texture(s) processed!

[textures\cavalry c chariot copper.tga]
Running Texture Compiler...
Processed: 1
1 texture(s) processed!

[textures\cavalry c chariot horse bronze.tga]
Running Texture Compiler...
Processed: 1
1 texture(s) processed!

[textures\cavalry c chariot horse iron.tga]
Running Texture Compiler...
Processed: 1
1 texture(s) processed!

[textures\cavalry c chariot horse standard.tga]
Running Texture Compiler...
Processed: 1
1 texture(s) processed!

[textures\cavalry c chariot iron.tga]
Running Texture Compiler...
Processed: 1
1 texture(s) processed!

[textures\cavalry c chariot standard.tga]
Running Texture Compiler...
Processed: 1
1 texture(s) processed!

[textures\cavalry c charioteer bronze.tga]
Running Texture Compiler...
Processed: 1
1 texture(s) processed!

[textures\cavalry c charioteer iron.tga]
Running Texture Compiler...
Processed: 1
1 texture(s) processed!

[textures\cavalry c charioteer standard.tga]
Running Texture Compiler...
Processed: 1
1 texture(s) processed!

[textures\cavalry c scout bronze.tga]
Running Texture Compiler...
Processed: 1
1 texture(s) processed!

[textures\cavalry c scout copper.tga]
Running Texture Compiler...
Processed: 1
1 texture(s) processed!

[textures\cavalry c scout head bronze.tga]
Running Texture Compiler...
Processed: 1
1 texture(s) processed!

[textures\cavalry c scout head copper.tga]
Running Texture Compiler...
Processed: 1
1 texture(s) processed!

[textures\cavalry c scout head iron.tga]
Running Texture Compiler...
Processed: 1
1 texture(s) processed!

[textures\cavalry c scout head standard.tga]
Running Texture Compiler...
Processed: 1
1 texture(s) processed!

[textures\cavalry c scout horse bronze.tga]
Running Texture Compiler...
Processed: 1
1 texture(s) processed!

[textures\cavalry c scout horse copper.tga]
Running Texture Compiler...
Processed: 1
1 texture(s) processed!

[textures\cavalry c scout horse iron.tga]
Running Texture Compiler...
Processed: 1
1 texture(s) processed!

[textures\cavalry c scout horse standard.tga]
Running Texture Compiler...
Processed: 1
1 texture(s) processed!

[textures\cavalry c scout icon.tga]
Running Texture Compiler...
Processed: 1
1 texture(s) processed!

[textures\cavalry c scout iron.tga]
Running Texture Compiler...
Processed: 1
1 texture(s) processed!

[textures\cavalry c scout standard.tga]
Running Texture Compiler...
Processed: 1
1 texture(s) processed!

[textures\cavalry c war chariot icon.tga]
Running Texture Compiler...
Processed: 1
1 texture(s) processed!

[textures\cavalry e camelry bronze.tga]
Running Texture Compiler...
Processed: 1
1 texture(s) processed!

[textures\cavalry e camelry camel bronze.tga]
Running Texture Compiler...
Processed: 1
1 texture(s) processed!

[textures\cavalry e camelry camel copper.tga]
Running Texture Compiler...
Processed: 1
1 texture(s) processed!

[textures\cavalry e camelry camel iron.tga]
Running Texture Compiler...
Processed: 1
1 texture(s) processed!

[textures\cavalry e camelry camel map.tga]
Running Texture Compiler...
Processed: 1
1 texture(s) processed!

[textures\cavalry e camelry camel standard.tga]
Running Texture Compiler...
Processed: 1
1 texture(s) processed!

[textures\cavalry e camelry copper.tga]
Running Texture Compiler...
Processed: 1
1 texture(s) processed!

[textures\cavalry e camelry corpse bodya.tga]
Running Texture Compiler...
Processed: 1
1 texture(s) processed!

[textures\cavalry e camelry head bronze.tga]
Running Texture Compiler...
Processed: 1
1 texture(s) processed!

[textures\cavalry e camelry head copper.tga]
Running Texture Compiler...
Processed: 1
1 texture(s) processed!

[textures\cavalry e camelry head iron.tga]
Running Texture Compiler...
Processed: 1
1 texture(s) processed!

[textures\cavalry e camelry head standard.tga]
Running Texture Compiler...
Processed: 1
1 texture(s) processed!

[textures\cavalry e camelry iron.tga]
Running Texture Compiler...
Processed: 1
1 texture(s) processed!

[textures\cavalry e camelry map.tga]
Running Texture Compiler...
Processed: 1
1 texture(s) processed!

[textures\cavalry e camelry skeletona.tga]
Running Texture Compiler...
Processed: 1
1 texture(s) processed!

[textures\cavalry e camelry standard.tga]
Running Texture Compiler...
Processed: 1
1 texture(s) processed!

[textures\cavalry e chariot archer bronze.tga]
Running Texture Compiler...
Processed: 1
1 texture(s) processed!

[textures\cavalry e chariot archer copper.tga]
Running Texture Compiler...
Processed: 1
1 texture(s) processed!

[textures\cavalry e chariot archer corpse bodya.tga]
Running Texture Compiler...
Processed: 1
1 texture(s) processed!

[textures\cavalry e chariot archer iron.tga]
Running Texture Compiler...
Processed: 1
1 texture(s) processed!

[textures\cavalry e chariot archer skeletona.tga]
Running Texture Compiler...
Processed: 1
1 texture(s) processed!

[textures\cavalry e chariot chariot map.tga]
Running Texture Compiler...
Processed: 1
1 texture(s) processed!

[textures\cavalry e chariot horse map.tga]
Running Texture Compiler...
Processed: 1
1 texture(s) processed!

[textures\cavalry e chariot map.tga]
Running Texture Compiler...
Processed: 1
1 texture(s) processed!

[textures\cavalry e mercenary corpse bodya.tga]
Running Texture Compiler...
Processed: 1
1 texture(s) processed!

[textures\cavalry e mercenary horse iron.tga]
Running Texture Compiler...
Processed: 1
1 texture(s) processed!

[textures\cavalry e mercenary horse standard.tga]
Running Texture Compiler...
Processed: 1
1 texture(s) processed!

[textures\cavalry e mercenary skeletona.tga]
Running Texture Compiler...
Processed: 1
1 texture(s) processed!

[textures\cavalry e war elephant basket bronze.tga]
Running Texture Compiler...
Processed: 1
1 texture(s) processed!

[textures\cavalry e war elephant basket copper.tga]
Running Texture Compiler...
Processed: 1
1 texture(s) processed!

[textures\cavalry e war elephant basket iron.tga]
Running Texture Compiler...
Processed: 1
1 texture(s) processed!

[textures\cavalry e war elephant basket standard.tga]
Running Texture Compiler...
Processed: 1
1 texture(s) processed!

[textures\cavalry e war elephant bronze.tga]
Running Texture Compiler...
Processed: 1
1 texture(s) processed!

[textures\cavalry e war elephant copper.tga]
Running Texture Compiler...
Processed: 1
1 texture(s) processed!

[textures\cavalry e war elephant corpse bodya.tga]
Running Texture Compiler...
Processed: 1
1 texture(s) processed!

[textures\cavalry e war elephant head bronze.tga]
Running Texture Compiler...
Processed: 1
1 texture(s) processed!

[textures\cavalry e war elephant head copper.tga]
Running Texture Compiler...
Processed: 1
1 texture(s) processed!

[textures\cavalry e war elephant head iron.tga]
Running Texture Compiler...
Processed: 1
1 texture(s) processed!

[textures\cavalry e war elephant head standard.tga]
Running Texture Compiler...
Processed: 1
1 texture(s) processed!

[textures\cavalry e war elephant iron.tga]
Running Texture Compiler...
Processed: 1
1 texture(s) processed!

[textures\cavalry e war elephant rider bronze.tga]
Running Texture Compiler...
Processed: 1
1 texture(s) processed!

[textures\cavalry e war elephant rider copper.tga]
Running Texture Compiler...
Processed: 1
1 texture(s) processed!

[textures\cavalry e war elephant rider iron.tga]
Running Texture Compiler...
Processed: 1
1 texture(s) processed!

[textures\cavalry e war elephant rider standard.tga]
Running Texture Compiler...
Processed: 1
1 texture(s) processed!

[textures\cavalry e war elephant skeletona.tga]
Running Texture Compiler...
Processed: 1
1 texture(s) processed!

[textures\cavalry e war elephant tusks bronze.tga]
Running Texture Compiler...
Processed: 1
1 texture(s) processed!

[textures\cavalry e war elephant tusks copper.tga]
Running Texture Compiler...
Processed: 1
1 texture(s) processed!

[textures\cavalry e war elephant tusks iron.tga]
Running Texture Compiler...
Processed: 1
1 texture(s) processed!

[textures\cavalry e war elephant tusks standard.tga]
Running Texture Compiler...
Processed: 1
1 texture(s) processed!

[textures\cavalry g cataphract corpse bodya.tga]
Running Texture Compiler...
Processed: 1
1 texture(s) processed!

[textures\cavalry g cataphract head iron.tga]
Running Texture Compiler...
Processed: 1
1 texture(s) processed!

[textures\cavalry g cataphract horse iron.tga]
Running Texture Compiler...
Processed: 1
1 texture(s) processed!

[textures\cavalry g cataphract iron.tga]
Running Texture Compiler...
Processed: 1
1 texture(s) processed!

[textures\cavalry g cataphract skeletona.tga]
Running Texture Compiler...
Processed: 1
1 texture(s) processed!

[textures\cavalry g hetairoi bronze.tga]
Running Texture Compiler...
Processed: 1
1 texture(s) processed!

[textures\cavalry g hetairoi cape.tga]
Running Texture Compiler...
Processed: 1
1 texture(s) processed!

[textures\cavalry g hetairoi copper.tga]
Running Texture Compiler...
Processed: 1
1 texture(s) processed!

[textures\cavalry g hetairoi corpse bodya.tga]
Running Texture Compiler...
Processed: 1
1 texture(s) processed!

[textures\cavalry g hetairoi head iron.tga]
Running Texture Compiler...
Processed: 1
1 texture(s) processed!

[textures\cavalry g hetairoi horse iron.tga]
Running Texture Compiler...
Processed: 1
1 texture(s) processed!

[textures\cavalry g hetairoi iron.tga]
Running Texture Compiler...
Processed: 1
1 texture(s) processed!

[textures\cavalry g hetairoi skeletona.tga]
Running Texture Compiler...
Processed: 1
1 texture(s) processed!

[textures\cavalry g hippikon bronze.tga]
Running Texture Compiler...
Processed: 1
1 texture(s) processed!

[textures\cavalry g hippikon cape.tga]
Running Texture Compiler...
Processed: 1
1 texture(s) processed!

[textures\cavalry g hippikon copper.tga]
Running Texture Compiler...
Processed: 1
1 texture(s) processed!

[textures\cavalry g hippikon corpse bodya.tga]
Running Texture Compiler...
Processed: 1
1 texture(s) processed!

[textures\cavalry g hippikon head bronze.tga]
Running Texture Compiler...
Processed: 1
1 texture(s) processed!

[textures\cavalry g hippikon head copper.tga]
Running Texture Compiler...
Processed: 1
1 texture(s) processed!

[textures\cavalry g hippikon head iron.tga]
Running Texture Compiler...
Processed: 1
1 texture(s) processed!

[textures\cavalry g hippikon head standard.tga]
Running Texture Compiler...
Processed: 1
1 texture(s) processed!

[textures\cavalry g hippikon horse bronze.tga]
Running Texture Compiler...
Processed: 1
1 texture(s) processed!

[textures\cavalry g hippikon horse copper.tga]
Running Texture Compiler...
Processed: 1
1 texture(s) processed!

[textures\cavalry g hippikon horse iron.tga]
Running Texture Compiler...
Processed: 1
1 texture(s) processed!

[textures\cavalry g hippikon horse standard.tga]
Running Texture Compiler...
Processed: 1
1 texture(s) processed!

[textures\cavalry g hippikon iron.tga]
Running Texture Compiler...
Processed: 1
1 texture(s) processed!

[textures\cavalry g hippikon skeletona.tga]
Running Texture Compiler...
Processed: 1
1 texture(s) processed!

[textures\cavalry g hippikon standard.tga]
Running Texture Compiler...
Processed: 1
1 texture(s) processed!

[textures\cavalry g light cavalry spear map.tga]
Running Texture Compiler...
Processed: 1
1 texture(s) processed!

[textures\cavalry g prodromos bronze.tga]
Running Texture Compiler...
Processed: 1
1 texture(s) processed!

[textures\cavalry g prodromos copper.tga]
Running Texture Compiler...
Processed: 1
1 texture(s) processed!

[textures\cavalry g prodromos corpse bodya.tga]
Running Texture Compiler...
Processed: 1
1 texture(s) processed!

[textures\cavalry g prodromos head bronze.tga]
Running Texture Compiler...
Processed: 1
1 texture(s) processed!

[textures\cavalry g prodromos head copper.tga]
Running Texture Compiler...
Processed: 1
1 texture(s) processed!

[textures\cavalry g prodromos head iron.tga]
Running Texture Compiler...
Processed: 1
1 texture(s) processed!

[textures\cavalry g prodromos head standard.tga]
Running Texture Compiler...
Processed: 1
1 texture(s) processed!

[textures\cavalry g prodromos horse bronze.tga]
Running Texture Compiler...
Processed: 1
1 texture(s) processed!

[textures\cavalry g prodromos horse copper.tga]
Running Texture Compiler...
Processed: 1
1 texture(s) processed!

[textures\cavalry g prodromos horse iron.tga]
Running Texture Compiler...
Processed: 1
1 texture(s) processed!

[textures\cavalry g prodromos horse standard.tga]
Running Texture Compiler...
Processed: 1
1 texture(s) processed!

[textures\cavalry g prodromos iron.tga]
Running Texture Compiler...
Processed: 1
1 texture(s) processed!

[textures\cavalry g prodromos skeletona.tga]
Running Texture Compiler...
Processed: 1
1 texture(s) processed!

[textures\cavalry g prodromos standard.tga]
Running Texture Compiler...
Processed: 1
1 texture(s) processed!

[textures\cavalry g scout corpse bodya.tga]
Running Texture Compiler...
Processed: 1
1 texture(s) processed!

[textures\cavalry g scout horse.tga]
Running Texture Compiler...
Processed: 1
1 texture(s) processed!

[textures\cavalry g scout skeletona.tga]
Running Texture Compiler...
Processed: 1
1 texture(s) processed!

[textures\cavalry n jarl bronze.tga]
Running Texture Compiler...
Processed: 1
1 texture(s) processed!

[textures\cavalry n jarl cape.tga]
Running Texture Compiler...
Processed: 1
1 texture(s) processed!

[textures\cavalry n jarl copper.tga]
Running Texture Compiler...
Processed: 1
1 texture(s) processed!

[textures\cavalry n jarl corpse bodya.tga]
Running Texture Compiler...
Processed: 1
1 texture(s) processed!

[textures\cavalry n jarl head bronze.tga]
Running Texture Compiler...
Processed: 1
1 texture(s) processed!

[textures\cavalry n jarl head copper.tga]
Running Texture Compiler...
Processed: 1
1 texture(s) processed!

[textures\cavalry n jarl head iron.tga]
Running Texture Compiler...
Processed: 1
1 texture(s) processed!

[textures\cavalry n jarl head standard.tga]
Running Texture Compiler...
Processed: 1
1 texture(s) processed!

[textures\cavalry n jarl horse bronze.tga]
Running Texture Compiler...
Processed: 1
1 texture(s) processed!

[textures\cavalry n jarl horse copper.tga]
Running Texture Compiler...
Processed: 1
1 texture(s) processed!

[textures\cavalry n jarl horse iron.tga]
Running Texture Compiler...
Processed: 1
1 texture(s) processed!

[textures\cavalry n jarl horse standard.tga]
Running Texture Compiler...
Processed: 1
1 texture(s) processed!

[textures\cavalry n jarl iron.tga]
Running Texture Compiler...
Processed: 1
1 texture(s) processed!

[textures\cavalry n jarl skeletona.tga]
Running Texture Compiler...
Processed: 1
1 texture(s) processed!

[textures\cavalry n jarl standard.tga]
Running Texture Compiler...
Processed: 1
1 texture(s) processed!

[textures\cavalry n raiding cavalry bronze.tga]
Running Texture Compiler...
Processed: 1
1 texture(s) processed!

[textures\cavalry n raiding cavalry copper.tga]
Running Texture Compiler...
Processed: 1
1 texture(s) processed!

[textures\cavalry n raiding cavalry corpse bodya.tga]
Running Texture Compiler...
Processed: 1
1 texture(s) processed!

[textures\cavalry n raiding cavalry head bronze.tga]
Running Texture Compiler...
Processed: 1
1 texture(s) processed!

[textures\cavalry n raiding cavalry head copper.tga]
Running Texture Compiler...
Processed: 1
1 texture(s) processed!

[textures\cavalry n raiding cavalry head iron.tga]
Running Texture Compiler...
Processed: 1
1 texture(s) processed!

[textures\cavalry n raiding cavalry head standard.tga]
Running Texture Compiler...
Processed: 1
1 texture(s) processed!

[textures\cavalry n raiding cavalry horse bronze.tga]
Running Texture Compiler...
Processed: 1
1 texture(s) processed!

[textures\cavalry n raiding cavalry horse copper.tga]
Running Texture Compiler...
Processed: 1
1 texture(s) processed!

[textures\cavalry n raiding cavalry horse iron.tga]
Running Texture Compiler...
Processed: 1
1 texture(s) processed!

[textures\cavalry n raiding cavalry horse standard.tga]
Running Texture Compiler...
Processed: 1
1 texture(s) processed!

[textures\cavalry n raiding cavalry iron.tga]
Running Texture Compiler...
Processed: 1
1 texture(s) processed!

[textures\cavalry n raiding cavalry skeletona.tga]
Running Texture Compiler...
Processed: 1
1 texture(s) processed!

[textures\cavalry n raiding cavalry standard.tga]
Running Texture Compiler...
Processed: 1
1 texture(s) processed!

[textures\cavalry x javelin bronze.tga]
Running Texture Compiler...
Processed: 1
1 texture(s) processed!

[textures\cavalry x javelin copper.tga]
Running Texture Compiler...
Processed: 1
1 texture(s) processed!

[textures\cavalry x javelin corpse bodya.tga]
Running Texture Compiler...
Processed: 1
1 texture(s) processed!

[textures\cavalry x javelin corpse skeletona.tga]
Running Texture Compiler...
Processed: 1
1 texture(s) processed!

[textures\cavalry x javelin hero.tga]
Running Texture Compiler...
Processed: 1
1 texture(s) processed!

[textures\cavalry x javelin horse bronze.tga]
Running Texture Compiler...
Processed: 1
1 texture(s) processed!

[textures\cavalry x javelin horse copper.tga]
Running Texture Compiler...
Processed: 1
1 texture(s) processed!

[textures\cavalry x javelin horse hero.tga]
Running Texture Compiler...
Processed: 1
1 texture(s) processed!

[textures\cavalry x javelin horse iron.tga]
Running Texture Compiler...
Processed: 1
1 texture(s) processed!

[textures\cavalry x javelin horse standard.tga]
Running Texture Compiler...
Processed: 1
1 texture(s) processed!

[textures\cavalry x javelin iron.tga]
Running Texture Compiler...
Processed: 1
1 texture(s) processed!

[textures\cavalry x javelin standard.tga]
Running Texture Compiler...
Processed: 1
1 texture(s) processed!

[textures\cavalry x lancer bronze.tga]
Running Texture Compiler...
Processed: 1
1 texture(s) processed!

[textures\cavalry x lancer cape iron.tga]
Running Texture Compiler...
Processed: 1
1 texture(s) processed!

[textures\cavalry x lancer copper.tga]
Running Texture Compiler...
Processed: 1
1 texture(s) processed!

[textures\cavalry x lancer corpse bodya.tga]
Running Texture Compiler...
Processed: 1
1 texture(s) processed!

[textures\cavalry x lancer corpse skeletona.tga]
Running Texture Compiler...
Processed: 1
1 texture(s) processed!

[textures\cavalry x lancer hero.tga]
Running Texture Compiler...
Processed: 1
1 texture(s) processed!

[textures\cavalry x lancer horse bronze.tga]
Running Texture Compiler...
Processed: 1
1 texture(s) processed!

[textures\cavalry x lancer horse copper.tga]
Running Texture Compiler...
Processed: 1
1 texture(s) processed!

[textures\cavalry x lancer horse hero.tga]
Running Texture Compiler...
Processed: 1
1 texture(s) processed!

[textures\cavalry x lancer horse iron.tga]
Running Texture Compiler...
Processed: 1
1 texture(s) processed!

[textures\cavalry x lancer horse standard.tga]
Running Texture Compiler...
Processed: 1
1 texture(s) processed!

[textures\cavalry x lancer iron.tga]
Running Texture Compiler...
Processed: 1
1 texture(s) processed!

[textures\cavalry x lancer standard.tga]
Running Texture Compiler...
Processed: 1
1 texture(s) processed!

[textures\chat.tga]
Running Texture Compiler...
Processed: 1
1 texture(s) processed!

[textures\chatlogo.tga]
Running Texture Compiler...
Processed: 1
1 texture(s) processed!

[textures\cin villager x female_dead shadow.tga]
Running Texture Compiler...
Processed: 1
1 texture(s) processed!

[textures\cin villager x male_dead shadow.tga]
Running Texture Compiler...
Processed: 1
1 texture(s) processed!

[textures\cine a arkantos god helmet map.tga]
Running Texture Compiler...
Processed: 1
1 texture(s) processed!

[textures\cine a arkantos god map.tga]
Running Texture Compiler...
Processed: 1
1 texture(s) processed!

[textures\cine a arkantos god shoulder map.tga]
Running Texture Compiler...
Processed: 1
1 texture(s) processed!

[textures\cine a arkantos helmet low.tga]
Running Texture Compiler...
Processed: 1
1 texture(s) processed!

[textures\cine a arkantos helmet.tga]
Running Texture Compiler...
Processed: 1
1 texture(s) processed!

[textures\cine a arkantos map.tga]
Running Texture Compiler...
Processed: 1
1 texture(s) processed!

[textures\cine a arkantos shoulder map.tga]
Running Texture Compiler...
Processed: 1
1 texture(s) processed!

[textures\cine a arkantosman map.tga]
Running Texture Compiler...
Processed: 1
1 texture(s) processed!

[textures\cine a arkantosman mapblue.tga]
Running Texture Compiler...
Processed: 1
1 texture(s) processed!

[textures\cine a arkantosman shoulder map.tga]
Running Texture Compiler...
Processed: 1
1 texture(s) processed!

[textures\cine a brokk map.tga]
Running Texture Compiler...
Processed: 1
1 texture(s) processed!

[textures\cine a eitri map.tga]
Running Texture Compiler...
Processed: 1
1 texture(s) processed!

[textures\cine a jarl helmet map.tga]
Running Texture Compiler...
Processed: 1
1 texture(s) processed!

[textures\cine a jarl horse map.tga]
Running Texture Compiler...
Processed: 1
1 texture(s) processed!

[textures\cine a jarl map.tga]
Running Texture Compiler...
Processed: 1
1 texture(s) processed!

[textures\cine a kemsyt head bag.tga]
Running Texture Compiler...
Processed: 1
1 texture(s) processed!

[textures\cine a kemsyt scimitar.tga]
Running Texture Compiler...
Processed: 1
1 texture(s) processed!

[textures\cine a kemsyt.tga]
Running Texture Compiler...
Processed: 1
1 texture(s) processed!

[textures\cine a skult map.tga]
Running Texture Compiler...
Processed: 1
1 texture(s) processed!

[textures\cine axeman map.tga]
Running Texture Compiler...
Processed: 1
1 texture(s) processed!

[textures\cine bow map.tga]
Running Texture Compiler...
Processed: 1
1 texture(s) processed!

[textures\cine c danzhu.tga]
Running Texture Compiler...
Processed: 1
1 texture(s) processed!

[textures\cine c emperor head.tga]
Running Texture Compiler...
Processed: 1
1 texture(s) processed!

[textures\cine c emperor.tga]
Running Texture Compiler...
Processed: 1
1 texture(s) processed!

[textures\cine c jiaolong.tga]
Running Texture Compiler...
Processed: 1
1 texture(s) processed!

[textures\cine c shun shoulder.tga]
Running Texture Compiler...
Processed: 1
1 texture(s) processed!

[textures\cine c shun spear.tga]
Running Texture Compiler...
Processed: 1
1 texture(s) processed!

[textures\cine c shun.tga]
Running Texture Compiler...
Processed: 1
1 texture(s) processed!

[textures\cine c zhi.tga]
Running Texture Compiler...
Processed: 1
1 texture(s) processed!

[textures\cine e axeman axe.tga]
Running Texture Compiler...
Processed: 1
1 texture(s) processed!

[textures\cine e axeman groin.tga]
Running Texture Compiler...
Processed: 1
1 texture(s) processed!

[textures\cine e axeman shield.tga]
Running Texture Compiler...
Processed: 1
1 texture(s) processed!

[textures\cine e axeman.tga]
Running Texture Compiler...
Processed: 1
1 texture(s) processed!

[textures\cine e infantry hairmap.tga]
Running Texture Compiler...
Processed: 1
1 texture(s) processed!

[textures\cine e infantry map.tga]
Running Texture Compiler...
Processed: 1
1 texture(s) processed!

[textures\cine e osiris map.tga]
Running Texture Compiler...
Processed: 1
1 texture(s) processed!

[textures\cine e setna.tga]
Running Texture Compiler...
Processed: 1
1 texture(s) processed!

[textures\cine g ajax lion head map.tga]
Running Texture Compiler...
Processed: 1
1 texture(s) processed!

[textures\cine g ajax map.tga]
Running Texture Compiler...
Processed: 1
1 texture(s) processed!

[textures\cine g ajax old lion head map.tga]
Running Texture Compiler...
Processed: 1
1 texture(s) processed!

[textures\cine g ajax old map.tga]
Running Texture Compiler...
Processed: 1
1 texture(s) processed!

[textures\cine g ajax old shield map.tga]
Running Texture Compiler...
Processed: 1
1 texture(s) processed!

[textures\cine g ajax old spear map.tga]
Running Texture Compiler...
Processed: 1
1 texture(s) processed!

[textures\cine g ajax shield map.tga]
Running Texture Compiler...
Processed: 1
1 texture(s) processed!

[textures\cine g ajax.tga]
Running Texture Compiler...
Processed: 1
1 texture(s) processed!

[textures\cine g amanra map.tga]
Running Texture Compiler...
Processed: 1
1 texture(s) processed!

[textures\cine g amanra old map.tga]
Running Texture Compiler...
Processed: 1
1 texture(s) processed!

[textures\cine g amanra shield map.tga]
Running Texture Compiler...
Processed: 1
1 texture(s) processed!

[textures\cine g amanra shield old map.tga]
Running Texture Compiler...
Processed: 1
1 texture(s) processed!

[textures\cine g amanra weapon map.tga]
Running Texture Compiler...
Processed: 1
1 texture(s) processed!

[textures\cine g amanra weapon old map.tga]
Running Texture Compiler...
Processed: 1
1 texture(s) processed!

[textures\cine g chiron map.tga]
Running Texture Compiler...
Processed: 1
1 texture(s) processed!

[textures\cine g gargarensis map.tga]
Running Texture Compiler...
Processed: 1
1 texture(s) processed!

[textures\cine g hoplite shield cine.tga]
Running Texture Compiler...
Processed: 1
1 texture(s) processed!

[textures\cine g hoplite shield.tga]
Running Texture Compiler...
Processed: 1
1 texture(s) processed!

[textures\cine g hoplite spear.tga]
Running Texture Compiler...
Processed: 1
1 texture(s) processed!

[textures\cine g kastor map.tga]
Running Texture Compiler...
Processed: 1
1 texture(s) processed!

[textures\cine g odysseus map.tga]
Running Texture Compiler...
Processed: 1
1 texture(s) processed!

[textures\cine g odysseus quiver map.tga]
Running Texture Compiler...
Processed: 1
1 texture(s) processed!

[textures\cine g old man map.tga]
Running Texture Compiler...
Processed: 1
1 texture(s) processed!

[textures\cine g poseidon pirate trident shadow.tga]
Running Texture Compiler...
Processed: 1
1 texture(s) processed!

[textures\cine g poseidon stone.tga]
Running Texture Compiler...
Processed: 1
1 texture(s) processed!

[textures\cine g poseidon trident.tga]
Running Texture Compiler...
Processed: 1
1 texture(s) processed!

[textures\cine low e axe iron.tga]
Running Texture Compiler...
Processed: 1
1 texture(s) processed!

[textures\cine n hersir hammer.tga]
Running Texture Compiler...
Processed: 1
1 texture(s) processed!

[textures\cine n hersir.tga]
Running Texture Compiler...
Processed: 1
1 texture(s) processed!

[textures\cine n huskarl cape.tga]
Running Texture Compiler...
Processed: 1
1 texture(s) processed!

[textures\cine n huskarl.tga]
Running Texture Compiler...
Processed: 1
1 texture(s) processed!

[textures\cine n reginleif map.tga]
Running Texture Compiler...
Processed: 1
1 texture(s) processed!

[textures\cine n reginleif weapons map.tga]
Running Texture Compiler...
Processed: 1
1 texture(s) processed!

[textures\cine n ulfsark cape.tga]
Running Texture Compiler...
Processed: 1
1 texture(s) processed!

[textures\cine n ulfsark.tga]
Running Texture Compiler...
Processed: 1
1 texture(s) processed!

[textures\cine quiver map.tga]
Running Texture Compiler...
Processed: 1
1 texture(s) processed!

[textures\cine spear map.tga]
Running Texture Compiler...
Processed: 1
1 texture(s) processed!

[textures\cine x hp arcusmap.tga]
Running Texture Compiler...
Processed: 1
1 texture(s) processed!

[textures\cine x hp arcusweaponsmap.tga]
Running Texture Compiler...
Processed: 1
1 texture(s) processed!

[textures\cine x hp automatonmap.tga]
Running Texture Compiler...
Processed: 1
1 texture(s) processed!

[textures\cine x hp autoweaponsmap.tga]
Running Texture Compiler...
Processed: 1
1 texture(s) processed!

[textures\cine x hp fanaticmap.tga]
Running Texture Compiler...
Processed: 1
1 texture(s) processed!

[textures\cine x hp fanaticweaponsmap.tga]
Running Texture Compiler...
Processed: 1
1 texture(s) processed!

[textures\cine x hp melagiusmap.tga]
Running Texture Compiler...
Processed: 1
1 texture(s) processed!

[textures\cine x kastor adult sword.tga]
Running Texture Compiler...
Processed: 1
1 texture(s) processed!

[textures\cine x kastor adult.tga]
Running Texture Compiler...
Processed: 1
1 texture(s) processed!

[textures\cine x krios.tga]
Running Texture Compiler...
Processed: 1
1 texture(s) processed!

[textures\cine x kriosred.tga]
Running Texture Compiler...
Processed: 1
1 texture(s) processed!

[textures\cine x mp melagius head.tga]
Running Texture Compiler...
Processed: 1
1 texture(s) processed!

[textures\cine x trident soldier cape.tga]
Running Texture Compiler...
Processed: 1
1 texture(s) processed!

[textures\cine x trident soldier helmet.tga]
Running Texture Compiler...
Processed: 1
1 texture(s) processed!

[textures\cine x trident soldier shield.tga]
Running Texture Compiler...
Processed: 1
1 texture(s) processed!

[textures\cine x trident soldier.tga]
Running Texture Compiler...
Processed: 1
1 texture(s) processed!

[textures\cinematic naval g trireme b.tga]
Running Texture Compiler...
Processed: 1
1 texture(s) processed!

[textures\cinematic naval g trireme.tga]
Running Texture Compiler...
Processed: 1
1 texture(s) processed!

[textures\circles.tga]
Running Texture Compiler...
Processed: 1
1 texture(s) processed!

[textures\closebutton.tga]
Running Texture Compiler...
Processed: 1
1 texture(s) processed!

[textures\cloud.tga]
Running Texture Compiler...
Processed: 1
1 texture(s) processed!

[textures\command attack move icon.tga]
Running Texture Compiler...
Processed: 1
1 texture(s) processed!

[textures\command god no isis icon.tga]
Running Texture Compiler...
Processed: 1
1 texture(s) processed!

[textures\cursors\command board icon.tga]
Running Texture Compiler...
Processed: 1
1 texture(s) processed!

[textures\cursors\command cursor icon.tga]
Running Texture Compiler...
Processed: 1
1 texture(s) processed!

[textures\cursors\command gather resource icon.tga]
Running Texture Compiler...
Processed: 1
1 texture(s) processed!

[textures\cursors\command god no gaia icon.tga]
Running Texture Compiler...
Processed: 1
1 texture(s) processed!

[textures\cursors\command god no gaia mono icon.tga]
Running Texture Compiler...
Processed: 1
1 texture(s) processed!

[textures\cursors\command god no isis icon.tga]
Running Texture Compiler...
Processed: 1
1 texture(s) processed!

[textures\cursors\command god power icon.tga]
Running Texture Compiler...
Processed: 1
1 texture(s) processed!

[textures\cursors\command help icon.tga]
Running Texture Compiler...
Processed: 1
1 texture(s) processed!

[textures\cursors\command herdable gaia icon.tga]
Running Texture Compiler...
Processed: 1
1 texture(s) processed!

[textures\cursors\command no god power icon.tga]
Running Texture Compiler...
Processed: 1
1 texture(s) processed!

[textures\cursors\command point icon.tga]
Running Texture Compiler...
Processed: 1
1 texture(s) processed!

[textures\cursors\command resource drop off icon.tga]
Running Texture Compiler...
Processed: 1
1 texture(s) processed!

[textures\cursors\command unboard icon.tga]
Running Texture Compiler...
Processed: 1
1 texture(s) processed!

[textures\cursors\cursor black.tga]
Running Texture Compiler...
Processed: 1
1 texture(s) processed!

[textures\cursors\cursor.tga]
Running Texture Compiler...
Processed: 1
1 texture(s) processed!

[textures\cursors\cursor_ankh.tga]
Running Texture Compiler...
Processed: 1
1 texture(s) processed!

[textures\cursors\cursor_attack.tga]
Running Texture Compiler...
Processed: 1
1 texture(s) processed!

[textures\cursors\cursor_build.tga]
Running Texture Compiler...
Processed: 1
1 texture(s) processed!

[textures\cursors\cursor_can't build.tga]
Running Texture Compiler...
Processed: 1
1 texture(s) processed!

[textures\cursors\cursor_convert.tga]
Running Texture Compiler...
Processed: 1
1 texture(s) processed!

[textures\cursors\cursor_dropfood.tga]
Running Texture Compiler...
Processed: 1
1 texture(s) processed!

[textures\cursors\cursor_dropgold.tga]
Running Texture Compiler...
Processed: 1
1 texture(s) processed!

[textures\cursors\cursor_dropwood.tga]
Running Texture Compiler...
Processed: 1
1 texture(s) processed!

[textures\cursors\cursor_empower.tga]
Running Texture Compiler...
Processed: 1
1 texture(s) processed!

[textures\cursors\cursor_flare.tga]
Running Texture Compiler...
Processed: 1
1 texture(s) processed!

[textures\cursors\cursor_garrison.tga]
Running Texture Compiler...
Processed: 1
1 texture(s) processed!

[textures\cursors\cursor_gather.tga]
Running Texture Compiler...
Processed: 1
1 texture(s) processed!

[textures\cursors\cursor_gatherfavor.tga]
Running Texture Compiler...
Processed: 1
1 texture(s) processed!

[textures\cursors\cursor_gatherfood.tga]
Running Texture Compiler...
Processed: 1
1 texture(s) processed!

[textures\cursors\cursor_gathergold.tga]
Running Texture Compiler...
Processed: 1
1 texture(s) processed!

[textures\cursors\cursor_gatherwood.tga]
Running Texture Compiler...
Processed: 1
1 texture(s) processed!

[textures\cursors\cursor_guard.tga]
Running Texture Compiler...
Processed: 1
1 texture(s) processed!

[textures\cursors\cursor_help.tga]
Running Texture Compiler...
Processed: 1
1 texture(s) processed!

[textures\cursors\cursor_load.tga]
Running Texture Compiler...
Processed: 1
1 texture(s) processed!

[textures\cursors\cursor_moveto.tga]
Running Texture Compiler...
Processed: 1
1 texture(s) processed!

[textures\cursors\cursor_no.tga]
Running Texture Compiler...
Processed: 1
1 texture(s) processed!

[textures\cursors\cursor_patrol.tga]
Running Texture Compiler...
Processed: 1
1 texture(s) processed!

[textures\cursors\cursor_pointer.tga]
Running Texture Compiler...
Processed: 1
1 texture(s) processed!

[textures\cursors\cursor_pray.tga]
Running Texture Compiler...
Processed: 1
1 texture(s) processed!

[textures\cursors\cursor_repair.tga]
Running Texture Compiler...
Processed: 1
1 texture(s) processed!

[textures\cursors\cursor_unload.tga]
Running Texture Compiler...
Processed: 1
1 texture(s) processed!

[textures\cursors\cursor_waiting.tga]
Running Texture Compiler...
Processed: 1
1 texture(s) processed!

[textures\cursors\cursor_workon.tga]
Running Texture Compiler...
Processed: 1
1 texture(s) processed!

[textures\cursors\scale_both cursor.tga]
Running Texture Compiler...
Processed: 1
1 texture(s) processed!

[textures\cursors\scale_horiz cursor.tga]
Running Texture Compiler...
Processed: 1
1 texture(s) processed!

[textures\cursors\scale_vert cursor.tga]
Running Texture Compiler...
Processed: 1
1 texture(s) processed!

[textures\curvedbow.tga]
Running Texture Compiler...
Processed: 1
1 texture(s) processed!

[textures\curvedbowquiver.tga]
Running Texture Compiler...
Processed: 1
1 texture(s) processed!

[textures\cyclops high.tga]
Running Texture Compiler...
Processed: 1
1 texture(s) processed!

[textures\defaultskybox_bk.tga]
Running Texture Compiler...
Processed: 1
1 texture(s) processed!

[textures\defaultskybox_dn.tga]
Running Texture Compiler...
Processed: 1
1 texture(s) processed!

[textures\defaultskybox_fr.tga]
Running Texture Compiler...
Processed: 1
1 texture(s) processed!

[textures\defaultskybox_lf.tga]
Running Texture Compiler...
Processed: 1
1 texture(s) processed!

[textures\defaultskybox_rt.tga]
Running Texture Compiler...
Processed: 1
1 texture(s) processed!

[textures\defaultskybox_up.tga]
Running Texture Compiler...
Processed: 1
1 texture(s) processed!

[textures\defaultskyboxbk.tga]
Running Texture Compiler...
Processed: 1
1 texture(s) processed!

[textures\defaultskyboxdn.tga]
Running Texture Compiler...
Processed: 1
1 texture(s) processed!

[textures\defaultskyboxft.tga]
Running Texture Compiler...
Processed: 1
1 texture(s) processed!

[textures\defaultskyboxlf.tga]
Running Texture Compiler...
Processed: 1
1 texture(s) processed!

[textures\defaultskyboxrt.tga]
Running Texture Compiler...
Processed: 1
1 texture(s) processed!

[textures\defaultskyboxup.tga]
Running Texture Compiler...
Processed: 1
1 texture(s) processed!

[textures\defaultsub.tga]
Running Texture Compiler...
Processed: 1
1 texture(s) processed!

[textures\dgl_buttons.tga]
Running Texture Compiler...
Processed: 1
1 texture(s) processed!

[textures\dialog.tga]
Running Texture Compiler...
Processed: 1
1 texture(s) processed!

[textures\dialog_inset.tga]
Running Texture Compiler...
Processed: 1
1 texture(s) processed!

[textures\diplomacy.tga]
Running Texture Compiler...
Processed: 1
1 texture(s) processed!

[textures\dock icon 32x32.tga]
Running Texture Compiler...
Processed: 1
1 texture(s) processed!

[textures\earth.tga]
Running Texture Compiler...
Processed: 1
1 texture(s) processed!

[textures\economic icon 32x32.tga]
Running Texture Compiler...
Processed: 1
1 texture(s) processed!

[textures\erebusskybox_bk.tga]
Running Texture Compiler...
Processed: 1
1 texture(s) processed!

[textures\erebusskybox_dn.tga]
Running Texture Compiler...
Processed: 1
1 texture(s) processed!

[textures\erebusskybox_fr.tga]
Running Texture Compiler...
Processed: 1
1 texture(s) processed!

[textures\erebusskybox_lf.tga]
Running Texture Compiler...
Processed: 1
1 texture(s) processed!

[textures\erebusskybox_rt.tga]
Running Texture Compiler...
Processed: 1
1 texture(s) processed!

[textures\erebusskybox_up.tga]
Running Texture Compiler...
Processed: 1
1 texture(s) processed!

[textures\es_logo.tga]
Running Texture Compiler...
Processed: 1
1 texture(s) processed!

[textures\fog01.tga]
Running Texture Compiler...
Processed: 1
1 texture(s) processed!

[textures\fog02.tga]
Running Texture Compiler...
Processed: 1
1 texture(s) processed!

[textures\fog03.tga]
Running Texture Compiler...
Processed: 1
1 texture(s) processed!

[textures\fog04.tga]
Running Texture Compiler...
Processed: 1
1 texture(s) processed!

[textures\fog05.tga]
Running Texture Compiler...
Processed: 1
1 texture(s) processed!

[textures\fog06.tga]
Running Texture Compiler...
Processed: 1
1 texture(s) processed!

[textures\fog07.tga]
Running Texture Compiler...
Processed: 1
1 texture(s) processed!

[textures\fog08.tga]
Running Texture Compiler...
Processed: 1
1 texture(s) processed!

[textures\fogcircle.tga]
Running Texture Compiler...
Processed: 1
1 texture(s) processed!

[textures\fogedgecorner.tga]
Running Texture Compiler...
Processed: 1
1 texture(s) processed!

[textures\fogedgecorner4.tga]
Running Texture Compiler...
Processed: 1
1 texture(s) processed!

[textures\fogedgecorner8.tga]
Running Texture Compiler...
Processed: 1
1 texture(s) processed!

[textures\fogedgetwocorners.tga]
Running Texture Compiler...
Processed: 1
1 texture(s) processed!

[textures\fogedgetwocorners4.tga]
Running Texture Compiler...
Processed: 1
1 texture(s) processed!

[textures\fogedgetwocorners8.tga]
Running Texture Compiler...
Processed: 1
1 texture(s) processed!

[textures\fogfourcorners.tga]
Running Texture Compiler...
Processed: 1
1 texture(s) processed!

[textures\fogfourcorners4.tga]
Running Texture Compiler...
Processed: 1
1 texture(s) processed!

[textures\fogfourcorners8.tga]
Running Texture Compiler...
Processed: 1
1 texture(s) processed!

[textures\foglshape.tga]
Running Texture Compiler...
Processed: 1
1 texture(s) processed!

[textures\foglshape4.tga]
Running Texture Compiler...
Processed: 1
1 texture(s) processed!

[textures\foglshape8.tga]
Running Texture Compiler...
Processed: 1
1 texture(s) processed!

[textures\foglshapecorner.tga]
Running Texture Compiler...
Processed: 1
1 texture(s) processed!

[textures\foglshapecorner4.tga]
Running Texture Compiler...
Processed: 1
1 texture(s) processed!

[textures\foglshapecorner8.tga]
Running Texture Compiler...
Processed: 1
1 texture(s) processed!

[textures\fogonecorner.tga]
Running Texture Compiler...
Processed: 1
1 texture(s) processed!

[textures\fogonecorner4.tga]
Running Texture Compiler...
Processed: 1
1 texture(s) processed!

[textures\fogonecorner8.tga]
Running Texture Compiler...
Processed: 1
1 texture(s) processed!

[textures\fogoneedge.tga]
Running Texture Compiler...
Processed: 1
1 texture(s) processed!

[textures\fogoneedge4.tga]
Running Texture Compiler...
Processed: 1
1 texture(s) processed!

[textures\fogoneedge8.tga]
Running Texture Compiler...
Processed: 1
1 texture(s) processed!

[textures\fogthreecorners.tga]
Running Texture Compiler...
Processed: 1
1 texture(s) processed!

[textures\fogthreecorners4.tga]
Running Texture Compiler...
Processed: 1
1 texture(s) processed!

[textures\fogthreecorners8.tga]
Running Texture Compiler...
Processed: 1
1 texture(s) processed!

[textures\fogtwocorners.tga]
Running Texture Compiler...
Processed: 1
1 texture(s) processed!

[textures\fogtwocorners4.tga]
Running Texture Compiler...
Processed: 1
1 texture(s) processed!

[textures\fogtwocorners8.tga]
Running Texture Compiler...
Processed: 1
1 texture(s) processed!

[textures\fogtwoedges.tga]
Running Texture Compiler...
Processed: 1
1 texture(s) processed!

[textures\fogtwoedges4.tga]
Running Texture Compiler...
Processed: 1
1 texture(s) processed!

[textures\fogtwoedges8.tga]
Running Texture Compiler...
Processed: 1
1 texture(s) processed!

[textures\fogtwooppositecorners.tga]
Running Texture Compiler...
Processed: 1
1 texture(s) processed!

[textures\fogtwooppositecorners4.tga]
Running Texture Compiler...
Processed: 1
1 texture(s) processed!

[textures\fogtwooppositecorners8.tga]
Running Texture Compiler...
Processed: 1
1 texture(s) processed!

[textures\fogushape.tga]
Running Texture Compiler...
Processed: 1
1 texture(s) processed!

[textures\fogushape4.tga]
Running Texture Compiler...
Processed: 1
1 texture(s) processed!

[textures\fogushape8.tga]
Running Texture Compiler...
Processed: 1
1 texture(s) processed!

[textures\forkboy map.tga]
Running Texture Compiler...
Processed: 1
1 texture(s) processed!

[textures\g hypaspist highmodelmap.tga]
Running Texture Compiler...
Processed: 1
1 texture(s) processed!

[textures\g hypaspist map 256.tga]
Running Texture Compiler...
Processed: 1
1 texture(s) processed!

[textures\gaia pool ground.tga]
Running Texture Compiler...
Processed: 1
1 texture(s) processed!

[textures\gaia wonder map1.tga]
Running Texture Compiler...
Processed: 1
1 texture(s) processed!

[textures\gaia wonder map2.tga]
Running Texture Compiler...
Processed: 1
1 texture(s) processed!

[textures\gaia wonder statue.tga]
Running Texture Compiler...
Processed: 1
1 texture(s) processed!

[textures\gaiacreepflowersa.tga]
Running Texture Compiler...
Processed: 1
1 texture(s) processed!

[textures\gaiacreepflowersaop.tga]
Running Texture Compiler...
Processed: 1
1 texture(s) processed!

[textures\gaiaflowers map.tga]
Running Texture Compiler...
Processed: 1
1 texture(s) processed!

[textures\general body.tga]
Running Texture Compiler...
Processed: 1
1 texture(s) processed!

[textures\general head.tga]
Running Texture Compiler...
Processed: 1
1 texture(s) processed!

[textures\general shield.tga]
Running Texture Compiler...
Processed: 1
1 texture(s) processed!

[textures\general sword.tga]
Running Texture Compiler...
Processed: 1
1 texture(s) processed!

[textures\generate_favor.tga]
Running Texture Compiler...
Processed: 1
1 texture(s) processed!

[textures\generate_food.tga]
Running Texture Compiler...
Processed: 1
1 texture(s) processed!

[textures\generate_gold.tga]
Running Texture Compiler...
Processed: 1
1 texture(s) processed!

[textures\generate_wood.tga]
Running Texture Compiler...
Processed: 1
1 texture(s) processed!

[textures\gine g kamos map.tga]
Running Texture Compiler...
Processed: 1
1 texture(s) processed!

[textures\gine g kamos map2.tga]
Running Texture Compiler...
Processed: 1
1 texture(s) processed!

[textures\god major hades icon 128.tga]
Running Texture Compiler...
Processed: 1
1 texture(s) processed!

[textures\god major loki icon 128.tga]
Running Texture Compiler...
Processed: 1
1 texture(s) processed!

[textures\god major ra icon 128.tga]
Running Texture Compiler...
Processed: 1
1 texture(s) processed!

[textures\god minor portrait atlantis atlas.tga]
Running Texture Compiler...
Processed: 1
1 texture(s) processed!

[textures\god minor portrait atlantis hekate.tga]
Running Texture Compiler...
Processed: 1
1 texture(s) processed!

[textures\god minor portrait atlantis helios.tga]
Running Texture Compiler...
Processed: 1
1 texture(s) processed!

[textures\god minor portrait atlantis hyperion.tga]
Running Texture Compiler...
Processed: 1
1 texture(s) processed!

[textures\god minor portrait atlantis leto.tga]
Running Texture Compiler...
Processed: 1
1 texture(s) processed!

[textures\god minor portrait atlantis okeanus.tga]
Running Texture Compiler...
Processed: 1
1 texture(s) processed!

[textures\god minor portrait atlantis prometheus.tga]
Running Texture Compiler...
Processed: 1
1 texture(s) processed!

[textures\god minor portrait atlantis rheia.tga]
Running Texture Compiler...
Processed: 1
1 texture(s) processed!

[textures\god minor portrait atlantis theia.tga]
Running Texture Compiler...
Processed: 1
1 texture(s) processed!

[textures\god minor portrait chinese aokuang.tga]
Running Texture Compiler...
Processed: 1
1 texture(s) processed!

[textures\god minor portrait chinese change.tga]
Running Texture Compiler...
Processed: 1
1 texture(s) processed!

[textures\god minor portrait chinese chongli.tga]
Running Texture Compiler...
Processed: 1
1 texture(s) processed!

[textures\god minor portrait chinese dabogong.tga]
Running Texture Compiler...
Processed: 1
1 texture(s) processed!

[textures\god minor portrait chinese hebo.tga]
Running Texture Compiler...
Processed: 1
1 texture(s) processed!

[textures\god minor portrait chinese huangdi.tga]
Running Texture Compiler...
Processed: 1
1 texture(s) processed!

[textures\god minor portrait chinese sunwukong.tga]
Running Texture Compiler...
Processed: 1
1 texture(s) processed!

[textures\god minor portrait chinese xiwangmu.tga]
Running Texture Compiler...
Processed: 1
1 texture(s) processed!

[textures\god minor portrait chinese zhongkui.tga]
Running Texture Compiler...
Processed: 1
1 texture(s) processed!

[textures\god minor portrait egypt anubis.tga]
Running Texture Compiler...
Processed: 1
1 texture(s) processed!

[textures\god minor portrait egypt bast.tga]
Running Texture Compiler...
Processed: 1
1 texture(s) processed!

[textures\god minor portrait egypt hathor.tga]
Running Texture Compiler...
Processed: 1
1 texture(s) processed!

[textures\god minor portrait egypt horus.tga]
Running Texture Compiler...
Processed: 1
1 texture(s) processed!

[textures\god minor portrait egypt nephthys.tga]
Running Texture Compiler...
Processed: 1
1 texture(s) processed!

[textures\god minor portrait egypt osiris.tga]
Running Texture Compiler...
Processed: 1
1 texture(s) processed!

[textures\god minor portrait egypt ptah.tga]
Running Texture Compiler...
Processed: 1
1 texture(s) processed!

[textures\god minor portrait egypt sekhmet.tga]
Running Texture Compiler...
Processed: 1
1 texture(s) processed!

[textures\god minor portrait egypt thoth.tga]
Running Texture Compiler...
Processed: 1
1 texture(s) processed!

[textures\god minor portrait greek aphrodite.tga]
Running Texture Compiler...
Processed: 1
1 texture(s) processed!

[textures\god minor portrait greek apollo.tga]
Running Texture Compiler...
Processed: 1
1 texture(s) processed!

[textures\god minor portrait greek ares.tga]
Running Texture Compiler...
Processed: 1
1 texture(s) processed!

[textures\god minor portrait greek artemis.tga]
Running Texture Compiler...
Processed: 1
1 texture(s) processed!

[textures\god minor portrait greek athena.tga]
Running Texture Compiler...
Processed: 1
1 texture(s) processed!

[textures\god minor portrait greek dionysus.tga]
Running Texture Compiler...
Processed: 1
1 texture(s) processed!

[textures\god minor portrait greek hephaestus.tga]
Running Texture Compiler...
Processed: 1
1 texture(s) processed!

[textures\god minor portrait greek hera.tga]
Running Texture Compiler...
Processed: 1
1 texture(s) processed!

[textures\god minor portrait greek hermes.tga]
Running Texture Compiler...
Processed: 1
1 texture(s) processed!

[textures\god minor portrait norse baldr.tga]
Running Texture Compiler...
Processed: 1
1 texture(s) processed!

[textures\god minor portrait norse bragi.tga]
Running Texture Compiler...
Processed: 1
1 texture(s) processed!

[textures\god minor portrait norse forseti.tga]
Running Texture Compiler...
Processed: 1
1 texture(s) processed!

[textures\god minor portrait norse freyja.tga]
Running Texture Compiler...
Processed: 1
1 texture(s) processed!

[textures\god minor portrait norse heimdall.tga]
Running Texture Compiler...
Processed: 1
1 texture(s) processed!

[textures\god minor portrait norse hel.tga]
Running Texture Compiler...
Processed: 1
1 texture(s) processed!

[textures\god minor portrait norse njord.tga]
Running Texture Compiler...
Processed: 1
1 texture(s) processed!

[textures\god minor portrait norse skadi.tga]
Running Texture Compiler...
Processed: 1
1 texture(s) processed!

[textures\god minor portrait norse tyr.tga]
Running Texture Compiler...
Processed: 1
1 texture(s) processed!

[textures\god n frost haze map.tga]
Running Texture Compiler...
Processed: 1
1 texture(s) processed!

[textures\god n frost ice map.tga]
Running Texture Compiler...
Processed: 1
1 texture(s) processed!

[textures\god n frost particle map.tga]
Running Texture Compiler...
Processed: 1
1 texture(s) processed!

[textures\god n frost shocksmall map.tga]
Running Texture Compiler...
Processed: 1
1 texture(s) processed!

[textures\god n frost shockwave map.tga]
Running Texture Compiler...
Processed: 1
1 texture(s) processed!

[textures\god n ice block map.tga]
Running Texture Compiler...
Processed: 1
1 texture(s) processed!

[textures\god n ice sheet map.tga]
Running Texture Compiler...
Processed: 1
1 texture(s) processed!

[textures\god n shadow ice map.tga]
Running Texture Compiler...
Processed: 1
1 texture(s) processed!

[textures\god power call to arms icon.tga]
Running Texture Compiler...
Processed: 1
1 texture(s) processed!

[textures\god power examination icon.tga]
Running Texture Compiler...
Processed: 1
1 texture(s) processed!

[textures\god power firestorm icon.tga]
Running Texture Compiler...
Processed: 1
1 texture(s) processed!

[textures\god power flood icon.tga]
Running Texture Compiler...
Processed: 1
1 texture(s) processed!

[textures\god power inferno icon.tga]
Running Texture Compiler...
Processed: 1
1 texture(s) processed!

[textures\god power journey icon.tga]
Running Texture Compiler...
Processed: 1
1 texture(s) processed!

[textures\god power recreation icon.tga]
Running Texture Compiler...
Processed: 1
1 texture(s) processed!

[textures\god power uproot icon.tga]
Running Texture Compiler...
Processed: 1
1 texture(s) processed!

[textures\gold icon 32x32.tga]
Running Texture Compiler...
Processed: 1
1 texture(s) processed!

[textures\gp x hesperides tree decal.tga]
Running Texture Compiler...
Processed: 1
1 texture(s) processed!

[textures\gp x hesperides tree shadow.tga]
Running Texture Compiler...
Processed: 1
1 texture(s) processed!

[textures\gp x hesperides tree.tga]
Running Texture Compiler...
Processed: 1
1 texture(s) processed!

[textures\gp x tartarian gate crack a.tga]
Running Texture Compiler...
Processed: 1
1 texture(s) processed!

[textures\gp x tartarian gate crack b.tga]
Running Texture Compiler...
Processed: 1
1 texture(s) processed!

[textures\gp x tartarian gate creature a.tga]
Running Texture Compiler...
Processed: 1
1 texture(s) processed!

[textures\gp x tartarian gate creature b.tga]
Running Texture Compiler...
Processed: 1
1 texture(s) processed!

[textures\gp x tartarian gate creature corpse bodya.tga]
Running Texture Compiler...
Processed: 1
1 texture(s) processed!

[textures\gp x tartarian gate creature corpse skeletona.tga]
Running Texture Compiler...
Processed: 1
1 texture(s) processed!

[textures\gp x tartarian gate creature.tga]
Running Texture Compiler...
Processed: 1
1 texture(s) processed!

[textures\gp x tartarian gate ground.tga]
Running Texture Compiler...
Processed: 1
1 texture(s) processed!

[textures\gp x tartarian gate hole.tga]
Running Texture Compiler...
Processed: 1
1 texture(s) processed!

[textures\gp x tartarian gate lavapool.tga]
Running Texture Compiler...
Processed: 1
1 texture(s) processed!

[textures\gp x tartarian gate shimmer.tga]
Running Texture Compiler...
Processed: 1
1 texture(s) processed!

[textures\gp x tartarian gate.tga]
Running Texture Compiler...
Processed: 1
1 texture(s) processed!

[textures\greek button background.tga]
Running Texture Compiler...
Processed: 1
1 texture(s) processed!

[textures\greekheromap.tga]
Running Texture Compiler...
Processed: 1
1 texture(s) processed!

[textures\greektree01.tga]
Running Texture Compiler...
Processed: 1
1 texture(s) processed!

[textures\grid1.tga]
Running Texture Compiler...
Processed: 1
1 texture(s) processed!

[textures\hades2.tga]
Running Texture Compiler...
Processed: 1
1 texture(s) processed!

[textures\hammer.tga]
Running Texture Compiler...
Processed: 1
1 texture(s) processed!

[textures\hero c general cape.tga]
Running Texture Compiler...
Processed: 1
1 texture(s) processed!

[textures\hero c general flag alpha.tga]
Running Texture Compiler...
Processed: 1
1 texture(s) processed!

[textures\hero c general flag.tga]
Running Texture Compiler...
Processed: 1
1 texture(s) processed!

[textures\hero c general head.tga]
Running Texture Compiler...
Processed: 1
1 texture(s) processed!

[textures\hero c general horse.tga]
Running Texture Compiler...
Processed: 1
1 texture(s) processed!

[textures\hero c general icon.tga]
Running Texture Compiler...
Processed: 1
1 texture(s) processed!

[textures\hero c general.tga]
Running Texture Compiler...
Processed: 1
1 texture(s) processed!

[textures\hero c immortal icon.tga]
Running Texture Compiler...
Processed: 1
1 texture(s) processed!

[textures\hero c immortal.tga]
Running Texture Compiler...
Processed: 1
1 texture(s) processed!

[textures\hero c monk head.tga]
Running Texture Compiler...
Processed: 1
1 texture(s) processed!

[textures\hero c monk icon.tga]
Running Texture Compiler...
Processed: 1
1 texture(s) processed!

[textures\hero c monk weapon.tga]
Running Texture Compiler...
Processed: 1
1 texture(s) processed!

[textures\hero c monk.tga]
Running Texture Compiler...
Processed: 1
1 texture(s) processed!

[textures\hero g achilles cape.tga]
Running Texture Compiler...
Processed: 1
1 texture(s) processed!

[textures\hero g achilles corpse bodya.tga]
Running Texture Compiler...
Processed: 1
1 texture(s) processed!

[textures\hero g achilles corpse skeletona.tga]
Running Texture Compiler...
Processed: 1
1 texture(s) processed!

[textures\hero g achilles.tga]
Running Texture Compiler...
Processed: 1
1 texture(s) processed!

[textures\hero g achillies corpse bodya.tga]
Running Texture Compiler...
Processed: 1
1 texture(s) processed!

[textures\hero g achillies corpse skeletona.tga]
Running Texture Compiler...
Processed: 1
1 texture(s) processed!

[textures\hero g ajax corpse bodya.tga]
Running Texture Compiler...
Processed: 1
1 texture(s) processed!

[textures\hero g ajax corpse skeletona.tga]
Running Texture Compiler...
Processed: 1
1 texture(s) processed!

[textures\hero g ajax shield.tga]
Running Texture Compiler...
Processed: 1
1 texture(s) processed!

[textures\hero g ajax spear.tga]
Running Texture Compiler...
Processed: 1
1 texture(s) processed!

[textures\hero g ajax.tga]
Running Texture Compiler...
Processed: 1
1 texture(s) processed!

[textures\hero g atalanta corpse bodya.tga]
Running Texture Compiler...
Processed: 1
1 texture(s) processed!

[textures\hero g atalanta corpse skeletona.tga]
Running Texture Compiler...
Processed: 1
1 texture(s) processed!

[textures\hero g atalanta head standard.tga]
Running Texture Compiler...
Processed: 1
1 texture(s) processed!

[textures\hero g atalanta shield.tga]
Running Texture Compiler...
Processed: 1
1 texture(s) processed!

[textures\hero g atalanta.tga]
Running Texture Compiler...
Processed: 1
1 texture(s) processed!

[textures\hero g athena head low map.tga]
Running Texture Compiler...
Processed: 1
1 texture(s) processed!

[textures\hero g athena low map.tga]
Running Texture Compiler...
Processed: 1
1 texture(s) processed!

[textures\hero g belerophon corpse bodya.tga]
Running Texture Compiler...
Processed: 1
1 texture(s) processed!

[textures\hero g belerophon corpse skeletona.tga]
Running Texture Compiler...
Processed: 1
1 texture(s) processed!

[textures\hero g belerophon head.tga]
Running Texture Compiler...
Processed: 1
1 texture(s) processed!

[textures\hero g belerophon shield.tga]
Running Texture Compiler...
Processed: 1
1 texture(s) processed!

[textures\hero g belerophon.tga]
Running Texture Compiler...
Processed: 1
1 texture(s) processed!

[textures\hero g bellerophon shield.tga]
Running Texture Compiler...
Processed: 1
1 texture(s) processed!

[textures\hero g chiron corpse bodya.tga]
Running Texture Compiler...
Processed: 1
1 texture(s) processed!

[textures\hero g chiron corpse skeletona.tga]
Running Texture Compiler...
Processed: 1
1 texture(s) processed!

[textures\hero g chiron shield.tga]
Running Texture Compiler...
Processed: 1
1 texture(s) processed!

[textures\hero g chiron.tga]
Running Texture Compiler...
Processed: 1
1 texture(s) processed!

[textures\hero g heracles club.tga]
Running Texture Compiler...
Processed: 1
1 texture(s) processed!

[textures\hero g heracles head.tga]
Running Texture Compiler...
Processed: 1
1 texture(s) processed!

[textures\hero g heracles shield.tga]
Running Texture Compiler...
Processed: 1
1 texture(s) processed!

[textures\hero g heracles.tga]
Running Texture Compiler...
Processed: 1
1 texture(s) processed!

[textures\hero g hercules corpse bodya.tga]
Running Texture Compiler...
Processed: 1
1 texture(s) processed!

[textures\hero g hercules corpse skeletona.tga]
Running Texture Compiler...
Processed: 1
1 texture(s) processed!

[textures\hero g hercules head.tga]
Running Texture Compiler...
Processed: 1
1 texture(s) processed!

[textures\hero g hercules.tga]
Running Texture Compiler...
Processed: 1
1 texture(s) processed!

[textures\hero g hippolyta corpse bodya.tga]
Running Texture Compiler...
Processed: 1
1 texture(s) processed!

[textures\hero g hippolyta corpse skeletona.tga]
Running Texture Compiler...
Processed: 1
1 texture(s) processed!

[textures\hero g hippolyta head standard.tga]
Running Texture Compiler...
Processed: 1
1 texture(s) processed!

[textures\hero g hippolyta.tga]
Running Texture Compiler...
Processed: 1
1 texture(s) processed!

[textures\hero g jason corpse bodya.tga]
Running Texture Compiler...
Processed: 1
1 texture(s) processed!

[textures\hero g jason corpse skeletona.tga]
Running Texture Compiler...
Processed: 1
1 texture(s) processed!

[textures\hero g jason head standard.tga]
Running Texture Compiler...
Processed: 1
1 texture(s) processed!

[textures\hero g jason shield.tga]
Running Texture Compiler...
Processed: 1
1 texture(s) processed!

[textures\hero g jason standard.tga]
Running Texture Compiler...
Processed: 1
1 texture(s) processed!

[textures\hero g melagius corpse bodya.tga]
Running Texture Compiler...
Processed: 1
1 texture(s) processed!

[textures\hero g melagius corpse skeletona.tga]
Running Texture Compiler...
Processed: 1
1 texture(s) processed!

[textures\hero g perseus corpse bodya.tga]
Running Texture Compiler...
Processed: 1
1 texture(s) processed!

[textures\hero g perseus corpse skeletona.tga]
Running Texture Compiler...
Processed: 1
1 texture(s) processed!

[textures\hero g perseus head standard.tga]
Running Texture Compiler...
Processed: 1
1 texture(s) processed!

[textures\hero g perseus standard.tga]
Running Texture Compiler...
Processed: 1
1 texture(s) processed!

[textures\hero g physician head.tga]
Running Texture Compiler...
Processed: 1
1 texture(s) processed!

[textures\hero g physician.tga]
Running Texture Compiler...
Processed: 1
1 texture(s) processed!

[textures\hero g polyphemus corpse bodya.tga]
Running Texture Compiler...
Processed: 1
1 texture(s) processed!

[textures\hero g polyphemus corpse skeletona.tga]
Running Texture Compiler...
Processed: 1
1 texture(s) processed!

[textures\hero g polyphemus shield.tga]
Running Texture Compiler...
Processed: 1
1 texture(s) processed!

[textures\hero g theseus corpse bodya.tga]
Running Texture Compiler...
Processed: 1
1 texture(s) processed!

[textures\hero g theseus corpse skeletona.tga]
Running Texture Compiler...
Processed: 1
1 texture(s) processed!

[textures\hero g theseus head standard.tga]
Running Texture Compiler...
Processed: 1
1 texture(s) processed!

[textures\hero g theseus shield.tga]
Running Texture Compiler...
Processed: 1
1 texture(s) processed!

[textures\hero g theseus.tga]
Running Texture Compiler...
Processed: 1
1 texture(s) processed!

[textures\hero n hero hammer low.tga]
Running Texture Compiler...
Processed: 1
1 texture(s) processed!

[textures\hero n hero hammer.tga]
Running Texture Compiler...
Processed: 1
1 texture(s) processed!

[textures\hero n hero head low.tga]
Running Texture Compiler...
Processed: 1
1 texture(s) processed!

[textures\hero n hero head.tga]
Running Texture Compiler...
Processed: 1
1 texture(s) processed!

[textures\hero n hero low.tga]
Running Texture Compiler...
Processed: 1
1 texture(s) processed!

[textures\hero n hero.tga]
Running Texture Compiler...
Processed: 1
1 texture(s) processed!

[textures\hero n hersir corpse bodya.tga]
Running Texture Compiler...
Processed: 1
1 texture(s) processed!

[textures\hero n hersir corpse skeletona.tga]
Running Texture Compiler...
Processed: 1
1 texture(s) processed!

[textures\hero n hersir head.tga]
Running Texture Compiler...
Processed: 1
1 texture(s) processed!

[textures\hero n hersir.tga]
Running Texture Compiler...
Processed: 1
1 texture(s) processed!

[textures\hero n ragnorok axe.tga]
Running Texture Compiler...
Processed: 1
1 texture(s) processed!

[textures\hero n ragnorok dwarf corpse bodya.tga]
Running Texture Compiler...
Processed: 1
1 texture(s) processed!

[textures\hero n ragnorok dwarf corpse skeletona.tga]
Running Texture Compiler...
Processed: 1
1 texture(s) processed!

[textures\hero n ragnorok female corpse bodya.tga]
Running Texture Compiler...
Processed: 1
1 texture(s) processed!

[textures\hero n ragnorok female corpse skeletona.tga]
Running Texture Compiler...
Processed: 1
1 texture(s) processed!

[textures\hero n ragnorok female head.tga]
Running Texture Compiler...
Processed: 1
1 texture(s) processed!

[textures\hero n ragnorok female.tga]
Running Texture Compiler...
Processed: 1
1 texture(s) processed!

[textures\hero n ragnorok male corpse bodya.tga]
Running Texture Compiler...
Processed: 1
1 texture(s) processed!

[textures\hero n ragnorok male corpse skeletona.tga]
Running Texture Compiler...
Processed: 1
1 texture(s) processed!

[textures\hero n ragnorok male head.tga]
Running Texture Compiler...
Processed: 1
1 texture(s) processed!

[textures\hero n ragnorok male.tga]
Running Texture Compiler...
Processed: 1
1 texture(s) processed!

[textures\hero x ajax shield.tga]
Running Texture Compiler...
Processed: 1
1 texture(s) processed!

[textures\hero x ajax spear.tga]
Running Texture Compiler...
Processed: 1
1 texture(s) processed!

[textures\hero x ajax.tga]
Running Texture Compiler...
Processed: 1
1 texture(s) processed!

[textures\hero x kastor.tga]
Running Texture Compiler...
Processed: 1
1 texture(s) processed!

[textures\hoplitemap cine.tga]
Running Texture Compiler...
Processed: 1
1 texture(s) processed!

[textures\hoplitemap.tga]
Running Texture Compiler...
Processed: 1
1 texture(s) processed!

[textures\house icon 32x32.tga]
Running Texture Compiler...
Processed: 1
1 texture(s) processed!

[textures\icetitan.tga]
Running Texture Compiler...
Processed: 1
1 texture(s) processed!

[textures\icon object stat attack pierce.tga]
Running Texture Compiler...
Processed: 1
1 texture(s) processed!

[textures\icon resource population.tga]
Running Texture Compiler...
Processed: 1
1 texture(s) processed!

[textures\icons\aggressive active.tga]
Running Texture Compiler...
Processed: 1
1 texture(s) processed!

[textures\icons\aggressive.tga]
Running Texture Compiler...
Processed: 1
1 texture(s) processed!

[textures\icons\alfred icon 64.tga]
Running Texture Compiler...
Processed: 1
1 texture(s) processed!

[textures\icons\alfred icon.tga]
Running Texture Compiler...
Processed: 1
1 texture(s) processed!

[textures\icons\animal aurochs icon 64.tga]
Running Texture Compiler...
Processed: 1
1 texture(s) processed!

[textures\icons\animal aurochs icon.tga]
Running Texture Compiler...
Processed: 1
1 texture(s) processed!

[textures\icons\animal baboon icon 64.tga]
Running Texture Compiler...
Processed: 1
1 texture(s) processed!

[textures\icons\animal baboon icon.tga]
Running Texture Compiler...
Processed: 1
1 texture(s) processed!

[textures\icons\animal bear icon 64.tga]
Running Texture Compiler...
Processed: 1
1 texture(s) processed!

[textures\icons\animal bear icon.tga]
Running Texture Compiler...
Processed: 1
1 texture(s) processed!

[textures\icons\animal boar icon 64.tga]
Running Texture Compiler...
Processed: 1
1 texture(s) processed!

[textures\icons\animal boar icon.tga]
Running Texture Compiler...
Processed: 1
1 texture(s) processed!

[textures\icons\animal camel icon 64.tga]
Running Texture Compiler...
Processed: 1
1 texture(s) processed!

[textures\icons\animal camel icon.tga]
Running Texture Compiler...
Processed: 1
1 texture(s) processed!

[textures\icons\animal caribou icon 64.tga]
Running Texture Compiler...
Processed: 1
1 texture(s) processed!

[textures\icons\animal caribou icon.tga]
Running Texture Compiler...
Processed: 1
1 texture(s) processed!

[textures\icons\animal chicken icon 64.tga]
Running Texture Compiler...
Processed: 1
1 texture(s) processed!

[textures\icons\animal chicken icon.tga]
Running Texture Compiler...
Processed: 1
1 texture(s) processed!

[textures\icons\animal cow icon 64.tga]
Running Texture Compiler...
Processed: 1
1 texture(s) processed!

[textures\icons\animal cow icon.tga]
Running Texture Compiler...
Processed: 1
1 texture(s) processed!

[textures\icons\animal crocodile icon 64.tga]
Running Texture Compiler...
Processed: 1
1 texture(s) processed!

[textures\icons\animal crocodile icon.tga]
Running Texture Compiler...
Processed: 1
1 texture(s) processed!

[textures\icons\animal crowned crane icon 64.tga]
Running Texture Compiler...
Processed: 1
1 texture(s) processed!

[textures\icons\animal crowned crane icon.tga]
Running Texture Compiler...
Processed: 1
1 texture(s) processed!

[textures\icons\animal deer icon 64.tga]
Running Texture Compiler...
Processed: 1
1 texture(s) processed!

[textures\icons\animal deer icon.tga]
Running Texture Compiler...
Processed: 1
1 texture(s) processed!

[textures\icons\animal duck icon.tga]
Running Texture Compiler...
Processed: 1
1 texture(s) processed!

[textures\icons\animal elephant icon 64.tga]
Running Texture Compiler...
Processed: 1
1 texture(s) processed!

[textures\icons\animal elephant icon.tga]
Running Texture Compiler...
Processed: 1
1 texture(s) processed!

[textures\icons\animal elk icon 64.tga]
Running Texture Compiler...
Processed: 1
1 texture(s) processed!

[textures\icons\animal elk icon.tga]
Running Texture Compiler...
Processed: 1
1 texture(s) processed!

[textures\icons\animal fish icon 64.tga]
Running Texture Compiler...
Processed: 1
1 texture(s) processed!

[textures\icons\animal fish icon.tga]
Running Texture Compiler...
Processed: 1
1 texture(s) processed!

[textures\icons\animal gazelle icon 64.tga]
Running Texture Compiler...
Processed: 1
1 texture(s) processed!

[textures\icons\animal gazelle icon.tga]
Running Texture Compiler...
Processed: 1
1 texture(s) processed!

[textures\icons\animal giraffe icon 64.tga]
Running Texture Compiler...
Processed: 1
1 texture(s) processed!

[textures\icons\animal giraffe icon.tga]
Running Texture Compiler...
Processed: 1
1 texture(s) processed!

[textures\icons\animal goat icon 64.tga]
Running Texture Compiler...
Processed: 1
1 texture(s) processed!

[textures\icons\animal goat icon.tga]
Running Texture Compiler...
Processed: 1
1 texture(s) processed!

[textures\icons\animal hippo icon 64.tga]
Running Texture Compiler...
Processed: 1
1 texture(s) processed!

[textures\icons\animal hippo icon.tga]
Running Texture Compiler...
Processed: 1
1 texture(s) processed!

[textures\icons\animal hyena icon 64.tga]
Running Texture Compiler...
Processed: 1
1 texture(s) processed!

[textures\icons\animal hyena icon.tga]
Running Texture Compiler...
Processed: 1
1 texture(s) processed!

[textures\icons\animal lion icon 64.tga]
Running Texture Compiler...
Processed: 1
1 texture(s) processed!

[textures\icons\animal lion icon.tga]
Running Texture Compiler...
Processed: 1
1 texture(s) processed!

[textures\icons\animal lizard icon.tga]
Running Texture Compiler...
Processed: 1
1 texture(s) processed!

[textures\icons\animal monkey icon 64.tga]
Running Texture Compiler...
Processed: 1
1 texture(s) processed!

[textures\icons\animal monkey icon.tga]
Running Texture Compiler...
Processed: 1
1 texture(s) processed!

[textures\icons\animal panda bear icon.tga]
Running Texture Compiler...
Processed: 1
1 texture(s) processed!

[textures\icons\animal pig icon 64.tga]
Running Texture Compiler...
Processed: 1
1 texture(s) processed!

[textures\icons\animal pig icon.tga]
Running Texture Compiler...
Processed: 1
1 texture(s) processed!

[textures\icons\animal polar bear icon 64.tga]
Running Texture Compiler...
Processed: 1
1 texture(s) processed!

[textures\icons\animal polar bear icon.tga]
Running Texture Compiler...
Processed: 1
1 texture(s) processed!

[textures\icons\animal ram icon 64.tga]
Running Texture Compiler...
Processed: 1
1 texture(s) processed!

[textures\icons\animal ram icon.tga]
Running Texture Compiler...
Processed: 1
1 texture(s) processed!

[textures\icons\animal rhino icon 64.tga]
Running Texture Compiler...
Processed: 1
1 texture(s) processed!

[textures\icons\animal rhino icon.tga]
Running Texture Compiler...
Processed: 1
1 texture(s) processed!

[textures\icons\animal tiger icon.tga]
Running Texture Compiler...
Processed: 1
1 texture(s) processed!

[textures\icons\animal walrus icon 64.tga]
Running Texture Compiler...
Processed: 1
1 texture(s) processed!

[textures\icons\animal walrus icon.tga]
Running Texture Compiler...
Processed: 1
1 texture(s) processed!

[textures\icons\animal waterbuffalo icon 64.tga]
Running Texture Compiler...
Processed: 1
1 texture(s) processed!

[textures\icons\animal waterbuffalo icon.tga]
Running Texture Compiler...
Processed: 1
1 texture(s) processed!

[textures\icons\animal wolf icon 64.tga]
Running Texture Compiler...
Processed: 1
1 texture(s) processed!

[textures\icons\animal wolf icon.tga]
Running Texture Compiler...
Processed: 1
1 texture(s) processed!

[textures\icons\animal yak icon.tga]
Running Texture Compiler...
Processed: 1
1 texture(s) processed!

[textures\icons\animal zebra icon 64.tga]
Running Texture Compiler...
Processed: 1
1 texture(s) processed!

[textures\icons\animal zebra icon.tga]
Running Texture Compiler...
Processed: 1
1 texture(s) processed!

[textures\icons\archer c chu ko nu icon.tga]
Running Texture Compiler...
Processed: 1
1 texture(s) processed!

[textures\icons\archer c mounted archer icon.tga]
Running Texture Compiler...
Processed: 1
1 texture(s) processed!

[textures\icons\archer e slinger icon 64.tga]
Running Texture Compiler...
Processed: 1
1 texture(s) processed!

[textures\icons\archer e slinger icon.tga]
Running Texture Compiler...
Processed: 1
1 texture(s) processed!

[textures\icons\archer g crossbowman icon 64.tga]
Running Texture Compiler...
Processed: 1
1 texture(s) processed!

[textures\icons\archer g crossbowman icon.tga]
Running Texture Compiler...
Processed: 1
1 texture(s) processed!

[textures\icons\archer g peltast icon 64.tga]
Running Texture Compiler...
Processed: 1
1 texture(s) processed!

[textures\icons\archer g peltast icon.tga]
Running Texture Compiler...
Processed: 1
1 texture(s) processed!

[textures\icons\archer g toxotes icon 64.tga]
Running Texture Compiler...
Processed: 1
1 texture(s) processed!

[textures\icons\archer g toxotes icon.tga]
Running Texture Compiler...
Processed: 1
1 texture(s) processed!

[textures\icons\archer n bogsveigir icon.tga]
Running Texture Compiler...
Processed: 1
1 texture(s) processed!

[textures\icons\archer n throwing axeman icon 64.tga]
Running Texture Compiler...
Processed: 1
1 texture(s) processed!

[textures\icons\archer n throwing axeman icon.tga]
Running Texture Compiler...
Processed: 1
1 texture(s) processed!

[textures\icons\archer x arcus hero icons 32.tga]
Running Texture Compiler...
Processed: 1
1 texture(s) processed!

[textures\icons\archer x arcus hero icons 64.tga]
Running Texture Compiler...
Processed: 1
1 texture(s) processed!

[textures\icons\archer x arcus icons 32.tga]
Running Texture Compiler...
Processed: 1
1 texture(s) processed!

[textures\icons\archer x arcus icons 64.tga]
Running Texture Compiler...
Processed: 1
1 texture(s) processed!

[textures\icons\bella 32.tga]
Running Texture Compiler...
Processed: 1
1 texture(s) processed!

[textures\icons\bella 64.tga]
Running Texture Compiler...
Processed: 1
1 texture(s) processed!

[textures\icons\bevel 32x16 square out.tga]
Running Texture Compiler...
Processed: 1
1 texture(s) processed!

[textures\icons\bevel profileframe.tga]
Running Texture Compiler...
Processed: 1
1 texture(s) processed!

[textures\icons\bevel square gold in.tga]
Running Texture Compiler...
Processed: 1
1 texture(s) processed!

[textures\icons\bevel square gold out.tga]
Running Texture Compiler...
Processed: 1
1 texture(s) processed!

[textures\icons\bevel square in.tga]
Running Texture Compiler...
Processed: 1
1 texture(s) processed!

[textures\icons\bevel square out.tga]
Running Texture Compiler...
Processed: 1
1 texture(s) processed!

[textures\icons\bevel square red in.tga]
Running Texture Compiler...
Processed: 1
1 texture(s) processed!

[textures\icons\bevel square red out.tga]
Running Texture Compiler...
Processed: 1
1 texture(s) processed!

[textures\icons\bevel square.tga]
Running Texture Compiler...
Processed: 1
1 texture(s) processed!

[textures\icons\bevel thinframe.tga]
Running Texture Compiler...
Processed: 1
1 texture(s) processed!

[textures\icons\boat c fire ship chinese icon.tga]
Running Texture Compiler...
Processed: 1
1 texture(s) processed!

[textures\icons\boat c fishing boat icon.tga]
Running Texture Compiler...
Processed: 1
1 texture(s) processed!

[textures\icons\boat c fishing icon.tga]
Running Texture Compiler...
Processed: 1
1 texture(s) processed!

[textures\icons\boat c junk icon.tga]
Running Texture Compiler...
Processed: 1
1 texture(s) processed!

[textures\icons\boat c siege ship chinese icon.tga]
Running Texture Compiler...
Processed: 1
1 texture(s) processed!

[textures\icons\boat c transport icon.tga]
Running Texture Compiler...
Processed: 1
1 texture(s) processed!

[textures\icons\boat e fishing boat icon 64.tga]
Running Texture Compiler...
Processed: 1
1 texture(s) processed!

[textures\icons\boat e fishing boat icon.tga]
Running Texture Compiler...
Processed: 1
1 texture(s) processed!

[textures\icons\boat e kebenit icon 64.tga]
Running Texture Compiler...
Processed: 1
1 texture(s) processed!

[textures\icons\boat e kebenit icon.tga]
Running Texture Compiler...
Processed: 1
1 texture(s) processed!

[textures\icons\boat e ramming galley icon 64.tga]
Running Texture Compiler...
Processed: 1
1 texture(s) processed!

[textures\icons\boat e ramming galley icon.tga]
Running Texture Compiler...
Processed: 1
1 texture(s) processed!

[textures\icons\boat e transport icon 64.tga]
Running Texture Compiler...
Processed: 1
1 texture(s) processed!

[textures\icons\boat e transport icon.tga]
Running Texture Compiler...
Processed: 1
1 texture(s) processed!

[textures\icons\boat e warbarge icon 64.tga]
Running Texture Compiler...
Processed: 1
1 texture(s) processed!

[textures\icons\boat e warbarge icon.tga]
Running Texture Compiler...
Processed: 1
1 texture(s) processed!

[textures\icons\boat g argo icon 64.tga]
Running Texture Compiler...
Processed: 1
1 texture(s) processed!

[textures\icons\boat g argo icon.tga]
Running Texture Compiler...
Processed: 1
1 texture(s) processed!

[textures\icons\boat g fishing boat icon 64.tga]
Running Texture Compiler...
Processed: 1
1 texture(s) processed!

[textures\icons\boat g fishing boat icon.tga]
Running Texture Compiler...
Processed: 1
1 texture(s) processed!

[textures\icons\boat g juggernaught icon 64.tga]
Running Texture Compiler...
Processed: 1
1 texture(s) processed!

[textures\icons\boat g juggernaught icon.tga]
Running Texture Compiler...
Processed: 1
1 texture(s) processed!

[textures\icons\boat g pentekonter icon 64.tga]
Running Texture Compiler...
Processed: 1
1 texture(s) processed!

[textures\icons\boat g pentekonter icon.tga]
Running Texture Compiler...
Processed: 1
1 texture(s) processed!

[textures\icons\boat g transport icon 64.tga]
Running Texture Compiler...
Processed: 1
1 texture(s) processed!

[textures\icons\boat g transport icon.tga]
Running Texture Compiler...
Processed: 1
1 texture(s) processed!

[textures\icons\boat g trireme icon 64.tga]
Running Texture Compiler...
Processed: 1
1 texture(s) processed!

[textures\icons\boat g trireme icon.tga]
Running Texture Compiler...
Processed: 1
1 texture(s) processed!

[textures\icons\boat n dragonship icon 64.tga]
Running Texture Compiler...
Processed: 1
1 texture(s) processed!

[textures\icons\boat n dragonship icon.tga]
Running Texture Compiler...
Processed: 1
1 texture(s) processed!

[textures\icons\boat n drakkar icon 64.tga]
Running Texture Compiler...
Processed: 1
1 texture(s) processed!

[textures\icons\boat n drakkar icon.tga]
Running Texture Compiler...
Processed: 1
1 texture(s) processed!

[textures\icons\boat n fishing boat icon 64.tga]
Running Texture Compiler...
Processed: 1
1 texture(s) processed!

[textures\icons\boat n fishing boat icon.tga]
Running Texture Compiler...
Processed: 1
1 texture(s) processed!

[textures\icons\boat n longboat icon 64.tga]
Running Texture Compiler...
Processed: 1
1 texture(s) processed!

[textures\icons\boat n longboat icon.tga]
Running Texture Compiler...
Processed: 1
1 texture(s) processed!

[textures\icons\boat n transport icon 64.tga]
Running Texture Compiler...
Processed: 1
1 texture(s) processed!

[textures\icons\boat n transport icon.tga]
Running Texture Compiler...
Processed: 1
1 texture(s) processed!

[textures\icons\boat x bireme icons 32.tga]
Running Texture Compiler...
Processed: 1
1 texture(s) processed!

[textures\icons\boat x bireme icons 64.tga]
Running Texture Compiler...
Processed: 1
1 texture(s) processed!

[textures\icons\boat x fire ship atlantean icons 32.tga]
Running Texture Compiler...
Processed: 1
1 texture(s) processed!

[textures\icons\boat x fire ship atlantean icons 64.tga]
Running Texture Compiler...
Processed: 1
1 texture(s) processed!

[textures\icons\boat x fishing ship atlantean icons 32.tga]
Running Texture Compiler...
Processed: 1
1 texture(s) processed!

[textures\icons\boat x fishing ship atlantean icons 64.tga]
Running Texture Compiler...
Processed: 1
1 texture(s) processed!

[textures\icons\boat x siege ship atlantean icons 32.tga]
Running Texture Compiler...
Processed: 1
1 texture(s) processed!

[textures\icons\boat x siege ship atlantean icons 64.tga]
Running Texture Compiler...
Processed: 1
1 texture(s) processed!

[textures\icons\boat x transport ship atlantean icons 32.tga]
Running Texture Compiler...
Processed: 1
1 texture(s) processed!

[textures\icons\boat x transport ship atlantean icons 64.tga]
Running Texture Compiler...
Processed: 1
1 texture(s) processed!

[textures\icons\building academy icon 64 .tga]
Running Texture Compiler...
Processed: 1
1 texture(s) processed!

[textures\icons\building academy icon.tga]
Running Texture Compiler...
Processed: 1
1 texture(s) processed!

[textures\icons\building archery range icon 64.tga]
Running Texture Compiler...
Processed: 1
1 texture(s) processed!

[textures\icons\building archery range icon.tga]
Running Texture Compiler...
Processed: 1
1 texture(s) processed!

[textures\icons\building armory icon 64.tga]
Running Texture Compiler...
Processed: 1
1 texture(s) processed!

[textures\icons\building armory icon.tga]
Running Texture Compiler...
Processed: 1
1 texture(s) processed!

[textures\icons\building barracks icon 64.tga]
Running Texture Compiler...
Processed: 1
1 texture(s) processed!

[textures\icons\building barracks icon.tga]
Running Texture Compiler...
Processed: 1
1 texture(s) processed!

[textures\icons\building barracks icons 128.tga]
Running Texture Compiler...
Processed: 1
1 texture(s) processed!

[textures\icons\building barracks icons 32.tga]
Running Texture Compiler...
Processed: 1
1 texture(s) processed!

[textures\icons\building barracks icons 64.tga]
Running Texture Compiler...
Processed: 1
1 texture(s) processed!

[textures\icons\building bronze wall icons 32.tga]
Running Texture Compiler...
Processed: 1
1 texture(s) processed!

[textures\icons\building bronze wall icons 64.tga]
Running Texture Compiler...
Processed: 1
1 texture(s) processed!

[textures\icons\building chinese fortress icon.tga]
Running Texture Compiler...
Processed: 1
1 texture(s) processed!

[textures\icons\building dock icon 64.tga]
Running Texture Compiler...
Processed: 1
1 texture(s) processed!

[textures\icons\building dock icon.tga]
Running Texture Compiler...
Processed: 1
1 texture(s) processed!

[textures\icons\building garden icon.tga]
Running Texture Compiler...
Processed: 1
1 texture(s) processed!

[textures\icons\building granary icon 64.tga]
Running Texture Compiler...
Processed: 1
1 texture(s) processed!

[textures\icons\building granary icon.tga]
Running Texture Compiler...
Processed: 1
1 texture(s) processed!

[textures\icons\building guard tower icon 64.tga]
Running Texture Compiler...
Processed: 1
1 texture(s) processed!

[textures\icons\building guard tower icon.tga]
Running Texture Compiler...
Processed: 1
1 texture(s) processed!

[textures\icons\building guild icons 128.tga]
Running Texture Compiler...
Processed: 1
1 texture(s) processed!

[textures\icons\building guild icons 32.tga]
Running Texture Compiler...
Processed: 1
1 texture(s) processed!

[textures\icons\building guild icons 64.tga]
Running Texture Compiler...
Processed: 1
1 texture(s) processed!

[textures\icons\building house icon 64.tga]
Running Texture Compiler...
Processed: 1
1 texture(s) processed!

[textures\icons\building house icon.tga]
Running Texture Compiler...
Processed: 1
1 texture(s) processed!

[textures\icons\building iron wall icons 32.tga]
Running Texture Compiler...
Processed: 1
1 texture(s) processed!

[textures\icons\building iron wall icons 64.tga]
Running Texture Compiler...
Processed: 1
1 texture(s) processed!

[textures\icons\building lighthouse icon 64.tga]
Running Texture Compiler...
Processed: 1
1 texture(s) processed!

[textures\icons\building lighthouse icon.tga]
Running Texture Compiler...
Processed: 1
1 texture(s) processed!

[textures\icons\building lion statue icon 64.tga]
Running Texture Compiler...
Processed: 1
1 texture(s) processed!

[textures\icons\building lumbercamp icon 64.tga]
Running Texture Compiler...
Processed: 1
1 texture(s) processed!

[textures\icons\building lumbercamp icon.tga]
Running Texture Compiler...
Processed: 1
1 texture(s) processed!

[textures\icons\building manor icons 128.tga]
Running Texture Compiler...
Processed: 1
1 texture(s) processed!

[textures\icons\building manor icons 32.tga]
Running Texture Compiler...
Processed: 1
1 texture(s) processed!

[textures\icons\building manor icons 64.tga]
Running Texture Compiler...
Processed: 1
1 texture(s) processed!

[textures\icons\building market icon 64.tga]
Running Texture Compiler...
Processed: 1
1 texture(s) processed!

[textures\icons\building market icon.tga]
Running Texture Compiler...
Processed: 1
1 texture(s) processed!

[textures\icons\building mining camp icon 64.tga]
Running Texture Compiler...
Processed: 1
1 texture(s) processed!

[textures\icons\building mining camp icon.tga]
Running Texture Compiler...
Processed: 1
1 texture(s) processed!

[textures\icons\building monument five icon 64.tga]
Running Texture Compiler...
Processed: 1
1 texture(s) processed!

[textures\icons\building monument five icon.tga]
Running Texture Compiler...
Processed: 1
1 texture(s) processed!

[textures\icons\building monument four icon 64.tga]
Running Texture Compiler...
Processed: 1
1 texture(s) processed!

[textures\icons\building monument four icon.tga]
Running Texture Compiler...
Processed: 1
1 texture(s) processed!

[textures\icons\building monument one icon 64.tga]
Running Texture Compiler...
Processed: 1
1 texture(s) processed!

[textures\icons\building monument one icon.tga]
Running Texture Compiler...
Processed: 1
1 texture(s) processed!

[textures\icons\building monument three icon 64.tga]
Running Texture Compiler...
Processed: 1
1 texture(s) processed!

[textures\icons\building monument three icon.tga]
Running Texture Compiler...
Processed: 1
1 texture(s) processed!

[textures\icons\building monument two icon 64.tga]
Running Texture Compiler...
Processed: 1
1 texture(s) processed!

[textures\icons\building monument two icon.tga]
Running Texture Compiler...
Processed: 1
1 texture(s) processed!

[textures\icons\building norse shrine icon 64.tga]
Running Texture Compiler...
Processed: 1
1 texture(s) processed!

[textures\icons\building norse shrine icon.tga]
Running Texture Compiler...
Processed: 1
1 texture(s) processed!

[textures\icons\building orichalkos wall icons 32.tga]
Running Texture Compiler...
Processed: 1
1 texture(s) processed!

[textures\icons\building orichalkos wall icons 64.tga]
Running Texture Compiler...
Processed: 1
1 texture(s) processed!

[textures\icons\building osiris pyramid icon 64.tga]
Running Texture Compiler...
Processed: 1
1 texture(s) processed!

[textures\icons\building osiris pyramid icon.tga]
Running Texture Compiler...
Processed: 1
1 texture(s) processed!

[textures\icons\building outpost icon 64.tga]
Running Texture Compiler...
Processed: 1
1 texture(s) processed!

[textures\icons\building outpost icon.tga]
Running Texture Compiler...
Processed: 1
1 texture(s) processed!

[textures\icons\building palace icons 128.tga]
Running Texture Compiler...
Processed: 1
1 texture(s) processed!

[textures\icons\building palace icons 32.tga]
Running Texture Compiler...
Processed: 1
1 texture(s) processed!

[textures\icons\building palace icons 64.tga]
Running Texture Compiler...
Processed: 1
1 texture(s) processed!

[textures\icons\building pharaoh statue icon 64.tga]
Running Texture Compiler...
Processed: 1
1 texture(s) processed!

[textures\icons\building sentry tower icon 64.tga]
Running Texture Compiler...
Processed: 1
1 texture(s) processed!

[textures\icons\building sentry tower icon.tga]
Running Texture Compiler...
Processed: 1
1 texture(s) processed!

[textures\icons\building settlement icon 64.tga]
Running Texture Compiler...
Processed: 1
1 texture(s) processed!

[textures\icons\building settlement icon.tga]
Running Texture Compiler...
Processed: 1
1 texture(s) processed!

[textures\icons\building siege workshop icon 64.tga]
Running Texture Compiler...
Processed: 1
1 texture(s) processed!

[textures\icons\building siege workshop icon.tga]
Running Texture Compiler...
Processed: 1
1 texture(s) processed!

[textures\icons\building skytemple icons 128.tga]
Running Texture Compiler...
Processed: 1
1 texture(s) processed!

[textures\icons\building skytemple icons 32.tga]
Running Texture Compiler...
Processed: 1
1 texture(s) processed!

[textures\icons\building skytemple icons 64.tga]
Running Texture Compiler...
Processed: 1
1 texture(s) processed!

[textures\icons\building specialist icons 128.tga]
Running Texture Compiler...
Processed: 1
1 texture(s) processed!

[textures\icons\building specialist icons 32.tga]
Running Texture Compiler...
Processed: 1
1 texture(s) processed!

[textures\icons\building specialist icons 64.tga]
Running Texture Compiler...
Processed: 1
1 texture(s) processed!

[textures\icons\building stable icon 64.tga]
Running Texture Compiler...
Processed: 1
1 texture(s) processed!

[textures\icons\building stable icon.tga]
Running Texture Compiler...
Processed: 1
1 texture(s) processed!

[textures\icons\building storage pit icon.tga]
Running Texture Compiler...
Processed: 1
1 texture(s) processed!

[textures\icons\building storehouse icon 64.tga]
Running Texture Compiler...
Processed: 1
1 texture(s) processed!

[textures\icons\building storehouse icon.tga]
Running Texture Compiler...
Processed: 1
1 texture(s) processed!

[textures\icons\building temple icon 64.tga]
Running Texture Compiler...
Processed: 1
1 texture(s) processed!

[textures\icons\building temple icon.tga]
Running Texture Compiler...
Processed: 1
1 texture(s) processed!

[textures\icons\building titan gate icons 128.tga]
Running Texture Compiler...
Processed: 1
1 texture(s) processed!

[textures\icons\building titan gate icons 32.tga]
Running Texture Compiler...
Processed: 1
1 texture(s) processed!

[textures\icons\building titan gate icons 64.tga]
Running Texture Compiler...
Processed: 1
1 texture(s) processed!

[textures\icons\building tower mirror icons 128.tga]
Running Texture Compiler...
Processed: 1
1 texture(s) processed!

[textures\icons\building tower mirror icons 32.tga]
Running Texture Compiler...
Processed: 1
1 texture(s) processed!

[textures\icons\building tower mirror icons 64.tga]
Running Texture Compiler...
Processed: 1
1 texture(s) processed!

[textures\icons\building town center atlanis icons 128.tga]
Running Texture Compiler...
Processed: 1
1 texture(s) processed!

[textures\icons\building town center atlanis icons 32.tga]
Running Texture Compiler...
Processed: 1
1 texture(s) processed!

[textures\icons\building town center atlanis icons 64.tga]
Running Texture Compiler...
Processed: 1
1 texture(s) processed!

[textures\icons\building town center atlantis icons 32.tga]
Running Texture Compiler...
Processed: 1
1 texture(s) processed!

[textures\icons\building town center atlantis icons 64.tga]
Running Texture Compiler...
Processed: 1
1 texture(s) processed!

[textures\icons\building town center chinese icon.tga]
Running Texture Compiler...
Processed: 1
1 texture(s) processed!

[textures\icons\building town center egypt icon 64.tga]
Running Texture Compiler...
Processed: 1
1 texture(s) processed!

[textures\icons\building town center egypt icon.tga]
Running Texture Compiler...
Processed: 1
1 texture(s) processed!

[textures\icons\building town center greek icon 64.tga]
Running Texture Compiler...
Processed: 1
1 texture(s) processed!

[textures\icons\building town center greek icon.tga]
Running Texture Compiler...
Processed: 1
1 texture(s) processed!

[textures\icons\building town center norse icon 64.tga]
Running Texture Compiler...
Processed: 1
1 texture(s) processed!

[textures\icons\building town center norse icon.tga]
Running Texture Compiler...
Processed: 1
1 texture(s) processed!

[textures\icons\building university icons 128.tga]
Running Texture Compiler...
Processed: 1
1 texture(s) processed!

[textures\icons\building university icons 32.tga]
Running Texture Compiler...
Processed: 1
1 texture(s) processed!

[textures\icons\building university icons 64.tga]
Running Texture Compiler...
Processed: 1
1 texture(s) processed!

[textures\icons\building wall icon 64.tga]
Running Texture Compiler...
Processed: 1
1 texture(s) processed!

[textures\icons\building wall icon.tga]
Running Texture Compiler...
Processed: 1
1 texture(s) processed!

[textures\icons\building wall to gate icon 64.tga]
Running Texture Compiler...
Processed: 1
1 texture(s) processed!

[textures\icons\building wall to gate icon.tga]
Running Texture Compiler...
Processed: 1
1 texture(s) processed!

[textures\icons\building watch tower icon 64.tga]
Running Texture Compiler...
Processed: 1
1 texture(s) processed!

[textures\icons\building watch tower icon.tga]
Running Texture Compiler...
Processed: 1
1 texture(s) processed!

[textures\icons\building wonder icon 64.tga]
Running Texture Compiler...
Processed: 1
1 texture(s) processed!

[textures\icons\building wonder icon.tga]
Running Texture Compiler...
Processed: 1
1 texture(s) processed!

[textures\icons\buyfood.tga]
Running Texture Compiler...
Processed: 1
1 texture(s) processed!

[textures\icons\buywood.tga]
Running Texture Compiler...
Processed: 1
1 texture(s) processed!

[textures\icons\cavalry c cataphract icon.tga]
Running Texture Compiler...
Processed: 1
1 texture(s) processed!

[textures\icons\cavalry c general icon.tga]
Running Texture Compiler...
Processed: 1
1 texture(s) processed!

[textures\icons\cavalry c scout icon.tga]
Running Texture Compiler...
Processed: 1
1 texture(s) processed!

[textures\icons\cavalry c war chariot icon.tga]
Running Texture Compiler...
Processed: 1
1 texture(s) processed!

[textures\icons\cavalry e camelry icon 64.tga]
Running Texture Compiler...
Processed: 1
1 texture(s) processed!

[textures\icons\cavalry e camelry icon.tga]
Running Texture Compiler...
Processed: 1
1 texture(s) processed!

[textures\icons\cavalry e chariot archer icon 64.tga]
Running Texture Compiler...
Processed: 1
1 texture(s) processed!

[textures\icons\cavalry e chariot archer icon.tga]
Running Texture Compiler...
Processed: 1
1 texture(s) processed!

[textures\icons\cavalry e mercenary icon 64.tga]
Running Texture Compiler...
Processed: 1
1 texture(s) processed!

[textures\icons\cavalry e mercenary icon.tga]
Running Texture Compiler...
Processed: 1
1 texture(s) processed!

[textures\icons\cavalry g cataphract icon 64.tga]
Running Texture Compiler...
Processed: 1
1 texture(s) processed!

[textures\icons\cavalry g cataphract icon.tga]
Running Texture Compiler...
Processed: 1
1 texture(s) processed!

[textures\icons\cavalry g hetairoi icon 64.tga]
Running Texture Compiler...
Processed: 1
1 texture(s) processed!

[textures\icons\cavalry g hetairoi icon.tga]
Running Texture Compiler...
Processed: 1
1 texture(s) processed!

[textures\icons\cavalry g hippikon icon 64.tga]
Running Texture Compiler...
Processed: 1
1 texture(s) processed!

[textures\icons\cavalry g hippikon icon.tga]
Running Texture Compiler...
Processed: 1
1 texture(s) processed!

[textures\icons\cavalry g prodromos icon 64.tga]
Running Texture Compiler...
Processed: 1
1 texture(s) processed!

[textures\icons\cavalry g prodromos icon.tga]
Running Texture Compiler...
Processed: 1
1 texture(s) processed!

[textures\icons\cavalry g scout icon 64.tga]
Running Texture Compiler...
Processed: 1
1 texture(s) processed!

[textures\icons\cavalry g scout icon.tga]
Running Texture Compiler...
Processed: 1
1 texture(s) processed!

[textures\icons\cavalry n jarl icon 64.tga]
Running Texture Compiler...
Processed: 1
1 texture(s) processed!

[textures\icons\cavalry n jarl icon.tga]
Running Texture Compiler...
Processed: 1
1 texture(s) processed!

[textures\icons\cavalry n raiding cavalry icon 64.tga]
Running Texture Compiler...
Processed: 1
1 texture(s) processed!

[textures\icons\cavalry n raiding cavalry icon.tga]
Running Texture Compiler...
Processed: 1
1 texture(s) processed!

[textures\icons\cavalry war elephant icon 64.tga]
Running Texture Compiler...
Processed: 1
1 texture(s) processed!

[textures\icons\cavalry war elephant icon.tga]
Running Texture Compiler...
Processed: 1
1 texture(s) processed!

[textures\icons\cavalry x jav cav hero icons 32.tga]
Running Texture Compiler...
Processed: 1
1 texture(s) processed!

[textures\icons\cavalry x jav cav hero icons 64.tga]
Running Texture Compiler...
Processed: 1
1 texture(s) processed!

[textures\icons\cavalry x jav cav icons 32.tga]
Running Texture Compiler...
Processed: 1
1 texture(s) processed!

[textures\icons\cavalry x jav cav icons 64.tga]
Running Texture Compiler...
Processed: 1
1 texture(s) processed!

[textures\icons\cavalry x lancer hero icons 32.tga]
Running Texture Compiler...
Processed: 1
1 texture(s) processed!

[textures\icons\cavalry x lancer hero icons 64.tga]
Running Texture Compiler...
Processed: 1
1 texture(s) processed!

[textures\icons\cavalry x lancer icons 32.tga]
Running Texture Compiler...
Processed: 1
1 texture(s) processed!

[textures\icons\cavalry x lancer icons 64.tga]
Running Texture Compiler...
Processed: 1
1 texture(s) processed!

[textures\icons\chargebar empty.tga]
Running Texture Compiler...
Processed: 1
1 texture(s) processed!

[textures\icons\chargebar health.tga]
Running Texture Compiler...
Processed: 1
1 texture(s) processed!

[textures\icons\chargebar power.tga]
Running Texture Compiler...
Processed: 1
1 texture(s) processed!

[textures\icons\chat icon.tga]
Running Texture Compiler...
Processed: 1
1 texture(s) processed!

[textures\icons\command attack move icon.tga]
Running Texture Compiler...
Processed: 1
1 texture(s) processed!

[textures\icons\command back to work icon.tga]
Running Texture Compiler...
Processed: 1
1 texture(s) processed!

[textures\icons\command cancel town bell icon.tga]
Running Texture Compiler...
Processed: 1
1 texture(s) processed!

[textures\icons\command clear gather icon.tga]
Running Texture Compiler...
Processed: 1
1 texture(s) processed!

[textures\icons\command create ulfsark icon.tga]
Running Texture Compiler...
Processed: 1
1 texture(s) processed!

[textures\icons\command dangerous gaia icon.tga]
Running Texture Compiler...
Processed: 1
1 texture(s) processed!

[textures\icons\command defend unit icon.tga]
Running Texture Compiler...
Processed: 1
1 texture(s) processed!

[textures\icons\command empower icon.tga]
Running Texture Compiler...
Processed: 1
1 texture(s) processed!

[textures\icons\command garrison icon.tga]
Running Texture Compiler...
Processed: 1
1 texture(s) processed!

[textures\icons\command guard icon.tga]
Running Texture Compiler...
Processed: 1
1 texture(s) processed!

[textures\icons\command herdable gaia icon.tga]
Running Texture Compiler...
Processed: 1
1 texture(s) processed!

[textures\icons\command panel combat icon.tga]
Running Texture Compiler...
Processed: 1
1 texture(s) processed!

[textures\icons\command panel icon.tga]
Running Texture Compiler...
Processed: 1
1 texture(s) processed!

[textures\icons\command patrol icon.tga]
Running Texture Compiler...
Processed: 1
1 texture(s) processed!

[textures\icons\command repair icon.tga]
Running Texture Compiler...
Processed: 1
1 texture(s) processed!

[textures\icons\command repeat off icon.tga]
Running Texture Compiler...
Processed: 1
1 texture(s) processed!

[textures\icons\command repeat on icon.tga]
Running Texture Compiler...
Processed: 1
1 texture(s) processed!

[textures\icons\command repeat rollover icon.tga]
Running Texture Compiler...
Processed: 1
1 texture(s) processed!

[textures\icons\command return to main icon.tga]
Running Texture Compiler...
Processed: 1
1 texture(s) processed!

[textures\icons\command set gather icon.tga]
Running Texture Compiler...
Processed: 1
1 texture(s) processed!

[textures\icons\command stop icon.tga]
Running Texture Compiler...
Processed: 1
1 texture(s) processed!

[textures\icons\command summon all workers icon.tga]
Running Texture Compiler...
Processed: 1
1 texture(s) processed!

[textures\icons\command time shift icons 32.tga]
Running Texture Compiler...
Processed: 1
1 texture(s) processed!

[textures\icons\command time shift icons 64.tga]
Running Texture Compiler...
Processed: 1
1 texture(s) processed!

[textures\icons\command tower garrison icon.tga]
Running Texture Compiler...
Processed: 1
1 texture(s) processed!

[textures\icons\command town bell icon.tga]
Running Texture Compiler...
Processed: 1
1 texture(s) processed!

[textures\icons\command unboard icon.tga]
Running Texture Compiler...
Processed: 1
1 texture(s) processed!

[textures\icons\command ungarrison icon.tga]
Running Texture Compiler...
Processed: 1
1 texture(s) processed!

[textures\icons\defensive active.tga]
Running Texture Compiler...
Processed: 1
1 texture(s) processed!

[textures\icons\defensive.tga]
Running Texture Compiler...
Processed: 1
1 texture(s) processed!

[textures\icons\delete.tga]
Running Texture Compiler...
Processed: 1
1 texture(s) processed!

[textures\icons\detailedhelp.tga]
Running Texture Compiler...
Processed: 1
1 texture(s) processed!

[textures\icons\e charge bar.tga]
Running Texture Compiler...
Processed: 1
1 texture(s) processed!

[textures\icons\editor brushsettings.tga]
Running Texture Compiler...
Processed: 1
1 texture(s) processed!

[textures\icons\editor canyon.tga]
Running Texture Compiler...
Processed: 1
1 texture(s) processed!

[textures\icons\editor cinematics.tga]
Running Texture Compiler...
Processed: 1
1 texture(s) processed!

[textures\icons\editor cliff.tga]
Running Texture Compiler...
Processed: 1
1 texture(s) processed!

[textures\icons\editor copy.tga]
Running Texture Compiler...
Processed: 1
1 texture(s) processed!

[textures\icons\editor cut.tga]
Running Texture Compiler...
Processed: 1
1 texture(s) processed!

[textures\icons\editor delete.tga]
Running Texture Compiler...
Processed: 1
1 texture(s) processed!

[textures\icons\editor deleteunit.tga]
Running Texture Compiler...
Processed: 1
1 texture(s) processed!

[textures\icons\editor edit water.tga]
Running Texture Compiler...
Processed: 1
1 texture(s) processed!

[textures\icons\editor forest.tga]
Running Texture Compiler...
Processed: 1
1 texture(s) processed!

[textures\icons\editor lake.tga]
Running Texture Compiler...
Processed: 1
1 texture(s) processed!

[textures\icons\editor letterboxbars.tga]
Running Texture Compiler...
Processed: 1
1 texture(s) processed!

[textures\icons\editor lighting.tga]
Running Texture Compiler...
Processed: 1
1 texture(s) processed!

[textures\icons\editor load.tga]
Running Texture Compiler...
Processed: 1
1 texture(s) processed!

[textures\icons\editor mountain.tga]
Running Texture Compiler...
Processed: 1
1 texture(s) processed!

[textures\icons\editor moveunit.tga]
Running Texture Compiler...
Processed: 1
1 texture(s) processed!

[textures\icons\editor new.tga]
Running Texture Compiler...
Processed: 1
1 texture(s) processed!

[textures\icons\editor ocean.tga]
Running Texture Compiler...
Processed: 1
1 texture(s) processed!

[textures\icons\editor open.tga]
Running Texture Compiler...
Processed: 1
1 texture(s) processed!

[textures\icons\editor paintterrain.tga]
Running Texture Compiler...
Processed: 1
1 texture(s) processed!

[textures\icons\editor paste.tga]
Running Texture Compiler...
Processed: 1
1 texture(s) processed!

[textures\icons\editor placeunit.tga]
Running Texture Compiler...
Processed: 1
1 texture(s) processed!

[textures\icons\editor raiselowerterrain.tga]
Running Texture Compiler...
Processed: 1
1 texture(s) processed!

[textures\icons\editor redo.tga]
Running Texture Compiler...
Processed: 1
1 texture(s) processed!

[textures\icons\editor river.tga]
Running Texture Compiler...
Processed: 1
1 texture(s) processed!

[textures\icons\editor roughen.tga]
Running Texture Compiler...
Processed: 1
1 texture(s) processed!

[textures\icons\editor sampleelevation.tga]
Running Texture Compiler...
Processed: 1
1 texture(s) processed!

[textures\icons\editor sampleterrain.tga]
Running Texture Compiler...
Processed: 1
1 texture(s) processed!

[textures\icons\editor save.tga]
Running Texture Compiler...
Processed: 1
1 texture(s) processed!

[textures\icons\editor smooth.tga]
Running Texture Compiler...
Processed: 1
1 texture(s) processed!

[textures\icons\editor triggers.tga]
Running Texture Compiler...
Processed: 1
1 texture(s) processed!

[textures\icons\editor undo.tga]
Running Texture Compiler...
Processed: 1
1 texture(s) processed!

[textures\icons\fish.tga]
Running Texture Compiler...
Processed: 1
1 texture(s) processed!

[textures\icons\flag icon 64.tga]
Running Texture Compiler...
Processed: 1
1 texture(s) processed!

[textures\icons\food.tga]
Running Texture Compiler...
Processed: 1
1 texture(s) processed!

[textures\icons\formation box active icon.tga]
Running Texture Compiler...
Processed: 1
1 texture(s) processed!

[textures\icons\formation box icon.tga]
Running Texture Compiler...
Processed: 1
1 texture(s) processed!

[textures\icons\formation line active icon.tga]
Running Texture Compiler...
Processed: 1
1 texture(s) processed!

[textures\icons\formation line icon.tga]
Running Texture Compiler...
Processed: 1
1 texture(s) processed!

[textures\icons\formation mixed active icon.tga]
Running Texture Compiler...
Processed: 1
1 texture(s) processed!

[textures\icons\formation mixed icon.tga]
Running Texture Compiler...
Processed: 1
1 texture(s) processed!

[textures\icons\formation spread active icon.tga]
Running Texture Compiler...
Processed: 1
1 texture(s) processed!

[textures\icons\formation spread icon.tga]
Running Texture Compiler...
Processed: 1
1 texture(s) processed!

[textures\icons\friendhosting.tga]
Running Texture Compiler...
Processed: 1
1 texture(s) processed!

[textures\icons\friendingame.tga]
Running Texture Compiler...
Processed: 1
1 texture(s) processed!

[textures\icons\friendoffline.tga]
Running Texture Compiler...
Processed: 1
1 texture(s) processed!

[textures\icons\friendonline.tga]
Running Texture Compiler...
Processed: 1
1 texture(s) processed!

[textures\icons\g charge bar.tga]
Running Texture Compiler...
Processed: 1
1 texture(s) processed!

[textures\icons\gathericon.tga]
Running Texture Compiler...
Processed: 1
1 texture(s) processed!

[textures\icons\generate favor.tga]
Running Texture Compiler...
Processed: 1
1 texture(s) processed!

[textures\icons\generate food.tga]
Running Texture Compiler...
Processed: 1
1 texture(s) processed!

[textures\icons\generate gold.tga]
Running Texture Compiler...
Processed: 1
1 texture(s) processed!

[textures\icons\generate wood.tga]
Running Texture Compiler...
Processed: 1
1 texture(s) processed!

[textures\icons\generate_favor.tga]
Running Texture Compiler...
Processed: 1
1 texture(s) processed!

[textures\icons\generate_food.tga]
Running Texture Compiler...
Processed: 1
1 texture(s) processed!

[textures\icons\generate_gold.tga]
Running Texture Compiler...
Processed: 1
1 texture(s) processed!

[textures\icons\generate_wood.tga]
Running Texture Compiler...
Processed: 1
1 texture(s) processed!

[textures\icons\god major atlas icons 64.tga]
Running Texture Compiler...
Processed: 1
1 texture(s) processed!

[textures\icons\god major fuxi icon 128.tga]
Running Texture Compiler...
Processed: 1
1 texture(s) processed!

[textures\icons\god major fuxi icon 64.tga]
Running Texture Compiler...
Processed: 1
1 texture(s) processed!

[textures\icons\god major gaia icons 64.tga]
Running Texture Compiler...
Processed: 1
1 texture(s) processed!

[textures\icons\god major hades icon 128.tga]
Running Texture Compiler...
Processed: 1
1 texture(s) processed!

[textures\icons\god major hades icon 64.tga]
Running Texture Compiler...
Processed: 1
1 texture(s) processed!

[textures\icons\god major hekate icons 64.tga]
Running Texture Compiler...
Processed: 1
1 texture(s) processed!

[textures\icons\god major helios icons 64.tga]
Running Texture Compiler...
Processed: 1
1 texture(s) processed!

[textures\icons\god major hyperion icons 64.tga]
Running Texture Compiler...
Processed: 1
1 texture(s) processed!

[textures\icons\god major isis icon 128.tga]
Running Texture Compiler...
Processed: 1
1 texture(s) processed!

[textures\icons\god major isis icon 64.tga]
Running Texture Compiler...
Processed: 1
1 texture(s) processed!

[textures\icons\god major kronos icons 64.tga]
Running Texture Compiler...
Processed: 1
1 texture(s) processed!

[textures\icons\god major leto icons 64.tga]
Running Texture Compiler...
Processed: 1
1 texture(s) processed!

[textures\icons\god major loki icon 128.tga]
Running Texture Compiler...
Processed: 1
1 texture(s) processed!

[textures\icons\god major loki icon 64.tga]
Running Texture Compiler...
Processed: 1
1 texture(s) processed!

[textures\icons\god major nuwa icon 128.tga]
Running Texture Compiler...
Processed: 1
1 texture(s) processed!

[textures\icons\god major nuwa icon 64.tga]
Running Texture Compiler...
Processed: 1
1 texture(s) processed!

[textures\icons\god major odin icon 128.tga]
Running Texture Compiler...
Processed: 1
1 texture(s) processed!

[textures\icons\god major odin icon 64.tga]
Running Texture Compiler...
Processed: 1
1 texture(s) processed!

[textures\icons\god major okeanus icons 64.tga]
Running Texture Compiler...
Processed: 1
1 texture(s) processed!

[textures\icons\god major ouranos icons 64.tga]
Running Texture Compiler...
Processed: 1
1 texture(s) processed!

[textures\icons\god major poseidon icon 128.tga]
Running Texture Compiler...
Processed: 1
1 texture(s) processed!

[textures\icons\god major poseidon icon 64.tga]
Running Texture Compiler...
Processed: 1
1 texture(s) processed!

[textures\icons\god major prometheus icons 64.tga]
Running Texture Compiler...
Processed: 1
1 texture(s) processed!

[textures\icons\god major ra icon 128.tga]
Running Texture Compiler...
Processed: 1
1 texture(s) processed!

[textures\icons\god major ra icon 64.tga]
Running Texture Compiler...
Processed: 1
1 texture(s) processed!

[textures\icons\god major rheia icons 64.tga]
Running Texture Compiler...
Processed: 1
1 texture(s) processed!

[textures\icons\god major set icon 128.tga]
Running Texture Compiler...
Processed: 1
1 texture(s) processed!

[textures\icons\god major set icon 64.tga]
Running Texture Compiler...
Processed: 1
1 texture(s) processed!

[textures\icons\god major shennong icon 128.tga]
Running Texture Compiler...
Processed: 1
1 texture(s) processed!

[textures\icons\god major shennong icon 64.tga]
Running Texture Compiler...
Processed: 1
1 texture(s) processed!

[textures\icons\god major theia icons 64.tga]
Running Texture Compiler...
Processed: 1
1 texture(s) processed!

[textures\icons\god major thor icon 128.tga]
Running Texture Compiler...
Processed: 1
1 texture(s) processed!

[textures\icons\god major thor icon 64.tga]
Running Texture Compiler...
Processed: 1
1 texture(s) processed!

[textures\icons\god major zeus icon 128.tga]
Running Texture Compiler...
Processed: 1
1 texture(s) processed!

[textures\icons\god major zeus icon 64.tga]
Running Texture Compiler...
Processed: 1
1 texture(s) processed!

[textures\icons\god power ancestors icon 64.tga]
Running Texture Compiler...
Processed: 1
1 texture(s) processed!

[textures\icons\god power ancestors icon.tga]
Running Texture Compiler...
Processed: 1
1 texture(s) processed!

[textures\icons\god power animal magnet icon 64.tga]
Running Texture Compiler...
Processed: 1
1 texture(s) processed!

[textures\icons\god power animal magnet icon.tga]
Running Texture Compiler...
Processed: 1
1 texture(s) processed!

[textures\icons\god power arkantosman icon.tga]
Running Texture Compiler...
Processed: 1
1 texture(s) processed!

[textures\icons\god power audrey icons 32.tga]
Running Texture Compiler...
Processed: 1
1 texture(s) processed!

[textures\icons\god power audrey icons 64.tga]
Running Texture Compiler...
Processed: 1
1 texture(s) processed!

[textures\icons\god power barrage icon.tga]
Running Texture Compiler...
Processed: 1
1 texture(s) processed!

[textures\icons\god power bolt icon 64.tga]
Running Texture Compiler...
Processed: 1
1 texture(s) processed!

[textures\icons\god power bolt icon.tga]
Running Texture Compiler...
Processed: 1
1 texture(s) processed!

[textures\icons\god power bronze icon 64.tga]
Running Texture Compiler...
Processed: 1
1 texture(s) processed!

[textures\icons\god power bronze icon.tga]
Running Texture Compiler...
Processed: 1
1 texture(s) processed!

[textures\icons\god power call to arms icon.tga]
Running Texture Compiler...
Processed: 1
1 texture(s) processed!

[textures\icons\god power cease fire icon 64.tga]
Running Texture Compiler...
Processed: 1
1 texture(s) processed!

[textures\icons\god power cease fire icon.tga]
Running Texture Compiler...
Processed: 1
1 texture(s) processed!

[textures\icons\god power chaos icons 32.tga]
Running Texture Compiler...
Processed: 1
1 texture(s) processed!

[textures\icons\god power chaos icons 64.tga]
Running Texture Compiler...
Processed: 1
1 texture(s) processed!

[textures\icons\god power citadel icon 64.tga]
Running Texture Compiler...
Processed: 1
1 texture(s) processed!

[textures\icons\god power citadel icon.tga]
Running Texture Compiler...
Processed: 1
1 texture(s) processed!

[textures\icons\god power create gold icon 64.tga]
Running Texture Compiler...
Processed: 1
1 texture(s) processed!

[textures\icons\god power create gold icon.tga]
Running Texture Compiler...
Processed: 1
1 texture(s) processed!

[textures\icons\god power curse icon 64.tga]
Running Texture Compiler...
Processed: 1
1 texture(s) processed!

[textures\icons\god power curse icon.tga]
Running Texture Compiler...
Processed: 1
1 texture(s) processed!

[textures\icons\god power deconstruct icons 32.tga]
Running Texture Compiler...
Processed: 1
1 texture(s) processed!

[textures\icons\god power deconstruct icons 64.tga]
Running Texture Compiler...
Processed: 1
1 texture(s) processed!

[textures\icons\god power deconstruction icons 32.tga]
Running Texture Compiler...
Processed: 1
1 texture(s) processed!

[textures\icons\god power deconstruction icons 64.tga]
Running Texture Compiler...
Processed: 1
1 texture(s) processed!

[textures\icons\god power dryad icons 32.tga]
Running Texture Compiler...
Processed: 1
1 texture(s) processed!

[textures\icons\god power dryad icons 64.tga]
Running Texture Compiler...
Processed: 1
1 texture(s) processed!

[textures\icons\god power earth dragon icon.tga]
Running Texture Compiler...
Processed: 1
1 texture(s) processed!

[textures\icons\god power earthquake icon 64.tga]
Running Texture Compiler...
Processed: 1
1 texture(s) processed!

[textures\icons\god power earthquake icon.tga]
Running Texture Compiler...
Processed: 1
1 texture(s) processed!

[textures\icons\god power eclipse icon 64.tga]
Running Texture Compiler...
Processed: 1
1 texture(s) processed!

[textures\icons\god power eclipse icon.tga]
Running Texture Compiler...
Processed: 1
1 texture(s) processed!

[textures\icons\god power examination icon.tga]
Running Texture Compiler...
Processed: 1
1 texture(s) processed!

[textures\icons\god power fimbulwinter icon 64.tga]
Running Texture Compiler...
Processed: 1
1 texture(s) processed!

[textures\icons\god power fimbulwinter icon.tga]
Running Texture Compiler...
Processed: 1
1 texture(s) processed!

[textures\icons\god power firestorm icon 64.tga]
Running Texture Compiler...
Processed: 1
1 texture(s) processed!

[textures\icons\god power firestorm icon.tga]
Running Texture Compiler...
Processed: 1
1 texture(s) processed!

[textures\icons\god power flaming weapons icon 64.tga]
Running Texture Compiler...
Processed: 1
1 texture(s) processed!

[textures\icons\god power flaming weapons icon.tga]
Running Texture Compiler...
Processed: 1
1 texture(s) processed!

[textures\icons\god power flood icon.tga]
Running Texture Compiler...
Processed: 1
1 texture(s) processed!

[textures\icons\god power frost icon 64.tga]
Running Texture Compiler...
Processed: 1
1 texture(s) processed!

[textures\icons\god power frost icon.tga]
Running Texture Compiler...
Processed: 1
1 texture(s) processed!

[textures\icons\god power gaia forest icons 32.tga]
Running Texture Compiler...
Processed: 1
1 texture(s) processed!

[textures\icons\god power gaia forest icons 64.tga]
Running Texture Compiler...
Processed: 1
1 texture(s) processed!

[textures\icons\god power geyser icon.tga]
Running Texture Compiler...
Processed: 1
1 texture(s) processed!

[textures\icons\god power goats icon.tga]
Running Texture Compiler...
Processed: 1
1 texture(s) processed!

[textures\icons\god power great hunt icon 64.tga]
Running Texture Compiler...
Processed: 1
1 texture(s) processed!

[textures\icons\god power great hunt icon.tga]
Running Texture Compiler...
Processed: 1
1 texture(s) processed!

[textures\icons\god power healing spring icon 64.tga]
Running Texture Compiler...
Processed: 1
1 texture(s) processed!

[textures\icons\god power healing spring icon.tga]
Running Texture Compiler...
Processed: 1
1 texture(s) processed!

[textures\icons\god power hesperides icons 32.tga]
Running Texture Compiler...
Processed: 1
1 texture(s) processed!

[textures\icons\god power hesperides icons 64.tga]
Running Texture Compiler...
Processed: 1
1 texture(s) processed!

[textures\icons\god power implode icons 32.tga]
Running Texture Compiler...
Processed: 1
1 texture(s) processed!

[textures\icons\god power implode icons 64.tga]
Running Texture Compiler...
Processed: 1
1 texture(s) processed!

[textures\icons\god power inferno icon 64.tga]
Running Texture Compiler...
Processed: 1
1 texture(s) processed!

[textures\icons\god power inferno icon.tga]
Running Texture Compiler...
Processed: 1
1 texture(s) processed!

[textures\icons\god power journey icon.tga]
Running Texture Compiler...
Processed: 1
1 texture(s) processed!

[textures\icons\god power lightning icon 64.tga]
Running Texture Compiler...
Processed: 1
1 texture(s) processed!

[textures\icons\god power lightning icon.tga]
Running Texture Compiler...
Processed: 1
1 texture(s) processed!

[textures\icons\god power locust swarm icon 64.tga]
Running Texture Compiler...
Processed: 1
1 texture(s) processed!

[textures\icons\god power locust swarm icon.tga]
Running Texture Compiler...
Processed: 1
1 texture(s) processed!

[textures\icons\god power meteor icon 64.tga]
Running Texture Compiler...
Processed: 1
1 texture(s) processed!

[textures\icons\god power meteor icon.tga]
Running Texture Compiler...
Processed: 1
1 texture(s) processed!

[textures\icons\god power nidhogg icon 64.tga]
Running Texture Compiler...
Processed: 1
1 texture(s) processed!

[textures\icons\god power nidhogg icon.tga]
Running Texture Compiler...
Processed: 1
1 texture(s) processed!

[textures\icons\god power pestilence icon 64.tga]
Running Texture Compiler...
Processed: 1
1 texture(s) processed!

[textures\icons\god power pestilence icon.tga]
Running Texture Compiler...
Processed: 1
1 texture(s) processed!

[textures\icons\god power plenty icon 64.tga]
Running Texture Compiler...
Processed: 1
1 texture(s) processed!

[textures\icons\god power plenty icon.tga]
Running Texture Compiler...
Processed: 1
1 texture(s) processed!

[textures\icons\god power prosperity icon 64.tga]
Running Texture Compiler...
Processed: 1
1 texture(s) processed!

[textures\icons\god power prosperity icon.tga]
Running Texture Compiler...
Processed: 1
1 texture(s) processed!

[textures\icons\god power ragnarok icon 64.tga]
Running Texture Compiler...
Processed: 1
1 texture(s) processed!

[textures\icons\god power ragnarok icon.tga]
Running Texture Compiler...
Processed: 1
1 texture(s) processed!

[textures\icons\god power rain icon 64.tga]
Running Texture Compiler...
Processed: 1
1 texture(s) processed!

[textures\icons\god power rain icon.tga]
Running Texture Compiler...
Processed: 1
1 texture(s) processed!

[textures\icons\god power recreation icon.tga]
Running Texture Compiler...
Processed: 1
1 texture(s) processed!

[textures\icons\god power restoration icon 64.tga]
Running Texture Compiler...
Processed: 1
1 texture(s) processed!

[textures\icons\god power restoration icon.tga]
Running Texture Compiler...
Processed: 1
1 texture(s) processed!

[textures\icons\god power reverse time icon.tga]
Running Texture Compiler...
Processed: 1
1 texture(s) processed!

[textures\icons\god power reverse time icons 32.tga]
Running Texture Compiler...
Processed: 1
1 texture(s) processed!

[textures\icons\god power reverse time icons 64.tga]
Running Texture Compiler...
Processed: 1
1 texture(s) processed!

[textures\icons\god power sand storm icon.tga]
Running Texture Compiler...
Processed: 1
1 texture(s) processed!

[textures\icons\god power seed of gaia icons 32.tga]
Running Texture Compiler...
Processed: 1
1 texture(s) processed!

[textures\icons\god power seed of gaia icons 64.tga]
Running Texture Compiler...
Processed: 1
1 texture(s) processed!

[textures\icons\god power sentinel icon 64.tga]
Running Texture Compiler...
Processed: 1
1 texture(s) processed!

[textures\icons\god power sentinel icon.tga]
Running Texture Compiler...
Processed: 1
1 texture(s) processed!

[textures\icons\god power shifting sand icon 64.tga]
Running Texture Compiler...
Processed: 1
1 texture(s) processed!

[textures\icons\god power shifting sand icon.tga]
Running Texture Compiler...
Processed: 1
1 texture(s) processed!

[textures\icons\god power shifting sands icon.tga]
Running Texture Compiler...
Processed: 1
1 texture(s) processed!

[textures\icons\god power snake plague icon 64.tga]
Running Texture Compiler...
Processed: 1
1 texture(s) processed!

[textures\icons\god power snake plague icon.tga]
Running Texture Compiler...
Processed: 1
1 texture(s) processed!

[textures\icons\god power son of osiris icon 64.tga]
Running Texture Compiler...
Processed: 1
1 texture(s) processed!

[textures\icons\god power son of osiris icon.tga]
Running Texture Compiler...
Processed: 1
1 texture(s) processed!

[textures\icons\god power spider eggs icons 32.tga]
Running Texture Compiler...
Processed: 1
1 texture(s) processed!

[textures\icons\god power spider eggs icons 64.tga]
Running Texture Compiler...
Processed: 1
1 texture(s) processed!

[textures\icons\god power spy icon 64.tga]
Running Texture Compiler...
Processed: 1
1 texture(s) processed!

[textures\icons\god power spy icon.tga]
Running Texture Compiler...
Processed: 1
1 texture(s) processed!

[textures\icons\god power tartarian gate icons 32.tga]
Running Texture Compiler...
Processed: 1
1 texture(s) processed!

[textures\icons\god power tartarian gate icons 64.tga]
Running Texture Compiler...
Processed: 1
1 texture(s) processed!

[textures\icons\god power thunder clap icons 32.tga]
Running Texture Compiler...
Processed: 1
1 texture(s) processed!

[textures\icons\god power thunder clap icons 64.tga]
Running Texture Compiler...
Processed: 1
1 texture(s) processed!

[textures\icons\god power timber icon.tga]
Running Texture Compiler...
Processed: 1
1 texture(s) processed!

[textures\icons\god power tornado icon 64.tga]
Running Texture Compiler...
Processed: 1
1 texture(s) processed!

[textures\icons\god power tornado icon.tga]
Running Texture Compiler...
Processed: 1
1 texture(s) processed!

[textures\icons\god power traitors icons 32.tga]
Running Texture Compiler...
Processed: 1
1 texture(s) processed!

[textures\icons\god power traitors icons 64.tga]
Running Texture Compiler...
Processed: 1
1 texture(s) processed!

[textures\icons\god power trap door spiders icons 32.tga]
Running Texture Compiler...
Processed: 1
1 texture(s) processed!

[textures\icons\god power trap door spiders icons 64.tga]
Running Texture Compiler...
Processed: 1
1 texture(s) processed!

[textures\icons\god power undermine icon 64.tga]
Running Texture Compiler...
Processed: 1
1 texture(s) processed!

[textures\icons\god power undermine icon.tga]
Running Texture Compiler...
Processed: 1
1 texture(s) processed!

[textures\icons\god power underworld passage icon 64.tga]
Running Texture Compiler...
Processed: 1
1 texture(s) processed!

[textures\icons\god power underworld passage icon.tga]
Running Texture Compiler...
Processed: 1
1 texture(s) processed!

[textures\icons\god power uproot icon.tga]
Running Texture Compiler...
Processed: 1
1 texture(s) processed!

[textures\icons\god power valor icons 32.tga]
Running Texture Compiler...
Processed: 1
1 texture(s) processed!

[textures\icons\god power valor icons 64.tga]
Running Texture Compiler...
Processed: 1
1 texture(s) processed!

[textures\icons\god power vision icon 64.tga]
Running Texture Compiler...
Processed: 1
1 texture(s) processed!

[textures\icons\god power vision icon.tga]
Running Texture Compiler...
Processed: 1
1 texture(s) processed!

[textures\icons\god power vortex icons 32.tga]
Running Texture Compiler...
Processed: 1
1 texture(s) processed!

[textures\icons\god power vortex icons 64.tga]
Running Texture Compiler...
Processed: 1
1 texture(s) processed!

[textures\icons\god power walking woods icon 64.tga]
Running Texture Compiler...
Processed: 1
1 texture(s) processed!

[textures\icons\god power walking woods icon.tga]
Running Texture Compiler...
Processed: 1
1 texture(s) processed!

[textures\icons\god power wonder deconstruction icons 32.tga]
Running Texture Compiler...
Processed: 1
1 texture(s) processed!

[textures\icons\god power wonder deconstruction icons 64.tga]
Running Texture Compiler...
Processed: 1
1 texture(s) processed!

[textures\icons\gold.tga]
Running Texture Compiler...
Processed: 1
1 texture(s) processed!

[textures\icons\guard.tga]
Running Texture Compiler...
Processed: 1
1 texture(s) processed!

[textures\icons\hero c general icon.tga]
Running Texture Compiler...
Processed: 1
1 texture(s) processed!

[textures\icons\hero c immortal icon.tga]
Running Texture Compiler...
Processed: 1
1 texture(s) processed!

[textures\icons\hero c monk icon.tga]
Running Texture Compiler...
Processed: 1
1 texture(s) processed!

[textures\icons\hero g achilles icon 64.tga]
Running Texture Compiler...
Processed: 1
1 texture(s) processed!

[textures\icons\hero g achilles.tga]
Running Texture Compiler...
Processed: 1
1 texture(s) processed!

[textures\icons\hero g ajax icon 64.tga]
Running Texture Compiler...
Processed: 1
1 texture(s) processed!

[textures\icons\hero g ajax.tga]
Running Texture Compiler...
Processed: 1
1 texture(s) processed!

[textures\icons\hero g atalanta icon 64.tga]
Running Texture Compiler...
Processed: 1
1 texture(s) processed!

[textures\icons\hero g atalanta icon.tga]
Running Texture Compiler...
Processed: 1
1 texture(s) processed!

[textures\icons\hero g atalanta.tga]
Running Texture Compiler...
Processed: 1
1 texture(s) processed!

[textures\icons\hero g bellerophon icon 64.tga]
Running Texture Compiler...
Processed: 1
1 texture(s) processed!

[textures\icons\hero g bellerophon.tga]
Running Texture Compiler...
Processed: 1
1 texture(s) processed!

[textures\icons\hero g chiron icon 64.tga]
Running Texture Compiler...
Processed: 1
1 texture(s) processed!

[textures\icons\hero g chiron.tga]
Running Texture Compiler...
Processed: 1
1 texture(s) processed!

[textures\icons\hero g circe icon 64.tga]
Running Texture Compiler...
Processed: 1
1 texture(s) processed!

[textures\icons\hero g circe.tga]
Running Texture Compiler...
Processed: 1
1 texture(s) processed!

[textures\icons\hero g heracles.tga]
Running Texture Compiler...
Processed: 1
1 texture(s) processed!

[textures\icons\hero g hercules icon 64.tga]
Running Texture Compiler...
Processed: 1
1 texture(s) processed!

[textures\icons\hero g hippolyta.tga]
Running Texture Compiler...
Processed: 1
1 texture(s) processed!

[textures\icons\hero g hyppolyta icon 64.tga]
Running Texture Compiler...
Processed: 1
1 texture(s) processed!

[textures\icons\hero g icon.tga]
Running Texture Compiler...
Processed: 1
1 texture(s) processed!

[textures\icons\hero g jason icon 64.tga]
Running Texture Compiler...
Processed: 1
1 texture(s) processed!

[textures\icons\hero g jason.tga]
Running Texture Compiler...
Processed: 1
1 texture(s) processed!

[textures\icons\hero g oddeysseus.tga]
Running Texture Compiler...
Processed: 1
1 texture(s) processed!

[textures\icons\hero g odysseus icon 64.tga]
Running Texture Compiler...
Processed: 1
1 texture(s) processed!

[textures\icons\hero g perseus icon 64.tga]
Running Texture Compiler...
Processed: 1
1 texture(s) processed!

[textures\icons\hero g perseus icon.tga]
Running Texture Compiler...
Processed: 1
1 texture(s) processed!

[textures\icons\hero g physician icon.tga]
Running Texture Compiler...
Processed: 1
1 texture(s) processed!

[textures\icons\hero g polyphemus icon 64.tga]
Running Texture Compiler...
Processed: 1
1 texture(s) processed!

[textures\icons\hero g polyphemus.tga]
Running Texture Compiler...
Processed: 1
1 texture(s) processed!

[textures\icons\hero g theseus icon 64.tga]
Running Texture Compiler...
Processed: 1
1 texture(s) processed!

[textures\icons\hero g theseus.tga]
Running Texture Compiler...
Processed: 1
1 texture(s) processed!

[textures\icons\hero n hersir icon 64.tga]
Running Texture Compiler...
Processed: 1
1 texture(s) processed!

[textures\icons\hero n hersir icon.tga]
Running Texture Compiler...
Processed: 1
1 texture(s) processed!

[textures\icons\hero n ragnarok icon 64.tga]
Running Texture Compiler...
Processed: 1
1 texture(s) processed!

[textures\icons\hero n ragnarok icon.tga]
Running Texture Compiler...
Processed: 1
1 texture(s) processed!

[textures\icons\icon achievement age 1.tga]
Running Texture Compiler...
Processed: 1
1 texture(s) processed!

[textures\icons\icon achievement age 2.tga]
Running Texture Compiler...
Processed: 1
1 texture(s) processed!

[textures\icons\icon achievement age 3.tga]
Running Texture Compiler...
Processed: 1
1 texture(s) processed!

[textures\icons\icon achievement age 4.tga]
Running Texture Compiler...
Processed: 1
1 texture(s) processed!

[textures\icons\icon bamboo tree.tga]
Running Texture Compiler...
Processed: 1
1 texture(s) processed!

[textures\icons\icon building academy.tga]
Running Texture Compiler...
Processed: 1
1 texture(s) processed!

[textures\icons\icon building archery range.tga]
Running Texture Compiler...
Processed: 1
1 texture(s) processed!

[textures\icons\icon building armory.tga]
Running Texture Compiler...
Processed: 1
1 texture(s) processed!

[textures\icons\icon building ballista tower 64.tga]
Running Texture Compiler...
Processed: 1
1 texture(s) processed!

[textures\icons\icon building ballista tower.tga]
Running Texture Compiler...
Processed: 1
1 texture(s) processed!

[textures\icons\icon building barracks.tga]
Running Texture Compiler...
Processed: 1
1 texture(s) processed!

[textures\icons\icon building charioteria.tga]
Running Texture Compiler...
Processed: 1
1 texture(s) processed!

[textures\icons\icon building dock.tga]
Running Texture Compiler...
Processed: 1
1 texture(s) processed!

[textures\icons\icon building egypt migdol 64.tga]
Running Texture Compiler...
Processed: 1
1 texture(s) processed!

[textures\icons\icon building egypt migdol.tga]
Running Texture Compiler...
Processed: 1
1 texture(s) processed!

[textures\icons\icon building farm 64.tga]
Running Texture Compiler...
Processed: 1
1 texture(s) processed!

[textures\icons\icon building farm.tga]
Running Texture Compiler...
Processed: 1
1 texture(s) processed!

[textures\icons\icon building forge.tga]
Running Texture Compiler...
Processed: 1
1 texture(s) processed!

[textures\icons\icon building fortress.tga]
Running Texture Compiler...
Processed: 1
1 texture(s) processed!

[textures\icons\icon building granary.tga]
Running Texture Compiler...
Processed: 1
1 texture(s) processed!

[textures\icons\icon building greek fortress 64.tga]
Running Texture Compiler...
Processed: 1
1 texture(s) processed!

[textures\icons\icon building greek fortress.tga]
Running Texture Compiler...
Processed: 1
1 texture(s) processed!

[textures\icons\icon building guard tower.tga]
Running Texture Compiler...
Processed: 1
1 texture(s) processed!

[textures\icons\icon building house 64.tga]
Running Texture Compiler...
Processed: 1
1 texture(s) processed!

[textures\icons\icon building house.tga]
Running Texture Compiler...
Processed: 1
1 texture(s) processed!

[textures\icons\icon building lighthouse 64.tga]
Running Texture Compiler...
Processed: 1
1 texture(s) processed!

[textures\icons\icon building lighthouse.tga]
Running Texture Compiler...
Processed: 1
1 texture(s) processed!

[textures\icons\icon building lumbercamp.tga]
Running Texture Compiler...
Processed: 1
1 texture(s) processed!

[textures\icons\icon building market 64.tga]
Running Texture Compiler...
Processed: 1
1 texture(s) processed!

[textures\icons\icon building market.tga]
Running Texture Compiler...
Processed: 1
1 texture(s) processed!

[textures\icons\icon building mine.tga]
Running Texture Compiler...
Processed: 1
1 texture(s) processed!

[textures\icons\icon building mining camp 64.tga]
Running Texture Compiler...
Processed: 1
1 texture(s) processed!

[textures\icons\icon building mining camp.tga]
Running Texture Compiler...
Processed: 1
1 texture(s) processed!

[textures\icons\icon building monument.tga]
Running Texture Compiler...
Processed: 1
1 texture(s) processed!

[textures\icons\icon building norse fortress 64.tga]
Running Texture Compiler...
Processed: 1
1 texture(s) processed!

[textures\icons\icon building norse fortress.tga]
Running Texture Compiler...
Processed: 1
1 texture(s) processed!

[textures\icons\icon building outpost.tga]
Running Texture Compiler...
Processed: 1
1 texture(s) processed!

[textures\icons\icon building range.tga]
Running Texture Compiler...
Processed: 1
1 texture(s) processed!

[textures\icons\icon building shrine 64.tga]
Running Texture Compiler...
Processed: 1
1 texture(s) processed!

[textures\icons\icon building siege camp.tga]
Running Texture Compiler...
Processed: 1
1 texture(s) processed!

[textures\icons\icon building stable.tga]
Running Texture Compiler...
Processed: 1
1 texture(s) processed!

[textures\icons\icon building storehouse.tga]
Running Texture Compiler...
Processed: 1
1 texture(s) processed!

[textures\icons\icon building temple 64.tga]
Running Texture Compiler...
Processed: 1
1 texture(s) processed!

[textures\icons\icon building temple.tga]
Running Texture Compiler...
Processed: 1
1 texture(s) processed!

[textures\icons\icon building wall to gate 64.tga]
Running Texture Compiler...
Processed: 1
1 texture(s) processed!

[textures\icons\icon building wall to gate.tga]
Running Texture Compiler...
Processed: 1
1 texture(s) processed!

[textures\icons\icon building wonder 64.tga]
Running Texture Compiler...
Processed: 1
1 texture(s) processed!

[textures\icons\icon building wonder.tga]
Running Texture Compiler...
Processed: 1
1 texture(s) processed!

[textures\icons\icon building wooden fence 64.tga]
Running Texture Compiler...
Processed: 1
1 texture(s) processed!

[textures\icons\icon building wooden fence.tga]
Running Texture Compiler...
Processed: 1
1 texture(s) processed!

[textures\icons\icon c titan gate placement.tga]
Running Texture Compiler...
Processed: 1
1 texture(s) processed!

[textures\icons\icon camera fast forward.tga]
Running Texture Compiler...
Processed: 1
1 texture(s) processed!

[textures\icons\icon camera pause.tga]
Running Texture Compiler...
Processed: 1
1 texture(s) processed!

[textures\icons\icon camera play.tga]
Running Texture Compiler...
Processed: 1
1 texture(s) processed!

[textures\icons\icon camera reverse.tga]
Running Texture Compiler...
Processed: 1
1 texture(s) processed!

[textures\icons\icon camera step backward.tga]
Running Texture Compiler...
Processed: 1
1 texture(s) processed!

[textures\icons\icon camera step forward.tga]
Running Texture Compiler...
Processed: 1
1 texture(s) processed!

[textures\icons\icon camera stop.tga]
Running Texture Compiler...
Processed: 1
1 texture(s) processed!

[textures\icons\icon class anti archer.tga]
Running Texture Compiler...
Processed: 1
1 texture(s) processed!

[textures\icons\icon class anti building.tga]
Running Texture Compiler...
Processed: 1
1 texture(s) processed!

[textures\icons\icon class anti cavalry.tga]
Running Texture Compiler...
Processed: 1
1 texture(s) processed!

[textures\icons\icon class anti infantry.tga]
Running Texture Compiler...
Processed: 1
1 texture(s) processed!

[textures\icons\icon class anti monster.tga]
Running Texture Compiler...
Processed: 1
1 texture(s) processed!

[textures\icons\icon class anti siege.tga]
Running Texture Compiler...
Processed: 1
1 texture(s) processed!

[textures\icons\icon class archery.tga]
Running Texture Compiler...
Processed: 1
1 texture(s) processed!

[textures\icons\icon class building.tga]
Running Texture Compiler...
Processed: 1
1 texture(s) processed!

[textures\icons\icon class cavalry.tga]
Running Texture Compiler...
Processed: 1
1 texture(s) processed!

[textures\icons\icon class civilian.tga]
Running Texture Compiler...
Processed: 1
1 texture(s) processed!

[textures\icons\icon class crush.tga]
Running Texture Compiler...
Processed: 1
1 texture(s) processed!

[textures\icons\icon class dangerous animal.tga]
Running Texture Compiler...
Processed: 1
1 texture(s) processed!

[textures\icons\icon class harmless animal.tga]
Running Texture Compiler...
Processed: 1
1 texture(s) processed!

[textures\icons\icon class infantry.tga]
Running Texture Compiler...
Processed: 1
1 texture(s) processed!

[textures\icons\icon class monster.tga]
Running Texture Compiler...
Processed: 1
1 texture(s) processed!

[textures\icons\icon class siege.tga]
Running Texture Compiler...
Processed: 1
1 texture(s) processed!

[textures\icons\icon debug minimap.tga]
Running Texture Compiler...
Processed: 1
1 texture(s) processed!

[textures\icons\icon e titan gate placement.tga]
Running Texture Compiler...
Processed: 1
1 texture(s) processed!

[textures\icons\icon g titan gate placement.tga]
Running Texture Compiler...
Processed: 1
1 texture(s) processed!

[textures\icons\icon gold mine 64.tga]
Running Texture Compiler...
Processed: 1
1 texture(s) processed!

[textures\icons\icon gold mine.tga]
Running Texture Compiler...
Processed: 1
1 texture(s) processed!

[textures\icons\icon marsh tree icons 32.tga]
Running Texture Compiler...
Processed: 1
1 texture(s) processed!

[textures\icons\icon marsh tree icons 64.tga]
Running Texture Compiler...
Processed: 1
1 texture(s) processed!

[textures\icons\icon n titan gate placement.tga]
Running Texture Compiler...
Processed: 1
1 texture(s) processed!

[textures\icons\icon oak tree 64.tga]
Running Texture Compiler...
Processed: 1
1 texture(s) processed!

[textures\icons\icon oak tree.tga]
Running Texture Compiler...
Processed: 1
1 texture(s) processed!

[textures\icons\icon object fountain 64.tga]
Running Texture Compiler...
Processed: 1
1 texture(s) processed!

[textures\icons\icon object stat armor normal.tga]
Running Texture Compiler...
Processed: 1
1 texture(s) processed!

[textures\icons\icon object stat armor pierce.tga]
Running Texture Compiler...
Processed: 1
1 texture(s) processed!

[textures\icons\icon object stat attack crush.tga]
Running Texture Compiler...
Processed: 1
1 texture(s) processed!

[textures\icons\icon object stat attack normal.tga]
Running Texture Compiler...
Processed: 1
1 texture(s) processed!

[textures\icons\icon object stat attack pierce.tga]
Running Texture Compiler...
Processed: 1
1 texture(s) processed!

[textures\icons\icon object stat capacity.tga]
Running Texture Compiler...
Processed: 1
1 texture(s) processed!

[textures\icons\icon object stat flying.tga]
Running Texture Compiler...
Processed: 1
1 texture(s) processed!

[textures\icons\icon object stat hit point.tga]
Running Texture Compiler...
Processed: 1
1 texture(s) processed!

[textures\icons\icon object stat infantry.tga]
Running Texture Compiler...
Processed: 1
1 texture(s) processed!

[textures\icons\icon object stat range normal.tga]
Running Texture Compiler...
Processed: 1
1 texture(s) processed!

[textures\icons\icon object stat range.tga]
Running Texture Compiler...
Processed: 1
1 texture(s) processed!

[textures\icons\icon object stat ship.tga]
Running Texture Compiler...
Processed: 1
1 texture(s) processed!

[textures\icons\icon object stat siege.tga]
Running Texture Compiler...
Processed: 1
1 texture(s) processed!

[textures\icons\icon palm tree 64.tga]
Running Texture Compiler...
Processed: 1
1 texture(s) processed!

[textures\icons\icon palm tree.tga]
Running Texture Compiler...
Processed: 1
1 texture(s) processed!

[textures\icons\icon pine snow tree 64.tga]
Running Texture Compiler...
Processed: 1
1 texture(s) processed!

[textures\icons\icon pine tree 64.tga]
Running Texture Compiler...
Processed: 1
1 texture(s) processed!

[textures\icons\icon pine tree.tga]
Running Texture Compiler...
Processed: 1
1 texture(s) processed!

[textures\icons\icon resource favor full.tga]
Running Texture Compiler...
Processed: 1
1 texture(s) processed!

[textures\icons\icon resource favor.tga]
Running Texture Compiler...
Processed: 1
1 texture(s) processed!

[textures\icons\icon resource food.tga]
Running Texture Compiler...
Processed: 1
1 texture(s) processed!

[textures\icons\icon resource gold.tga]
Running Texture Compiler...
Processed: 1
1 texture(s) processed!

[textures\icons\icon resource population.tga]
Running Texture Compiler...
Processed: 1
1 texture(s) processed!

[textures\icons\icon resource wood.tga]
Running Texture Compiler...
Processed: 1
1 texture(s) processed!

[textures\icons\icon savannah tree 64.tga]
Running Texture Compiler...
Processed: 1
1 texture(s) processed!

[textures\icons\icon savannah tree.tga]
Running Texture Compiler...
Processed: 1
1 texture(s) processed!

[textures\icons\icon settlement.tga]
Running Texture Compiler...
Processed: 1
1 texture(s) processed!

[textures\icons\icon settlementminimap 4x4.tga]
Running Texture Compiler...
Processed: 1
1 texture(s) processed!

[textures\icons\icon settlementminimap.tga]
Running Texture Compiler...
Processed: 1
1 texture(s) processed!

[textures\icons\icon titangate.tga]
Running Texture Compiler...
Processed: 1
1 texture(s) processed!

[textures\icons\icon titanminimap 8x8.tga]
Running Texture Compiler...
Processed: 1
1 texture(s) processed!

[textures\icons\icon tundra tree icons 32.tga]
Running Texture Compiler...
Processed: 1
1 texture(s) processed!

[textures\icons\icon tundra tree icons 64.tga]
Running Texture Compiler...
Processed: 1
1 texture(s) processed!

[textures\icons\icon unit relic.tga]
Running Texture Compiler...
Processed: 1
1 texture(s) processed!

[textures\icons\icon wonderminimap 8x8.tga]
Running Texture Compiler...
Processed: 1
1 texture(s) processed!

[textures\icons\icon wonderminimap.tga]
Running Texture Compiler...
Processed: 1
1 texture(s) processed!

[textures\icons\icon x titan gate placement.tga]
Running Texture Compiler...
Processed: 1
1 texture(s) processed!

[textures\icons\improvement acupuncture icon.tga]
Running Texture Compiler...
Processed: 1
1 texture(s) processed!

[textures\icons\improvement adze of wepwawet icon 64.tga]
Running Texture Compiler...
Processed: 1
1 texture(s) processed!

[textures\icons\improvement adze of wepwawet icon.tga]
Running Texture Compiler...
Processed: 1
1 texture(s) processed!

[textures\icons\improvement aegis shield icon.tga]
Running Texture Compiler...
Processed: 1
1 texture(s) processed!

[textures\icons\improvement ageis shield icon 64.tga]
Running Texture Compiler...
Processed: 1
1 texture(s) processed!

[textures\icons\improvement alluvial clay icons 32.tga]
Running Texture Compiler...
Processed: 1
1 texture(s) processed!

[textures\icons\improvement alluvial clay icons 64.tga]
Running Texture Compiler...
Processed: 1
1 texture(s) processed!

[textures\icons\improvement ambassadors icon 64.tga]
Running Texture Compiler...
Processed: 1
1 texture(s) processed!

[textures\icons\improvement ambassadors icon.tga]
Running Texture Compiler...
Processed: 1
1 texture(s) processed!

[textures\icons\improvement anastrophe icon 64.tga]
Running Texture Compiler...
Processed: 1
1 texture(s) processed!

[textures\icons\improvement anastrophe icon.tga]
Running Texture Compiler...
Processed: 1
1 texture(s) processed!

[textures\icons\improvement ancient destroyer icon.tga]
Running Texture Compiler...
Processed: 1
1 texture(s) processed!

[textures\icons\improvement anubis icon.tga]
Running Texture Compiler...
Processed: 1
1 texture(s) processed!

[textures\icons\improvement aokuang icon.tga]
Running Texture Compiler...
Processed: 1
1 texture(s) processed!

[textures\icons\improvement aphrodite icon.tga]
Running Texture Compiler...
Processed: 1
1 texture(s) processed!

[textures\icons\improvement apollo icon.tga]
Running Texture Compiler...
Processed: 1
1 texture(s) processed!

[textures\icons\improvement architects icon 64.tga]
Running Texture Compiler...
Processed: 1
1 texture(s) processed!

[textures\icons\improvement architects icon.tga]
Running Texture Compiler...
Processed: 1
1 texture(s) processed!

[textures\icons\improvement arctic gale icon 64.tga]
Running Texture Compiler...
Processed: 1
1 texture(s) processed!

[textures\icons\improvement arctic gale icon.tga]
Running Texture Compiler...
Processed: 1
1 texture(s) processed!

[textures\icons\improvement arctic wind icon 64.tga]
Running Texture Compiler...
Processed: 1
1 texture(s) processed!

[textures\icons\improvement arctic wind icon.tga]
Running Texture Compiler...
Processed: 1
1 texture(s) processed!

[textures\icons\improvement ares icon.tga]
Running Texture Compiler...
Processed: 1
1 texture(s) processed!

[textures\icons\improvement artemis icon.tga]
Running Texture Compiler...
Processed: 1
1 texture(s) processed!

[textures\icons\improvement asper blood icons 32.tga]
Running Texture Compiler...
Processed: 1
1 texture(s) processed!

[textures\icons\improvement asper blood icons 64.tga]
Running Texture Compiler...
Processed: 1
1 texture(s) processed!

[textures\icons\improvement atef crown icon 64.tga]
Running Texture Compiler...
Processed: 1
1 texture(s) processed!

[textures\icons\improvement atef crown icon.tga]
Running Texture Compiler...
Processed: 1
1 texture(s) processed!

[textures\icons\improvement athena icon.tga]
Running Texture Compiler...
Processed: 1
1 texture(s) processed!

[textures\icons\improvement athenian wall icon 64.tga]
Running Texture Compiler...
Processed: 1
1 texture(s) processed!

[textures\icons\improvement athenian wall icon.tga]
Running Texture Compiler...
Processed: 1
1 texture(s) processed!

[textures\icons\improvement aurora borealis icon.tga]
Running Texture Compiler...
Processed: 1
1 texture(s) processed!

[textures\icons\improvement aurora borealis icon64.tga]
Running Texture Compiler...
Processed: 1
1 texture(s) processed!

[textures\icons\improvement axe of muspell icons 32.tga]
Running Texture Compiler...
Processed: 1
1 texture(s) processed!

[textures\icons\improvement axe of muspell icons 64.tga]
Running Texture Compiler...
Processed: 1
1 texture(s) processed!

[textures\icons\improvement bacchanalia icon 64.tga]
Running Texture Compiler...
Processed: 1
1 texture(s) processed!

[textures\icons\improvement bacchanalia icon.tga]
Running Texture Compiler...
Processed: 1
1 texture(s) processed!

[textures\icons\improvement back to work icon.tga]
Running Texture Compiler...
Processed: 1
1 texture(s) processed!

[textures\icons\improvement baldr icon.tga]
Running Texture Compiler...
Processed: 1
1 texture(s) processed!

[textures\icons\improvement ballista tower icon 64.tga]
Running Texture Compiler...
Processed: 1
1 texture(s) processed!

[textures\icons\improvement ballista tower icon.tga]
Running Texture Compiler...
Processed: 1
1 texture(s) processed!

[textures\icons\improvement bast icon.tga]
Running Texture Compiler...
Processed: 1
1 texture(s) processed!

[textures\icons\improvement beast slayer icons 32.tga]
Running Texture Compiler...
Processed: 1
1 texture(s) processed!

[textures\icons\improvement beast slayer icons 64.tga]
Running Texture Compiler...
Processed: 1
1 texture(s) processed!

[textures\icons\improvement berserkergang icon 64.tga]
Running Texture Compiler...
Processed: 1
1 texture(s) processed!

[textures\icons\improvement berserkergang icon.tga]
Running Texture Compiler...
Processed: 1
1 texture(s) processed!

[textures\icons\improvement bite of the shark icons 32.tga]
Running Texture Compiler...
Processed: 1
1 texture(s) processed!

[textures\icons\improvement bite of the shark icons 64.tga]
Running Texture Compiler...
Processed: 1
1 texture(s) processed!

[textures\icons\improvement blessing icon.tga]
Running Texture Compiler...
Processed: 1
1 texture(s) processed!

[textures\icons\improvement bone bow icon 64.tga]
Running Texture Compiler...
Processed: 1
1 texture(s) processed!

[textures\icons\improvement bone bow icon.tga]
Running Texture Compiler...
Processed: 1
1 texture(s) processed!

[textures\icons\improvement bone oracle script icon.tga]
Running Texture Compiler...
Processed: 1
1 texture(s) processed!

[textures\icons\improvement book of thoth icon 64.tga]
Running Texture Compiler...
Processed: 1
1 texture(s) processed!

[textures\icons\improvement book of thoth icon.tga]
Running Texture Compiler...
Processed: 1
1 texture(s) processed!

[textures\icons\improvement bountiful harvest icon 64.tga]
Running Texture Compiler...
Processed: 1
1 texture(s) processed!

[textures\icons\improvement bountiful harvest icon.tga]
Running Texture Compiler...
Processed: 1
1 texture(s) processed!

[textures\icons\improvement bow saw icon 64.tga]
Running Texture Compiler...
Processed: 1
1 texture(s) processed!

[textures\icons\improvement bow saw icon.tga]
Running Texture Compiler...
Processed: 1
1 texture(s) processed!

[textures\icons\improvement bragi icon.tga]
Running Texture Compiler...
Processed: 1
1 texture(s) processed!

[textures\icons\improvement bravery icon 64.tga]
Running Texture Compiler...
Processed: 1
1 texture(s) processed!

[textures\icons\improvement bravery icon.tga]
Running Texture Compiler...
Processed: 1
1 texture(s) processed!

[textures\icons\improvement bronze colossus icon 64.tga]
Running Texture Compiler...
Processed: 1
1 texture(s) processed!

[textures\icons\improvement bronze colossus icon.tga]
Running Texture Compiler...
Processed: 1
1 texture(s) processed!

[textures\icons\improvement bronze mail icon 64.tga]
Running Texture Compiler...
Processed: 1
1 texture(s) processed!

[textures\icons\improvement bronze mail icon.tga]
Running Texture Compiler...
Processed: 1
1 texture(s) processed!

[textures\icons\improvement bronze shields icon 64.tga]
Running Texture Compiler...
Processed: 1
1 texture(s) processed!

[textures\icons\improvement bronze shields icon.tga]
Running Texture Compiler...
Processed: 1
1 texture(s) processed!

[textures\icons\improvement bronze wall icons 128.tga]
Running Texture Compiler...
Processed: 1
1 texture(s) processed!

[textures\icons\improvement bronze wall icons 32.tga]
Running Texture Compiler...
Processed: 1
1 texture(s) processed!

[textures\icons\improvement bronze wall icons 64.tga]
Running Texture Compiler...
Processed: 1
1 texture(s) processed!

[textures\icons\improvement bronze weapons icon 64.tga]
Running Texture Compiler...
Processed: 1
1 texture(s) processed!

[textures\icons\improvement bronze weapons icon.tga]
Running Texture Compiler...
Processed: 1
1 texture(s) processed!

[textures\icons\improvement bull minotaur icon 64.tga]
Running Texture Compiler...
Processed: 1
1 texture(s) processed!

[textures\icons\improvement bull minotaur icon.tga]
Running Texture Compiler...
Processed: 1
1 texture(s) processed!

[textures\icons\improvement burials icon.tga]
Running Texture Compiler...
Processed: 1
1 texture(s) processed!

[textures\icons\improvement burning pitch icon 64.tga]
Running Texture Compiler...
Processed: 1
1 texture(s) processed!

[textures\icons\improvement burning pitch icon.tga]
Running Texture Compiler...
Processed: 1
1 texture(s) processed!

[textures\icons\improvement call of valhalla icon 64.tga]
Running Texture Compiler...
Processed: 1
1 texture(s) processed!

[textures\icons\improvement call of valhalla icon.tga]
Running Texture Compiler...
Processed: 1
1 texture(s) processed!

[textures\icons\improvement cancel town bell icon.tga]
Running Texture Compiler...
Processed: 1
1 texture(s) processed!

[textures\icons\improvement carpenters icon 64.tga]
Running Texture Compiler...
Processed: 1
1 texture(s) processed!

[textures\icons\improvement carpenters icon.tga]
Running Texture Compiler...
Processed: 1
1 texture(s) processed!

[textures\icons\improvement carrier pigeons icon 64.tga]
Running Texture Compiler...
Processed: 1
1 texture(s) processed!

[textures\icons\improvement carrier pigeons icon.tga]
Running Texture Compiler...
Processed: 1
1 texture(s) processed!

[textures\icons\improvement celerity icons 32.tga]
Running Texture Compiler...
Processed: 1
1 texture(s) processed!

[textures\icons\improvement celerity icons 64.tga]
Running Texture Compiler...
Processed: 1
1 texture(s) processed!

[textures\icons\improvement celestial palace icon.tga]
Running Texture Compiler...
Processed: 1
1 texture(s) processed!

[textures\icons\improvement champion archer icon 64.tga]
Running Texture Compiler...
Processed: 1
1 texture(s) processed!

[textures\icons\improvement champion archer icon.tga]
Running Texture Compiler...
Processed: 1
1 texture(s) processed!

[textures\icons\improvement champion axemen icon 64.tga]
Running Texture Compiler...
Processed: 1
1 texture(s) processed!

[textures\icons\improvement champion axemen icon.tga]
Running Texture Compiler...
Processed: 1
1 texture(s) processed!

[textures\icons\improvement champion barracks icon.tga]
Running Texture Compiler...
Processed: 1
1 texture(s) processed!

[textures\icons\improvement champion camelry icon 64.tga]
Running Texture Compiler...
Processed: 1
1 texture(s) processed!

[textures\icons\improvement champion camelry icon.tga]
Running Texture Compiler...
Processed: 1
1 texture(s) processed!

[textures\icons\improvement champion cavalry icon 64.tga]
Running Texture Compiler...
Processed: 1
1 texture(s) processed!

[textures\icons\improvement champion cavalry icon.tga]
Running Texture Compiler...
Processed: 1
1 texture(s) processed!

[textures\icons\improvement champion chariots icon 64.tga]
Running Texture Compiler...
Processed: 1
1 texture(s) processed!

[textures\icons\improvement champion chariots icon.tga]
Running Texture Compiler...
Processed: 1
1 texture(s) processed!

[textures\icons\improvement champion chieroballista icons 32.tga]
Running Texture Compiler...
Processed: 1
1 texture(s) processed!

[textures\icons\improvement champion chieroballista icons 64.tga]
Running Texture Compiler...
Processed: 1
1 texture(s) processed!

[textures\icons\improvement champion elephant icon 64.tga]
Running Texture Compiler...
Processed: 1
1 texture(s) processed!

[textures\icons\improvement champion elephant icon.tga]
Running Texture Compiler...
Processed: 1
1 texture(s) processed!

[textures\icons\improvement champion infantry icon 64.tga]
Running Texture Compiler...
Processed: 1
1 texture(s) processed!

[textures\icons\improvement champion infantry icon.tga]
Running Texture Compiler...
Processed: 1
1 texture(s) processed!

[textures\icons\improvement champion khopesh icon.tga]
Running Texture Compiler...
Processed: 1
1 texture(s) processed!

[textures\icons\improvement champion slinger icon 64.tga]
Running Texture Compiler...
Processed: 1
1 texture(s) processed!

[textures\icons\improvement champion slinger icon.tga]
Running Texture Compiler...
Processed: 1
1 texture(s) processed!

[textures\icons\improvement champion spearmen icon 64.tga]
Running Texture Compiler...
Processed: 1
1 texture(s) processed!

[textures\icons\improvement champion spearmen icon.tga]
Running Texture Compiler...
Processed: 1
1 texture(s) processed!

[textures\icons\improvement change icon.tga]
Running Texture Compiler...
Processed: 1
1 texture(s) processed!

[textures\icons\improvement channels icons 32.tga]
Running Texture Compiler...
Processed: 1
1 texture(s) processed!

[textures\icons\improvement channels icons 64.tga]
Running Texture Compiler...
Processed: 1
1 texture(s) processed!

[textures\icons\improvement chongli icon.tga]
Running Texture Compiler...
Processed: 1
1 texture(s) processed!

[textures\icons\improvement citadel wall icon 64.tga]
Running Texture Compiler...
Processed: 1
1 texture(s) processed!

[textures\icons\improvement citadel wall icon.tga]
Running Texture Compiler...
Processed: 1
1 texture(s) processed!

[textures\icons\improvement city of the dead icon 64.tga]
Running Texture Compiler...
Processed: 1
1 texture(s) processed!

[textures\icons\improvement city of the dead icon.tga]
Running Texture Compiler...
Processed: 1
1 texture(s) processed!

[textures\icons\improvement cladding icon 64.tga]
Running Texture Compiler...
Processed: 1
1 texture(s) processed!

[textures\icons\improvement cladding icon.tga]
Running Texture Compiler...
Processed: 1
1 texture(s) processed!

[textures\icons\improvement coinage icon 64.tga]
Running Texture Compiler...
Processed: 1
1 texture(s) processed!

[textures\icons\improvement coinage icon.tga]
Running Texture Compiler...
Processed: 1
1 texture(s) processed!

[textures\icons\improvement conscript archers icon 64.tga]
Running Texture Compiler...
Processed: 1
1 texture(s) processed!

[textures\icons\improvement conscript archers icon.tga]
Running Texture Compiler...
Processed: 1
1 texture(s) processed!

[textures\icons\improvement conscript barracks icon.tga]
Running Texture Compiler...
Processed: 1
1 texture(s) processed!

[textures\icons\improvement conscript barracks soldiers icon.tga]
Running Texture Compiler...
Processed: 1
1 texture(s) processed!

[textures\icons\improvement conscript cavalry icon 64.tga]
Running Texture Compiler...
Processed: 1
1 texture(s) processed!

[textures\icons\improvement conscript cavalry icon.tga]
Running Texture Compiler...
Processed: 1
1 texture(s) processed!

[textures\icons\improvement conscript hillfort icon.tga]
Running Texture Compiler...
Processed: 1
1 texture(s) processed!

[textures\icons\improvement conscript hillfort solders icon.tga]
Running Texture Compiler...
Processed: 1
1 texture(s) processed!

[textures\icons\improvement conscript infantry icon 64.tga]
Running Texture Compiler...
Processed: 1
1 texture(s) processed!

[textures\icons\improvement conscript infantry icon.tga]
Running Texture Compiler...
Processed: 1
1 texture(s) processed!

[textures\icons\improvement conscript longhouse icon.tga]
Running Texture Compiler...
Processed: 1
1 texture(s) processed!

[textures\icons\improvement conscript longhouse soldiers icon.tga]
Running Texture Compiler...
Processed: 1
1 texture(s) processed!

[textures\icons\improvement conscript mainline icons 32.tga]
Running Texture Compiler...
Processed: 1
1 texture(s) processed!

[textures\icons\improvement conscript mainline icons 64.tga]
Running Texture Compiler...
Processed: 1
1 texture(s) processed!

[textures\icons\improvement conscript migdol icon.tga]
Running Texture Compiler...
Processed: 1
1 texture(s) processed!

[textures\icons\improvement conscript migdol soldiers icon.tga]
Running Texture Compiler...
Processed: 1
1 texture(s) processed!

[textures\icons\improvement conscript naval icon 64.tga]
Running Texture Compiler...
Processed: 1
1 texture(s) processed!

[textures\icons\improvement conscript naval icon.tga]
Running Texture Compiler...
Processed: 1
1 texture(s) processed!

[textures\icons\improvement conscript palace icons 32.tga]
Running Texture Compiler...
Processed: 1
1 texture(s) processed!

[textures\icons\improvement conscript palace icons 64.tga]
Running Texture Compiler...
Processed: 1
1 texture(s) processed!

[textures\icons\improvement conscript specialty icons 32.tga]
Running Texture Compiler...
Processed: 1
1 texture(s) processed!

[textures\icons\improvement conscript specialty icons 64.tga]
Running Texture Compiler...
Processed: 1
1 texture(s) processed!

[textures\icons\improvement copper mail icon 64.tga]
Running Texture Compiler...
Processed: 1
1 texture(s) processed!

[textures\icons\improvement copper mail icon.tga]
Running Texture Compiler...
Processed: 1
1 texture(s) processed!

[textures\icons\improvement copper shields icon 64.tga]
Running Texture Compiler...
Processed: 1
1 texture(s) processed!

[textures\icons\improvement copper shields icon.tga]
Running Texture Compiler...
Processed: 1
1 texture(s) processed!

[textures\icons\improvement copper weapons icon 64.tga]
Running Texture Compiler...
Processed: 1
1 texture(s) processed!

[textures\icons\improvement copper weapons icon.tga]
Running Texture Compiler...
Processed: 1
1 texture(s) processed!

[textures\icons\improvement crenelations icon 64.tga]
Running Texture Compiler...
Processed: 1
1 texture(s) processed!

[textures\icons\improvement crenelations icon.tga]
Running Texture Compiler...
Processed: 1
1 texture(s) processed!

[textures\icons\improvement crio sphinx icon 64.tga]
Running Texture Compiler...
Processed: 1
1 texture(s) processed!

[textures\icons\improvement crio sphinx icon.tga]
Running Texture Compiler...
Processed: 1
1 texture(s) processed!

[textures\icons\improvement crocodopolis icon 64.tga]
Running Texture Compiler...
Processed: 1
1 texture(s) processed!

[textures\icons\improvement crocodopolis icon.tga]
Running Texture Compiler...
Processed: 1
1 texture(s) processed!

[textures\icons\improvement dabogong icon.tga]
Running Texture Compiler...
Processed: 1
1 texture(s) processed!

[textures\icons\improvement deimos sword of dread icon 64.tga]
Running Texture Compiler...
Processed: 1
1 texture(s) processed!

[textures\icons\improvement deimos sword of dread icon.tga]
Running Texture Compiler...
Processed: 1
1 texture(s) processed!

[textures\icons\improvement demon slayer icon.tga]
Running Texture Compiler...
Processed: 1
1 texture(s) processed!

[textures\icons\improvement desert wind icon 64.tga]
Running Texture Compiler...
Processed: 1
1 texture(s) processed!

[textures\icons\improvement desert wind icon.tga]
Running Texture Compiler...
Processed: 1
1 texture(s) processed!

[textures\icons\improvement dionysos icon.tga]
Running Texture Compiler...
Processed: 1
1 texture(s) processed!

[textures\icons\improvement divine blood icon icon 64.tga]
Running Texture Compiler...
Processed: 1
1 texture(s) processed!

[textures\icons\improvement divine blood icon.tga]
Running Texture Compiler...
Processed: 1
1 texture(s) processed!

[textures\icons\improvement domestication icon.tga]
Running Texture Compiler...
Processed: 1
1 texture(s) processed!

[textures\icons\improvement draft horses icon 64.tga]
Running Texture Compiler...
Processed: 1
1 texture(s) processed!

[textures\icons\improvement draft horses icon.tga]
Running Texture Compiler...
Processed: 1
1 texture(s) processed!

[textures\icons\improvement dragon scales icon.tga]
Running Texture Compiler...
Processed: 1
1 texture(s) processed!

[textures\icons\improvement dragonscale shields icon 64.tga]
Running Texture Compiler...
Processed: 1
1 texture(s) processed!

[textures\icons\improvement dwarven auger icon 64.tga]
Running Texture Compiler...
Processed: 1
1 texture(s) processed!

[textures\icons\improvement dwarven auger icon.tga]
Running Texture Compiler...
Processed: 1
1 texture(s) processed!

[textures\icons\improvement dwarven mail icon 64.tga]
Running Texture Compiler...
Processed: 1
1 texture(s) processed!

[textures\icons\improvement dwarven mail icon.tga]
Running Texture Compiler...
Processed: 1
1 texture(s) processed!

[textures\icons\improvement dwarven shields icon 64.tga]
Running Texture Compiler...
Processed: 1
1 texture(s) processed!

[textures\icons\improvement dwarven shields icon.tga]
Running Texture Compiler...
Processed: 1
1 texture(s) processed!

[textures\icons\improvement dwarven weapons icon 64.tga]
Running Texture Compiler...
Processed: 1
1 texture(s) processed!

[textures\icons\improvement dwarven weapons icon.tga]
Running Texture Compiler...
Processed: 1
1 texture(s) processed!

[textures\icons\improvement earthen wall icon.tga]
Running Texture Compiler...
Processed: 1
1 texture(s) processed!

[textures\icons\improvement east sea icon.tga]
Running Texture Compiler...
Processed: 1
1 texture(s) processed!

[textures\icons\improvement electrum bullets icon 64.tga]
Running Texture Compiler...
Processed: 1
1 texture(s) processed!

[textures\icons\improvement electrum bullets icon.tga]
Running Texture Compiler...
Processed: 1
1 texture(s) processed!

[textures\icons\improvement elixir of immortality icon.tga]
Running Texture Compiler...
Processed: 1
1 texture(s) processed!

[textures\icons\improvement elminer kettle icon 64.tga]
Running Texture Compiler...
Processed: 1
1 texture(s) processed!

[textures\icons\improvement elminer kettle icon.tga]
Running Texture Compiler...
Processed: 1
1 texture(s) processed!

[textures\icons\improvement enclosed decks icon 64.tga]
Running Texture Compiler...
Processed: 1
1 texture(s) processed!

[textures\icons\improvement enclosed decks icon.tga]
Running Texture Compiler...
Processed: 1
1 texture(s) processed!

[textures\icons\improvement engineers icon 64.tga]
Running Texture Compiler...
Processed: 1
1 texture(s) processed!

[textures\icons\improvement engineers icon.tga]
Running Texture Compiler...
Processed: 1
1 texture(s) processed!

[textures\icons\improvement enyos bow of horror icon 64.tga]
Running Texture Compiler...
Processed: 1
1 texture(s) processed!

[textures\icons\improvement enyos bow of horror icon.tga]
Running Texture Compiler...
Processed: 1
1 texture(s) processed!

[textures\icons\improvement eyes in the forest icon 64.tga]
Running Texture Compiler...
Processed: 1
1 texture(s) processed!

[textures\icons\improvement eyes in the forest icon.tga]
Running Texture Compiler...
Processed: 1
1 texture(s) processed!

[textures\icons\improvement eyes of atlas icons 32.tga]
Running Texture Compiler...
Processed: 1
1 texture(s) processed!

[textures\icons\improvement eyes of atlas icons 64.tga]
Running Texture Compiler...
Processed: 1
1 texture(s) processed!

[textures\icons\improvement face of the gorgon icon 64.tga]
Running Texture Compiler...
Processed: 1
1 texture(s) processed!

[textures\icons\improvement face of the gorgon icon.tga]
Running Texture Compiler...
Processed: 1
1 texture(s) processed!

[textures\icons\improvement feet of the jackal icon 64.tga]
Running Texture Compiler...
Processed: 1
1 texture(s) processed!

[textures\icons\improvement feet of the jackal icon.tga]
Running Texture Compiler...
Processed: 1
1 texture(s) processed!

[textures\icons\improvement feral icon 64.tga]
Running Texture Compiler...
Processed: 1
1 texture(s) processed!

[textures\icons\improvement feral icon.tga]
Running Texture Compiler...
Processed: 1
1 texture(s) processed!

[textures\icons\improvement five grains icon.tga]
Running Texture Compiler...
Processed: 1
1 texture(s) processed!

[textures\icons\improvement flames of typhon icon.tga]
Running Texture Compiler...
Processed: 1
1 texture(s) processed!

[textures\icons\improvement flood control icon 64.tga]
Running Texture Compiler...
Processed: 1
1 texture(s) processed!

[textures\icons\improvement flood control icon.tga]
Running Texture Compiler...
Processed: 1
1 texture(s) processed!

[textures\icons\improvement flood of the nile icon 64.tga]
Running Texture Compiler...
Processed: 1
1 texture(s) processed!

[textures\icons\improvement flood of the nile icon.tga]
Running Texture Compiler...
Processed: 1
1 texture(s) processed!

[textures\icons\improvement focus icons 32.tga]
Running Texture Compiler...
Processed: 1
1 texture(s) processed!

[textures\icons\improvement focus icons 64.tga]
Running Texture Compiler...
Processed: 1
1 texture(s) processed!

[textures\icons\improvement forge of olympus icon 64.tga]
Running Texture Compiler...
Processed: 1
1 texture(s) processed!

[textures\icons\improvement forge of olympus icon.tga]
Running Texture Compiler...
Processed: 1
1 texture(s) processed!

[textures\icons\improvement forseti icon.tga]
Running Texture Compiler...
Processed: 1
1 texture(s) processed!

[textures\icons\improvement fortified town center icon 64.tga]
Running Texture Compiler...
Processed: 1
1 texture(s) processed!

[textures\icons\improvement fortified town center icon.tga]
Running Texture Compiler...
Processed: 1
1 texture(s) processed!

[textures\icons\improvement fortified wall icon 64.tga]
Running Texture Compiler...
Processed: 1
1 texture(s) processed!

[textures\icons\improvement fortified wall icon.tga]
Running Texture Compiler...
Processed: 1
1 texture(s) processed!

[textures\icons\improvement freyja icon.tga]
Running Texture Compiler...
Processed: 1
1 texture(s) processed!

[textures\icons\improvement frigg icon.tga]
Running Texture Compiler...
Processed: 1
1 texture(s) processed!

[textures\icons\improvement funeral barge icon 64.tga]
Running Texture Compiler...
Processed: 1
1 texture(s) processed!

[textures\icons\improvement funeral barge icon.tga]
Running Texture Compiler...
Processed: 1
1 texture(s) processed!

[textures\icons\improvement funeral rites icon 64.tga]
Running Texture Compiler...
Processed: 1
1 texture(s) processed!

[textures\icons\improvement funeral rites icon.tga]
Running Texture Compiler...
Processed: 1
1 texture(s) processed!

[textures\icons\improvement garrison icon.tga]
Running Texture Compiler...
Processed: 1
1 texture(s) processed!

[textures\icons\improvement gemino icons 32.tga]
Running Texture Compiler...
Processed: 1
1 texture(s) processed!

[textures\icons\improvement gemino icons 64.tga]
Running Texture Compiler...
Processed: 1
1 texture(s) processed!

[textures\icons\improvement golden apples icon 64.tga]
Running Texture Compiler...
Processed: 1
1 texture(s) processed!

[textures\icons\improvement golden apples icon.tga]
Running Texture Compiler...
Processed: 1
1 texture(s) processed!

[textures\icons\improvement golden banded staff icon.tga]
Running Texture Compiler...
Processed: 1
1 texture(s) processed!

[textures\icons\improvement golden peaches icon.tga]
Running Texture Compiler...
Processed: 1
1 texture(s) processed!

[textures\icons\improvement granite blood icon 64.tga]
Running Texture Compiler...
Processed: 1
1 texture(s) processed!

[textures\icons\improvement granite blood icon.tga]
Running Texture Compiler...
Processed: 1
1 texture(s) processed!

[textures\icons\improvement great wall icon.tga]
Running Texture Compiler...
Processed: 1
1 texture(s) processed!

[textures\icons\improvement greatest of fifty icon 64.tga]
Running Texture Compiler...
Processed: 1
1 texture(s) processed!

[textures\icons\improvement greatest of fifty icon.tga]
Running Texture Compiler...
Processed: 1
1 texture(s) processed!

[textures\icons\improvement guard icon 64.tga]
Running Texture Compiler...
Processed: 1
1 texture(s) processed!

[textures\icons\improvement guard icon.tga]
Running Texture Compiler...
Processed: 1
1 texture(s) processed!

[textures\icons\improvement guard tower icon 64.tga]
Running Texture Compiler...
Processed: 1
1 texture(s) processed!

[textures\icons\improvement guard tower icon.tga]
Running Texture Compiler...
Processed: 1
1 texture(s) processed!

[textures\icons\improvement guardian icons 32.tga]
Running Texture Compiler...
Processed: 1
1 texture(s) processed!

[textures\icons\improvement guardian icons 64.tga]
Running Texture Compiler...
Processed: 1
1 texture(s) processed!

[textures\icons\improvement hall of thanes icon 64.tga]
Running Texture Compiler...
Processed: 1
1 texture(s) processed!

[textures\icons\improvement hall of thanes icon.tga]
Running Texture Compiler...
Processed: 1
1 texture(s) processed!

[textures\icons\improvement halo of the sun icons 32.tga]
Running Texture Compiler...
Processed: 1
1 texture(s) processed!

[textures\icons\improvement halo of the sun icons 64.tga]
Running Texture Compiler...
Processed: 1
1 texture(s) processed!

[textures\icons\improvement hamar troll icon 64.tga]
Running Texture Compiler...
Processed: 1
1 texture(s) processed!

[textures\icons\improvement hamar troll icon.tga]
Running Texture Compiler...
Processed: 1
1 texture(s) processed!

[textures\icons\improvement hand axe icon 64.tga]
Running Texture Compiler...
Processed: 1
1 texture(s) processed!

[textures\icons\improvement hand axe icon.tga]
Running Texture Compiler...
Processed: 1
1 texture(s) processed!

[textures\icons\improvement hands of the pharaoh icons 32.tga]
Running Texture Compiler...
Processed: 1
1 texture(s) processed!

[textures\icons\improvement hands of the pharaoh icons 64.tga]
Running Texture Compiler...
Processed: 1
1 texture(s) processed!

[textures\icons\improvement hathor icon.tga]
Running Texture Compiler...
Processed: 1
1 texture(s) processed!

[textures\icons\improvement heart of the titans icons 32.tga]
Running Texture Compiler...
Processed: 1
1 texture(s) processed!

[textures\icons\improvement heart of the titans icons 64.tga]
Running Texture Compiler...
Processed: 1
1 texture(s) processed!

[textures\icons\improvement heavenly fire icon.tga]
Running Texture Compiler...
Processed: 1
1 texture(s) processed!

[textures\icons\improvement heavy archer icon 64.tga]
Running Texture Compiler...
Processed: 1
1 texture(s) processed!

[textures\icons\improvement heavy archer icon.tga]
Running Texture Compiler...
Processed: 1
1 texture(s) processed!

[textures\icons\improvement heavy axemen icon 64.tga]
Running Texture Compiler...
Processed: 1
1 texture(s) processed!

[textures\icons\improvement heavy axemen icon.tga]
Running Texture Compiler...
Processed: 1
1 texture(s) processed!

[textures\icons\improvement heavy barracks icon.tga]
Running Texture Compiler...
Processed: 1
1 texture(s) processed!

[textures\icons\improvement heavy camelry icon.tga]
Running Texture Compiler...
Processed: 1
1 texture(s) processed!

[textures\icons\improvement heavy cavalry icon 64.tga]
Running Texture Compiler...
Processed: 1
1 texture(s) processed!

[textures\icons\improvement heavy cavalry icon.tga]
Running Texture Compiler...
Processed: 1
1 texture(s) processed!

[textures\icons\improvement heavy chariots icon 64.tga]
Running Texture Compiler...
Processed: 1
1 texture(s) processed!

[textures\icons\improvement heavy chariots icon.tga]
Running Texture Compiler...
Processed: 1
1 texture(s) processed!

[textures\icons\improvement heavy chieroballista icons 32.tga]
Running Texture Compiler...
Processed: 1
1 texture(s) processed!

[textures\icons\improvement heavy chieroballista icons 64.tga]
Running Texture Compiler...
Processed: 1
1 texture(s) processed!

[textures\icons\improvement heavy elephant icon 64.tga]
Running Texture Compiler...
Processed: 1
1 texture(s) processed!

[textures\icons\improvement heavy elephant icon.tga]
Running Texture Compiler...
Processed: 1
1 texture(s) processed!

[textures\icons\improvement heavy fireships icons 32.tga]
Running Texture Compiler...
Processed: 1
1 texture(s) processed!

[textures\icons\improvement heavy fireships icons 64.tga]
Running Texture Compiler...
Processed: 1
1 texture(s) processed!

[textures\icons\improvement heavy infantry icon 64.tga]
Running Texture Compiler...
Processed: 1
1 texture(s) processed!

[textures\icons\improvement heavy infantry icon.tga]
Running Texture Compiler...
Processed: 1
1 texture(s) processed!

[textures\icons\improvement heavy khopesh icon.tga]
Running Texture Compiler...
Processed: 1
1 texture(s) processed!

[textures\icons\improvement heavy slinger icon 64.tga]
Running Texture Compiler...
Processed: 1
1 texture(s) processed!

[textures\icons\improvement heavy slinger icon.tga]
Running Texture Compiler...
Processed: 1
1 texture(s) processed!

[textures\icons\improvement heavy spearmen icon 64.tga]
Running Texture Compiler...
Processed: 1
1 texture(s) processed!

[textures\icons\improvement heavy spearmen icon.tga]
Running Texture Compiler...
Processed: 1
1 texture(s) processed!

[textures\icons\improvement hebo icon.tga]
Running Texture Compiler...
Processed: 1
1 texture(s) processed!

[textures\icons\improvement heimdall icon.tga]
Running Texture Compiler...
Processed: 1
1 texture(s) processed!

[textures\icons\improvement hel icon.tga]
Running Texture Compiler...
Processed: 1
1 texture(s) processed!

[textures\icons\improvement hephaestus icon.tga]
Running Texture Compiler...
Processed: 1
1 texture(s) processed!

[textures\icons\improvement hephaestus revenge icons 32.tga]
Running Texture Compiler...
Processed: 1
1 texture(s) processed!

[textures\icons\improvement hephaestus revenge icons 64.tga]
Running Texture Compiler...
Processed: 1
1 texture(s) processed!

[textures\icons\improvement hera icon.tga]
Running Texture Compiler...
Processed: 1
1 texture(s) processed!

[textures\icons\improvement hermes icon.tga]
Running Texture Compiler...
Processed: 1
1 texture(s) processed!

[textures\icons\improvement heroic fleet icons 32.tga]
Running Texture Compiler...
Processed: 1
1 texture(s) processed!

[textures\icons\improvement heroic fleet icons 64.tga]
Running Texture Compiler...
Processed: 1
1 texture(s) processed!

[textures\icons\improvement heroic renewal icons 32.tga]
Running Texture Compiler...
Processed: 1
1 texture(s) processed!

[textures\icons\improvement heroic renewal icons 64.tga]
Running Texture Compiler...
Processed: 1
1 texture(s) processed!

[textures\icons\improvement hieraco sphinx icon 64.tga]
Running Texture Compiler...
Processed: 1
1 texture(s) processed!

[textures\icons\improvement hieraco sphinx icon.tga]
Running Texture Compiler...
Processed: 1
1 texture(s) processed!

[textures\icons\improvement horns of consecration icons 32.tga]
Running Texture Compiler...
Processed: 1
1 texture(s) processed!

[textures\icons\improvement horns of consecration icons 64.tga]
Running Texture Compiler...
Processed: 1
1 texture(s) processed!

[textures\icons\improvement horus icon.tga]
Running Texture Compiler...
Processed: 1
1 texture(s) processed!

[textures\icons\improvement house altars icon.tga]
Running Texture Compiler...
Processed: 1
1 texture(s) processed!

[textures\icons\improvement houyis bow icon.tga]
Running Texture Compiler...
Processed: 1
1 texture(s) processed!

[textures\icons\improvement huangdi icon.tga]
Running Texture Compiler...
Processed: 1
1 texture(s) processed!

[textures\icons\improvement hunting dogs icon 64.tga]
Running Texture Compiler...
Processed: 1
1 texture(s) processed!

[textures\icons\improvement hunting dogs icon.tga]
Running Texture Compiler...
Processed: 1
1 texture(s) processed!

[textures\icons\improvement huntress axe icon 64.tga]
Running Texture Compiler...
Processed: 1
1 texture(s) processed!

[textures\icons\improvement huntress axe icon.tga]
Running Texture Compiler...
Processed: 1
1 texture(s) processed!

[textures\icons\improvement husbandry icon 64.tga]
Running Texture Compiler...
Processed: 1
1 texture(s) processed!

[textures\icons\improvement husbandry icon.tga]
Running Texture Compiler...
Processed: 1
1 texture(s) processed!

[textures\icons\improvement iron colossus icon 64.tga]
Running Texture Compiler...
Processed: 1
1 texture(s) processed!

[textures\icons\improvement iron colossus icon.tga]
Running Texture Compiler...
Processed: 1
1 texture(s) processed!

[textures\icons\improvement iron mail icon 64.tga]
Running Texture Compiler...
Processed: 1
1 texture(s) processed!

[textures\icons\improvement iron mail icon.tga]
Running Texture Compiler...
Processed: 1
1 texture(s) processed!

[textures\icons\improvement iron shields icon 64.tga]
Running Texture Compiler...
Processed: 1
1 texture(s) processed!

[textures\icons\improvement iron shields icon.tga]
Running Texture Compiler...
Processed: 1
1 texture(s) processed!

[textures\icons\improvement iron wall icons 128.tga]
Running Texture Compiler...
Processed: 1
1 texture(s) processed!

[textures\icons\improvement iron wall icons 32.tga]
Running Texture Compiler...
Processed: 1
1 texture(s) processed!

[textures\icons\improvement iron wall icons 64.tga]
Running Texture Compiler...
Processed: 1
1 texture(s) processed!

[textures\icons\improvement iron weapons icon 64.tga]
Running Texture Compiler...
Processed: 1
1 texture(s) processed!

[textures\icons\improvement iron weapons icon.tga]
Running Texture Compiler...
Processed: 1
1 texture(s) processed!

[textures\icons\improvement irrigation icon 64.tga]
Running Texture Compiler...
Processed: 1
1 texture(s) processed!

[textures\icons\improvement irrigation icon.tga]
Running Texture Compiler...
Processed: 1
1 texture(s) processed!

[textures\icons\improvement jade rabbit icon.tga]
Running Texture Compiler...
Processed: 1
1 texture(s) processed!

[textures\icons\improvement lance of stone icons 32.tga]
Running Texture Compiler...
Processed: 1
1 texture(s) processed!

[textures\icons\improvement lance of stone icons 64.tga]
Running Texture Compiler...
Processed: 1
1 texture(s) processed!

[textures\icons\improvement landlord spirit icon.tga]
Running Texture Compiler...
Processed: 1
1 texture(s) processed!

[textures\icons\improvement leather frame shield icon 64.tga]
Running Texture Compiler...
Processed: 1
1 texture(s) processed!

[textures\icons\improvement leather frame shield icon.tga]
Running Texture Compiler...
Processed: 1
1 texture(s) processed!

[textures\icons\improvement lemurian descendant icons 32.tga]
Running Texture Compiler...
Processed: 1
1 texture(s) processed!

[textures\icons\improvement lemurian descendant icons 64.tga]
Running Texture Compiler...
Processed: 1
1 texture(s) processed!

[textures\icons\improvement levy archers icon 64.tga]
Running Texture Compiler...
Processed: 1
1 texture(s) processed!

[textures\icons\improvement levy archers icon.tga]
Running Texture Compiler...
Processed: 1
1 texture(s) processed!

[textures\icons\improvement levy barracks icon 64.tga]
Running Texture Compiler...
Processed: 1
1 texture(s) processed!

[textures\icons\improvement levy barracks icon.tga]
Running Texture Compiler...
Processed: 1
1 texture(s) processed!

[textures\icons\improvement levy cavalry icon 64.tga]
Running Texture Compiler...
Processed: 1
1 texture(s) processed!

[textures\icons\improvement levy cavalry icon.tga]
Running Texture Compiler...
Processed: 1
1 texture(s) processed!

[textures\icons\improvement levy hillfort icon 64.tga]
Running Texture Compiler...
Processed: 1
1 texture(s) processed!

[textures\icons\improvement levy hillfort icon.tga]
Running Texture Compiler...
Processed: 1
1 texture(s) processed!

[textures\icons\improvement levy infantry icon 64.tga]
Running Texture Compiler...
Processed: 1
1 texture(s) processed!

[textures\icons\improvement levy infantry icon.tga]
Running Texture Compiler...
Processed: 1
1 texture(s) processed!

[textures\icons\improvement levy longhouse icon 64.tga]
Running Texture Compiler...
Processed: 1
1 texture(s) processed!

[textures\icons\improvement levy longhouse icon.tga]
Running Texture Compiler...
Processed: 1
1 texture(s) processed!

[textures\icons\improvement levy mainline icons 32.tga]
Running Texture Compiler...
Processed: 1
1 texture(s) processed!

[textures\icons\improvement levy mainline icons 64.tga]
Running Texture Compiler...
Processed: 1
1 texture(s) processed!

[textures\icons\improvement levy migdol icon 64.tga]
Running Texture Compiler...
Processed: 1
1 texture(s) processed!

[textures\icons\improvement levy migdol icon.tga]
Running Texture Compiler...
Processed: 1
1 texture(s) processed!

[textures\icons\improvement levy palace icons 32.tga]
Running Texture Compiler...
Processed: 1
1 texture(s) processed!

[textures\icons\improvement levy palace icons 64.tga]
Running Texture Compiler...
Processed: 1
1 texture(s) processed!

[textures\icons\improvement levy specialty icons 32.tga]
Running Texture Compiler...
Processed: 1
1 texture(s) processed!

[textures\icons\improvement levy specialty icons 64.tga]
Running Texture Compiler...
Processed: 1
1 texture(s) processed!

[textures\icons\improvement life drain icon.tga]
Running Texture Compiler...
Processed: 1
1 texture(s) processed!

[textures\icons\improvement lone wanderer icon 64.tga]
Running Texture Compiler...
Processed: 1
1 texture(s) processed!

[textures\icons\improvement lone wanderer icon.tga]
Running Texture Compiler...
Processed: 1
1 texture(s) processed!

[textures\icons\improvement long serpent icon 64.tga]
Running Texture Compiler...
Processed: 1
1 texture(s) processed!

[textures\icons\improvement long serpent icon.tga]
Running Texture Compiler...
Processed: 1
1 texture(s) processed!

[textures\icons\improvement lord of the horses icon icon 64.tga]
Running Texture Compiler...
Processed: 1
1 texture(s) processed!

[textures\icons\improvement lord of the horses icon.tga]
Running Texture Compiler...
Processed: 1
1 texture(s) processed!

[textures\icons\improvement lord of the river icon.tga]
Running Texture Compiler...
Processed: 1
1 texture(s) processed!

[textures\icons\improvement mail of orichalkos icons 32.tga]
Running Texture Compiler...
Processed: 1
1 texture(s) processed!

[textures\icons\improvement mail of orichalkos icons 64.tga]
Running Texture Compiler...
Processed: 1
1 texture(s) processed!

[textures\icons\improvement masons icon 64.tga]
Running Texture Compiler...
Processed: 1
1 texture(s) processed!

[textures\icons\improvement masons icon.tga]
Running Texture Compiler...
Processed: 1
1 texture(s) processed!

[textures\icons\improvement medium archer icon 64.tga]
Running Texture Compiler...
Processed: 1
1 texture(s) processed!

[textures\icons\improvement medium archer icon.tga]
Running Texture Compiler...
Processed: 1
1 texture(s) processed!

[textures\icons\improvement medium axemen icon 64.tga]
Running Texture Compiler...
Processed: 1
1 texture(s) processed!

[textures\icons\improvement medium axemen icon.tga]
Running Texture Compiler...
Processed: 1
1 texture(s) processed!

[textures\icons\improvement medium barracks icon.tga]
Running Texture Compiler...
Processed: 1
1 texture(s) processed!

[textures\icons\improvement medium cavalry icon 64.tga]
Running Texture Compiler...
Processed: 1
1 texture(s) processed!

[textures\icons\improvement medium cavalry icon.tga]
Running Texture Compiler...
Processed: 1
1 texture(s) processed!

[textures\icons\improvement medium infantry icon 64.tga]
Running Texture Compiler...
Processed: 1
1 texture(s) processed!

[textures\icons\improvement medium infantry icon.tga]
Running Texture Compiler...
Processed: 1
1 texture(s) processed!

[textures\icons\improvement medium khopesh icon.tga]
Running Texture Compiler...
Processed: 1
1 texture(s) processed!

[textures\icons\improvement medium slinger icon 64.tga]
Running Texture Compiler...
Processed: 1
1 texture(s) processed!

[textures\icons\improvement medium slinger icon.tga]
Running Texture Compiler...
Processed: 1
1 texture(s) processed!

[textures\icons\improvement medium spearmen icon 64.tga]
Running Texture Compiler...
Processed: 1
1 texture(s) processed!

[textures\icons\improvement medium spearmen icon.tga]
Running Texture Compiler...
Processed: 1
1 texture(s) processed!

[textures\icons\improvement medjay icon.tga]
Running Texture Compiler...
Processed: 1
1 texture(s) processed!

[textures\icons\improvement meteoric iron mail icon 64.tga]
Running Texture Compiler...
Processed: 1
1 texture(s) processed!

[textures\icons\improvement meteoric iron mail icon.tga]
Running Texture Compiler...
Processed: 1
1 texture(s) processed!

[textures\icons\improvement milkstones icons 32.tga]
Running Texture Compiler...
Processed: 1
1 texture(s) processed!

[textures\icons\improvement milkstones icons 64.tga]
Running Texture Compiler...
Processed: 1
1 texture(s) processed!

[textures\icons\improvement mithril breastplate icon 64.tga]
Running Texture Compiler...
Processed: 1
1 texture(s) processed!

[textures\icons\improvement mithril breastplate icon.tga]
Running Texture Compiler...
Processed: 1
1 texture(s) processed!

[textures\icons\improvement monsterous rage icon 64.tga]
Running Texture Compiler...
Processed: 1
1 texture(s) processed!

[textures\icons\improvement monsterous rage icon.tga]
Running Texture Compiler...
Processed: 1
1 texture(s) processed!

[textures\icons\improvement murder holes icon 64.tga]
Running Texture Compiler...
Processed: 1
1 texture(s) processed!

[textures\icons\improvement murder holes icon.tga]
Running Texture Compiler...
Processed: 1
1 texture(s) processed!

[textures\icons\improvement mythic rejuvenation icons 32.tga]
Running Texture Compiler...
Processed: 1
1 texture(s) processed!

[textures\icons\improvement mythic rejuvenation icons 64.tga]
Running Texture Compiler...
Processed: 1
1 texture(s) processed!

[textures\icons\improvement naval oxybeles icon 64.tga]
Running Texture Compiler...
Processed: 1
1 texture(s) processed!

[textures\icons\improvement naval oxybeles icon.tga]
Running Texture Compiler...
Processed: 1
1 texture(s) processed!

[textures\icons\improvement necropolis icon 64.tga]
Running Texture Compiler...
Processed: 1
1 texture(s) processed!

[textures\icons\improvement necropolis icon.tga]
Running Texture Compiler...
Processed: 1
1 texture(s) processed!

[textures\icons\improvement nephthys icon.tga]
Running Texture Compiler...
Processed: 1
1 texture(s) processed!

[textures\icons\improvement new kingdom icon 64.tga]
Running Texture Compiler...
Processed: 1
1 texture(s) processed!

[textures\icons\improvement new kingdom icon.tga]
Running Texture Compiler...
Processed: 1
1 texture(s) processed!

[textures\icons\improvement nezhas defeat icon.tga]
Running Texture Compiler...
Processed: 1
1 texture(s) processed!

[textures\icons\improvement njord icon.tga]
Running Texture Compiler...
Processed: 1
1 texture(s) processed!

[textures\icons\improvement olympic patronage icon 64.tga]
Running Texture Compiler...
Processed: 1
1 texture(s) processed!

[textures\icons\improvement olympic patronage icon.tga]
Running Texture Compiler...
Processed: 1
1 texture(s) processed!

[textures\icons\improvement omniscience icon 64.tga]
Running Texture Compiler...
Processed: 1
1 texture(s) processed!

[textures\icons\improvement omniscience icon.tga]
Running Texture Compiler...
Processed: 1
1 texture(s) processed!

[textures\icons\improvement oracle bone script icon.tga]
Running Texture Compiler...
Processed: 1
1 texture(s) processed!

[textures\icons\improvement oracle icon 64.tga]
Running Texture Compiler...
Processed: 1
1 texture(s) processed!

[textures\icons\improvement oracle icon.tga]
Running Texture Compiler...
Processed: 1
1 texture(s) processed!

[textures\icons\improvement orichalkos wall icons 128.tga]
Running Texture Compiler...
Processed: 1
1 texture(s) processed!

[textures\icons\improvement orichalkos wall icons 32.tga]
Running Texture Compiler...
Processed: 1
1 texture(s) processed!

[textures\icons\improvement orichalkos wall icons 64.tga]
Running Texture Compiler...
Processed: 1
1 texture(s) processed!

[textures\icons\improvement osiris icon.tga]
Running Texture Compiler...
Processed: 1
1 texture(s) processed!

[textures\icons\improvement paper talisman icon.tga]
Running Texture Compiler...
Processed: 1
1 texture(s) processed!

[textures\icons\improvement patrol icon.tga]
Running Texture Compiler...
Processed: 1
1 texture(s) processed!

[textures\icons\improvement petrified icons 32.tga]
Running Texture Compiler...
Processed: 1
1 texture(s) processed!

[textures\icons\improvement petrified icons 64.tga]
Running Texture Compiler...
Processed: 1
1 texture(s) processed!

[textures\icons\improvement phobos spear of panic icon 64.tga]
Running Texture Compiler...
Processed: 1
1 texture(s) processed!

[textures\icons\improvement phobos spear of panic icon.tga]
Running Texture Compiler...
Processed: 1
1 texture(s) processed!

[textures\icons\improvement pickaxe icon 64.tga]
Running Texture Compiler...
Processed: 1
1 texture(s) processed!

[textures\icons\improvement pickaxe icon.tga]
Running Texture Compiler...
Processed: 1
1 texture(s) processed!

[textures\icons\improvement pig sticker icon 64.tga]
Running Texture Compiler...
Processed: 1
1 texture(s) processed!

[textures\icons\improvement pig sticker icon.tga]
Running Texture Compiler...
Processed: 1
1 texture(s) processed!

[textures\icons\improvement pillar of the ocean icon.tga]
Running Texture Compiler...
Processed: 1
1 texture(s) processed!

[textures\icons\improvement plow icon 64.tga]
Running Texture Compiler...
Processed: 1
1 texture(s) processed!

[textures\icons\improvement plow icon.tga]
Running Texture Compiler...
Processed: 1
1 texture(s) processed!

[textures\icons\improvement poseidons secret icons 32.tga]
Running Texture Compiler...
Processed: 1
1 texture(s) processed!

[textures\icons\improvement poseidons secret icons 64.tga]
Running Texture Compiler...
Processed: 1
1 texture(s) processed!

[textures\icons\improvement ptah icon.tga]
Running Texture Compiler...
Processed: 1
1 texture(s) processed!

[textures\icons\improvement purse seine icon 64.tga]
Running Texture Compiler...
Processed: 1
1 texture(s) processed!

[textures\icons\improvement purse seine icon.tga]
Running Texture Compiler...
Processed: 1
1 texture(s) processed!

[textures\icons\improvement quarry icon 64.tga]
Running Texture Compiler...
Processed: 1
1 texture(s) processed!

[textures\icons\improvement quarry icon.tga]
Running Texture Compiler...
Processed: 1
1 texture(s) processed!

[textures\icons\improvement ram of the wind icon 64.tga]
Running Texture Compiler...
Processed: 1
1 texture(s) processed!

[textures\icons\improvement ram of the wind icon.tga]
Running Texture Compiler...
Processed: 1
1 texture(s) processed!

[textures\icons\improvement rammed earth icon.tga]
Running Texture Compiler...
Processed: 1
1 texture(s) processed!

[textures\icons\improvement rampage icon 64.tga]
Running Texture Compiler...
Processed: 1
1 texture(s) processed!

[textures\icons\improvement rampage icon.tga]
Running Texture Compiler...
Processed: 1
1 texture(s) processed!

[textures\icons\improvement reinforced hull icon.tga]
Running Texture Compiler...
Processed: 1
1 texture(s) processed!

[textures\icons\improvement reinforced ram icon 64.tga]
Running Texture Compiler...
Processed: 1
1 texture(s) processed!

[textures\icons\improvement rheias gift icons 32.tga]
Running Texture Compiler...
Processed: 1
1 texture(s) processed!

[textures\icons\improvement rheias gift icons 64.tga]
Running Texture Compiler...
Processed: 1
1 texture(s) processed!

[textures\icons\improvement rime icon 64.tga]
Running Texture Compiler...
Processed: 1
1 texture(s) processed!

[textures\icons\improvement rime icon.tga]
Running Texture Compiler...
Processed: 1
1 texture(s) processed!

[textures\icons\improvement ring giver icon 64.tga]
Running Texture Compiler...
Processed: 1
1 texture(s) processed!

[textures\icons\improvement ring giver icon.tga]
Running Texture Compiler...
Processed: 1
1 texture(s) processed!

[textures\icons\improvement roar of orthus icon 64.tga]
Running Texture Compiler...
Processed: 1
1 texture(s) processed!

[textures\icons\improvement roar of orthus icon.tga]
Running Texture Compiler...
Processed: 1
1 texture(s) processed!

[textures\icons\improvement sacred cats icon 64.tga]
Running Texture Compiler...
Processed: 1
1 texture(s) processed!

[textures\icons\improvement sacred cats icon.tga]
Running Texture Compiler...
Processed: 1
1 texture(s) processed!

[textures\icons\improvement sacrifices icon.tga]
Running Texture Compiler...
Processed: 1
1 texture(s) processed!

[textures\icons\improvement safe passage icons 32.tga]
Running Texture Compiler...
Processed: 1
1 texture(s) processed!

[textures\icons\improvement safe passage icons 64.tga]
Running Texture Compiler...
Processed: 1
1 texture(s) processed!

[textures\icons\improvement safeguard icon 64.tga]
Running Texture Compiler...
Processed: 1
1 texture(s) processed!

[textures\icons\improvement safeguard icon.tga]
Running Texture Compiler...
Processed: 1
1 texture(s) processed!

[textures\icons\improvement salt amphora icon 64.tga]
Running Texture Compiler...
Processed: 1
1 texture(s) processed!

[textures\icons\improvement salt amphora icon.tga]
Running Texture Compiler...
Processed: 1
1 texture(s) processed!

[textures\icons\improvement sarissa icon 64.tga]
Running Texture Compiler...
Processed: 1
1 texture(s) processed!

[textures\icons\improvement sarissa icon.tga]
Running Texture Compiler...
Processed: 1
1 texture(s) processed!

[textures\icons\improvement scalloped axe icon 64.tga]
Running Texture Compiler...
Processed: 1
1 texture(s) processed!

[textures\icons\improvement scalloped axe icon.tga]
Running Texture Compiler...
Processed: 1
1 texture(s) processed!

[textures\icons\improvement secrets of the titans icons 32.tga]
Running Texture Compiler...
Processed: 1
1 texture(s) processed!

[textures\icons\improvement secrets of the titans icons 64.tga]
Running Texture Compiler...
Processed: 1
1 texture(s) processed!

[textures\icons\improvement seed of gaia icons 32.tga]
Running Texture Compiler...
Processed: 1
1 texture(s) processed!

[textures\icons\improvement seed of gaia icons 64.tga]
Running Texture Compiler...
Processed: 1
1 texture(s) processed!

[textures\icons\improvement sekhmet icon.tga]
Running Texture Compiler...
Processed: 1
1 texture(s) processed!

[textures\icons\improvement sentry tower icon 64.tga]
Running Texture Compiler...
Processed: 1
1 texture(s) processed!

[textures\icons\improvement sentry tower icon.tga]
Running Texture Compiler...
Processed: 1
1 texture(s) processed!

[textures\icons\improvement serpent spear icon 64.tga]
Running Texture Compiler...
Processed: 1
1 texture(s) processed!

[textures\icons\improvement serpent spear icon.tga]
Running Texture Compiler...
Processed: 1
1 texture(s) processed!

[textures\icons\improvement shaduf icon 64.tga]
Running Texture Compiler...
Processed: 1
1 texture(s) processed!

[textures\icons\improvement shaduf icon.tga]
Running Texture Compiler...
Processed: 1
1 texture(s) processed!

[textures\icons\improvement shaft mine icon 64.tga]
Running Texture Compiler...
Processed: 1
1 texture(s) processed!

[textures\icons\improvement shaft mine icon.tga]
Running Texture Compiler...
Processed: 1
1 texture(s) processed!

[textures\icons\improvement shafts of plague icon 64.tga]
Running Texture Compiler...
Processed: 1
1 texture(s) processed!

[textures\icons\improvement shafts of plague icon.tga]
Running Texture Compiler...
Processed: 1
1 texture(s) processed!

[textures\icons\improvement signal fires icon 64.tga]
Running Texture Compiler...
Processed: 1
1 texture(s) processed!

[textures\icons\improvement signal fires icon.tga]
Running Texture Compiler...
Processed: 1
1 texture(s) processed!

[textures\icons\improvement skin of rhino icon 64.tga]
Running Texture Compiler...
Processed: 1
1 texture(s) processed!

[textures\icons\improvement skin of the rhino icon.tga]
Running Texture Compiler...
Processed: 1
1 texture(s) processed!

[textures\icons\improvement slings of the sun icon 64.tga]
Running Texture Compiler...
Processed: 1
1 texture(s) processed!

[textures\icons\improvement slings of the sun icon.tga]
Running Texture Compiler...
Processed: 1
1 texture(s) processed!

[textures\icons\improvement sons of sleipnir icon 64.tga]
Running Texture Compiler...
Processed: 1
1 texture(s) processed!

[textures\icons\improvement sons of sleipnir icon.tga]
Running Texture Compiler...
Processed: 1
1 texture(s) processed!

[textures\icons\improvement spear on the horizon icon 64.tga]
Running Texture Compiler...
Processed: 1
1 texture(s) processed!

[textures\icons\improvement spear on the horizon icon.tga]
Running Texture Compiler...
Processed: 1
1 texture(s) processed!

[textures\icons\improvement spirit of maat icon 64.tga]
Running Texture Compiler...
Processed: 1
1 texture(s) processed!

[textures\icons\improvement spirit of maat icon.tga]
Running Texture Compiler...
Processed: 1
1 texture(s) processed!

[textures\icons\improvement spirited charge icon 64.tga]
Running Texture Compiler...
Processed: 1
1 texture(s) processed!

[textures\icons\improvement spirited charge icon.tga]
Running Texture Compiler...
Processed: 1
1 texture(s) processed!

[textures\icons\improvement stirrup icon.tga]
Running Texture Compiler...
Processed: 1
1 texture(s) processed!

[textures\icons\improvement stone armor icon.tga]
Running Texture Compiler...
Processed: 1
1 texture(s) processed!

[textures\icons\improvement stone wall icon 64.tga]
Running Texture Compiler...
Processed: 1
1 texture(s) processed!

[textures\icons\improvement stone wall icon.tga]
Running Texture Compiler...
Processed: 1
1 texture(s) processed!

[textures\icons\improvement stones of red linen icon 64.tga]
Running Texture Compiler...
Processed: 1
1 texture(s) processed!

[textures\icons\improvement stones of red linen icon.tga]
Running Texture Compiler...
Processed: 1
1 texture(s) processed!

[textures\icons\improvement sun dried brick icon 64.tga]
Running Texture Compiler...
Processed: 1
1 texture(s) processed!

[textures\icons\improvement sun dried brick icon.tga]
Running Texture Compiler...
Processed: 1
1 texture(s) processed!

[textures\icons\improvement sun ray icon 64.tga]
Running Texture Compiler...
Processed: 1
1 texture(s) processed!

[textures\icons\improvement sun ray icon.tga]
Running Texture Compiler...
Processed: 1
1 texture(s) processed!

[textures\icons\improvement sunwukong icon.tga]
Running Texture Compiler...
Processed: 1
1 texture(s) processed!

[textures\icons\improvement swine array icon 64.tga]
Running Texture Compiler...
Processed: 1
1 texture(s) processed!

[textures\icons\improvement swine array icon.tga]
Running Texture Compiler...
Processed: 1
1 texture(s) processed!

[textures\icons\improvement sylvan lore icon 64.tga]
Running Texture Compiler...
Processed: 1
1 texture(s) processed!

[textures\icons\improvement sylvan lore icon.tga]
Running Texture Compiler...
Processed: 1
1 texture(s) processed!

[textures\icons\improvement tax collectors icon 64.tga]
Running Texture Compiler...
Processed: 1
1 texture(s) processed!

[textures\icons\improvement tax collectors icon.tga]
Running Texture Compiler...
Processed: 1
1 texture(s) processed!

[textures\icons\improvement temple of healing icon 64.tga]
Running Texture Compiler...
Processed: 1
1 texture(s) processed!

[textures\icons\improvement temple of healing icon.tga]
Running Texture Compiler...
Processed: 1
1 texture(s) processed!

[textures\icons\improvement thoth icon.tga]
Running Texture Compiler...
Processed: 1
1 texture(s) processed!

[textures\icons\improvement thracian horses icon 64.tga]
Running Texture Compiler...
Processed: 1
1 texture(s) processed!

[textures\icons\improvement thracian horses icon.tga]
Running Texture Compiler...
Processed: 1
1 texture(s) processed!

[textures\icons\improvement thundering hooves icon 64.tga]
Running Texture Compiler...
Processed: 1
1 texture(s) processed!

[textures\icons\improvement thundering hooves icon.tga]
Running Texture Compiler...
Processed: 1
1 texture(s) processed!

[textures\icons\improvement thurisaz rune icon 64.tga]
Running Texture Compiler...
Processed: 1
1 texture(s) processed!

[textures\icons\improvement thurisaz rune icon.tga]
Running Texture Compiler...
Processed: 1
1 texture(s) processed!

[textures\icons\improvement tiger spirit icon.tga]
Running Texture Compiler...
Processed: 1
1 texture(s) processed!

[textures\icons\improvement titan shield icons 32.tga]
Running Texture Compiler...
Processed: 1
1 texture(s) processed!

[textures\icons\improvement titan shield icons 64.tga]
Running Texture Compiler...
Processed: 1
1 texture(s) processed!

[textures\icons\improvement tower garrison icon.tga]
Running Texture Compiler...
Processed: 1
1 texture(s) processed!

[textures\icons\improvement town bell icon.tga]
Running Texture Compiler...
Processed: 1
1 texture(s) processed!

[textures\icons\improvement trierarch icon 64.tga]
Running Texture Compiler...
Processed: 1
1 texture(s) processed!

[textures\icons\improvement trierarch icon.tga]
Running Texture Compiler...
Processed: 1
1 texture(s) processed!

[textures\icons\improvement tusks of apedemak icon 64.tga]
Running Texture Compiler...
Processed: 1
1 texture(s) processed!

[textures\icons\improvement tusks of apedemak icon.tga]
Running Texture Compiler...
Processed: 1
1 texture(s) processed!

[textures\icons\improvement tyr icon.tga]
Running Texture Compiler...
Processed: 1
1 texture(s) processed!

[textures\icons\improvement unbrideled anger icon.tga]
Running Texture Compiler...
Processed: 1
1 texture(s) processed!

[textures\icons\improvement ungarrison icon.tga]
Running Texture Compiler...
Processed: 1
1 texture(s) processed!

[textures\icons\improvement valley of the kings icon 64.tga]
Running Texture Compiler...
Processed: 1
1 texture(s) processed!

[textures\icons\improvement valley of the kings icon.tga]
Running Texture Compiler...
Processed: 1
1 texture(s) processed!

[textures\icons\improvement vengeance icon 64.tga]
Running Texture Compiler...
Processed: 1
1 texture(s) processed!

[textures\icons\improvement vengeance icon.tga]
Running Texture Compiler...
Processed: 1
1 texture(s) processed!

[textures\icons\improvement volcanic forge icons 32.tga]
Running Texture Compiler...
Processed: 1
1 texture(s) processed!

[textures\icons\improvement volcanic forge icons 64.tga]
Running Texture Compiler...
Processed: 1
1 texture(s) processed!

[textures\icons\improvement watch tower icon 64.tga]
Running Texture Compiler...
Processed: 1
1 texture(s) processed!

[textures\icons\improvement watch tower icon.tga]
Running Texture Compiler...
Processed: 1
1 texture(s) processed!

[textures\icons\improvement wealth of erebus icon 64.tga]
Running Texture Compiler...
Processed: 1
1 texture(s) processed!

[textures\icons\improvement wealth of erebus icon.tga]
Running Texture Compiler...
Processed: 1
1 texture(s) processed!

[textures\icons\improvement weapon of the titans icon 64.tga]
Running Texture Compiler...
Processed: 1
1 texture(s) processed!

[textures\icons\improvement weapon of the titans icon.tga]
Running Texture Compiler...
Processed: 1
1 texture(s) processed!

[textures\icons\improvement weightless mace icons 32.tga]
Running Texture Compiler...
Processed: 1
1 texture(s) processed!

[textures\icons\improvement weightless mace icons 64.tga]
Running Texture Compiler...
Processed: 1
1 texture(s) processed!

[textures\icons\improvement wheelbarrow icon.tga]
Running Texture Compiler...
Processed: 1
1 texture(s) processed!

[textures\icons\improvement will of kronos icon 64.tga]
Running Texture Compiler...
Processed: 1
1 texture(s) processed!

[textures\icons\improvement will of kronos icon.tga]
Running Texture Compiler...
Processed: 1
1 texture(s) processed!

[textures\icons\improvement winged messenger icon 64.tga]
Running Texture Compiler...
Processed: 1
1 texture(s) processed!

[textures\icons\improvement winged messenger icon.tga]
Running Texture Compiler...
Processed: 1
1 texture(s) processed!

[textures\icons\improvement wrath of the deep icon 64.tga]
Running Texture Compiler...
Processed: 1
1 texture(s) processed!

[textures\icons\improvement wrath of the deep icon.tga]
Running Texture Compiler...
Processed: 1
1 texture(s) processed!

[textures\icons\improvement xiwangmu icon.tga]
Running Texture Compiler...
Processed: 1
1 texture(s) processed!

[textures\icons\improvement zhongkui icon.tga]
Running Texture Compiler...
Processed: 1
1 texture(s) processed!

[textures\icons\infantry c guardsman icon.tga]
Running Texture Compiler...
Processed: 1
1 texture(s) processed!

[textures\icons\infantry c halberdier icon.tga]
Running Texture Compiler...
Processed: 1
1 texture(s) processed!

[textures\icons\infantry e axeman icon 64.tga]
Running Texture Compiler...
Processed: 1
1 texture(s) processed!

[textures\icons\infantry e axeman icon.tga]
Running Texture Compiler...
Processed: 1
1 texture(s) processed!

[textures\icons\infantry e khopesh icon.tga]
Running Texture Compiler...
Processed: 1
1 texture(s) processed!

[textures\icons\infantry e mercenary icon 64.tga]
Running Texture Compiler...
Processed: 1
1 texture(s) processed!

[textures\icons\infantry e mercenary icon.tga]
Running Texture Compiler...
Processed: 1
1 texture(s) processed!

[textures\icons\infantry e spearman icon 64.tga]
Running Texture Compiler...
Processed: 1
1 texture(s) processed!

[textures\icons\infantry e spearman icon.tga]
Running Texture Compiler...
Processed: 1
1 texture(s) processed!

[textures\icons\infantry g hoplite icon 64.tga]
Running Texture Compiler...
Processed: 1
1 texture(s) processed!

[textures\icons\infantry g hoplite icon.tga]
Running Texture Compiler...
Processed: 1
1 texture(s) processed!

[textures\icons\infantry g hypaspist icon 64.tga]
Running Texture Compiler...
Processed: 1
1 texture(s) processed!

[textures\icons\infantry g hypaspist icon.tga]
Running Texture Compiler...
Processed: 1
1 texture(s) processed!

[textures\icons\infantry g militia icon 64.tga]
Running Texture Compiler...
Processed: 1
1 texture(s) processed!

[textures\icons\infantry g militia icon.tga]
Running Texture Compiler...
Processed: 1
1 texture(s) processed!

[textures\icons\infantry g myrmidon icon 64.tga]
Running Texture Compiler...
Processed: 1
1 texture(s) processed!

[textures\icons\infantry g myrmidon icon.tga]
Running Texture Compiler...
Processed: 1
1 texture(s) processed!

[textures\icons\infantry n bondi icon 64.tga]
Running Texture Compiler...
Processed: 1
1 texture(s) processed!

[textures\icons\infantry n bondi icon.tga]
Running Texture Compiler...
Processed: 1
1 texture(s) processed!

[textures\icons\infantry n giant icon.tga]
Running Texture Compiler...
Processed: 1
1 texture(s) processed!

[textures\icons\infantry n hero icon.tga]
Running Texture Compiler...
Processed: 1
1 texture(s) processed!

[textures\icons\infantry n hirdman icon.tga]
Running Texture Compiler...
Processed: 1
1 texture(s) processed!

[textures\icons\infantry n huskarl icon 64.tga]
Running Texture Compiler...
Processed: 1
1 texture(s) processed!

[textures\icons\infantry n huskarl icon.tga]
Running Texture Compiler...
Processed: 1
1 texture(s) processed!

[textures\icons\infantry n skult icon 64.tga]
Running Texture Compiler...
Processed: 1
1 texture(s) processed!

[textures\icons\infantry n skult icon.tga]
Running Texture Compiler...
Processed: 1
1 texture(s) processed!

[textures\icons\infantry n ulfsark icon 64.tga]
Running Texture Compiler...
Processed: 1
1 texture(s) processed!

[textures\icons\infantry n ulfsark icon.tga]
Running Texture Compiler...
Processed: 1
1 texture(s) processed!

[textures\icons\infantry x fanatic hero icons 32.tga]
Running Texture Compiler...
Processed: 1
1 texture(s) processed!

[textures\icons\infantry x fanatic hero icons 64.tga]
Running Texture Compiler...
Processed: 1
1 texture(s) processed!

[textures\icons\infantry x fanatic icons 32.tga]
Running Texture Compiler...
Processed: 1
1 texture(s) processed!

[textures\icons\infantry x fanatic icons 64.tga]
Running Texture Compiler...
Processed: 1
1 texture(s) processed!

[textures\icons\infantry x maceman hero icons 32.tga]
Running Texture Compiler...
Processed: 1
1 texture(s) processed!

[textures\icons\infantry x maceman hero icons 64.tga]
Running Texture Compiler...
Processed: 1
1 texture(s) processed!

[textures\icons\infantry x maceman icons 32.tga]
Running Texture Compiler...
Processed: 1
1 texture(s) processed!

[textures\icons\infantry x maceman icons 64.tga]
Running Texture Compiler...
Processed: 1
1 texture(s) processed!

[textures\icons\infantry x murmillo hero icons 32.tga]
Running Texture Compiler...
Processed: 1
1 texture(s) processed!

[textures\icons\infantry x murmillo hero icons 64.tga]
Running Texture Compiler...
Processed: 1
1 texture(s) processed!

[textures\icons\infantry x murmillo icons 32.tga]
Running Texture Compiler...
Processed: 1
1 texture(s) processed!

[textures\icons\infantry x murmillo icons 64.tga]
Running Texture Compiler...
Processed: 1
1 texture(s) processed!

[textures\icons\infantry x oracle hero icons 32.tga]
Running Texture Compiler...
Processed: 1
1 texture(s) processed!

[textures\icons\infantry x oracle hero icons 64.tga]
Running Texture Compiler...
Processed: 1
1 texture(s) processed!

[textures\icons\infantry x oracle icons 32.tga]
Running Texture Compiler...
Processed: 1
1 texture(s) processed!

[textures\icons\infantry x oracle icons 64.tga]
Running Texture Compiler...
Processed: 1
1 texture(s) processed!

[textures\icons\infantry x protector hero icons 32.tga]
Running Texture Compiler...
Processed: 1
1 texture(s) processed!

[textures\icons\infantry x protector hero icons 64.tga]
Running Texture Compiler...
Processed: 1
1 texture(s) processed!

[textures\icons\infantry x protector icons 32.tga]
Running Texture Compiler...
Processed: 1
1 texture(s) processed!

[textures\icons\infantry x protector icons 64.tga]
Running Texture Compiler...
Processed: 1
1 texture(s) processed!

[textures\icons\ism.tga]
Running Texture Compiler...
Processed: 1
1 texture(s) processed!

[textures\icons\line of sight.tga]
Running Texture Compiler...
Processed: 1
1 texture(s) processed!

[textures\icons\menuicon.tga]
Running Texture Compiler...
Processed: 1
1 texture(s) processed!

[textures\icons\myth unit icon 32x32.tga]
Running Texture Compiler...
Processed: 1
1 texture(s) processed!

[textures\icons\n charge bar.tga]
Running Texture Compiler...
Processed: 1
1 texture(s) processed!

[textures\icons\passive active.tga]
Running Texture Compiler...
Processed: 1
1 texture(s) processed!

[textures\icons\passive.tga]
Running Texture Compiler...
Processed: 1
1 texture(s) processed!

[textures\icons\postgame titan gate.tga]
Running Texture Compiler...
Processed: 1
1 texture(s) processed!

[textures\icons\quit.tga]
Running Texture Compiler...
Processed: 1
1 texture(s) processed!

[textures\icons\relic animal part icon 64.tga]
Running Texture Compiler...
Processed: 1
1 texture(s) processed!

[textures\icons\relic animal part icon.tga]
Running Texture Compiler...
Processed: 1
1 texture(s) processed!

[textures\icons\relic armor icon 64.tga]
Running Texture Compiler...
Processed: 1
1 texture(s) processed!

[textures\icons\relic armor icon.tga]
Running Texture Compiler...
Processed: 1
1 texture(s) processed!

[textures\icons\relic chest icon 64.tga]
Running Texture Compiler...
Processed: 1
1 texture(s) processed!

[textures\icons\relic chest icon.tga]
Running Texture Compiler...
Processed: 1
1 texture(s) processed!

[textures\icons\relic shield icon 64.tga]
Running Texture Compiler...
Processed: 1
1 texture(s) processed!

[textures\icons\relic shield icon.tga]
Running Texture Compiler...
Processed: 1
1 texture(s) processed!

[textures\icons\relic vase icon 64.tga]
Running Texture Compiler...
Processed: 1
1 texture(s) processed!

[textures\icons\relic vase icon.tga]
Running Texture Compiler...
Processed: 1
1 texture(s) processed!

[textures\icons\relic weapons icon 64.tga]
Running Texture Compiler...
Processed: 1
1 texture(s) processed!

[textures\icons\relic weapons icon.tga]
Running Texture Compiler...
Processed: 1
1 texture(s) processed!

[textures\icons\scenario arkantos icon 64.tga]
Running Texture Compiler...
Processed: 1
1 texture(s) processed!

[textures\icons\scenario arkantos icon.tga]
Running Texture Compiler...
Processed: 1
1 texture(s) processed!

[textures\icons\scenario boulder wall icon 64.tga]
Running Texture Compiler...
Processed: 1
1 texture(s) processed!

[textures\icons\scenario brokk icon 64.tga]
Running Texture Compiler...
Processed: 1
1 texture(s) processed!

[textures\icons\scenario brokk icon.tga]
Running Texture Compiler...
Processed: 1
1 texture(s) processed!

[textures\icons\scenario c danzhu icon.tga]
Running Texture Compiler...
Processed: 1
1 texture(s) processed!

[textures\icons\scenario c jiaolong icon.tga]
Running Texture Compiler...
Processed: 1
1 texture(s) processed!

[textures\icons\scenario c shun icon.tga]
Running Texture Compiler...
Processed: 1
1 texture(s) processed!

[textures\icons\scenario c zhi icon.tga]
Running Texture Compiler...
Processed: 1
1 texture(s) processed!

[textures\icons\scenario dig pile icon 64.tga]
Running Texture Compiler...
Processed: 1
1 texture(s) processed!

[textures\icons\scenario eitri icon 64.tga]
Running Texture Compiler...
Processed: 1
1 texture(s) processed!

[textures\icons\scenario eitri icon.tga]
Running Texture Compiler...
Processed: 1
1 texture(s) processed!

[textures\icons\scenario excavation icon 64.tga]
Running Texture Compiler...
Processed: 1
1 texture(s) processed!

[textures\icons\scenario folstag flag.tga]
Running Texture Compiler...
Processed: 1
1 texture(s) processed!

[textures\icons\scenario folstag icon 64.tga]
Running Texture Compiler...
Processed: 1
1 texture(s) processed!

[textures\icons\scenario folstag icon.tga]
Running Texture Compiler...
Processed: 1
1 texture(s) processed!

[textures\icons\scenario g gargarensis icon 64.tga]
Running Texture Compiler...
Processed: 1
1 texture(s) processed!

[textures\icons\scenario g gargarensis icon.tga]
Running Texture Compiler...
Processed: 1
1 texture(s) processed!

[textures\icons\scenario g kamos icon 64.tga]
Running Texture Compiler...
Processed: 1
1 texture(s) processed!

[textures\icons\scenario g kamos icon.tga]
Running Texture Compiler...
Processed: 1
1 texture(s) processed!

[textures\icons\scenario g troy wall icon 64.tga]
Running Texture Compiler...
Processed: 1
1 texture(s) processed!

[textures\icons\scenario g troy wall icon.tga]
Running Texture Compiler...
Processed: 1
1 texture(s) processed!

[textures\icons\scenario god statue.tga]
Running Texture Compiler...
Processed: 1
1 texture(s) processed!

[textures\icons\scenario hades gate icon 64.tga]
Running Texture Compiler...
Processed: 1
1 texture(s) processed!

[textures\icons\scenario kemsyt icon 64.tga]
Running Texture Compiler...
Processed: 1
1 texture(s) processed!

[textures\icons\scenario kemsyt icon.tga]
Running Texture Compiler...
Processed: 1
1 texture(s) processed!

[textures\icons\scenario n greta forkbeard icon.tga]
Running Texture Compiler...
Processed: 1
1 texture(s) processed!

[textures\icons\scenario n pirate ship icon 64.tga]
Running Texture Compiler...
Processed: 1
1 texture(s) processed!

[textures\icons\scenario n reginleif icon 64.tga]
Running Texture Compiler...
Processed: 1
1 texture(s) processed!

[textures\icons\scenario n reginleif icon.tga]
Running Texture Compiler...
Processed: 1
1 texture(s) processed!

[textures\icons\scenario sign icon 64.tga]
Running Texture Compiler...
Processed: 1
1 texture(s) processed!

[textures\icons\scenario sign icon.tga]
Running Texture Compiler...
Processed: 1
1 texture(s) processed!

[textures\icons\scenario sleeping guardian icon 64.tga]
Running Texture Compiler...
Processed: 1
1 texture(s) processed!

[textures\icons\scenario sleeping guardian icon.tga]
Running Texture Compiler...
Processed: 1
1 texture(s) processed!

[textures\icons\scenario swordbearers icon 64.tga]
Running Texture Compiler...
Processed: 1
1 texture(s) processed!

[textures\icons\scenario swordbearers icon.tga]
Running Texture Compiler...
Processed: 1
1 texture(s) processed!

[textures\icons\scenario tamarisk tree icon 64.tga]
Running Texture Compiler...
Processed: 1
1 texture(s) processed!

[textures\icons\scenario taproot icon 64.tga]
Running Texture Compiler...
Processed: 1
1 texture(s) processed!

[textures\icons\scenario theocrat icon 64.tga]
Running Texture Compiler...
Processed: 1
1 texture(s) processed!

[textures\icons\scenario thors hammer icon 64.tga]
Running Texture Compiler...
Processed: 1
1 texture(s) processed!

[textures\icons\scenario trident icon 64.tga]
Running Texture Compiler...
Processed: 1
1 texture(s) processed!

[textures\icons\scenario troy wall icon 64.tga]
Running Texture Compiler...
Processed: 1
1 texture(s) processed!

[textures\icons\scenario x folstag icons 32.tga]
Running Texture Compiler...
Processed: 1
1 texture(s) processed!

[textures\icons\scenario x folstag icons 64.tga]
Running Texture Compiler...
Processed: 1
1 texture(s) processed!

[textures\icons\scenario x gaia pool icons 32.tga]
Running Texture Compiler...
Processed: 1
1 texture(s) processed!

[textures\icons\scenario x gaia pool icons 64.tga]
Running Texture Compiler...
Processed: 1
1 texture(s) processed!

[textures\icons\scenario x general icons 32.tga]
Running Texture Compiler...
Processed: 1
1 texture(s) processed!

[textures\icons\scenario x general icons 64.tga]
Running Texture Compiler...
Processed: 1
1 texture(s) processed!

[textures\icons\scenario x kastor icons 32.tga]
Running Texture Compiler...
Processed: 1
1 texture(s) processed!

[textures\icons\scenario x kastor icons 64.tga]
Running Texture Compiler...
Processed: 1
1 texture(s) processed!

[textures\icons\scenario x kronny icons 32.tga]
Running Texture Compiler...
Processed: 1
1 texture(s) processed!

[textures\icons\scenario x kronny icons 64.tga]
Running Texture Compiler...
Processed: 1
1 texture(s) processed!

[textures\icons\scenario x statue chimera icons.tga]
Running Texture Compiler...
Processed: 1
1 texture(s) processed!

[textures\icons\scenario x statue cyclops icons.tga]
Running Texture Compiler...
Processed: 1
1 texture(s) processed!

[textures\icons\scenario x statue general icons.tga]
Running Texture Compiler...
Processed: 1
1 texture(s) processed!

[textures\icons\scenario x statue hydra icons.tga]
Running Texture Compiler...
Processed: 1
1 texture(s) processed!

[textures\icons\scenario x statue manticore icons.tga]
Running Texture Compiler...
Processed: 1
1 texture(s) processed!

[textures\icons\scenario x statue nemean lion icons.tga]
Running Texture Compiler...
Processed: 1
1 texture(s) processed!

[textures\icons\scenario x statue valkyrie icons.tga]
Running Texture Compiler...
Processed: 1
1 texture(s) processed!

[textures\icons\scenario x summoning tree icons.tga]
Running Texture Compiler...
Processed: 1
1 texture(s) processed!

[textures\icons\scenario x titan kronos icons 32.tga]
Running Texture Compiler...
Processed: 1
1 texture(s) processed!

[textures\icons\scenario x titan kronos icons 64.tga]
Running Texture Compiler...
Processed: 1
1 texture(s) processed!

[textures\icons\scenerio x statue chimera icons.tga]
Running Texture Compiler...
Processed: 1
1 texture(s) processed!

[textures\icons\seige_camp.tga]
Running Texture Compiler...
Processed: 1
1 texture(s) processed!

[textures\icons\sellfood.tga]
Running Texture Compiler...
Processed: 1
1 texture(s) processed!

[textures\icons\sellwood.tga]
Running Texture Compiler...
Processed: 1
1 texture(s) processed!

[textures\icons\siege ballista icon.tga]
Running Texture Compiler...
Processed: 1
1 texture(s) processed!

[textures\icons\siege c fire lance icon.tga]
Running Texture Compiler...
Processed: 1
1 texture(s) processed!

[textures\icons\siege c sitting tiger icon.tga]
Running Texture Compiler...
Processed: 1
1 texture(s) processed!

[textures\icons\siege catapult icon 64.tga]
Running Texture Compiler...
Processed: 1
1 texture(s) processed!

[textures\icons\siege catapult icon.tga]
Running Texture Compiler...
Processed: 1
1 texture(s) processed!

[textures\icons\siege e catapult icon 64.tga]
Running Texture Compiler...
Processed: 1
1 texture(s) processed!

[textures\icons\siege e catapult icon.tga]
Running Texture Compiler...
Processed: 1
1 texture(s) processed!

[textures\icons\siege e siege tower icon 64.tga]
Running Texture Compiler...
Processed: 1
1 texture(s) processed!

[textures\icons\siege e siege tower icon.tga]
Running Texture Compiler...
Processed: 1
1 texture(s) processed!

[textures\icons\siege e tower icon.tga]
Running Texture Compiler...
Processed: 1
1 texture(s) processed!

[textures\icons\siege g helepolis icon 64.tga]
Running Texture Compiler...
Processed: 1
1 texture(s) processed!

[textures\icons\siege g helepolis icon.tga]
Running Texture Compiler...
Processed: 1
1 texture(s) processed!

[textures\icons\siege g petrobolos icon 64.tga]
Running Texture Compiler...
Processed: 1
1 texture(s) processed!

[textures\icons\siege g petrobolos icon.tga]
Running Texture Compiler...
Processed: 1
1 texture(s) processed!

[textures\icons\siege g tower icon.tga]
Running Texture Compiler...
Processed: 1
1 texture(s) processed!

[textures\icons\siege n ballista icon 64.tga]
Running Texture Compiler...
Processed: 1
1 texture(s) processed!

[textures\icons\siege n ballista icon.tga]
Running Texture Compiler...
Processed: 1
1 texture(s) processed!

[textures\icons\siege n catapult icon.tga]
Running Texture Compiler...
Processed: 1
1 texture(s) processed!

[textures\icons\siege n portable ram icon 64.tga]
Running Texture Compiler...
Processed: 1
1 texture(s) processed!

[textures\icons\siege n portable ram icon.tga]
Running Texture Compiler...
Processed: 1
1 texture(s) processed!

[textures\icons\siege n tower icon.tga]
Running Texture Compiler...
Processed: 1
1 texture(s) processed!

[textures\icons\siege portable ram icon.tga]
Running Texture Compiler...
Processed: 1
1 texture(s) processed!

[textures\icons\siege tower icon.tga]
Running Texture Compiler...
Processed: 1
1 texture(s) processed!

[textures\icons\siege trojan horse icon 64.tga]
Running Texture Compiler...
Processed: 1
1 texture(s) processed!

[textures\icons\siege trojan horse icon.tga]
Running Texture Compiler...
Processed: 1
1 texture(s) processed!

[textures\icons\siege x chieroballista icons 32.tga]
Running Texture Compiler...
Processed: 1
1 texture(s) processed!

[textures\icons\siege x chieroballista icons 64.tga]
Running Texture Compiler...
Processed: 1
1 texture(s) processed!

[textures\icons\siege x fire siphon icons 32.tga]
Running Texture Compiler...
Processed: 1
1 texture(s) processed!

[textures\icons\siege x fire siphon icons 64.tga]
Running Texture Compiler...
Processed: 1
1 texture(s) processed!

[textures\icons\siege x onager icon.tga]
Running Texture Compiler...
Processed: 1
1 texture(s) processed!

[textures\icons\spcx kastor icon 32.tga]
Running Texture Compiler...
Processed: 1
1 texture(s) processed!

[textures\icons\spcx kastor icon 64.tga]
Running Texture Compiler...
Processed: 1
1 texture(s) processed!

[textures\icons\spear 1_ico.tga]
Running Texture Compiler...
Processed: 1
1 texture(s) processed!

[textures\icons\spear 2_ico.tga]
Running Texture Compiler...
Processed: 1
1 texture(s) processed!

[textures\icons\special a titan promethean icon 64.tga]
Running Texture Compiler...
Processed: 1
1 texture(s) processed!

[textures\icons\special c azure dragon icon.tga]
Running Texture Compiler...
Processed: 1
1 texture(s) processed!

[textures\icons\special c dragon turtle icon.tga]
Running Texture Compiler...
Processed: 1
1 texture(s) processed!

[textures\icons\special c earth dragon icon.tga]
Running Texture Compiler...
Processed: 1
1 texture(s) processed!

[textures\icons\special c jiangshi icon.tga]
Running Texture Compiler...
Processed: 1
1 texture(s) processed!

[textures\icons\special c monkey king icon.tga]
Running Texture Compiler...
Processed: 1
1 texture(s) processed!

[textures\icons\special c pixiu icon.tga]
Running Texture Compiler...
Processed: 1
1 texture(s) processed!

[textures\icons\special c qilin icon.tga]
Running Texture Compiler...
Processed: 1
1 texture(s) processed!

[textures\icons\special c terracotta soldier icon.tga]
Running Texture Compiler...
Processed: 1
1 texture(s) processed!

[textures\icons\special c titan icon.tga]
Running Texture Compiler...
Processed: 1
1 texture(s) processed!

[textures\icons\special c vermilion bird icon.tga]
Running Texture Compiler...
Processed: 1
1 texture(s) processed!

[textures\icons\special c war salamander icon.tga]
Running Texture Compiler...
Processed: 1
1 texture(s) processed!

[textures\icons\special c white tiger icon.tga]
Running Texture Compiler...
Processed: 1
1 texture(s) processed!

[textures\icons\special e amanra icon 64.tga]
Running Texture Compiler...
Processed: 1
1 texture(s) processed!

[textures\icons\special e amanra icon.tga]
Running Texture Compiler...
Processed: 1
1 texture(s) processed!

[textures\icons\special e anubite icon 64.tga]
Running Texture Compiler...
Processed: 1
1 texture(s) processed!

[textures\icons\special e anubite icon.tga]
Running Texture Compiler...
Processed: 1
1 texture(s) processed!

[textures\icons\special e avenger icon 64.tga]
Running Texture Compiler...
Processed: 1
1 texture(s) processed!

[textures\icons\special e avenger icon.tga]
Running Texture Compiler...
Processed: 1
1 texture(s) processed!

[textures\icons\special e chimera icon 64.tga]
Running Texture Compiler...
Processed: 1
1 texture(s) processed!

[textures\icons\special e chimera icon.tga]
Running Texture Compiler...
Processed: 1
1 texture(s) processed!

[textures\icons\special e leviathan icon 64.tga]
Running Texture Compiler...
Processed: 1
1 texture(s) processed!

[textures\icons\special e leviathan icon.tga]
Running Texture Compiler...
Processed: 1
1 texture(s) processed!

[textures\icons\special e mercenary cavalry icon 64.tga]
Running Texture Compiler...
Processed: 1
1 texture(s) processed!

[textures\icons\special e mercenary cavalry icon.tga]
Running Texture Compiler...
Processed: 1
1 texture(s) processed!

[textures\icons\special e mercenary icon 64.tga]
Running Texture Compiler...
Processed: 1
1 texture(s) processed!

[textures\icons\special e mercenary icon.tga]
Running Texture Compiler...
Processed: 1
1 texture(s) processed!

[textures\icons\special e minion icon 64.tga]
Running Texture Compiler...
Processed: 1
1 texture(s) processed!

[textures\icons\special e minion icon.tga]
Running Texture Compiler...
Processed: 1
1 texture(s) processed!

[textures\icons\special e mummy icon 64.tga]
Running Texture Compiler...
Processed: 1
1 texture(s) processed!

[textures\icons\special e mummy icon.tga]
Running Texture Compiler...
Processed: 1
1 texture(s) processed!

[textures\icons\special e osiris box icon 64.tga]
Running Texture Compiler...
Processed: 1
1 texture(s) processed!

[textures\icons\special e petosuchus icon 64.tga]
Running Texture Compiler...
Processed: 1
1 texture(s) processed!

[textures\icons\special e petosuchus icon.tga]
Running Texture Compiler...
Processed: 1
1 texture(s) processed!

[textures\icons\special e pharaoh icon 64.tga]
Running Texture Compiler...
Processed: 1
1 texture(s) processed!

[textures\icons\special e pharaoh icon.tga]
Running Texture Compiler...
Processed: 1
1 texture(s) processed!

[textures\icons\special e phoenix egg icon 64.tga]
Running Texture Compiler...
Processed: 1
1 texture(s) processed!

[textures\icons\special e phoenix egg icon.tga]
Running Texture Compiler...
Processed: 1
1 texture(s) processed!

[textures\icons\special e phoenix icon 64.tga]
Running Texture Compiler...
Processed: 1
1 texture(s) processed!

[textures\icons\special e phoenix icon.tga]
Running Texture Compiler...
Processed: 1
1 texture(s) processed!

[textures\icons\special e priest icon 64.tga]
Running Texture Compiler...
Processed: 1
1 texture(s) processed!

[textures\icons\special e priest icon.tga]
Running Texture Compiler...
Processed: 1
1 texture(s) processed!

[textures\icons\special e roc icon 64.tga]
Running Texture Compiler...
Processed: 1
1 texture(s) processed!

[textures\icons\special e roc icon.tga]
Running Texture Compiler...
Processed: 1
1 texture(s) processed!

[textures\icons\special e scarab icon 64.tga]
Running Texture Compiler...
Processed: 1
1 texture(s) processed!

[textures\icons\special e scarab icon.tga]
Running Texture Compiler...
Processed: 1
1 texture(s) processed!

[textures\icons\special e scorpion man icon.tga]
Running Texture Compiler...
Processed: 1
1 texture(s) processed!

[textures\icons\special e scorpionman icon 64.tga]
Running Texture Compiler...
Processed: 1
1 texture(s) processed!

[textures\icons\special e scorpionman icon.tga]
Running Texture Compiler...
Processed: 1
1 texture(s) processed!

[textures\icons\special e serpent icon 64.tga]
Running Texture Compiler...
Processed: 1
1 texture(s) processed!

[textures\icons\special e serpent icon.tga]
Running Texture Compiler...
Processed: 1
1 texture(s) processed!

[textures\icons\special e setna icon 64.tga]
Running Texture Compiler...
Processed: 1
1 texture(s) processed!

[textures\icons\special e setna icon.tga]
Running Texture Compiler...
Processed: 1
1 texture(s) processed!

[textures\icons\special e shaba ka icon 64.tga]
Running Texture Compiler...
Processed: 1
1 texture(s) processed!

[textures\icons\special e shaba ka icon.tga]
Running Texture Compiler...
Processed: 1
1 texture(s) processed!

[textures\icons\special e son of osiris icon 64.tga]
Running Texture Compiler...
Processed: 1
1 texture(s) processed!

[textures\icons\special e son of osiris icon.tga]
Running Texture Compiler...
Processed: 1
1 texture(s) processed!

[textures\icons\special e sphinx icon 64.tga]
Running Texture Compiler...
Processed: 1
1 texture(s) processed!

[textures\icons\special e sphinx icon.tga]
Running Texture Compiler...
Processed: 1
1 texture(s) processed!

[textures\icons\special e vulture icon 64.tga]
Running Texture Compiler...
Processed: 1
1 texture(s) processed!

[textures\icons\special e vulture icon.tga]
Running Texture Compiler...
Processed: 1
1 texture(s) processed!

[textures\icons\special e wadjet icon 64.tga]
Running Texture Compiler...
Processed: 1
1 texture(s) processed!

[textures\icons\special e wadjet icon.tga]
Running Texture Compiler...
Processed: 1
1 texture(s) processed!

[textures\icons\special g agamemnon icon 64.tga]
Running Texture Compiler...
Processed: 1
1 texture(s) processed!

[textures\icons\special g agamemnon icon.tga]
Running Texture Compiler...
Processed: 1
1 texture(s) processed!

[textures\icons\special g argo icon 64.tga]
Running Texture Compiler...
Processed: 1
1 texture(s) processed!

[textures\icons\special g argo icon.tga]
Running Texture Compiler...
Processed: 1
1 texture(s) processed!

[textures\icons\special g arkantos icon 64.tga]
Running Texture Compiler...
Processed: 1
1 texture(s) processed!

[textures\icons\special g arkantos icon.tga]
Running Texture Compiler...
Processed: 1
1 texture(s) processed!

[textures\icons\special g bronze colossus icon 64.tga]
Running Texture Compiler...
Processed: 1
1 texture(s) processed!

[textures\icons\special g bronze colossus icon.tga]
Running Texture Compiler...
Processed: 1
1 texture(s) processed!

[textures\icons\special g carcinos icon 64.tga]
Running Texture Compiler...
Processed: 1
1 texture(s) processed!

[textures\icons\special g carcinos icon.tga]
Running Texture Compiler...
Processed: 1
1 texture(s) processed!

[textures\icons\special g centaur icon 64.tga]
Running Texture Compiler...
Processed: 1
1 texture(s) processed!

[textures\icons\special g centaur icon.tga]
Running Texture Compiler...
Processed: 1
1 texture(s) processed!

[textures\icons\special g chimera icon 64.tga]
Running Texture Compiler...
Processed: 1
1 texture(s) processed!

[textures\icons\special g chimera icon.tga]
Running Texture Compiler...
Processed: 1
1 texture(s) processed!

[textures\icons\special g circe icon 64.tga]
Running Texture Compiler...
Processed: 1
1 texture(s) processed!

[textures\icons\special g circe icon.tga]
Running Texture Compiler...
Processed: 1
1 texture(s) processed!

[textures\icons\special g colossus icon 64.tga]
Running Texture Compiler...
Processed: 1
1 texture(s) processed!

[textures\icons\special g colossus icon.tga]
Running Texture Compiler...
Processed: 1
1 texture(s) processed!

[textures\icons\special g copper colossus icon 64.tga]
Running Texture Compiler...
Processed: 1
1 texture(s) processed!

[textures\icons\special g copper colossus icon.tga]
Running Texture Compiler...
Processed: 1
1 texture(s) processed!

[textures\icons\special g cyclops icon 64.tga]
Running Texture Compiler...
Processed: 1
1 texture(s) processed!

[textures\icons\special g cyclops icon.tga]
Running Texture Compiler...
Processed: 1
1 texture(s) processed!

[textures\icons\special g god statue icon 64.tga]
Running Texture Compiler...
Processed: 1
1 texture(s) processed!

[textures\icons\special g griffon icon.tga]
Running Texture Compiler...
Processed: 1
1 texture(s) processed!

[textures\icons\special g hades ram icon 64.tga]
Running Texture Compiler...
Processed: 1
1 texture(s) processed!

[textures\icons\special g harpy icon.tga]
Running Texture Compiler...
Processed: 1
1 texture(s) processed!

[textures\icons\special g hippocampus icon 64.tga]
Running Texture Compiler...
Processed: 1
1 texture(s) processed!

[textures\icons\special g hippocampus icon.tga]
Running Texture Compiler...
Processed: 1
1 texture(s) processed!

[textures\icons\special g hydra icon 64.tga]
Running Texture Compiler...
Processed: 1
1 texture(s) processed!

[textures\icons\special g hydra icon.tga]
Running Texture Compiler...
Processed: 1
1 texture(s) processed!

[textures\icons\special g iron colossus icon 64.tga]
Running Texture Compiler...
Processed: 1
1 texture(s) processed!

[textures\icons\special g iron colossus icon.tga]
Running Texture Compiler...
Processed: 1
1 texture(s) processed!

[textures\icons\special g kastor icon 64.tga]
Running Texture Compiler...
Processed: 1
1 texture(s) processed!

[textures\icons\special g kastor icon.tga]
Running Texture Compiler...
Processed: 1
1 texture(s) processed!

[textures\icons\special g manticore icon 64.tga]
Running Texture Compiler...
Processed: 1
1 texture(s) processed!

[textures\icons\special g manticore icon.tga]
Running Texture Compiler...
Processed: 1
1 texture(s) processed!

[textures\icons\special g medusa icon 64.tga]
Running Texture Compiler...
Processed: 1
1 texture(s) processed!

[textures\icons\special g medusa icon.tga]
Running Texture Compiler...
Processed: 1
1 texture(s) processed!

[textures\icons\special g minotaur icon 64.tga]
Running Texture Compiler...
Processed: 1
1 texture(s) processed!

[textures\icons\special g minotaur icon.tga]
Running Texture Compiler...
Processed: 1
1 texture(s) processed!

[textures\icons\special g nemean lion icon 64.tga]
Running Texture Compiler...
Processed: 1
1 texture(s) processed!

[textures\icons\special g nemean lion icon.tga]
Running Texture Compiler...
Processed: 1
1 texture(s) processed!

[textures\icons\special g pegasus icon 64.tga]
Running Texture Compiler...
Processed: 1
1 texture(s) processed!

[textures\icons\special g pegasus icon.tga]
Running Texture Compiler...
Processed: 1
1 texture(s) processed!

[textures\icons\special g scylla icon 64.tga]
Running Texture Compiler...
Processed: 1
1 texture(s) processed!

[textures\icons\special g scylla icon.tga]
Running Texture Compiler...
Processed: 1
1 texture(s) processed!

[textures\icons\special g sea turtle icon 64.tga]
Running Texture Compiler...
Processed: 1
1 texture(s) processed!

[textures\icons\special g sea turtle icon.tga]
Running Texture Compiler...
Processed: 1
1 texture(s) processed!

[textures\icons\special g shade icon 64.tga]
Running Texture Compiler...
Processed: 1
1 texture(s) processed!

[textures\icons\special g shade icon.tga]
Running Texture Compiler...
Processed: 1
1 texture(s) processed!

[textures\icons\special kraken bits icon 64.tga]
Running Texture Compiler...
Processed: 1
1 texture(s) processed!

[textures\icons\special n battle boar icon 64.tga]
Running Texture Compiler...
Processed: 1
1 texture(s) processed!

[textures\icons\special n battle boar icon.tga]
Running Texture Compiler...
Processed: 1
1 texture(s) processed!

[textures\icons\special n einheriar icon 64.tga]
Running Texture Compiler...
Processed: 1
1 texture(s) processed!

[textures\icons\special n einheriar icon.tga]
Running Texture Compiler...
Processed: 1
1 texture(s) processed!

[textures\icons\special n fenris wolf icon 64.tga]
Running Texture Compiler...
Processed: 1
1 texture(s) processed!

[textures\icons\special n fenris wolf icon.tga]
Running Texture Compiler...
Processed: 1
1 texture(s) processed!

[textures\icons\special n fire giant icon 64.tga]
Running Texture Compiler...
Processed: 1
1 texture(s) processed!

[textures\icons\special n fire giant icon.tga]
Running Texture Compiler...
Processed: 1
1 texture(s) processed!

[textures\icons\special n frost giant icon 64.tga]
Running Texture Compiler...
Processed: 1
1 texture(s) processed!

[textures\icons\special n frost giant icon.tga]
Running Texture Compiler...
Processed: 1
1 texture(s) processed!

[textures\icons\special n jormund brood icon 64.tga]
Running Texture Compiler...
Processed: 1
1 texture(s) processed!

[textures\icons\special n jormund brood icon.tga]
Running Texture Compiler...
Processed: 1
1 texture(s) processed!

[textures\icons\special n kraken icon 64.tga]
Running Texture Compiler...
Processed: 1
1 texture(s) processed!

[textures\icons\special n kraken icon.tga]
Running Texture Compiler...
Processed: 1
1 texture(s) processed!

[textures\icons\special n mountain giant icon 64.tga]
Running Texture Compiler...
Processed: 1
1 texture(s) processed!

[textures\icons\special n mountain giant icon.tga]
Running Texture Compiler...
Processed: 1
1 texture(s) processed!

[textures\icons\special n nidhogg icon 64.tga]
Running Texture Compiler...
Processed: 1
1 texture(s) processed!

[textures\icons\special n nidhogg icon.tga]
Running Texture Compiler...
Processed: 1
1 texture(s) processed!

[textures\icons\special n raven icon 64.tga]
Running Texture Compiler...
Processed: 1
1 texture(s) processed!

[textures\icons\special n raven icon.tga]
Running Texture Compiler...
Processed: 1
1 texture(s) processed!

[textures\icons\special n titan.tga]
Running Texture Compiler...
Processed: 1
1 texture(s) processed!

[textures\icons\special n troll icon 64.tga]
Running Texture Compiler...
Processed: 1
1 texture(s) processed!

[textures\icons\special n trollkarien icon.tga]
Running Texture Compiler...
Processed: 1
1 texture(s) processed!

[textures\icons\special n valkyrie icon 64.tga]
Running Texture Compiler...
Processed: 1
1 texture(s) processed!

[textures\icons\special n valkyrie icon.tga]
Running Texture Compiler...
Processed: 1
1 texture(s) processed!

[textures\icons\special x argus icons 32.tga]
Running Texture Compiler...
Processed: 1
1 texture(s) processed!

[textures\icons\special x argus icons 64.tga]
Running Texture Compiler...
Processed: 1
1 texture(s) processed!

[textures\icons\special x atlantean titan icons 32.tga]
Running Texture Compiler...
Processed: 1
1 texture(s) processed!

[textures\icons\special x atlantean titan icons 64.tga]
Running Texture Compiler...
Processed: 1
1 texture(s) processed!

[textures\icons\special x automaton icons 32.tga]
Running Texture Compiler...
Processed: 1
1 texture(s) processed!

[textures\icons\special x automaton icons 64.tga]
Running Texture Compiler...
Processed: 1
1 texture(s) processed!

[textures\icons\special x behemoth icons 32.tga]
Running Texture Compiler...
Processed: 1
1 texture(s) processed!

[textures\icons\special x behemoth icons 64.tga]
Running Texture Compiler...
Processed: 1
1 texture(s) processed!

[textures\icons\special x flying medic icons 32.tga]
Running Texture Compiler...
Processed: 1
1 texture(s) processed!

[textures\icons\special x flying medic icons 64.tga]
Running Texture Compiler...
Processed: 1
1 texture(s) processed!

[textures\icons\special x gate spawn icons 32.tga]
Running Texture Compiler...
Processed: 1
1 texture(s) processed!

[textures\icons\special x gate spawn icons 64.tga]
Running Texture Compiler...
Processed: 1
1 texture(s) processed!

[textures\icons\special x heka gigantes icons 32.tga]
Running Texture Compiler...
Processed: 1
1 texture(s) processed!

[textures\icons\special x heka gigantes icons 64.tga]
Running Texture Compiler...
Processed: 1
1 texture(s) processed!

[textures\icons\special x lampades icons 32.tga]
Running Texture Compiler...
Processed: 1
1 texture(s) processed!

[textures\icons\special x lampades icons 64.tga]
Running Texture Compiler...
Processed: 1
1 texture(s) processed!

[textures\icons\special x man o war icons 32.tga]
Running Texture Compiler...
Processed: 1
1 texture(s) processed!

[textures\icons\special x man o war icons 64.tga]
Running Texture Compiler...
Processed: 1
1 texture(s) processed!

[textures\icons\special x nereid icons 32.tga]
Running Texture Compiler...
Processed: 1
1 texture(s) processed!

[textures\icons\special x nereid icons 64.tga]
Running Texture Compiler...
Processed: 1
1 texture(s) processed!

[textures\icons\special x neyeid icons 32.tga]
Running Texture Compiler...
Processed: 1
1 texture(s) processed!

[textures\icons\special x neyeid icons 64.tga]
Running Texture Compiler...
Processed: 1
1 texture(s) processed!

[textures\icons\special x promethean icons 32.tga]
Running Texture Compiler...
Processed: 1
1 texture(s) processed!

[textures\icons\special x promethean icons 64.tga]
Running Texture Compiler...
Processed: 1
1 texture(s) processed!

[textures\icons\special x promethean small icons 32.tga]
Running Texture Compiler...
Processed: 1
1 texture(s) processed!

[textures\icons\special x promethean small icons 64.tga]
Running Texture Compiler...
Processed: 1
1 texture(s) processed!

[textures\icons\special x satyr icons 32.tga]
Running Texture Compiler...
Processed: 1
1 texture(s) processed!

[textures\icons\special x satyr icons 64.tga]
Running Texture Compiler...
Processed: 1
1 texture(s) processed!

[textures\icons\special x servant icons 32.tga]
Running Texture Compiler...
Processed: 1
1 texture(s) processed!

[textures\icons\special x servant icons 64.tga]
Running Texture Compiler...
Processed: 1
1 texture(s) processed!

[textures\icons\special x small promethean icons 32.tga]
Running Texture Compiler...
Processed: 1
1 texture(s) processed!

[textures\icons\special x small promethean icons 64.tga]
Running Texture Compiler...
Processed: 1
1 texture(s) processed!

[textures\icons\special x small promethian icons 32.tga]
Running Texture Compiler...
Processed: 1
1 texture(s) processed!

[textures\icons\special x small promethian icons 64.tga]
Running Texture Compiler...
Processed: 1
1 texture(s) processed!

[textures\icons\special x stymphalian bird icons 32.tga]
Running Texture Compiler...
Processed: 1
1 texture(s) processed!

[textures\icons\special x stymphalian bird icons 64.tga]
Running Texture Compiler...
Processed: 1
1 texture(s) processed!

[textures\icons\special x titan egyptian 64.tga]
Running Texture Compiler...
Processed: 1
1 texture(s) processed!

[textures\icons\special x titan gaia icons 32.tga]
Running Texture Compiler...
Processed: 1
1 texture(s) processed!

[textures\icons\special x titan gaia icons 64.tga]
Running Texture Compiler...
Processed: 1
1 texture(s) processed!

[textures\icons\special x titan greek 64.tga]
Running Texture Compiler...
Processed: 1
1 texture(s) processed!

[textures\icons\special x titan icons 32.tga]
Running Texture Compiler...
Processed: 1
1 texture(s) processed!

[textures\icons\special x titan icons 64.tga]
Running Texture Compiler...
Processed: 1
1 texture(s) processed!

[textures\icons\special x titan norse 64.tga]
Running Texture Compiler...
Processed: 1
1 texture(s) processed!

[textures\icons\star.tga]
Running Texture Compiler...
Processed: 1
1 texture(s) processed!

[textures\icons\trade c caravan icon.tga]
Running Texture Compiler...
Processed: 1
1 texture(s) processed!

[textures\icons\trade c caravan.tga]
Running Texture Compiler...
Processed: 1
1 texture(s) processed!

[textures\icons\trade e caravan icon 64.tga]
Running Texture Compiler...
Processed: 1
1 texture(s) processed!

[textures\icons\trade e caravan icon.tga]
Running Texture Compiler...
Processed: 1
1 texture(s) processed!

[textures\icons\trade g caravan icon 64.tga]
Running Texture Compiler...
Processed: 1
1 texture(s) processed!

[textures\icons\trade g caravan icon.tga]
Running Texture Compiler...
Processed: 1
1 texture(s) processed!

[textures\icons\trade n caravan icon 64.tga]
Running Texture Compiler...
Processed: 1
1 texture(s) processed!

[textures\icons\trade n caravan icon.tga]
Running Texture Compiler...
Processed: 1
1 texture(s) processed!

[textures\icons\trade x caravan icons 32.tga]
Running Texture Compiler...
Processed: 1
1 texture(s) processed!

[textures\icons\trade x caravan icons 64.tga]
Running Texture Compiler...
Processed: 1
1 texture(s) processed!

[textures\icons\ui minimap combat in.tga]
Running Texture Compiler...
Processed: 1
1 texture(s) processed!

[textures\icons\ui minimap combat.tga]
Running Texture Compiler...
Processed: 1
1 texture(s) processed!

[textures\icons\ui minimap default .tga]
Running Texture Compiler...
Processed: 1
1 texture(s) processed!

[textures\icons\ui minimap default in.tga]
Running Texture Compiler...
Processed: 1
1 texture(s) processed!

[textures\icons\ui minimap default.tga]
Running Texture Compiler...
Processed: 1
1 texture(s) processed!

[textures\icons\ui minimap flare in.tga]
Running Texture Compiler...
Processed: 1
1 texture(s) processed!

[textures\icons\ui minimap flare.tga]
Running Texture Compiler...
Processed: 1
1 texture(s) processed!

[textures\icons\ui minimap home in.tga]
Running Texture Compiler...
Processed: 1
1 texture(s) processed!

[textures\icons\ui minimap home.tga]
Running Texture Compiler...
Processed: 1
1 texture(s) processed!

[textures\icons\ui minimap resource in.tga]
Running Texture Compiler...
Processed: 1
1 texture(s) processed!

[textures\icons\ui minimap resource.tga]
Running Texture Compiler...
Processed: 1
1 texture(s) processed!

[textures\icons\ui_e_furledbanner.tga]
Running Texture Compiler...
Processed: 1
1 texture(s) processed!

[textures\icons\ui_e_menuicon.tga]
Running Texture Compiler...
Processed: 1
1 texture(s) processed!

[textures\icons\ui_egyptian_button.tga]
Running Texture Compiler...
Processed: 1
1 texture(s) processed!

[textures\icons\ui_egyptian_dialog_box.tga]
Running Texture Compiler...
Processed: 1
1 texture(s) processed!

[textures\icons\ui_egyptian_dialog_button.tga]
Running Texture Compiler...
Processed: 1
1 texture(s) processed!

[textures\icons\ui_g_furledbanner.tga]
Running Texture Compiler...
Processed: 1
1 texture(s) processed!

[textures\icons\ui_generic_button.tga]
Running Texture Compiler...
Processed: 1
1 texture(s) processed!

[textures\icons\ui_generic_chat.tga]
Running Texture Compiler...
Processed: 1
1 texture(s) processed!

[textures\icons\ui_generic_dialog_button.tga]
Running Texture Compiler...
Processed: 1
1 texture(s) processed!

[textures\icons\ui_generic_diplomacy.tga]
Running Texture Compiler...
Processed: 1
1 texture(s) processed!

[textures\icons\ui_generic_diplomacy_allied.tga]
Running Texture Compiler...
Processed: 1
1 texture(s) processed!

[textures\icons\ui_generic_diplomacy_enemy.tga]
Running Texture Compiler...
Processed: 1
1 texture(s) processed!

[textures\icons\ui_generic_diplomacy_neutral.tga]
Running Texture Compiler...
Processed: 1
1 texture(s) processed!

[textures\icons\ui_generic_diplomacy_self.tga]
Running Texture Compiler...
Processed: 1
1 texture(s) processed!

[textures\icons\ui_generic_minimap_rotation.tga]
Running Texture Compiler...
Processed: 1
1 texture(s) processed!

[textures\icons\ui_n_furledbanner.tga]
Running Texture Compiler...
Processed: 1
1 texture(s) processed!

[textures\icons\ui_n_maprotate.tga]
Running Texture Compiler...
Processed: 1
1 texture(s) processed!

[textures\icons\ui_n_menuicon.tga]
Running Texture Compiler...
Processed: 1
1 texture(s) processed!

[textures\icons\ui_n_minimize_arrow_button.tga]
Running Texture Compiler...
Processed: 1
1 texture(s) processed!

[textures\icons\ui_n_minimize_arrow_holder.tga]
Running Texture Compiler...
Processed: 1
1 texture(s) processed!

[textures\icons\ui_x_furledbanner.tga]
Running Texture Compiler...
Processed: 1
1 texture(s) processed!

[textures\icons\ui_x_title_titan.tga]
Running Texture Compiler...
Processed: 1
1 texture(s) processed!

[textures\icons\unit argus icons 32.tga]
Running Texture Compiler...
Processed: 1
1 texture(s) processed!

[textures\icons\unit argus icons 64.tga]
Running Texture Compiler...
Processed: 1
1 texture(s) processed!

[textures\icons\unit e archer icon.tga]
Running Texture Compiler...
Processed: 1
1 texture(s) processed!

[textures\icons\unit e axeman icon.tga]
Running Texture Compiler...
Processed: 1
1 texture(s) processed!

[textures\icons\unit e pharaoh icon 64.tga]
Running Texture Compiler...
Processed: 1
1 texture(s) processed!

[textures\icons\unit e pharaoh icon.tga]
Running Texture Compiler...
Processed: 1
1 texture(s) processed!

[textures\icons\unit e priest icon 64.tga]
Running Texture Compiler...
Processed: 1
1 texture(s) processed!

[textures\icons\unit e priest icon.tga]
Running Texture Compiler...
Processed: 1
1 texture(s) processed!

[textures\icons\unit e villager icon.tga]
Running Texture Compiler...
Processed: 1
1 texture(s) processed!

[textures\icons\unit g villager icon.tga]
Running Texture Compiler...
Processed: 1
1 texture(s) processed!

[textures\icons\unit n villager icon.tga]
Running Texture Compiler...
Processed: 1
1 texture(s) processed!

[textures\icons\vengence_ico.tga]
Running Texture Compiler...
Processed: 1
1 texture(s) processed!

[textures\icons\villager c male icon.tga]
Running Texture Compiler...
Processed: 1
1 texture(s) processed!

[textures\icons\villager e male icon 64.tga]
Running Texture Compiler...
Processed: 1
1 texture(s) processed!

[textures\icons\villager e male icon.tga]
Running Texture Compiler...
Processed: 1
1 texture(s) processed!

[textures\icons\villager g male icon 64.tga]
Running Texture Compiler...
Processed: 1
1 texture(s) processed!

[textures\icons\villager g male icon.tga]
Running Texture Compiler...
Processed: 1
1 texture(s) processed!

[textures\icons\villager n dwarf icon 64.tga]
Running Texture Compiler...
Processed: 1
1 texture(s) processed!

[textures\icons\villager n dwarf icon.tga]
Running Texture Compiler...
Processed: 1
1 texture(s) processed!

[textures\icons\villager n male icon 64.tga]
Running Texture Compiler...
Processed: 1
1 texture(s) processed!

[textures\icons\villager n male icon.tga]
Running Texture Compiler...
Processed: 1
1 texture(s) processed!

[textures\icons\villager n oxcart icon 64.tga]
Running Texture Compiler...
Processed: 1
1 texture(s) processed!

[textures\icons\villager n oxcart icon.tga]
Running Texture Compiler...
Processed: 1
1 texture(s) processed!

[textures\icons\villager x male hero icons 32.tga]
Running Texture Compiler...
Processed: 1
1 texture(s) processed!

[textures\icons\villager x male hero icons 64.tga]
Running Texture Compiler...
Processed: 1
1 texture(s) processed!

[textures\icons\villager x male icons 32.tga]
Running Texture Compiler...
Processed: 1
1 texture(s) processed!

[textures\icons\villager x male icons 64.tga]
Running Texture Compiler...
Processed: 1
1 texture(s) processed!

[textures\icons\villager.tga]
Running Texture Compiler...
Processed: 1
1 texture(s) processed!

[textures\icons\wonder.tga]
Running Texture Compiler...
Processed: 1
1 texture(s) processed!

[textures\icons\wood 64.tga]
Running Texture Compiler...
Processed: 1
1 texture(s) processed!

[textures\icons\wood.tga]
Running Texture Compiler...
Processed: 1
1 texture(s) processed!

[textures\icons\world berry bush icon 64.tga]
Running Texture Compiler...
Processed: 1
1 texture(s) processed!

[textures\icons\world column icon 64.tga]
Running Texture Compiler...
Processed: 1
1 texture(s) processed!

[textures\icons\world dead tree icon 64.tga]
Running Texture Compiler...
Processed: 1
1 texture(s) processed!

[textures\icons\world hawk icon 64.tga]
Running Texture Compiler...
Processed: 1
1 texture(s) processed!

[textures\icons\world obelisk icon 64.tga]
Running Texture Compiler...
Processed: 1
1 texture(s) processed!

[textures\icons\world tent icon 64.tga]
Running Texture Compiler...
Processed: 1
1 texture(s) processed!

[textures\icons\world torch icon 64.tga]
Running Texture Compiler...
Processed: 1
1 texture(s) processed!

[textures\igc stone prop.tga]
Running Texture Compiler...
Processed: 1
1 texture(s) processed!

[textures\improvement acupuncture icon.tga]
Running Texture Compiler...
Processed: 1
1 texture(s) processed!

[textures\improvement aokuang icon.tga]
Running Texture Compiler...
Processed: 1
1 texture(s) processed!

[textures\improvement bone oracle script icon.tga]
Running Texture Compiler...
Processed: 1
1 texture(s) processed!

[textures\improvement burials icon.tga]
Running Texture Compiler...
Processed: 1
1 texture(s) processed!

[textures\improvement celestial palace icon.tga]
Running Texture Compiler...
Processed: 1
1 texture(s) processed!

[textures\improvement champion barracks icon.tga]
Running Texture Compiler...
Processed: 1
1 texture(s) processed!

[textures\improvement change icon.tga]
Running Texture Compiler...
Processed: 1
1 texture(s) processed!

[textures\improvement chongli icon.tga]
Running Texture Compiler...
Processed: 1
1 texture(s) processed!

[textures\improvement dabogong icon.tga]
Running Texture Compiler...
Processed: 1
1 texture(s) processed!

[textures\improvement dragon scales icon.tga]
Running Texture Compiler...
Processed: 1
1 texture(s) processed!

[textures\improvement east sea icon.tga]
Running Texture Compiler...
Processed: 1
1 texture(s) processed!

[textures\improvement elixir of immortality icon.tga]
Running Texture Compiler...
Processed: 1
1 texture(s) processed!

[textures\improvement golden banded staff icon.tga]
Running Texture Compiler...
Processed: 1
1 texture(s) processed!

[textures\improvement golden peaches icon.tga]
Running Texture Compiler...
Processed: 1
1 texture(s) processed!

[textures\improvement heavenly fire icon.tga]
Running Texture Compiler...
Processed: 1
1 texture(s) processed!

[textures\improvement heavy barracks icon.tga]
Running Texture Compiler...
Processed: 1
1 texture(s) processed!

[textures\improvement hebo icon.tga]
Running Texture Compiler...
Processed: 1
1 texture(s) processed!

[textures\improvement house altars icon.tga]
Running Texture Compiler...
Processed: 1
1 texture(s) processed!

[textures\improvement houyis bow icon.tga]
Running Texture Compiler...
Processed: 1
1 texture(s) processed!

[textures\improvement huangdi icon.tga]
Running Texture Compiler...
Processed: 1
1 texture(s) processed!

[textures\improvement jade rabbit icon.tga]
Running Texture Compiler...
Processed: 1
1 texture(s) processed!

[textures\improvement landlord spirit icon.tga]
Running Texture Compiler...
Processed: 1
1 texture(s) processed!

[textures\improvement life drain icon.tga]
Running Texture Compiler...
Processed: 1
1 texture(s) processed!

[textures\improvement lord of the river icon.tga]
Running Texture Compiler...
Processed: 1
1 texture(s) processed!

[textures\improvement medium barracks icon.tga]
Running Texture Compiler...
Processed: 1
1 texture(s) processed!

[textures\improvement nezhas defeat icon.tga]
Running Texture Compiler...
Processed: 1
1 texture(s) processed!

[textures\improvement oracle bone script icon.tga]
Running Texture Compiler...
Processed: 1
1 texture(s) processed!

[textures\improvement paper talisman icon.tga]
Running Texture Compiler...
Processed: 1
1 texture(s) processed!

[textures\improvement pillar of the ocean icon.tga]
Running Texture Compiler...
Processed: 1
1 texture(s) processed!

[textures\improvement stone armor icon.tga]
Running Texture Compiler...
Processed: 1
1 texture(s) processed!

[textures\improvement sunwukong icon.tga]
Running Texture Compiler...
Processed: 1
1 texture(s) processed!

[textures\improvement tiger spirit icon.tga]
Running Texture Compiler...
Processed: 1
1 texture(s) processed!

[textures\improvement wheelbarrow icon.tga]
Running Texture Compiler...
Processed: 1
1 texture(s) processed!

[textures\improvement xiwangmu icon.tga]
Running Texture Compiler...
Processed: 1
1 texture(s) processed!

[textures\improvement zhongkui icon.tga]
Running Texture Compiler...
Processed: 1
1 texture(s) processed!

[textures\infantry c halberdier bronze.tga]
Running Texture Compiler...
Processed: 1
1 texture(s) processed!

[textures\infantry c halberdier copper.tga]
Running Texture Compiler...
Processed: 1
1 texture(s) processed!

[textures\infantry c halberdier head bronze.tga]
Running Texture Compiler...
Processed: 1
1 texture(s) processed!

[textures\infantry c halberdier head copper.tga]
Running Texture Compiler...
Processed: 1
1 texture(s) processed!

[textures\infantry c halberdier head iron.tga]
Running Texture Compiler...
Processed: 1
1 texture(s) processed!

[textures\infantry c halberdier head standard.tga]
Running Texture Compiler...
Processed: 1
1 texture(s) processed!

[textures\infantry c halberdier icon.tga]
Running Texture Compiler...
Processed: 1
1 texture(s) processed!

[textures\infantry c halberdier iron.tga]
Running Texture Compiler...
Processed: 1
1 texture(s) processed!

[textures\infantry c halberdier standard.tga]
Running Texture Compiler...
Processed: 1
1 texture(s) processed!

[textures\infantry e axeman axe map.tga]
Running Texture Compiler...
Processed: 1
1 texture(s) processed!

[textures\infantry e axeman bronze.tga]
Running Texture Compiler...
Processed: 1
1 texture(s) processed!

[textures\infantry e axeman copper.tga]
Running Texture Compiler...
Processed: 1
1 texture(s) processed!

[textures\infantry e axeman corpse bodya.tga]
Running Texture Compiler...
Processed: 1
1 texture(s) processed!

[textures\infantry e axeman corpse skeletona.tga]
Running Texture Compiler...
Processed: 1
1 texture(s) processed!

[textures\infantry e axeman head bronze.tga]
Running Texture Compiler...
Processed: 1
1 texture(s) processed!

[textures\infantry e axeman head copper.tga]
Running Texture Compiler...
Processed: 1
1 texture(s) processed!

[textures\infantry e axeman head iron.tga]
Running Texture Compiler...
Processed: 1
1 texture(s) processed!

[textures\infantry e axeman head standard.tga]
Running Texture Compiler...
Processed: 1
1 texture(s) processed!

[textures\infantry e axeman iron.tga]
Running Texture Compiler...
Processed: 1
1 texture(s) processed!

[textures\infantry e axeman map.tga]
Running Texture Compiler...
Processed: 1
1 texture(s) processed!

[textures\infantry e axeman standard.tga]
Running Texture Compiler...
Processed: 1
1 texture(s) processed!

[textures\infantry e chariot archer iron map.tga]
Running Texture Compiler...
Processed: 1
1 texture(s) processed!

[textures\infantry e khopesh bronze.tga]
Running Texture Compiler...
Processed: 1
1 texture(s) processed!

[textures\infantry e khopesh copper.tga]
Running Texture Compiler...
Processed: 1
1 texture(s) processed!

[textures\infantry e khopesh head bronze.tga]
Running Texture Compiler...
Processed: 1
1 texture(s) processed!

[textures\infantry e khopesh head copper.tga]
Running Texture Compiler...
Processed: 1
1 texture(s) processed!

[textures\infantry e khopesh head iron.tga]
Running Texture Compiler...
Processed: 1
1 texture(s) processed!

[textures\infantry e khopesh head standard.tga]
Running Texture Compiler...
Processed: 1
1 texture(s) processed!

[textures\infantry e khopesh iron.tga]
Running Texture Compiler...
Processed: 1
1 texture(s) processed!

[textures\infantry e khopesh standard.tga]
Running Texture Compiler...
Processed: 1
1 texture(s) processed!

[textures\infantry e mercenary corpse bodya.tga]
Running Texture Compiler...
Processed: 1
1 texture(s) processed!

[textures\infantry e mercenary corpse skeletona.tga]
Running Texture Compiler...
Processed: 1
1 texture(s) processed!

[textures\infantry e mercenary head.tga]
Running Texture Compiler...
Processed: 1
1 texture(s) processed!

[textures\infantry e mercenary.tga]
Running Texture Compiler...
Processed: 1
1 texture(s) processed!

[textures\infantry e spearman bronze.tga]
Running Texture Compiler...
Processed: 1
1 texture(s) processed!

[textures\infantry e spearman copper.tga]
Running Texture Compiler...
Processed: 1
1 texture(s) processed!

[textures\infantry e spearman corpse bodya.tga]
Running Texture Compiler...
Processed: 1
1 texture(s) processed!

[textures\infantry e spearman corpse skeletona.tga]
Running Texture Compiler...
Processed: 1
1 texture(s) processed!

[textures\infantry e spearman head bronze.tga]
Running Texture Compiler...
Processed: 1
1 texture(s) processed!

[textures\infantry e spearman head copper.tga]
Running Texture Compiler...
Processed: 1
1 texture(s) processed!

[textures\infantry e spearman head iron.tga]
Running Texture Compiler...
Processed: 1
1 texture(s) processed!

[textures\infantry e spearman head standard.tga]
Running Texture Compiler...
Processed: 1
1 texture(s) processed!

[textures\infantry e spearman iron.tga]
Running Texture Compiler...
Processed: 1
1 texture(s) processed!

[textures\infantry e spearman map.tga]
Running Texture Compiler...
Processed: 1
1 texture(s) processed!

[textures\infantry e spearman shield map.tga]
Running Texture Compiler...
Processed: 1
1 texture(s) processed!

[textures\infantry e spearman standard.tga]
Running Texture Compiler...
Processed: 1
1 texture(s) processed!

[textures\infantry g hoplite bronze.tga]
Running Texture Compiler...
Processed: 1
1 texture(s) processed!

[textures\infantry g hoplite copper.tga]
Running Texture Compiler...
Processed: 1
1 texture(s) processed!

[textures\infantry g hoplite corpse bodya.tga]
Running Texture Compiler...
Processed: 1
1 texture(s) processed!

[textures\infantry g hoplite corpse skeletona.tga]
Running Texture Compiler...
Processed: 1
1 texture(s) processed!

[textures\infantry g hoplite head bronze.tga]
Running Texture Compiler...
Processed: 1
1 texture(s) processed!

[textures\infantry g hoplite head copper.tga]
Running Texture Compiler...
Processed: 1
1 texture(s) processed!

[textures\infantry g hoplite head iron cine.tga]
Running Texture Compiler...
Processed: 1
1 texture(s) processed!

[textures\infantry g hoplite head iron.tga]
Running Texture Compiler...
Processed: 1
1 texture(s) processed!

[textures\infantry g hoplite head standard.tga]
Running Texture Compiler...
Processed: 1
1 texture(s) processed!

[textures\infantry g hoplite iron cine.tga]
Running Texture Compiler...
Processed: 1
1 texture(s) processed!

[textures\infantry g hoplite iron.tga]
Running Texture Compiler...
Processed: 1
1 texture(s) processed!

[textures\infantry g hoplite map_01.tga]
Running Texture Compiler...
Processed: 1
1 texture(s) processed!

[textures\infantry g hoplite map_02.tga]
Running Texture Compiler...
Processed: 1
1 texture(s) processed!

[textures\infantry g hoplite map_03.tga]
Running Texture Compiler...
Processed: 1
1 texture(s) processed!

[textures\infantry g hoplite map_04.tga]
Running Texture Compiler...
Processed: 1
1 texture(s) processed!

[textures\infantry g hoplite standard.tga]
Running Texture Compiler...
Processed: 1
1 texture(s) processed!

[textures\infantry g hypaspist bronze.tga]
Running Texture Compiler...
Processed: 1
1 texture(s) processed!

[textures\infantry g hypaspist cape.tga]
Running Texture Compiler...
Processed: 1
1 texture(s) processed!

[textures\infantry g hypaspist copper.tga]
Running Texture Compiler...
Processed: 1
1 texture(s) processed!

[textures\infantry g hypaspist corpse bodya.tga]
Running Texture Compiler...
Processed: 1
1 texture(s) processed!

[textures\infantry g hypaspist corpse skeletona.tga]
Running Texture Compiler...
Processed: 1
1 texture(s) processed!

[textures\infantry g hypaspist head bronze.tga]
Running Texture Compiler...
Processed: 1
1 texture(s) processed!

[textures\infantry g hypaspist head copper.tga]
Running Texture Compiler...
Processed: 1
1 texture(s) processed!

[textures\infantry g hypaspist head iron.tga]
Running Texture Compiler...
Processed: 1
1 texture(s) processed!

[textures\infantry g hypaspist head standard.tga]
Running Texture Compiler...
Processed: 1
1 texture(s) processed!

[textures\infantry g hypaspist iron.tga]
Running Texture Compiler...
Processed: 1
1 texture(s) processed!

[textures\infantry g hypaspist map.tga]
Running Texture Compiler...
Processed: 1
1 texture(s) processed!

[textures\infantry g hypaspist standard.tga]
Running Texture Compiler...
Processed: 1
1 texture(s) processed!

[textures\infantry g militia corpse bodya.tga]
Running Texture Compiler...
Processed: 1
1 texture(s) processed!

[textures\infantry g militia corpse skeletona.tga]
Running Texture Compiler...
Processed: 1
1 texture(s) processed!

[textures\infantry g militia head.tga]
Running Texture Compiler...
Processed: 1
1 texture(s) processed!

[textures\infantry g militia.tga]
Running Texture Compiler...
Processed: 1
1 texture(s) processed!

[textures\infantry g myrmidon corpse bodya.tga]
Running Texture Compiler...
Processed: 1
1 texture(s) processed!

[textures\infantry g myrmidon corpse skeletona.tga]
Running Texture Compiler...
Processed: 1
1 texture(s) processed!

[textures\infantry g myrmidon head iron.tga]
Running Texture Compiler...
Processed: 1
1 texture(s) processed!

[textures\infantry g myrmidon iron.tga]
Running Texture Compiler...
Processed: 1
1 texture(s) processed!

[textures\infantry n bondi bronze.tga]
Running Texture Compiler...
Processed: 1
1 texture(s) processed!

[textures\infantry n bondi copper.tga]
Running Texture Compiler...
Processed: 1
1 texture(s) processed!

[textures\infantry n bondi head bronze.tga]
Running Texture Compiler...
Processed: 1
1 texture(s) processed!

[textures\infantry n bondi head copper.tga]
Running Texture Compiler...
Processed: 1
1 texture(s) processed!

[textures\infantry n bondi head iron.tga]
Running Texture Compiler...
Processed: 1
1 texture(s) processed!

[textures\infantry n bondi head standard.tga]
Running Texture Compiler...
Processed: 1
1 texture(s) processed!

[textures\infantry n bondi iron.tga]
Running Texture Compiler...
Processed: 1
1 texture(s) processed!

[textures\infantry n bondi standard.tga]
Running Texture Compiler...
Processed: 1
1 texture(s) processed!

[textures\infantry n huskarl bronze.tga]
Running Texture Compiler...
Processed: 1
1 texture(s) processed!

[textures\infantry n huskarl cape.tga]
Running Texture Compiler...
Processed: 1
1 texture(s) processed!

[textures\infantry n huskarl copper.tga]
Running Texture Compiler...
Processed: 1
1 texture(s) processed!

[textures\infantry n huskarl corpse bodya.tga]
Running Texture Compiler...
Processed: 1
1 texture(s) processed!

[textures\infantry n huskarl corpse skeletona.tga]
Running Texture Compiler...
Processed: 1
1 texture(s) processed!

[textures\infantry n huskarl head bronze.tga]
Running Texture Compiler...
Processed: 1
1 texture(s) processed!

[textures\infantry n huskarl head copper.tga]
Running Texture Compiler...
Processed: 1
1 texture(s) processed!

[textures\infantry n huskarl head iron.tga]
Running Texture Compiler...
Processed: 1
1 texture(s) processed!

[textures\infantry n huskarl head standard.tga]
Running Texture Compiler...
Processed: 1
1 texture(s) processed!

[textures\infantry n huskarl iron.tga]
Running Texture Compiler...
Processed: 1
1 texture(s) processed!

[textures\infantry n huskarl standard.tga]
Running Texture Compiler...
Processed: 1
1 texture(s) processed!

[textures\infantry n ulfsark bronze.tga]
Running Texture Compiler...
Processed: 1
1 texture(s) processed!

[textures\infantry n ulfsark cape bronze.tga]
Running Texture Compiler...
Processed: 1
1 texture(s) processed!

[textures\infantry n ulfsark cape copper.tga]
Running Texture Compiler...
Processed: 1
1 texture(s) processed!

[textures\infantry n ulfsark cape iron.tga]
Running Texture Compiler...
Processed: 1
1 texture(s) processed!

[textures\infantry n ulfsark cape standard.tga]
Running Texture Compiler...
Processed: 1
1 texture(s) processed!

[textures\infantry n ulfsark copper.tga]
Running Texture Compiler...
Processed: 1
1 texture(s) processed!

[textures\infantry n ulfsark corpse bodya.tga]
Running Texture Compiler...
Processed: 1
1 texture(s) processed!

[textures\infantry n ulfsark corpse skeletona.tga]
Running Texture Compiler...
Processed: 1
1 texture(s) processed!

[textures\infantry n ulfsark head bronze.tga]
Running Texture Compiler...
Processed: 1
1 texture(s) processed!

[textures\infantry n ulfsark head copper.tga]
Running Texture Compiler...
Processed: 1
1 texture(s) processed!

[textures\infantry n ulfsark head iron.tga]
Running Texture Compiler...
Processed: 1
1 texture(s) processed!

[textures\infantry n ulfsark head scout.tga]
Running Texture Compiler...
Processed: 1
1 texture(s) processed!

[textures\infantry n ulfsark head standard.tga]
Running Texture Compiler...
Processed: 1
1 texture(s) processed!

[textures\infantry n ulfsark iron.tga]
Running Texture Compiler...
Processed: 1
1 texture(s) processed!

[textures\infantry n ulfsark map.tga]
Running Texture Compiler...
Processed: 1
1 texture(s) processed!

[textures\infantry n ulfsark scout.tga]
Running Texture Compiler...
Processed: 1
1 texture(s) processed!

[textures\infantry n ulfsark standard.tga]
Running Texture Compiler...
Processed: 1
1 texture(s) processed!

[textures\infantry x 2 sword fighter corpse bodya.tga]
Running Texture Compiler...
Processed: 1
1 texture(s) processed!

[textures\infantry x 2 sword fighter corpse skeletona.tga]
Running Texture Compiler...
Processed: 1
1 texture(s) processed!

[textures\infantry x 2 sword fighter hero.tga]
Running Texture Compiler...
Processed: 1
1 texture(s) processed!

[textures\infantry x 2 sword fighter iron.tga]
Running Texture Compiler...
Processed: 1
1 texture(s) processed!

[textures\infantry x maceman bronze.tga]
Running Texture Compiler...
Processed: 1
1 texture(s) processed!

[textures\infantry x maceman copper.tga]
Running Texture Compiler...
Processed: 1
1 texture(s) processed!

[textures\infantry x maceman corpse bodya.tga]
Running Texture Compiler...
Processed: 1
1 texture(s) processed!

[textures\infantry x maceman corpse skeletona.tga]
Running Texture Compiler...
Processed: 1
1 texture(s) processed!

[textures\infantry x maceman hero.tga]
Running Texture Compiler...
Processed: 1
1 texture(s) processed!

[textures\infantry x maceman iron.tga]
Running Texture Compiler...
Processed: 1
1 texture(s) processed!

[textures\infantry x maceman standard.tga]
Running Texture Compiler...
Processed: 1
1 texture(s) processed!

[textures\infantry x swordsman bronze.tga]
Running Texture Compiler...
Processed: 1
1 texture(s) processed!

[textures\infantry x swordsman copper.tga]
Running Texture Compiler...
Processed: 1
1 texture(s) processed!

[textures\infantry x swordsman hero.tga]
Running Texture Compiler...
Processed: 1
1 texture(s) processed!

[textures\infantry x swordsman iron.tga]
Running Texture Compiler...
Processed: 1
1 texture(s) processed!

[textures\infantry x swordsman standard.tga]
Running Texture Compiler...
Processed: 1
1 texture(s) processed!

[textures\infantry x swordsmen corpse bodya.tga]
Running Texture Compiler...
Processed: 1
1 texture(s) processed!

[textures\infantry x swordsmen corpse skeletona.tga]
Running Texture Compiler...
Processed: 1
1 texture(s) processed!

[textures\infantry x trident soldier cape iron.tga]
Running Texture Compiler...
Processed: 1
1 texture(s) processed!

[textures\infantry x trident soldier corpse bodya.tga]
Running Texture Compiler...
Processed: 1
1 texture(s) processed!

[textures\infantry x trident soldier corpse skeletona.tga]
Running Texture Compiler...
Processed: 1
1 texture(s) processed!

[textures\infantry x trident soldier head hero.tga]
Running Texture Compiler...
Processed: 1
1 texture(s) processed!

[textures\infantry x trident soldier head iron.tga]
Running Texture Compiler...
Processed: 1
1 texture(s) processed!

[textures\infantry x trident soldier hero.tga]
Running Texture Compiler...
Processed: 1
1 texture(s) processed!

[textures\infantry x trident soldier iron.tga]
Running Texture Compiler...
Processed: 1
1 texture(s) processed!

[textures\infantry x trident soldier shield hero.tga]
Running Texture Compiler...
Processed: 1
1 texture(s) processed!

[textures\infantry x trident soldier shield iron.tga]
Running Texture Compiler...
Processed: 1
1 texture(s) processed!

[textures\infantry x trident soldier trident iron.tga]
Running Texture Compiler...
Processed: 1
1 texture(s) processed!

[textures\jceblend.tga]
Running Texture Compiler...
Processed: 1
1 texture(s) processed!

[textures\jceblendcircle.tga]
Running Texture Compiler...
Processed: 1
1 texture(s) processed!

[textures\jceblendcircle2.tga]
Running Texture Compiler...
Processed: 1
1 texture(s) processed!

[textures\jceblendcircle3.tga]
Running Texture Compiler...
Processed: 1
1 texture(s) processed!

[textures\jceblendcorner.tga]
Running Texture Compiler...
Processed: 1
1 texture(s) processed!

[textures\jceblendcorner2.tga]
Running Texture Compiler...
Processed: 1
1 texture(s) processed!

[textures\jceblendedge.tga]
Running Texture Compiler...
Processed: 1
1 texture(s) processed!

[textures\jceblendedge2.tga]
Running Texture Compiler...
Processed: 1
1 texture(s) processed!

[textures\jceblendedge3.tga]
Running Texture Compiler...
Processed: 1
1 texture(s) processed!

[textures\jceblendedge4.tga]
Running Texture Compiler...
Processed: 1
1 texture(s) processed!

[textures\jceblendedge5.tga]
Running Texture Compiler...
Processed: 1
1 texture(s) processed!

[textures\jceblendedgecorner.tga]
Running Texture Compiler...
Processed: 1
1 texture(s) processed!

[textures\jceblendedgetwocorners.tga]
Running Texture Compiler...
Processed: 1
1 texture(s) processed!

[textures\jceblendfourcorners.tga]
Running Texture Compiler...
Processed: 1
1 texture(s) processed!

[textures\jceblendlshape.tga]
Running Texture Compiler...
Processed: 1
1 texture(s) processed!

[textures\jceblendlshape2.tga]
Running Texture Compiler...
Processed: 1
1 texture(s) processed!

[textures\jceblendlshapecorner.tga]
Running Texture Compiler...
Processed: 1
1 texture(s) processed!

[textures\jceblendthreecorners.tga]
Running Texture Compiler...
Processed: 1
1 texture(s) processed!

[textures\jceblendtwocorners.tga]
Running Texture Compiler...
Processed: 1
1 texture(s) processed!

[textures\jceblendtwoedges.tga]
Running Texture Compiler...
Processed: 1
1 texture(s) processed!

[textures\jceblendtwooppositecorners.tga]
Running Texture Compiler...
Processed: 1
1 texture(s) processed!

[textures\jceblendushape.tga]
Running Texture Compiler...
Processed: 1
1 texture(s) processed!

[textures\jcedirt.tga]
Running Texture Compiler...
Processed: 1
1 texture(s) processed!

[textures\kronos wonder map1.tga]
Running Texture Compiler...
Processed: 1
1 texture(s) processed!

[textures\kronos wonder map2.tga]
Running Texture Compiler...
Processed: 1
1 texture(s) processed!

[textures\ladder.tga]
Running Texture Compiler...
Processed: 1
1 texture(s) processed!

[textures\lava crack.tga]
Running Texture Compiler...
Processed: 1
1 texture(s) processed!

[textures\lava.tga]
Running Texture Compiler...
Processed: 1
1 texture(s) processed!

[textures\light.tga]
Running Texture Compiler...
Processed: 1
1 texture(s) processed!

[textures\lightning.tga]
Running Texture Compiler...
Processed: 1
1 texture(s) processed!

[textures\lionheadmap.tga]
Running Texture Compiler...
Processed: 1
1 texture(s) processed!

[textures\loading_background.tga]
Running Texture Compiler...
Processed: 1
1 texture(s) processed!

[textures\loading_filler.tga]
Running Texture Compiler...
Processed: 1
1 texture(s) processed!

[textures\low infantry g normal head bronze.tga]
Running Texture Compiler...
Processed: 1
1 texture(s) processed!

[textures\low infantry g normal head copper.tga]
Running Texture Compiler...
Processed: 1
1 texture(s) processed!

[textures\low infantry g normal head iron.tga]
Running Texture Compiler...
Processed: 1
1 texture(s) processed!

[textures\low infantry g normal head standard.tga]
Running Texture Compiler...
Processed: 1
1 texture(s) processed!

[textures\lp cavalry x.tga]
Running Texture Compiler...
Processed: 1
1 texture(s) processed!

[textures\lp cine x krios.tga]
Running Texture Compiler...
Processed: 1
1 texture(s) processed!

[textures\lp cine x kriosred.tga]
Running Texture Compiler...
Processed: 1
1 texture(s) processed!

[textures\lp e cavalry.tga]
Running Texture Compiler...
Processed: 1
1 texture(s) processed!

[textures\lp e chariot archer.tga]
Running Texture Compiler...
Processed: 1
1 texture(s) processed!

[textures\lp e infantry.tga]
Running Texture Compiler...
Processed: 1
1 texture(s) processed!

[textures\lp e mercenaries.tga]
Running Texture Compiler...
Processed: 1
1 texture(s) processed!

[textures\lp e villager.tga]
Running Texture Compiler...
Processed: 1
1 texture(s) processed!

[textures\lp g cataphract horse iron.tga]
Running Texture Compiler...
Processed: 1
1 texture(s) processed!

[textures\lp g cavalry.tga]
Running Texture Compiler...
Processed: 1
1 texture(s) processed!

[textures\lp g crossbowman.tga]
Running Texture Compiler...
Processed: 1
1 texture(s) processed!

[textures\lp g hetairoi horse iron.tga]
Running Texture Compiler...
Processed: 1
1 texture(s) processed!

[textures\lp g hetairoi.tga]
Running Texture Compiler...
Processed: 1
1 texture(s) processed!

[textures\lp g infantry.tga]
Running Texture Compiler...
Processed: 1
1 texture(s) processed!

[textures\lp g militia.tga]
Running Texture Compiler...
Processed: 1
1 texture(s) processed!

[textures\lp g myrmidon.tga]
Running Texture Compiler...
Processed: 1
1 texture(s) processed!

[textures\lp g villager.tga]
Running Texture Compiler...
Processed: 1
1 texture(s) processed!

[textures\lp infantry archery x.tga]
Running Texture Compiler...
Processed: 1
1 texture(s) processed!

[textures\lp mu x argus map.tga]
Running Texture Compiler...
Processed: 1
1 texture(s) processed!

[textures\lp mu x stymphalian bird map.tga]
Running Texture Compiler...
Processed: 1
1 texture(s) processed!

[textures\lp n cavalry.tga]
Running Texture Compiler...
Processed: 1
1 texture(s) processed!

[textures\lp n dwarf.tga]
Running Texture Compiler...
Processed: 1
1 texture(s) processed!

[textures\lp n infantry.tga]
Running Texture Compiler...
Processed: 1
1 texture(s) processed!

[textures\lp n ragnorok.tga]
Running Texture Compiler...
Processed: 1
1 texture(s) processed!

[textures\lp n villager.tga]
Running Texture Compiler...
Processed: 1
1 texture(s) processed!

[textures\lp villager trade x.tga]
Running Texture Compiler...
Processed: 1
1 texture(s) processed!

[textures\medusa stone.tga]
Running Texture Compiler...
Processed: 1
1 texture(s) processed!

[textures\menuicon.tga]
Running Texture Compiler...
Processed: 1
1 texture(s) processed!

[textures\meteor_shadow.tga]
Running Texture Compiler...
Processed: 1
1 texture(s) processed!

[textures\military icon 32x32.tga]
Running Texture Compiler...
Processed: 1
1 texture(s) processed!

[textures\mini_lightning.tga]
Running Texture Compiler...
Processed: 1
1 texture(s) processed!

[textures\minicamp_arrow1.tga]
Running Texture Compiler...
Processed: 1
1 texture(s) processed!

[textures\minicamp_arrow2.tga]
Running Texture Compiler...
Processed: 1
1 texture(s) processed!

[textures\minicamp_arrow3a.tga]
Running Texture Compiler...
Processed: 1
1 texture(s) processed!

[textures\minicamp_arrow3b.tga]
Running Texture Compiler...
Processed: 1
1 texture(s) processed!

[textures\minicamp_battleboar.tga]
Running Texture Compiler...
Processed: 1
1 texture(s) processed!

[textures\minicamp_brokk.tga]
Running Texture Compiler...
Processed: 1
1 texture(s) processed!

[textures\minicamp_cave.tga]
Running Texture Compiler...
Processed: 1
1 texture(s) processed!

[textures\minicamp_eitri.tga]
Running Texture Compiler...
Processed: 1
1 texture(s) processed!

[textures\minimap_border.tga]
Running Texture Compiler...
Processed: 1
1 texture(s) processed!

[textures\minimap_border_c.tga]
Running Texture Compiler...
Processed: 1
1 texture(s) processed!

[textures\minimap_border_e.tga]
Running Texture Compiler...
Processed: 1
1 texture(s) processed!

[textures\minimap_border_g.tga]
Running Texture Compiler...
Processed: 1
1 texture(s) processed!

[textures\minimap_border_n.tga]
Running Texture Compiler...
Processed: 1
1 texture(s) processed!

[textures\minimap_border_x.tga]
Running Texture Compiler...
Processed: 1
1 texture(s) processed!

[textures\mining_shadow.tga]
Running Texture Compiler...
Processed: 1
1 texture(s) processed!

[textures\minotaur ring.tga]
Running Texture Compiler...
Processed: 1
1 texture(s) processed!

[textures\mu x argus map.tga]
Running Texture Compiler...
Processed: 1
1 texture(s) processed!

[textures\mu x atlantean flying medic corpse bodya.tga]
Running Texture Compiler...
Processed: 1
1 texture(s) processed!

[textures\mu x atlantean flying medic corpse skeletona.tga]
Running Texture Compiler...
Processed: 1
1 texture(s) processed!

[textures\mu x atlantean flying medic map.tga]
Running Texture Compiler...
Processed: 1
1 texture(s) processed!

[textures\mu x atlantean hundred giant corpse bodya.tga]
Running Texture Compiler...
Processed: 1
1 texture(s) processed!

[textures\mu x atlantean hundred giant corpse skeletona.tga]
Running Texture Compiler...
Processed: 1
1 texture(s) processed!

[textures\mu x atlantean hundred giant map.tga]
Running Texture Compiler...
Processed: 1
1 texture(s) processed!

[textures\mu x atlantean lampedes corpse bodya.tga]
Running Texture Compiler...
Processed: 1
1 texture(s) processed!

[textures\mu x atlantean lampedes corpse skeletona.tga]
Running Texture Compiler...
Processed: 1
1 texture(s) processed!

[textures\mu x atlantean lampedes map.tga]
Running Texture Compiler...
Processed: 1
1 texture(s) processed!

[textures\mu x atlantean manowar map.tga]
Running Texture Compiler...
Processed: 1
1 texture(s) processed!

[textures\mu x atlantean satyr corpse bodya.tga]
Running Texture Compiler...
Processed: 1
1 texture(s) processed!

[textures\mu x atlantean satyr corpse skeletona.tga]
Running Texture Compiler...
Processed: 1
1 texture(s) processed!

[textures\mu x atlantean satyr head map.tga]
Running Texture Compiler...
Processed: 1
1 texture(s) processed!

[textures\mu x atlantean satyr map.tga]
Running Texture Compiler...
Processed: 1
1 texture(s) processed!

[textures\mu x automation corpse bodya.tga]
Running Texture Compiler...
Processed: 1
1 texture(s) processed!

[textures\mu x automation corpse skeletona.tga]
Running Texture Compiler...
Processed: 1
1 texture(s) processed!

[textures\mu x automation map.tga]
Running Texture Compiler...
Processed: 1
1 texture(s) processed!

[textures\mu x behemoth corpse bodya.tga]
Running Texture Compiler...
Processed: 1
1 texture(s) processed!

[textures\mu x behemoth corpse skeletona.tga]
Running Texture Compiler...
Processed: 1
1 texture(s) processed!

[textures\mu x behemoth map.tga]
Running Texture Compiler...
Processed: 1
1 texture(s) processed!

[textures\mu x dryad hair.tga]
Running Texture Compiler...
Processed: 1
1 texture(s) processed!

[textures\mu x dryad.tga]
Running Texture Compiler...
Processed: 1
1 texture(s) processed!

[textures\mu x nereid rider map.tga]
Running Texture Compiler...
Processed: 1
1 texture(s) processed!

[textures\mu x nereid shark map.tga]
Running Texture Compiler...
Processed: 1
1 texture(s) processed!

[textures\mu x oracle.tga]
Running Texture Compiler...
Processed: 1
1 texture(s) processed!

[textures\mu x promethean map.tga]
Running Texture Compiler...
Processed: 1
1 texture(s) processed!

[textures\mu x servant of oceanus map.tga]
Running Texture Compiler...
Processed: 1
1 texture(s) processed!

[textures\mu x stymphalian bird map.tga]
Running Texture Compiler...
Processed: 1
1 texture(s) processed!

[textures\mu x stymphatian bird projectile.tga]
Running Texture Compiler...
Processed: 1
1 texture(s) processed!

[textures\n titan gate ice.tga]
Running Texture Compiler...
Processed: 1
1 texture(s) processed!

[textures\naval c all.tga]
Running Texture Compiler...
Processed: 1
1 texture(s) processed!

[textures\naval e all.tga]
Running Texture Compiler...
Processed: 1
1 texture(s) processed!

[textures\naval e pirate ship.tga]
Running Texture Compiler...
Processed: 1
1 texture(s) processed!

[textures\naval g all wrecked.tga]
Running Texture Compiler...
Processed: 1
1 texture(s) processed!

[textures\naval g all.tga]
Running Texture Compiler...
Processed: 1
1 texture(s) processed!

[textures\naval g giant turtle.tga]
Running Texture Compiler...
Processed: 1
1 texture(s) processed!

[textures\naval g war trireme oar splash map.tga]
Running Texture Compiler...
Processed: 1
1 texture(s) processed!

[textures\naval n all.tga]
Running Texture Compiler...
Processed: 1
1 texture(s) processed!

[textures\naval n kraken map.tga]
Running Texture Compiler...
Processed: 1
1 texture(s) processed!

[textures\naval n kraken upgrade.tga]
Running Texture Compiler...
Processed: 1
1 texture(s) processed!

[textures\naval n kraken.tga]
Running Texture Compiler...
Processed: 1
1 texture(s) processed!

[textures\naval n utility map.tga]
Running Texture Compiler...
Processed: 1
1 texture(s) processed!

[textures\naval x all.tga]
Running Texture Compiler...
Processed: 1
1 texture(s) processed!

[textures\nightskybox_bk.tga]
Running Texture Compiler...
Processed: 1
1 texture(s) processed!

[textures\nightskybox_dn.tga]
Running Texture Compiler...
Processed: 1
1 texture(s) processed!

[textures\nightskybox_fr.tga]
Running Texture Compiler...
Processed: 1
1 texture(s) processed!

[textures\nightskybox_lf.tga]
Running Texture Compiler...
Processed: 1
1 texture(s) processed!

[textures\nightskybox_rt.tga]
Running Texture Compiler...
Processed: 1
1 texture(s) processed!

[textures\nightskybox_up.tga]
Running Texture Compiler...
Processed: 1
1 texture(s) processed!

[textures\noise.tga]
Running Texture Compiler...
Processed: 1
1 texture(s) processed!

[textures\normal animal wolf map.tga]
Running Texture Compiler...
Processed: 1
1 texture(s) processed!

[textures\norseheromap.tga]
Running Texture Compiler...
Processed: 1
1 texture(s) processed!

[textures\norseheromap256.tga]
Running Texture Compiler...
Processed: 1
1 texture(s) processed!

[textures\oranos wonder map.tga]
Running Texture Compiler...
Processed: 1
1 texture(s) processed!

[textures\oranos wonder map1.tga]
Running Texture Compiler...
Processed: 1
1 texture(s) processed!

[textures\oranos wonder map3.tga]
Running Texture Compiler...
Processed: 1
1 texture(s) processed!

[textures\oring1.tga]
Running Texture Compiler...
Processed: 1
1 texture(s) processed!

[textures\palaceshadow.tga]
Running Texture Compiler...
Processed: 1
1 texture(s) processed!

[textures\palmshadow.tga]
Running Texture Compiler...
Processed: 1
1 texture(s) processed!

[textures\palmshadow_blue.tga]
Running Texture Compiler...
Processed: 1
1 texture(s) processed!

[textures\pickhead.tga]
Running Texture Compiler...
Processed: 1
1 texture(s) processed!

[textures\pineshadow.tga]
Running Texture Compiler...
Processed: 1
1 texture(s) processed!

[textures\pinetreeshadow.tga]
Running Texture Compiler...
Processed: 1
1 texture(s) processed!

[textures\pinetreeshadow2.tga]
Running Texture Compiler...
Processed: 1
1 texture(s) processed!

[textures\plasmafield.tga]
Running Texture Compiler...
Processed: 1
1 texture(s) processed!

[textures\platform map.tga]
Running Texture Compiler...
Processed: 1
1 texture(s) processed!

[textures\player color texture.tga]
Running Texture Compiler...
Processed: 1
1 texture(s) processed!

[textures\projectile a ballista arrow iron.tga]
Running Texture Compiler...
Processed: 1
1 texture(s) processed!

[textures\projectile a ballista arrow.tga]
Running Texture Compiler...
Processed: 1
1 texture(s) processed!

[textures\projectile a siege rock map.tga]
Running Texture Compiler...
Processed: 1
1 texture(s) processed!

[textures\quiverfletching.tga]
Running Texture Compiler...
Processed: 1
1 texture(s) processed!

[textures\recognizer-tile.tga]
Running Texture Compiler...
Processed: 1
1 texture(s) processed!

[textures\red.tga]
Running Texture Compiler...
Processed: 1
1 texture(s) processed!

[textures\redround.tga]
Running Texture Compiler...
Processed: 1
1 texture(s) processed!

[textures\relic icon 16x16.tga]
Running Texture Compiler...
Processed: 1
1 texture(s) processed!

[textures\resizecursor.tga]
Running Texture Compiler...
Processed: 1
1 texture(s) processed!

[textures\ruin01.tga]
Running Texture Compiler...
Processed: 1
1 texture(s) processed!

[textures\scale_both cursor.tga]
Running Texture Compiler...
Processed: 1
1 texture(s) processed!

[textures\scale_horiz cursor.tga]
Running Texture Compiler...
Processed: 1
1 texture(s) processed!

[textures\scale_vert cursor.tga]
Running Texture Compiler...
Processed: 1
1 texture(s) processed!

[textures\scenario a dwarven building a shadow.tga]
Running Texture Compiler...
Processed: 1
1 texture(s) processed!

[textures\scenario a dwarven building b shadow.tga]
Running Texture Compiler...
Processed: 1
1 texture(s) processed!

[textures\scenario a dwarven building c shadow.tga]
Running Texture Compiler...
Processed: 1
1 texture(s) processed!

[textures\scenario a dwarven forge belt.tga]
Running Texture Compiler...
Processed: 1
1 texture(s) processed!

[textures\scenario a dwarven forge shared a.tga]
Running Texture Compiler...
Processed: 1
1 texture(s) processed!

[textures\scenario a dwarven forge shared b.tga]
Running Texture Compiler...
Processed: 1
1 texture(s) processed!

[textures\scenario a gate ram decal.tga]
Running Texture Compiler...
Processed: 1
1 texture(s) processed!

[textures\scenario a gate ram shadow.tga]
Running Texture Compiler...
Processed: 1
1 texture(s) processed!

[textures\scenario a gate ram wall.tga]
Running Texture Compiler...
Processed: 1
1 texture(s) processed!

[textures\scenario a gate ram.tga]
Running Texture Compiler...
Processed: 1
1 texture(s) processed!

[textures\scenario a gate ram100.tga]
Running Texture Compiler...
Processed: 1
1 texture(s) processed!

[textures\scenario a gate ram20.tga]
Running Texture Compiler...
Processed: 1
1 texture(s) processed!

[textures\scenario a gate ram40.tga]
Running Texture Compiler...
Processed: 1
1 texture(s) processed!

[textures\scenario a gate ram60.tga]
Running Texture Compiler...
Processed: 1
1 texture(s) processed!

[textures\scenario a gate ram80.tga]
Running Texture Compiler...
Processed: 1
1 texture(s) processed!

[textures\scenario a pit attachments.tga]
Running Texture Compiler...
Processed: 1
1 texture(s) processed!

[textures\scenario a pit cliff.tga]
Running Texture Compiler...
Processed: 1
1 texture(s) processed!

[textures\scenario a pit edge.tga]
Running Texture Compiler...
Processed: 1
1 texture(s) processed!

[textures\scenario a pit tile cracky edge.tga]
Running Texture Compiler...
Processed: 1
1 texture(s) processed!

[textures\scenario a pit.tga]
Running Texture Compiler...
Processed: 1
1 texture(s) processed!

[textures\scenario a tartarus door cliff.tga]
Running Texture Compiler...
Processed: 1
1 texture(s) processed!

[textures\scenario a tartarus door cracked a.tga]
Running Texture Compiler...
Processed: 1
1 texture(s) processed!

[textures\scenario a tartarus door cracked b.tga]
Running Texture Compiler...
Processed: 1
1 texture(s) processed!

[textures\scenario a tartarus door.tga]
Running Texture Compiler...
Processed: 1
1 texture(s) processed!

[textures\scenario b amanra map.tga]
Running Texture Compiler...
Processed: 1
1 texture(s) processed!

[textures\scenario b amanra swordshield map.tga]
Running Texture Compiler...
Processed: 1
1 texture(s) processed!

[textures\scenario c danzhu head.tga]
Running Texture Compiler...
Processed: 1
1 texture(s) processed!

[textures\scenario c danzhu.tga]
Running Texture Compiler...
Processed: 1
1 texture(s) processed!

[textures\scenario c gargarensis map.tga]
Running Texture Compiler...
Processed: 1
1 texture(s) processed!

[textures\scenario c jiaolong head.tga]
Running Texture Compiler...
Processed: 1
1 texture(s) processed!

[textures\scenario c jiaolong.tga]
Running Texture Compiler...
Processed: 1
1 texture(s) processed!

[textures\scenario c kamos blade.tga]
Running Texture Compiler...
Processed: 1
1 texture(s) processed!

[textures\scenario c kamos corpse bodya.tga]
Running Texture Compiler...
Processed: 1
1 texture(s) processed!

[textures\scenario c kamos corpse skeletona.tga]
Running Texture Compiler...
Processed: 1
1 texture(s) processed!

[textures\scenario c kamos.tga]
Running Texture Compiler...
Processed: 1
1 texture(s) processed!

[textures\scenario c kamos2.tga]
Running Texture Compiler...
Processed: 1
1 texture(s) processed!

[textures\scenario c shun head.tga]
Running Texture Compiler...
Processed: 1
1 texture(s) processed!

[textures\scenario c shun.tga]
Running Texture Compiler...
Processed: 1
1 texture(s) processed!

[textures\scenario c zhi head.tga]
Running Texture Compiler...
Processed: 1
1 texture(s) processed!

[textures\scenario c zhi.tga]
Running Texture Compiler...
Processed: 1
1 texture(s) processed!

[textures\scenario e great box camel.tga]
Running Texture Compiler...
Processed: 1
1 texture(s) processed!

[textures\scenario e great box cart.tga]
Running Texture Compiler...
Processed: 1
1 texture(s) processed!

[textures\scenario e great box map.tga]
Running Texture Compiler...
Processed: 1
1 texture(s) processed!

[textures\scenario e great box.tga]
Running Texture Compiler...
Processed: 1
1 texture(s) processed!

[textures\scenario e guardian.tga]
Running Texture Compiler...
Processed: 1
1 texture(s) processed!

[textures\scenario e jail gates.tga]
Running Texture Compiler...
Processed: 1
1 texture(s) processed!

[textures\scenario e kemsyt.tga]
Running Texture Compiler...
Processed: 1
1 texture(s) processed!

[textures\scenario e osiris.tga]
Running Texture Compiler...
Processed: 1
1 texture(s) processed!

[textures\scenario e setna map.tga]
Running Texture Compiler...
Processed: 1
1 texture(s) processed!

[textures\scenario e setna staff map.tga]
Running Texture Compiler...
Processed: 1
1 texture(s) processed!

[textures\scenario e sword bearers corpse bodya.tga]
Running Texture Compiler...
Processed: 1
1 texture(s) processed!

[textures\scenario e sword bearers corpse skeletona.tga]
Running Texture Compiler...
Processed: 1
1 texture(s) processed!

[textures\scenario g arkantos god map.tga]
Running Texture Compiler...
Processed: 1
1 texture(s) processed!

[textures\scenario g arkantos head.tga]
Running Texture Compiler...
Processed: 1
1 texture(s) processed!

[textures\scenario g arkantos man map.tga]
Running Texture Compiler...
Processed: 1
1 texture(s) processed!

[textures\scenario g arkantos man mapblue.tga]
Running Texture Compiler...
Processed: 1
1 texture(s) processed!

[textures\scenario g arkantos map.tga]
Running Texture Compiler...
Processed: 1
1 texture(s) processed!

[textures\scenario g chiron map.tga]
Running Texture Compiler...
Processed: 1
1 texture(s) processed!

[textures\scenario g circe corpse bodya.tga]
Running Texture Compiler...
Processed: 1
1 texture(s) processed!

[textures\scenario g circe corpse skeletona.tga]
Running Texture Compiler...
Processed: 1
1 texture(s) processed!

[textures\scenario g circe head.tga]
Running Texture Compiler...
Processed: 1
1 texture(s) processed!

[textures\scenario g circe.tga]
Running Texture Compiler...
Processed: 1
1 texture(s) processed!

[textures\scenario g excavation terrain.tga]
Running Texture Compiler...
Processed: 1
1 texture(s) processed!

[textures\scenario g kastor corpse bodya.tga]
Running Texture Compiler...
Processed: 1
1 texture(s) processed!

[textures\scenario g kastor corpse skeletona.tga]
Running Texture Compiler...
Processed: 1
1 texture(s) processed!

[textures\scenario g kastor map.tga]
Running Texture Compiler...
Processed: 1
1 texture(s) processed!

[textures\scenario g odysseus corpse bodya.tga]
Running Texture Compiler...
Processed: 1
1 texture(s) processed!

[textures\scenario g odysseus corpse skeletona.tga]
Running Texture Compiler...
Processed: 1
1 texture(s) processed!

[textures\scenario g odysseus map.tga]
Running Texture Compiler...
Processed: 1
1 texture(s) processed!

[textures\scenario g old man map.tga]
Running Texture Compiler...
Processed: 1
1 texture(s) processed!

[textures\scenario g skult map.tga]
Running Texture Compiler...
Processed: 1
1 texture(s) processed!

[textures\scenario n brokk head.tga]
Running Texture Compiler...
Processed: 1
1 texture(s) processed!

[textures\scenario n brokk standard.tga]
Running Texture Compiler...
Processed: 1
1 texture(s) processed!

[textures\scenario n dwarven mine cliff a.tga]
Running Texture Compiler...
Processed: 1
1 texture(s) processed!

[textures\scenario n dwarven mine cliff b.tga]
Running Texture Compiler...
Processed: 1
1 texture(s) processed!

[textures\scenario n dwarven mine inside.tga]
Running Texture Compiler...
Processed: 1
1 texture(s) processed!

[textures\scenario n dwarven mine opening.tga]
Running Texture Compiler...
Processed: 1
1 texture(s) processed!

[textures\scenario n dwarven mine outside.tga]
Running Texture Compiler...
Processed: 1
1 texture(s) processed!

[textures\scenario n eitri head.tga]
Running Texture Compiler...
Processed: 1
1 texture(s) processed!

[textures\scenario n eitri standard.tga]
Running Texture Compiler...
Processed: 1
1 texture(s) processed!

[textures\scenario n flag bearer corpse bodya.tga]
Running Texture Compiler...
Processed: 1
1 texture(s) processed!

[textures\scenario n flag bearer corpse skeletona.tga]
Running Texture Compiler...
Processed: 1
1 texture(s) processed!

[textures\scenario n folstag flag.tga]
Running Texture Compiler...
Processed: 1
1 texture(s) processed!

[textures\scenario n hammerdwarves shadow.tga]
Running Texture Compiler...
Processed: 1
1 texture(s) processed!

[textures\scenario n pirate ship.tga]
Running Texture Compiler...
Processed: 1
1 texture(s) processed!

[textures\scenario n reginleif map.tga]
Running Texture Compiler...
Processed: 1
1 texture(s) processed!

[textures\scenario n reginleif weapons map.tga]
Running Texture Compiler...
Processed: 1
1 texture(s) processed!

[textures\scenario n thors hammer cart.tga]
Running Texture Compiler...
Processed: 1
1 texture(s) processed!

[textures\scenario n thors hammer.tga]
Running Texture Compiler...
Processed: 1
1 texture(s) processed!

[textures\scenario old man head map.tga]
Running Texture Compiler...
Processed: 1
1 texture(s) processed!

[textures\scenario skult head map.tga]
Running Texture Compiler...
Processed: 1
1 texture(s) processed!

[textures\scenario t troy gate dead.tga]
Running Texture Compiler...
Processed: 1
1 texture(s) processed!

[textures\scenario t troy gate deadb.tga]
Running Texture Compiler...
Processed: 1
1 texture(s) processed!

[textures\scenario t troy gate.tga]
Running Texture Compiler...
Processed: 1
1 texture(s) processed!

[textures\scenario t troy wall long dead.tga]
Running Texture Compiler...
Processed: 1
1 texture(s) processed!

[textures\scenario t troy wall long deadb.tga]
Running Texture Compiler...
Processed: 1
1 texture(s) processed!

[textures\scenario t troy wall long.tga]
Running Texture Compiler...
Processed: 1
1 texture(s) processed!

[textures\scenario tamarisk tree icon 64.tga]
Running Texture Compiler...
Processed: 1
1 texture(s) processed!

[textures\scenario theocrat head.tga]
Running Texture Compiler...
Processed: 1
1 texture(s) processed!

[textures\scenario theocrat staff.tga]
Running Texture Compiler...
Processed: 1
1 texture(s) processed!

[textures\scenario theocrat.tga]
Running Texture Compiler...
Processed: 1
1 texture(s) processed!

[textures\scenario u chronos hand.tga]
Running Texture Compiler...
Processed: 1
1 texture(s) processed!

[textures\scenario u ferryman map.tga]
Running Texture Compiler...
Processed: 1
1 texture(s) processed!

[textures\scenario u shade.tga]
Running Texture Compiler...
Processed: 1
1 texture(s) processed!

[textures\scenario x amanra map.tga]
Running Texture Compiler...
Processed: 1
1 texture(s) processed!

[textures\scenario x amanra swordshield map.tga]
Running Texture Compiler...
Processed: 1
1 texture(s) processed!

[textures\screen shot boat wake.tga]
Running Texture Compiler...
Processed: 1
1 texture(s) processed!

[textures\settlement icon 32x32.tga]
Running Texture Compiler...
Processed: 1
1 texture(s) processed!

[textures\settlment icon 32x32.tga]
Running Texture Compiler...
Processed: 1
1 texture(s) processed!

[textures\sfx a acid flame a.tga]
Running Texture Compiler...
Processed: 1
1 texture(s) processed!

[textures\sfx a acid flame b.tga]
Running Texture Compiler...
Processed: 1
1 texture(s) processed!

[textures\sfx a acid flame c.tga]
Running Texture Compiler...
Processed: 1
1 texture(s) processed!

[textures\sfx a acid flame d.tga]
Running Texture Compiler...
Processed: 1
1 texture(s) processed!

[textures\sfx a acid flame e.tga]
Running Texture Compiler...
Processed: 1
1 texture(s) processed!

[textures\sfx a acid flame f.tga]
Running Texture Compiler...
Processed: 1
1 texture(s) processed!

[textures\sfx a armor human.tga]
Running Texture Compiler...
Processed: 1
1 texture(s) processed!

[textures\sfx a avalanche snow debris.tga]
Running Texture Compiler...
Processed: 1
1 texture(s) processed!

[textures\sfx a avalanche snow moving.tga]
Running Texture Compiler...
Processed: 1
1 texture(s) processed!

[textures\sfx a avalanche snow.tga]
Running Texture Compiler...
Processed: 1
1 texture(s) processed!

[textures\sfx a blood a.tga]
Running Texture Compiler...
Processed: 1
1 texture(s) processed!

[textures\sfx a blood b.tga]
Running Texture Compiler...
Processed: 1
1 texture(s) processed!

[textures\sfx a blood c.tga]
Running Texture Compiler...
Processed: 1
1 texture(s) processed!

[textures\sfx a blood flow.tga]
Running Texture Compiler...
Processed: 1
1 texture(s) processed!

[textures\sfx a boat bubbles.tga]
Running Texture Compiler...
Processed: 1
1 texture(s) processed!

[textures\sfx a boat ripple small.tga]
Running Texture Compiler...
Processed: 1
1 texture(s) processed!

[textures\sfx a boat wake cinematic.tga]
Running Texture Compiler...
Processed: 1
1 texture(s) processed!

[textures\sfx a boat wake large.tga]
Running Texture Compiler...
Processed: 1
1 texture(s) processed!

[textures\sfx a boat wake small.tga]
Running Texture Compiler...
Processed: 1
1 texture(s) processed!

[textures\sfx a building dust.tga]
Running Texture Compiler...
Processed: 1
1 texture(s) processed!

[textures\sfx a burning pitch.tga]
Running Texture Compiler...
Processed: 1
1 texture(s) processed!

[textures\sfx a carnivora water.tga]
Running Texture Compiler...
Processed: 1
1 texture(s) processed!

[textures\sfx a carnivora.tga]
Running Texture Compiler...
Processed: 1
1 texture(s) processed!

[textures\sfx a deconstruct 2.tga]
Running Texture Compiler...
Processed: 1
1 texture(s) processed!

[textures\sfx a deconstruct.tga]
Running Texture Compiler...
Processed: 1
1 texture(s) processed!

[textures\sfx a dust.tga]
Running Texture Compiler...
Processed: 1
1 texture(s) processed!

[textures\sfx a earthqauke cracka.tga]
Running Texture Compiler...
Processed: 1
1 texture(s) processed!

[textures\sfx a earthqauke crackb.tga]
Running Texture Compiler...
Processed: 1
1 texture(s) processed!

[textures\sfx a enrage light.tga]
Running Texture Compiler...
Processed: 1
1 texture(s) processed!

[textures\sfx a fire animated.tga]
Running Texture Compiler...
Processed: 1
1 texture(s) processed!

[textures\sfx a fire ball orange.tga]
Running Texture Compiler...
Processed: 1
1 texture(s) processed!

[textures\sfx a fire ball.tga]
Running Texture Compiler...
Processed: 1
1 texture(s) processed!

[textures\sfx a fire cast map.tga]
Running Texture Compiler...
Processed: 1
1 texture(s) processed!

[textures\sfx a fire flame a.tga]
Running Texture Compiler...
Processed: 1
1 texture(s) processed!

[textures\sfx a fire flame b.tga]
Running Texture Compiler...
Processed: 1
1 texture(s) processed!

[textures\sfx a fire flame c.tga]
Running Texture Compiler...
Processed: 1
1 texture(s) processed!

[textures\sfx a fire flame d.tga]
Running Texture Compiler...
Processed: 1
1 texture(s) processed!

[textures\sfx a fire flame e.tga]
Running Texture Compiler...
Processed: 1
1 texture(s) processed!

[textures\sfx a fire flame f.tga]
Running Texture Compiler...
Processed: 1
1 texture(s) processed!

[textures\sfx a fire pot bowl.tga]
Running Texture Compiler...
Processed: 1
1 texture(s) processed!

[textures\sfx a fire pot_01.tga]
Running Texture Compiler...
Processed: 1
1 texture(s) processed!

[textures\sfx a fire pot_02.tga]
Running Texture Compiler...
Processed: 1
1 texture(s) processed!

[textures\sfx a fire pot_03.tga]
Running Texture Compiler...
Processed: 1
1 texture(s) processed!

[textures\sfx a fire scorch.tga]
Running Texture Compiler...
Processed: 1
1 texture(s) processed!

[textures\sfx a fire wall.tga]
Running Texture Compiler...
Processed: 1
1 texture(s) processed!

[textures\sfx a frost ice block.tga]
Running Texture Compiler...
Processed: 1
1 texture(s) processed!

[textures\sfx a generic boat wake.tga]
Running Texture Compiler...
Processed: 1
1 texture(s) processed!

[textures\sfx a generic building wake.tga]
Running Texture Compiler...
Processed: 1
1 texture(s) processed!

[textures\sfx a generic dust map.tga]
Running Texture Compiler...
Processed: 1
1 texture(s) processed!

[textures\sfx a generic smoke.tga]
Running Texture Compiler...
Processed: 1
1 texture(s) processed!

[textures\sfx a heal light.tga]
Running Texture Compiler...
Processed: 1
1 texture(s) processed!

[textures\sfx a healing spring ground.tga]
Running Texture Compiler...
Processed: 1
1 texture(s) processed!

[textures\sfx a healing spring stone.tga]
Running Texture Compiler...
Processed: 1
1 texture(s) processed!

[textures\sfx a healing spring water.tga]
Running Texture Compiler...
Processed: 1
1 texture(s) processed!

[textures\sfx a heaven light.tga]
Running Texture Compiler...
Processed: 1
1 texture(s) processed!

[textures\sfx a hero glow.tga]
Running Texture Compiler...
Processed: 1
1 texture(s) processed!

[textures\sfx a hero soul red.tga]
Running Texture Compiler...
Processed: 1
1 texture(s) processed!

[textures\sfx a hero soul.tga]
Running Texture Compiler...
Processed: 1
1 texture(s) processed!

[textures\sfx a implode area lightning.tga]
Running Texture Compiler...
Processed: 1
1 texture(s) processed!

[textures\sfx a implode clouds.tga]
Running Texture Compiler...
Processed: 1
1 texture(s) processed!

[textures\sfx a implode crator.tga]
Running Texture Compiler...
Processed: 1
1 texture(s) processed!

[textures\sfx a implode environment.tga]
Running Texture Compiler...
Processed: 1
1 texture(s) processed!

[textures\sfx a implode glow.tga]
Running Texture Compiler...
Processed: 1
1 texture(s) processed!

[textures\sfx a implode light ray.tga]
Running Texture Compiler...
Processed: 1
1 texture(s) processed!

[textures\sfx a implode lighting flair.tga]
Running Texture Compiler...
Processed: 1
1 texture(s) processed!

[textures\sfx a implode lighting.tga]
Running Texture Compiler...
Processed: 1
1 texture(s) processed!

[textures\sfx a implode ring.tga]
Running Texture Compiler...
Processed: 1
1 texture(s) processed!

[textures\sfx a implode shockwave.tga]
Running Texture Compiler...
Processed: 1
1 texture(s) processed!

[textures\sfx a implode soul suck.tga]
Running Texture Compiler...
Processed: 1
1 texture(s) processed!

[textures\sfx a implode streak.tga]
Running Texture Compiler...
Processed: 1
1 texture(s) processed!

[textures\sfx a implode.tga]
Running Texture Compiler...
Processed: 1
1 texture(s) processed!

[textures\sfx a implode_dn.tga]
Running Texture Compiler...
Processed: 1
1 texture(s) processed!

[textures\sfx a implode_ft.tga]
Running Texture Compiler...
Processed: 1
1 texture(s) processed!

[textures\sfx a implode_up.tga]
Running Texture Compiler...
Processed: 1
1 texture(s) processed!

[textures\sfx a invisible.tga]
Running Texture Compiler...
Processed: 1
1 texture(s) processed!

[textures\sfx a ip glow.tga]
Running Texture Compiler...
Processed: 1
1 texture(s) processed!

[textures\sfx a largeroot glow.tga]
Running Texture Compiler...
Processed: 1
1 texture(s) processed!

[textures\sfx a lighthouse glow.tga]
Running Texture Compiler...
Processed: 1
1 texture(s) processed!

[textures\sfx a meteor crator large.tga]
Running Texture Compiler...
Processed: 1
1 texture(s) processed!

[textures\sfx a meteor crator large_gloss.tga]
Running Texture Compiler...
Processed: 1
1 texture(s) processed!

[textures\sfx a meteor crator large_nm.tga]
Running Texture Compiler...
Processed: 1
1 texture(s) processed!

[textures\sfx a meteor crator large_spec.tga]
Running Texture Compiler...
Processed: 1
1 texture(s) processed!

[textures\sfx a meteor crator small.tga]
Running Texture Compiler...
Processed: 1
1 texture(s) processed!

[textures\sfx a meteor crator small_gloss.tga]
Running Texture Compiler...
Processed: 1
1 texture(s) processed!

[textures\sfx a meteor crator small_nm.tga]
Running Texture Compiler...
Processed: 1
1 texture(s) processed!

[textures\sfx a meteor crator small_spec.tga]
Running Texture Compiler...
Processed: 1
1 texture(s) processed!

[textures\sfx a meteor dust.tga]
Running Texture Compiler...
Processed: 1
1 texture(s) processed!

[textures\sfx a meteor mushroom smoke.tga]
Running Texture Compiler...
Processed: 1
1 texture(s) processed!

[textures\sfx a meteor splash.tga]
Running Texture Compiler...
Processed: 1
1 texture(s) processed!

[textures\sfx a meteor trail fire.tga]
Running Texture Compiler...
Processed: 1
1 texture(s) processed!

[textures\sfx a meteor trail smoke.tga]
Running Texture Compiler...
Processed: 1
1 texture(s) processed!

[textures\sfx a meteorite crator small.tga]
Running Texture Compiler...
Processed: 1
1 texture(s) processed!

[textures\sfx a meteorite crator small_gloss.tga]
Running Texture Compiler...
Processed: 1
1 texture(s) processed!

[textures\sfx a meteorite crator small_nm.tga]
Running Texture Compiler...
Processed: 1
1 texture(s) processed!

[textures\sfx a meteorite crator small_spec.tga]
Running Texture Compiler...
Processed: 1
1 texture(s) processed!

[textures\sfx a mist cloud.tga]
Running Texture Compiler...
Processed: 1
1 texture(s) processed!

[textures\sfx a oil.tga]
Running Texture Compiler...
Processed: 1
1 texture(s) processed!

[textures\sfx a orca cloud.tga]
Running Texture Compiler...
Processed: 1
1 texture(s) processed!

[textures\sfx a orca wake.tga]
Running Texture Compiler...
Processed: 1
1 texture(s) processed!

[textures\sfx a pestilence flies.tga]
Running Texture Compiler...
Processed: 1
1 texture(s) processed!

[textures\sfx a pestilence smoke.tga]
Running Texture Compiler...
Processed: 1
1 texture(s) processed!

[textures\sfx a rain cloud.tga]
Running Texture Compiler...
Processed: 1
1 texture(s) processed!

[textures\sfx a rain sunlight.tga]
Running Texture Compiler...
Processed: 1
1 texture(s) processed!

[textures\sfx a rain.tga]
Running Texture Compiler...
Processed: 1
1 texture(s) processed!

[textures\sfx a rainbow.tga]
Running Texture Compiler...
Processed: 1
1 texture(s) processed!

[textures\sfx a serpent corpse bodya.tga]
Running Texture Compiler...
Processed: 1
1 texture(s) processed!

[textures\sfx a serpent corpse skeletona.tga]
Running Texture Compiler...
Processed: 1
1 texture(s) processed!

[textures\sfx a serpent hole.tga]
Running Texture Compiler...
Processed: 1
1 texture(s) processed!

[textures\sfx a serpent.tga]
Running Texture Compiler...
Processed: 1
1 texture(s) processed!

[textures\sfx a shadow mist.tga]
Running Texture Compiler...
Processed: 1
1 texture(s) processed!

[textures\sfx a shiny water.tga]
Running Texture Compiler...
Processed: 1
1 texture(s) processed!

[textures\sfx a shiny water_0.tga]
Running Texture Compiler...
Processed: 1
1 texture(s) processed!

[textures\sfx a shiny water_1.tga]
Running Texture Compiler...
Processed: 1
1 texture(s) processed!

[textures\sfx a shiny water_2.tga]
Running Texture Compiler...
Processed: 1
1 texture(s) processed!

[textures\sfx a shiny water_3.tga]
Running Texture Compiler...
Processed: 1
1 texture(s) processed!

[textures\sfx a shiny water_4.tga]
Running Texture Compiler...
Processed: 1
1 texture(s) processed!

[textures\sfx a shiny water_5.tga]
Running Texture Compiler...
Processed: 1
1 texture(s) processed!

[textures\sfx a snow.tga]
Running Texture Compiler...
Processed: 1
1 texture(s) processed!

[textures\sfx a sparkly.tga]
Running Texture Compiler...
Processed: 1
1 texture(s) processed!

[textures\sfx a spy.tga]
Running Texture Compiler...
Processed: 1
1 texture(s) processed!

[textures\sfx a stone map.tga]
Running Texture Compiler...
Processed: 1
1 texture(s) processed!

[textures\sfx a sunlight.tga]
Running Texture Compiler...
Processed: 1
1 texture(s) processed!

[textures\sfx a tornado dirt.tga]
Running Texture Compiler...
Processed: 1
1 texture(s) processed!

[textures\sfx a tornado dust.tga]
Running Texture Compiler...
Processed: 1
1 texture(s) processed!

[textures\sfx a tornado fire.tga]
Running Texture Compiler...
Processed: 1
1 texture(s) processed!

[textures\sfx a tornado flash.tga]
Running Texture Compiler...
Processed: 1
1 texture(s) processed!

[textures\sfx a tornado snow.tga]
Running Texture Compiler...
Processed: 1
1 texture(s) processed!

[textures\sfx a tornado water.tga]
Running Texture Compiler...
Processed: 1
1 texture(s) processed!

[textures\sfx a tunnel.tga]
Running Texture Compiler...
Processed: 1
1 texture(s) processed!

[textures\sfx a undermine dust large.tga]
Running Texture Compiler...
Processed: 1
1 texture(s) processed!

[textures\sfx a undermine dust small.tga]
Running Texture Compiler...
Processed: 1
1 texture(s) processed!

[textures\sfx a vision sunlight.tga]
Running Texture Compiler...
Processed: 1
1 texture(s) processed!

[textures\sfx a vortex beem.tga]
Running Texture Compiler...
Processed: 1
1 texture(s) processed!

[textures\sfx a vortex light bands.tga]
Running Texture Compiler...
Processed: 1
1 texture(s) processed!

[textures\sfx a vortex light ray.tga]
Running Texture Compiler...
Processed: 1
1 texture(s) processed!

[textures\sfx a vortex sunlight.tga]
Running Texture Compiler...
Processed: 1
1 texture(s) processed!

[textures\sfx a vortex swirl.tga]
Running Texture Compiler...
Processed: 1
1 texture(s) processed!

[textures\sfx a walking woods hole.tga]
Running Texture Compiler...
Processed: 1
1 texture(s) processed!

[textures\sfx a walking woods.tga]
Running Texture Compiler...
Processed: 1
1 texture(s) processed!

[textures\sfx a water mist.tga]
Running Texture Compiler...
Processed: 1
1 texture(s) processed!

[textures\sfx a water mistb.tga]
Running Texture Compiler...
Processed: 1
1 texture(s) processed!

[textures\sfx a waterlilly ripple.tga]
Running Texture Compiler...
Processed: 1
1 texture(s) processed!

[textures\sfx b lighthouse glow.tga]
Running Texture Compiler...
Processed: 1
1 texture(s) processed!

[textures\sfx building dust map.tga]
Running Texture Compiler...
Processed: 1
1 texture(s) processed!

[textures\sfx c blessed construction aura.tga]
Running Texture Compiler...
Processed: 1
1 texture(s) processed!

[textures\sfx c earth dragon hole.tga]
Running Texture Compiler...
Processed: 1
1 texture(s) processed!

[textures\sfx c flood.tga]
Running Texture Compiler...
Processed: 1
1 texture(s) processed!

[textures\sfx c geyser decal.tga]
Running Texture Compiler...
Processed: 1
1 texture(s) processed!

[textures\sfx c great journey.tga]
Running Texture Compiler...
Processed: 1
1 texture(s) processed!

[textures\sfx c growth vines.tga]
Running Texture Compiler...
Processed: 1
1 texture(s) processed!

[textures\sfx c imperial examination glow.tga]
Running Texture Compiler...
Processed: 1
1 texture(s) processed!

[textures\sfx c ip glow.tga]
Running Texture Compiler...
Processed: 1
1 texture(s) processed!

[textures\sfx c myth unit birth effect.tga]
Running Texture Compiler...
Processed: 1
1 texture(s) processed!

[textures\sfx c qilin heal mist.tga]
Running Texture Compiler...
Processed: 1
1 texture(s) processed!

[textures\sfx c recreation.tga]
Running Texture Compiler...
Processed: 1
1 texture(s) processed!

[textures\sfx c shaft.tga]
Running Texture Compiler...
Processed: 1
1 texture(s) processed!

[textures\sfx c sparkly.tga]
Running Texture Compiler...
Processed: 1
1 texture(s) processed!

[textures\sfx c tsunami shockwave.tga]
Running Texture Compiler...
Processed: 1
1 texture(s) processed!

[textures\sfx c tsunami splash.tga]
Running Texture Compiler...
Processed: 1
1 texture(s) processed!

[textures\sfx e ancestors land.tga]
Running Texture Compiler...
Processed: 1
1 texture(s) processed!

[textures\sfx e ancestors water.tga]
Running Texture Compiler...
Processed: 1
1 texture(s) processed!

[textures\sfx e citadel age4.tga]
Running Texture Compiler...
Processed: 1
1 texture(s) processed!

[textures\sfx e citadel shadow.tga]
Running Texture Compiler...
Processed: 1
1 texture(s) processed!

[textures\sfx e citadel.tga]
Running Texture Compiler...
Processed: 1
1 texture(s) processed!

[textures\sfx e empower glow.tga]
Running Texture Compiler...
Processed: 1
1 texture(s) processed!

[textures\sfx e inferno cloud.tga]
Running Texture Compiler...
Processed: 1
1 texture(s) processed!

[textures\sfx e inferno embers.tga]
Running Texture Compiler...
Processed: 1
1 texture(s) processed!

[textures\sfx e inferno ground.tga]
Running Texture Compiler...
Processed: 1
1 texture(s) processed!

[textures\sfx e isis monument ring.tga]
Running Texture Compiler...
Processed: 1
1 texture(s) processed!

[textures\sfx e locust shadow.tga]
Running Texture Compiler...
Processed: 1
1 texture(s) processed!

[textures\sfx e locust thick map.tga]
Running Texture Compiler...
Processed: 1
1 texture(s) processed!

[textures\sfx e locust thin map.tga]
Running Texture Compiler...
Processed: 1
1 texture(s) processed!

[textures\sfx e meteor blast map.tga]
Running Texture Compiler...
Processed: 1
1 texture(s) processed!

[textures\sfx e meteor map.tga]
Running Texture Compiler...
Processed: 1
1 texture(s) processed!

[textures\sfx e meteor shockwave map.tga]
Running Texture Compiler...
Processed: 1
1 texture(s) processed!

[textures\sfx e myth unit birth effect.tga]
Running Texture Compiler...
Processed: 1
1 texture(s) processed!

[textures\sfx e serpents water.tga]
Running Texture Compiler...
Processed: 1
1 texture(s) processed!

[textures\sfx e set animal glow.tga]
Running Texture Compiler...
Processed: 1
1 texture(s) processed!

[textures\sfx e set animal symbol.tga]
Running Texture Compiler...
Processed: 1
1 texture(s) processed!

[textures\sfx e set gaia animal glow.tga]
Running Texture Compiler...
Processed: 1
1 texture(s) processed!

[textures\sfx e shifting sands dust wave.tga]
Running Texture Compiler...
Processed: 1
1 texture(s) processed!

[textures\sfx e son of osiris corpse bodya.tga]
Running Texture Compiler...
Processed: 1
1 texture(s) processed!

[textures\sfx e son of osiris corpse skeletona.tga]
Running Texture Compiler...
Processed: 1
1 texture(s) processed!

[textures\sfx e son of osiris head.tga]
Running Texture Compiler...
Processed: 1
1 texture(s) processed!

[textures\sfx e son of osiris.tga]
Running Texture Compiler...
Processed: 1
1 texture(s) processed!

[textures\sfx e titan crator.tga]
Running Texture Compiler...
Processed: 1
1 texture(s) processed!

[textures\sfx fire ball map.tga]
Running Texture Compiler...
Processed: 1
1 texture(s) processed!

[textures\sfx fire ball orange map.tga]
Running Texture Compiler...
Processed: 1
1 texture(s) processed!

[textures\sfx fire charred ground map.tga]
Running Texture Compiler...
Processed: 1
1 texture(s) processed!

[textures\sfx fire flame map.tga]
Running Texture Compiler...
Processed: 1
1 texture(s) processed!

[textures\sfx fire patch map.tga]
Running Texture Compiler...
Processed: 1
1 texture(s) processed!

[textures\sfx fire pot map.tga]
Running Texture Compiler...
Processed: 1
1 texture(s) processed!

[textures\sfx fire puff map.tga]
Running Texture Compiler...
Processed: 1
1 texture(s) processed!

[textures\sfx fire smoke map.tga]
Running Texture Compiler...
Processed: 1
1 texture(s) processed!

[textures\sfx flying debris 1.tga]
Running Texture Compiler...
Processed: 1
1 texture(s) processed!

[textures\sfx flying debris 2.tgs.tga]
Running Texture Compiler...
Processed: 1
1 texture(s) processed!

[textures\sfx flying debris1.tga]
Running Texture Compiler...
Processed: 1
1 texture(s) processed!

[textures\sfx flying debris2.tga]
Running Texture Compiler...
Processed: 1
1 texture(s) processed!

[textures\sfx flying debris3.tga]
Running Texture Compiler...
Processed: 1
1 texture(s) processed!

[textures\sfx flying debris4.tga]
Running Texture Compiler...
Processed: 1
1 texture(s) processed!

[textures\sfx flying debris5.tga]
Running Texture Compiler...
Processed: 1
1 texture(s) processed!

[textures\sfx flying debris6.tga]
Running Texture Compiler...
Processed: 1
1 texture(s) processed!

[textures\sfx g animal magnetism decal.tga]
Running Texture Compiler...
Processed: 1
1 texture(s) processed!

[textures\sfx g animal magnetism select.tga]
Running Texture Compiler...
Processed: 1
1 texture(s) processed!

[textures\sfx g animal magnetism shadow.tga]
Running Texture Compiler...
Processed: 1
1 texture(s) processed!

[textures\sfx g animal magnetism shockwave.tga]
Running Texture Compiler...
Processed: 1
1 texture(s) processed!

[textures\sfx g animal magnetism.tga]
Running Texture Compiler...
Processed: 1
1 texture(s) processed!

[textures\sfx g arkantos flash.tga]
Running Texture Compiler...
Processed: 1
1 texture(s) processed!

[textures\sfx g arkantos glow.tga]
Running Texture Compiler...
Processed: 1
1 texture(s) processed!

[textures\sfx g lightning bolt.tga]
Running Texture Compiler...
Processed: 1
1 texture(s) processed!

[textures\sfx g lightning cloud shadow.tga]
Running Texture Compiler...
Processed: 1
1 texture(s) processed!

[textures\sfx g lightning cloud.tga]
Running Texture Compiler...
Processed: 1
1 texture(s) processed!

[textures\sfx g lightning scorch.tga]
Running Texture Compiler...
Processed: 1
1 texture(s) processed!

[textures\sfx g lightning skyflash.tga]
Running Texture Compiler...
Processed: 1
1 texture(s) processed!

[textures\sfx g lightning spark.tga]
Running Texture Compiler...
Processed: 1
1 texture(s) processed!

[textures\sfx g myth unit birth effect.tga]
Running Texture Compiler...
Processed: 1
1 texture(s) processed!

[textures\sfx g plenty decal.tga]
Running Texture Compiler...
Processed: 1
1 texture(s) processed!

[textures\sfx g plenty glint.tga]
Running Texture Compiler...
Processed: 1
1 texture(s) processed!

[textures\sfx g plenty shadow.tga]
Running Texture Compiler...
Processed: 1
1 texture(s) processed!

[textures\sfx g plenty.tga]
Running Texture Compiler...
Processed: 1
1 texture(s) processed!

[textures\sfx g sentinel weapons.tga]
Running Texture Compiler...
Processed: 1
1 texture(s) processed!

[textures\sfx g sentinel.tga]
Running Texture Compiler...
Processed: 1
1 texture(s) processed!

[textures\sfx g titan crator.tga]
Running Texture Compiler...
Processed: 1
1 texture(s) processed!

[textures\sfx meteorite splat decal.tga]
Running Texture Compiler...
Processed: 1
1 texture(s) processed!

[textures\sfx n dwarven mine decal.tga]
Running Texture Compiler...
Processed: 1
1 texture(s) processed!

[textures\sfx n dwarven mine shadow.tga]
Running Texture Compiler...
Processed: 1
1 texture(s) processed!

[textures\sfx n dwarven mine.tga]
Running Texture Compiler...
Processed: 1
1 texture(s) processed!

[textures\sfx n frost cloud.tga]
Running Texture Compiler...
Processed: 1
1 texture(s) processed!

[textures\sfx n frost ice block ground.tga]
Running Texture Compiler...
Processed: 1
1 texture(s) processed!

[textures\sfx n frost ice block unit map.tga]
Running Texture Compiler...
Processed: 1
1 texture(s) processed!

[textures\sfx n frost ice block unit.tga]
Running Texture Compiler...
Processed: 1
1 texture(s) processed!

[textures\sfx n frost ice block.tga]
Running Texture Compiler...
Processed: 1
1 texture(s) processed!

[textures\sfx n frost shockwave.tga]
Running Texture Compiler...
Processed: 1
1 texture(s) processed!

[textures\sfx n myth unit birth effect.tga]
Running Texture Compiler...
Processed: 1
1 texture(s) processed!

[textures\sfx n nidhogg corpse bodya.tga]
Running Texture Compiler...
Processed: 1
1 texture(s) processed!

[textures\sfx n nidhogg corpse skeletona.tga]
Running Texture Compiler...
Processed: 1
1 texture(s) processed!

[textures\sfx n nidhogg fire breath ground.tga]
Running Texture Compiler...
Processed: 1
1 texture(s) processed!

[textures\sfx n nidhogg fire breath.tga]
Running Texture Compiler...
Processed: 1
1 texture(s) processed!

[textures\sfx n nidhogg.tga]
Running Texture Compiler...
Processed: 1
1 texture(s) processed!

[textures\sfx n odin heal effect.tga]
Running Texture Compiler...
Processed: 1
1 texture(s) processed!

[textures\sfx n snow drift wave.tga]
Running Texture Compiler...
Processed: 1
1 texture(s) processed!

[textures\sfx n titan crator.tga]
Running Texture Compiler...
Processed: 1
1 texture(s) processed!

[textures\sfx n tunnel map.tga]
Running Texture Compiler...
Processed: 1
1 texture(s) processed!

[textures\sfx n valkyrie favor blue map.tga]
Running Texture Compiler...
Processed: 1
1 texture(s) processed!

[textures\sfx n valkyrie favor green map.tga]
Running Texture Compiler...
Processed: 1
1 texture(s) processed!

[textures\sfx n well of urd water mist.tga]
Running Texture Compiler...
Processed: 1
1 texture(s) processed!

[textures\sfx shinygold map.tga]
Running Texture Compiler...
Processed: 1
1 texture(s) processed!

[textures\sfx shinygold map_0.tga]
Running Texture Compiler...
Processed: 1
1 texture(s) processed!

[textures\sfx shinygold map_1.tga]
Running Texture Compiler...
Processed: 1
1 texture(s) processed!

[textures\sfx shinygold map_2.tga]
Running Texture Compiler...
Processed: 1
1 texture(s) processed!

[textures\sfx shinygold map_3.tga]
Running Texture Compiler...
Processed: 1
1 texture(s) processed!

[textures\sfx shinygold map_4.tga]
Running Texture Compiler...
Processed: 1
1 texture(s) processed!

[textures\sfx shinygold map_5.tga]
Running Texture Compiler...
Processed: 1
1 texture(s) processed!

[textures\sfx shinyice map.tga]
Running Texture Compiler...
Processed: 1
1 texture(s) processed!

[textures\sfx shinyice map_0.tga]
Running Texture Compiler...
Processed: 1
1 texture(s) processed!

[textures\sfx shinyice map_1.tga]
Running Texture Compiler...
Processed: 1
1 texture(s) processed!

[textures\sfx shinyice map_2.tga]
Running Texture Compiler...
Processed: 1
1 texture(s) processed!

[textures\sfx shinyice map_3.tga]
Running Texture Compiler...
Processed: 1
1 texture(s) processed!

[textures\sfx shinyice map_4.tga]
Running Texture Compiler...
Processed: 1
1 texture(s) processed!

[textures\sfx shinyice map_5.tga]
Running Texture Compiler...
Processed: 1
1 texture(s) processed!

[textures\sfx snow flake map.tga]
Running Texture Compiler...
Processed: 1
1 texture(s) processed!

[textures\sfx snow flake multi map.tga]
Running Texture Compiler...
Processed: 1
1 texture(s) processed!

[textures\sfx snow flake tree map.tga]
Running Texture Compiler...
Processed: 1
1 texture(s) processed!

[textures\sfx snow flake02 map.tga]
Running Texture Compiler...
Processed: 1
1 texture(s) processed!

[textures\sfx u lava bubble.tga]
Running Texture Compiler...
Processed: 1
1 texture(s) processed!

[textures\sfx u lava bubble2.tga]
Running Texture Compiler...
Processed: 1
1 texture(s) processed!

[textures\sfx u lava ground.tga]
Running Texture Compiler...
Processed: 1
1 texture(s) processed!

[textures\sfx u underworld smoke.tga]
Running Texture Compiler...
Processed: 1
1 texture(s) processed!

[textures\sfx water wake map.tga]
Running Texture Compiler...
Processed: 1
1 texture(s) processed!

[textures\sfx x acid bubble.tga]
Running Texture Compiler...
Processed: 1
1 texture(s) processed!

[textures\sfx x acid pot bowl.tga]
Running Texture Compiler...
Processed: 1
1 texture(s) processed!

[textures\sfx x argus spit.tga]
Running Texture Compiler...
Processed: 1
1 texture(s) processed!

[textures\sfx x arkantos birth bolt1.tga]
Running Texture Compiler...
Processed: 1
1 texture(s) processed!

[textures\sfx x arkantos birth bolt2.tga]
Running Texture Compiler...
Processed: 1
1 texture(s) processed!

[textures\sfx x arkantos birth ring.tga]
Running Texture Compiler...
Processed: 1
1 texture(s) processed!

[textures\sfx x arkantos birth steak.tga]
Running Texture Compiler...
Processed: 1
1 texture(s) processed!

[textures\sfx x arkatnos birth veins.tga]
Running Texture Compiler...
Processed: 1
1 texture(s) processed!

[textures\sfx x automoton sparks.tga]
Running Texture Compiler...
Processed: 1
1 texture(s) processed!

[textures\sfx x fire siphon spray 01.tga]
Running Texture Compiler...
Processed: 1
1 texture(s) processed!

[textures\sfx x fire siphon spray.tga]
Running Texture Compiler...
Processed: 1
1 texture(s) processed!

[textures\sfx x gaia forest pulse.tga]
Running Texture Compiler...
Processed: 1
1 texture(s) processed!

[textures\sfx x gaia wonder waterfall.tga]
Running Texture Compiler...
Processed: 1
1 texture(s) processed!

[textures\sfx x hesperides ring.tga]
Running Texture Compiler...
Processed: 1
1 texture(s) processed!

[textures\sfx x kronos wonder steam.tga]
Running Texture Compiler...
Processed: 1
1 texture(s) processed!

[textures\sfx x lampades blood mist.tga]
Running Texture Compiler...
Processed: 1
1 texture(s) processed!

[textures\sfx x lampades bolt.tga]
Running Texture Compiler...
Processed: 1
1 texture(s) processed!

[textures\sfx x lampades flare.tga]
Running Texture Compiler...
Processed: 1
1 texture(s) processed!

[textures\sfx x lampades flaretga.tga]
Running Texture Compiler...
Processed: 1
1 texture(s) processed!

[textures\sfx x lighthouse glow 2.tga]
Running Texture Compiler...
Processed: 1
1 texture(s) processed!

[textures\sfx x lighthouse glow.tga]
Running Texture Compiler...
Processed: 1
1 texture(s) processed!

[textures\sfx x mirror tower.tga]
Running Texture Compiler...
Processed: 1
1 texture(s) processed!

[textures\sfx x monster gate mist.tga]
Running Texture Compiler...
Processed: 1
1 texture(s) processed!

[textures\sfx x monster gate streak.tga]
Running Texture Compiler...
Processed: 1
1 texture(s) processed!

[textures\sfx x monster gater streak.tga]
Running Texture Compiler...
Processed: 1
1 texture(s) processed!

[textures\sfx x myth heka shock.tga]
Running Texture Compiler...
Processed: 1
1 texture(s) processed!

[textures\sfx x oracle los.tga]
Running Texture Compiler...
Processed: 1
1 texture(s) processed!

[textures\sfx x servant spray.tga]
Running Texture Compiler...
Processed: 1
1 texture(s) processed!

[textures\sfx x shaft.tga]
Running Texture Compiler...
Processed: 1
1 texture(s) processed!

[textures\sfx x shockwave unit effect.tga]
Running Texture Compiler...
Processed: 1
1 texture(s) processed!

[textures\sfx x signal tower ring.tga]
Running Texture Compiler...
Processed: 1
1 texture(s) processed!

[textures\sfx x sky passage glow.tga]
Running Texture Compiler...
Processed: 1
1 texture(s) processed!

[textures\sfx x sky passage.tga]
Running Texture Compiler...
Processed: 1
1 texture(s) processed!

[textures\sfx x spc temple effect star.tga]
Running Texture Compiler...
Processed: 1
1 texture(s) processed!

[textures\sfx x spc temple effect swirl.tga]
Running Texture Compiler...
Processed: 1
1 texture(s) processed!

[textures\sfx x spider egg bottom.tga]
Running Texture Compiler...
Processed: 1
1 texture(s) processed!

[textures\sfx x spider egg sack.tga]
Running Texture Compiler...
Processed: 1
1 texture(s) processed!

[textures\sfx x spider egg.tga]
Running Texture Compiler...
Processed: 1
1 texture(s) processed!

[textures\sfx x titan atlantean footprint.tga]
Running Texture Compiler...
Processed: 1
1 texture(s) processed!

[textures\sfx x titan crator.tga]
Running Texture Compiler...
Processed: 1
1 texture(s) processed!

[textures\sfx x titan fire.tga]
Running Texture Compiler...
Processed: 1
1 texture(s) processed!

[textures\sfx x titan ground lightning.tga]
Running Texture Compiler...
Processed: 1
1 texture(s) processed!

[textures\sfx x titan wings.tga]
Running Texture Compiler...
Processed: 1
1 texture(s) processed!

[textures\sfx x titan wingsr.tga]
Running Texture Compiler...
Processed: 1
1 texture(s) processed!

[textures\sfx x vortex portal.tga]
Running Texture Compiler...
Processed: 1
1 texture(s) processed!

[textures\sfx x vortex portal2.tga]
Running Texture Compiler...
Processed: 1
1 texture(s) processed!

[textures\sfx x vortex portal3.tga]
Running Texture Compiler...
Processed: 1
1 texture(s) processed!

[textures\sfx x vortex portal4.tga]
Running Texture Compiler...
Processed: 1
1 texture(s) processed!

[textures\shadow arrow 16x16.tga]
Running Texture Compiler...
Processed: 1
1 texture(s) processed!

[textures\shadow cinematic units.tga]
Running Texture Compiler...
Processed: 1
1 texture(s) processed!

[textures\shadow select circle 128x128.tga]
Running Texture Compiler...
Processed: 1
1 texture(s) processed!

[textures\shadow select circle 16x16.tga]
Running Texture Compiler...
Processed: 1
1 texture(s) processed!

[textures\shadow select circle 32x32.tga]
Running Texture Compiler...
Processed: 1
1 texture(s) processed!

[textures\shadow select circle 64x64.tga]
Running Texture Compiler...
Processed: 1
1 texture(s) processed!

[textures\shadow select farm 128x128.tga]
Running Texture Compiler...
Processed: 1
1 texture(s) processed!

[textures\shadow select gold 128x128.tga]
Running Texture Compiler...
Processed: 1
1 texture(s) processed!

[textures\shadow select oval 16x32.tga]
Running Texture Compiler...
Processed: 1
1 texture(s) processed!

[textures\shadow select oval 32x64.tga]
Running Texture Compiler...
Processed: 1
1 texture(s) processed!

[textures\shadow select oval 64x128.tga]
Running Texture Compiler...
Processed: 1
1 texture(s) processed!

[textures\shadow select square 128x128.tga]
Running Texture Compiler...
Processed: 1
1 texture(s) processed!

[textures\shadow select square 16x128.tga]
Running Texture Compiler...
Processed: 1
1 texture(s) processed!

[textures\shadow select square 16x16.tga]
Running Texture Compiler...
Processed: 1
1 texture(s) processed!

[textures\shadow select square 16x64.tga]
Running Texture Compiler...
Processed: 1
1 texture(s) processed!

[textures\shadow select square 32x128.tga]
Running Texture Compiler...
Processed: 1
1 texture(s) processed!

[textures\shadow select square 32x32.tga]
Running Texture Compiler...
Processed: 1
1 texture(s) processed!

[textures\shadow select square 64x256.tga]
Running Texture Compiler...
Processed: 1
1 texture(s) processed!

[textures\shadow select square 64x64.tga]
Running Texture Compiler...
Processed: 1
1 texture(s) processed!

[textures\shadow select titan gate.tga]
Running Texture Compiler...
Processed: 1
1 texture(s) processed!

[textures\shadow select tree 128x128.tga]
Running Texture Compiler...
Processed: 1
1 texture(s) processed!

[textures\shadow unit air 64x64.tga]
Running Texture Compiler...
Processed: 1
1 texture(s) processed!

[textures\shadow unit ballista 32x32.tga]
Running Texture Compiler...
Processed: 1
1 texture(s) processed!

[textures\shadow unit cart 32x64.tga]
Running Texture Compiler...
Processed: 1
1 texture(s) processed!

[textures\shadow unit catapult 32x64.tga]
Running Texture Compiler...
Processed: 1
1 texture(s) processed!

[textures\shadow unit cavalry 32x64.tga]
Running Texture Compiler...
Processed: 1
1 texture(s) processed!

[textures\shadow unit chariot 32x64.tga]
Running Texture Compiler...
Processed: 1
1 texture(s) processed!

[textures\shadow unit chicken 16x16.tga]
Running Texture Compiler...
Processed: 1
1 texture(s) processed!

[textures\shadow unit chieroballista 32x32.tga]
Running Texture Compiler...
Processed: 1
1 texture(s) processed!

[textures\shadow unit circle 128x128.tga]
Running Texture Compiler...
Processed: 1
1 texture(s) processed!

[textures\shadow unit circle 32x32.tga]
Running Texture Compiler...
Processed: 1
1 texture(s) processed!

[textures\shadow unit circle 64x64.tga]
Running Texture Compiler...
Processed: 1
1 texture(s) processed!

[textures\shadow unit folstag flag 32x32.tga]
Running Texture Compiler...
Processed: 1
1 texture(s) processed!

[textures\shadow unit fph.tga]
Running Texture Compiler...
Processed: 1
1 texture(s) processed!

[textures\shadow unit great box 64x128.tga]
Running Texture Compiler...
Processed: 1
1 texture(s) processed!

[textures\shadow unit naval 32x64.tga]
Running Texture Compiler...
Processed: 1
1 texture(s) processed!

[textures\shadow unit ram 32x64.tga]
Running Texture Compiler...
Processed: 1
1 texture(s) processed!

[textures\shadow unit scarab 32x64.tga]
Running Texture Compiler...
Processed: 1
1 texture(s) processed!

[textures\shadow unit square 16x16.tga]
Running Texture Compiler...
Processed: 1
1 texture(s) processed!

[textures\shadow unit square 16x32.tga]
Running Texture Compiler...
Processed: 1
1 texture(s) processed!

[textures\shadow unit square 32x32.tga]
Running Texture Compiler...
Processed: 1
1 texture(s) processed!

[textures\shadow unit sword bearers 32x64.tga]
Running Texture Compiler...
Processed: 1
1 texture(s) processed!

[textures\shadow unit thors hammer cart 32x64.tga]
Running Texture Compiler...
Processed: 1
1 texture(s) processed!

[textures\shadow unit thors hammer dwarfs carry 32x64.tga]
Running Texture Compiler...
Processed: 1
1 texture(s) processed!

[textures\shadow unit thors hammer laying down 32x64.tga]
Running Texture Compiler...
Processed: 1
1 texture(s) processed!

[textures\shockwall.tga]
Running Texture Compiler...
Processed: 1
1 texture(s) processed!

[textures\siege c fire lance bronze.tga]
Running Texture Compiler...
Processed: 1
1 texture(s) processed!

[textures\siege c fire lance head bronze.tga]
Running Texture Compiler...
Processed: 1
1 texture(s) processed!

[textures\siege c fire lance head iron.tga]
Running Texture Compiler...
Processed: 1
1 texture(s) processed!

[textures\siege c fire lance head.tga]
Running Texture Compiler...
Processed: 1
1 texture(s) processed!

[textures\siege c fire lance icon.tga]
Running Texture Compiler...
Processed: 1
1 texture(s) processed!

[textures\siege c fire lance iron.tga]
Running Texture Compiler...
Processed: 1
1 texture(s) processed!

[textures\siege c fire lance.tga]
Running Texture Compiler...
Processed: 1
1 texture(s) processed!

[textures\siege c sitting tiger icon.tga]
Running Texture Compiler...
Processed: 1
1 texture(s) processed!

[textures\siege c sitting tiger iron.tga]
Running Texture Compiler...
Processed: 1
1 texture(s) processed!

[textures\siege c sitting tiger projectile.tga]
Running Texture Compiler...
Processed: 1
1 texture(s) processed!

[textures\siege c sitting tiger.tga]
Running Texture Compiler...
Processed: 1
1 texture(s) processed!

[textures\siege e catapult corpse bodya.tga]
Running Texture Compiler...
Processed: 1
1 texture(s) processed!

[textures\siege e catapult iron.tga]
Running Texture Compiler...
Processed: 1
1 texture(s) processed!

[textures\siege e catapult projectile.tga]
Running Texture Compiler...
Processed: 1
1 texture(s) processed!

[textures\siege e catapult skeletona.tga]
Running Texture Compiler...
Processed: 1
1 texture(s) processed!

[textures\siege e catapult.tga]
Running Texture Compiler...
Processed: 1
1 texture(s) processed!

[textures\siege e tower corpse bodya.tga]
Running Texture Compiler...
Processed: 1
1 texture(s) processed!

[textures\siege e tower iron.tga]
Running Texture Compiler...
Processed: 1
1 texture(s) processed!

[textures\siege e tower skeletona.tga]
Running Texture Compiler...
Processed: 1
1 texture(s) processed!

[textures\siege e tower.tga]
Running Texture Compiler...
Processed: 1
1 texture(s) processed!

[textures\siege g helepolis corpse bodya.tga]
Running Texture Compiler...
Processed: 1
1 texture(s) processed!

[textures\siege g helepolis iron.tga]
Running Texture Compiler...
Processed: 1
1 texture(s) processed!

[textures\siege g helepolis skeletona.tga]
Running Texture Compiler...
Processed: 1
1 texture(s) processed!

[textures\siege g helepolis.tga]
Running Texture Compiler...
Processed: 1
1 texture(s) processed!

[textures\siege g petrobolos corpse bodya.tga]
Running Texture Compiler...
Processed: 1
1 texture(s) processed!

[textures\siege g petrobolos iron.tga]
Running Texture Compiler...
Processed: 1
1 texture(s) processed!

[textures\siege g petrobolos low.tga]
Running Texture Compiler...
Processed: 1
1 texture(s) processed!

[textures\siege g petrobolos projectile.tga]
Running Texture Compiler...
Processed: 1
1 texture(s) processed!

[textures\siege g petrobolos skeletona.tga]
Running Texture Compiler...
Processed: 1
1 texture(s) processed!

[textures\siege g petrobolos tire low.tga]
Running Texture Compiler...
Processed: 1
1 texture(s) processed!

[textures\siege g petrobolos.tga]
Running Texture Compiler...
Processed: 1
1 texture(s) processed!

[textures\siege g trojan horse wood shadows a.tga]
Running Texture Compiler...
Processed: 1
1 texture(s) processed!

[textures\siege g trojan horse wood shadows b.tga]
Running Texture Compiler...
Processed: 1
1 texture(s) processed!

[textures\siege g trojan horse wood shadows c.tga]
Running Texture Compiler...
Processed: 1
1 texture(s) processed!

[textures\siege g trojan horse.tga]
Running Texture Compiler...
Processed: 1
1 texture(s) processed!

[textures\siege n ballista bolt iron.tga]
Running Texture Compiler...
Processed: 1
1 texture(s) processed!

[textures\siege n ballista bolt.tga]
Running Texture Compiler...
Processed: 1
1 texture(s) processed!

[textures\siege n ballista corpse bodya.tga]
Running Texture Compiler...
Processed: 1
1 texture(s) processed!

[textures\siege n ballista iron.tga]
Running Texture Compiler...
Processed: 1
1 texture(s) processed!

[textures\siege n ballista map.tga]
Running Texture Compiler...
Processed: 1
1 texture(s) processed!

[textures\siege n ballista skeletona.tga]
Running Texture Compiler...
Processed: 1
1 texture(s) processed!

[textures\siege n ballista.tga]
Running Texture Compiler...
Processed: 1
1 texture(s) processed!

[textures\siege n catapult map.tga]
Running Texture Compiler...
Processed: 1
1 texture(s) processed!

[textures\siege n ram corpse bodya.tga]
Running Texture Compiler...
Processed: 1
1 texture(s) processed!

[textures\siege n ram iron.tga]
Running Texture Compiler...
Processed: 1
1 texture(s) processed!

[textures\siege n ram ring iron.tga]
Running Texture Compiler...
Processed: 1
1 texture(s) processed!

[textures\siege n ram ring.tga]
Running Texture Compiler...
Processed: 1
1 texture(s) processed!

[textures\siege n ram skeletona.tga]
Running Texture Compiler...
Processed: 1
1 texture(s) processed!

[textures\siege n ram.tga]
Running Texture Compiler...
Processed: 1
1 texture(s) processed!

[textures\siege n tower map.tga]
Running Texture Compiler...
Processed: 1
1 texture(s) processed!

[textures\siege x chieroballista corpse bodya.tga]
Running Texture Compiler...
Processed: 1
1 texture(s) processed!

[textures\siege x chieroballista corpse skeletona.tga]
Running Texture Compiler...
Processed: 1
1 texture(s) processed!

[textures\siege x chieroballista downgrade.tga]
Running Texture Compiler...
Processed: 1
1 texture(s) processed!

[textures\siege x chieroballista man upgrade.tga]
Running Texture Compiler...
Processed: 1
1 texture(s) processed!

[textures\siege x chieroballista man.tga]
Running Texture Compiler...
Processed: 1
1 texture(s) processed!

[textures\siege x chieroballista.tga]
Running Texture Compiler...
Processed: 1
1 texture(s) processed!

[textures\siege x fire siphon corpse bodya.tga]
Running Texture Compiler...
Processed: 1
1 texture(s) processed!

[textures\siege x fire siphon corpse skeletona.tga]
Running Texture Compiler...
Processed: 1
1 texture(s) processed!

[textures\siege x fire siphon shadow.tga]
Running Texture Compiler...
Processed: 1
1 texture(s) processed!

[textures\siege x fire siphon upgrade.tga]
Running Texture Compiler...
Processed: 1
1 texture(s) processed!

[textures\siege x fire siphon.tga]
Running Texture Compiler...
Processed: 1
1 texture(s) processed!

[textures\siege x onager iron.tga]
Running Texture Compiler...
Processed: 1
1 texture(s) processed!

[textures\siege x onager.tga]
Running Texture Compiler...
Processed: 1
1 texture(s) processed!

[textures\single wave.tga]
Running Texture Compiler...
Processed: 1
1 texture(s) processed!

[textures\skyboxbluesky.tga]
Running Texture Compiler...
Processed: 1
1 texture(s) processed!

[textures\skyboxbluesky_bk.tga]
Running Texture Compiler...
Processed: 1
1 texture(s) processed!

[textures\skyboxbluesky_bk2.tga]
Running Texture Compiler...
Processed: 1
1 texture(s) processed!

[textures\skyboxbluesky_dn.tga]
Running Texture Compiler...
Processed: 1
1 texture(s) processed!

[textures\skyboxbluesky_fr.tga]
Running Texture Compiler...
Processed: 1
1 texture(s) processed!

[textures\skyboxbluesky_fr2.tga]
Running Texture Compiler...
Processed: 1
1 texture(s) processed!

[textures\skyboxbluesky_lf.tga]
Running Texture Compiler...
Processed: 1
1 texture(s) processed!

[textures\skyboxbluesky_lf2.tga]
Running Texture Compiler...
Processed: 1
1 texture(s) processed!

[textures\skyboxbluesky_rt.tga]
Running Texture Compiler...
Processed: 1
1 texture(s) processed!

[textures\skyboxbluesky_rt2.tga]
Running Texture Compiler...
Processed: 1
1 texture(s) processed!

[textures\skyboxstormy_bk.tga]
Running Texture Compiler...
Processed: 1
1 texture(s) processed!

[textures\skyboxstormy_bk2.tga]
Running Texture Compiler...
Processed: 1
1 texture(s) processed!

[textures\skyboxstormy_dn.tga]
Running Texture Compiler...
Processed: 1
1 texture(s) processed!

[textures\skyboxstormy_fr.tga]
Running Texture Compiler...
Processed: 1
1 texture(s) processed!

[textures\skyboxstormy_fr2.tga]
Running Texture Compiler...
Processed: 1
1 texture(s) processed!

[textures\skyboxstormy_lf.tga]
Running Texture Compiler...
Processed: 1
1 texture(s) processed!

[textures\skyboxstormy_lf2.tga]
Running Texture Compiler...
Processed: 1
1 texture(s) processed!

[textures\skyboxstormy_rt.tga]
Running Texture Compiler...
Processed: 1
1 texture(s) processed!

[textures\skyboxstormy_rt2.tga]
Running Texture Compiler...
Processed: 1
1 texture(s) processed!

[textures\skyboxsunset_bk.tga]
Running Texture Compiler...
Processed: 1
1 texture(s) processed!

[textures\skyboxsunset_bk2.tga]
Running Texture Compiler...
Processed: 1
1 texture(s) processed!

[textures\skyboxsunset_dn.tga]
Running Texture Compiler...
Processed: 1
1 texture(s) processed!

[textures\skyboxsunset_fr.tga]
Running Texture Compiler...
Processed: 1
1 texture(s) processed!

[textures\skyboxsunset_fr2.tga]
Running Texture Compiler...
Processed: 1
1 texture(s) processed!

[textures\skyboxsunset_lf.tga]
Running Texture Compiler...
Processed: 1
1 texture(s) processed!

[textures\skyboxsunset_lf2.tga]
Running Texture Compiler...
Processed: 1
1 texture(s) processed!

[textures\skyboxsunset_rt.tga]
Running Texture Compiler...
Processed: 1
1 texture(s) processed!

[textures\skyboxsunset_rt2.tga]
Running Texture Compiler...
Processed: 1
1 texture(s) processed!

[textures\skyboxsunset_up.tga]
Running Texture Compiler...
Processed: 1
1 texture(s) processed!

[textures\skyboxwinter_bk.tga]
Running Texture Compiler...
Processed: 1
1 texture(s) processed!

[textures\skyboxwinter_bk2.tga]
Running Texture Compiler...
Processed: 1
1 texture(s) processed!

[textures\skyboxwinter_fr.tga]
Running Texture Compiler...
Processed: 1
1 texture(s) processed!

[textures\skyboxwinter_fr2.tga]
Running Texture Compiler...
Processed: 1
1 texture(s) processed!

[textures\skyboxwinter_lf.tga]
Running Texture Compiler...
Processed: 1
1 texture(s) processed!

[textures\skyboxwinter_lf2.tga]
Running Texture Compiler...
Processed: 1
1 texture(s) processed!

[textures\skyboxwinter_rt.tga]
Running Texture Compiler...
Processed: 1
1 texture(s) processed!

[textures\skyboxwinter_rt2.tga]
Running Texture Compiler...
Processed: 1
1 texture(s) processed!

[textures\slider_horiz.tga]
Running Texture Compiler...
Processed: 1
1 texture(s) processed!

[textures\slider_vert.tga]
Running Texture Compiler...
Processed: 1
1 texture(s) processed!

[textures\sliderbutton0.tga]
Running Texture Compiler...
Processed: 1
1 texture(s) processed!

[textures\sliderbutton0v.tga]
Running Texture Compiler...
Processed: 1
1 texture(s) processed!

[textures\sliderbutton1.tga]
Running Texture Compiler...
Processed: 1
1 texture(s) processed!

[textures\sliderbutton1v.tga]
Running Texture Compiler...
Processed: 1
1 texture(s) processed!

[textures\sliderbutton2.tga]
Running Texture Compiler...
Processed: 1
1 texture(s) processed!

[textures\sliderbutton2v.tga]
Running Texture Compiler...
Processed: 1
1 texture(s) processed!

[textures\sliderbutton3.tga]
Running Texture Compiler...
Processed: 1
1 texture(s) processed!

[textures\sliderbutton3v.tga]
Running Texture Compiler...
Processed: 1
1 texture(s) processed!

[textures\sliderpip.tga]
Running Texture Compiler...
Processed: 1
1 texture(s) processed!

[textures\snowflake.tga]
Running Texture Compiler...
Processed: 1
1 texture(s) processed!

[textures\softblendcorner.tga]
Running Texture Compiler...
Processed: 1
1 texture(s) processed!

[textures\softblendedge.tga]
Running Texture Compiler...
Processed: 1
1 texture(s) processed!

[textures\softblendlshape.tga]
Running Texture Compiler...
Processed: 1
1 texture(s) processed!

[textures\spc x gaia tree decal.tga]
Running Texture Compiler...
Processed: 1
1 texture(s) processed!

[textures\spc x gaia tree shadow.tga]
Running Texture Compiler...
Processed: 1
1 texture(s) processed!

[textures\spc x gaia tree.tga]
Running Texture Compiler...
Processed: 1
1 texture(s) processed!

[textures\special a snowman.tga]
Running Texture Compiler...
Processed: 1
1 texture(s) processed!

[textures\special c azure dragon head.tga]
Running Texture Compiler...
Processed: 1
1 texture(s) processed!

[textures\special c azure dragon icon.tga]
Running Texture Compiler...
Processed: 1
1 texture(s) processed!

[textures\special c azure dragon.tga]
Running Texture Compiler...
Processed: 1
1 texture(s) processed!

[textures\special c dragon turtle head.tga]
Running Texture Compiler...
Processed: 1
1 texture(s) processed!

[textures\special c dragon turtle icon.tga]
Running Texture Compiler...
Processed: 1
1 texture(s) processed!

[textures\special c dragon turtle.tga]
Running Texture Compiler...
Processed: 1
1 texture(s) processed!

[textures\special c earth dragon b.tga]
Running Texture Compiler...
Processed: 1
1 texture(s) processed!

[textures\special c earth dragon icon.tga]
Running Texture Compiler...
Processed: 1
1 texture(s) processed!

[textures\special c earth dragon.tga]
Running Texture Compiler...
Processed: 1
1 texture(s) processed!

[textures\special c jiangshi head.tga]
Running Texture Compiler...
Processed: 1
1 texture(s) processed!

[textures\special c jiangshi icon.tga]
Running Texture Compiler...
Processed: 1
1 texture(s) processed!

[textures\special c jiangshi.tga]
Running Texture Compiler...
Processed: 1
1 texture(s) processed!

[textures\special c monkey king icon.tga]
Running Texture Compiler...
Processed: 1
1 texture(s) processed!

[textures\special c monkey king.tga]
Running Texture Compiler...
Processed: 1
1 texture(s) processed!

[textures\special c pixiu icon.tga]
Running Texture Compiler...
Processed: 1
1 texture(s) processed!

[textures\special c pixiu.tga]
Running Texture Compiler...
Processed: 1
1 texture(s) processed!

[textures\special c qilin icon.tga]
Running Texture Compiler...
Processed: 1
1 texture(s) processed!

[textures\special c qilin.tga]
Running Texture Compiler...
Processed: 1
1 texture(s) processed!

[textures\special c salamander.tga]
Running Texture Compiler...
Processed: 1
1 texture(s) processed!

[textures\special c terracotta soldier head.tga]
Running Texture Compiler...
Processed: 1
1 texture(s) processed!

[textures\special c terracotta soldier icon.tga]
Running Texture Compiler...
Processed: 1
1 texture(s) processed!

[textures\special c terracotta soldier.tga]
Running Texture Compiler...
Processed: 1
1 texture(s) processed!

[textures\special c vermilion bird icon.tga]
Running Texture Compiler...
Processed: 1
1 texture(s) processed!

[textures\special c vermillion bird wing alpha.tga]
Running Texture Compiler...
Processed: 1
1 texture(s) processed!

[textures\special c vermillion bird wing.tga]
Running Texture Compiler...
Processed: 1
1 texture(s) processed!

[textures\special c vermillion bird.tga]
Running Texture Compiler...
Processed: 1
1 texture(s) processed!

[textures\special c war salamander icon.tga]
Running Texture Compiler...
Processed: 1
1 texture(s) processed!

[textures\special c white tiger icon.tga]
Running Texture Compiler...
Processed: 1
1 texture(s) processed!

[textures\special e anubite corpse bodya.tga]
Running Texture Compiler...
Processed: 1
1 texture(s) processed!

[textures\special e anubite corpse skeletona.tga]
Running Texture Compiler...
Processed: 1
1 texture(s) processed!

[textures\special e anubite iron.tga]
Running Texture Compiler...
Processed: 1
1 texture(s) processed!

[textures\special e anubite.tga]
Running Texture Compiler...
Processed: 1
1 texture(s) processed!

[textures\special e anubite[pixelxform1].tga]
Running Texture Compiler...
Processed: 1
1 texture(s) processed!

[textures\special e apep map.tga]
Running Texture Compiler...
Processed: 1
1 texture(s) processed!

[textures\special e avenger corpse bodya.tga]
Running Texture Compiler...
Processed: 1
1 texture(s) processed!

[textures\special e avenger corpse skeletona.tga]
Running Texture Compiler...
Processed: 1
1 texture(s) processed!

[textures\special e avenger map.tga]
Running Texture Compiler...
Processed: 1
1 texture(s) processed!

[textures\special e avenger.tga]
Running Texture Compiler...
Processed: 1
1 texture(s) processed!

[textures\special e leviathan fins.tga]
Running Texture Compiler...
Processed: 1
1 texture(s) processed!

[textures\special e leviathan map.tga]
Running Texture Compiler...
Processed: 1
1 texture(s) processed!

[textures\special e minion map.tga]
Running Texture Compiler...
Processed: 1
1 texture(s) processed!

[textures\special e mummy flies breath.tga]
Running Texture Compiler...
Processed: 1
1 texture(s) processed!

[textures\special e mummy flies.tga]
Running Texture Compiler...
Processed: 1
1 texture(s) processed!

[textures\special e mummy map.tga]
Running Texture Compiler...
Processed: 1
1 texture(s) processed!

[textures\special e petesuchos arrow.tga]
Running Texture Compiler...
Processed: 1
1 texture(s) processed!

[textures\special e petesuchos ball glow.tga]
Running Texture Compiler...
Processed: 1
1 texture(s) processed!

[textures\special e petesuchos beam.tga]
Running Texture Compiler...
Processed: 1
1 texture(s) processed!

[textures\special e petesuchos corpse bodya.tga]
Running Texture Compiler...
Processed: 1
1 texture(s) processed!

[textures\special e petesuchos corpse skeletona.tga]
Running Texture Compiler...
Processed: 1
1 texture(s) processed!

[textures\special e petesuchos.tga]
Running Texture Compiler...
Processed: 1
1 texture(s) processed!

[textures\special e pharaoh corpse bodya.tga]
Running Texture Compiler...
Processed: 1
1 texture(s) processed!

[textures\special e pharaoh head.tga]
Running Texture Compiler...
Processed: 1
1 texture(s) processed!

[textures\special e pharaoh skeletona.tga]
Running Texture Compiler...
Processed: 1
1 texture(s) processed!

[textures\special e pharaoh.tga]
Running Texture Compiler...
Processed: 1
1 texture(s) processed!

[textures\special e phoenix egg.tga]
Running Texture Compiler...
Processed: 1
1 texture(s) processed!

[textures\special e phoenix shockwave.tga]
Running Texture Compiler...
Processed: 1
1 texture(s) processed!

[textures\special e phoenix.tga]
Running Texture Compiler...
Processed: 1
1 texture(s) processed!

[textures\special e priest corpse bodya.tga]
Running Texture Compiler...
Processed: 1
1 texture(s) processed!

[textures\special e priest head.tga]
Running Texture Compiler...
Processed: 1
1 texture(s) processed!

[textures\special e priest skeletona.tga]
Running Texture Compiler...
Processed: 1
1 texture(s) processed!

[textures\special e priest staff.tga]
Running Texture Compiler...
Processed: 1
1 texture(s) processed!

[textures\special e priest.tga]
Running Texture Compiler...
Processed: 1
1 texture(s) processed!

[textures\special e roc basket.tga]
Running Texture Compiler...
Processed: 1
1 texture(s) processed!

[textures\special e roc.tga]
Running Texture Compiler...
Processed: 1
1 texture(s) processed!

[textures\special e scarab blood.tga]
Running Texture Compiler...
Processed: 1
1 texture(s) processed!

[textures\special e scarab corpse bodya.tga]
Running Texture Compiler...
Processed: 1
1 texture(s) processed!

[textures\special e scarab corpse skeletona.tga]
Running Texture Compiler...
Processed: 1
1 texture(s) processed!

[textures\special e scarab map.tga]
Running Texture Compiler...
Processed: 1
1 texture(s) processed!

[textures\special e scorpion corpse bodya.tga]
Running Texture Compiler...
Processed: 1
1 texture(s) processed!

[textures\special e scorpion corpse skeletona.tga]
Running Texture Compiler...
Processed: 1
1 texture(s) processed!

[textures\special e scorpion man head.tga]
Running Texture Compiler...
Processed: 1
1 texture(s) processed!

[textures\special e scorpion man upgrade.tga]
Running Texture Compiler...
Processed: 1
1 texture(s) processed!

[textures\special e scorpion man.tga]
Running Texture Compiler...
Processed: 1
1 texture(s) processed!

[textures\special e sphinx corpse bodya.tga]
Running Texture Compiler...
Processed: 1
1 texture(s) processed!

[textures\special e sphinx corpse skeletona.tga]
Running Texture Compiler...
Processed: 1
1 texture(s) processed!

[textures\special e sphinx tornado.tga]
Running Texture Compiler...
Processed: 1
1 texture(s) processed!

[textures\special e sphinx.tga]
Running Texture Compiler...
Processed: 1
1 texture(s) processed!

[textures\special e vulture map.tga]
Running Texture Compiler...
Processed: 1
1 texture(s) processed!

[textures\special e wadjet corpse bodya.tga]
Running Texture Compiler...
Processed: 1
1 texture(s) processed!

[textures\special e wadjet corpse skeletona.tga]
Running Texture Compiler...
Processed: 1
1 texture(s) processed!

[textures\special e wadjet.tga]
Running Texture Compiler...
Processed: 1
1 texture(s) processed!

[textures\special g agamemnon head statue.tga]
Running Texture Compiler...
Processed: 1
1 texture(s) processed!

[textures\special g agamemnon head.tga]
Running Texture Compiler...
Processed: 1
1 texture(s) processed!

[textures\special g agamemnon statue.tga]
Running Texture Compiler...
Processed: 1
1 texture(s) processed!

[textures\special g agamemnon.tga]
Running Texture Compiler...
Processed: 1
1 texture(s) processed!

[textures\special g athena head.tga]
Running Texture Compiler...
Processed: 1
1 texture(s) processed!

[textures\special g athena.tga]
Running Texture Compiler...
Processed: 1
1 texture(s) processed!

[textures\special g carcinos.tga]
Running Texture Compiler...
Processed: 1
1 texture(s) processed!

[textures\special g centaur corpse bodya.tga]
Running Texture Compiler...
Processed: 1
1 texture(s) processed!

[textures\special g centaur corpse skeletona.tga]
Running Texture Compiler...
Processed: 1
1 texture(s) processed!

[textures\special g centaur head upgrade.tga]
Running Texture Compiler...
Processed: 1
1 texture(s) processed!

[textures\special g centaur head.tga]
Running Texture Compiler...
Processed: 1
1 texture(s) processed!

[textures\special g centaur low.tga]
Running Texture Compiler...
Processed: 1
1 texture(s) processed!

[textures\special g centaur upgrade.tga]
Running Texture Compiler...
Processed: 1
1 texture(s) processed!

[textures\special g centaur.tga]
Running Texture Compiler...
Processed: 1
1 texture(s) processed!

[textures\special g chimera corpse bodya.tga]
Running Texture Compiler...
Processed: 1
1 texture(s) processed!

[textures\special g chimera corpse skeletona.tga]
Running Texture Compiler...
Processed: 1
1 texture(s) processed!

[textures\special g chimera map.tga]
Running Texture Compiler...
Processed: 1
1 texture(s) processed!

[textures\special g chimera tail.tga]
Running Texture Compiler...
Processed: 1
1 texture(s) processed!

[textures\special g chimera.tga]
Running Texture Compiler...
Processed: 1
1 texture(s) processed!

[textures\special g colossus gold.tga]
Running Texture Compiler...
Processed: 1
1 texture(s) processed!

[textures\special g colossus map.tga]
Running Texture Compiler...
Processed: 1
1 texture(s) processed!

[textures\special g colossus silver.tga]
Running Texture Compiler...
Processed: 1
1 texture(s) processed!

[textures\special g colossus sword.tga]
Running Texture Compiler...
Processed: 1
1 texture(s) processed!

[textures\special g cyclops corpse bodya.tga]
Running Texture Compiler...
Processed: 1
1 texture(s) processed!

[textures\special g cyclops corpse skeletona.tga]
Running Texture Compiler...
Processed: 1
1 texture(s) processed!

[textures\special g cyclops low.tga]
Running Texture Compiler...
Processed: 1
1 texture(s) processed!

[textures\special g cyclops map.tga]
Running Texture Compiler...
Processed: 1
1 texture(s) processed!

[textures\special g cyclops upgrade.tga]
Running Texture Compiler...
Processed: 1
1 texture(s) processed!

[textures\special g cyclops.tga]
Running Texture Compiler...
Processed: 1
1 texture(s) processed!

[textures\special g giant turtle.tga]
Running Texture Compiler...
Processed: 1
1 texture(s) processed!

[textures\special g golem map.tga]
Running Texture Compiler...
Processed: 1
1 texture(s) processed!

[textures\special g griffon map.tga]
Running Texture Compiler...
Processed: 1
1 texture(s) processed!

[textures\special g harpy map.tga]
Running Texture Compiler...
Processed: 1
1 texture(s) processed!

[textures\special g hippocampus.tga]
Running Texture Compiler...
Processed: 1
1 texture(s) processed!

[textures\special g hydra corpse bodya.tga]
Running Texture Compiler...
Processed: 1
1 texture(s) processed!

[textures\special g hydra corpse skeletona.tga]
Running Texture Compiler...
Processed: 1
1 texture(s) processed!

[textures\special g hydra land.tga]
Running Texture Compiler...
Processed: 1
1 texture(s) processed!

[textures\special g hydra map.tga]
Running Texture Compiler...
Processed: 1
1 texture(s) processed!

[textures\special g hydra statue.tga]
Running Texture Compiler...
Processed: 1
1 texture(s) processed!

[textures\special g manticore barbs.tga]
Running Texture Compiler...
Processed: 1
1 texture(s) processed!

[textures\special g manticore corpse bodya.tga]
Running Texture Compiler...
Processed: 1
1 texture(s) processed!

[textures\special g manticore corpse skeletona.tga]
Running Texture Compiler...
Processed: 1
1 texture(s) processed!

[textures\special g manticore statue.tga]
Running Texture Compiler...
Processed: 1
1 texture(s) processed!

[textures\special g manticore wing statue.tga]
Running Texture Compiler...
Processed: 1
1 texture(s) processed!

[textures\special g manticore wing.tga]
Running Texture Compiler...
Processed: 1
1 texture(s) processed!

[textures\special g manticore.tga]
Running Texture Compiler...
Processed: 1
1 texture(s) processed!

[textures\special g medusa corpse bodya.tga]
Running Texture Compiler...
Processed: 1
1 texture(s) processed!

[textures\special g medusa corpse skeletona.tga]
Running Texture Compiler...
Processed: 1
1 texture(s) processed!

[textures\special g medusa low map.tga]
Running Texture Compiler...
Processed: 1
1 texture(s) processed!

[textures\special g medusa map.tga]
Running Texture Compiler...
Processed: 1
1 texture(s) processed!

[textures\special g medusa upgrade.tga]
Running Texture Compiler...
Processed: 1
1 texture(s) processed!

[textures\special g medusa.tga]
Running Texture Compiler...
Processed: 1
1 texture(s) processed!

[textures\special g minotaur corpse bodya.tga]
Running Texture Compiler...
Processed: 1
1 texture(s) processed!

[textures\special g minotaur corpse skeletona.tga]
Running Texture Compiler...
Processed: 1
1 texture(s) processed!

[textures\special g minotaur.tga]
Running Texture Compiler...
Processed: 1
1 texture(s) processed!

[textures\special g nemean lion corpse bodya.tga]
Running Texture Compiler...
Processed: 1
1 texture(s) processed!

[textures\special g nemean lion corpse skeletona.tga]
Running Texture Compiler...
Processed: 1
1 texture(s) processed!

[textures\special g nemean lion soundwave.tga]
Running Texture Compiler...
Processed: 1
1 texture(s) processed!

[textures\special g nemean lion statue.tga]
Running Texture Compiler...
Processed: 1
1 texture(s) processed!

[textures\special g nemean lion.tga]
Running Texture Compiler...
Processed: 1
1 texture(s) processed!

[textures\special g pegasus corpse bodya.tga]
Running Texture Compiler...
Processed: 1
1 texture(s) processed!

[textures\special g pegasus corpse skeletona.tga]
Running Texture Compiler...
Processed: 1
1 texture(s) processed!

[textures\special g pegasus wings.tga]
Running Texture Compiler...
Processed: 1
1 texture(s) processed!

[textures\special g pegasus.tga]
Running Texture Compiler...
Processed: 1
1 texture(s) processed!

[textures\special g polyphemus map.tga]
Running Texture Compiler...
Processed: 1
1 texture(s) processed!

[textures\special g scylla map.tga]
Running Texture Compiler...
Processed: 1
1 texture(s) processed!

[textures\special g scylla.tga]
Running Texture Compiler...
Processed: 1
1 texture(s) processed!

[textures\special g sea turtle.tga]
Running Texture Compiler...
Processed: 1
1 texture(s) processed!

[textures\special g shade.tga]
Running Texture Compiler...
Processed: 1
1 texture(s) processed!

[textures\special g underworld shade.tga]
Running Texture Compiler...
Processed: 1
1 texture(s) processed!

[textures\special n battle boar corpse bodya.tga]
Running Texture Compiler...
Processed: 1
1 texture(s) processed!

[textures\special n battle boar corpse skeletona.tga]
Running Texture Compiler...
Processed: 1
1 texture(s) processed!

[textures\special n battle boar.tga]
Running Texture Compiler...
Processed: 1
1 texture(s) processed!

[textures\special n einheriar axe standard.tga]
Running Texture Compiler...
Processed: 1
1 texture(s) processed!

[textures\special n einheriar berserk.tga]
Running Texture Compiler...
Processed: 1
1 texture(s) processed!

[textures\special n einheriar corpse bodya.tga]
Running Texture Compiler...
Processed: 1
1 texture(s) processed!

[textures\special n einheriar corpse skeletona.tga]
Running Texture Compiler...
Processed: 1
1 texture(s) processed!

[textures\special n einheriar head.tga]
Running Texture Compiler...
Processed: 1
1 texture(s) processed!

[textures\special n einheriar horn.tga]
Running Texture Compiler...
Processed: 1
1 texture(s) processed!

[textures\special n einheriar low.tga]
Running Texture Compiler...
Processed: 1
1 texture(s) processed!

[textures\special n einheriar upgrade.tga]
Running Texture Compiler...
Processed: 1
1 texture(s) processed!

[textures\special n einheriar.tga]
Running Texture Compiler...
Processed: 1
1 texture(s) processed!

[textures\special n fenris corpse bodya.tga]
Running Texture Compiler...
Processed: 1
1 texture(s) processed!

[textures\special n fenris corpse skeletona.tga]
Running Texture Compiler...
Processed: 1
1 texture(s) processed!

[textures\special n fenris.tga]
Running Texture Compiler...
Processed: 1
1 texture(s) processed!

[textures\special n fire giant footprint map.tga]
Running Texture Compiler...
Processed: 1
1 texture(s) processed!

[textures\special n fire giant.tga]
Running Texture Compiler...
Processed: 1
1 texture(s) processed!

[textures\special n frost giant footprint map.tga]
Running Texture Compiler...
Processed: 1
1 texture(s) processed!

[textures\special n frost giant footprint01 map.tga]
Running Texture Compiler...
Processed: 1
1 texture(s) processed!

[textures\special n frost giant footprint02 map.tga]
Running Texture Compiler...
Processed: 1
1 texture(s) processed!

[textures\special n frost giant head upgrade.tga]
Running Texture Compiler...
Processed: 1
1 texture(s) processed!

[textures\special n frost giant head.tga]
Running Texture Compiler...
Processed: 1
1 texture(s) processed!

[textures\special n frost giant map.tga]
Running Texture Compiler...
Processed: 1
1 texture(s) processed!

[textures\special n frost giant mist map.tga]
Running Texture Compiler...
Processed: 1
1 texture(s) processed!

[textures\special n frost giant upgrade.tga]
Running Texture Compiler...
Processed: 1
1 texture(s) processed!

[textures\special n frost giant.tga]
Running Texture Compiler...
Processed: 1
1 texture(s) processed!

[textures\special n giant corpse bodya.tga]
Running Texture Compiler...
Processed: 1
1 texture(s) processed!

[textures\special n giant corpse skeletona.tga]
Running Texture Compiler...
Processed: 1
1 texture(s) processed!

[textures\special n giant corpse.tga]
Running Texture Compiler...
Processed: 1
1 texture(s) processed!

[textures\special n giant head.tga]
Running Texture Compiler...
Processed: 1
1 texture(s) processed!

[textures\special n giant map.tga]
Running Texture Compiler...
Processed: 1
1 texture(s) processed!

[textures\special n giant skeleton.tga]
Running Texture Compiler...
Processed: 1
1 texture(s) processed!

[textures\special n giant.tga]
Running Texture Compiler...
Processed: 1
1 texture(s) processed!

[textures\special n jarl cape map.tga]
Running Texture Compiler...
Processed: 1
1 texture(s) processed!

[textures\special n jormund brood hump.tga]
Running Texture Compiler...
Processed: 1
1 texture(s) processed!

[textures\special n jormund brood.tga]
Running Texture Compiler...
Processed: 1
1 texture(s) processed!

[textures\special n king folstag upgrade.tga]
Running Texture Compiler...
Processed: 1
1 texture(s) processed!

[textures\special n king folstag.tga]
Running Texture Compiler...
Processed: 1
1 texture(s) processed!

[textures\special n raven.tga]
Running Texture Compiler...
Processed: 1
1 texture(s) processed!

[textures\special n troll bag.tga]
Running Texture Compiler...
Processed: 1
1 texture(s) processed!

[textures\special n troll corpse bodya.tga]
Running Texture Compiler...
Processed: 1
1 texture(s) processed!

[textures\special n troll corpse skeletona.tga]
Running Texture Compiler...
Processed: 1
1 texture(s) processed!

[textures\special n troll.tga]
Running Texture Compiler...
Processed: 1
1 texture(s) processed!

[textures\special n trollkarien map.tga]
Running Texture Compiler...
Processed: 1
1 texture(s) processed!

[textures\special n valkyrie corpse bodya.tga]
Running Texture Compiler...
Processed: 1
1 texture(s) processed!

[textures\special n valkyrie corpse skeletona.tga]
Running Texture Compiler...
Processed: 1
1 texture(s) processed!

[textures\special n valkyrie horse map statue.tga]
Running Texture Compiler...
Processed: 1
1 texture(s) processed!

[textures\special n valkyrie horse map.tga]
Running Texture Compiler...
Processed: 1
1 texture(s) processed!

[textures\special n valkyrie low.tga]
Running Texture Compiler...
Processed: 1
1 texture(s) processed!

[textures\special n valkyrie map.tga]
Running Texture Compiler...
Processed: 1
1 texture(s) processed!

[textures\special n valkyrie staute map.tga]
Running Texture Compiler...
Processed: 1
1 texture(s) processed!

[textures\special n valkyrie upgrade.tga]
Running Texture Compiler...
Processed: 1
1 texture(s) processed!

[textures\special x lampades blood.tga]
Running Texture Compiler...
Processed: 1
1 texture(s) processed!

[textures\special x oracle corpse bodya.tga]
Running Texture Compiler...
Processed: 1
1 texture(s) processed!

[textures\special x oracle corpse skeletona.tga]
Running Texture Compiler...
Processed: 1
1 texture(s) processed!

[textures\special x oracle hero.tga]
Running Texture Compiler...
Processed: 1
1 texture(s) processed!

[textures\special x oracle.tga]
Running Texture Compiler...
Processed: 1
1 texture(s) processed!

[textures\special x spider body.tga]
Running Texture Compiler...
Processed: 1
1 texture(s) processed!

[textures\special x spider door copy.tga]
Running Texture Compiler...
Processed: 1
1 texture(s) processed!

[textures\special x spider door.tga]
Running Texture Compiler...
Processed: 1
1 texture(s) processed!

[textures\spotlight_01.tga]
Running Texture Compiler...
Processed: 1
1 texture(s) processed!

[textures\spotlight_02.tga]
Running Texture Compiler...
Processed: 1
1 texture(s) processed!

[textures\spotlight_03.tga]
Running Texture Compiler...
Processed: 1
1 texture(s) processed!

[textures\spotlight_04.tga]
Running Texture Compiler...
Processed: 1
1 texture(s) processed!

[textures\spotlight_05.tga]
Running Texture Compiler...
Processed: 1
1 texture(s) processed!

[textures\spotlight_06.tga]
Running Texture Compiler...
Processed: 1
1 texture(s) processed!

[textures\spotlight_07.tga]
Running Texture Compiler...
Processed: 1
1 texture(s) processed!

[textures\spotlight_08.tga]
Running Texture Compiler...
Processed: 1
1 texture(s) processed!

[textures\spotlight_09.tga]
Running Texture Compiler...
Processed: 1
1 texture(s) processed!

[textures\spotlight_10.tga]
Running Texture Compiler...
Processed: 1
1 texture(s) processed!

[textures\spotlight_11.tga]
Running Texture Compiler...
Processed: 1
1 texture(s) processed!

[textures\spotlight_12.tga]
Running Texture Compiler...
Processed: 1
1 texture(s) processed!

[textures\spotlight_13.tga]
Running Texture Compiler...
Processed: 1
1 texture(s) processed!

[textures\spotlight_14.tga]
Running Texture Compiler...
Processed: 1
1 texture(s) processed!

[textures\spotlight_15.tga]
Running Texture Compiler...
Processed: 1
1 texture(s) processed!

[textures\spotlight_16.tga]
Running Texture Compiler...
Processed: 1
1 texture(s) processed!

[textures\spotlight_17.tga]
Running Texture Compiler...
Processed: 1
1 texture(s) processed!

[textures\spotlight_18.tga]
Running Texture Compiler...
Processed: 1
1 texture(s) processed!

[textures\spotlight_19.tga]
Running Texture Compiler...
Processed: 1
1 texture(s) processed!

[textures\spotlight_20.tga]
Running Texture Compiler...
Processed: 1
1 texture(s) processed!

[textures\spotlight_21.tga]
Running Texture Compiler...
Processed: 1
1 texture(s) processed!

[textures\spotlight_22.tga]
Running Texture Compiler...
Processed: 1
1 texture(s) processed!

[textures\spotlight_23.tga]
Running Texture Compiler...
Processed: 1
1 texture(s) processed!

[textures\spotlight_24.tga]
Running Texture Compiler...
Processed: 1
1 texture(s) processed!

[textures\spotlight_25.tga]
Running Texture Compiler...
Processed: 1
1 texture(s) processed!

[textures\spotlight_26.tga]
Running Texture Compiler...
Processed: 1
1 texture(s) processed!

[textures\spotlight_27.tga]
Running Texture Compiler...
Processed: 1
1 texture(s) processed!

[textures\spotlight_28.tga]
Running Texture Compiler...
Processed: 1
1 texture(s) processed!

[textures\spotlight_29.tga]
Running Texture Compiler...
Processed: 1
1 texture(s) processed!

[textures\spotlight_30.tga]
Running Texture Compiler...
Processed: 1
1 texture(s) processed!

[textures\spotlight_31.tga]
Running Texture Compiler...
Processed: 1
1 texture(s) processed!

[textures\spotlight_32.tga]
Running Texture Compiler...
Processed: 1
1 texture(s) processed!

[textures\spotlight_33.tga]
Running Texture Compiler...
Processed: 1
1 texture(s) processed!

[textures\spotlight_34.tga]
Running Texture Compiler...
Processed: 1
1 texture(s) processed!

[textures\spotlight_35.tga]
Running Texture Compiler...
Processed: 1
1 texture(s) processed!

[textures\spotlight_eb.tga]
Running Texture Compiler...
Processed: 1
1 texture(s) processed!

[textures\spotlight_x01.tga]
Running Texture Compiler...
Processed: 1
1 texture(s) processed!

[textures\spotlight_x02.tga]
Running Texture Compiler...
Processed: 1
1 texture(s) processed!

[textures\spotlight_x03.tga]
Running Texture Compiler...
Processed: 1
1 texture(s) processed!

[textures\spotlight_x04.tga]
Running Texture Compiler...
Processed: 1
1 texture(s) processed!

[textures\spotlight_x05.tga]
Running Texture Compiler...
Processed: 1
1 texture(s) processed!

[textures\spotlight_x06.tga]
Running Texture Compiler...
Processed: 1
1 texture(s) processed!

[textures\spotlight_x07.tga]
Running Texture Compiler...
Processed: 1
1 texture(s) processed!

[textures\spotlight_x08.tga]
Running Texture Compiler...
Processed: 1
1 texture(s) processed!

[textures\spotlight_x09.tga]
Running Texture Compiler...
Processed: 1
1 texture(s) processed!

[textures\spotlight_x10.tga]
Running Texture Compiler...
Processed: 1
1 texture(s) processed!

[textures\spotlight_x11.tga]
Running Texture Compiler...
Processed: 1
1 texture(s) processed!

[textures\spotlight_x12.tga]
Running Texture Compiler...
Processed: 1
1 texture(s) processed!

[textures\spotlight_y01.tga]
Running Texture Compiler...
Processed: 1
1 texture(s) processed!

[textures\spotlight_y02.tga]
Running Texture Compiler...
Processed: 1
1 texture(s) processed!

[textures\spotlight_y03.tga]
Running Texture Compiler...
Processed: 1
1 texture(s) processed!

[textures\spotlight_y04.tga]
Running Texture Compiler...
Processed: 1
1 texture(s) processed!

[textures\spotlight_y05.tga]
Running Texture Compiler...
Processed: 1
1 texture(s) processed!

[textures\spotlight_y06.tga]
Running Texture Compiler...
Processed: 1
1 texture(s) processed!

[textures\spotlight_y07.tga]
Running Texture Compiler...
Processed: 1
1 texture(s) processed!

[textures\spotlight_y08.tga]
Running Texture Compiler...
Processed: 1
1 texture(s) processed!

[textures\spotlight_y09.tga]
Running Texture Compiler...
Processed: 1
1 texture(s) processed!

[textures\spotlightmc_01.tga]
Running Texture Compiler...
Processed: 1
1 texture(s) processed!

[textures\spotlightmc_02.tga]
Running Texture Compiler...
Processed: 1
1 texture(s) processed!

[textures\spotlightmc_03.tga]
Running Texture Compiler...
Processed: 1
1 texture(s) processed!

[textures\spotlightmc_04.tga]
Running Texture Compiler...
Processed: 1
1 texture(s) processed!

[textures\sq_shadow.tga]
Running Texture Compiler...
Processed: 1
1 texture(s) processed!

[textures\sq_shadow_blue.tga]
Running Texture Compiler...
Processed: 1
1 texture(s) processed!

[textures\statue x gaia map.tga]
Running Texture Compiler...
Processed: 1
1 texture(s) processed!

[textures\statue x kronos map.tga]
Running Texture Compiler...
Processed: 1
1 texture(s) processed!

[textures\statue x oranos map.tga]
Running Texture Compiler...
Processed: 1
1 texture(s) processed!

[textures\stormyskybox_bk.tga]
Running Texture Compiler...
Processed: 1
1 texture(s) processed!

[textures\stormyskybox_dn.tga]
Running Texture Compiler...
Processed: 1
1 texture(s) processed!

[textures\stormyskybox_fr.tga]
Running Texture Compiler...
Processed: 1
1 texture(s) processed!

[textures\stormyskybox_lf.tga]
Running Texture Compiler...
Processed: 1
1 texture(s) processed!

[textures\stormyskybox_rt.tga]
Running Texture Compiler...
Processed: 1
1 texture(s) processed!

[textures\stormyskybox_up.tga]
Running Texture Compiler...
Processed: 1
1 texture(s) processed!

[textures\strategic map gate 16x16.tga]
Running Texture Compiler...
Processed: 1
1 texture(s) processed!

[textures\strategic map wall 16x16.tga]
Running Texture Compiler...
Processed: 1
1 texture(s) processed!

[textures\sunsetskybox_bk.tga]
Running Texture Compiler...
Processed: 1
1 texture(s) processed!

[textures\sunsetskybox_dn.tga]
Running Texture Compiler...
Processed: 1
1 texture(s) processed!

[textures\sunsetskybox_fr.tga]
Running Texture Compiler...
Processed: 1
1 texture(s) processed!

[textures\sunsetskybox_lf.tga]
Running Texture Compiler...
Processed: 1
1 texture(s) processed!

[textures\sunsetskybox_rt.tga]
Running Texture Compiler...
Processed: 1
1 texture(s) processed!

[textures\sunsetskybox_up.tga]
Running Texture Compiler...
Processed: 1
1 texture(s) processed!

[textures\target.tga]
Running Texture Compiler...
Processed: 1
1 texture(s) processed!

[textures\techtree.tga]
Running Texture Compiler...
Processed: 1
1 texture(s) processed!

[textures\temp santa body.tga]
Running Texture Compiler...
Processed: 1
1 texture(s) processed!

[textures\temp santa hat.tga]
Running Texture Compiler...
Processed: 1
1 texture(s) processed!

[textures\temp santa head.tga]
Running Texture Compiler...
Processed: 1
1 texture(s) processed!

[textures\terrain cypress decal.tga]
Running Texture Compiler...
Processed: 1
1 texture(s) processed!

[textures\terrain cypress shadow.tga]
Running Texture Compiler...
Processed: 1
1 texture(s) processed!

[textures\terrain e lily pads b.tga]
Running Texture Compiler...
Processed: 1
1 texture(s) processed!

[textures\terrain e lily pads c.tga]
Running Texture Compiler...
Processed: 1
1 texture(s) processed!

[textures\terrain e lily pads.tga]
Running Texture Compiler...
Processed: 1
1 texture(s) processed!

[textures\terrain e papyrus b.tga]
Running Texture Compiler...
Processed: 1
1 texture(s) processed!

[textures\terrain e papyrus leaf.tga]
Running Texture Compiler...
Processed: 1
1 texture(s) processed!

[textures\terrain e papyrus stalk.tga]
Running Texture Compiler...
Processed: 1
1 texture(s) processed!

[textures\terrain e papyrus.tga]
Running Texture Compiler...
Processed: 1
1 texture(s) processed!

[textures\terrain e rock a.tga]
Running Texture Compiler...
Processed: 1
1 texture(s) processed!

[textures\terrain e rock formation a.tga]
Running Texture Compiler...
Processed: 1
1 texture(s) processed!

[textures\terrain e shrub a.tga]
Running Texture Compiler...
Processed: 1
1 texture(s) processed!

[textures\terrain e water reeds a.tga]
Running Texture Compiler...
Processed: 1
1 texture(s) processed!

[textures\terrain e water reeds b.tga]
Running Texture Compiler...
Processed: 1
1 texture(s) processed!

[textures\terrain e water reeds.tga]
Running Texture Compiler...
Processed: 1
1 texture(s) processed!

[textures\terrain e water reeds01.tga]
Running Texture Compiler...
Processed: 1
1 texture(s) processed!

[textures\terrain\2vdblendcircle2bh.tga]
Running Texture Compiler...
Processed: 1
1 texture(s) processed!

[textures\terrain\2vdblendcircle3bh.tga]
Running Texture Compiler...
Processed: 1
1 texture(s) processed!

[textures\terrain\2vdblendcirclebh.tga]
Running Texture Compiler...
Processed: 1
1 texture(s) processed!

[textures\terrain\2vdblendcorner2bh.tga]
Running Texture Compiler...
Processed: 1
1 texture(s) processed!

[textures\terrain\2vdblendcornerbh.tga]
Running Texture Compiler...
Processed: 1
1 texture(s) processed!

[textures\terrain\2vdblendedge4bh.tga]
Running Texture Compiler...
Processed: 1
1 texture(s) processed!

[textures\terrain\2vdblendedge5bh.tga]
Running Texture Compiler...
Processed: 1
1 texture(s) processed!

[textures\terrain\2vdblendedge6bh.tga]
Running Texture Compiler...
Processed: 1
1 texture(s) processed!

[textures\terrain\2vdblendedge7bh.tga]
Running Texture Compiler...
Processed: 1
1 texture(s) processed!

[textures\terrain\2vdblendedgebh.tga]
Running Texture Compiler...
Processed: 1
1 texture(s) processed!

[textures\terrain\2vdblendedgecornerbh.tga]
Running Texture Compiler...
Processed: 1
1 texture(s) processed!

[textures\terrain\2vdblendedgetwocornersbh.tga]
Running Texture Compiler...
Processed: 1
1 texture(s) processed!

[textures\terrain\2vdblendfourcornersbh.tga]
Running Texture Compiler...
Processed: 1
1 texture(s) processed!

[textures\terrain\2vdblendlshape2bh.tga]
Running Texture Compiler...
Processed: 1
1 texture(s) processed!

[textures\terrain\2vdblendlshapebh.tga]
Running Texture Compiler...
Processed: 1
1 texture(s) processed!

[textures\terrain\2vdblendlshapecornerbh.tga]
Running Texture Compiler...
Processed: 1
1 texture(s) processed!

[textures\terrain\2vdblendthreecornersbh.tga]
Running Texture Compiler...
Processed: 1
1 texture(s) processed!

[textures\terrain\2vdblendtwocornersbh.tga]
Running Texture Compiler...
Processed: 1
1 texture(s) processed!

[textures\terrain\2vdblendtwoedgesbh.tga]
Running Texture Compiler...
Processed: 1
1 texture(s) processed!

[textures\terrain\2vdblendtwooppositecornersbh.tga]
Running Texture Compiler...
Processed: 1
1 texture(s) processed!

[textures\terrain\2vdblendushapebh.tga]
Running Texture Compiler...
Processed: 1
1 texture(s) processed!

[textures\terrain\alpha.tga]
Running Texture Compiler...
Processed: 1
1 texture(s) processed!

[textures\terrain\black.tga]
Running Texture Compiler...
Processed: 1
1 texture(s) processed!

[textures\terrain\black_gloss.tga]
Running Texture Compiler...
Processed: 1
1 texture(s) processed!

[textures\terrain\black_spec.tga]
Running Texture Compiler...
Processed: 1
1 texture(s) processed!

[textures\terrain\blackrock.tga]
Running Texture Compiler...
Processed: 1
1 texture(s) processed!

[textures\terrain\blackrock_gloss.tga]
Running Texture Compiler...
Processed: 1
1 texture(s) processed!

[textures\terrain\blackrock_spec.tga]
Running Texture Compiler...
Processed: 1
1 texture(s) processed!

[textures\terrain\blackwater.tga]
Running Texture Compiler...
Processed: 1
1 texture(s) processed!

[textures\terrain\blackwater_spec.tga]
Running Texture Compiler...
Processed: 1
1 texture(s) processed!

[textures\terrain\blackwater0001.tga]
Running Texture Compiler...
Processed: 1
1 texture(s) processed!

[textures\terrain\blackwater0002.tga]
Running Texture Compiler...
Processed: 1
1 texture(s) processed!

[textures\terrain\blackwater0003.tga]
Running Texture Compiler...
Processed: 1
1 texture(s) processed!

[textures\terrain\blackwater0004.tga]
Running Texture Compiler...
Processed: 1
1 texture(s) processed!

[textures\terrain\blackwater0005.tga]
Running Texture Compiler...
Processed: 1
1 texture(s) processed!

[textures\terrain\blackwater0006.tga]
Running Texture Compiler...
Processed: 1
1 texture(s) processed!

[textures\terrain\blackwater0007.tga]
Running Texture Compiler...
Processed: 1
1 texture(s) processed!

[textures\terrain\blackwater0008.tga]
Running Texture Compiler...
Processed: 1
1 texture(s) processed!

[textures\terrain\blendcircle2bh.tga]
Running Texture Compiler...
Processed: 1
1 texture(s) processed!

[textures\terrain\blendcircle3bh.tga]
Running Texture Compiler...
Processed: 1
1 texture(s) processed!

[textures\terrain\blendcirclebh.tga]
Running Texture Compiler...
Processed: 1
1 texture(s) processed!

[textures\terrain\blendcorner2bh.tga]
Running Texture Compiler...
Processed: 1
1 texture(s) processed!

[textures\terrain\blendcorner2shorebh.tga]
Running Texture Compiler...
Processed: 1
1 texture(s) processed!

[textures\terrain\blendcornerbh.tga]
Running Texture Compiler...
Processed: 1
1 texture(s) processed!

[textures\terrain\blendcornercreep.tga]
Running Texture Compiler...
Processed: 1
1 texture(s) processed!

[textures\terrain\blendcornercreep2.tga]
Running Texture Compiler...
Processed: 1
1 texture(s) processed!

[textures\terrain\blendcornershore2bh.tga]
Running Texture Compiler...
Processed: 1
1 texture(s) processed!

[textures\terrain\blendcornershorebh.tga]
Running Texture Compiler...
Processed: 1
1 texture(s) processed!

[textures\terrain\blendedge4bh.tga]
Running Texture Compiler...
Processed: 1
1 texture(s) processed!

[textures\terrain\blendedge5bh.tga]
Running Texture Compiler...
Processed: 1
1 texture(s) processed!

[textures\terrain\blendedge6bh.tga]
Running Texture Compiler...
Processed: 1
1 texture(s) processed!

[textures\terrain\blendedge7bh.tga]
Running Texture Compiler...
Processed: 1
1 texture(s) processed!

[textures\terrain\blendedgebh.tga]
Running Texture Compiler...
Processed: 1
1 texture(s) processed!

[textures\terrain\blendedgecornerbh.tga]
Running Texture Compiler...
Processed: 1
1 texture(s) processed!

[textures\terrain\blendedgecreep.tga]
Running Texture Compiler...
Processed: 1
1 texture(s) processed!

[textures\terrain\blendedgecreep2.tga]
Running Texture Compiler...
Processed: 1
1 texture(s) processed!

[textures\terrain\blendedgecreep3.tga]
Running Texture Compiler...
Processed: 1
1 texture(s) processed!

[textures\terrain\blendedgecreep4.tga]
Running Texture Compiler...
Processed: 1
1 texture(s) processed!

[textures\terrain\blendedgecreep5.tga]
Running Texture Compiler...
Processed: 1
1 texture(s) processed!

[textures\terrain\blendedgecreep6.tga]
Running Texture Compiler...
Processed: 1
1 texture(s) processed!

[textures\terrain\blendedgeshore4bh.tga]
Running Texture Compiler...
Processed: 1
1 texture(s) processed!

[textures\terrain\blendedgeshore5bh.tga]
Running Texture Compiler...
Processed: 1
1 texture(s) processed!

[textures\terrain\blendedgeshore6bh.tga]
Running Texture Compiler...
Processed: 1
1 texture(s) processed!

[textures\terrain\blendedgeshore7bh.tga]
Running Texture Compiler...
Processed: 1
1 texture(s) processed!

[textures\terrain\blendedgeshorebh.tga]
Running Texture Compiler...
Processed: 1
1 texture(s) processed!

[textures\terrain\blendedgetwocornersbh.tga]
Running Texture Compiler...
Processed: 1
1 texture(s) processed!

[textures\terrain\blendfourcornersbh.tga]
Running Texture Compiler...
Processed: 1
1 texture(s) processed!

[textures\terrain\blendlshape2bh.tga]
Running Texture Compiler...
Processed: 1
1 texture(s) processed!

[textures\terrain\blendlshapebh.tga]
Running Texture Compiler...
Processed: 1
1 texture(s) processed!

[textures\terrain\blendlshapecornerbh copy.tga]
Running Texture Compiler...
Processed: 1
1 texture(s) processed!

[textures\terrain\blendlshapecornerbh.tga]
Running Texture Compiler...
Processed: 1
1 texture(s) processed!

[textures\terrain\blendlshapeshore2bh.tga]
Running Texture Compiler...
Processed: 1
1 texture(s) processed!

[textures\terrain\blendlshapeshorebh.tga]
Running Texture Compiler...
Processed: 1
1 texture(s) processed!

[textures\terrain\blendthreecornersbh.tga]
Running Texture Compiler...
Processed: 1
1 texture(s) processed!

[textures\terrain\blendtwocornersbh.tga]
Running Texture Compiler...
Processed: 1
1 texture(s) processed!

[textures\terrain\blendtwoedgesbh.tga]
Running Texture Compiler...
Processed: 1
1 texture(s) processed!

[textures\terrain\blendtwooppositecornersbh.tga]
Running Texture Compiler...
Processed: 1
1 texture(s) processed!

[textures\terrain\blendushapebh.tga]
Running Texture Compiler...
Processed: 1
1 texture(s) processed!

[textures\terrain\buildingfootprintgrass.tga]
Running Texture Compiler...
Processed: 1
1 texture(s) processed!

[textures\terrain\buildingfootprintgrass_gloss.tga]
Running Texture Compiler...
Processed: 1
1 texture(s) processed!

[textures\terrain\buildingfootprintgrass_nm.tga]
Running Texture Compiler...
Processed: 1
1 texture(s) processed!

[textures\terrain\buildingfootprintgrass_spec.tga]
Running Texture Compiler...
Processed: 1
1 texture(s) processed!

[textures\terrain\buildingfootprintsand.tga]
Running Texture Compiler...
Processed: 1
1 texture(s) processed!

[textures\terrain\buildingfootprintsand_gloss.tga]
Running Texture Compiler...
Processed: 1
1 texture(s) processed!

[textures\terrain\buildingfootprintsand_nm.tga]
Running Texture Compiler...
Processed: 1
1 texture(s) processed!

[textures\terrain\buildingfootprintsand_spec.tga]
Running Texture Compiler...
Processed: 1
1 texture(s) processed!

[textures\terrain\buildingfootprintsnow.tga]
Running Texture Compiler...
Processed: 1
1 texture(s) processed!

[textures\terrain\buildingfootprintsnow_gloss.tga]
Running Texture Compiler...
Processed: 1
1 texture(s) processed!

[textures\terrain\buildingfootprintsnow_nm.tga]
Running Texture Compiler...
Processed: 1
1 texture(s) processed!

[textures\terrain\buildingfootprintsnow_spec.tga]
Running Texture Compiler...
Processed: 1
1 texture(s) processed!

[textures\terrain\citytilea.tga]
Running Texture Compiler...
Processed: 1
1 texture(s) processed!

[textures\terrain\citytilea_gloss.tga]
Running Texture Compiler...
Processed: 1
1 texture(s) processed!

[textures\terrain\citytilea_nm.tga]
Running Texture Compiler...
Processed: 1
1 texture(s) processed!

[textures\terrain\citytilea_spec.tga]
Running Texture Compiler...
Processed: 1
1 texture(s) processed!

[textures\terrain\citytileatlantis.tga]
Running Texture Compiler...
Processed: 1
1 texture(s) processed!

[textures\terrain\citytileatlantis_gloss.tga]
Running Texture Compiler...
Processed: 1
1 texture(s) processed!

[textures\terrain\citytileatlantis_nm.tga]
Running Texture Compiler...
Processed: 1
1 texture(s) processed!

[textures\terrain\citytileatlantis_spec.tga]
Running Texture Compiler...
Processed: 1
1 texture(s) processed!

[textures\terrain\citytileatlantiscoral.tga]
Running Texture Compiler...
Processed: 1
1 texture(s) processed!

[textures\terrain\citytileatlantiscoral_gloss.tga]
Running Texture Compiler...
Processed: 1
1 texture(s) processed!

[textures\terrain\citytileatlantiscoral_nm.tga]
Running Texture Compiler...
Processed: 1
1 texture(s) processed!

[textures\terrain\citytileatlantiscoral_spec.tga]
Running Texture Compiler...
Processed: 1
1 texture(s) processed!

[textures\terrain\citytilewatercornera.tga]
Running Texture Compiler...
Processed: 1
1 texture(s) processed!

[textures\terrain\citytilewatercornera_gloss.tga]
Running Texture Compiler...
Processed: 1
1 texture(s) processed!

[textures\terrain\citytilewatercornera_nm.tga]
Running Texture Compiler...
Processed: 1
1 texture(s) processed!

[textures\terrain\citytilewatercornera_spec.tga]
Running Texture Compiler...
Processed: 1
1 texture(s) processed!

[textures\terrain\citytilewatercornerb.tga]
Running Texture Compiler...
Processed: 1
1 texture(s) processed!

[textures\terrain\citytilewatercornerb_gloss.tga]
Running Texture Compiler...
Processed: 1
1 texture(s) processed!

[textures\terrain\citytilewatercornerb_nm.tga]
Running Texture Compiler...
Processed: 1
1 texture(s) processed!

[textures\terrain\citytilewatercornerb_spec.tga]
Running Texture Compiler...
Processed: 1
1 texture(s) processed!

[textures\terrain\citytilewatercornerc.tga]
Running Texture Compiler...
Processed: 1
1 texture(s) processed!

[textures\terrain\citytilewatercornerc_gloss.tga]
Running Texture Compiler...
Processed: 1
1 texture(s) processed!

[textures\terrain\citytilewatercornerc_nm.tga]
Running Texture Compiler...
Processed: 1
1 texture(s) processed!

[textures\terrain\citytilewatercornerc_spec.tga]
Running Texture Compiler...
Processed: 1
1 texture(s) processed!

[textures\terrain\citytilewatercornerd.tga]
Running Texture Compiler...
Processed: 1
1 texture(s) processed!

[textures\terrain\citytilewatercornerd_gloss.tga]
Running Texture Compiler...
Processed: 1
1 texture(s) processed!

[textures\terrain\citytilewatercornerd_nm.tga]
Running Texture Compiler...
Processed: 1
1 texture(s) processed!

[textures\terrain\citytilewatercornerd_spec.tga]
Running Texture Compiler...
Processed: 1
1 texture(s) processed!

[textures\terrain\citytilewateredgea.tga]
Running Texture Compiler...
Processed: 1
1 texture(s) processed!

[textures\terrain\citytilewateredgea_gloss.tga]
Running Texture Compiler...
Processed: 1
1 texture(s) processed!

[textures\terrain\citytilewateredgea_nm.tga]
Running Texture Compiler...
Processed: 1
1 texture(s) processed!

[textures\terrain\citytilewateredgea_spec.tga]
Running Texture Compiler...
Processed: 1
1 texture(s) processed!

[textures\terrain\citytilewateredgeb.tga]
Running Texture Compiler...
Processed: 1
1 texture(s) processed!

[textures\terrain\citytilewateredgeb_gloss.tga]
Running Texture Compiler...
Processed: 1
1 texture(s) processed!

[textures\terrain\citytilewateredgeb_nm.tga]
Running Texture Compiler...
Processed: 1
1 texture(s) processed!

[textures\terrain\citytilewateredgeb_spec.tga]
Running Texture Compiler...
Processed: 1
1 texture(s) processed!

[textures\terrain\citytilewateredgeenda.tga]
Running Texture Compiler...
Processed: 1
1 texture(s) processed!

[textures\terrain\citytilewateredgeenda_gloss.tga]
Running Texture Compiler...
Processed: 1
1 texture(s) processed!

[textures\terrain\citytilewateredgeenda_nm.tga]
Running Texture Compiler...
Processed: 1
1 texture(s) processed!

[textures\terrain\citytilewateredgeenda_spec.tga]
Running Texture Compiler...
Processed: 1
1 texture(s) processed!

[textures\terrain\citytilewateredgeendb.tga]
Running Texture Compiler...
Processed: 1
1 texture(s) processed!

[textures\terrain\citytilewateredgeendb_gloss.tga]
Running Texture Compiler...
Processed: 1
1 texture(s) processed!

[textures\terrain\citytilewateredgeendb_nm.tga]
Running Texture Compiler...
Processed: 1
1 texture(s) processed!

[textures\terrain\citytilewateredgeendb_spec.tga]
Running Texture Compiler...
Processed: 1
1 texture(s) processed!

[textures\terrain\citytilewateredgeendc.tga]
Running Texture Compiler...
Processed: 1
1 texture(s) processed!

[textures\terrain\citytilewateredgeendc_gloss.tga]
Running Texture Compiler...
Processed: 1
1 texture(s) processed!

[textures\terrain\citytilewateredgeendc_nm.tga]
Running Texture Compiler...
Processed: 1
1 texture(s) processed!

[textures\terrain\citytilewateredgeendc_spec.tga]
Running Texture Compiler...
Processed: 1
1 texture(s) processed!

[textures\terrain\citytilewateredgeendd.tga]
Running Texture Compiler...
Processed: 1
1 texture(s) processed!

[textures\terrain\citytilewateredgeendd_gloss.tga]
Running Texture Compiler...
Processed: 1
1 texture(s) processed!

[textures\terrain\citytilewateredgeendd_nm.tga]
Running Texture Compiler...
Processed: 1
1 texture(s) processed!

[textures\terrain\citytilewateredgeendd_spec.tga]
Running Texture Compiler...
Processed: 1
1 texture(s) processed!

[textures\terrain\citytilewaterpool.tga]
Running Texture Compiler...
Processed: 1
1 texture(s) processed!

[textures\terrain\citytilewaterpool_gloss.tga]
Running Texture Compiler...
Processed: 1
1 texture(s) processed!

[textures\terrain\citytilewaterpool_nm.tga]
Running Texture Compiler...
Processed: 1
1 texture(s) processed!

[textures\terrain\citytilewaterpool_spec.tga]
Running Texture Compiler...
Processed: 1
1 texture(s) processed!

[textures\terrain\cliffa.tga]
Running Texture Compiler...
Processed: 1
1 texture(s) processed!

[textures\terrain\cliffa_gloss.tga]
Running Texture Compiler...
Processed: 1
1 texture(s) processed!

[textures\terrain\cliffa_nm.tga]
Running Texture Compiler...
Processed: 1
1 texture(s) processed!

[textures\terrain\cliffa_spec.tga]
Running Texture Compiler...
Processed: 1
1 texture(s) processed!

[textures\terrain\cliffegyptiana.tga]
Running Texture Compiler...
Processed: 1
1 texture(s) processed!

[textures\terrain\cliffegyptiana_gloss.tga]
Running Texture Compiler...
Processed: 1
1 texture(s) processed!

[textures\terrain\cliffegyptiana_nm.tga]
Running Texture Compiler...
Processed: 1
1 texture(s) processed!

[textures\terrain\cliffegyptiana_spec.tga]
Running Texture Compiler...
Processed: 1
1 texture(s) processed!

[textures\terrain\cliffegyptianb.tga]
Running Texture Compiler...
Processed: 1
1 texture(s) processed!

[textures\terrain\cliffegyptianb_gloss.tga]
Running Texture Compiler...
Processed: 1
1 texture(s) processed!

[textures\terrain\cliffegyptianb_nm.tga]
Running Texture Compiler...
Processed: 1
1 texture(s) processed!

[textures\terrain\cliffegyptianb_spec.tga]
Running Texture Compiler...
Processed: 1
1 texture(s) processed!

[textures\terrain\cliffgreeka.tga]
Running Texture Compiler...
Processed: 1
1 texture(s) processed!

[textures\terrain\cliffgreeka_gloss.tga]
Running Texture Compiler...
Processed: 1
1 texture(s) processed!

[textures\terrain\cliffgreeka_nm.tga]
Running Texture Compiler...
Processed: 1
1 texture(s) processed!

[textures\terrain\cliffgreeka_spec.tga]
Running Texture Compiler...
Processed: 1
1 texture(s) processed!

[textures\terrain\cliffgreekb.tga]
Running Texture Compiler...
Processed: 1
1 texture(s) processed!

[textures\terrain\cliffgreekb_gloss.tga]
Running Texture Compiler...
Processed: 1
1 texture(s) processed!

[textures\terrain\cliffgreekb_nm.tga]
Running Texture Compiler...
Processed: 1
1 texture(s) processed!

[textures\terrain\cliffgreekb_spec.tga]
Running Texture Compiler...
Processed: 1
1 texture(s) processed!

[textures\terrain\cliffjunglea.tga]
Running Texture Compiler...
Processed: 1
1 texture(s) processed!

[textures\terrain\cliffjunglea_nm.tga]
Running Texture Compiler...
Processed: 1
1 texture(s) processed!

[textures\terrain\cliffjungleb.tga]
Running Texture Compiler...
Processed: 1
1 texture(s) processed!

[textures\terrain\cliffnorsea.tga]
Running Texture Compiler...
Processed: 1
1 texture(s) processed!

[textures\terrain\cliffnorsea_gloss.tga]
Running Texture Compiler...
Processed: 1
1 texture(s) processed!

[textures\terrain\cliffnorsea_nm.tga]
Running Texture Compiler...
Processed: 1
1 texture(s) processed!

[textures\terrain\cliffnorsea_spec.tga]
Running Texture Compiler...
Processed: 1
1 texture(s) processed!

[textures\terrain\cliffnorseb.tga]
Running Texture Compiler...
Processed: 1
1 texture(s) processed!

[textures\terrain\cliffnorseb_gloss.tga]
Running Texture Compiler...
Processed: 1
1 texture(s) processed!

[textures\terrain\cliffnorseb_nm.tga]
Running Texture Compiler...
Processed: 1
1 texture(s) processed!

[textures\terrain\cliffnorseb_spec.tga]
Running Texture Compiler...
Processed: 1
1 texture(s) processed!

[textures\terrain\cliffplaina.tga]
Running Texture Compiler...
Processed: 1
1 texture(s) processed!

[textures\terrain\cliffplaina_nm.tga]
Running Texture Compiler...
Processed: 1
1 texture(s) processed!

[textures\terrain\cliffplainb.tga]
Running Texture Compiler...
Processed: 1
1 texture(s) processed!

[textures\terrain\corala.tga]
Running Texture Compiler...
Processed: 1
1 texture(s) processed!

[textures\terrain\corala_gloss.tga]
Running Texture Compiler...
Processed: 1
1 texture(s) processed!

[textures\terrain\corala_nm.tga]
Running Texture Compiler...
Processed: 1
1 texture(s) processed!

[textures\terrain\corala_spec.tga]
Running Texture Compiler...
Processed: 1
1 texture(s) processed!

[textures\terrain\coralb.tga]
Running Texture Compiler...
Processed: 1
1 texture(s) processed!

[textures\terrain\coralb_gloss.tga]
Running Texture Compiler...
Processed: 1
1 texture(s) processed!

[textures\terrain\coralb_nm.tga]
Running Texture Compiler...
Processed: 1
1 texture(s) processed!

[textures\terrain\coralb_spec.tga]
Running Texture Compiler...
Processed: 1
1 texture(s) processed!

[textures\terrain\coralc.tga]
Running Texture Compiler...
Processed: 1
1 texture(s) processed!

[textures\terrain\coralc_gloss.tga]
Running Texture Compiler...
Processed: 1
1 texture(s) processed!

[textures\terrain\coralc_nm.tga]
Running Texture Compiler...
Processed: 1
1 texture(s) processed!

[textures\terrain\coralc_spec.tga]
Running Texture Compiler...
Processed: 1
1 texture(s) processed!

[textures\terrain\coralc2.tga]
Running Texture Compiler...
Processed: 1
1 texture(s) processed!

[textures\terrain\coralc2_gloss.tga]
Running Texture Compiler...
Processed: 1
1 texture(s) processed!

[textures\terrain\coralc2_nm.tga]
Running Texture Compiler...
Processed: 1
1 texture(s) processed!

[textures\terrain\coralc2_spec.tga]
Running Texture Compiler...
Processed: 1
1 texture(s) processed!

[textures\terrain\corald.tga]
Running Texture Compiler...
Processed: 1
1 texture(s) processed!

[textures\terrain\corald_gloss.tga]
Running Texture Compiler...
Processed: 1
1 texture(s) processed!

[textures\terrain\corald_nm.tga]
Running Texture Compiler...
Processed: 1
1 texture(s) processed!

[textures\terrain\corald_spec.tga]
Running Texture Compiler...
Processed: 1
1 texture(s) processed!

[textures\terrain\corale.tga]
Running Texture Compiler...
Processed: 1
1 texture(s) processed!

[textures\terrain\corale_gloss.tga]
Running Texture Compiler...
Processed: 1
1 texture(s) processed!

[textures\terrain\corale_nm.tga]
Running Texture Compiler...
Processed: 1
1 texture(s) processed!

[textures\terrain\corale_spec.tga]
Running Texture Compiler...
Processed: 1
1 texture(s) processed!

[textures\terrain\coralf.tga]
Running Texture Compiler...
Processed: 1
1 texture(s) processed!

[textures\terrain\coralf_gloss.tga]
Running Texture Compiler...
Processed: 1
1 texture(s) processed!

[textures\terrain\coralf_nm.tga]
Running Texture Compiler...
Processed: 1
1 texture(s) processed!

[textures\terrain\coralf_spec.tga]
Running Texture Compiler...
Processed: 1
1 texture(s) processed!

[textures\terrain\crust.tga]
Running Texture Compiler...
Processed: 1
1 texture(s) processed!

[textures\terrain\crust_gloss.tga]
Running Texture Compiler...
Processed: 1
1 texture(s) processed!

[textures\terrain\crust_nm.tga]
Running Texture Compiler...
Processed: 1
1 texture(s) processed!

[textures\terrain\crust_spec.tga]
Running Texture Compiler...
Processed: 1
1 texture(s) processed!

[textures\terrain\cutoutgreen.tga]
Running Texture Compiler...
Processed: 1
1 texture(s) processed!

[textures\terrain\cutoutgreen_gloss.tga]
Running Texture Compiler...
Processed: 1
1 texture(s) processed!

[textures\terrain\cutoutgreen_nm.tga]
Running Texture Compiler...
Processed: 1
1 texture(s) processed!

[textures\terrain\cutoutgreen_spec.tga]
Running Texture Compiler...
Processed: 1
1 texture(s) processed!

[textures\terrain\dam.tga]
Running Texture Compiler...
Processed: 1
1 texture(s) processed!

[textures\terrain\dam_gloss.tga]
Running Texture Compiler...
Processed: 1
1 texture(s) processed!

[textures\terrain\dam_nm.tga]
Running Texture Compiler...
Processed: 1
1 texture(s) processed!

[textures\terrain\dam_spec.tga]
Running Texture Compiler...
Processed: 1
1 texture(s) processed!

[textures\terrain\defaultnormal.tga]
Running Texture Compiler...
Processed: 1
1 texture(s) processed!

[textures\terrain\defaultspec.tga]
Running Texture Compiler...
Processed: 1
1 texture(s) processed!

[textures\terrain\dirta.tga]
Running Texture Compiler...
Processed: 1
1 texture(s) processed!

[textures\terrain\dirta_gloss.tga]
Running Texture Compiler...
Processed: 1
1 texture(s) processed!

[textures\terrain\dirta_nm.tga]
Running Texture Compiler...
Processed: 1
1 texture(s) processed!

[textures\terrain\dirta_spec.tga]
Running Texture Compiler...
Processed: 1
1 texture(s) processed!

[textures\terrain\dirtb.tga]
Running Texture Compiler...
Processed: 1
1 texture(s) processed!

[textures\terrain\dirtc.tga]
Running Texture Compiler...
Processed: 1
1 texture(s) processed!

[textures\terrain\egyptianroada.tga]
Running Texture Compiler...
Processed: 1
1 texture(s) processed!

[textures\terrain\egyptianroada_gloss.tga]
Running Texture Compiler...
Processed: 1
1 texture(s) processed!

[textures\terrain\egyptianroada_nm.tga]
Running Texture Compiler...
Processed: 1
1 texture(s) processed!

[textures\terrain\egyptianroada_spec.tga]
Running Texture Compiler...
Processed: 1
1 texture(s) processed!

[textures\terrain\forestfloor.tga]
Running Texture Compiler...
Processed: 1
1 texture(s) processed!

[textures\terrain\forestfloor_gloss.tga]
Running Texture Compiler...
Processed: 1
1 texture(s) processed!

[textures\terrain\forestfloor_nm.tga]
Running Texture Compiler...
Processed: 1
1 texture(s) processed!

[textures\terrain\forestfloor_spec.tga]
Running Texture Compiler...
Processed: 1
1 texture(s) processed!

[textures\terrain\forestfloordeadpine.tga]
Running Texture Compiler...
Processed: 1
1 texture(s) processed!

[textures\terrain\forestfloordeadpine_gloss.tga]
Running Texture Compiler...
Processed: 1
1 texture(s) processed!

[textures\terrain\forestfloordeadpine_nm.tga]
Running Texture Compiler...
Processed: 1
1 texture(s) processed!

[textures\terrain\forestfloordeadpine_spec.tga]
Running Texture Compiler...
Processed: 1
1 texture(s) processed!

[textures\terrain\forestfloorgaia.tga]
Running Texture Compiler...
Processed: 1
1 texture(s) processed!

[textures\terrain\forestfloorgaia_gloss.tga]
Running Texture Compiler...
Processed: 1
1 texture(s) processed!

[textures\terrain\forestfloorgaia_nm.tga]
Running Texture Compiler...
Processed: 1
1 texture(s) processed!

[textures\terrain\forestfloorgaia_spec.tga]
Running Texture Compiler...
Processed: 1
1 texture(s) processed!

[textures\terrain\forestfloorjungle.tga]
Running Texture Compiler...
Processed: 1
1 texture(s) processed!

[textures\terrain\forestfloormarsh.tga]
Running Texture Compiler...
Processed: 1
1 texture(s) processed!

[textures\terrain\forestfloormarsh_gloss.tga]
Running Texture Compiler...
Processed: 1
1 texture(s) processed!

[textures\terrain\forestfloormarsh_nm.tga]
Running Texture Compiler...
Processed: 1
1 texture(s) processed!

[textures\terrain\forestfloormarsh_spec.tga]
Running Texture Compiler...
Processed: 1
1 texture(s) processed!

[textures\terrain\forestflooroak.tga]
Running Texture Compiler...
Processed: 1
1 texture(s) processed!

[textures\terrain\forestflooroak_gloss.tga]
Running Texture Compiler...
Processed: 1
1 texture(s) processed!

[textures\terrain\forestflooroak_nm.tga]
Running Texture Compiler...
Processed: 1
1 texture(s) processed!

[textures\terrain\forestflooroak_spec.tga]
Running Texture Compiler...
Processed: 1
1 texture(s) processed!

[textures\terrain\forestfloorpalm.tga]
Running Texture Compiler...
Processed: 1
1 texture(s) processed!

[textures\terrain\forestfloorpalm_gloss.tga]
Running Texture Compiler...
Processed: 1
1 texture(s) processed!

[textures\terrain\forestfloorpalm_nm.tga]
Running Texture Compiler...
Processed: 1
1 texture(s) processed!

[textures\terrain\forestfloorpalm_spec.tga]
Running Texture Compiler...
Processed: 1
1 texture(s) processed!

[textures\terrain\forestfloorpine.tga]
Running Texture Compiler...
Processed: 1
1 texture(s) processed!

[textures\terrain\forestfloorpine_gloss.tga]
Running Texture Compiler...
Processed: 1
1 texture(s) processed!

[textures\terrain\forestfloorpine_nm.tga]
Running Texture Compiler...
Processed: 1
1 texture(s) processed!

[textures\terrain\forestfloorpine_spec.tga]
Running Texture Compiler...
Processed: 1
1 texture(s) processed!

[textures\terrain\forestfloorpinesnow.tga]
Running Texture Compiler...
Processed: 1
1 texture(s) processed!

[textures\terrain\forestfloorpinesnow_gloss.tga]
Running Texture Compiler...
Processed: 1
1 texture(s) processed!

[textures\terrain\forestfloorpinesnow_nm.tga]
Running Texture Compiler...
Processed: 1
1 texture(s) processed!

[textures\terrain\forestfloorpinesnow_spec.tga]
Running Texture Compiler...
Processed: 1
1 texture(s) processed!

[textures\terrain\forestfloorsavannah.tga]
Running Texture Compiler...
Processed: 1
1 texture(s) processed!

[textures\terrain\forestfloorsavannah_gloss.tga]
Running Texture Compiler...
Processed: 1
1 texture(s) processed!

[textures\terrain\forestfloorsavannah_nm.tga]
Running Texture Compiler...
Processed: 1
1 texture(s) processed!

[textures\terrain\forestfloorsavannah_spec.tga]
Running Texture Compiler...
Processed: 1
1 texture(s) processed!

[textures\terrain\forestfloortundra.tga]
Running Texture Compiler...
Processed: 1
1 texture(s) processed!

[textures\terrain\forestfloortundra_gloss.tga]
Running Texture Compiler...
Processed: 1
1 texture(s) processed!

[textures\terrain\forestfloortundra_nm.tga]
Running Texture Compiler...
Processed: 1
1 texture(s) processed!

[textures\terrain\forestfloortundra_spec.tga]
Running Texture Compiler...
Processed: 1
1 texture(s) processed!

[textures\terrain\gaiacreepa.tga]
Running Texture Compiler...
Processed: 1
1 texture(s) processed!

[textures\terrain\gaiacreepa_gloss.tga]
Running Texture Compiler...
Processed: 1
1 texture(s) processed!

[textures\terrain\gaiacreepa_nm.tga]
Running Texture Compiler...
Processed: 1
1 texture(s) processed!

[textures\terrain\gaiacreepa_spec.tga]
Running Texture Compiler...
Processed: 1
1 texture(s) processed!

[textures\terrain\gaiacreepasand.tga]
Running Texture Compiler...
Processed: 1
1 texture(s) processed!

[textures\terrain\gaiacreepasand_gloss.tga]
Running Texture Compiler...
Processed: 1
1 texture(s) processed!

[textures\terrain\gaiacreepasand_nm.tga]
Running Texture Compiler...
Processed: 1
1 texture(s) processed!

[textures\terrain\gaiacreepasand_spec.tga]
Running Texture Compiler...
Processed: 1
1 texture(s) processed!

[textures\terrain\gaiacreepasnow.tga]
Running Texture Compiler...
Processed: 1
1 texture(s) processed!

[textures\terrain\gaiacreepasnow_gloss.tga]
Running Texture Compiler...
Processed: 1
1 texture(s) processed!

[textures\terrain\gaiacreepasnow_nm.tga]
Running Texture Compiler...
Processed: 1
1 texture(s) processed!

[textures\terrain\gaiacreepasnow_spec.tga]
Running Texture Compiler...
Processed: 1
1 texture(s) processed!

[textures\terrain\gaiacreepb.tga]
Running Texture Compiler...
Processed: 1
1 texture(s) processed!

[textures\terrain\gaiacreepb_gloss.tga]
Running Texture Compiler...
Processed: 1
1 texture(s) processed!

[textures\terrain\gaiacreepb_nm.tga]
Running Texture Compiler...
Processed: 1
1 texture(s) processed!

[textures\terrain\gaiacreepb_spec.tga]
Running Texture Compiler...
Processed: 1
1 texture(s) processed!

[textures\terrain\gaiacreepborder.tga]
Running Texture Compiler...
Processed: 1
1 texture(s) processed!

[textures\terrain\gaiacreepborder_gloss.tga]
Running Texture Compiler...
Processed: 1
1 texture(s) processed!

[textures\terrain\gaiacreepborder_nm.tga]
Running Texture Compiler...
Processed: 1
1 texture(s) processed!

[textures\terrain\gaiacreepborder_spec.tga]
Running Texture Compiler...
Processed: 1
1 texture(s) processed!

[textures\terrain\gaiacreepbordersand.tga]
Running Texture Compiler...
Processed: 1
1 texture(s) processed!

[textures\terrain\gaiacreepbordersand_gloss.tga]
Running Texture Compiler...
Processed: 1
1 texture(s) processed!

[textures\terrain\gaiacreepbordersand_nm.tga]
Running Texture Compiler...
Processed: 1
1 texture(s) processed!

[textures\terrain\gaiacreepbordersand_spec.tga]
Running Texture Compiler...
Processed: 1
1 texture(s) processed!

[textures\terrain\gaiacreepbordersnow.tga]
Running Texture Compiler...
Processed: 1
1 texture(s) processed!

[textures\terrain\gaiacreepbordersnow_gloss.tga]
Running Texture Compiler...
Processed: 1
1 texture(s) processed!

[textures\terrain\gaiacreepbordersnow_nm.tga]
Running Texture Compiler...
Processed: 1
1 texture(s) processed!

[textures\terrain\gaiacreepbordersnow_spec.tga]
Running Texture Compiler...
Processed: 1
1 texture(s) processed!

[textures\terrain\grassa.tga]
Running Texture Compiler...
Processed: 1
1 texture(s) processed!

[textures\terrain\grassa_gloss.tga]
Running Texture Compiler...
Processed: 1
1 texture(s) processed!

[textures\terrain\grassa_nm.tga]
Running Texture Compiler...
Processed: 1
1 texture(s) processed!

[textures\terrain\grassa_spec.tga]
Running Texture Compiler...
Processed: 1
1 texture(s) processed!

[textures\terrain\grassb.tga]
Running Texture Compiler...
Processed: 1
1 texture(s) processed!

[textures\terrain\grassb_gloss.tga]
Running Texture Compiler...
Processed: 1
1 texture(s) processed!

[textures\terrain\grassb_nm.tga]
Running Texture Compiler...
Processed: 1
1 texture(s) processed!

[textures\terrain\grassb_spec.tga]
Running Texture Compiler...
Processed: 1
1 texture(s) processed!

[textures\terrain\grassdirt25.tga]
Running Texture Compiler...
Processed: 1
1 texture(s) processed!

[textures\terrain\grassdirt25_gloss.tga]
Running Texture Compiler...
Processed: 1
1 texture(s) processed!

[textures\terrain\grassdirt25_nm.tga]
Running Texture Compiler...
Processed: 1
1 texture(s) processed!

[textures\terrain\grassdirt25_spec.tga]
Running Texture Compiler...
Processed: 1
1 texture(s) processed!

[textures\terrain\grassdirt50.tga]
Running Texture Compiler...
Processed: 1
1 texture(s) processed!

[textures\terrain\grassdirt50_gloss.tga]
Running Texture Compiler...
Processed: 1
1 texture(s) processed!

[textures\terrain\grassdirt50_nm.tga]
Running Texture Compiler...
Processed: 1
1 texture(s) processed!

[textures\terrain\grassdirt50_spec.tga]
Running Texture Compiler...
Processed: 1
1 texture(s) processed!

[textures\terrain\grassdirt75.tga]
Running Texture Compiler...
Processed: 1
1 texture(s) processed!

[textures\terrain\grassdirt75_gloss.tga]
Running Texture Compiler...
Processed: 1
1 texture(s) processed!

[textures\terrain\grassdirt75_nm.tga]
Running Texture Compiler...
Processed: 1
1 texture(s) processed!

[textures\terrain\grassdirt75_spec.tga]
Running Texture Compiler...
Processed: 1
1 texture(s) processed!

[textures\terrain\greekroad burnt.tga]
Running Texture Compiler...
Processed: 1
1 texture(s) processed!

[textures\terrain\greekroad burnt_gloss.tga]
Running Texture Compiler...
Processed: 1
1 texture(s) processed!

[textures\terrain\greekroad burnt_nm.tga]
Running Texture Compiler...
Processed: 1
1 texture(s) processed!

[textures\terrain\greekroad burnt_spec.tga]
Running Texture Compiler...
Processed: 1
1 texture(s) processed!

[textures\terrain\greekroad burntb.tga]
Running Texture Compiler...
Processed: 1
1 texture(s) processed!

[textures\terrain\greekroad burntb_gloss.tga]
Running Texture Compiler...
Processed: 1
1 texture(s) processed!

[textures\terrain\greekroad burntb_nm.tga]
Running Texture Compiler...
Processed: 1
1 texture(s) processed!

[textures\terrain\greekroad burntb_spec.tga]
Running Texture Compiler...
Processed: 1
1 texture(s) processed!

[textures\terrain\greekroada.tga]
Running Texture Compiler...
Processed: 1
1 texture(s) processed!

[textures\terrain\greekroada_gloss.tga]
Running Texture Compiler...
Processed: 1
1 texture(s) processed!

[textures\terrain\greekroada_nm.tga]
Running Texture Compiler...
Processed: 1
1 texture(s) processed!

[textures\terrain\greekroada_spec.tga]
Running Texture Compiler...
Processed: 1
1 texture(s) processed!

[textures\terrain\hades1.tga]
Running Texture Compiler...
Processed: 1
1 texture(s) processed!

[textures\terrain\hades1_gloss.tga]
Running Texture Compiler...
Processed: 1
1 texture(s) processed!

[textures\terrain\hades1_nm.tga]
Running Texture Compiler...
Processed: 1
1 texture(s) processed!

[textures\terrain\hades1_spec.tga]
Running Texture Compiler...
Processed: 1
1 texture(s) processed!

[textures\terrain\hades2.tga]
Running Texture Compiler...
Processed: 1
1 texture(s) processed!

[textures\terrain\hades2_gloss.tga]
Running Texture Compiler...
Processed: 1
1 texture(s) processed!

[textures\terrain\hades2_nm.tga]
Running Texture Compiler...
Processed: 1
1 texture(s) processed!

[textures\terrain\hades2_spec.tga]
Running Texture Compiler...
Processed: 1
1 texture(s) processed!

[textures\terrain\hades3.tga]
Running Texture Compiler...
Processed: 1
1 texture(s) processed!

[textures\terrain\hades3_emissive.tga]
Running Texture Compiler...
Processed: 1
1 texture(s) processed!

[textures\terrain\hades3_gloss.tga]
Running Texture Compiler...
Processed: 1
1 texture(s) processed!

[textures\terrain\hades3_nm.tga]
Running Texture Compiler...
Processed: 1
1 texture(s) processed!

[textures\terrain\hades3_spec.tga]
Running Texture Compiler...
Processed: 1
1 texture(s) processed!

[textures\terrain\hades4.tga]
Running Texture Compiler...
Processed: 1
1 texture(s) processed!

[textures\terrain\hades4_emissive.tga]
Running Texture Compiler...
Processed: 1
1 texture(s) processed!

[textures\terrain\hades4_gloss.tga]
Running Texture Compiler...
Processed: 1
1 texture(s) processed!

[textures\terrain\hades4_nm.tga]
Running Texture Compiler...
Processed: 1
1 texture(s) processed!

[textures\terrain\hades4_spec.tga]
Running Texture Compiler...
Processed: 1
1 texture(s) processed!

[textures\terrain\hades5.tga]
Running Texture Compiler...
Processed: 1
1 texture(s) processed!

[textures\terrain\hades5_emissive.tga]
Running Texture Compiler...
Processed: 1
1 texture(s) processed!

[textures\terrain\hades5_gloss.tga]
Running Texture Compiler...
Processed: 1
1 texture(s) processed!

[textures\terrain\hades5_nm.tga]
Running Texture Compiler...
Processed: 1
1 texture(s) processed!

[textures\terrain\hades5_spec.tga]
Running Texture Compiler...
Processed: 1
1 texture(s) processed!

[textures\terrain\hades6.tga]
Running Texture Compiler...
Processed: 1
1 texture(s) processed!

[textures\terrain\hades6_gloss.tga]
Running Texture Compiler...
Processed: 1
1 texture(s) processed!

[textures\terrain\hades6_nm.tga]
Running Texture Compiler...
Processed: 1
1 texture(s) processed!

[textures\terrain\hades6_spec.tga]
Running Texture Compiler...
Processed: 1
1 texture(s) processed!

[textures\terrain\hades7.tga]
Running Texture Compiler...
Processed: 1
1 texture(s) processed!

[textures\terrain\hades7_emissive.tga]
Running Texture Compiler...
Processed: 1
1 texture(s) processed!

[textures\terrain\hades7_gloss.tga]
Running Texture Compiler...
Processed: 1
1 texture(s) processed!

[textures\terrain\hades7_nm.tga]
Running Texture Compiler...
Processed: 1
1 texture(s) processed!

[textures\terrain\hades7_spec.tga]
Running Texture Compiler...
Processed: 1
1 texture(s) processed!

[textures\terrain\hades8.tga]
Running Texture Compiler...
Processed: 1
1 texture(s) processed!

[textures\terrain\hades8_gloss.tga]
Running Texture Compiler...
Processed: 1
1 texture(s) processed!

[textures\terrain\hades8_nm.tga]
Running Texture Compiler...
Processed: 1
1 texture(s) processed!

[textures\terrain\hades8_spec.tga]
Running Texture Compiler...
Processed: 1
1 texture(s) processed!

[textures\terrain\hades9.tga]
Running Texture Compiler...
Processed: 1
1 texture(s) processed!

[textures\terrain\hades9_gloss.tga]
Running Texture Compiler...
Processed: 1
1 texture(s) processed!

[textures\terrain\hades9_nm.tga]
Running Texture Compiler...
Processed: 1
1 texture(s) processed!

[textures\terrain\hades9_spec.tga]
Running Texture Compiler...
Processed: 1
1 texture(s) processed!

[textures\terrain\hadesbuildable1.tga]
Running Texture Compiler...
Processed: 1
1 texture(s) processed!

[textures\terrain\hadesbuildable1_gloss.tga]
Running Texture Compiler...
Processed: 1
1 texture(s) processed!

[textures\terrain\hadesbuildable1_nm.tga]
Running Texture Compiler...
Processed: 1
1 texture(s) processed!

[textures\terrain\hadesbuildable1_spec.tga]
Running Texture Compiler...
Processed: 1
1 texture(s) processed!

[textures\terrain\hadesbuildable2.tga]
Running Texture Compiler...
Processed: 1
1 texture(s) processed!

[textures\terrain\hadesbuildable2_gloss.tga]
Running Texture Compiler...
Processed: 1
1 texture(s) processed!

[textures\terrain\hadesbuildable2_nm.tga]
Running Texture Compiler...
Processed: 1
1 texture(s) processed!

[textures\terrain\hadesbuildable2_spec.tga]
Running Texture Compiler...
Processed: 1
1 texture(s) processed!

[textures\terrain\hadescliff.tga]
Running Texture Compiler...
Processed: 1
1 texture(s) processed!

[textures\terrain\hadescliff_gloss.tga]
Running Texture Compiler...
Processed: 1
1 texture(s) processed!

[textures\terrain\hadescliff_nm.tga]
Running Texture Compiler...
Processed: 1
1 texture(s) processed!

[textures\terrain\hadescliff_spec.tga]
Running Texture Compiler...
Processed: 1
1 texture(s) processed!

[textures\terrain\icea.tga]
Running Texture Compiler...
Processed: 1
1 texture(s) processed!

[textures\terrain\icea_gloss.tga]
Running Texture Compiler...
Processed: 1
1 texture(s) processed!

[textures\terrain\icea_nm.tga]
Running Texture Compiler...
Processed: 1
1 texture(s) processed!

[textures\terrain\icea_spec.tga]
Running Texture Compiler...
Processed: 1
1 texture(s) processed!

[textures\terrain\iceb.tga]
Running Texture Compiler...
Processed: 1
1 texture(s) processed!

[textures\terrain\iceb_gloss.tga]
Running Texture Compiler...
Processed: 1
1 texture(s) processed!

[textures\terrain\iceb_nm.tga]
Running Texture Compiler...
Processed: 1
1 texture(s) processed!

[textures\terrain\iceb_spec.tga]
Running Texture Compiler...
Processed: 1
1 texture(s) processed!

[textures\terrain\icec.tga]
Running Texture Compiler...
Processed: 1
1 texture(s) processed!

[textures\terrain\icec_gloss.tga]
Running Texture Compiler...
Processed: 1
1 texture(s) processed!

[textures\terrain\icec_nm.tga]
Running Texture Compiler...
Processed: 1
1 texture(s) processed!

[textures\terrain\icec_spec.tga]
Running Texture Compiler...
Processed: 1
1 texture(s) processed!

[textures\terrain\junglea.tga]
Running Texture Compiler...
Processed: 1
1 texture(s) processed!

[textures\terrain\jungleb.tga]
Running Texture Compiler...
Processed: 1
1 texture(s) processed!

[textures\terrain\junglebtest.tga]
Running Texture Compiler...
Processed: 1
1 texture(s) processed!

[textures\terrain\jungledirt25.tga]
Running Texture Compiler...
Processed: 1
1 texture(s) processed!

[textures\terrain\jungledirt50.tga]
Running Texture Compiler...
Processed: 1
1 texture(s) processed!

[textures\terrain\jungledirt75.tga]
Running Texture Compiler...
Processed: 1
1 texture(s) processed!

[textures\terrain\jungleroada.tga]
Running Texture Compiler...
Processed: 1
1 texture(s) processed!

[textures\terrain\marsha.tga]
Running Texture Compiler...
Processed: 1
1 texture(s) processed!

[textures\terrain\marsha_gloss.tga]
Running Texture Compiler...
Processed: 1
1 texture(s) processed!

[textures\terrain\marsha_nm.tga]
Running Texture Compiler...
Processed: 1
1 texture(s) processed!

[textures\terrain\marsha_spec.tga]
Running Texture Compiler...
Processed: 1
1 texture(s) processed!

[textures\terrain\marshb.tga]
Running Texture Compiler...
Processed: 1
1 texture(s) processed!

[textures\terrain\marshb_gloss.tga]
Running Texture Compiler...
Processed: 1
1 texture(s) processed!

[textures\terrain\marshb_nm.tga]
Running Texture Compiler...
Processed: 1
1 texture(s) processed!

[textures\terrain\marshb_spec.tga]
Running Texture Compiler...
Processed: 1
1 texture(s) processed!

[textures\terrain\marshc.tga]
Running Texture Compiler...
Processed: 1
1 texture(s) processed!

[textures\terrain\marshc_gloss.tga]
Running Texture Compiler...
Processed: 1
1 texture(s) processed!

[textures\terrain\marshc_nm.tga]
Running Texture Compiler...
Processed: 1
1 texture(s) processed!

[textures\terrain\marshc_spec.tga]
Running Texture Compiler...
Processed: 1
1 texture(s) processed!

[textures\terrain\marshd.tga]
Running Texture Compiler...
Processed: 1
1 texture(s) processed!

[textures\terrain\marshd_gloss.tga]
Running Texture Compiler...
Processed: 1
1 texture(s) processed!

[textures\terrain\marshd_nm.tga]
Running Texture Compiler...
Processed: 1
1 texture(s) processed!

[textures\terrain\marshd_spec.tga]
Running Texture Compiler...
Processed: 1
1 texture(s) processed!

[textures\terrain\marshe.tga]
Running Texture Compiler...
Processed: 1
1 texture(s) processed!

[textures\terrain\marshe_gloss.tga]
Running Texture Compiler...
Processed: 1
1 texture(s) processed!

[textures\terrain\marshe_nm.tga]
Running Texture Compiler...
Processed: 1
1 texture(s) processed!

[textures\terrain\marshe_spec.tga]
Running Texture Compiler...
Processed: 1
1 texture(s) processed!

[textures\terrain\marshf.tga]
Running Texture Compiler...
Processed: 1
1 texture(s) processed!

[textures\terrain\marshf_gloss.tga]
Running Texture Compiler...
Processed: 1
1 texture(s) processed!

[textures\terrain\marshf_nm.tga]
Running Texture Compiler...
Processed: 1
1 texture(s) processed!

[textures\terrain\marshf_spec.tga]
Running Texture Compiler...
Processed: 1
1 texture(s) processed!

[textures\terrain\miningground.tga]
Running Texture Compiler...
Processed: 1
1 texture(s) processed!

[textures\terrain\miningground_gloss.tga]
Running Texture Compiler...
Processed: 1
1 texture(s) processed!

[textures\terrain\miningground_nm.tga]
Running Texture Compiler...
Processed: 1
1 texture(s) processed!

[textures\terrain\miningground_spec.tga]
Running Texture Compiler...
Processed: 1
1 texture(s) processed!

[textures\terrain\mountain01.tga]
Running Texture Compiler...
Processed: 1
1 texture(s) processed!

[textures\terrain\mountain01_gloss.tga]
Running Texture Compiler...
Processed: 1
1 texture(s) processed!

[textures\terrain\mountain01_nm.tga]
Running Texture Compiler...
Processed: 1
1 texture(s) processed!

[textures\terrain\mountain01_spec.tga]
Running Texture Compiler...
Processed: 1
1 texture(s) processed!

[textures\terrain\mountain02.tga]
Running Texture Compiler...
Processed: 1
1 texture(s) processed!

[textures\terrain\mountain02_gloss.tga]
Running Texture Compiler...
Processed: 1
1 texture(s) processed!

[textures\terrain\mountain02_nm.tga]
Running Texture Compiler...
Processed: 1
1 texture(s) processed!

[textures\terrain\mountain02_spec.tga]
Running Texture Compiler...
Processed: 1
1 texture(s) processed!

[textures\terrain\mountain03.tga]
Running Texture Compiler...
Processed: 1
1 texture(s) processed!

[textures\terrain\mountain03_gloss.tga]
Running Texture Compiler...
Processed: 1
1 texture(s) processed!

[textures\terrain\mountain03_nm.tga]
Running Texture Compiler...
Processed: 1
1 texture(s) processed!

[textures\terrain\mountain03_spec.tga]
Running Texture Compiler...
Processed: 1
1 texture(s) processed!

[textures\terrain\mountain04.tga]
Running Texture Compiler...
Processed: 1
1 texture(s) processed!

[textures\terrain\mountain04_gloss.tga]
Running Texture Compiler...
Processed: 1
1 texture(s) processed!

[textures\terrain\mountain04_nm.tga]
Running Texture Compiler...
Processed: 1
1 texture(s) processed!

[textures\terrain\mountain04_spec.tga]
Running Texture Compiler...
Processed: 1
1 texture(s) processed!

[textures\terrain\mountainfloora.tga]
Running Texture Compiler...
Processed: 1
1 texture(s) processed!

[textures\terrain\mountainfloora_gloss.tga]
Running Texture Compiler...
Processed: 1
1 texture(s) processed!

[textures\terrain\mountainfloora_nm.tga]
Running Texture Compiler...
Processed: 1
1 texture(s) processed!

[textures\terrain\mountainfloora_spec.tga]
Running Texture Compiler...
Processed: 1
1 texture(s) processed!

[textures\terrain\mountainfloorb.tga]
Running Texture Compiler...
Processed: 1
1 texture(s) processed!

[textures\terrain\mountainfloorb_gloss.tga]
Running Texture Compiler...
Processed: 1
1 texture(s) processed!

[textures\terrain\mountainfloorb_nm.tga]
Running Texture Compiler...
Processed: 1
1 texture(s) processed!

[textures\terrain\mountainfloorb_spec.tga]
Running Texture Compiler...
Processed: 1
1 texture(s) processed!

[textures\terrain\mountaingrass.tga]
Running Texture Compiler...
Processed: 1
1 texture(s) processed!

[textures\terrain\mountaingrass_gloss.tga]
Running Texture Compiler...
Processed: 1
1 texture(s) processed!

[textures\terrain\mountaingrass_nm.tga]
Running Texture Compiler...
Processed: 1
1 texture(s) processed!

[textures\terrain\mountaingrass_spec.tga]
Running Texture Compiler...
Processed: 1
1 texture(s) processed!

[textures\terrain\noblend.tga]
Running Texture Compiler...
Processed: 1
1 texture(s) processed!

[textures\terrain\noblend_nm.tga]
Running Texture Compiler...
Processed: 1
1 texture(s) processed!

[textures\terrain\noblend_spec.tga]
Running Texture Compiler...
Processed: 1
1 texture(s) processed!

[textures\terrain\norseroada.tga]
Running Texture Compiler...
Processed: 1
1 texture(s) processed!

[textures\terrain\norseroada_gloss.tga]
Running Texture Compiler...
Processed: 1
1 texture(s) processed!

[textures\terrain\norseroada_nm.tga]
Running Texture Compiler...
Processed: 1
1 texture(s) processed!

[textures\terrain\norseroada_spec.tga]
Running Texture Compiler...
Processed: 1
1 texture(s) processed!

[textures\terrain\olympusa.tga]
Running Texture Compiler...
Processed: 1
1 texture(s) processed!

[textures\terrain\olympusa_gloss.tga]
Running Texture Compiler...
Processed: 1
1 texture(s) processed!

[textures\terrain\olympusa_nm.tga]
Running Texture Compiler...
Processed: 1
1 texture(s) processed!

[textures\terrain\olympusa_spec.tga]
Running Texture Compiler...
Processed: 1
1 texture(s) processed!

[textures\terrain\olympusb.tga]
Running Texture Compiler...
Processed: 1
1 texture(s) processed!

[textures\terrain\olympusb_gloss.tga]
Running Texture Compiler...
Processed: 1
1 texture(s) processed!

[textures\terrain\olympusb_nm.tga]
Running Texture Compiler...
Processed: 1
1 texture(s) processed!

[textures\terrain\olympusb_spec.tga]
Running Texture Compiler...
Processed: 1
1 texture(s) processed!

[textures\terrain\olympusc.tga]
Running Texture Compiler...
Processed: 1
1 texture(s) processed!

[textures\terrain\olympusc_gloss.tga]
Running Texture Compiler...
Processed: 1
1 texture(s) processed!

[textures\terrain\olympusc_nm.tga]
Running Texture Compiler...
Processed: 1
1 texture(s) processed!

[textures\terrain\olympusc_spec.tga]
Running Texture Compiler...
Processed: 1
1 texture(s) processed!

[textures\terrain\olympustile.tga]
Running Texture Compiler...
Processed: 1
1 texture(s) processed!

[textures\terrain\olympustile_gloss.tga]
Running Texture Compiler...
Processed: 1
1 texture(s) processed!

[textures\terrain\olympustile_nm.tga]
Running Texture Compiler...
Processed: 1
1 texture(s) processed!

[textures\terrain\olympustile_spec.tga]
Running Texture Compiler...
Processed: 1
1 texture(s) processed!

[textures\terrain\plaina.tga]
Running Texture Compiler...
Processed: 1
1 texture(s) processed!

[textures\terrain\plainb.tga]
Running Texture Compiler...
Processed: 1
1 texture(s) processed!

[textures\terrain\plaindirt25.tga]
Running Texture Compiler...
Processed: 1
1 texture(s) processed!

[textures\terrain\plaindirt50.tga]
Running Texture Compiler...
Processed: 1
1 texture(s) processed!

[textures\terrain\plaindirt75.tga]
Running Texture Compiler...
Processed: 1
1 texture(s) processed!

[textures\terrain\plainroada.tga]
Running Texture Compiler...
Processed: 1
1 texture(s) processed!

[textures\terrain\rivergrassya.tga]
Running Texture Compiler...
Processed: 1
1 texture(s) processed!

[textures\terrain\rivergrassya_gloss.tga]
Running Texture Compiler...
Processed: 1
1 texture(s) processed!

[textures\terrain\rivergrassya_nm.tga]
Running Texture Compiler...
Processed: 1
1 texture(s) processed!

[textures\terrain\rivergrassya_spec.tga]
Running Texture Compiler...
Processed: 1
1 texture(s) processed!

[textures\terrain\rivergrassyb.tga]
Running Texture Compiler...
Processed: 1
1 texture(s) processed!

[textures\terrain\rivergrassyb_gloss.tga]
Running Texture Compiler...
Processed: 1
1 texture(s) processed!

[textures\terrain\rivergrassyb_nm.tga]
Running Texture Compiler...
Processed: 1
1 texture(s) processed!

[textures\terrain\rivergrassyb_spec.tga]
Running Texture Compiler...
Processed: 1
1 texture(s) processed!

[textures\terrain\rivergrassyc.tga]
Running Texture Compiler...
Processed: 1
1 texture(s) processed!

[textures\terrain\rivergrassyc_gloss.tga]
Running Texture Compiler...
Processed: 1
1 texture(s) processed!

[textures\terrain\rivergrassyc_nm.tga]
Running Texture Compiler...
Processed: 1
1 texture(s) processed!

[textures\terrain\rivergrassyc_spec.tga]
Running Texture Compiler...
Processed: 1
1 texture(s) processed!

[textures\terrain\rivericya.tga]
Running Texture Compiler...
Processed: 1
1 texture(s) processed!

[textures\terrain\rivericya_gloss.tga]
Running Texture Compiler...
Processed: 1
1 texture(s) processed!

[textures\terrain\rivericya_nm.tga]
Running Texture Compiler...
Processed: 1
1 texture(s) processed!

[textures\terrain\rivericya_spec.tga]
Running Texture Compiler...
Processed: 1
1 texture(s) processed!

[textures\terrain\rivericyb.tga]
Running Texture Compiler...
Processed: 1
1 texture(s) processed!

[textures\terrain\rivericyb_gloss.tga]
Running Texture Compiler...
Processed: 1
1 texture(s) processed!

[textures\terrain\rivericyb_nm.tga]
Running Texture Compiler...
Processed: 1
1 texture(s) processed!

[textures\terrain\rivericyb_spec.tga]
Running Texture Compiler...
Processed: 1
1 texture(s) processed!

[textures\terrain\rivericyc.tga]
Running Texture Compiler...
Processed: 1
1 texture(s) processed!

[textures\terrain\rivericyc_gloss.tga]
Running Texture Compiler...
Processed: 1
1 texture(s) processed!

[textures\terrain\rivericyc_nm.tga]
Running Texture Compiler...
Processed: 1
1 texture(s) processed!

[textures\terrain\rivericyc_spec.tga]
Running Texture Compiler...
Processed: 1
1 texture(s) processed!

[textures\terrain\rivermarsha.tga]
Running Texture Compiler...
Processed: 1
1 texture(s) processed!

[textures\terrain\rivermarsha_gloss.tga]
Running Texture Compiler...
Processed: 1
1 texture(s) processed!

[textures\terrain\rivermarsha_nm.tga]
Running Texture Compiler...
Processed: 1
1 texture(s) processed!

[textures\terrain\rivermarsha_spec.tga]
Running Texture Compiler...
Processed: 1
1 texture(s) processed!

[textures\terrain\rivermarshb.tga]
Running Texture Compiler...
Processed: 1
1 texture(s) processed!

[textures\terrain\rivermarshb_gloss.tga]
Running Texture Compiler...
Processed: 1
1 texture(s) processed!

[textures\terrain\rivermarshb_nm.tga]
Running Texture Compiler...
Processed: 1
1 texture(s) processed!

[textures\terrain\rivermarshb_spec.tga]
Running Texture Compiler...
Processed: 1
1 texture(s) processed!

[textures\terrain\rivermarshc.tga]
Running Texture Compiler...
Processed: 1
1 texture(s) processed!

[textures\terrain\rivermarshc_gloss.tga]
Running Texture Compiler...
Processed: 1
1 texture(s) processed!

[textures\terrain\rivermarshc_nm.tga]
Running Texture Compiler...
Processed: 1
1 texture(s) processed!

[textures\terrain\rivermarshc_spec.tga]
Running Texture Compiler...
Processed: 1
1 texture(s) processed!

[textures\terrain\riversandya.tga]
Running Texture Compiler...
Processed: 1
1 texture(s) processed!

[textures\terrain\riversandya_gloss.tga]
Running Texture Compiler...
Processed: 1
1 texture(s) processed!

[textures\terrain\riversandya_nm.tga]
Running Texture Compiler...
Processed: 1
1 texture(s) processed!

[textures\terrain\riversandya_spec.tga]
Running Texture Compiler...
Processed: 1
1 texture(s) processed!

[textures\terrain\riversandyb.tga]
Running Texture Compiler...
Processed: 1
1 texture(s) processed!

[textures\terrain\riversandyb_gloss.tga]
Running Texture Compiler...
Processed: 1
1 texture(s) processed!

[textures\terrain\riversandyb_nm.tga]
Running Texture Compiler...
Processed: 1
1 texture(s) processed!

[textures\terrain\riversandyb_spec.tga]
Running Texture Compiler...
Processed: 1
1 texture(s) processed!

[textures\terrain\riversandyc.tga]
Running Texture Compiler...
Processed: 1
1 texture(s) processed!

[textures\terrain\riversandyc_gloss.tga]
Running Texture Compiler...
Processed: 1
1 texture(s) processed!

[textures\terrain\riversandyc_nm.tga]
Running Texture Compiler...
Processed: 1
1 texture(s) processed!

[textures\terrain\riversandyc_spec.tga]
Running Texture Compiler...
Processed: 1
1 texture(s) processed!

[textures\terrain\riversandyshallowa.tga]
Running Texture Compiler...
Processed: 1
1 texture(s) processed!

[textures\terrain\riversandyshallowa_gloss.tga]
Running Texture Compiler...
Processed: 1
1 texture(s) processed!

[textures\terrain\riversandyshallowa_nm.tga]
Running Texture Compiler...
Processed: 1
1 texture(s) processed!

[textures\terrain\riversandyshallowa_spec.tga]
Running Texture Compiler...
Processed: 1
1 texture(s) processed!

[textures\terrain\roada.tga]
Running Texture Compiler...
Processed: 1
1 texture(s) processed!

[textures\terrain\roada_gloss.tga]
Running Texture Compiler...
Processed: 1
1 texture(s) processed!

[textures\terrain\roada_nm.tga]
Running Texture Compiler...
Processed: 1
1 texture(s) processed!

[textures\terrain\roada_spec.tga]
Running Texture Compiler...
Processed: 1
1 texture(s) processed!

[textures\terrain\roadb.tga]
Running Texture Compiler...
Processed: 1
1 texture(s) processed!

[textures\terrain\roadb_gloss.tga]
Running Texture Compiler...
Processed: 1
1 texture(s) processed!

[textures\terrain\roadb_nm.tga]
Running Texture Compiler...
Processed: 1
1 texture(s) processed!

[textures\terrain\roadb_spec.tga]
Running Texture Compiler...
Processed: 1
1 texture(s) processed!

[textures\terrain\rocka.tga]
Running Texture Compiler...
Processed: 1
1 texture(s) processed!

[textures\terrain\rocka_gloss.tga]
Running Texture Compiler...
Processed: 1
1 texture(s) processed!

[textures\terrain\rocka_nm.tga]
Running Texture Compiler...
Processed: 1
1 texture(s) processed!

[textures\terrain\rocka_spec.tga]
Running Texture Compiler...
Processed: 1
1 texture(s) processed!

[textures\terrain\rockc.tga]
Running Texture Compiler...
Processed: 1
1 texture(s) processed!

[textures\terrain\rockc_gloss.tga]
Running Texture Compiler...
Processed: 1
1 texture(s) processed!

[textures\terrain\rockc_nm.tga]
Running Texture Compiler...
Processed: 1
1 texture(s) processed!

[textures\terrain\rockc_spec.tga]
Running Texture Compiler...
Processed: 1
1 texture(s) processed!

[textures\terrain\rockd.tga]
Running Texture Compiler...
Processed: 1
1 texture(s) processed!

[textures\terrain\rockd_gloss.tga]
Running Texture Compiler...
Processed: 1
1 texture(s) processed!

[textures\terrain\rockd_nm.tga]
Running Texture Compiler...
Processed: 1
1 texture(s) processed!

[textures\terrain\rockd_spec.tga]
Running Texture Compiler...
Processed: 1
1 texture(s) processed!

[textures\terrain\rocke.tga]
Running Texture Compiler...
Processed: 1
1 texture(s) processed!

[textures\terrain\rocke_gloss.tga]
Running Texture Compiler...
Processed: 1
1 texture(s) processed!

[textures\terrain\rocke_nm.tga]
Running Texture Compiler...
Processed: 1
1 texture(s) processed!

[textures\terrain\rocke_spec.tga]
Running Texture Compiler...
Processed: 1
1 texture(s) processed!

[textures\terrain\sanda.tga]
Running Texture Compiler...
Processed: 1
1 texture(s) processed!

[textures\terrain\sanda_gloss.tga]
Running Texture Compiler...
Processed: 1
1 texture(s) processed!

[textures\terrain\sanda_nm.tga]
Running Texture Compiler...
Processed: 1
1 texture(s) processed!

[textures\terrain\sanda_spec.tga]
Running Texture Compiler...
Processed: 1
1 texture(s) processed!

[textures\terrain\sandb.tga]
Running Texture Compiler...
Processed: 1
1 texture(s) processed!

[textures\terrain\sandb_gloss.tga]
Running Texture Compiler...
Processed: 1
1 texture(s) processed!

[textures\terrain\sandb_nm.tga]
Running Texture Compiler...
Processed: 1
1 texture(s) processed!

[textures\terrain\sandb_spec.tga]
Running Texture Compiler...
Processed: 1
1 texture(s) processed!

[textures\terrain\sandc.tga]
Running Texture Compiler...
Processed: 1
1 texture(s) processed!

[textures\terrain\sandc_gloss.tga]
Running Texture Compiler...
Processed: 1
1 texture(s) processed!

[textures\terrain\sandc_nm.tga]
Running Texture Compiler...
Processed: 1
1 texture(s) processed!

[textures\terrain\sandc_spec.tga]
Running Texture Compiler...
Processed: 1
1 texture(s) processed!

[textures\terrain\sandd.tga]
Running Texture Compiler...
Processed: 1
1 texture(s) processed!

[textures\terrain\sandd_gloss.tga]
Running Texture Compiler...
Processed: 1
1 texture(s) processed!

[textures\terrain\sandd_nm.tga]
Running Texture Compiler...
Processed: 1
1 texture(s) processed!

[textures\terrain\sandd_spec.tga]
Running Texture Compiler...
Processed: 1
1 texture(s) processed!

[textures\terrain\sanddirt50.tga]
Running Texture Compiler...
Processed: 1
1 texture(s) processed!

[textures\terrain\sanddirt50_gloss.tga]
Running Texture Compiler...
Processed: 1
1 texture(s) processed!

[textures\terrain\sanddirt50_nm.tga]
Running Texture Compiler...
Processed: 1
1 texture(s) processed!

[textures\terrain\sanddirt50_spec.tga]
Running Texture Compiler...
Processed: 1
1 texture(s) processed!

[textures\terrain\sanddirt50b.tga]
Running Texture Compiler...
Processed: 1
1 texture(s) processed!

[textures\terrain\sanddirt50b_gloss.tga]
Running Texture Compiler...
Processed: 1
1 texture(s) processed!

[textures\terrain\sanddirt50b_nm.tga]
Running Texture Compiler...
Processed: 1
1 texture(s) processed!

[textures\terrain\sanddirt50b_spec.tga]
Running Texture Compiler...
Processed: 1
1 texture(s) processed!

[textures\terrain\sande.tga]
Running Texture Compiler...
Processed: 1
1 texture(s) processed!

[textures\terrain\sande_gloss.tga]
Running Texture Compiler...
Processed: 1
1 texture(s) processed!

[textures\terrain\sande_nm.tga]
Running Texture Compiler...
Processed: 1
1 texture(s) processed!

[textures\terrain\sande_spec.tga]
Running Texture Compiler...
Processed: 1
1 texture(s) processed!

[textures\terrain\sandsvdblendlshapecorner.tga]
Running Texture Compiler...
Processed: 1
1 texture(s) processed!

[textures\terrain\sandsvdblendthreecorners.tga]
Running Texture Compiler...
Processed: 1
1 texture(s) processed!

[textures\terrain\sandvdblendcircle.tga]
Running Texture Compiler...
Processed: 1
1 texture(s) processed!

[textures\terrain\sandvdblendcorner.tga]
Running Texture Compiler...
Processed: 1
1 texture(s) processed!

[textures\terrain\sandvdblendedge.tga]
Running Texture Compiler...
Processed: 1
1 texture(s) processed!

[textures\terrain\sandvdblendedgecorner.tga]
Running Texture Compiler...
Processed: 1
1 texture(s) processed!

[textures\terrain\sandvdblendedgetwocorners.tga]
Running Texture Compiler...
Processed: 1
1 texture(s) processed!

[textures\terrain\sandvdblendfourcorners.tga]
Running Texture Compiler...
Processed: 1
1 texture(s) processed!

[textures\terrain\sandvdblendlshape.tga]
Running Texture Compiler...
Processed: 1
1 texture(s) processed!

[textures\terrain\sandvdblendlshapecorner.tga]
Running Texture Compiler...
Processed: 1
1 texture(s) processed!

[textures\terrain\sandvdblendlshapecorner2.tga]
Running Texture Compiler...
Processed: 1
1 texture(s) processed!

[textures\terrain\sandvdblendthreecorner.tga]
Running Texture Compiler...
Processed: 1
1 texture(s) processed!

[textures\terrain\sandvdblendtwocorners.tga]
Running Texture Compiler...
Processed: 1
1 texture(s) processed!

[textures\terrain\sandvdblendtwoedges.tga]
Running Texture Compiler...
Processed: 1
1 texture(s) processed!

[textures\terrain\sandvdblendtwooppositecorners.tga]
Running Texture Compiler...
Processed: 1
1 texture(s) processed!

[textures\terrain\sandvdblendushape.tga]
Running Texture Compiler...
Processed: 1
1 texture(s) processed!

[textures\terrain\savannaha.tga]
Running Texture Compiler...
Processed: 1
1 texture(s) processed!

[textures\terrain\savannaha_gloss.tga]
Running Texture Compiler...
Processed: 1
1 texture(s) processed!

[textures\terrain\savannaha_nm.tga]
Running Texture Compiler...
Processed: 1
1 texture(s) processed!

[textures\terrain\savannaha_spec.tga]
Running Texture Compiler...
Processed: 1
1 texture(s) processed!

[textures\terrain\savannahb.tga]
Running Texture Compiler...
Processed: 1
1 texture(s) processed!

[textures\terrain\savannahb_gloss.tga]
Running Texture Compiler...
Processed: 1
1 texture(s) processed!

[textures\terrain\savannahb_nm.tga]
Running Texture Compiler...
Processed: 1
1 texture(s) processed!

[textures\terrain\savannahb_spec.tga]
Running Texture Compiler...
Processed: 1
1 texture(s) processed!

[textures\terrain\savannahc.tga]
Running Texture Compiler...
Processed: 1
1 texture(s) processed!

[textures\terrain\savannahc_gloss.tga]
Running Texture Compiler...
Processed: 1
1 texture(s) processed!

[textures\terrain\savannahc_nm.tga]
Running Texture Compiler...
Processed: 1
1 texture(s) processed!

[textures\terrain\savannahc_spec.tga]
Running Texture Compiler...
Processed: 1
1 texture(s) processed!

[textures\terrain\savannahd.tga]
Running Texture Compiler...
Processed: 1
1 texture(s) processed!

[textures\terrain\savannahd_gloss.tga]
Running Texture Compiler...
Processed: 1
1 texture(s) processed!

[textures\terrain\savannahd_nm.tga]
Running Texture Compiler...
Processed: 1
1 texture(s) processed!

[textures\terrain\savannahd_spec.tga]
Running Texture Compiler...
Processed: 1
1 texture(s) processed!

[textures\terrain\shoreline_sanda.tga]
Running Texture Compiler...
Processed: 1
1 texture(s) processed!

[textures\terrain\shoreline_sanda_gloss.tga]
Running Texture Compiler...
Processed: 1
1 texture(s) processed!

[textures\terrain\shoreline_sanda_nm.tga]
Running Texture Compiler...
Processed: 1
1 texture(s) processed!

[textures\terrain\shoreline_sanda_spec.tga]
Running Texture Compiler...
Processed: 1
1 texture(s) processed!

[textures\terrain\shorelineaegeana.tga]
Running Texture Compiler...
Processed: 1
1 texture(s) processed!

[textures\terrain\shorelineaegeana_gloss.tga]
Running Texture Compiler...
Processed: 1
1 texture(s) processed!

[textures\terrain\shorelineaegeana_nm.tga]
Running Texture Compiler...
Processed: 1
1 texture(s) processed!

[textures\terrain\shorelineaegeana_spec.tga]
Running Texture Compiler...
Processed: 1
1 texture(s) processed!

[textures\terrain\shorelineaegeanb.tga]
Running Texture Compiler...
Processed: 1
1 texture(s) processed!

[textures\terrain\shorelineaegeanb_gloss.tga]
Running Texture Compiler...
Processed: 1
1 texture(s) processed!

[textures\terrain\shorelineaegeanb_nm.tga]
Running Texture Compiler...
Processed: 1
1 texture(s) processed!

[textures\terrain\shorelineaegeanb_spec.tga]
Running Texture Compiler...
Processed: 1
1 texture(s) processed!

[textures\terrain\shorelineaegeanc.tga]
Running Texture Compiler...
Processed: 1
1 texture(s) processed!

[textures\terrain\shorelineaegeanc_gloss.tga]
Running Texture Compiler...
Processed: 1
1 texture(s) processed!

[textures\terrain\shorelineaegeanc_nm.tga]
Running Texture Compiler...
Processed: 1
1 texture(s) processed!

[textures\terrain\shorelineaegeanc_spec.tga]
Running Texture Compiler...
Processed: 1
1 texture(s) processed!

[textures\terrain\shorelineatlantica.tga]
Running Texture Compiler...
Processed: 1
1 texture(s) processed!

[textures\terrain\shorelineatlantica_gloss.tga]
Running Texture Compiler...
Processed: 1
1 texture(s) processed!

[textures\terrain\shorelineatlantica_nm.tga]
Running Texture Compiler...
Processed: 1
1 texture(s) processed!

[textures\terrain\shorelineatlantica_spec.tga]
Running Texture Compiler...
Processed: 1
1 texture(s) processed!

[textures\terrain\shorelineatlanticb.tga]
Running Texture Compiler...
Processed: 1
1 texture(s) processed!

[textures\terrain\shorelineatlanticb_gloss.tga]
Running Texture Compiler...
Processed: 1
1 texture(s) processed!

[textures\terrain\shorelineatlanticb_nm.tga]
Running Texture Compiler...
Processed: 1
1 texture(s) processed!

[textures\terrain\shorelineatlanticb_spec.tga]
Running Texture Compiler...
Processed: 1
1 texture(s) processed!

[textures\terrain\shorelineatlanticc.tga]
Running Texture Compiler...
Processed: 1
1 texture(s) processed!

[textures\terrain\shorelineatlanticc_gloss.tga]
Running Texture Compiler...
Processed: 1
1 texture(s) processed!

[textures\terrain\shorelineatlanticc_nm.tga]
Running Texture Compiler...
Processed: 1
1 texture(s) processed!

[textures\terrain\shorelineatlanticc_spec.tga]
Running Texture Compiler...
Processed: 1
1 texture(s) processed!

[textures\terrain\shorelinejunglea.tga]
Running Texture Compiler...
Processed: 1
1 texture(s) processed!

[textures\terrain\shorelinejungleb.tga]
Running Texture Compiler...
Processed: 1
1 texture(s) processed!

[textures\terrain\shorelinejunglec.tga]
Running Texture Compiler...
Processed: 1
1 texture(s) processed!

[textures\terrain\shorelinemediterraneana.tga]
Running Texture Compiler...
Processed: 1
1 texture(s) processed!

[textures\terrain\shorelinemediterraneana_gloss.tga]
Running Texture Compiler...
Processed: 1
1 texture(s) processed!

[textures\terrain\shorelinemediterraneana_nm.tga]
Running Texture Compiler...
Processed: 1
1 texture(s) processed!

[textures\terrain\shorelinemediterraneana_spec.tga]
Running Texture Compiler...
Processed: 1
1 texture(s) processed!

[textures\terrain\shorelinemediterraneanb.tga]
Running Texture Compiler...
Processed: 1
1 texture(s) processed!

[textures\terrain\shorelinemediterraneanb_gloss.tga]
Running Texture Compiler...
Processed: 1
1 texture(s) processed!

[textures\terrain\shorelinemediterraneanb_nm.tga]
Running Texture Compiler...
Processed: 1
1 texture(s) processed!

[textures\terrain\shorelinemediterraneanb_spec.tga]
Running Texture Compiler...
Processed: 1
1 texture(s) processed!

[textures\terrain\shorelinemediterraneanc.tga]
Running Texture Compiler...
Processed: 1
1 texture(s) processed!

[textures\terrain\shorelinemediterraneanc_gloss.tga]
Running Texture Compiler...
Processed: 1
1 texture(s) processed!

[textures\terrain\shorelinemediterraneanc_nm.tga]
Running Texture Compiler...
Processed: 1
1 texture(s) processed!

[textures\terrain\shorelinemediterraneanc_spec.tga]
Running Texture Compiler...
Processed: 1
1 texture(s) processed!

[textures\terrain\shorelinemediterraneand.tga]
Running Texture Compiler...
Processed: 1
1 texture(s) processed!

[textures\terrain\shorelinemediterraneand_gloss.tga]
Running Texture Compiler...
Processed: 1
1 texture(s) processed!

[textures\terrain\shorelinemediterraneand_nm.tga]
Running Texture Compiler...
Processed: 1
1 texture(s) processed!

[textures\terrain\shorelinemediterraneand_spec.tga]
Running Texture Compiler...
Processed: 1
1 texture(s) processed!

[textures\terrain\shorelinenorwegiana.tga]
Running Texture Compiler...
Processed: 1
1 texture(s) processed!

[textures\terrain\shorelinenorwegiana_gloss.tga]
Running Texture Compiler...
Processed: 1
1 texture(s) processed!

[textures\terrain\shorelinenorwegiana_nm.tga]
Running Texture Compiler...
Processed: 1
1 texture(s) processed!

[textures\terrain\shorelinenorwegiana_spec.tga]
Running Texture Compiler...
Processed: 1
1 texture(s) processed!

[textures\terrain\shorelinenorwegianb.tga]
Running Texture Compiler...
Processed: 1
1 texture(s) processed!

[textures\terrain\shorelinenorwegianb_gloss.tga]
Running Texture Compiler...
Processed: 1
1 texture(s) processed!

[textures\terrain\shorelinenorwegianb_nm.tga]
Running Texture Compiler...
Processed: 1
1 texture(s) processed!

[textures\terrain\shorelinenorwegianb_spec.tga]
Running Texture Compiler...
Processed: 1
1 texture(s) processed!

[textures\terrain\shorelinenorwegianc.tga]
Running Texture Compiler...
Processed: 1
1 texture(s) processed!

[textures\terrain\shorelinenorwegianc_gloss.tga]
Running Texture Compiler...
Processed: 1
1 texture(s) processed!

[textures\terrain\shorelinenorwegianc_nm.tga]
Running Texture Compiler...
Processed: 1
1 texture(s) processed!

[textures\terrain\shorelinenorwegianc_spec.tga]
Running Texture Compiler...
Processed: 1
1 texture(s) processed!

[textures\terrain\shorelineplaina.tga]
Running Texture Compiler...
Processed: 1
1 texture(s) processed!

[textures\terrain\shorelineplainb.tga]
Running Texture Compiler...
Processed: 1
1 texture(s) processed!

[textures\terrain\shorelineplainc.tga]
Running Texture Compiler...
Processed: 1
1 texture(s) processed!

[textures\terrain\shorelineplaind.tga]
Running Texture Compiler...
Processed: 1
1 texture(s) processed!

[textures\terrain\shorelineredseaa.tga]
Running Texture Compiler...
Processed: 1
1 texture(s) processed!

[textures\terrain\shorelineredseaa_gloss.tga]
Running Texture Compiler...
Processed: 1
1 texture(s) processed!

[textures\terrain\shorelineredseaa_nm.tga]
Running Texture Compiler...
Processed: 1
1 texture(s) processed!

[textures\terrain\shorelineredseaa_spec.tga]
Running Texture Compiler...
Processed: 1
1 texture(s) processed!

[textures\terrain\shorelineredseab.tga]
Running Texture Compiler...
Processed: 1
1 texture(s) processed!

[textures\terrain\shorelineredseab_gloss.tga]
Running Texture Compiler...
Processed: 1
1 texture(s) processed!

[textures\terrain\shorelineredseab_nm.tga]
Running Texture Compiler...
Processed: 1
1 texture(s) processed!

[textures\terrain\shorelineredseab_spec.tga]
Running Texture Compiler...
Processed: 1
1 texture(s) processed!

[textures\terrain\shorelineredseac.tga]
Running Texture Compiler...
Processed: 1
1 texture(s) processed!

[textures\terrain\shorelineredseac_gloss.tga]
Running Texture Compiler...
Processed: 1
1 texture(s) processed!

[textures\terrain\shorelineredseac_nm.tga]
Running Texture Compiler...
Processed: 1
1 texture(s) processed!

[textures\terrain\shorelineredseac_spec.tga]
Running Texture Compiler...
Processed: 1
1 texture(s) processed!

[textures\terrain\shorelinesanda.tga]
Running Texture Compiler...
Processed: 1
1 texture(s) processed!

[textures\terrain\shorelinesanda_gloss.tga]
Running Texture Compiler...
Processed: 1
1 texture(s) processed!

[textures\terrain\shorelinesanda_nm.tga]
Running Texture Compiler...
Processed: 1
1 texture(s) processed!

[textures\terrain\shorelinesanda_spec.tga]
Running Texture Compiler...
Processed: 1
1 texture(s) processed!

[textures\terrain\shorelinetundraa.tga]
Running Texture Compiler...
Processed: 1
1 texture(s) processed!

[textures\terrain\shorelinetundraa_gloss.tga]
Running Texture Compiler...
Processed: 1
1 texture(s) processed!

[textures\terrain\shorelinetundraa_nm.tga]
Running Texture Compiler...
Processed: 1
1 texture(s) processed!

[textures\terrain\shorelinetundraa_spec.tga]
Running Texture Compiler...
Processed: 1
1 texture(s) processed!

[textures\terrain\shorelinetundrab.tga]
Running Texture Compiler...
Processed: 1
1 texture(s) processed!

[textures\terrain\shorelinetundrab_gloss.tga]
Running Texture Compiler...
Processed: 1
1 texture(s) processed!

[textures\terrain\shorelinetundrab_nm.tga]
Running Texture Compiler...
Processed: 1
1 texture(s) processed!

[textures\terrain\shorelinetundrab_spec.tga]
Running Texture Compiler...
Processed: 1
1 texture(s) processed!

[textures\terrain\shorelinetundrac.tga]
Running Texture Compiler...
Processed: 1
1 texture(s) processed!

[textures\terrain\shorelinetundrac_gloss.tga]
Running Texture Compiler...
Processed: 1
1 texture(s) processed!

[textures\terrain\shorelinetundrac_nm.tga]
Running Texture Compiler...
Processed: 1
1 texture(s) processed!

[textures\terrain\shorelinetundrac_spec.tga]
Running Texture Compiler...
Processed: 1
1 texture(s) processed!

[textures\terrain\shorelinetundrad.tga]
Running Texture Compiler...
Processed: 1
1 texture(s) processed!

[textures\terrain\shorelinetundrad_gloss.tga]
Running Texture Compiler...
Processed: 1
1 texture(s) processed!

[textures\terrain\shorelinetundrad_nm.tga]
Running Texture Compiler...
Processed: 1
1 texture(s) processed!

[textures\terrain\shorelinetundrad_spec.tga]
Running Texture Compiler...
Processed: 1
1 texture(s) processed!

[textures\terrain\sling rocka.tga]
Running Texture Compiler...
Processed: 1
1 texture(s) processed!

[textures\terrain\sling rocka_gloss.tga]
Running Texture Compiler...
Processed: 1
1 texture(s) processed!

[textures\terrain\sling rocka_nm.tga]
Running Texture Compiler...
Processed: 1
1 texture(s) processed!

[textures\terrain\sling rocka_spec.tga]
Running Texture Compiler...
Processed: 1
1 texture(s) processed!

[textures\terrain\snowa.tga]
Running Texture Compiler...
Processed: 1
1 texture(s) processed!

[textures\terrain\snowa_gloss.tga]
Running Texture Compiler...
Processed: 1
1 texture(s) processed!

[textures\terrain\snowa_nm.tga]
Running Texture Compiler...
Processed: 1
1 texture(s) processed!

[textures\terrain\snowa_spec.tga]
Running Texture Compiler...
Processed: 1
1 texture(s) processed!

[textures\terrain\snowb.tga]
Running Texture Compiler...
Processed: 1
1 texture(s) processed!

[textures\terrain\snowb_gloss.tga]
Running Texture Compiler...
Processed: 1
1 texture(s) processed!

[textures\terrain\snowb_nm.tga]
Running Texture Compiler...
Processed: 1
1 texture(s) processed!

[textures\terrain\snowb_spec.tga]
Running Texture Compiler...
Processed: 1
1 texture(s) processed!

[textures\terrain\snowgrass25.tga]
Running Texture Compiler...
Processed: 1
1 texture(s) processed!

[textures\terrain\snowgrass25_gloss.tga]
Running Texture Compiler...
Processed: 1
1 texture(s) processed!

[textures\terrain\snowgrass25_nm.tga]
Running Texture Compiler...
Processed: 1
1 texture(s) processed!

[textures\terrain\snowgrass25_spec.tga]
Running Texture Compiler...
Processed: 1
1 texture(s) processed!

[textures\terrain\snowgrass50.tga]
Running Texture Compiler...
Processed: 1
1 texture(s) processed!

[textures\terrain\snowgrass50_gloss.tga]
Running Texture Compiler...
Processed: 1
1 texture(s) processed!

[textures\terrain\snowgrass50_nm.tga]
Running Texture Compiler...
Processed: 1
1 texture(s) processed!

[textures\terrain\snowgrass50_spec.tga]
Running Texture Compiler...
Processed: 1
1 texture(s) processed!

[textures\terrain\snowgrass75.tga]
Running Texture Compiler...
Processed: 1
1 texture(s) processed!

[textures\terrain\snowgrass75_gloss.tga]
Running Texture Compiler...
Processed: 1
1 texture(s) processed!

[textures\terrain\snowgrass75_nm.tga]
Running Texture Compiler...
Processed: 1
1 texture(s) processed!

[textures\terrain\snowgrass75_spec.tga]
Running Texture Compiler...
Processed: 1
1 texture(s) processed!

[textures\terrain\snowsand25.tga]
Running Texture Compiler...
Processed: 1
1 texture(s) processed!

[textures\terrain\snowsand25_gloss.tga]
Running Texture Compiler...
Processed: 1
1 texture(s) processed!

[textures\terrain\snowsand25_nm.tga]
Running Texture Compiler...
Processed: 1
1 texture(s) processed!

[textures\terrain\snowsand25_spec.tga]
Running Texture Compiler...
Processed: 1
1 texture(s) processed!

[textures\terrain\snowsand50.tga]
Running Texture Compiler...
Processed: 1
1 texture(s) processed!

[textures\terrain\snowsand50_gloss.tga]
Running Texture Compiler...
Processed: 1
1 texture(s) processed!

[textures\terrain\snowsand50_nm.tga]
Running Texture Compiler...
Processed: 1
1 texture(s) processed!

[textures\terrain\snowsand50_spec.tga]
Running Texture Compiler...
Processed: 1
1 texture(s) processed!

[textures\terrain\snowsand75.tga]
Running Texture Compiler...
Processed: 1
1 texture(s) processed!

[textures\terrain\snowsand75_gloss.tga]
Running Texture Compiler...
Processed: 1
1 texture(s) processed!

[textures\terrain\snowsand75_nm.tga]
Running Texture Compiler...
Processed: 1
1 texture(s) processed!

[textures\terrain\snowsand75_spec.tga]
Running Texture Compiler...
Processed: 1
1 texture(s) processed!

[textures\terrain\terrain_tornadopath.tga]
Running Texture Compiler...
Processed: 1
1 texture(s) processed!

[textures\terrain\terrain_tornadopath_gloss.tga]
Running Texture Compiler...
Processed: 1
1 texture(s) processed!

[textures\terrain\terrain_tornadopath_nm.tga]
Running Texture Compiler...
Processed: 1
1 texture(s) processed!

[textures\terrain\terrain_tornadopath_spec.tga]
Running Texture Compiler...
Processed: 1
1 texture(s) processed!

[textures\terrain\testwaterbh.tga]
Running Texture Compiler...
Processed: 1
1 texture(s) processed!

[textures\terrain\testwaterbh_gloss.tga]
Running Texture Compiler...
Processed: 1
1 texture(s) processed!

[textures\terrain\testwaterbh_nm.tga]
Running Texture Compiler...
Processed: 1
1 texture(s) processed!

[textures\terrain\testwaterbh_spec.tga]
Running Texture Compiler...
Processed: 1
1 texture(s) processed!

[textures\terrain\tundragrassa.tga]
Running Texture Compiler...
Processed: 1
1 texture(s) processed!

[textures\terrain\tundragrassa_gloss.tga]
Running Texture Compiler...
Processed: 1
1 texture(s) processed!

[textures\terrain\tundragrassa_nm.tga]
Running Texture Compiler...
Processed: 1
1 texture(s) processed!

[textures\terrain\tundragrassa_spec.tga]
Running Texture Compiler...
Processed: 1
1 texture(s) processed!

[textures\terrain\tundragrassb.tga]
Running Texture Compiler...
Processed: 1
1 texture(s) processed!

[textures\terrain\tundragrassb_gloss.tga]
Running Texture Compiler...
Processed: 1
1 texture(s) processed!

[textures\terrain\tundragrassb_nm.tga]
Running Texture Compiler...
Processed: 1
1 texture(s) processed!

[textures\terrain\tundragrassb_spec.tga]
Running Texture Compiler...
Processed: 1
1 texture(s) processed!

[textures\terrain\tundraroada.tga]
Running Texture Compiler...
Processed: 1
1 texture(s) processed!

[textures\terrain\tundrarocka.tga]
Running Texture Compiler...
Processed: 1
1 texture(s) processed!

[textures\terrain\tundrarocka_gloss.tga]
Running Texture Compiler...
Processed: 1
1 texture(s) processed!

[textures\terrain\tundrarocka_nm.tga]
Running Texture Compiler...
Processed: 1
1 texture(s) processed!

[textures\terrain\tundrarocka_spec.tga]
Running Texture Compiler...
Processed: 1
1 texture(s) processed!

[textures\terrain\tundrarockb.tga]
Running Texture Compiler...
Processed: 1
1 texture(s) processed!

[textures\terrain\tundrarockb_gloss.tga]
Running Texture Compiler...
Processed: 1
1 texture(s) processed!

[textures\terrain\tundrarockb_nm.tga]
Running Texture Compiler...
Processed: 1
1 texture(s) processed!

[textures\terrain\tundrarockb_spec.tga]
Running Texture Compiler...
Processed: 1
1 texture(s) processed!

[textures\terrain\underwatericea.tga]
Running Texture Compiler...
Processed: 1
1 texture(s) processed!

[textures\terrain\underwatericea_gloss.tga]
Running Texture Compiler...
Processed: 1
1 texture(s) processed!

[textures\terrain\underwatericea_nm.tga]
Running Texture Compiler...
Processed: 1
1 texture(s) processed!

[textures\terrain\underwatericea_spec.tga]
Running Texture Compiler...
Processed: 1
1 texture(s) processed!

[textures\terrain\underwatericeb.tga]
Running Texture Compiler...
Processed: 1
1 texture(s) processed!

[textures\terrain\underwatericeb_gloss.tga]
Running Texture Compiler...
Processed: 1
1 texture(s) processed!

[textures\terrain\underwatericeb_nm.tga]
Running Texture Compiler...
Processed: 1
1 texture(s) processed!

[textures\terrain\underwatericeb_spec.tga]
Running Texture Compiler...
Processed: 1
1 texture(s) processed!

[textures\terrain\underwatericec.tga]
Running Texture Compiler...
Processed: 1
1 texture(s) processed!

[textures\terrain\underwatericec_gloss.tga]
Running Texture Compiler...
Processed: 1
1 texture(s) processed!

[textures\terrain\underwatericec_nm.tga]
Running Texture Compiler...
Processed: 1
1 texture(s) processed!

[textures\terrain\underwatericec_spec.tga]
Running Texture Compiler...
Processed: 1
1 texture(s) processed!

[textures\terrain\underwaterrocka.tga]
Running Texture Compiler...
Processed: 1
1 texture(s) processed!

[textures\terrain\underwaterrocka_gloss.tga]
Running Texture Compiler...
Processed: 1
1 texture(s) processed!

[textures\terrain\underwaterrocka_nm.tga]
Running Texture Compiler...
Processed: 1
1 texture(s) processed!

[textures\terrain\underwaterrocka_spec.tga]
Running Texture Compiler...
Processed: 1
1 texture(s) processed!

[textures\terrain\underwaterrockb.tga]
Running Texture Compiler...
Processed: 1
1 texture(s) processed!

[textures\terrain\underwaterrockb_gloss.tga]
Running Texture Compiler...
Processed: 1
1 texture(s) processed!

[textures\terrain\underwaterrockb_nm.tga]
Running Texture Compiler...
Processed: 1
1 texture(s) processed!

[textures\terrain\underwaterrockb_spec.tga]
Running Texture Compiler...
Processed: 1
1 texture(s) processed!

[textures\terrain\underwaterrockc.tga]
Running Texture Compiler...
Processed: 1
1 texture(s) processed!

[textures\terrain\underwaterrockc_gloss.tga]
Running Texture Compiler...
Processed: 1
1 texture(s) processed!

[textures\terrain\underwaterrockc_nm.tga]
Running Texture Compiler...
Processed: 1
1 texture(s) processed!

[textures\terrain\underwaterrockc_spec.tga]
Running Texture Compiler...
Processed: 1
1 texture(s) processed!

[textures\terrain\underwaterrockd.tga]
Running Texture Compiler...
Processed: 1
1 texture(s) processed!

[textures\terrain\underwaterrockd_gloss.tga]
Running Texture Compiler...
Processed: 1
1 texture(s) processed!

[textures\terrain\underwaterrockd_nm.tga]
Running Texture Compiler...
Processed: 1
1 texture(s) processed!

[textures\terrain\underwaterrockd_spec.tga]
Running Texture Compiler...
Processed: 1
1 texture(s) processed!

[textures\terrain\underwaterrocke.tga]
Running Texture Compiler...
Processed: 1
1 texture(s) processed!

[textures\terrain\underwaterrocke_gloss.tga]
Running Texture Compiler...
Processed: 1
1 texture(s) processed!

[textures\terrain\underwaterrocke_nm.tga]
Running Texture Compiler...
Processed: 1
1 texture(s) processed!

[textures\terrain\underwaterrocke_spec.tga]
Running Texture Compiler...
Processed: 1
1 texture(s) processed!

[textures\terrain\underwaterrockf.tga]
Running Texture Compiler...
Processed: 1
1 texture(s) processed!

[textures\terrain\underwaterrockf_gloss.tga]
Running Texture Compiler...
Processed: 1
1 texture(s) processed!

[textures\terrain\underwaterrockf_nm.tga]
Running Texture Compiler...
Processed: 1
1 texture(s) processed!

[textures\terrain\underwaterrockf_spec.tga]
Running Texture Compiler...
Processed: 1
1 texture(s) processed!

[textures\terrain\waterbump.tga]
Running Texture Compiler...
Processed: 1
1 texture(s) processed!

[textures\terrain\waterbump0000.tga]
Running Texture Compiler...
Processed: 1
1 texture(s) processed!

[textures\terrain\waterfoam.tga]
Running Texture Compiler...
Processed: 1
1 texture(s) processed!

[textures\terrain_e_waterreeds_mapa.tga]
Running Texture Compiler...
Processed: 1
1 texture(s) processed!

[textures\terrain_e_waterreeds_mapb.tga]
Running Texture Compiler...
Processed: 1
1 texture(s) processed!

[textures\terrain_e_waterreeds_mapc.tga]
Running Texture Compiler...
Processed: 1
1 texture(s) processed!

[textures\terrain_largewave_a.tga]
Running Texture Compiler...
Processed: 1
1 texture(s) processed!

[textures\terrain_largewave_b.tga]
Running Texture Compiler...
Processed: 1
1 texture(s) processed!

[textures\terrain_rock_wetsand.tga]
Running Texture Compiler...
Processed: 1
1 texture(s) processed!

[textures\terrain_smallwave_a.tga]
Running Texture Compiler...
Processed: 1
1 texture(s) processed!

[textures\terrain_smallwave_b.tga]
Running Texture Compiler...
Processed: 1
1 texture(s) processed!

[textures\test flags.tga]
Running Texture Compiler...
Processed: 1
1 texture(s) processed!

[textures\theocrat map.tga]
Running Texture Compiler...
Processed: 1
1 texture(s) processed!

[textures\timeshift sparkle.tga]
Running Texture Compiler...
Processed: 1
1 texture(s) processed!

[textures\timeshift up.tga]
Running Texture Compiler...
Processed: 1
1 texture(s) processed!

[textures\titan c pangu.tga]
Running Texture Compiler...
Processed: 1
1 texture(s) processed!

[textures\titan e ra map.tga]
Running Texture Compiler...
Processed: 1
1 texture(s) processed!

[textures\titan e ra pads map.tga]
Running Texture Compiler...
Processed: 1
1 texture(s) processed!

[textures\titan e ra skirt map.tga]
Running Texture Compiler...
Processed: 1
1 texture(s) processed!

[textures\titan g cerebus map1.tga]
Running Texture Compiler...
Processed: 1
1 texture(s) processed!

[textures\titan g cerebus map2.tga]
Running Texture Compiler...
Processed: 1
1 texture(s) processed!

[textures\titan n troll hammer map.tga]
Running Texture Compiler...
Processed: 1
1 texture(s) processed!

[textures\titan n troll map1.tga]
Running Texture Compiler...
Processed: 1
1 texture(s) processed!

[textures\titan n troll map2.tga]
Running Texture Compiler...
Processed: 1
1 texture(s) processed!

[textures\titan x gaia.tga]
Running Texture Compiler...
Processed: 1
1 texture(s) processed!

[textures\titan x golem map1.tga]
Running Texture Compiler...
Processed: 1
1 texture(s) processed!

[textures\titan x golem map2.tga]
Running Texture Compiler...
Processed: 1
1 texture(s) processed!

[textures\titan x kronos.tga]
Running Texture Compiler...
Processed: 1
1 texture(s) processed!

[textures\titan x promethean 1.tga]
Running Texture Compiler...
Processed: 1
1 texture(s) processed!

[textures\titan x promethean 2.tga]
Running Texture Compiler...
Processed: 1
1 texture(s) processed!

[textures\titlebar.tga]
Running Texture Compiler...
Processed: 1
1 texture(s) processed!

[textures\tool hammer map.tga]
Running Texture Compiler...
Processed: 1
1 texture(s) processed!

[textures\tower icon 32x32.tga]
Running Texture Compiler...
Processed: 1
1 texture(s) processed!

[textures\toxotemap.tga]
Running Texture Compiler...
Processed: 1
1 texture(s) processed!

[textures\trade c caravan cargo.tga]
Running Texture Compiler...
Processed: 1
1 texture(s) processed!

[textures\trade c caravan.tga]
Running Texture Compiler...
Processed: 1
1 texture(s) processed!

[textures\trade e caravan basket.tga]
Running Texture Compiler...
Processed: 1
1 texture(s) processed!

[textures\trade e caravan camel.tga]
Running Texture Compiler...
Processed: 1
1 texture(s) processed!

[textures\trade e caravan cargo.tga]
Running Texture Compiler...
Processed: 1
1 texture(s) processed!

[textures\trade e caravan corpse bodya.tga]
Running Texture Compiler...
Processed: 1
1 texture(s) processed!

[textures\trade e caravan corpse skeletona.tga]
Running Texture Compiler...
Processed: 1
1 texture(s) processed!

[textures\trade g caravan cargo.tga]
Running Texture Compiler...
Processed: 1
1 texture(s) processed!

[textures\trade g caravan corpse bodya.tga]
Running Texture Compiler...
Processed: 1
1 texture(s) processed!

[textures\trade g caravan corpse skeletona.tga]
Running Texture Compiler...
Processed: 1
1 texture(s) processed!

[textures\trade g caravan donkey.tga]
Running Texture Compiler...
Processed: 1
1 texture(s) processed!

[textures\trade n caravan cargo.tga]
Running Texture Compiler...
Processed: 1
1 texture(s) processed!

[textures\trade n caravan corpse bodya.tga]
Running Texture Compiler...
Processed: 1
1 texture(s) processed!

[textures\trade n caravan corpse skeletona.tga]
Running Texture Compiler...
Processed: 1
1 texture(s) processed!

[textures\trade n caravan ox.tga]
Running Texture Compiler...
Processed: 1
1 texture(s) processed!

[textures\trade x caravan cargo.tga]
Running Texture Compiler...
Processed: 1
1 texture(s) processed!

[textures\trade x caravan.tga]
Running Texture Compiler...
Processed: 1
1 texture(s) processed!

[textures\trash weapon.tga]
Running Texture Compiler...
Processed: 1
1 texture(s) processed!

[textures\trash.tga]
Running Texture Compiler...
Processed: 1
1 texture(s) processed!

[textures\twitch-pause.tga]
Running Texture Compiler...
Processed: 1
1 texture(s) processed!

[textures\twitch-record.tga]
Running Texture Compiler...
Processed: 1
1 texture(s) processed!

[textures\ui garrison pips.tga]
Running Texture Compiler...
Processed: 1
1 texture(s) processed!

[textures\ui hitpoint bars.tga]
Running Texture Compiler...
Processed: 1
1 texture(s) processed!

[textures\ui range indicator atlantean.tga]
Running Texture Compiler...
Processed: 1
1 texture(s) processed!

[textures\ui range indicator chinese.tga]
Running Texture Compiler...
Processed: 1
1 texture(s) processed!

[textures\ui range indicator egypt.tga]
Running Texture Compiler...
Processed: 1
1 texture(s) processed!

[textures\ui range indicator greek.tga]
Running Texture Compiler...
Processed: 1
1 texture(s) processed!

[textures\ui range indicator norse.tga]
Running Texture Compiler...
Processed: 1
1 texture(s) processed!

[textures\ui range indicator.tga]
Running Texture Compiler...
Processed: 1
1 texture(s) processed!

[textures\ui\aegean sea 32.tga]
Running Texture Compiler...
Processed: 1
1 texture(s) processed!

[textures\ui\aegean sea 64.tga]
Running Texture Compiler...
Processed: 1
1 texture(s) processed!

[textures\ui\aegean.tga]
Running Texture Compiler...
Processed: 1
1 texture(s) processed!

[textures\ui\aom_badgesbg.tga]
Running Texture Compiler...
Processed: 1
1 texture(s) processed!

[textures\ui\background chinese fade blue.tga]
Running Texture Compiler...
Processed: 1
1 texture(s) processed!

[textures\ui\background chinese fade red.tga]
Running Texture Compiler...
Processed: 1
1 texture(s) processed!

[textures\ui\background chinese fade yellow.tga]
Running Texture Compiler...
Processed: 1
1 texture(s) processed!

[textures\ui\background chinese opaque dark.tga]
Running Texture Compiler...
Processed: 1
1 texture(s) processed!

[textures\ui\background chinese opaque.tga]
Running Texture Compiler...
Processed: 1
1 texture(s) processed!

[textures\ui\background chinese transparent.tga]
Running Texture Compiler...
Processed: 1
1 texture(s) processed!

[textures\ui\background egypt fade blue.tga]
Running Texture Compiler...
Processed: 1
1 texture(s) processed!

[textures\ui\background egypt fade red.tga]
Running Texture Compiler...
Processed: 1
1 texture(s) processed!

[textures\ui\background egypt fade yellow.tga]
Running Texture Compiler...
Processed: 1
1 texture(s) processed!

[textures\ui\background egypt opaque dark.tga]
Running Texture Compiler...
Processed: 1
1 texture(s) processed!

[textures\ui\background egypt opaque.tga]
Running Texture Compiler...
Processed: 1
1 texture(s) processed!

[textures\ui\background egypt transparent.tga]
Running Texture Compiler...
Processed: 1
1 texture(s) processed!

[textures\ui\background fade blue.tga]
Running Texture Compiler...
Processed: 1
1 texture(s) processed!

[textures\ui\background fade green.tga]
Running Texture Compiler...
Processed: 1
1 texture(s) processed!

[textures\ui\background fade red.tga]
Running Texture Compiler...
Processed: 1
1 texture(s) processed!

[textures\ui\background fade yellow.tga]
Running Texture Compiler...
Processed: 1
1 texture(s) processed!

[textures\ui\background greek fade blue.tga]
Running Texture Compiler...
Processed: 1
1 texture(s) processed!

[textures\ui\background greek fade red.tga]
Running Texture Compiler...
Processed: 1
1 texture(s) processed!

[textures\ui\background greek fade yellow.tga]
Running Texture Compiler...
Processed: 1
1 texture(s) processed!

[textures\ui\background greek opaque dark.tga]
Running Texture Compiler...
Processed: 1
1 texture(s) processed!

[textures\ui\background greek opaque.tga]
Running Texture Compiler...
Processed: 1
1 texture(s) processed!

[textures\ui\background greek transparent.tga]
Running Texture Compiler...
Processed: 1
1 texture(s) processed!

[textures\ui\background norse fade blue.tga]
Running Texture Compiler...
Processed: 1
1 texture(s) processed!

[textures\ui\background norse fade red.tga]
Running Texture Compiler...
Processed: 1
1 texture(s) processed!

[textures\ui\background norse fade yellow.tga]
Running Texture Compiler...
Processed: 1
1 texture(s) processed!

[textures\ui\background norse opaque dark.tga]
Running Texture Compiler...
Processed: 1
1 texture(s) processed!

[textures\ui\background norse opaque.tga]
Running Texture Compiler...
Processed: 1
1 texture(s) processed!

[textures\ui\background norse transparent.tga]
Running Texture Compiler...
Processed: 1
1 texture(s) processed!

[textures\ui\background red transparent.tga]
Running Texture Compiler...
Processed: 1
1 texture(s) processed!

[textures\ui\badfps.tga]
Running Texture Compiler...
Processed: 1
1 texture(s) processed!

[textures\ui\badgebackground.tga]
Running Texture Compiler...
Processed: 1
1 texture(s) processed!

[textures\ui\badgeeventbronze.tga]
Running Texture Compiler...
Processed: 1
1 texture(s) processed!

[textures\ui\badgeeventgold.tga]
Running Texture Compiler...
Processed: 1
1 texture(s) processed!

[textures\ui\badgeeventsilver.tga]
Running Texture Compiler...
Processed: 1
1 texture(s) processed!

[textures\ui\badgeleaguebronze.tga]
Running Texture Compiler...
Processed: 1
1 texture(s) processed!

[textures\ui\badgeleaguegold.tga]
Running Texture Compiler...
Processed: 1
1 texture(s) processed!

[textures\ui\badgeleaguesilver.tga]
Running Texture Compiler...
Processed: 1
1 texture(s) processed!

[textures\ui\badgeparticipationbronze.tga]
Running Texture Compiler...
Processed: 1
1 texture(s) processed!

[textures\ui\badgeparticipationgold.tga]
Running Texture Compiler...
Processed: 1
1 texture(s) processed!

[textures\ui\badgeparticipationsilver.tga]
Running Texture Compiler...
Processed: 1
1 texture(s) processed!

[textures\ui\bamboo forest 64.tga]
Running Texture Compiler...
Processed: 1
1 texture(s) processed!

[textures\ui\bamboo marsh forest 64.tga]
Running Texture Compiler...
Processed: 1
1 texture(s) processed!

[textures\ui\black2x2.tga]
Running Texture Compiler...
Processed: 1
1 texture(s) processed!

[textures\ui\blue transparency 30percent.tga]
Running Texture Compiler...
Processed: 1
1 texture(s) processed!

[textures\ui\blue transparency 50percent.tga]
Running Texture Compiler...
Processed: 1
1 texture(s) processed!

[textures\ui\blue transparency 70percent.tga]
Running Texture Compiler...
Processed: 1
1 texture(s) processed!

[textures\ui\blue.tga]
Running Texture Compiler...
Processed: 1
1 texture(s) processed!

[textures\ui\boarder egypt bottom left corner.tga]
Running Texture Compiler...
Processed: 1
1 texture(s) processed!

[textures\ui\boarder egypt bottom middle.tga]
Running Texture Compiler...
Processed: 1
1 texture(s) processed!

[textures\ui\boarder egypt bottom right corner.tga]
Running Texture Compiler...
Processed: 1
1 texture(s) processed!

[textures\ui\boarder egypt middle left.tga]
Running Texture Compiler...
Processed: 1
1 texture(s) processed!

[textures\ui\boarder egypt middle right.tga]
Running Texture Compiler...
Processed: 1
1 texture(s) processed!

[textures\ui\boarder egypt top left corner.tga]
Running Texture Compiler...
Processed: 1
1 texture(s) processed!

[textures\ui\boarder egypt top middle.tga]
Running Texture Compiler...
Processed: 1
1 texture(s) processed!

[textures\ui\boarder egypt top right corner.tga]
Running Texture Compiler...
Processed: 1
1 texture(s) processed!

[textures\ui\boarder greek bottom left corner.tga]
Running Texture Compiler...
Processed: 1
1 texture(s) processed!

[textures\ui\boarder greek bottom middle.tga]
Running Texture Compiler...
Processed: 1
1 texture(s) processed!

[textures\ui\boarder greek bottom right corner.tga]
Running Texture Compiler...
Processed: 1
1 texture(s) processed!

[textures\ui\boarder greek middle left.tga]
Running Texture Compiler...
Processed: 1
1 texture(s) processed!

[textures\ui\boarder greek middle right.tga]
Running Texture Compiler...
Processed: 1
1 texture(s) processed!

[textures\ui\boarder greek top left corner.tga]
Running Texture Compiler...
Processed: 1
1 texture(s) processed!

[textures\ui\boarder greek top middle.tga]
Running Texture Compiler...
Processed: 1
1 texture(s) processed!

[textures\ui\boarder greek top right corner.tga]
Running Texture Compiler...
Processed: 1
1 texture(s) processed!

[textures\ui\boarder norse bottom left corner.tga]
Running Texture Compiler...
Processed: 1
1 texture(s) processed!

[textures\ui\boarder norse bottom middle.tga]
Running Texture Compiler...
Processed: 1
1 texture(s) processed!

[textures\ui\boarder norse bottom right corner.tga]
Running Texture Compiler...
Processed: 1
1 texture(s) processed!

[textures\ui\boarder norse middle left.tga]
Running Texture Compiler...
Processed: 1
1 texture(s) processed!

[textures\ui\boarder norse middle right.tga]
Running Texture Compiler...
Processed: 1
1 texture(s) processed!

[textures\ui\boarder norse top left corner.tga]
Running Texture Compiler...
Processed: 1
1 texture(s) processed!

[textures\ui\boarder norse top middle.tga]
Running Texture Compiler...
Processed: 1
1 texture(s) processed!

[textures\ui\boarder norse top right corner.tga]
Running Texture Compiler...
Processed: 1
1 texture(s) processed!

[textures\ui\bonusarea.tga]
Running Texture Compiler...
Processed: 1
1 texture(s) processed!

[textures\ui\br\campmap_atlantis6.tga]
Running Texture Compiler...
Processed: 1
1 texture(s) processed!

[textures\ui\br\campmap_atlantis7.tga]
Running Texture Compiler...
Processed: 1
1 texture(s) processed!

[textures\ui\br\campmap_china7.tga]
Running Texture Compiler...
Processed: 1
1 texture(s) processed!

[textures\ui\br\campmap_egypt7.tga]
Running Texture Compiler...
Processed: 1
1 texture(s) processed!

[textures\ui\br\campmap_greece7.tga]
Running Texture Compiler...
Processed: 1
1 texture(s) processed!

[textures\ui\br\campmap_new_atlantis6.tga]
Running Texture Compiler...
Processed: 1
1 texture(s) processed!

[textures\ui\br\campmap_new_atlantis7.tga]
Running Texture Compiler...
Processed: 1
1 texture(s) processed!

[textures\ui\br\campmap_norselands3.tga]
Running Texture Compiler...
Processed: 1
1 texture(s) processed!

[textures\ui\br\campmap_norselands4.tga]
Running Texture Compiler...
Processed: 1
1 texture(s) processed!

[textures\ui\button close clicked.tga]
Running Texture Compiler...
Processed: 1
1 texture(s) processed!

[textures\ui\button close rollover.tga]
Running Texture Compiler...
Processed: 1
1 texture(s) processed!

[textures\ui\button close.tga]
Running Texture Compiler...
Processed: 1
1 texture(s) processed!

[textures\ui\button kick clicked.tga]
Running Texture Compiler...
Processed: 1
1 texture(s) processed!

[textures\ui\button kick rollover.tga]
Running Texture Compiler...
Processed: 1
1 texture(s) processed!

[textures\ui\button kick.tga]
Running Texture Compiler...
Processed: 1
1 texture(s) processed!

[textures\ui\button main.tga]
Running Texture Compiler...
Processed: 1
1 texture(s) processed!

[textures\ui\button main_clicked.tga]
Running Texture Compiler...
Processed: 1
1 texture(s) processed!

[textures\ui\button main_rollover.tga]
Running Texture Compiler...
Processed: 1
1 texture(s) processed!

[textures\ui\buysellbackground.tga]
Running Texture Compiler...
Processed: 1
1 texture(s) processed!

[textures\ui\campmap_atlantis1.tga]
Running Texture Compiler...
Processed: 1
1 texture(s) processed!

[textures\ui\campmap_atlantis10.tga]
Running Texture Compiler...
Processed: 1
1 texture(s) processed!

[textures\ui\campmap_atlantis11.tga]
Running Texture Compiler...
Processed: 1
1 texture(s) processed!

[textures\ui\campmap_atlantis12.tga]
Running Texture Compiler...
Processed: 1
1 texture(s) processed!

[textures\ui\campmap_atlantis2.tga]
Running Texture Compiler...
Processed: 1
1 texture(s) processed!

[textures\ui\campmap_atlantis3.tga]
Running Texture Compiler...
Processed: 1
1 texture(s) processed!

[textures\ui\campmap_atlantis4.tga]
Running Texture Compiler...
Processed: 1
1 texture(s) processed!

[textures\ui\campmap_atlantis5.tga]
Running Texture Compiler...
Processed: 1
1 texture(s) processed!

[textures\ui\campmap_atlantis6.tga]
Running Texture Compiler...
Processed: 1
1 texture(s) processed!

[textures\ui\campmap_atlantis7.tga]
Running Texture Compiler...
Processed: 1
1 texture(s) processed!

[textures\ui\campmap_atlantis8.tga]
Running Texture Compiler...
Processed: 1
1 texture(s) processed!

[textures\ui\campmap_atlantis9.tga]
Running Texture Compiler...
Processed: 1
1 texture(s) processed!

[textures\ui\campmap_b_atlantis6.tga]
Running Texture Compiler...
Processed: 1
1 texture(s) processed!

[textures\ui\campmap_b_atlantis7.tga]
Running Texture Compiler...
Processed: 1
1 texture(s) processed!

[textures\ui\campmap_b_egypt7.tga]
Running Texture Compiler...
Processed: 1
1 texture(s) processed!

[textures\ui\campmap_b_greece7.tga]
Running Texture Compiler...
Processed: 1
1 texture(s) processed!

[textures\ui\campmap_b_greece8.tga]
Running Texture Compiler...
Processed: 1
1 texture(s) processed!

[textures\ui\campmap_b_new_atlantis6.tga]
Running Texture Compiler...
Processed: 1
1 texture(s) processed!

[textures\ui\campmap_b_new_atlantis7.tga]
Running Texture Compiler...
Processed: 1
1 texture(s) processed!

[textures\ui\campmap_b_norselands3.tga]
Running Texture Compiler...
Processed: 1
1 texture(s) processed!

[textures\ui\campmap_b_norselands4.tga]
Running Texture Compiler...
Processed: 1
1 texture(s) processed!

[textures\ui\campmap_c_atlantis6.tga]
Running Texture Compiler...
Processed: 1
1 texture(s) processed!

[textures\ui\campmap_c_atlantis7.tga]
Running Texture Compiler...
Processed: 1
1 texture(s) processed!

[textures\ui\campmap_c_egypt7.tga]
Running Texture Compiler...
Processed: 1
1 texture(s) processed!

[textures\ui\campmap_c_greece7.tga]
Running Texture Compiler...
Processed: 1
1 texture(s) processed!

[textures\ui\campmap_c_greece8.tga]
Running Texture Compiler...
Processed: 1
1 texture(s) processed!

[textures\ui\campmap_c_new_atlantis6.tga]
Running Texture Compiler...
Processed: 1
1 texture(s) processed!

[textures\ui\campmap_c_new_atlantis7.tga]
Running Texture Compiler...
Processed: 1
1 texture(s) processed!

[textures\ui\campmap_c_norselands3.tga]
Running Texture Compiler...
Processed: 1
1 texture(s) processed!

[textures\ui\campmap_c_norselands4.tga]
Running Texture Compiler...
Processed: 1
1 texture(s) processed!

[textures\ui\campmap_china1.tga]
Running Texture Compiler...
Processed: 1
1 texture(s) processed!

[textures\ui\campmap_china10.tga]
Running Texture Compiler...
Processed: 1
1 texture(s) processed!

[textures\ui\campmap_china11.tga]
Running Texture Compiler...
Processed: 1
1 texture(s) processed!

[textures\ui\campmap_china12.tga]
Running Texture Compiler...
Processed: 1
1 texture(s) processed!

[textures\ui\campmap_china2.tga]
Running Texture Compiler...
Processed: 1
1 texture(s) processed!

[textures\ui\campmap_china3.tga]
Running Texture Compiler...
Processed: 1
1 texture(s) processed!

[textures\ui\campmap_china4.tga]
Running Texture Compiler...
Processed: 1
1 texture(s) processed!

[textures\ui\campmap_china5.tga]
Running Texture Compiler...
Processed: 1
1 texture(s) processed!

[textures\ui\campmap_china6.tga]
Running Texture Compiler...
Processed: 1
1 texture(s) processed!

[textures\ui\campmap_china7.tga]
Running Texture Compiler...
Processed: 1
1 texture(s) processed!

[textures\ui\campmap_china8.tga]
Running Texture Compiler...
Processed: 1
1 texture(s) processed!

[textures\ui\campmap_china9.tga]
Running Texture Compiler...
Processed: 1
1 texture(s) processed!

[textures\ui\campmap_egypt1.tga]
Running Texture Compiler...
Processed: 1
1 texture(s) processed!

[textures\ui\campmap_egypt10.tga]
Running Texture Compiler...
Processed: 1
1 texture(s) processed!

[textures\ui\campmap_egypt11.tga]
Running Texture Compiler...
Processed: 1
1 texture(s) processed!

[textures\ui\campmap_egypt12.tga]
Running Texture Compiler...
Processed: 1
1 texture(s) processed!

[textures\ui\campmap_egypt2.tga]
Running Texture Compiler...
Processed: 1
1 texture(s) processed!

[textures\ui\campmap_egypt3.tga]
Running Texture Compiler...
Processed: 1
1 texture(s) processed!

[textures\ui\campmap_egypt4.tga]
Running Texture Compiler...
Processed: 1
1 texture(s) processed!

[textures\ui\campmap_egypt5.tga]
Running Texture Compiler...
Processed: 1
1 texture(s) processed!

[textures\ui\campmap_egypt6.tga]
Running Texture Compiler...
Processed: 1
1 texture(s) processed!

[textures\ui\campmap_egypt7.tga]
Running Texture Compiler...
Processed: 1
1 texture(s) processed!

[textures\ui\campmap_egypt8.tga]
Running Texture Compiler...
Processed: 1
1 texture(s) processed!

[textures\ui\campmap_egypt9.tga]
Running Texture Compiler...
Processed: 1
1 texture(s) processed!

[textures\ui\campmap_f_atlantis6.tga]
Running Texture Compiler...
Processed: 1
1 texture(s) processed!

[textures\ui\campmap_f_atlantis7.tga]
Running Texture Compiler...
Processed: 1
1 texture(s) processed!

[textures\ui\campmap_f_egypt7.tga]
Running Texture Compiler...
Processed: 1
1 texture(s) processed!

[textures\ui\campmap_f_greece7.tga]
Running Texture Compiler...
Processed: 1
1 texture(s) processed!

[textures\ui\campmap_f_greece8.tga]
Running Texture Compiler...
Processed: 1
1 texture(s) processed!

[textures\ui\campmap_f_new_atlantis6.tga]
Running Texture Compiler...
Processed: 1
1 texture(s) processed!

[textures\ui\campmap_f_new_atlantis7.tga]
Running Texture Compiler...
Processed: 1
1 texture(s) processed!

[textures\ui\campmap_f_norselands3.tga]
Running Texture Compiler...
Processed: 1
1 texture(s) processed!

[textures\ui\campmap_f_norselands4.tga]
Running Texture Compiler...
Processed: 1
1 texture(s) processed!

[textures\ui\campmap_g_atlantis6.tga]
Running Texture Compiler...
Processed: 1
1 texture(s) processed!

[textures\ui\campmap_g_atlantis7.tga]
Running Texture Compiler...
Processed: 1
1 texture(s) processed!

[textures\ui\campmap_g_egypt7.tga]
Running Texture Compiler...
Processed: 1
1 texture(s) processed!

[textures\ui\campmap_g_greece7.tga]
Running Texture Compiler...
Processed: 1
1 texture(s) processed!

[textures\ui\campmap_g_greece8.tga]
Running Texture Compiler...
Processed: 1
1 texture(s) processed!

[textures\ui\campmap_g_new_atlantis6.tga]
Running Texture Compiler...
Processed: 1
1 texture(s) processed!

[textures\ui\campmap_g_new_atlantis7.tga]
Running Texture Compiler...
Processed: 1
1 texture(s) processed!

[textures\ui\campmap_g_norselands3.tga]
Running Texture Compiler...
Processed: 1
1 texture(s) processed!

[textures\ui\campmap_g_norselands4.tga]
Running Texture Compiler...
Processed: 1
1 texture(s) processed!

[textures\ui\campmap_greece1.tga]
Running Texture Compiler...
Processed: 1
1 texture(s) processed!

[textures\ui\campmap_greece10.tga]
Running Texture Compiler...
Processed: 1
1 texture(s) processed!

[textures\ui\campmap_greece11.tga]
Running Texture Compiler...
Processed: 1
1 texture(s) processed!

[textures\ui\campmap_greece12.tga]
Running Texture Compiler...
Processed: 1
1 texture(s) processed!

[textures\ui\campmap_greece2.tga]
Running Texture Compiler...
Processed: 1
1 texture(s) processed!

[textures\ui\campmap_greece3.tga]
Running Texture Compiler...
Processed: 1
1 texture(s) processed!

[textures\ui\campmap_greece4.tga]
Running Texture Compiler...
Processed: 1
1 texture(s) processed!

[textures\ui\campmap_greece5.tga]
Running Texture Compiler...
Processed: 1
1 texture(s) processed!

[textures\ui\campmap_greece6.tga]
Running Texture Compiler...
Processed: 1
1 texture(s) processed!

[textures\ui\campmap_greece7.tga]
Running Texture Compiler...
Processed: 1
1 texture(s) processed!

[textures\ui\campmap_greece8.tga]
Running Texture Compiler...
Processed: 1
1 texture(s) processed!

[textures\ui\campmap_greece9.tga]
Running Texture Compiler...
Processed: 1
1 texture(s) processed!

[textures\ui\campmap_i_atlantis6.tga]
Running Texture Compiler...
Processed: 1
1 texture(s) processed!

[textures\ui\campmap_i_atlantis7.tga]
Running Texture Compiler...
Processed: 1
1 texture(s) processed!

[textures\ui\campmap_i_egypt7.tga]
Running Texture Compiler...
Processed: 1
1 texture(s) processed!

[textures\ui\campmap_i_greece7.tga]
Running Texture Compiler...
Processed: 1
1 texture(s) processed!

[textures\ui\campmap_i_greece8.tga]
Running Texture Compiler...
Processed: 1
1 texture(s) processed!

[textures\ui\campmap_i_new_atlantis6.tga]
Running Texture Compiler...
Processed: 1
1 texture(s) processed!

[textures\ui\campmap_i_new_atlantis7.tga]
Running Texture Compiler...
Processed: 1
1 texture(s) processed!

[textures\ui\campmap_i_norselands3.tga]
Running Texture Compiler...
Processed: 1
1 texture(s) processed!

[textures\ui\campmap_i_norselands4.tga]
Running Texture Compiler...
Processed: 1
1 texture(s) processed!

[textures\ui\campmap_k_atlantis6.tga]
Running Texture Compiler...
Processed: 1
1 texture(s) processed!

[textures\ui\campmap_k_atlantis7.tga]
Running Texture Compiler...
Processed: 1
1 texture(s) processed!

[textures\ui\campmap_k_egypt7.tga]
Running Texture Compiler...
Processed: 1
1 texture(s) processed!

[textures\ui\campmap_k_greece7.tga]
Running Texture Compiler...
Processed: 1
1 texture(s) processed!

[textures\ui\campmap_k_greece8.tga]
Running Texture Compiler...
Processed: 1
1 texture(s) processed!

[textures\ui\campmap_k_new_atlantis6.tga]
Running Texture Compiler...
Processed: 1
1 texture(s) processed!

[textures\ui\campmap_k_new_atlantis7.tga]
Running Texture Compiler...
Processed: 1
1 texture(s) processed!

[textures\ui\campmap_k_norselands3.tga]
Running Texture Compiler...
Processed: 1
1 texture(s) processed!

[textures\ui\campmap_k_norselands4.tga]
Running Texture Compiler...
Processed: 1
1 texture(s) processed!

[textures\ui\campmap_new_atlantis1.tga]
Running Texture Compiler...
Processed: 1
1 texture(s) processed!

[textures\ui\campmap_new_atlantis10.tga]
Running Texture Compiler...
Processed: 1
1 texture(s) processed!

[textures\ui\campmap_new_atlantis11.tga]
Running Texture Compiler...
Processed: 1
1 texture(s) processed!

[textures\ui\campmap_new_atlantis12.tga]
Running Texture Compiler...
Processed: 1
1 texture(s) processed!

[textures\ui\campmap_new_atlantis2.tga]
Running Texture Compiler...
Processed: 1
1 texture(s) processed!

[textures\ui\campmap_new_atlantis3.tga]
Running Texture Compiler...
Processed: 1
1 texture(s) processed!

[textures\ui\campmap_new_atlantis4.tga]
Running Texture Compiler...
Processed: 1
1 texture(s) processed!

[textures\ui\campmap_new_atlantis5.tga]
Running Texture Compiler...
Processed: 1
1 texture(s) processed!

[textures\ui\campmap_new_atlantis6.tga]
Running Texture Compiler...
Processed: 1
1 texture(s) processed!

[textures\ui\campmap_new_atlantis7.tga]
Running Texture Compiler...
Processed: 1
1 texture(s) processed!

[textures\ui\campmap_new_atlantis8.tga]
Running Texture Compiler...
Processed: 1
1 texture(s) processed!

[textures\ui\campmap_new_atlantis9.tga]
Running Texture Compiler...
Processed: 1
1 texture(s) processed!

[textures\ui\campmap_norselands1.tga]
Running Texture Compiler...
Processed: 1
1 texture(s) processed!

[textures\ui\campmap_norselands10.tga]
Running Texture Compiler...
Processed: 1
1 texture(s) processed!

[textures\ui\campmap_norselands11.tga]
Running Texture Compiler...
Processed: 1
1 texture(s) processed!

[textures\ui\campmap_norselands12.tga]
Running Texture Compiler...
Processed: 1
1 texture(s) processed!

[textures\ui\campmap_norselands2.tga]
Running Texture Compiler...
Processed: 1
1 texture(s) processed!

[textures\ui\campmap_norselands3.tga]
Running Texture Compiler...
Processed: 1
1 texture(s) processed!

[textures\ui\campmap_norselands4.tga]
Running Texture Compiler...
Processed: 1
1 texture(s) processed!

[textures\ui\campmap_norselands5.tga]
Running Texture Compiler...
Processed: 1
1 texture(s) processed!

[textures\ui\campmap_norselands6.tga]
Running Texture Compiler...
Processed: 1
1 texture(s) processed!

[textures\ui\campmap_norselands7.tga]
Running Texture Compiler...
Processed: 1
1 texture(s) processed!

[textures\ui\campmap_norselands8.tga]
Running Texture Compiler...
Processed: 1
1 texture(s) processed!

[textures\ui\campmap_norselands9.tga]
Running Texture Compiler...
Processed: 1
1 texture(s) processed!

[textures\ui\campmap_s_atlantis6.tga]
Running Texture Compiler...
Processed: 1
1 texture(s) processed!

[textures\ui\campmap_s_atlantis7.tga]
Running Texture Compiler...
Processed: 1
1 texture(s) processed!

[textures\ui\campmap_s_egypt7.tga]
Running Texture Compiler...
Processed: 1
1 texture(s) processed!

[textures\ui\campmap_s_greece7.tga]
Running Texture Compiler...
Processed: 1
1 texture(s) processed!

[textures\ui\campmap_s_greece8.tga]
Running Texture Compiler...
Processed: 1
1 texture(s) processed!

[textures\ui\campmap_s_new_atlantis6.tga]
Running Texture Compiler...
Processed: 1
1 texture(s) processed!

[textures\ui\campmap_s_new_atlantis7.tga]
Running Texture Compiler...
Processed: 1
1 texture(s) processed!

[textures\ui\campmap_s_norselands3.tga]
Running Texture Compiler...
Processed: 1
1 texture(s) processed!

[textures\ui\campmap_s_norselands4.tga]
Running Texture Compiler...
Processed: 1
1 texture(s) processed!

[textures\ui\chargebar empty.tga]
Running Texture Compiler...
Processed: 1
1 texture(s) processed!

[textures\ui\chargebar health.tga]
Running Texture Compiler...
Processed: 1
1 texture(s) processed!

[textures\ui\chargebar power.tga]
Running Texture Compiler...
Processed: 1
1 texture(s) processed!

[textures\ui\chat icon.tga]
Running Texture Compiler...
Processed: 1
1 texture(s) processed!

[textures\ui\cn\campmap_atlantis6.tga]
Running Texture Compiler...
Processed: 1
1 texture(s) processed!

[textures\ui\cn\campmap_atlantis7.tga]
Running Texture Compiler...
Processed: 1
1 texture(s) processed!

[textures\ui\cn\campmap_china7.tga]
Running Texture Compiler...
Processed: 1
1 texture(s) processed!

[textures\ui\cn\campmap_egypt7.tga]
Running Texture Compiler...
Processed: 1
1 texture(s) processed!

[textures\ui\cn\campmap_greece7.tga]
Running Texture Compiler...
Processed: 1
1 texture(s) processed!

[textures\ui\cn\campmap_new_atlantis6.tga]
Running Texture Compiler...
Processed: 1
1 texture(s) processed!

[textures\ui\cn\campmap_new_atlantis7.tga]
Running Texture Compiler...
Processed: 1
1 texture(s) processed!

[textures\ui\cn\campmap_norselands3.tga]
Running Texture Compiler...
Processed: 1
1 texture(s) processed!

[textures\ui\de\campmap_atlantis6.tga]
Running Texture Compiler...
Processed: 1
1 texture(s) processed!

[textures\ui\de\campmap_atlantis7.tga]
Running Texture Compiler...
Processed: 1
1 texture(s) processed!

[textures\ui\de\campmap_china7.tga]
Running Texture Compiler...
Processed: 1
1 texture(s) processed!

[textures\ui\de\campmap_egypt7.tga]
Running Texture Compiler...
Processed: 1
1 texture(s) processed!

[textures\ui\de\campmap_greece7.tga]
Running Texture Compiler...
Processed: 1
1 texture(s) processed!

[textures\ui\de\campmap_greece8.tga]
Running Texture Compiler...
Processed: 1
1 texture(s) processed!

[textures\ui\de\campmap_new_atlantis6.tga]
Running Texture Compiler...
Processed: 1
1 texture(s) processed!

[textures\ui\de\campmap_new_atlantis7.tga]
Running Texture Compiler...
Processed: 1
1 texture(s) processed!

[textures\ui\de\campmap_norselands3.tga]
Running Texture Compiler...
Processed: 1
1 texture(s) processed!

[textures\ui\de\campmap_norselands4.tga]
Running Texture Compiler...
Processed: 1
1 texture(s) processed!

[textures\ui\diamond.tga]
Running Texture Compiler...
Processed: 1
1 texture(s) processed!

[textures\ui\diamond-alpha.tga]
Running Texture Compiler...
Processed: 1
1 texture(s) processed!

[textures\ui\divider 128x32.tga]
Running Texture Compiler...
Processed: 1
1 texture(s) processed!

[textures\ui\ecliff32.tga]
Running Texture Compiler...
Processed: 1
1 texture(s) processed!

[textures\ui\ecliff64.tga]
Running Texture Compiler...
Processed: 1
1 texture(s) processed!

[textures\ui\eforest32.tga]
Running Texture Compiler...
Processed: 1
1 texture(s) processed!

[textures\ui\eforest64.tga]
Running Texture Compiler...
Processed: 1
1 texture(s) processed!

[textures\ui\ensemble logo.tga]
Running Texture Compiler...
Processed: 1
1 texture(s) processed!

[textures\ui\eriver32.tga]
Running Texture Compiler...
Processed: 1
1 texture(s) processed!

[textures\ui\eriver64.tga]
Running Texture Compiler...
Processed: 1
1 texture(s) processed!

[textures\ui\es online logo bright.tga]
Running Texture Compiler...
Processed: 1
1 texture(s) processed!

[textures\ui\es online logo long.tga]
Running Texture Compiler...
Processed: 1
1 texture(s) processed!

[textures\ui\es online logo tall.tga]
Running Texture Compiler...
Processed: 1
1 texture(s) processed!

[textures\ui\es\campmap_atlantis6.tga]
Running Texture Compiler...
Processed: 1
1 texture(s) processed!

[textures\ui\es\campmap_atlantis7.tga]
Running Texture Compiler...
Processed: 1
1 texture(s) processed!

[textures\ui\es\campmap_china7.tga]
Running Texture Compiler...
Processed: 1
1 texture(s) processed!

[textures\ui\es\campmap_egypt7.tga]
Running Texture Compiler...
Processed: 1
1 texture(s) processed!

[textures\ui\es\campmap_greece7.tga]
Running Texture Compiler...
Processed: 1
1 texture(s) processed!

[textures\ui\es\campmap_new_atlantis6.tga]
Running Texture Compiler...
Processed: 1
1 texture(s) processed!

[textures\ui\es\campmap_new_atlantis7.tga]
Running Texture Compiler...
Processed: 1
1 texture(s) processed!

[textures\ui\es\campmap_norselands3.tga]
Running Texture Compiler...
Processed: 1
1 texture(s) processed!

[textures\ui\es\campmap_norselands4.tga]
Running Texture Compiler...
Processed: 1
1 texture(s) processed!

[textures\ui\eshallow32.tga]
Running Texture Compiler...
Processed: 1
1 texture(s) processed!

[textures\ui\eshallow64.tga]
Running Texture Compiler...
Processed: 1
1 texture(s) processed!

[textures\ui\folder icon rollover.tga]
Running Texture Compiler...
Processed: 1
1 texture(s) processed!

[textures\ui\folder icon.tga]
Running Texture Compiler...
Processed: 1
1 texture(s) processed!

[textures\ui\folder up arrow icon rollover.tga]
Running Texture Compiler...
Processed: 1
1 texture(s) processed!

[textures\ui\folder up arrow icon.tga]
Running Texture Compiler...
Processed: 1
1 texture(s) processed!

[textures\ui\fr\campmap_atlantis6.tga]
Running Texture Compiler...
Processed: 1
1 texture(s) processed!

[textures\ui\fr\campmap_atlantis7.tga]
Running Texture Compiler...
Processed: 1
1 texture(s) processed!

[textures\ui\fr\campmap_china7.tga]
Running Texture Compiler...
Processed: 1
1 texture(s) processed!

[textures\ui\fr\campmap_egypt7.tga]
Running Texture Compiler...
Processed: 1
1 texture(s) processed!

[textures\ui\fr\campmap_greece7.tga]
Running Texture Compiler...
Processed: 1
1 texture(s) processed!

[textures\ui\fr\campmap_new_atlantis6.tga]
Running Texture Compiler...
Processed: 1
1 texture(s) processed!

[textures\ui\fr\campmap_new_atlantis7.tga]
Running Texture Compiler...
Processed: 1
1 texture(s) processed!

[textures\ui\fr\campmap_norselands3.tga]
Running Texture Compiler...
Processed: 1
1 texture(s) processed!

[textures\ui\fr\campmap_norselands4.tga]
Running Texture Compiler...
Processed: 1
1 texture(s) processed!

[textures\ui\gathericon.tga]
Running Texture Compiler...
Processed: 1
1 texture(s) processed!

[textures\ui\gcliff32.tga]
Running Texture Compiler...
Processed: 1
1 texture(s) processed!

[textures\ui\gcliff64.tga]
Running Texture Compiler...
Processed: 1
1 texture(s) processed!

[textures\ui\g-d-a-arrow-alpha.tga]
Running Texture Compiler...
Processed: 1
1 texture(s) processed!

[textures\ui\g-d-b-arrow-alpha.tga]
Running Texture Compiler...
Processed: 1
1 texture(s) processed!

[textures\ui\g-d-c-arrow-alpha.tga]
Running Texture Compiler...
Processed: 1
1 texture(s) processed!

[textures\ui\gforest32.tga]
Running Texture Compiler...
Processed: 1
1 texture(s) processed!

[textures\ui\gforest64.tga]
Running Texture Compiler...
Processed: 1
1 texture(s) processed!

[textures\ui\g-l-a-arrow-alpha.tga]
Running Texture Compiler...
Processed: 1
1 texture(s) processed!

[textures\ui\g-l-b-arrow-alpha.tga]
Running Texture Compiler...
Processed: 1
1 texture(s) processed!

[textures\ui\g-l-c-arrow-alpha.tga]
Running Texture Compiler...
Processed: 1
1 texture(s) processed!

[textures\ui\god minor icon egypt anubis.tga]
Running Texture Compiler...
Processed: 1
1 texture(s) processed!

[textures\ui\god minor icon egypt bast.tga]
Running Texture Compiler...
Processed: 1
1 texture(s) processed!

[textures\ui\god minor icon egypt hathor.tga]
Running Texture Compiler...
Processed: 1
1 texture(s) processed!

[textures\ui\god minor icon egypt horus.tga]
Running Texture Compiler...
Processed: 1
1 texture(s) processed!

[textures\ui\god minor icon egypt nephthys.tga]
Running Texture Compiler...
Processed: 1
1 texture(s) processed!

[textures\ui\god minor icon egypt osiris.tga]
Running Texture Compiler...
Processed: 1
1 texture(s) processed!

[textures\ui\god minor icon egypt ptah.tga]
Running Texture Compiler...
Processed: 1
1 texture(s) processed!

[textures\ui\god minor icon egypt sekhmet.tga]
Running Texture Compiler...
Processed: 1
1 texture(s) processed!

[textures\ui\god minor icon egypt thoth.tga]
Running Texture Compiler...
Processed: 1
1 texture(s) processed!

[textures\ui\god minor icon greek aphrodite.tga]
Running Texture Compiler...
Processed: 1
1 texture(s) processed!

[textures\ui\god minor icon greek apollo.tga]
Running Texture Compiler...
Processed: 1
1 texture(s) processed!

[textures\ui\god minor icon greek ares.tga]
Running Texture Compiler...
Processed: 1
1 texture(s) processed!

[textures\ui\god minor icon greek artemis.tga]
Running Texture Compiler...
Processed: 1
1 texture(s) processed!

[textures\ui\god minor icon greek athena.tga]
Running Texture Compiler...
Processed: 1
1 texture(s) processed!

[textures\ui\god minor icon greek dionysus.tga]
Running Texture Compiler...
Processed: 1
1 texture(s) processed!

[textures\ui\god minor icon greek hephaestus.tga]
Running Texture Compiler...
Processed: 1
1 texture(s) processed!

[textures\ui\god minor icon greek hera.tga]
Running Texture Compiler...
Processed: 1
1 texture(s) processed!

[textures\ui\god minor icon greek hermes.tga]
Running Texture Compiler...
Processed: 1
1 texture(s) processed!

[textures\ui\god minor icon norse baldr.tga]
Running Texture Compiler...
Processed: 1
1 texture(s) processed!

[textures\ui\god minor icon norse bragi.tga]
Running Texture Compiler...
Processed: 1
1 texture(s) processed!

[textures\ui\god minor icon norse forseti.tga]
Running Texture Compiler...
Processed: 1
1 texture(s) processed!

[textures\ui\god minor icon norse freyja.tga]
Running Texture Compiler...
Processed: 1
1 texture(s) processed!

[textures\ui\god minor icon norse heimdall.tga]
Running Texture Compiler...
Processed: 1
1 texture(s) processed!

[textures\ui\god minor icon norse hel.tga]
Running Texture Compiler...
Processed: 1
1 texture(s) processed!

[textures\ui\god minor icon norse njord.tga]
Running Texture Compiler...
Processed: 1
1 texture(s) processed!

[textures\ui\god minor icon norse skadi.tga]
Running Texture Compiler...
Processed: 1
1 texture(s) processed!

[textures\ui\god minor icon norse tyr.tga]
Running Texture Compiler...
Processed: 1
1 texture(s) processed!

[textures\ui\god minor portrait egypt sekhmet.tga]
Running Texture Compiler...
Processed: 1
1 texture(s) processed!

[textures\ui\god minor portrait greek aphrodite.tga]
Running Texture Compiler...
Processed: 1
1 texture(s) processed!

[textures\ui\god minor portrait norse heimdall.tga]
Running Texture Compiler...
Processed: 1
1 texture(s) processed!

[textures\ui\god minor portrait norse njord.tga]
Running Texture Compiler...
Processed: 1
1 texture(s) processed!

[textures\ui\godselect e bottom.tga]
Running Texture Compiler...
Processed: 1
1 texture(s) processed!

[textures\ui\godselect e bottomleft.tga]
Running Texture Compiler...
Processed: 1
1 texture(s) processed!

[textures\ui\godselect e bottomright.tga]
Running Texture Compiler...
Processed: 1
1 texture(s) processed!

[textures\ui\godselect e left.tga]
Running Texture Compiler...
Processed: 1
1 texture(s) processed!

[textures\ui\godselect e right.tga]
Running Texture Compiler...
Processed: 1
1 texture(s) processed!

[textures\ui\godselect e top.tga]
Running Texture Compiler...
Processed: 1
1 texture(s) processed!

[textures\ui\godselect e topleft.tga]
Running Texture Compiler...
Processed: 1
1 texture(s) processed!

[textures\ui\godselect e topright.tga]
Running Texture Compiler...
Processed: 1
1 texture(s) processed!

[textures\ui\g-r-a-arrow-alpha.tga]
Running Texture Compiler...
Processed: 1
1 texture(s) processed!

[textures\ui\graphline.tga]
Running Texture Compiler...
Processed: 1
1 texture(s) processed!

[textures\ui\graphlinefiller.tga]
Running Texture Compiler...
Processed: 1
1 texture(s) processed!

[textures\ui\graphresign.tga]
Running Texture Compiler...
Processed: 1
1 texture(s) processed!

[textures\ui\g-r-b-arrow-alpha.tga]
Running Texture Compiler...
Processed: 1
1 texture(s) processed!

[textures\ui\g-r-c-arrow-alpha.tga]
Running Texture Compiler...
Processed: 1
1 texture(s) processed!

[textures\ui\green.tga]
Running Texture Compiler...
Processed: 1
1 texture(s) processed!

[textures\ui\greendot.tga]
Running Texture Compiler...
Processed: 1
1 texture(s) processed!

[textures\ui\griver32.tga]
Running Texture Compiler...
Processed: 1
1 texture(s) processed!

[textures\ui\griver64.tga]
Running Texture Compiler...
Processed: 1
1 texture(s) processed!

[textures\ui\g-u-a-arrow-alpha.tga]
Running Texture Compiler...
Processed: 1
1 texture(s) processed!

[textures\ui\g-u-b-arrow-alpha.tga]
Running Texture Compiler...
Processed: 1
1 texture(s) processed!

[textures\ui\g-u-c-arrow-alpha.tga]
Running Texture Compiler...
Processed: 1
1 texture(s) processed!

[textures\ui\hades forest 32.tga]
Running Texture Compiler...
Processed: 1
1 texture(s) processed!

[textures\ui\hades forest 64.tga]
Running Texture Compiler...
Processed: 1
1 texture(s) processed!

[textures\ui\help button clicked.tga]
Running Texture Compiler...
Processed: 1
1 texture(s) processed!

[textures\ui\help button rollover.tga]
Running Texture Compiler...
Processed: 1
1 texture(s) processed!

[textures\ui\help button.tga]
Running Texture Compiler...
Processed: 1
1 texture(s) processed!

[textures\ui\it\campmap_atlantis6.tga]
Running Texture Compiler...
Processed: 1
1 texture(s) processed!

[textures\ui\it\campmap_atlantis7.tga]
Running Texture Compiler...
Processed: 1
1 texture(s) processed!

[textures\ui\it\campmap_china7.tga]
Running Texture Compiler...
Processed: 1
1 texture(s) processed!

[textures\ui\it\campmap_egypt7.tga]
Running Texture Compiler...
Processed: 1
1 texture(s) processed!

[textures\ui\it\campmap_greece7.tga]
Running Texture Compiler...
Processed: 1
1 texture(s) processed!

[textures\ui\it\campmap_new_atlantis6.tga]
Running Texture Compiler...
Processed: 1
1 texture(s) processed!

[textures\ui\it\campmap_new_atlantis7.tga]
Running Texture Compiler...
Processed: 1
1 texture(s) processed!

[textures\ui\it\campmap_norselands3.tga]
Running Texture Compiler...
Processed: 1
1 texture(s) processed!

[textures\ui\it\campmap_norselands4.tga]
Running Texture Compiler...
Processed: 1
1 texture(s) processed!

[textures\ui\jp\campmap_china7.tga]
Running Texture Compiler...
Processed: 1
1 texture(s) processed!

[textures\ui\jungle forest 64.tga]
Running Texture Compiler...
Processed: 1
1 texture(s) processed!

[textures\ui\kick button.tga]
Running Texture Compiler...
Processed: 1
1 texture(s) processed!

[textures\ui\kickbutton.tga]
Running Texture Compiler...
Processed: 1
1 texture(s) processed!

[textures\ui\ko\campmap_atlantis6.tga]
Running Texture Compiler...
Processed: 1
1 texture(s) processed!

[textures\ui\ko\campmap_atlantis7.tga]
Running Texture Compiler...
Processed: 1
1 texture(s) processed!

[textures\ui\ko\campmap_china7.tga]
Running Texture Compiler...
Processed: 1
1 texture(s) processed!

[textures\ui\ko\campmap_egypt7.tga]
Running Texture Compiler...
Processed: 1
1 texture(s) processed!

[textures\ui\ko\campmap_greece7.tga]
Running Texture Compiler...
Processed: 1
1 texture(s) processed!

[textures\ui\ko\campmap_new_atlantis6.tga]
Running Texture Compiler...
Processed: 1
1 texture(s) processed!

[textures\ui\ko\campmap_new_atlantis7.tga]
Running Texture Compiler...
Processed: 1
1 texture(s) processed!

[textures\ui\ko\campmap_norselands3.tga]
Running Texture Compiler...
Processed: 1
1 texture(s) processed!

[textures\ui\l-a-arrow.tga]
Running Texture Compiler...
Processed: 1
1 texture(s) processed!

[textures\ui\latency green.tga]
Running Texture Compiler...
Processed: 1
1 texture(s) processed!

[textures\ui\latency red.tga]
Running Texture Compiler...
Processed: 1
1 texture(s) processed!

[textures\ui\latency yellow.tga]
Running Texture Compiler...
Processed: 1
1 texture(s) processed!

[textures\ui\l-b-arrow.tga]
Running Texture Compiler...
Processed: 1
1 texture(s) processed!

[textures\ui\l-big-arrow.tga]
Running Texture Compiler...
Processed: 1
1 texture(s) processed!

[textures\ui\l-big-arrow-alpha.tga]
Running Texture Compiler...
Processed: 1
1 texture(s) processed!

[textures\ui\l-c-arrow.tga]
Running Texture Compiler...
Processed: 1
1 texture(s) processed!

[textures\ui\legend.tga]
Running Texture Compiler...
Processed: 1
1 texture(s) processed!

[textures\ui\lightblue.tga]
Running Texture Compiler...
Processed: 1
1 texture(s) processed!

[textures\ui\lightgreen.tga]
Running Texture Compiler...
Processed: 1
1 texture(s) processed!

[textures\ui\lightred.tga]
Running Texture Compiler...
Processed: 1
1 texture(s) processed!

[textures\ui\logo_forgottenempires.tga]
Running Texture Compiler...
Processed: 1
1 texture(s) processed!

[textures\ui\logo_microsoft.tga]
Running Texture Compiler...
Processed: 1
1 texture(s) processed!

[textures\ui\logo_skyboxlabs.tga]
Running Texture Compiler...
Processed: 1
1 texture(s) processed!

[textures\ui\logo-splash-forgotten-empires.tga]
Running Texture Compiler...
Processed: 1
1 texture(s) processed!

[textures\ui\logo-splash-microsoft.tga]
Running Texture Compiler...
Processed: 1
1 texture(s) processed!

[textures\ui\logo-splash-skybox.tga]
Running Texture Compiler...
Processed: 1
1 texture(s) processed!

[textures\ui\main left bottom.tga]
Running Texture Compiler...
Processed: 1
1 texture(s) processed!

[textures\ui\main left middle.tga]
Running Texture Compiler...
Processed: 1
1 texture(s) processed!

[textures\ui\main left top.tga]
Running Texture Compiler...
Processed: 1
1 texture(s) processed!

[textures\ui\main middle bottom.tga]
Running Texture Compiler...
Processed: 1
1 texture(s) processed!

[textures\ui\main middle top.tga]
Running Texture Compiler...
Processed: 1
1 texture(s) processed!

[textures\ui\main right bottom.tga]
Running Texture Compiler...
Processed: 1
1 texture(s) processed!

[textures\ui\main right middle.tga]
Running Texture Compiler...
Processed: 1
1 texture(s) processed!

[textures\ui\main right top.tga]
Running Texture Compiler...
Processed: 1
1 texture(s) processed!

[textures\ui\map restore 128x128.tga]
Running Texture Compiler...
Processed: 1
1 texture(s) processed!

[textures\ui\marsh forest 32.tga]
Running Texture Compiler...
Processed: 1
1 texture(s) processed!

[textures\ui\marsh forest 64.tga]
Running Texture Compiler...
Processed: 1
1 texture(s) processed!

[textures\ui\mediteranean sea 32.tga]
Running Texture Compiler...
Processed: 1
1 texture(s) processed!

[textures\ui\mediteranean sea 64.tga]
Running Texture Compiler...
Processed: 1
1 texture(s) processed!

[textures\ui\minimap_border.tga]
Running Texture Compiler...
Processed: 1
1 texture(s) processed!

[textures\ui\minimap_border_g.tga]
Running Texture Compiler...
Processed: 1
1 texture(s) processed!

[textures\ui\minimize_noalpha.tga]
Running Texture Compiler...
Processed: 1
1 texture(s) processed!

[textures\ui\mixed plain forest 64.tga]
Running Texture Compiler...
Processed: 1
1 texture(s) processed!

[textures\ui\ncliff32.tga]
Running Texture Compiler...
Processed: 1
1 texture(s) processed!

[textures\ui\ncliff64.tga]
Running Texture Compiler...
Processed: 1
1 texture(s) processed!

[textures\ui\nforest32.tga]
Running Texture Compiler...
Processed: 1
1 texture(s) processed!

[textures\ui\nforest64.tga]
Running Texture Compiler...
Processed: 1
1 texture(s) processed!

[textures\ui\north atlantic ocean 32.tga]
Running Texture Compiler...
Processed: 1
1 texture(s) processed!

[textures\ui\north atlantic ocean 64.tga]
Running Texture Compiler...
Processed: 1
1 texture(s) processed!

[textures\ui\norweigen sea 32.tga]
Running Texture Compiler...
Processed: 1
1 texture(s) processed!

[textures\ui\norweigen sea 64.tga]
Running Texture Compiler...
Processed: 1
1 texture(s) processed!

[textures\ui\nriver32.tga]
Running Texture Compiler...
Processed: 1
1 texture(s) processed!

[textures\ui\nriver64.tga]
Running Texture Compiler...
Processed: 1
1 texture(s) processed!

[textures\ui\objectivesbox.tga]
Running Texture Compiler...
Processed: 1
1 texture(s) processed!

[textures\ui\objectivescheck.tga]
Running Texture Compiler...
Processed: 1
1 texture(s) processed!

[textures\ui\orange.tga]
Running Texture Compiler...
Processed: 1
1 texture(s) processed!

[textures\ui\overlay_ajax_08.tga]
Running Texture Compiler...
Processed: 1
1 texture(s) processed!

[textures\ui\overlay_amanra_14.tga]
Running Texture Compiler...
Processed: 1
1 texture(s) processed!

[textures\ui\overlay_arck_35.tga]
Running Texture Compiler...
Processed: 1
1 texture(s) processed!

[textures\ui\overlay_arrow_01.tga]
Running Texture Compiler...
Processed: 1
1 texture(s) processed!

[textures\ui\overlay_arrow_01y.tga]
Running Texture Compiler...
Processed: 1
1 texture(s) processed!

[textures\ui\overlay_arrow_02y.tga]
Running Texture Compiler...
Processed: 1
1 texture(s) processed!

[textures\ui\overlay_arrow_03y.tga]
Running Texture Compiler...
Processed: 1
1 texture(s) processed!

[textures\ui\overlay_arrow_04a.tga]
Running Texture Compiler...
Processed: 1
1 texture(s) processed!

[textures\ui\overlay_arrow_04b.tga]
Running Texture Compiler...
Processed: 1
1 texture(s) processed!

[textures\ui\overlay_arrow_04y.tga]
Running Texture Compiler...
Processed: 1
1 texture(s) processed!

[textures\ui\overlay_arrow_05y.tga]
Running Texture Compiler...
Processed: 1
1 texture(s) processed!

[textures\ui\overlay_arrow_06y.tga]
Running Texture Compiler...
Processed: 1
1 texture(s) processed!

[textures\ui\overlay_arrow_07y.tga]
Running Texture Compiler...
Processed: 1
1 texture(s) processed!

[textures\ui\overlay_arrow_09.tga]
Running Texture Compiler...
Processed: 1
1 texture(s) processed!

[textures\ui\overlay_arrow_10.tga]
Running Texture Compiler...
Processed: 1
1 texture(s) processed!

[textures\ui\overlay_arrow_11.tga]
Running Texture Compiler...
Processed: 1
1 texture(s) processed!

[textures\ui\overlay_arrow_12.tga]
Running Texture Compiler...
Processed: 1
1 texture(s) processed!

[textures\ui\overlay_arrow_12x.tga]
Running Texture Compiler...
Processed: 1
1 texture(s) processed!

[textures\ui\overlay_arrow_13x.tga]
Running Texture Compiler...
Processed: 1
1 texture(s) processed!

[textures\ui\overlay_arrow_14.tga]
Running Texture Compiler...
Processed: 1
1 texture(s) processed!

[textures\ui\overlay_arrow_15.tga]
Running Texture Compiler...
Processed: 1
1 texture(s) processed!

[textures\ui\overlay_arrow_16.tga]
Running Texture Compiler...
Processed: 1
1 texture(s) processed!

[textures\ui\overlay_arrow_17.tga]
Running Texture Compiler...
Processed: 1
1 texture(s) processed!

[textures\ui\overlay_arrow_18.tga]
Running Texture Compiler...
Processed: 1
1 texture(s) processed!

[textures\ui\overlay_arrow_19.tga]
Running Texture Compiler...
Processed: 1
1 texture(s) processed!

[textures\ui\overlay_arrow_20.tga]
Running Texture Compiler...
Processed: 1
1 texture(s) processed!

[textures\ui\overlay_arrow_21.tga]
Running Texture Compiler...
Processed: 1
1 texture(s) processed!

[textures\ui\overlay_arrow_22.tga]
Running Texture Compiler...
Processed: 1
1 texture(s) processed!

[textures\ui\overlay_arrow_23.tga]
Running Texture Compiler...
Processed: 1
1 texture(s) processed!

[textures\ui\overlay_arrow_24.tga]
Running Texture Compiler...
Processed: 1
1 texture(s) processed!

[textures\ui\overlay_arrow_25.tga]
Running Texture Compiler...
Processed: 1
1 texture(s) processed!

[textures\ui\overlay_arrow_26.tga]
Running Texture Compiler...
Processed: 1
1 texture(s) processed!

[textures\ui\overlay_arrow_27.tga]
Running Texture Compiler...
Processed: 1
1 texture(s) processed!

[textures\ui\overlay_arrow_28.tga]
Running Texture Compiler...
Processed: 1
1 texture(s) processed!

[textures\ui\overlay_arrow_29.tga]
Running Texture Compiler...
Processed: 1
1 texture(s) processed!

[textures\ui\overlay_arrow_30.tga]
Running Texture Compiler...
Processed: 1
1 texture(s) processed!

[textures\ui\overlay_arrow_31.tga]
Running Texture Compiler...
Processed: 1
1 texture(s) processed!

[textures\ui\overlay_arrow_32.tga]
Running Texture Compiler...
Processed: 1
1 texture(s) processed!

[textures\ui\overlay_automaton_11.tga]
Running Texture Compiler...
Processed: 1
1 texture(s) processed!

[textures\ui\overlay_banner_28.tga]
Running Texture Compiler...
Processed: 1
1 texture(s) processed!

[textures\ui\overlay_battle_22.tga]
Running Texture Compiler...
Processed: 1
1 texture(s) processed!

[textures\ui\overlay_blue_09.tga]
Running Texture Compiler...
Processed: 1
1 texture(s) processed!

[textures\ui\overlay_cart_16.tga]
Running Texture Compiler...
Processed: 1
1 texture(s) processed!

[textures\ui\overlay_cerberus_08.tga]
Running Texture Compiler...
Processed: 1
1 texture(s) processed!

[textures\ui\overlay_chiron_10.tga]
Running Texture Compiler...
Processed: 1
1 texture(s) processed!

[textures\ui\overlay_door_12.tga]
Running Texture Compiler...
Processed: 1
1 texture(s) processed!

[textures\ui\overlay_dream_19.tga]
Running Texture Compiler...
Processed: 1
1 texture(s) processed!

[textures\ui\overlay_folstag_09.tga]
Running Texture Compiler...
Processed: 1
1 texture(s) processed!

[textures\ui\overlay_forge_26.tga]
Running Texture Compiler...
Processed: 1
1 texture(s) processed!

[textures\ui\overlay_fortress_10.tga]
Running Texture Compiler...
Processed: 1
1 texture(s) processed!

[textures\ui\overlay_garg_33.tga]
Running Texture Compiler...
Processed: 1
1 texture(s) processed!

[textures\ui\overlay_gate_07.tga]
Running Texture Compiler...
Processed: 1
1 texture(s) processed!

[textures\ui\overlay_guardian_15.tga]
Running Texture Compiler...
Processed: 1
1 texture(s) processed!

[textures\ui\overlay_hammer_32.tga]
Running Texture Compiler...
Processed: 1
1 texture(s) processed!

[textures\ui\overlay_kamos_5.tga]
Running Texture Compiler...
Processed: 1
1 texture(s) processed!

[textures\ui\overlay_kastor_02.tga]
Running Texture Compiler...
Processed: 1
1 texture(s) processed!

[textures\ui\overlay_kemsyt_20.tga]
Running Texture Compiler...
Processed: 1
1 texture(s) processed!

[textures\ui\overlay_krios_01.tga]
Running Texture Compiler...
Processed: 1
1 texture(s) processed!

[textures\ui\overlay_migdol_17.tga]
Running Texture Compiler...
Processed: 1
1 texture(s) processed!

[textures\ui\overlay_norseman_25.tga]
Running Texture Compiler...
Processed: 1
1 texture(s) processed!

[textures\ui\overlay_odintower_04.tga]
Running Texture Compiler...
Processed: 1
1 texture(s) processed!

[textures\ui\overlay_oldman_27.tga]
Running Texture Compiler...
Processed: 1
1 texture(s) processed!

[textures\ui\overlay_olympus_06.tga]
Running Texture Compiler...
Processed: 1
1 texture(s) processed!

[textures\ui\overlay_osirispyramid_23.tga]
Running Texture Compiler...
Processed: 1
1 texture(s) processed!

[textures\ui\overlay_passage_11.tga]
Running Texture Compiler...
Processed: 1
1 texture(s) processed!

[textures\ui\overlay_pigs_24.tga]
Running Texture Compiler...
Processed: 1
1 texture(s) processed!

[textures\ui\overlay_plenty_03.tga]
Running Texture Compiler...
Processed: 1
1 texture(s) processed!

[textures\ui\overlay_poseidon_4.tga]
Running Texture Compiler...
Processed: 1
1 texture(s) processed!

[textures\ui\overlay_pyramid_18.tga]
Running Texture Compiler...
Processed: 1
1 texture(s) processed!

[textures\ui\overlay_ram_31.tga]
Running Texture Compiler...
Processed: 1
1 texture(s) processed!

[textures\ui\overlay_red_09.tga]
Running Texture Compiler...
Processed: 1
1 texture(s) processed!

[textures\ui\overlay_reigenleif_29.tga]
Running Texture Compiler...
Processed: 1
1 texture(s) processed!

[textures\ui\overlay_ruins_12.tga]
Running Texture Compiler...
Processed: 1
1 texture(s) processed!

[textures\ui\overlay_shade_13.tga]
Running Texture Compiler...
Processed: 1
1 texture(s) processed!

[textures\ui\overlay_ship_34.tga]
Running Texture Compiler...
Processed: 1
1 texture(s) processed!

[textures\ui\overlay_tammerisk_21.tga]
Running Texture Compiler...
Processed: 1
1 texture(s) processed!

[textures\ui\overlay_temple_05.tga]
Running Texture Compiler...
Processed: 1
1 texture(s) processed!

[textures\ui\overlay_titan_07.tga]
Running Texture Compiler...
Processed: 1
1 texture(s) processed!

[textures\ui\overlay_trojanhorse_09.tga]
Running Texture Compiler...
Processed: 1
1 texture(s) processed!

[textures\ui\overlay_wall_06.tga]
Running Texture Compiler...
Processed: 1
1 texture(s) processed!

[textures\ui\overlay_wellofurd_30.tga]
Running Texture Compiler...
Processed: 1
1 texture(s) processed!

[textures\ui\overlay_y_0.tga]
Running Texture Compiler...
Processed: 1
1 texture(s) processed!

[textures\ui\overlay_y_1.tga]
Running Texture Compiler...
Processed: 1
1 texture(s) processed!

[textures\ui\overlay_y_10.tga]
Running Texture Compiler...
Processed: 1
1 texture(s) processed!

[textures\ui\overlay_y_2.tga]
Running Texture Compiler...
Processed: 1
1 texture(s) processed!

[textures\ui\overlay_y_3.tga]
Running Texture Compiler...
Processed: 1
1 texture(s) processed!

[textures\ui\overlay_y_4.tga]
Running Texture Compiler...
Processed: 1
1 texture(s) processed!

[textures\ui\overlay_y_5.tga]
Running Texture Compiler...
Processed: 1
1 texture(s) processed!

[textures\ui\overlay_y_6.tga]
Running Texture Compiler...
Processed: 1
1 texture(s) processed!

[textures\ui\overlay_y_7.tga]
Running Texture Compiler...
Processed: 1
1 texture(s) processed!

[textures\ui\overlay_y_8.tga]
Running Texture Compiler...
Processed: 1
1 texture(s) processed!

[textures\ui\overlay_y_9.tga]
Running Texture Compiler...
Processed: 1
1 texture(s) processed!

[textures\ui\pine forest 32.tga]
Running Texture Compiler...
Processed: 1
1 texture(s) processed!

[textures\ui\pine forest 64.tga]
Running Texture Compiler...
Processed: 1
1 texture(s) processed!

[textures\ui\plain forest 64.tga]
Running Texture Compiler...
Processed: 1
1 texture(s) processed!

[textures\ui\player status icon.tga]
Running Texture Compiler...
Processed: 1
1 texture(s) processed!

[textures\ui\r-a-arrow.tga]
Running Texture Compiler...
Processed: 1
1 texture(s) processed!

[textures\ui\radio-blank.tga]
Running Texture Compiler...
Processed: 1
1 texture(s) processed!

[textures\ui\radio-fill.tga]
Running Texture Compiler...
Processed: 1
1 texture(s) processed!

[textures\ui\r-big-arrow.tga]
Running Texture Compiler...
Processed: 1
1 texture(s) processed!

[textures\ui\r-big-arrow-alpha.tga]
Running Texture Compiler...
Processed: 1
1 texture(s) processed!

[textures\ui\r-c-arrow.tga]
Running Texture Compiler...
Processed: 1
1 texture(s) processed!

[textures\ui\record game add bookmark.tga]
Running Texture Compiler...
Processed: 1
1 texture(s) processed!

[textures\ui\record game bookmark next.tga]
Running Texture Compiler...
Processed: 1
1 texture(s) processed!

[textures\ui\record game bookmark previous.tga]
Running Texture Compiler...
Processed: 1
1 texture(s) processed!

[textures\ui\record game check box checked.tga]
Running Texture Compiler...
Processed: 1
1 texture(s) processed!

[textures\ui\record game check box.tga]
Running Texture Compiler...
Processed: 1
1 texture(s) processed!

[textures\ui\record game input field arrow.tga]
Running Texture Compiler...
Processed: 1
1 texture(s) processed!

[textures\ui\record game pause.tga]
Running Texture Compiler...
Processed: 1
1 texture(s) processed!

[textures\ui\record game progress bar background.tga]
Running Texture Compiler...
Processed: 1
1 texture(s) processed!

[textures\ui\record game progress bar filler.tga]
Running Texture Compiler...
Processed: 1
1 texture(s) processed!

[textures\ui\red sea 32.tga]
Running Texture Compiler...
Processed: 1
1 texture(s) processed!

[textures\ui\red sea 64.tga]
Running Texture Compiler...
Processed: 1
1 texture(s) processed!

[textures\ui\red.tga]
Running Texture Compiler...
Processed: 1
1 texture(s) processed!

[textures\ui\reddot.tga]
Running Texture Compiler...
Processed: 1
1 texture(s) processed!

[textures\ui\resources.tga]
Running Texture Compiler...
Processed: 1
1 texture(s) processed!

[textures\ui\resources_c.tga]
Running Texture Compiler...
Processed: 1
1 texture(s) processed!

[textures\ui\resources_x.tga]
Running Texture Compiler...
Processed: 1
1 texture(s) processed!

[textures\ui\savannah forest 32.tga]
Running Texture Compiler...
Processed: 1
1 texture(s) processed!

[textures\ui\savannah forest 64.tga]
Running Texture Compiler...
Processed: 1
1 texture(s) processed!

[textures\ui\screen shot a_01.tga]
Running Texture Compiler...
Processed: 1
1 texture(s) processed!

[textures\ui\screen shot a_02.tga]
Running Texture Compiler...
Processed: 1
1 texture(s) processed!

[textures\ui\screen shot a_03.tga]
Running Texture Compiler...
Processed: 1
1 texture(s) processed!

[textures\ui\screen shot a_04.tga]
Running Texture Compiler...
Processed: 1
1 texture(s) processed!

[textures\ui\screen shot a_05.tga]
Running Texture Compiler...
Processed: 1
1 texture(s) processed!

[textures\ui\screen shot a_06.tga]
Running Texture Compiler...
Processed: 1
1 texture(s) processed!

[textures\ui\screen shot a_07.tga]
Running Texture Compiler...
Processed: 1
1 texture(s) processed!

[textures\ui\screen shot a_08.tga]
Running Texture Compiler...
Processed: 1
1 texture(s) processed!

[textures\ui\screen shot a_09.tga]
Running Texture Compiler...
Processed: 1
1 texture(s) processed!

[textures\ui\screen shot a_10.tga]
Running Texture Compiler...
Processed: 1
1 texture(s) processed!

[textures\ui\screen shot a_11.tga]
Running Texture Compiler...
Processed: 1
1 texture(s) processed!

[textures\ui\screen shot a_12.tga]
Running Texture Compiler...
Processed: 1
1 texture(s) processed!

[textures\ui\searching bar_01.tga]
Running Texture Compiler...
Processed: 1
1 texture(s) processed!

[textures\ui\searching bar_02.tga]
Running Texture Compiler...
Processed: 1
1 texture(s) processed!

[textures\ui\searching bar_03.tga]
Running Texture Compiler...
Processed: 1
1 texture(s) processed!

[textures\ui\searching bar_04.tga]
Running Texture Compiler...
Processed: 1
1 texture(s) processed!

[textures\ui\searching bar_05.tga]
Running Texture Compiler...
Processed: 1
1 texture(s) processed!

[textures\ui\searching bar_06.tga]
Running Texture Compiler...
Processed: 1
1 texture(s) processed!

[textures\ui\searching bar_07.tga]
Running Texture Compiler...
Processed: 1
1 texture(s) processed!

[textures\ui\searching bar_08.tga]
Running Texture Compiler...
Processed: 1
1 texture(s) processed!

[textures\ui\start up1.tga]
Running Texture Compiler...
Processed: 1
1 texture(s) processed!

[textures\ui\start up10.tga]
Running Texture Compiler...
Processed: 1
1 texture(s) processed!

[textures\ui\start up11.tga]
Running Texture Compiler...
Processed: 1
1 texture(s) processed!

[textures\ui\start up12.tga]
Running Texture Compiler...
Processed: 1
1 texture(s) processed!

[textures\ui\start up2.tga]
Running Texture Compiler...
Processed: 1
1 texture(s) processed!

[textures\ui\start up3.tga]
Running Texture Compiler...
Processed: 1
1 texture(s) processed!

[textures\ui\start up4.tga]
Running Texture Compiler...
Processed: 1
1 texture(s) processed!

[textures\ui\start up5.tga]
Running Texture Compiler...
Processed: 1
1 texture(s) processed!

[textures\ui\start up6.tga]
Running Texture Compiler...
Processed: 1
1 texture(s) processed!

[textures\ui\start up7.tga]
Running Texture Compiler...
Processed: 1
1 texture(s) processed!

[textures\ui\start up8.tga]
Running Texture Compiler...
Processed: 1
1 texture(s) processed!

[textures\ui\start up9.tga]
Running Texture Compiler...
Processed: 1
1 texture(s) processed!

[textures\ui\steamworkshop-default-icon.tga]
Running Texture Compiler...
Processed: 1
1 texture(s) processed!

[textures\ui\submenu middle bottom.tga]
Running Texture Compiler...
Processed: 1
1 texture(s) processed!

[textures\ui\submenu middle top.tga]
Running Texture Compiler...
Processed: 1
1 texture(s) processed!

[textures\ui\submenu right bottom.tga]
Running Texture Compiler...
Processed: 1
1 texture(s) processed!

[textures\ui\submenu right middle.tga]
Running Texture Compiler...
Processed: 1
1 texture(s) processed!

[textures\ui\submenu right top.tga]
Running Texture Compiler...
Processed: 1
1 texture(s) processed!

[textures\ui\techtree icon.tga]
Running Texture Compiler...
Processed: 1
1 texture(s) processed!

[textures\ui\techtreefuxi.tga]
Running Texture Compiler...
Processed: 1
1 texture(s) processed!

[textures\ui\techtreegaia1.tga]
Running Texture Compiler...
Processed: 1
1 texture(s) processed!

[textures\ui\techtreegaia10.tga]
Running Texture Compiler...
Processed: 1
1 texture(s) processed!

[textures\ui\techtreegaia11.tga]
Running Texture Compiler...
Processed: 1
1 texture(s) processed!

[textures\ui\techtreegaia12.tga]
Running Texture Compiler...
Processed: 1
1 texture(s) processed!

[textures\ui\techtreegaia2.tga]
Running Texture Compiler...
Processed: 1
1 texture(s) processed!

[textures\ui\techtreegaia3.tga]
Running Texture Compiler...
Processed: 1
1 texture(s) processed!

[textures\ui\techtreegaia4.tga]
Running Texture Compiler...
Processed: 1
1 texture(s) processed!

[textures\ui\techtreegaia5.tga]
Running Texture Compiler...
Processed: 1
1 texture(s) processed!

[textures\ui\techtreegaia6.tga]
Running Texture Compiler...
Processed: 1
1 texture(s) processed!

[textures\ui\techtreegaia7.tga]
Running Texture Compiler...
Processed: 1
1 texture(s) processed!

[textures\ui\techtreegaia8.tga]
Running Texture Compiler...
Processed: 1
1 texture(s) processed!

[textures\ui\techtreegaia9.tga]
Running Texture Compiler...
Processed: 1
1 texture(s) processed!

[textures\ui\techtreehades1.tga]
Running Texture Compiler...
Processed: 1
1 texture(s) processed!

[textures\ui\techtreehades10.tga]
Running Texture Compiler...
Processed: 1
1 texture(s) processed!

[textures\ui\techtreehades11.tga]
Running Texture Compiler...
Processed: 1
1 texture(s) processed!

[textures\ui\techtreehades12.tga]
Running Texture Compiler...
Processed: 1
1 texture(s) processed!

[textures\ui\techtreehades2.tga]
Running Texture Compiler...
Processed: 1
1 texture(s) processed!

[textures\ui\techtreehades3.tga]
Running Texture Compiler...
Processed: 1
1 texture(s) processed!

[textures\ui\techtreehades4.tga]
Running Texture Compiler...
Processed: 1
1 texture(s) processed!

[textures\ui\techtreehades5.tga]
Running Texture Compiler...
Processed: 1
1 texture(s) processed!

[textures\ui\techtreehades6.tga]
Running Texture Compiler...
Processed: 1
1 texture(s) processed!

[textures\ui\techtreehades7.tga]
Running Texture Compiler...
Processed: 1
1 texture(s) processed!

[textures\ui\techtreehades8.tga]
Running Texture Compiler...
Processed: 1
1 texture(s) processed!

[textures\ui\techtreehades9.tga]
Running Texture Compiler...
Processed: 1
1 texture(s) processed!

[textures\ui\techtreeisis1.tga]
Running Texture Compiler...
Processed: 1
1 texture(s) processed!

[textures\ui\techtreeisis10.tga]
Running Texture Compiler...
Processed: 1
1 texture(s) processed!

[textures\ui\techtreeisis11.tga]
Running Texture Compiler...
Processed: 1
1 texture(s) processed!

[textures\ui\techtreeisis12.tga]
Running Texture Compiler...
Processed: 1
1 texture(s) processed!

[textures\ui\techtreeisis2.tga]
Running Texture Compiler...
Processed: 1
1 texture(s) processed!

[textures\ui\techtreeisis3.tga]
Running Texture Compiler...
Processed: 1
1 texture(s) processed!

[textures\ui\techtreeisis4.tga]
Running Texture Compiler...
Processed: 1
1 texture(s) processed!

[textures\ui\techtreeisis5.tga]
Running Texture Compiler...
Processed: 1
1 texture(s) processed!

[textures\ui\techtreeisis6.tga]
Running Texture Compiler...
Processed: 1
1 texture(s) processed!

[textures\ui\techtreeisis7.tga]
Running Texture Compiler...
Processed: 1
1 texture(s) processed!

[textures\ui\techtreeisis8.tga]
Running Texture Compiler...
Processed: 1
1 texture(s) processed!

[textures\ui\techtreeisis9.tga]
Running Texture Compiler...
Processed: 1
1 texture(s) processed!

[textures\ui\techtreekronos1.tga]
Running Texture Compiler...
Processed: 1
1 texture(s) processed!

[textures\ui\techtreekronos10.tga]
Running Texture Compiler...
Processed: 1
1 texture(s) processed!

[textures\ui\techtreekronos11.tga]
Running Texture Compiler...
Processed: 1
1 texture(s) processed!

[textures\ui\techtreekronos12.tga]
Running Texture Compiler...
Processed: 1
1 texture(s) processed!

[textures\ui\techtreekronos2.tga]
Running Texture Compiler...
Processed: 1
1 texture(s) processed!

[textures\ui\techtreekronos3.tga]
Running Texture Compiler...
Processed: 1
1 texture(s) processed!

[textures\ui\techtreekronos4.tga]
Running Texture Compiler...
Processed: 1
1 texture(s) processed!

[textures\ui\techtreekronos5.tga]
Running Texture Compiler...
Processed: 1
1 texture(s) processed!

[textures\ui\techtreekronos6.tga]
Running Texture Compiler...
Processed: 1
1 texture(s) processed!

[textures\ui\techtreekronos7.tga]
Running Texture Compiler...
Processed: 1
1 texture(s) processed!

[textures\ui\techtreekronos8.tga]
Running Texture Compiler...
Processed: 1
1 texture(s) processed!

[textures\ui\techtreekronos9.tga]
Running Texture Compiler...
Processed: 1
1 texture(s) processed!

[textures\ui\techtreeloki1.tga]
Running Texture Compiler...
Processed: 1
1 texture(s) processed!

[textures\ui\techtreeloki10.tga]
Running Texture Compiler...
Processed: 1
1 texture(s) processed!

[textures\ui\techtreeloki11.tga]
Running Texture Compiler...
Processed: 1
1 texture(s) processed!

[textures\ui\techtreeloki12.tga]
Running Texture Compiler...
Processed: 1
1 texture(s) processed!

[textures\ui\techtreeloki2.tga]
Running Texture Compiler...
Processed: 1
1 texture(s) processed!

[textures\ui\techtreeloki3.tga]
Running Texture Compiler...
Processed: 1
1 texture(s) processed!

[textures\ui\techtreeloki4.tga]
Running Texture Compiler...
Processed: 1
1 texture(s) processed!

[textures\ui\techtreeloki5.tga]
Running Texture Compiler...
Processed: 1
1 texture(s) processed!

[textures\ui\techtreeloki6.tga]
Running Texture Compiler...
Processed: 1
1 texture(s) processed!

[textures\ui\techtreeloki7.tga]
Running Texture Compiler...
Processed: 1
1 texture(s) processed!

[textures\ui\techtreeloki8.tga]
Running Texture Compiler...
Processed: 1
1 texture(s) processed!

[textures\ui\techtreeloki9.tga]
Running Texture Compiler...
Processed: 1
1 texture(s) processed!

[textures\ui\techtreenuwa.tga]
Running Texture Compiler...
Processed: 1
1 texture(s) processed!

[textures\ui\techtreeodin1.tga]
Running Texture Compiler...
Processed: 1
1 texture(s) processed!

[textures\ui\techtreeodin10.tga]
Running Texture Compiler...
Processed: 1
1 texture(s) processed!

[textures\ui\techtreeodin11.tga]
Running Texture Compiler...
Processed: 1
1 texture(s) processed!

[textures\ui\techtreeodin12.tga]
Running Texture Compiler...
Processed: 1
1 texture(s) processed!

[textures\ui\techtreeodin2.tga]
Running Texture Compiler...
Processed: 1
1 texture(s) processed!

[textures\ui\techtreeodin3.tga]
Running Texture Compiler...
Processed: 1
1 texture(s) processed!

[textures\ui\techtreeodin4.tga]
Running Texture Compiler...
Processed: 1
1 texture(s) processed!

[textures\ui\techtreeodin5.tga]
Running Texture Compiler...
Processed: 1
1 texture(s) processed!

[textures\ui\techtreeodin6.tga]
Running Texture Compiler...
Processed: 1
1 texture(s) processed!

[textures\ui\techtreeodin7.tga]
Running Texture Compiler...
Processed: 1
1 texture(s) processed!

[textures\ui\techtreeodin8.tga]
Running Texture Compiler...
Processed: 1
1 texture(s) processed!

[textures\ui\techtreeodin9.tga]
Running Texture Compiler...
Processed: 1
1 texture(s) processed!

[textures\ui\techtreeouranos1.tga]
Running Texture Compiler...
Processed: 1
1 texture(s) processed!

[textures\ui\techtreeouranos10.tga]
Running Texture Compiler...
Processed: 1
1 texture(s) processed!

[textures\ui\techtreeouranos11.tga]
Running Texture Compiler...
Processed: 1
1 texture(s) processed!

[textures\ui\techtreeouranos12.tga]
Running Texture Compiler...
Processed: 1
1 texture(s) processed!

[textures\ui\techtreeouranos2.tga]
Running Texture Compiler...
Processed: 1
1 texture(s) processed!

[textures\ui\techtreeouranos3.tga]
Running Texture Compiler...
Processed: 1
1 texture(s) processed!

[textures\ui\techtreeouranos4.tga]
Running Texture Compiler...
Processed: 1
1 texture(s) processed!

[textures\ui\techtreeouranos5.tga]
Running Texture Compiler...
Processed: 1
1 texture(s) processed!

[textures\ui\techtreeouranos6.tga]
Running Texture Compiler...
Processed: 1
1 texture(s) processed!

[textures\ui\techtreeouranos7.tga]
Running Texture Compiler...
Processed: 1
1 texture(s) processed!

[textures\ui\techtreeouranos8.tga]
Running Texture Compiler...
Processed: 1
1 texture(s) processed!

[textures\ui\techtreeouranos9.tga]
Running Texture Compiler...
Processed: 1
1 texture(s) processed!

[textures\ui\techtreeposeidon1.tga]
Running Texture Compiler...
Processed: 1
1 texture(s) processed!

[textures\ui\techtreeposeidon10.tga]
Running Texture Compiler...
Processed: 1
1 texture(s) processed!

[textures\ui\techtreeposeidon11.tga]
Running Texture Compiler...
Processed: 1
1 texture(s) processed!

[textures\ui\techtreeposeidon12.tga]
Running Texture Compiler...
Processed: 1
1 texture(s) processed!

[textures\ui\techtreeposeidon2.tga]
Running Texture Compiler...
Processed: 1
1 texture(s) processed!

[textures\ui\techtreeposeidon3.tga]
Running Texture Compiler...
Processed: 1
1 texture(s) processed!

[textures\ui\techtreeposeidon4.tga]
Running Texture Compiler...
Processed: 1
1 texture(s) processed!

[textures\ui\techtreeposeidon5.tga]
Running Texture Compiler...
Processed: 1
1 texture(s) processed!

[textures\ui\techtreeposeidon6.tga]
Running Texture Compiler...
Processed: 1
1 texture(s) processed!

[textures\ui\techtreeposeidon7.tga]
Running Texture Compiler...
Processed: 1
1 texture(s) processed!

[textures\ui\techtreeposeidon8.tga]
Running Texture Compiler...
Processed: 1
1 texture(s) processed!

[textures\ui\techtreeposeidon9.tga]
Running Texture Compiler...
Processed: 1
1 texture(s) processed!

[textures\ui\techtreera1.tga]
Running Texture Compiler...
Processed: 1
1 texture(s) processed!

[textures\ui\techtreera10.tga]
Running Texture Compiler...
Processed: 1
1 texture(s) processed!

[textures\ui\techtreera11.tga]
Running Texture Compiler...
Processed: 1
1 texture(s) processed!

[textures\ui\techtreera12.tga]
Running Texture Compiler...
Processed: 1
1 texture(s) processed!

[textures\ui\techtreera2.tga]
Running Texture Compiler...
Processed: 1
1 texture(s) processed!

[textures\ui\techtreera3.tga]
Running Texture Compiler...
Processed: 1
1 texture(s) processed!

[textures\ui\techtreera4.tga]
Running Texture Compiler...
Processed: 1
1 texture(s) processed!

[textures\ui\techtreera5.tga]
Running Texture Compiler...
Processed: 1
1 texture(s) processed!

[textures\ui\techtreera6.tga]
Running Texture Compiler...
Processed: 1
1 texture(s) processed!

[textures\ui\techtreera7.tga]
Running Texture Compiler...
Processed: 1
1 texture(s) processed!

[textures\ui\techtreera8.tga]
Running Texture Compiler...
Processed: 1
1 texture(s) processed!

[textures\ui\techtreera9.tga]
Running Texture Compiler...
Processed: 1
1 texture(s) processed!

[textures\ui\techtreeset1.tga]
Running Texture Compiler...
Processed: 1
1 texture(s) processed!

[textures\ui\techtreeset10.tga]
Running Texture Compiler...
Processed: 1
1 texture(s) processed!

[textures\ui\techtreeset11.tga]
Running Texture Compiler...
Processed: 1
1 texture(s) processed!

[textures\ui\techtreeset12.tga]
Running Texture Compiler...
Processed: 1
1 texture(s) processed!

[textures\ui\techtreeset2.tga]
Running Texture Compiler...
Processed: 1
1 texture(s) processed!

[textures\ui\techtreeset3.tga]
Running Texture Compiler...
Processed: 1
1 texture(s) processed!

[textures\ui\techtreeset4.tga]
Running Texture Compiler...
Processed: 1
1 texture(s) processed!

[textures\ui\techtreeset5.tga]
Running Texture Compiler...
Processed: 1
1 texture(s) processed!

[textures\ui\techtreeset6.tga]
Running Texture Compiler...
Processed: 1
1 texture(s) processed!

[textures\ui\techtreeset7.tga]
Running Texture Compiler...
Processed: 1
1 texture(s) processed!

[textures\ui\techtreeset8.tga]
Running Texture Compiler...
Processed: 1
1 texture(s) processed!

[textures\ui\techtreeset9.tga]
Running Texture Compiler...
Processed: 1
1 texture(s) processed!

[textures\ui\techtreeshennong.tga]
Running Texture Compiler...
Processed: 1
1 texture(s) processed!

[textures\ui\techtreethor1.tga]
Running Texture Compiler...
Processed: 1
1 texture(s) processed!

[textures\ui\techtreethor10.tga]
Running Texture Compiler...
Processed: 1
1 texture(s) processed!

[textures\ui\techtreethor11.tga]
Running Texture Compiler...
Processed: 1
1 texture(s) processed!

[textures\ui\techtreethor12.tga]
Running Texture Compiler...
Processed: 1
1 texture(s) processed!

[textures\ui\techtreethor2.tga]
Running Texture Compiler...
Processed: 1
1 texture(s) processed!

[textures\ui\techtreethor3.tga]
Running Texture Compiler...
Processed: 1
1 texture(s) processed!

[textures\ui\techtreethor4.tga]
Running Texture Compiler...
Processed: 1
1 texture(s) processed!

[textures\ui\techtreethor5.tga]
Running Texture Compiler...
Processed: 1
1 texture(s) processed!

[textures\ui\techtreethor6.tga]
Running Texture Compiler...
Processed: 1
1 texture(s) processed!

[textures\ui\techtreethor7.tga]
Running Texture Compiler...
Processed: 1
1 texture(s) processed!

[textures\ui\techtreethor8.tga]
Running Texture Compiler...
Processed: 1
1 texture(s) processed!

[textures\ui\techtreethor9.tga]
Running Texture Compiler...
Processed: 1
1 texture(s) processed!

[textures\ui\techtreezeus1.tga]
Running Texture Compiler...
Processed: 1
1 texture(s) processed!

[textures\ui\techtreezeus10.tga]
Running Texture Compiler...
Processed: 1
1 texture(s) processed!

[textures\ui\techtreezeus11.tga]
Running Texture Compiler...
Processed: 1
1 texture(s) processed!

[textures\ui\techtreezeus12.tga]
Running Texture Compiler...
Processed: 1
1 texture(s) processed!

[textures\ui\techtreezeus2.tga]
Running Texture Compiler...
Processed: 1
1 texture(s) processed!

[textures\ui\techtreezeus3.tga]
Running Texture Compiler...
Processed: 1
1 texture(s) processed!

[textures\ui\techtreezeus4.tga]
Running Texture Compiler...
Processed: 1
1 texture(s) processed!

[textures\ui\techtreezeus5.tga]
Running Texture Compiler...
Processed: 1
1 texture(s) processed!

[textures\ui\techtreezeus6.tga]
Running Texture Compiler...
Processed: 1
1 texture(s) processed!

[textures\ui\techtreezeus7.tga]
Running Texture Compiler...
Processed: 1
1 texture(s) processed!

[textures\ui\techtreezeus8.tga]
Running Texture Compiler...
Processed: 1
1 texture(s) processed!

[textures\ui\techtreezeus9.tga]
Running Texture Compiler...
Processed: 1
1 texture(s) processed!

[textures\ui\top score star.tga]
Running Texture Compiler...
Processed: 1
1 texture(s) processed!

[textures\ui\tribute icon.tga]
Running Texture Compiler...
Processed: 1
1 texture(s) processed!

[textures\ui\tundra forest 32.tga]
Running Texture Compiler...
Processed: 1
1 texture(s) processed!

[textures\ui\tundra forest 64.tga]
Running Texture Compiler...
Processed: 1
1 texture(s) processed!

[textures\ui\tundra sea 32.tga]
Running Texture Compiler...
Processed: 1
1 texture(s) processed!

[textures\ui\tundra sea 64.tga]
Running Texture Compiler...
Processed: 1
1 texture(s) processed!

[textures\ui\ui .net passport logo.tga]
Running Texture Compiler...
Processed: 1
1 texture(s) processed!

[textures\ui\ui background black opaque.tga]
Running Texture Compiler...
Processed: 1
1 texture(s) processed!

[textures\ui\ui background blue opaque.tga]
Running Texture Compiler...
Processed: 1
1 texture(s) processed!

[textures\ui\ui background blue transparent.tga]
Running Texture Compiler...
Processed: 1
1 texture(s) processed!

[textures\ui\ui background dark blue opaque.tga]
Running Texture Compiler...
Processed: 1
1 texture(s) processed!

[textures\ui\ui background dark blue transparent.tga]
Running Texture Compiler...
Processed: 1
1 texture(s) processed!

[textures\ui\ui background opaque 1.tga]
Running Texture Compiler...
Processed: 1
1 texture(s) processed!

[textures\ui\ui background opaque 2.tga]
Running Texture Compiler...
Processed: 1
1 texture(s) processed!

[textures\ui\ui background opaque 3.tga]
Running Texture Compiler...
Processed: 1
1 texture(s) processed!

[textures\ui\ui background transparent 1.tga]
Running Texture Compiler...
Processed: 1
1 texture(s) processed!

[textures\ui\ui background yellow opaque.tga]
Running Texture Compiler...
Processed: 1
1 texture(s) processed!

[textures\ui\ui border bottom left corner.tga]
Running Texture Compiler...
Processed: 1
1 texture(s) processed!

[textures\ui\ui border bottom middle.tga]
Running Texture Compiler...
Processed: 1
1 texture(s) processed!

[textures\ui\ui border bottom right corner.tga]
Running Texture Compiler...
Processed: 1
1 texture(s) processed!

[textures\ui\ui border chinese bottom left corner.tga]
Running Texture Compiler...
Processed: 1
1 texture(s) processed!

[textures\ui\ui border chinese bottom middle.tga]
Running Texture Compiler...
Processed: 1
1 texture(s) processed!

[textures\ui\ui border chinese bottom right corner.tga]
Running Texture Compiler...
Processed: 1
1 texture(s) processed!

[textures\ui\ui border chinese left middle.tga]
Running Texture Compiler...
Processed: 1
1 texture(s) processed!

[textures\ui\ui border chinese right middle.tga]
Running Texture Compiler...
Processed: 1
1 texture(s) processed!

[textures\ui\ui border chinese top left corner.tga]
Running Texture Compiler...
Processed: 1
1 texture(s) processed!

[textures\ui\ui border chinese top middle.tga]
Running Texture Compiler...
Processed: 1
1 texture(s) processed!

[textures\ui\ui border chinese top right corner.tga]
Running Texture Compiler...
Processed: 1
1 texture(s) processed!

[textures\ui\ui border egypt bottom left corner.tga]
Running Texture Compiler...
Processed: 1
1 texture(s) processed!

[textures\ui\ui border egypt bottom middle.tga]
Running Texture Compiler...
Processed: 1
1 texture(s) processed!

[textures\ui\ui border egypt bottom right corner.tga]
Running Texture Compiler...
Processed: 1
1 texture(s) processed!

[textures\ui\ui border egypt left middle.tga]
Running Texture Compiler...
Processed: 1
1 texture(s) processed!

[textures\ui\ui border egypt right middle.tga]
Running Texture Compiler...
Processed: 1
1 texture(s) processed!

[textures\ui\ui border egypt top left corner.tga]
Running Texture Compiler...
Processed: 1
1 texture(s) processed!

[textures\ui\ui border egypt top middle.tga]
Running Texture Compiler...
Processed: 1
1 texture(s) processed!

[textures\ui\ui border egypt top right close button clicked.tga]
Running Texture Compiler...
Processed: 1
1 texture(s) processed!

[textures\ui\ui border egypt top right close button rollover.tga]
Running Texture Compiler...
Processed: 1
1 texture(s) processed!

[textures\ui\ui border egypt top right close button.tga]
Running Texture Compiler...
Processed: 1
1 texture(s) processed!

[textures\ui\ui border egypt top right corner.tga]
Running Texture Compiler...
Processed: 1
1 texture(s) processed!

[textures\ui\ui border greek bottom left corner.tga]
Running Texture Compiler...
Processed: 1
1 texture(s) processed!

[textures\ui\ui border greek bottom middle.tga]
Running Texture Compiler...
Processed: 1
1 texture(s) processed!

[textures\ui\ui border greek bottom right corner.tga]
Running Texture Compiler...
Processed: 1
1 texture(s) processed!

[textures\ui\ui border greek left middle.tga]
Running Texture Compiler...
Processed: 1
1 texture(s) processed!

[textures\ui\ui border greek right middle.tga]
Running Texture Compiler...
Processed: 1
1 texture(s) processed!

[textures\ui\ui border greek top left corner.tga]
Running Texture Compiler...
Processed: 1
1 texture(s) processed!

[textures\ui\ui border greek top middle.tga]
Running Texture Compiler...
Processed: 1
1 texture(s) processed!

[textures\ui\ui border greek top right close button clicked.tga]
Running Texture Compiler...
Processed: 1
1 texture(s) processed!

[textures\ui\ui border greek top right close button rollover.tga]
Running Texture Compiler...
Processed: 1
1 texture(s) processed!

[textures\ui\ui border greek top right close button.tga]
Running Texture Compiler...
Processed: 1
1 texture(s) processed!

[textures\ui\ui border greek top right corner.tga]
Running Texture Compiler...
Processed: 1
1 texture(s) processed!

[textures\ui\ui border left middle.tga]
Running Texture Compiler...
Processed: 1
1 texture(s) processed!

[textures\ui\ui border norse bottom left corner.tga]
Running Texture Compiler...
Processed: 1
1 texture(s) processed!

[textures\ui\ui border norse bottom middle.tga]
Running Texture Compiler...
Processed: 1
1 texture(s) processed!

[textures\ui\ui border norse bottom right corner.tga]
Running Texture Compiler...
Processed: 1
1 texture(s) processed!

[textures\ui\ui border norse left middle.tga]
Running Texture Compiler...
Processed: 1
1 texture(s) processed!

[textures\ui\ui border norse right middle.tga]
Running Texture Compiler...
Processed: 1
1 texture(s) processed!

[textures\ui\ui border norse top left corner.tga]
Running Texture Compiler...
Processed: 1
1 texture(s) processed!

[textures\ui\ui border norse top middle.tga]
Running Texture Compiler...
Processed: 1
1 texture(s) processed!

[textures\ui\ui border norse top right close button clicked.tga]
Running Texture Compiler...
Processed: 1
1 texture(s) processed!

[textures\ui\ui border norse top right close button rollover.tga]
Running Texture Compiler...
Processed: 1
1 texture(s) processed!

[textures\ui\ui border norse top right close button.tga]
Running Texture Compiler...
Processed: 1
1 texture(s) processed!

[textures\ui\ui border norse top right corner.tga]
Running Texture Compiler...
Processed: 1
1 texture(s) processed!

[textures\ui\ui border right middle.tga]
Running Texture Compiler...
Processed: 1
1 texture(s) processed!

[textures\ui\ui border top left corner.tga]
Running Texture Compiler...
Processed: 1
1 texture(s) processed!

[textures\ui\ui border top middle.tga]
Running Texture Compiler...
Processed: 1
1 texture(s) processed!

[textures\ui\ui border top right corner.tga]
Running Texture Compiler...
Processed: 1
1 texture(s) processed!

[textures\ui\ui border x bottom left corner.tga]
Running Texture Compiler...
Processed: 1
1 texture(s) processed!

[textures\ui\ui border x bottom middle.tga]
Running Texture Compiler...
Processed: 1
1 texture(s) processed!

[textures\ui\ui border x bottom right corner.tga]
Running Texture Compiler...
Processed: 1
1 texture(s) processed!

[textures\ui\ui border x left middle.tga]
Running Texture Compiler...
Processed: 1
1 texture(s) processed!

[textures\ui\ui border x right middle.tga]
Running Texture Compiler...
Processed: 1
1 texture(s) processed!

[textures\ui\ui border x top left corner.tga]
Running Texture Compiler...
Processed: 1
1 texture(s) processed!

[textures\ui\ui border x top middle.tga]
Running Texture Compiler...
Processed: 1
1 texture(s) processed!

[textures\ui\ui border x top right corner.tga]
Running Texture Compiler...
Processed: 1
1 texture(s) processed!

[textures\ui\ui button arrow down 32x64 clicked.tga]
Running Texture Compiler...
Processed: 1
1 texture(s) processed!

[textures\ui\ui button arrow down 32x64 grey.tga]
Running Texture Compiler...
Processed: 1
1 texture(s) processed!

[textures\ui\ui button arrow down 32x64 rollover.tga]
Running Texture Compiler...
Processed: 1
1 texture(s) processed!

[textures\ui\ui button arrow down 32x64.tga]
Running Texture Compiler...
Processed: 1
1 texture(s) processed!

[textures\ui\ui button arrow left 64x32 clicked.tga]
Running Texture Compiler...
Processed: 1
1 texture(s) processed!

[textures\ui\ui button arrow left 64x32 grey.tga]
Running Texture Compiler...
Processed: 1
1 texture(s) processed!

[textures\ui\ui button arrow left 64x32 rollover.tga]
Running Texture Compiler...
Processed: 1
1 texture(s) processed!

[textures\ui\ui button arrow left 64x32.tga]
Running Texture Compiler...
Processed: 1
1 texture(s) processed!

[textures\ui\ui button arrow right 64x32 clicked.tga]
Running Texture Compiler...
Processed: 1
1 texture(s) processed!

[textures\ui\ui button arrow right 64x32 grey.tga]
Running Texture Compiler...
Processed: 1
1 texture(s) processed!

[textures\ui\ui button arrow right 64x32 rollover.tga]
Running Texture Compiler...
Processed: 1
1 texture(s) processed!

[textures\ui\ui button arrow right 64x32.tga]
Running Texture Compiler...
Processed: 1
1 texture(s) processed!

[textures\ui\ui button arrow up 32x64 clicked.tga]
Running Texture Compiler...
Processed: 1
1 texture(s) processed!

[textures\ui\ui button arrow up 32x64 grey.tga]
Running Texture Compiler...
Processed: 1
1 texture(s) processed!

[textures\ui\ui button arrow up 32x64 rollover.tga]
Running Texture Compiler...
Processed: 1
1 texture(s) processed!

[textures\ui\ui button arrow up 32x64.tga]
Running Texture Compiler...
Processed: 1
1 texture(s) processed!

[textures\ui\ui button check box 32x32 clicked.tga]
Running Texture Compiler...
Processed: 1
1 texture(s) processed!

[textures\ui\ui button check box 32x32 green.tga]
Running Texture Compiler...
Processed: 1
1 texture(s) processed!

[textures\ui\ui button check box 32x32 grey.tga]
Running Texture Compiler...
Processed: 1
1 texture(s) processed!

[textures\ui\ui button check box 32x32 red.tga]
Running Texture Compiler...
Processed: 1
1 texture(s) processed!

[textures\ui\ui button check box 32x32 rollover.tga]
Running Texture Compiler...
Processed: 1
1 texture(s) processed!

[textures\ui\ui button check box 32x32.tga]
Running Texture Compiler...
Processed: 1
1 texture(s) processed!

[textures\ui\ui button check box checked grey.tga]
Running Texture Compiler...
Processed: 1
1 texture(s) processed!

[textures\ui\ui button check box green.tga]
Running Texture Compiler...
Processed: 1
1 texture(s) processed!

[textures\ui\ui button check box red.tga]
Running Texture Compiler...
Processed: 1
1 texture(s) processed!

[textures\ui\ui button long 128x32 blue.tga]
Running Texture Compiler...
Processed: 1
1 texture(s) processed!

[textures\ui\ui button long 128x32 clicked blue.tga]
Running Texture Compiler...
Processed: 1
1 texture(s) processed!

[textures\ui\ui button long 128x32 clicked.tga]
Running Texture Compiler...
Processed: 1
1 texture(s) processed!

[textures\ui\ui button long 128x32 grey.tga]
Running Texture Compiler...
Processed: 1
1 texture(s) processed!

[textures\ui\ui button long 128x32 rollover blue.tga]
Running Texture Compiler...
Processed: 1
1 texture(s) processed!

[textures\ui\ui button long 128x32 rollover.tga]
Running Texture Compiler...
Processed: 1
1 texture(s) processed!

[textures\ui\ui button long 128x32.tga]
Running Texture Compiler...
Processed: 1
1 texture(s) processed!

[textures\ui\ui button long 160x32 blue.tga]
Running Texture Compiler...
Processed: 1
1 texture(s) processed!

[textures\ui\ui button long 160x32 clicked blue.tga]
Running Texture Compiler...
Processed: 1
1 texture(s) processed!

[textures\ui\ui button long 160x32 clicked.tga]
Running Texture Compiler...
Processed: 1
1 texture(s) processed!

[textures\ui\ui button long 160x32 rollover blue.tga]
Running Texture Compiler...
Processed: 1
1 texture(s) processed!

[textures\ui\ui button long 160x32 rollover.tga]
Running Texture Compiler...
Processed: 1
1 texture(s) processed!

[textures\ui\ui button long 160x32.tga]
Running Texture Compiler...
Processed: 1
1 texture(s) processed!

[textures\ui\ui button long 192x32 blue.tga]
Running Texture Compiler...
Processed: 1
1 texture(s) processed!

[textures\ui\ui button long 192x32 clicked blue.tga]
Running Texture Compiler...
Processed: 1
1 texture(s) processed!

[textures\ui\ui button long 192x32 clicked.tga]
Running Texture Compiler...
Processed: 1
1 texture(s) processed!

[textures\ui\ui button long 192x32 grey.tga]
Running Texture Compiler...
Processed: 1
1 texture(s) processed!

[textures\ui\ui button long 192x32 rollover blue.tga]
Running Texture Compiler...
Processed: 1
1 texture(s) processed!

[textures\ui\ui button long 192x32 rollover.tga]
Running Texture Compiler...
Processed: 1
1 texture(s) processed!

[textures\ui\ui button long 192x32.tga]
Running Texture Compiler...
Processed: 1
1 texture(s) processed!

[textures\ui\ui button long 224x32 blue.tga]
Running Texture Compiler...
Processed: 1
1 texture(s) processed!

[textures\ui\ui button long 224x32 clicked blue.tga]
Running Texture Compiler...
Processed: 1
1 texture(s) processed!

[textures\ui\ui button long 224x32 clicked.tga]
Running Texture Compiler...
Processed: 1
1 texture(s) processed!

[textures\ui\ui button long 224x32 rollover blue.tga]
Running Texture Compiler...
Processed: 1
1 texture(s) processed!

[textures\ui\ui button long 224x32 rollover.tga]
Running Texture Compiler...
Processed: 1
1 texture(s) processed!

[textures\ui\ui button long 224x32.tga]
Running Texture Compiler...
Processed: 1
1 texture(s) processed!

[textures\ui\ui button long 256x32 blue.tga]
Running Texture Compiler...
Processed: 1
1 texture(s) processed!

[textures\ui\ui button long 256x32 clicked blue.tga]
Running Texture Compiler...
Processed: 1
1 texture(s) processed!

[textures\ui\ui button long 256x32 clicked.tga]
Running Texture Compiler...
Processed: 1
1 texture(s) processed!

[textures\ui\ui button long 256x32 rollover blue.tga]
Running Texture Compiler...
Processed: 1
1 texture(s) processed!

[textures\ui\ui button long 256x32 rollover.tga]
Running Texture Compiler...
Processed: 1
1 texture(s) processed!

[textures\ui\ui button long 256x32.tga]
Running Texture Compiler...
Processed: 1
1 texture(s) processed!

[textures\ui\ui button long 96x32 blue.tga]
Running Texture Compiler...
Processed: 1
1 texture(s) processed!

[textures\ui\ui button long 96x32 clicked blue.tga]
Running Texture Compiler...
Processed: 1
1 texture(s) processed!

[textures\ui\ui button long 96x32 clicked.tga]
Running Texture Compiler...
Processed: 1
1 texture(s) processed!

[textures\ui\ui button long 96x32 rollover blue.tga]
Running Texture Compiler...
Processed: 1
1 texture(s) processed!

[textures\ui\ui button long 96x32 rollover.tga]
Running Texture Compiler...
Processed: 1
1 texture(s) processed!

[textures\ui\ui button long 96x32.tga]
Running Texture Compiler...
Processed: 1
1 texture(s) processed!

[textures\ui\ui button long skinny 128x32 clicked.tga]
Running Texture Compiler...
Processed: 1
1 texture(s) processed!

[textures\ui\ui button long skinny 128x32 rollover.tga]
Running Texture Compiler...
Processed: 1
1 texture(s) processed!

[textures\ui\ui button long skinny 128x32.tga]
Running Texture Compiler...
Processed: 1
1 texture(s) processed!

[textures\ui\ui button long skinny 160x32 clicked.tga]
Running Texture Compiler...
Processed: 1
1 texture(s) processed!

[textures\ui\ui button long skinny 160x32 rollover.tga]
Running Texture Compiler...
Processed: 1
1 texture(s) processed!

[textures\ui\ui button long skinny 160x32.tga]
Running Texture Compiler...
Processed: 1
1 texture(s) processed!

[textures\ui\ui button long skinny 192x32 clicked.tga]
Running Texture Compiler...
Processed: 1
1 texture(s) processed!

[textures\ui\ui button long skinny 192x32 grey.tga]
Running Texture Compiler...
Processed: 1
1 texture(s) processed!

[textures\ui\ui button long skinny 192x32 rollover.tga]
Running Texture Compiler...
Processed: 1
1 texture(s) processed!

[textures\ui\ui button long skinny 192x32.tga]
Running Texture Compiler...
Processed: 1
1 texture(s) processed!

[textures\ui\ui button long skinny 224x32 clicked.tga]
Running Texture Compiler...
Processed: 1
1 texture(s) processed!

[textures\ui\ui button long skinny 224x32 rollover.tga]
Running Texture Compiler...
Processed: 1
1 texture(s) processed!

[textures\ui\ui button long skinny 224x32.tga]
Running Texture Compiler...
Processed: 1
1 texture(s) processed!

[textures\ui\ui button long skinny 256x32 clicked.tga]
Running Texture Compiler...
Processed: 1
1 texture(s) processed!

[textures\ui\ui button long skinny 256x32 rollover.tga]
Running Texture Compiler...
Processed: 1
1 texture(s) processed!

[textures\ui\ui button long skinny 256x32.tga]
Running Texture Compiler...
Processed: 1
1 texture(s) processed!

[textures\ui\ui button long skinny 96x32 clicked.tga]
Running Texture Compiler...
Processed: 1
1 texture(s) processed!

[textures\ui\ui button long skinny 96x32 rollover.tga]
Running Texture Compiler...
Processed: 1
1 texture(s) processed!

[textures\ui\ui button long skinny 96x32.tga]
Running Texture Compiler...
Processed: 1
1 texture(s) processed!

[textures\ui\ui button radial 24x24 clicked.tga]
Running Texture Compiler...
Processed: 1
1 texture(s) processed!

[textures\ui\ui button radial 24x24 grey.tga]
Running Texture Compiler...
Processed: 1
1 texture(s) processed!

[textures\ui\ui button radial 24x24 rollover.tga]
Running Texture Compiler...
Processed: 1
1 texture(s) processed!

[textures\ui\ui button radial 24x24.tga]
Running Texture Compiler...
Processed: 1
1 texture(s) processed!

[textures\ui\ui button radial 32x32 clicked.tga]
Running Texture Compiler...
Processed: 1
1 texture(s) processed!

[textures\ui\ui button radial 32x32 grey.tga]
Running Texture Compiler...
Processed: 1
1 texture(s) processed!

[textures\ui\ui button radial 32x32 rollover.tga]
Running Texture Compiler...
Processed: 1
1 texture(s) processed!

[textures\ui\ui button radial 32x32 selected grey.tga]
Running Texture Compiler...
Processed: 1
1 texture(s) processed!

[textures\ui\ui button radial 32x32.tga]
Running Texture Compiler...
Processed: 1
1 texture(s) processed!

[textures\ui\ui button slider arrow down 32x32 clicked.tga]
Running Texture Compiler...
Processed: 1
1 texture(s) processed!

[textures\ui\ui button slider arrow down 32x32 grey.tga]
Running Texture Compiler...
Processed: 1
1 texture(s) processed!

[textures\ui\ui button slider arrow down 32x32 rollover.tga]
Running Texture Compiler...
Processed: 1
1 texture(s) processed!

[textures\ui\ui button slider arrow down 32x32.tga]
Running Texture Compiler...
Processed: 1
1 texture(s) processed!

[textures\ui\ui button slider arrow left 32x32 clicked.tga]
Running Texture Compiler...
Processed: 1
1 texture(s) processed!

[textures\ui\ui button slider arrow left 32x32 grey.tga]
Running Texture Compiler...
Processed: 1
1 texture(s) processed!

[textures\ui\ui button slider arrow left 32x32 rollover.tga]
Running Texture Compiler...
Processed: 1
1 texture(s) processed!

[textures\ui\ui button slider arrow left 32x32.tga]
Running Texture Compiler...
Processed: 1
1 texture(s) processed!

[textures\ui\ui button slider arrow right 32x32 clicked.tga]
Running Texture Compiler...
Processed: 1
1 texture(s) processed!

[textures\ui\ui button slider arrow right 32x32 grey.tga]
Running Texture Compiler...
Processed: 1
1 texture(s) processed!

[textures\ui\ui button slider arrow right 32x32 rollover.tga]
Running Texture Compiler...
Processed: 1
1 texture(s) processed!

[textures\ui\ui button slider arrow right 32x32.tga]
Running Texture Compiler...
Processed: 1
1 texture(s) processed!

[textures\ui\ui button slider arrow up 32x32 clicked.tga]
Running Texture Compiler...
Processed: 1
1 texture(s) processed!

[textures\ui\ui button slider arrow up 32x32 grey.tga]
Running Texture Compiler...
Processed: 1
1 texture(s) processed!

[textures\ui\ui button slider arrow up 32x32 rollover.tga]
Running Texture Compiler...
Processed: 1
1 texture(s) processed!

[textures\ui\ui button slider arrow up 32x32.tga]
Running Texture Compiler...
Processed: 1
1 texture(s) processed!

[textures\ui\ui button tab down 128x32.tga]
Running Texture Compiler...
Processed: 1
1 texture(s) processed!

[textures\ui\ui button tab down 152x32.tga]
Running Texture Compiler...
Processed: 1
1 texture(s) processed!

[textures\ui\ui button tab friends list.tga]
Running Texture Compiler...
Processed: 1
1 texture(s) processed!

[textures\ui\ui button tab up 128x32.tga]
Running Texture Compiler...
Processed: 1
1 texture(s) processed!

[textures\ui\ui button tab up 152x32.tga]
Running Texture Compiler...
Processed: 1
1 texture(s) processed!

[textures\ui\ui dlc icon 64x64.tga]
Running Texture Compiler...
Processed: 1
1 texture(s) processed!

[textures\ui\ui dot net passport logo.tga]
Running Texture Compiler...
Processed: 1
1 texture(s) processed!

[textures\ui\ui eso friends aom 16x16.tga]
Running Texture Compiler...
Processed: 1
1 texture(s) processed!

[textures\ui\ui eso friends unknown 16x16.tga]
Running Texture Compiler...
Processed: 1
1 texture(s) processed!

[textures\ui\ui eso friends xpack 16x16.tga]
Running Texture Compiler...
Processed: 1
1 texture(s) processed!

[textures\ui\ui god all random 128x128.tga]
Running Texture Compiler...
Processed: 1
1 texture(s) processed!

[textures\ui\ui god all random 256x256.tga]
Running Texture Compiler...
Processed: 1
1 texture(s) processed!

[textures\ui\ui god all random 32x32.tga]
Running Texture Compiler...
Processed: 1
1 texture(s) processed!

[textures\ui\ui god all random 64x64.tga]
Running Texture Compiler...
Processed: 1
1 texture(s) processed!

[textures\ui\ui god atlantean random 128x128.tga]
Running Texture Compiler...
Processed: 1
1 texture(s) processed!

[textures\ui\ui god atlantean random 256x256.tga]
Running Texture Compiler...
Processed: 1
1 texture(s) processed!

[textures\ui\ui god atlantean random 32x32.tga]
Running Texture Compiler...
Processed: 1
1 texture(s) processed!

[textures\ui\ui god atlantean random 64x64.tga]
Running Texture Compiler...
Processed: 1
1 texture(s) processed!

[textures\ui\ui god base all random 128x128.tga]
Running Texture Compiler...
Processed: 1
1 texture(s) processed!

[textures\ui\ui god base all random 256x256.tga]
Running Texture Compiler...
Processed: 1
1 texture(s) processed!

[textures\ui\ui god base all random 32x32.tga]
Running Texture Compiler...
Processed: 1
1 texture(s) processed!

[textures\ui\ui god base all random 64x64.tga]
Running Texture Compiler...
Processed: 1
1 texture(s) processed!

[textures\ui\ui god boarder highlight 128x128.tga]
Running Texture Compiler...
Processed: 1
1 texture(s) processed!

[textures\ui\ui god boarder highlight 256x256.tga]
Running Texture Compiler...
Processed: 1
1 texture(s) processed!

[textures\ui\ui god chinese random 256x256.tga]
Running Texture Compiler...
Processed: 1
1 texture(s) processed!

[textures\ui\ui god chinese random 32x32.tga]
Running Texture Compiler...
Processed: 1
1 texture(s) processed!

[textures\ui\ui god egypt random 128x128.tga]
Running Texture Compiler...
Processed: 1
1 texture(s) processed!

[textures\ui\ui god egypt random 256x256.tga]
Running Texture Compiler...
Processed: 1
1 texture(s) processed!

[textures\ui\ui god egypt random 32x32.tga]
Running Texture Compiler...
Processed: 1
1 texture(s) processed!

[textures\ui\ui god egypt random 64x64.tga]
Running Texture Compiler...
Processed: 1
1 texture(s) processed!

[textures\ui\ui god fuxi 128x128.tga]
Running Texture Compiler...
Processed: 1
1 texture(s) processed!

[textures\ui\ui god fuxi 256x256.tga]
Running Texture Compiler...
Processed: 1
1 texture(s) processed!

[textures\ui\ui god fuxi 32x32.tga]
Running Texture Compiler...
Processed: 1
1 texture(s) processed!

[textures\ui\ui god fuxi 64x64.tga]
Running Texture Compiler...
Processed: 1
1 texture(s) processed!

[textures\ui\ui god gaia 128x128.tga]
Running Texture Compiler...
Processed: 1
1 texture(s) processed!

[textures\ui\ui god gaia 256x256.tga]
Running Texture Compiler...
Processed: 1
1 texture(s) processed!

[textures\ui\ui god gaia 32x32.tga]
Running Texture Compiler...
Processed: 1
1 texture(s) processed!

[textures\ui\ui god gaia 64x64.tga]
Running Texture Compiler...
Processed: 1
1 texture(s) processed!

[textures\ui\ui god greek random 128x128.tga]
Running Texture Compiler...
Processed: 1
1 texture(s) processed!

[textures\ui\ui god greek random 256x256.tga]
Running Texture Compiler...
Processed: 1
1 texture(s) processed!

[textures\ui\ui god greek random 32x32.tga]
Running Texture Compiler...
Processed: 1
1 texture(s) processed!

[textures\ui\ui god greek random 64x64.tga]
Running Texture Compiler...
Processed: 1
1 texture(s) processed!

[textures\ui\ui god hades 128x128.tga]
Running Texture Compiler...
Processed: 1
1 texture(s) processed!

[textures\ui\ui god hades 256x256.tga]
Running Texture Compiler...
Processed: 1
1 texture(s) processed!

[textures\ui\ui god hades 32x32.tga]
Running Texture Compiler...
Processed: 1
1 texture(s) processed!

[textures\ui\ui god hades 64x64.tga]
Running Texture Compiler...
Processed: 1
1 texture(s) processed!

[textures\ui\ui god isis 128x128.tga]
Running Texture Compiler...
Processed: 1
1 texture(s) processed!

[textures\ui\ui god isis 256x256.tga]
Running Texture Compiler...
Processed: 1
1 texture(s) processed!

[textures\ui\ui god isis 32x32.tga]
Running Texture Compiler...
Processed: 1
1 texture(s) processed!

[textures\ui\ui god isis 64x64.tga]
Running Texture Compiler...
Processed: 1
1 texture(s) processed!

[textures\ui\ui god kronos 128x128.tga]
Running Texture Compiler...
Processed: 1
1 texture(s) processed!

[textures\ui\ui god kronos 256x256.tga]
Running Texture Compiler...
Processed: 1
1 texture(s) processed!

[textures\ui\ui god kronos 32x32.tga]
Running Texture Compiler...
Processed: 1
1 texture(s) processed!

[textures\ui\ui god kronos 64x64.tga]
Running Texture Compiler...
Processed: 1
1 texture(s) processed!

[textures\ui\ui god loki 128x128.tga]
Running Texture Compiler...
Processed: 1
1 texture(s) processed!

[textures\ui\ui god loki 256x256.tga]
Running Texture Compiler...
Processed: 1
1 texture(s) processed!

[textures\ui\ui god loki 32x32.tga]
Running Texture Compiler...
Processed: 1
1 texture(s) processed!

[textures\ui\ui god loki 64x64.tga]
Running Texture Compiler...
Processed: 1
1 texture(s) processed!

[textures\ui\ui god norse random 128x128.tga]
Running Texture Compiler...
Processed: 1
1 texture(s) processed!

[textures\ui\ui god norse random 256x256.tga]
Running Texture Compiler...
Processed: 1
1 texture(s) processed!

[textures\ui\ui god norse random 32x32.tga]
Running Texture Compiler...
Processed: 1
1 texture(s) processed!

[textures\ui\ui god norse random 64x64.tga]
Running Texture Compiler...
Processed: 1
1 texture(s) processed!

[textures\ui\ui god nuwa 128x128.tga]
Running Texture Compiler...
Processed: 1
1 texture(s) processed!

[textures\ui\ui god nuwa 256x256.tga]
Running Texture Compiler...
Processed: 1
1 texture(s) processed!

[textures\ui\ui god nuwa 32x32.tga]
Running Texture Compiler...
Processed: 1
1 texture(s) processed!

[textures\ui\ui god nuwa 64x64.tga]
Running Texture Compiler...
Processed: 1
1 texture(s) processed!

[textures\ui\ui god odin 128x128.tga]
Running Texture Compiler...
Processed: 1
1 texture(s) processed!

[textures\ui\ui god odin 256x256.tga]
Running Texture Compiler...
Processed: 1
1 texture(s) processed!

[textures\ui\ui god odin 32x32.tga]
Running Texture Compiler...
Processed: 1
1 texture(s) processed!

[textures\ui\ui god odin 64x64.tga]
Running Texture Compiler...
Processed: 1
1 texture(s) processed!

[textures\ui\ui god oranos 128x128.tga]
Running Texture Compiler...
Processed: 1
1 texture(s) processed!

[textures\ui\ui god oranos 256x256.tga]
Running Texture Compiler...
Processed: 1
1 texture(s) processed!

[textures\ui\ui god oranos 32x32.tga]
Running Texture Compiler...
Processed: 1
1 texture(s) processed!

[textures\ui\ui god oranos 64x64.tga]
Running Texture Compiler...
Processed: 1
1 texture(s) processed!

[textures\ui\ui god poseidon 128x128.tga]
Running Texture Compiler...
Processed: 1
1 texture(s) processed!

[textures\ui\ui god poseidon 256x256.tga]
Running Texture Compiler...
Processed: 1
1 texture(s) processed!

[textures\ui\ui god poseidon 32x32.tga]
Running Texture Compiler...
Processed: 1
1 texture(s) processed!

[textures\ui\ui god poseidon 64x64.tga]
Running Texture Compiler...
Processed: 1
1 texture(s) processed!

[textures\ui\ui god ra 128x128.tga]
Running Texture Compiler...
Processed: 1
1 texture(s) processed!

[textures\ui\ui god ra 256x256.tga]
Running Texture Compiler...
Processed: 1
1 texture(s) processed!

[textures\ui\ui god ra 32x32.tga]
Running Texture Compiler...
Processed: 1
1 texture(s) processed!

[textures\ui\ui god ra 64x64.tga]
Running Texture Compiler...
Processed: 1
1 texture(s) processed!

[textures\ui\ui god set 128x128.tga]
Running Texture Compiler...
Processed: 1
1 texture(s) processed!

[textures\ui\ui god set 256x256.tga]
Running Texture Compiler...
Processed: 1
1 texture(s) processed!

[textures\ui\ui god set 32x32.tga]
Running Texture Compiler...
Processed: 1
1 texture(s) processed!

[textures\ui\ui god set 64x64.tga]
Running Texture Compiler...
Processed: 1
1 texture(s) processed!

[textures\ui\ui god shennong 128x128.tga]
Running Texture Compiler...
Processed: 1
1 texture(s) processed!

[textures\ui\ui god shennong 256x256.tga]
Running Texture Compiler...
Processed: 1
1 texture(s) processed!

[textures\ui\ui god shennong 32x32.tga]
Running Texture Compiler...
Processed: 1
1 texture(s) processed!

[textures\ui\ui god shennong 64x64.tga]
Running Texture Compiler...
Processed: 1
1 texture(s) processed!

[textures\ui\ui god thor 128x128.tga]
Running Texture Compiler...
Processed: 1
1 texture(s) processed!

[textures\ui\ui god thor 256x256.tga]
Running Texture Compiler...
Processed: 1
1 texture(s) processed!

[textures\ui\ui god thor 32x32.tga]
Running Texture Compiler...
Processed: 1
1 texture(s) processed!

[textures\ui\ui god thor 64x64.tga]
Running Texture Compiler...
Processed: 1
1 texture(s) processed!

[textures\ui\ui god zeus 128x128.tga]
Running Texture Compiler...
Processed: 1
1 texture(s) processed!

[textures\ui\ui god zeus 256x256.tga]
Running Texture Compiler...
Processed: 1
1 texture(s) processed!

[textures\ui\ui god zeus 32x32.tga]
Running Texture Compiler...
Processed: 1
1 texture(s) processed!

[textures\ui\ui god zeus 64x64.tga]
Running Texture Compiler...
Processed: 1
1 texture(s) processed!

[textures\ui\ui icon button clicked.tga]
Running Texture Compiler...
Processed: 1
1 texture(s) processed!

[textures\ui\ui icon button foreground film.tga]
Running Texture Compiler...
Processed: 1
1 texture(s) processed!

[textures\ui\ui icon button foreground history.tga]
Running Texture Compiler...
Processed: 1
1 texture(s) processed!

[textures\ui\ui icon button foreground options.tga]
Running Texture Compiler...
Processed: 1
1 texture(s) processed!

[textures\ui\ui icon button foreground steam.tga]
Running Texture Compiler...
Processed: 1
1 texture(s) processed!

[textures\ui\ui icon button rollover.tga]
Running Texture Compiler...
Processed: 1
1 texture(s) processed!

[textures\ui\ui icon button.tga]
Running Texture Compiler...
Processed: 1
1 texture(s) processed!

[textures\ui\ui line yellow vertical.tga]
Running Texture Compiler...
Processed: 1
1 texture(s) processed!

[textures\ui\ui line yellow.tga]
Running Texture Compiler...
Processed: 1
1 texture(s) processed!

[textures\ui\ui map acropolis 128x128.tga]
Running Texture Compiler...
Processed: 1
1 texture(s) processed!

[textures\ui\ui map acropolis 256x256.tga]
Running Texture Compiler...
Processed: 1
1 texture(s) processed!

[textures\ui\ui map alfheim 128x128.tga]
Running Texture Compiler...
Processed: 1
1 texture(s) processed!

[textures\ui\ui map alfheim 256x256.tga]
Running Texture Compiler...
Processed: 1
1 texture(s) processed!

[textures\ui\ui map altheim 128x128.tga]
Running Texture Compiler...
Processed: 1
1 texture(s) processed!

[textures\ui\ui map altheim 256x256.tga]
Running Texture Compiler...
Processed: 1
1 texture(s) processed!

[textures\ui\ui map anatolia 128x128.tga]
Running Texture Compiler...
Processed: 1
1 texture(s) processed!

[textures\ui\ui map anatolia 256x256.tga]
Running Texture Compiler...
Processed: 1
1 texture(s) processed!

[textures\ui\ui map any 128x128.tga]
Running Texture Compiler...
Processed: 1
1 texture(s) processed!

[textures\ui\ui map any 256x256.tga]
Running Texture Compiler...
Processed: 1
1 texture(s) processed!

[textures\ui\ui map archipelago 128x128.tga]
Running Texture Compiler...
Processed: 1
1 texture(s) processed!

[textures\ui\ui map archipelago 256x256.tga]
Running Texture Compiler...
Processed: 1
1 texture(s) processed!

[textures\ui\ui map basin 256x256.tga]
Running Texture Compiler...
Processed: 1
1 texture(s) processed!

[textures\ui\ui map black sea 128x128.tga]
Running Texture Compiler...
Processed: 1
1 texture(s) processed!

[textures\ui\ui map black sea 256x256.tga]
Running Texture Compiler...
Processed: 1
1 texture(s) processed!

[textures\ui\ui map blue lagoon.tga]
Running Texture Compiler...
Running Texture Compiler...
Processed: 1
1 texture(s) processed!

[textures\ui\ui map boarder highlight 128x128.tga]
Running Texture Compiler...
Processed: 1
1 texture(s) processed!

[textures\ui\ui map boarder highlight 256x256.tga]
Running Texture Compiler...
Processed: 1
1 texture(s) processed!

[textures\ui\ui map boarder template 128x128.tga]
Running Texture Compiler...
Processed: 1
1 texture(s) processed!

[textures\ui\ui map boarder template 256x256.tga]
Running Texture Compiler...
Processed: 1
1 texture(s) processed!

[textures\ui\ui map deep jungle 256x256.tga]
Running Texture Compiler...
Processed: 1
1 texture(s) processed!

[textures\ui\ui map erebus 128x128.tga]
Running Texture Compiler...
Processed: 1
1 texture(s) processed!

[textures\ui\ui map erebus 256x256.tga]
Running Texture Compiler...
Processed: 1
1 texture(s) processed!

[textures\ui\ui map fgc 128x128.tga]
Running Texture Compiler...
Processed: 1
1 texture(s) processed!

[textures\ui\ui map fgc 256x256.tga]
Running Texture Compiler...
Processed: 1
1 texture(s) processed!

[textures\ui\ui map ghost lake 128x128.tga]
Running Texture Compiler...
Processed: 1
1 texture(s) processed!

[textures\ui\ui map ghost lake 256x256.tga]
Running Texture Compiler...
Processed: 1
1 texture(s) processed!

[textures\ui\ui map golden fleece 128x128.tga]
Running Texture Compiler...
Processed: 1
1 texture(s) processed!

[textures\ui\ui map golden fleece 256x256.tga]
Running Texture Compiler...
Processed: 1
1 texture(s) processed!

[textures\ui\ui map highland 128x128.tga]
Running Texture Compiler...
Processed: 1
1 texture(s) processed!

[textures\ui\ui map highland 256x256.tga]
Running Texture Compiler...
Processed: 1
1 texture(s) processed!

[textures\ui\ui map islands 128x128.tga]
Running Texture Compiler...
Processed: 1
1 texture(s) processed!

[textures\ui\ui map islands 256x256.tga]
Running Texture Compiler...
Processed: 1
1 texture(s) processed!

[textures\ui\ui map jotunheim 128x128.tga]
Running Texture Compiler...
Processed: 1
1 texture(s) processed!

[textures\ui\ui map jotunheim 256x256.tga]
Running Texture Compiler...
Processed: 1
1 texture(s) processed!

[textures\ui\ui map king of the hill 128x128.tga]
Running Texture Compiler...
Processed: 1
1 texture(s) processed!

[textures\ui\ui map king of the hill 256x256.tga]
Running Texture Compiler...
Processed: 1
1 texture(s) processed!

[textures\ui\ui map land unknown 128x128.tga]
Running Texture Compiler...
Processed: 1
1 texture(s) processed!

[textures\ui\ui map land unknown 256x256.tga]
Running Texture Compiler...
Processed: 1
1 texture(s) processed!

[textures\ui\ui map marsh 128x128.tga]
Running Texture Compiler...
Processed: 1
1 texture(s) processed!

[textures\ui\ui map marsh 256x256.tga]
Running Texture Compiler...
Processed: 1
1 texture(s) processed!

[textures\ui\ui map mediterranean 128x128.tga]
Running Texture Compiler...
Processed: 1
1 texture(s) processed!

[textures\ui\ui map mediterranean 256x256.tga]
Running Texture Compiler...
Processed: 1
1 texture(s) processed!

[textures\ui\ui map megalopolis 128x128.tga]
Running Texture Compiler...
Processed: 1
1 texture(s) processed!

[textures\ui\ui map megalopolis 256x256.tga]
Running Texture Compiler...
Processed: 1
1 texture(s) processed!

[textures\ui\ui map midgard 128x128.tga]
Running Texture Compiler...
Processed: 1
1 texture(s) processed!

[textures\ui\ui map midgard 256x256.tga]
Running Texture Compiler...
Processed: 1
1 texture(s) processed!

[textures\ui\ui map missing 128x128.tga]
Running Texture Compiler...
Processed: 1
1 texture(s) processed!

[textures\ui\ui map missing 256x256.tga]
Running Texture Compiler...
Processed: 1
1 texture(s) processed!

[textures\ui\ui map nomad 128x128.tga]
Running Texture Compiler...
Processed: 1
1 texture(s) processed!

[textures\ui\ui map nomad 256x256.tga]
Running Texture Compiler...
Processed: 1
1 texture(s) processed!

[textures\ui\ui map oasis 128x128.tga]
Running Texture Compiler...
Processed: 1
1 texture(s) processed!

[textures\ui\ui map oasis 256x256.tga]
Running Texture Compiler...
Processed: 1
1 texture(s) processed!

[textures\ui\ui map old atlantis 256x256.tga]
Running Texture Compiler...
Processed: 1
1 texture(s) processed!

[textures\ui\ui map open fields 256x256.tga]
Running Texture Compiler...
Processed: 1
1 texture(s) processed!

[textures\ui\ui map pick 128x128.tga]
Running Texture Compiler...
Processed: 1
1 texture(s) processed!

[textures\ui\ui map pick 256x256.tga]
Running Texture Compiler...
Processed: 1
1 texture(s) processed!

[textures\ui\ui map random 128x128.tga]
Running Texture Compiler...
Processed: 1
1 texture(s) processed!

[textures\ui\ui map random 256x256.tga]
Running Texture Compiler...
Processed: 1
1 texture(s) processed!

[textures\ui\ui map random fast 128x128.tga]
Running Texture Compiler...
Processed: 1
1 texture(s) processed!

[textures\ui\ui map random fast 256x256.tga]
Running Texture Compiler...
Processed: 1
1 texture(s) processed!

[textures\ui\ui map regicide 256x256.tga]
Running Texture Compiler...
Processed: 1
1 texture(s) processed!

[textures\ui\ui map restore 256x256.tga]
Running Texture Compiler...
Processed: 1
1 texture(s) processed!

[textures\ui\ui map river nile 128x128.tga]
Running Texture Compiler...
Processed: 1
1 texture(s) processed!

[textures\ui\ui map river nile 256x256.tga]
Running Texture Compiler...
Processed: 1
1 texture(s) processed!

[textures\ui\ui map river styx 128x128.tga]
Running Texture Compiler...
Processed: 1
1 texture(s) processed!

[textures\ui\ui map river styx 256x256.tga]
Running Texture Compiler...
Processed: 1
1 texture(s) processed!

[textures\ui\ui map savannah 128x128.tga]
Running Texture Compiler...
Processed: 1
1 texture(s) processed!

[textures\ui\ui map savannah 256x256.tga]
Running Texture Compiler...
Processed: 1
1 texture(s) processed!

[textures\ui\ui map scenario 128x128.tga]
Running Texture Compiler...
Processed: 1
1 texture(s) processed!

[textures\ui\ui map scenario 256x256.tga]
Running Texture Compiler...
Processed: 1
1 texture(s) processed!

[textures\ui\ui map sea of worms 128x128.tga]
Running Texture Compiler...
Processed: 1
1 texture(s) processed!

[textures\ui\ui map sea of worms 256x256.tga]
Running Texture Compiler...
Processed: 1
1 texture(s) processed!

[textures\ui\ui map silk road 256x256.tga]
Running Texture Compiler...
Processed: 1
1 texture(s) processed!

[textures\ui\ui map size select giant clicked.tga]
Running Texture Compiler...
Processed: 1
1 texture(s) processed!

[textures\ui\ui map size select giant.tga]
Running Texture Compiler...
Processed: 1
1 texture(s) processed!

[textures\ui\ui map size select large clicked.tga]
Running Texture Compiler...
Processed: 1
1 texture(s) processed!

[textures\ui\ui map size select large.tga]
Running Texture Compiler...
Processed: 1
1 texture(s) processed!

[textures\ui\ui map size select normal clicked.tga]
Running Texture Compiler...
Processed: 1
1 texture(s) processed!

[textures\ui\ui map size select normal.tga]
Running Texture Compiler...
Processed: 1
1 texture(s) processed!

[textures\ui\ui map sudden death 128x128.tga]
Running Texture Compiler...
Processed: 1
1 texture(s) processed!

[textures\ui\ui map sudden death 256x256.tga]
Running Texture Compiler...
Processed: 1
1 texture(s) processed!

[textures\ui\ui map team migration 128x128.tga]
Running Texture Compiler...
Processed: 1
1 texture(s) processed!

[textures\ui\ui map team migration 256x256.tga]
Running Texture Compiler...
Processed: 1
1 texture(s) processed!

[textures\ui\ui map the unknown 128x128.tga]
Running Texture Compiler...
Processed: 1
1 texture(s) processed!

[textures\ui\ui map the unknown 256x256.tga]
Running Texture Compiler...
Processed: 1
1 texture(s) processed!

[textures\ui\ui map tundra 128x128.tga]
Running Texture Compiler...
Processed: 1
1 texture(s) processed!

[textures\ui\ui map tundra 256x256.tga]
Running Texture Compiler...
Processed: 1
1 texture(s) processed!

[textures\ui\ui map user made 128x128.tga]
Running Texture Compiler...
Processed: 1
1 texture(s) processed!

[textures\ui\ui map user made 256x256.tga]
Running Texture Compiler...
Processed: 1
1 texture(s) processed!

[textures\ui\ui map valley of kings 128x128.tga]
Running Texture Compiler...
Processed: 1
1 texture(s) processed!

[textures\ui\ui map valley of kings 256x256.tga]
Running Texture Compiler...
Processed: 1
1 texture(s) processed!

[textures\ui\ui map vinlandsaga 128x128.tga]
Running Texture Compiler...
Processed: 1
1 texture(s) processed!

[textures\ui\ui map vinlandsaga 256x256.tga]
Running Texture Compiler...
Processed: 1
1 texture(s) processed!

[textures\ui\ui map watering hole 128x128.tga]
Running Texture Compiler...
Processed: 1
1 texture(s) processed!

[textures\ui\ui map watering hole 256x256.tga]
Running Texture Compiler...
Processed: 1
1 texture(s) processed!

[textures\ui\ui map yellow river 256x256.tga]
Running Texture Compiler...
Processed: 1
1 texture(s) processed!

[textures\ui\ui online multiplayer test.tga]
Running Texture Compiler...
Processed: 1
1 texture(s) processed!

[textures\ui\ui ornate gold swirl 128x64.tga]
Running Texture Compiler...
Processed: 1
1 texture(s) processed!

[textures\ui\ui ornate gold swirl 16x32.tga]
Running Texture Compiler...
Processed: 1
1 texture(s) processed!

[textures\ui\ui ornate gold swirl 32x16.tga]
Running Texture Compiler...
Processed: 1
1 texture(s) processed!

[textures\ui\ui ornate gold swirl 32x64.tga]
Running Texture Compiler...
Processed: 1
1 texture(s) processed!

[textures\ui\ui ornate gold swirl 64x128.tga]
Running Texture Compiler...
Processed: 1
1 texture(s) processed!

[textures\ui\ui ornate gold swirl 64x32.tga]
Running Texture Compiler...
Processed: 1
1 texture(s) processed!

[textures\ui\ui pregame aom titan logo left.tga]
Running Texture Compiler...
Processed: 1
1 texture(s) processed!

[textures\ui\ui pregame aom titan logo right.tga]
Running Texture Compiler...
Processed: 1
1 texture(s) processed!

[textures\ui\ui pregame button click.tga]
Running Texture Compiler...
Processed: 1
1 texture(s) processed!

[textures\ui\ui pregame button clicked.tga]
Running Texture Compiler...
Processed: 1
1 texture(s) processed!

[textures\ui\ui pregame button glow.tga]
Running Texture Compiler...
Processed: 1
1 texture(s) processed!

[textures\ui\ui pregame button rollover.tga]
Running Texture Compiler...
Processed: 1
1 texture(s) processed!

[textures\ui\ui pregame button.tga]
Running Texture Compiler...
Processed: 1
1 texture(s) processed!

[textures\ui\ui pregame left bottom.tga]
Running Texture Compiler...
Processed: 1
1 texture(s) processed!

[textures\ui\ui pregame left middle.tga]
Running Texture Compiler...
Processed: 1
1 texture(s) processed!

[textures\ui\ui pregame left top.tga]
Running Texture Compiler...
Processed: 1
1 texture(s) processed!

[textures\ui\ui pregame right bottom.tga]
Running Texture Compiler...
Processed: 1
1 texture(s) processed!

[textures\ui\ui pregame right middle.tga]
Running Texture Compiler...
Processed: 1
1 texture(s) processed!

[textures\ui\ui pregame right top.tga]
Running Texture Compiler...
Processed: 1
1 texture(s) processed!

[textures\ui\ui pregame transparency background.tga]
Running Texture Compiler...
Processed: 1
1 texture(s) processed!

[textures\ui\ui progress bar background left.tga]
Running Texture Compiler...
Processed: 1
1 texture(s) processed!

[textures\ui\ui progress bar background middle.tga]
Running Texture Compiler...
Processed: 1
1 texture(s) processed!

[textures\ui\ui progress bar background right.tga]
Running Texture Compiler...
Processed: 1
1 texture(s) processed!

[textures\ui\ui progress bar flair.tga]
Running Texture Compiler...
Processed: 1
1 texture(s) processed!

[textures\ui\ui progress bar.tga]
Running Texture Compiler...
Processed: 1
1 texture(s) processed!

[textures\ui\ui quick start button 256x64 clicked.tga]
Running Texture Compiler...
Processed: 1
1 texture(s) processed!

[textures\ui\ui quick start button 256x64 rollover.tga]
Running Texture Compiler...
Processed: 1
1 texture(s) processed!

[textures\ui\ui quick start button 256x64.tga]
Running Texture Compiler...
Processed: 1
1 texture(s) processed!

[textures\ui\ui scroll bottom 128x16.tga]
Running Texture Compiler...
Processed: 1
1 texture(s) processed!

[textures\ui\ui scroll bottom 256x16.tga]
Running Texture Compiler...
Processed: 1
1 texture(s) processed!

[textures\ui\ui scroll bottom 64x16.tga]
Running Texture Compiler...
Processed: 1
1 texture(s) processed!

[textures\ui\ui scroll bottom tile 8x8 grey.tga]
Running Texture Compiler...
Processed: 1
1 texture(s) processed!

[textures\ui\ui scroll bottom tile 8x8.tga]
Running Texture Compiler...
Processed: 1
1 texture(s) processed!

[textures\ui\ui scroll bottom tile grey.tga]
Running Texture Compiler...
Processed: 1
1 texture(s) processed!

[textures\ui\ui scroll bottom tile tan.tga]
Running Texture Compiler...
Processed: 1
1 texture(s) processed!

[textures\ui\ui scroll bottom tile.tga]
Running Texture Compiler...
Processed: 1
1 texture(s) processed!

[textures\ui\ui scroll cap left 8x8 grey.tga]
Running Texture Compiler...
Processed: 1
1 texture(s) processed!

[textures\ui\ui scroll cap left 8x8.tga]
Running Texture Compiler...
Processed: 1
1 texture(s) processed!

[textures\ui\ui scroll cap left grey.tga]
Running Texture Compiler...
Processed: 1
1 texture(s) processed!

[textures\ui\ui scroll cap left tan.tga]
Running Texture Compiler...
Processed: 1
1 texture(s) processed!

[textures\ui\ui scroll cap left.tga]
Running Texture Compiler...
Processed: 1
1 texture(s) processed!

[textures\ui\ui scroll cap right 8x8 grey.tga]
Running Texture Compiler...
Processed: 1
1 texture(s) processed!

[textures\ui\ui scroll cap right 8x8.tga]
Running Texture Compiler...
Processed: 1
1 texture(s) processed!

[textures\ui\ui scroll cap right grey.tga]
Running Texture Compiler...
Processed: 1
1 texture(s) processed!

[textures\ui\ui scroll cap right tan.tga]
Running Texture Compiler...
Processed: 1
1 texture(s) processed!

[textures\ui\ui scroll cap right.tga]
Running Texture Compiler...
Processed: 1
1 texture(s) processed!

[textures\ui\ui scroll middle 128x16 tan.tga]
Running Texture Compiler...
Processed: 1
1 texture(s) processed!

[textures\ui\ui scroll middle 128x16.tga]
Running Texture Compiler...
Processed: 1
1 texture(s) processed!

[textures\ui\ui scroll middle 256x16.tga]
Running Texture Compiler...
Processed: 1
1 texture(s) processed!

[textures\ui\ui scroll middle 64x16.tga]
Running Texture Compiler...
Processed: 1
1 texture(s) processed!

[textures\ui\ui scroll middle tile 8x8.tga]
Running Texture Compiler...
Processed: 1
1 texture(s) processed!

[textures\ui\ui scroll middle tile grey.tga]
Running Texture Compiler...
Processed: 1
1 texture(s) processed!

[textures\ui\ui scroll middle tile.tga]
Running Texture Compiler...
Processed: 1
1 texture(s) processed!

[textures\ui\ui scroll top 128x16.tga]
Running Texture Compiler...
Processed: 1
1 texture(s) processed!

[textures\ui\ui scroll top 256x16.tga]
Running Texture Compiler...
Processed: 1
1 texture(s) processed!

[textures\ui\ui scroll top 64x16.tga]
Running Texture Compiler...
Processed: 1
1 texture(s) processed!

[textures\ui\ui scroll top tile 8x8.tga]
Running Texture Compiler...
Processed: 1
1 texture(s) processed!

[textures\ui\ui scroll top tile grey.tga]
Running Texture Compiler...
Processed: 1
1 texture(s) processed!

[textures\ui\ui scroll top tile tan.tga]
Running Texture Compiler...
Processed: 1
1 texture(s) processed!

[textures\ui\ui scroll top tile.tga]
Running Texture Compiler...
Processed: 1
1 texture(s) processed!

[textures\ui\ui slider pip horizontal.tga]
Running Texture Compiler...
Processed: 1
1 texture(s) processed!

[textures\ui\ui slider pip verticle.tga]
Running Texture Compiler...
Processed: 1
1 texture(s) processed!

[textures\ui\ui text box left grey.tga]
Running Texture Compiler...
Processed: 1
1 texture(s) processed!

[textures\ui\ui text box left.tga]
Running Texture Compiler...
Processed: 1
1 texture(s) processed!

[textures\ui\ui text box middle grey.tga]
Running Texture Compiler...
Processed: 1
1 texture(s) processed!

[textures\ui\ui text box middle.tga]
Running Texture Compiler...
Processed: 1
1 texture(s) processed!

[textures\ui\ui text box right grey.tga]
Running Texture Compiler...
Processed: 1
1 texture(s) processed!

[textures\ui\ui text box right.tga]
Running Texture Compiler...
Processed: 1
1 texture(s) processed!

[textures\ui\ui text chat box grey.tga]
Running Texture Compiler...
Processed: 1
1 texture(s) processed!

[textures\ui\ui text chat box.tga]
Running Texture Compiler...
Processed: 1
1 texture(s) processed!

[textures\ui\ui_check.tga]
Running Texture Compiler...
Processed: 1
1 texture(s) processed!

[textures\ui\ui_close.tga]
Running Texture Compiler...
Processed: 1
1 texture(s) processed!

[textures\ui\ui_close_alpha.tga]
Running Texture Compiler...
Processed: 1
1 texture(s) processed!

[textures\ui\ui_consolebackground.tga]
Running Texture Compiler...
Processed: 1
1 texture(s) processed!

[textures\ui\ui_dark_gray.tga]
Running Texture Compiler...
Processed: 1
1 texture(s) processed!

[textures\ui\ui_downarrow_l.tga]
Running Texture Compiler...
Processed: 1
1 texture(s) processed!

[textures\ui\ui_downarrow_m.tga]
Running Texture Compiler...
Processed: 1
1 texture(s) processed!

[textures\ui\ui_downarrow_s.tga]
Running Texture Compiler...
Processed: 1
1 texture(s) processed!

[textures\ui\ui_drive.tga]
Running Texture Compiler...
Processed: 1
1 texture(s) processed!

[textures\ui\ui_file.tga]
Running Texture Compiler...
Processed: 1
1 texture(s) processed!

[textures\ui\ui_folder.tga]
Running Texture Compiler...
Processed: 1
1 texture(s) processed!

[textures\ui\ui_g_menuicon.tga]
Running Texture Compiler...
Processed: 1
1 texture(s) processed!

[textures\ui\ui_highlight.tga]
Running Texture Compiler...
Processed: 1
1 texture(s) processed!

[textures\ui\ui_highlight2.tga]
Running Texture Compiler...
Processed: 1
1 texture(s) processed!

[textures\ui\ui_leftarrow_l.tga]
Running Texture Compiler...
Processed: 1
1 texture(s) processed!

[textures\ui\ui_leftarrow_m.tga]
Running Texture Compiler...
Processed: 1
1 texture(s) processed!

[textures\ui\ui_leftarrow_s.tga]
Running Texture Compiler...
Processed: 1
1 texture(s) processed!

[textures\ui\ui_light_gray.tga]
Running Texture Compiler...
Processed: 1
1 texture(s) processed!

[textures\ui\ui_med_gray.tga]
Running Texture Compiler...
Processed: 1
1 texture(s) processed!

[textures\ui\ui_menucheck.tga]
Running Texture Compiler...
Processed: 1
1 texture(s) processed!

[textures\ui\ui_menucheck_dis.tga]
Running Texture Compiler...
Processed: 1
1 texture(s) processed!

[textures\ui\ui_menuseparator.tga]
Running Texture Compiler...
Processed: 1
1 texture(s) processed!

[textures\ui\ui_menuuncheck.tga]
Running Texture Compiler...
Processed: 1
1 texture(s) processed!

[textures\ui\ui_menuunderline.tga]
Running Texture Compiler...
Processed: 1
1 texture(s) processed!

[textures\ui\ui_menuunderline_dis.tga]
Running Texture Compiler...
Processed: 1
1 texture(s) processed!

[textures\ui\ui_minimap.tga]
Running Texture Compiler...
Processed: 1
1 texture(s) processed!

[textures\ui\ui_minimize.tga]
Running Texture Compiler...
Processed: 1
1 texture(s) processed!

[textures\ui\ui_pip_h_1.tga]
Running Texture Compiler...
Processed: 1
1 texture(s) processed!

[textures\ui\ui_pip_h_2.tga]
Running Texture Compiler...
Processed: 1
1 texture(s) processed!

[textures\ui\ui_pip_h_3.tga]
Running Texture Compiler...
Processed: 1
1 texture(s) processed!

[textures\ui\ui_pip_v_1.tga]
Running Texture Compiler...
Processed: 1
1 texture(s) processed!

[textures\ui\ui_pip_v_2.tga]
Running Texture Compiler...
Processed: 1
1 texture(s) processed!

[textures\ui\ui_pip_v_3.tga]
Running Texture Compiler...
Processed: 1
1 texture(s) processed!

[textures\ui\ui_radioblank.tga]
Running Texture Compiler...
Processed: 1
1 texture(s) processed!

[textures\ui\ui_radiofill.tga]
Running Texture Compiler...
Processed: 1
1 texture(s) processed!

[textures\ui\ui_rightarrow_l.tga]
Running Texture Compiler...
Processed: 1
1 texture(s) processed!

[textures\ui\ui_rightarrow_m.tga]
Running Texture Compiler...
Processed: 1
1 texture(s) processed!

[textures\ui\ui_rightarrow_s.tga]
Running Texture Compiler...
Processed: 1
1 texture(s) processed!

[textures\ui\ui_toggleoff.tga]
Running Texture Compiler...
Processed: 1
1 texture(s) processed!

[textures\ui\ui_toggleon.tga]
Running Texture Compiler...
Processed: 1
1 texture(s) processed!

[textures\ui\ui_uncheck.tga]
Running Texture Compiler...
Processed: 1
1 texture(s) processed!

[textures\ui\ui_uparrow_l.tga]
Running Texture Compiler...
Processed: 1
1 texture(s) processed!

[textures\ui\ui_uparrow_m.tga]
Running Texture Compiler...
Processed: 1
1 texture(s) processed!

[textures\ui\ui_uparrow_s.tga]
Running Texture Compiler...
Processed: 1
1 texture(s) processed!

[textures\ui\yellowdot.tga]
Running Texture Compiler...
Processed: 1
1 texture(s) processed!

[textures\ui_banners atlantean.tga]
Running Texture Compiler...
Processed: 1
1 texture(s) processed!

[textures\ui_banners atlantean2.tga]
Running Texture Compiler...
Processed: 1
1 texture(s) processed!

[textures\ui_banners egypt.tga]
Running Texture Compiler...
Processed: 1
1 texture(s) processed!

[textures\ui_banners egypt2.tga]
Running Texture Compiler...
Processed: 1
1 texture(s) processed!

[textures\ui_banners greek.tga]
Running Texture Compiler...
Processed: 1
1 texture(s) processed!

[textures\ui_banners greek2.tga]
Running Texture Compiler...
Processed: 1
1 texture(s) processed!

[textures\ui_banners norse.tga]
Running Texture Compiler...
Processed: 1
1 texture(s) processed!

[textures\ui_banners norse2.tga]
Running Texture Compiler...
Processed: 1
1 texture(s) processed!

[textures\ui_banners selected atlantean.tga]
Running Texture Compiler...
Processed: 1
1 texture(s) processed!

[textures\ui_banners selected atlantean2.tga]
Running Texture Compiler...
Processed: 1
1 texture(s) processed!

[textures\ui_banners selected egypt.tga]
Running Texture Compiler...
Processed: 1
1 texture(s) processed!

[textures\ui_banners selected egypt2.tga]
Running Texture Compiler...
Processed: 1
1 texture(s) processed!

[textures\ui_banners selected greek.tga]
Running Texture Compiler...
Processed: 1
1 texture(s) processed!

[textures\ui_banners selected greek2.tga]
Running Texture Compiler...
Processed: 1
1 texture(s) processed!

[textures\ui_banners selected norse.tga]
Running Texture Compiler...
Processed: 1
1 texture(s) processed!

[textures\ui_banners selected norse2.tga]
Running Texture Compiler...
Processed: 1
1 texture(s) processed!

[textures\ui_banners.tga]
Running Texture Compiler...
Processed: 1
1 texture(s) processed!

[textures\ui_banners_attack atlantean.tga]
Running Texture Compiler...
Processed: 1
1 texture(s) processed!

[textures\ui_banners_attack egypt.tga]
Running Texture Compiler...
Processed: 1
1 texture(s) processed!

[textures\ui_banners_attack greek.tga]
Running Texture Compiler...
Processed: 1
1 texture(s) processed!

[textures\ui_banners_attack norse.tga]
Running Texture Compiler...
Processed: 1
1 texture(s) processed!

[textures\ui_banners_selected.tga]
Running Texture Compiler...
Processed: 1
1 texture(s) processed!

[textures\ui_bottom_shadow.tga]
Running Texture Compiler...
Processed: 1
1 texture(s) processed!

[textures\ui_c_bottombar_a.tga]
Running Texture Compiler...
Processed: 1
1 texture(s) processed!

[textures\ui_c_bottombar_a_fuxi.tga]
Running Texture Compiler...
Processed: 1
1 texture(s) processed!

[textures\ui_c_bottombar_a_nuwa.tga]
Running Texture Compiler...
Processed: 1
1 texture(s) processed!

[textures\ui_c_bottombar_a_shennong.tga]
Running Texture Compiler...
Processed: 1
1 texture(s) processed!

[textures\ui_c_bottombar_b.tga]
Running Texture Compiler...
Processed: 1
1 texture(s) processed!

[textures\ui_c_bottombar_b_fuxi.tga]
Running Texture Compiler...
Processed: 1
1 texture(s) processed!

[textures\ui_c_bottombar_b_nuwa.tga]
Running Texture Compiler...
Processed: 1
1 texture(s) processed!

[textures\ui_c_bottombar_b_shennong.tga]
Running Texture Compiler...
Processed: 1
1 texture(s) processed!

[textures\ui_c_bottombar_c.tga]
Running Texture Compiler...
Processed: 1
1 texture(s) processed!

[textures\ui_c_bottombar_c_fuxi.tga]
Running Texture Compiler...
Processed: 1
1 texture(s) processed!

[textures\ui_c_bottombar_c_nuwa.tga]
Running Texture Compiler...
Processed: 1
1 texture(s) processed!

[textures\ui_c_bottombar_c_shennong.tga]
Running Texture Compiler...
Processed: 1
1 texture(s) processed!

[textures\ui_c_bottombar_d.tga]
Running Texture Compiler...
Processed: 1
1 texture(s) processed!

[textures\ui_c_bottombar_d_fuxi.tga]
Running Texture Compiler...
Processed: 1
1 texture(s) processed!

[textures\ui_c_bottombar_d_nuwa.tga]
Running Texture Compiler...
Processed: 1
1 texture(s) processed!

[textures\ui_c_bottombar_d_shennong.tga]
Running Texture Compiler...
Processed: 1
1 texture(s) processed!

[textures\ui_c_bottomcap_a.tga]
Running Texture Compiler...
Processed: 1
1 texture(s) processed!

[textures\ui_c_bottomcap_a_fuxi.tga]
Running Texture Compiler...
Processed: 1
1 texture(s) processed!

[textures\ui_c_bottomcap_a_nuwa.tga]
Running Texture Compiler...
Processed: 1
1 texture(s) processed!

[textures\ui_c_bottomcap_a_shennong.tga]
Running Texture Compiler...
Processed: 1
1 texture(s) processed!

[textures\ui_c_bottomcap_b.tga]
Running Texture Compiler...
Processed: 1
1 texture(s) processed!

[textures\ui_c_bottomcap_b_fuxi.tga]
Running Texture Compiler...
Processed: 1
1 texture(s) processed!

[textures\ui_c_bottomcap_b_nuwa.tga]
Running Texture Compiler...
Processed: 1
1 texture(s) processed!

[textures\ui_c_bottomcap_b_shennong.tga]
Running Texture Compiler...
Processed: 1
1 texture(s) processed!

[textures\ui_c_bottomcap_c.tga]
Running Texture Compiler...
Processed: 1
1 texture(s) processed!

[textures\ui_c_bottomcap_c_fuxi.tga]
Running Texture Compiler...
Processed: 1
1 texture(s) processed!

[textures\ui_c_bottomcap_c_nuwa.tga]
Running Texture Compiler...
Processed: 1
1 texture(s) processed!

[textures\ui_c_bottomcap_c_shennong.tga]
Running Texture Compiler...
Processed: 1
1 texture(s) processed!

[textures\ui_c_bottomcap_d.tga]
Running Texture Compiler...
Processed: 1
1 texture(s) processed!

[textures\ui_c_bottomcap_d_fuxi.tga]
Running Texture Compiler...
Processed: 1
1 texture(s) processed!

[textures\ui_c_bottomcap_d_nuwa.tga]
Running Texture Compiler...
Processed: 1
1 texture(s) processed!

[textures\ui_c_bottomcap_d_shennong.tga]
Running Texture Compiler...
Processed: 1
1 texture(s) processed!

[textures\ui_c_bottomcap_head1.tga]
Running Texture Compiler...
Processed: 1
1 texture(s) processed!

[textures\ui_c_bottomcap_head1_fuxi.tga]
Running Texture Compiler...
Processed: 1
1 texture(s) processed!

[textures\ui_c_bottomcap_head1_nuwa.tga]
Running Texture Compiler...
Processed: 1
1 texture(s) processed!

[textures\ui_c_bottomcap_head1_shennong.tga]
Running Texture Compiler...
Processed: 1
1 texture(s) processed!

[textures\ui_c_bottomcap_head2.tga]
Running Texture Compiler...
Processed: 1
1 texture(s) processed!

[textures\ui_c_bottomcap_head2_fuxi.tga]
Running Texture Compiler...
Processed: 1
1 texture(s) processed!

[textures\ui_c_bottomcap_head2_nuwa.tga]
Running Texture Compiler...
Processed: 1
1 texture(s) processed!

[textures\ui_c_bottomcap_head2_shennong.tga]
Running Texture Compiler...
Processed: 1
1 texture(s) processed!

[textures\ui_c_menu_.tga]
Running Texture Compiler...
Processed: 1
1 texture(s) processed!

[textures\ui_c_title_.tga]
Running Texture Compiler...
Processed: 1
1 texture(s) processed!

[textures\ui_c_title_titan.tga]
Running Texture Compiler...
Processed: 1
1 texture(s) processed!

[textures\ui_c_top_bar_.tga]
Running Texture Compiler...
Processed: 1
1 texture(s) processed!

[textures\ui_e_bottombar_a.tga]
Running Texture Compiler...
Processed: 1
1 texture(s) processed!

[textures\ui_e_bottombar_a_isis.tga]
Running Texture Compiler...
Processed: 1
1 texture(s) processed!

[textures\ui_e_bottombar_a_ra.tga]
Running Texture Compiler...
Processed: 1
1 texture(s) processed!

[textures\ui_e_bottombar_a_set.tga]
Running Texture Compiler...
Processed: 1
1 texture(s) processed!

[textures\ui_e_bottombar_a2.tga]
Running Texture Compiler...
Processed: 1
1 texture(s) processed!

[textures\ui_e_bottombar_b isis.tga]
Running Texture Compiler...
Processed: 1
1 texture(s) processed!

[textures\ui_e_bottombar_b ra.tga]
Running Texture Compiler...
Processed: 1
1 texture(s) processed!

[textures\ui_e_bottombar_b set.tga]
Running Texture Compiler...
Processed: 1
1 texture(s) processed!

[textures\ui_e_bottombar_b.tga]
Running Texture Compiler...
Processed: 1
1 texture(s) processed!

[textures\ui_e_bottombar_b_isis.tga]
Running Texture Compiler...
Processed: 1
1 texture(s) processed!

[textures\ui_e_bottombar_b_ra.tga]
Running Texture Compiler...
Processed: 1
1 texture(s) processed!

[textures\ui_e_bottombar_b_set.tga]
Running Texture Compiler...
Processed: 1
1 texture(s) processed!

[textures\ui_e_bottombar_c isis.tga]
Running Texture Compiler...
Processed: 1
1 texture(s) processed!

[textures\ui_e_bottombar_c ra.tga]
Running Texture Compiler...
Processed: 1
1 texture(s) processed!

[textures\ui_e_bottombar_c set.tga]
Running Texture Compiler...
Processed: 1
1 texture(s) processed!

[textures\ui_e_bottombar_c.tga]
Running Texture Compiler...
Processed: 1
1 texture(s) processed!

[textures\ui_e_bottombar_c_isis.tga]
Running Texture Compiler...
Processed: 1
1 texture(s) processed!

[textures\ui_e_bottombar_c_ra.tga]
Running Texture Compiler...
Processed: 1
1 texture(s) processed!

[textures\ui_e_bottombar_c_set.tga]
Running Texture Compiler...
Processed: 1
1 texture(s) processed!

[textures\ui_e_bottombar_d.tga]
Running Texture Compiler...
Processed: 1
1 texture(s) processed!

[textures\ui_e_bottombar_d_isis.tga]
Running Texture Compiler...
Processed: 1
1 texture(s) processed!

[textures\ui_e_bottombar_d_ra.tga]
Running Texture Compiler...
Processed: 1
1 texture(s) processed!

[textures\ui_e_bottombar_d_set.tga]
Running Texture Compiler...
Processed: 1
1 texture(s) processed!

[textures\ui_e_bottomcap_a.tga]
Running Texture Compiler...
Processed: 1
1 texture(s) processed!

[textures\ui_e_bottomcap_a_isis.tga]
Running Texture Compiler...
Processed: 1
1 texture(s) processed!

[textures\ui_e_bottomcap_a_ra.tga]
Running Texture Compiler...
Processed: 1
1 texture(s) processed!

[textures\ui_e_bottomcap_a_set.tga]
Running Texture Compiler...
Processed: 1
1 texture(s) processed!

[textures\ui_e_bottomcap_b.tga]
Running Texture Compiler...
Processed: 1
1 texture(s) processed!

[textures\ui_e_bottomcap_b_isis.tga]
Running Texture Compiler...
Processed: 1
1 texture(s) processed!

[textures\ui_e_bottomcap_b_ra.tga]
Running Texture Compiler...
Processed: 1
1 texture(s) processed!

[textures\ui_e_bottomcap_b_set.tga]
Running Texture Compiler...
Processed: 1
1 texture(s) processed!

[textures\ui_e_bottomcap_c.tga]
Running Texture Compiler...
Processed: 1
1 texture(s) processed!

[textures\ui_e_bottomcap_c_isis.tga]
Running Texture Compiler...
Processed: 1
1 texture(s) processed!

[textures\ui_e_bottomcap_c_ra.tga]
Running Texture Compiler...
Processed: 1
1 texture(s) processed!

[textures\ui_e_bottomcap_c_set.tga]
Running Texture Compiler...
Processed: 1
1 texture(s) processed!

[textures\ui_e_bottomcap_d.tga]
Running Texture Compiler...
Processed: 1
1 texture(s) processed!

[textures\ui_e_bottomcap_d_isis.tga]
Running Texture Compiler...
Processed: 1
1 texture(s) processed!

[textures\ui_e_bottomcap_d_ra.tga]
Running Texture Compiler...
Processed: 1
1 texture(s) processed!

[textures\ui_e_bottomcap_d_set.tga]
Running Texture Compiler...
Processed: 1
1 texture(s) processed!

[textures\ui_e_bottomcap_head1.tga]
Running Texture Compiler...
Processed: 1
1 texture(s) processed!

[textures\ui_e_bottomcap_head1_isis.tga]
Running Texture Compiler...
Processed: 1
1 texture(s) processed!

[textures\ui_e_bottomcap_head1_ra.tga]
Running Texture Compiler...
Processed: 1
1 texture(s) processed!

[textures\ui_e_bottomcap_head1_set.tga]
Running Texture Compiler...
Processed: 1
1 texture(s) processed!

[textures\ui_e_bottomcap_head2.tga]
Running Texture Compiler...
Processed: 1
1 texture(s) processed!

[textures\ui_e_bottomcap_head2_isis.tga]
Running Texture Compiler...
Processed: 1
1 texture(s) processed!

[textures\ui_e_bottomcap_head2_ra.tga]
Running Texture Compiler...
Processed: 1
1 texture(s) processed!

[textures\ui_e_bottomcap_head2_set.tga]
Running Texture Compiler...
Processed: 1
1 texture(s) processed!

[textures\ui_e_menu.tga]
Running Texture Compiler...
Processed: 1
1 texture(s) processed!

[textures\ui_e_menu_isis.tga]
Running Texture Compiler...
Processed: 1
1 texture(s) processed!

[textures\ui_e_menu_ra.tga]
Running Texture Compiler...
Processed: 1
1 texture(s) processed!

[textures\ui_e_menu_set.tga]
Running Texture Compiler...
Processed: 1
1 texture(s) processed!

[textures\ui_e_menuicon.tga]
Running Texture Compiler...
Processed: 1
1 texture(s) processed!

[textures\ui_e_title.tga]
Running Texture Compiler...
Processed: 1
1 texture(s) processed!

[textures\ui_e_title_isis.tga]
Running Texture Compiler...
Processed: 1
1 texture(s) processed!

[textures\ui_e_title_ra.tga]
Running Texture Compiler...
Processed: 1
1 texture(s) processed!

[textures\ui_e_title_set.tga]
Running Texture Compiler...
Processed: 1
1 texture(s) processed!

[textures\ui_e_top_bar.tga]
Running Texture Compiler...
Processed: 1
1 texture(s) processed!

[textures\ui_e_top_bar_isis.tga]
Running Texture Compiler...
Processed: 1
1 texture(s) processed!

[textures\ui_e_top_bar_ra.tga]
Running Texture Compiler...
Processed: 1
1 texture(s) processed!

[textures\ui_e_top_bar_set.tga]
Running Texture Compiler...
Processed: 1
1 texture(s) processed!

[textures\ui_g_bottombar_a.tga]
Running Texture Compiler...
Processed: 1
1 texture(s) processed!

[textures\ui_g_bottombar_a_hades.tga]
Running Texture Compiler...
Processed: 1
1 texture(s) processed!

[textures\ui_g_bottombar_a_poseidon.tga]
Running Texture Compiler...
Processed: 1
1 texture(s) processed!

[textures\ui_g_bottombar_a_zeus.tga]
Running Texture Compiler...
Processed: 1
1 texture(s) processed!

[textures\ui_g_bottombar_a2.tga]
Running Texture Compiler...
Processed: 1
1 texture(s) processed!

[textures\ui_g_bottombar_a3.tga]
Running Texture Compiler...
Processed: 1
1 texture(s) processed!

[textures\ui_g_bottombar_b hades.tga]
Running Texture Compiler...
Processed: 1
1 texture(s) processed!

[textures\ui_g_bottombar_b poseidon.tga]
Running Texture Compiler...
Processed: 1
1 texture(s) processed!

[textures\ui_g_bottombar_b zeus.tga]
Running Texture Compiler...
Processed: 1
1 texture(s) processed!

[textures\ui_g_bottombar_b.tga]
Running Texture Compiler...
Processed: 1
1 texture(s) processed!

[textures\ui_g_bottombar_b_hades.tga]
Running Texture Compiler...
Processed: 1
1 texture(s) processed!

[textures\ui_g_bottombar_b_poseidon.tga]
Running Texture Compiler...
Processed: 1
1 texture(s) processed!

[textures\ui_g_bottombar_b_zeus.tga]
Running Texture Compiler...
Processed: 1
1 texture(s) processed!

[textures\ui_g_bottombar_c hades.tga]
Running Texture Compiler...
Processed: 1
1 texture(s) processed!

[textures\ui_g_bottombar_c poseidon.tga]
Running Texture Compiler...
Processed: 1
1 texture(s) processed!

[textures\ui_g_bottombar_c zeus.tga]
Running Texture Compiler...
Processed: 1
1 texture(s) processed!

[textures\ui_g_bottombar_c.tga]
Running Texture Compiler...
Processed: 1
1 texture(s) processed!

[textures\ui_g_bottombar_c_hades.tga]
Running Texture Compiler...
Processed: 1
1 texture(s) processed!

[textures\ui_g_bottombar_c_poseidon.tga]
Running Texture Compiler...
Processed: 1
1 texture(s) processed!

[textures\ui_g_bottombar_c_zeus.tga]
Running Texture Compiler...
Processed: 1
1 texture(s) processed!

[textures\ui_g_bottombar_d.tga]
Running Texture Compiler...
Processed: 1
1 texture(s) processed!

[textures\ui_g_bottombar_d_hades.tga]
Running Texture Compiler...
Processed: 1
1 texture(s) processed!

[textures\ui_g_bottombar_d_poseidon.tga]
Running Texture Compiler...
Processed: 1
1 texture(s) processed!

[textures\ui_g_bottombar_d_zeus.tga]
Running Texture Compiler...
Processed: 1
1 texture(s) processed!

[textures\ui_g_bottomcap_a.tga]
Running Texture Compiler...
Processed: 1
1 texture(s) processed!

[textures\ui_g_bottomcap_a_hades.tga]
Running Texture Compiler...
Processed: 1
1 texture(s) processed!

[textures\ui_g_bottomcap_a_poseidon.tga]
Running Texture Compiler...
Processed: 1
1 texture(s) processed!

[textures\ui_g_bottomcap_a_zeus.tga]
Running Texture Compiler...
Processed: 1
1 texture(s) processed!

[textures\ui_g_bottomcap_b.tga]
Running Texture Compiler...
Processed: 1
1 texture(s) processed!

[textures\ui_g_bottomcap_b_hades.tga]
Running Texture Compiler...
Processed: 1
1 texture(s) processed!

[textures\ui_g_bottomcap_b_poseidon.tga]
Running Texture Compiler...
Processed: 1
1 texture(s) processed!

[textures\ui_g_bottomcap_b_zeus.tga]
Running Texture Compiler...
Processed: 1
1 texture(s) processed!

[textures\ui_g_bottomcap_c.tga]
Running Texture Compiler...
Processed: 1
1 texture(s) processed!

[textures\ui_g_bottomcap_c_hades.tga]
Running Texture Compiler...
Processed: 1
1 texture(s) processed!

[textures\ui_g_bottomcap_c_poseidon.tga]
Running Texture Compiler...
Processed: 1
1 texture(s) processed!

[textures\ui_g_bottomcap_c_zeus.tga]
Running Texture Compiler...
Processed: 1
1 texture(s) processed!

[textures\ui_g_bottomcap_d.tga]
Running Texture Compiler...
Processed: 1
1 texture(s) processed!

[textures\ui_g_bottomcap_d_hades.tga]
Running Texture Compiler...
Processed: 1
1 texture(s) processed!

[textures\ui_g_bottomcap_d_poseidon.tga]
Running Texture Compiler...
Processed: 1
1 texture(s) processed!

[textures\ui_g_bottomcap_d_zeus.tga]
Running Texture Compiler...
Processed: 1
1 texture(s) processed!

[textures\ui_g_bottomcap_head1.tga]
Running Texture Compiler...
Processed: 1
1 texture(s) processed!

[textures\ui_g_bottomcap_head1_hades.tga]
Running Texture Compiler...
Processed: 1
1 texture(s) processed!

[textures\ui_g_bottomcap_head1_poseidon.tga]
Running Texture Compiler...
Processed: 1
1 texture(s) processed!

[textures\ui_g_bottomcap_head1_zeus.tga]
Running Texture Compiler...
Processed: 1
1 texture(s) processed!

[textures\ui_g_bottomcap_head2.tga]
Running Texture Compiler...
Processed: 1
1 texture(s) processed!

[textures\ui_g_bottomcap_head2_hades.tga]
Running Texture Compiler...
Processed: 1
1 texture(s) processed!

[textures\ui_g_bottomcap_head2_poseidon.tga]
Running Texture Compiler...
Processed: 1
1 texture(s) processed!

[textures\ui_g_bottomcap_head2_zeus.tga]
Running Texture Compiler...
Processed: 1
1 texture(s) processed!

[textures\ui_g_menu.tga]
Running Texture Compiler...
Processed: 1
1 texture(s) processed!

[textures\ui_g_menu_hades.tga]
Running Texture Compiler...
Processed: 1
1 texture(s) processed!

[textures\ui_g_menu_poseidon.tga]
Running Texture Compiler...
Processed: 1
1 texture(s) processed!

[textures\ui_g_menu_zeus.tga]
Running Texture Compiler...
Processed: 1
1 texture(s) processed!

[textures\ui_g_title.tga]
Running Texture Compiler...
Processed: 1
1 texture(s) processed!

[textures\ui_g_title_hades.tga]
Running Texture Compiler...
Processed: 1
1 texture(s) processed!

[textures\ui_g_title_poseidon.tga]
Running Texture Compiler...
Processed: 1
1 texture(s) processed!

[textures\ui_g_title_zeus.tga]
Running Texture Compiler...
Processed: 1
1 texture(s) processed!

[textures\ui_g_top_bar.tga]
Running Texture Compiler...
Processed: 1
1 texture(s) processed!

[textures\ui_g_top_bar_hades.tga]
Running Texture Compiler...
Processed: 1
1 texture(s) processed!

[textures\ui_g_top_bar_poseidon.tga]
Running Texture Compiler...
Processed: 1
1 texture(s) processed!

[textures\ui_g_top_bar_zeus.tga]
Running Texture Compiler...
Processed: 1
1 texture(s) processed!

[textures\ui_generic_background.tga]
Running Texture Compiler...
Processed: 1
1 texture(s) processed!

[textures\ui_generic_button.tga]
Running Texture Compiler...
Processed: 1
1 texture(s) processed!

[textures\ui_generic_dark_background.tga]
Running Texture Compiler...
Processed: 1
1 texture(s) processed!

[textures\ui_generic_dialog_box.tga]
Running Texture Compiler...
Processed: 1
1 texture(s) processed!

[textures\ui_generic_ingame_dark_tile.tga]
Running Texture Compiler...
Processed: 1
1 texture(s) processed!

[textures\ui_generic_ingame_tile.tga]
Running Texture Compiler...
Processed: 1
1 texture(s) processed!

[textures\ui_generic_multiplayer_background.tga]
Running Texture Compiler...
Processed: 1
1 texture(s) processed!

[textures\ui_generic_pregame_background.tga]
Running Texture Compiler...
Processed: 1
1 texture(s) processed!

[textures\ui_iconbevel.tga]
Running Texture Compiler...
Processed: 1
1 texture(s) processed!

[textures\ui_iconbevel_glow.tga]
Running Texture Compiler...
Processed: 1
1 texture(s) processed!

[textures\ui_iconbevel_shadow.tga]
Running Texture Compiler...
Processed: 1
1 texture(s) processed!

[textures\ui_iconshadow.tga]
Running Texture Compiler...
Processed: 1
1 texture(s) processed!

[textures\ui_n_bottombar_a.tga]
Running Texture Compiler...
Processed: 1
1 texture(s) processed!

[textures\ui_n_bottombar_a_loki.tga]
Running Texture Compiler...
Processed: 1
1 texture(s) processed!

[textures\ui_n_bottombar_a_odin.tga]
Running Texture Compiler...
Processed: 1
1 texture(s) processed!

[textures\ui_n_bottombar_a_thor.tga]
Running Texture Compiler...
Processed: 1
1 texture(s) processed!

[textures\ui_n_bottombar_b loki.tga]
Running Texture Compiler...
Processed: 1
1 texture(s) processed!

[textures\ui_n_bottombar_b odin.tga]
Running Texture Compiler...
Processed: 1
1 texture(s) processed!

[textures\ui_n_bottombar_b thor.tga]
Running Texture Compiler...
Processed: 1
1 texture(s) processed!

[textures\ui_n_bottombar_b.tga]
Running Texture Compiler...
Processed: 1
1 texture(s) processed!

[textures\ui_n_bottombar_b_loki.tga]
Running Texture Compiler...
Processed: 1
1 texture(s) processed!

[textures\ui_n_bottombar_b_odin.tga]
Running Texture Compiler...
Processed: 1
1 texture(s) processed!

[textures\ui_n_bottombar_b_thor.tga]
Running Texture Compiler...
Processed: 1
1 texture(s) processed!

[textures\ui_n_bottombar_c loki.tga]
Running Texture Compiler...
Processed: 1
1 texture(s) processed!

[textures\ui_n_bottombar_c odin.tga]
Running Texture Compiler...
Processed: 1
1 texture(s) processed!

[textures\ui_n_bottombar_c thor.tga]
Running Texture Compiler...
Processed: 1
1 texture(s) processed!

[textures\ui_n_bottombar_c.tga]
Running Texture Compiler...
Processed: 1
1 texture(s) processed!

[textures\ui_n_bottombar_c_loki.tga]
Running Texture Compiler...
Processed: 1
1 texture(s) processed!

[textures\ui_n_bottombar_c_odin.tga]
Running Texture Compiler...
Processed: 1
1 texture(s) processed!

[textures\ui_n_bottombar_c_thor.tga]
Running Texture Compiler...
Processed: 1
1 texture(s) processed!

[textures\ui_n_bottombar_d.tga]
Running Texture Compiler...
Processed: 1
1 texture(s) processed!

[textures\ui_n_bottombar_d_loki.tga]
Running Texture Compiler...
Processed: 1
1 texture(s) processed!

[textures\ui_n_bottombar_d_odin.tga]
Running Texture Compiler...
Processed: 1
1 texture(s) processed!

[textures\ui_n_bottombar_d_thor.tga]
Running Texture Compiler...
Processed: 1
1 texture(s) processed!

[textures\ui_n_bottomcap_a.tga]
Running Texture Compiler...
Processed: 1
1 texture(s) processed!

[textures\ui_n_bottomcap_a_loki.tga]
Running Texture Compiler...
Processed: 1
1 texture(s) processed!

[textures\ui_n_bottomcap_a_odin.tga]
Running Texture Compiler...
Processed: 1
1 texture(s) processed!

[textures\ui_n_bottomcap_a_thor.tga]
Running Texture Compiler...
Processed: 1
1 texture(s) processed!

[textures\ui_n_bottomcap_b.tga]
Running Texture Compiler...
Processed: 1
1 texture(s) processed!

[textures\ui_n_bottomcap_b_loki.tga]
Running Texture Compiler...
Processed: 1
1 texture(s) processed!

[textures\ui_n_bottomcap_b_odin.tga]
Running Texture Compiler...
Processed: 1
1 texture(s) processed!

[textures\ui_n_bottomcap_b_thor.tga]
Running Texture Compiler...
Processed: 1
1 texture(s) processed!

[textures\ui_n_bottomcap_c.tga]
Running Texture Compiler...
Processed: 1
1 texture(s) processed!

[textures\ui_n_bottomcap_c_loki.tga]
Running Texture Compiler...
Processed: 1
1 texture(s) processed!

[textures\ui_n_bottomcap_c_odin.tga]
Running Texture Compiler...
Processed: 1
1 texture(s) processed!

[textures\ui_n_bottomcap_c_thor.tga]
Running Texture Compiler...
Processed: 1
1 texture(s) processed!

[textures\ui_n_bottomcap_d.tga]
Running Texture Compiler...
Processed: 1
1 texture(s) processed!

[textures\ui_n_bottomcap_d_loki.tga]
Running Texture Compiler...
Processed: 1
1 texture(s) processed!

[textures\ui_n_bottomcap_d_odin.tga]
Running Texture Compiler...
Processed: 1
1 texture(s) processed!

[textures\ui_n_bottomcap_d_thor.tga]
Running Texture Compiler...
Processed: 1
1 texture(s) processed!

[textures\ui_n_bottomcap_head1.tga]
Running Texture Compiler...
Processed: 1
1 texture(s) processed!

[textures\ui_n_bottomcap_head1_loki.tga]
Running Texture Compiler...
Processed: 1
1 texture(s) processed!

[textures\ui_n_bottomcap_head1_odin.tga]
Running Texture Compiler...
Processed: 1
1 texture(s) processed!

[textures\ui_n_bottomcap_head1_thor.tga]
Running Texture Compiler...
Processed: 1
1 texture(s) processed!

[textures\ui_n_bottomcap_head2.tga]
Running Texture Compiler...
Processed: 1
1 texture(s) processed!

[textures\ui_n_bottomcap_head2_loki.tga]
Running Texture Compiler...
Processed: 1
1 texture(s) processed!

[textures\ui_n_bottomcap_head2_odin.tga]
Running Texture Compiler...
Processed: 1
1 texture(s) processed!

[textures\ui_n_bottomcap_head2_thor.tga]
Running Texture Compiler...
Processed: 1
1 texture(s) processed!

[textures\ui_n_menu.tga]
Running Texture Compiler...
Processed: 1
1 texture(s) processed!

[textures\ui_n_menu_loki.tga]
Running Texture Compiler...
Processed: 1
1 texture(s) processed!

[textures\ui_n_menu_odin.tga]
Running Texture Compiler...
Processed: 1
1 texture(s) processed!

[textures\ui_n_menu_thor.tga]
Running Texture Compiler...
Processed: 1
1 texture(s) processed!

[textures\ui_n_title.tga]
Running Texture Compiler...
Processed: 1
1 texture(s) processed!

[textures\ui_n_title_loki.tga]
Running Texture Compiler...
Processed: 1
1 texture(s) processed!

[textures\ui_n_title_odin.tga]
Running Texture Compiler...
Processed: 1
1 texture(s) processed!

[textures\ui_n_title_thor.tga]
Running Texture Compiler...
Processed: 1
1 texture(s) processed!

[textures\ui_n_top_bar.tga]
Running Texture Compiler...
Processed: 1
1 texture(s) processed!

[textures\ui_n_top_bar_loki.tga]
Running Texture Compiler...
Processed: 1
1 texture(s) processed!

[textures\ui_n_top_bar_odin.tga]
Running Texture Compiler...
Processed: 1
1 texture(s) processed!

[textures\ui_n_top_bar_thor.tga]
Running Texture Compiler...
Processed: 1
1 texture(s) processed!

[textures\ui_popup.tga]
Running Texture Compiler...
Processed: 1
1 texture(s) processed!

[textures\ui_statcolorbar.tga]
Running Texture Compiler...
Processed: 1
1 texture(s) processed!

[textures\ui_statcolorsword.tga]
Running Texture Compiler...
Processed: 1
1 texture(s) processed!

[textures\ui_statgraybar.tga]
Running Texture Compiler...
Processed: 1
1 texture(s) processed!

[textures\ui_statgraysword.tga]
Running Texture Compiler...
Processed: 1
1 texture(s) processed!

[textures\ui_top_shadow.tga]
Running Texture Compiler...
Processed: 1
1 texture(s) processed!

[textures\ui_x_bottombar_a.tga]
Running Texture Compiler...
Processed: 1
1 texture(s) processed!

[textures\ui_x_bottombar_a_gaia.tga]
Running Texture Compiler...
Processed: 1
1 texture(s) processed!

[textures\ui_x_bottombar_a_kronos.tga]
Running Texture Compiler...
Processed: 1
1 texture(s) processed!

[textures\ui_x_bottombar_a_oranos.tga]
Running Texture Compiler...
Processed: 1
1 texture(s) processed!

[textures\ui_x_bottombar_b.tga]
Running Texture Compiler...
Processed: 1
1 texture(s) processed!

[textures\ui_x_bottombar_b_gaia.tga]
Running Texture Compiler...
Processed: 1
1 texture(s) processed!

[textures\ui_x_bottombar_b_kronos.tga]
Running Texture Compiler...
Processed: 1
1 texture(s) processed!

[textures\ui_x_bottombar_b_oranos.tga]
Running Texture Compiler...
Processed: 1
1 texture(s) processed!

[textures\ui_x_bottombar_c.tga]
Running Texture Compiler...
Processed: 1
1 texture(s) processed!

[textures\ui_x_bottombar_c_gaia.tga]
Running Texture Compiler...
Processed: 1
1 texture(s) processed!

[textures\ui_x_bottombar_c_kronos.tga]
Running Texture Compiler...
Processed: 1
1 texture(s) processed!

[textures\ui_x_bottombar_c_oranos.tga]
Running Texture Compiler...
Processed: 1
1 texture(s) processed!

[textures\ui_x_bottombar_d.tga]
Running Texture Compiler...
Processed: 1
1 texture(s) processed!

[textures\ui_x_bottombar_d_gaia.tga]
Running Texture Compiler...
Processed: 1
1 texture(s) processed!

[textures\ui_x_bottombar_d_kronos.tga]
Running Texture Compiler...
Processed: 1
1 texture(s) processed!

[textures\ui_x_bottombar_d_oranos.tga]
Running Texture Compiler...
Processed: 1
1 texture(s) processed!

[textures\ui_x_bottomcap_a.tga]
Running Texture Compiler...
Processed: 1
1 texture(s) processed!

[textures\ui_x_bottomcap_a_gaia.tga]
Running Texture Compiler...
Processed: 1
1 texture(s) processed!

[textures\ui_x_bottomcap_a_kronos.tga]
Running Texture Compiler...
Processed: 1
1 texture(s) processed!

[textures\ui_x_bottomcap_a_oranos.tga]
Running Texture Compiler...
Processed: 1
1 texture(s) processed!

[textures\ui_x_bottomcap_b.tga]
Running Texture Compiler...
Processed: 1
1 texture(s) processed!

[textures\ui_x_bottomcap_b_gaia.tga]
Running Texture Compiler...
Processed: 1
1 texture(s) processed!

[textures\ui_x_bottomcap_b_kronos.tga]
Running Texture Compiler...
Processed: 1
1 texture(s) processed!

[textures\ui_x_bottomcap_b_oranos.tga]
Running Texture Compiler...
Processed: 1
1 texture(s) processed!

[textures\ui_x_bottomcap_c.tga]
Running Texture Compiler...
Processed: 1
1 texture(s) processed!

[textures\ui_x_bottomcap_c_gaia.tga]
Running Texture Compiler...
Processed: 1
1 texture(s) processed!

[textures\ui_x_bottomcap_c_kronos.tga]
Running Texture Compiler...
Processed: 1
1 texture(s) processed!

[textures\ui_x_bottomcap_c_oranos.tga]
Running Texture Compiler...
Processed: 1
1 texture(s) processed!

[textures\ui_x_bottomcap_d.tga]
Running Texture Compiler...
Processed: 1
1 texture(s) processed!

[textures\ui_x_bottomcap_d_gaia.tga]
Running Texture Compiler...
Processed: 1
1 texture(s) processed!

[textures\ui_x_bottomcap_d_kronos.tga]
Running Texture Compiler...
Processed: 1
1 texture(s) processed!

[textures\ui_x_bottomcap_d_oranos.tga]
Running Texture Compiler...
Processed: 1
1 texture(s) processed!

[textures\ui_x_bottomcap_head1.tga]
Running Texture Compiler...
Processed: 1
1 texture(s) processed!

[textures\ui_x_bottomcap_head1_gaia.tga]
Running Texture Compiler...
Processed: 1
1 texture(s) processed!

[textures\ui_x_bottomcap_head1_kronos.tga]
Running Texture Compiler...
Processed: 1
1 texture(s) processed!

[textures\ui_x_bottomcap_head1_oranos.tga]
Running Texture Compiler...
Processed: 1
1 texture(s) processed!

[textures\ui_x_bottomcap_head2.tga]
Running Texture Compiler...
Processed: 1
1 texture(s) processed!

[textures\ui_x_bottomcap_head2_gaia.tga]
Running Texture Compiler...
Processed: 1
1 texture(s) processed!

[textures\ui_x_bottomcap_head2_kronos.tga]
Running Texture Compiler...
Processed: 1
1 texture(s) processed!

[textures\ui_x_bottomcap_head2_oranos.tga]
Running Texture Compiler...
Processed: 1
1 texture(s) processed!

[textures\ui_x_gp_indicator_off.tga]
Running Texture Compiler...
Processed: 1
1 texture(s) processed!

[textures\ui_x_gp_indicator_on.tga]
Running Texture Compiler...
Processed: 1
1 texture(s) processed!

[textures\ui_x_menu_.tga]
Running Texture Compiler...
Processed: 1
1 texture(s) processed!

[textures\ui_x_title_.tga]
Running Texture Compiler...
Processed: 1
1 texture(s) processed!

[textures\ui_x_title_titan.tga]
Running Texture Compiler...
Processed: 1
1 texture(s) processed!

[textures\ui_x_top_bar_.tga]
Running Texture Compiler...
Processed: 1
1 texture(s) processed!

[textures\uiglow.tga]
Running Texture Compiler...
Processed: 1
1 texture(s) processed!

[textures\uiglow2.tga]
Running Texture Compiler...
Processed: 1
1 texture(s) processed!

[textures\uimenu.tga]
Running Texture Compiler...
Processed: 1
1 texture(s) processed!

[textures\uimenucheck.tga]
Running Texture Compiler...
Processed: 1
1 texture(s) processed!

[textures\uimenuseparator.tga]
Running Texture Compiler...
Processed: 1
1 texture(s) processed!

[textures\uimenuuncheck.tga]
Running Texture Compiler...
Processed: 1
1 texture(s) processed!

[textures\uimenuunderline.tga]
Running Texture Compiler...
Processed: 1
1 texture(s) processed!

[textures\vdblack.tga]
Running Texture Compiler...
Processed: 1
1 texture(s) processed!

[textures\vdblend.tga]
Running Texture Compiler...
Processed: 1
1 texture(s) processed!

[textures\vdblendcircle.tga]
Running Texture Compiler...
Processed: 1
1 texture(s) processed!

[textures\vdblendcircle2.tga]
Running Texture Compiler...
Processed: 1
1 texture(s) processed!

[textures\vdblendcircle3.tga]
Running Texture Compiler...
Processed: 1
1 texture(s) processed!

[textures\vdblendcorner.tga]
Running Texture Compiler...
Processed: 1
1 texture(s) processed!

[textures\vdblendcorner2.tga]
Running Texture Compiler...
Processed: 1
1 texture(s) processed!

[textures\vdblendedge.tga]
Running Texture Compiler...
Processed: 1
1 texture(s) processed!

[textures\vdblendedge2.tga]
Running Texture Compiler...
Processed: 1
1 texture(s) processed!

[textures\vdblendedge3.tga]
Running Texture Compiler...
Processed: 1
1 texture(s) processed!

[textures\vdblendedge4.tga]
Running Texture Compiler...
Processed: 1
1 texture(s) processed!

[textures\vdblendedge5.tga]
Running Texture Compiler...
Processed: 1
1 texture(s) processed!

[textures\vdblendedgecorner.tga]
Running Texture Compiler...
Processed: 1
1 texture(s) processed!

[textures\vdblendedgetwocorners.tga]
Running Texture Compiler...
Processed: 1
1 texture(s) processed!

[textures\vdblendfourcorners.tga]
Running Texture Compiler...
Processed: 1
1 texture(s) processed!

[textures\vdblendlshape.tga]
Running Texture Compiler...
Processed: 1
1 texture(s) processed!

[textures\vdblendlshape2.tga]
Running Texture Compiler...
Processed: 1
1 texture(s) processed!

[textures\vdblendlshapecorner.tga]
Running Texture Compiler...
Processed: 1
1 texture(s) processed!

[textures\vdblendthreecorners.tga]
Running Texture Compiler...
Processed: 1
1 texture(s) processed!

[textures\vdblendtwocorners.tga]
Running Texture Compiler...
Processed: 1
1 texture(s) processed!

[textures\vdblendtwoedges.tga]
Running Texture Compiler...
Processed: 1
1 texture(s) processed!

[textures\vdblendtwooppositecorners.tga]
Running Texture Compiler...
Processed: 1
1 texture(s) processed!

[textures\vdblendushape.tga]
Running Texture Compiler...
Processed: 1
1 texture(s) processed!

[textures\vdjceblendcorner2.tga]
Running Texture Compiler...
Processed: 1
1 texture(s) processed!

[textures\vdjceblendedge.tga]
Running Texture Compiler...
Processed: 1
1 texture(s) processed!

[textures\vdjceblendedge2.tga]
Running Texture Compiler...
Processed: 1
1 texture(s) processed!

[textures\vdjceblendedge3.tga]
Running Texture Compiler...
Processed: 1
1 texture(s) processed!

[textures\vdjceblendedge4.tga]
Running Texture Compiler...
Processed: 1
1 texture(s) processed!

[textures\vdjceblendedge5.tga]
Running Texture Compiler...
Processed: 1
1 texture(s) processed!

[textures\vdjceblendedgecorner.tga]
Running Texture Compiler...
Processed: 1
1 texture(s) processed!

[textures\vdjceblendedgetwocorners.tga]
Running Texture Compiler...
Processed: 1
1 texture(s) processed!

[textures\villager a male corpse bodya.tga]
Running Texture Compiler...
Processed: 1
1 texture(s) processed!

[textures\villager a male corpse skeletona.tga]
Running Texture Compiler...
Processed: 1
1 texture(s) processed!

[textures\villager c female.tga]
Running Texture Compiler...
Processed: 1
1 texture(s) processed!

[textures\villager c male head.tga]
Running Texture Compiler...
Processed: 1
1 texture(s) processed!

[textures\villager c male icon.tga]
Running Texture Compiler...
Processed: 1
1 texture(s) processed!

[textures\villager c male standard.tga]
Running Texture Compiler...
Processed: 1
1 texture(s) processed!

[textures\villager e female corpse bodya.tga]
Running Texture Compiler...
Processed: 1
1 texture(s) processed!

[textures\villager e female corpse skeletona.tga]
Running Texture Compiler...
Processed: 1
1 texture(s) processed!

[textures\villager e female head.tga]
Running Texture Compiler...
Processed: 1
1 texture(s) processed!

[textures\villager e female.tga]
Running Texture Compiler...
Processed: 1
1 texture(s) processed!

[textures\villager e male corpse bodya.tga]
Running Texture Compiler...
Processed: 1
1 texture(s) processed!

[textures\villager e male corpse skeletona.tga]
Running Texture Compiler...
Processed: 1
1 texture(s) processed!

[textures\villager e male head.tga]
Running Texture Compiler...
Processed: 1
1 texture(s) processed!

[textures\villager e male standard.tga]
Running Texture Compiler...
Processed: 1
1 texture(s) processed!

[textures\villager g atlantean male head.tga]
Running Texture Compiler...
Processed: 1
1 texture(s) processed!

[textures\villager g atlantean male.tga]
Running Texture Compiler...
Processed: 1
1 texture(s) processed!

[textures\villager g female corpse bodya.tga]
Running Texture Compiler...
Processed: 1
1 texture(s) processed!

[textures\villager g female corpse skeletona.tga]
Running Texture Compiler...
Processed: 1
1 texture(s) processed!

[textures\villager g female head.tga]
Running Texture Compiler...
Processed: 1
1 texture(s) processed!

[textures\villager g female.tga]
Running Texture Compiler...
Processed: 1
1 texture(s) processed!

[textures\villager g male corpse bodya.tga]
Running Texture Compiler...
Processed: 1
1 texture(s) processed!

[textures\villager g male corpse skeletona.tga]
Running Texture Compiler...
Processed: 1
1 texture(s) processed!

[textures\villager g male head.tga]
Running Texture Compiler...
Processed: 1
1 texture(s) processed!

[textures\villager g male standard.tga]
Running Texture Compiler...
Processed: 1
1 texture(s) processed!

[textures\villager n dwarf corpse bodya.tga]
Running Texture Compiler...
Processed: 1
1 texture(s) processed!

[textures\villager n dwarf corpse skeletona.tga]
Running Texture Compiler...
Processed: 1
1 texture(s) processed!

[textures\villager n dwarf head.tga]
Running Texture Compiler...
Processed: 1
1 texture(s) processed!

[textures\villager n dwarf standard.tga]
Running Texture Compiler...
Processed: 1
1 texture(s) processed!

[textures\villager n female corpse bodya.tga]
Running Texture Compiler...
Processed: 1
1 texture(s) processed!

[textures\villager n female corpse skeletona.tga]
Running Texture Compiler...
Processed: 1
1 texture(s) processed!

[textures\villager n female head.tga]
Running Texture Compiler...
Processed: 1
1 texture(s) processed!

[textures\villager n female.tga]
Running Texture Compiler...
Processed: 1
1 texture(s) processed!

[textures\villager n male corpse bodya.tga]
Running Texture Compiler...
Processed: 1
1 texture(s) processed!

[textures\villager n male corpse skeletona.tga]
Running Texture Compiler...
Processed: 1
1 texture(s) processed!

[textures\villager n male head.tga]
Running Texture Compiler...
Processed: 1
1 texture(s) processed!

[textures\villager n male standard.tga]
Running Texture Compiler...
Processed: 1
1 texture(s) processed!

[textures\villager n ox.tga]
Running Texture Compiler...
Processed: 1
1 texture(s) processed!

[textures\villager n oxcart corpse bodya.tga]
Running Texture Compiler...
Processed: 1
1 texture(s) processed!

[textures\villager n oxcart corpse skeletona.tga]
Running Texture Compiler...
Processed: 1
1 texture(s) processed!

[textures\villager n oxcart.tga]
Running Texture Compiler...
Processed: 1
1 texture(s) processed!

[textures\villager x crate empty.tga]
Running Texture Compiler...
Processed: 1
1 texture(s) processed!

[textures\villager x crate farm.tga]
Running Texture Compiler...
Processed: 1
1 texture(s) processed!

[textures\villager x crate gold.tga]
Running Texture Compiler...
Processed: 1
1 texture(s) processed!

[textures\villager x crate hunt.tga]
Running Texture Compiler...
Processed: 1
1 texture(s) processed!

[textures\villager x crate wood.tga]
Running Texture Compiler...
Processed: 1
1 texture(s) processed!

[textures\villager x female corpse bodya.tga]
Running Texture Compiler...
Processed: 1
1 texture(s) processed!

[textures\villager x female corpse skeletona.tga]
Running Texture Compiler...
Processed: 1
1 texture(s) processed!

[textures\villager x female hero.tga]
Running Texture Compiler...
Processed: 1
1 texture(s) processed!

[textures\villager x female.tga]
Running Texture Compiler...
Processed: 1
1 texture(s) processed!

[textures\villager x male corpse bodya.tga]
Running Texture Compiler...
Processed: 1
1 texture(s) processed!

[textures\villager x male corpse skeletona.tga]
Running Texture Compiler...
Processed: 1
1 texture(s) processed!

[textures\villager x male hero.tga]
Running Texture Compiler...
Processed: 1
1 texture(s) processed!

[textures\villager x male.tga]
Running Texture Compiler...
Processed: 1
1 texture(s) processed!

[textures\villager x pony.tga]
Running Texture Compiler...
Processed: 1
1 texture(s) processed!

[textures\watercrest.tga]
Running Texture Compiler...
Processed: 1
1 texture(s) processed!

[textures\waterdecal.tga]
Running Texture Compiler...
Processed: 1
1 texture(s) processed!

[textures\waterfalltest.tga]
Running Texture Compiler...
Processed: 1
1 texture(s) processed!

[textures\waterfalltest2.tga]
Running Texture Compiler...
Processed: 1
1 texture(s) processed!

[textures\waterfalltest3.tga]
Running Texture Compiler...
Processed: 1
1 texture(s) processed!

[textures\waterfalltestspray.tga]
Running Texture Compiler...
Processed: 1
1 texture(s) processed!

[textures\waterfalltestspray2.tga]
Running Texture Compiler...
Processed: 1
1 texture(s) processed!

[textures\watermark(small).tga]
Running Texture Compiler...
Processed: 1
1 texture(s) processed!

[textures\watermark.tga]
Running Texture Compiler...
Processed: 1
1 texture(s) processed!

[textures\wave crest.tga]
Running Texture Compiler...
Processed: 1
1 texture(s) processed!

[textures\wave crest2.tga]
Running Texture Compiler...
Processed: 1
1 texture(s) processed!

[textures\waypoint.tga]
Running Texture Compiler...
Processed: 1
1 texture(s) processed!

[textures\weapon polyphemus club.tga]
Running Texture Compiler...
Processed: 1
1 texture(s) processed!

[textures\world a atlantis walls map.tga]
Running Texture Compiler...
Processed: 1
1 texture(s) processed!

[textures\world a atlantis.tga]
Running Texture Compiler...
Processed: 1
1 texture(s) processed!

[textures\world a atlantisb.tga]
Running Texture Compiler...
Processed: 1
1 texture(s) processed!

[textures\world a atlantisc.tga]
Running Texture Compiler...
Processed: 1
1 texture(s) processed!

[textures\world a avalanche.tga]
Running Texture Compiler...
Processed: 1
1 texture(s) processed!

[textures\world a barrels map.tga]
Running Texture Compiler...
Processed: 1
1 texture(s) processed!

[textures\world a berries decal map.tga]
Running Texture Compiler...
Processed: 1
1 texture(s) processed!

[textures\world a berries shadow map.tga]
Running Texture Compiler...
Processed: 1
1 texture(s) processed!

[textures\world a berries.tga]
Running Texture Compiler...
Processed: 1
1 texture(s) processed!

[textures\world a bolder wall ground.tga]
Running Texture Compiler...
Processed: 1
1 texture(s) processed!

[textures\world a bouy.tga]
Running Texture Compiler...
Processed: 1
1 texture(s) processed!

[textures\world a breastplate map.tga]
Running Texture Compiler...
Processed: 1
1 texture(s) processed!

[textures\world a bridge wood.tga]
Running Texture Compiler...
Processed: 1
1 texture(s) processed!

[textures\world a bush a shadow map.tga]
Running Texture Compiler...
Processed: 1
1 texture(s) processed!

[textures\world a bush d shadow map.tga]
Running Texture Compiler...
Processed: 1
1 texture(s) processed!

[textures\world a bush short map.tga]
Running Texture Compiler...
Processed: 1
1 texture(s) processed!

[textures\world a bush.tga]
Running Texture Compiler...
Processed: 1
1 texture(s) processed!

[textures\world a campfire decal.tga]
Running Texture Compiler...
Processed: 1
1 texture(s) processed!

[textures\world a campfire.tga]
Running Texture Compiler...
Processed: 1
1 texture(s) processed!

[textures\world a digsite.tga]
Running Texture Compiler...
Processed: 1
1 texture(s) processed!

[textures\world a excavation 00 shadow map.tga]
Running Texture Compiler...
Processed: 1
1 texture(s) processed!

[textures\world a excavation 100 shadow map.tga]
Running Texture Compiler...
Processed: 1
1 texture(s) processed!

[textures\world a excavation sword.tga]
Running Texture Compiler...
Processed: 1
1 texture(s) processed!

[textures\world a farm cabbage ground map.tga]
Running Texture Compiler...
Processed: 1
1 texture(s) processed!

[textures\world a farm cabbage ground map_gloss.tga]
Running Texture Compiler...
Processed: 1
1 texture(s) processed!

[textures\world a farm cabbage ground map_nm.tga]
Running Texture Compiler...
Processed: 1
1 texture(s) processed!

[textures\world a farm cabbage ground map_spec.tga]
Running Texture Compiler...
Processed: 1
1 texture(s) processed!

[textures\world a farm cabbage ground map1.tga]
Running Texture Compiler...
Processed: 1
1 texture(s) processed!

[textures\world a farm cabbage ground map1_gloss.tga]
Running Texture Compiler...
Processed: 1
1 texture(s) processed!

[textures\world a farm cabbage ground map1_nm.tga]
Running Texture Compiler...
Processed: 1
1 texture(s) processed!

[textures\world a farm cabbage ground map1_spec.tga]
Running Texture Compiler...
Processed: 1
1 texture(s) processed!

[textures\world a farm cabbage ground map2.tga]
Running Texture Compiler...
Processed: 1
1 texture(s) processed!

[textures\world a farm cabbage ground map2_gloss.tga]
Running Texture Compiler...
Processed: 1
1 texture(s) processed!

[textures\world a farm cabbage ground map2_nm.tga]
Running Texture Compiler...
Processed: 1
1 texture(s) processed!

[textures\world a farm cabbage ground map2_spec.tga]
Running Texture Compiler...
Processed: 1
1 texture(s) processed!

[textures\world a farm cabbage ground map3.tga]
Running Texture Compiler...
Processed: 1
1 texture(s) processed!

[textures\world a farm cabbage ground map3_gloss.tga]
Running Texture Compiler...
Processed: 1
1 texture(s) processed!

[textures\world a farm cabbage ground map3_nm.tga]
Running Texture Compiler...
Processed: 1
1 texture(s) processed!

[textures\world a farm cabbage ground map3_spec.tga]
Running Texture Compiler...
Processed: 1
1 texture(s) processed!

[textures\world a farm cabbage ground map4.tga]
Running Texture Compiler...
Processed: 1
1 texture(s) processed!

[textures\world a farm cabbage ground map4_gloss.tga]
Running Texture Compiler...
Processed: 1
1 texture(s) processed!

[textures\world a farm cabbage ground map4_nm.tga]
Running Texture Compiler...
Processed: 1
1 texture(s) processed!

[textures\world a farm cabbage ground map4_spec.tga]
Running Texture Compiler...
Processed: 1
1 texture(s) processed!

[textures\world a farm cabbage selection map.tga]
Running Texture Compiler...
Processed: 1
1 texture(s) processed!

[textures\world a farm cabbage01.tga]
Running Texture Compiler...
Processed: 1
1 texture(s) processed!

[textures\world a farm cabbage01_gloss.tga]
Running Texture Compiler...
Processed: 1
1 texture(s) processed!

[textures\world a farm cabbage01_nm.tga]
Running Texture Compiler...
Processed: 1
1 texture(s) processed!

[textures\world a farm cabbage01_spec.tga]
Running Texture Compiler...
Processed: 1
1 texture(s) processed!

[textures\world a farm cabbage02.tga]
Running Texture Compiler...
Processed: 1
1 texture(s) processed!

[textures\world a farm cabbage02_gloss.tga]
Running Texture Compiler...
Processed: 1
1 texture(s) processed!

[textures\world a farm cabbage02_nm.tga]
Running Texture Compiler...
Processed: 1
1 texture(s) processed!

[textures\world a farm cabbage02_spec.tga]
Running Texture Compiler...
Processed: 1
1 texture(s) processed!

[textures\world a farm cabbage03.tga]
Running Texture Compiler...
Processed: 1
1 texture(s) processed!

[textures\world a farm cabbage03_gloss.tga]
Running Texture Compiler...
Processed: 1
1 texture(s) processed!

[textures\world a farm cabbage03_nm.tga]
Running Texture Compiler...
Processed: 1
1 texture(s) processed!

[textures\world a farm cabbage03_spec.tga]
Running Texture Compiler...
Processed: 1
1 texture(s) processed!

[textures\world a farm cabbage04.tga]
Running Texture Compiler...
Processed: 1
1 texture(s) processed!

[textures\world a farm cabbage04_gloss.tga]
Running Texture Compiler...
Processed: 1
1 texture(s) processed!

[textures\world a farm cabbage04_nm.tga]
Running Texture Compiler...
Processed: 1
1 texture(s) processed!

[textures\world a farm cabbage04_spec.tga]
Running Texture Compiler...
Processed: 1
1 texture(s) processed!

[textures\world a farm fertile plants.tga]
Running Texture Compiler...
Processed: 1
1 texture(s) processed!

[textures\world a farm fertile plants_gloss.tga]
Running Texture Compiler...
Processed: 1
1 texture(s) processed!

[textures\world a farm fertile plants_nm.tga]
Running Texture Compiler...
Processed: 1
1 texture(s) processed!

[textures\world a farm fertile plants_spec.tga]
Running Texture Compiler...
Processed: 1
1 texture(s) processed!

[textures\world a farm ground map.tga]
Running Texture Compiler...
Processed: 1
1 texture(s) processed!

[textures\world a farm plants map.tga]
Running Texture Compiler...
Processed: 1
1 texture(s) processed!

[textures\world a fence stone.tga]
Running Texture Compiler...
Processed: 1
1 texture(s) processed!

[textures\world a fence wood.tga]
Running Texture Compiler...
Processed: 1
1 texture(s) processed!

[textures\world a firewood large shadow.tga]
Running Texture Compiler...
Processed: 1
1 texture(s) processed!

[textures\world a firewood medium shadow.tga]
Running Texture Compiler...
Processed: 1
1 texture(s) processed!

[textures\world a firewood small shadow.tga]
Running Texture Compiler...
Processed: 1
1 texture(s) processed!

[textures\world a firewood.tga]
Running Texture Compiler...
Processed: 1
1 texture(s) processed!

[textures\world a flowers.tga]
Running Texture Compiler...
Processed: 1
1 texture(s) processed!

[textures\world a fountain.tga]
Running Texture Compiler...
Processed: 1
1 texture(s) processed!

[textures\world a gold bin.tga]
Running Texture Compiler...
Processed: 1
1 texture(s) processed!

[textures\world a gold decal map.tga]
Running Texture Compiler...
Processed: 1
1 texture(s) processed!

[textures\world a gold map.tga]
Running Texture Compiler...
Processed: 1
1 texture(s) processed!

[textures\world a gold map_emissive.tga]
Running Texture Compiler...
Processed: 1
1 texture(s) processed!

[textures\world a gold shadow map.tga]
Running Texture Compiler...
Processed: 1
1 texture(s) processed!

[textures\world a grass decal map.tga]
Running Texture Compiler...
Processed: 1
1 texture(s) processed!

[textures\world a grass map.tga]
Running Texture Compiler...
Processed: 1
1 texture(s) processed!

[textures\world a grass shadow map.tga]
Running Texture Compiler...
Processed: 1
1 texture(s) processed!

[textures\world a grassbrown shadow.tga]
Running Texture Compiler...
Processed: 1
1 texture(s) processed!

[textures\world a grassbrown.tga]
Running Texture Compiler...
Processed: 1
1 texture(s) processed!

[textures\world a ground debris large.tga]
Running Texture Compiler...
Processed: 1
1 texture(s) processed!

[textures\world a ground debris medium.tga]
Running Texture Compiler...
Processed: 1
1 texture(s) processed!

[textures\world a ground debris small.tga]
Running Texture Compiler...
Processed: 1
1 texture(s) processed!

[textures\world a iron fence.tga]
Running Texture Compiler...
Processed: 1
1 texture(s) processed!

[textures\world a jade decal map.tga]
Running Texture Compiler...
Processed: 1
1 texture(s) processed!

[textures\world a jade map.tga]
Running Texture Compiler...
Processed: 1
1 texture(s) processed!

[textures\world a jade map_emissive.tga]
Running Texture Compiler...
Processed: 1
1 texture(s) processed!

[textures\world a papyrus shadow map.tga]
Running Texture Compiler...
Processed: 1
1 texture(s) processed!

[textures\world a papyrus.tga]
Running Texture Compiler...
Processed: 1
1 texture(s) processed!

[textures\world a props 1.tga]
Running Texture Compiler...
Processed: 1
1 texture(s) processed!

[textures\world a raft.tga]
Running Texture Compiler...
Processed: 1
1 texture(s) processed!

[textures\world a reeds decal map.tga]
Running Texture Compiler...
Processed: 1
1 texture(s) processed!

[textures\world a reeds map.tga]
Running Texture Compiler...
Processed: 1
1 texture(s) processed!

[textures\world a reeds shadow map.tga]
Running Texture Compiler...
Processed: 1
1 texture(s) processed!

[textures\world a relic armor of achilles.tga]
Running Texture Compiler...
Processed: 1
1 texture(s) processed!

[textures\world a relic arrows of the alfar.tga]
Running Texture Compiler...
Processed: 1
1 texture(s) processed!

[textures\world a relic eye of horus.tga]
Running Texture Compiler...
Processed: 1
1 texture(s) processed!

[textures\world a relic fetters of fenrir.tga]
Running Texture Compiler...
Processed: 1
1 texture(s) processed!

[textures\world a relic golden bridle of pegasus.tga]
Running Texture Compiler...
Processed: 1
1 texture(s) processed!

[textures\world a relic head of orpheus.tga]
Running Texture Compiler...
Processed: 1
1 texture(s) processed!

[textures\world a relic kithara of apollo.tga]
Running Texture Compiler...
Processed: 1
1 texture(s) processed!

[textures\world a relic monkey.tga]
Running Texture Compiler...
Processed: 1
1 texture(s) processed!

[textures\world a relic ring of the nibelung.tga]
Running Texture Compiler...
Processed: 1
1 texture(s) processed!

[textures\world a relic ship of fingernails.tga]
Running Texture Compiler...
Processed: 1
1 texture(s) processed!

[textures\world a relic standard.tga]
Running Texture Compiler...
Processed: 1
1 texture(s) processed!

[textures\world a relic the wedjat eye.tga]
Running Texture Compiler...
Processed: 1
1 texture(s) processed!

[textures\world a repeat map.tga]
Running Texture Compiler...
Processed: 1
1 texture(s) processed!

[textures\world a riverrocks decal map.tga]
Running Texture Compiler...
Processed: 1
1 texture(s) processed!

[textures\world a riverrocks map.tga]
Running Texture Compiler...
Processed: 1
1 texture(s) processed!

[textures\world a riverrocks shadow map.tga]
Running Texture Compiler...
Processed: 1
1 texture(s) processed!

[textures\world a road 4 intersection.tga]
Running Texture Compiler...
Processed: 1
1 texture(s) processed!

[textures\world a road corner.tga]
Running Texture Compiler...
Processed: 1
1 texture(s) processed!

[textures\world a road end.tga]
Running Texture Compiler...
Processed: 1
1 texture(s) processed!

[textures\world a road straight.tga]
Running Texture Compiler...
Processed: 1
1 texture(s) processed!

[textures\world a road t section.tga]
Running Texture Compiler...
Processed: 1
1 texture(s) processed!

[textures\world a roasting pig.tga]
Running Texture Compiler...
Processed: 1
1 texture(s) processed!

[textures\world a rock sprite brown a.tga]
Running Texture Compiler...
Processed: 1
1 texture(s) processed!

[textures\world a rock sprite brown b.tga]
Running Texture Compiler...
Processed: 1
1 texture(s) processed!

[textures\world a rock sprite brown c.tga]
Running Texture Compiler...
Processed: 1
1 texture(s) processed!

[textures\world a rock sprite brown d.tga]
Running Texture Compiler...
Processed: 1
1 texture(s) processed!

[textures\world a rock sprite brown e.tga]
Running Texture Compiler...
Processed: 1
1 texture(s) processed!

[textures\world a rock sprite dirt a.tga]
Running Texture Compiler...
Processed: 1
1 texture(s) processed!

[textures\world a rock sprite dirt b.tga]
Running Texture Compiler...
Processed: 1
1 texture(s) processed!

[textures\world a rock sprite dirt c.tga]
Running Texture Compiler...
Processed: 1
1 texture(s) processed!

[textures\world a rock sprite dirt d.tga]
Running Texture Compiler...
Processed: 1
1 texture(s) processed!

[textures\world a rock sprite dirt e.tga]
Running Texture Compiler...
Processed: 1
1 texture(s) processed!

[textures\world a rock sprite dkgrey snow a.tga]
Running Texture Compiler...
Processed: 1
1 texture(s) processed!

[textures\world a rock sprite dkgrey snow b.tga]
Running Texture Compiler...
Processed: 1
1 texture(s) processed!

[textures\world a rock sprite dkgrey snow c.tga]
Running Texture Compiler...
Processed: 1
1 texture(s) processed!

[textures\world a rock sprite dkgrey snow d.tga]
Running Texture Compiler...
Processed: 1
1 texture(s) processed!

[textures\world a rock sprite dkgrey snow e.tga]
Running Texture Compiler...
Processed: 1
1 texture(s) processed!

[textures\world a rock sprite grey a.tga]
Running Texture Compiler...
Processed: 1
1 texture(s) processed!

[textures\world a rock sprite grey b.tga]
Running Texture Compiler...
Processed: 1
1 texture(s) processed!

[textures\world a rock sprite grey c.tga]
Running Texture Compiler...
Processed: 1
1 texture(s) processed!

[textures\world a rock sprite grey d.tga]
Running Texture Compiler...
Processed: 1
1 texture(s) processed!

[textures\world a rock sprite grey e.tga]
Running Texture Compiler...
Processed: 1
1 texture(s) processed!

[textures\world a rock sprite overgrown a.tga]
Running Texture Compiler...
Processed: 1
1 texture(s) processed!

[textures\world a rock sprite overgrown b.tga]
Running Texture Compiler...
Processed: 1
1 texture(s) processed!

[textures\world a rock sprite overgrown c.tga]
Running Texture Compiler...
Processed: 1
1 texture(s) processed!

[textures\world a rock sprite overgrown d.tga]
Running Texture Compiler...
Processed: 1
1 texture(s) processed!

[textures\world a rock sprite overgrown e.tga]
Running Texture Compiler...
Processed: 1
1 texture(s) processed!

[textures\world a rock sprites map.tga]
Running Texture Compiler...
Processed: 1
1 texture(s) processed!

[textures\world a rocks decal map.tga]
Running Texture Compiler...
Processed: 1
1 texture(s) processed!

[textures\world a rocks map.tga]
Running Texture Compiler...
Processed: 1
1 texture(s) processed!

[textures\world a rocks map2.tga]
Running Texture Compiler...
Processed: 1
1 texture(s) processed!

[textures\world a rocks shadow map.tga]
Running Texture Compiler...
Processed: 1
1 texture(s) processed!

[textures\world a rocks underworld.tga]
Running Texture Compiler...
Processed: 1
1 texture(s) processed!

[textures\world a rotting log shadow.tga]
Running Texture Compiler...
Processed: 1
1 texture(s) processed!

[textures\world a rottinglog shadow.tga]
Running Texture Compiler...
Processed: 1
1 texture(s) processed!

[textures\world a rottinglog.tga]
Running Texture Compiler...
Processed: 1
1 texture(s) processed!

[textures\world a seaweed decal.tga]
Running Texture Compiler...
Processed: 1
1 texture(s) processed!

[textures\world a seaweed shadow.tga]
Running Texture Compiler...
Processed: 1
1 texture(s) processed!

[textures\world a seaweed.tga]
Running Texture Compiler...
Processed: 1
1 texture(s) processed!

[textures\world a sign.tga]
Running Texture Compiler...
Processed: 1
1 texture(s) processed!

[textures\world a skeleton.tga]
Running Texture Compiler...
Processed: 1
1 texture(s) processed!

[textures\world a stalagmite.tga]
Running Texture Compiler...
Processed: 1
1 texture(s) processed!

[textures\world a stick shadow map.tga]
Running Texture Compiler...
Processed: 1
1 texture(s) processed!

[textures\world a stone blocks shadow.tga]
Running Texture Compiler...
Processed: 1
1 texture(s) processed!

[textures\world a stone blocks.tga]
Running Texture Compiler...
Processed: 1
1 texture(s) processed!

[textures\world a tamarisk branch.tga]
Running Texture Compiler...
Processed: 1
1 texture(s) processed!

[textures\world a tamarisk tree decal.tga]
Running Texture Compiler...
Processed: 1
1 texture(s) processed!

[textures\world a tamarisk tree leaf.tga]
Running Texture Compiler...
Processed: 1
1 texture(s) processed!

[textures\world a tamarisk tree light wood.tga]
Running Texture Compiler...
Processed: 1
1 texture(s) processed!

[textures\world a tamarisk tree shadow.tga]
Running Texture Compiler...
Processed: 1
1 texture(s) processed!

[textures\world a tamarisk tree.tga]
Running Texture Compiler...
Processed: 1
1 texture(s) processed!

[textures\world a tanrack.tga]
Running Texture Compiler...
Processed: 1
1 texture(s) processed!

[textures\world a taproot decal.tga]
Running Texture Compiler...
Processed: 1
1 texture(s) processed!

[textures\world a taproot insides.tga]
Running Texture Compiler...
Processed: 1
1 texture(s) processed!

[textures\world a taproot large decal.tga]
Running Texture Compiler...
Processed: 1
1 texture(s) processed!

[textures\world a taproot large shadow.tga]
Running Texture Compiler...
Processed: 1
1 texture(s) processed!

[textures\world a taproot large.tga]
Running Texture Compiler...
Processed: 1
1 texture(s) processed!

[textures\world a taproot shadow.tga]
Running Texture Compiler...
Processed: 1
1 texture(s) processed!

[textures\world a taproot small decal.tga]
Running Texture Compiler...
Processed: 1
1 texture(s) processed!

[textures\world a taproot small shadow.tga]
Running Texture Compiler...
Processed: 1
1 texture(s) processed!

[textures\world a tents map.tga]
Running Texture Compiler...
Processed: 1
1 texture(s) processed!

[textures\world a tree roots map.tga]
Running Texture Compiler...
Processed: 1
1 texture(s) processed!

[textures\world a tsunami range indicator.tga]
Running Texture Compiler...
Processed: 1
1 texture(s) processed!

[textures\world a tunnel decal.tga]
Running Texture Compiler...
Processed: 1
1 texture(s) processed!

[textures\world a tunnel shadow.tga]
Running Texture Compiler...
Processed: 1
1 texture(s) processed!

[textures\world a underworld crator.tga]
Running Texture Compiler...
Processed: 1
1 texture(s) processed!

[textures\world a underworld decal shadow map.tga]
Running Texture Compiler...
Processed: 1
1 texture(s) processed!

[textures\world a underworld passage color transform.tga]
Running Texture Compiler...
Processed: 1
1 texture(s) processed!

[textures\world a underworld passage crator.tga]
Running Texture Compiler...
Processed: 1
1 texture(s) processed!

[textures\world a underworld passage rock.tga]
Running Texture Compiler...
Processed: 1
1 texture(s) processed!

[textures\world a underworld rock.tga]
Running Texture Compiler...
Processed: 1
1 texture(s) processed!

[textures\world a underworld rocks decal map.tga]
Running Texture Compiler...
Processed: 1
1 texture(s) processed!

[textures\world a underworld rocks shadow map.tga]
Running Texture Compiler...
Processed: 1
1 texture(s) processed!

[textures\world a waterfall blue water.tga]
Running Texture Compiler...
Processed: 1
1 texture(s) processed!

[textures\world a waterfall rocks limestone.tga]
Running Texture Compiler...
Processed: 1
1 texture(s) processed!

[textures\world a waterfall top water.tga]
Running Texture Compiler...
Processed: 1
1 texture(s) processed!

[textures\world a waterfall white water.tga]
Running Texture Compiler...
Processed: 1
1 texture(s) processed!

[textures\world a waterlilly shadow.tga]
Running Texture Compiler...
Processed: 1
1 texture(s) processed!

[textures\world a waypoint flag.tga]
Running Texture Compiler...
Processed: 1
1 texture(s) processed!

[textures\world c bamboo tree burnt.tga]
Running Texture Compiler...
Processed: 1
1 texture(s) processed!

[textures\world c bamboo tree.tga]
Running Texture Compiler...
Processed: 1
1 texture(s) processed!

[textures\world c dam.tga]
Running Texture Compiler...
Processed: 1
1 texture(s) processed!

[textures\world c flag.tga]
Running Texture Compiler...
Processed: 1
1 texture(s) processed!

[textures\world c jungle palm burnt.tga]
Running Texture Compiler...
Processed: 1
1 texture(s) processed!

[textures\world c jungle palm.tga]
Running Texture Compiler...
Processed: 1
1 texture(s) processed!

[textures\world c jungle tree burnt.tga]
Running Texture Compiler...
Processed: 1
1 texture(s) processed!

[textures\world c jungle tree.tga]
Running Texture Compiler...
Processed: 1
1 texture(s) processed!

[textures\world c statue fuxi head.tga]
Running Texture Compiler...
Processed: 1
1 texture(s) processed!

[textures\world c statue fuxi.tga]
Running Texture Compiler...
Processed: 1
1 texture(s) processed!

[textures\world c statue nuwa stand.tga]
Running Texture Compiler...
Processed: 1
1 texture(s) processed!

[textures\world c statue nuwa.tga]
Running Texture Compiler...
Processed: 1
1 texture(s) processed!

[textures\world c statue shennong head.tga]
Running Texture Compiler...
Processed: 1
1 texture(s) processed!

[textures\world c statue shennong.tga]
Running Texture Compiler...
Processed: 1
1 texture(s) processed!

[textures\world e brazier map.tga]
Running Texture Compiler...
Processed: 1
1 texture(s) processed!

[textures\world e catapult broken shadow map.tga]
Running Texture Compiler...
Processed: 1
1 texture(s) processed!

[textures\world e column.tga]
Running Texture Compiler...
Processed: 1
1 texture(s) processed!

[textures\world e flag.tga]
Running Texture Compiler...
Processed: 1
1 texture(s) processed!

[textures\world e fountain spray map.tga]
Running Texture Compiler...
Processed: 1
1 texture(s) processed!

[textures\world e fountain.tga]
Running Texture Compiler...
Processed: 1
1 texture(s) processed!

[textures\world e garrison flag.tga]
Running Texture Compiler...
Processed: 1
1 texture(s) processed!

[textures\world e milestone.tga]
Running Texture Compiler...
Processed: 1
1 texture(s) processed!

[textures\world e palm burnt.tga]
Running Texture Compiler...
Processed: 1
1 texture(s) processed!

[textures\world e palm decal map.tga]
Running Texture Compiler...
Processed: 1
1 texture(s) processed!

[textures\world e palm map.tga]
Running Texture Compiler...
Processed: 1
1 texture(s) processed!

[textures\world e palm mapb.tga]
Running Texture Compiler...
Processed: 1
1 texture(s) processed!

[textures\world e palm shadow map.tga]
Running Texture Compiler...
Processed: 1
1 texture(s) processed!

[textures\world e palm sprite map.tga]
Running Texture Compiler...
Processed: 1
1 texture(s) processed!

[textures\world e palm stump decal map.tga]
Running Texture Compiler...
Processed: 1
1 texture(s) processed!

[textures\world e palm stump shadow map.tga]
Running Texture Compiler...
Processed: 1
1 texture(s) processed!

[textures\world e rugs.tga]
Running Texture Compiler...
Processed: 1
1 texture(s) processed!

[textures\world e savannah burnt map.tga]
Running Texture Compiler...
Processed: 1
1 texture(s) processed!

[textures\world e savannah map.tga]
Running Texture Compiler...
Processed: 1
1 texture(s) processed!

[textures\world e statue anubite base.tga]
Running Texture Compiler...
Processed: 1
1 texture(s) processed!

[textures\world e statue anubite.tga]
Running Texture Compiler...
Processed: 1
1 texture(s) processed!

[textures\world e statue isis sprite.tga]
Running Texture Compiler...
Processed: 1
1 texture(s) processed!

[textures\world e statue isis.tga]
Running Texture Compiler...
Processed: 1
1 texture(s) processed!

[textures\world e statue ra sprite.tga]
Running Texture Compiler...
Processed: 1
1 texture(s) processed!

[textures\world e statue ra.tga]
Running Texture Compiler...
Processed: 1
1 texture(s) processed!

[textures\world e statue set sprite.tga]
Running Texture Compiler...
Processed: 1
1 texture(s) processed!

[textures\world e statue set.tga]
Running Texture Compiler...
Processed: 1
1 texture(s) processed!

[textures\world e tent shadow map.tga]
Running Texture Compiler...
Processed: 1
1 texture(s) processed!

[textures\world e tent.tga]
Running Texture Compiler...
Processed: 1
1 texture(s) processed!

[textures\world e torch.tga]
Running Texture Compiler...
Processed: 1
1 texture(s) processed!

[textures\world e weapons 1 shadow map.tga]
Running Texture Compiler...
Processed: 1
1 texture(s) processed!

[textures\world e weapons 2 shadow map.tga]
Running Texture Compiler...
Processed: 1
1 texture(s) processed!

[textures\world e weapons 3 shadow map.tga]
Running Texture Compiler...
Processed: 1
1 texture(s) processed!

[textures\world e weapons 4 shadow map.tga]
Running Texture Compiler...
Processed: 1
1 texture(s) processed!

[textures\world g aspen burnt map.tga]
Running Texture Compiler...
Processed: 1
1 texture(s) processed!

[textures\world g aspen.tga]
Running Texture Compiler...
Processed: 1
1 texture(s) processed!

[textures\world g brazier map.tga]
Running Texture Compiler...
Processed: 1
1 texture(s) processed!

[textures\world g column.tga]
Running Texture Compiler...
Processed: 1
1 texture(s) processed!

[textures\world g flag.tga]
Running Texture Compiler...
Processed: 1
1 texture(s) processed!

[textures\world g fountain.tga]
Running Texture Compiler...
Processed: 1
1 texture(s) processed!

[textures\world g garrison flag.tga]
Running Texture Compiler...
Processed: 1
1 texture(s) processed!

[textures\world g hades temple.tga]
Running Texture Compiler...
Processed: 1
1 texture(s) processed!

[textures\world g helmet map.tga]
Running Texture Compiler...
Processed: 1
1 texture(s) processed!

[textures\world g milestone.tga]
Running Texture Compiler...
Processed: 1
1 texture(s) processed!

[textures\world g oak burnt.tga]
Running Texture Compiler...
Processed: 1
1 texture(s) processed!

[textures\world g oak cinematic map.tga]
Running Texture Compiler...
Processed: 1
1 texture(s) processed!

[textures\world g oak decal map.tga]
Running Texture Compiler...
Processed: 1
1 texture(s) processed!

[textures\world g oak mapb.tga]
Running Texture Compiler...
Processed: 1
1 texture(s) processed!

[textures\world g oak shadow map.tga]
Running Texture Compiler...
Processed: 1
1 texture(s) processed!

[textures\world g oak sprite b.tga]
Running Texture Compiler...
Processed: 1
1 texture(s) processed!

[textures\world g oak sprite map.tga]
Running Texture Compiler...
Processed: 1
1 texture(s) processed!

[textures\world g oak stump burnt decal map.tga]
Running Texture Compiler...
Processed: 1
1 texture(s) processed!

[textures\world g oak stump burnt shadow map.tga]
Running Texture Compiler...
Processed: 1
1 texture(s) processed!

[textures\world g oak stump decal map.tga]
Running Texture Compiler...
Processed: 1
1 texture(s) processed!

[textures\world g oak stump shadow map.tga]
Running Texture Compiler...
Processed: 1
1 texture(s) processed!

[textures\world g oaktree all map.tga]
Running Texture Compiler...
Processed: 1
1 texture(s) processed!

[textures\world g petrobolos broken shadow map.tga]
Running Texture Compiler...
Processed: 1
1 texture(s) processed!

[textures\world g shrine map.tga]
Running Texture Compiler...
Processed: 1
1 texture(s) processed!

[textures\world g statue base.tga]
Running Texture Compiler...
Processed: 1
1 texture(s) processed!

[textures\world g statue chimera tail.tga]
Running Texture Compiler...
Processed: 1
1 texture(s) processed!

[textures\world g statue chimera.tga]
Running Texture Compiler...
Processed: 1
1 texture(s) processed!

[textures\world g statue colossus base.tga]
Running Texture Compiler...
Processed: 1
1 texture(s) processed!

[textures\world g statue colossus.tga]
Running Texture Compiler...
Processed: 1
1 texture(s) processed!

[textures\world g statue cyclops.tga]
Running Texture Compiler...
Processed: 1
1 texture(s) processed!

[textures\world g statue hades sprite.tga]
Running Texture Compiler...
Processed: 1
1 texture(s) processed!

[textures\world g statue hades.tga]
Running Texture Compiler...
Processed: 1
1 texture(s) processed!

[textures\world g statue hydra.tga]
Running Texture Compiler...
Processed: 1
1 texture(s) processed!

[textures\world g statue minotaur axe.tga]
Running Texture Compiler...
Processed: 1
1 texture(s) processed!

[textures\world g statue minotaur.tga]
Running Texture Compiler...
Processed: 1
1 texture(s) processed!

[textures\world g statue poseidon base.tga]
Running Texture Compiler...
Processed: 1
1 texture(s) processed!

[textures\world g statue poseidon sprite.tga]
Running Texture Compiler...
Processed: 1
1 texture(s) processed!

[textures\world g statue poseidon trident.tga]
Running Texture Compiler...
Processed: 1
1 texture(s) processed!

[textures\world g statue poseidon.tga]
Running Texture Compiler...
Processed: 1
1 texture(s) processed!

[textures\world g statue zeus seated.tga]
Running Texture Compiler...
Processed: 1
1 texture(s) processed!

[textures\world g statue zeus sprite.tga]
Running Texture Compiler...
Processed: 1
1 texture(s) processed!

[textures\world g statue zeus.tga]
Running Texture Compiler...
Processed: 1
1 texture(s) processed!

[textures\world g tent shadow map.tga]
Running Texture Compiler...
Processed: 1
1 texture(s) processed!

[textures\world g tent.tga]
Running Texture Compiler...
Processed: 1
1 texture(s) processed!

[textures\world g torch.tga]
Running Texture Compiler...
Processed: 1
1 texture(s) processed!

[textures\world g weapons 1 shadow map.tga]
Running Texture Compiler...
Processed: 1
1 texture(s) processed!

[textures\world g weapons 2 shadow map.tga]
Running Texture Compiler...
Processed: 1
1 texture(s) processed!

[textures\world g weapons 3 shadow map.tga]
Running Texture Compiler...
Processed: 1
1 texture(s) processed!

[textures\world g weapons 4 shadow map.tga]
Running Texture Compiler...
Processed: 1
1 texture(s) processed!

[textures\world g zues uwpassage shadow.tga]
Running Texture Compiler...
Processed: 1
1 texture(s) processed!

[textures\world g zues uwpassage.tga]
Running Texture Compiler...
Processed: 1
1 texture(s) processed!

[textures\world g zuesstairs.tga]
Running Texture Compiler...
Processed: 1
1 texture(s) processed!

[textures\world m marsh stump decal.tga]
Running Texture Compiler...
Processed: 1
1 texture(s) processed!

[textures\world m marsh stump shadow.tga]
Running Texture Compiler...
Processed: 1
1 texture(s) processed!

[textures\world m marsh tree burnt map.tga]
Running Texture Compiler...
Processed: 1
1 texture(s) processed!

[textures\world m marsh tree decal.tga]
Running Texture Compiler...
Processed: 1
1 texture(s) processed!

[textures\world m marsh tree shadow.tga]
Running Texture Compiler...
Processed: 1
1 texture(s) processed!

[textures\world m marsh tree.tga]
Running Texture Compiler...
Processed: 1
1 texture(s) processed!

[textures\world n ballista broken shadow map.tga]
Running Texture Compiler...
Processed: 1
1 texture(s) processed!

[textures\world n brazier map.tga]
Running Texture Compiler...
Processed: 1
1 texture(s) processed!

[textures\world n column.tga]
Running Texture Compiler...
Processed: 1
1 texture(s) processed!

[textures\world n flag.tga]
Running Texture Compiler...
Processed: 1
1 texture(s) processed!

[textures\world n fountain.tga]
Running Texture Compiler...
Processed: 1
1 texture(s) processed!

[textures\world n garrison flag.tga]
Running Texture Compiler...
Processed: 1
1 texture(s) processed!

[textures\world n loki statue map.tga]
Running Texture Compiler...
Processed: 1
1 texture(s) processed!

[textures\world n milestone.tga]
Running Texture Compiler...
Processed: 1
1 texture(s) processed!

[textures\world n odin statue antlers map.tga]
Running Texture Compiler...
Processed: 1
1 texture(s) processed!

[textures\world n odin statue map.tga]
Running Texture Compiler...
Processed: 1
1 texture(s) processed!

[textures\world n pine burnt.tga]
Running Texture Compiler...
Processed: 1
1 texture(s) processed!

[textures\world n pine decal map.tga]
Running Texture Compiler...
Processed: 1
1 texture(s) processed!

[textures\world n pine map.tga]
Running Texture Compiler...
Processed: 1
1 texture(s) processed!

[textures\world n pine map2 dead tree.tga]
Running Texture Compiler...
Processed: 1
1 texture(s) processed!

[textures\world n pine map2.tga]
Running Texture Compiler...
Processed: 1
1 texture(s) processed!

[textures\world n pine map2snow.tga]
Running Texture Compiler...
Processed: 1
1 texture(s) processed!

[textures\world n pine shadow map.tga]
Running Texture Compiler...
Processed: 1
1 texture(s) processed!

[textures\world n pine sprite b.tga]
Running Texture Compiler...
Processed: 1
1 texture(s) processed!

[textures\world n pine sprite.tga]
Running Texture Compiler...
Processed: 1
1 texture(s) processed!

[textures\world n pine stump decal map.tga]
Running Texture Compiler...
Processed: 1
1 texture(s) processed!

[textures\world n pine stump shadow map.tga]
Running Texture Compiler...
Processed: 1
1 texture(s) processed!

[textures\world n ram broken shadow map.tga]
Running Texture Compiler...
Processed: 1
1 texture(s) processed!

[textures\world n rocksnow map.tga]
Running Texture Compiler...
Processed: 1
1 texture(s) processed!

[textures\world n rocksymbols grass map.tga]
Running Texture Compiler...
Processed: 1
1 texture(s) processed!

[textures\world n rocksymbols map.tga]
Running Texture Compiler...
Processed: 1
1 texture(s) processed!

[textures\world n rocksymbols shadow map.tga]
Running Texture Compiler...
Processed: 1
1 texture(s) processed!

[textures\world n runestone map.tga]
Running Texture Compiler...
Processed: 1
1 texture(s) processed!

[textures\world n runestone shadow map.tga]
Running Texture Compiler...
Processed: 1
1 texture(s) processed!

[textures\world n statue loki sprite.tga]
Running Texture Compiler...
Processed: 1
1 texture(s) processed!

[textures\world n statue loki.tga]
Running Texture Compiler...
Processed: 1
1 texture(s) processed!

[textures\world n statue mountain giant base.tga]
Running Texture Compiler...
Processed: 1
1 texture(s) processed!

[textures\world n statue mountain giant club.tga]
Running Texture Compiler...
Processed: 1
1 texture(s) processed!

[textures\world n statue mountain giant head.tga]
Running Texture Compiler...
Processed: 1
1 texture(s) processed!

[textures\world n statue mountain giant.tga]
Running Texture Compiler...
Processed: 1
1 texture(s) processed!

[textures\world n statue odin sprite.tga]
Running Texture Compiler...
Processed: 1
1 texture(s) processed!

[textures\world n statue odin.tga]
Running Texture Compiler...
Processed: 1
1 texture(s) processed!

[textures\world n statue shadow map.tga]
Running Texture Compiler...
Processed: 1
1 texture(s) processed!

[textures\world n statue thor sprite.tga]
Running Texture Compiler...
Processed: 1
1 texture(s) processed!

[textures\world n statue thor.tga]
Running Texture Compiler...
Processed: 1
1 texture(s) processed!

[textures\world n statue tree stump.tga]
Running Texture Compiler...
Processed: 1
1 texture(s) processed!

[textures\world n tent shadow map.tga]
Running Texture Compiler...
Processed: 1
1 texture(s) processed!

[textures\world n tent.tga]
Running Texture Compiler...
Processed: 1
1 texture(s) processed!

[textures\world n thor statue map.tga]
Running Texture Compiler...
Processed: 1
1 texture(s) processed!

[textures\world n torch.tga]
Running Texture Compiler...
Processed: 1
1 texture(s) processed!

[textures\world n tree all map.tga]
Running Texture Compiler...
Processed: 1
1 texture(s) processed!

[textures\world n tree burning map.tga]
Running Texture Compiler...
Processed: 1
1 texture(s) processed!

[textures\world n tree roots map.tga]
Running Texture Compiler...
Processed: 1
1 texture(s) processed!

[textures\world n weapons 1 shadow map.tga]
Running Texture Compiler...
Processed: 1
1 texture(s) processed!

[textures\world n weapons 2 shadow map.tga]
Running Texture Compiler...
Processed: 1
1 texture(s) processed!

[textures\world n weapons 3 shadow map.tga]
Running Texture Compiler...
Processed: 1
1 texture(s) processed!

[textures\world n weapons 4 shadow map.tga]
Running Texture Compiler...
Processed: 1
1 texture(s) processed!

[textures\world n well of urd ground map b.tga]
Running Texture Compiler...
Processed: 1
1 texture(s) processed!

[textures\world n well of urd ground map.tga]
Running Texture Compiler...
Processed: 1
1 texture(s) processed!

[textures\world n well of urd runes map.tga]
Running Texture Compiler...
Processed: 1
1 texture(s) processed!

[textures\world n well of urd.tga]
Running Texture Compiler...
Processed: 1
1 texture(s) processed!

[textures\world t tundra burnt map.tga]
Running Texture Compiler...
Processed: 1
1 texture(s) processed!

[textures\world t tundra stump decal.tga]
Running Texture Compiler...
Processed: 1
1 texture(s) processed!

[textures\world t tundra stump shadow.tga]
Running Texture Compiler...
Processed: 1
1 texture(s) processed!

[textures\world t tundra tree decal.tga]
Running Texture Compiler...
Processed: 1
1 texture(s) processed!

[textures\world t tundra tree shadow.tga]
Running Texture Compiler...
Processed: 1
1 texture(s) processed!

[textures\world t tundra tree.tga]
Running Texture Compiler...
Processed: 1
1 texture(s) processed!

[textures\world x column brokena shadow.tga]
Running Texture Compiler...
Processed: 1
1 texture(s) processed!

[textures\world x column brokenb shadow.tga]
Running Texture Compiler...
Processed: 1
1 texture(s) processed!

[textures\world x column brokenc shadow.tga]
Running Texture Compiler...
Processed: 1
1 texture(s) processed!

[textures\world x column brokend shadow.tga]
Running Texture Compiler...
Processed: 1
1 texture(s) processed!

[textures\world x column fallen shadow.tga]
Running Texture Compiler...
Processed: 1
1 texture(s) processed!

[textures\world x column shadow.tga]
Running Texture Compiler...
Processed: 1
1 texture(s) processed!

[textures\world x column.tga]
Running Texture Compiler...
Processed: 1
1 texture(s) processed!

[textures\world x earth 01.tga]
Running Texture Compiler...
Processed: 1
1 texture(s) processed!

[textures\world x earth 02.tga]
Running Texture Compiler...
Processed: 1
1 texture(s) processed!

[textures\world x earth 03.tga]
Running Texture Compiler...
Processed: 1
1 texture(s) processed!

[textures\world x earth 04.tga]
Running Texture Compiler...
Processed: 1
1 texture(s) processed!

[textures\world x earth map.tga]
Running Texture Compiler...
Processed: 1
1 texture(s) processed!

[textures\world x gaia  statue map.tga]
Running Texture Compiler...
Processed: 1
1 texture(s) processed!

[textures\world x lava pit.tga]
Running Texture Compiler...
Processed: 1
1 texture(s) processed!

[textures\world x stars map.tga]
Running Texture Compiler...
Processed: 1
1 texture(s) processed!

[textures\world x statue gaia sprite.tga]
Running Texture Compiler...
Processed: 1
1 texture(s) processed!

[textures\world x statue kronos sprite.tga]
Running Texture Compiler...
Processed: 1
1 texture(s) processed!

[textures\world x statue oranos sprite.tga]
Running Texture Compiler...
Processed: 1
1 texture(s) processed!

[textures\world x volcano lava.tga]
Running Texture Compiler...
Processed: 1
1 texture(s) processed!

[textures\world x volcano.tga]
Running Texture Compiler...
Processed: 1
1 texture(s) processed!


Finished: 2026-09-30T14:54:04.8983303-04:00
Compiled: 7486
Excluded: 1
Fallbacks: 1
Failed: 0
Warning tokens: 0
DDTs present: 7486
Missing DDTs: 0
Unexpected DDTs: 0
Actual DDT format byte 10: 2559
Actual DDT format byte 11: 89
Actual DDT format byte 4: 1
Actual DDT format byte 8: 10
Actual DDT format byte 9: 4827
